# Threshold Efficiency
0.006840 0.997222
0.006937 0.997222
0.007034 0.997222
0.007132 0.997222
0.007229 0.994444
0.007326 0.994444
0.007423 0.994444
0.007520 0.994444
0.007617 0.994444
0.007714 0.994444
0.007811 0.991667
0.007909 0.991667
0.008006 0.991667
0.008103 0.991667
0.008200 0.991667
0.008297 0.991667
0.008394 0.991667
0.008491 0.991667
0.008589 0.991667
0.008686 0.991667
0.008783 0.991667
0.008880 0.991667
0.008977 0.991667
0.009074 0.991667
0.009171 0.991667
0.009268 0.991667
0.009366 0.991667
0.009463 0.991667
0.009560 0.991667
0.009657 0.991667
0.009754 0.991667
0.009851 0.991667
0.009948 0.991667
0.010046 0.991667
0.010143 0.991667
0.010240 0.991667
0.010337 0.991667
0.010434 0.991667
0.010531 0.991667
0.010628 0.991667
0.010726 0.991667
0.010823 0.991667
0.010920 0.991667
0.011017 0.991667
0.011114 0.991667
0.011211 0.991667
0.011308 0.991667
0.011405 0.991667
0.011503 0.991667
0.011600 0.991667
0.011697 0.991667
0.011794 0.991667
0.011891 0.991667
0.011988 0.991667
0.012085 0.991667
0.012183 0.988889
0.012280 0.988889
0.012377 0.988889
0.012474 0.988889
0.012571 0.988889
0.012668 0.988889
0.012765 0.986111
0.012862 0.986111
0.012960 0.986111
0.013057 0.986111
0.013154 0.986111
0.013251 0.986111
0.013348 0.986111
0.013445 0.986111
0.013542 0.986111
0.013640 0.986111
0.013737 0.986111
0.013834 0.986111
0.013931 0.986111
0.014028 0.986111
0.014125 0.986111
0.014222 0.986111
0.014319 0.983333
0.014417 0.983333
0.014514 0.983333
0.014611 0.983333
0.014708 0.983333
0.014805 0.983333
0.014902 0.983333
0.014999 0.983333
0.015097 0.983333
0.015194 0.983333
0.015291 0.983333
0.015388 0.980556
0.015485 0.980556
0.015582 0.980556
0.015679 0.977778
0.015776 0.977778
0.015874 0.977778
0.015971 0.977778
0.016068 0.977778
0.016165 0.977778
0.016262 0.977778
0.016359 0.977778
0.016456 0.977778
0.016554 0.977778
0.016651 0.977778
0.016748 0.977778
0.016845 0.977778
0.016942 0.977778
0.017039 0.975000
0.017136 0.975000
0.017234 0.972222
0.017331 0.972222
0.017428 0.972222
0.017525 0.972222
0.017622 0.972222
0.017719 0.969444
0.017816 0.969444
0.017913 0.969444
0.018011 0.969444
0.018108 0.969444
0.018205 0.969444
0.018302 0.969444
0.018399 0.969444
0.018496 0.969444
0.018593 0.969444
0.018691 0.969444
0.018788 0.969444
0.018885 0.966667
0.018982 0.966667
0.019079 0.966667
0.019176 0.966667
0.019273 0.963889
0.019370 0.963889
0.019468 0.961111
0.019565 0.961111
0.019662 0.961111
0.019759 0.961111
0.019856 0.961111
0.019953 0.961111
0.020050 0.961111
0.020148 0.961111
0.020245 0.961111
0.020342 0.961111
0.020439 0.961111
0.020536 0.961111
0.020633 0.961111
0.020730 0.961111
0.020827 0.961111
0.020925 0.961111
0.021022 0.961111
0.021119 0.961111
0.021216 0.958333
0.021313 0.958333
0.021410 0.958333
0.021507 0.958333
0.021605 0.958333
0.021702 0.958333
0.021799 0.958333
0.021896 0.958333
0.021993 0.958333
0.022090 0.958333
0.022187 0.958333
0.022284 0.958333
0.022382 0.958333
0.022479 0.958333
0.022576 0.955556
0.022673 0.955556
0.022770 0.955556
0.022867 0.955556
0.022964 0.955556
0.023062 0.955556
0.023159 0.955556
0.023256 0.955556
0.023353 0.955556
0.023450 0.955556
0.023547 0.955556
0.023644 0.955556
0.023742 0.955556
0.023839 0.955556
0.023936 0.955556
0.024033 0.955556
0.024130 0.955556
0.024227 0.955556
0.024324 0.955556
0.024421 0.955556
0.024519 0.955556
0.024616 0.955556
0.024713 0.955556
0.024810 0.955556
0.024907 0.955556
0.025004 0.955556
0.025101 0.955556
0.025199 0.955556
0.025296 0.952778
0.025393 0.952778
0.025490 0.952778
0.025587 0.952778
0.025684 0.952778
0.025781 0.952778
0.025878 0.952778
0.025976 0.952778
0.026073 0.952778
0.026170 0.952778
0.026267 0.952778
0.026364 0.952778
0.026461 0.952778
0.026558 0.952778
0.026656 0.952778
0.026753 0.952778
0.026850 0.952778
0.026947 0.952778
0.027044 0.952778
0.027141 0.952778
0.027238 0.952778
0.027335 0.952778
0.027433 0.952778
0.027530 0.952778
0.027627 0.952778
0.027724 0.952778
0.027821 0.952778
0.027918 0.952778
0.028015 0.952778
0.028113 0.952778
0.028210 0.952778
0.028307 0.952778
0.028404 0.952778
0.028501 0.952778
0.028598 0.952778
0.028695 0.952778
0.028793 0.952778
0.028890 0.952778
0.028987 0.952778
0.029084 0.952778
0.029181 0.952778
0.029278 0.952778
0.029375 0.952778
0.029472 0.952778
0.029570 0.952778
0.029667 0.952778
0.029764 0.950000
0.029861 0.950000
0.029958 0.950000
0.030055 0.950000
0.030152 0.950000
0.030250 0.950000
0.030347 0.950000
0.030444 0.950000
0.030541 0.950000
0.030638 0.950000
0.030735 0.950000
0.030832 0.944444
0.030929 0.944444
0.031027 0.944444
0.031124 0.944444
0.031221 0.944444
0.031318 0.941667
0.031415 0.941667
0.031512 0.941667
0.031609 0.941667
0.031707 0.941667
0.031804 0.941667
0.031901 0.941667
0.031998 0.941667
0.032095 0.941667
0.032192 0.941667
0.032289 0.941667
0.032386 0.941667
0.032484 0.941667
0.032581 0.941667
0.032678 0.941667
0.032775 0.941667
0.032872 0.941667
0.032969 0.941667
0.033066 0.941667
0.033164 0.941667
0.033261 0.941667
0.033358 0.941667
0.033455 0.938889
0.033552 0.938889
0.033649 0.938889
0.033746 0.938889
0.033843 0.938889
0.033941 0.938889
0.034038 0.938889
0.034135 0.938889
0.034232 0.938889
0.034329 0.938889
0.034426 0.938889
0.034523 0.938889
0.034621 0.938889
0.034718 0.938889
0.034815 0.938889
0.034912 0.938889
0.035009 0.938889
0.035106 0.938889
0.035203 0.938889
0.035301 0.938889
0.035398 0.938889
0.035495 0.938889
0.035592 0.938889
0.035689 0.938889
0.035786 0.938889
0.035883 0.938889
0.035980 0.936111
0.036078 0.936111
0.036175 0.936111
0.036272 0.936111
0.036369 0.936111
0.036466 0.936111
0.036563 0.936111
0.036660 0.933333
0.036758 0.933333
0.036855 0.933333
0.036952 0.933333
0.037049 0.933333
0.037146 0.933333
0.037243 0.933333
0.037340 0.933333
0.037437 0.933333
0.037535 0.933333
0.037632 0.933333
0.037729 0.933333
0.037826 0.933333
0.037923 0.933333
0.038020 0.933333
0.038117 0.933333
0.038215 0.933333
0.038312 0.933333
0.038409 0.933333
0.038506 0.933333
0.038603 0.933333
0.038700 0.933333
0.038797 0.930556
0.038894 0.930556
0.038992 0.930556
0.039089 0.930556
0.039186 0.930556
0.039283 0.930556
0.039380 0.930556
0.039477 0.930556
0.039574 0.930556
0.039672 0.930556
0.039769 0.930556
0.039866 0.927778
0.039963 0.927778
0.040060 0.927778
0.040157 0.927778
0.040254 0.927778
0.040351 0.927778
0.040449 0.927778
0.040546 0.927778
0.040643 0.927778
0.040740 0.927778
0.040837 0.927778
0.040934 0.927778
0.041031 0.927778
0.041129 0.927778
0.041226 0.927778
0.041323 0.927778
0.041420 0.927778
0.041517 0.927778
0.041614 0.927778
0.041711 0.927778
0.041809 0.927778
0.041906 0.927778
0.042003 0.927778
0.042100 0.927778
0.042197 0.927778
0.042294 0.927778
0.042391 0.927778
0.042488 0.927778
0.042586 0.927778
0.042683 0.927778
0.042780 0.927778
0.042877 0.927778
0.042974 0.927778
0.043071 0.927778
0.043168 0.927778
0.043266 0.927778
0.043363 0.927778
0.043460 0.927778
0.043557 0.927778
0.043654 0.927778
0.043751 0.927778
0.043848 0.927778
0.043945 0.925000
0.044043 0.925000
0.044140 0.925000
0.044237 0.925000
0.044334 0.925000
0.044431 0.925000
0.044528 0.925000
0.044625 0.925000
0.044723 0.925000
0.044820 0.925000
0.044917 0.925000
0.045014 0.925000
0.045111 0.925000
0.045208 0.925000
0.045305 0.922222
0.045402 0.922222
0.045500 0.922222
0.045597 0.922222
0.045694 0.922222
0.045791 0.922222
0.045888 0.922222
0.045985 0.922222
0.046082 0.922222
0.046180 0.922222
0.046277 0.922222
0.046374 0.922222
0.046471 0.922222
0.046568 0.922222
0.046665 0.922222
0.046762 0.922222
0.046860 0.922222
0.046957 0.922222
0.047054 0.922222
0.047151 0.922222
0.047248 0.922222
0.047345 0.922222
0.047442 0.922222
0.047539 0.922222
0.047637 0.922222
0.047734 0.922222
0.047831 0.922222
0.047928 0.922222
0.048025 0.922222
0.048122 0.922222
0.048219 0.922222
0.048317 0.922222
0.048414 0.922222
0.048511 0.922222
0.048608 0.922222
0.048705 0.922222
0.048802 0.922222
0.048899 0.922222
0.048996 0.922222
0.049094 0.922222
0.049191 0.919444
0.049288 0.919444
0.049385 0.919444
0.049482 0.919444
0.049579 0.919444
0.049676 0.916667
0.049774 0.916667
0.049871 0.916667
0.049968 0.911111
0.050065 0.908333
0.050162 0.908333
0.050259 0.908333
0.050356 0.908333
0.050453 0.908333
0.050551 0.908333
0.050648 0.908333
0.050745 0.908333
0.050842 0.908333
0.050939 0.908333
0.051036 0.908333
0.051133 0.908333
0.051231 0.908333
0.051328 0.908333
0.051425 0.908333
0.051522 0.908333
0.051619 0.908333
0.051716 0.908333
0.051813 0.908333
0.051910 0.905556
0.052008 0.905556
0.052105 0.905556
0.052202 0.905556
0.052299 0.905556
0.052396 0.905556
0.052493 0.905556
0.052590 0.905556
0.052688 0.905556
0.052785 0.905556
0.052882 0.905556
0.052979 0.905556
0.053076 0.905556
0.053173 0.905556
0.053270 0.905556
0.053368 0.905556
0.053465 0.905556
0.053562 0.905556
0.053659 0.905556
0.053756 0.905556
0.053853 0.905556
0.053950 0.905556
0.054047 0.905556
0.054145 0.905556
0.054242 0.905556
0.054339 0.905556
0.054436 0.905556
0.054533 0.905556
0.054630 0.905556
0.054727 0.905556
0.054825 0.905556
0.054922 0.905556
0.055019 0.905556
0.055116 0.905556
0.055213 0.905556
0.055310 0.902778
0.055407 0.902778
0.055504 0.902778
0.055602 0.902778
0.055699 0.902778
0.055796 0.902778
0.055893 0.902778
0.055990 0.902778
0.056087 0.902778
0.056184 0.902778
0.056282 0.902778
0.056379 0.902778
0.056476 0.902778
0.056573 0.902778
0.056670 0.902778
0.056767 0.902778
0.056864 0.902778
0.056961 0.902778
0.057059 0.902778
0.057156 0.902778
0.057253 0.902778
0.057350 0.902778
0.057447 0.902778
0.057544 0.902778
0.057641 0.902778
0.057739 0.902778
0.057836 0.902778
0.057933 0.902778
0.058030 0.902778
0.058127 0.902778
0.058224 0.900000
0.058321 0.900000
0.058418 0.900000
0.058516 0.900000
0.058613 0.900000
0.058710 0.900000
0.058807 0.900000
0.058904 0.900000
0.059001 0.900000
0.059098 0.900000
0.059196 0.900000
0.059293 0.900000
0.059390 0.900000
0.059487 0.900000
0.059584 0.900000
0.059681 0.900000
0.059778 0.900000
0.059876 0.900000
0.059973 0.900000
0.060070 0.900000
0.060167 0.900000
0.060264 0.900000
0.060361 0.900000
0.060458 0.900000
0.060555 0.900000
0.060653 0.900000
0.060750 0.900000
0.060847 0.900000
0.060944 0.900000
0.061041 0.900000
0.061138 0.900000
0.061235 0.900000
0.061333 0.900000
0.061430 0.897222
0.061527 0.897222
0.061624 0.897222
0.061721 0.897222
0.061818 0.897222
0.061915 0.897222
0.062012 0.897222
0.062110 0.897222
0.062207 0.897222
0.062304 0.897222
0.062401 0.897222
0.062498 0.894444
0.062595 0.894444
0.062692 0.894444
0.062790 0.891667
0.062887 0.891667
0.062984 0.891667
0.063081 0.891667
0.063178 0.891667
0.063275 0.891667
0.063372 0.891667
0.063469 0.891667
0.063567 0.891667
0.063664 0.891667
0.063761 0.891667
0.063858 0.891667
0.063955 0.891667
0.064052 0.891667
0.064149 0.891667
0.064247 0.891667
0.064344 0.891667
0.064441 0.891667
0.064538 0.891667
0.064635 0.891667
0.064732 0.891667
0.064829 0.891667
0.064927 0.891667
0.065024 0.891667
0.065121 0.891667
0.065218 0.891667
0.065315 0.891667
0.065412 0.891667
0.065509 0.891667
0.065606 0.891667
0.065704 0.891667
0.065801 0.891667
0.065898 0.891667
0.065995 0.891667
0.066092 0.891667
0.066189 0.891667
0.066286 0.891667
0.066384 0.888889
0.066481 0.888889
0.066578 0.888889
0.066675 0.888889
0.066772 0.888889
0.066869 0.888889
0.066966 0.888889
0.067063 0.888889
0.067161 0.888889
0.067258 0.888889
0.067355 0.888889
0.067452 0.888889
0.067549 0.888889
0.067646 0.888889
0.067743 0.888889
0.067841 0.888889
0.067938 0.888889
0.068035 0.888889
0.068132 0.888889
0.068229 0.888889
0.068326 0.888889
0.068423 0.888889
0.068520 0.888889
0.068618 0.888889
0.068715 0.888889
0.068812 0.888889
0.068909 0.886111
0.069006 0.886111
0.069103 0.886111
0.069200 0.886111
0.069298 0.886111
0.069395 0.886111
0.069492 0.886111
0.069589 0.886111
0.069686 0.886111
0.069783 0.886111
0.069880 0.886111
0.069977 0.886111
0.070075 0.886111
0.070172 0.886111
0.070269 0.886111
0.070366 0.886111
0.070463 0.886111
0.070560 0.886111
0.070657 0.886111
0.070755 0.886111
0.070852 0.886111
0.070949 0.886111
0.071046 0.886111
0.071143 0.886111
0.071240 0.886111
0.071337 0.883333
0.071435 0.883333
0.071532 0.883333
0.071629 0.880556
0.071726 0.880556
0.071823 0.880556
0.071920 0.880556
0.072017 0.880556
0.072114 0.880556
0.072212 0.880556
0.072309 0.880556
0.072406 0.880556
0.072503 0.880556
0.072600 0.880556
0.072697 0.880556
0.072794 0.880556
0.072892 0.880556
0.072989 0.880556
0.073086 0.880556
0.073183 0.880556
0.073280 0.880556
0.073377 0.880556
0.073474 0.880556
0.073571 0.880556
0.073669 0.880556
0.073766 0.880556
0.073863 0.880556
0.073960 0.880556
0.074057 0.880556
0.074154 0.880556
0.074251 0.880556
0.074349 0.880556
0.074446 0.880556
0.074543 0.880556
0.074640 0.880556
0.074737 0.880556
0.074834 0.880556
0.074931 0.880556
0.075028 0.880556
0.075126 0.880556
0.075223 0.880556
0.075320 0.880556
0.075417 0.880556
0.075514 0.880556
0.075611 0.880556
0.075708 0.880556
0.075806 0.880556
0.075903 0.880556
0.076000 0.880556
0.076097 0.880556
0.076194 0.880556
0.076291 0.880556
0.076388 0.880556
0.076485 0.880556
0.076583 0.880556
0.076680 0.880556
0.076777 0.880556
0.076874 0.880556
0.076971 0.880556
0.077068 0.880556
0.077165 0.877778
0.077263 0.877778
0.077360 0.877778
0.077457 0.877778
0.077554 0.877778
0.077651 0.877778
0.077748 0.875000
0.077845 0.875000
0.077943 0.875000
0.078040 0.875000
0.078137 0.875000
0.078234 0.875000
0.078331 0.875000
0.078428 0.875000
0.078525 0.875000
0.078622 0.875000
0.078720 0.875000
0.078817 0.875000
0.078914 0.875000
0.079011 0.875000
0.079108 0.875000
0.079205 0.875000
0.079302 0.875000
0.079400 0.875000
0.079497 0.875000
0.079594 0.875000
0.079691 0.875000
0.079788 0.875000
0.079885 0.875000
0.079982 0.875000
0.080079 0.875000
0.080177 0.875000
0.080274 0.875000
0.080371 0.875000
0.080468 0.875000
0.080565 0.875000
0.080662 0.875000
0.080759 0.875000
0.080857 0.875000
0.080954 0.875000
0.081051 0.875000
0.081148 0.875000
0.081245 0.875000
0.081342 0.875000
0.081439 0.875000
0.081536 0.875000
0.081634 0.875000
0.081731 0.875000
0.081828 0.875000
0.081925 0.875000
0.082022 0.875000
0.082119 0.875000
0.082216 0.875000
0.082314 0.875000
0.082411 0.875000
0.082508 0.875000
0.082605 0.875000
0.082702 0.875000
0.082799 0.875000
0.082896 0.875000
0.082994 0.875000
0.083091 0.875000
0.083188 0.875000
0.083285 0.875000
0.083382 0.872222
0.083479 0.872222
0.083576 0.872222
0.083673 0.872222
0.083771 0.872222
0.083868 0.872222
0.083965 0.872222
0.084062 0.872222
0.084159 0.872222
0.084256 0.872222
0.084353 0.872222
0.084451 0.872222
0.084548 0.872222
0.084645 0.872222
0.084742 0.872222
0.084839 0.872222
0.084936 0.872222
0.085033 0.872222
0.085130 0.872222
0.085228 0.872222
0.085325 0.872222
0.085422 0.872222
0.085519 0.872222
0.085616 0.872222
0.085713 0.872222
0.085810 0.872222
0.085908 0.872222
0.086005 0.872222
0.086102 0.872222
0.086199 0.872222
0.086296 0.872222
0.086393 0.872222
0.086490 0.872222
0.086587 0.872222
0.086685 0.872222
0.086782 0.872222
0.086879 0.872222
0.086976 0.872222
0.087073 0.872222
0.087170 0.872222
0.087267 0.872222
0.087365 0.872222
0.087462 0.872222
0.087559 0.872222
0.087656 0.872222
0.087753 0.872222
0.087850 0.872222
0.087947 0.872222
0.088044 0.872222
0.088142 0.872222
0.088239 0.872222
0.088336 0.872222
0.088433 0.872222
0.088530 0.872222
0.088627 0.872222
0.088724 0.872222
0.088822 0.872222
0.088919 0.872222
0.089016 0.872222
0.089113 0.872222
0.089210 0.872222
0.089307 0.872222
0.089404 0.872222
0.089502 0.872222
0.089599 0.872222
0.089696 0.872222
0.089793 0.872222
0.089890 0.872222
0.089987 0.872222
0.090084 0.872222
0.090181 0.872222
0.090279 0.872222
0.090376 0.872222
0.090473 0.872222
0.090570 0.872222
0.090667 0.872222
0.090764 0.872222
0.090861 0.872222
0.090959 0.872222
0.091056 0.872222
0.091153 0.872222
0.091250 0.872222
0.091347 0.872222
0.091444 0.872222
0.091541 0.872222
0.091638 0.872222
0.091736 0.872222
0.091833 0.872222
0.091930 0.872222
0.092027 0.872222
0.092124 0.866667
0.092221 0.866667
0.092318 0.866667
0.092416 0.866667
0.092513 0.866667
0.092610 0.866667
0.092707 0.866667
0.092804 0.866667
0.092901 0.866667
0.092998 0.866667
0.093095 0.866667
0.093193 0.866667
0.093290 0.863889
0.093387 0.863889
0.093484 0.863889
0.093581 0.863889
0.093678 0.863889
0.093775 0.863889
0.093873 0.863889
0.093970 0.863889
0.094067 0.863889
0.094164 0.863889
0.094261 0.863889
0.094358 0.863889
0.094455 0.863889
0.094552 0.863889
0.094650 0.863889
0.094747 0.863889
0.094844 0.863889
0.094941 0.861111
0.095038 0.861111
0.095135 0.861111
0.095232 0.858333
0.095330 0.858333
0.095427 0.858333
0.095524 0.858333
0.095621 0.858333
0.095718 0.858333
0.095815 0.858333
0.095912 0.858333
0.096010 0.858333
0.096107 0.858333
0.096204 0.858333
0.096301 0.858333
0.096398 0.858333
0.096495 0.858333
0.096592 0.858333
0.096689 0.858333
0.096787 0.858333
0.096884 0.858333
0.096981 0.858333
0.097078 0.858333
0.097175 0.858333
0.097272 0.858333
0.097369 0.858333
0.097467 0.858333
0.097564 0.858333
0.097661 0.858333
0.097758 0.858333
0.097855 0.858333
0.097952 0.858333
0.098049 0.858333
0.098146 0.858333
0.098244 0.858333
0.098341 0.858333
0.098438 0.855556
0.098535 0.855556
0.098632 0.855556
0.098729 0.855556
0.098826 0.855556
0.098924 0.855556
0.099021 0.855556
0.099118 0.855556
0.099215 0.855556
0.099312 0.852778
0.099409 0.852778
0.099506 0.852778
0.099603 0.852778
0.099701 0.850000
0.099798 0.850000
0.099895 0.850000
0.099992 0.850000
0.100089 0.847222
0.100186 0.847222
0.100283 0.847222
0.100381 0.847222
0.100478 0.847222
0.100575 0.847222
0.100672 0.847222
0.100769 0.847222
0.100866 0.847222
0.100963 0.847222
0.101061 0.847222
0.101158 0.847222
0.101255 0.847222
0.101352 0.847222
0.101449 0.847222
0.101546 0.847222
0.101643 0.847222
0.101740 0.847222
0.101838 0.847222
0.101935 0.847222
0.102032 0.847222
0.102129 0.847222
0.102226 0.847222
0.102323 0.847222
0.102420 0.847222
0.102518 0.847222
0.102615 0.847222
0.102712 0.847222
0.102809 0.847222
0.102906 0.847222
0.103003 0.847222
0.103100 0.847222
0.103197 0.847222
0.103295 0.847222
0.103392 0.847222
0.103489 0.847222
0.103586 0.847222
0.103683 0.847222
0.103780 0.847222
0.103877 0.847222
0.103975 0.847222
0.104072 0.847222
0.104169 0.847222
0.104266 0.847222
0.104363 0.847222
0.104460 0.847222
0.104557 0.847222
0.104654 0.847222
0.104752 0.847222
0.104849 0.847222
0.104946 0.847222
0.105043 0.847222
0.105140 0.847222
0.105237 0.847222
0.105334 0.847222
0.105432 0.847222
0.105529 0.847222
0.105626 0.847222
0.105723 0.847222
0.105820 0.847222
0.105917 0.847222
0.106014 0.847222
0.106111 0.847222
0.106209 0.847222
0.106306 0.847222
0.106403 0.847222
0.106500 0.847222
0.106597 0.847222
0.106694 0.847222
0.106791 0.847222
0.106889 0.847222
0.106986 0.847222
0.107083 0.847222
0.107180 0.847222
0.107277 0.847222
0.107374 0.847222
0.107471 0.847222
0.107569 0.847222
0.107666 0.847222
0.107763 0.847222
0.107860 0.847222
0.107957 0.847222
0.108054 0.847222
0.108151 0.847222
0.108248 0.847222
0.108346 0.847222
0.108443 0.847222
0.108540 0.847222
0.108637 0.847222
0.108734 0.844444
0.108831 0.844444
0.108928 0.844444
0.109026 0.844444
0.109123 0.841667
0.109220 0.841667
0.109317 0.841667
0.109414 0.838889
0.109511 0.838889
0.109608 0.838889
0.109705 0.838889
0.109803 0.838889
0.109900 0.838889
0.109997 0.838889
0.110094 0.838889
0.110191 0.838889
0.110288 0.836111
0.110385 0.836111
0.110483 0.836111
0.110580 0.836111
0.110677 0.836111
0.110774 0.836111
0.110871 0.836111
0.110968 0.836111
0.111065 0.836111
0.111162 0.836111
0.111260 0.836111
0.111357 0.836111
0.111454 0.836111
0.111551 0.836111
0.111648 0.836111
0.111745 0.833333
0.111842 0.833333
0.111940 0.833333
0.112037 0.830556
0.112134 0.830556
0.112231 0.830556
0.112328 0.830556
0.112425 0.830556
0.112522 0.830556
0.112619 0.830556
0.112717 0.830556
0.112814 0.830556
0.112911 0.830556
0.113008 0.827778
0.113105 0.827778
0.113202 0.827778
0.113299 0.827778
0.113397 0.827778
0.113494 0.827778
0.113591 0.827778
0.113688 0.827778
0.113785 0.827778
0.113882 0.827778
0.113979 0.827778
0.114077 0.827778
0.114174 0.827778
0.114271 0.827778
0.114368 0.827778
0.114465 0.827778
0.114562 0.827778
0.114659 0.827778
0.114756 0.827778
0.114854 0.827778
0.114951 0.827778
0.115048 0.827778
0.115145 0.827778
0.115242 0.827778
0.115339 0.827778
0.115436 0.827778
0.115534 0.827778
0.115631 0.827778
0.115728 0.827778
0.115825 0.827778
0.115922 0.827778
0.116019 0.827778
0.116116 0.827778
0.116213 0.827778
0.116311 0.827778
0.116408 0.827778
0.116505 0.827778
0.116602 0.827778
0.116699 0.827778
0.116796 0.827778
0.116893 0.827778
0.116991 0.827778
0.117088 0.827778
0.117185 0.827778
0.117282 0.827778
0.117379 0.827778
0.117476 0.827778
0.117573 0.827778
0.117670 0.827778
0.117768 0.827778
0.117865 0.827778
0.117962 0.825000
0.118059 0.825000
0.118156 0.825000
0.118253 0.825000
0.118350 0.825000
0.118448 0.825000
0.118545 0.825000
0.118642 0.825000
0.118739 0.825000
0.118836 0.825000
0.118933 0.825000
0.119030 0.825000
0.119128 0.825000
0.119225 0.825000
0.119322 0.825000
0.119419 0.825000
0.119516 0.825000
0.119613 0.825000
0.119710 0.825000
0.119807 0.825000
0.119905 0.825000
0.120002 0.825000
0.120099 0.825000
0.120196 0.825000
0.120293 0.825000
0.120390 0.825000
0.120487 0.825000
0.120585 0.825000
0.120682 0.825000
0.120779 0.825000
0.120876 0.825000
0.120973 0.825000
0.121070 0.822222
0.121167 0.822222
0.121264 0.822222
0.121362 0.822222
0.121459 0.822222
0.121556 0.822222
0.121653 0.822222
0.121750 0.819444
0.121847 0.819444
0.121944 0.819444
0.122042 0.819444
0.122139 0.819444
0.122236 0.819444
0.122333 0.819444
0.122430 0.816667
0.122527 0.816667
0.122624 0.816667
0.122721 0.816667
0.122819 0.816667
0.122916 0.816667
0.123013 0.816667
0.123110 0.816667
0.123207 0.816667
0.123304 0.816667
0.123401 0.816667
0.123499 0.816667
0.123596 0.816667
0.123693 0.816667
0.123790 0.816667
0.123887 0.816667
0.123984 0.813889
0.124081 0.813889
0.124178 0.813889
0.124276 0.813889
0.124373 0.813889
0.124470 0.813889
0.124567 0.813889
0.124664 0.813889
0.124761 0.813889
0.124858 0.813889
0.124956 0.813889
0.125053 0.813889
0.125150 0.813889
0.125247 0.811111
0.125344 0.811111
0.125441 0.811111
0.125538 0.811111
0.125636 0.811111
0.125733 0.811111
0.125830 0.811111
0.125927 0.811111
0.126024 0.811111
0.126121 0.811111
0.126218 0.811111
0.126315 0.811111
0.126413 0.811111
0.126510 0.811111
0.126607 0.811111
0.126704 0.811111
0.126801 0.811111
0.126898 0.811111
0.126995 0.811111
0.127093 0.811111
0.127190 0.811111
0.127287 0.808333
0.127384 0.808333
0.127481 0.808333
0.127578 0.808333
0.127675 0.808333
0.127772 0.808333
0.127870 0.808333
0.127967 0.808333
0.128064 0.808333
0.128161 0.808333
0.128258 0.808333
0.128355 0.808333
0.128452 0.808333
0.128550 0.808333
0.128647 0.808333
0.128744 0.808333
0.128841 0.805556
0.128938 0.805556
0.129035 0.805556
0.129132 0.805556
0.129229 0.805556
0.129327 0.805556
0.129424 0.802778
0.129521 0.802778
0.129618 0.802778
0.129715 0.802778
0.129812 0.802778
0.129909 0.802778
0.130007 0.802778
0.130104 0.802778
0.130201 0.802778
0.130298 0.802778
0.130395 0.802778
0.130492 0.802778
0.130589 0.802778
0.130686 0.802778
0.130784 0.802778
0.130881 0.802778
0.130978 0.802778
0.131075 0.802778
0.131172 0.802778
0.131269 0.802778
0.131366 0.802778
0.131464 0.802778
0.131561 0.802778
0.131658 0.802778
0.131755 0.802778
0.131852 0.802778
0.131949 0.802778
0.132046 0.802778
0.132144 0.802778
0.132241 0.800000
0.132338 0.800000
0.132435 0.800000
0.132532 0.800000
0.132629 0.800000
0.132726 0.800000
0.132823 0.800000
0.132921 0.797222
0.133018 0.797222
0.133115 0.797222
0.133212 0.797222
0.133309 0.797222
0.133406 0.797222
0.133503 0.797222
0.133601 0.797222
0.133698 0.794444
0.133795 0.794444
0.133892 0.794444
0.133989 0.794444
0.134086 0.794444
0.134183 0.794444
0.134280 0.794444
0.134378 0.794444
0.134475 0.794444
0.134572 0.794444
0.134669 0.794444
0.134766 0.794444
0.134863 0.791667
0.134960 0.791667
0.135058 0.791667
0.135155 0.791667
0.135252 0.791667
0.135349 0.791667
0.135446 0.791667
0.135543 0.791667
0.135640 0.791667
0.135737 0.791667
0.135835 0.791667
0.135932 0.791667
0.136029 0.791667
0.136126 0.791667
0.136223 0.791667
0.136320 0.791667
0.136417 0.791667
0.136515 0.791667
0.136612 0.791667
0.136709 0.791667
0.136806 0.791667
0.136903 0.791667
0.137000 0.791667
0.137097 0.791667
0.137195 0.791667
0.137292 0.791667
0.137389 0.791667
0.137486 0.791667
0.137583 0.791667
0.137680 0.791667
0.137777 0.791667
0.137874 0.791667
0.137972 0.791667
0.138069 0.791667
0.138166 0.791667
0.138263 0.791667
0.138360 0.791667
0.138457 0.791667
0.138554 0.791667
0.138652 0.791667
0.138749 0.791667
0.138846 0.791667
0.138943 0.791667
0.139040 0.791667
0.139137 0.791667
0.139234 0.791667
0.139331 0.791667
0.139429 0.791667
0.139526 0.791667
0.139623 0.791667
0.139720 0.791667
0.139817 0.791667
0.139914 0.788889
0.140011 0.788889
0.140109 0.788889
0.140206 0.788889
0.140303 0.788889
0.140400 0.788889
0.140497 0.788889
0.140594 0.788889
0.140691 0.788889
0.140788 0.788889
0.140886 0.788889
0.140983 0.788889
0.141080 0.788889
0.141177 0.788889
0.141274 0.788889
0.141371 0.788889
0.141468 0.788889
0.141566 0.788889
0.141663 0.788889
0.141760 0.788889
0.141857 0.788889
0.141954 0.788889
0.142051 0.788889
0.142148 0.788889
0.142245 0.788889
0.142343 0.788889
0.142440 0.788889
0.142537 0.788889
0.142634 0.788889
0.142731 0.788889
0.142828 0.788889
0.142925 0.788889
0.143023 0.788889
0.143120 0.788889
0.143217 0.788889
0.143314 0.788889
0.143411 0.788889
0.143508 0.788889
0.143605 0.788889
0.143703 0.788889
0.143800 0.788889
0.143897 0.788889
0.143994 0.788889
0.144091 0.788889
0.144188 0.788889
0.144285 0.788889
0.144382 0.788889
0.144480 0.788889
0.144577 0.788889
0.144674 0.788889
0.144771 0.788889
0.144868 0.788889
0.144965 0.788889
0.145062 0.788889
0.145160 0.788889
0.145257 0.788889
0.145354 0.788889
0.145451 0.788889
0.145548 0.786111
0.145645 0.786111
0.145742 0.786111
0.145839 0.786111
0.145937 0.786111
0.146034 0.786111
0.146131 0.786111
0.146228 0.786111
0.146325 0.786111
0.146422 0.786111
0.146519 0.786111
0.146617 0.786111
0.146714 0.786111
0.146811 0.786111
0.146908 0.786111
0.147005 0.786111
0.147102 0.786111
0.147199 0.786111
0.147296 0.786111
0.147394 0.786111
0.147491 0.786111
0.147588 0.786111
0.147685 0.786111
0.147782 0.786111
0.147879 0.786111
0.147976 0.786111
0.148074 0.786111
0.148171 0.786111
0.148268 0.786111
0.148365 0.786111
0.148462 0.786111
0.148559 0.786111
0.148656 0.786111
0.148753 0.786111
0.148851 0.786111
0.148948 0.786111
0.149045 0.786111
0.149142 0.786111
0.149239 0.786111
0.149336 0.786111
0.149433 0.786111
0.149531 0.786111
0.149628 0.786111
0.149725 0.786111
0.149822 0.786111
0.149919 0.786111
0.150016 0.786111
0.150113 0.786111
0.150211 0.786111
0.150308 0.786111
0.150405 0.786111
0.150502 0.786111
0.150599 0.786111
0.150696 0.783333
0.150793 0.783333
0.150890 0.783333
0.150988 0.783333
0.151085 0.783333
0.151182 0.783333
0.151279 0.783333
0.151376 0.783333
0.151473 0.783333
0.151570 0.783333
0.151668 0.783333
0.151765 0.783333
0.151862 0.783333
0.151959 0.783333
0.152056 0.783333
0.152153 0.783333
0.152250 0.783333
0.152347 0.783333
0.152445 0.783333
0.152542 0.783333
0.152639 0.783333
0.152736 0.783333
0.152833 0.783333
0.152930 0.783333
0.153027 0.783333
0.153125 0.783333
0.153222 0.783333
0.153319 0.783333
0.153416 0.780556
0.153513 0.780556
0.153610 0.780556
0.153707 0.780556
0.153804 0.780556
0.153902 0.780556
0.153999 0.780556
0.154096 0.780556
0.154193 0.780556
0.154290 0.780556
0.154387 0.780556
0.154484 0.780556
0.154582 0.780556
0.154679 0.780556
0.154776 0.780556
0.154873 0.780556
0.154970 0.780556
0.155067 0.780556
0.155164 0.780556
0.155262 0.780556
0.155359 0.780556
0.155456 0.780556
0.155553 0.780556
0.155650 0.780556
0.155747 0.780556
0.155844 0.780556
0.155941 0.780556
0.156039 0.780556
0.156136 0.780556
0.156233 0.780556
0.156330 0.780556
0.156427 0.780556
0.156524 0.780556
0.156621 0.780556
0.156719 0.780556
0.156816 0.780556
0.156913 0.780556
0.157010 0.780556
0.157107 0.780556
0.157204 0.780556
0.157301 0.780556
0.157398 0.780556
0.157496 0.780556
0.157593 0.780556
0.157690 0.780556
0.157787 0.780556
0.157884 0.780556
0.157981 0.780556
0.158078 0.780556
0.158176 0.780556
0.158273 0.780556
0.158370 0.780556
0.158467 0.780556
0.158564 0.780556
0.158661 0.780556
0.158758 0.780556
0.158855 0.780556
0.158953 0.780556
0.159050 0.777778
0.159147 0.777778
0.159244 0.777778
0.159341 0.777778
0.159438 0.777778
0.159535 0.777778
0.159633 0.777778
0.159730 0.777778
0.159827 0.777778
0.159924 0.777778
0.160021 0.777778
0.160118 0.777778
0.160215 0.777778
0.160312 0.777778
0.160410 0.777778
0.160507 0.777778
0.160604 0.777778
0.160701 0.777778
0.160798 0.777778
0.160895 0.777778
0.160992 0.777778
0.161090 0.777778
0.161187 0.777778
0.161284 0.775000
0.161381 0.775000
0.161478 0.775000
0.161575 0.775000
0.161672 0.775000
0.161770 0.775000
0.161867 0.775000
0.161964 0.775000
0.162061 0.775000
0.162158 0.775000
0.162255 0.775000
0.162352 0.775000
0.162449 0.775000
0.162547 0.775000
0.162644 0.775000
0.162741 0.775000
0.162838 0.775000
0.162935 0.775000
0.163032 0.775000
0.163129 0.775000
0.163227 0.775000
0.163324 0.775000
0.163421 0.769444
0.163518 0.769444
0.163615 0.769444
0.163712 0.769444
0.163809 0.769444
0.163906 0.769444
0.164004 0.769444
0.164101 0.769444
0.164198 0.769444
0.164295 0.769444
0.164392 0.769444
0.164489 0.769444
0.164586 0.769444
0.164684 0.769444
0.164781 0.766667
0.164878 0.766667
0.164975 0.766667
0.165072 0.766667
0.165169 0.766667
0.165266 0.766667
0.165363 0.766667
0.165461 0.766667
0.165558 0.766667
0.165655 0.766667
0.165752 0.763889
0.165849 0.763889
0.165946 0.763889
0.166043 0.763889
0.166141 0.763889
0.166238 0.763889
0.166335 0.763889
0.166432 0.761111
0.166529 0.761111
0.166626 0.761111
0.166723 0.761111
0.166820 0.761111
0.166918 0.761111
0.167015 0.761111
0.167112 0.761111
0.167209 0.761111
0.167306 0.761111
0.167403 0.761111
0.167500 0.761111
0.167598 0.761111
0.167695 0.761111
0.167792 0.761111
0.167889 0.761111
0.167986 0.761111
0.168083 0.761111
0.168180 0.761111
0.168278 0.758333
0.168375 0.758333
0.168472 0.758333
0.168569 0.758333
0.168666 0.758333
0.168763 0.758333
0.168860 0.758333
0.168957 0.755556
0.169055 0.755556
0.169152 0.755556
0.169249 0.755556
0.169346 0.755556
0.169443 0.755556
0.169540 0.755556
0.169637 0.755556
0.169735 0.755556
0.169832 0.755556
0.169929 0.755556
0.170026 0.755556
0.170123 0.755556
0.170220 0.755556
0.170317 0.755556
0.170414 0.755556
0.170512 0.755556
0.170609 0.755556
0.170706 0.755556
0.170803 0.755556
0.170900 0.755556
0.170997 0.755556
0.171094 0.755556
0.171192 0.755556
0.171289 0.755556
0.171386 0.752778
0.171483 0.752778
0.171580 0.752778
0.171677 0.752778
0.171774 0.752778
0.171871 0.752778
0.171969 0.752778
0.172066 0.752778
0.172163 0.752778
0.172260 0.752778
0.172357 0.752778
0.172454 0.752778
0.172551 0.752778
0.172649 0.752778
0.172746 0.750000
0.172843 0.750000
0.172940 0.750000
0.173037 0.750000
0.173134 0.750000
0.173231 0.750000
0.173329 0.750000
0.173426 0.750000
0.173523 0.750000
0.173620 0.750000
0.173717 0.750000
0.173814 0.750000
0.173911 0.750000
0.174008 0.750000
0.174106 0.750000
0.174203 0.750000
0.174300 0.750000
0.174397 0.750000
0.174494 0.750000
0.174591 0.750000
0.174688 0.750000
0.174786 0.750000
0.174883 0.750000
0.174980 0.750000
0.175077 0.750000
0.175174 0.750000
0.175271 0.750000
0.175368 0.747222
0.175465 0.747222
0.175563 0.747222
0.175660 0.747222
0.175757 0.747222
0.175854 0.744444
0.175951 0.744444
0.176048 0.744444
0.176145 0.744444
0.176243 0.744444
0.176340 0.744444
0.176437 0.744444
0.176534 0.744444
0.176631 0.744444
0.176728 0.744444
0.176825 0.744444
0.176922 0.744444
0.177020 0.744444
0.177117 0.744444
0.177214 0.744444
0.177311 0.744444
0.177408 0.744444
0.177505 0.744444
0.177602 0.744444
0.177700 0.744444
0.177797 0.744444
0.177894 0.744444
0.177991 0.744444
0.178088 0.744444
0.178185 0.744444
0.178282 0.744444
0.178379 0.744444
0.178477 0.744444
0.178574 0.744444
0.178671 0.744444
0.178768 0.744444
0.178865 0.744444
0.178962 0.744444
0.179059 0.744444
0.179157 0.744444
0.179254 0.744444
0.179351 0.744444
0.179448 0.744444
0.179545 0.744444
0.179642 0.744444
0.179739 0.744444
0.179837 0.744444
0.179934 0.744444
0.180031 0.744444
0.180128 0.744444
0.180225 0.744444
0.180322 0.744444
0.180419 0.744444
0.180516 0.744444
0.180614 0.744444
0.180711 0.744444
0.180808 0.744444
0.180905 0.744444
0.181002 0.744444
0.181099 0.744444
0.181196 0.744444
0.181294 0.744444
0.181391 0.744444
0.181488 0.741667
0.181585 0.741667
0.181682 0.741667
0.181779 0.741667
0.181876 0.741667
0.181973 0.741667
0.182071 0.741667
0.182168 0.741667
0.182265 0.741667
0.182362 0.741667
0.182459 0.741667
0.182556 0.741667
0.182653 0.741667
0.182751 0.741667
0.182848 0.741667
0.182945 0.741667
0.183042 0.741667
0.183139 0.741667
0.183236 0.741667
0.183333 0.741667
0.183430 0.741667
0.183528 0.741667
0.183625 0.741667
0.183722 0.738889
0.183819 0.738889
0.183916 0.738889
0.184013 0.738889
0.184110 0.738889
0.184208 0.736111
0.184305 0.736111
0.184402 0.736111
0.184499 0.736111
0.184596 0.736111
0.184693 0.736111
0.184790 0.736111
0.184887 0.736111
0.184985 0.736111
0.185082 0.736111
0.185179 0.736111
0.185276 0.736111
0.185373 0.736111
0.185470 0.736111
0.185567 0.736111
0.185665 0.733333
0.185762 0.733333
0.185859 0.733333
0.185956 0.733333
0.186053 0.733333
0.186150 0.733333
0.186247 0.733333
0.186345 0.730556
0.186442 0.730556
0.186539 0.730556
0.186636 0.730556
0.186733 0.730556
0.186830 0.730556
0.186927 0.730556
0.187024 0.730556
0.187122 0.730556
0.187219 0.730556
0.187316 0.730556
0.187413 0.730556
0.187510 0.730556
0.187607 0.730556
0.187704 0.730556
0.187802 0.727778
0.187899 0.727778
0.187996 0.727778
0.188093 0.727778
0.188190 0.727778
0.188287 0.727778
0.188384 0.727778
0.188481 0.727778
0.188579 0.727778
0.188676 0.727778
0.188773 0.727778
0.188870 0.727778
0.188967 0.725000
0.189064 0.725000
0.189161 0.725000
0.189259 0.725000
0.189356 0.725000
0.189453 0.725000
0.189550 0.725000
0.189647 0.725000
0.189744 0.725000
0.189841 0.725000
0.189938 0.725000
0.190036 0.725000
0.190133 0.725000
0.190230 0.722222
0.190327 0.722222
0.190424 0.719444
0.190521 0.719444
0.190618 0.719444
0.190716 0.719444
0.190813 0.719444
0.190910 0.719444
0.191007 0.719444
0.191104 0.719444
0.191201 0.719444
0.191298 0.719444
0.191396 0.719444
0.191493 0.719444
0.191590 0.719444
0.191687 0.719444
0.191784 0.719444
0.191881 0.719444
0.191978 0.719444
0.192075 0.719444
0.192173 0.719444
0.192270 0.719444
0.192367 0.719444
0.192464 0.719444
0.192561 0.719444
0.192658 0.719444
0.192755 0.719444
0.192853 0.719444
0.192950 0.719444
0.193047 0.719444
0.193144 0.719444
0.193241 0.719444
0.193338 0.719444
0.193435 0.719444
0.193532 0.719444
0.193630 0.719444
0.193727 0.719444
0.193824 0.716667
0.193921 0.713889
0.194018 0.713889
0.194115 0.713889
0.194212 0.713889
0.194310 0.713889
0.194407 0.713889
0.194504 0.713889
0.194601 0.713889
0.194698 0.713889
0.194795 0.713889
0.194892 0.713889
0.194989 0.713889
0.195087 0.713889
0.195184 0.713889
0.195281 0.713889
0.195378 0.713889
0.195475 0.713889
0.195572 0.713889
0.195669 0.713889
0.195767 0.713889
0.195864 0.713889
0.195961 0.713889
0.196058 0.713889
0.196155 0.713889
0.196252 0.713889
0.196349 0.713889
0.196446 0.711111
0.196544 0.711111
0.196641 0.711111
0.196738 0.711111
0.196835 0.711111
0.196932 0.711111
0.197029 0.711111
0.197126 0.711111
0.197224 0.711111
0.197321 0.711111
0.197418 0.708333
0.197515 0.708333
0.197612 0.708333
0.197709 0.705556
0.197806 0.705556
0.197904 0.705556
0.198001 0.705556
0.198098 0.702778
0.198195 0.702778
0.198292 0.702778
0.198389 0.702778
0.198486 0.702778
0.198583 0.702778
0.198681 0.702778
0.198778 0.702778
0.198875 0.702778
0.198972 0.702778
0.199069 0.702778
0.199166 0.702778
0.199263 0.702778
0.199361 0.702778
0.199458 0.702778
0.199555 0.702778
0.199652 0.702778
0.199749 0.702778
0.199846 0.702778
0.199943 0.702778
0.200040 0.702778
0.200138 0.702778
0.200235 0.702778
0.200332 0.702778
0.200429 0.702778
0.200526 0.702778
0.200623 0.702778
0.200720 0.702778
0.200818 0.702778
0.200915 0.702778
0.201012 0.702778
0.201109 0.702778
0.201206 0.700000
0.201303 0.700000
0.201400 0.700000
0.201497 0.700000
0.201595 0.700000
0.201692 0.700000
0.201789 0.697222
0.201886 0.697222
0.201983 0.697222
0.202080 0.697222
0.202177 0.697222
0.202275 0.697222
0.202372 0.697222
0.202469 0.697222
0.202566 0.697222
0.202663 0.697222
0.202760 0.697222
0.202857 0.697222
0.202954 0.697222
0.203052 0.694444
0.203149 0.694444
0.203246 0.694444
0.203343 0.694444
0.203440 0.694444
0.203537 0.694444
0.203634 0.694444
0.203732 0.694444
0.203829 0.694444
0.203926 0.694444
0.204023 0.694444
0.204120 0.694444
0.204217 0.694444
0.204314 0.694444
0.204412 0.694444
0.204509 0.694444
0.204606 0.694444
0.204703 0.694444
0.204800 0.694444
0.204897 0.694444
0.204994 0.694444
0.205091 0.694444
0.205189 0.694444
0.205286 0.694444
0.205383 0.694444
0.205480 0.691667
0.205577 0.691667
0.205674 0.691667
0.205771 0.691667
0.205869 0.691667
0.205966 0.691667
0.206063 0.691667
0.206160 0.691667
0.206257 0.691667
0.206354 0.691667
0.206451 0.691667
0.206548 0.691667
0.206646 0.691667
0.206743 0.691667
0.206840 0.691667
0.206937 0.691667
0.207034 0.691667
0.207131 0.691667
0.207228 0.691667
0.207326 0.688889
0.207423 0.688889
0.207520 0.688889
0.207617 0.688889
0.207714 0.688889
0.207811 0.688889
0.207908 0.688889
0.208005 0.688889
0.208103 0.688889
0.208200 0.688889
0.208297 0.688889
0.208394 0.688889
0.208491 0.688889
0.208588 0.688889
0.208685 0.686111
0.208783 0.686111
0.208880 0.686111
0.208977 0.686111
0.209074 0.686111
0.209171 0.686111
0.209268 0.686111
0.209365 0.686111
0.209463 0.686111
0.209560 0.686111
0.209657 0.686111
0.209754 0.686111
0.209851 0.686111
0.209948 0.686111
0.210045 0.686111
0.210142 0.686111
0.210240 0.686111
0.210337 0.686111
0.210434 0.686111
0.210531 0.686111
0.210628 0.686111
0.210725 0.686111
0.210822 0.686111
0.210920 0.686111
0.211017 0.686111
0.211114 0.686111
0.211211 0.686111
0.211308 0.686111
0.211405 0.686111
0.211502 0.683333
0.211599 0.683333
0.211697 0.683333
0.211794 0.683333
0.211891 0.683333
0.211988 0.683333
0.212085 0.680556
0.212182 0.680556
0.212279 0.680556
0.212377 0.680556
0.212474 0.680556
0.212571 0.680556
0.212668 0.680556
0.212765 0.680556
0.212862 0.680556
0.212959 0.680556
0.213056 0.680556
0.213154 0.680556
0.213251 0.680556
0.213348 0.680556
0.213445 0.680556
0.213542 0.680556
0.213639 0.680556
0.213736 0.680556
0.213834 0.680556
0.213931 0.680556
0.214028 0.680556
0.214125 0.680556
0.214222 0.680556
0.214319 0.680556
0.214416 0.680556
0.214513 0.680556
0.214611 0.680556
0.214708 0.680556
0.214805 0.680556
0.214902 0.680556
0.214999 0.680556
0.215096 0.680556
0.215193 0.680556
0.215291 0.680556
0.215388 0.680556
0.215485 0.680556
0.215582 0.680556
0.215679 0.675000
0.215776 0.675000
0.215873 0.675000
0.215971 0.675000
0.216068 0.675000
0.216165 0.675000
0.216262 0.675000
0.216359 0.675000
0.216456 0.675000
0.216553 0.675000
0.216650 0.675000
0.216748 0.675000
0.216845 0.675000
0.216942 0.675000
0.217039 0.675000
0.217136 0.675000
0.217233 0.675000
0.217330 0.675000
0.217428 0.675000
0.217525 0.675000
0.217622 0.675000
0.217719 0.675000
0.217816 0.675000
0.217913 0.675000
0.218010 0.675000
0.218107 0.675000
0.218205 0.672222
0.218302 0.672222
0.218399 0.672222
0.218496 0.672222
0.218593 0.672222
0.218690 0.672222
0.218787 0.672222
0.218885 0.672222
0.218982 0.672222
0.219079 0.672222
0.219176 0.672222
0.219273 0.672222
0.219370 0.672222
0.219467 0.672222
0.219564 0.672222
0.219662 0.672222
0.219759 0.672222
0.219856 0.672222
0.219953 0.672222
0.220050 0.672222
0.220147 0.672222
0.220244 0.672222
0.220342 0.672222
0.220439 0.672222
0.220536 0.672222
0.220633 0.672222
0.220730 0.672222
0.220827 0.672222
0.220924 0.672222
0.221021 0.672222
0.221119 0.672222
0.221216 0.672222
0.221313 0.672222
0.221410 0.672222
0.221507 0.669444
0.221604 0.669444
0.221701 0.669444
0.221799 0.669444
0.221896 0.669444
0.221993 0.669444
0.222090 0.669444
0.222187 0.669444
0.222284 0.669444
0.222381 0.669444
0.222479 0.669444
0.222576 0.669444
0.222673 0.669444
0.222770 0.666667
0.222867 0.666667
0.222964 0.666667
0.223061 0.666667
0.223158 0.666667
0.223256 0.666667
0.223353 0.666667
0.223450 0.666667
0.223547 0.666667
0.223644 0.666667
0.223741 0.666667
0.223838 0.666667
0.223936 0.666667
0.224033 0.666667
0.224130 0.666667
0.224227 0.666667
0.224324 0.666667
0.224421 0.666667
0.224518 0.666667
0.224615 0.666667
0.224713 0.666667
0.224810 0.666667
0.224907 0.666667
0.225004 0.666667
0.225101 0.666667
0.225198 0.666667
0.225295 0.666667
0.225393 0.666667
0.225490 0.666667
0.225587 0.666667
0.225684 0.666667
0.225781 0.666667
0.225878 0.666667
0.225975 0.666667
0.226072 0.666667
0.226170 0.663889
0.226267 0.663889
0.226364 0.663889
0.226461 0.663889
0.226558 0.663889
0.226655 0.663889
0.226752 0.663889
0.226850 0.663889
0.226947 0.663889
0.227044 0.663889
0.227141 0.663889
0.227238 0.663889
0.227335 0.663889
0.227432 0.663889
0.227530 0.663889
0.227627 0.663889
0.227724 0.663889
0.227821 0.663889
0.227918 0.663889
0.228015 0.663889
0.228112 0.663889
0.228209 0.663889
0.228307 0.663889
0.228404 0.663889
0.228501 0.663889
0.228598 0.663889
0.228695 0.663889
0.228792 0.663889
0.228889 0.663889
0.228987 0.663889
0.229084 0.663889
0.229181 0.663889
0.229278 0.663889
0.229375 0.663889
0.229472 0.663889
0.229569 0.663889
0.229666 0.663889
0.229764 0.663889
0.229861 0.663889
0.229958 0.663889
0.230055 0.663889
0.230152 0.663889
0.230249 0.663889
0.230346 0.663889
0.230444 0.663889
0.230541 0.661111
0.230638 0.661111
0.230735 0.661111
0.230832 0.661111
0.230929 0.661111
0.231026 0.661111
0.231123 0.661111
0.231221 0.661111
0.231318 0.661111
0.231415 0.661111
0.231512 0.661111
0.231609 0.661111
0.231706 0.661111
0.231803 0.661111
0.231901 0.658333
0.231998 0.658333
0.232095 0.658333
0.232192 0.658333
0.232289 0.658333
0.232386 0.658333
0.232483 0.655556
0.232580 0.652778
0.232678 0.652778
0.232775 0.652778
0.232872 0.652778
0.232969 0.652778
0.233066 0.652778
0.233163 0.652778
0.233260 0.652778
0.233358 0.652778
0.233455 0.652778
0.233552 0.652778
0.233649 0.652778
0.233746 0.652778
0.233843 0.652778
0.233940 0.652778
0.234038 0.652778
0.234135 0.652778
0.234232 0.652778
0.234329 0.652778
0.234426 0.652778
0.234523 0.652778
0.234620 0.652778
0.234717 0.652778
0.234815 0.652778
0.234912 0.652778
0.235009 0.652778
0.235106 0.652778
0.235203 0.652778
0.235300 0.652778
0.235397 0.652778
0.235495 0.652778
0.235592 0.652778
0.235689 0.652778
0.235786 0.652778
0.235883 0.652778
0.235980 0.652778
0.236077 0.652778
0.236174 0.652778
0.236272 0.652778
0.236369 0.652778
0.236466 0.652778
0.236563 0.652778
0.236660 0.652778
0.236757 0.652778
0.236854 0.652778
0.236952 0.652778
0.237049 0.652778
0.237146 0.652778
0.237243 0.650000
0.237340 0.650000
0.237437 0.647222
0.237534 0.647222
0.237631 0.644444
0.237729 0.644444
0.237826 0.644444
0.237923 0.644444
0.238020 0.644444
0.238117 0.644444
0.238214 0.644444
0.238311 0.644444
0.238409 0.644444
0.238506 0.644444
0.238603 0.644444
0.238700 0.644444
0.238797 0.644444
0.238894 0.644444
0.238991 0.644444
0.239088 0.644444
0.239186 0.644444
0.239283 0.644444
0.239380 0.644444
0.239477 0.644444
0.239574 0.644444
0.239671 0.644444
0.239768 0.644444
0.239866 0.644444
0.239963 0.644444
0.240060 0.644444
0.240157 0.644444
0.240254 0.644444
0.240351 0.644444
0.240448 0.644444
0.240546 0.644444
0.240643 0.644444
0.240740 0.644444
0.240837 0.644444
0.240934 0.644444
0.241031 0.644444
0.241128 0.644444
0.241225 0.644444
0.241323 0.644444
0.241420 0.644444
0.241517 0.644444
0.241614 0.644444
0.241711 0.644444
0.241808 0.644444
0.241905 0.644444
0.242003 0.644444
0.242100 0.644444
0.242197 0.644444
0.242294 0.641667
0.242391 0.641667
0.242488 0.641667
0.242585 0.641667
0.242682 0.641667
0.242780 0.641667
0.242877 0.641667
0.242974 0.641667
0.243071 0.641667
0.243168 0.641667
0.243265 0.641667
0.243362 0.641667
0.243460 0.641667
0.243557 0.641667
0.243654 0.641667
0.243751 0.641667
0.243848 0.641667
0.243945 0.641667
0.244042 0.641667
0.244139 0.641667
0.244237 0.641667
0.244334 0.641667
0.244431 0.641667
0.244528 0.638889
0.244625 0.638889
0.244722 0.638889
0.244819 0.638889
0.244917 0.638889
0.245014 0.638889
0.245111 0.638889
0.245208 0.638889
0.245305 0.636111
0.245402 0.636111
0.245499 0.636111
0.245596 0.636111
0.245694 0.636111
0.245791 0.636111
0.245888 0.636111
0.245985 0.636111
0.246082 0.636111
0.246179 0.636111
0.246276 0.636111
0.246374 0.636111
0.246471 0.636111
0.246568 0.636111
0.246665 0.636111
0.246762 0.633333
0.246859 0.633333
0.246956 0.633333
0.247054 0.633333
0.247151 0.633333
0.247248 0.633333
0.247345 0.633333
0.247442 0.633333
0.247539 0.633333
0.247636 0.633333
0.247733 0.633333
0.247831 0.633333
0.247928 0.633333
0.248025 0.633333
0.248122 0.633333
0.248219 0.633333
0.248316 0.633333
0.248413 0.633333
0.248511 0.633333
0.248608 0.633333
0.248705 0.633333
0.248802 0.633333
0.248899 0.633333
0.248996 0.633333
0.249093 0.633333
0.249190 0.633333
0.249288 0.633333
0.249385 0.633333
0.249482 0.630556
0.249579 0.630556
0.249676 0.630556
0.249773 0.630556
0.249870 0.627778
0.249968 0.627778
0.250065 0.627778
0.250162 0.627778
0.250259 0.627778
0.250356 0.627778
0.250453 0.627778
0.250550 0.627778
0.250647 0.627778
0.250745 0.627778
0.250842 0.627778
0.250939 0.627778
0.251036 0.627778
0.251133 0.627778
0.251230 0.627778
0.251327 0.627778
0.251425 0.627778
0.251522 0.627778
0.251619 0.627778
0.251716 0.627778
0.251813 0.627778
0.251910 0.627778
0.252007 0.627778
0.252105 0.627778
0.252202 0.627778
0.252299 0.627778
0.252396 0.627778
0.252493 0.627778
0.252590 0.627778
0.252687 0.627778
0.252784 0.627778
0.252882 0.625000
0.252979 0.625000
0.253076 0.625000
0.253173 0.625000
0.253270 0.625000
0.253367 0.625000
0.253464 0.625000
0.253562 0.625000
0.253659 0.625000
0.253756 0.625000
0.253853 0.625000
0.253950 0.625000
0.254047 0.625000
0.254144 0.625000
0.254241 0.625000
0.254339 0.625000
0.254436 0.625000
0.254533 0.625000
0.254630 0.625000
0.254727 0.625000
0.254824 0.625000
0.254921 0.625000
0.255019 0.625000
0.255116 0.625000
0.255213 0.625000
0.255310 0.625000
0.255407 0.625000
0.255504 0.625000
0.255601 0.625000
0.255698 0.625000
0.255796 0.625000
0.255893 0.625000
0.255990 0.625000
0.256087 0.625000
0.256184 0.625000
0.256281 0.625000
0.256378 0.625000
0.256476 0.625000
0.256573 0.625000
0.256670 0.625000
0.256767 0.625000
0.256864 0.625000
0.256961 0.625000
0.257058 0.625000
0.257155 0.625000
0.257253 0.625000
0.257350 0.625000
0.257447 0.625000
0.257544 0.625000
0.257641 0.625000
0.257738 0.625000
0.257835 0.625000
0.257933 0.625000
0.258030 0.625000
0.258127 0.625000
0.258224 0.625000
0.258321 0.625000
0.258418 0.625000
0.258515 0.625000
0.258613 0.625000
0.258710 0.625000
0.258807 0.625000
0.258904 0.625000
0.259001 0.625000
0.259098 0.625000
0.259195 0.625000
0.259292 0.625000
0.259390 0.625000
0.259487 0.625000
0.259584 0.625000
0.259681 0.625000
0.259778 0.625000
0.259875 0.625000
0.259972 0.625000
0.260070 0.625000
0.260167 0.625000
0.260264 0.625000
0.260361 0.625000
0.260458 0.625000
0.260555 0.625000
0.260652 0.622222
0.260749 0.622222
0.260847 0.622222
0.260944 0.622222
0.261041 0.622222
0.261138 0.622222
0.261235 0.619444
0.261332 0.616667
0.261429 0.616667
0.261527 0.616667
0.261624 0.616667
0.261721 0.616667
0.261818 0.616667
0.261915 0.616667
0.262012 0.616667
0.262109 0.616667
0.262206 0.616667
0.262304 0.616667
0.262401 0.616667
0.262498 0.613889
0.262595 0.613889
0.262692 0.613889
0.262789 0.613889
0.262886 0.613889
0.262984 0.613889
0.263081 0.613889
0.263178 0.613889
0.263275 0.613889
0.263372 0.613889
0.263469 0.613889
0.263566 0.613889
0.263663 0.613889
0.263761 0.613889
0.263858 0.613889
0.263955 0.613889
0.264052 0.613889
0.264149 0.613889
0.264246 0.613889
0.264343 0.613889
0.264441 0.613889
0.264538 0.613889
0.264635 0.613889
0.264732 0.613889
0.264829 0.613889
0.264926 0.613889
0.265023 0.613889
0.265121 0.613889
0.265218 0.613889
0.265315 0.613889
0.265412 0.613889
0.265509 0.613889
0.265606 0.613889
0.265703 0.613889
0.265800 0.613889
0.265898 0.613889
0.265995 0.613889
0.266092 0.613889
0.266189 0.611111
0.266286 0.611111
0.266383 0.611111
0.266480 0.611111
0.266578 0.611111
0.266675 0.611111
0.266772 0.611111
0.266869 0.611111
0.266966 0.611111
0.267063 0.611111
0.267160 0.608333
0.267257 0.608333
0.267355 0.608333
0.267452 0.608333
0.267549 0.605556
0.267646 0.605556
0.267743 0.605556
0.267840 0.602778
0.267937 0.602778
0.268035 0.602778
0.268132 0.602778
0.268229 0.602778
0.268326 0.602778
0.268423 0.602778
0.268520 0.602778
0.268617 0.602778
0.268714 0.602778
0.268812 0.602778
0.268909 0.602778
0.269006 0.602778
0.269103 0.602778
0.269200 0.602778
0.269297 0.602778
0.269394 0.602778
0.269492 0.602778
0.269589 0.602778
0.269686 0.602778
0.269783 0.602778
0.269880 0.602778
0.269977 0.602778
0.270074 0.600000
0.270172 0.600000
0.270269 0.600000
0.270366 0.600000
0.270463 0.597222
0.270560 0.597222
0.270657 0.594444
0.270754 0.594444
0.270851 0.594444
0.270949 0.594444
0.271046 0.594444
0.271143 0.594444
0.271240 0.594444
0.271337 0.594444
0.271434 0.594444
0.271531 0.594444
0.271629 0.594444
0.271726 0.594444
0.271823 0.594444
0.271920 0.594444
0.272017 0.594444
0.272114 0.591667
0.272211 0.588889
0.272308 0.588889
0.272406 0.588889
0.272503 0.588889
0.272600 0.588889
0.272697 0.588889
0.272794 0.588889
0.272891 0.588889
0.272988 0.588889
0.273086 0.588889
0.273183 0.588889
0.273280 0.588889
0.273377 0.588889
0.273474 0.588889
0.273571 0.588889
0.273668 0.588889
0.273765 0.588889
0.273863 0.588889
0.273960 0.588889
0.274057 0.588889
0.274154 0.588889
0.274251 0.588889
0.274348 0.588889
0.274445 0.588889
0.274543 0.588889
0.274640 0.588889
0.274737 0.588889
0.274834 0.588889
0.274931 0.588889
0.275028 0.588889
0.275125 0.588889
0.275222 0.588889
0.275320 0.588889
0.275417 0.588889
0.275514 0.588889
0.275611 0.588889
0.275708 0.588889
0.275805 0.586111
0.275902 0.586111
0.276000 0.586111
0.276097 0.586111
0.276194 0.586111
0.276291 0.586111
0.276388 0.586111
0.276485 0.586111
0.276582 0.586111
0.276680 0.586111
0.276777 0.586111
0.276874 0.586111
0.276971 0.586111
0.277068 0.586111
0.277165 0.586111
0.277262 0.586111
0.277359 0.586111
0.277457 0.586111
0.277554 0.583333
0.277651 0.583333
0.277748 0.583333
0.277845 0.583333
0.277942 0.583333
0.278039 0.583333
0.278137 0.583333
0.278234 0.583333
0.278331 0.583333
0.278428 0.583333
0.278525 0.583333
0.278622 0.580556
0.278719 0.580556
0.278816 0.580556
0.278914 0.577778
0.279011 0.577778
0.279108 0.577778
0.279205 0.577778
0.279302 0.575000
0.279399 0.575000
0.279496 0.575000
0.279594 0.575000
0.279691 0.575000
0.279788 0.575000
0.279885 0.575000
0.279982 0.575000
0.280079 0.575000
0.280176 0.575000
0.280273 0.575000
0.280371 0.575000
0.280468 0.575000
0.280565 0.575000
0.280662 0.575000
0.280759 0.575000
0.280856 0.572222
0.280953 0.569444
0.281051 0.569444
0.281148 0.569444
0.281245 0.569444
0.281342 0.569444
0.281439 0.569444
0.281536 0.569444
0.281633 0.569444
0.281730 0.569444
0.281828 0.569444
0.281925 0.569444
0.282022 0.569444
0.282119 0.566667
0.282216 0.566667
0.282313 0.566667
0.282410 0.563889
0.282508 0.563889
0.282605 0.563889
0.282702 0.563889
0.282799 0.563889
0.282896 0.563889
0.282993 0.563889
0.283090 0.563889
0.283188 0.563889
0.283285 0.563889
0.283382 0.563889
0.283479 0.563889
0.283576 0.563889
0.283673 0.563889
0.283770 0.563889
0.283867 0.563889
0.283965 0.563889
0.284062 0.563889
0.284159 0.563889
0.284256 0.563889
0.284353 0.561111
0.284450 0.561111
0.284547 0.561111
0.284645 0.561111
0.284742 0.561111
0.284839 0.561111
0.284936 0.558333
0.285033 0.558333
0.285130 0.558333
0.285227 0.558333
0.285324 0.558333
0.285422 0.558333
0.285519 0.558333
0.285616 0.558333
0.285713 0.558333
0.285810 0.558333
0.285907 0.558333
0.286004 0.558333
0.286102 0.558333
0.286199 0.558333
0.286296 0.558333
0.286393 0.558333
0.286490 0.558333
0.286587 0.558333
0.286684 0.558333
0.286781 0.558333
0.286879 0.558333
0.286976 0.558333
0.287073 0.558333
0.287170 0.558333
0.287267 0.558333
0.287364 0.558333
0.287461 0.555556
0.287559 0.555556
0.287656 0.555556
0.287753 0.555556
0.287850 0.555556
0.287947 0.555556
0.288044 0.555556
0.288141 0.555556
0.288239 0.555556
0.288336 0.555556
0.288433 0.555556
0.288530 0.555556
0.288627 0.555556
0.288724 0.555556
0.288821 0.555556
0.288918 0.555556
0.289016 0.555556
0.289113 0.555556
0.289210 0.555556
0.289307 0.555556
0.289404 0.555556
0.289501 0.555556
0.289598 0.555556
0.289696 0.555556
0.289793 0.555556
0.289890 0.555556
0.289987 0.555556
0.290084 0.555556
0.290181 0.555556
0.290278 0.555556
0.290375 0.555556
0.290473 0.555556
0.290570 0.555556
0.290667 0.555556
0.290764 0.555556
0.290861 0.555556
0.290958 0.555556
0.291055 0.552778
0.291153 0.552778
0.291250 0.552778
0.291347 0.552778
0.291444 0.552778
0.291541 0.552778
0.291638 0.552778
0.291735 0.552778
0.291832 0.552778
0.291930 0.552778
0.292027 0.552778
0.292124 0.552778
0.292221 0.552778
0.292318 0.552778
0.292415 0.552778
0.292512 0.550000
0.292610 0.550000
0.292707 0.550000
0.292804 0.550000
0.292901 0.550000
0.292998 0.550000
0.293095 0.550000
0.293192 0.550000
0.293289 0.550000
0.293387 0.550000
0.293484 0.550000
0.293581 0.550000
0.293678 0.547222
0.293775 0.547222
0.293872 0.547222
0.293969 0.547222
0.294067 0.544444
0.294164 0.544444
0.294261 0.544444
0.294358 0.544444
0.294455 0.544444
0.294552 0.544444
0.294649 0.544444
0.294747 0.544444
0.294844 0.544444
0.294941 0.544444
0.295038 0.544444
0.295135 0.544444
0.295232 0.544444
0.295329 0.544444
0.295426 0.544444
0.295524 0.544444
0.295621 0.544444
0.295718 0.544444
0.295815 0.544444
0.295912 0.544444
0.296009 0.544444
0.296106 0.544444
0.296204 0.544444
0.296301 0.544444
0.296398 0.544444
0.296495 0.544444
0.296592 0.544444
0.296689 0.541667
0.296786 0.541667
0.296883 0.541667
0.296981 0.541667
0.297078 0.541667
0.297175 0.541667
0.297272 0.541667
0.297369 0.541667
0.297466 0.538889
0.297563 0.538889
0.297661 0.538889
0.297758 0.538889
0.297855 0.538889
0.297952 0.538889
0.298049 0.538889
0.298146 0.538889
0.298243 0.538889
0.298340 0.538889
0.298438 0.538889
0.298535 0.538889
0.298632 0.538889
0.298729 0.538889
0.298826 0.538889
0.298923 0.538889
0.299020 0.538889
0.299118 0.538889
0.299215 0.538889
0.299312 0.538889
0.299409 0.538889
0.299506 0.538889
0.299603 0.538889
0.299700 0.538889
0.299797 0.538889
0.299895 0.538889
0.299992 0.538889
0.300089 0.538889
0.300186 0.538889
0.300283 0.538889
0.300380 0.538889
0.300477 0.538889
0.300575 0.538889
0.300672 0.538889
0.300769 0.538889
0.300866 0.538889
0.300963 0.538889
0.301060 0.538889
0.301157 0.536111
0.301255 0.536111
0.301352 0.536111
0.301449 0.536111
0.301546 0.536111
0.301643 0.536111
0.301740 0.536111
0.301837 0.533333
0.301934 0.533333
0.302032 0.533333
0.302129 0.533333
0.302226 0.533333
0.302323 0.533333
0.302420 0.533333
0.302517 0.533333
0.302614 0.530556
0.302712 0.530556
0.302809 0.530556
0.302906 0.530556
0.303003 0.530556
0.303100 0.530556
0.303197 0.530556
0.303294 0.527778
0.303391 0.527778
0.303489 0.527778
0.303586 0.527778
0.303683 0.527778
0.303780 0.527778
0.303877 0.527778
0.303974 0.527778
0.304071 0.527778
0.304169 0.527778
0.304266 0.527778
0.304363 0.527778
0.304460 0.525000
0.304557 0.525000
0.304654 0.525000
0.304751 0.525000
0.304848 0.522222
0.304946 0.522222
0.305043 0.522222
0.305140 0.522222
0.305237 0.522222
0.305334 0.522222
0.305431 0.522222
0.305528 0.522222
0.305626 0.522222
0.305723 0.522222
0.305820 0.522222
0.305917 0.522222
0.306014 0.522222
0.306111 0.519444
0.306208 0.519444
0.306306 0.519444
0.306403 0.519444
0.306500 0.516667
0.306597 0.516667
0.306694 0.516667
0.306791 0.516667
0.306888 0.516667
0.306985 0.516667
0.307083 0.516667
0.307180 0.516667
0.307277 0.516667
0.307374 0.516667
0.307471 0.516667
0.307568 0.516667
0.307665 0.516667
0.307763 0.516667
0.307860 0.513889
0.307957 0.513889
0.308054 0.513889
0.308151 0.513889
0.308248 0.513889
0.308345 0.513889
0.308442 0.513889
0.308540 0.513889
0.308637 0.513889
0.308734 0.513889
0.308831 0.511111
0.308928 0.511111
0.309025 0.511111
0.309122 0.511111
0.309220 0.511111
0.309317 0.511111
0.309414 0.511111
0.309511 0.511111
0.309608 0.511111
0.309705 0.511111
0.309802 0.511111
0.309899 0.511111
0.309997 0.508333
0.310094 0.508333
0.310191 0.508333
0.310288 0.508333
0.310385 0.508333
0.310482 0.508333
0.310579 0.508333
0.310677 0.508333
0.310774 0.508333
0.310871 0.508333
0.310968 0.508333
0.311065 0.508333
0.311162 0.508333
0.311259 0.508333
0.311356 0.508333
0.311454 0.508333
0.311551 0.508333
0.311648 0.508333
0.311745 0.508333
0.311842 0.508333
0.311939 0.508333
0.312036 0.508333
0.312134 0.508333
0.312231 0.508333
0.312328 0.508333
0.312425 0.508333
0.312522 0.508333
0.312619 0.508333
0.312716 0.508333
0.312814 0.508333
0.312911 0.508333
0.313008 0.508333
0.313105 0.508333
0.313202 0.508333
0.313299 0.505556
0.313396 0.505556
0.313493 0.505556
0.313591 0.505556
0.313688 0.505556
0.313785 0.505556
0.313882 0.502778
0.313979 0.502778
0.314076 0.502778
0.314173 0.502778
0.314271 0.502778
0.314368 0.502778
0.314465 0.502778
0.314562 0.502778
0.314659 0.502778
0.314756 0.502778
0.314853 0.502778
0.314950 0.502778
0.315048 0.500000
0.315145 0.500000
0.315242 0.500000
0.315339 0.500000
0.315436 0.500000
0.315533 0.500000
0.315630 0.500000
0.315728 0.500000
0.315825 0.500000
0.315922 0.500000
0.316019 0.500000
0.316116 0.500000
0.316213 0.500000
0.316310 0.500000
0.316407 0.500000
0.316505 0.500000
0.316602 0.500000
0.316699 0.500000
0.316796 0.500000
0.316893 0.497222
0.316990 0.497222
0.317087 0.497222
0.317185 0.497222
0.317282 0.497222
0.317379 0.497222
0.317476 0.497222
0.317573 0.497222
0.317670 0.497222
0.317767 0.497222
0.317864 0.497222
0.317962 0.497222
0.318059 0.497222
0.318156 0.497222
0.318253 0.497222
0.318350 0.497222
0.318447 0.497222
0.318544 0.497222
0.318642 0.497222
0.318739 0.497222
0.318836 0.497222
0.318933 0.497222
0.319030 0.494444
0.319127 0.494444
0.319224 0.494444
0.319322 0.494444
0.319419 0.494444
0.319516 0.494444
0.319613 0.494444
0.319710 0.494444
0.319807 0.494444
0.319904 0.494444
0.320001 0.494444
0.320099 0.494444
0.320196 0.494444
0.320293 0.494444
0.320390 0.491667
0.320487 0.491667
0.320584 0.491667
0.320681 0.491667
0.320779 0.491667
0.320876 0.491667
0.320973 0.491667
0.321070 0.491667
0.321167 0.488889
0.321264 0.488889
0.321361 0.488889
0.321458 0.488889
0.321556 0.488889
0.321653 0.488889
0.321750 0.488889
0.321847 0.488889
0.321944 0.488889
0.322041 0.488889
0.322138 0.488889
0.322236 0.488889
0.322333 0.488889
0.322430 0.488889
0.322527 0.488889
0.322624 0.488889
0.322721 0.486111
0.322818 0.486111
0.322915 0.486111
0.323013 0.486111
0.323110 0.486111
0.323207 0.483333
0.323304 0.483333
0.323401 0.483333
0.323498 0.483333
0.323595 0.483333
0.323693 0.483333
0.323790 0.483333
0.323887 0.480556
0.323984 0.480556
0.324081 0.480556
0.324178 0.480556
0.324275 0.480556
0.324373 0.480556
0.324470 0.480556
0.324567 0.480556
0.324664 0.480556
0.324761 0.480556
0.324858 0.480556
0.324955 0.480556
0.325052 0.480556
0.325150 0.480556
0.325247 0.480556
0.325344 0.477778
0.325441 0.477778
0.325538 0.477778
0.325635 0.477778
0.325732 0.477778
0.325830 0.477778
0.325927 0.475000
0.326024 0.475000
0.326121 0.475000
0.326218 0.475000
0.326315 0.475000
0.326412 0.475000
0.326509 0.472222
0.326607 0.472222
0.326704 0.472222
0.326801 0.472222
0.326898 0.472222
0.326995 0.472222
0.327092 0.472222
0.327189 0.472222
0.327287 0.472222
0.327384 0.472222
0.327481 0.472222
0.327578 0.472222
0.327675 0.472222
0.327772 0.469444
0.327869 0.469444
0.327966 0.469444
0.328064 0.469444
0.328161 0.469444
0.328258 0.469444
0.328355 0.469444
0.328452 0.469444
0.328549 0.469444
0.328646 0.469444
0.328744 0.469444
0.328841 0.469444
0.328938 0.469444
0.329035 0.469444
0.329132 0.469444
0.329229 0.466667
0.329326 0.466667
0.329423 0.466667
0.329521 0.466667
0.329618 0.466667
0.329715 0.466667
0.329812 0.463889
0.329909 0.463889
0.330006 0.463889
0.330103 0.463889
0.330201 0.463889
0.330298 0.463889
0.330395 0.463889
0.330492 0.463889
0.330589 0.463889
0.330686 0.463889
0.330783 0.461111
0.330881 0.461111
0.330978 0.461111
0.331075 0.461111
0.331172 0.461111
0.331269 0.461111
0.331366 0.461111
0.331463 0.461111
0.331560 0.461111
0.331658 0.461111
0.331755 0.461111
0.331852 0.461111
0.331949 0.461111
0.332046 0.461111
0.332143 0.461111
0.332240 0.461111
0.332338 0.461111
0.332435 0.461111
0.332532 0.461111
0.332629 0.461111
0.332726 0.461111
0.332823 0.461111
0.332920 0.461111
0.333017 0.461111
0.333115 0.461111
0.333212 0.461111
0.333309 0.461111
0.333406 0.461111
0.333503 0.461111
0.333600 0.461111
0.333697 0.461111
0.333795 0.461111
0.333892 0.461111
0.333989 0.461111
0.334086 0.461111
0.334183 0.461111
0.334280 0.461111
0.334377 0.461111
0.334474 0.461111
0.334572 0.461111
0.334669 0.461111
0.334766 0.461111
0.334863 0.461111
0.334960 0.461111
0.335057 0.461111
0.335154 0.461111
0.335252 0.461111
0.335349 0.461111
0.335446 0.461111
0.335543 0.461111
0.335640 0.461111
0.335737 0.461111
0.335834 0.461111
0.335931 0.461111
0.336029 0.461111
0.336126 0.461111
0.336223 0.461111
0.336320 0.461111
0.336417 0.461111
0.336514 0.458333
0.336611 0.455556
0.336709 0.455556
0.336806 0.455556
0.336903 0.455556
0.337000 0.455556
0.337097 0.455556
0.337194 0.455556
0.337291 0.455556
0.337389 0.455556
0.337486 0.452778
0.337583 0.452778
0.337680 0.452778
0.337777 0.452778
0.337874 0.452778
0.337971 0.452778
0.338068 0.452778
0.338166 0.452778
0.338263 0.452778
0.338360 0.452778
0.338457 0.452778
0.338554 0.450000
0.338651 0.450000
0.338748 0.450000
0.338846 0.450000
0.338943 0.447222
0.339040 0.447222
0.339137 0.447222
0.339234 0.447222
0.339331 0.447222
0.339428 0.447222
0.339525 0.447222
0.339623 0.447222
0.339720 0.447222
0.339817 0.447222
0.339914 0.447222
0.340011 0.447222
0.340108 0.444444
0.340205 0.444444
0.340303 0.444444
0.340400 0.444444
0.340497 0.444444
0.340594 0.444444
0.340691 0.444444
0.340788 0.444444
0.340885 0.444444
0.340982 0.444444
0.341080 0.444444
0.341177 0.444444
0.341274 0.444444
0.341371 0.444444
0.341468 0.444444
0.341565 0.444444
0.341662 0.444444
0.341760 0.444444
0.341857 0.444444
0.341954 0.444444
0.342051 0.444444
0.342148 0.444444
0.342245 0.444444
0.342342 0.444444
0.342440 0.444444
0.342537 0.444444
0.342634 0.444444
0.342731 0.444444
0.342828 0.444444
0.342925 0.444444
0.343022 0.444444
0.343119 0.444444
0.343217 0.444444
0.343314 0.444444
0.343411 0.444444
0.343508 0.444444
0.343605 0.444444
0.343702 0.444444
0.343799 0.444444
0.343897 0.444444
0.343994 0.444444
0.344091 0.444444
0.344188 0.444444
0.344285 0.444444
0.344382 0.444444
0.344479 0.444444
0.344576 0.441667
0.344674 0.441667
0.344771 0.441667
0.344868 0.441667
0.344965 0.441667
0.345062 0.441667
0.345159 0.441667
0.345256 0.441667
0.345354 0.441667
0.345451 0.441667
0.345548 0.441667
0.345645 0.441667
0.345742 0.441667
0.345839 0.441667
0.345936 0.441667
0.346033 0.441667
0.346131 0.441667
0.346228 0.441667
0.346325 0.441667
0.346422 0.441667
0.346519 0.441667
0.346616 0.441667
0.346713 0.441667
0.346811 0.438889
0.346908 0.438889
0.347005 0.438889
0.347102 0.438889
0.347199 0.438889
0.347296 0.438889
0.347393 0.438889
0.347490 0.438889
0.347588 0.438889
0.347685 0.438889
0.347782 0.438889
0.347879 0.438889
0.347976 0.438889
0.348073 0.438889
0.348170 0.438889
0.348268 0.438889
0.348365 0.438889
0.348462 0.438889
0.348559 0.438889
0.348656 0.436111
0.348753 0.436111
0.348850 0.433333
0.348948 0.433333
0.349045 0.433333
0.349142 0.433333
0.349239 0.433333
0.349336 0.433333
0.349433 0.433333
0.349530 0.433333
0.349627 0.433333
0.349725 0.433333
0.349822 0.433333
0.349919 0.433333
0.350016 0.433333
0.350113 0.433333
0.350210 0.433333
0.350307 0.433333
0.350405 0.433333
0.350502 0.433333
0.350599 0.433333
0.350696 0.433333
0.350793 0.433333
0.350890 0.433333
0.350987 0.433333
0.351084 0.433333
0.351182 0.433333
0.351279 0.433333
0.351376 0.433333
0.351473 0.433333
0.351570 0.433333
0.351667 0.433333
0.351764 0.433333
0.351862 0.433333
0.351959 0.433333
0.352056 0.433333
0.352153 0.433333
0.352250 0.433333
0.352347 0.433333
0.352444 0.433333
0.352541 0.433333
0.352639 0.430556
0.352736 0.430556
0.352833 0.427778
0.352930 0.427778
0.353027 0.427778
0.353124 0.427778
0.353221 0.427778
0.353319 0.427778
0.353416 0.427778
0.353513 0.427778
0.353610 0.427778
0.353707 0.427778
0.353804 0.427778
0.353901 0.427778
0.353998 0.427778
0.354096 0.427778
0.354193 0.427778
0.354290 0.427778
0.354387 0.427778
0.354484 0.427778
0.354581 0.427778
0.354678 0.427778
0.354776 0.427778
0.354873 0.427778
0.354970 0.427778
0.355067 0.427778
0.355164 0.427778
0.355261 0.427778
0.355358 0.427778
0.355456 0.427778
0.355553 0.427778
0.355650 0.427778
0.355747 0.425000
0.355844 0.425000
0.355941 0.425000
0.356038 0.425000
0.356135 0.425000
0.356233 0.425000
0.356330 0.425000
0.356427 0.425000
0.356524 0.425000
0.356621 0.425000
0.356718 0.425000
0.356815 0.425000
0.356913 0.425000
0.357010 0.425000
0.357107 0.425000
0.357204 0.425000
0.357301 0.425000
0.357398 0.425000
0.357495 0.425000
0.357592 0.425000
0.357690 0.425000
0.357787 0.422222
0.357884 0.422222
0.357981 0.422222
0.358078 0.422222
0.358175 0.422222
0.358272 0.422222
0.358370 0.422222
0.358467 0.419444
0.358564 0.419444
0.358661 0.419444
0.358758 0.419444
0.358855 0.416667
0.358952 0.416667
0.359049 0.416667
0.359147 0.416667
0.359244 0.416667
0.359341 0.416667
0.359438 0.416667
0.359535 0.416667
0.359632 0.416667
0.359729 0.416667
0.359827 0.416667
0.359924 0.416667
0.360021 0.416667
0.360118 0.416667
0.360215 0.416667
0.360312 0.416667
0.360409 0.416667
0.360507 0.416667
0.360604 0.416667
0.360701 0.416667
0.360798 0.413889
0.360895 0.413889
0.360992 0.413889
0.361089 0.413889
0.361186 0.413889
0.361284 0.411111
0.361381 0.411111
0.361478 0.411111
0.361575 0.411111
0.361672 0.411111
0.361769 0.411111
0.361866 0.411111
0.361964 0.408333
0.362061 0.408333
0.362158 0.408333
0.362255 0.408333
0.362352 0.408333
0.362449 0.408333
0.362546 0.408333
0.362643 0.408333
0.362741 0.405556
0.362838 0.405556
0.362935 0.405556
0.363032 0.402778
0.363129 0.402778
0.363226 0.402778
0.363323 0.402778
0.363421 0.402778
0.363518 0.402778
0.363615 0.402778
0.363712 0.402778
0.363809 0.402778
0.363906 0.402778
0.364003 0.402778
0.364100 0.402778
0.364198 0.402778
0.364295 0.402778
0.364392 0.402778
0.364489 0.402778
0.364586 0.402778
0.364683 0.402778
0.364780 0.402778
0.364878 0.402778
0.364975 0.402778
0.365072 0.402778
0.365169 0.402778
0.365266 0.402778
0.365363 0.402778
0.365460 0.402778
0.365557 0.402778
0.365655 0.402778
0.365752 0.402778
0.365849 0.402778
0.365946 0.402778
0.366043 0.402778
0.366140 0.402778
0.366237 0.402778
0.366335 0.397222
0.366432 0.397222
0.366529 0.397222
0.366626 0.397222
0.366723 0.397222
0.366820 0.397222
0.366917 0.397222
0.367015 0.397222
0.367112 0.397222
0.367209 0.397222
0.367306 0.397222
0.367403 0.397222
0.367500 0.397222
0.367597 0.397222
0.367694 0.397222
0.367792 0.397222
0.367889 0.397222
0.367986 0.397222
0.368083 0.397222
0.368180 0.397222
0.368277 0.397222
0.368374 0.397222
0.368472 0.397222
0.368569 0.397222
0.368666 0.397222
0.368763 0.397222
0.368860 0.397222
0.368957 0.397222
0.369054 0.397222
0.369151 0.397222
0.369249 0.397222
0.369346 0.397222
0.369443 0.397222
0.369540 0.397222
0.369637 0.397222
0.369734 0.397222
0.369831 0.397222
0.369929 0.397222
0.370026 0.397222
0.370123 0.397222
0.370220 0.397222
0.370317 0.397222
0.370414 0.397222
0.370511 0.397222
0.370608 0.397222
0.370706 0.397222
0.370803 0.397222
0.370900 0.397222
0.370997 0.397222
0.371094 0.397222
0.371191 0.397222
0.371288 0.397222
0.371386 0.397222
0.371483 0.397222
0.371580 0.397222
0.371677 0.397222
0.371774 0.397222
0.371871 0.394444
0.371968 0.394444
0.372065 0.394444
0.372163 0.394444
0.372260 0.394444
0.372357 0.394444
0.372454 0.394444
0.372551 0.394444
0.372648 0.394444
0.372745 0.394444
0.372843 0.394444
0.372940 0.394444
0.373037 0.394444
0.373134 0.394444
0.373231 0.394444
0.373328 0.394444
0.373425 0.394444
0.373523 0.394444
0.373620 0.394444
0.373717 0.394444
0.373814 0.394444
0.373911 0.394444
0.374008 0.394444
0.374105 0.394444
0.374202 0.394444
0.374300 0.394444
0.374397 0.394444
0.374494 0.394444
0.374591 0.394444
0.374688 0.394444
0.374785 0.394444
0.374882 0.394444
0.374980 0.394444
0.375077 0.394444
0.375174 0.394444
0.375271 0.394444
0.375368 0.394444
0.375465 0.394444
0.375562 0.394444
0.375659 0.394444
0.375757 0.394444
0.375854 0.394444
0.375951 0.394444
0.376048 0.394444
0.376145 0.394444
0.376242 0.394444
0.376339 0.394444
0.376437 0.394444
0.376534 0.394444
0.376631 0.394444
0.376728 0.394444
0.376825 0.394444
0.376922 0.394444
0.377019 0.394444
0.377116 0.394444
0.377214 0.394444
0.377311 0.394444
0.377408 0.394444
0.377505 0.394444
0.377602 0.394444
0.377699 0.394444
0.377796 0.394444
0.377894 0.394444
0.377991 0.394444
0.378088 0.394444
0.378185 0.394444
0.378282 0.394444
0.378379 0.394444
0.378476 0.394444
0.378574 0.394444
0.378671 0.394444
0.378768 0.394444
0.378865 0.394444
0.378962 0.394444
0.379059 0.394444
0.379156 0.394444
0.379253 0.394444
0.379351 0.394444
0.379448 0.391667
0.379545 0.391667
0.379642 0.391667
0.379739 0.391667
0.379836 0.391667
0.379933 0.391667
0.380031 0.391667
0.380128 0.391667
0.380225 0.391667
0.380322 0.391667
0.380419 0.391667
0.380516 0.391667
0.380613 0.391667
0.380710 0.391667
0.380808 0.391667
0.380905 0.391667
0.381002 0.391667
0.381099 0.391667
0.381196 0.391667
0.381293 0.391667
0.381390 0.391667
0.381488 0.391667
0.381585 0.391667
0.381682 0.391667
0.381779 0.391667
0.381876 0.391667
0.381973 0.391667
0.382070 0.391667
0.382167 0.391667
0.382265 0.391667
0.382362 0.391667
0.382459 0.391667
0.382556 0.391667
0.382653 0.391667
0.382750 0.391667
0.382847 0.391667
0.382945 0.391667
0.383042 0.391667
0.383139 0.391667
0.383236 0.391667
0.383333 0.391667
0.383430 0.391667
0.383527 0.391667
0.383624 0.391667
0.383722 0.391667
0.383819 0.391667
0.383916 0.391667
0.384013 0.388889
0.384110 0.388889
0.384207 0.388889
0.384304 0.388889
0.384402 0.388889
0.384499 0.388889
0.384596 0.388889
0.384693 0.388889
0.384790 0.388889
0.384887 0.388889
0.384984 0.388889
0.385082 0.388889
0.385179 0.388889
0.385276 0.388889
0.385373 0.388889
0.385470 0.388889
0.385567 0.388889
0.385664 0.388889
0.385761 0.388889
0.385859 0.388889
0.385956 0.388889
0.386053 0.388889
0.386150 0.388889
0.386247 0.388889
0.386344 0.388889
0.386441 0.388889
0.386539 0.388889
0.386636 0.388889
0.386733 0.388889
0.386830 0.388889
0.386927 0.388889
0.387024 0.388889
0.387121 0.388889
0.387218 0.388889
0.387316 0.388889
0.387413 0.388889
0.387510 0.388889
0.387607 0.388889
0.387704 0.388889
0.387801 0.388889
0.387898 0.388889
0.387996 0.388889
0.388093 0.388889
0.388190 0.388889
0.388287 0.388889
0.388384 0.388889
0.388481 0.388889
0.388578 0.388889
0.388675 0.388889
0.388773 0.388889
0.388870 0.388889
0.388967 0.388889
0.389064 0.388889
0.389161 0.388889
0.389258 0.388889
0.389355 0.388889
0.389453 0.388889
0.389550 0.388889
0.389647 0.386111
0.389744 0.386111
0.389841 0.386111
0.389938 0.386111
0.390035 0.386111
0.390132 0.386111
0.390230 0.386111
0.390327 0.386111
0.390424 0.386111
0.390521 0.386111
0.390618 0.386111
0.390715 0.386111
0.390812 0.383333
0.390910 0.383333
0.391007 0.383333
0.391104 0.383333
0.391201 0.383333
0.391298 0.383333
0.391395 0.380556
0.391492 0.380556
0.391590 0.380556
0.391687 0.380556
0.391784 0.380556
0.391881 0.380556
0.391978 0.380556
0.392075 0.380556
0.392172 0.380556
0.392269 0.380556
0.392367 0.380556
0.392464 0.380556
0.392561 0.380556
0.392658 0.380556
0.392755 0.380556
0.392852 0.380556
0.392949 0.380556
0.393047 0.380556
0.393144 0.380556
0.393241 0.380556
0.393338 0.380556
0.393435 0.380556
0.393532 0.380556
0.393629 0.380556
0.393726 0.380556
0.393824 0.380556
0.393921 0.380556
0.394018 0.380556
0.394115 0.380556
0.394212 0.380556
0.394309 0.380556
0.394406 0.380556
0.394504 0.380556
0.394601 0.380556
0.394698 0.380556
0.394795 0.380556
0.394892 0.380556
0.394989 0.377778
0.395086 0.377778
0.395183 0.377778
0.395281 0.377778
0.395378 0.377778
0.395475 0.377778
0.395572 0.377778
0.395669 0.377778
0.395766 0.377778
0.395863 0.377778
0.395961 0.377778
0.396058 0.377778
0.396155 0.377778
0.396252 0.377778
0.396349 0.377778
0.396446 0.377778
0.396543 0.377778
0.396641 0.377778
0.396738 0.377778
0.396835 0.377778
0.396932 0.377778
0.397029 0.377778
0.397126 0.377778
0.397223 0.377778
0.397320 0.377778
0.397418 0.377778
0.397515 0.377778
0.397612 0.377778
0.397709 0.375000
0.397806 0.375000
0.397903 0.375000
0.398000 0.375000
0.398098 0.375000
0.398195 0.375000
0.398292 0.375000
0.398389 0.375000
0.398486 0.375000
0.398583 0.375000
0.398680 0.375000
0.398777 0.375000
0.398875 0.375000
0.398972 0.375000
0.399069 0.375000
0.399166 0.375000
0.399263 0.375000
0.399360 0.375000
0.399457 0.375000
0.399555 0.372222
0.399652 0.372222
0.399749 0.369444
0.399846 0.369444
0.399943 0.369444
0.400040 0.369444
0.400137 0.369444
0.400234 0.369444
0.400332 0.366667
0.400429 0.366667
0.400526 0.366667
0.400623 0.366667
0.400720 0.366667
0.400817 0.366667
0.400914 0.366667
0.401012 0.366667
0.401109 0.366667
0.401206 0.366667
0.401303 0.366667
0.401400 0.366667
0.401497 0.366667
0.401594 0.366667
0.401691 0.366667
0.401789 0.366667
0.401886 0.366667
0.401983 0.363889
0.402080 0.363889
0.402177 0.363889
0.402274 0.363889
0.402371 0.363889
0.402469 0.363889
0.402566 0.363889
0.402663 0.363889
0.402760 0.363889
0.402857 0.363889
0.402954 0.363889
0.403051 0.363889
0.403149 0.363889
0.403246 0.363889
0.403343 0.363889
0.403440 0.361111
0.403537 0.361111
0.403634 0.361111
0.403731 0.361111
0.403828 0.361111
0.403926 0.361111
0.404023 0.361111
0.404120 0.361111
0.404217 0.361111
0.404314 0.361111
0.404411 0.361111
0.404508 0.361111
0.404606 0.358333
0.404703 0.358333
0.404800 0.358333
0.404897 0.358333
0.404994 0.358333
0.405091 0.358333
0.405188 0.358333
0.405285 0.358333
0.405383 0.358333
0.405480 0.358333
0.405577 0.358333
0.405674 0.358333
0.405771 0.358333
0.405868 0.358333
0.405965 0.358333
0.406063 0.358333
0.406160 0.358333
0.406257 0.355556
0.406354 0.355556
0.406451 0.355556
0.406548 0.355556
0.406645 0.355556
0.406742 0.355556
0.406840 0.355556
0.406937 0.355556
0.407034 0.355556
0.407131 0.355556
0.407228 0.355556
0.407325 0.355556
0.407422 0.355556
0.407520 0.355556
0.407617 0.355556
0.407714 0.355556
0.407811 0.355556
0.407908 0.355556
0.408005 0.355556
0.408102 0.355556
0.408199 0.355556
0.408297 0.355556
0.408394 0.355556
0.408491 0.355556
0.408588 0.355556
0.408685 0.355556
0.408782 0.355556
0.408879 0.355556
0.408977 0.355556
0.409074 0.355556
0.409171 0.355556
0.409268 0.355556
0.409365 0.355556
0.409462 0.355556
0.409559 0.352778
0.409657 0.352778
0.409754 0.352778
0.409851 0.352778
0.409948 0.352778
0.410045 0.352778
0.410142 0.352778
0.410239 0.352778
0.410336 0.350000
0.410434 0.350000
0.410531 0.350000
0.410628 0.350000
0.410725 0.350000
0.410822 0.350000
0.410919 0.350000
0.411016 0.350000
0.411114 0.350000
0.411211 0.350000
0.411308 0.350000
0.411405 0.350000
0.411502 0.350000
0.411599 0.350000
0.411696 0.350000
0.411793 0.350000
0.411891 0.350000
0.411988 0.350000
0.412085 0.350000
0.412182 0.350000
0.412279 0.350000
0.412376 0.350000
0.412473 0.350000
0.412571 0.350000
0.412668 0.350000
0.412765 0.350000
0.412862 0.350000
0.412959 0.350000
0.413056 0.350000
0.413153 0.350000
0.413250 0.350000
0.413348 0.350000
0.413445 0.350000
0.413542 0.350000
0.413639 0.350000
0.413736 0.350000
0.413833 0.350000
0.413930 0.350000
0.414028 0.350000
0.414125 0.347222
0.414222 0.347222
0.414319 0.347222
0.414416 0.347222
0.414513 0.347222
0.414610 0.347222
0.414708 0.347222
0.414805 0.347222
0.414902 0.347222
0.414999 0.347222
0.415096 0.347222
0.415193 0.347222
0.415290 0.347222
0.415387 0.347222
0.415485 0.347222
0.415582 0.347222
0.415679 0.347222
0.415776 0.347222
0.415873 0.347222
0.415970 0.347222
0.416067 0.347222
0.416165 0.347222
0.416262 0.347222
0.416359 0.347222
0.416456 0.347222
0.416553 0.347222
0.416650 0.347222
0.416747 0.347222
0.416844 0.347222
0.416942 0.347222
0.417039 0.347222
0.417136 0.347222
0.417233 0.347222
0.417330 0.347222
0.417427 0.347222
0.417524 0.347222
0.417622 0.344444
0.417719 0.344444
0.417816 0.344444
0.417913 0.344444
0.418010 0.344444
0.418107 0.344444
0.418204 0.344444
0.418301 0.344444
0.418399 0.344444
0.418496 0.344444
0.418593 0.344444
0.418690 0.344444
0.418787 0.341667
0.418884 0.341667
0.418981 0.341667
0.419079 0.341667
0.419176 0.341667
0.419273 0.338889
0.419370 0.338889
0.419467 0.338889
0.419564 0.338889
0.419661 0.338889
0.419758 0.338889
0.419856 0.336111
0.419953 0.336111
0.420050 0.336111
0.420147 0.336111
0.420244 0.336111
0.420341 0.336111
0.420438 0.333333
0.420536 0.333333
0.420633 0.333333
0.420730 0.333333
0.420827 0.333333
0.420924 0.333333
0.421021 0.333333
0.421118 0.333333
0.421216 0.333333
0.421313 0.333333
0.421410 0.333333
0.421507 0.333333
0.421604 0.333333
0.421701 0.330556
0.421798 0.330556
0.421895 0.330556
0.421993 0.327778
0.422090 0.327778
0.422187 0.327778
0.422284 0.327778
0.422381 0.327778
0.422478 0.327778
0.422575 0.327778
0.422673 0.327778
0.422770 0.327778
0.422867 0.327778
0.422964 0.327778
0.423061 0.327778
0.423158 0.327778
0.423255 0.327778
0.423352 0.327778
0.423450 0.327778
0.423547 0.327778
0.423644 0.327778
0.423741 0.327778
0.423838 0.327778
0.423935 0.327778
0.424032 0.327778
0.424130 0.327778
0.424227 0.327778
0.424324 0.327778
0.424421 0.327778
0.424518 0.327778
0.424615 0.327778
0.424712 0.327778
0.424809 0.327778
0.424907 0.327778
0.425004 0.327778
0.425101 0.327778
0.425198 0.327778
0.425295 0.327778
0.425392 0.327778
0.425489 0.327778
0.425587 0.327778
0.425684 0.327778
0.425781 0.327778
0.425878 0.327778
0.425975 0.327778
0.426072 0.327778
0.426169 0.327778
0.426266 0.327778
0.426364 0.325000
0.426461 0.325000
0.426558 0.325000
0.426655 0.325000
0.426752 0.325000
0.426849 0.325000
0.426946 0.325000
0.427044 0.325000
0.427141 0.325000
0.427238 0.325000
0.427335 0.325000
0.427432 0.325000
0.427529 0.325000
0.427626 0.325000
0.427724 0.325000
0.427821 0.325000
0.427918 0.325000
0.428015 0.325000
0.428112 0.325000
0.428209 0.325000
0.428306 0.325000
0.428403 0.322222
0.428501 0.322222
0.428598 0.322222
0.428695 0.322222
0.428792 0.322222
0.428889 0.322222
0.428986 0.322222
0.429083 0.322222
0.429181 0.322222
0.429278 0.322222
0.429375 0.319444
0.429472 0.319444
0.429569 0.319444
0.429666 0.319444
0.429763 0.316667
0.429860 0.316667
0.429958 0.316667
0.430055 0.316667
0.430152 0.316667
0.430249 0.316667
0.430346 0.316667
0.430443 0.316667
0.430540 0.316667
0.430638 0.316667
0.430735 0.316667
0.430832 0.316667
0.430929 0.316667
0.431026 0.316667
0.431123 0.316667
0.431220 0.316667
0.431317 0.316667
0.431415 0.316667
0.431512 0.313889
0.431609 0.313889
0.431706 0.313889
0.431803 0.313889
0.431900 0.313889
0.431997 0.313889
0.432095 0.313889
0.432192 0.313889
0.432289 0.313889
0.432386 0.313889
0.432483 0.311111
0.432580 0.311111
0.432677 0.311111
0.432775 0.311111
0.432872 0.311111
0.432969 0.311111
0.433066 0.311111
0.433163 0.311111
0.433260 0.311111
0.433357 0.311111
0.433454 0.311111
0.433552 0.311111
0.433649 0.311111
0.433746 0.311111
0.433843 0.311111
0.433940 0.311111
0.434037 0.311111
0.434134 0.311111
0.434232 0.311111
0.434329 0.311111
0.434426 0.311111
0.434523 0.308333
0.434620 0.308333
0.434717 0.308333
0.434814 0.308333
0.434911 0.308333
0.435009 0.308333
0.435106 0.308333
0.435203 0.308333
0.435300 0.308333
0.435397 0.308333
0.435494 0.308333
0.435591 0.308333
0.435689 0.308333
0.435786 0.308333
0.435883 0.308333
0.435980 0.308333
0.436077 0.308333
0.436174 0.308333
0.436271 0.308333
0.436368 0.308333
0.436466 0.308333
0.436563 0.308333
0.436660 0.308333
0.436757 0.308333
0.436854 0.308333
0.436951 0.305556
0.437048 0.305556
0.437146 0.305556
0.437243 0.305556
0.437340 0.305556
0.437437 0.305556
0.437534 0.305556
0.437631 0.305556
0.437728 0.305556
0.437825 0.305556
0.437923 0.305556
0.438020 0.305556
0.438117 0.305556
0.438214 0.305556
0.438311 0.305556
0.438408 0.302778
0.438505 0.302778
0.438603 0.302778
0.438700 0.302778
0.438797 0.302778
0.438894 0.302778
0.438991 0.302778
0.439088 0.302778
0.439185 0.302778
0.439283 0.302778
0.439380 0.302778
0.439477 0.302778
0.439574 0.302778
0.439671 0.302778
0.439768 0.302778
0.439865 0.302778
0.439962 0.302778
0.440060 0.302778
0.440157 0.302778
0.440254 0.302778
0.440351 0.302778
0.440448 0.302778
0.440545 0.302778
0.440642 0.302778
0.440740 0.302778
0.440837 0.302778
0.440934 0.302778
0.441031 0.302778
0.441128 0.302778
0.441225 0.302778
0.441322 0.302778
0.441419 0.300000
0.441517 0.300000
0.441614 0.300000
0.441711 0.300000
0.441808 0.300000
0.441905 0.300000
0.442002 0.300000
0.442099 0.297222
0.442197 0.297222
0.442294 0.297222
0.442391 0.297222
0.442488 0.297222
0.442585 0.297222
0.442682 0.297222
0.442779 0.294444
0.442876 0.294444
0.442974 0.294444
0.443071 0.294444
0.443168 0.294444
0.443265 0.294444
0.443362 0.294444
0.443459 0.291667
0.443556 0.291667
0.443654 0.291667
0.443751 0.291667
0.443848 0.291667
0.443945 0.291667
0.444042 0.291667
0.444139 0.291667
0.444236 0.291667
0.444333 0.291667
0.444431 0.291667
0.444528 0.291667
0.444625 0.288889
0.444722 0.288889
0.444819 0.288889
0.444916 0.288889
0.445013 0.288889
0.445111 0.288889
0.445208 0.288889
0.445305 0.288889
0.445402 0.288889
0.445499 0.288889
0.445596 0.288889
0.445693 0.288889
0.445791 0.288889
0.445888 0.288889
0.445985 0.288889
0.446082 0.288889
0.446179 0.288889
0.446276 0.288889
0.446373 0.288889
0.446470 0.288889
0.446568 0.288889
0.446665 0.288889
0.446762 0.288889
0.446859 0.288889
0.446956 0.288889
0.447053 0.288889
0.447150 0.288889
0.447248 0.286111
0.447345 0.286111
0.447442 0.286111
0.447539 0.286111
0.447636 0.286111
0.447733 0.286111
0.447830 0.286111
0.447927 0.283333
0.448025 0.283333
0.448122 0.283333
0.448219 0.283333
0.448316 0.283333
0.448413 0.283333
0.448510 0.283333
0.448607 0.283333
0.448705 0.283333
0.448802 0.280556
0.448899 0.280556
0.448996 0.280556
0.449093 0.280556
0.449190 0.280556
0.449287 0.280556
0.449384 0.280556
0.449482 0.280556
0.449579 0.280556
0.449676 0.280556
0.449773 0.280556
0.449870 0.277778
0.449967 0.277778
0.450064 0.277778
0.450162 0.277778
0.450259 0.277778
0.450356 0.277778
0.450453 0.277778
0.450550 0.275000
0.450647 0.275000
0.450744 0.275000
0.450842 0.275000
0.450939 0.275000
0.451036 0.275000
0.451133 0.275000
0.451230 0.275000
0.451327 0.275000
0.451424 0.275000
0.451521 0.275000
0.451619 0.272222
0.451716 0.272222
0.451813 0.272222
0.451910 0.272222
0.452007 0.272222
0.452104 0.272222
0.452201 0.272222
0.452299 0.272222
0.452396 0.272222
0.452493 0.272222
0.452590 0.272222
0.452687 0.269444
0.452784 0.269444
0.452881 0.269444
0.452978 0.269444
0.453076 0.269444
0.453173 0.269444
0.453270 0.269444
0.453367 0.269444
0.453464 0.269444
0.453561 0.269444
0.453658 0.269444
0.453756 0.269444
0.453853 0.269444
0.453950 0.269444
0.454047 0.269444
0.454144 0.269444
0.454241 0.269444
0.454338 0.269444
0.454435 0.269444
0.454533 0.269444
0.454630 0.269444
0.454727 0.269444
0.454824 0.269444
0.454921 0.269444
0.455018 0.269444
0.455115 0.269444
0.455213 0.269444
0.455310 0.269444
0.455407 0.269444
0.455504 0.269444
0.455601 0.269444
0.455698 0.269444
0.455795 0.269444
0.455892 0.269444
0.455990 0.269444
0.456087 0.269444
0.456184 0.269444
0.456281 0.269444
0.456378 0.269444
0.456475 0.269444
0.456572 0.269444
0.456670 0.269444
0.456767 0.269444
0.456864 0.269444
0.456961 0.269444
0.457058 0.269444
0.457155 0.269444
0.457252 0.269444
0.457350 0.269444
0.457447 0.269444
0.457544 0.269444
0.457641 0.269444
0.457738 0.269444
0.457835 0.269444
0.457932 0.269444
0.458029 0.266667
0.458127 0.266667
0.458224 0.266667
0.458321 0.266667
0.458418 0.266667
0.458515 0.266667
0.458612 0.266667
0.458709 0.266667
0.458807 0.266667
0.458904 0.266667
0.459001 0.266667
0.459098 0.266667
0.459195 0.263889
0.459292 0.263889
0.459389 0.263889
0.459486 0.263889
0.459584 0.263889
0.459681 0.263889
0.459778 0.263889
0.459875 0.263889
0.459972 0.263889
0.460069 0.263889
0.460166 0.263889
0.460264 0.263889
0.460361 0.263889
0.460458 0.263889
0.460555 0.263889
0.460652 0.263889
0.460749 0.263889
0.460846 0.261111
0.460943 0.261111
0.461041 0.261111
0.461138 0.261111
0.461235 0.261111
0.461332 0.261111
0.461429 0.261111
0.461526 0.261111
0.461623 0.261111
0.461721 0.261111
0.461818 0.261111
0.461915 0.261111
0.462012 0.261111
0.462109 0.261111
0.462206 0.261111
0.462303 0.261111
0.462400 0.261111
0.462498 0.261111
0.462595 0.261111
0.462692 0.261111
0.462789 0.261111
0.462886 0.261111
0.462983 0.261111
0.463080 0.261111
0.463178 0.261111
0.463275 0.261111
0.463372 0.261111
0.463469 0.261111
0.463566 0.261111
0.463663 0.261111
0.463760 0.261111
0.463858 0.261111
0.463955 0.261111
0.464052 0.261111
0.464149 0.261111
0.464246 0.261111
0.464343 0.261111
0.464440 0.261111
0.464537 0.261111
0.464635 0.261111
0.464732 0.261111
0.464829 0.261111
0.464926 0.261111
0.465023 0.261111
0.465120 0.261111
0.465217 0.261111
0.465315 0.261111
0.465412 0.258333
0.465509 0.258333
0.465606 0.258333
0.465703 0.258333
0.465800 0.258333
0.465897 0.258333
0.465994 0.258333
0.466092 0.258333
0.466189 0.258333
0.466286 0.258333
0.466383 0.258333
0.466480 0.258333
0.466577 0.258333
0.466674 0.258333
0.466772 0.255556
0.466869 0.255556
0.466966 0.255556
0.467063 0.255556
0.467160 0.255556
0.467257 0.255556
0.467354 0.255556
0.467451 0.255556
0.467549 0.255556
0.467646 0.255556
0.467743 0.255556
0.467840 0.255556
0.467937 0.255556
0.468034 0.255556
0.468131 0.255556
0.468229 0.255556
0.468326 0.255556
0.468423 0.255556
0.468520 0.255556
0.468617 0.255556
0.468714 0.255556
0.468811 0.255556
0.468909 0.255556
0.469006 0.255556
0.469103 0.255556
0.469200 0.255556
0.469297 0.255556
0.469394 0.255556
0.469491 0.255556
0.469588 0.255556
0.469686 0.255556
0.469783 0.255556
0.469880 0.255556
0.469977 0.255556
0.470074 0.255556
0.470171 0.255556
0.470268 0.255556
0.470366 0.255556
0.470463 0.255556
0.470560 0.255556
0.470657 0.255556
0.470754 0.255556
0.470851 0.255556
0.470948 0.255556
0.471045 0.255556
0.471143 0.252778
0.471240 0.252778
0.471337 0.252778
0.471434 0.252778
0.471531 0.252778
0.471628 0.252778
0.471725 0.252778
0.471823 0.252778
0.471920 0.252778
0.472017 0.252778
0.472114 0.252778
0.472211 0.252778
0.472308 0.252778
0.472405 0.252778
0.472502 0.252778
0.472600 0.252778
0.472697 0.252778
0.472794 0.252778
0.472891 0.252778
0.472988 0.252778
0.473085 0.252778
0.473182 0.252778
0.473280 0.252778
0.473377 0.252778
0.473474 0.252778
0.473571 0.252778
0.473668 0.252778
0.473765 0.252778
0.473862 0.252778
0.473959 0.252778
0.474057 0.252778
0.474154 0.252778
0.474251 0.252778
0.474348 0.252778
0.474445 0.252778
0.474542 0.252778
0.474639 0.252778
0.474737 0.252778
0.474834 0.252778
0.474931 0.252778
0.475028 0.252778
0.475125 0.252778
0.475222 0.252778
0.475319 0.252778
0.475417 0.252778
0.475514 0.252778
0.475611 0.252778
0.475708 0.252778
0.475805 0.252778
0.475902 0.252778
0.475999 0.252778
0.476096 0.252778
0.476194 0.252778
0.476291 0.252778
0.476388 0.252778
0.476485 0.252778
0.476582 0.252778
0.476679 0.252778
0.476776 0.252778
0.476874 0.252778
0.476971 0.252778
0.477068 0.252778
0.477165 0.252778
0.477262 0.252778
0.477359 0.252778
0.477456 0.252778
0.477553 0.252778
0.477651 0.252778
0.477748 0.252778
0.477845 0.252778
0.477942 0.252778
0.478039 0.252778
0.478136 0.252778
0.478233 0.252778
0.478331 0.252778
0.478428 0.252778
0.478525 0.250000
0.478622 0.250000
0.478719 0.250000
0.478816 0.250000
0.478913 0.250000
0.479010 0.250000
0.479108 0.250000
0.479205 0.247222
0.479302 0.247222
0.479399 0.247222
0.479496 0.247222
0.479593 0.247222
0.479690 0.247222
0.479788 0.247222
0.479885 0.247222
0.479982 0.247222
0.480079 0.247222
0.480176 0.247222
0.480273 0.247222
0.480370 0.247222
0.480467 0.247222
0.480565 0.247222
0.480662 0.247222
0.480759 0.247222
0.480856 0.247222
0.480953 0.247222
0.481050 0.244444
0.481147 0.244444
0.481245 0.244444
0.481342 0.244444
0.481439 0.244444
0.481536 0.244444
0.481633 0.244444
0.481730 0.244444
0.481827 0.244444
0.481925 0.244444
0.482022 0.244444
0.482119 0.244444
0.482216 0.244444
0.482313 0.244444
0.482410 0.244444
0.482507 0.244444
0.482604 0.244444
0.482702 0.244444
0.482799 0.244444
0.482896 0.244444
0.482993 0.244444
0.483090 0.244444
0.483187 0.244444
0.483284 0.244444
0.483382 0.244444
0.483479 0.244444
0.483576 0.244444
0.483673 0.244444
0.483770 0.241667
0.483867 0.241667
0.483964 0.241667
0.484061 0.241667
0.484159 0.241667
0.484256 0.241667
0.484353 0.241667
0.484450 0.241667
0.484547 0.241667
0.484644 0.238889
0.484741 0.238889
0.484839 0.238889
0.484936 0.238889
0.485033 0.238889
0.485130 0.238889
0.485227 0.238889
0.485324 0.238889
0.485421 0.238889
0.485518 0.238889
0.485616 0.238889
0.485713 0.238889
0.485810 0.238889
0.485907 0.238889
0.486004 0.238889
0.486101 0.238889
0.486198 0.238889
0.486296 0.238889
0.486393 0.238889
0.486490 0.238889
0.486587 0.238889
0.486684 0.238889
0.486781 0.238889
0.486878 0.238889
0.486976 0.238889
0.487073 0.238889
0.487170 0.238889
0.487267 0.238889
0.487364 0.238889
0.487461 0.238889
0.487558 0.238889
0.487655 0.238889
0.487753 0.238889
0.487850 0.238889
0.487947 0.236111
0.488044 0.236111
0.488141 0.236111
0.488238 0.236111
0.488335 0.236111
0.488433 0.236111
0.488530 0.236111
0.488627 0.236111
0.488724 0.236111
0.488821 0.236111
0.488918 0.236111
0.489015 0.236111
0.489112 0.236111
0.489210 0.236111
0.489307 0.236111
0.489404 0.236111
0.489501 0.236111
0.489598 0.236111
0.489695 0.236111
0.489792 0.236111
0.489890 0.236111
0.489987 0.236111
0.490084 0.236111
0.490181 0.236111
0.490278 0.236111
0.490375 0.236111
0.490472 0.236111
0.490569 0.236111
0.490667 0.236111
0.490764 0.236111
0.490861 0.236111
0.490958 0.236111
0.491055 0.236111
0.491152 0.236111
0.491249 0.236111
0.491347 0.236111
0.491444 0.236111
0.491541 0.236111
0.491638 0.236111
0.491735 0.236111
0.491832 0.236111
0.491929 0.236111
0.492026 0.236111
0.492124 0.236111
0.492221 0.236111
0.492318 0.236111
0.492415 0.236111
0.492512 0.236111
0.492609 0.236111
0.492706 0.236111
0.492804 0.236111
0.492901 0.236111
0.492998 0.236111
0.493095 0.236111
0.493192 0.236111
0.493289 0.236111
0.493386 0.233333
0.493484 0.233333
0.493581 0.233333
0.493678 0.230556
0.493775 0.230556
0.493872 0.230556
0.493969 0.230556
0.494066 0.230556
0.494163 0.230556
0.494261 0.227778
0.494358 0.227778
0.494455 0.227778
0.494552 0.227778
0.494649 0.227778
0.494746 0.227778
0.494843 0.227778
0.494941 0.227778
0.495038 0.227778
0.495135 0.227778
0.495232 0.227778
0.495329 0.227778
0.495426 0.227778
0.495523 0.227778
0.495620 0.227778
0.495718 0.227778
0.495815 0.227778
0.495912 0.227778
0.496009 0.227778
0.496106 0.227778
0.496203 0.227778
0.496300 0.227778
0.496398 0.227778
0.496495 0.227778
0.496592 0.227778
0.496689 0.227778
0.496786 0.227778
0.496883 0.227778
0.496980 0.227778
0.497077 0.227778
0.497175 0.227778
0.497272 0.227778
0.497369 0.227778
0.497466 0.227778
0.497563 0.227778
0.497660 0.227778
0.497757 0.227778
0.497855 0.227778
0.497952 0.227778
0.498049 0.227778
0.498146 0.227778
0.498243 0.227778
0.498340 0.227778
0.498437 0.227778
0.498534 0.227778
0.498632 0.227778
0.498729 0.227778
0.498826 0.227778
0.498923 0.227778
0.499020 0.227778
0.499117 0.227778
0.499214 0.227778
0.499312 0.227778
0.499409 0.227778
0.499506 0.227778
0.499603 0.227778
0.499700 0.227778
0.499797 0.225000
0.499894 0.222222
0.499992 0.222222
0.500089 0.222222
0.500186 0.222222
0.500283 0.222222
0.500380 0.222222
0.500477 0.222222
0.500574 0.222222
0.500671 0.219444
0.500769 0.219444
0.500866 0.219444
0.500963 0.219444
0.501060 0.219444
0.501157 0.219444
0.501254 0.219444
0.501351 0.219444
0.501449 0.219444
0.501546 0.219444
0.501643 0.219444
0.501740 0.219444
0.501837 0.219444
0.501934 0.219444
0.502031 0.219444
0.502128 0.219444
0.502226 0.219444
0.502323 0.219444
0.502420 0.219444
0.502517 0.219444
0.502614 0.219444
0.502711 0.216667
0.502808 0.213889
0.502906 0.213889
0.503003 0.213889
0.503100 0.213889
0.503197 0.213889
0.503294 0.213889
0.503391 0.213889
0.503488 0.213889
0.503585 0.213889
0.503683 0.213889
0.503780 0.213889
0.503877 0.211111
0.503974 0.211111
0.504071 0.211111
0.504168 0.211111
0.504265 0.211111
0.504363 0.211111
0.504460 0.211111
0.504557 0.211111
0.504654 0.211111
0.504751 0.211111
0.504848 0.211111
0.504945 0.211111
0.505043 0.211111
0.505140 0.211111
0.505237 0.211111
0.505334 0.211111
0.505431 0.211111
0.505528 0.211111
0.505625 0.211111
0.505722 0.211111
0.505820 0.211111
0.505917 0.211111
0.506014 0.211111
0.506111 0.211111
0.506208 0.211111
0.506305 0.211111
0.506402 0.211111
0.506500 0.211111
0.506597 0.211111
0.506694 0.211111
0.506791 0.208333
0.506888 0.208333
0.506985 0.208333
0.507082 0.208333
0.507179 0.208333
0.507277 0.208333
0.507374 0.208333
0.507471 0.208333
0.507568 0.208333
0.507665 0.208333
0.507762 0.208333
0.507859 0.208333
0.507957 0.208333
0.508054 0.208333
0.508151 0.208333
0.508248 0.208333
0.508345 0.208333
0.508442 0.208333
0.508539 0.208333
0.508636 0.208333
0.508734 0.208333
0.508831 0.208333
0.508928 0.208333
0.509025 0.208333
0.509122 0.208333
0.509219 0.208333
0.509316 0.208333
0.509414 0.208333
0.509511 0.208333
0.509608 0.208333
0.509705 0.205556
0.509802 0.205556
0.509899 0.205556
0.509996 0.205556
0.510093 0.205556
0.510191 0.205556
0.510288 0.205556
0.510385 0.205556
0.510482 0.205556
0.510579 0.205556
0.510676 0.205556
0.510773 0.205556
0.510871 0.205556
0.510968 0.205556
0.511065 0.205556
0.511162 0.205556
0.511259 0.205556
0.511356 0.205556
0.511453 0.205556
0.511551 0.205556
0.511648 0.205556
0.511745 0.205556
0.511842 0.205556
0.511939 0.205556
0.512036 0.205556
0.512133 0.205556
0.512230 0.205556
0.512328 0.205556
0.512425 0.205556
0.512522 0.205556
0.512619 0.205556
0.512716 0.205556
0.512813 0.205556
0.512910 0.205556
0.513008 0.205556
0.513105 0.205556
0.513202 0.205556
0.513299 0.205556
0.513396 0.205556
0.513493 0.205556
0.513590 0.205556
0.513687 0.205556
0.513785 0.205556
0.513882 0.205556
0.513979 0.205556
0.514076 0.205556
0.514173 0.205556
0.514270 0.205556
0.514367 0.205556
0.514465 0.205556
0.514562 0.205556
0.514659 0.205556
0.514756 0.205556
0.514853 0.205556
0.514950 0.205556
0.515047 0.205556
0.515144 0.205556
0.515242 0.205556
0.515339 0.205556
0.515436 0.205556
0.515533 0.205556
0.515630 0.205556
0.515727 0.205556
0.515824 0.205556
0.515922 0.205556
0.516019 0.205556
0.516116 0.205556
0.516213 0.205556
0.516310 0.205556
0.516407 0.205556
0.516504 0.205556
0.516601 0.205556
0.516699 0.205556
0.516796 0.205556
0.516893 0.205556
0.516990 0.205556
0.517087 0.205556
0.517184 0.205556
0.517281 0.205556
0.517379 0.205556
0.517476 0.205556
0.517573 0.205556
0.517670 0.205556
0.517767 0.205556
0.517864 0.205556
0.517961 0.205556
0.518059 0.202778
0.518156 0.202778
0.518253 0.202778
0.518350 0.202778
0.518447 0.202778
0.518544 0.202778
0.518641 0.202778
0.518738 0.202778
0.518836 0.202778
0.518933 0.202778
0.519030 0.202778
0.519127 0.202778
0.519224 0.202778
0.519321 0.202778
0.519418 0.202778
0.519516 0.200000
0.519613 0.200000
0.519710 0.200000
0.519807 0.200000
0.519904 0.200000
0.520001 0.200000
0.520098 0.200000
0.520195 0.200000
0.520293 0.200000
0.520390 0.200000
0.520487 0.200000
0.520584 0.200000
0.520681 0.200000
0.520778 0.200000
0.520875 0.200000
0.520973 0.200000
0.521070 0.200000
0.521167 0.200000
0.521264 0.200000
0.521361 0.200000
0.521458 0.200000
0.521555 0.200000
0.521652 0.200000
0.521750 0.200000
0.521847 0.200000
0.521944 0.200000
0.522041 0.200000
0.522138 0.200000
0.522235 0.200000
0.522332 0.200000
0.522430 0.200000
0.522527 0.200000
0.522624 0.200000
0.522721 0.200000
0.522818 0.200000
0.522915 0.200000
0.523012 0.200000
0.523110 0.200000
0.523207 0.200000
0.523304 0.200000
0.523401 0.200000
0.523498 0.200000
0.523595 0.200000
0.523692 0.200000
0.523789 0.200000
0.523887 0.200000
0.523984 0.200000
0.524081 0.200000
0.524178 0.200000
0.524275 0.200000
0.524372 0.200000
0.524469 0.200000
0.524567 0.200000
0.524664 0.200000
0.524761 0.200000
0.524858 0.200000
0.524955 0.197222
0.525052 0.197222
0.525149 0.197222
0.525246 0.197222
0.525344 0.197222
0.525441 0.197222
0.525538 0.197222
0.525635 0.197222
0.525732 0.197222
0.525829 0.194444
0.525926 0.194444
0.526024 0.194444
0.526121 0.194444
0.526218 0.194444
0.526315 0.194444
0.526412 0.194444
0.526509 0.194444
0.526606 0.194444
0.526703 0.194444
0.526801 0.194444
0.526898 0.194444
0.526995 0.194444
0.527092 0.194444
0.527189 0.194444
0.527286 0.194444
0.527383 0.194444
0.527481 0.191667
0.527578 0.191667
0.527675 0.191667
0.527772 0.191667
0.527869 0.191667
0.527966 0.191667
0.528063 0.191667
0.528160 0.191667
0.528258 0.191667
0.528355 0.191667
0.528452 0.191667
0.528549 0.191667
0.528646 0.188889
0.528743 0.188889
0.528840 0.188889
0.528938 0.188889
0.529035 0.188889
0.529132 0.188889
0.529229 0.188889
0.529326 0.188889
0.529423 0.188889
0.529520 0.188889
0.529618 0.188889
0.529715 0.188889
0.529812 0.188889
0.529909 0.188889
0.530006 0.188889
0.530103 0.188889
0.530200 0.188889
0.530297 0.188889
0.530395 0.188889
0.530492 0.188889
0.530589 0.188889
0.530686 0.188889
0.530783 0.188889
0.530880 0.188889
0.530977 0.188889
0.531075 0.188889
0.531172 0.188889
0.531269 0.188889
0.531366 0.188889
0.531463 0.188889
0.531560 0.188889
0.531657 0.188889
0.531754 0.188889
0.531852 0.188889
0.531949 0.188889
0.532046 0.188889
0.532143 0.188889
0.532240 0.188889
0.532337 0.188889
0.532434 0.188889
0.532532 0.188889
0.532629 0.188889
0.532726 0.186111
0.532823 0.186111
0.532920 0.186111
0.533017 0.186111
0.533114 0.186111
0.533211 0.186111
0.533309 0.186111
0.533406 0.186111
0.533503 0.186111
0.533600 0.186111
0.533697 0.186111
0.533794 0.186111
0.533891 0.186111
0.533989 0.186111
0.534086 0.186111
0.534183 0.186111
0.534280 0.186111
0.534377 0.186111
0.534474 0.186111
0.534571 0.186111
0.534668 0.186111
0.534766 0.186111
0.534863 0.186111
0.534960 0.186111
0.535057 0.186111
0.535154 0.186111
0.535251 0.186111
0.535348 0.186111
0.535446 0.186111
0.535543 0.186111
0.535640 0.186111
0.535737 0.186111
0.535834 0.186111
0.535931 0.186111
0.536028 0.186111
0.536126 0.186111
0.536223 0.186111
0.536320 0.186111
0.536417 0.186111
0.536514 0.186111
0.536611 0.186111
0.536708 0.186111
0.536805 0.186111
0.536903 0.186111
0.537000 0.186111
0.537097 0.186111
0.537194 0.186111
0.537291 0.186111
0.537388 0.186111
0.537485 0.186111
0.537583 0.186111
0.537680 0.186111
0.537777 0.183333
0.537874 0.183333
0.537971 0.183333
0.538068 0.183333
0.538165 0.183333
0.538262 0.183333
0.538360 0.183333
0.538457 0.183333
0.538554 0.183333
0.538651 0.183333
0.538748 0.183333
0.538845 0.180556
0.538942 0.180556
0.539040 0.180556
0.539137 0.180556
0.539234 0.180556
0.539331 0.180556
0.539428 0.180556
0.539525 0.180556
0.539622 0.180556
0.539719 0.180556
0.539817 0.180556
0.539914 0.180556
0.540011 0.180556
0.540108 0.180556
0.540205 0.180556
0.540302 0.180556
0.540399 0.177778
0.540497 0.177778
0.540594 0.177778
0.540691 0.177778
0.540788 0.177778
0.540885 0.177778
0.540982 0.177778
0.541079 0.177778
0.541177 0.177778
0.541274 0.177778
0.541371 0.177778
0.541468 0.177778
0.541565 0.177778
0.541662 0.177778
0.541759 0.177778
0.541856 0.177778
0.541954 0.177778
0.542051 0.177778
0.542148 0.177778
0.542245 0.177778
0.542342 0.177778
0.542439 0.177778
0.542536 0.177778
0.542634 0.177778
0.542731 0.177778
0.542828 0.177778
0.542925 0.177778
0.543022 0.177778
0.543119 0.177778
0.543216 0.177778
0.543313 0.177778
0.543411 0.177778
0.543508 0.177778
0.543605 0.177778
0.543702 0.177778
0.543799 0.177778
0.543896 0.177778
0.543993 0.177778
0.544091 0.177778
0.544188 0.177778
0.544285 0.177778
0.544382 0.177778
0.544479 0.177778
0.544576 0.177778
0.544673 0.177778
0.544770 0.177778
0.544868 0.177778
0.544965 0.177778
0.545062 0.177778
0.545159 0.177778
0.545256 0.177778
0.545353 0.177778
0.545450 0.177778
0.545548 0.177778
0.545645 0.177778
0.545742 0.177778
0.545839 0.177778
0.545936 0.177778
0.546033 0.177778
0.546130 0.177778
0.546227 0.177778
0.546325 0.177778
0.546422 0.177778
0.546519 0.177778
0.546616 0.177778
0.546713 0.177778
0.546810 0.177778
0.546907 0.177778
0.547005 0.177778
0.547102 0.177778
0.547199 0.177778
0.547296 0.177778
0.547393 0.177778
0.547490 0.177778
0.547587 0.177778
0.547685 0.177778
0.547782 0.177778
0.547879 0.177778
0.547976 0.177778
0.548073 0.177778
0.548170 0.177778
0.548267 0.177778
0.548364 0.177778
0.548462 0.177778
0.548559 0.177778
0.548656 0.177778
0.548753 0.177778
0.548850 0.177778
0.548947 0.177778
0.549044 0.175000
0.549142 0.175000
0.549239 0.175000
0.549336 0.175000
0.549433 0.175000
0.549530 0.175000
0.549627 0.175000
0.549724 0.175000
0.549821 0.175000
0.549919 0.175000
0.550016 0.175000
0.550113 0.175000
0.550210 0.175000
0.550307 0.172222
0.550404 0.172222
0.550501 0.172222
0.550599 0.172222
0.550696 0.172222
0.550793 0.172222
0.550890 0.172222
0.550987 0.172222
0.551084 0.172222
0.551181 0.172222
0.551278 0.172222
0.551376 0.172222
0.551473 0.172222
0.551570 0.172222
0.551667 0.172222
0.551764 0.172222
0.551861 0.172222
0.551958 0.172222
0.552056 0.172222
0.552153 0.172222
0.552250 0.172222
0.552347 0.172222
0.552444 0.172222
0.552541 0.172222
0.552638 0.172222
0.552735 0.172222
0.552833 0.172222
0.552930 0.172222
0.553027 0.172222
0.553124 0.172222
0.553221 0.172222
0.553318 0.172222
0.553415 0.172222
0.553513 0.172222
0.553610 0.172222
0.553707 0.172222
0.553804 0.172222
0.553901 0.172222
0.553998 0.172222
0.554095 0.172222
0.554193 0.172222
0.554290 0.172222
0.554387 0.172222
0.554484 0.172222
0.554581 0.172222
0.554678 0.172222
0.554775 0.172222
0.554872 0.169444
0.554970 0.169444
0.555067 0.169444
0.555164 0.169444
0.555261 0.169444
0.555358 0.169444
0.555455 0.169444
0.555552 0.169444
0.555650 0.169444
0.555747 0.169444
0.555844 0.169444
0.555941 0.169444
0.556038 0.169444
0.556135 0.169444
0.556232 0.169444
0.556329 0.169444
0.556427 0.169444
0.556524 0.169444
0.556621 0.169444
0.556718 0.169444
0.556815 0.169444
0.556912 0.169444
0.557009 0.169444
0.557107 0.166667
0.557204 0.166667
0.557301 0.166667
0.557398 0.166667
0.557495 0.166667
0.557592 0.166667
0.557689 0.166667
0.557786 0.166667
0.557884 0.166667
0.557981 0.166667
0.558078 0.166667
0.558175 0.163889
0.558272 0.163889
0.558369 0.163889
0.558466 0.163889
0.558564 0.163889
0.558661 0.163889
0.558758 0.163889
0.558855 0.163889
0.558952 0.163889
0.559049 0.163889
0.559146 0.163889
0.559244 0.163889
0.559341 0.163889
0.559438 0.163889
0.559535 0.163889
0.559632 0.163889
0.559729 0.163889
0.559826 0.163889
0.559923 0.163889
0.560021 0.163889
0.560118 0.163889
0.560215 0.163889
0.560312 0.163889
0.560409 0.163889
0.560506 0.163889
0.560603 0.163889
0.560701 0.163889
0.560798 0.163889
0.560895 0.163889
0.560992 0.163889
0.561089 0.163889
0.561186 0.163889
0.561283 0.163889
0.561380 0.163889
0.561478 0.163889
0.561575 0.163889
0.561672 0.163889
0.561769 0.163889
0.561866 0.163889
0.561963 0.163889
0.562060 0.163889
0.562158 0.163889
0.562255 0.163889
0.562352 0.163889
0.562449 0.163889
0.562546 0.163889
0.562643 0.163889
0.562740 0.163889
0.562837 0.163889
0.562935 0.163889
0.563032 0.163889
0.563129 0.163889
0.563226 0.163889
0.563323 0.163889
0.563420 0.163889
0.563517 0.163889
0.563615 0.163889
0.563712 0.163889
0.563809 0.163889
0.563906 0.163889
0.564003 0.163889
0.564100 0.163889
0.564197 0.163889
0.564294 0.163889
0.564392 0.163889
0.564489 0.163889
0.564586 0.163889
0.564683 0.163889
0.564780 0.163889
0.564877 0.163889
0.564974 0.163889
0.565072 0.161111
0.565169 0.161111
0.565266 0.158333
0.565363 0.158333
0.565460 0.158333
0.565557 0.158333
0.565654 0.158333
0.565752 0.158333
0.565849 0.158333
0.565946 0.158333
0.566043 0.158333
0.566140 0.158333
0.566237 0.158333
0.566334 0.158333
0.566431 0.158333
0.566529 0.158333
0.566626 0.158333
0.566723 0.158333
0.566820 0.158333
0.566917 0.158333
0.567014 0.158333
0.567111 0.158333
0.567209 0.158333
0.567306 0.158333
0.567403 0.158333
0.567500 0.158333
0.567597 0.158333
0.567694 0.158333
0.567791 0.155556
0.567888 0.155556
0.567986 0.155556
0.568083 0.155556
0.568180 0.155556
0.568277 0.152778
0.568374 0.152778
0.568471 0.152778
0.568568 0.152778
0.568666 0.152778
0.568763 0.152778
0.568860 0.152778
0.568957 0.152778
0.569054 0.152778
0.569151 0.152778
0.569248 0.152778
0.569345 0.152778
0.569443 0.152778
0.569540 0.152778
0.569637 0.152778
0.569734 0.152778
0.569831 0.152778
0.569928 0.152778
0.570025 0.152778
0.570123 0.152778
0.570220 0.152778
0.570317 0.152778
0.570414 0.152778
0.570511 0.152778
0.570608 0.152778
0.570705 0.152778
0.570802 0.152778
0.570900 0.152778
0.570997 0.152778
0.571094 0.152778
0.571191 0.152778
0.571288 0.152778
0.571385 0.152778
0.571482 0.152778
0.571580 0.152778
0.571677 0.152778
0.571774 0.152778
0.571871 0.152778
0.571968 0.152778
0.572065 0.152778
0.572162 0.152778
0.572260 0.152778
0.572357 0.152778
0.572454 0.152778
0.572551 0.152778
0.572648 0.152778
0.572745 0.152778
0.572842 0.152778
0.572939 0.152778
0.573037 0.152778
0.573134 0.152778
0.573231 0.152778
0.573328 0.152778
0.573425 0.152778
0.573522 0.152778
0.573619 0.152778
0.573717 0.152778
0.573814 0.152778
0.573911 0.152778
0.574008 0.152778
0.574105 0.152778
0.574202 0.152778
0.574299 0.152778
0.574396 0.152778
0.574494 0.152778
0.574591 0.150000
0.574688 0.150000
0.574785 0.150000
0.574882 0.150000
0.574979 0.150000
0.575076 0.150000
0.575174 0.150000
0.575271 0.150000
0.575368 0.150000
0.575465 0.150000
0.575562 0.150000
0.575659 0.150000
0.575756 0.150000
0.575853 0.150000
0.575951 0.150000
0.576048 0.150000
0.576145 0.150000
0.576242 0.150000
0.576339 0.150000
0.576436 0.150000
0.576533 0.150000
0.576631 0.150000
0.576728 0.150000
0.576825 0.150000
0.576922 0.150000
0.577019 0.150000
0.577116 0.150000
0.577213 0.150000
0.577311 0.150000
0.577408 0.150000
0.577505 0.150000
0.577602 0.150000
0.577699 0.150000
0.577796 0.150000
0.577893 0.150000
0.577990 0.150000
0.578088 0.150000
0.578185 0.150000
0.578282 0.150000
0.578379 0.150000
0.578476 0.150000
0.578573 0.150000
0.578670 0.150000
0.578768 0.150000
0.578865 0.150000
0.578962 0.150000
0.579059 0.150000
0.579156 0.150000
0.579253 0.150000
0.579350 0.150000
0.579447 0.150000
0.579545 0.150000
0.579642 0.150000
0.579739 0.150000
0.579836 0.150000
0.579933 0.150000
0.580030 0.150000
0.580127 0.150000
0.580225 0.150000
0.580322 0.150000
0.580419 0.150000
0.580516 0.150000
0.580613 0.150000
0.580710 0.150000
0.580807 0.150000
0.580904 0.150000
0.581002 0.150000
0.581099 0.150000
0.581196 0.150000
0.581293 0.150000
0.581390 0.150000
0.581487 0.150000
0.581584 0.150000
0.581682 0.150000
0.581779 0.150000
0.581876 0.147222
0.581973 0.147222
0.582070 0.147222
0.582167 0.147222
0.582264 0.144444
0.582361 0.141667
0.582459 0.141667
0.582556 0.141667
0.582653 0.141667
0.582750 0.141667
0.582847 0.141667
0.582944 0.141667
0.583041 0.141667
0.583139 0.141667
0.583236 0.141667
0.583333 0.141667
0.583430 0.141667
0.583527 0.141667
0.583624 0.141667
0.583721 0.141667
0.583819 0.141667
0.583916 0.141667
0.584013 0.141667
0.584110 0.141667
0.584207 0.141667
0.584304 0.141667
0.584401 0.141667
0.584498 0.141667
0.584596 0.141667
0.584693 0.141667
0.584790 0.141667
0.584887 0.141667
0.584984 0.141667
0.585081 0.141667
0.585178 0.141667
0.585276 0.141667
0.585373 0.141667
0.585470 0.141667
0.585567 0.141667
0.585664 0.141667
0.585761 0.141667
0.585858 0.141667
0.585955 0.141667
0.586053 0.141667
0.586150 0.141667
0.586247 0.141667
0.586344 0.141667
0.586441 0.141667
0.586538 0.141667
0.586635 0.141667
0.586733 0.141667
0.586830 0.141667
0.586927 0.141667
0.587024 0.141667
0.587121 0.141667
0.587218 0.141667
0.587315 0.141667
0.587412 0.141667
0.587510 0.141667
0.587607 0.141667
0.587704 0.141667
0.587801 0.141667
0.587898 0.141667
0.587995 0.141667
0.588092 0.141667
0.588190 0.141667
0.588287 0.141667
0.588384 0.141667
0.588481 0.141667
0.588578 0.141667
0.588675 0.141667
0.588772 0.141667
0.588869 0.141667
0.588967 0.141667
0.589064 0.141667
0.589161 0.141667
0.589258 0.141667
0.589355 0.141667
0.589452 0.141667
0.589549 0.141667
0.589647 0.141667
0.589744 0.141667
0.589841 0.141667
0.589938 0.141667
0.590035 0.141667
0.590132 0.141667
0.590229 0.141667
0.590327 0.141667
0.590424 0.141667
0.590521 0.141667
0.590618 0.141667
0.590715 0.141667
0.590812 0.141667
0.590909 0.141667
0.591006 0.141667
0.591104 0.141667
0.591201 0.141667
0.591298 0.141667
0.591395 0.141667
0.591492 0.141667
0.591589 0.141667
0.591686 0.138889
0.591784 0.138889
0.591881 0.138889
0.591978 0.138889
0.592075 0.138889
0.592172 0.138889
0.592269 0.138889
0.592366 0.138889
0.592463 0.136111
0.592561 0.136111
0.592658 0.136111
0.592755 0.136111
0.592852 0.136111
0.592949 0.136111
0.593046 0.136111
0.593143 0.136111
0.593241 0.136111
0.593338 0.136111
0.593435 0.136111
0.593532 0.136111
0.593629 0.136111
0.593726 0.136111
0.593823 0.136111
0.593920 0.136111
0.594018 0.136111
0.594115 0.136111
0.594212 0.136111
0.594309 0.136111
0.594406 0.136111
0.594503 0.136111
0.594600 0.136111
0.594698 0.136111
0.594795 0.136111
0.594892 0.136111
0.594989 0.136111
0.595086 0.136111
0.595183 0.136111
0.595280 0.136111
0.595378 0.136111
0.595475 0.136111
0.595572 0.136111
0.595669 0.136111
0.595766 0.136111
0.595863 0.136111
0.595960 0.136111
0.596057 0.136111
0.596155 0.136111
0.596252 0.136111
0.596349 0.136111
0.596446 0.136111
0.596543 0.136111
0.596640 0.136111
0.596737 0.136111
0.596835 0.136111
0.596932 0.133333
0.597029 0.133333
0.597126 0.133333
0.597223 0.133333
0.597320 0.133333
0.597417 0.133333
0.597514 0.133333
0.597612 0.133333
0.597709 0.133333
0.597806 0.133333
0.597903 0.133333
0.598000 0.133333
0.598097 0.133333
0.598194 0.133333
0.598292 0.133333
0.598389 0.133333
0.598486 0.133333
0.598583 0.133333
0.598680 0.133333
0.598777 0.133333
0.598874 0.133333
0.598971 0.133333
0.599069 0.133333
0.599166 0.133333
0.599263 0.133333
0.599360 0.133333
0.599457 0.133333
0.599554 0.133333
0.599651 0.133333
0.599749 0.133333
0.599846 0.133333
0.599943 0.133333
0.600040 0.133333
0.600137 0.133333
0.600234 0.133333
0.600331 0.133333
0.600428 0.133333
0.600526 0.133333
0.600623 0.133333
0.600720 0.133333
0.600817 0.133333
0.600914 0.133333
0.601011 0.133333
0.601108 0.133333
0.601206 0.133333
0.601303 0.133333
0.601400 0.133333
0.601497 0.133333
0.601594 0.133333
0.601691 0.133333
0.601788 0.133333
0.601886 0.133333
0.601983 0.133333
0.602080 0.133333
0.602177 0.133333
0.602274 0.133333
0.602371 0.133333
0.602468 0.133333
0.602565 0.133333
0.602663 0.133333
0.602760 0.133333
0.602857 0.133333
0.602954 0.133333
0.603051 0.133333
0.603148 0.133333
0.603245 0.133333
0.603343 0.133333
0.603440 0.133333
0.603537 0.133333
0.603634 0.133333
0.603731 0.133333
0.603828 0.133333
0.603925 0.133333
0.604022 0.133333
0.604120 0.133333
0.604217 0.133333
0.604314 0.133333
0.604411 0.133333
0.604508 0.133333
0.604605 0.133333
0.604702 0.130556
0.604800 0.130556
0.604897 0.130556
0.604994 0.130556
0.605091 0.130556
0.605188 0.127778
0.605285 0.127778
0.605382 0.127778
0.605479 0.127778
0.605577 0.127778
0.605674 0.127778
0.605771 0.127778
0.605868 0.127778
0.605965 0.127778
0.606062 0.127778
0.606159 0.127778
0.606257 0.127778
0.606354 0.127778
0.606451 0.127778
0.606548 0.127778
0.606645 0.127778
0.606742 0.127778
0.606839 0.127778
0.606936 0.127778
0.607034 0.127778
0.607131 0.127778
0.607228 0.127778
0.607325 0.127778
0.607422 0.127778
0.607519 0.127778
0.607616 0.127778
0.607714 0.127778
0.607811 0.127778
0.607908 0.127778
0.608005 0.127778
0.608102 0.127778
0.608199 0.127778
0.608296 0.127778
0.608394 0.127778
0.608491 0.127778
0.608588 0.127778
0.608685 0.127778
0.608782 0.127778
0.608879 0.127778
0.608976 0.127778
0.609073 0.127778
0.609171 0.127778
0.609268 0.127778
0.609365 0.127778
0.609462 0.127778
0.609559 0.127778
0.609656 0.127778
0.609753 0.127778
0.609851 0.127778
0.609948 0.125000
0.610045 0.125000
0.610142 0.125000
0.610239 0.125000
0.610336 0.125000
0.610433 0.125000
0.610530 0.125000
0.610628 0.125000
0.610725 0.125000
0.610822 0.125000
0.610919 0.125000
0.611016 0.125000
0.611113 0.125000
0.611210 0.125000
0.611308 0.125000
0.611405 0.125000
0.611502 0.125000
0.611599 0.125000
0.611696 0.125000
0.611793 0.125000
0.611890 0.125000
0.611987 0.125000
0.612085 0.125000
0.612182 0.125000
0.612279 0.125000
0.612376 0.125000
0.612473 0.125000
0.612570 0.125000
0.612667 0.125000
0.612765 0.125000
0.612862 0.125000
0.612959 0.125000
0.613056 0.125000
0.613153 0.125000
0.613250 0.125000
0.613347 0.122222
0.613445 0.122222
0.613542 0.122222
0.613639 0.122222
0.613736 0.122222
0.613833 0.122222
0.613930 0.122222
0.614027 0.122222
0.614124 0.122222
0.614222 0.122222
0.614319 0.122222
0.614416 0.122222
0.614513 0.122222
0.614610 0.122222
0.614707 0.122222
0.614804 0.122222
0.614902 0.122222
0.614999 0.122222
0.615096 0.122222
0.615193 0.122222
0.615290 0.122222
0.615387 0.122222
0.615484 0.122222
0.615581 0.122222
0.615679 0.122222
0.615776 0.122222
0.615873 0.122222
0.615970 0.122222
0.616067 0.122222
0.616164 0.122222
0.616261 0.122222
0.616359 0.122222
0.616456 0.122222
0.616553 0.122222
0.616650 0.122222
0.616747 0.122222
0.616844 0.122222
0.616941 0.122222
0.617038 0.122222
0.617136 0.122222
0.617233 0.122222
0.617330 0.122222
0.617427 0.122222
0.617524 0.122222
0.617621 0.122222
0.617718 0.122222
0.617816 0.122222
0.617913 0.122222
0.618010 0.122222
0.618107 0.122222
0.618204 0.122222
0.618301 0.122222
0.618398 0.122222
0.618495 0.122222
0.618593 0.122222
0.618690 0.122222
0.618787 0.122222
0.618884 0.122222
0.618981 0.119444
0.619078 0.119444
0.619175 0.119444
0.619273 0.119444
0.619370 0.119444
0.619467 0.119444
0.619564 0.119444
0.619661 0.116667
0.619758 0.116667
0.619855 0.116667
0.619953 0.116667
0.620050 0.116667
0.620147 0.116667
0.620244 0.116667
0.620341 0.116667
0.620438 0.116667
0.620535 0.116667
0.620632 0.116667
0.620730 0.116667
0.620827 0.116667
0.620924 0.116667
0.621021 0.116667
0.621118 0.116667
0.621215 0.116667
0.621312 0.116667
0.621410 0.116667
0.621507 0.116667
0.621604 0.116667
0.621701 0.116667
0.621798 0.116667
0.621895 0.116667
0.621992 0.116667
0.622089 0.116667
0.622187 0.116667
0.622284 0.116667
0.622381 0.116667
0.622478 0.116667
0.622575 0.116667
0.622672 0.116667
0.622769 0.116667
0.622867 0.116667
0.622964 0.116667
0.623061 0.116667
0.623158 0.116667
0.623255 0.116667
0.623352 0.116667
0.623449 0.116667
0.623546 0.116667
0.623644 0.116667
0.623741 0.116667
0.623838 0.116667
0.623935 0.116667
0.624032 0.116667
0.624129 0.116667
0.624226 0.116667
0.624324 0.116667
0.624421 0.116667
0.624518 0.116667
0.624615 0.116667
0.624712 0.116667
0.624809 0.116667
0.624906 0.116667
0.625003 0.116667
0.625101 0.116667
0.625198 0.116667
0.625295 0.116667
0.625392 0.116667
0.625489 0.116667
0.625586 0.116667
0.625683 0.116667
0.625781 0.116667
0.625878 0.116667
0.625975 0.116667
0.626072 0.116667
0.626169 0.116667
0.626266 0.116667
0.626363 0.116667
0.626461 0.116667
0.626558 0.116667
0.626655 0.116667
0.626752 0.116667
0.626849 0.116667
0.626946 0.116667
0.627043 0.116667
0.627140 0.116667
0.627238 0.113889
0.627335 0.113889
0.627432 0.113889
0.627529 0.113889
0.627626 0.113889
0.627723 0.111111
0.627820 0.111111
0.627918 0.111111
0.628015 0.111111
0.628112 0.111111
0.628209 0.111111
0.628306 0.111111
0.628403 0.111111
0.628500 0.111111
0.628597 0.111111
0.628695 0.111111
0.628792 0.111111
0.628889 0.111111
0.628986 0.111111
0.629083 0.111111
0.629180 0.111111
0.629277 0.111111
0.629375 0.111111
0.629472 0.108333
0.629569 0.108333
0.629666 0.108333
0.629763 0.108333
0.629860 0.108333
0.629957 0.108333
0.630054 0.108333
0.630152 0.108333
0.630249 0.108333
0.630346 0.108333
0.630443 0.108333
0.630540 0.108333
0.630637 0.108333
0.630734 0.108333
0.630832 0.108333
0.630929 0.105556
0.631026 0.105556
0.631123 0.105556
0.631220 0.105556
0.631317 0.105556
0.631414 0.105556
0.631512 0.105556
0.631609 0.105556
0.631706 0.105556
0.631803 0.105556
0.631900 0.105556
0.631997 0.105556
0.632094 0.105556
0.632191 0.105556
0.632289 0.105556
0.632386 0.105556
0.632483 0.105556
0.632580 0.105556
0.632677 0.105556
0.632774 0.105556
0.632871 0.105556
0.632969 0.105556
0.633066 0.102778
0.633163 0.102778
0.633260 0.102778
0.633357 0.102778
0.633454 0.102778
0.633551 0.102778
0.633648 0.102778
0.633746 0.102778
0.633843 0.102778
0.633940 0.102778
0.634037 0.102778
0.634134 0.102778
0.634231 0.102778
0.634328 0.102778
0.634426 0.102778
0.634523 0.102778
0.634620 0.102778
0.634717 0.102778
0.634814 0.102778
0.634911 0.102778
0.635008 0.102778
0.635105 0.102778
0.635203 0.102778
0.635300 0.102778
0.635397 0.102778
0.635494 0.102778
0.635591 0.102778
0.635688 0.102778
0.635785 0.102778
0.635883 0.102778
0.635980 0.102778
0.636077 0.102778
0.636174 0.102778
0.636271 0.102778
0.636368 0.102778
0.636465 0.102778
0.636562 0.102778
0.636660 0.102778
0.636757 0.102778
0.636854 0.102778
0.636951 0.102778
0.637048 0.102778
0.637145 0.102778
0.637242 0.102778
0.637340 0.102778
0.637437 0.102778
0.637534 0.102778
0.637631 0.102778
0.637728 0.102778
0.637825 0.102778
0.637922 0.102778
0.638020 0.102778
0.638117 0.102778
0.638214 0.102778
0.638311 0.102778
0.638408 0.102778
0.638505 0.102778
0.638602 0.102778
0.638699 0.102778
0.638797 0.102778
0.638894 0.102778
0.638991 0.102778
0.639088 0.102778
0.639185 0.102778
0.639282 0.102778
0.639379 0.102778
0.639477 0.102778
0.639574 0.102778
0.639671 0.102778
0.639768 0.102778
0.639865 0.102778
0.639962 0.102778
0.640059 0.102778
0.640156 0.102778
0.640254 0.102778
0.640351 0.102778
0.640448 0.102778
0.640545 0.102778
0.640642 0.102778
0.640739 0.102778
0.640836 0.102778
0.640934 0.102778
0.641031 0.102778
0.641128 0.100000
0.641225 0.100000
0.641322 0.100000
0.641419 0.100000
0.641516 0.100000
0.641613 0.100000
0.641711 0.100000
0.641808 0.100000
0.641905 0.100000
0.642002 0.100000
0.642099 0.100000
0.642196 0.100000
0.642293 0.100000
0.642391 0.100000
0.642488 0.100000
0.642585 0.100000
0.642682 0.100000
0.642779 0.100000
0.642876 0.100000
0.642973 0.100000
0.643070 0.100000
0.643168 0.100000
0.643265 0.100000
0.643362 0.100000
0.643459 0.100000
0.643556 0.100000
0.643653 0.100000
0.643750 0.100000
0.643848 0.100000
0.643945 0.100000
0.644042 0.100000
0.644139 0.100000
0.644236 0.100000
0.644333 0.100000
0.644430 0.100000
0.644528 0.097222
0.644625 0.097222
0.644722 0.097222
0.644819 0.097222
0.644916 0.097222
0.645013 0.097222
0.645110 0.097222
0.645207 0.097222
0.645305 0.097222
0.645402 0.097222
0.645499 0.097222
0.645596 0.097222
0.645693 0.097222
0.645790 0.097222
0.645887 0.097222
0.645985 0.097222
0.646082 0.097222
0.646179 0.097222
0.646276 0.097222
0.646373 0.097222
0.646470 0.097222
0.646567 0.097222
0.646664 0.097222
0.646762 0.097222
0.646859 0.097222
0.646956 0.097222
0.647053 0.097222
0.647150 0.097222
0.647247 0.097222
0.647344 0.097222
0.647442 0.097222
0.647539 0.097222
0.647636 0.097222
0.647733 0.097222
0.647830 0.094444
0.647927 0.094444
0.648024 0.094444
0.648121 0.094444
0.648219 0.094444
0.648316 0.094444
0.648413 0.094444
0.648510 0.094444
0.648607 0.094444
0.648704 0.094444
0.648801 0.094444
0.648899 0.094444
0.648996 0.094444
0.649093 0.094444
0.649190 0.094444
0.649287 0.094444
0.649384 0.094444
0.649481 0.094444
0.649579 0.094444
0.649676 0.094444
0.649773 0.094444
0.649870 0.094444
0.649967 0.094444
0.650064 0.094444
0.650161 0.094444
0.650258 0.094444
0.650356 0.094444
0.650453 0.094444
0.650550 0.094444
0.650647 0.094444
0.650744 0.094444
0.650841 0.094444
0.650938 0.094444
0.651036 0.094444
0.651133 0.094444
0.651230 0.094444
0.651327 0.094444
0.651424 0.094444
0.651521 0.094444
0.651618 0.094444
0.651715 0.094444
0.651813 0.094444
0.651910 0.094444
0.652007 0.094444
0.652104 0.094444
0.652201 0.094444
0.652298 0.094444
0.652395 0.094444
0.652493 0.094444
0.652590 0.094444
0.652687 0.094444
0.652784 0.094444
0.652881 0.094444
0.652978 0.094444
0.653075 0.094444
0.653172 0.094444
0.653270 0.094444
0.653367 0.094444
0.653464 0.094444
0.653561 0.094444
0.653658 0.094444
0.653755 0.094444
0.653852 0.094444
0.653950 0.094444
0.654047 0.094444
0.654144 0.094444
0.654241 0.094444
0.654338 0.094444
0.654435 0.091667
0.654532 0.091667
0.654629 0.091667
0.654727 0.091667
0.654824 0.091667
0.654921 0.091667
0.655018 0.091667
0.655115 0.091667
0.655212 0.091667
0.655309 0.091667
0.655407 0.091667
0.655504 0.091667
0.655601 0.091667
0.655698 0.091667
0.655795 0.091667
0.655892 0.091667
0.655989 0.091667
0.656087 0.091667
0.656184 0.091667
0.656281 0.091667
0.656378 0.091667
0.656475 0.091667
0.656572 0.091667
0.656669 0.091667
0.656766 0.091667
0.656864 0.091667
0.656961 0.091667
0.657058 0.091667
0.657155 0.091667
0.657252 0.091667
0.657349 0.091667
0.657446 0.091667
0.657544 0.091667
0.657641 0.091667
0.657738 0.091667
0.657835 0.091667
0.657932 0.091667
0.658029 0.091667
0.658126 0.091667
0.658223 0.091667
0.658321 0.091667
0.658418 0.091667
0.658515 0.091667
0.658612 0.091667
0.658709 0.091667
0.658806 0.091667
0.658903 0.091667
0.659001 0.091667
0.659098 0.091667
0.659195 0.091667
0.659292 0.091667
0.659389 0.091667
0.659486 0.091667
0.659583 0.091667
0.659680 0.091667
0.659778 0.091667
0.659875 0.091667
0.659972 0.091667
0.660069 0.091667
0.660166 0.091667
0.660263 0.091667
0.660360 0.091667
0.660458 0.091667
0.660555 0.091667
0.660652 0.091667
0.660749 0.091667
0.660846 0.091667
0.660943 0.091667
0.661040 0.091667
0.661137 0.091667
0.661235 0.091667
0.661332 0.091667
0.661429 0.091667
0.661526 0.091667
0.661623 0.091667
0.661720 0.091667
0.661817 0.091667
0.661915 0.091667
0.662012 0.091667
0.662109 0.091667
0.662206 0.091667
0.662303 0.091667
0.662400 0.091667
0.662497 0.091667
0.662595 0.091667
0.662692 0.091667
0.662789 0.091667
0.662886 0.091667
0.662983 0.091667
0.663080 0.091667
0.663177 0.091667
0.663274 0.091667
0.663372 0.091667
0.663469 0.091667
0.663566 0.091667
0.663663 0.091667
0.663760 0.091667
0.663857 0.091667
0.663954 0.091667
0.664052 0.091667
0.664149 0.091667
0.664246 0.091667
0.664343 0.091667
0.664440 0.088889
0.664537 0.088889
0.664634 0.088889
0.664731 0.088889
0.664829 0.086111
0.664926 0.086111
0.665023 0.086111
0.665120 0.086111
0.665217 0.086111
0.665314 0.086111
0.665411 0.086111
0.665509 0.086111
0.665606 0.086111
0.665703 0.086111
0.665800 0.086111
0.665897 0.086111
0.665994 0.086111
0.666091 0.086111
0.666188 0.086111
0.666286 0.086111
0.666383 0.086111
0.666480 0.086111
0.666577 0.086111
0.666674 0.086111
0.666771 0.086111
0.666868 0.086111
0.666966 0.086111
0.667063 0.086111
0.667160 0.086111
0.667257 0.086111
0.667354 0.086111
0.667451 0.086111
0.667548 0.086111
0.667646 0.086111
0.667743 0.086111
0.667840 0.086111
0.667937 0.086111
0.668034 0.086111
0.668131 0.086111
0.668228 0.086111
0.668325 0.086111
0.668423 0.086111
0.668520 0.086111
0.668617 0.086111
0.668714 0.086111
0.668811 0.086111
0.668908 0.086111
0.669005 0.086111
0.669103 0.086111
0.669200 0.086111
0.669297 0.086111
0.669394 0.086111
0.669491 0.086111
0.669588 0.086111
0.669685 0.086111
0.669782 0.086111
0.669880 0.086111
0.669977 0.086111
0.670074 0.086111
0.670171 0.086111
0.670268 0.086111
0.670365 0.086111
0.670462 0.086111
0.670560 0.086111
0.670657 0.086111
0.670754 0.086111
0.670851 0.086111
0.670948 0.086111
0.671045 0.086111
0.671142 0.086111
0.671239 0.086111
0.671337 0.086111
0.671434 0.086111
0.671531 0.086111
0.671628 0.086111
0.671725 0.086111
0.671822 0.086111
0.671919 0.086111
0.672017 0.086111
0.672114 0.086111
0.672211 0.083333
0.672308 0.083333
0.672405 0.083333
0.672502 0.083333
0.672599 0.083333
0.672696 0.083333
0.672794 0.083333
0.672891 0.083333
0.672988 0.083333
0.673085 0.083333
0.673182 0.083333
0.673279 0.083333
0.673376 0.083333
0.673474 0.083333
0.673571 0.083333
0.673668 0.083333
0.673765 0.083333
0.673862 0.083333
0.673959 0.083333
0.674056 0.083333
0.674154 0.080556
0.674251 0.080556
0.674348 0.080556
0.674445 0.080556
0.674542 0.080556
0.674639 0.080556
0.674736 0.080556
0.674833 0.080556
0.674931 0.080556
0.675028 0.077778
0.675125 0.077778
0.675222 0.077778
0.675319 0.077778
0.675416 0.077778
0.675513 0.077778
0.675611 0.077778
0.675708 0.077778
0.675805 0.077778
0.675902 0.077778
0.675999 0.077778
0.676096 0.077778
0.676193 0.077778
0.676290 0.077778
0.676388 0.077778
0.676485 0.077778
0.676582 0.077778
0.676679 0.077778
0.676776 0.077778
0.676873 0.077778
0.676970 0.077778
0.677068 0.077778
0.677165 0.077778
0.677262 0.077778
0.677359 0.077778
0.677456 0.077778
0.677553 0.077778
0.677650 0.077778
0.677747 0.077778
0.677845 0.077778
0.677942 0.077778
0.678039 0.077778
0.678136 0.077778
0.678233 0.077778
0.678330 0.077778
0.678427 0.077778
0.678525 0.077778
0.678622 0.077778
0.678719 0.077778
0.678816 0.077778
0.678913 0.077778
0.679010 0.077778
0.679107 0.077778
0.679204 0.077778
0.679302 0.077778
0.679399 0.077778
0.679496 0.077778
0.679593 0.077778
0.679690 0.077778
0.679787 0.077778
0.679884 0.077778
0.679982 0.077778
0.680079 0.077778
0.680176 0.077778
0.680273 0.077778
0.680370 0.077778
0.680467 0.077778
0.680564 0.077778
0.680662 0.077778
0.680759 0.077778
0.680856 0.077778
0.680953 0.077778
0.681050 0.077778
0.681147 0.077778
0.681244 0.077778
0.681341 0.077778
0.681439 0.077778
0.681536 0.077778
0.681633 0.077778
0.681730 0.077778
0.681827 0.077778
0.681924 0.077778
0.682021 0.077778
0.682119 0.077778
0.682216 0.077778
0.682313 0.077778
0.682410 0.077778
0.682507 0.077778
0.682604 0.077778
0.682701 0.077778
0.682798 0.077778
0.682896 0.077778
0.682993 0.077778
0.683090 0.077778
0.683187 0.077778
0.683284 0.077778
0.683381 0.077778
0.683478 0.077778
0.683576 0.077778
0.683673 0.077778
0.683770 0.077778
0.683867 0.077778
0.683964 0.077778
0.684061 0.077778
0.684158 0.077778
0.684255 0.077778
0.684353 0.077778
0.684450 0.077778
0.684547 0.077778
0.684644 0.077778
0.684741 0.077778
0.684838 0.077778
0.684935 0.077778
0.685033 0.077778
0.685130 0.077778
0.685227 0.077778
0.685324 0.077778
0.685421 0.077778
0.685518 0.077778
0.685615 0.077778
0.685713 0.077778
0.685810 0.077778
0.685907 0.077778
0.686004 0.077778
0.686101 0.077778
0.686198 0.077778
0.686295 0.077778
0.686392 0.077778
0.686490 0.077778
0.686587 0.077778
0.686684 0.077778
0.686781 0.077778
0.686878 0.077778
0.686975 0.077778
0.687072 0.077778
0.687170 0.077778
0.687267 0.077778
0.687364 0.077778
0.687461 0.077778
0.687558 0.077778
0.687655 0.077778
0.687752 0.077778
0.687849 0.077778
0.687947 0.077778
0.688044 0.077778
0.688141 0.077778
0.688238 0.077778
0.688335 0.077778
0.688432 0.077778
0.688529 0.077778
0.688627 0.077778
0.688724 0.077778
0.688821 0.077778
0.688918 0.077778
0.689015 0.077778
0.689112 0.077778
0.689209 0.077778
0.689306 0.077778
0.689404 0.077778
0.689501 0.077778
0.689598 0.077778
0.689695 0.077778
0.689792 0.077778
0.689889 0.075000
0.689986 0.075000
0.690084 0.075000
0.690181 0.075000
0.690278 0.075000
0.690375 0.075000
0.690472 0.075000
0.690569 0.075000
0.690666 0.075000
0.690763 0.075000
0.690861 0.075000
0.690958 0.075000
0.691055 0.075000
0.691152 0.075000
0.691249 0.075000
0.691346 0.075000
0.691443 0.075000
0.691541 0.075000
0.691638 0.075000
0.691735 0.075000
0.691832 0.075000
0.691929 0.075000
0.692026 0.075000
0.692123 0.075000
0.692221 0.075000
0.692318 0.075000
0.692415 0.075000
0.692512 0.075000
0.692609 0.075000
0.692706 0.075000
0.692803 0.075000
0.692900 0.075000
0.692998 0.075000
0.693095 0.075000
0.693192 0.075000
0.693289 0.075000
0.693386 0.075000
0.693483 0.075000
0.693580 0.075000
0.693678 0.075000
0.693775 0.075000
0.693872 0.075000
0.693969 0.075000
0.694066 0.075000
0.694163 0.075000
0.694260 0.075000
0.694357 0.075000
0.694455 0.075000
0.694552 0.075000
0.694649 0.075000
0.694746 0.075000
0.694843 0.075000
0.694940 0.075000
0.695037 0.075000
0.695135 0.075000
0.695232 0.075000
0.695329 0.075000
0.695426 0.075000
0.695523 0.075000
0.695620 0.075000
0.695717 0.075000
0.695814 0.075000
0.695912 0.075000
0.696009 0.075000
0.696106 0.075000
0.696203 0.075000
0.696300 0.075000
0.696397 0.075000
0.696494 0.075000
0.696592 0.075000
0.696689 0.075000
0.696786 0.075000
0.696883 0.075000
0.696980 0.075000
0.697077 0.075000
0.697174 0.075000
0.697271 0.075000
0.697369 0.075000
0.697466 0.075000
0.697563 0.075000
0.697660 0.075000
0.697757 0.075000
0.697854 0.075000
0.697951 0.075000
0.698049 0.075000
0.698146 0.075000
0.698243 0.075000
0.698340 0.075000
0.698437 0.075000
0.698534 0.075000
0.698631 0.075000
0.698729 0.075000
0.698826 0.075000
0.698923 0.075000
0.699020 0.075000
0.699117 0.075000
0.699214 0.075000
0.699311 0.075000
0.699408 0.075000
0.699506 0.075000
0.699603 0.075000
0.699700 0.075000
0.699797 0.075000
0.699894 0.075000
0.699991 0.075000
0.700088 0.075000
0.700186 0.075000
0.700283 0.075000
0.700380 0.075000
0.700477 0.075000
0.700574 0.075000
0.700671 0.075000
0.700768 0.075000
0.700865 0.075000
0.700963 0.075000
0.701060 0.075000
0.701157 0.075000
0.701254 0.075000
0.701351 0.075000
0.701448 0.075000
0.701545 0.072222
0.701643 0.072222
0.701740 0.072222
0.701837 0.072222
0.701934 0.072222
0.702031 0.072222
0.702128 0.072222
0.702225 0.072222
0.702322 0.072222
0.702420 0.072222
0.702517 0.072222
0.702614 0.072222
0.702711 0.072222
0.702808 0.072222
0.702905 0.072222
0.703002 0.072222
0.703100 0.072222
0.703197 0.072222
0.703294 0.072222
0.703391 0.072222
0.703488 0.072222
0.703585 0.072222
0.703682 0.072222
0.703780 0.072222
0.703877 0.072222
0.703974 0.072222
0.704071 0.072222
0.704168 0.072222
0.704265 0.072222
0.704362 0.069444
0.704459 0.069444
0.704557 0.069444
0.704654 0.069444
0.704751 0.069444
0.704848 0.069444
0.704945 0.069444
0.705042 0.069444
0.705139 0.069444
0.705237 0.069444
0.705334 0.069444
0.705431 0.069444
0.705528 0.069444
0.705625 0.069444
0.705722 0.069444
0.705819 0.069444
0.705916 0.069444
0.706014 0.069444
0.706111 0.069444
0.706208 0.069444
0.706305 0.069444
0.706402 0.069444
0.706499 0.069444
0.706596 0.069444
0.706694 0.069444
0.706791 0.069444
0.706888 0.069444
0.706985 0.069444
0.707082 0.069444
0.707179 0.069444
0.707276 0.069444
0.707373 0.069444
0.707471 0.069444
0.707568 0.069444
0.707665 0.069444
0.707762 0.069444
0.707859 0.069444
0.707956 0.069444
0.708053 0.069444
0.708151 0.069444
0.708248 0.069444
0.708345 0.069444
0.708442 0.069444
0.708539 0.069444
0.708636 0.069444
0.708733 0.069444
0.708830 0.069444
0.708928 0.069444
0.709025 0.069444
0.709122 0.069444
0.709219 0.069444
0.709316 0.069444
0.709413 0.069444
0.709510 0.069444
0.709608 0.069444
0.709705 0.069444
0.709802 0.069444
0.709899 0.069444
0.709996 0.069444
0.710093 0.069444
0.710190 0.069444
0.710288 0.069444
0.710385 0.069444
0.710482 0.069444
0.710579 0.069444
0.710676 0.069444
0.710773 0.069444
0.710870 0.069444
0.710967 0.069444
0.711065 0.069444
0.711162 0.069444
0.711259 0.069444
0.711356 0.069444
0.711453 0.069444
0.711550 0.069444
0.711647 0.069444
0.711745 0.069444
0.711842 0.069444
0.711939 0.069444
0.712036 0.069444
0.712133 0.069444
0.712230 0.069444
0.712327 0.069444
0.712424 0.069444
0.712522 0.069444
0.712619 0.069444
0.712716 0.069444
0.712813 0.069444
0.712910 0.069444
0.713007 0.069444
0.713104 0.069444
0.713202 0.069444
0.713299 0.069444
0.713396 0.069444
0.713493 0.069444
0.713590 0.069444
0.713687 0.069444
0.713784 0.069444
0.713881 0.069444
0.713979 0.069444
0.714076 0.069444
0.714173 0.069444
0.714270 0.069444
0.714367 0.069444
0.714464 0.069444
0.714561 0.069444
0.714659 0.069444
0.714756 0.069444
0.714853 0.066667
0.714950 0.066667
0.715047 0.066667
0.715144 0.066667
0.715241 0.066667
0.715338 0.066667
0.715436 0.066667
0.715533 0.066667
0.715630 0.066667
0.715727 0.066667
0.715824 0.066667
0.715921 0.066667
0.716018 0.066667
0.716116 0.066667
0.716213 0.066667
0.716310 0.066667
0.716407 0.066667
0.716504 0.066667
0.716601 0.066667
0.716698 0.066667
0.716796 0.066667
0.716893 0.066667
0.716990 0.066667
0.717087 0.066667
0.717184 0.066667
0.717281 0.066667
0.717378 0.066667
0.717475 0.066667
0.717573 0.066667
0.717670 0.066667
0.717767 0.066667
0.717864 0.066667
0.717961 0.066667
0.718058 0.066667
0.718155 0.066667
0.718253 0.066667
0.718350 0.063889
0.718447 0.063889
0.718544 0.063889
0.718641 0.063889
0.718738 0.063889
0.718835 0.063889
0.718932 0.063889
0.719030 0.063889
0.719127 0.063889
0.719224 0.063889
0.719321 0.063889
0.719418 0.063889
0.719515 0.063889
0.719612 0.063889
0.719710 0.063889
0.719807 0.063889
0.719904 0.063889
0.720001 0.063889
0.720098 0.063889
0.720195 0.063889
0.720292 0.063889
0.720389 0.063889
0.720487 0.063889
0.720584 0.063889
0.720681 0.063889
0.720778 0.063889
0.720875 0.063889
0.720972 0.063889
0.721069 0.063889
0.721167 0.063889
0.721264 0.063889
0.721361 0.063889
0.721458 0.061111
0.721555 0.061111
0.721652 0.061111
0.721749 0.061111
0.721847 0.061111
0.721944 0.061111
0.722041 0.061111
0.722138 0.061111
0.722235 0.061111
0.722332 0.061111
0.722429 0.061111
0.722526 0.061111
0.722624 0.061111
0.722721 0.061111
0.722818 0.061111
0.722915 0.061111
0.723012 0.061111
0.723109 0.058333
0.723206 0.058333
0.723304 0.058333
0.723401 0.058333
0.723498 0.058333
0.723595 0.058333
0.723692 0.058333
0.723789 0.058333
0.723886 0.058333
0.723983 0.058333
0.724081 0.058333
0.724178 0.058333
0.724275 0.055556
0.724372 0.055556
0.724469 0.055556
0.724566 0.055556
0.724663 0.055556
0.724761 0.055556
0.724858 0.055556
0.724955 0.055556
0.725052 0.055556
0.725149 0.055556
0.725246 0.055556
0.725343 0.055556
0.725440 0.055556
0.725538 0.055556
0.725635 0.055556
0.725732 0.055556
0.725829 0.055556
0.725926 0.052778
0.726023 0.052778
0.726120 0.052778
0.726218 0.052778
0.726315 0.052778
0.726412 0.052778
0.726509 0.052778
0.726606 0.052778
0.726703 0.052778
0.726800 0.052778
0.726897 0.052778
0.726995 0.052778
0.727092 0.052778
0.727189 0.052778
0.727286 0.052778
0.727383 0.052778
0.727480 0.052778
0.727577 0.052778
0.727675 0.052778
0.727772 0.052778
0.727869 0.052778
0.727966 0.052778
0.728063 0.052778
0.728160 0.052778
0.728257 0.052778
0.728355 0.052778
0.728452 0.052778
0.728549 0.052778
0.728646 0.052778
0.728743 0.052778
0.728840 0.052778
0.728937 0.052778
0.729034 0.052778
0.729132 0.052778
0.729229 0.052778
0.729326 0.052778
0.729423 0.052778
0.729520 0.052778
0.729617 0.050000
0.729714 0.050000
0.729812 0.050000
0.729909 0.050000
0.730006 0.050000
0.730103 0.050000
0.730200 0.050000
0.730297 0.050000
0.730394 0.050000
0.730491 0.050000
0.730589 0.050000
0.730686 0.050000
0.730783 0.050000
0.730880 0.050000
0.730977 0.050000
0.731074 0.050000
0.731171 0.050000
0.731269 0.050000
0.731366 0.050000
0.731463 0.050000
0.731560 0.050000
0.731657 0.050000
0.731754 0.050000
0.731851 0.050000
0.731948 0.050000
0.732046 0.050000
0.732143 0.050000
0.732240 0.050000
0.732337 0.050000
0.732434 0.050000
0.732531 0.050000
0.732628 0.050000
0.732726 0.050000
0.732823 0.050000
0.732920 0.050000
0.733017 0.050000
0.733114 0.050000
0.733211 0.050000
0.733308 0.050000
0.733405 0.050000
0.733503 0.050000
0.733600 0.050000
0.733697 0.050000
0.733794 0.050000
0.733891 0.050000
0.733988 0.050000
0.734085 0.050000
0.734183 0.050000
0.734280 0.050000
0.734377 0.050000
0.734474 0.050000
0.734571 0.047222
0.734668 0.047222
0.734765 0.047222
0.734863 0.047222
0.734960 0.047222
0.735057 0.047222
0.735154 0.047222
0.735251 0.047222
0.735348 0.047222
0.735445 0.047222
0.735542 0.047222
0.735640 0.047222
0.735737 0.047222
0.735834 0.047222
0.735931 0.047222
0.736028 0.047222
0.736125 0.047222
0.736222 0.047222
0.736320 0.047222
0.736417 0.047222
0.736514 0.047222
0.736611 0.047222
0.736708 0.047222
0.736805 0.044444
0.736902 0.044444
0.736999 0.044444
0.737097 0.044444
0.737194 0.044444
0.737291 0.044444
0.737388 0.044444
0.737485 0.044444
0.737582 0.044444
0.737679 0.041667
0.737777 0.041667
0.737874 0.041667
0.737971 0.038889
0.738068 0.038889
0.738165 0.038889
0.738262 0.038889
0.738359 0.038889
0.738456 0.038889
0.738554 0.038889
0.738651 0.038889
0.738748 0.038889
0.738845 0.038889
0.738942 0.038889
0.739039 0.038889
0.739136 0.038889
0.739234 0.038889
0.739331 0.038889
0.739428 0.038889
0.739525 0.038889
0.739622 0.038889
0.739719 0.038889
0.739816 0.038889
0.739914 0.038889
0.740011 0.038889
0.740108 0.038889
0.740205 0.038889
0.740302 0.038889
0.740399 0.038889
0.740496 0.038889
0.740593 0.038889
0.740691 0.038889
0.740788 0.038889
0.740885 0.038889
0.740982 0.038889
0.741079 0.038889
0.741176 0.038889
0.741273 0.038889
0.741371 0.038889
0.741468 0.038889
0.741565 0.038889
0.741662 0.038889
0.741759 0.038889
0.741856 0.038889
0.741953 0.038889
0.742050 0.038889
0.742148 0.038889
0.742245 0.038889
0.742342 0.038889
0.742439 0.038889
0.742536 0.038889
0.742633 0.038889
0.742730 0.038889
0.742828 0.038889
0.742925 0.038889
0.743022 0.038889
0.743119 0.038889
0.743216 0.038889
0.743313 0.038889
0.743410 0.038889
0.743507 0.038889
0.743605 0.038889
0.743702 0.038889
0.743799 0.038889
0.743896 0.038889
0.743993 0.038889
0.744090 0.036111
0.744187 0.036111
0.744285 0.036111
0.744382 0.036111
0.744479 0.036111
0.744576 0.036111
0.744673 0.036111
0.744770 0.036111
0.744867 0.036111
0.744964 0.036111
0.745062 0.036111
0.745159 0.036111
0.745256 0.036111
0.745353 0.036111
0.745450 0.036111
0.745547 0.036111
0.745644 0.036111
0.745742 0.036111
0.745839 0.036111
0.745936 0.036111
0.746033 0.036111
0.746130 0.036111
0.746227 0.036111
0.746324 0.036111
0.746422 0.036111
0.746519 0.036111
0.746616 0.036111
0.746713 0.036111
0.746810 0.036111
0.746907 0.036111
0.747004 0.036111
0.747101 0.036111
0.747199 0.036111
0.747296 0.036111
0.747393 0.036111
0.747490 0.036111
0.747587 0.036111
0.747684 0.036111
0.747781 0.036111
0.747879 0.036111
0.747976 0.036111
0.748073 0.036111
0.748170 0.036111
0.748267 0.036111
0.748364 0.036111
0.748461 0.036111
0.748558 0.036111
0.748656 0.036111
0.748753 0.036111
0.748850 0.036111
0.748947 0.036111
0.749044 0.036111
0.749141 0.036111
0.749238 0.036111
0.749336 0.036111
0.749433 0.036111
0.749530 0.036111
0.749627 0.036111
0.749724 0.036111
0.749821 0.036111
0.749918 0.036111
0.750015 0.036111
0.750113 0.036111
0.750210 0.036111
0.750307 0.036111
0.750404 0.036111
0.750501 0.036111
0.750598 0.036111
0.750695 0.036111
0.750793 0.036111
0.750890 0.036111
0.750987 0.036111
0.751084 0.036111
0.751181 0.036111
0.751278 0.036111
0.751375 0.036111
0.751472 0.036111
0.751570 0.036111
0.751667 0.036111
0.751764 0.036111
0.751861 0.036111
0.751958 0.036111
0.752055 0.036111
0.752152 0.036111
0.752250 0.036111
0.752347 0.036111
0.752444 0.036111
0.752541 0.036111
0.752638 0.036111
0.752735 0.036111
0.752832 0.036111
0.752930 0.036111
0.753027 0.036111
0.753124 0.036111
0.753221 0.036111
0.753318 0.036111
0.753415 0.033333
0.753512 0.033333
0.753609 0.033333
0.753707 0.033333
0.753804 0.033333
0.753901 0.033333
0.753998 0.033333
0.754095 0.033333
0.754192 0.033333
0.754289 0.033333
0.754387 0.033333
0.754484 0.033333
0.754581 0.033333
0.754678 0.033333
0.754775 0.033333
0.754872 0.033333
0.754969 0.033333
0.755066 0.033333
0.755164 0.033333
0.755261 0.033333
0.755358 0.033333
0.755455 0.033333
0.755552 0.033333
0.755649 0.033333
0.755746 0.033333
0.755844 0.033333
0.755941 0.033333
0.756038 0.033333
0.756135 0.033333
0.756232 0.033333
0.756329 0.033333
0.756426 0.033333
0.756523 0.033333
0.756621 0.033333
0.756718 0.033333
0.756815 0.033333
0.756912 0.033333
0.757009 0.033333
0.757106 0.033333
0.757203 0.033333
0.757301 0.033333
0.757398 0.033333
0.757495 0.033333
0.757592 0.033333
0.757689 0.033333
0.757786 0.033333
0.757883 0.033333
0.757981 0.033333
0.758078 0.033333
0.758175 0.033333
0.758272 0.033333
0.758369 0.033333
0.758466 0.033333
0.758563 0.033333
0.758660 0.033333
0.758758 0.030556
0.758855 0.030556
0.758952 0.030556
0.759049 0.030556
0.759146 0.030556
0.759243 0.030556
0.759340 0.030556
0.759438 0.030556
0.759535 0.030556
0.759632 0.030556
0.759729 0.030556
0.759826 0.030556
0.759923 0.030556
0.760020 0.030556
0.760117 0.030556
0.760215 0.030556
0.760312 0.030556
0.760409 0.027778
0.760506 0.027778
0.760603 0.027778
0.760700 0.027778
0.760797 0.027778
0.760895 0.027778
0.760992 0.027778
0.761089 0.027778
0.761186 0.027778
0.761283 0.027778
0.761380 0.027778
0.761477 0.027778
0.761574 0.027778
0.761672 0.027778
0.761769 0.027778
0.761866 0.027778
0.761963 0.027778
0.762060 0.027778
0.762157 0.027778
0.762254 0.027778
0.762352 0.027778
0.762449 0.027778
0.762546 0.027778
0.762643 0.027778
0.762740 0.027778
0.762837 0.027778
0.762934 0.027778
0.763031 0.027778
0.763129 0.027778
0.763226 0.027778
0.763323 0.027778
0.763420 0.027778
0.763517 0.027778
0.763614 0.027778
0.763711 0.027778
0.763809 0.027778
0.763906 0.027778
0.764003 0.027778
0.764100 0.027778
0.764197 0.027778
0.764294 0.027778
0.764391 0.027778
0.764489 0.027778
0.764586 0.027778
0.764683 0.027778
0.764780 0.027778
0.764877 0.027778
0.764974 0.027778
0.765071 0.027778
0.765168 0.027778
0.765266 0.027778
0.765363 0.027778
0.765460 0.027778
0.765557 0.027778
0.765654 0.027778
0.765751 0.027778
0.765848 0.027778
0.765946 0.027778
0.766043 0.027778
0.766140 0.027778
0.766237 0.027778
0.766334 0.027778
0.766431 0.027778
0.766528 0.027778
0.766625 0.027778
0.766723 0.027778
0.766820 0.027778
0.766917 0.027778
0.767014 0.027778
0.767111 0.027778
0.767208 0.027778
0.767305 0.027778
0.767403 0.027778
0.767500 0.027778
0.767597 0.027778
0.767694 0.027778
0.767791 0.027778
0.767888 0.027778
0.767985 0.027778
0.768082 0.027778
0.768180 0.027778
0.768277 0.027778
0.768374 0.027778
0.768471 0.025000
0.768568 0.025000
0.768665 0.025000
0.768762 0.025000
0.768860 0.025000
0.768957 0.025000
0.769054 0.025000
0.769151 0.025000
0.769248 0.025000
0.769345 0.025000
0.769442 0.025000
0.769539 0.025000
0.769637 0.025000
0.769734 0.025000
0.769831 0.025000
0.769928 0.025000
0.770025 0.025000
0.770122 0.025000
0.770219 0.025000
0.770317 0.025000
0.770414 0.025000
0.770511 0.025000
0.770608 0.025000
0.770705 0.025000
0.770802 0.025000
0.770899 0.025000
0.770997 0.025000
0.771094 0.025000
0.771191 0.025000
0.771288 0.025000
0.771385 0.025000
0.771482 0.025000
0.771579 0.025000
0.771676 0.025000
0.771774 0.025000
0.771871 0.025000
0.771968 0.025000
0.772065 0.025000
0.772162 0.025000
0.772259 0.025000
0.772356 0.025000
0.772454 0.025000
0.772551 0.025000
0.772648 0.025000
0.772745 0.025000
0.772842 0.025000
0.772939 0.025000
0.773036 0.025000
0.773133 0.025000
0.773231 0.025000
0.773328 0.025000
0.773425 0.025000
0.773522 0.025000
0.773619 0.025000
0.773716 0.025000
0.773813 0.025000
0.773911 0.025000
0.774008 0.025000
0.774105 0.025000
0.774202 0.025000
0.774299 0.025000
0.774396 0.025000
0.774493 0.025000
0.774590 0.025000
0.774688 0.022222
0.774785 0.022222
0.774882 0.022222
0.774979 0.022222
0.775076 0.022222
0.775173 0.022222
0.775270 0.022222
0.775368 0.022222
0.775465 0.022222
0.775562 0.022222
0.775659 0.022222
0.775756 0.022222
0.775853 0.022222
0.775950 0.022222
0.776047 0.022222
0.776145 0.022222
0.776242 0.022222
0.776339 0.022222
0.776436 0.022222
0.776533 0.022222
0.776630 0.022222
0.776727 0.022222
0.776825 0.022222
0.776922 0.022222
0.777019 0.022222
0.777116 0.022222
0.777213 0.022222
0.777310 0.022222
0.777407 0.022222
0.777505 0.022222
0.777602 0.022222
0.777699 0.022222
0.777796 0.022222
0.777893 0.022222
0.777990 0.022222
0.778087 0.022222
0.778184 0.022222
0.778282 0.022222
0.778379 0.022222
0.778476 0.022222
0.778573 0.022222
0.778670 0.022222
0.778767 0.022222
0.778864 0.022222
0.778962 0.022222
0.779059 0.022222
0.779156 0.022222
0.779253 0.022222
0.779350 0.022222
0.779447 0.022222
0.779544 0.022222
0.779641 0.022222
0.779739 0.022222
0.779836 0.022222
0.779933 0.022222
0.780030 0.022222
0.780127 0.022222
0.780224 0.022222
0.780321 0.022222
0.780419 0.022222
0.780516 0.022222
0.780613 0.022222
0.780710 0.022222
0.780807 0.022222
0.780904 0.022222
0.781001 0.022222
0.781098 0.022222
0.781196 0.022222
0.781293 0.022222
0.781390 0.022222
0.781487 0.022222
0.781584 0.022222
0.781681 0.022222
0.781778 0.022222
0.781876 0.022222
0.781973 0.022222
0.782070 0.022222
0.782167 0.022222
0.782264 0.022222
0.782361 0.022222
0.782458 0.022222
0.782556 0.022222
0.782653 0.022222
0.782750 0.022222
0.782847 0.022222
0.782944 0.022222
0.783041 0.022222
0.783138 0.022222
0.783235 0.022222
0.783333 0.022222
0.783430 0.022222
0.783527 0.022222
0.783624 0.022222
0.783721 0.022222
0.783818 0.022222
0.783915 0.022222
0.784013 0.022222
0.784110 0.022222
0.784207 0.022222
0.784304 0.022222
0.784401 0.022222
0.784498 0.022222
0.784595 0.022222
0.784692 0.022222
0.784790 0.022222
0.784887 0.022222
0.784984 0.022222
0.785081 0.022222
0.785178 0.022222
0.785275 0.022222
0.785372 0.022222
0.785470 0.022222
0.785567 0.022222
0.785664 0.022222
0.785761 0.022222
0.785858 0.022222
0.785955 0.022222
0.786052 0.022222
0.786149 0.022222
0.786247 0.022222
0.786344 0.022222
0.786441 0.022222
0.786538 0.022222
0.786635 0.022222
0.786732 0.022222
0.786829 0.022222
0.786927 0.022222
0.787024 0.022222
0.787121 0.022222
0.787218 0.022222
0.787315 0.022222
0.787412 0.022222
0.787509 0.022222
0.787606 0.022222
0.787704 0.022222
0.787801 0.022222
0.787898 0.022222
0.787995 0.022222
0.788092 0.022222
0.788189 0.022222
0.788286 0.022222
0.788384 0.022222
0.788481 0.022222
0.788578 0.022222
0.788675 0.022222
0.788772 0.022222
0.788869 0.022222
0.788966 0.022222
0.789064 0.019444
0.789161 0.019444
0.789258 0.019444
0.789355 0.019444
0.789452 0.019444
0.789549 0.019444
0.789646 0.019444
0.789743 0.019444
0.789841 0.019444
0.789938 0.019444
0.790035 0.019444
0.790132 0.019444
0.790229 0.019444
0.790326 0.019444
0.790423 0.019444
0.790521 0.019444
0.790618 0.019444
0.790715 0.019444
0.790812 0.019444
0.790909 0.019444
0.791006 0.019444
0.791103 0.019444
0.791200 0.019444
0.791298 0.019444
0.791395 0.019444
0.791492 0.019444
0.791589 0.019444
0.791686 0.016667
0.791783 0.016667
0.791880 0.016667
0.791978 0.016667
0.792075 0.016667
0.792172 0.016667
0.792269 0.016667
0.792366 0.016667
0.792463 0.016667
0.792560 0.016667
0.792657 0.016667
0.792755 0.016667
0.792852 0.016667
0.792949 0.016667
0.793046 0.016667
0.793143 0.016667
0.793240 0.016667
0.793337 0.016667
0.793435 0.016667
0.793532 0.013889
0.793629 0.013889
0.793726 0.013889
0.793823 0.013889
0.793920 0.013889
0.794017 0.013889
0.794114 0.013889
0.794212 0.013889
0.794309 0.013889
0.794406 0.013889
0.794503 0.013889
0.794600 0.013889
0.794697 0.013889
0.794794 0.013889
0.794892 0.013889
0.794989 0.013889
0.795086 0.013889
0.795183 0.013889
0.795280 0.013889
0.795377 0.013889
0.795474 0.013889
0.795572 0.013889
0.795669 0.013889
0.795766 0.013889
0.795863 0.013889
0.795960 0.013889
0.796057 0.013889
0.796154 0.013889
0.796251 0.013889
0.796349 0.013889
0.796446 0.013889
0.796543 0.013889
0.796640 0.013889
0.796737 0.013889
0.796834 0.013889
0.796931 0.013889
0.797029 0.013889
0.797126 0.013889
0.797223 0.013889
0.797320 0.013889
0.797417 0.013889
0.797514 0.013889
0.797611 0.013889
0.797708 0.013889
0.797806 0.013889
0.797903 0.013889
0.798000 0.013889
0.798097 0.013889
0.798194 0.013889
0.798291 0.013889
0.798388 0.013889
0.798486 0.013889
0.798583 0.013889
0.798680 0.013889
0.798777 0.013889
0.798874 0.013889
0.798971 0.013889
0.799068 0.013889
0.799165 0.013889
0.799263 0.013889
0.799360 0.013889
0.799457 0.013889
0.799554 0.013889
0.799651 0.013889
0.799748 0.013889
0.799845 0.013889
0.799943 0.013889
0.800040 0.013889
0.800137 0.013889
0.800234 0.013889
0.800331 0.013889
0.800428 0.013889
0.800525 0.013889
0.800623 0.013889
0.800720 0.013889
0.800817 0.013889
0.800914 0.013889
0.801011 0.013889
0.801108 0.013889
0.801205 0.013889
0.801302 0.013889
0.801400 0.013889
0.801497 0.013889
0.801594 0.013889
0.801691 0.013889
0.801788 0.013889
0.801885 0.013889
0.801982 0.013889
0.802080 0.013889
0.802177 0.013889
0.802274 0.013889
0.802371 0.013889
0.802468 0.013889
0.802565 0.013889
0.802662 0.013889
0.802759 0.013889
0.802857 0.013889
0.802954 0.013889
0.803051 0.013889
0.803148 0.013889
0.803245 0.013889
0.803342 0.013889
0.803439 0.013889
0.803537 0.013889
0.803634 0.013889
0.803731 0.013889
0.803828 0.013889
0.803925 0.013889
0.804022 0.013889
0.804119 0.013889
0.804216 0.013889
0.804314 0.013889
0.804411 0.013889
0.804508 0.013889
0.804605 0.013889
0.804702 0.013889
0.804799 0.013889
0.804896 0.013889
0.804994 0.013889
0.805091 0.013889
0.805188 0.013889
0.805285 0.013889
0.805382 0.013889
0.805479 0.013889
0.805576 0.013889
0.805673 0.013889
0.805771 0.013889
0.805868 0.013889
0.805965 0.013889
0.806062 0.013889
0.806159 0.013889
0.806256 0.013889
0.806353 0.013889
0.806451 0.013889
0.806548 0.013889
0.806645 0.013889
0.806742 0.013889
0.806839 0.013889
0.806936 0.013889
0.807033 0.013889
0.807131 0.013889
0.807228 0.013889
0.807325 0.013889
0.807422 0.013889
0.807519 0.013889
0.807616 0.013889
0.807713 0.013889
0.807810 0.013889
0.807908 0.013889
0.808005 0.013889
0.808102 0.013889
0.808199 0.013889
0.808296 0.013889
0.808393 0.013889
0.808490 0.013889
0.808588 0.013889
0.808685 0.013889
0.808782 0.013889
0.808879 0.013889
0.808976 0.013889
0.809073 0.013889
0.809170 0.013889
0.809267 0.013889
0.809365 0.013889
0.809462 0.013889
0.809559 0.013889
0.809656 0.013889
0.809753 0.013889
0.809850 0.013889
0.809947 0.013889
0.810045 0.013889
0.810142 0.013889
0.810239 0.013889
0.810336 0.013889
0.810433 0.013889
0.810530 0.013889
0.810627 0.013889
0.810724 0.013889
0.810822 0.013889
0.810919 0.013889
0.811016 0.013889
0.811113 0.013889
0.811210 0.013889
0.811307 0.013889
0.811404 0.013889
0.811502 0.013889
0.811599 0.013889
0.811696 0.013889
0.811793 0.013889
0.811890 0.013889
0.811987 0.013889
0.812084 0.013889
0.812181 0.013889
0.812279 0.013889
0.812376 0.013889
0.812473 0.013889
0.812570 0.013889
0.812667 0.013889
0.812764 0.013889
0.812861 0.013889
0.812959 0.013889
0.813056 0.013889
0.813153 0.013889
0.813250 0.013889
0.813347 0.013889
0.813444 0.013889
0.813541 0.013889
0.813639 0.013889
0.813736 0.013889
0.813833 0.013889
0.813930 0.013889
0.814027 0.013889
0.814124 0.013889
0.814221 0.013889
0.814318 0.013889
0.814416 0.013889
0.814513 0.013889
0.814610 0.013889
0.814707 0.013889
0.814804 0.013889
0.814901 0.013889
0.814998 0.013889
0.815096 0.013889
0.815193 0.013889
0.815290 0.013889
0.815387 0.013889
0.815484 0.013889
0.815581 0.013889
0.815678 0.013889
0.815775 0.013889
0.815873 0.013889
0.815970 0.013889
0.816067 0.013889
0.816164 0.013889
0.816261 0.013889
0.816358 0.013889
0.816455 0.013889
0.816553 0.013889
0.816650 0.013889
0.816747 0.013889
0.816844 0.013889
0.816941 0.013889
0.817038 0.013889
0.817135 0.013889
0.817232 0.013889
0.817330 0.013889
0.817427 0.013889
0.817524 0.013889
0.817621 0.013889
0.817718 0.013889
0.817815 0.013889
0.817912 0.013889
0.818010 0.013889
0.818107 0.013889
0.818204 0.013889
0.818301 0.013889
0.818398 0.013889
0.818495 0.013889
0.818592 0.013889
0.818690 0.013889
0.818787 0.013889
0.818884 0.013889
0.818981 0.013889
0.819078 0.013889
0.819175 0.013889
0.819272 0.013889
0.819369 0.013889
0.819467 0.013889
0.819564 0.013889
0.819661 0.013889
0.819758 0.013889
0.819855 0.013889
0.819952 0.013889
0.820049 0.013889
0.820147 0.013889
0.820244 0.013889
0.820341 0.013889
0.820438 0.013889
0.820535 0.013889
0.820632 0.013889
0.820729 0.013889
0.820826 0.013889
0.820924 0.013889
0.821021 0.013889
0.821118 0.013889
0.821215 0.013889
0.821312 0.013889
0.821409 0.013889
0.821506 0.013889
0.821604 0.013889
0.821701 0.013889
0.821798 0.013889
0.821895 0.013889
0.821992 0.013889
0.822089 0.013889
0.822186 0.013889
0.822283 0.013889
0.822381 0.013889
0.822478 0.013889
0.822575 0.013889
0.822672 0.013889
0.822769 0.013889
0.822866 0.013889
0.822963 0.013889
0.823061 0.013889
0.823158 0.013889
0.823255 0.013889
0.823352 0.013889
0.823449 0.013889
0.823546 0.013889
0.823643 0.013889
0.823740 0.013889
0.823838 0.013889
0.823935 0.013889
0.824032 0.013889
0.824129 0.013889
0.824226 0.013889
0.824323 0.013889
0.824420 0.013889
0.824518 0.013889
0.824615 0.013889
0.824712 0.013889
0.824809 0.013889
0.824906 0.013889
0.825003 0.013889
0.825100 0.013889
0.825198 0.013889
0.825295 0.013889
0.825392 0.013889
0.825489 0.013889
0.825586 0.013889
0.825683 0.013889
0.825780 0.013889
0.825877 0.013889
0.825975 0.013889
0.826072 0.013889
0.826169 0.013889
0.826266 0.013889
0.826363 0.013889
0.826460 0.013889
0.826557 0.013889
0.826655 0.013889
0.826752 0.013889
0.826849 0.013889
0.826946 0.013889
0.827043 0.013889
0.827140 0.013889
0.827237 0.013889
0.827334 0.013889
0.827432 0.013889
0.827529 0.013889
0.827626 0.013889
0.827723 0.013889
0.827820 0.013889
0.827917 0.013889
0.828014 0.013889
0.828112 0.013889
0.828209 0.013889
0.828306 0.013889
0.828403 0.013889
0.828500 0.013889
0.828597 0.013889
0.828694 0.013889
0.828791 0.013889
0.828889 0.013889
0.828986 0.013889
0.829083 0.013889
0.829180 0.013889
0.829277 0.013889
0.829374 0.013889
0.829471 0.013889
0.829569 0.013889
0.829666 0.013889
0.829763 0.013889
0.829860 0.013889
0.829957 0.013889
0.830054 0.013889
0.830151 0.013889
0.830248 0.013889
0.830346 0.013889
0.830443 0.013889
0.830540 0.013889
0.830637 0.013889
0.830734 0.013889
0.830831 0.013889
0.830928 0.013889
0.831026 0.013889
0.831123 0.013889
0.831220 0.013889
0.831317 0.013889
0.831414 0.013889
0.831511 0.013889
0.831608 0.013889
0.831706 0.013889
0.831803 0.013889
0.831900 0.013889
0.831997 0.013889
0.832094 0.013889
0.832191 0.013889
0.832288 0.013889
0.832385 0.013889
0.832483 0.013889
0.832580 0.013889
0.832677 0.013889
0.832774 0.013889
0.832871 0.013889
0.832968 0.013889
0.833065 0.013889
0.833163 0.013889
0.833260 0.013889
0.833357 0.013889
0.833454 0.013889
0.833551 0.013889
0.833648 0.013889
0.833745 0.013889
0.833842 0.013889
0.833940 0.013889
0.834037 0.013889
0.834134 0.013889
0.834231 0.013889
0.834328 0.013889
0.834425 0.013889
0.834522 0.013889
0.834620 0.013889
0.834717 0.013889
0.834814 0.013889
0.834911 0.013889
0.835008 0.013889
0.835105 0.013889
0.835202 0.013889
0.835299 0.013889
0.835397 0.013889
0.835494 0.013889
0.835591 0.013889
0.835688 0.013889
0.835785 0.013889
0.835882 0.013889
0.835979 0.013889
0.836077 0.013889
0.836174 0.013889
0.836271 0.013889
0.836368 0.013889
0.836465 0.013889
0.836562 0.013889
0.836659 0.013889
0.836757 0.013889
0.836854 0.013889
0.836951 0.013889
0.837048 0.013889
0.837145 0.013889
0.837242 0.013889
0.837339 0.013889
0.837436 0.013889
0.837534 0.013889
0.837631 0.013889
0.837728 0.013889
0.837825 0.013889
0.837922 0.013889
0.838019 0.013889
0.838116 0.013889
0.838214 0.013889
0.838311 0.013889
0.838408 0.013889
0.838505 0.013889
0.838602 0.013889
0.838699 0.013889
0.838796 0.013889
0.838893 0.013889
0.838991 0.013889
0.839088 0.013889
0.839185 0.013889
0.839282 0.013889
0.839379 0.013889
0.839476 0.013889
0.839573 0.013889
0.839671 0.013889
0.839768 0.013889
0.839865 0.013889
0.839962 0.013889
0.840059 0.013889
0.840156 0.013889
0.840253 0.013889
0.840350 0.013889
0.840448 0.013889
0.840545 0.013889
0.840642 0.013889
0.840739 0.013889
0.840836 0.013889
0.840933 0.013889
0.841030 0.013889
0.841128 0.013889
0.841225 0.013889
0.841322 0.013889
0.841419 0.013889
0.841516 0.013889
0.841613 0.013889
0.841710 0.013889
0.841807 0.013889
0.841905 0.013889
0.842002 0.013889
0.842099 0.013889
0.842196 0.013889
0.842293 0.013889
0.842390 0.013889
0.842487 0.013889
0.842585 0.013889
0.842682 0.013889
0.842779 0.013889
0.842876 0.013889
0.842973 0.013889
0.843070 0.013889
0.843167 0.013889
0.843265 0.013889
0.843362 0.013889
0.843459 0.013889
0.843556 0.013889
0.843653 0.013889
0.843750 0.013889
0.843847 0.013889
0.843944 0.013889
0.844042 0.013889
0.844139 0.013889
0.844236 0.013889
0.844333 0.013889
0.844430 0.013889
0.844527 0.013889
0.844624 0.013889
0.844722 0.013889
0.844819 0.013889
0.844916 0.013889
0.845013 0.013889
0.845110 0.013889
0.845207 0.013889
0.845304 0.013889
0.845401 0.013889
0.845499 0.013889
0.845596 0.013889
0.845693 0.013889
0.845790 0.013889
0.845887 0.013889
0.845984 0.013889
0.846081 0.013889
0.846179 0.013889
0.846276 0.013889
0.846373 0.013889
0.846470 0.013889
0.846567 0.013889
0.846664 0.013889
0.846761 0.013889
0.846858 0.013889
0.846956 0.013889
0.847053 0.013889
0.847150 0.013889
0.847247 0.013889
0.847344 0.013889
0.847441 0.013889
0.847538 0.013889
0.847636 0.013889
0.847733 0.013889
0.847830 0.013889
0.847927 0.013889
0.848024 0.013889
0.848121 0.013889
0.848218 0.013889
0.848315 0.013889
0.848413 0.013889
0.848510 0.013889
0.848607 0.013889
0.848704 0.013889
0.848801 0.013889
0.848898 0.013889
0.848995 0.013889
0.849093 0.013889
0.849190 0.013889
0.849287 0.013889
0.849384 0.013889
0.849481 0.013889
0.849578 0.013889
0.849675 0.013889
0.849773 0.013889
0.849870 0.013889
0.849967 0.013889
0.850064 0.013889
0.850161 0.013889
0.850258 0.013889
0.850355 0.013889
0.850452 0.013889
0.850550 0.013889
0.850647 0.013889
0.850744 0.013889
0.850841 0.013889
0.850938 0.013889
0.851035 0.013889
0.851132 0.013889
0.851230 0.013889
0.851327 0.013889
0.851424 0.013889
0.851521 0.013889
0.851618 0.013889
0.851715 0.013889
0.851812 0.013889
0.851909 0.013889
0.852007 0.013889
0.852104 0.013889
0.852201 0.013889
0.852298 0.013889
0.852395 0.013889
0.852492 0.013889
0.852589 0.013889
0.852687 0.013889
0.852784 0.013889
0.852881 0.013889
0.852978 0.013889
0.853075 0.013889
0.853172 0.013889
0.853269 0.013889
0.853366 0.013889
0.853464 0.013889
0.853561 0.013889
0.853658 0.013889
0.853755 0.013889
0.853852 0.013889
0.853949 0.013889
0.854046 0.013889
0.854144 0.013889
0.854241 0.013889
0.854338 0.013889
0.854435 0.013889
0.854532 0.013889
0.854629 0.013889
0.854726 0.013889
0.854824 0.013889
0.854921 0.013889
0.855018 0.013889
0.855115 0.013889
0.855212 0.013889
0.855309 0.013889
0.855406 0.013889
0.855503 0.013889
0.855601 0.013889
0.855698 0.013889
0.855795 0.013889
0.855892 0.013889
0.855989 0.013889
0.856086 0.013889
0.856183 0.013889
0.856281 0.013889
0.856378 0.013889
0.856475 0.013889
0.856572 0.013889
0.856669 0.013889
0.856766 0.013889
0.856863 0.013889
0.856960 0.013889
0.857058 0.013889
0.857155 0.013889
0.857252 0.013889
0.857349 0.013889
0.857446 0.013889
0.857543 0.013889
0.857640 0.013889
0.857738 0.013889
0.857835 0.013889
0.857932 0.013889
0.858029 0.013889
0.858126 0.013889
0.858223 0.013889
0.858320 0.013889
0.858417 0.013889
0.858515 0.013889
0.858612 0.013889
0.858709 0.013889
0.858806 0.013889
0.858903 0.013889
0.859000 0.013889
0.859097 0.013889
0.859195 0.013889
0.859292 0.013889
0.859389 0.013889
0.859486 0.013889
0.859583 0.013889
0.859680 0.013889
0.859777 0.013889
0.859874 0.013889
0.859972 0.013889
0.860069 0.013889
0.860166 0.013889
0.860263 0.013889
0.860360 0.013889
0.860457 0.013889
0.860554 0.013889
0.860652 0.013889
0.860749 0.013889
0.860846 0.013889
0.860943 0.013889
0.861040 0.013889
0.861137 0.013889
0.861234 0.013889
0.861332 0.013889
0.861429 0.013889
0.861526 0.013889
0.861623 0.013889
0.861720 0.013889
0.861817 0.013889
0.861914 0.013889
0.862011 0.013889
0.862109 0.013889
0.862206 0.013889
0.862303 0.013889
0.862400 0.013889
0.862497 0.013889
0.862594 0.013889
0.862691 0.013889
0.862789 0.013889
0.862886 0.013889
0.862983 0.013889
0.863080 0.013889
0.863177 0.013889
0.863274 0.013889
0.863371 0.013889
0.863468 0.013889
0.863566 0.013889
0.863663 0.013889
0.863760 0.013889
0.863857 0.013889
0.863954 0.013889
0.864051 0.013889
0.864148 0.013889
0.864246 0.013889
0.864343 0.013889
0.864440 0.013889
0.864537 0.013889
0.864634 0.013889
0.864731 0.013889
0.864828 0.013889
0.864925 0.013889
0.865023 0.013889
0.865120 0.013889
0.865217 0.013889
0.865314 0.013889
0.865411 0.013889
0.865508 0.013889
0.865605 0.013889
0.865703 0.013889
0.865800 0.013889
0.865897 0.013889
0.865994 0.013889
0.866091 0.013889
0.866188 0.013889
0.866285 0.013889
0.866382 0.013889
0.866480 0.013889
0.866577 0.013889
0.866674 0.013889
0.866771 0.013889
0.866868 0.013889
0.866965 0.013889
0.867062 0.013889
0.867160 0.013889
0.867257 0.013889
0.867354 0.013889
0.867451 0.013889
0.867548 0.013889
0.867645 0.013889
0.867742 0.013889
0.867840 0.013889
0.867937 0.013889
0.868034 0.013889
0.868131 0.013889
0.868228 0.013889
0.868325 0.013889
0.868422 0.013889
0.868519 0.013889
0.868617 0.013889
0.868714 0.013889
0.868811 0.013889
0.868908 0.013889
0.869005 0.013889
0.869102 0.013889
0.869199 0.013889
0.869297 0.013889
0.869394 0.013889
0.869491 0.013889
0.869588 0.013889
0.869685 0.013889
0.869782 0.013889
0.869879 0.013889
0.869976 0.013889
0.870074 0.013889
0.870171 0.013889
0.870268 0.013889
0.870365 0.013889
0.870462 0.013889
0.870559 0.013889
0.870656 0.013889
0.870754 0.013889
0.870851 0.013889
0.870948 0.013889
0.871045 0.013889
0.871142 0.013889
0.871239 0.013889
0.871336 0.013889
0.871433 0.013889
0.871531 0.013889
0.871628 0.013889
0.871725 0.013889
0.871822 0.013889
0.871919 0.013889
0.872016 0.013889
0.872113 0.013889
0.872211 0.013889
0.872308 0.013889
0.872405 0.013889
0.872502 0.013889
0.872599 0.013889
0.872696 0.013889
0.872793 0.013889
0.872891 0.013889
0.872988 0.013889
0.873085 0.013889
0.873182 0.013889
0.873279 0.013889
0.873376 0.013889
0.873473 0.013889
0.873570 0.013889
0.873668 0.013889
0.873765 0.013889
0.873862 0.013889
0.873959 0.013889
0.874056 0.013889
0.874153 0.013889
0.874250 0.013889
0.874348 0.013889
0.874445 0.013889
0.874542 0.013889
0.874639 0.013889
0.874736 0.013889
0.874833 0.013889
0.874930 0.013889
0.875027 0.013889
0.875125 0.013889
0.875222 0.013889
0.875319 0.013889
0.875416 0.013889
0.875513 0.013889
0.875610 0.013889
0.875707 0.013889
0.875805 0.013889
0.875902 0.013889
0.875999 0.013889
0.876096 0.013889
0.876193 0.013889
0.876290 0.013889
0.876387 0.013889
0.876484 0.013889
0.876582 0.013889
0.876679 0.013889
0.876776 0.013889
0.876873 0.013889
0.876970 0.013889
0.877067 0.013889
0.877164 0.013889
0.877262 0.013889
0.877359 0.013889
0.877456 0.013889
0.877553 0.013889
0.877650 0.013889
0.877747 0.013889
0.877844 0.013889
0.877941 0.013889
0.878039 0.013889
0.878136 0.013889
0.878233 0.013889
0.878330 0.013889
0.878427 0.013889
0.878524 0.013889
0.878621 0.013889
0.878719 0.013889
0.878816 0.013889
0.878913 0.011111
0.879010 0.011111
0.879107 0.011111
0.879204 0.011111
0.879301 0.011111
0.879399 0.011111
0.879496 0.011111
0.879593 0.011111
0.879690 0.011111
0.879787 0.011111
0.879884 0.011111
0.879981 0.011111
0.880078 0.011111
0.880176 0.011111
0.880273 0.011111
0.880370 0.011111
0.880467 0.011111
0.880564 0.011111
0.880661 0.011111
0.880758 0.011111
0.880856 0.011111
0.880953 0.011111
0.881050 0.011111
0.881147 0.011111
0.881244 0.011111
0.881341 0.011111
0.881438 0.011111
0.881535 0.011111
0.881633 0.011111
0.881730 0.011111
0.881827 0.011111
0.881924 0.011111
0.882021 0.011111
0.882118 0.011111
0.882215 0.011111
0.882313 0.011111
0.882410 0.011111
0.882507 0.011111
0.882604 0.011111
0.882701 0.011111
0.882798 0.011111
0.882895 0.011111
0.882992 0.011111
0.883090 0.011111
0.883187 0.011111
0.883284 0.011111
0.883381 0.011111
0.883478 0.011111
0.883575 0.011111
0.883672 0.011111
0.883770 0.011111
0.883867 0.011111
0.883964 0.011111
0.884061 0.011111
0.884158 0.011111
0.884255 0.011111
0.884352 0.011111
0.884449 0.011111
0.884547 0.011111
0.884644 0.011111
0.884741 0.011111
0.884838 0.011111
0.884935 0.011111
0.885032 0.011111
0.885129 0.011111
0.885227 0.011111
0.885324 0.011111
0.885421 0.011111
0.885518 0.011111
0.885615 0.011111
0.885712 0.011111
0.885809 0.011111
0.885907 0.011111
0.886004 0.011111
0.886101 0.011111
0.886198 0.011111
0.886295 0.011111
0.886392 0.011111
0.886489 0.011111
0.886586 0.011111
0.886684 0.011111
0.886781 0.011111
0.886878 0.011111
0.886975 0.011111
0.887072 0.011111
0.887169 0.011111
0.887266 0.011111
0.887364 0.011111
0.887461 0.011111
0.887558 0.011111
0.887655 0.011111
0.887752 0.011111
0.887849 0.011111
0.887946 0.011111
0.888043 0.011111
0.888141 0.011111
0.888238 0.011111
0.888335 0.011111
0.888432 0.011111
0.888529 0.011111
0.888626 0.011111
0.888723 0.011111
0.888821 0.011111
0.888918 0.011111
0.889015 0.011111
0.889112 0.011111
0.889209 0.011111
0.889306 0.011111
0.889403 0.011111
0.889500 0.011111
0.889598 0.011111
0.889695 0.011111
0.889792 0.011111
0.889889 0.011111
0.889986 0.011111
0.890083 0.011111
0.890180 0.011111
0.890278 0.011111
0.890375 0.011111
0.890472 0.011111
0.890569 0.011111
0.890666 0.011111
0.890763 0.011111
0.890860 0.011111
0.890958 0.011111
0.891055 0.011111
0.891152 0.011111
0.891249 0.011111
0.891346 0.011111
0.891443 0.011111
0.891540 0.011111
0.891637 0.011111
0.891735 0.011111
0.891832 0.011111
0.891929 0.011111
0.892026 0.011111
0.892123 0.011111
0.892220 0.011111
0.892317 0.011111
0.892415 0.011111
0.892512 0.011111
0.892609 0.011111
0.892706 0.011111
0.892803 0.011111
0.892900 0.011111
0.892997 0.011111
0.893094 0.011111
0.893192 0.011111
0.893289 0.011111
0.893386 0.011111
0.893483 0.011111
0.893580 0.011111
0.893677 0.011111
0.893774 0.011111
0.893872 0.011111
0.893969 0.011111
0.894066 0.011111
0.894163 0.011111
0.894260 0.011111
0.894357 0.011111
0.894454 0.011111
0.894551 0.011111
0.894649 0.011111
0.894746 0.011111
0.894843 0.011111
0.894940 0.011111
0.895037 0.011111
0.895134 0.011111
0.895231 0.011111
0.895329 0.011111
0.895426 0.011111
0.895523 0.011111
0.895620 0.011111
0.895717 0.011111
0.895814 0.011111
0.895911 0.011111
0.896008 0.011111
0.896106 0.011111
0.896203 0.011111
0.896300 0.011111
0.896397 0.011111
0.896494 0.011111
0.896591 0.011111
0.896688 0.011111
0.896786 0.011111
0.896883 0.011111
0.896980 0.011111
0.897077 0.011111
0.897174 0.011111
0.897271 0.011111
0.897368 0.011111
0.897466 0.011111
0.897563 0.011111
0.897660 0.011111
0.897757 0.011111
0.897854 0.011111
0.897951 0.011111
0.898048 0.011111
0.898145 0.011111
0.898243 0.011111
0.898340 0.011111
0.898437 0.011111
0.898534 0.011111
0.898631 0.011111
0.898728 0.011111
0.898825 0.011111
0.898923 0.011111
0.899020 0.011111
0.899117 0.011111
0.899214 0.011111
0.899311 0.011111
0.899408 0.011111
0.899505 0.011111
0.899602 0.011111
0.899700 0.011111
0.899797 0.011111
0.899894 0.011111
0.899991 0.011111
0.900088 0.011111
0.900185 0.011111
0.900282 0.011111
0.900380 0.011111
0.900477 0.011111
0.900574 0.011111
0.900671 0.011111
0.900768 0.011111
0.900865 0.011111
0.900962 0.011111
0.901059 0.011111
0.901157 0.011111
0.901254 0.011111
0.901351 0.011111
0.901448 0.011111
0.901545 0.011111
0.901642 0.011111
0.901739 0.011111
0.901837 0.011111
0.901934 0.011111
0.902031 0.011111
0.902128 0.011111
0.902225 0.011111
0.902322 0.011111
0.902419 0.011111
0.902516 0.011111
0.902614 0.011111
0.902711 0.011111
0.902808 0.011111
0.902905 0.011111
0.903002 0.011111
0.903099 0.011111
0.903196 0.011111
0.903294 0.011111
0.903391 0.011111
0.903488 0.011111
0.903585 0.011111
0.903682 0.011111
0.903779 0.011111
0.903876 0.011111
0.903974 0.011111
0.904071 0.011111
0.904168 0.011111
0.904265 0.011111
0.904362 0.011111
0.904459 0.011111
0.904556 0.011111
0.904653 0.011111
0.904751 0.011111
0.904848 0.011111
0.904945 0.011111
0.905042 0.011111
0.905139 0.011111
0.905236 0.011111
0.905333 0.011111
0.905431 0.011111
0.905528 0.011111
0.905625 0.011111
0.905722 0.011111
0.905819 0.011111
0.905916 0.011111
0.906013 0.011111
0.906110 0.011111
0.906208 0.011111
0.906305 0.011111
0.906402 0.011111
0.906499 0.011111
0.906596 0.011111
0.906693 0.011111
0.906790 0.011111
0.906888 0.011111
0.906985 0.011111
0.907082 0.011111
0.907179 0.011111
0.907276 0.011111
0.907373 0.011111
0.907470 0.011111
0.907567 0.011111
0.907665 0.011111
0.907762 0.011111
0.907859 0.011111
0.907956 0.011111
0.908053 0.011111
0.908150 0.011111
0.908247 0.011111
0.908345 0.011111
0.908442 0.011111
0.908539 0.011111
0.908636 0.011111
0.908733 0.011111
0.908830 0.011111
0.908927 0.011111
0.909025 0.011111
0.909122 0.011111
0.909219 0.011111
0.909316 0.011111
0.909413 0.011111
0.909510 0.011111
0.909607 0.011111
0.909704 0.011111
0.909802 0.011111
0.909899 0.011111
0.909996 0.011111
0.910093 0.011111
0.910190 0.011111
0.910287 0.011111
0.910384 0.011111
0.910482 0.011111
0.910579 0.011111
0.910676 0.011111
0.910773 0.011111
0.910870 0.011111
0.910967 0.011111
0.911064 0.011111
0.911161 0.011111
0.911259 0.011111
0.911356 0.011111
0.911453 0.011111
0.911550 0.011111
0.911647 0.011111
0.911744 0.011111
0.911841 0.011111
0.911939 0.011111
0.912036 0.011111
0.912133 0.011111
0.912230 0.011111
0.912327 0.011111
0.912424 0.011111
0.912521 0.011111
0.912618 0.011111
0.912716 0.011111
0.912813 0.011111
0.912910 0.011111
0.913007 0.011111
0.913104 0.011111
0.913201 0.011111
0.913298 0.011111
0.913396 0.011111
0.913493 0.011111
0.913590 0.011111
0.913687 0.011111
0.913784 0.011111
0.913881 0.011111
0.913978 0.011111
0.914075 0.011111
0.914173 0.011111
0.914270 0.011111
0.914367 0.011111
0.914464 0.011111
0.914561 0.011111
0.914658 0.011111
0.914755 0.011111
0.914853 0.011111
0.914950 0.011111
0.915047 0.011111
0.915144 0.011111
0.915241 0.011111
0.915338 0.011111
0.915435 0.011111
0.915533 0.011111
0.915630 0.011111
0.915727 0.011111
0.915824 0.011111
0.915921 0.011111
0.916018 0.011111
0.916115 0.011111
0.916212 0.011111
0.916310 0.011111
0.916407 0.011111
0.916504 0.011111
0.916601 0.011111
0.916698 0.011111
0.916795 0.011111
0.916892 0.011111
0.916990 0.011111
0.917087 0.011111
0.917184 0.011111
0.917281 0.011111
0.917378 0.011111
0.917475 0.011111
0.917572 0.011111
0.917669 0.011111
0.917767 0.011111
0.917864 0.011111
0.917961 0.011111
0.918058 0.011111
0.918155 0.011111
0.918252 0.011111
0.918349 0.011111
0.918447 0.011111
0.918544 0.011111
0.918641 0.011111
0.918738 0.011111
0.918835 0.011111
0.918932 0.011111
0.919029 0.011111
0.919126 0.011111
0.919224 0.011111
0.919321 0.011111
0.919418 0.011111
0.919515 0.011111
0.919612 0.011111
0.919709 0.011111
0.919806 0.011111
0.919904 0.011111
0.920001 0.011111
0.920098 0.011111
0.920195 0.011111
0.920292 0.011111
0.920389 0.011111
0.920486 0.011111
0.920583 0.011111
0.920681 0.011111
0.920778 0.011111
0.920875 0.011111
0.920972 0.011111
0.921069 0.011111
0.921166 0.011111
0.921263 0.011111
0.921361 0.011111
0.921458 0.011111
0.921555 0.011111
0.921652 0.011111
0.921749 0.011111
0.921846 0.011111
0.921943 0.011111
0.922041 0.011111
0.922138 0.011111
0.922235 0.011111
0.922332 0.011111
0.922429 0.011111
0.922526 0.011111
0.922623 0.011111
0.922720 0.011111
0.922818 0.011111
0.922915 0.011111
0.923012 0.011111
0.923109 0.011111
0.923206 0.011111
0.923303 0.011111
0.923400 0.011111
0.923498 0.011111
0.923595 0.011111
0.923692 0.011111
0.923789 0.011111
0.923886 0.011111
0.923983 0.011111
0.924080 0.011111
0.924177 0.011111
0.924275 0.011111
0.924372 0.011111
0.924469 0.011111
0.924566 0.011111
0.924663 0.011111
0.924760 0.011111
0.924857 0.011111
0.924955 0.011111
0.925052 0.011111
0.925149 0.011111
0.925246 0.011111
0.925343 0.011111
0.925440 0.011111
0.925537 0.011111
0.925634 0.011111
0.925732 0.011111
0.925829 0.011111
0.925926 0.011111
0.926023 0.011111
0.926120 0.011111
0.926217 0.011111
0.926314 0.011111
0.926412 0.011111
0.926509 0.011111
0.926606 0.011111
0.926703 0.011111
0.926800 0.011111
0.926897 0.011111
0.926994 0.011111
0.927092 0.011111
0.927189 0.011111
0.927286 0.011111
0.927383 0.011111
0.927480 0.011111
0.927577 0.011111
0.927674 0.011111
0.927771 0.011111
0.927869 0.011111
0.927966 0.011111
0.928063 0.011111
0.928160 0.011111
0.928257 0.011111
0.928354 0.011111
0.928451 0.011111
0.928549 0.011111
0.928646 0.011111
0.928743 0.011111
0.928840 0.011111
0.928937 0.011111
0.929034 0.011111
0.929131 0.011111
0.929228 0.011111
0.929326 0.011111
0.929423 0.011111
0.929520 0.011111
0.929617 0.008333
0.929714 0.008333
0.929811 0.008333
0.929908 0.008333
0.930006 0.008333
0.930103 0.008333
0.930200 0.008333
0.930297 0.008333
0.930394 0.008333
0.930491 0.008333
0.930588 0.008333
0.930685 0.008333
0.930783 0.008333
0.930880 0.008333
0.930977 0.008333
0.931074 0.008333
0.931171 0.008333
0.931268 0.008333
0.931365 0.008333
0.931463 0.008333
0.931560 0.008333
0.931657 0.008333
0.931754 0.008333
0.931851 0.008333
0.931948 0.008333
0.932045 0.008333
0.932142 0.008333
0.932240 0.008333
0.932337 0.008333
0.932434 0.008333
0.932531 0.008333
0.932628 0.008333
0.932725 0.008333
0.932822 0.008333
0.932920 0.008333
0.933017 0.008333
0.933114 0.008333
0.933211 0.008333
0.933308 0.008333
0.933405 0.008333
0.933502 0.008333
0.933600 0.008333
0.933697 0.008333
0.933794 0.008333
0.933891 0.008333
0.933988 0.008333
0.934085 0.008333
0.934182 0.008333
0.934279 0.008333
0.934377 0.008333
0.934474 0.008333
0.934571 0.008333
0.934668 0.008333
0.934765 0.008333
0.934862 0.008333
0.934959 0.008333
0.935057 0.008333
0.935154 0.008333
0.935251 0.008333
0.935348 0.008333
0.935445 0.008333
0.935542 0.008333
0.935639 0.008333
0.935736 0.008333
0.935834 0.008333
0.935931 0.008333
0.936028 0.008333
0.936125 0.008333
0.936222 0.008333
0.936319 0.008333
0.936416 0.008333
0.936514 0.008333
0.936611 0.008333
0.936708 0.008333
0.936805 0.008333
0.936902 0.008333
0.936999 0.008333
0.937096 0.008333
0.937193 0.008333
0.937291 0.008333
0.937388 0.008333
0.937485 0.008333
0.937582 0.008333
0.937679 0.008333
0.937776 0.008333
0.937873 0.008333
0.937971 0.008333
0.938068 0.008333
0.938165 0.008333
0.938262 0.008333
0.938359 0.008333
0.938456 0.008333
0.938553 0.008333
0.938650 0.008333
0.938748 0.008333
0.938845 0.008333
0.938942 0.008333
0.939039 0.008333
0.939136 0.008333
0.939233 0.008333
0.939330 0.008333
0.939428 0.008333
0.939525 0.008333
0.939622 0.008333
0.939719 0.008333
0.939816 0.008333
0.939913 0.008333
0.940010 0.008333
0.940108 0.008333
0.940205 0.008333
0.940302 0.008333
0.940399 0.008333
0.940496 0.008333
0.940593 0.008333
0.940690 0.008333
0.940787 0.008333
0.940885 0.008333
0.940982 0.008333
0.941079 0.008333
0.941176 0.008333
0.941273 0.008333
0.941370 0.008333
0.941467 0.008333
0.941565 0.008333
0.941662 0.008333
0.941759 0.008333
0.941856 0.008333
0.941953 0.008333
0.942050 0.008333
0.942147 0.008333
0.942244 0.008333
0.942342 0.008333
0.942439 0.008333
0.942536 0.008333
0.942633 0.008333
0.942730 0.008333
0.942827 0.008333
0.942924 0.008333
0.943022 0.008333
0.943119 0.008333
0.943216 0.008333
0.943313 0.008333
0.943410 0.008333
0.943507 0.008333
0.943604 0.008333
0.943701 0.008333
0.943799 0.008333
0.943896 0.008333
0.943993 0.008333
0.944090 0.005556
0.944187 0.005556
0.944284 0.005556
0.944381 0.005556
0.944479 0.005556
0.944576 0.005556
0.944673 0.005556
0.944770 0.005556
0.944867 0.005556
0.944964 0.005556
0.945061 0.005556
0.945159 0.005556
0.945256 0.005556
0.945353 0.005556
0.945450 0.005556
0.945547 0.005556
0.945644 0.005556
0.945741 0.005556
0.945838 0.005556
0.945936 0.005556
0.946033 0.005556
0.946130 0.005556
0.946227 0.005556
0.946324 0.005556
0.946421 0.005556
0.946518 0.005556
0.946616 0.005556
0.946713 0.005556
0.946810 0.005556
0.946907 0.005556
0.947004 0.005556
0.947101 0.005556
0.947198 0.005556
0.947295 0.005556
0.947393 0.005556
0.947490 0.005556
0.947587 0.005556
0.947684 0.005556
0.947781 0.005556
0.947878 0.005556
0.947975 0.005556
0.948073 0.005556
0.948170 0.005556
0.948267 0.005556
0.948364 0.005556
0.948461 0.005556
0.948558 0.005556
0.948655 0.005556
0.948752 0.005556
0.948850 0.005556
0.948947 0.005556
0.949044 0.005556
0.949141 0.005556
0.949238 0.005556
0.949335 0.005556
0.949432 0.005556
0.949530 0.005556
0.949627 0.005556
0.949724 0.005556
0.949821 0.005556
0.949918 0.005556
0.950015 0.005556
0.950112 0.005556
0.950209 0.005556
0.950307 0.005556
0.950404 0.005556
0.950501 0.005556
0.950598 0.005556
0.950695 0.005556
0.950792 0.005556
0.950889 0.005556
0.950987 0.005556
0.951084 0.005556
0.951181 0.005556
0.951278 0.005556
0.951375 0.005556
0.951472 0.005556
0.951569 0.005556
0.951667 0.005556
0.951764 0.005556
0.951861 0.005556
0.951958 0.005556
0.952055 0.005556
0.952152 0.005556
0.952249 0.005556
0.952346 0.005556
0.952444 0.005556
0.952541 0.005556
0.952638 0.005556
0.952735 0.005556
0.952832 0.005556
0.952929 0.005556
0.953026 0.005556
0.953124 0.005556
0.953221 0.005556
0.953318 0.005556
0.953415 0.005556
0.953512 0.005556
0.953609 0.005556
0.953706 0.005556
0.953803 0.005556
0.953901 0.005556
0.953998 0.005556
0.954095 0.005556
0.954192 0.005556
0.954289 0.005556
0.954386 0.005556
0.954483 0.005556
0.954581 0.005556
0.954678 0.005556
0.954775 0.005556
0.954872 0.005556
0.954969 0.005556
0.955066 0.005556
0.955163 0.005556
0.955260 0.005556
0.955358 0.005556
0.955455 0.005556
0.955552 0.005556
0.955649 0.005556
0.955746 0.005556
0.955843 0.005556
0.955940 0.005556
0.956038 0.005556
0.956135 0.005556
0.956232 0.005556
0.956329 0.005556
0.956426 0.005556
0.956523 0.005556
0.956620 0.005556
0.956717 0.005556
0.956815 0.005556
0.956912 0.005556
0.957009 0.005556
0.957106 0.005556
0.957203 0.005556
0.957300 0.005556
0.957397 0.005556
0.957495 0.005556
0.957592 0.005556
0.957689 0.005556
0.957786 0.005556
0.957883 0.005556
0.957980 0.005556
0.958077 0.005556
0.958175 0.005556
0.958272 0.005556
0.958369 0.005556
0.958466 0.005556
0.958563 0.005556
0.958660 0.005556
0.958757 0.005556
0.958854 0.005556
0.958952 0.005556
0.959049 0.005556
0.959146 0.005556
0.959243 0.005556
0.959340 0.005556
0.959437 0.005556
0.959534 0.005556
0.959632 0.005556
0.959729 0.005556
0.959826 0.005556
0.959923 0.005556
0.960020 0.002778
0.960117 0.002778
0.960214 0.002778
0.960311 0.002778
0.960409 0.002778
0.960506 0.002778
0.960603 0.002778
0.960700 0.002778
0.960797 0.002778
0.960894 0.002778
0.960991 0.002778
0.961089 0.002778
0.961186 0.002778
0.961283 0.002778
0.961380 0.002778
0.961477 0.002778
0.961574 0.002778
0.961671 0.002778
0.961768 0.002778
0.961866 0.002778
0.961963 0.002778
0.962060 0.002778
0.962157 0.002778
0.962254 0.002778
0.962351 0.002778
0.962448 0.002778
0.962546 0.002778
0.962643 0.002778
0.962740 0.002778
0.962837 0.002778
0.962934 0.002778
0.963031 0.002778
0.963128 0.002778
0.963226 0.002778
0.963323 0.002778
0.963420 0.002778
0.963517 0.002778
0.963614 0.002778
0.963711 0.002778
0.963808 0.002778
0.963905 0.002778
0.964003 0.002778
0.964100 0.002778
0.964197 0.002778
0.964294 0.002778
0.964391 0.002778
0.964488 0.002778
0.964585 0.002778
0.964683 0.000000
0.964780 0.000000
0.964877 0.000000
0.964974 0.000000
0.965071 0.000000
0.965168 0.000000
0.965265 0.000000
0.965362 0.000000
0.965460 0.000000
0.965557 0.000000
0.965654 0.000000
0.965751 0.000000
0.965848 0.000000
0.965945 0.000000
0.966042 0.000000
0.966140 0.000000
0.966237 0.000000
0.966334 0.000000
0.966431 0.000000
0.966528 0.000000
0.966625 0.000000
0.966722 0.000000
0.966819 0.000000
0.966917 0.000000
0.967014 0.000000
0.967111 0.000000
0.967208 0.000000
0.967305 0.000000
0.967402 0.000000
0.967499 0.000000
0.967597 0.000000
0.967694 0.000000
0.967791 0.000000
0.967888 0.000000
0.967985 0.000000
0.968082 0.000000
0.968179 0.000000
0.968276 0.000000
0.968374 0.000000
0.968471 0.000000
0.968568 0.000000
0.968665 0.000000
0.968762 0.000000
0.968859 0.000000
0.968956 0.000000
0.969054 0.000000
0.969151 0.000000
0.969248 0.000000
0.969345 0.000000
0.969442 0.000000
0.969539 0.000000
0.969636 0.000000
0.969734 0.000000
0.969831 0.000000
0.969928 0.000000
0.970025 0.000000
0.970122 0.000000
0.970219 0.000000
0.970316 0.000000
0.970413 0.000000
0.970511 0.000000
0.970608 0.000000
0.970705 0.000000
0.970802 0.000000
0.970899 0.000000
0.970996 0.000000
0.971093 0.000000
0.971191 0.000000
0.971288 0.000000
0.971385 0.000000
0.971482 0.000000
0.971579 0.000000
0.971676 0.000000
0.971773 0.000000
0.971870 0.000000
0.971968 0.000000
0.972065 0.000000
0.972162 0.000000
0.972259 0.000000
0.972356 0.000000
0.972453 0.000000
0.972550 0.000000
0.972648 0.000000
0.972745 0.000000
0.972842 0.000000
0.972939 0.000000
0.973036 0.000000
0.973133 0.000000
0.973230 0.000000
0.973327 0.000000
0.973425 0.000000
0.973522 0.000000
0.973619 0.000000
0.973716 0.000000
0.973813 0.000000
0.973910 0.000000
0.974007 0.000000
0.974105 0.000000
0.974202 0.000000
0.974299 0.000000
0.974396 0.000000
0.974493 0.000000
0.974590 0.000000
0.974687 0.000000
0.974784 0.000000
0.974882 0.000000
0.974979 0.000000
0.975076 0.000000
0.975173 0.000000
0.975270 0.000000
0.975367 0.000000
0.975464 0.000000
0.975562 0.000000
0.975659 0.000000
0.975756 0.000000
0.975853 0.000000
0.975950 0.000000
0.976047 0.000000
0.976144 0.000000
0.976242 0.000000
0.976339 0.000000
0.976436 0.000000
0.976533 0.000000
0.976630 0.000000
0.976727 0.000000
0.976824 0.000000
0.976921 0.000000
0.977019 0.000000
0.977116 0.000000
0.977213 0.000000
0.977310 0.000000
0.977407 0.000000
0.977504 0.000000
0.977601 0.000000
0.977699 0.000000
0.977796 0.000000
0.977893 0.000000
0.977990 0.000000
0.978087 0.000000
