# Threshold Efficiency
0.007633 0.999753
0.007731 0.999753
0.007830 0.999753
0.007929 0.999753
0.008027 0.999753
0.008126 0.999753
0.008225 0.999753
0.008323 0.999753
0.008422 0.999753
0.008520 0.999753
0.008619 0.999753
0.008718 0.999753
0.008816 0.999753
0.008915 0.999753
0.009014 0.999507
0.009112 0.999507
0.009211 0.999507
0.009310 0.999507
0.009408 0.999507
0.009507 0.999507
0.009606 0.999507
0.009704 0.999507
0.009803 0.999507
0.009901 0.999507
0.010000 0.999507
0.010099 0.999507
0.010197 0.999507
0.010296 0.999507
0.010395 0.999507
0.010493 0.999507
0.010592 0.999260
0.010691 0.999260
0.010789 0.999260
0.010888 0.999260
0.010987 0.999014
0.011085 0.999014
0.011184 0.999014
0.011282 0.999014
0.011381 0.999014
0.011480 0.999014
0.011578 0.999014
0.011677 0.999014
0.011776 0.999014
0.011874 0.998767
0.011973 0.998767
0.012072 0.998767
0.012170 0.998767
0.012269 0.998767
0.012367 0.998520
0.012466 0.998520
0.012565 0.998274
0.012663 0.998274
0.012762 0.998274
0.012861 0.998027
0.012959 0.998027
0.013058 0.998027
0.013157 0.997781
0.013255 0.997781
0.013354 0.997781
0.013453 0.997781
0.013551 0.997534
0.013650 0.997287
0.013748 0.997041
0.013847 0.997041
0.013946 0.997041
0.014044 0.997041
0.014143 0.997041
0.014242 0.997041
0.014340 0.997041
0.014439 0.997041
0.014538 0.997041
0.014636 0.997041
0.014735 0.997041
0.014834 0.996547
0.014932 0.996547
0.015031 0.996547
0.015129 0.996301
0.015228 0.996301
0.015327 0.996301
0.015425 0.996301
0.015524 0.996301
0.015623 0.996054
0.015721 0.996054
0.015820 0.996054
0.015919 0.996054
0.016017 0.996054
0.016116 0.996054
0.016215 0.995808
0.016313 0.995808
0.016412 0.995808
0.016510 0.995808
0.016609 0.995808
0.016708 0.995561
0.016806 0.995561
0.016905 0.995561
0.017004 0.995314
0.017102 0.995314
0.017201 0.995314
0.017300 0.995068
0.017398 0.995068
0.017497 0.995068
0.017595 0.995068
0.017694 0.995068
0.017793 0.995068
0.017891 0.995068
0.017990 0.995068
0.018089 0.995068
0.018187 0.995068
0.018286 0.994821
0.018385 0.994821
0.018483 0.994821
0.018582 0.994821
0.018681 0.994821
0.018779 0.994821
0.018878 0.994821
0.018976 0.994328
0.019075 0.994328
0.019174 0.994081
0.019272 0.994081
0.019371 0.994081
0.019470 0.994081
0.019568 0.994081
0.019667 0.994081
0.019766 0.993588
0.019864 0.993588
0.019963 0.993342
0.020062 0.992602
0.020160 0.992109
0.020259 0.992109
0.020357 0.992109
0.020456 0.992109
0.020555 0.992109
0.020653 0.992109
0.020752 0.992109
0.020851 0.992109
0.020949 0.991615
0.021048 0.991615
0.021147 0.991122
0.021245 0.991122
0.021344 0.990875
0.021443 0.990875
0.021541 0.990875
0.021640 0.990875
0.021738 0.990875
0.021837 0.990875
0.021936 0.990629
0.022034 0.990629
0.022133 0.990136
0.022232 0.990136
0.022330 0.989889
0.022429 0.989889
0.022528 0.989642
0.022626 0.989396
0.022725 0.988903
0.022823 0.988903
0.022922 0.988903
0.023021 0.988903
0.023119 0.988903
0.023218 0.988903
0.023317 0.988903
0.023415 0.988656
0.023514 0.988656
0.023613 0.988656
0.023711 0.988409
0.023810 0.988163
0.023909 0.987916
0.024007 0.987670
0.024106 0.987670
0.024204 0.987423
0.024303 0.987423
0.024402 0.987423
0.024500 0.987423
0.024599 0.987423
0.024698 0.987423
0.024796 0.987423
0.024895 0.987423
0.024994 0.987423
0.025092 0.987423
0.025191 0.987176
0.025290 0.987176
0.025388 0.987176
0.025487 0.987176
0.025585 0.987176
0.025684 0.986930
0.025783 0.986683
0.025881 0.986683
0.025980 0.986683
0.026079 0.986436
0.026177 0.986436
0.026276 0.986190
0.026375 0.985697
0.026473 0.985450
0.026572 0.985203
0.026671 0.985203
0.026769 0.985203
0.026868 0.985203
0.026966 0.985203
0.027065 0.984957
0.027164 0.984464
0.027262 0.984464
0.027361 0.984464
0.027460 0.984464
0.027558 0.984217
0.027657 0.983970
0.027756 0.983970
0.027854 0.983724
0.027953 0.983724
0.028051 0.983231
0.028150 0.983231
0.028249 0.983231
0.028347 0.983231
0.028446 0.982984
0.028545 0.982737
0.028643 0.982244
0.028742 0.982244
0.028841 0.981998
0.028939 0.981998
0.029038 0.981998
0.029137 0.981504
0.029235 0.981504
0.029334 0.981011
0.029432 0.981011
0.029531 0.980518
0.029630 0.980271
0.029728 0.980271
0.029827 0.979778
0.029926 0.979531
0.030024 0.979531
0.030123 0.979285
0.030222 0.979285
0.030320 0.979285
0.030419 0.979038
0.030518 0.979038
0.030616 0.978792
0.030715 0.978792
0.030813 0.978298
0.030912 0.978298
0.031011 0.978052
0.031109 0.977805
0.031208 0.977312
0.031307 0.977312
0.031405 0.977312
0.031504 0.977065
0.031603 0.976819
0.031701 0.976819
0.031800 0.976819
0.031899 0.976572
0.031997 0.976572
0.032096 0.976079
0.032194 0.976079
0.032293 0.975832
0.032392 0.975832
0.032490 0.975832
0.032589 0.975832
0.032688 0.975832
0.032786 0.975832
0.032885 0.975339
0.032984 0.975339
0.033082 0.975339
0.033181 0.975339
0.033279 0.975092
0.033378 0.974599
0.033477 0.974599
0.033575 0.974599
0.033674 0.974599
0.033773 0.974599
0.033871 0.974599
0.033970 0.974599
0.034069 0.974353
0.034167 0.974353
0.034266 0.974353
0.034365 0.973859
0.034463 0.973366
0.034562 0.973366
0.034660 0.973120
0.034759 0.973120
0.034858 0.972873
0.034956 0.972626
0.035055 0.972380
0.035154 0.972380
0.035252 0.972380
0.035351 0.972380
0.035450 0.971887
0.035548 0.971887
0.035647 0.971640
0.035746 0.971147
0.035844 0.970900
0.035943 0.970654
0.036041 0.970407
0.036140 0.970407
0.036239 0.970160
0.036337 0.969914
0.036436 0.969420
0.036535 0.969420
0.036633 0.968927
0.036732 0.968681
0.036831 0.968187
0.036929 0.967941
0.037028 0.967941
0.037127 0.967448
0.037225 0.967448
0.037324 0.966954
0.037422 0.966708
0.037521 0.966708
0.037620 0.966708
0.037718 0.966461
0.037817 0.966215
0.037916 0.966215
0.038014 0.965968
0.038113 0.965475
0.038212 0.964488
0.038310 0.964488
0.038409 0.964488
0.038507 0.963995
0.038606 0.963995
0.038705 0.963748
0.038803 0.963748
0.038902 0.963748
0.039001 0.963255
0.039099 0.963009
0.039198 0.962515
0.039297 0.962515
0.039395 0.962269
0.039494 0.962269
0.039593 0.962269
0.039691 0.962269
0.039790 0.962022
0.039888 0.962022
0.039987 0.961776
0.040086 0.961776
0.040184 0.961282
0.040283 0.961282
0.040382 0.961282
0.040480 0.961036
0.040579 0.960789
0.040678 0.960789
0.040776 0.960789
0.040875 0.960789
0.040974 0.960789
0.041072 0.960789
0.041171 0.960789
0.041269 0.960789
0.041368 0.960789
0.041467 0.960543
0.041565 0.960543
0.041664 0.960049
0.041763 0.959803
0.041861 0.959556
0.041960 0.959063
0.042059 0.958816
0.042157 0.958570
0.042256 0.958323
0.042355 0.957583
0.042453 0.957090
0.042552 0.957090
0.042650 0.957090
0.042749 0.956597
0.042848 0.956597
0.042946 0.956597
0.043045 0.956597
0.043144 0.956597
0.043242 0.956350
0.043341 0.956350
0.043440 0.956350
0.043538 0.955610
0.043637 0.955610
0.043735 0.955117
0.043834 0.954624
0.043933 0.954377
0.044031 0.954131
0.044130 0.953637
0.044229 0.953391
0.044327 0.953391
0.044426 0.952404
0.044525 0.952404
0.044623 0.952404
0.044722 0.952158
0.044821 0.951665
0.044919 0.951665
0.045018 0.950925
0.045116 0.950678
0.045215 0.950185
0.045314 0.950185
0.045412 0.949938
0.045511 0.949199
0.045610 0.948952
0.045708 0.948459
0.045807 0.948459
0.045906 0.948459
0.046004 0.948212
0.046103 0.948212
0.046202 0.948212
0.046300 0.948212
0.046399 0.948212
0.046497 0.947965
0.046596 0.947719
0.046695 0.947472
0.046793 0.946732
0.046892 0.945993
0.046991 0.945746
0.047089 0.945499
0.047188 0.945006
0.047287 0.945006
0.047385 0.945006
0.047484 0.944760
0.047583 0.944760
0.047681 0.944266
0.047780 0.944020
0.047878 0.943773
0.047977 0.943527
0.048076 0.943527
0.048174 0.943280
0.048273 0.942540
0.048372 0.942293
0.048470 0.942047
0.048569 0.941800
0.048668 0.941800
0.048766 0.941554
0.048865 0.941060
0.048964 0.940814
0.049062 0.940567
0.049161 0.940567
0.049259 0.940567
0.049358 0.940567
0.049457 0.940321
0.049555 0.940321
0.049654 0.940074
0.049753 0.939827
0.049851 0.939581
0.049950 0.939581
0.050049 0.939334
0.050147 0.939088
0.050246 0.939088
0.050344 0.938841
0.050443 0.938348
0.050542 0.937855
0.050640 0.937855
0.050739 0.937855
0.050838 0.936868
0.050936 0.936621
0.051035 0.936128
0.051134 0.936128
0.051232 0.936128
0.051331 0.936128
0.051430 0.935882
0.051528 0.935635
0.051627 0.935142
0.051725 0.935142
0.051824 0.934895
0.051923 0.934895
0.052021 0.934402
0.052120 0.934402
0.052219 0.934155
0.052317 0.933909
0.052416 0.933169
0.052515 0.932922
0.052613 0.932429
0.052712 0.931689
0.052811 0.931196
0.052909 0.931196
0.053008 0.931196
0.053106 0.931196
0.053205 0.930703
0.053304 0.930210
0.053402 0.929223
0.053501 0.928977
0.053600 0.928977
0.053698 0.928977
0.053797 0.928483
0.053896 0.928483
0.053994 0.928483
0.054093 0.928237
0.054192 0.928237
0.054290 0.928237
0.054389 0.927744
0.054487 0.927744
0.054586 0.927497
0.054685 0.927497
0.054783 0.927497
0.054882 0.927004
0.054981 0.926510
0.055079 0.926510
0.055178 0.926264
0.055277 0.926017
0.055375 0.925524
0.055474 0.925031
0.055572 0.924538
0.055671 0.924538
0.055770 0.924291
0.055868 0.923798
0.055967 0.923798
0.056066 0.923798
0.056164 0.923305
0.056263 0.922811
0.056362 0.922318
0.056460 0.922072
0.056559 0.921825
0.056658 0.921332
0.056756 0.920592
0.056855 0.920345
0.056953 0.920345
0.057052 0.919852
0.057151 0.918866
0.057249 0.918126
0.057348 0.917879
0.057447 0.917633
0.057545 0.917139
0.057644 0.916893
0.057743 0.916646
0.057841 0.916646
0.057940 0.916646
0.058039 0.916646
0.058137 0.916646
0.058236 0.916646
0.058334 0.916153
0.058433 0.915166
0.058532 0.915166
0.058630 0.914427
0.058729 0.914427
0.058828 0.914180
0.058926 0.913933
0.059025 0.913933
0.059124 0.913440
0.059222 0.913194
0.059321 0.913194
0.059420 0.913194
0.059518 0.912947
0.059617 0.912207
0.059715 0.912207
0.059814 0.911961
0.059913 0.911467
0.060011 0.911467
0.060110 0.910974
0.060209 0.910481
0.060307 0.910234
0.060406 0.909988
0.060505 0.909988
0.060603 0.909494
0.060702 0.909494
0.060800 0.909248
0.060899 0.909001
0.060998 0.909001
0.061096 0.908755
0.061195 0.908508
0.061294 0.908261
0.061392 0.907522
0.061491 0.907275
0.061590 0.906535
0.061688 0.906535
0.061787 0.905795
0.061886 0.905549
0.061984 0.905302
0.062083 0.905055
0.062181 0.904809
0.062280 0.904562
0.062379 0.904069
0.062477 0.903822
0.062576 0.903576
0.062675 0.903083
0.062773 0.902589
0.062872 0.902589
0.062971 0.902343
0.063069 0.902096
0.063168 0.901850
0.063267 0.901603
0.063365 0.901356
0.063464 0.901356
0.063562 0.901110
0.063661 0.901110
0.063760 0.900123
0.063858 0.900123
0.063957 0.900123
0.064056 0.899630
0.064154 0.899137
0.064253 0.898890
0.064352 0.898397
0.064450 0.897904
0.064549 0.897657
0.064648 0.896917
0.064746 0.896424
0.064845 0.895931
0.064943 0.894698
0.065042 0.894451
0.065141 0.893711
0.065239 0.893218
0.065338 0.892725
0.065437 0.892478
0.065535 0.891245
0.065634 0.891245
0.065733 0.890999
0.065831 0.890012
0.065930 0.889519
0.066028 0.889026
0.066127 0.889026
0.066226 0.888779
0.066324 0.888039
0.066423 0.887793
0.066522 0.887300
0.066620 0.886313
0.066719 0.886067
0.066818 0.885820
0.066916 0.885327
0.067015 0.885080
0.067114 0.884094
0.067212 0.883847
0.067311 0.883600
0.067409 0.883354
0.067508 0.883107
0.067607 0.882614
0.067705 0.881874
0.067804 0.881381
0.067903 0.881134
0.068001 0.880641
0.068100 0.880395
0.068199 0.880148
0.068297 0.879901
0.068396 0.879655
0.068495 0.878915
0.068593 0.878915
0.068692 0.878668
0.068790 0.878668
0.068889 0.878668
0.068988 0.878175
0.069086 0.877928
0.069185 0.877682
0.069284 0.877435
0.069382 0.876695
0.069481 0.876449
0.069580 0.875956
0.069678 0.874969
0.069777 0.874229
0.069876 0.873983
0.069974 0.873736
0.070073 0.872503
0.070171 0.871517
0.070270 0.871270
0.070369 0.870777
0.070467 0.870037
0.070566 0.869790
0.070665 0.869297
0.070763 0.868804
0.070862 0.868311
0.070961 0.868064
0.071059 0.867571
0.071158 0.867324
0.071256 0.866831
0.071355 0.866584
0.071454 0.866584
0.071552 0.866338
0.071651 0.865845
0.071750 0.865598
0.071848 0.865105
0.071947 0.865105
0.072046 0.864612
0.072144 0.864612
0.072243 0.864365
0.072342 0.863872
0.072440 0.862885
0.072539 0.862392
0.072637 0.862392
0.072736 0.862145
0.072835 0.861406
0.072933 0.861406
0.073032 0.860666
0.073131 0.860173
0.073229 0.859926
0.073328 0.859926
0.073427 0.859433
0.073525 0.858693
0.073624 0.857460
0.073723 0.856967
0.073821 0.856720
0.073920 0.856473
0.074018 0.856227
0.074117 0.855980
0.074216 0.855734
0.074314 0.855487
0.074413 0.854994
0.074512 0.854501
0.074610 0.854007
0.074709 0.853761
0.074808 0.853761
0.074906 0.853761
0.075005 0.853514
0.075104 0.853021
0.075202 0.852774
0.075301 0.852281
0.075399 0.851541
0.075498 0.851541
0.075597 0.850555
0.075695 0.850062
0.075794 0.849815
0.075893 0.849322
0.075991 0.849075
0.076090 0.848335
0.076189 0.848089
0.076287 0.847596
0.076386 0.847349
0.076484 0.847102
0.076583 0.846116
0.076682 0.845623
0.076780 0.845129
0.076879 0.844883
0.076978 0.844390
0.077076 0.843650
0.077175 0.843650
0.077274 0.843157
0.077372 0.842663
0.077471 0.842170
0.077570 0.842170
0.077668 0.840937
0.077767 0.840444
0.077865 0.840444
0.077964 0.840444
0.078063 0.840444
0.078161 0.840444
0.078260 0.840444
0.078359 0.839704
0.078457 0.839211
0.078556 0.837731
0.078655 0.837238
0.078753 0.836745
0.078852 0.836005
0.078951 0.835512
0.079049 0.835018
0.079148 0.834525
0.079246 0.833785
0.079345 0.833785
0.079444 0.833292
0.079542 0.832799
0.079641 0.831566
0.079740 0.830826
0.079838 0.830333
0.079937 0.829840
0.080036 0.829593
0.080134 0.829100
0.080233 0.828853
0.080332 0.828607
0.080430 0.828360
0.080529 0.828113
0.080627 0.827867
0.080726 0.827374
0.080825 0.827127
0.080923 0.827127
0.081022 0.826634
0.081121 0.825647
0.081219 0.825647
0.081318 0.825401
0.081417 0.825154
0.081515 0.825154
0.081614 0.824661
0.081712 0.824661
0.081811 0.824661
0.081910 0.824414
0.082008 0.823674
0.082107 0.823674
0.082206 0.823674
0.082304 0.822688
0.082403 0.822441
0.082502 0.822441
0.082600 0.822441
0.082699 0.821702
0.082798 0.820715
0.082896 0.820469
0.082995 0.819729
0.083093 0.818989
0.083192 0.818249
0.083291 0.818002
0.083389 0.817509
0.083488 0.816523
0.083587 0.816523
0.083685 0.816030
0.083784 0.815290
0.083883 0.815043
0.083981 0.814797
0.084080 0.814057
0.084179 0.814057
0.084277 0.814057
0.084376 0.813810
0.084474 0.813070
0.084573 0.813070
0.084672 0.812824
0.084770 0.812577
0.084869 0.812084
0.084968 0.812084
0.085066 0.811591
0.085165 0.810851
0.085264 0.810604
0.085362 0.810358
0.085461 0.810358
0.085560 0.809864
0.085658 0.808878
0.085757 0.808138
0.085855 0.807891
0.085954 0.807645
0.086053 0.807152
0.086151 0.806658
0.086250 0.806658
0.086349 0.806165
0.086447 0.804932
0.086546 0.804439
0.086645 0.803946
0.086743 0.803206
0.086842 0.802959
0.086940 0.802959
0.087039 0.802713
0.087138 0.802713
0.087236 0.802219
0.087335 0.801973
0.087434 0.801480
0.087532 0.800986
0.087631 0.799507
0.087730 0.799507
0.087828 0.799260
0.087927 0.799014
0.088026 0.798274
0.088124 0.798027
0.088223 0.797781
0.088321 0.797534
0.088420 0.796547
0.088519 0.796301
0.088617 0.796054
0.088716 0.795068
0.088815 0.795068
0.088913 0.794821
0.089012 0.794821
0.089111 0.794081
0.089209 0.793588
0.089308 0.793588
0.089407 0.793095
0.089505 0.792848
0.089604 0.792602
0.089702 0.792355
0.089801 0.792109
0.089900 0.791862
0.089998 0.791615
0.090097 0.791369
0.090196 0.790875
0.090294 0.790382
0.090393 0.790136
0.090492 0.790136
0.090590 0.790136
0.090689 0.789396
0.090788 0.789149
0.090886 0.789149
0.090985 0.788409
0.091083 0.787670
0.091182 0.787423
0.091281 0.787423
0.091379 0.786930
0.091478 0.786436
0.091577 0.786190
0.091675 0.786190
0.091774 0.786190
0.091873 0.786190
0.091971 0.785697
0.092070 0.785450
0.092168 0.784710
0.092267 0.784217
0.092366 0.783724
0.092464 0.783231
0.092563 0.782984
0.092662 0.782737
0.092760 0.782491
0.092859 0.782244
0.092958 0.781998
0.093056 0.781751
0.093155 0.781504
0.093254 0.780764
0.093352 0.780764
0.093451 0.780025
0.093549 0.779531
0.093648 0.779531
0.093747 0.779285
0.093845 0.778545
0.093944 0.778298
0.094043 0.778052
0.094141 0.778052
0.094240 0.777805
0.094339 0.777559
0.094437 0.777312
0.094536 0.777065
0.094635 0.776079
0.094733 0.776079
0.094832 0.775832
0.094930 0.775339
0.095029 0.774353
0.095128 0.773613
0.095226 0.773120
0.095325 0.772380
0.095424 0.772133
0.095522 0.772133
0.095621 0.772133
0.095720 0.772133
0.095818 0.771147
0.095917 0.771147
0.096016 0.771147
0.096114 0.770900
0.096213 0.770407
0.096311 0.769914
0.096410 0.768681
0.096509 0.768434
0.096607 0.767694
0.096706 0.767448
0.096805 0.767201
0.096903 0.766954
0.097002 0.766708
0.097101 0.766461
0.097199 0.766215
0.097298 0.766215
0.097396 0.765721
0.097495 0.764982
0.097594 0.764735
0.097692 0.764735
0.097791 0.764488
0.097890 0.764242
0.097988 0.764242
0.098087 0.763995
0.098186 0.763995
0.098284 0.763009
0.098383 0.763009
0.098482 0.762022
0.098580 0.761529
0.098679 0.761282
0.098777 0.761036
0.098876 0.760296
0.098975 0.760049
0.099073 0.760049
0.099172 0.759556
0.099271 0.759309
0.099369 0.759309
0.099468 0.758570
0.099567 0.758076
0.099665 0.757583
0.099764 0.757090
0.099863 0.756843
0.099961 0.756597
0.100060 0.755857
0.100158 0.755610
0.100257 0.754871
0.100356 0.754624
0.100454 0.753637
0.100553 0.753637
0.100652 0.752898
0.100750 0.751911
0.100849 0.751911
0.100948 0.751418
0.101046 0.750925
0.101145 0.750925
0.101244 0.750925
0.101342 0.750925
0.101441 0.750678
0.101539 0.750185
0.101638 0.749938
0.101737 0.748705
0.101835 0.748459
0.101934 0.747965
0.102033 0.747226
0.102131 0.746979
0.102230 0.746486
0.102329 0.746486
0.102427 0.745746
0.102526 0.745253
0.102624 0.745253
0.102723 0.745253
0.102822 0.744513
0.102920 0.744266
0.103019 0.744020
0.103118 0.743280
0.103216 0.743280
0.103315 0.743280
0.103414 0.743280
0.103512 0.743033
0.103611 0.742540
0.103710 0.741800
0.103808 0.740814
0.103907 0.740321
0.104005 0.740321
0.104104 0.739827
0.104203 0.739334
0.104301 0.738594
0.104400 0.738101
0.104499 0.737855
0.104597 0.737855
0.104696 0.737361
0.104795 0.736868
0.104893 0.736868
0.104992 0.735882
0.105091 0.735142
0.105189 0.735142
0.105288 0.734895
0.105386 0.734402
0.105485 0.733662
0.105584 0.733416
0.105682 0.732922
0.105781 0.732922
0.105880 0.732182
0.105978 0.732182
0.106077 0.731936
0.106176 0.731443
0.106274 0.731196
0.106373 0.730703
0.106472 0.729963
0.106570 0.729716
0.106669 0.728977
0.106767 0.728237
0.106866 0.727990
0.106965 0.727990
0.107063 0.727990
0.107162 0.727004
0.107261 0.726757
0.107359 0.726757
0.107458 0.726757
0.107557 0.726510
0.107655 0.726264
0.107754 0.726017
0.107852 0.725277
0.107951 0.724784
0.108050 0.724538
0.108148 0.724291
0.108247 0.723305
0.108346 0.723058
0.108444 0.722072
0.108543 0.722072
0.108642 0.721825
0.108740 0.721332
0.108839 0.720345
0.108938 0.720099
0.109036 0.719605
0.109135 0.718619
0.109233 0.718372
0.109332 0.717633
0.109431 0.717633
0.109529 0.717386
0.109628 0.717139
0.109727 0.716400
0.109825 0.716153
0.109924 0.715906
0.110023 0.715660
0.110121 0.715166
0.110220 0.715166
0.110319 0.714920
0.110417 0.714673
0.110516 0.714427
0.110614 0.713440
0.110713 0.713194
0.110812 0.713194
0.110910 0.712947
0.111009 0.712947
0.111108 0.712454
0.111206 0.711961
0.111305 0.711221
0.111404 0.710974
0.111502 0.710974
0.111601 0.710727
0.111700 0.710234
0.111798 0.709988
0.111897 0.709494
0.111995 0.709494
0.112094 0.709494
0.112193 0.709001
0.112291 0.708755
0.112390 0.708261
0.112489 0.708015
0.112587 0.708015
0.112686 0.708015
0.112785 0.707275
0.112883 0.707275
0.112982 0.707275
0.113080 0.706782
0.113179 0.706042
0.113278 0.705795
0.113376 0.705549
0.113475 0.705302
0.113574 0.704809
0.113672 0.704316
0.113771 0.704069
0.113870 0.703822
0.113968 0.703576
0.114067 0.703083
0.114166 0.702589
0.114264 0.702096
0.114363 0.702096
0.114461 0.702096
0.114560 0.701603
0.114659 0.701356
0.114757 0.701110
0.114856 0.700863
0.114955 0.700617
0.115053 0.699137
0.115152 0.698644
0.115251 0.697904
0.115349 0.696671
0.115448 0.696671
0.115547 0.696178
0.115645 0.695931
0.115744 0.695438
0.115842 0.694698
0.115941 0.693958
0.116040 0.693711
0.116138 0.693711
0.116237 0.693465
0.116336 0.693465
0.116434 0.692725
0.116533 0.691985
0.116632 0.691245
0.116730 0.690999
0.116829 0.690999
0.116928 0.690752
0.117026 0.690259
0.117125 0.689519
0.117223 0.689519
0.117322 0.689026
0.117421 0.688779
0.117519 0.688286
0.117618 0.687793
0.117717 0.687546
0.117815 0.687546
0.117914 0.687053
0.118013 0.686806
0.118111 0.686067
0.118210 0.685080
0.118309 0.685080
0.118407 0.684340
0.118506 0.683847
0.118604 0.683600
0.118703 0.683600
0.118802 0.682614
0.118900 0.682367
0.118999 0.681381
0.119098 0.681134
0.119196 0.680888
0.119295 0.679901
0.119394 0.678422
0.119492 0.678175
0.119591 0.677189
0.119689 0.676449
0.119788 0.676202
0.119887 0.675956
0.119985 0.674969
0.120084 0.674229
0.120183 0.673736
0.120281 0.673243
0.120380 0.672503
0.120479 0.672010
0.120577 0.671517
0.120676 0.671270
0.120775 0.671023
0.120873 0.670284
0.120972 0.669790
0.121070 0.669544
0.121169 0.669051
0.121268 0.668804
0.121366 0.668557
0.121465 0.668064
0.121564 0.667818
0.121662 0.667324
0.121761 0.667078
0.121860 0.666584
0.121958 0.666338
0.122057 0.665845
0.122156 0.664858
0.122254 0.664858
0.122353 0.664612
0.122451 0.664118
0.122550 0.663625
0.122649 0.663625
0.122747 0.663132
0.122846 0.662885
0.122945 0.662639
0.123043 0.662392
0.123142 0.661899
0.123241 0.661406
0.123339 0.661159
0.123438 0.661159
0.123537 0.661159
0.123635 0.661159
0.123734 0.661159
0.123832 0.660419
0.123931 0.659926
0.124030 0.659679
0.124128 0.658940
0.124227 0.658200
0.124326 0.657953
0.124424 0.657707
0.124523 0.657213
0.124622 0.657213
0.124720 0.656967
0.124819 0.656473
0.124917 0.655980
0.125016 0.655734
0.125115 0.655487
0.125213 0.655487
0.125312 0.654994
0.125411 0.654501
0.125509 0.654501
0.125608 0.654501
0.125707 0.654501
0.125805 0.654007
0.125904 0.653514
0.126003 0.653514
0.126101 0.653268
0.126200 0.653021
0.126298 0.652528
0.126397 0.652528
0.126496 0.652528
0.126594 0.651788
0.126693 0.651295
0.126792 0.650801
0.126890 0.650555
0.126989 0.650308
0.127088 0.649322
0.127186 0.648829
0.127285 0.648829
0.127384 0.648829
0.127482 0.648582
0.127581 0.648335
0.127679 0.647842
0.127778 0.647596
0.127877 0.647596
0.127975 0.647596
0.128074 0.647349
0.128173 0.646363
0.128271 0.646363
0.128370 0.645869
0.128469 0.644636
0.128567 0.644636
0.128666 0.644390
0.128765 0.643403
0.128863 0.643157
0.128962 0.642910
0.129060 0.642170
0.129159 0.641677
0.129258 0.641184
0.129356 0.640691
0.129455 0.640197
0.129554 0.640197
0.129652 0.640197
0.129751 0.639211
0.129850 0.639211
0.129948 0.638471
0.130047 0.637978
0.130145 0.637731
0.130244 0.637485
0.130343 0.636745
0.130441 0.636498
0.130540 0.636252
0.130639 0.636005
0.130737 0.635758
0.130836 0.635758
0.130935 0.635512
0.131033 0.635512
0.131132 0.635512
0.131231 0.635512
0.131329 0.635018
0.131428 0.634279
0.131526 0.634032
0.131625 0.634032
0.131724 0.633539
0.131822 0.633292
0.131921 0.633292
0.132020 0.633046
0.132118 0.633046
0.132217 0.632306
0.132316 0.632306
0.132414 0.631566
0.132513 0.631319
0.132612 0.631073
0.132710 0.629840
0.132809 0.629593
0.132907 0.628853
0.133006 0.628607
0.133105 0.628607
0.133203 0.628113
0.133302 0.628113
0.133401 0.628113
0.133499 0.628113
0.133598 0.628113
0.133697 0.628113
0.133795 0.627620
0.133894 0.627374
0.133993 0.627127
0.134091 0.626141
0.134190 0.626141
0.134288 0.625894
0.134387 0.625894
0.134486 0.625647
0.134584 0.625154
0.134683 0.625154
0.134782 0.625154
0.134880 0.625154
0.134979 0.624908
0.135078 0.624414
0.135176 0.624168
0.135275 0.623674
0.135373 0.623181
0.135472 0.622935
0.135571 0.622688
0.135669 0.622441
0.135768 0.622441
0.135867 0.622195
0.135965 0.622195
0.136064 0.621702
0.136163 0.621702
0.136261 0.621702
0.136360 0.621208
0.136459 0.620715
0.136557 0.619482
0.136656 0.619236
0.136754 0.618249
0.136853 0.618002
0.136952 0.618002
0.137050 0.618002
0.137149 0.618002
0.137248 0.618002
0.137346 0.618002
0.137445 0.618002
0.137544 0.617756
0.137642 0.617509
0.137741 0.617016
0.137840 0.616769
0.137938 0.616769
0.138037 0.616276
0.138135 0.616030
0.138234 0.615536
0.138333 0.615290
0.138431 0.615043
0.138530 0.614550
0.138629 0.614303
0.138727 0.613810
0.138826 0.613564
0.138925 0.613070
0.139023 0.612577
0.139122 0.612330
0.139221 0.612330
0.139319 0.612084
0.139418 0.611837
0.139516 0.611837
0.139615 0.611344
0.139714 0.610851
0.139812 0.610604
0.139911 0.610111
0.140010 0.610111
0.140108 0.610111
0.140207 0.609618
0.140306 0.609371
0.140404 0.609125
0.140503 0.609125
0.140601 0.609125
0.140700 0.608878
0.140799 0.608631
0.140897 0.607891
0.140996 0.607645
0.141095 0.607398
0.141193 0.606905
0.141292 0.606658
0.141391 0.606165
0.141489 0.605919
0.141588 0.605672
0.141687 0.605672
0.141785 0.605425
0.141884 0.605179
0.141982 0.604932
0.142081 0.604932
0.142180 0.604192
0.142278 0.603453
0.142377 0.603453
0.142476 0.603453
0.142574 0.603453
0.142673 0.603206
0.142772 0.602713
0.142870 0.602466
0.142969 0.602466
0.143068 0.602466
0.143166 0.601973
0.143265 0.601233
0.143363 0.601233
0.143462 0.601233
0.143561 0.600740
0.143659 0.600493
0.143758 0.600247
0.143857 0.600247
0.143955 0.599753
0.144054 0.598767
0.144153 0.598520
0.144251 0.598274
0.144350 0.597781
0.144449 0.597781
0.144547 0.597041
0.144646 0.597041
0.144744 0.596794
0.144843 0.596794
0.144942 0.595808
0.145040 0.595808
0.145139 0.595561
0.145238 0.595068
0.145336 0.593835
0.145435 0.593835
0.145534 0.593588
0.145632 0.593588
0.145731 0.593588
0.145829 0.592602
0.145928 0.592602
0.146027 0.592355
0.146125 0.592355
0.146224 0.592109
0.146323 0.591369
0.146421 0.590875
0.146520 0.590629
0.146619 0.589889
0.146717 0.589889
0.146816 0.589642
0.146915 0.589642
0.147013 0.589396
0.147112 0.589396
0.147210 0.589149
0.147309 0.588656
0.147408 0.588409
0.147506 0.588409
0.147605 0.587423
0.147704 0.587423
0.147802 0.587176
0.147901 0.587176
0.148000 0.586683
0.148098 0.586436
0.148197 0.585943
0.148296 0.585450
0.148394 0.585203
0.148493 0.584710
0.148591 0.584710
0.148690 0.584464
0.148789 0.584217
0.148887 0.584217
0.148986 0.583970
0.149085 0.583970
0.149183 0.583724
0.149282 0.582984
0.149381 0.582984
0.149479 0.582984
0.149578 0.582737
0.149677 0.582491
0.149775 0.582491
0.149874 0.582244
0.149972 0.582244
0.150071 0.581998
0.150170 0.581751
0.150268 0.581751
0.150367 0.581751
0.150466 0.581504
0.150564 0.581258
0.150663 0.581011
0.150762 0.580764
0.150860 0.580764
0.150959 0.580764
0.151057 0.580518
0.151156 0.580271
0.151255 0.580271
0.151353 0.580271
0.151452 0.580025
0.151551 0.580025
0.151649 0.580025
0.151748 0.580025
0.151847 0.579778
0.151945 0.579038
0.152044 0.578792
0.152143 0.578545
0.152241 0.577312
0.152340 0.576572
0.152438 0.576326
0.152537 0.575832
0.152636 0.575832
0.152734 0.575339
0.152833 0.575092
0.152932 0.574106
0.153030 0.574106
0.153129 0.573859
0.153228 0.573613
0.153326 0.573613
0.153425 0.572873
0.153524 0.572626
0.153622 0.572133
0.153721 0.572133
0.153819 0.572133
0.153918 0.572133
0.154017 0.571887
0.154115 0.571640
0.154214 0.571393
0.154313 0.571393
0.154411 0.571393
0.154510 0.570654
0.154609 0.569914
0.154707 0.569667
0.154806 0.569174
0.154905 0.568927
0.155003 0.568927
0.155102 0.568927
0.155200 0.568681
0.155299 0.568434
0.155398 0.567941
0.155496 0.567694
0.155595 0.567201
0.155694 0.566954
0.155792 0.566954
0.155891 0.566708
0.155990 0.566461
0.156088 0.565968
0.156187 0.565968
0.156285 0.565721
0.156384 0.565721
0.156483 0.564982
0.156581 0.564488
0.156680 0.564242
0.156779 0.563995
0.156877 0.563748
0.156976 0.563009
0.157075 0.562762
0.157173 0.562762
0.157272 0.562762
0.157371 0.561529
0.157469 0.561282
0.157568 0.561282
0.157666 0.560789
0.157765 0.560543
0.157864 0.560543
0.157962 0.560296
0.158061 0.559803
0.158160 0.559803
0.158258 0.559063
0.158357 0.558816
0.158456 0.558816
0.158554 0.558323
0.158653 0.558076
0.158752 0.557090
0.158850 0.556843
0.158949 0.556350
0.159047 0.556350
0.159146 0.556104
0.159245 0.555610
0.159343 0.555364
0.159442 0.555364
0.159541 0.555117
0.159639 0.554624
0.159738 0.554624
0.159837 0.554131
0.159935 0.553884
0.160034 0.553884
0.160133 0.553391
0.160231 0.552651
0.160330 0.552404
0.160428 0.552404
0.160527 0.552158
0.160626 0.551911
0.160724 0.551665
0.160823 0.551665
0.160922 0.551665
0.161020 0.551171
0.161119 0.550678
0.161218 0.550432
0.161316 0.550432
0.161415 0.550185
0.161513 0.550185
0.161612 0.549692
0.161711 0.549692
0.161809 0.549445
0.161908 0.549445
0.162007 0.549199
0.162105 0.548705
0.162204 0.548705
0.162303 0.548212
0.162401 0.547965
0.162500 0.547719
0.162599 0.547472
0.162697 0.546979
0.162796 0.546732
0.162894 0.546239
0.162993 0.545993
0.163092 0.545746
0.163190 0.545499
0.163289 0.545499
0.163388 0.545253
0.163486 0.545006
0.163585 0.544513
0.163684 0.544266
0.163782 0.544266
0.163881 0.544266
0.163980 0.543773
0.164078 0.543773
0.164177 0.543527
0.164275 0.542787
0.164374 0.542293
0.164473 0.542293
0.164571 0.541554
0.164670 0.541307
0.164769 0.540814
0.164867 0.540567
0.164966 0.540321
0.165065 0.540321
0.165163 0.540074
0.165262 0.539827
0.165361 0.539827
0.165459 0.539334
0.165558 0.539334
0.165656 0.539334
0.165755 0.539334
0.165854 0.539334
0.165952 0.539334
0.166051 0.539088
0.166150 0.538841
0.166248 0.538594
0.166347 0.538594
0.166446 0.538594
0.166544 0.538594
0.166643 0.538594
0.166741 0.538348
0.166840 0.538101
0.166939 0.538101
0.167037 0.538101
0.167136 0.537855
0.167235 0.537855
0.167333 0.537855
0.167432 0.537855
0.167531 0.537855
0.167629 0.537855
0.167728 0.537608
0.167827 0.537361
0.167925 0.537361
0.168024 0.537361
0.168122 0.537115
0.168221 0.536621
0.168320 0.536375
0.168418 0.536128
0.168517 0.536128
0.168616 0.536128
0.168714 0.535388
0.168813 0.534895
0.168912 0.534402
0.169010 0.534155
0.169109 0.533416
0.169208 0.533416
0.169306 0.532922
0.169405 0.532922
0.169503 0.532429
0.169602 0.532429
0.169701 0.532429
0.169799 0.532182
0.169898 0.532182
0.169997 0.532182
0.170095 0.531936
0.170194 0.531689
0.170293 0.531196
0.170391 0.530949
0.170490 0.530949
0.170589 0.530949
0.170687 0.530456
0.170786 0.530456
0.170884 0.530456
0.170983 0.530456
0.171082 0.530210
0.171180 0.530210
0.171279 0.529963
0.171378 0.529963
0.171476 0.529716
0.171575 0.529716
0.171674 0.529716
0.171772 0.529716
0.171871 0.529716
0.171969 0.529470
0.172068 0.529223
0.172167 0.528977
0.172265 0.528730
0.172364 0.528730
0.172463 0.528483
0.172561 0.528483
0.172660 0.528237
0.172759 0.527990
0.172857 0.527004
0.172956 0.526757
0.173055 0.526757
0.173153 0.526017
0.173252 0.525771
0.173350 0.525277
0.173449 0.525277
0.173548 0.525031
0.173646 0.525031
0.173745 0.525031
0.173844 0.525031
0.173942 0.525031
0.174041 0.524784
0.174140 0.524784
0.174238 0.524291
0.174337 0.524291
0.174436 0.524044
0.174534 0.523798
0.174633 0.523551
0.174731 0.523551
0.174830 0.523058
0.174929 0.523058
0.175027 0.523058
0.175126 0.523058
0.175225 0.523058
0.175323 0.522565
0.175422 0.522318
0.175521 0.521825
0.175619 0.521825
0.175718 0.521578
0.175817 0.521332
0.175915 0.520838
0.176014 0.520592
0.176112 0.520099
0.176211 0.520099
0.176310 0.519852
0.176408 0.519605
0.176507 0.519359
0.176606 0.519112
0.176704 0.519112
0.176803 0.519112
0.176902 0.518866
0.177000 0.518866
0.177099 0.518866
0.177197 0.518619
0.177296 0.518126
0.177395 0.517879
0.177493 0.517633
0.177592 0.517386
0.177691 0.517386
0.177789 0.516893
0.177888 0.516646
0.177987 0.516400
0.178085 0.516400
0.178184 0.516400
0.178283 0.516400
0.178381 0.516400
0.178480 0.516153
0.178578 0.516153
0.178677 0.516153
0.178776 0.515660
0.178874 0.515660
0.178973 0.515413
0.179072 0.514920
0.179170 0.514920
0.179269 0.514673
0.179368 0.514427
0.179466 0.513933
0.179565 0.513440
0.179664 0.512947
0.179762 0.512947
0.179861 0.512947
0.179959 0.512947
0.180058 0.512700
0.180157 0.512454
0.180255 0.512454
0.180354 0.512454
0.180453 0.512207
0.180551 0.511714
0.180650 0.510481
0.180749 0.510234
0.180847 0.509741
0.180946 0.509741
0.181045 0.509741
0.181143 0.509741
0.181242 0.509494
0.181340 0.509001
0.181439 0.509001
0.181538 0.509001
0.181636 0.509001
0.181735 0.509001
0.181834 0.508508
0.181932 0.507522
0.182031 0.507275
0.182130 0.507275
0.182228 0.507275
0.182327 0.507275
0.182425 0.507028
0.182524 0.507028
0.182623 0.506782
0.182721 0.506535
0.182820 0.506289
0.182919 0.505795
0.183017 0.505549
0.183116 0.505302
0.183215 0.505055
0.183313 0.504316
0.183412 0.503822
0.183511 0.503329
0.183609 0.502836
0.183708 0.502836
0.183806 0.502589
0.183905 0.502343
0.184004 0.502343
0.184102 0.502096
0.184201 0.501850
0.184300 0.501603
0.184398 0.500617
0.184497 0.500370
0.184596 0.499383
0.184694 0.499137
0.184793 0.498890
0.184892 0.498397
0.184990 0.498397
0.185089 0.498150
0.185187 0.498150
0.185286 0.497904
0.185385 0.497411
0.185483 0.497411
0.185582 0.497411
0.185681 0.497411
0.185779 0.496917
0.185878 0.496671
0.185977 0.496671
0.186075 0.496671
0.186174 0.496178
0.186273 0.496178
0.186371 0.495684
0.186470 0.495191
0.186568 0.494945
0.186667 0.494698
0.186766 0.494451
0.186864 0.493958
0.186963 0.493958
0.187062 0.493465
0.187160 0.493218
0.187259 0.493218
0.187358 0.493218
0.187456 0.492725
0.187555 0.492478
0.187654 0.492478
0.187752 0.492232
0.187851 0.491739
0.187949 0.491245
0.188048 0.490999
0.188147 0.490999
0.188245 0.490506
0.188344 0.490259
0.188443 0.490259
0.188541 0.490012
0.188640 0.489766
0.188739 0.489519
0.188837 0.489026
0.188936 0.488286
0.189034 0.488286
0.189133 0.488039
0.189232 0.488039
0.189330 0.487793
0.189429 0.487546
0.189528 0.487300
0.189626 0.486806
0.189725 0.486806
0.189824 0.486560
0.189922 0.486313
0.190021 0.486067
0.190120 0.486067
0.190218 0.485820
0.190317 0.485573
0.190415 0.485573
0.190514 0.485080
0.190613 0.485080
0.190711 0.485080
0.190810 0.484834
0.190909 0.484587
0.191007 0.484094
0.191106 0.484094
0.191205 0.484094
0.191303 0.484094
0.191402 0.483847
0.191501 0.483354
0.191599 0.483107
0.191698 0.482861
0.191796 0.482861
0.191895 0.482367
0.191994 0.482367
0.192092 0.482367
0.192191 0.482121
0.192290 0.481628
0.192388 0.481381
0.192487 0.481134
0.192586 0.480888
0.192684 0.480148
0.192783 0.479408
0.192882 0.479162
0.192980 0.478915
0.193079 0.478668
0.193177 0.478422
0.193276 0.478175
0.193375 0.478175
0.193473 0.477928
0.193572 0.477928
0.193671 0.477682
0.193769 0.477435
0.193868 0.477435
0.193967 0.477435
0.194065 0.477189
0.194164 0.477189
0.194262 0.477189
0.194361 0.477189
0.194460 0.477189
0.194558 0.476695
0.194657 0.476449
0.194756 0.476449
0.194854 0.476449
0.194953 0.476202
0.195052 0.476202
0.195150 0.475956
0.195249 0.475956
0.195348 0.475462
0.195446 0.474969
0.195545 0.474969
0.195643 0.474969
0.195742 0.474723
0.195841 0.474723
0.195939 0.474476
0.196038 0.474476
0.196137 0.474476
0.196235 0.474229
0.196334 0.474229
0.196433 0.473983
0.196531 0.473736
0.196630 0.473490
0.196729 0.473490
0.196827 0.473490
0.196926 0.473490
0.197024 0.473490
0.197123 0.473490
0.197222 0.472750
0.197320 0.472750
0.197419 0.472503
0.197518 0.472503
0.197616 0.472503
0.197715 0.472503
0.197814 0.472256
0.197912 0.471763
0.198011 0.471763
0.198110 0.471517
0.198208 0.471517
0.198307 0.471270
0.198405 0.471270
0.198504 0.471023
0.198603 0.470530
0.198701 0.470530
0.198800 0.470530
0.198899 0.470037
0.198997 0.470037
0.199096 0.469790
0.199195 0.469297
0.199293 0.469297
0.199392 0.469297
0.199490 0.469051
0.199589 0.469051
0.199688 0.468804
0.199786 0.468311
0.199885 0.468311
0.199984 0.468311
0.200082 0.468064
0.200181 0.468064
0.200280 0.468064
0.200378 0.467818
0.200477 0.467818
0.200576 0.467324
0.200674 0.467078
0.200773 0.467078
0.200871 0.467078
0.200970 0.466831
0.201069 0.466831
0.201167 0.466831
0.201266 0.466584
0.201365 0.466338
0.201463 0.466338
0.201562 0.466338
0.201661 0.465845
0.201759 0.465598
0.201858 0.465351
0.201957 0.465351
0.202055 0.465351
0.202154 0.465105
0.202252 0.465105
0.202351 0.465105
0.202450 0.464858
0.202548 0.464858
0.202647 0.464612
0.202746 0.464118
0.202844 0.463872
0.202943 0.463872
0.203042 0.463872
0.203140 0.463872
0.203239 0.463872
0.203338 0.463625
0.203436 0.463379
0.203535 0.463379
0.203633 0.463132
0.203732 0.462885
0.203831 0.462639
0.203929 0.462639
0.204028 0.462639
0.204127 0.462639
0.204225 0.462145
0.204324 0.461899
0.204423 0.461406
0.204521 0.460912
0.204620 0.460419
0.204718 0.460419
0.204817 0.460419
0.204916 0.459926
0.205014 0.459679
0.205113 0.459433
0.205212 0.458940
0.205310 0.458200
0.205409 0.457953
0.205508 0.457460
0.205606 0.457213
0.205705 0.457213
0.205804 0.457213
0.205902 0.456227
0.206001 0.456227
0.206099 0.455980
0.206198 0.455980
0.206297 0.455980
0.206395 0.455240
0.206494 0.454994
0.206593 0.454994
0.206691 0.454747
0.206790 0.454501
0.206889 0.454501
0.206987 0.454501
0.207086 0.454254
0.207185 0.454007
0.207283 0.453761
0.207382 0.453268
0.207480 0.453268
0.207579 0.453021
0.207678 0.452774
0.207776 0.452281
0.207875 0.452035
0.207974 0.451788
0.208072 0.451541
0.208171 0.451295
0.208270 0.451048
0.208368 0.450801
0.208467 0.450555
0.208566 0.450308
0.208664 0.450062
0.208763 0.450062
0.208861 0.449568
0.208960 0.449322
0.209059 0.449322
0.209157 0.449075
0.209256 0.448582
0.209355 0.448335
0.209453 0.448335
0.209552 0.448335
0.209651 0.448335
0.209749 0.447596
0.209848 0.447596
0.209946 0.447596
0.210045 0.447596
0.210144 0.447596
0.210242 0.447596
0.210341 0.447596
0.210440 0.447349
0.210538 0.447349
0.210637 0.447349
0.210736 0.447349
0.210834 0.447102
0.210933 0.446856
0.211032 0.446609
0.211130 0.446609
0.211229 0.446609
0.211327 0.446609
0.211426 0.446363
0.211525 0.446116
0.211623 0.445869
0.211722 0.445869
0.211821 0.445129
0.211919 0.445129
0.212018 0.445129
0.212117 0.444883
0.212215 0.444883
0.212314 0.444883
0.212413 0.444883
0.212511 0.444636
0.212610 0.444390
0.212708 0.443896
0.212807 0.443650
0.212906 0.443650
0.213004 0.443650
0.213103 0.443650
0.213202 0.443650
0.213300 0.443403
0.213399 0.442910
0.213498 0.442910
0.213596 0.442910
0.213695 0.442663
0.213794 0.442663
0.213892 0.441924
0.213991 0.441924
0.214089 0.441924
0.214188 0.441924
0.214287 0.441677
0.214385 0.441677
0.214484 0.441677
0.214583 0.441677
0.214681 0.441677
0.214780 0.441430
0.214879 0.441430
0.214977 0.441430
0.215076 0.441184
0.215174 0.440937
0.215273 0.440937
0.215372 0.440937
0.215470 0.440691
0.215569 0.440197
0.215668 0.439951
0.215766 0.439951
0.215865 0.439951
0.215964 0.439704
0.216062 0.439704
0.216161 0.439704
0.216260 0.439211
0.216358 0.439211
0.216457 0.439211
0.216555 0.439211
0.216654 0.438718
0.216753 0.438224
0.216851 0.438224
0.216950 0.438224
0.217049 0.438224
0.217147 0.438224
0.217246 0.437978
0.217345 0.437978
0.217443 0.437731
0.217542 0.437485
0.217641 0.437485
0.217739 0.436991
0.217838 0.436252
0.217936 0.436252
0.218035 0.435758
0.218134 0.435758
0.218232 0.435512
0.218331 0.435512
0.218430 0.435512
0.218528 0.435512
0.218627 0.435265
0.218726 0.435265
0.218824 0.435265
0.218923 0.435018
0.219022 0.435018
0.219120 0.435018
0.219219 0.435018
0.219317 0.435018
0.219416 0.435018
0.219515 0.434772
0.219613 0.434525
0.219712 0.434032
0.219811 0.433539
0.219909 0.433292
0.220008 0.433046
0.220107 0.433046
0.220205 0.433046
0.220304 0.432552
0.220402 0.432306
0.220501 0.432306
0.220600 0.432306
0.220698 0.432306
0.220797 0.432306
0.220896 0.432306
0.220994 0.432306
0.221093 0.432306
0.221192 0.432059
0.221290 0.431813
0.221389 0.431566
0.221488 0.431073
0.221586 0.430826
0.221685 0.430580
0.221783 0.430580
0.221882 0.430086
0.221981 0.430086
0.222079 0.429840
0.222178 0.429593
0.222277 0.429593
0.222375 0.429346
0.222474 0.429346
0.222573 0.429100
0.222671 0.428607
0.222770 0.428607
0.222869 0.428360
0.222967 0.428113
0.223066 0.427867
0.223164 0.427867
0.223263 0.427867
0.223362 0.427620
0.223460 0.427620
0.223559 0.427127
0.223658 0.427127
0.223756 0.427127
0.223855 0.426880
0.223954 0.426634
0.224052 0.426634
0.224151 0.426634
0.224250 0.426141
0.224348 0.425401
0.224447 0.425401
0.224545 0.424661
0.224644 0.424661
0.224743 0.424661
0.224841 0.424661
0.224940 0.424661
0.225039 0.424661
0.225137 0.424414
0.225236 0.424414
0.225335 0.424414
0.225433 0.424414
0.225532 0.424414
0.225630 0.423921
0.225729 0.423921
0.225828 0.423428
0.225926 0.423428
0.226025 0.423428
0.226124 0.423181
0.226222 0.423181
0.226321 0.423181
0.226420 0.423181
0.226518 0.423181
0.226617 0.423181
0.226716 0.423181
0.226814 0.422688
0.226913 0.422688
0.227011 0.422688
0.227110 0.422441
0.227209 0.422441
0.227307 0.422441
0.227406 0.421702
0.227505 0.421702
0.227603 0.421702
0.227702 0.421455
0.227801 0.421455
0.227899 0.421208
0.227998 0.421208
0.228097 0.420715
0.228195 0.420715
0.228294 0.420469
0.228392 0.419975
0.228491 0.419729
0.228590 0.419729
0.228688 0.419729
0.228787 0.419729
0.228886 0.419729
0.228984 0.419729
0.229083 0.419729
0.229182 0.419482
0.229280 0.419482
0.229379 0.419482
0.229478 0.419236
0.229576 0.418989
0.229675 0.418989
0.229773 0.418742
0.229872 0.418496
0.229971 0.418496
0.230069 0.418002
0.230168 0.418002
0.230267 0.418002
0.230365 0.418002
0.230464 0.418002
0.230563 0.418002
0.230661 0.417509
0.230760 0.417509
0.230858 0.417509
0.230957 0.417263
0.231056 0.417016
0.231154 0.416523
0.231253 0.416523
0.231352 0.416523
0.231450 0.416523
0.231549 0.416276
0.231648 0.415783
0.231746 0.415536
0.231845 0.415536
0.231944 0.415536
0.232042 0.415290
0.232141 0.415043
0.232239 0.414797
0.232338 0.414797
0.232437 0.414797
0.232535 0.414797
0.232634 0.414797
0.232733 0.414550
0.232831 0.414550
0.232930 0.414550
0.233029 0.414550
0.233127 0.414550
0.233226 0.414550
0.233325 0.414057
0.233423 0.413564
0.233522 0.413070
0.233620 0.413070
0.233719 0.412824
0.233818 0.412577
0.233916 0.412084
0.234015 0.412084
0.234114 0.412084
0.234212 0.412084
0.234311 0.411837
0.234410 0.411837
0.234508 0.411837
0.234607 0.411837
0.234706 0.411344
0.234804 0.410851
0.234903 0.410851
0.235001 0.410851
0.235100 0.410851
0.235199 0.410358
0.235297 0.410111
0.235396 0.410111
0.235495 0.410111
0.235593 0.410111
0.235692 0.410111
0.235791 0.410111
0.235889 0.410111
0.235988 0.410111
0.236086 0.410111
0.236185 0.409618
0.236284 0.409618
0.236382 0.409371
0.236481 0.409371
0.236580 0.409371
0.236678 0.409371
0.236777 0.409371
0.236876 0.409125
0.236974 0.409125
0.237073 0.408878
0.237172 0.408878
0.237270 0.408878
0.237369 0.408631
0.237467 0.408385
0.237566 0.408385
0.237665 0.408385
0.237763 0.408385
0.237862 0.408385
0.237961 0.408385
0.238059 0.408138
0.238158 0.407891
0.238257 0.407645
0.238355 0.407645
0.238454 0.407645
0.238553 0.407398
0.238651 0.407398
0.238750 0.407152
0.238848 0.406905
0.238947 0.406412
0.239046 0.406412
0.239144 0.406165
0.239243 0.406165
0.239342 0.406165
0.239440 0.406165
0.239539 0.405425
0.239638 0.405425
0.239736 0.405425
0.239835 0.405425
0.239934 0.405425
0.240032 0.405425
0.240131 0.405179
0.240229 0.404932
0.240328 0.404686
0.240427 0.404686
0.240525 0.404686
0.240624 0.404686
0.240723 0.404439
0.240821 0.404439
0.240920 0.404439
0.241019 0.403946
0.241117 0.403946
0.241216 0.403699
0.241314 0.403699
0.241413 0.403699
0.241512 0.403699
0.241610 0.403699
0.241709 0.403699
0.241808 0.403453
0.241906 0.403453
0.242005 0.403206
0.242104 0.403206
0.242202 0.403206
0.242301 0.403206
0.242400 0.402959
0.242498 0.402959
0.242597 0.402959
0.242695 0.402713
0.242794 0.402466
0.242893 0.402466
0.242991 0.402219
0.243090 0.402219
0.243189 0.401973
0.243287 0.401973
0.243386 0.401726
0.243485 0.401480
0.243583 0.401480
0.243682 0.401480
0.243781 0.401480
0.243879 0.401233
0.243978 0.401233
0.244076 0.400986
0.244175 0.400740
0.244274 0.400247
0.244372 0.399753
0.244471 0.399507
0.244570 0.399507
0.244668 0.399260
0.244767 0.399260
0.244866 0.399014
0.244964 0.398767
0.245063 0.398520
0.245162 0.398274
0.245260 0.398274
0.245359 0.398027
0.245457 0.398027
0.245556 0.398027
0.245655 0.397534
0.245753 0.397534
0.245852 0.397287
0.245951 0.396547
0.246049 0.396054
0.246148 0.395808
0.246247 0.395314
0.246345 0.395068
0.246444 0.394821
0.246542 0.394821
0.246641 0.394575
0.246740 0.394575
0.246838 0.394328
0.246937 0.394328
0.247036 0.393835
0.247134 0.393835
0.247233 0.393835
0.247332 0.393835
0.247430 0.393835
0.247529 0.393588
0.247628 0.393095
0.247726 0.392848
0.247825 0.392848
0.247923 0.392848
0.248022 0.392355
0.248121 0.392355
0.248219 0.392109
0.248318 0.391862
0.248417 0.391615
0.248515 0.391615
0.248614 0.391615
0.248713 0.391615
0.248811 0.391615
0.248910 0.391369
0.249009 0.390875
0.249107 0.390136
0.249206 0.389889
0.249304 0.389889
0.249403 0.389889
0.249502 0.389396
0.249600 0.389396
0.249699 0.389396
0.249798 0.389396
0.249896 0.389396
0.249995 0.389149
0.250094 0.388656
0.250192 0.388656
0.250291 0.388409
0.250390 0.388409
0.250488 0.388409
0.250587 0.387916
0.250685 0.387916
0.250784 0.387916
0.250883 0.387670
0.250981 0.387670
0.251080 0.387670
0.251179 0.387423
0.251277 0.387423
0.251376 0.387423
0.251475 0.387423
0.251573 0.387176
0.251672 0.386683
0.251770 0.386436
0.251869 0.386436
0.251968 0.386436
0.252066 0.385943
0.252165 0.385943
0.252264 0.385697
0.252362 0.385203
0.252461 0.385203
0.252560 0.384710
0.252658 0.384464
0.252757 0.384464
0.252856 0.384464
0.252954 0.384464
0.253053 0.384464
0.253151 0.384464
0.253250 0.384217
0.253349 0.383970
0.253447 0.383970
0.253546 0.383477
0.253645 0.383231
0.253743 0.383231
0.253842 0.382737
0.253941 0.382491
0.254039 0.382491
0.254138 0.382491
0.254237 0.381998
0.254335 0.381998
0.254434 0.381998
0.254532 0.381751
0.254631 0.381751
0.254730 0.381751
0.254828 0.381751
0.254927 0.381751
0.255026 0.381258
0.255124 0.381258
0.255223 0.381258
0.255322 0.381011
0.255420 0.380764
0.255519 0.380518
0.255618 0.380271
0.255716 0.380025
0.255815 0.380025
0.255913 0.380025
0.256012 0.379778
0.256111 0.379778
0.256209 0.379778
0.256308 0.379778
0.256407 0.379778
0.256505 0.379778
0.256604 0.379778
0.256703 0.379778
0.256801 0.379531
0.256900 0.379531
0.256999 0.379285
0.257097 0.379285
0.257196 0.378792
0.257294 0.378545
0.257393 0.378298
0.257492 0.378052
0.257590 0.378052
0.257689 0.378052
0.257788 0.377805
0.257886 0.377312
0.257985 0.377065
0.258084 0.377065
0.258182 0.377065
0.258281 0.377065
0.258379 0.376819
0.258478 0.376572
0.258577 0.376326
0.258675 0.376326
0.258774 0.376079
0.258873 0.375586
0.258971 0.375586
0.259070 0.375586
0.259169 0.375586
0.259267 0.375586
0.259366 0.375339
0.259465 0.375092
0.259563 0.374846
0.259662 0.374846
0.259760 0.374599
0.259859 0.374599
0.259958 0.374599
0.260056 0.374599
0.260155 0.374353
0.260254 0.374353
0.260352 0.373859
0.260451 0.373859
0.260550 0.373613
0.260648 0.373613
0.260747 0.373366
0.260846 0.373366
0.260944 0.373366
0.261043 0.373366
0.261141 0.373366
0.261240 0.373120
0.261339 0.373120
0.261437 0.372873
0.261536 0.372873
0.261635 0.372873
0.261733 0.372873
0.261832 0.372873
0.261931 0.372873
0.262029 0.372873
0.262128 0.372873
0.262227 0.372873
0.262325 0.372626
0.262424 0.372380
0.262522 0.372380
0.262621 0.372380
0.262720 0.372133
0.262818 0.372133
0.262917 0.372133
0.263016 0.372133
0.263114 0.372133
0.263213 0.372133
0.263312 0.371887
0.263410 0.371887
0.263509 0.371887
0.263607 0.371887
0.263706 0.371887
0.263805 0.371640
0.263903 0.371640
0.264002 0.371393
0.264101 0.371393
0.264199 0.371393
0.264298 0.371393
0.264397 0.371393
0.264495 0.371147
0.264594 0.371147
0.264693 0.371147
0.264791 0.371147
0.264890 0.371147
0.264988 0.371147
0.265087 0.371147
0.265186 0.371147
0.265284 0.370900
0.265383 0.370654
0.265482 0.370654
0.265580 0.370654
0.265679 0.370407
0.265778 0.370160
0.265876 0.370160
0.265975 0.370160
0.266074 0.370160
0.266172 0.370160
0.266271 0.369914
0.266369 0.369667
0.266468 0.369420
0.266567 0.369174
0.266665 0.368927
0.266764 0.368927
0.266863 0.368927
0.266961 0.368927
0.267060 0.368927
0.267159 0.368927
0.267257 0.368681
0.267356 0.368434
0.267455 0.368434
0.267553 0.368434
0.267652 0.368434
0.267750 0.368434
0.267849 0.368434
0.267948 0.368434
0.268046 0.367941
0.268145 0.367694
0.268244 0.367694
0.268342 0.367694
0.268441 0.367694
0.268540 0.367694
0.268638 0.367448
0.268737 0.367201
0.268835 0.367201
0.268934 0.367201
0.269033 0.367201
0.269131 0.367201
0.269230 0.367201
0.269329 0.367201
0.269427 0.367201
0.269526 0.367201
0.269625 0.366954
0.269723 0.366708
0.269822 0.366708
0.269921 0.366708
0.270019 0.366708
0.270118 0.366708
0.270216 0.366461
0.270315 0.366461
0.270414 0.366215
0.270512 0.365968
0.270611 0.365721
0.270710 0.365475
0.270808 0.365475
0.270907 0.365228
0.271006 0.365228
0.271104 0.364982
0.271203 0.364735
0.271302 0.364488
0.271400 0.364488
0.271499 0.364242
0.271597 0.364242
0.271696 0.363748
0.271795 0.363748
0.271893 0.363748
0.271992 0.363748
0.272091 0.363748
0.272189 0.363748
0.272288 0.363748
0.272387 0.363255
0.272485 0.363255
0.272584 0.363255
0.272683 0.363255
0.272781 0.363009
0.272880 0.363009
0.272978 0.362515
0.273077 0.362269
0.273176 0.362269
0.273274 0.362269
0.273373 0.362269
0.273472 0.362022
0.273570 0.362022
0.273669 0.361529
0.273768 0.361529
0.273866 0.361282
0.273965 0.361282
0.274063 0.361282
0.274162 0.361036
0.274261 0.361036
0.274359 0.361036
0.274458 0.360789
0.274557 0.360789
0.274655 0.360789
0.274754 0.360543
0.274853 0.360543
0.274951 0.360296
0.275050 0.360296
0.275149 0.360296
0.275247 0.360049
0.275346 0.359556
0.275444 0.359556
0.275543 0.359556
0.275642 0.359309
0.275740 0.359309
0.275839 0.358816
0.275938 0.358816
0.276036 0.358816
0.276135 0.358570
0.276234 0.358570
0.276332 0.358323
0.276431 0.358323
0.276530 0.357830
0.276628 0.357830
0.276727 0.357583
0.276825 0.357583
0.276924 0.357337
0.277023 0.357090
0.277121 0.357090
0.277220 0.357090
0.277319 0.357090
0.277417 0.356843
0.277516 0.356843
0.277615 0.356597
0.277713 0.356597
0.277812 0.356350
0.277911 0.356350
0.278009 0.356350
0.278108 0.356350
0.278206 0.356350
0.278305 0.356350
0.278404 0.356350
0.278502 0.356350
0.278601 0.356104
0.278700 0.356104
0.278798 0.356104
0.278897 0.356104
0.278996 0.355857
0.279094 0.355857
0.279193 0.355857
0.279291 0.355857
0.279390 0.355610
0.279489 0.355610
0.279587 0.355610
0.279686 0.355364
0.279785 0.355364
0.279883 0.355117
0.279982 0.355117
0.280081 0.354871
0.280179 0.354871
0.280278 0.354871
0.280377 0.354871
0.280475 0.354871
0.280574 0.354871
0.280672 0.354624
0.280771 0.354377
0.280870 0.354377
0.280968 0.354377
0.281067 0.354377
0.281166 0.354131
0.281264 0.353884
0.281363 0.353391
0.281462 0.353144
0.281560 0.352898
0.281659 0.352651
0.281758 0.352651
0.281856 0.352651
0.281955 0.352404
0.282053 0.352404
0.282152 0.352404
0.282251 0.352404
0.282349 0.352404
0.282448 0.352404
0.282547 0.352158
0.282645 0.352158
0.282744 0.352158
0.282843 0.352158
0.282941 0.352158
0.283040 0.351911
0.283139 0.351911
0.283237 0.351911
0.283336 0.351665
0.283434 0.351665
0.283533 0.351665
0.283632 0.351665
0.283730 0.351665
0.283829 0.351418
0.283928 0.351171
0.284026 0.351171
0.284125 0.351171
0.284224 0.350925
0.284322 0.350678
0.284421 0.350678
0.284519 0.350432
0.284618 0.350432
0.284717 0.350432
0.284815 0.350432
0.284914 0.350432
0.285013 0.350185
0.285111 0.349938
0.285210 0.349938
0.285309 0.349938
0.285407 0.349938
0.285506 0.349938
0.285605 0.349938
0.285703 0.349938
0.285802 0.349938
0.285900 0.349938
0.285999 0.349938
0.286098 0.349938
0.286196 0.349692
0.286295 0.349692
0.286394 0.349445
0.286492 0.349199
0.286591 0.348952
0.286690 0.348952
0.286788 0.348705
0.286887 0.348705
0.286986 0.348459
0.287084 0.348459
0.287183 0.348212
0.287281 0.347965
0.287380 0.347719
0.287479 0.347719
0.287577 0.347719
0.287676 0.347719
0.287775 0.347719
0.287873 0.347472
0.287972 0.347472
0.288071 0.346979
0.288169 0.346732
0.288268 0.346486
0.288367 0.346486
0.288465 0.346239
0.288564 0.346239
0.288662 0.345993
0.288761 0.345993
0.288860 0.345993
0.288958 0.345746
0.289057 0.345253
0.289156 0.345006
0.289254 0.345006
0.289353 0.345006
0.289452 0.345006
0.289550 0.344760
0.289649 0.344760
0.289747 0.344513
0.289846 0.344513
0.289945 0.344513
0.290043 0.344513
0.290142 0.344513
0.290241 0.344020
0.290339 0.344020
0.290438 0.343527
0.290537 0.343527
0.290635 0.343527
0.290734 0.343280
0.290833 0.343033
0.290931 0.343033
0.291030 0.343033
0.291128 0.343033
0.291227 0.343033
0.291326 0.342787
0.291424 0.342787
0.291523 0.342787
0.291622 0.342787
0.291720 0.342787
0.291819 0.342540
0.291918 0.342540
0.292016 0.342540
0.292115 0.342540
0.292214 0.342540
0.292312 0.342293
0.292411 0.342293
0.292509 0.342293
0.292608 0.342293
0.292707 0.342293
0.292805 0.342293
0.292904 0.342293
0.293003 0.342047
0.293101 0.342047
0.293200 0.342047
0.293299 0.342047
0.293397 0.342047
0.293496 0.342047
0.293595 0.342047
0.293693 0.342047
0.293792 0.341800
0.293890 0.341800
0.293989 0.341060
0.294088 0.341060
0.294186 0.340814
0.294285 0.340567
0.294384 0.340567
0.294482 0.340567
0.294581 0.340567
0.294680 0.340567
0.294778 0.340567
0.294877 0.340321
0.294975 0.340074
0.295074 0.340074
0.295173 0.340074
0.295271 0.340074
0.295370 0.340074
0.295469 0.339827
0.295567 0.339581
0.295666 0.339581
0.295765 0.339581
0.295863 0.339334
0.295962 0.339334
0.296061 0.339334
0.296159 0.339334
0.296258 0.339334
0.296356 0.339334
0.296455 0.339334
0.296554 0.339088
0.296652 0.339088
0.296751 0.339088
0.296850 0.339088
0.296948 0.339088
0.297047 0.339088
0.297146 0.338841
0.297244 0.338841
0.297343 0.338841
0.297442 0.338594
0.297540 0.338594
0.297639 0.338348
0.297737 0.338348
0.297836 0.338348
0.297935 0.338348
0.298033 0.338348
0.298132 0.338348
0.298231 0.338348
0.298329 0.338101
0.298428 0.338101
0.298527 0.337608
0.298625 0.337608
0.298724 0.337608
0.298823 0.337608
0.298921 0.337608
0.299020 0.337608
0.299118 0.337608
0.299217 0.337608
0.299316 0.337608
0.299414 0.337608
0.299513 0.337361
0.299612 0.336868
0.299710 0.336375
0.299809 0.336375
0.299908 0.336375
0.300006 0.336375
0.300105 0.336128
0.300203 0.336128
0.300302 0.335882
0.300401 0.335882
0.300499 0.335635
0.300598 0.335635
0.300697 0.335635
0.300795 0.335388
0.300894 0.334895
0.300993 0.334895
0.301091 0.334649
0.301190 0.334649
0.301289 0.334402
0.301387 0.334402
0.301486 0.334402
0.301584 0.334402
0.301683 0.334402
0.301782 0.334402
0.301880 0.334155
0.301979 0.334155
0.302078 0.333909
0.302176 0.333909
0.302275 0.333909
0.302374 0.333909
0.302472 0.333909
0.302571 0.333662
0.302670 0.333662
0.302768 0.333662
0.302867 0.333662
0.302965 0.333662
0.303064 0.333662
0.303163 0.333416
0.303261 0.333416
0.303360 0.333416
0.303459 0.333169
0.303557 0.333169
0.303656 0.333169
0.303755 0.333169
0.303853 0.332676
0.303952 0.332429
0.304051 0.332182
0.304149 0.332182
0.304248 0.332182
0.304346 0.332182
0.304445 0.331936
0.304544 0.331936
0.304642 0.331936
0.304741 0.331936
0.304840 0.331689
0.304938 0.331443
0.305037 0.331443
0.305136 0.331443
0.305234 0.330949
0.305333 0.330949
0.305431 0.330949
0.305530 0.330703
0.305629 0.330210
0.305727 0.330210
0.305826 0.330210
0.305925 0.330210
0.306023 0.329963
0.306122 0.329716
0.306221 0.329716
0.306319 0.329716
0.306418 0.329716
0.306517 0.329470
0.306615 0.328730
0.306714 0.328730
0.306812 0.328730
0.306911 0.328730
0.307010 0.328730
0.307108 0.328730
0.307207 0.328730
0.307306 0.328730
0.307404 0.328730
0.307503 0.328730
0.307602 0.328483
0.307700 0.328237
0.307799 0.328237
0.307898 0.328237
0.307996 0.328237
0.308095 0.327990
0.308193 0.327990
0.308292 0.327744
0.308391 0.327004
0.308489 0.327004
0.308588 0.327004
0.308687 0.326757
0.308785 0.326757
0.308884 0.326757
0.308983 0.326264
0.309081 0.326264
0.309180 0.326017
0.309279 0.326017
0.309377 0.326017
0.309476 0.326017
0.309574 0.326017
0.309673 0.325771
0.309772 0.325771
0.309870 0.325771
0.309969 0.325771
0.310068 0.325771
0.310166 0.325771
0.310265 0.325771
0.310364 0.325771
0.310462 0.325771
0.310561 0.325771
0.310659 0.325771
0.310758 0.325277
0.310857 0.325277
0.310955 0.325277
0.311054 0.325277
0.311153 0.325031
0.311251 0.324784
0.311350 0.324784
0.311449 0.324538
0.311547 0.324538
0.311646 0.324538
0.311745 0.324538
0.311843 0.324538
0.311942 0.324538
0.312040 0.324538
0.312139 0.324538
0.312238 0.324291
0.312336 0.324291
0.312435 0.324291
0.312534 0.324291
0.312632 0.324291
0.312731 0.324291
0.312830 0.324291
0.312928 0.324291
0.313027 0.324291
0.313126 0.324291
0.313224 0.324291
0.313323 0.324044
0.313421 0.323798
0.313520 0.323551
0.313619 0.323305
0.313717 0.323305
0.313816 0.323305
0.313915 0.323058
0.314013 0.322811
0.314112 0.322811
0.314211 0.322565
0.314309 0.322565
0.314408 0.322565
0.314507 0.322565
0.314605 0.322565
0.314704 0.322565
0.314802 0.322318
0.314901 0.322318
0.315000 0.322318
0.315098 0.322318
0.315197 0.322318
0.315296 0.321825
0.315394 0.321578
0.315493 0.321332
0.315592 0.321085
0.315690 0.321085
0.315789 0.321085
0.315887 0.321085
0.315986 0.321085
0.316085 0.320838
0.316183 0.320592
0.316282 0.320345
0.316381 0.320345
0.316479 0.320099
0.316578 0.319852
0.316677 0.319852
0.316775 0.319852
0.316874 0.319852
0.316973 0.319605
0.317071 0.319359
0.317170 0.319359
0.317268 0.319112
0.317367 0.319112
0.317466 0.319112
0.317564 0.319112
0.317663 0.319112
0.317762 0.318866
0.317860 0.318372
0.317959 0.318372
0.318058 0.318126
0.318156 0.317633
0.318255 0.317633
0.318354 0.317633
0.318452 0.317386
0.318551 0.317386
0.318649 0.317386
0.318748 0.317139
0.318847 0.317139
0.318945 0.317139
0.319044 0.317139
0.319143 0.317139
0.319241 0.317139
0.319340 0.317139
0.319439 0.317139
0.319537 0.317139
0.319636 0.317139
0.319735 0.316893
0.319833 0.316893
0.319932 0.316893
0.320030 0.316893
0.320129 0.316893
0.320228 0.316893
0.320326 0.316893
0.320425 0.316893
0.320524 0.316893
0.320622 0.316893
0.320721 0.316893
0.320820 0.316400
0.320918 0.316400
0.321017 0.316400
0.321115 0.316153
0.321214 0.316153
0.321313 0.316153
0.321411 0.316153
0.321510 0.316153
0.321609 0.315906
0.321707 0.315660
0.321806 0.315660
0.321905 0.315660
0.322003 0.315660
0.322102 0.315166
0.322201 0.315166
0.322299 0.315166
0.322398 0.315166
0.322496 0.315166
0.322595 0.315166
0.322694 0.315166
0.322792 0.315166
0.322891 0.315166
0.322990 0.315166
0.323088 0.315166
0.323187 0.315166
0.323286 0.314673
0.323384 0.314673
0.323483 0.314673
0.323582 0.314427
0.323680 0.314427
0.323779 0.314427
0.323877 0.314180
0.323976 0.313933
0.324075 0.313933
0.324173 0.313687
0.324272 0.313687
0.324371 0.313687
0.324469 0.313687
0.324568 0.313440
0.324667 0.313440
0.324765 0.313440
0.324864 0.313440
0.324963 0.313440
0.325061 0.313194
0.325160 0.312947
0.325258 0.312700
0.325357 0.312454
0.325456 0.312454
0.325554 0.312454
0.325653 0.312207
0.325752 0.312207
0.325850 0.311714
0.325949 0.311467
0.326048 0.311221
0.326146 0.311221
0.326245 0.311221
0.326343 0.311221
0.326442 0.310974
0.326541 0.310974
0.326639 0.310727
0.326738 0.310481
0.326837 0.310481
0.326935 0.310234
0.327034 0.310234
0.327133 0.310234
0.327231 0.310234
0.327330 0.310234
0.327429 0.310234
0.327527 0.310234
0.327626 0.309988
0.327724 0.309741
0.327823 0.309741
0.327922 0.309741
0.328020 0.309248
0.328119 0.309248
0.328218 0.309001
0.328316 0.309001
0.328415 0.308755
0.328514 0.308755
0.328612 0.308755
0.328711 0.308508
0.328810 0.308508
0.328908 0.308261
0.329007 0.308261
0.329105 0.308261
0.329204 0.308015
0.329303 0.308015
0.329401 0.307768
0.329500 0.307768
0.329599 0.307768
0.329697 0.307768
0.329796 0.307768
0.329895 0.307768
0.329993 0.307522
0.330092 0.307275
0.330191 0.307275
0.330289 0.307275
0.330388 0.307028
0.330486 0.306535
0.330585 0.306535
0.330684 0.306535
0.330782 0.306535
0.330881 0.306535
0.330980 0.306289
0.331078 0.306289
0.331177 0.306289
0.331276 0.306289
0.331374 0.306289
0.331473 0.306289
0.331572 0.306289
0.331670 0.306289
0.331769 0.306289
0.331867 0.306289
0.331966 0.306289
0.332065 0.306289
0.332163 0.306042
0.332262 0.306042
0.332361 0.305549
0.332459 0.305549
0.332558 0.305549
0.332657 0.305549
0.332755 0.305302
0.332854 0.305055
0.332952 0.305055
0.333051 0.305055
0.333150 0.305055
0.333248 0.305055
0.333347 0.305055
0.333446 0.305055
0.333544 0.305055
0.333643 0.305055
0.333742 0.305055
0.333840 0.305055
0.333939 0.304809
0.334038 0.304809
0.334136 0.304809
0.334235 0.304809
0.334333 0.304809
0.334432 0.304809
0.334531 0.304809
0.334629 0.304562
0.334728 0.304562
0.334827 0.304562
0.334925 0.304316
0.335024 0.304316
0.335123 0.304316
0.335221 0.304316
0.335320 0.304069
0.335419 0.304069
0.335517 0.304069
0.335616 0.304069
0.335714 0.303822
0.335813 0.303822
0.335912 0.303822
0.336010 0.303576
0.336109 0.303576
0.336208 0.303576
0.336306 0.303576
0.336405 0.303576
0.336504 0.303576
0.336602 0.303576
0.336701 0.303576
0.336800 0.303576
0.336898 0.303576
0.336997 0.303576
0.337095 0.303329
0.337194 0.303329
0.337293 0.303329
0.337391 0.303329
0.337490 0.303329
0.337589 0.303329
0.337687 0.303329
0.337786 0.302836
0.337885 0.302836
0.337983 0.302589
0.338082 0.302589
0.338180 0.302589
0.338279 0.302343
0.338378 0.302343
0.338476 0.302343
0.338575 0.302343
0.338674 0.302343
0.338772 0.302096
0.338871 0.301850
0.338970 0.301850
0.339068 0.301850
0.339167 0.301603
0.339266 0.301356
0.339364 0.301110
0.339463 0.300863
0.339561 0.300863
0.339660 0.300617
0.339759 0.300370
0.339857 0.299877
0.339956 0.299383
0.340055 0.299383
0.340153 0.299137
0.340252 0.299137
0.340351 0.299137
0.340449 0.299137
0.340548 0.299137
0.340647 0.299137
0.340745 0.299137
0.340844 0.298890
0.340942 0.298890
0.341041 0.298890
0.341140 0.298890
0.341238 0.298890
0.341337 0.298890
0.341436 0.298890
0.341534 0.298890
0.341633 0.298890
0.341732 0.298890
0.341830 0.298890
0.341929 0.298644
0.342028 0.298644
0.342126 0.298644
0.342225 0.298644
0.342323 0.298644
0.342422 0.298644
0.342521 0.298644
0.342619 0.298397
0.342718 0.298397
0.342817 0.298397
0.342915 0.298397
0.343014 0.298397
0.343113 0.298397
0.343211 0.298397
0.343310 0.298150
0.343408 0.298150
0.343507 0.298150
0.343606 0.297904
0.343704 0.297904
0.343803 0.297411
0.343902 0.297164
0.344000 0.297164
0.344099 0.296917
0.344198 0.296917
0.344296 0.296671
0.344395 0.296671
0.344494 0.296671
0.344592 0.296671
0.344691 0.296671
0.344789 0.296671
0.344888 0.296671
0.344987 0.296671
0.345085 0.296424
0.345184 0.296178
0.345283 0.296178
0.345381 0.296178
0.345480 0.296178
0.345579 0.295684
0.345677 0.295684
0.345776 0.295438
0.345875 0.295438
0.345973 0.295438
0.346072 0.295191
0.346170 0.294945
0.346269 0.294945
0.346368 0.294698
0.346466 0.294451
0.346565 0.294451
0.346664 0.294451
0.346762 0.294451
0.346861 0.294451
0.346960 0.294451
0.347058 0.294451
0.347157 0.293958
0.347256 0.293711
0.347354 0.293711
0.347453 0.293465
0.347551 0.293465
0.347650 0.293465
0.347749 0.292972
0.347847 0.292972
0.347946 0.292972
0.348045 0.292972
0.348143 0.292972
0.348242 0.292725
0.348341 0.292725
0.348439 0.292725
0.348538 0.292725
0.348636 0.292725
0.348735 0.292725
0.348834 0.292725
0.348932 0.292725
0.349031 0.292478
0.349130 0.292232
0.349228 0.292232
0.349327 0.292232
0.349426 0.292232
0.349524 0.291985
0.349623 0.291985
0.349722 0.291985
0.349820 0.291985
0.349919 0.291985
0.350017 0.291985
0.350116 0.291985
0.350215 0.291985
0.350313 0.291739
0.350412 0.291739
0.350511 0.291492
0.350609 0.291245
0.350708 0.291245
0.350807 0.291245
0.350905 0.291245
0.351004 0.291245
0.351103 0.291245
0.351201 0.290999
0.351300 0.290999
0.351398 0.290752
0.351497 0.290752
0.351596 0.290752
0.351694 0.290752
0.351793 0.290506
0.351892 0.290259
0.351990 0.290012
0.352089 0.289766
0.352188 0.289766
0.352286 0.289766
0.352385 0.289766
0.352484 0.289766
0.352582 0.289273
0.352681 0.289273
0.352779 0.288779
0.352878 0.288779
0.352977 0.288779
0.353075 0.288533
0.353174 0.288533
0.353273 0.288039
0.353371 0.288039
0.353470 0.287793
0.353569 0.287793
0.353667 0.287546
0.353766 0.287546
0.353864 0.287546
0.353963 0.287546
0.354062 0.287053
0.354160 0.287053
0.354259 0.287053
0.354358 0.287053
0.354456 0.287053
0.354555 0.286806
0.354654 0.286806
0.354752 0.286806
0.354851 0.286560
0.354950 0.286560
0.355048 0.286560
0.355147 0.286313
0.355245 0.286313
0.355344 0.286313
0.355443 0.286067
0.355541 0.285820
0.355640 0.285820
0.355739 0.285327
0.355837 0.285327
0.355936 0.285327
0.356035 0.285327
0.356133 0.285327
0.356232 0.285327
0.356331 0.285327
0.356429 0.285327
0.356528 0.285327
0.356626 0.285327
0.356725 0.285080
0.356824 0.285080
0.356922 0.284834
0.357021 0.284587
0.357120 0.284587
0.357218 0.284587
0.357317 0.284587
0.357416 0.284587
0.357514 0.284587
0.357613 0.284587
0.357712 0.284587
0.357810 0.284587
0.357909 0.284587
0.358007 0.284587
0.358106 0.284587
0.358205 0.284340
0.358303 0.284340
0.358402 0.284340
0.358501 0.284094
0.358599 0.284094
0.358698 0.284094
0.358797 0.284094
0.358895 0.284094
0.358994 0.284094
0.359092 0.284094
0.359191 0.284094
0.359290 0.284094
0.359388 0.283847
0.359487 0.283847
0.359586 0.283847
0.359684 0.283847
0.359783 0.283847
0.359882 0.283847
0.359980 0.283600
0.360079 0.283600
0.360178 0.283600
0.360276 0.283600
0.360375 0.283354
0.360473 0.283354
0.360572 0.283354
0.360671 0.283107
0.360769 0.282861
0.360868 0.282861
0.360967 0.282861
0.361065 0.282861
0.361164 0.282861
0.361263 0.282861
0.361361 0.282861
0.361460 0.282861
0.361559 0.282861
0.361657 0.282614
0.361756 0.282614
0.361854 0.282614
0.361953 0.282614
0.362052 0.282367
0.362150 0.282367
0.362249 0.282367
0.362348 0.282367
0.362446 0.282121
0.362545 0.281874
0.362644 0.281874
0.362742 0.281874
0.362841 0.281874
0.362940 0.281628
0.363038 0.281628
0.363137 0.281628
0.363235 0.281628
0.363334 0.281628
0.363433 0.281628
0.363531 0.281628
0.363630 0.281628
0.363729 0.281628
0.363827 0.281381
0.363926 0.281381
0.364025 0.281381
0.364123 0.281381
0.364222 0.281381
0.364320 0.281381
0.364419 0.281381
0.364518 0.281134
0.364616 0.280888
0.364715 0.280888
0.364814 0.280888
0.364912 0.280888
0.365011 0.280888
0.365110 0.280888
0.365208 0.280888
0.365307 0.280888
0.365406 0.280641
0.365504 0.280641
0.365603 0.280641
0.365701 0.280395
0.365800 0.280148
0.365899 0.280148
0.365997 0.280148
0.366096 0.280148
0.366195 0.280148
0.366293 0.280148
0.366392 0.280148
0.366491 0.280148
0.366589 0.280148
0.366688 0.279901
0.366787 0.279901
0.366885 0.279901
0.366984 0.279655
0.367082 0.279408
0.367181 0.279408
0.367280 0.279408
0.367378 0.279408
0.367477 0.279408
0.367576 0.278915
0.367674 0.278915
0.367773 0.278915
0.367872 0.278915
0.367970 0.278668
0.368069 0.278668
0.368168 0.278668
0.368266 0.278668
0.368365 0.278668
0.368463 0.278422
0.368562 0.278422
0.368661 0.278422
0.368759 0.278175
0.368858 0.278175
0.368957 0.277928
0.369055 0.277928
0.369154 0.277928
0.369253 0.277928
0.369351 0.277928
0.369450 0.277928
0.369548 0.277928
0.369647 0.277682
0.369746 0.277435
0.369844 0.277435
0.369943 0.277435
0.370042 0.277435
0.370140 0.277189
0.370239 0.277189
0.370338 0.277189
0.370436 0.277189
0.370535 0.277189
0.370634 0.277189
0.370732 0.276942
0.370831 0.276942
0.370929 0.276942
0.371028 0.276942
0.371127 0.276695
0.371225 0.276695
0.371324 0.276695
0.371423 0.276695
0.371521 0.276695
0.371620 0.276695
0.371719 0.276449
0.371817 0.276202
0.371916 0.276202
0.372015 0.276202
0.372113 0.276202
0.372212 0.275956
0.372310 0.275956
0.372409 0.275956
0.372508 0.275709
0.372606 0.275709
0.372705 0.275462
0.372804 0.275462
0.372902 0.275462
0.373001 0.275462
0.373100 0.274969
0.373198 0.274969
0.373297 0.274723
0.373396 0.274723
0.373494 0.274723
0.373593 0.274476
0.373691 0.274476
0.373790 0.274229
0.373889 0.274229
0.373987 0.274229
0.374086 0.274229
0.374185 0.274229
0.374283 0.274229
0.374382 0.273983
0.374481 0.273983
0.374579 0.273983
0.374678 0.273736
0.374776 0.273736
0.374875 0.273736
0.374974 0.273490
0.375072 0.273490
0.375171 0.273490
0.375270 0.273490
0.375368 0.273243
0.375467 0.272996
0.375566 0.272996
0.375664 0.272750
0.375763 0.272256
0.375862 0.272256
0.375960 0.272256
0.376059 0.272010
0.376157 0.272010
0.376256 0.271763
0.376355 0.271763
0.376453 0.271763
0.376552 0.271517
0.376651 0.271517
0.376749 0.271517
0.376848 0.271517
0.376947 0.271517
0.377045 0.271023
0.377144 0.271023
0.377243 0.271023
0.377341 0.271023
0.377440 0.270777
0.377538 0.270530
0.377637 0.270530
0.377736 0.270530
0.377834 0.270284
0.377933 0.270037
0.378032 0.270037
0.378130 0.270037
0.378229 0.270037
0.378328 0.270037
0.378426 0.269790
0.378525 0.269544
0.378624 0.269544
0.378722 0.269544
0.378821 0.269544
0.378919 0.269297
0.379018 0.269297
0.379117 0.269297
0.379215 0.269297
0.379314 0.269297
0.379413 0.269297
0.379511 0.269297
0.379610 0.269051
0.379709 0.268804
0.379807 0.268804
0.379906 0.268804
0.380004 0.268804
0.380103 0.268804
0.380202 0.268557
0.380300 0.268311
0.380399 0.268064
0.380498 0.268064
0.380596 0.267818
0.380695 0.267818
0.380794 0.267818
0.380892 0.267818
0.380991 0.267571
0.381090 0.267571
0.381188 0.267571
0.381287 0.267571
0.381385 0.267324
0.381484 0.267324
0.381583 0.267078
0.381681 0.266831
0.381780 0.266831
0.381879 0.266584
0.381977 0.266584
0.382076 0.266584
0.382175 0.266338
0.382273 0.266091
0.382372 0.266091
0.382471 0.266091
0.382569 0.266091
0.382668 0.266091
0.382766 0.266091
0.382865 0.265598
0.382964 0.265598
0.383062 0.265351
0.383161 0.265105
0.383260 0.265105
0.383358 0.265105
0.383457 0.264858
0.383556 0.264858
0.383654 0.264858
0.383753 0.264858
0.383852 0.264858
0.383950 0.264858
0.384049 0.264858
0.384147 0.264612
0.384246 0.264612
0.384345 0.264612
0.384443 0.264612
0.384542 0.264118
0.384641 0.264118
0.384739 0.264118
0.384838 0.264118
0.384937 0.264118
0.385035 0.263625
0.385134 0.263625
0.385232 0.263625
0.385331 0.263625
0.385430 0.263625
0.385528 0.263625
0.385627 0.263625
0.385726 0.263625
0.385824 0.263625
0.385923 0.263625
0.386022 0.263625
0.386120 0.263625
0.386219 0.263625
0.386318 0.263625
0.386416 0.263625
0.386515 0.263625
0.386613 0.263625
0.386712 0.263379
0.386811 0.263379
0.386909 0.263379
0.387008 0.263132
0.387107 0.262885
0.387205 0.262885
0.387304 0.262885
0.387403 0.262392
0.387501 0.262392
0.387600 0.262392
0.387699 0.262392
0.387797 0.262392
0.387896 0.262392
0.387994 0.262392
0.388093 0.262392
0.388192 0.262392
0.388290 0.262392
0.388389 0.262392
0.388488 0.262145
0.388586 0.262145
0.388685 0.261652
0.388784 0.261652
0.388882 0.261652
0.388981 0.261406
0.389080 0.261406
0.389178 0.261406
0.389277 0.261406
0.389375 0.261159
0.389474 0.261159
0.389573 0.260912
0.389671 0.260912
0.389770 0.260912
0.389869 0.260912
0.389967 0.260666
0.390066 0.260666
0.390165 0.260666
0.390263 0.260666
0.390362 0.260666
0.390460 0.260666
0.390559 0.260666
0.390658 0.260666
0.390756 0.260666
0.390855 0.260666
0.390954 0.260666
0.391052 0.260419
0.391151 0.260419
0.391250 0.260419
0.391348 0.260419
0.391447 0.260419
0.391546 0.260419
0.391644 0.260419
0.391743 0.260419
0.391841 0.260419
0.391940 0.260419
0.392039 0.260419
0.392137 0.260419
0.392236 0.260419
0.392335 0.260173
0.392433 0.260173
0.392532 0.260173
0.392631 0.260173
0.392729 0.260173
0.392828 0.260173
0.392927 0.260173
0.393025 0.259926
0.393124 0.259926
0.393222 0.259926
0.393321 0.259679
0.393420 0.259679
0.393518 0.259679
0.393617 0.259433
0.393716 0.259186
0.393814 0.258940
0.393913 0.258940
0.394012 0.258940
0.394110 0.258693
0.394209 0.258693
0.394308 0.258693
0.394406 0.258693
0.394505 0.258693
0.394603 0.258693
0.394702 0.258693
0.394801 0.258693
0.394899 0.258693
0.394998 0.258693
0.395097 0.258693
0.395195 0.258693
0.395294 0.258693
0.395393 0.258693
0.395491 0.258693
0.395590 0.258693
0.395688 0.258693
0.395787 0.258446
0.395886 0.258446
0.395984 0.258446
0.396083 0.258200
0.396182 0.258200
0.396280 0.258200
0.396379 0.257953
0.396478 0.257953
0.396576 0.257953
0.396675 0.257953
0.396774 0.257953
0.396872 0.257953
0.396971 0.257953
0.397069 0.257953
0.397168 0.257953
0.397267 0.257953
0.397365 0.257953
0.397464 0.257953
0.397563 0.257953
0.397661 0.257953
0.397760 0.257953
0.397859 0.257953
0.397957 0.257953
0.398056 0.257953
0.398155 0.257953
0.398253 0.257953
0.398352 0.257953
0.398450 0.257953
0.398549 0.257953
0.398648 0.257707
0.398746 0.257460
0.398845 0.257213
0.398944 0.256967
0.399042 0.256967
0.399141 0.256967
0.399240 0.256720
0.399338 0.256720
0.399437 0.256720
0.399536 0.256473
0.399634 0.256473
0.399733 0.256473
0.399831 0.256227
0.399930 0.255980
0.400029 0.255980
0.400127 0.255980
0.400226 0.255980
0.400325 0.255734
0.400423 0.255734
0.400522 0.255734
0.400621 0.255734
0.400719 0.255734
0.400818 0.255734
0.400917 0.255734
0.401015 0.255734
0.401114 0.255734
0.401212 0.255734
0.401311 0.255734
0.401410 0.255734
0.401508 0.255487
0.401607 0.255487
0.401706 0.255487
0.401804 0.255240
0.401903 0.255240
0.402002 0.255240
0.402100 0.255240
0.402199 0.255240
0.402297 0.254501
0.402396 0.254501
0.402495 0.254501
0.402593 0.254501
0.402692 0.254501
0.402791 0.254501
0.402889 0.254501
0.402988 0.254501
0.403087 0.254501
0.403185 0.254501
0.403284 0.254501
0.403383 0.254501
0.403481 0.254501
0.403580 0.254501
0.403678 0.254501
0.403777 0.254501
0.403876 0.254501
0.403974 0.254254
0.404073 0.254007
0.404172 0.254007
0.404270 0.254007
0.404369 0.254007
0.404468 0.253761
0.404566 0.253761
0.404665 0.253761
0.404764 0.253761
0.404862 0.253761
0.404961 0.253761
0.405059 0.253514
0.405158 0.253514
0.405257 0.253514
0.405355 0.253514
0.405454 0.253268
0.405553 0.253021
0.405651 0.252774
0.405750 0.252774
0.405849 0.252774
0.405947 0.252774
0.406046 0.252774
0.406145 0.252774
0.406243 0.252528
0.406342 0.252528
0.406440 0.252281
0.406539 0.252281
0.406638 0.252035
0.406736 0.252035
0.406835 0.252035
0.406934 0.252035
0.407032 0.252035
0.407131 0.251788
0.407230 0.251295
0.407328 0.251295
0.407427 0.251295
0.407525 0.251295
0.407624 0.251048
0.407723 0.251048
0.407821 0.250801
0.407920 0.250555
0.408019 0.250555
0.408117 0.250555
0.408216 0.250555
0.408315 0.250555
0.408413 0.250555
0.408512 0.250308
0.408611 0.250308
0.408709 0.250062
0.408808 0.250062
0.408906 0.249815
0.409005 0.249815
0.409104 0.249815
0.409202 0.249815
0.409301 0.249815
0.409400 0.249815
0.409498 0.249568
0.409597 0.249568
0.409696 0.249568
0.409794 0.249568
0.409893 0.249322
0.409992 0.249322
0.410090 0.249322
0.410189 0.249322
0.410287 0.249322
0.410386 0.249322
0.410485 0.249322
0.410583 0.249322
0.410682 0.249322
0.410781 0.249322
0.410879 0.249322
0.410978 0.249322
0.411077 0.249075
0.411175 0.249075
0.411274 0.249075
0.411373 0.249075
0.411471 0.249075
0.411570 0.248829
0.411668 0.248829
0.411767 0.248829
0.411866 0.248089
0.411964 0.248089
0.412063 0.248089
0.412162 0.248089
0.412260 0.248089
0.412359 0.248089
0.412458 0.247842
0.412556 0.247842
0.412655 0.247349
0.412753 0.247349
0.412852 0.247349
0.412951 0.247102
0.413049 0.247102
0.413148 0.247102
0.413247 0.247102
0.413345 0.247102
0.413444 0.247102
0.413543 0.247102
0.413641 0.246856
0.413740 0.246856
0.413839 0.246856
0.413937 0.246856
0.414036 0.246856
0.414134 0.246363
0.414233 0.246363
0.414332 0.246116
0.414430 0.246116
0.414529 0.246116
0.414628 0.246116
0.414726 0.246116
0.414825 0.246116
0.414924 0.246116
0.415022 0.246116
0.415121 0.246116
0.415220 0.246116
0.415318 0.245623
0.415417 0.245376
0.415515 0.245129
0.415614 0.245129
0.415713 0.245129
0.415811 0.245129
0.415910 0.245129
0.416009 0.245129
0.416107 0.245129
0.416206 0.245129
0.416305 0.245129
0.416403 0.245129
0.416502 0.245129
0.416601 0.244883
0.416699 0.244883
0.416798 0.244883
0.416896 0.244883
0.416995 0.244883
0.417094 0.244883
0.417192 0.244883
0.417291 0.244883
0.417390 0.244883
0.417488 0.244883
0.417587 0.244883
0.417686 0.244883
0.417784 0.244883
0.417883 0.244883
0.417981 0.244636
0.418080 0.244636
0.418179 0.244636
0.418277 0.244636
0.418376 0.244636
0.418475 0.244636
0.418573 0.244636
0.418672 0.244636
0.418771 0.244636
0.418869 0.244636
0.418968 0.244636
0.419067 0.244636
0.419165 0.244390
0.419264 0.244390
0.419362 0.244390
0.419461 0.244143
0.419560 0.243896
0.419658 0.243896
0.419757 0.243896
0.419856 0.243650
0.419954 0.243650
0.420053 0.243650
0.420152 0.243403
0.420250 0.243403
0.420349 0.243403
0.420448 0.243157
0.420546 0.243157
0.420645 0.243157
0.420743 0.243157
0.420842 0.243157
0.420941 0.243157
0.421039 0.243157
0.421138 0.243157
0.421237 0.243157
0.421335 0.243157
0.421434 0.243157
0.421533 0.242910
0.421631 0.242910
0.421730 0.242910
0.421829 0.242910
0.421927 0.242910
0.422026 0.242910
0.422124 0.242910
0.422223 0.242663
0.422322 0.242663
0.422420 0.242663
0.422519 0.242417
0.422618 0.242417
0.422716 0.242417
0.422815 0.242417
0.422914 0.242417
0.423012 0.242417
0.423111 0.242417
0.423209 0.242170
0.423308 0.242170
0.423407 0.242170
0.423505 0.242170
0.423604 0.242170
0.423703 0.242170
0.423801 0.242170
0.423900 0.241924
0.423999 0.241677
0.424097 0.241677
0.424196 0.241677
0.424295 0.241677
0.424393 0.241677
0.424492 0.241677
0.424590 0.241677
0.424689 0.241430
0.424788 0.241184
0.424886 0.241184
0.424985 0.241184
0.425084 0.241184
0.425182 0.241184
0.425281 0.241184
0.425380 0.240937
0.425478 0.240937
0.425577 0.240691
0.425676 0.240691
0.425774 0.240691
0.425873 0.240691
0.425971 0.240691
0.426070 0.240691
0.426169 0.240691
0.426267 0.240691
0.426366 0.240444
0.426465 0.240444
0.426563 0.240444
0.426662 0.240197
0.426761 0.240197
0.426859 0.240197
0.426958 0.240197
0.427057 0.240197
0.427155 0.240197
0.427254 0.240197
0.427352 0.240197
0.427451 0.240197
0.427550 0.239951
0.427648 0.239951
0.427747 0.239951
0.427846 0.239951
0.427944 0.239951
0.428043 0.239951
0.428142 0.239951
0.428240 0.239457
0.428339 0.239457
0.428437 0.239211
0.428536 0.239211
0.428635 0.239211
0.428733 0.238964
0.428832 0.238964
0.428931 0.238718
0.429029 0.238718
0.429128 0.238718
0.429227 0.238718
0.429325 0.238471
0.429424 0.238471
0.429523 0.238471
0.429621 0.238471
0.429720 0.238224
0.429818 0.238224
0.429917 0.238224
0.430016 0.238224
0.430114 0.238224
0.430213 0.238224
0.430312 0.237978
0.430410 0.237978
0.430509 0.237978
0.430608 0.237978
0.430706 0.237978
0.430805 0.237731
0.430904 0.237485
0.431002 0.237238
0.431101 0.237238
0.431199 0.237238
0.431298 0.237238
0.431397 0.237238
0.431495 0.237238
0.431594 0.237238
0.431693 0.237238
0.431791 0.237238
0.431890 0.237238
0.431989 0.237238
0.432087 0.237238
0.432186 0.237238
0.432285 0.237238
0.432383 0.236991
0.432482 0.236991
0.432580 0.236991
0.432679 0.236991
0.432778 0.236745
0.432876 0.236745
0.432975 0.236745
0.433074 0.236498
0.433172 0.236498
0.433271 0.236498
0.433370 0.236498
0.433468 0.236498
0.433567 0.236252
0.433665 0.236005
0.433764 0.236005
0.433863 0.235758
0.433961 0.235758
0.434060 0.235512
0.434159 0.235265
0.434257 0.235265
0.434356 0.235265
0.434455 0.235265
0.434553 0.235265
0.434652 0.235265
0.434751 0.235265
0.434849 0.235018
0.434948 0.235018
0.435046 0.235018
0.435145 0.235018
0.435244 0.235018
0.435342 0.235018
0.435441 0.235018
0.435540 0.235018
0.435638 0.235018
0.435737 0.235018
0.435836 0.234772
0.435934 0.234772
0.436033 0.234525
0.436132 0.234525
0.436230 0.234525
0.436329 0.234525
0.436427 0.234525
0.436526 0.234525
0.436625 0.234525
0.436723 0.234525
0.436822 0.234525
0.436921 0.234525
0.437019 0.234525
0.437118 0.234525
0.437217 0.234279
0.437315 0.234279
0.437414 0.234279
0.437513 0.234279
0.437611 0.234032
0.437710 0.234032
0.437808 0.234032
0.437907 0.234032
0.438006 0.234032
0.438104 0.234032
0.438203 0.234032
0.438302 0.233785
0.438400 0.233539
0.438499 0.233539
0.438598 0.233539
0.438696 0.233539
0.438795 0.233539
0.438893 0.233292
0.438992 0.233046
0.439091 0.233046
0.439189 0.233046
0.439288 0.233046
0.439387 0.232799
0.439485 0.232799
0.439584 0.232799
0.439683 0.232799
0.439781 0.232799
0.439880 0.232799
0.439979 0.232799
0.440077 0.232799
0.440176 0.232799
0.440274 0.232552
0.440373 0.232552
0.440472 0.232552
0.440570 0.232552
0.440669 0.232552
0.440768 0.232552
0.440866 0.232306
0.440965 0.232306
0.441064 0.232306
0.441162 0.232306
0.441261 0.232306
0.441360 0.232306
0.441458 0.232306
0.441557 0.232306
0.441655 0.232059
0.441754 0.232059
0.441853 0.231813
0.441951 0.231813
0.442050 0.231813
0.442149 0.231813
0.442247 0.231813
0.442346 0.231566
0.442445 0.231566
0.442543 0.231319
0.442642 0.231319
0.442741 0.231073
0.442839 0.231073
0.442938 0.230826
0.443036 0.230826
0.443135 0.230826
0.443234 0.230826
0.443332 0.230826
0.443431 0.230333
0.443530 0.230333
0.443628 0.230333
0.443727 0.230086
0.443826 0.230086
0.443924 0.229840
0.444023 0.229593
0.444121 0.229593
0.444220 0.229593
0.444319 0.229593
0.444417 0.229593
0.444516 0.229593
0.444615 0.229593
0.444713 0.229593
0.444812 0.229593
0.444911 0.229593
0.445009 0.229593
0.445108 0.229346
0.445207 0.229346
0.445305 0.229346
0.445404 0.229346
0.445502 0.229346
0.445601 0.229346
0.445700 0.229346
0.445798 0.229346
0.445897 0.229346
0.445996 0.229346
0.446094 0.229346
0.446193 0.229346
0.446292 0.229346
0.446390 0.229346
0.446489 0.229100
0.446588 0.229100
0.446686 0.228853
0.446785 0.228607
0.446883 0.228607
0.446982 0.228607
0.447081 0.228607
0.447179 0.228607
0.447278 0.228607
0.447377 0.228360
0.447475 0.228113
0.447574 0.227620
0.447673 0.227374
0.447771 0.227374
0.447870 0.227374
0.447969 0.227127
0.448067 0.227127
0.448166 0.227127
0.448264 0.227127
0.448363 0.227127
0.448462 0.226880
0.448560 0.226387
0.448659 0.226387
0.448758 0.226387
0.448856 0.226387
0.448955 0.226387
0.449054 0.226141
0.449152 0.226141
0.449251 0.225894
0.449349 0.225894
0.449448 0.225894
0.449547 0.225894
0.449645 0.225894
0.449744 0.225894
0.449843 0.225894
0.449941 0.225894
0.450040 0.225647
0.450139 0.225647
0.450237 0.225647
0.450336 0.225647
0.450435 0.225401
0.450533 0.225154
0.450632 0.225154
0.450730 0.225154
0.450829 0.225154
0.450928 0.224908
0.451026 0.224908
0.451125 0.224661
0.451224 0.224414
0.451322 0.224414
0.451421 0.224414
0.451520 0.224414
0.451618 0.224414
0.451717 0.224414
0.451816 0.224414
0.451914 0.224414
0.452013 0.224414
0.452111 0.224168
0.452210 0.223921
0.452309 0.223921
0.452407 0.223921
0.452506 0.223921
0.452605 0.223674
0.452703 0.223674
0.452802 0.223674
0.452901 0.223674
0.452999 0.223674
0.453098 0.223428
0.453197 0.223428
0.453295 0.223428
0.453394 0.223428
0.453492 0.223428
0.453591 0.223428
0.453690 0.223428
0.453788 0.223428
0.453887 0.223428
0.453986 0.223428
0.454084 0.223181
0.454183 0.223181
0.454282 0.223181
0.454380 0.223181
0.454479 0.223181
0.454577 0.223181
0.454676 0.223181
0.454775 0.223181
0.454873 0.223181
0.454972 0.223181
0.455071 0.223181
0.455169 0.222935
0.455268 0.222688
0.455367 0.222688
0.455465 0.222441
0.455564 0.222441
0.455663 0.222195
0.455761 0.222195
0.455860 0.221948
0.455958 0.221702
0.456057 0.221702
0.456156 0.221702
0.456254 0.221702
0.456353 0.221455
0.456452 0.221208
0.456550 0.221208
0.456649 0.221208
0.456748 0.220962
0.456846 0.220962
0.456945 0.220962
0.457044 0.220962
0.457142 0.220962
0.457241 0.220962
0.457339 0.220962
0.457438 0.220962
0.457537 0.220962
0.457635 0.220962
0.457734 0.220962
0.457833 0.220962
0.457931 0.220962
0.458030 0.220962
0.458129 0.220962
0.458227 0.220962
0.458326 0.220715
0.458425 0.220715
0.458523 0.220715
0.458622 0.220715
0.458720 0.220715
0.458819 0.220469
0.458918 0.220469
0.459016 0.220469
0.459115 0.220222
0.459214 0.220222
0.459312 0.220222
0.459411 0.220222
0.459510 0.220222
0.459608 0.220222
0.459707 0.219975
0.459805 0.219729
0.459904 0.219729
0.460003 0.219729
0.460101 0.219729
0.460200 0.219729
0.460299 0.219729
0.460397 0.219729
0.460496 0.219729
0.460595 0.219729
0.460693 0.219729
0.460792 0.219729
0.460891 0.219729
0.460989 0.219729
0.461088 0.219482
0.461186 0.219482
0.461285 0.219482
0.461384 0.219236
0.461482 0.219236
0.461581 0.219236
0.461680 0.218989
0.461778 0.218742
0.461877 0.218742
0.461976 0.218742
0.462074 0.218742
0.462173 0.218742
0.462272 0.218742
0.462370 0.218742
0.462469 0.218496
0.462567 0.218496
0.462666 0.218496
0.462765 0.218249
0.462863 0.218249
0.462962 0.218249
0.463061 0.218249
0.463159 0.218002
0.463258 0.218002
0.463357 0.218002
0.463455 0.218002
0.463554 0.217756
0.463653 0.217756
0.463751 0.217756
0.463850 0.217756
0.463948 0.217509
0.464047 0.217509
0.464146 0.217509
0.464244 0.217509
0.464343 0.217509
0.464442 0.217509
0.464540 0.217509
0.464639 0.217509
0.464738 0.217509
0.464836 0.217509
0.464935 0.217509
0.465033 0.217509
0.465132 0.217509
0.465231 0.217509
0.465329 0.217509
0.465428 0.217509
0.465527 0.217263
0.465625 0.217016
0.465724 0.217016
0.465823 0.216769
0.465921 0.216769
0.466020 0.216769
0.466119 0.216769
0.466217 0.216523
0.466316 0.216523
0.466414 0.216523
0.466513 0.216523
0.466612 0.216523
0.466710 0.216523
0.466809 0.216523
0.466908 0.216276
0.467006 0.216030
0.467105 0.216030
0.467204 0.216030
0.467302 0.215783
0.467401 0.215783
0.467500 0.215783
0.467598 0.215536
0.467697 0.215290
0.467795 0.215290
0.467894 0.215290
0.467993 0.215290
0.468091 0.215290
0.468190 0.215290
0.468289 0.215290
0.468387 0.215290
0.468486 0.215290
0.468585 0.215290
0.468683 0.215290
0.468782 0.215043
0.468881 0.215043
0.468979 0.215043
0.469078 0.215043
0.469176 0.215043
0.469275 0.215043
0.469374 0.215043
0.469472 0.215043
0.469571 0.215043
0.469670 0.214797
0.469768 0.214797
0.469867 0.214550
0.469966 0.214550
0.470064 0.214303
0.470163 0.214303
0.470262 0.214303
0.470360 0.214057
0.470459 0.213810
0.470557 0.213810
0.470656 0.213564
0.470755 0.213564
0.470853 0.213564
0.470952 0.213317
0.471051 0.212824
0.471149 0.212577
0.471248 0.212577
0.471347 0.212330
0.471445 0.212330
0.471544 0.212330
0.471642 0.212330
0.471741 0.212330
0.471840 0.212330
0.471938 0.212330
0.472037 0.212330
0.472136 0.212330
0.472234 0.212330
0.472333 0.212330
0.472432 0.212330
0.472530 0.212330
0.472629 0.212084
0.472728 0.212084
0.472826 0.211837
0.472925 0.211837
0.473023 0.211591
0.473122 0.211591
0.473221 0.211591
0.473319 0.211591
0.473418 0.211591
0.473517 0.211591
0.473615 0.211591
0.473714 0.211344
0.473813 0.211344
0.473911 0.211097
0.474010 0.211097
0.474109 0.211097
0.474207 0.210851
0.474306 0.210851
0.474404 0.210851
0.474503 0.210851
0.474602 0.210604
0.474700 0.210358
0.474799 0.210358
0.474898 0.210358
0.474996 0.210358
0.475095 0.210111
0.475194 0.210111
0.475292 0.210111
0.475391 0.210111
0.475490 0.210111
0.475588 0.210111
0.475687 0.210111
0.475785 0.209864
0.475884 0.209864
0.475983 0.209864
0.476081 0.209864
0.476180 0.209864
0.476279 0.209864
0.476377 0.209618
0.476476 0.209618
0.476575 0.209371
0.476673 0.209371
0.476772 0.209125
0.476870 0.208878
0.476969 0.208631
0.477068 0.208631
0.477166 0.208631
0.477265 0.208631
0.477364 0.208631
0.477462 0.208631
0.477561 0.208631
0.477660 0.208631
0.477758 0.208631
0.477857 0.208631
0.477956 0.208385
0.478054 0.208138
0.478153 0.208138
0.478251 0.208138
0.478350 0.208138
0.478449 0.207891
0.478547 0.207891
0.478646 0.207891
0.478745 0.207891
0.478843 0.207891
0.478942 0.207891
0.479041 0.207891
0.479139 0.207891
0.479238 0.207891
0.479337 0.207891
0.479435 0.207891
0.479534 0.207891
0.479632 0.207891
0.479731 0.207891
0.479830 0.207891
0.479928 0.207891
0.480027 0.207891
0.480126 0.207891
0.480224 0.207891
0.480323 0.207891
0.480422 0.207645
0.480520 0.207645
0.480619 0.207645
0.480718 0.207645
0.480816 0.207398
0.480915 0.207398
0.481013 0.207398
0.481112 0.207398
0.481211 0.207398
0.481309 0.207152
0.481408 0.207152
0.481507 0.207152
0.481605 0.207152
0.481704 0.207152
0.481803 0.207152
0.481901 0.207152
0.482000 0.207152
0.482098 0.207152
0.482197 0.207152
0.482296 0.206905
0.482394 0.206905
0.482493 0.206905
0.482592 0.206905
0.482690 0.206905
0.482789 0.206905
0.482888 0.206905
0.482986 0.206905
0.483085 0.206905
0.483184 0.206905
0.483282 0.206905
0.483381 0.206905
0.483479 0.206905
0.483578 0.206905
0.483677 0.206905
0.483775 0.206905
0.483874 0.206905
0.483973 0.206905
0.484071 0.206905
0.484170 0.206905
0.484269 0.206905
0.484367 0.206905
0.484466 0.206905
0.484565 0.206658
0.484663 0.206165
0.484762 0.206165
0.484860 0.206165
0.484959 0.206165
0.485058 0.205919
0.485156 0.205919
0.485255 0.205425
0.485354 0.205179
0.485452 0.204932
0.485551 0.204932
0.485650 0.204932
0.485748 0.204932
0.485847 0.204932
0.485946 0.204932
0.486044 0.204932
0.486143 0.204932
0.486241 0.204932
0.486340 0.204932
0.486439 0.204932
0.486537 0.204932
0.486636 0.204686
0.486735 0.204686
0.486833 0.204686
0.486932 0.204686
0.487031 0.204439
0.487129 0.204439
0.487228 0.204439
0.487326 0.204439
0.487425 0.204439
0.487524 0.204439
0.487622 0.204439
0.487721 0.204439
0.487820 0.204192
0.487918 0.204192
0.488017 0.204192
0.488116 0.203946
0.488214 0.203946
0.488313 0.203699
0.488412 0.203699
0.488510 0.203699
0.488609 0.203699
0.488707 0.203699
0.488806 0.203699
0.488905 0.203699
0.489003 0.203699
0.489102 0.203699
0.489201 0.203699
0.489299 0.203699
0.489398 0.203699
0.489497 0.203699
0.489595 0.203699
0.489694 0.203699
0.489793 0.203699
0.489891 0.203699
0.489990 0.203206
0.490088 0.203206
0.490187 0.203206
0.490286 0.203206
0.490384 0.203206
0.490483 0.202959
0.490582 0.202959
0.490680 0.202959
0.490779 0.202466
0.490878 0.202466
0.490976 0.202466
0.491075 0.202219
0.491174 0.202219
0.491272 0.201973
0.491371 0.201973
0.491469 0.201726
0.491568 0.201726
0.491667 0.201726
0.491765 0.201726
0.491864 0.201726
0.491963 0.201726
0.492061 0.201726
0.492160 0.201480
0.492259 0.201480
0.492357 0.201480
0.492456 0.201233
0.492554 0.200986
0.492653 0.200986
0.492752 0.200986
0.492850 0.200986
0.492949 0.200740
0.493048 0.200740
0.493146 0.200247
0.493245 0.200247
0.493344 0.200247
0.493442 0.200247
0.493541 0.200247
0.493640 0.200247
0.493738 0.200247
0.493837 0.200247
0.493935 0.200247
0.494034 0.200247
0.494133 0.200247
0.494231 0.199507
0.494330 0.199507
0.494429 0.199507
0.494527 0.199507
0.494626 0.199260
0.494725 0.199260
0.494823 0.199260
0.494922 0.199260
0.495021 0.198767
0.495119 0.198767
0.495218 0.198520
0.495316 0.198520
0.495415 0.198520
0.495514 0.198520
0.495612 0.198520
0.495711 0.198520
0.495810 0.198520
0.495908 0.198520
0.496007 0.198520
0.496106 0.198520
0.496204 0.198520
0.496303 0.198520
0.496402 0.198520
0.496500 0.198520
0.496599 0.198520
0.496697 0.198274
0.496796 0.198274
0.496895 0.198274
0.496993 0.198274
0.497092 0.198274
0.497191 0.198274
0.497289 0.198274
0.497388 0.198274
0.497487 0.198274
0.497585 0.198274
0.497684 0.198027
0.497782 0.198027
0.497881 0.198027
0.497980 0.197781
0.498078 0.197781
0.498177 0.197781
0.498276 0.197781
0.498374 0.197781
0.498473 0.197781
0.498572 0.197781
0.498670 0.197781
0.498769 0.197781
0.498868 0.197534
0.498966 0.197534
0.499065 0.197534
0.499163 0.197534
0.499262 0.197534
0.499361 0.197287
0.499459 0.197287
0.499558 0.197041
0.499657 0.197041
0.499755 0.197041
0.499854 0.197041
0.499953 0.197041
0.500051 0.197041
0.500150 0.197041
0.500249 0.196794
0.500347 0.196547
0.500446 0.196547
0.500544 0.196547
0.500643 0.196547
0.500742 0.196547
0.500840 0.196547
0.500939 0.196547
0.501038 0.196301
0.501136 0.196054
0.501235 0.196054
0.501334 0.196054
0.501432 0.196054
0.501531 0.195808
0.501630 0.195808
0.501728 0.195561
0.501827 0.195561
0.501925 0.195561
0.502024 0.195561
0.502123 0.195314
0.502221 0.195314
0.502320 0.195314
0.502419 0.195314
0.502517 0.195314
0.502616 0.195314
0.502715 0.195314
0.502813 0.195314
0.502912 0.195314
0.503010 0.195314
0.503109 0.195314
0.503208 0.195314
0.503306 0.195314
0.503405 0.195314
0.503504 0.195314
0.503602 0.195314
0.503701 0.195068
0.503800 0.195068
0.503898 0.194821
0.503997 0.194821
0.504096 0.194821
0.504194 0.194821
0.504293 0.194821
0.504391 0.194821
0.504490 0.194575
0.504589 0.194575
0.504687 0.194575
0.504786 0.194575
0.504885 0.194575
0.504983 0.194575
0.505082 0.194575
0.505181 0.194328
0.505279 0.194081
0.505378 0.194081
0.505477 0.194081
0.505575 0.194081
0.505674 0.194081
0.505772 0.193835
0.505871 0.193588
0.505970 0.193342
0.506068 0.192848
0.506167 0.192848
0.506266 0.192848
0.506364 0.192848
0.506463 0.192848
0.506562 0.192602
0.506660 0.192602
0.506759 0.192355
0.506858 0.192109
0.506956 0.192109
0.507055 0.192109
0.507153 0.191862
0.507252 0.191862
0.507351 0.191369
0.507449 0.191369
0.507548 0.191122
0.507647 0.191122
0.507745 0.190875
0.507844 0.190875
0.507943 0.190875
0.508041 0.190875
0.508140 0.190875
0.508238 0.190875
0.508337 0.190875
0.508436 0.190629
0.508534 0.190629
0.508633 0.190629
0.508732 0.190629
0.508830 0.190629
0.508929 0.190382
0.509028 0.190382
0.509126 0.190382
0.509225 0.190382
0.509324 0.190136
0.509422 0.190136
0.509521 0.190136
0.509619 0.190136
0.509718 0.190136
0.509817 0.190136
0.509915 0.190136
0.510014 0.190136
0.510113 0.189889
0.510211 0.189642
0.510310 0.189642
0.510409 0.189642
0.510507 0.189642
0.510606 0.188903
0.510705 0.188903
0.510803 0.188903
0.510902 0.188903
0.511000 0.188903
0.511099 0.188903
0.511198 0.188903
0.511296 0.188903
0.511395 0.188903
0.511494 0.188903
0.511592 0.188903
0.511691 0.188903
0.511790 0.188903
0.511888 0.188903
0.511987 0.188903
0.512086 0.188656
0.512184 0.188656
0.512283 0.188656
0.512381 0.188656
0.512480 0.188409
0.512579 0.188409
0.512677 0.188409
0.512776 0.188409
0.512875 0.188409
0.512973 0.188409
0.513072 0.188163
0.513171 0.188163
0.513269 0.188163
0.513368 0.188163
0.513466 0.188163
0.513565 0.188163
0.513664 0.188163
0.513762 0.188163
0.513861 0.188163
0.513960 0.188163
0.514058 0.187916
0.514157 0.187670
0.514256 0.187670
0.514354 0.187670
0.514453 0.187670
0.514552 0.187423
0.514650 0.187423
0.514749 0.187176
0.514847 0.186930
0.514946 0.186930
0.515045 0.186930
0.515143 0.186930
0.515242 0.186930
0.515341 0.186930
0.515439 0.186930
0.515538 0.186683
0.515637 0.186683
0.515735 0.186683
0.515834 0.186683
0.515933 0.186683
0.516031 0.186683
0.516130 0.186683
0.516228 0.186683
0.516327 0.186683
0.516426 0.186683
0.516524 0.186436
0.516623 0.186190
0.516722 0.186190
0.516820 0.186190
0.516919 0.186190
0.517018 0.186190
0.517116 0.186190
0.517215 0.186190
0.517314 0.186190
0.517412 0.185943
0.517511 0.185943
0.517609 0.185943
0.517708 0.185943
0.517807 0.185943
0.517905 0.185943
0.518004 0.185943
0.518103 0.185943
0.518201 0.185943
0.518300 0.185943
0.518399 0.185943
0.518497 0.185943
0.518596 0.185943
0.518694 0.185943
0.518793 0.185697
0.518892 0.185450
0.518990 0.185450
0.519089 0.185203
0.519188 0.185203
0.519286 0.185203
0.519385 0.185203
0.519484 0.184957
0.519582 0.184957
0.519681 0.184957
0.519780 0.184957
0.519878 0.184957
0.519977 0.184710
0.520075 0.184710
0.520174 0.184464
0.520273 0.184464
0.520371 0.184464
0.520470 0.184217
0.520569 0.184217
0.520667 0.184217
0.520766 0.184217
0.520865 0.184217
0.520963 0.184217
0.521062 0.183970
0.521161 0.183970
0.521259 0.183724
0.521358 0.183477
0.521456 0.183477
0.521555 0.183231
0.521654 0.183231
0.521752 0.183231
0.521851 0.183231
0.521950 0.182984
0.522048 0.182984
0.522147 0.182737
0.522246 0.182737
0.522344 0.182737
0.522443 0.182737
0.522542 0.182737
0.522640 0.182737
0.522739 0.182737
0.522837 0.182737
0.522936 0.182737
0.523035 0.182737
0.523133 0.182491
0.523232 0.182491
0.523331 0.182491
0.523429 0.182491
0.523528 0.182491
0.523627 0.181998
0.523725 0.181998
0.523824 0.181998
0.523922 0.181998
0.524021 0.181998
0.524120 0.181998
0.524218 0.181998
0.524317 0.181998
0.524416 0.181998
0.524514 0.181998
0.524613 0.181998
0.524712 0.181998
0.524810 0.181998
0.524909 0.181998
0.525008 0.181998
0.525106 0.181998
0.525205 0.181998
0.525303 0.181751
0.525402 0.181751
0.525501 0.181751
0.525599 0.181751
0.525698 0.181751
0.525797 0.181751
0.525895 0.181504
0.525994 0.181504
0.526093 0.181504
0.526191 0.181504
0.526290 0.181504
0.526389 0.181504
0.526487 0.181504
0.526586 0.181258
0.526684 0.181258
0.526783 0.181258
0.526882 0.181011
0.526980 0.181011
0.527079 0.181011
0.527178 0.181011
0.527276 0.181011
0.527375 0.180764
0.527474 0.180764
0.527572 0.180764
0.527671 0.180764
0.527770 0.180764
0.527868 0.180764
0.527967 0.180518
0.528065 0.180518
0.528164 0.180518
0.528263 0.180271
0.528361 0.180271
0.528460 0.180271
0.528559 0.180271
0.528657 0.180271
0.528756 0.180271
0.528855 0.180271
0.528953 0.180271
0.529052 0.180271
0.529150 0.180271
0.529249 0.180025
0.529348 0.180025
0.529446 0.180025
0.529545 0.180025
0.529644 0.180025
0.529742 0.180025
0.529841 0.180025
0.529940 0.179778
0.530038 0.179778
0.530137 0.179778
0.530236 0.179778
0.530334 0.179778
0.530433 0.179778
0.530531 0.179778
0.530630 0.179778
0.530729 0.179778
0.530827 0.179778
0.530926 0.179778
0.531025 0.179778
0.531123 0.179778
0.531222 0.179778
0.531321 0.179778
0.531419 0.179778
0.531518 0.179778
0.531617 0.179778
0.531715 0.179778
0.531814 0.179778
0.531912 0.179778
0.532011 0.179778
0.532110 0.179778
0.532208 0.179778
0.532307 0.179531
0.532406 0.179531
0.532504 0.179531
0.532603 0.179531
0.532702 0.179531
0.532800 0.179285
0.532899 0.179285
0.532998 0.179285
0.533096 0.179285
0.533195 0.179038
0.533293 0.179038
0.533392 0.178792
0.533491 0.178792
0.533589 0.178792
0.533688 0.178792
0.533787 0.178792
0.533885 0.178545
0.533984 0.178545
0.534083 0.178545
0.534181 0.178545
0.534280 0.178545
0.534378 0.178545
0.534477 0.178545
0.534576 0.178545
0.534674 0.178545
0.534773 0.178545
0.534872 0.178545
0.534970 0.178298
0.535069 0.178298
0.535168 0.178298
0.535266 0.178298
0.535365 0.178298
0.535464 0.178298
0.535562 0.178298
0.535661 0.178298
0.535759 0.178052
0.535858 0.178052
0.535957 0.178052
0.536055 0.178052
0.536154 0.178052
0.536253 0.178052
0.536351 0.177805
0.536450 0.177805
0.536549 0.177805
0.536647 0.177805
0.536746 0.177805
0.536845 0.177805
0.536943 0.177805
0.537042 0.177805
0.537140 0.177805
0.537239 0.177805
0.537338 0.177805
0.537436 0.177805
0.537535 0.177805
0.537634 0.177805
0.537732 0.177805
0.537831 0.177805
0.537930 0.177805
0.538028 0.177805
0.538127 0.177559
0.538226 0.177559
0.538324 0.177312
0.538423 0.177312
0.538521 0.177312
0.538620 0.177065
0.538719 0.177065
0.538817 0.177065
0.538916 0.177065
0.539015 0.177065
0.539113 0.177065
0.539212 0.176819
0.539311 0.176819
0.539409 0.176819
0.539508 0.176819
0.539606 0.176572
0.539705 0.176572
0.539804 0.176079
0.539902 0.176079
0.540001 0.176079
0.540100 0.176079
0.540198 0.176079
0.540297 0.176079
0.540396 0.176079
0.540494 0.176079
0.540593 0.176079
0.540692 0.176079
0.540790 0.176079
0.540889 0.176079
0.540987 0.176079
0.541086 0.176079
0.541185 0.176079
0.541283 0.176079
0.541382 0.176079
0.541481 0.176079
0.541579 0.176079
0.541678 0.175832
0.541777 0.175832
0.541875 0.175832
0.541974 0.175832
0.542073 0.175832
0.542171 0.175832
0.542270 0.175586
0.542368 0.175586
0.542467 0.175586
0.542566 0.175586
0.542664 0.175586
0.542763 0.175586
0.542862 0.175586
0.542960 0.175586
0.543059 0.175586
0.543158 0.175586
0.543256 0.175339
0.543355 0.175092
0.543454 0.175092
0.543552 0.175092
0.543651 0.175092
0.543749 0.174846
0.543848 0.174846
0.543947 0.174846
0.544045 0.174599
0.544144 0.174106
0.544243 0.173859
0.544341 0.173859
0.544440 0.173859
0.544539 0.173859
0.544637 0.173859
0.544736 0.173859
0.544835 0.173613
0.544933 0.173366
0.545032 0.173366
0.545130 0.173120
0.545229 0.173120
0.545328 0.173120
0.545426 0.173120
0.545525 0.173120
0.545624 0.172873
0.545722 0.172873
0.545821 0.172873
0.545920 0.172873
0.546018 0.172626
0.546117 0.172626
0.546215 0.172380
0.546314 0.172133
0.546413 0.172133
0.546511 0.171887
0.546610 0.171640
0.546709 0.171640
0.546807 0.171393
0.546906 0.170900
0.547005 0.170900
0.547103 0.170160
0.547202 0.170160
0.547301 0.170160
0.547399 0.169914
0.547498 0.169914
0.547596 0.169667
0.547695 0.169420
0.547794 0.169420
0.547892 0.169174
0.547991 0.168927
0.548090 0.168927
0.548188 0.168927
0.548287 0.168927
0.548386 0.168927
0.548484 0.168927
0.548583 0.168927
0.548682 0.168681
0.548780 0.168434
0.548879 0.168434
0.548977 0.168434
0.549076 0.168434
0.549175 0.168434
0.549273 0.168434
0.549372 0.168434
0.549471 0.168434
0.549569 0.168187
0.549668 0.168187
0.549767 0.168187
0.549865 0.168187
0.549964 0.167941
0.550063 0.167941
0.550161 0.167694
0.550260 0.167694
0.550358 0.167694
0.550457 0.167694
0.550556 0.167694
0.550654 0.167694
0.550753 0.167694
0.550852 0.167694
0.550950 0.167694
0.551049 0.167694
0.551148 0.167201
0.551246 0.167201
0.551345 0.167201
0.551443 0.167201
0.551542 0.167201
0.551641 0.167201
0.551739 0.167201
0.551838 0.167201
0.551937 0.167201
0.552035 0.167201
0.552134 0.167201
0.552233 0.167201
0.552331 0.167201
0.552430 0.167201
0.552529 0.167201
0.552627 0.167201
0.552726 0.167201
0.552824 0.166954
0.552923 0.166708
0.553022 0.166461
0.553120 0.166461
0.553219 0.166461
0.553318 0.166461
0.553416 0.166461
0.553515 0.166461
0.553614 0.166215
0.553712 0.166215
0.553811 0.165968
0.553910 0.165968
0.554008 0.165968
0.554107 0.165968
0.554205 0.165968
0.554304 0.165968
0.554403 0.165968
0.554501 0.165968
0.554600 0.165968
0.554699 0.165968
0.554797 0.165968
0.554896 0.165968
0.554995 0.165968
0.555093 0.165968
0.555192 0.165968
0.555291 0.165968
0.555389 0.165968
0.555488 0.165968
0.555586 0.165968
0.555685 0.165968
0.555784 0.165968
0.555882 0.165721
0.555981 0.165721
0.556080 0.165475
0.556178 0.165475
0.556277 0.165228
0.556376 0.165228
0.556474 0.165228
0.556573 0.165228
0.556671 0.165228
0.556770 0.164982
0.556869 0.164982
0.556967 0.164735
0.557066 0.164735
0.557165 0.164735
0.557263 0.164735
0.557362 0.164735
0.557461 0.164735
0.557559 0.164735
0.557658 0.164735
0.557757 0.164735
0.557855 0.164735
0.557954 0.164488
0.558052 0.164488
0.558151 0.164488
0.558250 0.164488
0.558348 0.164488
0.558447 0.164242
0.558546 0.164242
0.558644 0.164242
0.558743 0.164242
0.558842 0.164242
0.558940 0.164242
0.559039 0.164242
0.559138 0.163995
0.559236 0.163995
0.559335 0.163995
0.559433 0.163995
0.559532 0.163995
0.559631 0.163995
0.559729 0.163995
0.559828 0.163995
0.559927 0.163748
0.560025 0.163748
0.560124 0.163748
0.560223 0.163748
0.560321 0.163748
0.560420 0.163748
0.560519 0.163748
0.560617 0.163502
0.560716 0.163255
0.560814 0.163255
0.560913 0.163255
0.561012 0.163009
0.561110 0.163009
0.561209 0.163009
0.561308 0.163009
0.561406 0.163009
0.561505 0.163009
0.561604 0.163009
0.561702 0.163009
0.561801 0.163009
0.561899 0.163009
0.561998 0.163009
0.562097 0.163009
0.562195 0.163009
0.562294 0.163009
0.562393 0.163009
0.562491 0.162762
0.562590 0.162762
0.562689 0.162762
0.562787 0.162762
0.562886 0.162762
0.562985 0.162515
0.563083 0.162022
0.563182 0.162022
0.563280 0.162022
0.563379 0.162022
0.563478 0.161776
0.563576 0.161776
0.563675 0.161776
0.563774 0.161529
0.563872 0.161529
0.563971 0.161529
0.564070 0.161282
0.564168 0.161282
0.564267 0.161282
0.564366 0.161282
0.564464 0.161282
0.564563 0.161282
0.564661 0.161282
0.564760 0.161282
0.564859 0.161282
0.564957 0.161036
0.565056 0.161036
0.565155 0.161036
0.565253 0.161036
0.565352 0.161036
0.565451 0.161036
0.565549 0.161036
0.565648 0.161036
0.565747 0.161036
0.565845 0.160789
0.565944 0.160789
0.566042 0.160543
0.566141 0.160543
0.566240 0.160543
0.566338 0.160543
0.566437 0.160543
0.566536 0.160543
0.566634 0.160543
0.566733 0.160543
0.566832 0.160543
0.566930 0.160543
0.567029 0.160543
0.567127 0.160543
0.567226 0.160296
0.567325 0.160296
0.567423 0.160296
0.567522 0.160296
0.567621 0.160296
0.567719 0.160296
0.567818 0.160296
0.567917 0.160296
0.568015 0.160296
0.568114 0.160296
0.568213 0.160296
0.568311 0.159803
0.568410 0.159803
0.568508 0.159803
0.568607 0.159556
0.568706 0.159556
0.568804 0.159556
0.568903 0.159556
0.569002 0.159556
0.569100 0.159556
0.569199 0.159556
0.569298 0.159556
0.569396 0.159309
0.569495 0.159309
0.569594 0.159309
0.569692 0.159063
0.569791 0.159063
0.569889 0.159063
0.569988 0.158570
0.570087 0.158323
0.570185 0.158323
0.570284 0.158076
0.570383 0.158076
0.570481 0.157830
0.570580 0.157830
0.570679 0.157830
0.570777 0.157830
0.570876 0.157583
0.570975 0.157583
0.571073 0.157583
0.571172 0.157583
0.571270 0.157583
0.571369 0.157583
0.571468 0.157583
0.571566 0.157583
0.571665 0.157583
0.571764 0.157583
0.571862 0.157583
0.571961 0.157583
0.572060 0.157583
0.572158 0.157583
0.572257 0.157583
0.572355 0.157583
0.572454 0.157337
0.572553 0.157337
0.572651 0.157337
0.572750 0.157337
0.572849 0.157090
0.572947 0.157090
0.573046 0.157090
0.573145 0.156843
0.573243 0.156843
0.573342 0.156597
0.573441 0.156597
0.573539 0.156597
0.573638 0.156104
0.573736 0.156104
0.573835 0.156104
0.573934 0.155857
0.574032 0.155857
0.574131 0.155857
0.574230 0.155857
0.574328 0.155857
0.574427 0.155857
0.574526 0.155857
0.574624 0.155610
0.574723 0.155610
0.574822 0.155610
0.574920 0.155610
0.575019 0.155610
0.575117 0.155610
0.575216 0.155610
0.575315 0.155610
0.575413 0.155610
0.575512 0.155610
0.575611 0.155610
0.575709 0.155610
0.575808 0.155610
0.575907 0.155364
0.576005 0.155117
0.576104 0.155117
0.576203 0.155117
0.576301 0.154871
0.576400 0.154871
0.576498 0.154624
0.576597 0.154377
0.576696 0.154377
0.576794 0.154377
0.576893 0.153884
0.576992 0.153884
0.577090 0.153884
0.577189 0.153884
0.577288 0.153884
0.577386 0.153637
0.577485 0.153637
0.577583 0.153637
0.577682 0.153637
0.577781 0.153637
0.577879 0.153637
0.577978 0.153391
0.578077 0.153391
0.578175 0.153391
0.578274 0.153391
0.578373 0.153391
0.578471 0.153144
0.578570 0.153144
0.578669 0.153144
0.578767 0.153144
0.578866 0.153144
0.578964 0.153144
0.579063 0.153144
0.579162 0.153144
0.579260 0.153144
0.579359 0.153144
0.579458 0.153144
0.579556 0.153144
0.579655 0.153144
0.579754 0.152898
0.579852 0.152898
0.579951 0.152898
0.580050 0.152898
0.580148 0.152651
0.580247 0.152651
0.580345 0.152404
0.580444 0.152404
0.580543 0.152404
0.580641 0.152404
0.580740 0.152404
0.580839 0.152158
0.580937 0.152158
0.581036 0.152158
0.581135 0.152158
0.581233 0.152158
0.581332 0.151911
0.581431 0.151911
0.581529 0.151911
0.581628 0.151911
0.581726 0.151911
0.581825 0.151911
0.581924 0.151911
0.582022 0.151911
0.582121 0.151665
0.582220 0.151665
0.582318 0.151418
0.582417 0.151418
0.582516 0.151418
0.582614 0.151418
0.582713 0.151418
0.582811 0.151418
0.582910 0.151418
0.583009 0.151418
0.583107 0.151171
0.583206 0.150925
0.583305 0.150925
0.583403 0.150925
0.583502 0.150925
0.583601 0.150925
0.583699 0.150925
0.583798 0.150925
0.583897 0.150925
0.583995 0.150678
0.584094 0.150432
0.584192 0.150432
0.584291 0.150432
0.584390 0.150432
0.584488 0.150432
0.584587 0.150432
0.584686 0.150432
0.584784 0.150432
0.584883 0.150432
0.584982 0.150432
0.585080 0.150185
0.585179 0.150185
0.585278 0.150185
0.585376 0.150185
0.585475 0.150185
0.585573 0.150185
0.585672 0.150185
0.585771 0.150185
0.585869 0.150185
0.585968 0.150185
0.586067 0.150185
0.586165 0.150185
0.586264 0.150185
0.586363 0.150185
0.586461 0.150185
0.586560 0.150185
0.586659 0.150185
0.586757 0.149938
0.586856 0.149938
0.586954 0.149445
0.587053 0.149199
0.587152 0.149199
0.587250 0.149199
0.587349 0.148952
0.587448 0.148952
0.587546 0.148952
0.587645 0.148952
0.587744 0.148952
0.587842 0.148952
0.587941 0.148952
0.588039 0.148952
0.588138 0.148952
0.588237 0.148952
0.588335 0.148705
0.588434 0.148705
0.588533 0.148705
0.588631 0.148212
0.588730 0.148212
0.588829 0.148212
0.588927 0.148212
0.589026 0.148212
0.589125 0.148212
0.589223 0.148212
0.589322 0.147965
0.589420 0.147965
0.589519 0.147965
0.589618 0.147965
0.589716 0.147965
0.589815 0.147719
0.589914 0.147719
0.590012 0.147719
0.590111 0.147472
0.590210 0.147472
0.590308 0.147472
0.590407 0.147472
0.590506 0.147472
0.590604 0.147472
0.590703 0.147472
0.590801 0.147472
0.590900 0.147472
0.590999 0.147472
0.591097 0.147226
0.591196 0.147226
0.591295 0.147226
0.591393 0.147226
0.591492 0.147226
0.591591 0.147226
0.591689 0.147226
0.591788 0.147226
0.591887 0.147226
0.591985 0.147226
0.592084 0.147226
0.592182 0.147226
0.592281 0.147226
0.592380 0.147226
0.592478 0.147226
0.592577 0.147226
0.592676 0.147226
0.592774 0.147226
0.592873 0.147226
0.592972 0.146979
0.593070 0.146979
0.593169 0.146732
0.593267 0.146486
0.593366 0.146486
0.593465 0.146486
0.593563 0.146486
0.593662 0.146486
0.593761 0.146486
0.593859 0.146239
0.593958 0.145993
0.594057 0.145746
0.594155 0.145746
0.594254 0.145746
0.594353 0.145746
0.594451 0.145746
0.594550 0.145746
0.594648 0.145746
0.594747 0.145746
0.594846 0.145499
0.594944 0.145499
0.595043 0.145499
0.595142 0.145253
0.595240 0.145253
0.595339 0.145253
0.595438 0.145006
0.595536 0.145006
0.595635 0.145006
0.595734 0.145006
0.595832 0.145006
0.595931 0.145006
0.596029 0.145006
0.596128 0.145006
0.596227 0.144760
0.596325 0.144760
0.596424 0.144760
0.596523 0.144760
0.596621 0.144760
0.596720 0.144760
0.596819 0.144760
0.596917 0.144760
0.597016 0.144760
0.597115 0.144760
0.597213 0.144760
0.597312 0.144760
0.597410 0.144760
0.597509 0.144513
0.597608 0.144513
0.597706 0.144513
0.597805 0.144513
0.597904 0.144513
0.598002 0.144266
0.598101 0.144266
0.598200 0.144266
0.598298 0.144266
0.598397 0.144266
0.598495 0.144020
0.598594 0.143773
0.598693 0.143773
0.598791 0.143773
0.598890 0.143773
0.598989 0.143773
0.599087 0.143773
0.599186 0.143773
0.599285 0.143773
0.599383 0.143773
0.599482 0.143527
0.599581 0.143033
0.599679 0.143033
0.599778 0.143033
0.599876 0.143033
0.599975 0.142540
0.600074 0.142047
0.600172 0.142047
0.600271 0.142047
0.600370 0.142047
0.600468 0.142047
0.600567 0.142047
0.600666 0.141800
0.600764 0.141800
0.600863 0.141554
0.600962 0.141554
0.601060 0.141307
0.601159 0.141060
0.601257 0.140814
0.601356 0.140814
0.601455 0.140567
0.601553 0.140567
0.601652 0.140567
0.601751 0.140567
0.601849 0.140567
0.601948 0.140567
0.602047 0.140567
0.602145 0.140567
0.602244 0.140567
0.602343 0.140321
0.602441 0.140321
0.602540 0.140321
0.602638 0.140321
0.602737 0.140321
0.602836 0.140321
0.602934 0.140321
0.603033 0.140074
0.603132 0.140074
0.603230 0.140074
0.603329 0.139827
0.603428 0.139827
0.603526 0.139827
0.603625 0.139827
0.603723 0.139827
0.603822 0.139827
0.603921 0.139827
0.604019 0.139581
0.604118 0.139581
0.604217 0.139581
0.604315 0.139581
0.604414 0.139581
0.604513 0.139581
0.604611 0.139088
0.604710 0.139088
0.604809 0.139088
0.604907 0.139088
0.605006 0.139088
0.605104 0.139088
0.605203 0.139088
0.605302 0.138594
0.605400 0.138594
0.605499 0.138348
0.605598 0.138348
0.605696 0.138348
0.605795 0.138348
0.605894 0.138348
0.605992 0.138348
0.606091 0.138348
0.606190 0.138348
0.606288 0.138348
0.606387 0.138348
0.606485 0.138101
0.606584 0.138101
0.606683 0.137855
0.606781 0.137855
0.606880 0.137855
0.606979 0.137855
0.607077 0.137855
0.607176 0.137855
0.607275 0.137608
0.607373 0.137608
0.607472 0.137608
0.607571 0.137608
0.607669 0.137608
0.607768 0.137608
0.607866 0.137608
0.607965 0.137361
0.608064 0.137361
0.608162 0.137361
0.608261 0.137361
0.608360 0.137361
0.608458 0.137361
0.608557 0.137361
0.608656 0.137361
0.608754 0.137361
0.608853 0.137361
0.608951 0.137361
0.609050 0.137361
0.609149 0.137361
0.609247 0.137361
0.609346 0.137361
0.609445 0.137361
0.609543 0.137361
0.609642 0.137361
0.609741 0.137115
0.609839 0.137115
0.609938 0.136868
0.610037 0.136868
0.610135 0.136621
0.610234 0.136375
0.610332 0.136375
0.610431 0.136375
0.610530 0.136128
0.610628 0.136128
0.610727 0.136128
0.610826 0.135882
0.610924 0.135388
0.611023 0.135388
0.611122 0.135388
0.611220 0.135388
0.611319 0.135142
0.611418 0.135142
0.611516 0.135142
0.611615 0.135142
0.611713 0.135142
0.611812 0.134649
0.611911 0.134649
0.612009 0.134649
0.612108 0.134649
0.612207 0.134649
0.612305 0.134649
0.612404 0.134649
0.612503 0.134649
0.612601 0.134649
0.612700 0.134649
0.612799 0.134649
0.612897 0.134649
0.612996 0.134402
0.613094 0.134402
0.613193 0.134155
0.613292 0.134155
0.613390 0.134155
0.613489 0.134155
0.613588 0.134155
0.613686 0.134155
0.613785 0.134155
0.613884 0.134155
0.613982 0.134155
0.614081 0.134155
0.614180 0.134155
0.614278 0.134155
0.614377 0.134155
0.614475 0.134155
0.614574 0.134155
0.614673 0.134155
0.614771 0.134155
0.614870 0.134155
0.614969 0.134155
0.615067 0.134155
0.615166 0.134155
0.615265 0.134155
0.615363 0.134155
0.615462 0.134155
0.615560 0.134155
0.615659 0.134155
0.615758 0.134155
0.615856 0.134155
0.615955 0.134155
0.616054 0.133909
0.616152 0.133662
0.616251 0.133662
0.616350 0.133662
0.616448 0.133662
0.616547 0.133662
0.616646 0.133662
0.616744 0.133662
0.616843 0.133662
0.616941 0.133662
0.617040 0.133416
0.617139 0.133416
0.617237 0.133416
0.617336 0.133416
0.617435 0.133169
0.617533 0.133169
0.617632 0.133169
0.617731 0.133169
0.617829 0.133169
0.617928 0.133169
0.618027 0.133169
0.618125 0.133169
0.618224 0.133169
0.618322 0.132922
0.618421 0.132922
0.618520 0.132922
0.618618 0.132922
0.618717 0.132922
0.618816 0.132922
0.618914 0.132922
0.619013 0.132922
0.619112 0.132676
0.619210 0.132429
0.619309 0.132182
0.619408 0.132182
0.619506 0.132182
0.619605 0.132182
0.619703 0.132182
0.619802 0.132182
0.619901 0.131936
0.619999 0.131936
0.620098 0.131936
0.620197 0.131936
0.620295 0.131689
0.620394 0.131689
0.620493 0.131689
0.620591 0.131689
0.620690 0.131689
0.620788 0.131689
0.620887 0.131689
0.620986 0.131689
0.621084 0.131689
0.621183 0.131443
0.621282 0.131443
0.621380 0.131196
0.621479 0.131196
0.621578 0.130949
0.621676 0.130949
0.621775 0.130949
0.621874 0.130949
0.621972 0.130949
0.622071 0.130949
0.622169 0.130949
0.622268 0.130949
0.622367 0.130949
0.622465 0.130949
0.622564 0.130949
0.622663 0.130949
0.622761 0.130949
0.622860 0.130949
0.622959 0.130949
0.623057 0.130949
0.623156 0.130949
0.623255 0.130703
0.623353 0.130703
0.623452 0.130703
0.623550 0.130703
0.623649 0.130456
0.623748 0.130456
0.623846 0.130456
0.623945 0.130456
0.624044 0.130456
0.624142 0.130456
0.624241 0.130456
0.624340 0.130456
0.624438 0.130456
0.624537 0.130456
0.624636 0.130456
0.624734 0.130456
0.624833 0.130456
0.624931 0.130456
0.625030 0.130456
0.625129 0.130456
0.625227 0.130456
0.625326 0.130456
0.625425 0.130456
0.625523 0.130456
0.625622 0.129963
0.625721 0.129963
0.625819 0.129963
0.625918 0.129963
0.626016 0.129716
0.626115 0.129716
0.626214 0.129716
0.626312 0.129716
0.626411 0.129716
0.626510 0.129716
0.626608 0.129716
0.626707 0.129716
0.626806 0.129716
0.626904 0.129716
0.627003 0.129716
0.627102 0.129716
0.627200 0.129716
0.627299 0.129716
0.627397 0.129716
0.627496 0.129716
0.627595 0.129716
0.627693 0.129470
0.627792 0.129470
0.627891 0.129470
0.627989 0.129470
0.628088 0.129470
0.628187 0.129470
0.628285 0.129470
0.628384 0.129223
0.628483 0.128977
0.628581 0.128977
0.628680 0.128977
0.628778 0.128977
0.628877 0.128977
0.628976 0.128977
0.629074 0.128730
0.629173 0.128730
0.629272 0.128730
0.629370 0.128730
0.629469 0.128730
0.629568 0.128730
0.629666 0.128730
0.629765 0.128730
0.629864 0.128483
0.629962 0.128483
0.630061 0.128483
0.630159 0.128483
0.630258 0.128483
0.630357 0.128483
0.630455 0.128483
0.630554 0.128483
0.630653 0.128483
0.630751 0.128483
0.630850 0.128483
0.630949 0.128483
0.631047 0.128237
0.631146 0.128237
0.631244 0.128237
0.631343 0.128237
0.631442 0.127990
0.631540 0.127744
0.631639 0.127744
0.631738 0.127744
0.631836 0.127744
0.631935 0.127744
0.632034 0.127744
0.632132 0.127744
0.632231 0.127497
0.632330 0.127497
0.632428 0.127497
0.632527 0.127497
0.632625 0.127250
0.632724 0.127250
0.632823 0.127004
0.632921 0.127004
0.633020 0.126757
0.633119 0.126757
0.633217 0.126757
0.633316 0.126757
0.633415 0.126757
0.633513 0.126757
0.633612 0.126757
0.633711 0.126757
0.633809 0.126757
0.633908 0.126757
0.634006 0.126757
0.634105 0.126757
0.634204 0.126757
0.634302 0.126510
0.634401 0.126510
0.634500 0.126510
0.634598 0.126510
0.634697 0.126510
0.634796 0.126510
0.634894 0.126510
0.634993 0.126510
0.635092 0.126510
0.635190 0.126510
0.635289 0.126510
0.635387 0.126510
0.635486 0.126510
0.635585 0.126510
0.635683 0.126510
0.635782 0.126510
0.635881 0.126510
0.635979 0.126510
0.636078 0.126510
0.636177 0.126510
0.636275 0.126510
0.636374 0.126510
0.636472 0.126510
0.636571 0.126264
0.636670 0.126264
0.636768 0.126264
0.636867 0.126264
0.636966 0.126017
0.637064 0.126017
0.637163 0.126017
0.637262 0.126017
0.637360 0.126017
0.637459 0.126017
0.637558 0.126017
0.637656 0.126017
0.637755 0.126017
0.637853 0.125771
0.637952 0.125771
0.638051 0.125771
0.638149 0.125771
0.638248 0.125771
0.638347 0.125524
0.638445 0.125524
0.638544 0.125524
0.638643 0.125524
0.638741 0.125524
0.638840 0.125524
0.638939 0.125524
0.639037 0.125524
0.639136 0.125524
0.639234 0.125277
0.639333 0.125031
0.639432 0.125031
0.639530 0.125031
0.639629 0.125031
0.639728 0.125031
0.639826 0.125031
0.639925 0.124784
0.640024 0.124538
0.640122 0.124538
0.640221 0.124291
0.640320 0.124044
0.640418 0.124044
0.640517 0.124044
0.640615 0.124044
0.640714 0.124044
0.640813 0.124044
0.640911 0.124044
0.641010 0.124044
0.641109 0.124044
0.641207 0.124044
0.641306 0.124044
0.641405 0.124044
0.641503 0.124044
0.641602 0.124044
0.641700 0.124044
0.641799 0.124044
0.641898 0.124044
0.641996 0.123551
0.642095 0.123551
0.642194 0.123551
0.642292 0.123551
0.642391 0.123551
0.642490 0.123305
0.642588 0.123305
0.642687 0.123305
0.642786 0.123305
0.642884 0.123305
0.642983 0.123058
0.643081 0.123058
0.643180 0.123058
0.643279 0.123058
0.643377 0.123058
0.643476 0.123058
0.643575 0.123058
0.643673 0.123058
0.643772 0.122811
0.643871 0.122811
0.643969 0.122811
0.644068 0.122811
0.644167 0.122811
0.644265 0.122811
0.644364 0.122811
0.644462 0.122811
0.644561 0.122565
0.644660 0.122565
0.644758 0.122318
0.644857 0.122318
0.644956 0.122318
0.645054 0.122318
0.645153 0.122318
0.645252 0.122072
0.645350 0.122072
0.645449 0.122072
0.645548 0.122072
0.645646 0.122072
0.645745 0.122072
0.645843 0.122072
0.645942 0.122072
0.646041 0.122072
0.646139 0.122072
0.646238 0.122072
0.646337 0.122072
0.646435 0.122072
0.646534 0.122072
0.646633 0.122072
0.646731 0.122072
0.646830 0.121578
0.646928 0.121578
0.647027 0.121578
0.647126 0.121085
0.647224 0.121085
0.647323 0.121085
0.647422 0.120838
0.647520 0.120592
0.647619 0.120592
0.647718 0.120592
0.647816 0.120592
0.647915 0.120592
0.648014 0.120592
0.648112 0.120592
0.648211 0.120592
0.648309 0.120592
0.648408 0.120099
0.648507 0.119852
0.648605 0.119852
0.648704 0.119852
0.648803 0.119852
0.648901 0.119852
0.649000 0.119359
0.649099 0.119359
0.649197 0.119359
0.649296 0.119112
0.649395 0.119112
0.649493 0.119112
0.649592 0.119112
0.649690 0.119112
0.649789 0.119112
0.649888 0.119112
0.649986 0.119112
0.650085 0.119112
0.650184 0.119112
0.650282 0.119112
0.650381 0.118866
0.650480 0.118619
0.650578 0.118372
0.650677 0.118372
0.650776 0.118126
0.650874 0.117879
0.650973 0.117879
0.651071 0.117879
0.651170 0.117879
0.651269 0.117879
0.651367 0.117879
0.651466 0.117879
0.651565 0.117879
0.651663 0.117633
0.651762 0.117386
0.651861 0.117139
0.651959 0.117139
0.652058 0.117139
0.652156 0.117139
0.652255 0.117139
0.652354 0.117139
0.652452 0.117139
0.652551 0.117139
0.652650 0.116893
0.652748 0.116893
0.652847 0.116893
0.652946 0.116893
0.653044 0.116893
0.653143 0.116893
0.653242 0.116893
0.653340 0.116893
0.653439 0.116893
0.653537 0.116646
0.653636 0.116646
0.653735 0.116400
0.653833 0.116153
0.653932 0.116153
0.654031 0.116153
0.654129 0.116153
0.654228 0.116153
0.654327 0.115906
0.654425 0.115906
0.654524 0.115906
0.654623 0.115660
0.654721 0.115660
0.654820 0.115660
0.654918 0.115660
0.655017 0.115413
0.655116 0.115413
0.655214 0.115413
0.655313 0.114920
0.655412 0.114920
0.655510 0.114920
0.655609 0.114920
0.655708 0.114920
0.655806 0.114920
0.655905 0.114920
0.656004 0.114920
0.656102 0.114920
0.656201 0.114920
0.656299 0.114920
0.656398 0.114920
0.656497 0.114920
0.656595 0.114920
0.656694 0.114920
0.656793 0.114920
0.656891 0.114920
0.656990 0.114920
0.657089 0.114920
0.657187 0.114920
0.657286 0.114920
0.657384 0.114920
0.657483 0.114920
0.657582 0.114920
0.657680 0.114920
0.657779 0.114920
0.657878 0.114920
0.657976 0.114920
0.658075 0.114920
0.658174 0.114920
0.658272 0.114920
0.658371 0.114920
0.658470 0.114920
0.658568 0.114920
0.658667 0.114920
0.658765 0.114920
0.658864 0.114920
0.658963 0.114920
0.659061 0.114920
0.659160 0.114920
0.659259 0.114673
0.659357 0.114673
0.659456 0.114673
0.659555 0.114427
0.659653 0.114427
0.659752 0.114427
0.659851 0.114427
0.659949 0.114427
0.660048 0.114427
0.660146 0.114427
0.660245 0.114427
0.660344 0.114427
0.660442 0.114427
0.660541 0.114427
0.660640 0.114427
0.660738 0.114427
0.660837 0.114427
0.660936 0.114427
0.661034 0.114180
0.661133 0.114180
0.661232 0.113933
0.661330 0.113933
0.661429 0.113687
0.661527 0.113687
0.661626 0.113687
0.661725 0.113687
0.661823 0.113687
0.661922 0.113440
0.662021 0.113440
0.662119 0.113440
0.662218 0.113440
0.662317 0.113440
0.662415 0.113440
0.662514 0.113440
0.662612 0.113440
0.662711 0.113440
0.662810 0.113440
0.662908 0.113440
0.663007 0.113440
0.663106 0.113440
0.663204 0.113440
0.663303 0.113440
0.663402 0.113440
0.663500 0.113194
0.663599 0.113194
0.663698 0.112947
0.663796 0.112947
0.663895 0.112947
0.663993 0.112947
0.664092 0.112947
0.664191 0.112947
0.664289 0.112947
0.664388 0.112947
0.664487 0.112947
0.664585 0.112947
0.664684 0.112700
0.664783 0.112700
0.664881 0.112700
0.664980 0.112454
0.665079 0.112454
0.665177 0.112454
0.665276 0.112454
0.665374 0.112454
0.665473 0.112207
0.665572 0.112207
0.665670 0.112207
0.665769 0.112207
0.665868 0.112207
0.665966 0.112207
0.666065 0.111714
0.666164 0.111714
0.666262 0.111714
0.666361 0.111714
0.666460 0.111714
0.666558 0.111221
0.666657 0.110974
0.666755 0.110974
0.666854 0.110974
0.666953 0.110727
0.667051 0.110727
0.667150 0.110727
0.667249 0.110727
0.667347 0.110727
0.667446 0.110727
0.667545 0.110727
0.667643 0.110481
0.667742 0.110481
0.667840 0.110481
0.667939 0.110481
0.668038 0.110481
0.668136 0.110481
0.668235 0.110481
0.668334 0.110481
0.668432 0.110481
0.668531 0.110481
0.668630 0.110481
0.668728 0.110481
0.668827 0.110481
0.668926 0.110481
0.669024 0.110481
0.669123 0.110481
0.669221 0.110481
0.669320 0.110481
0.669419 0.110481
0.669517 0.110481
0.669616 0.110481
0.669715 0.110481
0.669813 0.109741
0.669912 0.109741
0.670011 0.109494
0.670109 0.109494
0.670208 0.109494
0.670307 0.109494
0.670405 0.109494
0.670504 0.109494
0.670602 0.109494
0.670701 0.109494
0.670800 0.109494
0.670898 0.109494
0.670997 0.109248
0.671096 0.109248
0.671194 0.109248
0.671293 0.109248
0.671392 0.109248
0.671490 0.109248
0.671589 0.109248
0.671688 0.109248
0.671786 0.109248
0.671885 0.109248
0.671983 0.109001
0.672082 0.109001
0.672181 0.109001
0.672279 0.109001
0.672378 0.109001
0.672477 0.109001
0.672575 0.109001
0.672674 0.109001
0.672773 0.109001
0.672871 0.109001
0.672970 0.109001
0.673068 0.109001
0.673167 0.109001
0.673266 0.109001
0.673364 0.109001
0.673463 0.109001
0.673562 0.109001
0.673660 0.108755
0.673759 0.108508
0.673858 0.108508
0.673956 0.108261
0.674055 0.108015
0.674154 0.108015
0.674252 0.108015
0.674351 0.108015
0.674449 0.108015
0.674548 0.108015
0.674647 0.108015
0.674745 0.108015
0.674844 0.107768
0.674943 0.107768
0.675041 0.107768
0.675140 0.107768
0.675239 0.107768
0.675337 0.107522
0.675436 0.107522
0.675535 0.107522
0.675633 0.107522
0.675732 0.107522
0.675830 0.107522
0.675929 0.107522
0.676028 0.107522
0.676126 0.107522
0.676225 0.107522
0.676324 0.107522
0.676422 0.107522
0.676521 0.107522
0.676620 0.107275
0.676718 0.107275
0.676817 0.107028
0.676916 0.107028
0.677014 0.107028
0.677113 0.107028
0.677211 0.107028
0.677310 0.107028
0.677409 0.107028
0.677507 0.107028
0.677606 0.107028
0.677705 0.106782
0.677803 0.106782
0.677902 0.106782
0.678001 0.106782
0.678099 0.106782
0.678198 0.106782
0.678296 0.106535
0.678395 0.106535
0.678494 0.106535
0.678592 0.106535
0.678691 0.106289
0.678790 0.106289
0.678888 0.106289
0.678987 0.106289
0.679086 0.106289
0.679184 0.106289
0.679283 0.106289
0.679382 0.106289
0.679480 0.106289
0.679579 0.106289
0.679677 0.106289
0.679776 0.106289
0.679875 0.106289
0.679973 0.106289
0.680072 0.106289
0.680171 0.106289
0.680269 0.106289
0.680368 0.106289
0.680467 0.106289
0.680565 0.106289
0.680664 0.106289
0.680763 0.106289
0.680861 0.106289
0.680960 0.106289
0.681058 0.106289
0.681157 0.106289
0.681256 0.106289
0.681354 0.106289
0.681453 0.106289
0.681552 0.106289
0.681650 0.106289
0.681749 0.106289
0.681848 0.106289
0.681946 0.106289
0.682045 0.106289
0.682144 0.106289
0.682242 0.106289
0.682341 0.106289
0.682439 0.106289
0.682538 0.106042
0.682637 0.106042
0.682735 0.106042
0.682834 0.106042
0.682933 0.106042
0.683031 0.106042
0.683130 0.106042
0.683229 0.106042
0.683327 0.106042
0.683426 0.106042
0.683525 0.106042
0.683623 0.106042
0.683722 0.106042
0.683820 0.106042
0.683919 0.105795
0.684018 0.105795
0.684116 0.105302
0.684215 0.105302
0.684314 0.104809
0.684412 0.104809
0.684511 0.104809
0.684610 0.104809
0.684708 0.104809
0.684807 0.104809
0.684905 0.104809
0.685004 0.104809
0.685103 0.104809
0.685201 0.104562
0.685300 0.104562
0.685399 0.104562
0.685497 0.104562
0.685596 0.104562
0.685695 0.104562
0.685793 0.104562
0.685892 0.104316
0.685991 0.104316
0.686089 0.104316
0.686188 0.104316
0.686286 0.104316
0.686385 0.104316
0.686484 0.104316
0.686582 0.104316
0.686681 0.104316
0.686780 0.104316
0.686878 0.104316
0.686977 0.103822
0.687076 0.103822
0.687174 0.103822
0.687273 0.103822
0.687372 0.103576
0.687470 0.103576
0.687569 0.103576
0.687667 0.103329
0.687766 0.103329
0.687865 0.103329
0.687963 0.103083
0.688062 0.103083
0.688161 0.103083
0.688259 0.102836
0.688358 0.102836
0.688457 0.102836
0.688555 0.102836
0.688654 0.102836
0.688753 0.102836
0.688851 0.102836
0.688950 0.102836
0.689048 0.102589
0.689147 0.102589
0.689246 0.102589
0.689344 0.102589
0.689443 0.102589
0.689542 0.102589
0.689640 0.102589
0.689739 0.102589
0.689838 0.102589
0.689936 0.102589
0.690035 0.102589
0.690133 0.102589
0.690232 0.102343
0.690331 0.102343
0.690429 0.102096
0.690528 0.102096
0.690627 0.101850
0.690725 0.101850
0.690824 0.101356
0.690923 0.101356
0.691021 0.101110
0.691120 0.101110
0.691219 0.101110
0.691317 0.101110
0.691416 0.101110
0.691514 0.101110
0.691613 0.101110
0.691712 0.100863
0.691810 0.100863
0.691909 0.100863
0.692008 0.100863
0.692106 0.100863
0.692205 0.100863
0.692304 0.100863
0.692402 0.100863
0.692501 0.100863
0.692600 0.100863
0.692698 0.100863
0.692797 0.100863
0.692895 0.100863
0.692994 0.100863
0.693093 0.100863
0.693191 0.100863
0.693290 0.100863
0.693389 0.100863
0.693487 0.100370
0.693586 0.100370
0.693685 0.100370
0.693783 0.099877
0.693882 0.099877
0.693981 0.099877
0.694079 0.099877
0.694178 0.099383
0.694276 0.099383
0.694375 0.099383
0.694474 0.099383
0.694572 0.099383
0.694671 0.099383
0.694770 0.099383
0.694868 0.099383
0.694967 0.099383
0.695066 0.099383
0.695164 0.099383
0.695263 0.099383
0.695361 0.099383
0.695460 0.099383
0.695559 0.098890
0.695657 0.098890
0.695756 0.098644
0.695855 0.098644
0.695953 0.098644
0.696052 0.098644
0.696151 0.098644
0.696249 0.098644
0.696348 0.098644
0.696447 0.098644
0.696545 0.098644
0.696644 0.098644
0.696742 0.098397
0.696841 0.098397
0.696940 0.098397
0.697038 0.098150
0.697137 0.098150
0.697236 0.098150
0.697334 0.098150
0.697433 0.098150
0.697532 0.098150
0.697630 0.098150
0.697729 0.097904
0.697828 0.097904
0.697926 0.097904
0.698025 0.097904
0.698123 0.097904
0.698222 0.097904
0.698321 0.097904
0.698419 0.097904
0.698518 0.097657
0.698617 0.097657
0.698715 0.097411
0.698814 0.097411
0.698913 0.097411
0.699011 0.097411
0.699110 0.096917
0.699209 0.096917
0.699307 0.096917
0.699406 0.096917
0.699504 0.096917
0.699603 0.096917
0.699702 0.096671
0.699800 0.096671
0.699899 0.096671
0.699998 0.096178
0.700096 0.096178
0.700195 0.095931
0.700294 0.095931
0.700392 0.095931
0.700491 0.095931
0.700589 0.095931
0.700688 0.095931
0.700787 0.095931
0.700885 0.095931
0.700984 0.095684
0.701083 0.095438
0.701181 0.095438
0.701280 0.095438
0.701379 0.095191
0.701477 0.095191
0.701576 0.094945
0.701675 0.094945
0.701773 0.094945
0.701872 0.094945
0.701970 0.094945
0.702069 0.094945
0.702168 0.094698
0.702266 0.094698
0.702365 0.094451
0.702464 0.094451
0.702562 0.094451
0.702661 0.094451
0.702760 0.094451
0.702858 0.094451
0.702957 0.094451
0.703056 0.094451
0.703154 0.094451
0.703253 0.094451
0.703351 0.094451
0.703450 0.094451
0.703549 0.094451
0.703647 0.094451
0.703746 0.094451
0.703845 0.094451
0.703943 0.094205
0.704042 0.093958
0.704141 0.093958
0.704239 0.093958
0.704338 0.093958
0.704437 0.093711
0.704535 0.093465
0.704634 0.093465
0.704732 0.093465
0.704831 0.093218
0.704930 0.093218
0.705028 0.093218
0.705127 0.092972
0.705226 0.092972
0.705324 0.092725
0.705423 0.092725
0.705522 0.092725
0.705620 0.092232
0.705719 0.091985
0.705817 0.091739
0.705916 0.091739
0.706015 0.091492
0.706113 0.091492
0.706212 0.090999
0.706311 0.090999
0.706409 0.090999
0.706508 0.090999
0.706607 0.090999
0.706705 0.090999
0.706804 0.090999
0.706903 0.090999
0.707001 0.090999
0.707100 0.090999
0.707198 0.090999
0.707297 0.090999
0.707396 0.090999
0.707494 0.090752
0.707593 0.090752
0.707692 0.090752
0.707790 0.090752
0.707889 0.090752
0.707988 0.090506
0.708086 0.090506
0.708185 0.090506
0.708284 0.090506
0.708382 0.090506
0.708481 0.090506
0.708579 0.090506
0.708678 0.090506
0.708777 0.090506
0.708875 0.090506
0.708974 0.090506
0.709073 0.090506
0.709171 0.090506
0.709270 0.090506
0.709369 0.090506
0.709467 0.090506
0.709566 0.090506
0.709665 0.090506
0.709763 0.089766
0.709862 0.089766
0.709960 0.089766
0.710059 0.089766
0.710158 0.089766
0.710256 0.089766
0.710355 0.089519
0.710454 0.089273
0.710552 0.089273
0.710651 0.089273
0.710750 0.089273
0.710848 0.089273
0.710947 0.089273
0.711045 0.089026
0.711144 0.089026
0.711243 0.088779
0.711341 0.088779
0.711440 0.088779
0.711539 0.088779
0.711637 0.088779
0.711736 0.088779
0.711835 0.088533
0.711933 0.088533
0.712032 0.088533
0.712131 0.088533
0.712229 0.088533
0.712328 0.088286
0.712426 0.088286
0.712525 0.088286
0.712624 0.088286
0.712722 0.087793
0.712821 0.087793
0.712920 0.087793
0.713018 0.087546
0.713117 0.087546
0.713216 0.087546
0.713314 0.087546
0.713413 0.087300
0.713512 0.087300
0.713610 0.087300
0.713709 0.087053
0.713807 0.087053
0.713906 0.086560
0.714005 0.086313
0.714103 0.086313
0.714202 0.086313
0.714301 0.086313
0.714399 0.086313
0.714498 0.086313
0.714597 0.086313
0.714695 0.086313
0.714794 0.086313
0.714893 0.086067
0.714991 0.086067
0.715090 0.086067
0.715188 0.086067
0.715287 0.086067
0.715386 0.086067
0.715484 0.086067
0.715583 0.085820
0.715682 0.085820
0.715780 0.085820
0.715879 0.085327
0.715978 0.085080
0.716076 0.085080
0.716175 0.084834
0.716273 0.084834
0.716372 0.084834
0.716471 0.084834
0.716569 0.084834
0.716668 0.084834
0.716767 0.084587
0.716865 0.084587
0.716964 0.084587
0.717063 0.084587
0.717161 0.084340
0.717260 0.084340
0.717359 0.084340
0.717457 0.084340
0.717556 0.084094
0.717654 0.084094
0.717753 0.084094
0.717852 0.084094
0.717950 0.084094
0.718049 0.084094
0.718148 0.084094
0.718246 0.083847
0.718345 0.083847
0.718444 0.083847
0.718542 0.083600
0.718641 0.083600
0.718740 0.083600
0.718838 0.083354
0.718937 0.083354
0.719035 0.083107
0.719134 0.083107
0.719233 0.083107
0.719331 0.083107
0.719430 0.083107
0.719529 0.083107
0.719627 0.083107
0.719726 0.083107
0.719825 0.083107
0.719923 0.083107
0.720022 0.082614
0.720121 0.082614
0.720219 0.082614
0.720318 0.082614
0.720416 0.082614
0.720515 0.082614
0.720614 0.082367
0.720712 0.082367
0.720811 0.082367
0.720910 0.082367
0.721008 0.082367
0.721107 0.082121
0.721206 0.081874
0.721304 0.081628
0.721403 0.081628
0.721501 0.081628
0.721600 0.081628
0.721699 0.081628
0.721797 0.081628
0.721896 0.081381
0.721995 0.081381
0.722093 0.081381
0.722192 0.081381
0.722291 0.081134
0.722389 0.081134
0.722488 0.081134
0.722587 0.081134
0.722685 0.081134
0.722784 0.081134
0.722882 0.081134
0.722981 0.081134
0.723080 0.080888
0.723178 0.080888
0.723277 0.080888
0.723376 0.080888
0.723474 0.080888
0.723573 0.080888
0.723672 0.080888
0.723770 0.080641
0.723869 0.080641
0.723968 0.080641
0.724066 0.080641
0.724165 0.080395
0.724263 0.080395
0.724362 0.080395
0.724461 0.080395
0.724559 0.080395
0.724658 0.080395
0.724757 0.080395
0.724855 0.080395
0.724954 0.080395
0.725053 0.080395
0.725151 0.080395
0.725250 0.080395
0.725349 0.080395
0.725447 0.080148
0.725546 0.079901
0.725644 0.079901
0.725743 0.079901
0.725842 0.079655
0.725940 0.079655
0.726039 0.079655
0.726138 0.079408
0.726236 0.079408
0.726335 0.079408
0.726434 0.079162
0.726532 0.079162
0.726631 0.079162
0.726729 0.079162
0.726828 0.079162
0.726927 0.079162
0.727025 0.079162
0.727124 0.078915
0.727223 0.078915
0.727321 0.078915
0.727420 0.078915
0.727519 0.078915
0.727617 0.078915
0.727716 0.078915
0.727815 0.078915
0.727913 0.078915
0.728012 0.078668
0.728110 0.078668
0.728209 0.078668
0.728308 0.078668
0.728406 0.078668
0.728505 0.078668
0.728604 0.078668
0.728702 0.078668
0.728801 0.078668
0.728900 0.078668
0.728998 0.078668
0.729097 0.078668
0.729196 0.078668
0.729294 0.078668
0.729393 0.078668
0.729491 0.078668
0.729590 0.078668
0.729689 0.078668
0.729787 0.078668
0.729886 0.078668
0.729985 0.078668
0.730083 0.078668
0.730182 0.078668
0.730281 0.078668
0.730379 0.078668
0.730478 0.078668
0.730577 0.078422
0.730675 0.078422
0.730774 0.078175
0.730872 0.078175
0.730971 0.077928
0.731070 0.077682
0.731168 0.077682
0.731267 0.077682
0.731366 0.077682
0.731464 0.077682
0.731563 0.077682
0.731662 0.077682
0.731760 0.077435
0.731859 0.077435
0.731957 0.077435
0.732056 0.077435
0.732155 0.077435
0.732253 0.077435
0.732352 0.077435
0.732451 0.077435
0.732549 0.077189
0.732648 0.077189
0.732747 0.076942
0.732845 0.076695
0.732944 0.076695
0.733043 0.076695
0.733141 0.076695
0.733240 0.076695
0.733338 0.076695
0.733437 0.076695
0.733536 0.076695
0.733634 0.076695
0.733733 0.076695
0.733832 0.076695
0.733930 0.076695
0.734029 0.076449
0.734128 0.076449
0.734226 0.076449
0.734325 0.076449
0.734424 0.076449
0.734522 0.076449
0.734621 0.076449
0.734719 0.076449
0.734818 0.076449
0.734917 0.076449
0.735015 0.076449
0.735114 0.076449
0.735213 0.076449
0.735311 0.076449
0.735410 0.076449
0.735509 0.076449
0.735607 0.076202
0.735706 0.076202
0.735805 0.076202
0.735903 0.076202
0.736002 0.076202
0.736100 0.076202
0.736199 0.075956
0.736298 0.075956
0.736396 0.075956
0.736495 0.075709
0.736594 0.075709
0.736692 0.075709
0.736791 0.075709
0.736890 0.075709
0.736988 0.075709
0.737087 0.075709
0.737185 0.075462
0.737284 0.075462
0.737383 0.075216
0.737481 0.075216
0.737580 0.075216
0.737679 0.075216
0.737777 0.075216
0.737876 0.075216
0.737975 0.075216
0.738073 0.075216
0.738172 0.075216
0.738271 0.074969
0.738369 0.074969
0.738468 0.074969
0.738566 0.074723
0.738665 0.074723
0.738764 0.074723
0.738862 0.074723
0.738961 0.074723
0.739060 0.074476
0.739158 0.074476
0.739257 0.074476
0.739356 0.074476
0.739454 0.074229
0.739553 0.074229
0.739652 0.074229
0.739750 0.074229
0.739849 0.073983
0.739947 0.073983
0.740046 0.073983
0.740145 0.073736
0.740243 0.073736
0.740342 0.073736
0.740441 0.073243
0.740539 0.072996
0.740638 0.072996
0.740737 0.072996
0.740835 0.072996
0.740934 0.072996
0.741033 0.072996
0.741131 0.072996
0.741230 0.072996
0.741328 0.072996
0.741427 0.072996
0.741526 0.072996
0.741624 0.072996
0.741723 0.072996
0.741822 0.072996
0.741920 0.072996
0.742019 0.072996
0.742118 0.072750
0.742216 0.072750
0.742315 0.072750
0.742413 0.072750
0.742512 0.072750
0.742611 0.072503
0.742709 0.072256
0.742808 0.072256
0.742907 0.072256
0.743005 0.072256
0.743104 0.072010
0.743203 0.072010
0.743301 0.072010
0.743400 0.072010
0.743499 0.072010
0.743597 0.072010
0.743696 0.071763
0.743794 0.071763
0.743893 0.071763
0.743992 0.071763
0.744090 0.071517
0.744189 0.071517
0.744288 0.071517
0.744386 0.071517
0.744485 0.071517
0.744584 0.071517
0.744682 0.071517
0.744781 0.071270
0.744880 0.071023
0.744978 0.071023
0.745077 0.070530
0.745175 0.070530
0.745274 0.070530
0.745373 0.070284
0.745471 0.070284
0.745570 0.070284
0.745669 0.070284
0.745767 0.070284
0.745866 0.070284
0.745965 0.070037
0.746063 0.070037
0.746162 0.069790
0.746261 0.069544
0.746359 0.069544
0.746458 0.069544
0.746556 0.069544
0.746655 0.069544
0.746754 0.069544
0.746852 0.069544
0.746951 0.069544
0.747050 0.069544
0.747148 0.069544
0.747247 0.069544
0.747346 0.069544
0.747444 0.069544
0.747543 0.069544
0.747641 0.069544
0.747740 0.069297
0.747839 0.069297
0.747937 0.069297
0.748036 0.069297
0.748135 0.069297
0.748233 0.069051
0.748332 0.069051
0.748431 0.069051
0.748529 0.069051
0.748628 0.069051
0.748727 0.069051
0.748825 0.068804
0.748924 0.068804
0.749022 0.068804
0.749121 0.068804
0.749220 0.068804
0.749318 0.068804
0.749417 0.068804
0.749516 0.068804
0.749614 0.068804
0.749713 0.068804
0.749812 0.068804
0.749910 0.068804
0.750009 0.068804
0.750108 0.068804
0.750206 0.068804
0.750305 0.068804
0.750403 0.068804
0.750502 0.068311
0.750601 0.068311
0.750699 0.068311
0.750798 0.068311
0.750897 0.068064
0.750995 0.068064
0.751094 0.068064
0.751193 0.068064
0.751291 0.068064
0.751390 0.068064
0.751489 0.068064
0.751587 0.068064
0.751686 0.068064
0.751784 0.068064
0.751883 0.068064
0.751982 0.067818
0.752080 0.067818
0.752179 0.067818
0.752278 0.067818
0.752376 0.067818
0.752475 0.067818
0.752574 0.067818
0.752672 0.067818
0.752771 0.067818
0.752870 0.067818
0.752968 0.067818
0.753067 0.067571
0.753165 0.067571
0.753264 0.067571
0.753363 0.067571
0.753461 0.067571
0.753560 0.067324
0.753659 0.067078
0.753757 0.067078
0.753856 0.067078
0.753955 0.067078
0.754053 0.067078
0.754152 0.067078
0.754250 0.067078
0.754349 0.067078
0.754448 0.067078
0.754546 0.067078
0.754645 0.067078
0.754744 0.067078
0.754842 0.067078
0.754941 0.067078
0.755040 0.066831
0.755138 0.066831
0.755237 0.066831
0.755336 0.066831
0.755434 0.066831
0.755533 0.066584
0.755631 0.066338
0.755730 0.066338
0.755829 0.066338
0.755927 0.066338
0.756026 0.066338
0.756125 0.066338
0.756223 0.065598
0.756322 0.065598
0.756421 0.065598
0.756519 0.065351
0.756618 0.065351
0.756717 0.065105
0.756815 0.065105
0.756914 0.065105
0.757012 0.065105
0.757111 0.065105
0.757210 0.065105
0.757308 0.065105
0.757407 0.065105
0.757506 0.065105
0.757604 0.065105
0.757703 0.065105
0.757802 0.065105
0.757900 0.065105
0.757999 0.065105
0.758098 0.065105
0.758196 0.065105
0.758295 0.065105
0.758393 0.065105
0.758492 0.065105
0.758591 0.065105
0.758689 0.065105
0.758788 0.065105
0.758887 0.065105
0.758985 0.065105
0.759084 0.065105
0.759183 0.065105
0.759281 0.064858
0.759380 0.064858
0.759478 0.064858
0.759577 0.064858
0.759676 0.064858
0.759774 0.064858
0.759873 0.064612
0.759972 0.064365
0.760070 0.064365
0.760169 0.064365
0.760268 0.064365
0.760366 0.064365
0.760465 0.064365
0.760564 0.064365
0.760662 0.064365
0.760761 0.064365
0.760859 0.064365
0.760958 0.064365
0.761057 0.064365
0.761155 0.064365
0.761254 0.064118
0.761353 0.063872
0.761451 0.063625
0.761550 0.063625
0.761649 0.063625
0.761747 0.063379
0.761846 0.063132
0.761945 0.063132
0.762043 0.063132
0.762142 0.063132
0.762240 0.062639
0.762339 0.062639
0.762438 0.062639
0.762536 0.062639
0.762635 0.062392
0.762734 0.062392
0.762832 0.062392
0.762931 0.062392
0.763030 0.062392
0.763128 0.062392
0.763227 0.062392
0.763326 0.062392
0.763424 0.061899
0.763523 0.061899
0.763621 0.061652
0.763720 0.061652
0.763819 0.061652
0.763917 0.061652
0.764016 0.061406
0.764115 0.061406
0.764213 0.061159
0.764312 0.061159
0.764411 0.061159
0.764509 0.061159
0.764608 0.061159
0.764706 0.061159
0.764805 0.061159
0.764904 0.061159
0.765002 0.061159
0.765101 0.060912
0.765200 0.060912
0.765298 0.060912
0.765397 0.060912
0.765496 0.060912
0.765594 0.060912
0.765693 0.060912
0.765792 0.060912
0.765890 0.060912
0.765989 0.060912
0.766087 0.060912
0.766186 0.060912
0.766285 0.060912
0.766383 0.060912
0.766482 0.060912
0.766581 0.060912
0.766679 0.060912
0.766778 0.060912
0.766877 0.060912
0.766975 0.060912
0.767074 0.060912
0.767173 0.060912
0.767271 0.060912
0.767370 0.060912
0.767468 0.060912
0.767567 0.060912
0.767666 0.060912
0.767764 0.060666
0.767863 0.060419
0.767962 0.060419
0.768060 0.060173
0.768159 0.059926
0.768258 0.059926
0.768356 0.059926
0.768455 0.059926
0.768554 0.059926
0.768652 0.059926
0.768751 0.059433
0.768849 0.059186
0.768948 0.059186
0.769047 0.059186
0.769145 0.059186
0.769244 0.059186
0.769343 0.059186
0.769441 0.059186
0.769540 0.059186
0.769639 0.058940
0.769737 0.058940
0.769836 0.058940
0.769934 0.058940
0.770033 0.058940
0.770132 0.058940
0.770230 0.058693
0.770329 0.058693
0.770428 0.058693
0.770526 0.058446
0.770625 0.058200
0.770724 0.058200
0.770822 0.058200
0.770921 0.057953
0.771020 0.057953
0.771118 0.057953
0.771217 0.057953
0.771315 0.057953
0.771414 0.057953
0.771513 0.057953
0.771611 0.057953
0.771710 0.057953
0.771809 0.057953
0.771907 0.057953
0.772006 0.057953
0.772105 0.057953
0.772203 0.057953
0.772302 0.057953
0.772401 0.057953
0.772499 0.057953
0.772598 0.057953
0.772696 0.057953
0.772795 0.057707
0.772894 0.057707
0.772992 0.057707
0.773091 0.057460
0.773190 0.057460
0.773288 0.057460
0.773387 0.057460
0.773486 0.057460
0.773584 0.057460
0.773683 0.057213
0.773782 0.057213
0.773880 0.057213
0.773979 0.057213
0.774077 0.057213
0.774176 0.057213
0.774275 0.056967
0.774373 0.056720
0.774472 0.056720
0.774571 0.056720
0.774669 0.056720
0.774768 0.056720
0.774867 0.056720
0.774965 0.056720
0.775064 0.056473
0.775162 0.056473
0.775261 0.056473
0.775360 0.056473
0.775458 0.055980
0.775557 0.055980
0.775656 0.055980
0.775754 0.055980
0.775853 0.055980
0.775952 0.055980
0.776050 0.055734
0.776149 0.055487
0.776248 0.055487
0.776346 0.055487
0.776445 0.055240
0.776543 0.055240
0.776642 0.055240
0.776741 0.055240
0.776839 0.055240
0.776938 0.054994
0.777037 0.054994
0.777135 0.054994
0.777234 0.054747
0.777333 0.054747
0.777431 0.054747
0.777530 0.054747
0.777629 0.054747
0.777727 0.054747
0.777826 0.054747
0.777924 0.054747
0.778023 0.054501
0.778122 0.054501
0.778220 0.054501
0.778319 0.054501
0.778418 0.054501
0.778516 0.054501
0.778615 0.054501
0.778714 0.054501
0.778812 0.054501
0.778911 0.054501
0.779010 0.054501
0.779108 0.054501
0.779207 0.054254
0.779305 0.054007
0.779404 0.054007
0.779503 0.054007
0.779601 0.054007
0.779700 0.053761
0.779799 0.053514
0.779897 0.053514
0.779996 0.053514
0.780095 0.053514
0.780193 0.053514
0.780292 0.053514
0.780390 0.053514
0.780489 0.053514
0.780588 0.053514
0.780686 0.053514
0.780785 0.053514
0.780884 0.053514
0.780982 0.053268
0.781081 0.053268
0.781180 0.053268
0.781278 0.053268
0.781377 0.053268
0.781476 0.053268
0.781574 0.053268
0.781673 0.053268
0.781771 0.053268
0.781870 0.053268
0.781969 0.053021
0.782067 0.053021
0.782166 0.052774
0.782265 0.052528
0.782363 0.052528
0.782462 0.052528
0.782561 0.052528
0.782659 0.052528
0.782758 0.052281
0.782857 0.052281
0.782955 0.052281
0.783054 0.052281
0.783152 0.052281
0.783251 0.052281
0.783350 0.052281
0.783448 0.052281
0.783547 0.052281
0.783646 0.052281
0.783744 0.052281
0.783843 0.052281
0.783942 0.052281
0.784040 0.052035
0.784139 0.052035
0.784238 0.052035
0.784336 0.052035
0.784435 0.052035
0.784533 0.052035
0.784632 0.052035
0.784731 0.052035
0.784829 0.052035
0.784928 0.052035
0.785027 0.052035
0.785125 0.052035
0.785224 0.052035
0.785323 0.052035
0.785421 0.051788
0.785520 0.051788
0.785618 0.051788
0.785717 0.051541
0.785816 0.051541
0.785914 0.051541
0.786013 0.051541
0.786112 0.051541
0.786210 0.051541
0.786309 0.051295
0.786408 0.051295
0.786506 0.051295
0.786605 0.051295
0.786704 0.051295
0.786802 0.051295
0.786901 0.051295
0.786999 0.051295
0.787098 0.051295
0.787197 0.051048
0.787295 0.051048
0.787394 0.050801
0.787493 0.050801
0.787591 0.050801
0.787690 0.050555
0.787789 0.050555
0.787887 0.050555
0.787986 0.050555
0.788085 0.050555
0.788183 0.050062
0.788282 0.050062
0.788380 0.050062
0.788479 0.049815
0.788578 0.049815
0.788676 0.049815
0.788775 0.049815
0.788874 0.049815
0.788972 0.049815
0.789071 0.049815
0.789170 0.049815
0.789268 0.049815
0.789367 0.049815
0.789466 0.049568
0.789564 0.049568
0.789663 0.049568
0.789761 0.049568
0.789860 0.049568
0.789959 0.049568
0.790057 0.049568
0.790156 0.049568
0.790255 0.049568
0.790353 0.049568
0.790452 0.049568
0.790551 0.049568
0.790649 0.049322
0.790748 0.049075
0.790846 0.049075
0.790945 0.049075
0.791044 0.049075
0.791142 0.049075
0.791241 0.048829
0.791340 0.048829
0.791438 0.048829
0.791537 0.048829
0.791636 0.048829
0.791734 0.048829
0.791833 0.048829
0.791932 0.048829
0.792030 0.048582
0.792129 0.048582
0.792227 0.048335
0.792326 0.048335
0.792425 0.048089
0.792523 0.048089
0.792622 0.048089
0.792721 0.048089
0.792819 0.048089
0.792918 0.048089
0.793017 0.048089
0.793115 0.048089
0.793214 0.048089
0.793313 0.048089
0.793411 0.048089
0.793510 0.048089
0.793608 0.048089
0.793707 0.048089
0.793806 0.047842
0.793904 0.047842
0.794003 0.047842
0.794102 0.047596
0.794200 0.047596
0.794299 0.047596
0.794398 0.047596
0.794496 0.047596
0.794595 0.047596
0.794694 0.047596
0.794792 0.047596
0.794891 0.047596
0.794989 0.047349
0.795088 0.047349
0.795187 0.047349
0.795285 0.047102
0.795384 0.047102
0.795483 0.047102
0.795581 0.047102
0.795680 0.047102
0.795779 0.047102
0.795877 0.047102
0.795976 0.046856
0.796074 0.046609
0.796173 0.046609
0.796272 0.046116
0.796370 0.046116
0.796469 0.046116
0.796568 0.046116
0.796666 0.046116
0.796765 0.046116
0.796864 0.046116
0.796962 0.046116
0.797061 0.046116
0.797160 0.046116
0.797258 0.046116
0.797357 0.046116
0.797455 0.046116
0.797554 0.046116
0.797653 0.046116
0.797751 0.046116
0.797850 0.046116
0.797949 0.046116
0.798047 0.046116
0.798146 0.046116
0.798245 0.045869
0.798343 0.045869
0.798442 0.045869
0.798541 0.045623
0.798639 0.045623
0.798738 0.045623
0.798836 0.045623
0.798935 0.045623
0.799034 0.045623
0.799132 0.045376
0.799231 0.045376
0.799330 0.045376
0.799428 0.045129
0.799527 0.045129
0.799626 0.045129
0.799724 0.045129
0.799823 0.045129
0.799922 0.045129
0.800020 0.045129
0.800119 0.045129
0.800217 0.045129
0.800316 0.045129
0.800415 0.045129
0.800513 0.045129
0.800612 0.045129
0.800711 0.045129
0.800809 0.045129
0.800908 0.045129
0.801007 0.045129
0.801105 0.045129
0.801204 0.045129
0.801302 0.045129
0.801401 0.045129
0.801500 0.044883
0.801598 0.044883
0.801697 0.044883
0.801796 0.044883
0.801894 0.044883
0.801993 0.044883
0.802092 0.044636
0.802190 0.044636
0.802289 0.044636
0.802388 0.044636
0.802486 0.044636
0.802585 0.044636
0.802683 0.044636
0.802782 0.044390
0.802881 0.044390
0.802979 0.044390
0.803078 0.044390
0.803177 0.044390
0.803275 0.044390
0.803374 0.044390
0.803473 0.044143
0.803571 0.044143
0.803670 0.043896
0.803769 0.043896
0.803867 0.043896
0.803966 0.043896
0.804064 0.043896
0.804163 0.043896
0.804262 0.043896
0.804360 0.043896
0.804459 0.043403
0.804558 0.043403
0.804656 0.043403
0.804755 0.043403
0.804854 0.043403
0.804952 0.043403
0.805051 0.043403
0.805150 0.043403
0.805248 0.043403
0.805347 0.043403
0.805445 0.043403
0.805544 0.043403
0.805643 0.043157
0.805741 0.042910
0.805840 0.042910
0.805939 0.042910
0.806037 0.042910
0.806136 0.042910
0.806235 0.042910
0.806333 0.042910
0.806432 0.042910
0.806530 0.042910
0.806629 0.042910
0.806728 0.042910
0.806826 0.042910
0.806925 0.042910
0.807024 0.042663
0.807122 0.042663
0.807221 0.042663
0.807320 0.042663
0.807418 0.042663
0.807517 0.042663
0.807616 0.042663
0.807714 0.042663
0.807813 0.042663
0.807911 0.042663
0.808010 0.042663
0.808109 0.042417
0.808207 0.042417
0.808306 0.042417
0.808405 0.042417
0.808503 0.042417
0.808602 0.042417
0.808701 0.042417
0.808799 0.042170
0.808898 0.042170
0.808997 0.042170
0.809095 0.042170
0.809194 0.042170
0.809292 0.042170
0.809391 0.041924
0.809490 0.041924
0.809588 0.041924
0.809687 0.041924
0.809786 0.041924
0.809884 0.041677
0.809983 0.041677
0.810082 0.041677
0.810180 0.041677
0.810279 0.041677
0.810378 0.041677
0.810476 0.041677
0.810575 0.041677
0.810673 0.041677
0.810772 0.041677
0.810871 0.041677
0.810969 0.041430
0.811068 0.041184
0.811167 0.041184
0.811265 0.041184
0.811364 0.041184
0.811463 0.041184
0.811561 0.041184
0.811660 0.041184
0.811758 0.041184
0.811857 0.040937
0.811956 0.040691
0.812054 0.040691
0.812153 0.040691
0.812252 0.040691
0.812350 0.040691
0.812449 0.040691
0.812548 0.040691
0.812646 0.040691
0.812745 0.040691
0.812844 0.040691
0.812942 0.040691
0.813041 0.040444
0.813139 0.040444
0.813238 0.040444
0.813337 0.040444
0.813435 0.040197
0.813534 0.040197
0.813633 0.040197
0.813731 0.040197
0.813830 0.040197
0.813929 0.040197
0.814027 0.040197
0.814126 0.040197
0.814225 0.040197
0.814323 0.039951
0.814422 0.039951
0.814520 0.039951
0.814619 0.039951
0.814718 0.039951
0.814816 0.039951
0.814915 0.039951
0.815014 0.039951
0.815112 0.039704
0.815211 0.039704
0.815310 0.039704
0.815408 0.039704
0.815507 0.039704
0.815606 0.039704
0.815704 0.039704
0.815803 0.039704
0.815901 0.039704
0.816000 0.039704
0.816099 0.039704
0.816197 0.039704
0.816296 0.039704
0.816395 0.039704
0.816493 0.039704
0.816592 0.039704
0.816691 0.039704
0.816789 0.039704
0.816888 0.039704
0.816986 0.039704
0.817085 0.039704
0.817184 0.039704
0.817282 0.039457
0.817381 0.039457
0.817480 0.039457
0.817578 0.039457
0.817677 0.039457
0.817776 0.039457
0.817874 0.039457
0.817973 0.039457
0.818072 0.039457
0.818170 0.039457
0.818269 0.039457
0.818367 0.039457
0.818466 0.039457
0.818565 0.039457
0.818663 0.039457
0.818762 0.039457
0.818861 0.039457
0.818959 0.039457
0.819058 0.039457
0.819157 0.039457
0.819255 0.039457
0.819354 0.039457
0.819453 0.039457
0.819551 0.039457
0.819650 0.039457
0.819748 0.039457
0.819847 0.039457
0.819946 0.039457
0.820044 0.039457
0.820143 0.039457
0.820242 0.039457
0.820340 0.039457
0.820439 0.039457
0.820538 0.039457
0.820636 0.039457
0.820735 0.039457
0.820834 0.039457
0.820932 0.039457
0.821031 0.039457
0.821129 0.039457
0.821228 0.039457
0.821327 0.039457
0.821425 0.039457
0.821524 0.039457
0.821623 0.039457
0.821721 0.039457
0.821820 0.039457
0.821919 0.039457
0.822017 0.039457
0.822116 0.039457
0.822214 0.039211
0.822313 0.039211
0.822412 0.039211
0.822510 0.038964
0.822609 0.038964
0.822708 0.038964
0.822806 0.038964
0.822905 0.038718
0.823004 0.038718
0.823102 0.038718
0.823201 0.038718
0.823300 0.038718
0.823398 0.038718
0.823497 0.038718
0.823595 0.038471
0.823694 0.038471
0.823793 0.038471
0.823891 0.038224
0.823990 0.038224
0.824089 0.038224
0.824187 0.037978
0.824286 0.037978
0.824385 0.037731
0.824483 0.037731
0.824582 0.037731
0.824681 0.037485
0.824779 0.037485
0.824878 0.037485
0.824976 0.037485
0.825075 0.037485
0.825174 0.037485
0.825272 0.037485
0.825371 0.037485
0.825470 0.037485
0.825568 0.037485
0.825667 0.037485
0.825766 0.037485
0.825864 0.037485
0.825963 0.037485
0.826062 0.037485
0.826160 0.037485
0.826259 0.037485
0.826357 0.037485
0.826456 0.037485
0.826555 0.037485
0.826653 0.037485
0.826752 0.037485
0.826851 0.037485
0.826949 0.037485
0.827048 0.037485
0.827147 0.037485
0.827245 0.037485
0.827344 0.037485
0.827443 0.037485
0.827541 0.037238
0.827640 0.037238
0.827738 0.037238
0.827837 0.036745
0.827936 0.036745
0.828034 0.036498
0.828133 0.036498
0.828232 0.036498
0.828330 0.036498
0.828429 0.036498
0.828528 0.036498
0.828626 0.036252
0.828725 0.036252
0.828823 0.036252
0.828922 0.036005
0.829021 0.036005
0.829119 0.036005
0.829218 0.036005
0.829317 0.035758
0.829415 0.035758
0.829514 0.035758
0.829613 0.035758
0.829711 0.035758
0.829810 0.035758
0.829909 0.035758
0.830007 0.035758
0.830106 0.035758
0.830204 0.035758
0.830303 0.035758
0.830402 0.035512
0.830500 0.035512
0.830599 0.035512
0.830698 0.035512
0.830796 0.035512
0.830895 0.035512
0.830994 0.035512
0.831092 0.035512
0.831191 0.035512
0.831290 0.035512
0.831388 0.035512
0.831487 0.035512
0.831585 0.035265
0.831684 0.035265
0.831783 0.035265
0.831881 0.035265
0.831980 0.035265
0.832079 0.035265
0.832177 0.035265
0.832276 0.035265
0.832375 0.035265
0.832473 0.035265
0.832572 0.034772
0.832671 0.034772
0.832769 0.034772
0.832868 0.034772
0.832966 0.034772
0.833065 0.034772
0.833164 0.034772
0.833262 0.034772
0.833361 0.034772
0.833460 0.034772
0.833558 0.034772
0.833657 0.034772
0.833756 0.034525
0.833854 0.034279
0.833953 0.034279
0.834051 0.034279
0.834150 0.034279
0.834249 0.034279
0.834347 0.034279
0.834446 0.034279
0.834545 0.034032
0.834643 0.034032
0.834742 0.034032
0.834841 0.034032
0.834939 0.034032
0.835038 0.034032
0.835137 0.034032
0.835235 0.034032
0.835334 0.034032
0.835432 0.034032
0.835531 0.034032
0.835630 0.033785
0.835728 0.033785
0.835827 0.033785
0.835926 0.033785
0.836024 0.033539
0.836123 0.033539
0.836222 0.033292
0.836320 0.033292
0.836419 0.033046
0.836518 0.033046
0.836616 0.033046
0.836715 0.033046
0.836813 0.033046
0.836912 0.033046
0.837011 0.033046
0.837109 0.033046
0.837208 0.033046
0.837307 0.033046
0.837405 0.033046
0.837504 0.033046
0.837603 0.033046
0.837701 0.033046
0.837800 0.033046
0.837899 0.033046
0.837997 0.033046
0.838096 0.033046
0.838194 0.033046
0.838293 0.033046
0.838392 0.033046
0.838490 0.033046
0.838589 0.033046
0.838688 0.032799
0.838786 0.032799
0.838885 0.032799
0.838984 0.032799
0.839082 0.032799
0.839181 0.032799
0.839279 0.032799
0.839378 0.032799
0.839477 0.032799
0.839575 0.032799
0.839674 0.032799
0.839773 0.032799
0.839871 0.032799
0.839970 0.032799
0.840069 0.032799
0.840167 0.032552
0.840266 0.032552
0.840365 0.032552
0.840463 0.032552
0.840562 0.032552
0.840660 0.032306
0.840759 0.032306
0.840858 0.032306
0.840956 0.032306
0.841055 0.032306
0.841154 0.032059
0.841252 0.032059
0.841351 0.032059
0.841450 0.032059
0.841548 0.032059
0.841647 0.031813
0.841746 0.031813
0.841844 0.031813
0.841943 0.031813
0.842041 0.031813
0.842140 0.031813
0.842239 0.031813
0.842337 0.031813
0.842436 0.031813
0.842535 0.031813
0.842633 0.031813
0.842732 0.031813
0.842831 0.031566
0.842929 0.031566
0.843028 0.031566
0.843127 0.031566
0.843225 0.031319
0.843324 0.031319
0.843422 0.031073
0.843521 0.031073
0.843620 0.030580
0.843718 0.030580
0.843817 0.030580
0.843916 0.030580
0.844014 0.030333
0.844113 0.030333
0.844212 0.030333
0.844310 0.030333
0.844409 0.030333
0.844507 0.030333
0.844606 0.030333
0.844705 0.030333
0.844803 0.030333
0.844902 0.030333
0.845001 0.030333
0.845099 0.030333
0.845198 0.030333
0.845297 0.030333
0.845395 0.030333
0.845494 0.030086
0.845593 0.030086
0.845691 0.030086
0.845790 0.030086
0.845888 0.030086
0.845987 0.030086
0.846086 0.030086
0.846184 0.030086
0.846283 0.030086
0.846382 0.030086
0.846480 0.030086
0.846579 0.029840
0.846678 0.029840
0.846776 0.029840
0.846875 0.029840
0.846974 0.029840
0.847072 0.029840
0.847171 0.029840
0.847269 0.029840
0.847368 0.029840
0.847467 0.029840
0.847565 0.029840
0.847664 0.029840
0.847763 0.029840
0.847861 0.029840
0.847960 0.029593
0.848059 0.029593
0.848157 0.029593
0.848256 0.029593
0.848355 0.029593
0.848453 0.029593
0.848552 0.029593
0.848650 0.029593
0.848749 0.029346
0.848848 0.029346
0.848946 0.029346
0.849045 0.029346
0.849144 0.029346
0.849242 0.029346
0.849341 0.029346
0.849440 0.029346
0.849538 0.029346
0.849637 0.029346
0.849735 0.029346
0.849834 0.029346
0.849933 0.029346
0.850031 0.029346
0.850130 0.029346
0.850229 0.029346
0.850327 0.029346
0.850426 0.029346
0.850525 0.029346
0.850623 0.029346
0.850722 0.029346
0.850821 0.029346
0.850919 0.029346
0.851018 0.029346
0.851116 0.029346
0.851215 0.029346
0.851314 0.029346
0.851412 0.029346
0.851511 0.029346
0.851610 0.029100
0.851708 0.029100
0.851807 0.029100
0.851906 0.028853
0.852004 0.028853
0.852103 0.028853
0.852202 0.028853
0.852300 0.028853
0.852399 0.028853
0.852497 0.028853
0.852596 0.028853
0.852695 0.028853
0.852793 0.028853
0.852892 0.028853
0.852991 0.028853
0.853089 0.028853
0.853188 0.028853
0.853287 0.028853
0.853385 0.028853
0.853484 0.028853
0.853583 0.028853
0.853681 0.028853
0.853780 0.028607
0.853878 0.028607
0.853977 0.028607
0.854076 0.028607
0.854174 0.028607
0.854273 0.028607
0.854372 0.028607
0.854470 0.028607
0.854569 0.028607
0.854668 0.028607
0.854766 0.028607
0.854865 0.028607
0.854963 0.028607
0.855062 0.028360
0.855161 0.028360
0.855259 0.028360
0.855358 0.028113
0.855457 0.028113
0.855555 0.028113
0.855654 0.028113
0.855753 0.028113
0.855851 0.028113
0.855950 0.028113
0.856049 0.028113
0.856147 0.028113
0.856246 0.027867
0.856344 0.027867
0.856443 0.027867
0.856542 0.027867
0.856640 0.027867
0.856739 0.027867
0.856838 0.027620
0.856936 0.027620
0.857035 0.027374
0.857134 0.027374
0.857232 0.027374
0.857331 0.027127
0.857430 0.027127
0.857528 0.027127
0.857627 0.027127
0.857725 0.027127
0.857824 0.027127
0.857923 0.026880
0.858021 0.026880
0.858120 0.026880
0.858219 0.026880
0.858317 0.026880
0.858416 0.026880
0.858515 0.026387
0.858613 0.026387
0.858712 0.026141
0.858811 0.026141
0.858909 0.026141
0.859008 0.026141
0.859106 0.026141
0.859205 0.026141
0.859304 0.026141
0.859402 0.026141
0.859501 0.026141
0.859600 0.026141
0.859698 0.026141
0.859797 0.026141
0.859896 0.026141
0.859994 0.026141
0.860093 0.025894
0.860191 0.025894
0.860290 0.025894
0.860389 0.025894
0.860487 0.025894
0.860586 0.025894
0.860685 0.025894
0.860783 0.025894
0.860882 0.025894
0.860981 0.025894
0.861079 0.025894
0.861178 0.025894
0.861277 0.025894
0.861375 0.025894
0.861474 0.025894
0.861572 0.025647
0.861671 0.025647
0.861770 0.025647
0.861868 0.025647
0.861967 0.025647
0.862066 0.025647
0.862164 0.025401
0.862263 0.025401
0.862362 0.025401
0.862460 0.025401
0.862559 0.025401
0.862658 0.025154
0.862756 0.025154
0.862855 0.024908
0.862953 0.024908
0.863052 0.024908
0.863151 0.024908
0.863249 0.024661
0.863348 0.024661
0.863447 0.024661
0.863545 0.024661
0.863644 0.024661
0.863743 0.024661
0.863841 0.024661
0.863940 0.024661
0.864039 0.024661
0.864137 0.024661
0.864236 0.024661
0.864334 0.024661
0.864433 0.024661
0.864532 0.024661
0.864630 0.024661
0.864729 0.024661
0.864828 0.024661
0.864926 0.024661
0.865025 0.024414
0.865124 0.024414
0.865222 0.024414
0.865321 0.024168
0.865419 0.024168
0.865518 0.024168
0.865617 0.024168
0.865715 0.024168
0.865814 0.024168
0.865913 0.024168
0.866011 0.024168
0.866110 0.024168
0.866209 0.024168
0.866307 0.024168
0.866406 0.023921
0.866505 0.023921
0.866603 0.023921
0.866702 0.023674
0.866800 0.023674
0.866899 0.023428
0.866998 0.023428
0.867096 0.023181
0.867195 0.023181
0.867294 0.023181
0.867392 0.023181
0.867491 0.023181
0.867590 0.023181
0.867688 0.023181
0.867787 0.023181
0.867886 0.023181
0.867984 0.023181
0.868083 0.023181
0.868181 0.022935
0.868280 0.022935
0.868379 0.022688
0.868477 0.022688
0.868576 0.022688
0.868675 0.022441
0.868773 0.022441
0.868872 0.022441
0.868971 0.022441
0.869069 0.022441
0.869168 0.022441
0.869267 0.022441
0.869365 0.022441
0.869464 0.022441
0.869562 0.022441
0.869661 0.022441
0.869760 0.022441
0.869858 0.022441
0.869957 0.022441
0.870056 0.022441
0.870154 0.022441
0.870253 0.022441
0.870352 0.022441
0.870450 0.022441
0.870549 0.022441
0.870647 0.022441
0.870746 0.022441
0.870845 0.022441
0.870943 0.022441
0.871042 0.022441
0.871141 0.022441
0.871239 0.022441
0.871338 0.022441
0.871437 0.022441
0.871535 0.022441
0.871634 0.022195
0.871733 0.022195
0.871831 0.022195
0.871930 0.022195
0.872028 0.022195
0.872127 0.022195
0.872226 0.022195
0.872324 0.022195
0.872423 0.021948
0.872522 0.021702
0.872620 0.021702
0.872719 0.021702
0.872818 0.021702
0.872916 0.021702
0.873015 0.021702
0.873114 0.021702
0.873212 0.021702
0.873311 0.021702
0.873409 0.021702
0.873508 0.021455
0.873607 0.021455
0.873705 0.021455
0.873804 0.021455
0.873903 0.020962
0.874001 0.020715
0.874100 0.020715
0.874199 0.020715
0.874297 0.020469
0.874396 0.020469
0.874495 0.020469
0.874593 0.020469
0.874692 0.020222
0.874790 0.020222
0.874889 0.019975
0.874988 0.019729
0.875086 0.019729
0.875185 0.019729
0.875284 0.019729
0.875382 0.019482
0.875481 0.019482
0.875580 0.019482
0.875678 0.019482
0.875777 0.019482
0.875875 0.019482
0.875974 0.019236
0.876073 0.019236
0.876171 0.019236
0.876270 0.019236
0.876369 0.019236
0.876467 0.019236
0.876566 0.019236
0.876665 0.019236
0.876763 0.018989
0.876862 0.018989
0.876961 0.018989
0.877059 0.018742
0.877158 0.018742
0.877256 0.018742
0.877355 0.018496
0.877454 0.018496
0.877552 0.018496
0.877651 0.018496
0.877750 0.018496
0.877848 0.018496
0.877947 0.018496
0.878046 0.018496
0.878144 0.018496
0.878243 0.018496
0.878342 0.018496
0.878440 0.018496
0.878539 0.018496
0.878637 0.018496
0.878736 0.018496
0.878835 0.018249
0.878933 0.018249
0.879032 0.018249
0.879131 0.018249
0.879229 0.018249
0.879328 0.018249
0.879427 0.018249
0.879525 0.018249
0.879624 0.018249
0.879723 0.018249
0.879821 0.018249
0.879920 0.018249
0.880018 0.018249
0.880117 0.018249
0.880216 0.018249
0.880314 0.018249
0.880413 0.018249
0.880512 0.018249
0.880610 0.018002
0.880709 0.018002
0.880808 0.018002
0.880906 0.017756
0.881005 0.017756
0.881103 0.017756
0.881202 0.017756
0.881301 0.017756
0.881399 0.017509
0.881498 0.017263
0.881597 0.017263
0.881695 0.017263
0.881794 0.017263
0.881893 0.017263
0.881991 0.017263
0.882090 0.017263
0.882189 0.017263
0.882287 0.017263
0.882386 0.017263
0.882484 0.017016
0.882583 0.017016
0.882682 0.017016
0.882780 0.016769
0.882879 0.016769
0.882978 0.016769
0.883076 0.016769
0.883175 0.016769
0.883274 0.016769
0.883372 0.016769
0.883471 0.016769
0.883570 0.016769
0.883668 0.016769
0.883767 0.016769
0.883865 0.016769
0.883964 0.016769
0.884063 0.016769
0.884161 0.016769
0.884260 0.016769
0.884359 0.016769
0.884457 0.016769
0.884556 0.016769
0.884655 0.016769
0.884753 0.016769
0.884852 0.016769
0.884951 0.016769
0.885049 0.016769
0.885148 0.016769
0.885246 0.016769
0.885345 0.016769
0.885444 0.016523
0.885542 0.016523
0.885641 0.016523
0.885740 0.016523
0.885838 0.016523
0.885937 0.016523
0.886036 0.016523
0.886134 0.016523
0.886233 0.016523
0.886331 0.016523
0.886430 0.016523
0.886529 0.016523
0.886627 0.016523
0.886726 0.016276
0.886825 0.016276
0.886923 0.016276
0.887022 0.016276
0.887121 0.016276
0.887219 0.016276
0.887318 0.016276
0.887417 0.016276
0.887515 0.016276
0.887614 0.016276
0.887712 0.016030
0.887811 0.016030
0.887910 0.016030
0.888008 0.016030
0.888107 0.016030
0.888206 0.015783
0.888304 0.015783
0.888403 0.015783
0.888502 0.015536
0.888600 0.015536
0.888699 0.015536
0.888798 0.015536
0.888896 0.015536
0.888995 0.015536
0.889093 0.015536
0.889192 0.015290
0.889291 0.015290
0.889389 0.015290
0.889488 0.015290
0.889587 0.015290
0.889685 0.015290
0.889784 0.015290
0.889883 0.015290
0.889981 0.015290
0.890080 0.015290
0.890179 0.015290
0.890277 0.015290
0.890376 0.015290
0.890474 0.015290
0.890573 0.015290
0.890672 0.015043
0.890770 0.015043
0.890869 0.015043
0.890968 0.015043
0.891066 0.014797
0.891165 0.014797
0.891264 0.014797
0.891362 0.014797
0.891461 0.014550
0.891559 0.014550
0.891658 0.014550
0.891757 0.014550
0.891855 0.014550
0.891954 0.014550
0.892053 0.014550
0.892151 0.014550
0.892250 0.014303
0.892349 0.014303
0.892447 0.014057
0.892546 0.014057
0.892645 0.014057
0.892743 0.014057
0.892842 0.014057
0.892940 0.014057
0.893039 0.014057
0.893138 0.013810
0.893236 0.013810
0.893335 0.013810
0.893434 0.013810
0.893532 0.013810
0.893631 0.013810
0.893730 0.013810
0.893828 0.013810
0.893927 0.013810
0.894026 0.013810
0.894124 0.013810
0.894223 0.013810
0.894321 0.013810
0.894420 0.013810
0.894519 0.013810
0.894617 0.013810
0.894716 0.013564
0.894815 0.013564
0.894913 0.013564
0.895012 0.013564
0.895111 0.013564
0.895209 0.013317
0.895308 0.013317
0.895407 0.013317
0.895505 0.013317
0.895604 0.013317
0.895702 0.013317
0.895801 0.013317
0.895900 0.013317
0.895998 0.013317
0.896097 0.013317
0.896196 0.013317
0.896294 0.013317
0.896393 0.013317
0.896492 0.013317
0.896590 0.013317
0.896689 0.013317
0.896788 0.013317
0.896886 0.013317
0.896985 0.013317
0.897083 0.013317
0.897182 0.013317
0.897281 0.013070
0.897379 0.013070
0.897478 0.013070
0.897577 0.013070
0.897675 0.012824
0.897774 0.012824
0.897873 0.012824
0.897971 0.012824
0.898070 0.012824
0.898168 0.012824
0.898267 0.012824
0.898366 0.012824
0.898464 0.012824
0.898563 0.012824
0.898662 0.012824
0.898760 0.012824
0.898859 0.012824
0.898958 0.012824
0.899056 0.012824
0.899155 0.012824
0.899254 0.012824
0.899352 0.012577
0.899451 0.012330
0.899549 0.012330
0.899648 0.012330
0.899747 0.012330
0.899845 0.012330
0.899944 0.012084
0.900043 0.011837
0.900141 0.011591
0.900240 0.011591
0.900339 0.011591
0.900437 0.011591
0.900536 0.011591
0.900635 0.011591
0.900733 0.011591
0.900832 0.011591
0.900930 0.011591
0.901029 0.011591
0.901128 0.011591
0.901226 0.011591
0.901325 0.011344
0.901424 0.011344
0.901522 0.011344
0.901621 0.011344
0.901720 0.011344
0.901818 0.011344
0.901917 0.011344
0.902016 0.011344
0.902114 0.011344
0.902213 0.011344
0.902311 0.011344
0.902410 0.011344
0.902509 0.011344
0.902607 0.011344
0.902706 0.011344
0.902805 0.011344
0.902903 0.011344
0.903002 0.011344
0.903101 0.010851
0.903199 0.010851
0.903298 0.010851
0.903396 0.010851
0.903495 0.010851
0.903594 0.010851
0.903692 0.010851
0.903791 0.010851
0.903890 0.010851
0.903988 0.010851
0.904087 0.010851
0.904186 0.010851
0.904284 0.010604
0.904383 0.010604
0.904482 0.010358
0.904580 0.010111
0.904679 0.009864
0.904777 0.009864
0.904876 0.009864
0.904975 0.009864
0.905073 0.009864
0.905172 0.009864
0.905271 0.009864
0.905369 0.009864
0.905468 0.009864
0.905567 0.009864
0.905665 0.009864
0.905764 0.009864
0.905863 0.009864
0.905961 0.009864
0.906060 0.009864
0.906158 0.009864
0.906257 0.009864
0.906356 0.009864
0.906454 0.009864
0.906553 0.009864
0.906652 0.009864
0.906750 0.009864
0.906849 0.009864
0.906948 0.009864
0.907046 0.009864
0.907145 0.009864
0.907244 0.009864
0.907342 0.009864
0.907441 0.009864
0.907539 0.009864
0.907638 0.009864
0.907737 0.009864
0.907835 0.009864
0.907934 0.009864
0.908033 0.009864
0.908131 0.009864
0.908230 0.009864
0.908329 0.009864
0.908427 0.009864
0.908526 0.009864
0.908624 0.009864
0.908723 0.009618
0.908822 0.009371
0.908920 0.009371
0.909019 0.009371
0.909118 0.009371
0.909216 0.009371
0.909315 0.009371
0.909414 0.009371
0.909512 0.009371
0.909611 0.009371
0.909710 0.009371
0.909808 0.009371
0.909907 0.009371
0.910005 0.009371
0.910104 0.009371
0.910203 0.009371
0.910301 0.009371
0.910400 0.009371
0.910499 0.009371
0.910597 0.009371
0.910696 0.009371
0.910795 0.009371
0.910893 0.009371
0.910992 0.009125
0.911091 0.009125
0.911189 0.009125
0.911288 0.009125
0.911386 0.009125
0.911485 0.009125
0.911584 0.008878
0.911682 0.008878
0.911781 0.008878
0.911880 0.008878
0.911978 0.008878
0.912077 0.008878
0.912176 0.008878
0.912274 0.008878
0.912373 0.008878
0.912472 0.008878
0.912570 0.008878
0.912669 0.008878
0.912767 0.008878
0.912866 0.008878
0.912965 0.008631
0.913063 0.008631
0.913162 0.008631
0.913261 0.008631
0.913359 0.008631
0.913458 0.008631
0.913557 0.008631
0.913655 0.008631
0.913754 0.008631
0.913852 0.008631
0.913951 0.008631
0.914050 0.008631
0.914148 0.008631
0.914247 0.008631
0.914346 0.008631
0.914444 0.008631
0.914543 0.008631
0.914642 0.008631
0.914740 0.008631
0.914839 0.008631
0.914938 0.008631
0.915036 0.008631
0.915135 0.008631
0.915233 0.008631
0.915332 0.008631
0.915431 0.008631
0.915529 0.008631
0.915628 0.008631
0.915727 0.008631
0.915825 0.008631
0.915924 0.008631
0.916023 0.008631
0.916121 0.008631
0.916220 0.008631
0.916319 0.008631
0.916417 0.008385
0.916516 0.008385
0.916614 0.008385
0.916713 0.008385
0.916812 0.008385
0.916910 0.008385
0.917009 0.008385
0.917108 0.008385
0.917206 0.008385
0.917305 0.008385
0.917404 0.008138
0.917502 0.008138
0.917601 0.008138
0.917700 0.008138
0.917798 0.008138
0.917897 0.008138
0.917995 0.008138
0.918094 0.007891
0.918193 0.007891
0.918291 0.007891
0.918390 0.007891
0.918489 0.007891
0.918587 0.007891
0.918686 0.007891
0.918785 0.007891
0.918883 0.007891
0.918982 0.007891
0.919080 0.007891
0.919179 0.007891
0.919278 0.007891
0.919376 0.007891
0.919475 0.007891
0.919574 0.007891
0.919672 0.007891
0.919771 0.007891
0.919870 0.007891
0.919968 0.007891
0.920067 0.007891
0.920166 0.007891
0.920264 0.007891
0.920363 0.007891
0.920461 0.007891
0.920560 0.007891
0.920659 0.007891
0.920757 0.007645
0.920856 0.007645
0.920955 0.007645
0.921053 0.007398
0.921152 0.007398
0.921251 0.007398
0.921349 0.007398
0.921448 0.007398
0.921547 0.007398
0.921645 0.007398
0.921744 0.007398
0.921842 0.007398
0.921941 0.007398
0.922040 0.007398
0.922138 0.007398
0.922237 0.007398
0.922336 0.007398
0.922434 0.007398
0.922533 0.006905
0.922632 0.006905
0.922730 0.006905
0.922829 0.006905
0.922928 0.006905
0.923026 0.006905
0.923125 0.006658
0.923223 0.006658
0.923322 0.006658
0.923421 0.006658
0.923519 0.006658
0.923618 0.006658
0.923717 0.006658
0.923815 0.006658
0.923914 0.006658
0.924013 0.006658
0.924111 0.006658
0.924210 0.006658
0.924308 0.006658
0.924407 0.006658
0.924506 0.006658
0.924604 0.006658
0.924703 0.006658
0.924802 0.006658
0.924900 0.006658
0.924999 0.006658
0.925098 0.006658
0.925196 0.006412
0.925295 0.006412
0.925394 0.006412
0.925492 0.006412
0.925591 0.006412
0.925689 0.006412
0.925788 0.006412
0.925887 0.006412
0.925985 0.006412
0.926084 0.006412
0.926183 0.006412
0.926281 0.006412
0.926380 0.006412
0.926479 0.006412
0.926577 0.006412
0.926676 0.006412
0.926775 0.006412
0.926873 0.006412
0.926972 0.006412
0.927070 0.006412
0.927169 0.006412
0.927268 0.006412
0.927366 0.006412
0.927465 0.006412
0.927564 0.006412
0.927662 0.006412
0.927761 0.006412
0.927860 0.006412
0.927958 0.006412
0.928057 0.006412
0.928156 0.006412
0.928254 0.006412
0.928353 0.006412
0.928451 0.006412
0.928550 0.006412
0.928649 0.006412
0.928747 0.006412
0.928846 0.006412
0.928945 0.006412
0.929043 0.006412
0.929142 0.006412
0.929241 0.006412
0.929339 0.006412
0.929438 0.006412
0.929536 0.006412
0.929635 0.006412
0.929734 0.006412
0.929832 0.006412
0.929931 0.006412
0.930030 0.006412
0.930128 0.006412
0.930227 0.006412
0.930326 0.006412
0.930424 0.006412
0.930523 0.006165
0.930622 0.006165
0.930720 0.006165
0.930819 0.006165
0.930917 0.005919
0.931016 0.005919
0.931115 0.005919
0.931213 0.005672
0.931312 0.005672
0.931411 0.005672
0.931509 0.005672
0.931608 0.005672
0.931707 0.005672
0.931805 0.005672
0.931904 0.005672
0.932003 0.005672
0.932101 0.005672
0.932200 0.005672
0.932298 0.005672
0.932397 0.005672
0.932496 0.005672
0.932594 0.005672
0.932693 0.005672
0.932792 0.005672
0.932890 0.005672
0.932989 0.005672
0.933088 0.005672
0.933186 0.005672
0.933285 0.005672
0.933384 0.005672
0.933482 0.005672
0.933581 0.005425
0.933679 0.005425
0.933778 0.005425
0.933877 0.005425
0.933975 0.005425
0.934074 0.005425
0.934173 0.005425
0.934271 0.005425
0.934370 0.005425
0.934469 0.005425
0.934567 0.005179
0.934666 0.005179
0.934764 0.005179
0.934863 0.005179
0.934962 0.005179
0.935060 0.005179
0.935159 0.005179
0.935258 0.005179
0.935356 0.004932
0.935455 0.004932
0.935554 0.004932
0.935652 0.004932
0.935751 0.004932
0.935850 0.004932
0.935948 0.004932
0.936047 0.004932
0.936145 0.004932
0.936244 0.004932
0.936343 0.004932
0.936441 0.004932
0.936540 0.004932
0.936639 0.004932
0.936737 0.004932
0.936836 0.004932
0.936935 0.004932
0.937033 0.004932
0.937132 0.004932
0.937231 0.004932
0.937329 0.004932
0.937428 0.004932
0.937526 0.004932
0.937625 0.004932
0.937724 0.004932
0.937822 0.004932
0.937921 0.004932
0.938020 0.004932
0.938118 0.004932
0.938217 0.004932
0.938316 0.004932
0.938414 0.004932
0.938513 0.004932
0.938612 0.004932
0.938710 0.004932
0.938809 0.004932
0.938907 0.004686
0.939006 0.004686
0.939105 0.004686
0.939203 0.004686
0.939302 0.004686
0.939401 0.004686
0.939499 0.004686
0.939598 0.004686
0.939697 0.004686
0.939795 0.004686
0.939894 0.004686
0.939992 0.004686
0.940091 0.004686
0.940190 0.004686
0.940288 0.004686
0.940387 0.004686
0.940486 0.004686
0.940584 0.004686
0.940683 0.004686
0.940782 0.004686
0.940880 0.004686
0.940979 0.004686
0.941078 0.004686
0.941176 0.004686
0.941275 0.004686
0.941373 0.004439
0.941472 0.004439
0.941571 0.004192
0.941669 0.004192
0.941768 0.003946
0.941867 0.003946
0.941965 0.003946
0.942064 0.003946
0.942163 0.003946
0.942261 0.003946
0.942360 0.003946
0.942459 0.003946
0.942557 0.003946
0.942656 0.003699
0.942754 0.003699
0.942853 0.003699
0.942952 0.003699
0.943050 0.003699
0.943149 0.003699
0.943248 0.003699
0.943346 0.003699
0.943445 0.003699
0.943544 0.003699
0.943642 0.003699
0.943741 0.003699
0.943840 0.003699
0.943938 0.003699
0.944037 0.003699
0.944135 0.003699
0.944234 0.003699
0.944333 0.003699
0.944431 0.003699
0.944530 0.003699
0.944629 0.003699
0.944727 0.003699
0.944826 0.003699
0.944925 0.003699
0.945023 0.003699
0.945122 0.003699
0.945220 0.003699
0.945319 0.003699
0.945418 0.003699
0.945516 0.003699
0.945615 0.003699
0.945714 0.003699
0.945812 0.003699
0.945911 0.003699
0.946010 0.003699
0.946108 0.003699
0.946207 0.003699
0.946306 0.003453
0.946404 0.003453
0.946503 0.003453
0.946601 0.003453
0.946700 0.003453
0.946799 0.003453
0.946897 0.003453
0.946996 0.003453
0.947095 0.003453
0.947193 0.003453
0.947292 0.003206
0.947391 0.003206
0.947489 0.003206
0.947588 0.003206
0.947687 0.003206
0.947785 0.003206
0.947884 0.003206
0.947982 0.003206
0.948081 0.003206
0.948180 0.003206
0.948278 0.003206
0.948377 0.003206
0.948476 0.003206
0.948574 0.003206
0.948673 0.003206
0.948772 0.003206
0.948870 0.003206
0.948969 0.003206
0.949068 0.003206
0.949166 0.003206
0.949265 0.003206
0.949363 0.002959
0.949462 0.002959
0.949561 0.002959
0.949659 0.002959
0.949758 0.002959
0.949857 0.002959
0.949955 0.002959
0.950054 0.002959
0.950153 0.002959
0.950251 0.002959
0.950350 0.002959
0.950448 0.002959
0.950547 0.002959
0.950646 0.002959
0.950744 0.002959
0.950843 0.002959
0.950942 0.002959
0.951040 0.002959
0.951139 0.002959
0.951238 0.002959
0.951336 0.002959
0.951435 0.002959
0.951534 0.002959
0.951632 0.002959
0.951731 0.002959
0.951829 0.002959
0.951928 0.002959
0.952027 0.002959
0.952125 0.002959
0.952224 0.002959
0.952323 0.002959
0.952421 0.002959
0.952520 0.002959
0.952619 0.002959
0.952717 0.002959
0.952816 0.002959
0.952915 0.002959
0.953013 0.002959
0.953112 0.002959
0.953210 0.002959
0.953309 0.002959
0.953408 0.002959
0.953506 0.002959
0.953605 0.002959
0.953704 0.002959
0.953802 0.002959
0.953901 0.002959
0.954000 0.002959
0.954098 0.002959
0.954197 0.002959
0.954296 0.002959
0.954394 0.002713
0.954493 0.002713
0.954591 0.002713
0.954690 0.002713
0.954789 0.002713
0.954887 0.002713
0.954986 0.002713
0.955085 0.002713
0.955183 0.002713
0.955282 0.002713
0.955381 0.002713
0.955479 0.002713
0.955578 0.002713
0.955676 0.002713
0.955775 0.002713
0.955874 0.002713
0.955972 0.002713
0.956071 0.002713
0.956170 0.002466
0.956268 0.002466
0.956367 0.002466
0.956466 0.002466
0.956564 0.002466
0.956663 0.002466
0.956762 0.002466
0.956860 0.002466
0.956959 0.002466
0.957057 0.002466
0.957156 0.002219
0.957255 0.002219
0.957353 0.002219
0.957452 0.002219
0.957551 0.002219
0.957649 0.002219
0.957748 0.002219
0.957847 0.002219
0.957945 0.002219
0.958044 0.002219
0.958143 0.002219
0.958241 0.002219
0.958340 0.002219
0.958438 0.001973
0.958537 0.001973
0.958636 0.001973
0.958734 0.001726
0.958833 0.001726
0.958932 0.001726
0.959030 0.001726
0.959129 0.001726
0.959228 0.001726
0.959326 0.001726
0.959425 0.001726
0.959524 0.001726
0.959622 0.001726
0.959721 0.001726
0.959819 0.001726
0.959918 0.001726
0.960017 0.001726
0.960115 0.001726
0.960214 0.001726
0.960313 0.001726
0.960411 0.001726
0.960510 0.001726
0.960609 0.001726
0.960707 0.001726
0.960806 0.001726
0.960904 0.001726
0.961003 0.001726
0.961102 0.001726
0.961200 0.001726
0.961299 0.001726
0.961398 0.001726
0.961496 0.001726
0.961595 0.001480
0.961694 0.001480
0.961792 0.001480
0.961891 0.001480
0.961990 0.001480
0.962088 0.001480
0.962187 0.001480
0.962285 0.001480
0.962384 0.001480
0.962483 0.001480
0.962581 0.001480
0.962680 0.001480
0.962779 0.001480
0.962877 0.001480
0.962976 0.001480
0.963075 0.001480
0.963173 0.001480
0.963272 0.001480
0.963371 0.001480
0.963469 0.001233
0.963568 0.001233
0.963666 0.001233
0.963765 0.001233
0.963864 0.001233
0.963962 0.001233
0.964061 0.001233
0.964160 0.000986
0.964258 0.000986
0.964357 0.000986
0.964456 0.000986
0.964554 0.000986
0.964653 0.000986
0.964752 0.000986
0.964850 0.000986
0.964949 0.000986
0.965047 0.000986
0.965146 0.000986
0.965245 0.000986
0.965343 0.000986
0.965442 0.000986
0.965541 0.000986
0.965639 0.000986
0.965738 0.000986
0.965837 0.000986
0.965935 0.000986
0.966034 0.000986
0.966133 0.000986
0.966231 0.000740
0.966330 0.000740
0.966428 0.000740
0.966527 0.000740
0.966626 0.000740
0.966724 0.000740
0.966823 0.000740
0.966922 0.000740
0.967020 0.000740
0.967119 0.000740
0.967218 0.000740
0.967316 0.000740
0.967415 0.000740
0.967513 0.000740
0.967612 0.000740
0.967711 0.000740
0.967809 0.000740
0.967908 0.000740
0.968007 0.000740
0.968105 0.000740
0.968204 0.000740
0.968303 0.000740
0.968401 0.000740
0.968500 0.000740
0.968599 0.000740
0.968697 0.000740
0.968796 0.000740
0.968894 0.000740
0.968993 0.000740
0.969092 0.000740
0.969190 0.000740
0.969289 0.000740
0.969388 0.000493
0.969486 0.000493
0.969585 0.000493
0.969684 0.000493
0.969782 0.000493
0.969881 0.000493
0.969980 0.000493
0.970078 0.000493
0.970177 0.000493
0.970275 0.000493
0.970374 0.000493
0.970473 0.000493
0.970571 0.000493
0.970670 0.000493
0.970769 0.000493
0.970867 0.000493
0.970966 0.000493
0.971065 0.000493
0.971163 0.000493
0.971262 0.000493
0.971361 0.000493
0.971459 0.000493
0.971558 0.000493
0.971656 0.000493
0.971755 0.000493
0.971854 0.000493
0.971952 0.000493
0.972051 0.000493
0.972150 0.000493
0.972248 0.000493
0.972347 0.000493
0.972446 0.000493
0.972544 0.000493
0.972643 0.000493
0.972741 0.000493
0.972840 0.000493
0.972939 0.000493
0.973037 0.000493
0.973136 0.000493
0.973235 0.000493
0.973333 0.000493
0.973432 0.000493
0.973531 0.000493
0.973629 0.000493
0.973728 0.000493
0.973827 0.000493
0.973925 0.000493
0.974024 0.000493
0.974122 0.000493
0.974221 0.000493
0.974320 0.000493
0.974418 0.000493
0.974517 0.000493
0.974616 0.000493
0.974714 0.000493
0.974813 0.000493
0.974912 0.000493
0.975010 0.000493
0.975109 0.000493
0.975208 0.000493
0.975306 0.000247
0.975405 0.000247
0.975503 0.000000
0.975602 0.000000
0.975701 0.000000
0.975799 0.000000
0.975898 0.000000
0.975997 0.000000
0.976095 0.000000
0.976194 0.000000
0.976293 0.000000
0.976391 0.000000
0.976490 0.000000
0.976589 0.000000
0.976687 0.000000
0.976786 0.000000
0.976884 0.000000
0.976983 0.000000
0.977082 0.000000
0.977180 0.000000
0.977279 0.000000
0.977378 0.000000
0.977476 0.000000
0.977575 0.000000
0.977674 0.000000
0.977772 0.000000
0.977871 0.000000
0.977969 0.000000
0.978068 0.000000
0.978167 0.000000
0.978265 0.000000
0.978364 0.000000
0.978463 0.000000
0.978561 0.000000
0.978660 0.000000
0.978759 0.000000
0.978857 0.000000
0.978956 0.000000
0.979055 0.000000
0.979153 0.000000
0.979252 0.000000
0.979350 0.000000
0.979449 0.000000
0.979548 0.000000
0.979646 0.000000
0.979745 0.000000
0.979844 0.000000
0.979942 0.000000
0.980041 0.000000
0.980140 0.000000
0.980238 0.000000
0.980337 0.000000
0.980436 0.000000
0.980534 0.000000
0.980633 0.000000
0.980731 0.000000
0.980830 0.000000
0.980929 0.000000
0.981027 0.000000
0.981126 0.000000
0.981225 0.000000
0.981323 0.000000
0.981422 0.000000
0.981521 0.000000
0.981619 0.000000
0.981718 0.000000
0.981817 0.000000
0.981915 0.000000
0.982014 0.000000
0.982112 0.000000
0.982211 0.000000
0.982310 0.000000
0.982408 0.000000
0.982507 0.000000
0.982606 0.000000
0.982704 0.000000
0.982803 0.000000
0.982902 0.000000
0.983000 0.000000
0.983099 0.000000
0.983197 0.000000
0.983296 0.000000
0.983395 0.000000
0.983493 0.000000
0.983592 0.000000
0.983691 0.000000
0.983789 0.000000
0.983888 0.000000
0.983987 0.000000
0.984085 0.000000
0.984184 0.000000
0.984283 0.000000
0.984381 0.000000
0.984480 0.000000
0.984578 0.000000
0.984677 0.000000
0.984776 0.000000
0.984874 0.000000
0.984973 0.000000
0.985072 0.000000
0.985170 0.000000
0.985269 0.000000
0.985368 0.000000
0.985466 0.000000
0.985565 0.000000
0.985664 0.000000
0.985762 0.000000
0.985861 0.000000
0.985959 0.000000
0.986058 0.000000
0.986157 0.000000
0.986255 0.000000
0.986354 0.000000
0.986453 0.000000
0.986551 0.000000
0.986650 0.000000
0.986749 0.000000
0.986847 0.000000
0.986946 0.000000
0.987045 0.000000
0.987143 0.000000
0.987242 0.000000
0.987340 0.000000
0.987439 0.000000
0.987538 0.000000
0.987636 0.000000
0.987735 0.000000
0.987834 0.000000
0.987932 0.000000
0.988031 0.000000
0.988130 0.000000
0.988228 0.000000
0.988327 0.000000
0.988425 0.000000
0.988524 0.000000
0.988623 0.000000
0.988721 0.000000
0.988820 0.000000
0.988919 0.000000
0.989017 0.000000
0.989116 0.000000
0.989215 0.000000
0.989313 0.000000
0.989412 0.000000
0.989511 0.000000
0.989609 0.000000
0.989708 0.000000
0.989806 0.000000
0.989905 0.000000
0.990004 0.000000
0.990102 0.000000
0.990201 0.000000
0.990300 0.000000
0.990398 0.000000
0.990497 0.000000
0.990596 0.000000
0.990694 0.000000
0.990793 0.000000
0.990892 0.000000
0.990990 0.000000
0.991089 0.000000
0.991187 0.000000
0.991286 0.000000
0.991385 0.000000
0.991483 0.000000
0.991582 0.000000
0.991681 0.000000
0.991779 0.000000
0.991878 0.000000
0.991977 0.000000
0.992075 0.000000
0.992174 0.000000
0.992273 0.000000
0.992371 0.000000
0.992470 0.000000
0.992568 0.000000
0.992667 0.000000
0.992766 0.000000
0.992864 0.000000
0.992963 0.000000
0.993062 0.000000
0.993160 0.000000
0.993259 0.000000
0.993358 0.000000
0.993456 0.000000
0.993555 0.000000
0.993653 0.000000
0.993752 0.000000
0.993851 0.000000
0.993949 0.000000
