# Threshold Efficiency
0.003674 1.000000
0.003773 1.000000
0.003872 1.000000
0.003971 1.000000
0.004070 1.000000
0.004169 1.000000
0.004268 1.000000
0.004367 1.000000
0.004467 1.000000
0.004566 1.000000
0.004665 1.000000
0.004764 1.000000
0.004863 1.000000
0.004962 1.000000
0.005061 1.000000
0.005160 1.000000
0.005259 1.000000
0.005358 1.000000
0.005458 1.000000
0.005557 1.000000
0.005656 1.000000
0.005755 1.000000
0.005854 1.000000
0.005953 1.000000
0.006052 1.000000
0.006151 1.000000
0.006250 1.000000
0.006349 1.000000
0.006448 1.000000
0.006548 1.000000
0.006647 1.000000
0.006746 1.000000
0.006845 1.000000
0.006944 1.000000
0.007043 1.000000
0.007142 1.000000
0.007241 1.000000
0.007340 1.000000
0.007439 1.000000
0.007539 1.000000
0.007638 1.000000
0.007737 1.000000
0.007836 1.000000
0.007935 1.000000
0.008034 1.000000
0.008133 1.000000
0.008232 1.000000
0.008331 1.000000
0.008430 1.000000
0.008529 1.000000
0.008629 1.000000
0.008728 1.000000
0.008827 1.000000
0.008926 1.000000
0.009025 1.000000
0.009124 1.000000
0.009223 1.000000
0.009322 1.000000
0.009421 1.000000
0.009520 1.000000
0.009619 1.000000
0.009719 1.000000
0.009818 1.000000
0.009917 1.000000
0.010016 1.000000
0.010115 1.000000
0.010214 1.000000
0.010313 1.000000
0.010412 1.000000
0.010511 1.000000
0.010610 1.000000
0.010710 1.000000
0.010809 1.000000
0.010908 1.000000
0.011007 1.000000
0.011106 1.000000
0.011205 1.000000
0.011304 1.000000
0.011403 1.000000
0.011502 1.000000
0.011601 1.000000
0.011700 1.000000
0.011800 1.000000
0.011899 1.000000
0.011998 1.000000
0.012097 1.000000
0.012196 1.000000
0.012295 1.000000
0.012394 1.000000
0.012493 1.000000
0.012592 1.000000
0.012691 1.000000
0.012791 1.000000
0.012890 1.000000
0.012989 1.000000
0.013088 1.000000
0.013187 1.000000
0.013286 1.000000
0.013385 1.000000
0.013484 1.000000
0.013583 1.000000
0.013682 1.000000
0.013781 1.000000
0.013881 1.000000
0.013980 1.000000
0.014079 1.000000
0.014178 1.000000
0.014277 1.000000
0.014376 1.000000
0.014475 1.000000
0.014574 1.000000
0.014673 1.000000
0.014772 1.000000
0.014871 1.000000
0.014971 1.000000
0.015070 1.000000
0.015169 1.000000
0.015268 1.000000
0.015367 1.000000
0.015466 1.000000
0.015565 1.000000
0.015664 1.000000
0.015763 1.000000
0.015862 1.000000
0.015962 1.000000
0.016061 1.000000
0.016160 1.000000
0.016259 1.000000
0.016358 1.000000
0.016457 1.000000
0.016556 1.000000
0.016655 1.000000
0.016754 1.000000
0.016853 1.000000
0.016952 1.000000
0.017052 1.000000
0.017151 1.000000
0.017250 1.000000
0.017349 1.000000
0.017448 1.000000
0.017547 1.000000
0.017646 1.000000
0.017745 1.000000
0.017844 1.000000
0.017943 1.000000
0.018043 1.000000
0.018142 1.000000
0.018241 1.000000
0.018340 1.000000
0.018439 1.000000
0.018538 1.000000
0.018637 1.000000
0.018736 1.000000
0.018835 1.000000
0.018934 1.000000
0.019033 1.000000
0.019133 1.000000
0.019232 1.000000
0.019331 1.000000
0.019430 1.000000
0.019529 1.000000
0.019628 1.000000
0.019727 1.000000
0.019826 1.000000
0.019925 1.000000
0.020024 1.000000
0.020124 1.000000
0.020223 1.000000
0.020322 1.000000
0.020421 1.000000
0.020520 1.000000
0.020619 1.000000
0.020718 1.000000
0.020817 1.000000
0.020916 1.000000
0.021015 1.000000
0.021114 1.000000
0.021214 1.000000
0.021313 1.000000
0.021412 1.000000
0.021511 1.000000
0.021610 1.000000
0.021709 1.000000
0.021808 1.000000
0.021907 1.000000
0.022006 1.000000
0.022105 1.000000
0.022204 1.000000
0.022304 1.000000
0.022403 1.000000
0.022502 1.000000
0.022601 1.000000
0.022700 1.000000
0.022799 1.000000
0.022898 1.000000
0.022997 1.000000
0.023096 1.000000
0.023195 1.000000
0.023295 1.000000
0.023394 1.000000
0.023493 1.000000
0.023592 1.000000
0.023691 1.000000
0.023790 1.000000
0.023889 1.000000
0.023988 1.000000
0.024087 1.000000
0.024186 1.000000
0.024285 1.000000
0.024385 1.000000
0.024484 1.000000
0.024583 1.000000
0.024682 1.000000
0.024781 1.000000
0.024880 1.000000
0.024979 1.000000
0.025078 1.000000
0.025177 1.000000
0.025276 1.000000
0.025376 1.000000
0.025475 1.000000
0.025574 1.000000
0.025673 1.000000
0.025772 1.000000
0.025871 1.000000
0.025970 1.000000
0.026069 1.000000
0.026168 1.000000
0.026267 1.000000
0.026366 1.000000
0.026466 1.000000
0.026565 1.000000
0.026664 1.000000
0.026763 1.000000
0.026862 1.000000
0.026961 1.000000
0.027060 1.000000
0.027159 1.000000
0.027258 1.000000
0.027357 1.000000
0.027456 1.000000
0.027556 1.000000
0.027655 1.000000
0.027754 1.000000
0.027853 1.000000
0.027952 1.000000
0.028051 1.000000
0.028150 1.000000
0.028249 1.000000
0.028348 1.000000
0.028447 1.000000
0.028547 1.000000
0.028646 1.000000
0.028745 1.000000
0.028844 1.000000
0.028943 1.000000
0.029042 1.000000
0.029141 1.000000
0.029240 1.000000
0.029339 1.000000
0.029438 1.000000
0.029537 1.000000
0.029637 1.000000
0.029736 1.000000
0.029835 1.000000
0.029934 1.000000
0.030033 1.000000
0.030132 1.000000
0.030231 1.000000
0.030330 1.000000
0.030429 1.000000
0.030528 1.000000
0.030628 1.000000
0.030727 1.000000
0.030826 1.000000
0.030925 1.000000
0.031024 1.000000
0.031123 1.000000
0.031222 1.000000
0.031321 1.000000
0.031420 1.000000
0.031519 1.000000
0.031618 1.000000
0.031718 1.000000
0.031817 1.000000
0.031916 1.000000
0.032015 1.000000
0.032114 1.000000
0.032213 1.000000
0.032312 1.000000
0.032411 1.000000
0.032510 1.000000
0.032609 1.000000
0.032709 1.000000
0.032808 1.000000
0.032907 1.000000
0.033006 1.000000
0.033105 1.000000
0.033204 1.000000
0.033303 1.000000
0.033402 1.000000
0.033501 1.000000
0.033600 1.000000
0.033699 1.000000
0.033799 1.000000
0.033898 1.000000
0.033997 1.000000
0.034096 1.000000
0.034195 1.000000
0.034294 1.000000
0.034393 1.000000
0.034492 1.000000
0.034591 1.000000
0.034690 1.000000
0.034789 1.000000
0.034889 1.000000
0.034988 1.000000
0.035087 1.000000
0.035186 1.000000
0.035285 1.000000
0.035384 1.000000
0.035483 1.000000
0.035582 1.000000
0.035681 1.000000
0.035780 1.000000
0.035880 1.000000
0.035979 1.000000
0.036078 1.000000
0.036177 1.000000
0.036276 1.000000
0.036375 1.000000
0.036474 1.000000
0.036573 1.000000
0.036672 1.000000
0.036771 1.000000
0.036870 1.000000
0.036970 1.000000
0.037069 1.000000
0.037168 1.000000
0.037267 1.000000
0.037366 1.000000
0.037465 1.000000
0.037564 1.000000
0.037663 1.000000
0.037762 1.000000
0.037861 1.000000
0.037961 1.000000
0.038060 1.000000
0.038159 1.000000
0.038258 1.000000
0.038357 1.000000
0.038456 1.000000
0.038555 1.000000
0.038654 1.000000
0.038753 1.000000
0.038852 1.000000
0.038951 1.000000
0.039051 1.000000
0.039150 1.000000
0.039249 1.000000
0.039348 1.000000
0.039447 1.000000
0.039546 1.000000
0.039645 1.000000
0.039744 1.000000
0.039843 1.000000
0.039942 1.000000
0.040041 1.000000
0.040141 1.000000
0.040240 1.000000
0.040339 1.000000
0.040438 1.000000
0.040537 1.000000
0.040636 1.000000
0.040735 1.000000
0.040834 1.000000
0.040933 1.000000
0.041032 1.000000
0.041132 1.000000
0.041231 1.000000
0.041330 1.000000
0.041429 1.000000
0.041528 1.000000
0.041627 1.000000
0.041726 1.000000
0.041825 1.000000
0.041924 1.000000
0.042023 1.000000
0.042122 1.000000
0.042222 1.000000
0.042321 1.000000
0.042420 1.000000
0.042519 1.000000
0.042618 1.000000
0.042717 1.000000
0.042816 1.000000
0.042915 1.000000
0.043014 1.000000
0.043113 1.000000
0.043213 1.000000
0.043312 1.000000
0.043411 1.000000
0.043510 1.000000
0.043609 1.000000
0.043708 1.000000
0.043807 1.000000
0.043906 1.000000
0.044005 1.000000
0.044104 1.000000
0.044203 1.000000
0.044303 1.000000
0.044402 1.000000
0.044501 1.000000
0.044600 1.000000
0.044699 1.000000
0.044798 1.000000
0.044897 1.000000
0.044996 1.000000
0.045095 1.000000
0.045194 1.000000
0.045294 1.000000
0.045393 1.000000
0.045492 1.000000
0.045591 1.000000
0.045690 1.000000
0.045789 1.000000
0.045888 1.000000
0.045987 1.000000
0.046086 1.000000
0.046185 1.000000
0.046284 1.000000
0.046384 1.000000
0.046483 1.000000
0.046582 1.000000
0.046681 1.000000
0.046780 1.000000
0.046879 1.000000
0.046978 1.000000
0.047077 1.000000
0.047176 1.000000
0.047275 1.000000
0.047374 1.000000
0.047474 1.000000
0.047573 1.000000
0.047672 1.000000
0.047771 1.000000
0.047870 1.000000
0.047969 1.000000
0.048068 1.000000
0.048167 1.000000
0.048266 1.000000
0.048365 1.000000
0.048465 1.000000
0.048564 1.000000
0.048663 1.000000
0.048762 1.000000
0.048861 1.000000
0.048960 1.000000
0.049059 1.000000
0.049158 1.000000
0.049257 1.000000
0.049356 1.000000
0.049455 1.000000
0.049555 1.000000
0.049654 1.000000
0.049753 1.000000
0.049852 1.000000
0.049951 1.000000
0.050050 1.000000
0.050149 1.000000
0.050248 1.000000
0.050347 1.000000
0.050446 1.000000
0.050546 1.000000
0.050645 1.000000
0.050744 1.000000
0.050843 1.000000
0.050942 1.000000
0.051041 1.000000
0.051140 1.000000
0.051239 1.000000
0.051338 1.000000
0.051437 1.000000
0.051536 1.000000
0.051636 1.000000
0.051735 1.000000
0.051834 1.000000
0.051933 1.000000
0.052032 1.000000
0.052131 1.000000
0.052230 1.000000
0.052329 1.000000
0.052428 1.000000
0.052527 1.000000
0.052626 1.000000
0.052726 1.000000
0.052825 1.000000
0.052924 1.000000
0.053023 1.000000
0.053122 1.000000
0.053221 1.000000
0.053320 1.000000
0.053419 1.000000
0.053518 1.000000
0.053617 1.000000
0.053717 1.000000
0.053816 1.000000
0.053915 1.000000
0.054014 1.000000
0.054113 1.000000
0.054212 1.000000
0.054311 1.000000
0.054410 1.000000
0.054509 1.000000
0.054608 1.000000
0.054707 1.000000
0.054807 1.000000
0.054906 1.000000
0.055005 1.000000
0.055104 1.000000
0.055203 1.000000
0.055302 1.000000
0.055401 1.000000
0.055500 1.000000
0.055599 1.000000
0.055698 1.000000
0.055798 1.000000
0.055897 1.000000
0.055996 1.000000
0.056095 1.000000
0.056194 1.000000
0.056293 1.000000
0.056392 1.000000
0.056491 1.000000
0.056590 1.000000
0.056689 1.000000
0.056788 1.000000
0.056888 1.000000
0.056987 1.000000
0.057086 1.000000
0.057185 1.000000
0.057284 1.000000
0.057383 1.000000
0.057482 1.000000
0.057581 1.000000
0.057680 1.000000
0.057779 1.000000
0.057879 1.000000
0.057978 1.000000
0.058077 1.000000
0.058176 1.000000
0.058275 1.000000
0.058374 1.000000
0.058473 1.000000
0.058572 1.000000
0.058671 1.000000
0.058770 1.000000
0.058869 1.000000
0.058969 1.000000
0.059068 1.000000
0.059167 1.000000
0.059266 1.000000
0.059365 1.000000
0.059464 1.000000
0.059563 1.000000
0.059662 1.000000
0.059761 1.000000
0.059860 1.000000
0.059959 1.000000
0.060059 1.000000
0.060158 1.000000
0.060257 1.000000
0.060356 1.000000
0.060455 1.000000
0.060554 1.000000
0.060653 1.000000
0.060752 1.000000
0.060851 1.000000
0.060950 1.000000
0.061050 1.000000
0.061149 1.000000
0.061248 1.000000
0.061347 1.000000
0.061446 1.000000
0.061545 1.000000
0.061644 1.000000
0.061743 1.000000
0.061842 1.000000
0.061941 1.000000
0.062040 1.000000
0.062140 1.000000
0.062239 1.000000
0.062338 0.997442
0.062437 0.997442
0.062536 0.997442
0.062635 0.997442
0.062734 0.997442
0.062833 0.994885
0.062932 0.994885
0.063031 0.994885
0.063131 0.994885
0.063230 0.994885
0.063329 0.994885
0.063428 0.994885
0.063527 0.994885
0.063626 0.994885
0.063725 0.994885
0.063824 0.994885
0.063923 0.994885
0.064022 0.994885
0.064121 0.994885
0.064221 0.994885
0.064320 0.994885
0.064419 0.994885
0.064518 0.994885
0.064617 0.994885
0.064716 0.994885
0.064815 0.994885
0.064914 0.994885
0.065013 0.994885
0.065112 0.994885
0.065211 0.994885
0.065311 0.994885
0.065410 0.994885
0.065509 0.994885
0.065608 0.994885
0.065707 0.994885
0.065806 0.994885
0.065905 0.994885
0.066004 0.994885
0.066103 0.994885
0.066202 0.994885
0.066302 0.994885
0.066401 0.994885
0.066500 0.994885
0.066599 0.994885
0.066698 0.994885
0.066797 0.994885
0.066896 0.994885
0.066995 0.994885
0.067094 0.994885
0.067193 0.994885
0.067292 0.994885
0.067392 0.994885
0.067491 0.994885
0.067590 0.994885
0.067689 0.994885
0.067788 0.994885
0.067887 0.994885
0.067986 0.994885
0.068085 0.994885
0.068184 0.994885
0.068283 0.994885
0.068383 0.994885
0.068482 0.994885
0.068581 0.994885
0.068680 0.994885
0.068779 0.994885
0.068878 0.994885
0.068977 0.994885
0.069076 0.994885
0.069175 0.994885
0.069274 0.994885
0.069373 0.994885
0.069473 0.994885
0.069572 0.994885
0.069671 0.994885
0.069770 0.994885
0.069869 0.994885
0.069968 0.994885
0.070067 0.994885
0.070166 0.994885
0.070265 0.994885
0.070364 0.994885
0.070463 0.994885
0.070563 0.994885
0.070662 0.994885
0.070761 0.994885
0.070860 0.994885
0.070959 0.994885
0.071058 0.994885
0.071157 0.994885
0.071256 0.994885
0.071355 0.994885
0.071454 0.994885
0.071554 0.994885
0.071653 0.994885
0.071752 0.994885
0.071851 0.994885
0.071950 0.994885
0.072049 0.994885
0.072148 0.992327
0.072247 0.992327
0.072346 0.992327
0.072445 0.992327
0.072544 0.992327
0.072644 0.992327
0.072743 0.992327
0.072842 0.992327
0.072941 0.992327
0.073040 0.992327
0.073139 0.992327
0.073238 0.992327
0.073337 0.992327
0.073436 0.992327
0.073535 0.992327
0.073635 0.992327
0.073734 0.992327
0.073833 0.992327
0.073932 0.992327
0.074031 0.992327
0.074130 0.992327
0.074229 0.992327
0.074328 0.992327
0.074427 0.992327
0.074526 0.992327
0.074625 0.992327
0.074725 0.992327
0.074824 0.992327
0.074923 0.989770
0.075022 0.989770
0.075121 0.989770
0.075220 0.989770
0.075319 0.989770
0.075418 0.989770
0.075517 0.989770
0.075616 0.989770
0.075716 0.989770
0.075815 0.989770
0.075914 0.989770
0.076013 0.989770
0.076112 0.989770
0.076211 0.989770
0.076310 0.989770
0.076409 0.989770
0.076508 0.989770
0.076607 0.989770
0.076706 0.989770
0.076806 0.989770
0.076905 0.989770
0.077004 0.989770
0.077103 0.989770
0.077202 0.989770
0.077301 0.989770
0.077400 0.989770
0.077499 0.989770
0.077598 0.989770
0.077697 0.989770
0.077796 0.989770
0.077896 0.989770
0.077995 0.989770
0.078094 0.989770
0.078193 0.989770
0.078292 0.989770
0.078391 0.989770
0.078490 0.989770
0.078589 0.989770
0.078688 0.989770
0.078787 0.989770
0.078887 0.989770
0.078986 0.989770
0.079085 0.989770
0.079184 0.989770
0.079283 0.989770
0.079382 0.989770
0.079481 0.989770
0.079580 0.989770
0.079679 0.989770
0.079778 0.989770
0.079877 0.989770
0.079977 0.989770
0.080076 0.989770
0.080175 0.989770
0.080274 0.989770
0.080373 0.989770
0.080472 0.989770
0.080571 0.989770
0.080670 0.989770
0.080769 0.989770
0.080868 0.989770
0.080968 0.989770
0.081067 0.989770
0.081166 0.989770
0.081265 0.989770
0.081364 0.989770
0.081463 0.989770
0.081562 0.989770
0.081661 0.989770
0.081760 0.987212
0.081859 0.987212
0.081958 0.987212
0.082058 0.987212
0.082157 0.987212
0.082256 0.987212
0.082355 0.987212
0.082454 0.987212
0.082553 0.987212
0.082652 0.987212
0.082751 0.987212
0.082850 0.987212
0.082949 0.987212
0.083048 0.987212
0.083148 0.987212
0.083247 0.987212
0.083346 0.987212
0.083445 0.987212
0.083544 0.987212
0.083643 0.987212
0.083742 0.987212
0.083841 0.987212
0.083940 0.987212
0.084039 0.987212
0.084139 0.987212
0.084238 0.987212
0.084337 0.987212
0.084436 0.987212
0.084535 0.987212
0.084634 0.987212
0.084733 0.987212
0.084832 0.987212
0.084931 0.987212
0.085030 0.987212
0.085129 0.987212
0.085229 0.987212
0.085328 0.987212
0.085427 0.987212
0.085526 0.987212
0.085625 0.987212
0.085724 0.987212
0.085823 0.987212
0.085922 0.987212
0.086021 0.987212
0.086120 0.987212
0.086220 0.987212
0.086319 0.987212
0.086418 0.987212
0.086517 0.987212
0.086616 0.987212
0.086715 0.987212
0.086814 0.987212
0.086913 0.987212
0.087012 0.987212
0.087111 0.987212
0.087210 0.987212
0.087310 0.987212
0.087409 0.987212
0.087508 0.987212
0.087607 0.987212
0.087706 0.987212
0.087805 0.987212
0.087904 0.987212
0.088003 0.987212
0.088102 0.987212
0.088201 0.987212
0.088301 0.987212
0.088400 0.987212
0.088499 0.987212
0.088598 0.987212
0.088697 0.987212
0.088796 0.987212
0.088895 0.987212
0.088994 0.987212
0.089093 0.987212
0.089192 0.987212
0.089291 0.987212
0.089391 0.987212
0.089490 0.987212
0.089589 0.987212
0.089688 0.987212
0.089787 0.987212
0.089886 0.987212
0.089985 0.987212
0.090084 0.987212
0.090183 0.987212
0.090282 0.987212
0.090381 0.987212
0.090481 0.987212
0.090580 0.987212
0.090679 0.987212
0.090778 0.987212
0.090877 0.987212
0.090976 0.987212
0.091075 0.987212
0.091174 0.987212
0.091273 0.987212
0.091372 0.987212
0.091472 0.987212
0.091571 0.987212
0.091670 0.987212
0.091769 0.987212
0.091868 0.987212
0.091967 0.987212
0.092066 0.987212
0.092165 0.987212
0.092264 0.987212
0.092363 0.987212
0.092462 0.987212
0.092562 0.987212
0.092661 0.987212
0.092760 0.987212
0.092859 0.987212
0.092958 0.987212
0.093057 0.987212
0.093156 0.987212
0.093255 0.987212
0.093354 0.987212
0.093453 0.987212
0.093553 0.987212
0.093652 0.987212
0.093751 0.987212
0.093850 0.987212
0.093949 0.987212
0.094048 0.987212
0.094147 0.987212
0.094246 0.987212
0.094345 0.987212
0.094444 0.987212
0.094543 0.987212
0.094643 0.987212
0.094742 0.987212
0.094841 0.987212
0.094940 0.987212
0.095039 0.987212
0.095138 0.987212
0.095237 0.987212
0.095336 0.987212
0.095435 0.987212
0.095534 0.987212
0.095633 0.987212
0.095733 0.987212
0.095832 0.987212
0.095931 0.987212
0.096030 0.987212
0.096129 0.987212
0.096228 0.987212
0.096327 0.987212
0.096426 0.987212
0.096525 0.987212
0.096624 0.987212
0.096724 0.987212
0.096823 0.987212
0.096922 0.987212
0.097021 0.984655
0.097120 0.984655
0.097219 0.984655
0.097318 0.984655
0.097417 0.984655
0.097516 0.984655
0.097615 0.984655
0.097714 0.984655
0.097814 0.984655
0.097913 0.984655
0.098012 0.984655
0.098111 0.984655
0.098210 0.984655
0.098309 0.984655
0.098408 0.984655
0.098507 0.984655
0.098606 0.984655
0.098705 0.984655
0.098805 0.984655
0.098904 0.984655
0.099003 0.984655
0.099102 0.984655
0.099201 0.984655
0.099300 0.984655
0.099399 0.984655
0.099498 0.984655
0.099597 0.984655
0.099696 0.982097
0.099795 0.982097
0.099895 0.982097
0.099994 0.982097
0.100093 0.982097
0.100192 0.982097
0.100291 0.982097
0.100390 0.982097
0.100489 0.982097
0.100588 0.982097
0.100687 0.982097
0.100786 0.982097
0.100886 0.982097
0.100985 0.982097
0.101084 0.982097
0.101183 0.982097
0.101282 0.982097
0.101381 0.982097
0.101480 0.982097
0.101579 0.982097
0.101678 0.982097
0.101777 0.982097
0.101876 0.982097
0.101976 0.982097
0.102075 0.982097
0.102174 0.982097
0.102273 0.982097
0.102372 0.982097
0.102471 0.982097
0.102570 0.982097
0.102669 0.982097
0.102768 0.982097
0.102867 0.982097
0.102966 0.982097
0.103066 0.982097
0.103165 0.982097
0.103264 0.982097
0.103363 0.982097
0.103462 0.982097
0.103561 0.982097
0.103660 0.982097
0.103759 0.982097
0.103858 0.979540
0.103957 0.979540
0.104057 0.979540
0.104156 0.979540
0.104255 0.979540
0.104354 0.979540
0.104453 0.979540
0.104552 0.979540
0.104651 0.979540
0.104750 0.979540
0.104849 0.979540
0.104948 0.979540
0.105047 0.979540
0.105147 0.979540
0.105246 0.979540
0.105345 0.979540
0.105444 0.979540
0.105543 0.979540
0.105642 0.979540
0.105741 0.979540
0.105840 0.979540
0.105939 0.979540
0.106038 0.979540
0.106138 0.979540
0.106237 0.979540
0.106336 0.979540
0.106435 0.979540
0.106534 0.976982
0.106633 0.976982
0.106732 0.976982
0.106831 0.976982
0.106930 0.976982
0.107029 0.976982
0.107128 0.976982
0.107228 0.976982
0.107327 0.976982
0.107426 0.976982
0.107525 0.976982
0.107624 0.976982
0.107723 0.976982
0.107822 0.976982
0.107921 0.976982
0.108020 0.976982
0.108119 0.976982
0.108218 0.976982
0.108318 0.976982
0.108417 0.976982
0.108516 0.976982
0.108615 0.976982
0.108714 0.976982
0.108813 0.976982
0.108912 0.976982
0.109011 0.976982
0.109110 0.976982
0.109209 0.976982
0.109309 0.976982
0.109408 0.976982
0.109507 0.976982
0.109606 0.976982
0.109705 0.976982
0.109804 0.976982
0.109903 0.976982
0.110002 0.976982
0.110101 0.976982
0.110200 0.976982
0.110299 0.976982
0.110399 0.976982
0.110498 0.976982
0.110597 0.976982
0.110696 0.976982
0.110795 0.976982
0.110894 0.976982
0.110993 0.976982
0.111092 0.976982
0.111191 0.976982
0.111290 0.976982
0.111390 0.976982
0.111489 0.976982
0.111588 0.976982
0.111687 0.976982
0.111786 0.976982
0.111885 0.976982
0.111984 0.976982
0.112083 0.976982
0.112182 0.976982
0.112281 0.976982
0.112380 0.976982
0.112480 0.976982
0.112579 0.976982
0.112678 0.976982
0.112777 0.976982
0.112876 0.976982
0.112975 0.976982
0.113074 0.976982
0.113173 0.976982
0.113272 0.976982
0.113371 0.976982
0.113471 0.976982
0.113570 0.976982
0.113669 0.976982
0.113768 0.976982
0.113867 0.976982
0.113966 0.976982
0.114065 0.974425
0.114164 0.974425
0.114263 0.974425
0.114362 0.974425
0.114461 0.974425
0.114561 0.974425
0.114660 0.974425
0.114759 0.974425
0.114858 0.974425
0.114957 0.974425
0.115056 0.974425
0.115155 0.974425
0.115254 0.974425
0.115353 0.974425
0.115452 0.974425
0.115551 0.974425
0.115651 0.974425
0.115750 0.974425
0.115849 0.974425
0.115948 0.974425
0.116047 0.974425
0.116146 0.974425
0.116245 0.974425
0.116344 0.974425
0.116443 0.974425
0.116542 0.974425
0.116642 0.974425
0.116741 0.974425
0.116840 0.974425
0.116939 0.974425
0.117038 0.974425
0.117137 0.974425
0.117236 0.974425
0.117335 0.974425
0.117434 0.974425
0.117533 0.974425
0.117632 0.974425
0.117732 0.974425
0.117831 0.974425
0.117930 0.974425
0.118029 0.974425
0.118128 0.974425
0.118227 0.974425
0.118326 0.974425
0.118425 0.974425
0.118524 0.974425
0.118623 0.974425
0.118723 0.974425
0.118822 0.974425
0.118921 0.974425
0.119020 0.974425
0.119119 0.974425
0.119218 0.974425
0.119317 0.974425
0.119416 0.974425
0.119515 0.974425
0.119614 0.974425
0.119713 0.974425
0.119813 0.974425
0.119912 0.974425
0.120011 0.974425
0.120110 0.974425
0.120209 0.974425
0.120308 0.974425
0.120407 0.974425
0.120506 0.974425
0.120605 0.974425
0.120704 0.974425
0.120803 0.974425
0.120903 0.974425
0.121002 0.974425
0.121101 0.974425
0.121200 0.974425
0.121299 0.974425
0.121398 0.974425
0.121497 0.974425
0.121596 0.974425
0.121695 0.974425
0.121794 0.974425
0.121894 0.974425
0.121993 0.974425
0.122092 0.974425
0.122191 0.974425
0.122290 0.974425
0.122389 0.974425
0.122488 0.974425
0.122587 0.974425
0.122686 0.974425
0.122785 0.974425
0.122884 0.974425
0.122984 0.974425
0.123083 0.974425
0.123182 0.974425
0.123281 0.974425
0.123380 0.974425
0.123479 0.974425
0.123578 0.974425
0.123677 0.974425
0.123776 0.974425
0.123875 0.974425
0.123975 0.974425
0.124074 0.974425
0.124173 0.974425
0.124272 0.974425
0.124371 0.974425
0.124470 0.974425
0.124569 0.974425
0.124668 0.974425
0.124767 0.974425
0.124866 0.974425
0.124965 0.974425
0.125065 0.974425
0.125164 0.974425
0.125263 0.974425
0.125362 0.974425
0.125461 0.974425
0.125560 0.974425
0.125659 0.974425
0.125758 0.974425
0.125857 0.974425
0.125956 0.971867
0.126056 0.971867
0.126155 0.971867
0.126254 0.971867
0.126353 0.971867
0.126452 0.971867
0.126551 0.971867
0.126650 0.971867
0.126749 0.971867
0.126848 0.971867
0.126947 0.971867
0.127046 0.971867
0.127146 0.971867
0.127245 0.971867
0.127344 0.971867
0.127443 0.971867
0.127542 0.971867
0.127641 0.971867
0.127740 0.971867
0.127839 0.971867
0.127938 0.971867
0.128037 0.971867
0.128136 0.971867
0.128236 0.971867
0.128335 0.971867
0.128434 0.971867
0.128533 0.971867
0.128632 0.971867
0.128731 0.971867
0.128830 0.971867
0.128929 0.971867
0.129028 0.971867
0.129127 0.971867
0.129227 0.971867
0.129326 0.971867
0.129425 0.971867
0.129524 0.971867
0.129623 0.971867
0.129722 0.971867
0.129821 0.971867
0.129920 0.971867
0.130019 0.971867
0.130118 0.971867
0.130217 0.971867
0.130317 0.971867
0.130416 0.971867
0.130515 0.971867
0.130614 0.971867
0.130713 0.971867
0.130812 0.971867
0.130911 0.971867
0.131010 0.971867
0.131109 0.971867
0.131208 0.971867
0.131308 0.971867
0.131407 0.971867
0.131506 0.971867
0.131605 0.971867
0.131704 0.971867
0.131803 0.971867
0.131902 0.971867
0.132001 0.971867
0.132100 0.971867
0.132199 0.971867
0.132298 0.971867
0.132398 0.971867
0.132497 0.971867
0.132596 0.971867
0.132695 0.971867
0.132794 0.971867
0.132893 0.971867
0.132992 0.971867
0.133091 0.971867
0.133190 0.971867
0.133289 0.971867
0.133388 0.971867
0.133488 0.971867
0.133587 0.971867
0.133686 0.971867
0.133785 0.971867
0.133884 0.971867
0.133983 0.971867
0.134082 0.971867
0.134181 0.971867
0.134280 0.971867
0.134379 0.971867
0.134479 0.971867
0.134578 0.971867
0.134677 0.971867
0.134776 0.971867
0.134875 0.971867
0.134974 0.971867
0.135073 0.971867
0.135172 0.971867
0.135271 0.971867
0.135370 0.971867
0.135469 0.971867
0.135569 0.971867
0.135668 0.971867
0.135767 0.971867
0.135866 0.971867
0.135965 0.971867
0.136064 0.971867
0.136163 0.971867
0.136262 0.971867
0.136361 0.971867
0.136460 0.971867
0.136560 0.971867
0.136659 0.971867
0.136758 0.971867
0.136857 0.971867
0.136956 0.971867
0.137055 0.971867
0.137154 0.971867
0.137253 0.971867
0.137352 0.971867
0.137451 0.971867
0.137550 0.971867
0.137650 0.971867
0.137749 0.971867
0.137848 0.971867
0.137947 0.971867
0.138046 0.971867
0.138145 0.971867
0.138244 0.971867
0.138343 0.971867
0.138442 0.971867
0.138541 0.971867
0.138641 0.971867
0.138740 0.971867
0.138839 0.971867
0.138938 0.971867
0.139037 0.971867
0.139136 0.971867
0.139235 0.971867
0.139334 0.971867
0.139433 0.971867
0.139532 0.971867
0.139631 0.971867
0.139731 0.971867
0.139830 0.971867
0.139929 0.971867
0.140028 0.971867
0.140127 0.971867
0.140226 0.971867
0.140325 0.971867
0.140424 0.971867
0.140523 0.971867
0.140622 0.971867
0.140721 0.971867
0.140821 0.971867
0.140920 0.971867
0.141019 0.971867
0.141118 0.971867
0.141217 0.971867
0.141316 0.971867
0.141415 0.971867
0.141514 0.971867
0.141613 0.971867
0.141712 0.971867
0.141812 0.971867
0.141911 0.971867
0.142010 0.971867
0.142109 0.971867
0.142208 0.971867
0.142307 0.971867
0.142406 0.971867
0.142505 0.971867
0.142604 0.971867
0.142703 0.971867
0.142802 0.971867
0.142902 0.971867
0.143001 0.971867
0.143100 0.971867
0.143199 0.971867
0.143298 0.971867
0.143397 0.971867
0.143496 0.971867
0.143595 0.971867
0.143694 0.971867
0.143793 0.971867
0.143893 0.971867
0.143992 0.971867
0.144091 0.971867
0.144190 0.971867
0.144289 0.971867
0.144388 0.971867
0.144487 0.971867
0.144586 0.971867
0.144685 0.971867
0.144784 0.971867
0.144883 0.971867
0.144983 0.971867
0.145082 0.971867
0.145181 0.971867
0.145280 0.971867
0.145379 0.971867
0.145478 0.971867
0.145577 0.971867
0.145676 0.971867
0.145775 0.971867
0.145874 0.971867
0.145973 0.971867
0.146073 0.971867
0.146172 0.971867
0.146271 0.971867
0.146370 0.971867
0.146469 0.971867
0.146568 0.971867
0.146667 0.969309
0.146766 0.969309
0.146865 0.969309
0.146964 0.969309
0.147064 0.969309
0.147163 0.969309
0.147262 0.969309
0.147361 0.969309
0.147460 0.969309
0.147559 0.969309
0.147658 0.969309
0.147757 0.969309
0.147856 0.969309
0.147955 0.969309
0.148054 0.969309
0.148154 0.969309
0.148253 0.969309
0.148352 0.969309
0.148451 0.969309
0.148550 0.969309
0.148649 0.969309
0.148748 0.969309
0.148847 0.969309
0.148946 0.969309
0.149045 0.969309
0.149145 0.969309
0.149244 0.969309
0.149343 0.969309
0.149442 0.969309
0.149541 0.969309
0.149640 0.969309
0.149739 0.969309
0.149838 0.969309
0.149937 0.969309
0.150036 0.969309
0.150135 0.969309
0.150235 0.969309
0.150334 0.969309
0.150433 0.969309
0.150532 0.969309
0.150631 0.969309
0.150730 0.969309
0.150829 0.969309
0.150928 0.969309
0.151027 0.969309
0.151126 0.969309
0.151226 0.969309
0.151325 0.969309
0.151424 0.969309
0.151523 0.969309
0.151622 0.969309
0.151721 0.969309
0.151820 0.969309
0.151919 0.969309
0.152018 0.969309
0.152117 0.969309
0.152216 0.969309
0.152316 0.969309
0.152415 0.969309
0.152514 0.969309
0.152613 0.969309
0.152712 0.969309
0.152811 0.969309
0.152910 0.969309
0.153009 0.969309
0.153108 0.969309
0.153207 0.969309
0.153306 0.969309
0.153406 0.969309
0.153505 0.969309
0.153604 0.969309
0.153703 0.969309
0.153802 0.969309
0.153901 0.969309
0.154000 0.969309
0.154099 0.969309
0.154198 0.969309
0.154297 0.969309
0.154397 0.969309
0.154496 0.969309
0.154595 0.969309
0.154694 0.969309
0.154793 0.969309
0.154892 0.969309
0.154991 0.969309
0.155090 0.969309
0.155189 0.969309
0.155288 0.969309
0.155387 0.969309
0.155487 0.969309
0.155586 0.969309
0.155685 0.969309
0.155784 0.969309
0.155883 0.969309
0.155982 0.969309
0.156081 0.969309
0.156180 0.969309
0.156279 0.969309
0.156378 0.969309
0.156478 0.969309
0.156577 0.969309
0.156676 0.969309
0.156775 0.969309
0.156874 0.969309
0.156973 0.969309
0.157072 0.969309
0.157171 0.969309
0.157270 0.969309
0.157369 0.969309
0.157468 0.969309
0.157568 0.969309
0.157667 0.969309
0.157766 0.969309
0.157865 0.969309
0.157964 0.969309
0.158063 0.969309
0.158162 0.966752
0.158261 0.966752
0.158360 0.966752
0.158459 0.966752
0.158558 0.966752
0.158658 0.966752
0.158757 0.966752
0.158856 0.966752
0.158955 0.966752
0.159054 0.966752
0.159153 0.966752
0.159252 0.966752
0.159351 0.966752
0.159450 0.966752
0.159549 0.966752
0.159649 0.966752
0.159748 0.966752
0.159847 0.966752
0.159946 0.966752
0.160045 0.966752
0.160144 0.966752
0.160243 0.966752
0.160342 0.966752
0.160441 0.966752
0.160540 0.966752
0.160639 0.966752
0.160739 0.966752
0.160838 0.966752
0.160937 0.966752
0.161036 0.966752
0.161135 0.966752
0.161234 0.966752
0.161333 0.966752
0.161432 0.966752
0.161531 0.966752
0.161630 0.966752
0.161730 0.964194
0.161829 0.964194
0.161928 0.964194
0.162027 0.964194
0.162126 0.964194
0.162225 0.964194
0.162324 0.964194
0.162423 0.964194
0.162522 0.964194
0.162621 0.964194
0.162720 0.964194
0.162820 0.964194
0.162919 0.964194
0.163018 0.964194
0.163117 0.964194
0.163216 0.964194
0.163315 0.964194
0.163414 0.964194
0.163513 0.964194
0.163612 0.964194
0.163711 0.964194
0.163811 0.964194
0.163910 0.964194
0.164009 0.964194
0.164108 0.964194
0.164207 0.964194
0.164306 0.964194
0.164405 0.964194
0.164504 0.964194
0.164603 0.964194
0.164702 0.964194
0.164801 0.964194
0.164901 0.964194
0.165000 0.964194
0.165099 0.964194
0.165198 0.964194
0.165297 0.964194
0.165396 0.964194
0.165495 0.964194
0.165594 0.964194
0.165693 0.964194
0.165792 0.964194
0.165891 0.961637
0.165991 0.961637
0.166090 0.961637
0.166189 0.961637
0.166288 0.961637
0.166387 0.961637
0.166486 0.961637
0.166585 0.961637
0.166684 0.961637
0.166783 0.961637
0.166882 0.961637
0.166982 0.961637
0.167081 0.961637
0.167180 0.961637
0.167279 0.961637
0.167378 0.961637
0.167477 0.961637
0.167576 0.961637
0.167675 0.961637
0.167774 0.959079
0.167873 0.959079
0.167972 0.959079
0.168072 0.959079
0.168171 0.959079
0.168270 0.959079
0.168369 0.959079
0.168468 0.959079
0.168567 0.959079
0.168666 0.959079
0.168765 0.959079
0.168864 0.959079
0.168963 0.959079
0.169063 0.959079
0.169162 0.959079
0.169261 0.959079
0.169360 0.959079
0.169459 0.959079
0.169558 0.959079
0.169657 0.959079
0.169756 0.959079
0.169855 0.959079
0.169954 0.959079
0.170053 0.959079
0.170153 0.959079
0.170252 0.959079
0.170351 0.959079
0.170450 0.959079
0.170549 0.959079
0.170648 0.959079
0.170747 0.959079
0.170846 0.959079
0.170945 0.959079
0.171044 0.959079
0.171143 0.959079
0.171243 0.959079
0.171342 0.959079
0.171441 0.959079
0.171540 0.959079
0.171639 0.959079
0.171738 0.959079
0.171837 0.959079
0.171936 0.959079
0.172035 0.959079
0.172134 0.959079
0.172234 0.959079
0.172333 0.959079
0.172432 0.959079
0.172531 0.959079
0.172630 0.959079
0.172729 0.959079
0.172828 0.959079
0.172927 0.959079
0.173026 0.959079
0.173125 0.959079
0.173224 0.959079
0.173324 0.959079
0.173423 0.959079
0.173522 0.959079
0.173621 0.959079
0.173720 0.956522
0.173819 0.956522
0.173918 0.956522
0.174017 0.956522
0.174116 0.956522
0.174215 0.956522
0.174315 0.956522
0.174414 0.956522
0.174513 0.956522
0.174612 0.956522
0.174711 0.956522
0.174810 0.956522
0.174909 0.956522
0.175008 0.956522
0.175107 0.956522
0.175206 0.956522
0.175305 0.956522
0.175405 0.956522
0.175504 0.956522
0.175603 0.956522
0.175702 0.956522
0.175801 0.956522
0.175900 0.953964
0.175999 0.953964
0.176098 0.953964
0.176197 0.953964
0.176296 0.953964
0.176395 0.953964
0.176495 0.953964
0.176594 0.953964
0.176693 0.953964
0.176792 0.953964
0.176891 0.953964
0.176990 0.951407
0.177089 0.951407
0.177188 0.951407
0.177287 0.951407
0.177386 0.951407
0.177486 0.951407
0.177585 0.951407
0.177684 0.951407
0.177783 0.951407
0.177882 0.951407
0.177981 0.951407
0.178080 0.951407
0.178179 0.951407
0.178278 0.951407
0.178377 0.951407
0.178476 0.951407
0.178576 0.951407
0.178675 0.951407
0.178774 0.951407
0.178873 0.951407
0.178972 0.948849
0.179071 0.948849
0.179170 0.948849
0.179269 0.948849
0.179368 0.948849
0.179467 0.948849
0.179567 0.948849
0.179666 0.948849
0.179765 0.948849
0.179864 0.948849
0.179963 0.948849
0.180062 0.948849
0.180161 0.948849
0.180260 0.948849
0.180359 0.948849
0.180458 0.948849
0.180557 0.948849
0.180657 0.948849
0.180756 0.948849
0.180855 0.948849
0.180954 0.948849
0.181053 0.948849
0.181152 0.948849
0.181251 0.948849
0.181350 0.948849
0.181449 0.948849
0.181548 0.948849
0.181648 0.948849
0.181747 0.948849
0.181846 0.948849
0.181945 0.948849
0.182044 0.948849
0.182143 0.948849
0.182242 0.948849
0.182341 0.948849
0.182440 0.948849
0.182539 0.948849
0.182638 0.948849
0.182738 0.948849
0.182837 0.948849
0.182936 0.948849
0.183035 0.948849
0.183134 0.948849
0.183233 0.948849
0.183332 0.948849
0.183431 0.948849
0.183530 0.948849
0.183629 0.948849
0.183728 0.946292
0.183828 0.946292
0.183927 0.946292
0.184026 0.946292
0.184125 0.946292
0.184224 0.946292
0.184323 0.946292
0.184422 0.946292
0.184521 0.946292
0.184620 0.946292
0.184719 0.946292
0.184819 0.946292
0.184918 0.946292
0.185017 0.946292
0.185116 0.946292
0.185215 0.946292
0.185314 0.946292
0.185413 0.946292
0.185512 0.946292
0.185611 0.946292
0.185710 0.946292
0.185809 0.946292
0.185909 0.946292
0.186008 0.946292
0.186107 0.946292
0.186206 0.946292
0.186305 0.946292
0.186404 0.946292
0.186503 0.946292
0.186602 0.946292
0.186701 0.946292
0.186800 0.946292
0.186900 0.946292
0.186999 0.946292
0.187098 0.943734
0.187197 0.943734
0.187296 0.943734
0.187395 0.943734
0.187494 0.943734
0.187593 0.943734
0.187692 0.943734
0.187791 0.943734
0.187890 0.943734
0.187990 0.943734
0.188089 0.943734
0.188188 0.943734
0.188287 0.943734
0.188386 0.943734
0.188485 0.943734
0.188584 0.943734
0.188683 0.943734
0.188782 0.943734
0.188881 0.943734
0.188980 0.943734
0.189080 0.943734
0.189179 0.943734
0.189278 0.943734
0.189377 0.943734
0.189476 0.943734
0.189575 0.943734
0.189674 0.943734
0.189773 0.943734
0.189872 0.943734
0.189971 0.943734
0.190071 0.943734
0.190170 0.943734
0.190269 0.943734
0.190368 0.943734
0.190467 0.943734
0.190566 0.943734
0.190665 0.943734
0.190764 0.943734
0.190863 0.943734
0.190962 0.943734
0.191061 0.943734
0.191161 0.943734
0.191260 0.943734
0.191359 0.943734
0.191458 0.943734
0.191557 0.943734
0.191656 0.943734
0.191755 0.943734
0.191854 0.943734
0.191953 0.943734
0.192052 0.943734
0.192152 0.943734
0.192251 0.943734
0.192350 0.943734
0.192449 0.943734
0.192548 0.943734
0.192647 0.943734
0.192746 0.943734
0.192845 0.943734
0.192944 0.943734
0.193043 0.943734
0.193142 0.943734
0.193242 0.943734
0.193341 0.941176
0.193440 0.941176
0.193539 0.941176
0.193638 0.941176
0.193737 0.941176
0.193836 0.941176
0.193935 0.941176
0.194034 0.941176
0.194133 0.941176
0.194233 0.941176
0.194332 0.941176
0.194431 0.941176
0.194530 0.941176
0.194629 0.941176
0.194728 0.941176
0.194827 0.941176
0.194926 0.941176
0.195025 0.941176
0.195124 0.941176
0.195223 0.941176
0.195323 0.941176
0.195422 0.941176
0.195521 0.941176
0.195620 0.941176
0.195719 0.941176
0.195818 0.941176
0.195917 0.941176
0.196016 0.941176
0.196115 0.941176
0.196214 0.941176
0.196313 0.941176
0.196413 0.941176
0.196512 0.941176
0.196611 0.941176
0.196710 0.941176
0.196809 0.941176
0.196908 0.941176
0.197007 0.941176
0.197106 0.941176
0.197205 0.941176
0.197304 0.941176
0.197404 0.941176
0.197503 0.941176
0.197602 0.941176
0.197701 0.941176
0.197800 0.941176
0.197899 0.941176
0.197998 0.941176
0.198097 0.938619
0.198196 0.938619
0.198295 0.938619
0.198394 0.938619
0.198494 0.938619
0.198593 0.938619
0.198692 0.938619
0.198791 0.938619
0.198890 0.938619
0.198989 0.938619
0.199088 0.938619
0.199187 0.938619
0.199286 0.938619
0.199385 0.938619
0.199485 0.938619
0.199584 0.938619
0.199683 0.938619
0.199782 0.938619
0.199881 0.938619
0.199980 0.938619
0.200079 0.938619
0.200178 0.938619
0.200277 0.938619
0.200376 0.938619
0.200475 0.938619
0.200575 0.938619
0.200674 0.938619
0.200773 0.938619
0.200872 0.938619
0.200971 0.938619
0.201070 0.938619
0.201169 0.938619
0.201268 0.938619
0.201367 0.938619
0.201466 0.938619
0.201565 0.938619
0.201665 0.938619
0.201764 0.938619
0.201863 0.938619
0.201962 0.938619
0.202061 0.938619
0.202160 0.938619
0.202259 0.938619
0.202358 0.938619
0.202457 0.938619
0.202556 0.938619
0.202656 0.938619
0.202755 0.938619
0.202854 0.938619
0.202953 0.938619
0.203052 0.938619
0.203151 0.938619
0.203250 0.938619
0.203349 0.938619
0.203448 0.938619
0.203547 0.938619
0.203646 0.938619
0.203746 0.938619
0.203845 0.938619
0.203944 0.938619
0.204043 0.938619
0.204142 0.938619
0.204241 0.938619
0.204340 0.938619
0.204439 0.938619
0.204538 0.938619
0.204637 0.938619
0.204737 0.938619
0.204836 0.938619
0.204935 0.938619
0.205034 0.938619
0.205133 0.938619
0.205232 0.938619
0.205331 0.938619
0.205430 0.938619
0.205529 0.938619
0.205628 0.938619
0.205727 0.938619
0.205827 0.938619
0.205926 0.938619
0.206025 0.938619
0.206124 0.938619
0.206223 0.938619
0.206322 0.938619
0.206421 0.938619
0.206520 0.938619
0.206619 0.938619
0.206718 0.938619
0.206818 0.938619
0.206917 0.938619
0.207016 0.938619
0.207115 0.938619
0.207214 0.938619
0.207313 0.938619
0.207412 0.938619
0.207511 0.938619
0.207610 0.938619
0.207709 0.938619
0.207808 0.938619
0.207908 0.938619
0.208007 0.938619
0.208106 0.938619
0.208205 0.938619
0.208304 0.938619
0.208403 0.936061
0.208502 0.936061
0.208601 0.936061
0.208700 0.936061
0.208799 0.936061
0.208898 0.936061
0.208998 0.936061
0.209097 0.936061
0.209196 0.936061
0.209295 0.936061
0.209394 0.936061
0.209493 0.936061
0.209592 0.936061
0.209691 0.936061
0.209790 0.936061
0.209889 0.936061
0.209989 0.936061
0.210088 0.936061
0.210187 0.936061
0.210286 0.936061
0.210385 0.936061
0.210484 0.936061
0.210583 0.936061
0.210682 0.936061
0.210781 0.936061
0.210880 0.936061
0.210979 0.936061
0.211079 0.936061
0.211178 0.936061
0.211277 0.936061
0.211376 0.936061
0.211475 0.936061
0.211574 0.936061
0.211673 0.936061
0.211772 0.936061
0.211871 0.936061
0.211970 0.936061
0.212070 0.936061
0.212169 0.936061
0.212268 0.936061
0.212367 0.933504
0.212466 0.933504
0.212565 0.933504
0.212664 0.933504
0.212763 0.933504
0.212862 0.933504
0.212961 0.933504
0.213060 0.933504
0.213160 0.933504
0.213259 0.933504
0.213358 0.933504
0.213457 0.933504
0.213556 0.933504
0.213655 0.933504
0.213754 0.933504
0.213853 0.933504
0.213952 0.933504
0.214051 0.933504
0.214150 0.933504
0.214250 0.933504
0.214349 0.933504
0.214448 0.933504
0.214547 0.933504
0.214646 0.933504
0.214745 0.933504
0.214844 0.933504
0.214943 0.933504
0.215042 0.933504
0.215141 0.933504
0.215241 0.933504
0.215340 0.933504
0.215439 0.933504
0.215538 0.933504
0.215637 0.933504
0.215736 0.933504
0.215835 0.933504
0.215934 0.933504
0.216033 0.933504
0.216132 0.933504
0.216231 0.933504
0.216331 0.933504
0.216430 0.933504
0.216529 0.933504
0.216628 0.933504
0.216727 0.933504
0.216826 0.933504
0.216925 0.933504
0.217024 0.933504
0.217123 0.933504
0.217222 0.933504
0.217322 0.933504
0.217421 0.933504
0.217520 0.933504
0.217619 0.933504
0.217718 0.933504
0.217817 0.933504
0.217916 0.933504
0.218015 0.933504
0.218114 0.933504
0.218213 0.933504
0.218312 0.933504
0.218412 0.933504
0.218511 0.933504
0.218610 0.933504
0.218709 0.933504
0.218808 0.933504
0.218907 0.933504
0.219006 0.933504
0.219105 0.933504
0.219204 0.933504
0.219303 0.933504
0.219403 0.933504
0.219502 0.933504
0.219601 0.933504
0.219700 0.933504
0.219799 0.933504
0.219898 0.930946
0.219997 0.930946
0.220096 0.930946
0.220195 0.930946
0.220294 0.930946
0.220393 0.930946
0.220493 0.930946
0.220592 0.930946
0.220691 0.930946
0.220790 0.930946
0.220889 0.930946
0.220988 0.930946
0.221087 0.930946
0.221186 0.930946
0.221285 0.930946
0.221384 0.930946
0.221483 0.930946
0.221583 0.930946
0.221682 0.930946
0.221781 0.930946
0.221880 0.930946
0.221979 0.930946
0.222078 0.930946
0.222177 0.930946
0.222276 0.930946
0.222375 0.930946
0.222474 0.930946
0.222574 0.928389
0.222673 0.928389
0.222772 0.928389
0.222871 0.928389
0.222970 0.928389
0.223069 0.928389
0.223168 0.928389
0.223267 0.928389
0.223366 0.928389
0.223465 0.928389
0.223564 0.928389
0.223664 0.928389
0.223763 0.928389
0.223862 0.928389
0.223961 0.928389
0.224060 0.928389
0.224159 0.928389
0.224258 0.928389
0.224357 0.928389
0.224456 0.928389
0.224555 0.928389
0.224655 0.928389
0.224754 0.928389
0.224853 0.928389
0.224952 0.928389
0.225051 0.928389
0.225150 0.928389
0.225249 0.928389
0.225348 0.928389
0.225447 0.928389
0.225546 0.925831
0.225645 0.925831
0.225745 0.925831
0.225844 0.925831
0.225943 0.925831
0.226042 0.925831
0.226141 0.925831
0.226240 0.925831
0.226339 0.925831
0.226438 0.925831
0.226537 0.925831
0.226636 0.925831
0.226735 0.925831
0.226835 0.925831
0.226934 0.925831
0.227033 0.925831
0.227132 0.925831
0.227231 0.925831
0.227330 0.925831
0.227429 0.925831
0.227528 0.925831
0.227627 0.925831
0.227726 0.925831
0.227826 0.925831
0.227925 0.925831
0.228024 0.925831
0.228123 0.925831
0.228222 0.925831
0.228321 0.925831
0.228420 0.925831
0.228519 0.925831
0.228618 0.925831
0.228717 0.925831
0.228816 0.925831
0.228916 0.925831
0.229015 0.923274
0.229114 0.923274
0.229213 0.923274
0.229312 0.923274
0.229411 0.923274
0.229510 0.923274
0.229609 0.923274
0.229708 0.923274
0.229807 0.923274
0.229907 0.923274
0.230006 0.923274
0.230105 0.920716
0.230204 0.920716
0.230303 0.920716
0.230402 0.920716
0.230501 0.920716
0.230600 0.920716
0.230699 0.920716
0.230798 0.920716
0.230897 0.920716
0.230997 0.920716
0.231096 0.920716
0.231195 0.920716
0.231294 0.920716
0.231393 0.920716
0.231492 0.920716
0.231591 0.920716
0.231690 0.918159
0.231789 0.918159
0.231888 0.918159
0.231988 0.918159
0.232087 0.918159
0.232186 0.918159
0.232285 0.918159
0.232384 0.918159
0.232483 0.918159
0.232582 0.918159
0.232681 0.918159
0.232780 0.918159
0.232879 0.918159
0.232978 0.918159
0.233078 0.918159
0.233177 0.918159
0.233276 0.918159
0.233375 0.918159
0.233474 0.918159
0.233573 0.918159
0.233672 0.918159
0.233771 0.918159
0.233870 0.918159
0.233969 0.918159
0.234068 0.918159
0.234168 0.918159
0.234267 0.918159
0.234366 0.918159
0.234465 0.918159
0.234564 0.918159
0.234663 0.918159
0.234762 0.918159
0.234861 0.918159
0.234960 0.918159
0.235059 0.918159
0.235159 0.918159
0.235258 0.918159
0.235357 0.918159
0.235456 0.918159
0.235555 0.918159
0.235654 0.915601
0.235753 0.915601
0.235852 0.915601
0.235951 0.915601
0.236050 0.915601
0.236149 0.915601
0.236249 0.915601
0.236348 0.915601
0.236447 0.915601
0.236546 0.915601
0.236645 0.915601
0.236744 0.915601
0.236843 0.915601
0.236942 0.915601
0.237041 0.915601
0.237140 0.915601
0.237240 0.915601
0.237339 0.915601
0.237438 0.915601
0.237537 0.915601
0.237636 0.915601
0.237735 0.915601
0.237834 0.915601
0.237933 0.915601
0.238032 0.915601
0.238131 0.915601
0.238230 0.915601
0.238330 0.915601
0.238429 0.915601
0.238528 0.915601
0.238627 0.915601
0.238726 0.915601
0.238825 0.915601
0.238924 0.915601
0.239023 0.915601
0.239122 0.915601
0.239221 0.915601
0.239320 0.915601
0.239420 0.915601
0.239519 0.915601
0.239618 0.915601
0.239717 0.915601
0.239816 0.915601
0.239915 0.915601
0.240014 0.915601
0.240113 0.915601
0.240212 0.915601
0.240311 0.915601
0.240411 0.915601
0.240510 0.915601
0.240609 0.915601
0.240708 0.915601
0.240807 0.915601
0.240906 0.913043
0.241005 0.913043
0.241104 0.913043
0.241203 0.913043
0.241302 0.913043
0.241401 0.913043
0.241501 0.913043
0.241600 0.913043
0.241699 0.913043
0.241798 0.913043
0.241897 0.913043
0.241996 0.913043
0.242095 0.913043
0.242194 0.913043
0.242293 0.913043
0.242392 0.913043
0.242492 0.913043
0.242591 0.913043
0.242690 0.913043
0.242789 0.913043
0.242888 0.913043
0.242987 0.910486
0.243086 0.910486
0.243185 0.910486
0.243284 0.910486
0.243383 0.910486
0.243482 0.910486
0.243582 0.910486
0.243681 0.907928
0.243780 0.907928
0.243879 0.907928
0.243978 0.907928
0.244077 0.907928
0.244176 0.907928
0.244275 0.907928
0.244374 0.907928
0.244473 0.907928
0.244573 0.907928
0.244672 0.907928
0.244771 0.907928
0.244870 0.907928
0.244969 0.907928
0.245068 0.907928
0.245167 0.907928
0.245266 0.907928
0.245365 0.907928
0.245464 0.907928
0.245563 0.907928
0.245663 0.907928
0.245762 0.907928
0.245861 0.907928
0.245960 0.907928
0.246059 0.907928
0.246158 0.907928
0.246257 0.907928
0.246356 0.907928
0.246455 0.907928
0.246554 0.907928
0.246653 0.907928
0.246753 0.907928
0.246852 0.907928
0.246951 0.907928
0.247050 0.907928
0.247149 0.907928
0.247248 0.907928
0.247347 0.907928
0.247446 0.907928
0.247545 0.907928
0.247644 0.907928
0.247744 0.907928
0.247843 0.907928
0.247942 0.907928
0.248041 0.907928
0.248140 0.907928
0.248239 0.907928
0.248338 0.907928
0.248437 0.907928
0.248536 0.907928
0.248635 0.907928
0.248734 0.907928
0.248834 0.907928
0.248933 0.907928
0.249032 0.907928
0.249131 0.907928
0.249230 0.907928
0.249329 0.907928
0.249428 0.907928
0.249527 0.907928
0.249626 0.907928
0.249725 0.907928
0.249825 0.907928
0.249924 0.905371
0.250023 0.905371
0.250122 0.905371
0.250221 0.905371
0.250320 0.905371
0.250419 0.905371
0.250518 0.905371
0.250617 0.905371
0.250716 0.905371
0.250815 0.905371
0.250915 0.905371
0.251014 0.905371
0.251113 0.905371
0.251212 0.905371
0.251311 0.905371
0.251410 0.905371
0.251509 0.905371
0.251608 0.905371
0.251707 0.905371
0.251806 0.905371
0.251905 0.905371
0.252005 0.905371
0.252104 0.905371
0.252203 0.905371
0.252302 0.905371
0.252401 0.905371
0.252500 0.905371
0.252599 0.905371
0.252698 0.905371
0.252797 0.905371
0.252896 0.905371
0.252996 0.905371
0.253095 0.905371
0.253194 0.905371
0.253293 0.905371
0.253392 0.905371
0.253491 0.905371
0.253590 0.905371
0.253689 0.905371
0.253788 0.905371
0.253887 0.905371
0.253986 0.905371
0.254086 0.905371
0.254185 0.905371
0.254284 0.905371
0.254383 0.905371
0.254482 0.905371
0.254581 0.905371
0.254680 0.905371
0.254779 0.905371
0.254878 0.905371
0.254977 0.905371
0.255077 0.905371
0.255176 0.905371
0.255275 0.905371
0.255374 0.905371
0.255473 0.905371
0.255572 0.905371
0.255671 0.905371
0.255770 0.905371
0.255869 0.905371
0.255968 0.905371
0.256067 0.905371
0.256167 0.905371
0.256266 0.905371
0.256365 0.905371
0.256464 0.905371
0.256563 0.905371
0.256662 0.905371
0.256761 0.905371
0.256860 0.905371
0.256959 0.905371
0.257058 0.905371
0.257158 0.905371
0.257257 0.905371
0.257356 0.905371
0.257455 0.905371
0.257554 0.905371
0.257653 0.905371
0.257752 0.902813
0.257851 0.902813
0.257950 0.902813
0.258049 0.902813
0.258148 0.902813
0.258248 0.902813
0.258347 0.902813
0.258446 0.902813
0.258545 0.902813
0.258644 0.902813
0.258743 0.902813
0.258842 0.902813
0.258941 0.902813
0.259040 0.902813
0.259139 0.902813
0.259238 0.902813
0.259338 0.902813
0.259437 0.902813
0.259536 0.902813
0.259635 0.902813
0.259734 0.902813
0.259833 0.902813
0.259932 0.902813
0.260031 0.902813
0.260130 0.902813
0.260229 0.902813
0.260329 0.902813
0.260428 0.902813
0.260527 0.902813
0.260626 0.902813
0.260725 0.902813
0.260824 0.902813
0.260923 0.902813
0.261022 0.902813
0.261121 0.902813
0.261220 0.902813
0.261319 0.902813
0.261419 0.902813
0.261518 0.902813
0.261617 0.902813
0.261716 0.902813
0.261815 0.902813
0.261914 0.902813
0.262013 0.902813
0.262112 0.902813
0.262211 0.902813
0.262310 0.902813
0.262410 0.902813
0.262509 0.902813
0.262608 0.902813
0.262707 0.902813
0.262806 0.902813
0.262905 0.902813
0.263004 0.900256
0.263103 0.900256
0.263202 0.900256
0.263301 0.900256
0.263400 0.900256
0.263500 0.900256
0.263599 0.900256
0.263698 0.900256
0.263797 0.900256
0.263896 0.900256
0.263995 0.900256
0.264094 0.900256
0.264193 0.900256
0.264292 0.900256
0.264391 0.900256
0.264490 0.900256
0.264590 0.900256
0.264689 0.900256
0.264788 0.900256
0.264887 0.900256
0.264986 0.897698
0.265085 0.897698
0.265184 0.897698
0.265283 0.897698
0.265382 0.897698
0.265481 0.897698
0.265581 0.897698
0.265680 0.897698
0.265779 0.897698
0.265878 0.897698
0.265977 0.897698
0.266076 0.897698
0.266175 0.897698
0.266274 0.897698
0.266373 0.897698
0.266472 0.897698
0.266571 0.897698
0.266671 0.897698
0.266770 0.897698
0.266869 0.897698
0.266968 0.897698
0.267067 0.897698
0.267166 0.897698
0.267265 0.897698
0.267364 0.897698
0.267463 0.897698
0.267562 0.897698
0.267662 0.897698
0.267761 0.897698
0.267860 0.897698
0.267959 0.897698
0.268058 0.897698
0.268157 0.897698
0.268256 0.897698
0.268355 0.897698
0.268454 0.897698
0.268553 0.897698
0.268652 0.897698
0.268752 0.897698
0.268851 0.897698
0.268950 0.895141
0.269049 0.895141
0.269148 0.895141
0.269247 0.895141
0.269346 0.895141
0.269445 0.895141
0.269544 0.895141
0.269643 0.895141
0.269743 0.895141
0.269842 0.895141
0.269941 0.895141
0.270040 0.895141
0.270139 0.895141
0.270238 0.895141
0.270337 0.895141
0.270436 0.895141
0.270535 0.895141
0.270634 0.895141
0.270733 0.895141
0.270833 0.895141
0.270932 0.895141
0.271031 0.895141
0.271130 0.895141
0.271229 0.895141
0.271328 0.892583
0.271427 0.892583
0.271526 0.892583
0.271625 0.892583
0.271724 0.892583
0.271823 0.892583
0.271923 0.892583
0.272022 0.892583
0.272121 0.892583
0.272220 0.892583
0.272319 0.892583
0.272418 0.892583
0.272517 0.892583
0.272616 0.892583
0.272715 0.892583
0.272814 0.892583
0.272914 0.892583
0.273013 0.892583
0.273112 0.892583
0.273211 0.892583
0.273310 0.892583
0.273409 0.892583
0.273508 0.892583
0.273607 0.892583
0.273706 0.892583
0.273805 0.892583
0.273904 0.892583
0.274004 0.892583
0.274103 0.892583
0.274202 0.892583
0.274301 0.892583
0.274400 0.892583
0.274499 0.892583
0.274598 0.892583
0.274697 0.892583
0.274796 0.892583
0.274895 0.892583
0.274995 0.892583
0.275094 0.892583
0.275193 0.892583
0.275292 0.892583
0.275391 0.892583
0.275490 0.892583
0.275589 0.892583
0.275688 0.892583
0.275787 0.892583
0.275886 0.892583
0.275985 0.892583
0.276085 0.892583
0.276184 0.892583
0.276283 0.892583
0.276382 0.892583
0.276481 0.892583
0.276580 0.892583
0.276679 0.892583
0.276778 0.892583
0.276877 0.892583
0.276976 0.892583
0.277075 0.892583
0.277175 0.892583
0.277274 0.892583
0.277373 0.892583
0.277472 0.892583
0.277571 0.892583
0.277670 0.892583
0.277769 0.892583
0.277868 0.892583
0.277967 0.892583
0.278066 0.892583
0.278166 0.892583
0.278265 0.892583
0.278364 0.892583
0.278463 0.892583
0.278562 0.892583
0.278661 0.892583
0.278760 0.892583
0.278859 0.892583
0.278958 0.892583
0.279057 0.892583
0.279156 0.892583
0.279256 0.892583
0.279355 0.892583
0.279454 0.892583
0.279553 0.892583
0.279652 0.892583
0.279751 0.892583
0.279850 0.892583
0.279949 0.892583
0.280048 0.892583
0.280147 0.892583
0.280247 0.892583
0.280346 0.892583
0.280445 0.892583
0.280544 0.892583
0.280643 0.892583
0.280742 0.892583
0.280841 0.892583
0.280940 0.892583
0.281039 0.892583
0.281138 0.892583
0.281237 0.892583
0.281337 0.892583
0.281436 0.892583
0.281535 0.890026
0.281634 0.890026
0.281733 0.890026
0.281832 0.890026
0.281931 0.890026
0.282030 0.890026
0.282129 0.887468
0.282228 0.887468
0.282327 0.887468
0.282427 0.887468
0.282526 0.887468
0.282625 0.887468
0.282724 0.887468
0.282823 0.887468
0.282922 0.887468
0.283021 0.887468
0.283120 0.887468
0.283219 0.887468
0.283318 0.887468
0.283418 0.887468
0.283517 0.887468
0.283616 0.887468
0.283715 0.887468
0.283814 0.884910
0.283913 0.884910
0.284012 0.884910
0.284111 0.884910
0.284210 0.884910
0.284309 0.884910
0.284408 0.884910
0.284508 0.884910
0.284607 0.884910
0.284706 0.884910
0.284805 0.884910
0.284904 0.884910
0.285003 0.884910
0.285102 0.884910
0.285201 0.884910
0.285300 0.884910
0.285399 0.884910
0.285499 0.884910
0.285598 0.884910
0.285697 0.884910
0.285796 0.884910
0.285895 0.884910
0.285994 0.884910
0.286093 0.884910
0.286192 0.884910
0.286291 0.884910
0.286390 0.882353
0.286489 0.882353
0.286589 0.882353
0.286688 0.882353
0.286787 0.882353
0.286886 0.882353
0.286985 0.882353
0.287084 0.882353
0.287183 0.882353
0.287282 0.882353
0.287381 0.882353
0.287480 0.882353
0.287580 0.882353
0.287679 0.882353
0.287778 0.879795
0.287877 0.879795
0.287976 0.879795
0.288075 0.879795
0.288174 0.879795
0.288273 0.879795
0.288372 0.879795
0.288471 0.879795
0.288570 0.879795
0.288670 0.879795
0.288769 0.877238
0.288868 0.877238
0.288967 0.877238
0.289066 0.877238
0.289165 0.877238
0.289264 0.877238
0.289363 0.877238
0.289462 0.877238
0.289561 0.877238
0.289660 0.877238
0.289760 0.877238
0.289859 0.877238
0.289958 0.877238
0.290057 0.877238
0.290156 0.877238
0.290255 0.877238
0.290354 0.877238
0.290453 0.877238
0.290552 0.877238
0.290651 0.877238
0.290751 0.877238
0.290850 0.877238
0.290949 0.877238
0.291048 0.877238
0.291147 0.874680
0.291246 0.874680
0.291345 0.874680
0.291444 0.874680
0.291543 0.874680
0.291642 0.874680
0.291741 0.874680
0.291841 0.874680
0.291940 0.874680
0.292039 0.874680
0.292138 0.874680
0.292237 0.874680
0.292336 0.874680
0.292435 0.874680
0.292534 0.874680
0.292633 0.874680
0.292732 0.874680
0.292832 0.874680
0.292931 0.874680
0.293030 0.874680
0.293129 0.874680
0.293228 0.874680
0.293327 0.874680
0.293426 0.874680
0.293525 0.874680
0.293624 0.874680
0.293723 0.874680
0.293822 0.874680
0.293922 0.874680
0.294021 0.874680
0.294120 0.874680
0.294219 0.874680
0.294318 0.874680
0.294417 0.874680
0.294516 0.874680
0.294615 0.874680
0.294714 0.874680
0.294813 0.874680
0.294912 0.874680
0.295012 0.874680
0.295111 0.874680
0.295210 0.874680
0.295309 0.874680
0.295408 0.874680
0.295507 0.874680
0.295606 0.874680
0.295705 0.874680
0.295804 0.874680
0.295903 0.874680
0.296003 0.874680
0.296102 0.874680
0.296201 0.874680
0.296300 0.874680
0.296399 0.874680
0.296498 0.874680
0.296597 0.874680
0.296696 0.874680
0.296795 0.874680
0.296894 0.874680
0.296993 0.874680
0.297093 0.874680
0.297192 0.874680
0.297291 0.874680
0.297390 0.874680
0.297489 0.874680
0.297588 0.874680
0.297687 0.874680
0.297786 0.874680
0.297885 0.874680
0.297984 0.874680
0.298084 0.874680
0.298183 0.874680
0.298282 0.874680
0.298381 0.874680
0.298480 0.874680
0.298579 0.874680
0.298678 0.874680
0.298777 0.874680
0.298876 0.874680
0.298975 0.874680
0.299074 0.874680
0.299174 0.874680
0.299273 0.874680
0.299372 0.874680
0.299471 0.874680
0.299570 0.874680
0.299669 0.874680
0.299768 0.874680
0.299867 0.874680
0.299966 0.874680
0.300065 0.874680
0.300165 0.874680
0.300264 0.874680
0.300363 0.874680
0.300462 0.874680
0.300561 0.874680
0.300660 0.874680
0.300759 0.874680
0.300858 0.874680
0.300957 0.874680
0.301056 0.874680
0.301155 0.874680
0.301255 0.874680
0.301354 0.874680
0.301453 0.874680
0.301552 0.874680
0.301651 0.874680
0.301750 0.874680
0.301849 0.874680
0.301948 0.874680
0.302047 0.874680
0.302146 0.874680
0.302245 0.874680
0.302345 0.874680
0.302444 0.874680
0.302543 0.874680
0.302642 0.874680
0.302741 0.874680
0.302840 0.874680
0.302939 0.872123
0.303038 0.872123
0.303137 0.872123
0.303236 0.872123
0.303336 0.872123
0.303435 0.869565
0.303534 0.869565
0.303633 0.869565
0.303732 0.869565
0.303831 0.869565
0.303930 0.869565
0.304029 0.869565
0.304128 0.869565
0.304227 0.869565
0.304326 0.869565
0.304426 0.869565
0.304525 0.869565
0.304624 0.869565
0.304723 0.869565
0.304822 0.869565
0.304921 0.869565
0.305020 0.869565
0.305119 0.869565
0.305218 0.869565
0.305317 0.869565
0.305417 0.869565
0.305516 0.869565
0.305615 0.869565
0.305714 0.869565
0.305813 0.869565
0.305912 0.869565
0.306011 0.869565
0.306110 0.869565
0.306209 0.869565
0.306308 0.869565
0.306407 0.869565
0.306507 0.869565
0.306606 0.869565
0.306705 0.869565
0.306804 0.869565
0.306903 0.869565
0.307002 0.869565
0.307101 0.869565
0.307200 0.869565
0.307299 0.869565
0.307398 0.869565
0.307497 0.869565
0.307597 0.869565
0.307696 0.869565
0.307795 0.869565
0.307894 0.869565
0.307993 0.867008
0.308092 0.867008
0.308191 0.867008
0.308290 0.867008
0.308389 0.867008
0.308488 0.867008
0.308588 0.867008
0.308687 0.864450
0.308786 0.864450
0.308885 0.864450
0.308984 0.864450
0.309083 0.864450
0.309182 0.864450
0.309281 0.864450
0.309380 0.864450
0.309479 0.864450
0.309578 0.864450
0.309678 0.864450
0.309777 0.864450
0.309876 0.864450
0.309975 0.864450
0.310074 0.864450
0.310173 0.864450
0.310272 0.864450
0.310371 0.864450
0.310470 0.864450
0.310569 0.864450
0.310669 0.864450
0.310768 0.864450
0.310867 0.864450
0.310966 0.864450
0.311065 0.864450
0.311164 0.864450
0.311263 0.864450
0.311362 0.864450
0.311461 0.864450
0.311560 0.864450
0.311659 0.864450
0.311759 0.864450
0.311858 0.864450
0.311957 0.864450
0.312056 0.864450
0.312155 0.864450
0.312254 0.864450
0.312353 0.864450
0.312452 0.864450
0.312551 0.864450
0.312650 0.864450
0.312750 0.864450
0.312849 0.864450
0.312948 0.864450
0.313047 0.864450
0.313146 0.864450
0.313245 0.864450
0.313344 0.864450
0.313443 0.864450
0.313542 0.864450
0.313641 0.864450
0.313740 0.864450
0.313840 0.864450
0.313939 0.864450
0.314038 0.864450
0.314137 0.864450
0.314236 0.864450
0.314335 0.864450
0.314434 0.864450
0.314533 0.864450
0.314632 0.864450
0.314731 0.864450
0.314830 0.864450
0.314930 0.864450
0.315029 0.864450
0.315128 0.864450
0.315227 0.864450
0.315326 0.864450
0.315425 0.864450
0.315524 0.864450
0.315623 0.864450
0.315722 0.864450
0.315821 0.864450
0.315921 0.864450
0.316020 0.864450
0.316119 0.864450
0.316218 0.864450
0.316317 0.864450
0.316416 0.864450
0.316515 0.864450
0.316614 0.864450
0.316713 0.864450
0.316812 0.864450
0.316911 0.864450
0.317011 0.864450
0.317110 0.864450
0.317209 0.864450
0.317308 0.864450
0.317407 0.864450
0.317506 0.864450
0.317605 0.864450
0.317704 0.864450
0.317803 0.864450
0.317902 0.864450
0.318002 0.861893
0.318101 0.861893
0.318200 0.861893
0.318299 0.861893
0.318398 0.861893
0.318497 0.861893
0.318596 0.861893
0.318695 0.861893
0.318794 0.861893
0.318893 0.861893
0.318992 0.861893
0.319092 0.861893
0.319191 0.861893
0.319290 0.861893
0.319389 0.861893
0.319488 0.861893
0.319587 0.861893
0.319686 0.861893
0.319785 0.861893
0.319884 0.861893
0.319983 0.861893
0.320082 0.861893
0.320182 0.861893
0.320281 0.861893
0.320380 0.861893
0.320479 0.861893
0.320578 0.861893
0.320677 0.861893
0.320776 0.861893
0.320875 0.861893
0.320974 0.861893
0.321073 0.861893
0.321173 0.861893
0.321272 0.861893
0.321371 0.861893
0.321470 0.861893
0.321569 0.861893
0.321668 0.861893
0.321767 0.861893
0.321866 0.861893
0.321965 0.861893
0.322064 0.861893
0.322163 0.861893
0.322263 0.861893
0.322362 0.861893
0.322461 0.861893
0.322560 0.861893
0.322659 0.861893
0.322758 0.861893
0.322857 0.861893
0.322956 0.861893
0.323055 0.861893
0.323154 0.861893
0.323254 0.861893
0.323353 0.861893
0.323452 0.861893
0.323551 0.861893
0.323650 0.861893
0.323749 0.861893
0.323848 0.861893
0.323947 0.861893
0.324046 0.861893
0.324145 0.861893
0.324244 0.861893
0.324344 0.861893
0.324443 0.861893
0.324542 0.861893
0.324641 0.861893
0.324740 0.861893
0.324839 0.861893
0.324938 0.861893
0.325037 0.861893
0.325136 0.861893
0.325235 0.861893
0.325335 0.861893
0.325434 0.861893
0.325533 0.861893
0.325632 0.861893
0.325731 0.861893
0.325830 0.861893
0.325929 0.861893
0.326028 0.861893
0.326127 0.861893
0.326226 0.861893
0.326325 0.861893
0.326425 0.861893
0.326524 0.861893
0.326623 0.861893
0.326722 0.861893
0.326821 0.861893
0.326920 0.861893
0.327019 0.861893
0.327118 0.861893
0.327217 0.861893
0.327316 0.861893
0.327415 0.861893
0.327515 0.861893
0.327614 0.861893
0.327713 0.861893
0.327812 0.861893
0.327911 0.861893
0.328010 0.861893
0.328109 0.861893
0.328208 0.861893
0.328307 0.861893
0.328406 0.861893
0.328506 0.861893
0.328605 0.861893
0.328704 0.861893
0.328803 0.861893
0.328902 0.861893
0.329001 0.859335
0.329100 0.859335
0.329199 0.859335
0.329298 0.859335
0.329397 0.859335
0.329496 0.859335
0.329596 0.859335
0.329695 0.859335
0.329794 0.859335
0.329893 0.859335
0.329992 0.859335
0.330091 0.859335
0.330190 0.859335
0.330289 0.859335
0.330388 0.859335
0.330487 0.859335
0.330587 0.859335
0.330686 0.859335
0.330785 0.859335
0.330884 0.859335
0.330983 0.859335
0.331082 0.859335
0.331181 0.859335
0.331280 0.859335
0.331379 0.859335
0.331478 0.859335
0.331577 0.859335
0.331677 0.859335
0.331776 0.859335
0.331875 0.859335
0.331974 0.859335
0.332073 0.859335
0.332172 0.859335
0.332271 0.859335
0.332370 0.859335
0.332469 0.859335
0.332568 0.859335
0.332667 0.859335
0.332767 0.859335
0.332866 0.859335
0.332965 0.859335
0.333064 0.859335
0.333163 0.859335
0.333262 0.859335
0.333361 0.859335
0.333460 0.859335
0.333559 0.859335
0.333658 0.859335
0.333758 0.859335
0.333857 0.859335
0.333956 0.859335
0.334055 0.859335
0.334154 0.859335
0.334253 0.859335
0.334352 0.859335
0.334451 0.859335
0.334550 0.859335
0.334649 0.859335
0.334748 0.859335
0.334848 0.859335
0.334947 0.859335
0.335046 0.859335
0.335145 0.859335
0.335244 0.859335
0.335343 0.859335
0.335442 0.859335
0.335541 0.859335
0.335640 0.859335
0.335739 0.856777
0.335839 0.856777
0.335938 0.856777
0.336037 0.856777
0.336136 0.856777
0.336235 0.856777
0.336334 0.856777
0.336433 0.856777
0.336532 0.856777
0.336631 0.856777
0.336730 0.856777
0.336829 0.856777
0.336929 0.856777
0.337028 0.856777
0.337127 0.856777
0.337226 0.856777
0.337325 0.856777
0.337424 0.856777
0.337523 0.856777
0.337622 0.856777
0.337721 0.856777
0.337820 0.856777
0.337920 0.856777
0.338019 0.856777
0.338118 0.856777
0.338217 0.856777
0.338316 0.856777
0.338415 0.856777
0.338514 0.856777
0.338613 0.856777
0.338712 0.856777
0.338811 0.856777
0.338910 0.856777
0.339010 0.856777
0.339109 0.856777
0.339208 0.856777
0.339307 0.856777
0.339406 0.856777
0.339505 0.856777
0.339604 0.856777
0.339703 0.856777
0.339802 0.856777
0.339901 0.856777
0.340000 0.856777
0.340100 0.856777
0.340199 0.856777
0.340298 0.856777
0.340397 0.856777
0.340496 0.856777
0.340595 0.856777
0.340694 0.856777
0.340793 0.856777
0.340892 0.856777
0.340991 0.856777
0.341091 0.856777
0.341190 0.856777
0.341289 0.856777
0.341388 0.856777
0.341487 0.856777
0.341586 0.856777
0.341685 0.856777
0.341784 0.856777
0.341883 0.856777
0.341982 0.856777
0.342081 0.856777
0.342181 0.856777
0.342280 0.856777
0.342379 0.856777
0.342478 0.856777
0.342577 0.856777
0.342676 0.856777
0.342775 0.856777
0.342874 0.856777
0.342973 0.856777
0.343072 0.856777
0.343172 0.856777
0.343271 0.856777
0.343370 0.856777
0.343469 0.856777
0.343568 0.856777
0.343667 0.856777
0.343766 0.856777
0.343865 0.856777
0.343964 0.856777
0.344063 0.856777
0.344162 0.854220
0.344262 0.854220
0.344361 0.854220
0.344460 0.854220
0.344559 0.854220
0.344658 0.854220
0.344757 0.854220
0.344856 0.854220
0.344955 0.854220
0.345054 0.854220
0.345153 0.854220
0.345252 0.854220
0.345352 0.854220
0.345451 0.854220
0.345550 0.854220
0.345649 0.854220
0.345748 0.854220
0.345847 0.854220
0.345946 0.854220
0.346045 0.854220
0.346144 0.854220
0.346243 0.854220
0.346343 0.854220
0.346442 0.854220
0.346541 0.854220
0.346640 0.854220
0.346739 0.854220
0.346838 0.854220
0.346937 0.854220
0.347036 0.854220
0.347135 0.854220
0.347234 0.854220
0.347333 0.854220
0.347433 0.854220
0.347532 0.854220
0.347631 0.854220
0.347730 0.854220
0.347829 0.854220
0.347928 0.854220
0.348027 0.854220
0.348126 0.854220
0.348225 0.854220
0.348324 0.854220
0.348424 0.854220
0.348523 0.854220
0.348622 0.854220
0.348721 0.854220
0.348820 0.854220
0.348919 0.854220
0.349018 0.854220
0.349117 0.854220
0.349216 0.854220
0.349315 0.854220
0.349414 0.854220
0.349514 0.854220
0.349613 0.854220
0.349712 0.854220
0.349811 0.854220
0.349910 0.854220
0.350009 0.854220
0.350108 0.854220
0.350207 0.854220
0.350306 0.854220
0.350405 0.854220
0.350505 0.854220
0.350604 0.854220
0.350703 0.854220
0.350802 0.854220
0.350901 0.854220
0.351000 0.854220
0.351099 0.854220
0.351198 0.854220
0.351297 0.854220
0.351396 0.851662
0.351495 0.851662
0.351595 0.851662
0.351694 0.851662
0.351793 0.851662
0.351892 0.851662
0.351991 0.851662
0.352090 0.851662
0.352189 0.851662
0.352288 0.851662
0.352387 0.851662
0.352486 0.851662
0.352585 0.851662
0.352685 0.851662
0.352784 0.851662
0.352883 0.851662
0.352982 0.851662
0.353081 0.851662
0.353180 0.851662
0.353279 0.851662
0.353378 0.851662
0.353477 0.851662
0.353576 0.851662
0.353676 0.851662
0.353775 0.851662
0.353874 0.851662
0.353973 0.851662
0.354072 0.851662
0.354171 0.851662
0.354270 0.851662
0.354369 0.851662
0.354468 0.851662
0.354567 0.851662
0.354666 0.851662
0.354766 0.851662
0.354865 0.851662
0.354964 0.851662
0.355063 0.851662
0.355162 0.851662
0.355261 0.851662
0.355360 0.851662
0.355459 0.851662
0.355558 0.851662
0.355657 0.851662
0.355757 0.851662
0.355856 0.851662
0.355955 0.851662
0.356054 0.851662
0.356153 0.851662
0.356252 0.851662
0.356351 0.851662
0.356450 0.851662
0.356549 0.851662
0.356648 0.851662
0.356747 0.851662
0.356847 0.851662
0.356946 0.851662
0.357045 0.851662
0.357144 0.851662
0.357243 0.851662
0.357342 0.851662
0.357441 0.851662
0.357540 0.851662
0.357639 0.851662
0.357738 0.851662
0.357837 0.851662
0.357937 0.851662
0.358036 0.851662
0.358135 0.851662
0.358234 0.851662
0.358333 0.851662
0.358432 0.851662
0.358531 0.851662
0.358630 0.851662
0.358729 0.851662
0.358828 0.851662
0.358928 0.851662
0.359027 0.851662
0.359126 0.851662
0.359225 0.851662
0.359324 0.851662
0.359423 0.851662
0.359522 0.851662
0.359621 0.851662
0.359720 0.851662
0.359819 0.851662
0.359918 0.851662
0.360018 0.851662
0.360117 0.851662
0.360216 0.851662
0.360315 0.851662
0.360414 0.851662
0.360513 0.851662
0.360612 0.851662
0.360711 0.851662
0.360810 0.851662
0.360909 0.851662
0.361009 0.851662
0.361108 0.851662
0.361207 0.851662
0.361306 0.851662
0.361405 0.851662
0.361504 0.851662
0.361603 0.851662
0.361702 0.851662
0.361801 0.851662
0.361900 0.851662
0.361999 0.851662
0.362099 0.851662
0.362198 0.851662
0.362297 0.851662
0.362396 0.851662
0.362495 0.851662
0.362594 0.851662
0.362693 0.851662
0.362792 0.851662
0.362891 0.851662
0.362990 0.851662
0.363090 0.851662
0.363189 0.851662
0.363288 0.851662
0.363387 0.851662
0.363486 0.851662
0.363585 0.851662
0.363684 0.851662
0.363783 0.851662
0.363882 0.851662
0.363981 0.851662
0.364080 0.851662
0.364180 0.851662
0.364279 0.851662
0.364378 0.851662
0.364477 0.851662
0.364576 0.851662
0.364675 0.851662
0.364774 0.851662
0.364873 0.851662
0.364972 0.851662
0.365071 0.849105
0.365170 0.849105
0.365270 0.849105
0.365369 0.849105
0.365468 0.849105
0.365567 0.849105
0.365666 0.849105
0.365765 0.849105
0.365864 0.849105
0.365963 0.849105
0.366062 0.849105
0.366161 0.849105
0.366261 0.849105
0.366360 0.849105
0.366459 0.849105
0.366558 0.849105
0.366657 0.849105
0.366756 0.849105
0.366855 0.849105
0.366954 0.849105
0.367053 0.849105
0.367152 0.849105
0.367251 0.849105
0.367351 0.849105
0.367450 0.849105
0.367549 0.849105
0.367648 0.849105
0.367747 0.849105
0.367846 0.849105
0.367945 0.849105
0.368044 0.849105
0.368143 0.849105
0.368242 0.849105
0.368342 0.849105
0.368441 0.849105
0.368540 0.849105
0.368639 0.849105
0.368738 0.849105
0.368837 0.849105
0.368936 0.849105
0.369035 0.849105
0.369134 0.849105
0.369233 0.849105
0.369332 0.849105
0.369432 0.849105
0.369531 0.849105
0.369630 0.849105
0.369729 0.849105
0.369828 0.849105
0.369927 0.849105
0.370026 0.849105
0.370125 0.849105
0.370224 0.849105
0.370323 0.849105
0.370422 0.849105
0.370522 0.849105
0.370621 0.849105
0.370720 0.849105
0.370819 0.849105
0.370918 0.849105
0.371017 0.849105
0.371116 0.849105
0.371215 0.849105
0.371314 0.849105
0.371413 0.849105
0.371513 0.849105
0.371612 0.849105
0.371711 0.849105
0.371810 0.849105
0.371909 0.849105
0.372008 0.849105
0.372107 0.849105
0.372206 0.849105
0.372305 0.849105
0.372404 0.849105
0.372503 0.849105
0.372603 0.849105
0.372702 0.849105
0.372801 0.849105
0.372900 0.849105
0.372999 0.849105
0.373098 0.849105
0.373197 0.849105
0.373296 0.849105
0.373395 0.849105
0.373494 0.849105
0.373594 0.849105
0.373693 0.849105
0.373792 0.849105
0.373891 0.849105
0.373990 0.849105
0.374089 0.846547
0.374188 0.846547
0.374287 0.846547
0.374386 0.846547
0.374485 0.846547
0.374584 0.846547
0.374684 0.846547
0.374783 0.846547
0.374882 0.846547
0.374981 0.846547
0.375080 0.846547
0.375179 0.846547
0.375278 0.846547
0.375377 0.846547
0.375476 0.846547
0.375575 0.846547
0.375675 0.846547
0.375774 0.846547
0.375873 0.846547
0.375972 0.846547
0.376071 0.846547
0.376170 0.846547
0.376269 0.846547
0.376368 0.846547
0.376467 0.846547
0.376566 0.846547
0.376665 0.846547
0.376765 0.846547
0.376864 0.846547
0.376963 0.846547
0.377062 0.846547
0.377161 0.846547
0.377260 0.846547
0.377359 0.846547
0.377458 0.846547
0.377557 0.846547
0.377656 0.843990
0.377755 0.843990
0.377855 0.843990
0.377954 0.843990
0.378053 0.843990
0.378152 0.843990
0.378251 0.843990
0.378350 0.843990
0.378449 0.843990
0.378548 0.843990
0.378647 0.843990
0.378746 0.843990
0.378846 0.843990
0.378945 0.843990
0.379044 0.843990
0.379143 0.843990
0.379242 0.843990
0.379341 0.843990
0.379440 0.843990
0.379539 0.843990
0.379638 0.843990
0.379737 0.843990
0.379836 0.843990
0.379936 0.843990
0.380035 0.843990
0.380134 0.843990
0.380233 0.843990
0.380332 0.843990
0.380431 0.843990
0.380530 0.843990
0.380629 0.843990
0.380728 0.843990
0.380827 0.843990
0.380927 0.843990
0.381026 0.843990
0.381125 0.843990
0.381224 0.843990
0.381323 0.843990
0.381422 0.843990
0.381521 0.843990
0.381620 0.843990
0.381719 0.843990
0.381818 0.843990
0.381917 0.843990
0.382017 0.843990
0.382116 0.843990
0.382215 0.843990
0.382314 0.843990
0.382413 0.843990
0.382512 0.843990
0.382611 0.843990
0.382710 0.843990
0.382809 0.843990
0.382908 0.843990
0.383007 0.843990
0.383107 0.843990
0.383206 0.843990
0.383305 0.843990
0.383404 0.843990
0.383503 0.843990
0.383602 0.843990
0.383701 0.843990
0.383800 0.843990
0.383899 0.843990
0.383998 0.843990
0.384098 0.843990
0.384197 0.843990
0.384296 0.843990
0.384395 0.843990
0.384494 0.843990
0.384593 0.843990
0.384692 0.843990
0.384791 0.843990
0.384890 0.843990
0.384989 0.843990
0.385088 0.843990
0.385188 0.843990
0.385287 0.843990
0.385386 0.843990
0.385485 0.843990
0.385584 0.843990
0.385683 0.843990
0.385782 0.843990
0.385881 0.843990
0.385980 0.843990
0.386079 0.843990
0.386179 0.843990
0.386278 0.843990
0.386377 0.843990
0.386476 0.843990
0.386575 0.843990
0.386674 0.843990
0.386773 0.843990
0.386872 0.843990
0.386971 0.843990
0.387070 0.843990
0.387169 0.843990
0.387269 0.843990
0.387368 0.843990
0.387467 0.843990
0.387566 0.843990
0.387665 0.843990
0.387764 0.843990
0.387863 0.843990
0.387962 0.843990
0.388061 0.843990
0.388160 0.843990
0.388259 0.843990
0.388359 0.843990
0.388458 0.843990
0.388557 0.843990
0.388656 0.843990
0.388755 0.843990
0.388854 0.843990
0.388953 0.843990
0.389052 0.843990
0.389151 0.843990
0.389250 0.843990
0.389350 0.843990
0.389449 0.843990
0.389548 0.843990
0.389647 0.843990
0.389746 0.843990
0.389845 0.843990
0.389944 0.843990
0.390043 0.843990
0.390142 0.843990
0.390241 0.843990
0.390340 0.843990
0.390440 0.843990
0.390539 0.843990
0.390638 0.843990
0.390737 0.843990
0.390836 0.843990
0.390935 0.843990
0.391034 0.843990
0.391133 0.843990
0.391232 0.843990
0.391331 0.843990
0.391431 0.843990
0.391530 0.843990
0.391629 0.843990
0.391728 0.843990
0.391827 0.843990
0.391926 0.843990
0.392025 0.843990
0.392124 0.843990
0.392223 0.843990
0.392322 0.843990
0.392421 0.843990
0.392521 0.843990
0.392620 0.843990
0.392719 0.843990
0.392818 0.843990
0.392917 0.843990
0.393016 0.843990
0.393115 0.843990
0.393214 0.843990
0.393313 0.843990
0.393412 0.843990
0.393512 0.843990
0.393611 0.843990
0.393710 0.843990
0.393809 0.843990
0.393908 0.843990
0.394007 0.843990
0.394106 0.843990
0.394205 0.843990
0.394304 0.843990
0.394403 0.843990
0.394502 0.843990
0.394602 0.843990
0.394701 0.843990
0.394800 0.843990
0.394899 0.843990
0.394998 0.843990
0.395097 0.843990
0.395196 0.843990
0.395295 0.843990
0.395394 0.843990
0.395493 0.843990
0.395592 0.843990
0.395692 0.843990
0.395791 0.843990
0.395890 0.843990
0.395989 0.843990
0.396088 0.843990
0.396187 0.843990
0.396286 0.843990
0.396385 0.843990
0.396484 0.843990
0.396583 0.843990
0.396683 0.843990
0.396782 0.843990
0.396881 0.843990
0.396980 0.843990
0.397079 0.843990
0.397178 0.843990
0.397277 0.843990
0.397376 0.843990
0.397475 0.843990
0.397574 0.843990
0.397673 0.843990
0.397773 0.843990
0.397872 0.843990
0.397971 0.843990
0.398070 0.843990
0.398169 0.843990
0.398268 0.843990
0.398367 0.843990
0.398466 0.843990
0.398565 0.843990
0.398664 0.843990
0.398764 0.843990
0.398863 0.843990
0.398962 0.843990
0.399061 0.843990
0.399160 0.843990
0.399259 0.843990
0.399358 0.843990
0.399457 0.843990
0.399556 0.843990
0.399655 0.843990
0.399754 0.843990
0.399854 0.843990
0.399953 0.843990
0.400052 0.843990
0.400151 0.843990
0.400250 0.843990
0.400349 0.843990
0.400448 0.843990
0.400547 0.843990
0.400646 0.843990
0.400745 0.843990
0.400844 0.843990
0.400944 0.843990
0.401043 0.843990
0.401142 0.843990
0.401241 0.843990
0.401340 0.843990
0.401439 0.843990
0.401538 0.843990
0.401637 0.843990
0.401736 0.843990
0.401835 0.843990
0.401935 0.843990
0.402034 0.843990
0.402133 0.843990
0.402232 0.843990
0.402331 0.843990
0.402430 0.843990
0.402529 0.843990
0.402628 0.843990
0.402727 0.843990
0.402826 0.843990
0.402925 0.843990
0.403025 0.843990
0.403124 0.843990
0.403223 0.843990
0.403322 0.843990
0.403421 0.843990
0.403520 0.843990
0.403619 0.843990
0.403718 0.843990
0.403817 0.843990
0.403916 0.843990
0.404016 0.843990
0.404115 0.843990
0.404214 0.843990
0.404313 0.841432
0.404412 0.841432
0.404511 0.841432
0.404610 0.841432
0.404709 0.841432
0.404808 0.841432
0.404907 0.841432
0.405006 0.841432
0.405106 0.841432
0.405205 0.841432
0.405304 0.841432
0.405403 0.841432
0.405502 0.841432
0.405601 0.841432
0.405700 0.841432
0.405799 0.841432
0.405898 0.841432
0.405997 0.841432
0.406097 0.841432
0.406196 0.841432
0.406295 0.841432
0.406394 0.841432
0.406493 0.841432
0.406592 0.841432
0.406691 0.841432
0.406790 0.841432
0.406889 0.841432
0.406988 0.841432
0.407087 0.841432
0.407187 0.841432
0.407286 0.841432
0.407385 0.841432
0.407484 0.841432
0.407583 0.841432
0.407682 0.841432
0.407781 0.841432
0.407880 0.841432
0.407979 0.841432
0.408078 0.841432
0.408177 0.841432
0.408277 0.841432
0.408376 0.841432
0.408475 0.841432
0.408574 0.841432
0.408673 0.841432
0.408772 0.841432
0.408871 0.841432
0.408970 0.841432
0.409069 0.841432
0.409168 0.841432
0.409268 0.841432
0.409367 0.841432
0.409466 0.841432
0.409565 0.841432
0.409664 0.841432
0.409763 0.841432
0.409862 0.841432
0.409961 0.841432
0.410060 0.841432
0.410159 0.841432
0.410258 0.841432
0.410358 0.841432
0.410457 0.841432
0.410556 0.841432
0.410655 0.841432
0.410754 0.841432
0.410853 0.841432
0.410952 0.841432
0.411051 0.841432
0.411150 0.841432
0.411249 0.841432
0.411349 0.841432
0.411448 0.841432
0.411547 0.841432
0.411646 0.841432
0.411745 0.841432
0.411844 0.841432
0.411943 0.841432
0.412042 0.841432
0.412141 0.841432
0.412240 0.841432
0.412339 0.841432
0.412439 0.841432
0.412538 0.841432
0.412637 0.841432
0.412736 0.841432
0.412835 0.841432
0.412934 0.841432
0.413033 0.841432
0.413132 0.841432
0.413231 0.841432
0.413330 0.841432
0.413429 0.841432
0.413529 0.841432
0.413628 0.841432
0.413727 0.841432
0.413826 0.841432
0.413925 0.841432
0.414024 0.841432
0.414123 0.841432
0.414222 0.841432
0.414321 0.838875
0.414420 0.838875
0.414520 0.838875
0.414619 0.838875
0.414718 0.838875
0.414817 0.838875
0.414916 0.838875
0.415015 0.838875
0.415114 0.838875
0.415213 0.838875
0.415312 0.838875
0.415411 0.838875
0.415510 0.838875
0.415610 0.838875
0.415709 0.836317
0.415808 0.836317
0.415907 0.836317
0.416006 0.833760
0.416105 0.833760
0.416204 0.833760
0.416303 0.833760
0.416402 0.831202
0.416501 0.831202
0.416601 0.831202
0.416700 0.831202
0.416799 0.831202
0.416898 0.831202
0.416997 0.831202
0.417096 0.831202
0.417195 0.831202
0.417294 0.831202
0.417393 0.831202
0.417492 0.831202
0.417591 0.831202
0.417691 0.831202
0.417790 0.831202
0.417889 0.831202
0.417988 0.831202
0.418087 0.831202
0.418186 0.831202
0.418285 0.828645
0.418384 0.828645
0.418483 0.828645
0.418582 0.828645
0.418682 0.828645
0.418781 0.828645
0.418880 0.828645
0.418979 0.828645
0.419078 0.828645
0.419177 0.828645
0.419276 0.828645
0.419375 0.828645
0.419474 0.828645
0.419573 0.828645
0.419672 0.828645
0.419772 0.828645
0.419871 0.828645
0.419970 0.828645
0.420069 0.828645
0.420168 0.828645
0.420267 0.828645
0.420366 0.828645
0.420465 0.828645
0.420564 0.828645
0.420663 0.828645
0.420762 0.828645
0.420862 0.828645
0.420961 0.828645
0.421060 0.828645
0.421159 0.828645
0.421258 0.828645
0.421357 0.828645
0.421456 0.828645
0.421555 0.828645
0.421654 0.828645
0.421753 0.828645
0.421853 0.828645
0.421952 0.828645
0.422051 0.828645
0.422150 0.828645
0.422249 0.828645
0.422348 0.828645
0.422447 0.828645
0.422546 0.826087
0.422645 0.826087
0.422744 0.826087
0.422843 0.826087
0.422943 0.826087
0.423042 0.826087
0.423141 0.826087
0.423240 0.826087
0.423339 0.826087
0.423438 0.826087
0.423537 0.826087
0.423636 0.826087
0.423735 0.826087
0.423834 0.826087
0.423934 0.826087
0.424033 0.826087
0.424132 0.826087
0.424231 0.826087
0.424330 0.826087
0.424429 0.826087
0.424528 0.826087
0.424627 0.826087
0.424726 0.826087
0.424825 0.826087
0.424924 0.826087
0.425024 0.826087
0.425123 0.826087
0.425222 0.826087
0.425321 0.826087
0.425420 0.826087
0.425519 0.826087
0.425618 0.826087
0.425717 0.826087
0.425816 0.826087
0.425915 0.826087
0.426014 0.826087
0.426114 0.826087
0.426213 0.826087
0.426312 0.826087
0.426411 0.826087
0.426510 0.826087
0.426609 0.826087
0.426708 0.826087
0.426807 0.826087
0.426906 0.826087
0.427005 0.826087
0.427105 0.826087
0.427204 0.826087
0.427303 0.826087
0.427402 0.826087
0.427501 0.826087
0.427600 0.826087
0.427699 0.826087
0.427798 0.826087
0.427897 0.826087
0.427996 0.826087
0.428095 0.826087
0.428195 0.826087
0.428294 0.826087
0.428393 0.823529
0.428492 0.823529
0.428591 0.823529
0.428690 0.823529
0.428789 0.823529
0.428888 0.823529
0.428987 0.823529
0.429086 0.823529
0.429186 0.823529
0.429285 0.823529
0.429384 0.823529
0.429483 0.823529
0.429582 0.823529
0.429681 0.823529
0.429780 0.823529
0.429879 0.823529
0.429978 0.823529
0.430077 0.823529
0.430176 0.823529
0.430276 0.823529
0.430375 0.823529
0.430474 0.823529
0.430573 0.823529
0.430672 0.823529
0.430771 0.823529
0.430870 0.823529
0.430969 0.823529
0.431068 0.823529
0.431167 0.823529
0.431267 0.823529
0.431366 0.823529
0.431465 0.823529
0.431564 0.823529
0.431663 0.823529
0.431762 0.823529
0.431861 0.823529
0.431960 0.823529
0.432059 0.823529
0.432158 0.823529
0.432257 0.823529
0.432357 0.823529
0.432456 0.823529
0.432555 0.823529
0.432654 0.823529
0.432753 0.823529
0.432852 0.823529
0.432951 0.820972
0.433050 0.820972
0.433149 0.820972
0.433248 0.820972
0.433347 0.820972
0.433447 0.820972
0.433546 0.820972
0.433645 0.820972
0.433744 0.820972
0.433843 0.820972
0.433942 0.820972
0.434041 0.820972
0.434140 0.820972
0.434239 0.820972
0.434338 0.820972
0.434438 0.820972
0.434537 0.820972
0.434636 0.820972
0.434735 0.820972
0.434834 0.820972
0.434933 0.818414
0.435032 0.818414
0.435131 0.818414
0.435230 0.815857
0.435329 0.815857
0.435428 0.815857
0.435528 0.815857
0.435627 0.815857
0.435726 0.815857
0.435825 0.815857
0.435924 0.815857
0.436023 0.815857
0.436122 0.815857
0.436221 0.815857
0.436320 0.815857
0.436419 0.815857
0.436519 0.815857
0.436618 0.815857
0.436717 0.815857
0.436816 0.815857
0.436915 0.815857
0.437014 0.815857
0.437113 0.813299
0.437212 0.813299
0.437311 0.813299
0.437410 0.813299
0.437509 0.813299
0.437609 0.813299
0.437708 0.813299
0.437807 0.813299
0.437906 0.813299
0.438005 0.813299
0.438104 0.813299
0.438203 0.813299
0.438302 0.813299
0.438401 0.813299
0.438500 0.813299
0.438599 0.813299
0.438699 0.813299
0.438798 0.813299
0.438897 0.813299
0.438996 0.813299
0.439095 0.813299
0.439194 0.813299
0.439293 0.813299
0.439392 0.813299
0.439491 0.813299
0.439590 0.813299
0.439690 0.810742
0.439789 0.810742
0.439888 0.810742
0.439987 0.810742
0.440086 0.810742
0.440185 0.810742
0.440284 0.810742
0.440383 0.810742
0.440482 0.810742
0.440581 0.810742
0.440680 0.810742
0.440780 0.810742
0.440879 0.810742
0.440978 0.810742
0.441077 0.810742
0.441176 0.810742
0.441275 0.810742
0.441374 0.810742
0.441473 0.810742
0.441572 0.810742
0.441671 0.810742
0.441771 0.810742
0.441870 0.810742
0.441969 0.810742
0.442068 0.810742
0.442167 0.810742
0.442266 0.810742
0.442365 0.810742
0.442464 0.810742
0.442563 0.810742
0.442662 0.810742
0.442761 0.810742
0.442861 0.810742
0.442960 0.810742
0.443059 0.810742
0.443158 0.810742
0.443257 0.810742
0.443356 0.810742
0.443455 0.810742
0.443554 0.810742
0.443653 0.810742
0.443752 0.810742
0.443852 0.810742
0.443951 0.810742
0.444050 0.810742
0.444149 0.810742
0.444248 0.810742
0.444347 0.810742
0.444446 0.810742
0.444545 0.810742
0.444644 0.810742
0.444743 0.810742
0.444842 0.810742
0.444942 0.810742
0.445041 0.810742
0.445140 0.810742
0.445239 0.810742
0.445338 0.810742
0.445437 0.810742
0.445536 0.810742
0.445635 0.810742
0.445734 0.810742
0.445833 0.810742
0.445932 0.810742
0.446032 0.810742
0.446131 0.810742
0.446230 0.810742
0.446329 0.810742
0.446428 0.810742
0.446527 0.810742
0.446626 0.810742
0.446725 0.810742
0.446824 0.810742
0.446923 0.810742
0.447023 0.810742
0.447122 0.810742
0.447221 0.810742
0.447320 0.810742
0.447419 0.810742
0.447518 0.810742
0.447617 0.810742
0.447716 0.810742
0.447815 0.810742
0.447914 0.810742
0.448013 0.810742
0.448113 0.810742
0.448212 0.810742
0.448311 0.810742
0.448410 0.810742
0.448509 0.810742
0.448608 0.810742
0.448707 0.810742
0.448806 0.810742
0.448905 0.810742
0.449004 0.810742
0.449104 0.810742
0.449203 0.810742
0.449302 0.810742
0.449401 0.810742
0.449500 0.810742
0.449599 0.810742
0.449698 0.810742
0.449797 0.810742
0.449896 0.810742
0.449995 0.810742
0.450094 0.810742
0.450194 0.810742
0.450293 0.810742
0.450392 0.810742
0.450491 0.810742
0.450590 0.810742
0.450689 0.810742
0.450788 0.810742
0.450887 0.810742
0.450986 0.810742
0.451085 0.810742
0.451184 0.810742
0.451284 0.810742
0.451383 0.810742
0.451482 0.810742
0.451581 0.810742
0.451680 0.810742
0.451779 0.810742
0.451878 0.810742
0.451977 0.810742
0.452076 0.810742
0.452175 0.810742
0.452275 0.810742
0.452374 0.810742
0.452473 0.810742
0.452572 0.810742
0.452671 0.810742
0.452770 0.810742
0.452869 0.810742
0.452968 0.810742
0.453067 0.810742
0.453166 0.810742
0.453265 0.810742
0.453365 0.810742
0.453464 0.810742
0.453563 0.810742
0.453662 0.810742
0.453761 0.810742
0.453860 0.810742
0.453959 0.810742
0.454058 0.810742
0.454157 0.810742
0.454256 0.810742
0.454356 0.810742
0.454455 0.810742
0.454554 0.810742
0.454653 0.810742
0.454752 0.810742
0.454851 0.810742
0.454950 0.810742
0.455049 0.810742
0.455148 0.810742
0.455247 0.810742
0.455346 0.810742
0.455446 0.810742
0.455545 0.810742
0.455644 0.810742
0.455743 0.810742
0.455842 0.810742
0.455941 0.810742
0.456040 0.810742
0.456139 0.810742
0.456238 0.810742
0.456337 0.810742
0.456437 0.810742
0.456536 0.810742
0.456635 0.810742
0.456734 0.810742
0.456833 0.810742
0.456932 0.810742
0.457031 0.810742
0.457130 0.810742
0.457229 0.810742
0.457328 0.810742
0.457427 0.810742
0.457527 0.810742
0.457626 0.810742
0.457725 0.810742
0.457824 0.810742
0.457923 0.810742
0.458022 0.810742
0.458121 0.810742
0.458220 0.810742
0.458319 0.810742
0.458418 0.810742
0.458517 0.810742
0.458617 0.810742
0.458716 0.810742
0.458815 0.810742
0.458914 0.810742
0.459013 0.810742
0.459112 0.810742
0.459211 0.810742
0.459310 0.810742
0.459409 0.810742
0.459508 0.810742
0.459608 0.810742
0.459707 0.810742
0.459806 0.810742
0.459905 0.810742
0.460004 0.810742
0.460103 0.810742
0.460202 0.810742
0.460301 0.810742
0.460400 0.810742
0.460499 0.810742
0.460598 0.810742
0.460698 0.810742
0.460797 0.810742
0.460896 0.810742
0.460995 0.810742
0.461094 0.810742
0.461193 0.810742
0.461292 0.810742
0.461391 0.810742
0.461490 0.810742
0.461589 0.810742
0.461689 0.810742
0.461788 0.810742
0.461887 0.810742
0.461986 0.810742
0.462085 0.810742
0.462184 0.810742
0.462283 0.810742
0.462382 0.810742
0.462481 0.810742
0.462580 0.808184
0.462679 0.808184
0.462779 0.808184
0.462878 0.808184
0.462977 0.808184
0.463076 0.808184
0.463175 0.808184
0.463274 0.808184
0.463373 0.808184
0.463472 0.808184
0.463571 0.808184
0.463670 0.808184
0.463769 0.808184
0.463869 0.808184
0.463968 0.808184
0.464067 0.808184
0.464166 0.808184
0.464265 0.808184
0.464364 0.808184
0.464463 0.808184
0.464562 0.808184
0.464661 0.808184
0.464760 0.808184
0.464860 0.808184
0.464959 0.808184
0.465058 0.808184
0.465157 0.808184
0.465256 0.808184
0.465355 0.808184
0.465454 0.808184
0.465553 0.808184
0.465652 0.808184
0.465751 0.808184
0.465850 0.805627
0.465950 0.805627
0.466049 0.805627
0.466148 0.805627
0.466247 0.805627
0.466346 0.805627
0.466445 0.805627
0.466544 0.805627
0.466643 0.805627
0.466742 0.805627
0.466841 0.805627
0.466941 0.805627
0.467040 0.805627
0.467139 0.805627
0.467238 0.805627
0.467337 0.803069
0.467436 0.800512
0.467535 0.800512
0.467634 0.800512
0.467733 0.800512
0.467832 0.800512
0.467931 0.800512
0.468031 0.797954
0.468130 0.797954
0.468229 0.797954
0.468328 0.797954
0.468427 0.797954
0.468526 0.797954
0.468625 0.797954
0.468724 0.797954
0.468823 0.797954
0.468922 0.797954
0.469022 0.797954
0.469121 0.797954
0.469220 0.797954
0.469319 0.797954
0.469418 0.797954
0.469517 0.795396
0.469616 0.795396
0.469715 0.795396
0.469814 0.795396
0.469913 0.795396
0.470012 0.795396
0.470112 0.795396
0.470211 0.795396
0.470310 0.795396
0.470409 0.792839
0.470508 0.790281
0.470607 0.790281
0.470706 0.790281
0.470805 0.790281
0.470904 0.790281
0.471003 0.790281
0.471102 0.790281
0.471202 0.790281
0.471301 0.790281
0.471400 0.790281
0.471499 0.790281
0.471598 0.790281
0.471697 0.790281
0.471796 0.790281
0.471895 0.790281
0.471994 0.790281
0.472093 0.790281
0.472193 0.790281
0.472292 0.790281
0.472391 0.790281
0.472490 0.790281
0.472589 0.790281
0.472688 0.790281
0.472787 0.790281
0.472886 0.787724
0.472985 0.787724
0.473084 0.787724
0.473183 0.787724
0.473283 0.787724
0.473382 0.787724
0.473481 0.787724
0.473580 0.787724
0.473679 0.787724
0.473778 0.787724
0.473877 0.787724
0.473976 0.787724
0.474075 0.787724
0.474174 0.787724
0.474274 0.787724
0.474373 0.787724
0.474472 0.787724
0.474571 0.787724
0.474670 0.787724
0.474769 0.787724
0.474868 0.787724
0.474967 0.787724
0.475066 0.787724
0.475165 0.787724
0.475264 0.787724
0.475364 0.787724
0.475463 0.785166
0.475562 0.785166
0.475661 0.785166
0.475760 0.785166
0.475859 0.785166
0.475958 0.785166
0.476057 0.785166
0.476156 0.785166
0.476255 0.782609
0.476354 0.782609
0.476454 0.782609
0.476553 0.782609
0.476652 0.782609
0.476751 0.782609
0.476850 0.782609
0.476949 0.782609
0.477048 0.782609
0.477147 0.782609
0.477246 0.782609
0.477345 0.782609
0.477445 0.782609
0.477544 0.782609
0.477643 0.782609
0.477742 0.782609
0.477841 0.782609
0.477940 0.782609
0.478039 0.782609
0.478138 0.782609
0.478237 0.782609
0.478336 0.782609
0.478435 0.782609
0.478535 0.782609
0.478634 0.782609
0.478733 0.782609
0.478832 0.782609
0.478931 0.782609
0.479030 0.782609
0.479129 0.782609
0.479228 0.782609
0.479327 0.782609
0.479426 0.782609
0.479526 0.782609
0.479625 0.782609
0.479724 0.782609
0.479823 0.782609
0.479922 0.782609
0.480021 0.782609
0.480120 0.782609
0.480219 0.780051
0.480318 0.780051
0.480417 0.780051
0.480516 0.780051
0.480616 0.780051
0.480715 0.780051
0.480814 0.780051
0.480913 0.780051
0.481012 0.780051
0.481111 0.780051
0.481210 0.780051
0.481309 0.780051
0.481408 0.780051
0.481507 0.780051
0.481606 0.780051
0.481706 0.780051
0.481805 0.780051
0.481904 0.780051
0.482003 0.780051
0.482102 0.780051
0.482201 0.780051
0.482300 0.780051
0.482399 0.780051
0.482498 0.780051
0.482597 0.780051
0.482697 0.780051
0.482796 0.780051
0.482895 0.780051
0.482994 0.780051
0.483093 0.780051
0.483192 0.780051
0.483291 0.780051
0.483390 0.780051
0.483489 0.780051
0.483588 0.780051
0.483687 0.780051
0.483787 0.780051
0.483886 0.780051
0.483985 0.780051
0.484084 0.780051
0.484183 0.780051
0.484282 0.780051
0.484381 0.780051
0.484480 0.780051
0.484579 0.780051
0.484678 0.780051
0.484778 0.780051
0.484877 0.780051
0.484976 0.780051
0.485075 0.780051
0.485174 0.780051
0.485273 0.780051
0.485372 0.780051
0.485471 0.780051
0.485570 0.780051
0.485669 0.780051
0.485768 0.780051
0.485868 0.780051
0.485967 0.780051
0.486066 0.780051
0.486165 0.780051
0.486264 0.780051
0.486363 0.780051
0.486462 0.777494
0.486561 0.777494
0.486660 0.777494
0.486759 0.777494
0.486859 0.774936
0.486958 0.774936
0.487057 0.774936
0.487156 0.774936
0.487255 0.774936
0.487354 0.774936
0.487453 0.774936
0.487552 0.774936
0.487651 0.774936
0.487750 0.774936
0.487849 0.774936
0.487949 0.774936
0.488048 0.774936
0.488147 0.774936
0.488246 0.774936
0.488345 0.774936
0.488444 0.774936
0.488543 0.772379
0.488642 0.772379
0.488741 0.772379
0.488840 0.772379
0.488939 0.772379
0.489039 0.772379
0.489138 0.772379
0.489237 0.772379
0.489336 0.772379
0.489435 0.772379
0.489534 0.772379
0.489633 0.772379
0.489732 0.772379
0.489831 0.772379
0.489930 0.772379
0.490030 0.772379
0.490129 0.772379
0.490228 0.772379
0.490327 0.769821
0.490426 0.769821
0.490525 0.769821
0.490624 0.769821
0.490723 0.769821
0.490822 0.769821
0.490921 0.769821
0.491020 0.769821
0.491120 0.769821
0.491219 0.769821
0.491318 0.769821
0.491417 0.767263
0.491516 0.767263
0.491615 0.767263
0.491714 0.767263
0.491813 0.767263
0.491912 0.764706
0.492011 0.764706
0.492111 0.764706
0.492210 0.764706
0.492309 0.764706
0.492408 0.764706
0.492507 0.764706
0.492606 0.764706
0.492705 0.764706
0.492804 0.764706
0.492903 0.764706
0.493002 0.764706
0.493101 0.764706
0.493201 0.764706
0.493300 0.764706
0.493399 0.764706
0.493498 0.764706
0.493597 0.764706
0.493696 0.764706
0.493795 0.764706
0.493894 0.764706
0.493993 0.764706
0.494092 0.764706
0.494191 0.764706
0.494291 0.764706
0.494390 0.764706
0.494489 0.762148
0.494588 0.762148
0.494687 0.762148
0.494786 0.762148
0.494885 0.762148
0.494984 0.762148
0.495083 0.762148
0.495182 0.762148
0.495282 0.759591
0.495381 0.759591
0.495480 0.759591
0.495579 0.759591
0.495678 0.759591
0.495777 0.757033
0.495876 0.757033
0.495975 0.757033
0.496074 0.757033
0.496173 0.757033
0.496272 0.757033
0.496372 0.757033
0.496471 0.757033
0.496570 0.757033
0.496669 0.757033
0.496768 0.757033
0.496867 0.757033
0.496966 0.757033
0.497065 0.757033
0.497164 0.757033
0.497263 0.757033
0.497363 0.757033
0.497462 0.757033
0.497561 0.757033
0.497660 0.757033
0.497759 0.757033
0.497858 0.757033
0.497957 0.757033
0.498056 0.757033
0.498155 0.757033
0.498254 0.757033
0.498353 0.757033
0.498453 0.757033
0.498552 0.754476
0.498651 0.754476
0.498750 0.754476
0.498849 0.754476
0.498948 0.754476
0.499047 0.754476
0.499146 0.751918
0.499245 0.751918
0.499344 0.751918
0.499444 0.751918
0.499543 0.751918
0.499642 0.751918
0.499741 0.751918
0.499840 0.751918
0.499939 0.751918
0.500038 0.751918
0.500137 0.749361
0.500236 0.749361
0.500335 0.749361
0.500434 0.749361
0.500534 0.749361
0.500633 0.749361
0.500732 0.749361
0.500831 0.749361
0.500930 0.749361
0.501029 0.749361
0.501128 0.749361
0.501227 0.749361
0.501326 0.749361
0.501425 0.749361
0.501524 0.749361
0.501624 0.749361
0.501723 0.749361
0.501822 0.749361
0.501921 0.749361
0.502020 0.749361
0.502119 0.749361
0.502218 0.749361
0.502317 0.749361
0.502416 0.749361
0.502515 0.749361
0.502615 0.749361
0.502714 0.749361
0.502813 0.749361
0.502912 0.749361
0.503011 0.749361
0.503110 0.749361
0.503209 0.749361
0.503308 0.749361
0.503407 0.749361
0.503506 0.749361
0.503605 0.749361
0.503705 0.749361
0.503804 0.749361
0.503903 0.749361
0.504002 0.749361
0.504101 0.749361
0.504200 0.749361
0.504299 0.749361
0.504398 0.749361
0.504497 0.749361
0.504596 0.749361
0.504696 0.749361
0.504795 0.749361
0.504894 0.749361
0.504993 0.749361
0.505092 0.749361
0.505191 0.749361
0.505290 0.749361
0.505389 0.749361
0.505488 0.749361
0.505587 0.749361
0.505686 0.749361
0.505786 0.749361
0.505885 0.749361
0.505984 0.749361
0.506083 0.749361
0.506182 0.749361
0.506281 0.749361
0.506380 0.749361
0.506479 0.749361
0.506578 0.749361
0.506677 0.749361
0.506776 0.749361
0.506876 0.749361
0.506975 0.749361
0.507074 0.749361
0.507173 0.749361
0.507272 0.749361
0.507371 0.749361
0.507470 0.749361
0.507569 0.749361
0.507668 0.749361
0.507767 0.749361
0.507867 0.749361
0.507966 0.749361
0.508065 0.749361
0.508164 0.749361
0.508263 0.749361
0.508362 0.749361
0.508461 0.749361
0.508560 0.749361
0.508659 0.749361
0.508758 0.749361
0.508857 0.749361
0.508957 0.749361
0.509056 0.749361
0.509155 0.749361
0.509254 0.749361
0.509353 0.749361
0.509452 0.749361
0.509551 0.749361
0.509650 0.749361
0.509749 0.749361
0.509848 0.749361
0.509948 0.749361
0.510047 0.749361
0.510146 0.749361
0.510245 0.749361
0.510344 0.749361
0.510443 0.749361
0.510542 0.749361
0.510641 0.749361
0.510740 0.749361
0.510839 0.749361
0.510938 0.749361
0.511038 0.749361
0.511137 0.749361
0.511236 0.749361
0.511335 0.749361
0.511434 0.749361
0.511533 0.749361
0.511632 0.749361
0.511731 0.749361
0.511830 0.746803
0.511929 0.746803
0.512029 0.746803
0.512128 0.746803
0.512227 0.746803
0.512326 0.746803
0.512425 0.746803
0.512524 0.746803
0.512623 0.746803
0.512722 0.746803
0.512821 0.746803
0.512920 0.744246
0.513019 0.744246
0.513119 0.744246
0.513218 0.744246
0.513317 0.744246
0.513416 0.744246
0.513515 0.744246
0.513614 0.744246
0.513713 0.744246
0.513812 0.744246
0.513911 0.744246
0.514010 0.744246
0.514109 0.744246
0.514209 0.744246
0.514308 0.744246
0.514407 0.744246
0.514506 0.741688
0.514605 0.741688
0.514704 0.741688
0.514803 0.741688
0.514902 0.741688
0.515001 0.741688
0.515100 0.741688
0.515200 0.741688
0.515299 0.741688
0.515398 0.741688
0.515497 0.741688
0.515596 0.741688
0.515695 0.741688
0.515794 0.741688
0.515893 0.741688
0.515992 0.741688
0.516091 0.741688
0.516190 0.741688
0.516290 0.741688
0.516389 0.741688
0.516488 0.741688
0.516587 0.741688
0.516686 0.741688
0.516785 0.741688
0.516884 0.741688
0.516983 0.741688
0.517082 0.741688
0.517181 0.741688
0.517281 0.741688
0.517380 0.741688
0.517479 0.741688
0.517578 0.741688
0.517677 0.741688
0.517776 0.741688
0.517875 0.741688
0.517974 0.741688
0.518073 0.741688
0.518172 0.741688
0.518271 0.741688
0.518371 0.741688
0.518470 0.741688
0.518569 0.741688
0.518668 0.741688
0.518767 0.741688
0.518866 0.741688
0.518965 0.741688
0.519064 0.741688
0.519163 0.741688
0.519262 0.741688
0.519361 0.741688
0.519461 0.741688
0.519560 0.741688
0.519659 0.741688
0.519758 0.741688
0.519857 0.741688
0.519956 0.741688
0.520055 0.741688
0.520154 0.741688
0.520253 0.741688
0.520352 0.739130
0.520452 0.739130
0.520551 0.739130
0.520650 0.739130
0.520749 0.739130
0.520848 0.739130
0.520947 0.739130
0.521046 0.739130
0.521145 0.739130
0.521244 0.739130
0.521343 0.739130
0.521442 0.739130
0.521542 0.739130
0.521641 0.739130
0.521740 0.739130
0.521839 0.739130
0.521938 0.739130
0.522037 0.739130
0.522136 0.739130
0.522235 0.739130
0.522334 0.739130
0.522433 0.739130
0.522533 0.739130
0.522632 0.739130
0.522731 0.739130
0.522830 0.739130
0.522929 0.739130
0.523028 0.739130
0.523127 0.739130
0.523226 0.739130
0.523325 0.739130
0.523424 0.739130
0.523523 0.736573
0.523623 0.736573
0.523722 0.736573
0.523821 0.736573
0.523920 0.736573
0.524019 0.734015
0.524118 0.734015
0.524217 0.734015
0.524316 0.734015
0.524415 0.734015
0.524514 0.734015
0.524614 0.734015
0.524713 0.734015
0.524812 0.734015
0.524911 0.734015
0.525010 0.734015
0.525109 0.734015
0.525208 0.734015
0.525307 0.734015
0.525406 0.734015
0.525505 0.734015
0.525604 0.734015
0.525704 0.734015
0.525803 0.734015
0.525902 0.734015
0.526001 0.731458
0.526100 0.731458
0.526199 0.731458
0.526298 0.731458
0.526397 0.731458
0.526496 0.731458
0.526595 0.731458
0.526694 0.731458
0.526794 0.731458
0.526893 0.731458
0.526992 0.731458
0.527091 0.731458
0.527190 0.731458
0.527289 0.731458
0.527388 0.731458
0.527487 0.731458
0.527586 0.728900
0.527685 0.728900
0.527785 0.728900
0.527884 0.728900
0.527983 0.728900
0.528082 0.728900
0.528181 0.728900
0.528280 0.728900
0.528379 0.728900
0.528478 0.728900
0.528577 0.728900
0.528676 0.728900
0.528775 0.728900
0.528875 0.728900
0.528974 0.728900
0.529073 0.728900
0.529172 0.728900
0.529271 0.728900
0.529370 0.728900
0.529469 0.728900
0.529568 0.728900
0.529667 0.728900
0.529766 0.728900
0.529866 0.728900
0.529965 0.728900
0.530064 0.728900
0.530163 0.728900
0.530262 0.726343
0.530361 0.726343
0.530460 0.726343
0.530559 0.726343
0.530658 0.726343
0.530757 0.726343
0.530856 0.726343
0.530956 0.723785
0.531055 0.723785
0.531154 0.723785
0.531253 0.723785
0.531352 0.723785
0.531451 0.723785
0.531550 0.723785
0.531649 0.723785
0.531748 0.723785
0.531847 0.723785
0.531946 0.723785
0.532046 0.723785
0.532145 0.723785
0.532244 0.723785
0.532343 0.723785
0.532442 0.723785
0.532541 0.721228
0.532640 0.721228
0.532739 0.721228
0.532838 0.721228
0.532937 0.721228
0.533037 0.721228
0.533136 0.721228
0.533235 0.721228
0.533334 0.721228
0.533433 0.721228
0.533532 0.721228
0.533631 0.721228
0.533730 0.721228
0.533829 0.721228
0.533928 0.721228
0.534027 0.721228
0.534127 0.721228
0.534226 0.721228
0.534325 0.721228
0.534424 0.721228
0.534523 0.721228
0.534622 0.721228
0.534721 0.721228
0.534820 0.716113
0.534919 0.716113
0.535018 0.716113
0.535118 0.716113
0.535217 0.716113
0.535316 0.716113
0.535415 0.716113
0.535514 0.713555
0.535613 0.713555
0.535712 0.713555
0.535811 0.713555
0.535910 0.710997
0.536009 0.710997
0.536108 0.710997
0.536208 0.710997
0.536307 0.710997
0.536406 0.710997
0.536505 0.710997
0.536604 0.710997
0.536703 0.710997
0.536802 0.710997
0.536901 0.710997
0.537000 0.710997
0.537099 0.710997
0.537199 0.710997
0.537298 0.710997
0.537397 0.710997
0.537496 0.710997
0.537595 0.710997
0.537694 0.710997
0.537793 0.710997
0.537892 0.710997
0.537991 0.710997
0.538090 0.710997
0.538189 0.710997
0.538289 0.710997
0.538388 0.710997
0.538487 0.710997
0.538586 0.710997
0.538685 0.710997
0.538784 0.710997
0.538883 0.710997
0.538982 0.710997
0.539081 0.710997
0.539180 0.710997
0.539279 0.710997
0.539379 0.710997
0.539478 0.710997
0.539577 0.710997
0.539676 0.710997
0.539775 0.710997
0.539874 0.708440
0.539973 0.708440
0.540072 0.708440
0.540171 0.708440
0.540270 0.708440
0.540370 0.708440
0.540469 0.708440
0.540568 0.708440
0.540667 0.708440
0.540766 0.708440
0.540865 0.708440
0.540964 0.708440
0.541063 0.708440
0.541162 0.708440
0.541261 0.708440
0.541360 0.708440
0.541460 0.708440
0.541559 0.708440
0.541658 0.708440
0.541757 0.708440
0.541856 0.708440
0.541955 0.708440
0.542054 0.708440
0.542153 0.708440
0.542252 0.708440
0.542351 0.708440
0.542451 0.708440
0.542550 0.708440
0.542649 0.708440
0.542748 0.708440
0.542847 0.708440
0.542946 0.708440
0.543045 0.708440
0.543144 0.708440
0.543243 0.708440
0.543342 0.708440
0.543441 0.708440
0.543541 0.705882
0.543640 0.703325
0.543739 0.703325
0.543838 0.703325
0.543937 0.703325
0.544036 0.703325
0.544135 0.703325
0.544234 0.703325
0.544333 0.703325
0.544432 0.703325
0.544531 0.703325
0.544631 0.703325
0.544730 0.703325
0.544829 0.703325
0.544928 0.703325
0.545027 0.703325
0.545126 0.703325
0.545225 0.703325
0.545324 0.703325
0.545423 0.703325
0.545522 0.703325
0.545622 0.703325
0.545721 0.703325
0.545820 0.703325
0.545919 0.703325
0.546018 0.703325
0.546117 0.703325
0.546216 0.703325
0.546315 0.703325
0.546414 0.703325
0.546513 0.703325
0.546612 0.703325
0.546712 0.703325
0.546811 0.700767
0.546910 0.700767
0.547009 0.700767
0.547108 0.700767
0.547207 0.700767
0.547306 0.700767
0.547405 0.700767
0.547504 0.700767
0.547603 0.700767
0.547703 0.700767
0.547802 0.700767
0.547901 0.700767
0.548000 0.700767
0.548099 0.700767
0.548198 0.700767
0.548297 0.700767
0.548396 0.700767
0.548495 0.700767
0.548594 0.700767
0.548693 0.700767
0.548793 0.700767
0.548892 0.700767
0.548991 0.700767
0.549090 0.700767
0.549189 0.700767
0.549288 0.700767
0.549387 0.700767
0.549486 0.700767
0.549585 0.700767
0.549684 0.700767
0.549784 0.698210
0.549883 0.698210
0.549982 0.698210
0.550081 0.698210
0.550180 0.698210
0.550279 0.698210
0.550378 0.698210
0.550477 0.698210
0.550576 0.698210
0.550675 0.698210
0.550774 0.698210
0.550874 0.698210
0.550973 0.698210
0.551072 0.698210
0.551171 0.698210
0.551270 0.698210
0.551369 0.698210
0.551468 0.698210
0.551567 0.698210
0.551666 0.698210
0.551765 0.698210
0.551864 0.698210
0.551964 0.698210
0.552063 0.698210
0.552162 0.695652
0.552261 0.695652
0.552360 0.695652
0.552459 0.695652
0.552558 0.695652
0.552657 0.695652
0.552756 0.695652
0.552855 0.695652
0.552955 0.695652
0.553054 0.695652
0.553153 0.695652
0.553252 0.695652
0.553351 0.695652
0.553450 0.695652
0.553549 0.695652
0.553648 0.695652
0.553747 0.695652
0.553846 0.695652
0.553945 0.695652
0.554045 0.695652
0.554144 0.695652
0.554243 0.695652
0.554342 0.695652
0.554441 0.693095
0.554540 0.693095
0.554639 0.693095
0.554738 0.693095
0.554837 0.693095
0.554936 0.693095
0.555036 0.693095
0.555135 0.693095
0.555234 0.693095
0.555333 0.693095
0.555432 0.693095
0.555531 0.693095
0.555630 0.693095
0.555729 0.693095
0.555828 0.693095
0.555927 0.693095
0.556026 0.693095
0.556126 0.693095
0.556225 0.693095
0.556324 0.693095
0.556423 0.693095
0.556522 0.693095
0.556621 0.687980
0.556720 0.687980
0.556819 0.687980
0.556918 0.687980
0.557017 0.687980
0.557116 0.687980
0.557216 0.687980
0.557315 0.687980
0.557414 0.687980
0.557513 0.687980
0.557612 0.687980
0.557711 0.687980
0.557810 0.687980
0.557909 0.687980
0.558008 0.687980
0.558107 0.685422
0.558207 0.685422
0.558306 0.685422
0.558405 0.685422
0.558504 0.685422
0.558603 0.685422
0.558702 0.685422
0.558801 0.685422
0.558900 0.685422
0.558999 0.685422
0.559098 0.685422
0.559197 0.685422
0.559297 0.685422
0.559396 0.682864
0.559495 0.682864
0.559594 0.682864
0.559693 0.682864
0.559792 0.682864
0.559891 0.682864
0.559990 0.682864
0.560089 0.682864
0.560188 0.682864
0.560288 0.682864
0.560387 0.682864
0.560486 0.682864
0.560585 0.682864
0.560684 0.682864
0.560783 0.682864
0.560882 0.682864
0.560981 0.682864
0.561080 0.680307
0.561179 0.680307
0.561278 0.680307
0.561378 0.680307
0.561477 0.680307
0.561576 0.680307
0.561675 0.680307
0.561774 0.680307
0.561873 0.680307
0.561972 0.680307
0.562071 0.680307
0.562170 0.680307
0.562269 0.680307
0.562369 0.680307
0.562468 0.680307
0.562567 0.680307
0.562666 0.680307
0.562765 0.680307
0.562864 0.680307
0.562963 0.680307
0.563062 0.677749
0.563161 0.677749
0.563260 0.677749
0.563359 0.677749
0.563459 0.677749
0.563558 0.677749
0.563657 0.677749
0.563756 0.677749
0.563855 0.677749
0.563954 0.677749
0.564053 0.677749
0.564152 0.677749
0.564251 0.677749
0.564350 0.677749
0.564449 0.677749
0.564549 0.677749
0.564648 0.677749
0.564747 0.677749
0.564846 0.677749
0.564945 0.677749
0.565044 0.677749
0.565143 0.677749
0.565242 0.677749
0.565341 0.677749
0.565440 0.677749
0.565540 0.677749
0.565639 0.677749
0.565738 0.677749
0.565837 0.677749
0.565936 0.677749
0.566035 0.675192
0.566134 0.675192
0.566233 0.675192
0.566332 0.675192
0.566431 0.672634
0.566530 0.672634
0.566630 0.672634
0.566729 0.672634
0.566828 0.672634
0.566927 0.672634
0.567026 0.672634
0.567125 0.672634
0.567224 0.672634
0.567323 0.670077
0.567422 0.670077
0.567521 0.670077
0.567621 0.670077
0.567720 0.670077
0.567819 0.670077
0.567918 0.670077
0.568017 0.670077
0.568116 0.670077
0.568215 0.670077
0.568314 0.670077
0.568413 0.670077
0.568512 0.670077
0.568611 0.670077
0.568711 0.670077
0.568810 0.670077
0.568909 0.670077
0.569008 0.670077
0.569107 0.670077
0.569206 0.670077
0.569305 0.670077
0.569404 0.670077
0.569503 0.670077
0.569602 0.667519
0.569701 0.667519
0.569801 0.667519
0.569900 0.667519
0.569999 0.667519
0.570098 0.667519
0.570197 0.667519
0.570296 0.667519
0.570395 0.667519
0.570494 0.667519
0.570593 0.667519
0.570692 0.667519
0.570792 0.667519
0.570891 0.667519
0.570990 0.667519
0.571089 0.667519
0.571188 0.667519
0.571287 0.667519
0.571386 0.667519
0.571485 0.667519
0.571584 0.667519
0.571683 0.667519
0.571782 0.667519
0.571882 0.667519
0.571981 0.667519
0.572080 0.667519
0.572179 0.667519
0.572278 0.667519
0.572377 0.667519
0.572476 0.667519
0.572575 0.667519
0.572674 0.667519
0.572773 0.667519
0.572873 0.667519
0.572972 0.667519
0.573071 0.667519
0.573170 0.667519
0.573269 0.667519
0.573368 0.667519
0.573467 0.667519
0.573566 0.667519
0.573665 0.667519
0.573764 0.667519
0.573863 0.667519
0.573963 0.664962
0.574062 0.664962
0.574161 0.664962
0.574260 0.664962
0.574359 0.664962
0.574458 0.664962
0.574557 0.664962
0.574656 0.664962
0.574755 0.664962
0.574854 0.664962
0.574954 0.664962
0.575053 0.664962
0.575152 0.664962
0.575251 0.664962
0.575350 0.664962
0.575449 0.664962
0.575548 0.664962
0.575647 0.664962
0.575746 0.664962
0.575845 0.664962
0.575944 0.664962
0.576044 0.664962
0.576143 0.664962
0.576242 0.664962
0.576341 0.664962
0.576440 0.664962
0.576539 0.664962
0.576638 0.664962
0.576737 0.664962
0.576836 0.664962
0.576935 0.664962
0.577034 0.664962
0.577134 0.664962
0.577233 0.664962
0.577332 0.664962
0.577431 0.664962
0.577530 0.664962
0.577629 0.664962
0.577728 0.664962
0.577827 0.664962
0.577926 0.664962
0.578025 0.664962
0.578125 0.664962
0.578224 0.664962
0.578323 0.664962
0.578422 0.664962
0.578521 0.664962
0.578620 0.662404
0.578719 0.662404
0.578818 0.662404
0.578917 0.662404
0.579016 0.662404
0.579115 0.662404
0.579215 0.662404
0.579314 0.662404
0.579413 0.662404
0.579512 0.662404
0.579611 0.662404
0.579710 0.662404
0.579809 0.662404
0.579908 0.662404
0.580007 0.662404
0.580106 0.662404
0.580206 0.662404
0.580305 0.662404
0.580404 0.662404
0.580503 0.662404
0.580602 0.662404
0.580701 0.662404
0.580800 0.662404
0.580899 0.662404
0.580998 0.662404
0.581097 0.662404
0.581196 0.662404
0.581296 0.662404
0.581395 0.662404
0.581494 0.662404
0.581593 0.662404
0.581692 0.662404
0.581791 0.662404
0.581890 0.662404
0.581989 0.662404
0.582088 0.662404
0.582187 0.662404
0.582286 0.662404
0.582386 0.662404
0.582485 0.662404
0.582584 0.662404
0.582683 0.662404
0.582782 0.662404
0.582881 0.662404
0.582980 0.662404
0.583079 0.662404
0.583178 0.662404
0.583277 0.662404
0.583377 0.662404
0.583476 0.662404
0.583575 0.662404
0.583674 0.659847
0.583773 0.659847
0.583872 0.659847
0.583971 0.659847
0.584070 0.659847
0.584169 0.659847
0.584268 0.659847
0.584367 0.659847
0.584467 0.659847
0.584566 0.659847
0.584665 0.657289
0.584764 0.657289
0.584863 0.657289
0.584962 0.657289
0.585061 0.657289
0.585160 0.657289
0.585259 0.657289
0.585358 0.657289
0.585458 0.657289
0.585557 0.657289
0.585656 0.657289
0.585755 0.657289
0.585854 0.657289
0.585953 0.657289
0.586052 0.657289
0.586151 0.657289
0.586250 0.657289
0.586349 0.657289
0.586448 0.657289
0.586548 0.657289
0.586647 0.657289
0.586746 0.657289
0.586845 0.657289
0.586944 0.657289
0.587043 0.657289
0.587142 0.657289
0.587241 0.657289
0.587340 0.657289
0.587439 0.657289
0.587538 0.657289
0.587638 0.657289
0.587737 0.657289
0.587836 0.657289
0.587935 0.657289
0.588034 0.657289
0.588133 0.657289
0.588232 0.657289
0.588331 0.654731
0.588430 0.654731
0.588529 0.654731
0.588629 0.654731
0.588728 0.654731
0.588827 0.654731
0.588926 0.654731
0.589025 0.654731
0.589124 0.654731
0.589223 0.654731
0.589322 0.654731
0.589421 0.654731
0.589520 0.654731
0.589619 0.654731
0.589719 0.654731
0.589818 0.654731
0.589917 0.654731
0.590016 0.654731
0.590115 0.654731
0.590214 0.654731
0.590313 0.654731
0.590412 0.654731
0.590511 0.654731
0.590610 0.654731
0.590710 0.654731
0.590809 0.654731
0.590908 0.654731
0.591007 0.654731
0.591106 0.654731
0.591205 0.654731
0.591304 0.654731
0.591403 0.654731
0.591502 0.654731
0.591601 0.654731
0.591700 0.654731
0.591800 0.654731
0.591899 0.654731
0.591998 0.654731
0.592097 0.654731
0.592196 0.654731
0.592295 0.654731
0.592394 0.654731
0.592493 0.654731
0.592592 0.654731
0.592691 0.654731
0.592791 0.654731
0.592890 0.654731
0.592989 0.654731
0.593088 0.654731
0.593187 0.654731
0.593286 0.652174
0.593385 0.652174
0.593484 0.652174
0.593583 0.652174
0.593682 0.652174
0.593781 0.652174
0.593881 0.652174
0.593980 0.652174
0.594079 0.652174
0.594178 0.652174
0.594277 0.652174
0.594376 0.652174
0.594475 0.652174
0.594574 0.652174
0.594673 0.652174
0.594772 0.652174
0.594871 0.652174
0.594971 0.652174
0.595070 0.652174
0.595169 0.652174
0.595268 0.652174
0.595367 0.652174
0.595466 0.652174
0.595565 0.652174
0.595664 0.652174
0.595763 0.652174
0.595862 0.652174
0.595962 0.652174
0.596061 0.652174
0.596160 0.652174
0.596259 0.652174
0.596358 0.652174
0.596457 0.652174
0.596556 0.652174
0.596655 0.652174
0.596754 0.652174
0.596853 0.652174
0.596952 0.652174
0.597052 0.652174
0.597151 0.649616
0.597250 0.649616
0.597349 0.649616
0.597448 0.649616
0.597547 0.649616
0.597646 0.649616
0.597745 0.649616
0.597844 0.649616
0.597943 0.647059
0.598043 0.647059
0.598142 0.647059
0.598241 0.647059
0.598340 0.647059
0.598439 0.647059
0.598538 0.647059
0.598637 0.647059
0.598736 0.647059
0.598835 0.647059
0.598934 0.647059
0.599033 0.647059
0.599133 0.647059
0.599232 0.647059
0.599331 0.647059
0.599430 0.647059
0.599529 0.647059
0.599628 0.647059
0.599727 0.647059
0.599826 0.647059
0.599925 0.647059
0.600024 0.647059
0.600123 0.647059
0.600223 0.647059
0.600322 0.647059
0.600421 0.647059
0.600520 0.647059
0.600619 0.647059
0.600718 0.647059
0.600817 0.647059
0.600916 0.647059
0.601015 0.647059
0.601114 0.647059
0.601214 0.647059
0.601313 0.647059
0.601412 0.647059
0.601511 0.647059
0.601610 0.647059
0.601709 0.647059
0.601808 0.647059
0.601907 0.647059
0.602006 0.647059
0.602105 0.647059
0.602204 0.647059
0.602304 0.647059
0.602403 0.647059
0.602502 0.647059
0.602601 0.647059
0.602700 0.647059
0.602799 0.647059
0.602898 0.647059
0.602997 0.647059
0.603096 0.647059
0.603195 0.647059
0.603295 0.647059
0.603394 0.647059
0.603493 0.647059
0.603592 0.647059
0.603691 0.647059
0.603790 0.647059
0.603889 0.647059
0.603988 0.647059
0.604087 0.647059
0.604186 0.647059
0.604285 0.647059
0.604385 0.647059
0.604484 0.647059
0.604583 0.647059
0.604682 0.647059
0.604781 0.647059
0.604880 0.647059
0.604979 0.641944
0.605078 0.641944
0.605177 0.641944
0.605276 0.641944
0.605376 0.641944
0.605475 0.641944
0.605574 0.641944
0.605673 0.641944
0.605772 0.641944
0.605871 0.641944
0.605970 0.641944
0.606069 0.641944
0.606168 0.641944
0.606267 0.641944
0.606366 0.641944
0.606466 0.641944
0.606565 0.641944
0.606664 0.641944
0.606763 0.639386
0.606862 0.639386
0.606961 0.639386
0.607060 0.639386
0.607159 0.639386
0.607258 0.639386
0.607357 0.639386
0.607456 0.639386
0.607556 0.639386
0.607655 0.639386
0.607754 0.636829
0.607853 0.636829
0.607952 0.636829
0.608051 0.636829
0.608150 0.636829
0.608249 0.636829
0.608348 0.636829
0.608447 0.636829
0.608547 0.636829
0.608646 0.636829
0.608745 0.636829
0.608844 0.636829
0.608943 0.634271
0.609042 0.634271
0.609141 0.634271
0.609240 0.634271
0.609339 0.634271
0.609438 0.634271
0.609537 0.634271
0.609637 0.634271
0.609736 0.634271
0.609835 0.634271
0.609934 0.634271
0.610033 0.634271
0.610132 0.631714
0.610231 0.631714
0.610330 0.631714
0.610429 0.631714
0.610528 0.631714
0.610628 0.631714
0.610727 0.631714
0.610826 0.631714
0.610925 0.629156
0.611024 0.629156
0.611123 0.629156
0.611222 0.629156
0.611321 0.629156
0.611420 0.629156
0.611519 0.629156
0.611618 0.629156
0.611718 0.629156
0.611817 0.629156
0.611916 0.629156
0.612015 0.629156
0.612114 0.629156
0.612213 0.629156
0.612312 0.629156
0.612411 0.629156
0.612510 0.629156
0.612609 0.629156
0.612708 0.629156
0.612808 0.629156
0.612907 0.629156
0.613006 0.629156
0.613105 0.629156
0.613204 0.629156
0.613303 0.629156
0.613402 0.629156
0.613501 0.629156
0.613600 0.629156
0.613699 0.629156
0.613799 0.629156
0.613898 0.629156
0.613997 0.629156
0.614096 0.629156
0.614195 0.629156
0.614294 0.629156
0.614393 0.629156
0.614492 0.629156
0.614591 0.629156
0.614690 0.629156
0.614789 0.629156
0.614889 0.629156
0.614988 0.629156
0.615087 0.629156
0.615186 0.626598
0.615285 0.626598
0.615384 0.626598
0.615483 0.626598
0.615582 0.626598
0.615681 0.626598
0.615780 0.626598
0.615880 0.626598
0.615979 0.626598
0.616078 0.626598
0.616177 0.626598
0.616276 0.626598
0.616375 0.626598
0.616474 0.626598
0.616573 0.626598
0.616672 0.626598
0.616771 0.626598
0.616870 0.624041
0.616970 0.624041
0.617069 0.624041
0.617168 0.624041
0.617267 0.624041
0.617366 0.624041
0.617465 0.621483
0.617564 0.621483
0.617663 0.621483
0.617762 0.621483
0.617861 0.621483
0.617961 0.621483
0.618060 0.621483
0.618159 0.621483
0.618258 0.621483
0.618357 0.621483
0.618456 0.621483
0.618555 0.621483
0.618654 0.621483
0.618753 0.621483
0.618852 0.621483
0.618951 0.621483
0.619051 0.621483
0.619150 0.621483
0.619249 0.621483
0.619348 0.621483
0.619447 0.621483
0.619546 0.621483
0.619645 0.621483
0.619744 0.621483
0.619843 0.621483
0.619942 0.621483
0.620041 0.621483
0.620141 0.621483
0.620240 0.621483
0.620339 0.621483
0.620438 0.621483
0.620537 0.621483
0.620636 0.621483
0.620735 0.621483
0.620834 0.621483
0.620933 0.621483
0.621032 0.621483
0.621132 0.618926
0.621231 0.618926
0.621330 0.618926
0.621429 0.618926
0.621528 0.618926
0.621627 0.618926
0.621726 0.618926
0.621825 0.618926
0.621924 0.618926
0.622023 0.618926
0.622122 0.618926
0.622222 0.618926
0.622321 0.618926
0.622420 0.618926
0.622519 0.618926
0.622618 0.618926
0.622717 0.618926
0.622816 0.618926
0.622915 0.618926
0.623014 0.618926
0.623113 0.618926
0.623213 0.618926
0.623312 0.618926
0.623411 0.618926
0.623510 0.618926
0.623609 0.618926
0.623708 0.618926
0.623807 0.618926
0.623906 0.618926
0.624005 0.618926
0.624104 0.618926
0.624203 0.618926
0.624303 0.618926
0.624402 0.618926
0.624501 0.618926
0.624600 0.618926
0.624699 0.618926
0.624798 0.618926
0.624897 0.618926
0.624996 0.618926
0.625095 0.618926
0.625194 0.618926
0.625293 0.618926
0.625393 0.618926
0.625492 0.618926
0.625591 0.618926
0.625690 0.618926
0.625789 0.618926
0.625888 0.618926
0.625987 0.618926
0.626086 0.618926
0.626185 0.618926
0.626284 0.618926
0.626384 0.618926
0.626483 0.618926
0.626582 0.618926
0.626681 0.618926
0.626780 0.618926
0.626879 0.618926
0.626978 0.618926
0.627077 0.618926
0.627176 0.618926
0.627275 0.618926
0.627374 0.618926
0.627474 0.618926
0.627573 0.618926
0.627672 0.618926
0.627771 0.618926
0.627870 0.618926
0.627969 0.618926
0.628068 0.618926
0.628167 0.618926
0.628266 0.618926
0.628365 0.618926
0.628465 0.618926
0.628564 0.618926
0.628663 0.616368
0.628762 0.616368
0.628861 0.616368
0.628960 0.616368
0.629059 0.616368
0.629158 0.616368
0.629257 0.616368
0.629356 0.616368
0.629455 0.616368
0.629555 0.616368
0.629654 0.616368
0.629753 0.616368
0.629852 0.616368
0.629951 0.616368
0.630050 0.616368
0.630149 0.616368
0.630248 0.616368
0.630347 0.616368
0.630446 0.616368
0.630546 0.616368
0.630645 0.616368
0.630744 0.616368
0.630843 0.616368
0.630942 0.616368
0.631041 0.616368
0.631140 0.616368
0.631239 0.616368
0.631338 0.616368
0.631437 0.616368
0.631536 0.616368
0.631636 0.616368
0.631735 0.616368
0.631834 0.616368
0.631933 0.616368
0.632032 0.616368
0.632131 0.616368
0.632230 0.616368
0.632329 0.616368
0.632428 0.616368
0.632527 0.616368
0.632626 0.613811
0.632726 0.613811
0.632825 0.611253
0.632924 0.611253
0.633023 0.611253
0.633122 0.611253
0.633221 0.611253
0.633320 0.611253
0.633419 0.611253
0.633518 0.611253
0.633617 0.611253
0.633717 0.611253
0.633816 0.611253
0.633915 0.611253
0.634014 0.611253
0.634113 0.611253
0.634212 0.611253
0.634311 0.611253
0.634410 0.611253
0.634509 0.611253
0.634608 0.611253
0.634707 0.611253
0.634807 0.611253
0.634906 0.611253
0.635005 0.611253
0.635104 0.611253
0.635203 0.611253
0.635302 0.611253
0.635401 0.611253
0.635500 0.611253
0.635599 0.611253
0.635698 0.611253
0.635798 0.611253
0.635897 0.611253
0.635996 0.611253
0.636095 0.611253
0.636194 0.611253
0.636293 0.611253
0.636392 0.611253
0.636491 0.611253
0.636590 0.611253
0.636689 0.611253
0.636788 0.611253
0.636888 0.611253
0.636987 0.611253
0.637086 0.611253
0.637185 0.611253
0.637284 0.611253
0.637383 0.611253
0.637482 0.611253
0.637581 0.611253
0.637680 0.611253
0.637779 0.611253
0.637878 0.611253
0.637978 0.611253
0.638077 0.611253
0.638176 0.611253
0.638275 0.611253
0.638374 0.611253
0.638473 0.611253
0.638572 0.611253
0.638671 0.611253
0.638770 0.611253
0.638869 0.611253
0.638969 0.611253
0.639068 0.608696
0.639167 0.608696
0.639266 0.608696
0.639365 0.608696
0.639464 0.608696
0.639563 0.608696
0.639662 0.608696
0.639761 0.608696
0.639860 0.608696
0.639959 0.608696
0.640059 0.608696
0.640158 0.608696
0.640257 0.608696
0.640356 0.608696
0.640455 0.608696
0.640554 0.608696
0.640653 0.608696
0.640752 0.608696
0.640851 0.608696
0.640950 0.608696
0.641050 0.608696
0.641149 0.608696
0.641248 0.608696
0.641347 0.608696
0.641446 0.608696
0.641545 0.608696
0.641644 0.608696
0.641743 0.608696
0.641842 0.608696
0.641941 0.608696
0.642040 0.608696
0.642140 0.608696
0.642239 0.608696
0.642338 0.608696
0.642437 0.608696
0.642536 0.606138
0.642635 0.606138
0.642734 0.603581
0.642833 0.603581
0.642932 0.603581
0.643031 0.603581
0.643131 0.603581
0.643230 0.603581
0.643329 0.603581
0.643428 0.603581
0.643527 0.603581
0.643626 0.603581
0.643725 0.603581
0.643824 0.603581
0.643923 0.603581
0.644022 0.603581
0.644121 0.601023
0.644221 0.601023
0.644320 0.601023
0.644419 0.601023
0.644518 0.601023
0.644617 0.601023
0.644716 0.601023
0.644815 0.601023
0.644914 0.601023
0.645013 0.601023
0.645112 0.601023
0.645211 0.598465
0.645311 0.598465
0.645410 0.598465
0.645509 0.598465
0.645608 0.598465
0.645707 0.598465
0.645806 0.598465
0.645905 0.598465
0.646004 0.598465
0.646103 0.598465
0.646202 0.595908
0.646302 0.595908
0.646401 0.595908
0.646500 0.595908
0.646599 0.595908
0.646698 0.595908
0.646797 0.595908
0.646896 0.595908
0.646995 0.595908
0.647094 0.595908
0.647193 0.595908
0.647292 0.595908
0.647392 0.595908
0.647491 0.595908
0.647590 0.595908
0.647689 0.595908
0.647788 0.595908
0.647887 0.595908
0.647986 0.595908
0.648085 0.595908
0.648184 0.595908
0.648283 0.595908
0.648383 0.595908
0.648482 0.595908
0.648581 0.595908
0.648680 0.595908
0.648779 0.595908
0.648878 0.595908
0.648977 0.595908
0.649076 0.595908
0.649175 0.595908
0.649274 0.595908
0.649373 0.593350
0.649473 0.593350
0.649572 0.593350
0.649671 0.593350
0.649770 0.593350
0.649869 0.593350
0.649968 0.593350
0.650067 0.593350
0.650166 0.593350
0.650265 0.593350
0.650364 0.593350
0.650463 0.593350
0.650563 0.593350
0.650662 0.593350
0.650761 0.593350
0.650860 0.593350
0.650959 0.593350
0.651058 0.593350
0.651157 0.593350
0.651256 0.593350
0.651355 0.593350
0.651454 0.593350
0.651554 0.593350
0.651653 0.593350
0.651752 0.590793
0.651851 0.590793
0.651950 0.590793
0.652049 0.590793
0.652148 0.590793
0.652247 0.590793
0.652346 0.590793
0.652445 0.590793
0.652544 0.590793
0.652644 0.590793
0.652743 0.590793
0.652842 0.590793
0.652941 0.590793
0.653040 0.590793
0.653139 0.590793
0.653238 0.590793
0.653337 0.590793
0.653436 0.590793
0.653535 0.590793
0.653635 0.590793
0.653734 0.585678
0.653833 0.583120
0.653932 0.583120
0.654031 0.583120
0.654130 0.583120
0.654229 0.583120
0.654328 0.583120
0.654427 0.583120
0.654526 0.583120
0.654625 0.583120
0.654725 0.583120
0.654824 0.580563
0.654923 0.580563
0.655022 0.580563
0.655121 0.580563
0.655220 0.580563
0.655319 0.580563
0.655418 0.580563
0.655517 0.580563
0.655616 0.580563
0.655716 0.580563
0.655815 0.580563
0.655914 0.580563
0.656013 0.578005
0.656112 0.578005
0.656211 0.578005
0.656310 0.578005
0.656409 0.578005
0.656508 0.578005
0.656607 0.578005
0.656706 0.578005
0.656806 0.578005
0.656905 0.578005
0.657004 0.578005
0.657103 0.578005
0.657202 0.578005
0.657301 0.578005
0.657400 0.578005
0.657499 0.578005
0.657598 0.578005
0.657697 0.578005
0.657796 0.578005
0.657896 0.578005
0.657995 0.575448
0.658094 0.575448
0.658193 0.575448
0.658292 0.575448
0.658391 0.575448
0.658490 0.575448
0.658589 0.575448
0.658688 0.575448
0.658787 0.575448
0.658887 0.575448
0.658986 0.575448
0.659085 0.575448
0.659184 0.575448
0.659283 0.575448
0.659382 0.575448
0.659481 0.575448
0.659580 0.575448
0.659679 0.575448
0.659778 0.575448
0.659877 0.575448
0.659977 0.575448
0.660076 0.575448
0.660175 0.575448
0.660274 0.572890
0.660373 0.572890
0.660472 0.572890
0.660571 0.572890
0.660670 0.572890
0.660769 0.572890
0.660868 0.572890
0.660968 0.572890
0.661067 0.572890
0.661166 0.572890
0.661265 0.572890
0.661364 0.572890
0.661463 0.572890
0.661562 0.570332
0.661661 0.570332
0.661760 0.570332
0.661859 0.570332
0.661958 0.570332
0.662058 0.570332
0.662157 0.570332
0.662256 0.570332
0.662355 0.570332
0.662454 0.570332
0.662553 0.570332
0.662652 0.570332
0.662751 0.570332
0.662850 0.570332
0.662949 0.570332
0.663048 0.570332
0.663148 0.570332
0.663247 0.570332
0.663346 0.570332
0.663445 0.567775
0.663544 0.567775
0.663643 0.567775
0.663742 0.565217
0.663841 0.562660
0.663940 0.562660
0.664039 0.562660
0.664139 0.562660
0.664238 0.562660
0.664337 0.562660
0.664436 0.562660
0.664535 0.562660
0.664634 0.562660
0.664733 0.562660
0.664832 0.562660
0.664931 0.562660
0.665030 0.562660
0.665129 0.562660
0.665229 0.562660
0.665328 0.562660
0.665427 0.562660
0.665526 0.562660
0.665625 0.560102
0.665724 0.560102
0.665823 0.560102
0.665922 0.560102
0.666021 0.560102
0.666120 0.560102
0.666220 0.560102
0.666319 0.560102
0.666418 0.560102
0.666517 0.560102
0.666616 0.560102
0.666715 0.560102
0.666814 0.560102
0.666913 0.560102
0.667012 0.560102
0.667111 0.560102
0.667210 0.560102
0.667310 0.560102
0.667409 0.560102
0.667508 0.560102
0.667607 0.560102
0.667706 0.560102
0.667805 0.560102
0.667904 0.560102
0.668003 0.560102
0.668102 0.560102
0.668201 0.560102
0.668301 0.560102
0.668400 0.557545
0.668499 0.557545
0.668598 0.557545
0.668697 0.557545
0.668796 0.557545
0.668895 0.557545
0.668994 0.557545
0.669093 0.557545
0.669192 0.557545
0.669291 0.557545
0.669391 0.557545
0.669490 0.557545
0.669589 0.557545
0.669688 0.557545
0.669787 0.557545
0.669886 0.557545
0.669985 0.557545
0.670084 0.557545
0.670183 0.557545
0.670282 0.557545
0.670381 0.557545
0.670481 0.557545
0.670580 0.557545
0.670679 0.557545
0.670778 0.554987
0.670877 0.554987
0.670976 0.554987
0.671075 0.554987
0.671174 0.554987
0.671273 0.554987
0.671372 0.554987
0.671472 0.554987
0.671571 0.554987
0.671670 0.554987
0.671769 0.554987
0.671868 0.554987
0.671967 0.554987
0.672066 0.554987
0.672165 0.554987
0.672264 0.554987
0.672363 0.552430
0.672462 0.552430
0.672562 0.552430
0.672661 0.552430
0.672760 0.552430
0.672859 0.552430
0.672958 0.552430
0.673057 0.552430
0.673156 0.549872
0.673255 0.547315
0.673354 0.547315
0.673453 0.547315
0.673553 0.547315
0.673652 0.547315
0.673751 0.547315
0.673850 0.547315
0.673949 0.547315
0.674048 0.547315
0.674147 0.547315
0.674246 0.547315
0.674345 0.547315
0.674444 0.547315
0.674543 0.547315
0.674643 0.547315
0.674742 0.547315
0.674841 0.547315
0.674940 0.547315
0.675039 0.547315
0.675138 0.547315
0.675237 0.547315
0.675336 0.547315
0.675435 0.544757
0.675534 0.544757
0.675633 0.544757
0.675733 0.544757
0.675832 0.544757
0.675931 0.544757
0.676030 0.544757
0.676129 0.544757
0.676228 0.544757
0.676327 0.544757
0.676426 0.544757
0.676525 0.544757
0.676624 0.544757
0.676724 0.544757
0.676823 0.544757
0.676922 0.544757
0.677021 0.544757
0.677120 0.544757
0.677219 0.542199
0.677318 0.542199
0.677417 0.542199
0.677516 0.542199
0.677615 0.542199
0.677714 0.542199
0.677814 0.542199
0.677913 0.542199
0.678012 0.542199
0.678111 0.542199
0.678210 0.542199
0.678309 0.542199
0.678408 0.542199
0.678507 0.542199
0.678606 0.542199
0.678705 0.542199
0.678805 0.542199
0.678904 0.542199
0.679003 0.542199
0.679102 0.542199
0.679201 0.542199
0.679300 0.542199
0.679399 0.542199
0.679498 0.542199
0.679597 0.542199
0.679696 0.542199
0.679795 0.542199
0.679895 0.542199
0.679994 0.542199
0.680093 0.542199
0.680192 0.542199
0.680291 0.539642
0.680390 0.539642
0.680489 0.539642
0.680588 0.539642
0.680687 0.539642
0.680786 0.539642
0.680886 0.539642
0.680985 0.539642
0.681084 0.537084
0.681183 0.537084
0.681282 0.537084
0.681381 0.537084
0.681480 0.537084
0.681579 0.537084
0.681678 0.537084
0.681777 0.537084
0.681876 0.537084
0.681976 0.537084
0.682075 0.537084
0.682174 0.537084
0.682273 0.537084
0.682372 0.537084
0.682471 0.537084
0.682570 0.537084
0.682669 0.537084
0.682768 0.537084
0.682867 0.537084
0.682966 0.537084
0.683066 0.537084
0.683165 0.537084
0.683264 0.537084
0.683363 0.537084
0.683462 0.537084
0.683561 0.537084
0.683660 0.537084
0.683759 0.537084
0.683858 0.537084
0.683957 0.537084
0.684057 0.537084
0.684156 0.537084
0.684255 0.537084
0.684354 0.537084
0.684453 0.537084
0.684552 0.537084
0.684651 0.537084
0.684750 0.537084
0.684849 0.537084
0.684948 0.537084
0.685047 0.537084
0.685147 0.537084
0.685246 0.537084
0.685345 0.537084
0.685444 0.537084
0.685543 0.537084
0.685642 0.537084
0.685741 0.537084
0.685840 0.537084
0.685939 0.537084
0.686038 0.537084
0.686138 0.537084
0.686237 0.537084
0.686336 0.537084
0.686435 0.537084
0.686534 0.537084
0.686633 0.537084
0.686732 0.537084
0.686831 0.537084
0.686930 0.537084
0.687029 0.537084
0.687128 0.537084
0.687228 0.537084
0.687327 0.537084
0.687426 0.537084
0.687525 0.537084
0.687624 0.534527
0.687723 0.534527
0.687822 0.534527
0.687921 0.534527
0.688020 0.534527
0.688119 0.534527
0.688218 0.534527
0.688318 0.531969
0.688417 0.531969
0.688516 0.531969
0.688615 0.531969
0.688714 0.531969
0.688813 0.531969
0.688912 0.531969
0.689011 0.531969
0.689110 0.531969
0.689209 0.531969
0.689309 0.531969
0.689408 0.531969
0.689507 0.531969
0.689606 0.531969
0.689705 0.531969
0.689804 0.531969
0.689903 0.531969
0.690002 0.531969
0.690101 0.531969
0.690200 0.531969
0.690299 0.531969
0.690399 0.531969
0.690498 0.531969
0.690597 0.531969
0.690696 0.531969
0.690795 0.531969
0.690894 0.531969
0.690993 0.531969
0.691092 0.531969
0.691191 0.531969
0.691290 0.531969
0.691390 0.531969
0.691489 0.531969
0.691588 0.531969
0.691687 0.531969
0.691786 0.531969
0.691885 0.531969
0.691984 0.531969
0.692083 0.531969
0.692182 0.531969
0.692281 0.531969
0.692380 0.531969
0.692480 0.531969
0.692579 0.529412
0.692678 0.529412
0.692777 0.529412
0.692876 0.529412
0.692975 0.526854
0.693074 0.526854
0.693173 0.526854
0.693272 0.526854
0.693371 0.526854
0.693470 0.526854
0.693570 0.526854
0.693669 0.526854
0.693768 0.526854
0.693867 0.526854
0.693966 0.526854
0.694065 0.526854
0.694164 0.526854
0.694263 0.526854
0.694362 0.526854
0.694461 0.526854
0.694561 0.526854
0.694660 0.526854
0.694759 0.524297
0.694858 0.524297
0.694957 0.524297
0.695056 0.524297
0.695155 0.524297
0.695254 0.524297
0.695353 0.524297
0.695452 0.524297
0.695551 0.524297
0.695651 0.524297
0.695750 0.521739
0.695849 0.521739
0.695948 0.521739
0.696047 0.519182
0.696146 0.519182
0.696245 0.516624
0.696344 0.516624
0.696443 0.516624
0.696542 0.516624
0.696642 0.516624
0.696741 0.516624
0.696840 0.516624
0.696939 0.516624
0.697038 0.516624
0.697137 0.516624
0.697236 0.516624
0.697335 0.514066
0.697434 0.514066
0.697533 0.514066
0.697632 0.514066
0.697732 0.514066
0.697831 0.514066
0.697930 0.514066
0.698029 0.514066
0.698128 0.514066
0.698227 0.514066
0.698326 0.514066
0.698425 0.514066
0.698524 0.514066
0.698623 0.514066
0.698723 0.514066
0.698822 0.514066
0.698921 0.514066
0.699020 0.514066
0.699119 0.514066
0.699218 0.514066
0.699317 0.514066
0.699416 0.514066
0.699515 0.514066
0.699614 0.514066
0.699713 0.514066
0.699813 0.514066
0.699912 0.514066
0.700011 0.514066
0.700110 0.508951
0.700209 0.508951
0.700308 0.508951
0.700407 0.508951
0.700506 0.508951
0.700605 0.508951
0.700704 0.508951
0.700803 0.508951
0.700903 0.508951
0.701002 0.508951
0.701101 0.508951
0.701200 0.508951
0.701299 0.508951
0.701398 0.508951
0.701497 0.508951
0.701596 0.508951
0.701695 0.508951
0.701794 0.508951
0.701894 0.508951
0.701993 0.508951
0.702092 0.508951
0.702191 0.508951
0.702290 0.508951
0.702389 0.508951
0.702488 0.508951
0.702587 0.508951
0.702686 0.508951
0.702785 0.508951
0.702884 0.508951
0.702984 0.508951
0.703083 0.508951
0.703182 0.508951
0.703281 0.508951
0.703380 0.508951
0.703479 0.508951
0.703578 0.508951
0.703677 0.508951
0.703776 0.508951
0.703875 0.508951
0.703975 0.508951
0.704074 0.508951
0.704173 0.508951
0.704272 0.508951
0.704371 0.508951
0.704470 0.508951
0.704569 0.508951
0.704668 0.508951
0.704767 0.508951
0.704866 0.508951
0.704965 0.508951
0.705065 0.508951
0.705164 0.508951
0.705263 0.508951
0.705362 0.508951
0.705461 0.508951
0.705560 0.508951
0.705659 0.508951
0.705758 0.508951
0.705857 0.508951
0.705956 0.508951
0.706055 0.508951
0.706155 0.508951
0.706254 0.508951
0.706353 0.508951
0.706452 0.508951
0.706551 0.508951
0.706650 0.508951
0.706749 0.508951
0.706848 0.508951
0.706947 0.508951
0.707046 0.508951
0.707146 0.508951
0.707245 0.508951
0.707344 0.508951
0.707443 0.508951
0.707542 0.508951
0.707641 0.508951
0.707740 0.508951
0.707839 0.508951
0.707938 0.508951
0.708037 0.508951
0.708136 0.508951
0.708236 0.508951
0.708335 0.508951
0.708434 0.508951
0.708533 0.508951
0.708632 0.508951
0.708731 0.508951
0.708830 0.508951
0.708929 0.508951
0.709028 0.508951
0.709127 0.508951
0.709227 0.508951
0.709326 0.508951
0.709425 0.508951
0.709524 0.506394
0.709623 0.506394
0.709722 0.506394
0.709821 0.506394
0.709920 0.506394
0.710019 0.506394
0.710118 0.506394
0.710217 0.506394
0.710317 0.506394
0.710416 0.506394
0.710515 0.506394
0.710614 0.506394
0.710713 0.506394
0.710812 0.506394
0.710911 0.506394
0.711010 0.506394
0.711109 0.506394
0.711208 0.506394
0.711308 0.506394
0.711407 0.506394
0.711506 0.506394
0.711605 0.506394
0.711704 0.506394
0.711803 0.506394
0.711902 0.506394
0.712001 0.506394
0.712100 0.506394
0.712199 0.506394
0.712298 0.506394
0.712398 0.506394
0.712497 0.506394
0.712596 0.506394
0.712695 0.506394
0.712794 0.506394
0.712893 0.506394
0.712992 0.506394
0.713091 0.506394
0.713190 0.506394
0.713289 0.506394
0.713388 0.506394
0.713488 0.506394
0.713587 0.506394
0.713686 0.506394
0.713785 0.506394
0.713884 0.506394
0.713983 0.506394
0.714082 0.506394
0.714181 0.506394
0.714280 0.506394
0.714379 0.506394
0.714479 0.506394
0.714578 0.506394
0.714677 0.506394
0.714776 0.506394
0.714875 0.503836
0.714974 0.503836
0.715073 0.503836
0.715172 0.503836
0.715271 0.503836
0.715370 0.501279
0.715469 0.501279
0.715569 0.501279
0.715668 0.501279
0.715767 0.501279
0.715866 0.501279
0.715965 0.501279
0.716064 0.501279
0.716163 0.501279
0.716262 0.501279
0.716361 0.501279
0.716460 0.501279
0.716560 0.501279
0.716659 0.501279
0.716758 0.501279
0.716857 0.501279
0.716956 0.501279
0.717055 0.501279
0.717154 0.496164
0.717253 0.496164
0.717352 0.496164
0.717451 0.496164
0.717550 0.496164
0.717650 0.496164
0.717749 0.496164
0.717848 0.496164
0.717947 0.496164
0.718046 0.496164
0.718145 0.496164
0.718244 0.496164
0.718343 0.496164
0.718442 0.493606
0.718541 0.493606
0.718640 0.493606
0.718740 0.493606
0.718839 0.493606
0.718938 0.493606
0.719037 0.493606
0.719136 0.493606
0.719235 0.493606
0.719334 0.493606
0.719433 0.493606
0.719532 0.493606
0.719631 0.493606
0.719731 0.493606
0.719830 0.493606
0.719929 0.493606
0.720028 0.493606
0.720127 0.493606
0.720226 0.493606
0.720325 0.493606
0.720424 0.493606
0.720523 0.493606
0.720622 0.493606
0.720721 0.493606
0.720821 0.493606
0.720920 0.493606
0.721019 0.493606
0.721118 0.493606
0.721217 0.493606
0.721316 0.493606
0.721415 0.493606
0.721514 0.493606
0.721613 0.493606
0.721712 0.493606
0.721812 0.493606
0.721911 0.493606
0.722010 0.493606
0.722109 0.493606
0.722208 0.493606
0.722307 0.493606
0.722406 0.493606
0.722505 0.493606
0.722604 0.493606
0.722703 0.493606
0.722802 0.493606
0.722902 0.493606
0.723001 0.493606
0.723100 0.493606
0.723199 0.493606
0.723298 0.493606
0.723397 0.493606
0.723496 0.493606
0.723595 0.493606
0.723694 0.493606
0.723793 0.488491
0.723893 0.488491
0.723992 0.488491
0.724091 0.488491
0.724190 0.488491
0.724289 0.488491
0.724388 0.488491
0.724487 0.488491
0.724586 0.488491
0.724685 0.488491
0.724784 0.488491
0.724883 0.488491
0.724983 0.488491
0.725082 0.488491
0.725181 0.488491
0.725280 0.488491
0.725379 0.488491
0.725478 0.488491
0.725577 0.488491
0.725676 0.488491
0.725775 0.488491
0.725874 0.488491
0.725973 0.488491
0.726073 0.488491
0.726172 0.488491
0.726271 0.485934
0.726370 0.485934
0.726469 0.485934
0.726568 0.485934
0.726667 0.485934
0.726766 0.485934
0.726865 0.485934
0.726964 0.485934
0.727064 0.485934
0.727163 0.485934
0.727262 0.485934
0.727361 0.485934
0.727460 0.483376
0.727559 0.483376
0.727658 0.480818
0.727757 0.480818
0.727856 0.480818
0.727955 0.480818
0.728054 0.480818
0.728154 0.480818
0.728253 0.480818
0.728352 0.480818
0.728451 0.480818
0.728550 0.480818
0.728649 0.480818
0.728748 0.480818
0.728847 0.480818
0.728946 0.480818
0.729045 0.480818
0.729145 0.478261
0.729244 0.478261
0.729343 0.478261
0.729442 0.478261
0.729541 0.478261
0.729640 0.478261
0.729739 0.478261
0.729838 0.478261
0.729937 0.478261
0.730036 0.478261
0.730135 0.478261
0.730235 0.475703
0.730334 0.475703
0.730433 0.475703
0.730532 0.475703
0.730631 0.475703
0.730730 0.475703
0.730829 0.475703
0.730928 0.475703
0.731027 0.475703
0.731126 0.475703
0.731225 0.475703
0.731325 0.475703
0.731424 0.473146
0.731523 0.473146
0.731622 0.473146
0.731721 0.473146
0.731820 0.473146
0.731919 0.473146
0.732018 0.470588
0.732117 0.470588
0.732216 0.470588
0.732316 0.470588
0.732415 0.470588
0.732514 0.470588
0.732613 0.470588
0.732712 0.470588
0.732811 0.470588
0.732910 0.470588
0.733009 0.470588
0.733108 0.470588
0.733207 0.470588
0.733306 0.470588
0.733406 0.470588
0.733505 0.470588
0.733604 0.470588
0.733703 0.470588
0.733802 0.470588
0.733901 0.470588
0.734000 0.470588
0.734099 0.470588
0.734198 0.468031
0.734297 0.468031
0.734397 0.468031
0.734496 0.468031
0.734595 0.468031
0.734694 0.468031
0.734793 0.468031
0.734892 0.468031
0.734991 0.468031
0.735090 0.468031
0.735189 0.468031
0.735288 0.468031
0.735387 0.468031
0.735487 0.468031
0.735586 0.468031
0.735685 0.468031
0.735784 0.468031
0.735883 0.468031
0.735982 0.468031
0.736081 0.468031
0.736180 0.468031
0.736279 0.468031
0.736378 0.468031
0.736478 0.468031
0.736577 0.468031
0.736676 0.468031
0.736775 0.468031
0.736874 0.465473
0.736973 0.465473
0.737072 0.465473
0.737171 0.465473
0.737270 0.465473
0.737369 0.462916
0.737468 0.462916
0.737568 0.462916
0.737667 0.462916
0.737766 0.462916
0.737865 0.462916
0.737964 0.462916
0.738063 0.462916
0.738162 0.462916
0.738261 0.462916
0.738360 0.462916
0.738459 0.462916
0.738558 0.462916
0.738658 0.462916
0.738757 0.462916
0.738856 0.462916
0.738955 0.462916
0.739054 0.460358
0.739153 0.460358
0.739252 0.460358
0.739351 0.460358
0.739450 0.460358
0.739549 0.460358
0.739649 0.460358
0.739748 0.460358
0.739847 0.460358
0.739946 0.457801
0.740045 0.457801
0.740144 0.457801
0.740243 0.457801
0.740342 0.457801
0.740441 0.457801
0.740540 0.457801
0.740639 0.457801
0.740739 0.457801
0.740838 0.457801
0.740937 0.457801
0.741036 0.457801
0.741135 0.457801
0.741234 0.457801
0.741333 0.457801
0.741432 0.457801
0.741531 0.457801
0.741630 0.457801
0.741730 0.457801
0.741829 0.457801
0.741928 0.457801
0.742027 0.457801
0.742126 0.457801
0.742225 0.457801
0.742324 0.457801
0.742423 0.457801
0.742522 0.457801
0.742621 0.457801
0.742720 0.457801
0.742820 0.457801
0.742919 0.457801
0.743018 0.457801
0.743117 0.457801
0.743216 0.455243
0.743315 0.455243
0.743414 0.455243
0.743513 0.455243
0.743612 0.455243
0.743711 0.455243
0.743810 0.455243
0.743910 0.455243
0.744009 0.452685
0.744108 0.452685
0.744207 0.452685
0.744306 0.452685
0.744405 0.452685
0.744504 0.452685
0.744603 0.452685
0.744702 0.452685
0.744801 0.452685
0.744901 0.452685
0.745000 0.452685
0.745099 0.452685
0.745198 0.450128
0.745297 0.450128
0.745396 0.450128
0.745495 0.450128
0.745594 0.450128
0.745693 0.450128
0.745792 0.450128
0.745891 0.450128
0.745991 0.450128
0.746090 0.450128
0.746189 0.450128
0.746288 0.450128
0.746387 0.450128
0.746486 0.450128
0.746585 0.450128
0.746684 0.450128
0.746783 0.450128
0.746882 0.450128
0.746982 0.447570
0.747081 0.447570
0.747180 0.447570
0.747279 0.447570
0.747378 0.447570
0.747477 0.447570
0.747576 0.447570
0.747675 0.447570
0.747774 0.447570
0.747873 0.447570
0.747972 0.447570
0.748072 0.447570
0.748171 0.447570
0.748270 0.447570
0.748369 0.447570
0.748468 0.447570
0.748567 0.447570
0.748666 0.447570
0.748765 0.447570
0.748864 0.447570
0.748963 0.447570
0.749063 0.447570
0.749162 0.447570
0.749261 0.447570
0.749360 0.447570
0.749459 0.447570
0.749558 0.447570
0.749657 0.447570
0.749756 0.447570
0.749855 0.447570
0.749954 0.447570
0.750053 0.447570
0.750153 0.447570
0.750252 0.447570
0.750351 0.447570
0.750450 0.447570
0.750549 0.447570
0.750648 0.447570
0.750747 0.447570
0.750846 0.447570
0.750945 0.447570
0.751044 0.447570
0.751143 0.447570
0.751243 0.447570
0.751342 0.447570
0.751441 0.447570
0.751540 0.447570
0.751639 0.447570
0.751738 0.447570
0.751837 0.445013
0.751936 0.445013
0.752035 0.445013
0.752134 0.445013
0.752234 0.445013
0.752333 0.445013
0.752432 0.445013
0.752531 0.445013
0.752630 0.445013
0.752729 0.445013
0.752828 0.445013
0.752927 0.445013
0.753026 0.445013
0.753125 0.445013
0.753224 0.445013
0.753324 0.445013
0.753423 0.445013
0.753522 0.445013
0.753621 0.445013
0.753720 0.445013
0.753819 0.445013
0.753918 0.445013
0.754017 0.445013
0.754116 0.445013
0.754215 0.445013
0.754315 0.445013
0.754414 0.445013
0.754513 0.445013
0.754612 0.445013
0.754711 0.445013
0.754810 0.445013
0.754909 0.445013
0.755008 0.445013
0.755107 0.445013
0.755206 0.445013
0.755305 0.445013
0.755405 0.445013
0.755504 0.445013
0.755603 0.445013
0.755702 0.445013
0.755801 0.445013
0.755900 0.445013
0.755999 0.445013
0.756098 0.445013
0.756197 0.445013
0.756296 0.445013
0.756395 0.445013
0.756495 0.445013
0.756594 0.445013
0.756693 0.445013
0.756792 0.445013
0.756891 0.445013
0.756990 0.442455
0.757089 0.442455
0.757188 0.442455
0.757287 0.442455
0.757386 0.442455
0.757486 0.442455
0.757585 0.442455
0.757684 0.442455
0.757783 0.442455
0.757882 0.439898
0.757981 0.439898
0.758080 0.439898
0.758179 0.439898
0.758278 0.439898
0.758377 0.439898
0.758476 0.439898
0.758576 0.439898
0.758675 0.439898
0.758774 0.439898
0.758873 0.439898
0.758972 0.439898
0.759071 0.439898
0.759170 0.439898
0.759269 0.439898
0.759368 0.439898
0.759467 0.439898
0.759567 0.439898
0.759666 0.439898
0.759765 0.439898
0.759864 0.439898
0.759963 0.439898
0.760062 0.439898
0.760161 0.439898
0.760260 0.439898
0.760359 0.439898
0.760458 0.439898
0.760557 0.439898
0.760657 0.439898
0.760756 0.439898
0.760855 0.439898
0.760954 0.439898
0.761053 0.439898
0.761152 0.439898
0.761251 0.439898
0.761350 0.439898
0.761449 0.439898
0.761548 0.439898
0.761648 0.439898
0.761747 0.439898
0.761846 0.439898
0.761945 0.439898
0.762044 0.439898
0.762143 0.439898
0.762242 0.439898
0.762341 0.439898
0.762440 0.439898
0.762539 0.439898
0.762638 0.437340
0.762738 0.437340
0.762837 0.437340
0.762936 0.437340
0.763035 0.437340
0.763134 0.437340
0.763233 0.437340
0.763332 0.437340
0.763431 0.437340
0.763530 0.437340
0.763629 0.437340
0.763728 0.437340
0.763828 0.437340
0.763927 0.437340
0.764026 0.437340
0.764125 0.437340
0.764224 0.432225
0.764323 0.432225
0.764422 0.432225
0.764521 0.432225
0.764620 0.432225
0.764719 0.432225
0.764819 0.432225
0.764918 0.432225
0.765017 0.432225
0.765116 0.432225
0.765215 0.432225
0.765314 0.432225
0.765413 0.432225
0.765512 0.432225
0.765611 0.432225
0.765710 0.432225
0.765809 0.432225
0.765909 0.432225
0.766008 0.432225
0.766107 0.432225
0.766206 0.432225
0.766305 0.432225
0.766404 0.432225
0.766503 0.432225
0.766602 0.432225
0.766701 0.432225
0.766800 0.432225
0.766900 0.432225
0.766999 0.432225
0.767098 0.432225
0.767197 0.432225
0.767296 0.432225
0.767395 0.432225
0.767494 0.432225
0.767593 0.432225
0.767692 0.432225
0.767791 0.432225
0.767890 0.432225
0.767990 0.432225
0.768089 0.432225
0.768188 0.432225
0.768287 0.432225
0.768386 0.432225
0.768485 0.432225
0.768584 0.432225
0.768683 0.432225
0.768782 0.432225
0.768881 0.432225
0.768980 0.432225
0.769080 0.432225
0.769179 0.432225
0.769278 0.432225
0.769377 0.432225
0.769476 0.432225
0.769575 0.432225
0.769674 0.432225
0.769773 0.432225
0.769872 0.432225
0.769971 0.432225
0.770071 0.432225
0.770170 0.432225
0.770269 0.432225
0.770368 0.432225
0.770467 0.432225
0.770566 0.432225
0.770665 0.432225
0.770764 0.432225
0.770863 0.432225
0.770962 0.432225
0.771061 0.432225
0.771161 0.432225
0.771260 0.432225
0.771359 0.432225
0.771458 0.429668
0.771557 0.429668
0.771656 0.429668
0.771755 0.429668
0.771854 0.429668
0.771953 0.429668
0.772052 0.429668
0.772152 0.429668
0.772251 0.429668
0.772350 0.429668
0.772449 0.429668
0.772548 0.429668
0.772647 0.429668
0.772746 0.429668
0.772845 0.429668
0.772944 0.429668
0.773043 0.429668
0.773142 0.427110
0.773242 0.427110
0.773341 0.427110
0.773440 0.427110
0.773539 0.427110
0.773638 0.427110
0.773737 0.427110
0.773836 0.427110
0.773935 0.427110
0.774034 0.427110
0.774133 0.427110
0.774233 0.427110
0.774332 0.427110
0.774431 0.427110
0.774530 0.427110
0.774629 0.427110
0.774728 0.427110
0.774827 0.427110
0.774926 0.427110
0.775025 0.427110
0.775124 0.427110
0.775223 0.427110
0.775323 0.427110
0.775422 0.427110
0.775521 0.427110
0.775620 0.427110
0.775719 0.427110
0.775818 0.427110
0.775917 0.424552
0.776016 0.424552
0.776115 0.424552
0.776214 0.424552
0.776313 0.424552
0.776413 0.424552
0.776512 0.424552
0.776611 0.424552
0.776710 0.424552
0.776809 0.424552
0.776908 0.424552
0.777007 0.424552
0.777106 0.424552
0.777205 0.424552
0.777304 0.424552
0.777404 0.424552
0.777503 0.424552
0.777602 0.424552
0.777701 0.421995
0.777800 0.421995
0.777899 0.421995
0.777998 0.421995
0.778097 0.421995
0.778196 0.421995
0.778295 0.421995
0.778394 0.421995
0.778494 0.421995
0.778593 0.421995
0.778692 0.421995
0.778791 0.421995
0.778890 0.421995
0.778989 0.421995
0.779088 0.421995
0.779187 0.421995
0.779286 0.421995
0.779385 0.421995
0.779485 0.421995
0.779584 0.421995
0.779683 0.421995
0.779782 0.421995
0.779881 0.421995
0.779980 0.421995
0.780079 0.421995
0.780178 0.421995
0.780277 0.421995
0.780376 0.421995
0.780475 0.419437
0.780575 0.416880
0.780674 0.416880
0.780773 0.416880
0.780872 0.416880
0.780971 0.416880
0.781070 0.416880
0.781169 0.416880
0.781268 0.416880
0.781367 0.416880
0.781466 0.416880
0.781565 0.416880
0.781665 0.416880
0.781764 0.416880
0.781863 0.416880
0.781962 0.416880
0.782061 0.416880
0.782160 0.416880
0.782259 0.414322
0.782358 0.414322
0.782457 0.414322
0.782556 0.414322
0.782656 0.414322
0.782755 0.414322
0.782854 0.414322
0.782953 0.414322
0.783052 0.414322
0.783151 0.414322
0.783250 0.411765
0.783349 0.411765
0.783448 0.409207
0.783547 0.409207
0.783646 0.409207
0.783746 0.409207
0.783845 0.409207
0.783944 0.409207
0.784043 0.409207
0.784142 0.409207
0.784241 0.406650
0.784340 0.406650
0.784439 0.406650
0.784538 0.406650
0.784637 0.406650
0.784737 0.406650
0.784836 0.406650
0.784935 0.406650
0.785034 0.406650
0.785133 0.406650
0.785232 0.406650
0.785331 0.404092
0.785430 0.404092
0.785529 0.404092
0.785628 0.404092
0.785727 0.401535
0.785827 0.401535
0.785926 0.401535
0.786025 0.401535
0.786124 0.398977
0.786223 0.398977
0.786322 0.398977
0.786421 0.398977
0.786520 0.398977
0.786619 0.398977
0.786718 0.398977
0.786818 0.398977
0.786917 0.398977
0.787016 0.398977
0.787115 0.398977
0.787214 0.398977
0.787313 0.398977
0.787412 0.398977
0.787511 0.398977
0.787610 0.396419
0.787709 0.396419
0.787808 0.396419
0.787908 0.396419
0.788007 0.396419
0.788106 0.396419
0.788205 0.396419
0.788304 0.396419
0.788403 0.396419
0.788502 0.396419
0.788601 0.396419
0.788700 0.396419
0.788799 0.396419
0.788898 0.393862
0.788998 0.393862
0.789097 0.393862
0.789196 0.393862
0.789295 0.393862
0.789394 0.393862
0.789493 0.393862
0.789592 0.393862
0.789691 0.393862
0.789790 0.393862
0.789889 0.393862
0.789989 0.393862
0.790088 0.393862
0.790187 0.393862
0.790286 0.393862
0.790385 0.393862
0.790484 0.393862
0.790583 0.393862
0.790682 0.393862
0.790781 0.393862
0.790880 0.393862
0.790979 0.393862
0.791079 0.393862
0.791178 0.393862
0.791277 0.393862
0.791376 0.393862
0.791475 0.391304
0.791574 0.391304
0.791673 0.391304
0.791772 0.391304
0.791871 0.391304
0.791970 0.391304
0.792070 0.391304
0.792169 0.391304
0.792268 0.391304
0.792367 0.391304
0.792466 0.391304
0.792565 0.391304
0.792664 0.391304
0.792763 0.391304
0.792862 0.391304
0.792961 0.391304
0.793060 0.391304
0.793160 0.391304
0.793259 0.391304
0.793358 0.391304
0.793457 0.391304
0.793556 0.388747
0.793655 0.388747
0.793754 0.388747
0.793853 0.388747
0.793952 0.388747
0.794051 0.388747
0.794150 0.388747
0.794250 0.388747
0.794349 0.388747
0.794448 0.388747
0.794547 0.388747
0.794646 0.388747
0.794745 0.386189
0.794844 0.386189
0.794943 0.386189
0.795042 0.386189
0.795141 0.386189
0.795241 0.386189
0.795340 0.383632
0.795439 0.383632
0.795538 0.383632
0.795637 0.383632
0.795736 0.383632
0.795835 0.383632
0.795934 0.383632
0.796033 0.383632
0.796132 0.383632
0.796231 0.383632
0.796331 0.383632
0.796430 0.383632
0.796529 0.383632
0.796628 0.383632
0.796727 0.383632
0.796826 0.383632
0.796925 0.383632
0.797024 0.383632
0.797123 0.383632
0.797222 0.383632
0.797322 0.383632
0.797421 0.383632
0.797520 0.383632
0.797619 0.383632
0.797718 0.383632
0.797817 0.383632
0.797916 0.383632
0.798015 0.383632
0.798114 0.383632
0.798213 0.383632
0.798312 0.383632
0.798412 0.383632
0.798511 0.383632
0.798610 0.383632
0.798709 0.383632
0.798808 0.383632
0.798907 0.381074
0.799006 0.381074
0.799105 0.381074
0.799204 0.381074
0.799303 0.381074
0.799402 0.381074
0.799502 0.381074
0.799601 0.381074
0.799700 0.381074
0.799799 0.381074
0.799898 0.381074
0.799997 0.381074
0.800096 0.381074
0.800195 0.381074
0.800294 0.381074
0.800393 0.381074
0.800493 0.381074
0.800592 0.381074
0.800691 0.381074
0.800790 0.381074
0.800889 0.381074
0.800988 0.381074
0.801087 0.381074
0.801186 0.381074
0.801285 0.381074
0.801384 0.381074
0.801483 0.381074
0.801583 0.381074
0.801682 0.381074
0.801781 0.381074
0.801880 0.381074
0.801979 0.381074
0.802078 0.381074
0.802177 0.381074
0.802276 0.381074
0.802375 0.381074
0.802474 0.381074
0.802574 0.381074
0.802673 0.381074
0.802772 0.381074
0.802871 0.381074
0.802970 0.381074
0.803069 0.381074
0.803168 0.378517
0.803267 0.378517
0.803366 0.378517
0.803465 0.375959
0.803564 0.375959
0.803664 0.375959
0.803763 0.375959
0.803862 0.375959
0.803961 0.375959
0.804060 0.375959
0.804159 0.375959
0.804258 0.375959
0.804357 0.375959
0.804456 0.375959
0.804555 0.375959
0.804655 0.375959
0.804754 0.375959
0.804853 0.375959
0.804952 0.375959
0.805051 0.375959
0.805150 0.375959
0.805249 0.375959
0.805348 0.375959
0.805447 0.375959
0.805546 0.375959
0.805645 0.375959
0.805745 0.375959
0.805844 0.375959
0.805943 0.375959
0.806042 0.375959
0.806141 0.375959
0.806240 0.375959
0.806339 0.375959
0.806438 0.375959
0.806537 0.375959
0.806636 0.375959
0.806735 0.375959
0.806835 0.375959
0.806934 0.375959
0.807033 0.375959
0.807132 0.375959
0.807231 0.375959
0.807330 0.375959
0.807429 0.375959
0.807528 0.375959
0.807627 0.375959
0.807726 0.375959
0.807826 0.375959
0.807925 0.373402
0.808024 0.373402
0.808123 0.373402
0.808222 0.373402
0.808321 0.373402
0.808420 0.373402
0.808519 0.373402
0.808618 0.373402
0.808717 0.373402
0.808816 0.373402
0.808916 0.373402
0.809015 0.370844
0.809114 0.370844
0.809213 0.370844
0.809312 0.370844
0.809411 0.370844
0.809510 0.370844
0.809609 0.370844
0.809708 0.370844
0.809807 0.370844
0.809907 0.370844
0.810006 0.370844
0.810105 0.370844
0.810204 0.370844
0.810303 0.370844
0.810402 0.370844
0.810501 0.370844
0.810600 0.370844
0.810699 0.370844
0.810798 0.370844
0.810897 0.370844
0.810997 0.370844
0.811096 0.370844
0.811195 0.370844
0.811294 0.370844
0.811393 0.370844
0.811492 0.370844
0.811591 0.370844
0.811690 0.370844
0.811789 0.370844
0.811888 0.370844
0.811987 0.370844
0.812087 0.370844
0.812186 0.370844
0.812285 0.370844
0.812384 0.370844
0.812483 0.370844
0.812582 0.370844
0.812681 0.370844
0.812780 0.370844
0.812879 0.370844
0.812978 0.370844
0.813078 0.368286
0.813177 0.368286
0.813276 0.368286
0.813375 0.368286
0.813474 0.368286
0.813573 0.368286
0.813672 0.368286
0.813771 0.368286
0.813870 0.368286
0.813969 0.368286
0.814068 0.368286
0.814168 0.368286
0.814267 0.368286
0.814366 0.368286
0.814465 0.368286
0.814564 0.368286
0.814663 0.368286
0.814762 0.368286
0.814861 0.368286
0.814960 0.368286
0.815059 0.368286
0.815159 0.368286
0.815258 0.368286
0.815357 0.368286
0.815456 0.368286
0.815555 0.368286
0.815654 0.368286
0.815753 0.368286
0.815852 0.368286
0.815951 0.368286
0.816050 0.368286
0.816149 0.368286
0.816249 0.365729
0.816348 0.365729
0.816447 0.365729
0.816546 0.365729
0.816645 0.363171
0.816744 0.363171
0.816843 0.363171
0.816942 0.363171
0.817041 0.363171
0.817140 0.363171
0.817240 0.363171
0.817339 0.360614
0.817438 0.360614
0.817537 0.358056
0.817636 0.358056
0.817735 0.358056
0.817834 0.358056
0.817933 0.358056
0.818032 0.358056
0.818131 0.358056
0.818230 0.358056
0.818330 0.358056
0.818429 0.358056
0.818528 0.358056
0.818627 0.358056
0.818726 0.358056
0.818825 0.358056
0.818924 0.358056
0.819023 0.358056
0.819122 0.358056
0.819221 0.358056
0.819320 0.358056
0.819420 0.358056
0.819519 0.358056
0.819618 0.358056
0.819717 0.358056
0.819816 0.358056
0.819915 0.355499
0.820014 0.355499
0.820113 0.355499
0.820212 0.355499
0.820311 0.355499
0.820411 0.355499
0.820510 0.355499
0.820609 0.355499
0.820708 0.355499
0.820807 0.355499
0.820906 0.355499
0.821005 0.352941
0.821104 0.352941
0.821203 0.352941
0.821302 0.352941
0.821401 0.352941
0.821501 0.350384
0.821600 0.350384
0.821699 0.350384
0.821798 0.347826
0.821897 0.347826
0.821996 0.347826
0.822095 0.347826
0.822194 0.347826
0.822293 0.347826
0.822392 0.347826
0.822492 0.347826
0.822591 0.347826
0.822690 0.347826
0.822789 0.347826
0.822888 0.347826
0.822987 0.347826
0.823086 0.347826
0.823185 0.347826
0.823284 0.347826
0.823383 0.347826
0.823482 0.345269
0.823582 0.345269
0.823681 0.345269
0.823780 0.345269
0.823879 0.345269
0.823978 0.345269
0.824077 0.345269
0.824176 0.345269
0.824275 0.345269
0.824374 0.345269
0.824473 0.345269
0.824572 0.345269
0.824672 0.345269
0.824771 0.345269
0.824870 0.345269
0.824969 0.345269
0.825068 0.345269
0.825167 0.342711
0.825266 0.342711
0.825365 0.342711
0.825464 0.342711
0.825563 0.342711
0.825663 0.342711
0.825762 0.342711
0.825861 0.342711
0.825960 0.340153
0.826059 0.340153
0.826158 0.340153
0.826257 0.340153
0.826356 0.337596
0.826455 0.337596
0.826554 0.337596
0.826653 0.337596
0.826753 0.335038
0.826852 0.335038
0.826951 0.335038
0.827050 0.335038
0.827149 0.335038
0.827248 0.335038
0.827347 0.335038
0.827446 0.335038
0.827545 0.335038
0.827644 0.335038
0.827744 0.335038
0.827843 0.335038
0.827942 0.335038
0.828041 0.335038
0.828140 0.335038
0.828239 0.335038
0.828338 0.335038
0.828437 0.335038
0.828536 0.335038
0.828635 0.335038
0.828734 0.335038
0.828834 0.335038
0.828933 0.335038
0.829032 0.335038
0.829131 0.335038
0.829230 0.335038
0.829329 0.335038
0.829428 0.335038
0.829527 0.335038
0.829626 0.332481
0.829725 0.332481
0.829825 0.332481
0.829924 0.329923
0.830023 0.329923
0.830122 0.329923
0.830221 0.329923
0.830320 0.329923
0.830419 0.329923
0.830518 0.329923
0.830617 0.329923
0.830716 0.329923
0.830815 0.329923
0.830915 0.329923
0.831014 0.329923
0.831113 0.329923
0.831212 0.329923
0.831311 0.329923
0.831410 0.329923
0.831509 0.329923
0.831608 0.329923
0.831707 0.329923
0.831806 0.329923
0.831905 0.329923
0.832005 0.329923
0.832104 0.329923
0.832203 0.329923
0.832302 0.327366
0.832401 0.327366
0.832500 0.327366
0.832599 0.327366
0.832698 0.327366
0.832797 0.327366
0.832896 0.327366
0.832996 0.327366
0.833095 0.327366
0.833194 0.327366
0.833293 0.327366
0.833392 0.327366
0.833491 0.327366
0.833590 0.327366
0.833689 0.327366
0.833788 0.327366
0.833887 0.327366
0.833986 0.327366
0.834086 0.327366
0.834185 0.327366
0.834284 0.327366
0.834383 0.324808
0.834482 0.324808
0.834581 0.324808
0.834680 0.324808
0.834779 0.322251
0.834878 0.322251
0.834977 0.322251
0.835077 0.322251
0.835176 0.322251
0.835275 0.322251
0.835374 0.322251
0.835473 0.322251
0.835572 0.322251
0.835671 0.322251
0.835770 0.319693
0.835869 0.319693
0.835968 0.319693
0.836067 0.319693
0.836167 0.319693
0.836266 0.319693
0.836365 0.319693
0.836464 0.317136
0.836563 0.317136
0.836662 0.317136
0.836761 0.317136
0.836860 0.317136
0.836959 0.317136
0.837058 0.317136
0.837157 0.317136
0.837257 0.314578
0.837356 0.314578
0.837455 0.314578
0.837554 0.314578
0.837653 0.314578
0.837752 0.314578
0.837851 0.314578
0.837950 0.314578
0.838049 0.314578
0.838148 0.314578
0.838248 0.314578
0.838347 0.314578
0.838446 0.314578
0.838545 0.314578
0.838644 0.312020
0.838743 0.312020
0.838842 0.312020
0.838941 0.312020
0.839040 0.312020
0.839139 0.312020
0.839238 0.312020
0.839338 0.312020
0.839437 0.312020
0.839536 0.312020
0.839635 0.309463
0.839734 0.309463
0.839833 0.309463
0.839932 0.309463
0.840031 0.306905
0.840130 0.306905
0.840229 0.306905
0.840329 0.306905
0.840428 0.306905
0.840527 0.306905
0.840626 0.306905
0.840725 0.306905
0.840824 0.306905
0.840923 0.306905
0.841022 0.306905
0.841121 0.306905
0.841220 0.304348
0.841319 0.304348
0.841419 0.304348
0.841518 0.304348
0.841617 0.304348
0.841716 0.304348
0.841815 0.304348
0.841914 0.304348
0.842013 0.301790
0.842112 0.301790
0.842211 0.301790
0.842310 0.301790
0.842410 0.301790
0.842509 0.301790
0.842608 0.299233
0.842707 0.299233
0.842806 0.299233
0.842905 0.299233
0.843004 0.299233
0.843103 0.299233
0.843202 0.299233
0.843301 0.299233
0.843400 0.299233
0.843500 0.296675
0.843599 0.296675
0.843698 0.296675
0.843797 0.296675
0.843896 0.296675
0.843995 0.296675
0.844094 0.296675
0.844193 0.296675
0.844292 0.296675
0.844391 0.296675
0.844490 0.296675
0.844590 0.296675
0.844689 0.296675
0.844788 0.296675
0.844887 0.296675
0.844986 0.296675
0.845085 0.296675
0.845184 0.296675
0.845283 0.296675
0.845382 0.296675
0.845481 0.296675
0.845581 0.296675
0.845680 0.296675
0.845779 0.296675
0.845878 0.296675
0.845977 0.296675
0.846076 0.296675
0.846175 0.296675
0.846274 0.296675
0.846373 0.296675
0.846472 0.296675
0.846571 0.296675
0.846671 0.296675
0.846770 0.296675
0.846869 0.296675
0.846968 0.296675
0.847067 0.296675
0.847166 0.294118
0.847265 0.294118
0.847364 0.294118
0.847463 0.294118
0.847562 0.294118
0.847662 0.294118
0.847761 0.294118
0.847860 0.294118
0.847959 0.294118
0.848058 0.294118
0.848157 0.294118
0.848256 0.294118
0.848355 0.294118
0.848454 0.294118
0.848553 0.294118
0.848652 0.294118
0.848752 0.294118
0.848851 0.294118
0.848950 0.291560
0.849049 0.291560
0.849148 0.291560
0.849247 0.291560
0.849346 0.291560
0.849445 0.289003
0.849544 0.289003
0.849643 0.286445
0.849742 0.286445
0.849842 0.286445
0.849941 0.286445
0.850040 0.286445
0.850139 0.286445
0.850238 0.286445
0.850337 0.286445
0.850436 0.286445
0.850535 0.286445
0.850634 0.286445
0.850733 0.283887
0.850833 0.283887
0.850932 0.283887
0.851031 0.283887
0.851130 0.283887
0.851229 0.283887
0.851328 0.283887
0.851427 0.283887
0.851526 0.283887
0.851625 0.283887
0.851724 0.283887
0.851823 0.283887
0.851923 0.283887
0.852022 0.283887
0.852121 0.283887
0.852220 0.283887
0.852319 0.283887
0.852418 0.283887
0.852517 0.283887
0.852616 0.283887
0.852715 0.283887
0.852814 0.283887
0.852914 0.283887
0.853013 0.281330
0.853112 0.281330
0.853211 0.281330
0.853310 0.281330
0.853409 0.281330
0.853508 0.278772
0.853607 0.276215
0.853706 0.276215
0.853805 0.276215
0.853904 0.276215
0.854004 0.276215
0.854103 0.276215
0.854202 0.276215
0.854301 0.276215
0.854400 0.276215
0.854499 0.276215
0.854598 0.276215
0.854697 0.276215
0.854796 0.276215
0.854895 0.276215
0.854995 0.276215
0.855094 0.276215
0.855193 0.276215
0.855292 0.276215
0.855391 0.276215
0.855490 0.276215
0.855589 0.276215
0.855688 0.276215
0.855787 0.276215
0.855886 0.276215
0.855985 0.276215
0.856085 0.276215
0.856184 0.276215
0.856283 0.276215
0.856382 0.276215
0.856481 0.276215
0.856580 0.276215
0.856679 0.276215
0.856778 0.276215
0.856877 0.276215
0.856976 0.276215
0.857075 0.276215
0.857175 0.276215
0.857274 0.276215
0.857373 0.276215
0.857472 0.276215
0.857571 0.273657
0.857670 0.273657
0.857769 0.273657
0.857868 0.273657
0.857967 0.273657
0.858066 0.273657
0.858166 0.273657
0.858265 0.273657
0.858364 0.273657
0.858463 0.273657
0.858562 0.273657
0.858661 0.273657
0.858760 0.273657
0.858859 0.273657
0.858958 0.273657
0.859057 0.273657
0.859156 0.273657
0.859256 0.273657
0.859355 0.273657
0.859454 0.273657
0.859553 0.273657
0.859652 0.273657
0.859751 0.273657
0.859850 0.273657
0.859949 0.273657
0.860048 0.273657
0.860147 0.273657
0.860247 0.273657
0.860346 0.273657
0.860445 0.273657
0.860544 0.273657
0.860643 0.273657
0.860742 0.273657
0.860841 0.273657
0.860940 0.273657
0.861039 0.273657
0.861138 0.273657
0.861237 0.273657
0.861337 0.273657
0.861436 0.273657
0.861535 0.273657
0.861634 0.273657
0.861733 0.273657
0.861832 0.273657
0.861931 0.273657
0.862030 0.273657
0.862129 0.273657
0.862228 0.273657
0.862327 0.273657
0.862427 0.273657
0.862526 0.273657
0.862625 0.273657
0.862724 0.273657
0.862823 0.273657
0.862922 0.273657
0.863021 0.273657
0.863120 0.273657
0.863219 0.273657
0.863318 0.273657
0.863418 0.273657
0.863517 0.273657
0.863616 0.273657
0.863715 0.273657
0.863814 0.273657
0.863913 0.273657
0.864012 0.273657
0.864111 0.273657
0.864210 0.273657
0.864309 0.273657
0.864408 0.273657
0.864508 0.273657
0.864607 0.273657
0.864706 0.273657
0.864805 0.273657
0.864904 0.273657
0.865003 0.273657
0.865102 0.273657
0.865201 0.273657
0.865300 0.273657
0.865399 0.273657
0.865499 0.273657
0.865598 0.273657
0.865697 0.273657
0.865796 0.271100
0.865895 0.271100
0.865994 0.271100
0.866093 0.271100
0.866192 0.271100
0.866291 0.271100
0.866390 0.268542
0.866489 0.268542
0.866589 0.268542
0.866688 0.268542
0.866787 0.268542
0.866886 0.268542
0.866985 0.268542
0.867084 0.268542
0.867183 0.268542
0.867282 0.268542
0.867381 0.268542
0.867480 0.268542
0.867580 0.268542
0.867679 0.268542
0.867778 0.268542
0.867877 0.268542
0.867976 0.268542
0.868075 0.268542
0.868174 0.268542
0.868273 0.268542
0.868372 0.268542
0.868471 0.268542
0.868570 0.268542
0.868670 0.268542
0.868769 0.268542
0.868868 0.268542
0.868967 0.268542
0.869066 0.268542
0.869165 0.268542
0.869264 0.268542
0.869363 0.268542
0.869462 0.268542
0.869561 0.268542
0.869660 0.268542
0.869760 0.268542
0.869859 0.268542
0.869958 0.268542
0.870057 0.268542
0.870156 0.268542
0.870255 0.268542
0.870354 0.268542
0.870453 0.268542
0.870552 0.268542
0.870651 0.268542
0.870751 0.268542
0.870850 0.268542
0.870949 0.268542
0.871048 0.268542
0.871147 0.268542
0.871246 0.268542
0.871345 0.268542
0.871444 0.268542
0.871543 0.268542
0.871642 0.268542
0.871741 0.268542
0.871841 0.268542
0.871940 0.268542
0.872039 0.268542
0.872138 0.268542
0.872237 0.268542
0.872336 0.268542
0.872435 0.268542
0.872534 0.265985
0.872633 0.265985
0.872732 0.265985
0.872832 0.265985
0.872931 0.265985
0.873030 0.265985
0.873129 0.265985
0.873228 0.265985
0.873327 0.265985
0.873426 0.265985
0.873525 0.265985
0.873624 0.265985
0.873723 0.265985
0.873822 0.265985
0.873922 0.265985
0.874021 0.265985
0.874120 0.265985
0.874219 0.265985
0.874318 0.265985
0.874417 0.265985
0.874516 0.265985
0.874615 0.265985
0.874714 0.263427
0.874813 0.263427
0.874912 0.263427
0.875012 0.263427
0.875111 0.263427
0.875210 0.263427
0.875309 0.263427
0.875408 0.263427
0.875507 0.263427
0.875606 0.263427
0.875705 0.263427
0.875804 0.263427
0.875903 0.263427
0.876003 0.263427
0.876102 0.263427
0.876201 0.263427
0.876300 0.263427
0.876399 0.263427
0.876498 0.263427
0.876597 0.263427
0.876696 0.263427
0.876795 0.263427
0.876894 0.263427
0.876993 0.263427
0.877093 0.263427
0.877192 0.263427
0.877291 0.263427
0.877390 0.263427
0.877489 0.263427
0.877588 0.263427
0.877687 0.263427
0.877786 0.263427
0.877885 0.263427
0.877984 0.260870
0.878084 0.260870
0.878183 0.260870
0.878282 0.260870
0.878381 0.260870
0.878480 0.260870
0.878579 0.260870
0.878678 0.260870
0.878777 0.260870
0.878876 0.260870
0.878975 0.260870
0.879074 0.260870
0.879174 0.260870
0.879273 0.260870
0.879372 0.260870
0.879471 0.260870
0.879570 0.260870
0.879669 0.260870
0.879768 0.260870
0.879867 0.260870
0.879966 0.258312
0.880065 0.258312
0.880165 0.258312
0.880264 0.258312
0.880363 0.258312
0.880462 0.258312
0.880561 0.258312
0.880660 0.258312
0.880759 0.255754
0.880858 0.255754
0.880957 0.255754
0.881056 0.255754
0.881155 0.255754
0.881255 0.255754
0.881354 0.255754
0.881453 0.255754
0.881552 0.255754
0.881651 0.255754
0.881750 0.255754
0.881849 0.255754
0.881948 0.255754
0.882047 0.255754
0.882146 0.255754
0.882245 0.255754
0.882345 0.255754
0.882444 0.255754
0.882543 0.255754
0.882642 0.255754
0.882741 0.255754
0.882840 0.255754
0.882939 0.255754
0.883038 0.255754
0.883137 0.255754
0.883236 0.255754
0.883336 0.255754
0.883435 0.255754
0.883534 0.255754
0.883633 0.255754
0.883732 0.255754
0.883831 0.255754
0.883930 0.255754
0.884029 0.255754
0.884128 0.255754
0.884227 0.255754
0.884326 0.255754
0.884426 0.253197
0.884525 0.253197
0.884624 0.253197
0.884723 0.253197
0.884822 0.253197
0.884921 0.253197
0.885020 0.253197
0.885119 0.253197
0.885218 0.253197
0.885317 0.253197
0.885417 0.253197
0.885516 0.253197
0.885615 0.253197
0.885714 0.253197
0.885813 0.253197
0.885912 0.253197
0.886011 0.253197
0.886110 0.253197
0.886209 0.253197
0.886308 0.253197
0.886407 0.253197
0.886507 0.253197
0.886606 0.253197
0.886705 0.253197
0.886804 0.253197
0.886903 0.253197
0.887002 0.253197
0.887101 0.253197
0.887200 0.253197
0.887299 0.253197
0.887398 0.253197
0.887497 0.253197
0.887597 0.253197
0.887696 0.253197
0.887795 0.253197
0.887894 0.253197
0.887993 0.253197
0.888092 0.253197
0.888191 0.253197
0.888290 0.253197
0.888389 0.250639
0.888488 0.250639
0.888588 0.250639
0.888687 0.250639
0.888786 0.250639
0.888885 0.250639
0.888984 0.250639
0.889083 0.250639
0.889182 0.250639
0.889281 0.250639
0.889380 0.250639
0.889479 0.250639
0.889578 0.250639
0.889678 0.250639
0.889777 0.248082
0.889876 0.248082
0.889975 0.248082
0.890074 0.248082
0.890173 0.248082
0.890272 0.248082
0.890371 0.248082
0.890470 0.248082
0.890569 0.248082
0.890669 0.248082
0.890768 0.248082
0.890867 0.248082
0.890966 0.248082
0.891065 0.248082
0.891164 0.248082
0.891263 0.248082
0.891362 0.248082
0.891461 0.248082
0.891560 0.248082
0.891659 0.248082
0.891759 0.248082
0.891858 0.248082
0.891957 0.248082
0.892056 0.248082
0.892155 0.248082
0.892254 0.248082
0.892353 0.248082
0.892452 0.248082
0.892551 0.248082
0.892650 0.248082
0.892750 0.248082
0.892849 0.248082
0.892948 0.248082
0.893047 0.248082
0.893146 0.245524
0.893245 0.245524
0.893344 0.245524
0.893443 0.245524
0.893542 0.245524
0.893641 0.245524
0.893740 0.245524
0.893840 0.245524
0.893939 0.245524
0.894038 0.242967
0.894137 0.242967
0.894236 0.242967
0.894335 0.242967
0.894434 0.242967
0.894533 0.242967
0.894632 0.242967
0.894731 0.242967
0.894830 0.242967
0.894930 0.242967
0.895029 0.242967
0.895128 0.240409
0.895227 0.240409
0.895326 0.240409
0.895425 0.240409
0.895524 0.240409
0.895623 0.240409
0.895722 0.240409
0.895821 0.240409
0.895921 0.240409
0.896020 0.240409
0.896119 0.240409
0.896218 0.240409
0.896317 0.240409
0.896416 0.240409
0.896515 0.240409
0.896614 0.240409
0.896713 0.240409
0.896812 0.240409
0.896911 0.240409
0.897011 0.240409
0.897110 0.240409
0.897209 0.240409
0.897308 0.240409
0.897407 0.240409
0.897506 0.240409
0.897605 0.240409
0.897704 0.240409
0.897803 0.240409
0.897902 0.240409
0.898002 0.240409
0.898101 0.240409
0.898200 0.240409
0.898299 0.240409
0.898398 0.240409
0.898497 0.240409
0.898596 0.240409
0.898695 0.240409
0.898794 0.240409
0.898893 0.240409
0.898992 0.240409
0.899092 0.237852
0.899191 0.237852
0.899290 0.237852
0.899389 0.237852
0.899488 0.237852
0.899587 0.237852
0.899686 0.237852
0.899785 0.237852
0.899884 0.237852
0.899983 0.237852
0.900082 0.237852
0.900182 0.237852
0.900281 0.237852
0.900380 0.237852
0.900479 0.237852
0.900578 0.237852
0.900677 0.237852
0.900776 0.237852
0.900875 0.237852
0.900974 0.237852
0.901073 0.237852
0.901173 0.237852
0.901272 0.237852
0.901371 0.235294
0.901470 0.235294
0.901569 0.235294
0.901668 0.235294
0.901767 0.235294
0.901866 0.235294
0.901965 0.235294
0.902064 0.235294
0.902163 0.235294
0.902263 0.235294
0.902362 0.235294
0.902461 0.235294
0.902560 0.235294
0.902659 0.232737
0.902758 0.232737
0.902857 0.232737
0.902956 0.232737
0.903055 0.232737
0.903154 0.232737
0.903254 0.232737
0.903353 0.232737
0.903452 0.230179
0.903551 0.230179
0.903650 0.230179
0.903749 0.230179
0.903848 0.230179
0.903947 0.230179
0.904046 0.230179
0.904145 0.230179
0.904244 0.230179
0.904344 0.230179
0.904443 0.230179
0.904542 0.230179
0.904641 0.230179
0.904740 0.230179
0.904839 0.230179
0.904938 0.230179
0.905037 0.230179
0.905136 0.230179
0.905235 0.230179
0.905334 0.230179
0.905434 0.230179
0.905533 0.230179
0.905632 0.227621
0.905731 0.225064
0.905830 0.222506
0.905929 0.222506
0.906028 0.222506
0.906127 0.219949
0.906226 0.219949
0.906325 0.219949
0.906425 0.219949
0.906524 0.219949
0.906623 0.219949
0.906722 0.219949
0.906821 0.219949
0.906920 0.219949
0.907019 0.219949
0.907118 0.219949
0.907217 0.219949
0.907316 0.219949
0.907415 0.219949
0.907515 0.219949
0.907614 0.217391
0.907713 0.217391
0.907812 0.217391
0.907911 0.217391
0.908010 0.217391
0.908109 0.217391
0.908208 0.217391
0.908307 0.217391
0.908406 0.217391
0.908506 0.217391
0.908605 0.217391
0.908704 0.217391
0.908803 0.217391
0.908902 0.217391
0.909001 0.217391
0.909100 0.217391
0.909199 0.217391
0.909298 0.217391
0.909397 0.217391
0.909496 0.217391
0.909596 0.217391
0.909695 0.217391
0.909794 0.217391
0.909893 0.214834
0.909992 0.214834
0.910091 0.214834
0.910190 0.214834
0.910289 0.214834
0.910388 0.214834
0.910487 0.214834
0.910587 0.214834
0.910686 0.212276
0.910785 0.212276
0.910884 0.212276
0.910983 0.212276
0.911082 0.212276
0.911181 0.212276
0.911280 0.212276
0.911379 0.212276
0.911478 0.212276
0.911577 0.212276
0.911677 0.212276
0.911776 0.212276
0.911875 0.212276
0.911974 0.212276
0.912073 0.212276
0.912172 0.212276
0.912271 0.209719
0.912370 0.207161
0.912469 0.207161
0.912568 0.207161
0.912667 0.207161
0.912767 0.207161
0.912866 0.207161
0.912965 0.207161
0.913064 0.207161
0.913163 0.204604
0.913262 0.204604
0.913361 0.204604
0.913460 0.204604
0.913559 0.204604
0.913658 0.204604
0.913758 0.204604
0.913857 0.204604
0.913956 0.204604
0.914055 0.204604
0.914154 0.204604
0.914253 0.204604
0.914352 0.204604
0.914451 0.204604
0.914550 0.204604
0.914649 0.204604
0.914748 0.204604
0.914848 0.204604
0.914947 0.204604
0.915046 0.204604
0.915145 0.202046
0.915244 0.202046
0.915343 0.202046
0.915442 0.202046
0.915541 0.202046
0.915640 0.202046
0.915739 0.202046
0.915839 0.202046
0.915938 0.202046
0.916037 0.202046
0.916136 0.202046
0.916235 0.199488
0.916334 0.199488
0.916433 0.199488
0.916532 0.199488
0.916631 0.199488
0.916730 0.199488
0.916829 0.199488
0.916929 0.199488
0.917028 0.199488
0.917127 0.199488
0.917226 0.199488
0.917325 0.199488
0.917424 0.199488
0.917523 0.199488
0.917622 0.199488
0.917721 0.199488
0.917820 0.199488
0.917919 0.199488
0.918019 0.199488
0.918118 0.199488
0.918217 0.199488
0.918316 0.199488
0.918415 0.199488
0.918514 0.196931
0.918613 0.196931
0.918712 0.196931
0.918811 0.196931
0.918910 0.196931
0.919010 0.196931
0.919109 0.196931
0.919208 0.196931
0.919307 0.196931
0.919406 0.196931
0.919505 0.196931
0.919604 0.194373
0.919703 0.191816
0.919802 0.191816
0.919901 0.191816
0.920000 0.191816
0.920100 0.191816
0.920199 0.191816
0.920298 0.191816
0.920397 0.191816
0.920496 0.191816
0.920595 0.191816
0.920694 0.191816
0.920793 0.189258
0.920892 0.186701
0.920991 0.181586
0.921091 0.181586
0.921190 0.179028
0.921289 0.179028
0.921388 0.179028
0.921487 0.179028
0.921586 0.179028
0.921685 0.179028
0.921784 0.176471
0.921883 0.176471
0.921982 0.176471
0.922081 0.176471
0.922181 0.176471
0.922280 0.176471
0.922379 0.176471
0.922478 0.176471
0.922577 0.176471
0.922676 0.176471
0.922775 0.176471
0.922874 0.176471
0.922973 0.176471
0.923072 0.176471
0.923172 0.176471
0.923271 0.176471
0.923370 0.176471
0.923469 0.173913
0.923568 0.173913
0.923667 0.173913
0.923766 0.173913
0.923865 0.173913
0.923964 0.173913
0.924063 0.173913
0.924162 0.173913
0.924262 0.171355
0.924361 0.171355
0.924460 0.171355
0.924559 0.171355
0.924658 0.171355
0.924757 0.171355
0.924856 0.171355
0.924955 0.171355
0.925054 0.171355
0.925153 0.171355
0.925252 0.171355
0.925352 0.171355
0.925451 0.171355
0.925550 0.171355
0.925649 0.171355
0.925748 0.171355
0.925847 0.171355
0.925946 0.171355
0.926045 0.168798
0.926144 0.168798
0.926243 0.168798
0.926343 0.168798
0.926442 0.168798
0.926541 0.168798
0.926640 0.168798
0.926739 0.168798
0.926838 0.168798
0.926937 0.168798
0.927036 0.168798
0.927135 0.168798
0.927234 0.168798
0.927333 0.168798
0.927433 0.168798
0.927532 0.168798
0.927631 0.168798
0.927730 0.168798
0.927829 0.168798
0.927928 0.168798
0.928027 0.168798
0.928126 0.168798
0.928225 0.168798
0.928324 0.168798
0.928424 0.168798
0.928523 0.168798
0.928622 0.168798
0.928721 0.168798
0.928820 0.168798
0.928919 0.168798
0.929018 0.168798
0.929117 0.168798
0.929216 0.168798
0.929315 0.168798
0.929414 0.168798
0.929514 0.168798
0.929613 0.168798
0.929712 0.168798
0.929811 0.168798
0.929910 0.168798
0.930009 0.168798
0.930108 0.168798
0.930207 0.168798
0.930306 0.168798
0.930405 0.168798
0.930504 0.168798
0.930604 0.168798
0.930703 0.168798
0.930802 0.168798
0.930901 0.168798
0.931000 0.168798
0.931099 0.166240
0.931198 0.166240
0.931297 0.166240
0.931396 0.166240
0.931495 0.166240
0.931595 0.163683
0.931694 0.163683
0.931793 0.161125
0.931892 0.161125
0.931991 0.161125
0.932090 0.161125
0.932189 0.161125
0.932288 0.161125
0.932387 0.158568
0.932486 0.156010
0.932585 0.156010
0.932685 0.156010
0.932784 0.156010
0.932883 0.156010
0.932982 0.156010
0.933081 0.156010
0.933180 0.156010
0.933279 0.156010
0.933378 0.156010
0.933477 0.156010
0.933576 0.156010
0.933676 0.156010
0.933775 0.156010
0.933874 0.156010
0.933973 0.156010
0.934072 0.156010
0.934171 0.156010
0.934270 0.156010
0.934369 0.153453
0.934468 0.153453
0.934567 0.153453
0.934666 0.153453
0.934766 0.153453
0.934865 0.153453
0.934964 0.153453
0.935063 0.153453
0.935162 0.153453
0.935261 0.153453
0.935360 0.153453
0.935459 0.153453
0.935558 0.153453
0.935657 0.153453
0.935757 0.150895
0.935856 0.150895
0.935955 0.150895
0.936054 0.150895
0.936153 0.148338
0.936252 0.148338
0.936351 0.145780
0.936450 0.145780
0.936549 0.145780
0.936648 0.145780
0.936747 0.145780
0.936847 0.145780
0.936946 0.145780
0.937045 0.145780
0.937144 0.145780
0.937243 0.145780
0.937342 0.145780
0.937441 0.145780
0.937540 0.145780
0.937639 0.145780
0.937738 0.143223
0.937837 0.140665
0.937937 0.140665
0.938036 0.140665
0.938135 0.140665
0.938234 0.140665
0.938333 0.140665
0.938432 0.140665
0.938531 0.140665
0.938630 0.140665
0.938729 0.138107
0.938828 0.135550
0.938928 0.135550
0.939027 0.135550
0.939126 0.132992
0.939225 0.132992
0.939324 0.132992
0.939423 0.132992
0.939522 0.132992
0.939621 0.132992
0.939720 0.132992
0.939819 0.132992
0.939918 0.132992
0.940018 0.132992
0.940117 0.132992
0.940216 0.132992
0.940315 0.132992
0.940414 0.132992
0.940513 0.132992
0.940612 0.132992
0.940711 0.132992
0.940810 0.130435
0.940909 0.130435
0.941009 0.130435
0.941108 0.130435
0.941207 0.130435
0.941306 0.130435
0.941405 0.130435
0.941504 0.130435
0.941603 0.127877
0.941702 0.127877
0.941801 0.127877
0.941900 0.127877
0.941999 0.127877
0.942099 0.127877
0.942198 0.127877
0.942297 0.125320
0.942396 0.125320
0.942495 0.125320
0.942594 0.125320
0.942693 0.125320
0.942792 0.120205
0.942891 0.120205
0.942990 0.120205
0.943089 0.120205
0.943189 0.120205
0.943288 0.120205
0.943387 0.120205
0.943486 0.120205
0.943585 0.120205
0.943684 0.120205
0.943783 0.120205
0.943882 0.120205
0.943981 0.120205
0.944080 0.120205
0.944180 0.120205
0.944279 0.120205
0.944378 0.120205
0.944477 0.120205
0.944576 0.120205
0.944675 0.120205
0.944774 0.120205
0.944873 0.117647
0.944972 0.117647
0.945071 0.117647
0.945170 0.117647
0.945270 0.115090
0.945369 0.115090
0.945468 0.115090
0.945567 0.115090
0.945666 0.115090
0.945765 0.112532
0.945864 0.112532
0.945963 0.112532
0.946062 0.112532
0.946161 0.112532
0.946261 0.112532
0.946360 0.112532
0.946459 0.112532
0.946558 0.109974
0.946657 0.109974
0.946756 0.109974
0.946855 0.109974
0.946954 0.109974
0.947053 0.109974
0.947152 0.109974
0.947251 0.107417
0.947351 0.107417
0.947450 0.107417
0.947549 0.107417
0.947648 0.107417
0.947747 0.107417
0.947846 0.107417
0.947945 0.107417
0.948044 0.107417
0.948143 0.107417
0.948242 0.107417
0.948342 0.107417
0.948441 0.107417
0.948540 0.107417
0.948639 0.107417
0.948738 0.107417
0.948837 0.107417
0.948936 0.107417
0.949035 0.107417
0.949134 0.107417
0.949233 0.107417
0.949332 0.107417
0.949432 0.107417
0.949531 0.107417
0.949630 0.104859
0.949729 0.104859
0.949828 0.104859
0.949927 0.104859
0.950026 0.104859
0.950125 0.104859
0.950224 0.102302
0.950323 0.102302
0.950422 0.099744
0.950522 0.099744
0.950621 0.099744
0.950720 0.099744
0.950819 0.099744
0.950918 0.099744
0.951017 0.097187
0.951116 0.097187
0.951215 0.097187
0.951314 0.097187
0.951413 0.097187
0.951513 0.094629
0.951612 0.094629
0.951711 0.094629
0.951810 0.094629
0.951909 0.094629
0.952008 0.094629
0.952107 0.094629
0.952206 0.092072
0.952305 0.092072
0.952404 0.092072
0.952503 0.092072
0.952603 0.092072
0.952702 0.092072
0.952801 0.092072
0.952900 0.092072
0.952999 0.092072
0.953098 0.092072
0.953197 0.092072
0.953296 0.092072
0.953395 0.089514
0.953494 0.089514
0.953594 0.089514
0.953693 0.089514
0.953792 0.089514
0.953891 0.089514
0.953990 0.089514
0.954089 0.089514
0.954188 0.089514
0.954287 0.089514
0.954386 0.089514
0.954485 0.089514
0.954584 0.089514
0.954684 0.089514
0.954783 0.089514
0.954882 0.089514
0.954981 0.089514
0.955080 0.089514
0.955179 0.089514
0.955278 0.089514
0.955377 0.089514
0.955476 0.089514
0.955575 0.089514
0.955674 0.089514
0.955774 0.089514
0.955873 0.089514
0.955972 0.089514
0.956071 0.089514
0.956170 0.089514
0.956269 0.089514
0.956368 0.089514
0.956467 0.089514
0.956566 0.089514
0.956665 0.084399
0.956765 0.084399
0.956864 0.084399
0.956963 0.084399
0.957062 0.084399
0.957161 0.084399
0.957260 0.084399
0.957359 0.084399
0.957458 0.081841
0.957557 0.081841
0.957656 0.081841
0.957755 0.081841
0.957855 0.079284
0.957954 0.079284
0.958053 0.079284
0.958152 0.079284
0.958251 0.079284
0.958350 0.079284
0.958449 0.079284
0.958548 0.079284
0.958647 0.079284
0.958746 0.079284
0.958846 0.079284
0.958945 0.079284
0.959044 0.079284
0.959143 0.079284
0.959242 0.079284
0.959341 0.079284
0.959440 0.079284
0.959539 0.079284
0.959638 0.079284
0.959737 0.079284
0.959836 0.079284
0.959936 0.079284
0.960035 0.079284
0.960134 0.079284
0.960233 0.076726
0.960332 0.076726
0.960431 0.076726
0.960530 0.076726
0.960629 0.076726
0.960728 0.076726
0.960827 0.076726
0.960927 0.076726
0.961026 0.076726
0.961125 0.076726
0.961224 0.076726
0.961323 0.074169
0.961422 0.074169
0.961521 0.074169
0.961620 0.074169
0.961719 0.074169
0.961818 0.074169
0.961917 0.074169
0.962017 0.074169
0.962116 0.074169
0.962215 0.074169
0.962314 0.074169
0.962413 0.074169
0.962512 0.074169
0.962611 0.071611
0.962710 0.069054
0.962809 0.066496
0.962908 0.066496
0.963007 0.066496
0.963107 0.066496
0.963206 0.066496
0.963305 0.066496
0.963404 0.066496
0.963503 0.063939
0.963602 0.063939
0.963701 0.063939
0.963800 0.063939
0.963899 0.063939
0.963998 0.063939
0.964098 0.063939
0.964197 0.063939
0.964296 0.061381
0.964395 0.058824
0.964494 0.058824
0.964593 0.058824
0.964692 0.058824
0.964791 0.058824
0.964890 0.058824
0.964989 0.056266
0.965088 0.056266
0.965188 0.056266
0.965287 0.056266
0.965386 0.056266
0.965485 0.056266
0.965584 0.051151
0.965683 0.051151
0.965782 0.051151
0.965881 0.051151
0.965980 0.051151
0.966079 0.048593
0.966179 0.048593
0.966278 0.048593
0.966377 0.046036
0.966476 0.046036
0.966575 0.043478
0.966674 0.043478
0.966773 0.043478
0.966872 0.043478
0.966971 0.040921
0.967070 0.040921
0.967169 0.040921
0.967269 0.038363
0.967368 0.035806
0.967467 0.035806
0.967566 0.035806
0.967665 0.035806
0.967764 0.035806
0.967863 0.035806
0.967962 0.033248
0.968061 0.033248
0.968160 0.033248
0.968259 0.033248
0.968359 0.033248
0.968458 0.033248
0.968557 0.033248
0.968656 0.033248
0.968755 0.033248
0.968854 0.033248
0.968953 0.033248
0.969052 0.033248
0.969151 0.033248
0.969250 0.033248
0.969350 0.033248
0.969449 0.033248
0.969548 0.033248
0.969647 0.033248
0.969746 0.033248
0.969845 0.033248
0.969944 0.033248
0.970043 0.033248
0.970142 0.033248
0.970241 0.033248
0.970340 0.033248
0.970440 0.030691
0.970539 0.030691
0.970638 0.030691
0.970737 0.030691
0.970836 0.030691
0.970935 0.030691
0.971034 0.030691
0.971133 0.030691
0.971232 0.030691
0.971331 0.030691
0.971431 0.030691
0.971530 0.030691
0.971629 0.030691
0.971728 0.030691
0.971827 0.030691
0.971926 0.030691
0.972025 0.030691
0.972124 0.030691
0.972223 0.030691
0.972322 0.030691
0.972421 0.030691
0.972521 0.028133
0.972620 0.028133
0.972719 0.025575
0.972818 0.025575
0.972917 0.025575
0.973016 0.025575
0.973115 0.025575
0.973214 0.023018
0.973313 0.023018
0.973412 0.023018
0.973512 0.023018
0.973611 0.023018
0.973710 0.023018
0.973809 0.023018
0.973908 0.023018
0.974007 0.023018
0.974106 0.023018
0.974205 0.020460
0.974304 0.020460
0.974403 0.020460
0.974502 0.020460
0.974602 0.020460
0.974701 0.020460
0.974800 0.020460
0.974899 0.020460
0.974998 0.020460
0.975097 0.020460
0.975196 0.020460
0.975295 0.020460
0.975394 0.020460
0.975493 0.020460
0.975592 0.020460
0.975692 0.020460
0.975791 0.020460
0.975890 0.020460
0.975989 0.020460
0.976088 0.020460
0.976187 0.020460
0.976286 0.020460
0.976385 0.020460
0.976484 0.020460
0.976583 0.020460
0.976683 0.020460
0.976782 0.020460
0.976881 0.020460
0.976980 0.020460
0.977079 0.020460
0.977178 0.020460
0.977277 0.020460
0.977376 0.020460
0.977475 0.017903
0.977574 0.015345
0.977673 0.015345
0.977773 0.015345
0.977872 0.015345
0.977971 0.015345
0.978070 0.015345
0.978169 0.012788
0.978268 0.012788
0.978367 0.012788
0.978466 0.012788
0.978565 0.012788
0.978664 0.012788
0.978764 0.012788
0.978863 0.012788
0.978962 0.012788
0.979061 0.012788
0.979160 0.012788
0.979259 0.012788
0.979358 0.012788
0.979457 0.012788
0.979556 0.012788
0.979655 0.012788
0.979754 0.012788
0.979854 0.012788
0.979953 0.012788
0.980052 0.012788
0.980151 0.010230
0.980250 0.010230
0.980349 0.010230
0.980448 0.010230
0.980547 0.010230
0.980646 0.010230
0.980745 0.010230
0.980844 0.010230
0.980944 0.010230
0.981043 0.010230
0.981142 0.010230
0.981241 0.010230
0.981340 0.010230
0.981439 0.010230
0.981538 0.010230
0.981637 0.010230
0.981736 0.010230
0.981835 0.010230
0.981935 0.010230
0.982034 0.010230
0.982133 0.010230
0.982232 0.010230
0.982331 0.010230
0.982430 0.010230
0.982529 0.010230
0.982628 0.010230
0.982727 0.010230
0.982826 0.010230
0.982925 0.010230
0.983025 0.010230
0.983124 0.010230
0.983223 0.010230
0.983322 0.010230
0.983421 0.010230
0.983520 0.010230
0.983619 0.010230
0.983718 0.010230
0.983817 0.010230
0.983916 0.010230
0.984016 0.010230
0.984115 0.010230
0.984214 0.007673
0.984313 0.005115
0.984412 0.005115
0.984511 0.005115
0.984610 0.005115
0.984709 0.005115
0.984808 0.002558
0.984907 0.002558
0.985006 0.002558
0.985106 0.002558
0.985205 0.002558
0.985304 0.002558
0.985403 0.002558
0.985502 0.002558
0.985601 0.002558
0.985700 0.002558
0.985799 0.002558
0.985898 0.002558
0.985997 0.002558
0.986097 0.002558
0.986196 0.002558
0.986295 0.002558
0.986394 0.002558
0.986493 0.002558
0.986592 0.002558
0.986691 0.002558
0.986790 0.002558
0.986889 0.002558
0.986988 0.002558
0.987087 0.002558
0.987187 0.002558
0.987286 0.002558
0.987385 0.002558
0.987484 0.002558
0.987583 0.002558
0.987682 0.002558
0.987781 0.002558
0.987880 0.002558
0.987979 0.002558
0.988078 0.002558
0.988177 0.002558
0.988277 0.002558
0.988376 0.002558
0.988475 0.002558
0.988574 0.002558
0.988673 0.002558
0.988772 0.002558
0.988871 0.002558
0.988970 0.002558
0.989069 0.002558
0.989168 0.002558
0.989268 0.002558
0.989367 0.002558
0.989466 0.002558
0.989565 0.002558
0.989664 0.002558
0.989763 0.002558
0.989862 0.002558
0.989961 0.002558
0.990060 0.002558
0.990159 0.002558
0.990258 0.002558
0.990358 0.002558
0.990457 0.002558
0.990556 0.002558
0.990655 0.002558
0.990754 0.002558
0.990853 0.002558
0.990952 0.002558
0.991051 0.002558
0.991150 0.002558
0.991249 0.002558
0.991349 0.002558
0.991448 0.002558
0.991547 0.002558
0.991646 0.002558
0.991745 0.002558
0.991844 0.002558
0.991943 0.002558
0.992042 0.002558
0.992141 0.002558
0.992240 0.002558
0.992339 0.002558
0.992439 0.002558
0.992538 0.002558
0.992637 0.002558
0.992736 0.002558
0.992835 0.002558
0.992934 0.002558
0.993033 0.002558
0.993132 0.002558
0.993231 0.002558
0.993330 0.002558
0.993429 0.002558
0.993529 0.002558
0.993628 0.002558
0.993727 0.002558
0.993826 0.002558
0.993925 0.002558
0.994024 0.002558
0.994123 0.002558
0.994222 0.002558
0.994321 0.002558
0.994420 0.002558
0.994520 0.000000
