# Threshold Efficiency
0.015640 0.997222
0.015736 0.997222
0.015832 0.997222
0.015928 0.997222
0.016024 0.997222
0.016120 0.997222
0.016217 0.997222
0.016313 0.997222
0.016409 0.997222
0.016505 0.997222
0.016601 0.997222
0.016697 0.997222
0.016793 0.997222
0.016890 0.997222
0.016986 0.997222
0.017082 0.997222
0.017178 0.997222
0.017274 0.997222
0.017370 0.997222
0.017466 0.997222
0.017563 0.997222
0.017659 0.997222
0.017755 0.997222
0.017851 0.997222
0.017947 0.997222
0.018043 0.997222
0.018139 0.997222
0.018235 0.997222
0.018332 0.997222
0.018428 0.997222
0.018524 0.997222
0.018620 0.997222
0.018716 0.997222
0.018812 0.997222
0.018908 0.997222
0.019005 0.997222
0.019101 0.997222
0.019197 0.997222
0.019293 0.997222
0.019389 0.997222
0.019485 0.997222
0.019581 0.997222
0.019678 0.997222
0.019774 0.997222
0.019870 0.997222
0.019966 0.997222
0.020062 0.997222
0.020158 0.997222
0.020254 0.997222
0.020351 0.997222
0.020447 0.997222
0.020543 0.997222
0.020639 0.997222
0.020735 0.997222
0.020831 0.997222
0.020927 0.997222
0.021023 0.997222
0.021120 0.997222
0.021216 0.997222
0.021312 0.997222
0.021408 0.997222
0.021504 0.997222
0.021600 0.997222
0.021696 0.997222
0.021793 0.997222
0.021889 0.997222
0.021985 0.997222
0.022081 0.997222
0.022177 0.997222
0.022273 0.997222
0.022369 0.997222
0.022466 0.997222
0.022562 0.997222
0.022658 0.994444
0.022754 0.994444
0.022850 0.994444
0.022946 0.994444
0.023042 0.994444
0.023139 0.994444
0.023235 0.994444
0.023331 0.994444
0.023427 0.994444
0.023523 0.994444
0.023619 0.991667
0.023715 0.991667
0.023811 0.991667
0.023908 0.991667
0.024004 0.991667
0.024100 0.991667
0.024196 0.991667
0.024292 0.991667
0.024388 0.991667
0.024484 0.991667
0.024581 0.991667
0.024677 0.991667
0.024773 0.991667
0.024869 0.991667
0.024965 0.991667
0.025061 0.991667
0.025157 0.991667
0.025254 0.991667
0.025350 0.991667
0.025446 0.991667
0.025542 0.991667
0.025638 0.991667
0.025734 0.991667
0.025830 0.991667
0.025927 0.991667
0.026023 0.991667
0.026119 0.991667
0.026215 0.991667
0.026311 0.991667
0.026407 0.991667
0.026503 0.991667
0.026599 0.991667
0.026696 0.988889
0.026792 0.988889
0.026888 0.988889
0.026984 0.988889
0.027080 0.988889
0.027176 0.988889
0.027272 0.988889
0.027369 0.988889
0.027465 0.988889
0.027561 0.988889
0.027657 0.988889
0.027753 0.988889
0.027849 0.988889
0.027945 0.988889
0.028042 0.988889
0.028138 0.988889
0.028234 0.988889
0.028330 0.988889
0.028426 0.988889
0.028522 0.988889
0.028618 0.988889
0.028715 0.988889
0.028811 0.988889
0.028907 0.988889
0.029003 0.988889
0.029099 0.988889
0.029195 0.988889
0.029291 0.988889
0.029387 0.988889
0.029484 0.986111
0.029580 0.986111
0.029676 0.986111
0.029772 0.986111
0.029868 0.986111
0.029964 0.986111
0.030060 0.986111
0.030157 0.986111
0.030253 0.986111
0.030349 0.986111
0.030445 0.986111
0.030541 0.986111
0.030637 0.986111
0.030733 0.986111
0.030830 0.986111
0.030926 0.986111
0.031022 0.986111
0.031118 0.986111
0.031214 0.986111
0.031310 0.986111
0.031406 0.986111
0.031503 0.986111
0.031599 0.986111
0.031695 0.986111
0.031791 0.986111
0.031887 0.986111
0.031983 0.986111
0.032079 0.983333
0.032175 0.983333
0.032272 0.983333
0.032368 0.983333
0.032464 0.980556
0.032560 0.980556
0.032656 0.980556
0.032752 0.980556
0.032848 0.980556
0.032945 0.980556
0.033041 0.980556
0.033137 0.980556
0.033233 0.980556
0.033329 0.980556
0.033425 0.980556
0.033521 0.980556
0.033618 0.980556
0.033714 0.980556
0.033810 0.980556
0.033906 0.980556
0.034002 0.977778
0.034098 0.977778
0.034194 0.977778
0.034291 0.977778
0.034387 0.977778
0.034483 0.977778
0.034579 0.975000
0.034675 0.975000
0.034771 0.975000
0.034867 0.975000
0.034963 0.975000
0.035060 0.975000
0.035156 0.975000
0.035252 0.975000
0.035348 0.975000
0.035444 0.975000
0.035540 0.972222
0.035636 0.972222
0.035733 0.972222
0.035829 0.972222
0.035925 0.972222
0.036021 0.969444
0.036117 0.969444
0.036213 0.969444
0.036309 0.969444
0.036406 0.969444
0.036502 0.969444
0.036598 0.966667
0.036694 0.966667
0.036790 0.966667
0.036886 0.966667
0.036982 0.966667
0.037079 0.966667
0.037175 0.966667
0.037271 0.966667
0.037367 0.966667
0.037463 0.966667
0.037559 0.966667
0.037655 0.966667
0.037752 0.966667
0.037848 0.963889
0.037944 0.963889
0.038040 0.961111
0.038136 0.961111
0.038232 0.961111
0.038328 0.961111
0.038424 0.961111
0.038521 0.961111
0.038617 0.961111
0.038713 0.961111
0.038809 0.961111
0.038905 0.961111
0.039001 0.961111
0.039097 0.961111
0.039194 0.961111
0.039290 0.961111
0.039386 0.961111
0.039482 0.961111
0.039578 0.961111
0.039674 0.961111
0.039770 0.958333
0.039867 0.958333
0.039963 0.958333
0.040059 0.958333
0.040155 0.958333
0.040251 0.958333
0.040347 0.958333
0.040443 0.958333
0.040540 0.958333
0.040636 0.958333
0.040732 0.958333
0.040828 0.958333
0.040924 0.958333
0.041020 0.958333
0.041116 0.958333
0.041212 0.958333
0.041309 0.958333
0.041405 0.958333
0.041501 0.958333
0.041597 0.955556
0.041693 0.955556
0.041789 0.955556
0.041885 0.955556
0.041982 0.955556
0.042078 0.955556
0.042174 0.955556
0.042270 0.955556
0.042366 0.955556
0.042462 0.955556
0.042558 0.955556
0.042655 0.955556
0.042751 0.955556
0.042847 0.955556
0.042943 0.955556
0.043039 0.952778
0.043135 0.952778
0.043231 0.952778
0.043328 0.952778
0.043424 0.952778
0.043520 0.952778
0.043616 0.952778
0.043712 0.952778
0.043808 0.952778
0.043904 0.952778
0.044000 0.952778
0.044097 0.952778
0.044193 0.952778
0.044289 0.950000
0.044385 0.950000
0.044481 0.950000
0.044577 0.950000
0.044673 0.950000
0.044770 0.950000
0.044866 0.950000
0.044962 0.950000
0.045058 0.950000
0.045154 0.947222
0.045250 0.947222
0.045346 0.947222
0.045443 0.947222
0.045539 0.947222
0.045635 0.944444
0.045731 0.944444
0.045827 0.944444
0.045923 0.944444
0.046019 0.944444
0.046116 0.944444
0.046212 0.944444
0.046308 0.944444
0.046404 0.944444
0.046500 0.944444
0.046596 0.941667
0.046692 0.941667
0.046788 0.941667
0.046885 0.941667
0.046981 0.941667
0.047077 0.941667
0.047173 0.941667
0.047269 0.938889
0.047365 0.938889
0.047461 0.938889
0.047558 0.938889
0.047654 0.938889
0.047750 0.938889
0.047846 0.938889
0.047942 0.938889
0.048038 0.938889
0.048134 0.938889
0.048231 0.938889
0.048327 0.938889
0.048423 0.938889
0.048519 0.938889
0.048615 0.938889
0.048711 0.938889
0.048807 0.938889
0.048904 0.938889
0.049000 0.938889
0.049096 0.938889
0.049192 0.938889
0.049288 0.938889
0.049384 0.938889
0.049480 0.938889
0.049576 0.938889
0.049673 0.938889
0.049769 0.938889
0.049865 0.938889
0.049961 0.938889
0.050057 0.938889
0.050153 0.938889
0.050249 0.938889
0.050346 0.938889
0.050442 0.936111
0.050538 0.936111
0.050634 0.936111
0.050730 0.936111
0.050826 0.936111
0.050922 0.936111
0.051019 0.936111
0.051115 0.936111
0.051211 0.933333
0.051307 0.933333
0.051403 0.933333
0.051499 0.933333
0.051595 0.930556
0.051692 0.930556
0.051788 0.930556
0.051884 0.930556
0.051980 0.930556
0.052076 0.930556
0.052172 0.930556
0.052268 0.930556
0.052364 0.930556
0.052461 0.930556
0.052557 0.930556
0.052653 0.930556
0.052749 0.930556
0.052845 0.930556
0.052941 0.930556
0.053037 0.930556
0.053134 0.927778
0.053230 0.927778
0.053326 0.927778
0.053422 0.927778
0.053518 0.927778
0.053614 0.925000
0.053710 0.925000
0.053807 0.925000
0.053903 0.925000
0.053999 0.925000
0.054095 0.925000
0.054191 0.925000
0.054287 0.925000
0.054383 0.925000
0.054480 0.925000
0.054576 0.925000
0.054672 0.925000
0.054768 0.925000
0.054864 0.925000
0.054960 0.925000
0.055056 0.925000
0.055152 0.925000
0.055249 0.925000
0.055345 0.925000
0.055441 0.925000
0.055537 0.925000
0.055633 0.925000
0.055729 0.925000
0.055825 0.922222
0.055922 0.922222
0.056018 0.922222
0.056114 0.922222
0.056210 0.922222
0.056306 0.922222
0.056402 0.916667
0.056498 0.916667
0.056595 0.916667
0.056691 0.916667
0.056787 0.916667
0.056883 0.916667
0.056979 0.916667
0.057075 0.916667
0.057171 0.916667
0.057268 0.916667
0.057364 0.916667
0.057460 0.916667
0.057556 0.916667
0.057652 0.916667
0.057748 0.916667
0.057844 0.916667
0.057940 0.916667
0.058037 0.916667
0.058133 0.916667
0.058229 0.913889
0.058325 0.913889
0.058421 0.913889
0.058517 0.913889
0.058613 0.913889
0.058710 0.913889
0.058806 0.911111
0.058902 0.911111
0.058998 0.911111
0.059094 0.911111
0.059190 0.911111
0.059286 0.911111
0.059383 0.911111
0.059479 0.911111
0.059575 0.911111
0.059671 0.911111
0.059767 0.911111
0.059863 0.911111
0.059959 0.911111
0.060056 0.911111
0.060152 0.911111
0.060248 0.908333
0.060344 0.908333
0.060440 0.908333
0.060536 0.908333
0.060632 0.905556
0.060728 0.905556
0.060825 0.905556
0.060921 0.905556
0.061017 0.902778
0.061113 0.902778
0.061209 0.902778
0.061305 0.902778
0.061401 0.902778
0.061498 0.900000
0.061594 0.900000
0.061690 0.900000
0.061786 0.897222
0.061882 0.897222
0.061978 0.897222
0.062074 0.897222
0.062171 0.897222
0.062267 0.897222
0.062363 0.897222
0.062459 0.897222
0.062555 0.897222
0.062651 0.897222
0.062747 0.897222
0.062844 0.897222
0.062940 0.897222
0.063036 0.897222
0.063132 0.897222
0.063228 0.897222
0.063324 0.897222
0.063420 0.897222
0.063516 0.897222
0.063613 0.897222
0.063709 0.897222
0.063805 0.897222
0.063901 0.897222
0.063997 0.897222
0.064093 0.894444
0.064189 0.891667
0.064286 0.891667
0.064382 0.891667
0.064478 0.891667
0.064574 0.891667
0.064670 0.891667
0.064766 0.891667
0.064862 0.891667
0.064959 0.891667
0.065055 0.891667
0.065151 0.891667
0.065247 0.891667
0.065343 0.891667
0.065439 0.891667
0.065535 0.891667
0.065632 0.891667
0.065728 0.891667
0.065824 0.891667
0.065920 0.891667
0.066016 0.891667
0.066112 0.891667
0.066208 0.891667
0.066304 0.891667
0.066401 0.891667
0.066497 0.891667
0.066593 0.891667
0.066689 0.891667
0.066785 0.891667
0.066881 0.891667
0.066977 0.891667
0.067074 0.891667
0.067170 0.891667
0.067266 0.891667
0.067362 0.891667
0.067458 0.891667
0.067554 0.891667
0.067650 0.891667
0.067747 0.891667
0.067843 0.891667
0.067939 0.891667
0.068035 0.891667
0.068131 0.891667
0.068227 0.891667
0.068323 0.891667
0.068420 0.891667
0.068516 0.891667
0.068612 0.891667
0.068708 0.891667
0.068804 0.891667
0.068900 0.891667
0.068996 0.891667
0.069092 0.891667
0.069189 0.891667
0.069285 0.891667
0.069381 0.891667
0.069477 0.891667
0.069573 0.891667
0.069669 0.891667
0.069765 0.891667
0.069862 0.891667
0.069958 0.891667
0.070054 0.888889
0.070150 0.888889
0.070246 0.888889
0.070342 0.888889
0.070438 0.888889
0.070535 0.888889
0.070631 0.886111
0.070727 0.886111
0.070823 0.886111
0.070919 0.886111
0.071015 0.886111
0.071111 0.886111
0.071208 0.886111
0.071304 0.886111
0.071400 0.886111
0.071496 0.883333
0.071592 0.883333
0.071688 0.883333
0.071784 0.883333
0.071880 0.883333
0.071977 0.883333
0.072073 0.883333
0.072169 0.883333
0.072265 0.883333
0.072361 0.883333
0.072457 0.883333
0.072553 0.883333
0.072650 0.883333
0.072746 0.883333
0.072842 0.883333
0.072938 0.883333
0.073034 0.883333
0.073130 0.883333
0.073226 0.883333
0.073323 0.883333
0.073419 0.883333
0.073515 0.883333
0.073611 0.883333
0.073707 0.883333
0.073803 0.883333
0.073899 0.883333
0.073996 0.883333
0.074092 0.883333
0.074188 0.883333
0.074284 0.883333
0.074380 0.883333
0.074476 0.883333
0.074572 0.880556
0.074668 0.880556
0.074765 0.880556
0.074861 0.880556
0.074957 0.880556
0.075053 0.880556
0.075149 0.880556
0.075245 0.880556
0.075341 0.880556
0.075438 0.880556
0.075534 0.880556
0.075630 0.880556
0.075726 0.880556
0.075822 0.880556
0.075918 0.880556
0.076014 0.880556
0.076111 0.880556
0.076207 0.880556
0.076303 0.880556
0.076399 0.880556
0.076495 0.880556
0.076591 0.880556
0.076687 0.880556
0.076784 0.880556
0.076880 0.880556
0.076976 0.880556
0.077072 0.880556
0.077168 0.880556
0.077264 0.880556
0.077360 0.880556
0.077457 0.880556
0.077553 0.880556
0.077649 0.880556
0.077745 0.880556
0.077841 0.880556
0.077937 0.880556
0.078033 0.880556
0.078129 0.880556
0.078226 0.880556
0.078322 0.880556
0.078418 0.880556
0.078514 0.880556
0.078610 0.880556
0.078706 0.880556
0.078802 0.880556
0.078899 0.880556
0.078995 0.880556
0.079091 0.880556
0.079187 0.880556
0.079283 0.880556
0.079379 0.880556
0.079475 0.880556
0.079572 0.880556
0.079668 0.880556
0.079764 0.880556
0.079860 0.880556
0.079956 0.880556
0.080052 0.877778
0.080148 0.877778
0.080245 0.877778
0.080341 0.877778
0.080437 0.877778
0.080533 0.877778
0.080629 0.877778
0.080725 0.877778
0.080821 0.877778
0.080917 0.877778
0.081014 0.877778
0.081110 0.877778
0.081206 0.877778
0.081302 0.877778
0.081398 0.877778
0.081494 0.877778
0.081590 0.877778
0.081687 0.877778
0.081783 0.877778
0.081879 0.877778
0.081975 0.877778
0.082071 0.877778
0.082167 0.877778
0.082263 0.877778
0.082360 0.877778
0.082456 0.877778
0.082552 0.877778
0.082648 0.877778
0.082744 0.877778
0.082840 0.877778
0.082936 0.875000
0.083033 0.875000
0.083129 0.875000
0.083225 0.875000
0.083321 0.875000
0.083417 0.875000
0.083513 0.875000
0.083609 0.875000
0.083705 0.875000
0.083802 0.875000
0.083898 0.875000
0.083994 0.875000
0.084090 0.875000
0.084186 0.875000
0.084282 0.872222
0.084378 0.872222
0.084475 0.872222
0.084571 0.872222
0.084667 0.872222
0.084763 0.872222
0.084859 0.872222
0.084955 0.872222
0.085051 0.872222
0.085148 0.869444
0.085244 0.869444
0.085340 0.869444
0.085436 0.869444
0.085532 0.869444
0.085628 0.869444
0.085724 0.869444
0.085821 0.869444
0.085917 0.869444
0.086013 0.866667
0.086109 0.866667
0.086205 0.866667
0.086301 0.866667
0.086397 0.866667
0.086493 0.866667
0.086590 0.866667
0.086686 0.866667
0.086782 0.866667
0.086878 0.866667
0.086974 0.866667
0.087070 0.866667
0.087166 0.866667
0.087263 0.863889
0.087359 0.863889
0.087455 0.863889
0.087551 0.863889
0.087647 0.863889
0.087743 0.863889
0.087839 0.863889
0.087936 0.863889
0.088032 0.863889
0.088128 0.863889
0.088224 0.863889
0.088320 0.863889
0.088416 0.861111
0.088512 0.861111
0.088609 0.861111
0.088705 0.861111
0.088801 0.861111
0.088897 0.861111
0.088993 0.861111
0.089089 0.861111
0.089185 0.861111
0.089281 0.861111
0.089378 0.861111
0.089474 0.861111
0.089570 0.861111
0.089666 0.861111
0.089762 0.861111
0.089858 0.861111
0.089954 0.861111
0.090051 0.858333
0.090147 0.855556
0.090243 0.855556
0.090339 0.855556
0.090435 0.855556
0.090531 0.855556
0.090627 0.855556
0.090724 0.855556
0.090820 0.855556
0.090916 0.855556
0.091012 0.855556
0.091108 0.855556
0.091204 0.855556
0.091300 0.855556
0.091397 0.855556
0.091493 0.855556
0.091589 0.855556
0.091685 0.855556
0.091781 0.855556
0.091877 0.855556
0.091973 0.855556
0.092069 0.855556
0.092166 0.855556
0.092262 0.855556
0.092358 0.855556
0.092454 0.855556
0.092550 0.855556
0.092646 0.855556
0.092742 0.855556
0.092839 0.855556
0.092935 0.855556
0.093031 0.855556
0.093127 0.855556
0.093223 0.855556
0.093319 0.855556
0.093415 0.855556
0.093512 0.855556
0.093608 0.855556
0.093704 0.855556
0.093800 0.855556
0.093896 0.855556
0.093992 0.855556
0.094088 0.855556
0.094185 0.855556
0.094281 0.855556
0.094377 0.855556
0.094473 0.855556
0.094569 0.855556
0.094665 0.855556
0.094761 0.855556
0.094857 0.855556
0.094954 0.855556
0.095050 0.855556
0.095146 0.855556
0.095242 0.855556
0.095338 0.855556
0.095434 0.855556
0.095530 0.855556
0.095627 0.855556
0.095723 0.855556
0.095819 0.855556
0.095915 0.855556
0.096011 0.855556
0.096107 0.855556
0.096203 0.855556
0.096300 0.855556
0.096396 0.855556
0.096492 0.855556
0.096588 0.852778
0.096684 0.852778
0.096780 0.852778
0.096876 0.852778
0.096973 0.852778
0.097069 0.852778
0.097165 0.852778
0.097261 0.852778
0.097357 0.852778
0.097453 0.852778
0.097549 0.852778
0.097645 0.852778
0.097742 0.852778
0.097838 0.852778
0.097934 0.852778
0.098030 0.852778
0.098126 0.850000
0.098222 0.850000
0.098318 0.850000
0.098415 0.850000
0.098511 0.847222
0.098607 0.847222
0.098703 0.847222
0.098799 0.847222
0.098895 0.847222
0.098991 0.847222
0.099088 0.847222
0.099184 0.847222
0.099280 0.847222
0.099376 0.847222
0.099472 0.847222
0.099568 0.847222
0.099664 0.847222
0.099761 0.847222
0.099857 0.847222
0.099953 0.847222
0.100049 0.847222
0.100145 0.847222
0.100241 0.847222
0.100337 0.847222
0.100433 0.847222
0.100530 0.847222
0.100626 0.847222
0.100722 0.847222
0.100818 0.847222
0.100914 0.847222
0.101010 0.847222
0.101106 0.844444
0.101203 0.844444
0.101299 0.844444
0.101395 0.844444
0.101491 0.841667
0.101587 0.841667
0.101683 0.841667
0.101779 0.841667
0.101876 0.841667
0.101972 0.841667
0.102068 0.841667
0.102164 0.841667
0.102260 0.841667
0.102356 0.841667
0.102452 0.841667
0.102549 0.841667
0.102645 0.841667
0.102741 0.841667
0.102837 0.841667
0.102933 0.841667
0.103029 0.841667
0.103125 0.841667
0.103221 0.841667
0.103318 0.841667
0.103414 0.841667
0.103510 0.841667
0.103606 0.841667
0.103702 0.841667
0.103798 0.841667
0.103894 0.841667
0.103991 0.841667
0.104087 0.841667
0.104183 0.841667
0.104279 0.841667
0.104375 0.841667
0.104471 0.841667
0.104567 0.841667
0.104664 0.841667
0.104760 0.841667
0.104856 0.841667
0.104952 0.841667
0.105048 0.841667
0.105144 0.841667
0.105240 0.841667
0.105337 0.841667
0.105433 0.841667
0.105529 0.841667
0.105625 0.841667
0.105721 0.841667
0.105817 0.841667
0.105913 0.841667
0.106009 0.841667
0.106106 0.841667
0.106202 0.841667
0.106298 0.841667
0.106394 0.841667
0.106490 0.841667
0.106586 0.841667
0.106682 0.841667
0.106779 0.841667
0.106875 0.841667
0.106971 0.841667
0.107067 0.841667
0.107163 0.841667
0.107259 0.841667
0.107355 0.841667
0.107452 0.841667
0.107548 0.838889
0.107644 0.838889
0.107740 0.838889
0.107836 0.838889
0.107932 0.838889
0.108028 0.838889
0.108125 0.838889
0.108221 0.838889
0.108317 0.838889
0.108413 0.838889
0.108509 0.838889
0.108605 0.838889
0.108701 0.838889
0.108797 0.838889
0.108894 0.838889
0.108990 0.838889
0.109086 0.838889
0.109182 0.838889
0.109278 0.836111
0.109374 0.836111
0.109470 0.836111
0.109567 0.836111
0.109663 0.836111
0.109759 0.836111
0.109855 0.836111
0.109951 0.836111
0.110047 0.836111
0.110143 0.836111
0.110240 0.836111
0.110336 0.836111
0.110432 0.836111
0.110528 0.836111
0.110624 0.836111
0.110720 0.836111
0.110816 0.836111
0.110913 0.836111
0.111009 0.836111
0.111105 0.836111
0.111201 0.836111
0.111297 0.836111
0.111393 0.836111
0.111489 0.836111
0.111585 0.836111
0.111682 0.836111
0.111778 0.836111
0.111874 0.833333
0.111970 0.833333
0.112066 0.833333
0.112162 0.833333
0.112258 0.833333
0.112355 0.833333
0.112451 0.833333
0.112547 0.833333
0.112643 0.833333
0.112739 0.833333
0.112835 0.833333
0.112931 0.833333
0.113028 0.833333
0.113124 0.833333
0.113220 0.833333
0.113316 0.833333
0.113412 0.833333
0.113508 0.833333
0.113604 0.833333
0.113701 0.833333
0.113797 0.833333
0.113893 0.833333
0.113989 0.830556
0.114085 0.830556
0.114181 0.830556
0.114277 0.827778
0.114373 0.827778
0.114470 0.827778
0.114566 0.827778
0.114662 0.827778
0.114758 0.827778
0.114854 0.827778
0.114950 0.827778
0.115046 0.827778
0.115143 0.827778
0.115239 0.827778
0.115335 0.827778
0.115431 0.827778
0.115527 0.827778
0.115623 0.827778
0.115719 0.827778
0.115816 0.827778
0.115912 0.827778
0.116008 0.827778
0.116104 0.827778
0.116200 0.825000
0.116296 0.825000
0.116392 0.825000
0.116489 0.825000
0.116585 0.825000
0.116681 0.825000
0.116777 0.825000
0.116873 0.825000
0.116969 0.825000
0.117065 0.825000
0.117162 0.825000
0.117258 0.825000
0.117354 0.825000
0.117450 0.825000
0.117546 0.825000
0.117642 0.822222
0.117738 0.822222
0.117834 0.822222
0.117931 0.822222
0.118027 0.822222
0.118123 0.822222
0.118219 0.822222
0.118315 0.822222
0.118411 0.822222
0.118507 0.822222
0.118604 0.822222
0.118700 0.822222
0.118796 0.822222
0.118892 0.822222
0.118988 0.822222
0.119084 0.822222
0.119180 0.822222
0.119277 0.822222
0.119373 0.822222
0.119469 0.822222
0.119565 0.822222
0.119661 0.822222
0.119757 0.822222
0.119853 0.822222
0.119950 0.822222
0.120046 0.822222
0.120142 0.822222
0.120238 0.822222
0.120334 0.822222
0.120430 0.822222
0.120526 0.822222
0.120622 0.822222
0.120719 0.822222
0.120815 0.822222
0.120911 0.822222
0.121007 0.822222
0.121103 0.822222
0.121199 0.822222
0.121295 0.822222
0.121392 0.822222
0.121488 0.822222
0.121584 0.822222
0.121680 0.822222
0.121776 0.822222
0.121872 0.822222
0.121968 0.822222
0.122065 0.822222
0.122161 0.822222
0.122257 0.822222
0.122353 0.822222
0.122449 0.819444
0.122545 0.819444
0.122641 0.819444
0.122738 0.819444
0.122834 0.819444
0.122930 0.819444
0.123026 0.819444
0.123122 0.819444
0.123218 0.816667
0.123314 0.816667
0.123410 0.816667
0.123507 0.816667
0.123603 0.816667
0.123699 0.816667
0.123795 0.816667
0.123891 0.816667
0.123987 0.816667
0.124083 0.816667
0.124180 0.816667
0.124276 0.816667
0.124372 0.816667
0.124468 0.816667
0.124564 0.816667
0.124660 0.816667
0.124756 0.816667
0.124853 0.816667
0.124949 0.816667
0.125045 0.816667
0.125141 0.816667
0.125237 0.816667
0.125333 0.816667
0.125429 0.816667
0.125526 0.816667
0.125622 0.816667
0.125718 0.816667
0.125814 0.816667
0.125910 0.816667
0.126006 0.816667
0.126102 0.813889
0.126198 0.813889
0.126295 0.813889
0.126391 0.813889
0.126487 0.813889
0.126583 0.813889
0.126679 0.813889
0.126775 0.813889
0.126871 0.813889
0.126968 0.813889
0.127064 0.813889
0.127160 0.813889
0.127256 0.813889
0.127352 0.813889
0.127448 0.813889
0.127544 0.813889
0.127641 0.813889
0.127737 0.811111
0.127833 0.811111
0.127929 0.811111
0.128025 0.811111
0.128121 0.811111
0.128217 0.811111
0.128314 0.811111
0.128410 0.811111
0.128506 0.811111
0.128602 0.811111
0.128698 0.811111
0.128794 0.811111
0.128890 0.811111
0.128986 0.811111
0.129083 0.811111
0.129179 0.811111
0.129275 0.811111
0.129371 0.811111
0.129467 0.811111
0.129563 0.811111
0.129659 0.811111
0.129756 0.808333
0.129852 0.808333
0.129948 0.808333
0.130044 0.808333
0.130140 0.808333
0.130236 0.808333
0.130332 0.808333
0.130429 0.808333
0.130525 0.808333
0.130621 0.808333
0.130717 0.808333
0.130813 0.808333
0.130909 0.808333
0.131005 0.808333
0.131102 0.808333
0.131198 0.808333
0.131294 0.808333
0.131390 0.808333
0.131486 0.808333
0.131582 0.808333
0.131678 0.808333
0.131774 0.808333
0.131871 0.808333
0.131967 0.808333
0.132063 0.808333
0.132159 0.808333
0.132255 0.808333
0.132351 0.808333
0.132447 0.808333
0.132544 0.808333
0.132640 0.805556
0.132736 0.805556
0.132832 0.805556
0.132928 0.805556
0.133024 0.805556
0.133120 0.805556
0.133217 0.802778
0.133313 0.802778
0.133409 0.802778
0.133505 0.802778
0.133601 0.802778
0.133697 0.802778
0.133793 0.802778
0.133890 0.802778
0.133986 0.802778
0.134082 0.802778
0.134178 0.802778
0.134274 0.802778
0.134370 0.802778
0.134466 0.802778
0.134562 0.802778
0.134659 0.802778
0.134755 0.802778
0.134851 0.802778
0.134947 0.802778
0.135043 0.802778
0.135139 0.802778
0.135235 0.802778
0.135332 0.802778
0.135428 0.802778
0.135524 0.802778
0.135620 0.802778
0.135716 0.802778
0.135812 0.802778
0.135908 0.802778
0.136005 0.802778
0.136101 0.802778
0.136197 0.802778
0.136293 0.802778
0.136389 0.802778
0.136485 0.802778
0.136581 0.802778
0.136678 0.802778
0.136774 0.802778
0.136870 0.802778
0.136966 0.802778
0.137062 0.802778
0.137158 0.802778
0.137254 0.802778
0.137350 0.802778
0.137447 0.802778
0.137543 0.802778
0.137639 0.802778
0.137735 0.802778
0.137831 0.802778
0.137927 0.802778
0.138023 0.802778
0.138120 0.802778
0.138216 0.802778
0.138312 0.802778
0.138408 0.800000
0.138504 0.800000
0.138600 0.800000
0.138696 0.800000
0.138793 0.800000
0.138889 0.800000
0.138985 0.800000
0.139081 0.800000
0.139177 0.800000
0.139273 0.800000
0.139369 0.800000
0.139466 0.800000
0.139562 0.800000
0.139658 0.800000
0.139754 0.800000
0.139850 0.797222
0.139946 0.797222
0.140042 0.797222
0.140138 0.797222
0.140235 0.797222
0.140331 0.797222
0.140427 0.797222
0.140523 0.797222
0.140619 0.797222
0.140715 0.794444
0.140811 0.794444
0.140908 0.794444
0.141004 0.794444
0.141100 0.794444
0.141196 0.794444
0.141292 0.794444
0.141388 0.794444
0.141484 0.794444
0.141581 0.794444
0.141677 0.794444
0.141773 0.794444
0.141869 0.794444
0.141965 0.794444
0.142061 0.794444
0.142157 0.794444
0.142254 0.794444
0.142350 0.794444
0.142446 0.794444
0.142542 0.791667
0.142638 0.791667
0.142734 0.788889
0.142830 0.788889
0.142926 0.788889
0.143023 0.788889
0.143119 0.788889
0.143215 0.788889
0.143311 0.788889
0.143407 0.788889
0.143503 0.788889
0.143599 0.788889
0.143696 0.788889
0.143792 0.788889
0.143888 0.788889
0.143984 0.788889
0.144080 0.788889
0.144176 0.786111
0.144272 0.786111
0.144369 0.786111
0.144465 0.786111
0.144561 0.786111
0.144657 0.786111
0.144753 0.786111
0.144849 0.786111
0.144945 0.786111
0.145042 0.786111
0.145138 0.786111
0.145234 0.786111
0.145330 0.786111
0.145426 0.786111
0.145522 0.786111
0.145618 0.786111
0.145714 0.786111
0.145811 0.786111
0.145907 0.786111
0.146003 0.786111
0.146099 0.786111
0.146195 0.786111
0.146291 0.786111
0.146387 0.786111
0.146484 0.786111
0.146580 0.786111
0.146676 0.786111
0.146772 0.786111
0.146868 0.786111
0.146964 0.786111
0.147060 0.786111
0.147157 0.786111
0.147253 0.786111
0.147349 0.783333
0.147445 0.783333
0.147541 0.783333
0.147637 0.783333
0.147733 0.783333
0.147830 0.780556
0.147926 0.780556
0.148022 0.780556
0.148118 0.780556
0.148214 0.780556
0.148310 0.780556
0.148406 0.780556
0.148502 0.780556
0.148599 0.780556
0.148695 0.780556
0.148791 0.780556
0.148887 0.780556
0.148983 0.780556
0.149079 0.780556
0.149175 0.780556
0.149272 0.780556
0.149368 0.780556
0.149464 0.777778
0.149560 0.775000
0.149656 0.775000
0.149752 0.775000
0.149848 0.775000
0.149945 0.775000
0.150041 0.775000
0.150137 0.775000
0.150233 0.775000
0.150329 0.775000
0.150425 0.775000
0.150521 0.775000
0.150618 0.772222
0.150714 0.772222
0.150810 0.772222
0.150906 0.772222
0.151002 0.772222
0.151098 0.772222
0.151194 0.772222
0.151290 0.772222
0.151387 0.772222
0.151483 0.772222
0.151579 0.772222
0.151675 0.772222
0.151771 0.772222
0.151867 0.772222
0.151963 0.772222
0.152060 0.772222
0.152156 0.772222
0.152252 0.772222
0.152348 0.772222
0.152444 0.772222
0.152540 0.769444
0.152636 0.769444
0.152733 0.769444
0.152829 0.769444
0.152925 0.769444
0.153021 0.769444
0.153117 0.769444
0.153213 0.769444
0.153309 0.769444
0.153406 0.769444
0.153502 0.769444
0.153598 0.769444
0.153694 0.769444
0.153790 0.769444
0.153886 0.769444
0.153982 0.769444
0.154078 0.769444
0.154175 0.769444
0.154271 0.769444
0.154367 0.769444
0.154463 0.769444
0.154559 0.769444
0.154655 0.769444
0.154751 0.769444
0.154848 0.769444
0.154944 0.769444
0.155040 0.769444
0.155136 0.769444
0.155232 0.769444
0.155328 0.769444
0.155424 0.769444
0.155521 0.769444
0.155617 0.769444
0.155713 0.769444
0.155809 0.769444
0.155905 0.769444
0.156001 0.769444
0.156097 0.769444
0.156194 0.769444
0.156290 0.769444
0.156386 0.769444
0.156482 0.769444
0.156578 0.769444
0.156674 0.769444
0.156770 0.769444
0.156867 0.769444
0.156963 0.769444
0.157059 0.769444
0.157155 0.769444
0.157251 0.769444
0.157347 0.769444
0.157443 0.769444
0.157539 0.769444
0.157636 0.769444
0.157732 0.766667
0.157828 0.766667
0.157924 0.766667
0.158020 0.766667
0.158116 0.766667
0.158212 0.766667
0.158309 0.766667
0.158405 0.766667
0.158501 0.766667
0.158597 0.766667
0.158693 0.766667
0.158789 0.763889
0.158885 0.763889
0.158982 0.763889
0.159078 0.763889
0.159174 0.763889
0.159270 0.763889
0.159366 0.763889
0.159462 0.763889
0.159558 0.763889
0.159655 0.763889
0.159751 0.763889
0.159847 0.763889
0.159943 0.763889
0.160039 0.763889
0.160135 0.763889
0.160231 0.763889
0.160327 0.763889
0.160424 0.763889
0.160520 0.763889
0.160616 0.763889
0.160712 0.763889
0.160808 0.763889
0.160904 0.763889
0.161000 0.763889
0.161097 0.763889
0.161193 0.763889
0.161289 0.763889
0.161385 0.763889
0.161481 0.763889
0.161577 0.763889
0.161673 0.761111
0.161770 0.761111
0.161866 0.761111
0.161962 0.761111
0.162058 0.758333
0.162154 0.758333
0.162250 0.758333
0.162346 0.758333
0.162443 0.758333
0.162539 0.758333
0.162635 0.752778
0.162731 0.752778
0.162827 0.752778
0.162923 0.752778
0.163019 0.752778
0.163115 0.752778
0.163212 0.752778
0.163308 0.752778
0.163404 0.752778
0.163500 0.752778
0.163596 0.752778
0.163692 0.752778
0.163788 0.752778
0.163885 0.752778
0.163981 0.752778
0.164077 0.752778
0.164173 0.752778
0.164269 0.752778
0.164365 0.752778
0.164461 0.752778
0.164558 0.752778
0.164654 0.752778
0.164750 0.752778
0.164846 0.752778
0.164942 0.752778
0.165038 0.752778
0.165134 0.750000
0.165231 0.750000
0.165327 0.750000
0.165423 0.750000
0.165519 0.750000
0.165615 0.750000
0.165711 0.750000
0.165807 0.750000
0.165903 0.750000
0.166000 0.750000
0.166096 0.750000
0.166192 0.750000
0.166288 0.750000
0.166384 0.750000
0.166480 0.747222
0.166576 0.744444
0.166673 0.744444
0.166769 0.744444
0.166865 0.744444
0.166961 0.744444
0.167057 0.744444
0.167153 0.744444
0.167249 0.744444
0.167346 0.744444
0.167442 0.744444
0.167538 0.744444
0.167634 0.744444
0.167730 0.744444
0.167826 0.744444
0.167922 0.744444
0.168019 0.744444
0.168115 0.744444
0.168211 0.744444
0.168307 0.744444
0.168403 0.744444
0.168499 0.744444
0.168595 0.744444
0.168691 0.744444
0.168788 0.744444
0.168884 0.744444
0.168980 0.744444
0.169076 0.744444
0.169172 0.744444
0.169268 0.741667
0.169364 0.741667
0.169461 0.741667
0.169557 0.741667
0.169653 0.741667
0.169749 0.741667
0.169845 0.741667
0.169941 0.741667
0.170037 0.741667
0.170134 0.741667
0.170230 0.741667
0.170326 0.741667
0.170422 0.741667
0.170518 0.741667
0.170614 0.741667
0.170710 0.741667
0.170807 0.741667
0.170903 0.741667
0.170999 0.738889
0.171095 0.738889
0.171191 0.738889
0.171287 0.738889
0.171383 0.738889
0.171479 0.738889
0.171576 0.738889
0.171672 0.738889
0.171768 0.738889
0.171864 0.738889
0.171960 0.738889
0.172056 0.738889
0.172152 0.738889
0.172249 0.736111
0.172345 0.736111
0.172441 0.736111
0.172537 0.736111
0.172633 0.736111
0.172729 0.736111
0.172825 0.736111
0.172922 0.736111
0.173018 0.736111
0.173114 0.736111
0.173210 0.736111
0.173306 0.736111
0.173402 0.736111
0.173498 0.736111
0.173595 0.736111
0.173691 0.736111
0.173787 0.736111
0.173883 0.736111
0.173979 0.736111
0.174075 0.736111
0.174171 0.736111
0.174267 0.736111
0.174364 0.733333
0.174460 0.733333
0.174556 0.733333
0.174652 0.733333
0.174748 0.733333
0.174844 0.730556
0.174940 0.730556
0.175037 0.730556
0.175133 0.730556
0.175229 0.730556
0.175325 0.730556
0.175421 0.730556
0.175517 0.730556
0.175613 0.730556
0.175710 0.730556
0.175806 0.730556
0.175902 0.730556
0.175998 0.730556
0.176094 0.730556
0.176190 0.730556
0.176286 0.730556
0.176383 0.730556
0.176479 0.730556
0.176575 0.725000
0.176671 0.725000
0.176767 0.725000
0.176863 0.725000
0.176959 0.725000
0.177055 0.725000
0.177152 0.725000
0.177248 0.725000
0.177344 0.725000
0.177440 0.725000
0.177536 0.725000
0.177632 0.722222
0.177728 0.722222
0.177825 0.722222
0.177921 0.722222
0.178017 0.722222
0.178113 0.722222
0.178209 0.722222
0.178305 0.722222
0.178401 0.722222
0.178498 0.722222
0.178594 0.722222
0.178690 0.722222
0.178786 0.722222
0.178882 0.722222
0.178978 0.722222
0.179074 0.722222
0.179171 0.722222
0.179267 0.722222
0.179363 0.722222
0.179459 0.722222
0.179555 0.722222
0.179651 0.722222
0.179747 0.722222
0.179843 0.722222
0.179940 0.722222
0.180036 0.719444
0.180132 0.719444
0.180228 0.719444
0.180324 0.719444
0.180420 0.719444
0.180516 0.716667
0.180613 0.716667
0.180709 0.716667
0.180805 0.716667
0.180901 0.716667
0.180997 0.716667
0.181093 0.716667
0.181189 0.716667
0.181286 0.716667
0.181382 0.716667
0.181478 0.716667
0.181574 0.716667
0.181670 0.716667
0.181766 0.716667
0.181862 0.716667
0.181959 0.716667
0.182055 0.716667
0.182151 0.716667
0.182247 0.716667
0.182343 0.716667
0.182439 0.716667
0.182535 0.716667
0.182631 0.716667
0.182728 0.716667
0.182824 0.716667
0.182920 0.716667
0.183016 0.716667
0.183112 0.716667
0.183208 0.716667
0.183304 0.716667
0.183401 0.716667
0.183497 0.716667
0.183593 0.716667
0.183689 0.716667
0.183785 0.716667
0.183881 0.716667
0.183977 0.716667
0.184074 0.716667
0.184170 0.716667
0.184266 0.716667
0.184362 0.716667
0.184458 0.716667
0.184554 0.716667
0.184650 0.716667
0.184747 0.716667
0.184843 0.716667
0.184939 0.716667
0.185035 0.716667
0.185131 0.716667
0.185227 0.716667
0.185323 0.716667
0.185419 0.716667
0.185516 0.716667
0.185612 0.716667
0.185708 0.716667
0.185804 0.716667
0.185900 0.716667
0.185996 0.713889
0.186092 0.713889
0.186189 0.713889
0.186285 0.713889
0.186381 0.713889
0.186477 0.713889
0.186573 0.713889
0.186669 0.711111
0.186765 0.711111
0.186862 0.711111
0.186958 0.711111
0.187054 0.711111
0.187150 0.711111
0.187246 0.711111
0.187342 0.711111
0.187438 0.711111
0.187535 0.711111
0.187631 0.711111
0.187727 0.711111
0.187823 0.711111
0.187919 0.711111
0.188015 0.711111
0.188111 0.711111
0.188207 0.711111
0.188304 0.711111
0.188400 0.711111
0.188496 0.711111
0.188592 0.711111
0.188688 0.711111
0.188784 0.711111
0.188880 0.711111
0.188977 0.711111
0.189073 0.711111
0.189169 0.711111
0.189265 0.711111
0.189361 0.711111
0.189457 0.711111
0.189553 0.711111
0.189650 0.711111
0.189746 0.711111
0.189842 0.711111
0.189938 0.711111
0.190034 0.711111
0.190130 0.711111
0.190226 0.711111
0.190323 0.711111
0.190419 0.711111
0.190515 0.711111
0.190611 0.711111
0.190707 0.711111
0.190803 0.711111
0.190899 0.711111
0.190995 0.711111
0.191092 0.711111
0.191188 0.711111
0.191284 0.711111
0.191380 0.711111
0.191476 0.711111
0.191572 0.711111
0.191668 0.711111
0.191765 0.708333
0.191861 0.708333
0.191957 0.708333
0.192053 0.708333
0.192149 0.708333
0.192245 0.708333
0.192341 0.708333
0.192438 0.705556
0.192534 0.702778
0.192630 0.700000
0.192726 0.700000
0.192822 0.700000
0.192918 0.700000
0.193014 0.700000
0.193111 0.700000
0.193207 0.700000
0.193303 0.700000
0.193399 0.700000
0.193495 0.700000
0.193591 0.700000
0.193687 0.700000
0.193783 0.700000
0.193880 0.700000
0.193976 0.700000
0.194072 0.700000
0.194168 0.700000
0.194264 0.700000
0.194360 0.700000
0.194456 0.700000
0.194553 0.700000
0.194649 0.700000
0.194745 0.700000
0.194841 0.700000
0.194937 0.700000
0.195033 0.700000
0.195129 0.700000
0.195226 0.700000
0.195322 0.700000
0.195418 0.700000
0.195514 0.700000
0.195610 0.700000
0.195706 0.700000
0.195802 0.700000
0.195899 0.700000
0.195995 0.700000
0.196091 0.700000
0.196187 0.700000
0.196283 0.700000
0.196379 0.700000
0.196475 0.700000
0.196572 0.700000
0.196668 0.700000
0.196764 0.700000
0.196860 0.700000
0.196956 0.700000
0.197052 0.700000
0.197148 0.700000
0.197244 0.700000
0.197341 0.700000
0.197437 0.700000
0.197533 0.700000
0.197629 0.700000
0.197725 0.700000
0.197821 0.700000
0.197917 0.697222
0.198014 0.697222
0.198110 0.697222
0.198206 0.697222
0.198302 0.697222
0.198398 0.697222
0.198494 0.697222
0.198590 0.697222
0.198687 0.697222
0.198783 0.697222
0.198879 0.697222
0.198975 0.697222
0.199071 0.697222
0.199167 0.697222
0.199263 0.697222
0.199360 0.697222
0.199456 0.697222
0.199552 0.697222
0.199648 0.697222
0.199744 0.697222
0.199840 0.697222
0.199936 0.697222
0.200032 0.694444
0.200129 0.694444
0.200225 0.691667
0.200321 0.691667
0.200417 0.691667
0.200513 0.691667
0.200609 0.691667
0.200705 0.691667
0.200802 0.691667
0.200898 0.691667
0.200994 0.691667
0.201090 0.688889
0.201186 0.686111
0.201282 0.686111
0.201378 0.686111
0.201475 0.686111
0.201571 0.686111
0.201667 0.686111
0.201763 0.686111
0.201859 0.686111
0.201955 0.686111
0.202051 0.686111
0.202148 0.686111
0.202244 0.686111
0.202340 0.686111
0.202436 0.686111
0.202532 0.686111
0.202628 0.686111
0.202724 0.686111
0.202820 0.686111
0.202917 0.686111
0.203013 0.686111
0.203109 0.686111
0.203205 0.686111
0.203301 0.686111
0.203397 0.686111
0.203493 0.686111
0.203590 0.686111
0.203686 0.686111
0.203782 0.683333
0.203878 0.683333
0.203974 0.683333
0.204070 0.683333
0.204166 0.683333
0.204263 0.683333
0.204359 0.683333
0.204455 0.683333
0.204551 0.683333
0.204647 0.683333
0.204743 0.680556
0.204839 0.680556
0.204936 0.680556
0.205032 0.680556
0.205128 0.680556
0.205224 0.680556
0.205320 0.680556
0.205416 0.680556
0.205512 0.680556
0.205608 0.680556
0.205705 0.680556
0.205801 0.680556
0.205897 0.680556
0.205993 0.680556
0.206089 0.680556
0.206185 0.680556
0.206281 0.680556
0.206378 0.677778
0.206474 0.677778
0.206570 0.677778
0.206666 0.677778
0.206762 0.675000
0.206858 0.675000
0.206954 0.675000
0.207051 0.675000
0.207147 0.675000
0.207243 0.675000
0.207339 0.669444
0.207435 0.669444
0.207531 0.669444
0.207627 0.669444
0.207724 0.669444
0.207820 0.669444
0.207916 0.669444
0.208012 0.669444
0.208108 0.669444
0.208204 0.666667
0.208300 0.666667
0.208396 0.666667
0.208493 0.666667
0.208589 0.666667
0.208685 0.666667
0.208781 0.666667
0.208877 0.666667
0.208973 0.666667
0.209069 0.666667
0.209166 0.666667
0.209262 0.666667
0.209358 0.666667
0.209454 0.666667
0.209550 0.663889
0.209646 0.663889
0.209742 0.663889
0.209839 0.663889
0.209935 0.663889
0.210031 0.663889
0.210127 0.663889
0.210223 0.663889
0.210319 0.663889
0.210415 0.663889
0.210512 0.663889
0.210608 0.663889
0.210704 0.663889
0.210800 0.663889
0.210896 0.663889
0.210992 0.663889
0.211088 0.663889
0.211184 0.663889
0.211281 0.663889
0.211377 0.663889
0.211473 0.661111
0.211569 0.658333
0.211665 0.658333
0.211761 0.658333
0.211857 0.658333
0.211954 0.658333
0.212050 0.658333
0.212146 0.658333
0.212242 0.658333
0.212338 0.658333
0.212434 0.658333
0.212530 0.658333
0.212627 0.658333
0.212723 0.658333
0.212819 0.658333
0.212915 0.658333
0.213011 0.658333
0.213107 0.658333
0.213203 0.658333
0.213300 0.658333
0.213396 0.658333
0.213492 0.658333
0.213588 0.658333
0.213684 0.652778
0.213780 0.652778
0.213876 0.652778
0.213972 0.652778
0.214069 0.652778
0.214165 0.652778
0.214261 0.652778
0.214357 0.652778
0.214453 0.652778
0.214549 0.652778
0.214645 0.652778
0.214742 0.652778
0.214838 0.652778
0.214934 0.652778
0.215030 0.652778
0.215126 0.652778
0.215222 0.652778
0.215318 0.650000
0.215415 0.650000
0.215511 0.650000
0.215607 0.650000
0.215703 0.650000
0.215799 0.647222
0.215895 0.647222
0.215991 0.647222
0.216088 0.647222
0.216184 0.647222
0.216280 0.647222
0.216376 0.647222
0.216472 0.647222
0.216568 0.647222
0.216664 0.647222
0.216760 0.647222
0.216857 0.647222
0.216953 0.644444
0.217049 0.644444
0.217145 0.644444
0.217241 0.644444
0.217337 0.644444
0.217433 0.644444
0.217530 0.644444
0.217626 0.644444
0.217722 0.644444
0.217818 0.641667
0.217914 0.641667
0.218010 0.641667
0.218106 0.641667
0.218203 0.641667
0.218299 0.641667
0.218395 0.641667
0.218491 0.641667
0.218587 0.641667
0.218683 0.641667
0.218779 0.641667
0.218876 0.641667
0.218972 0.641667
0.219068 0.641667
0.219164 0.641667
0.219260 0.641667
0.219356 0.641667
0.219452 0.641667
0.219548 0.641667
0.219645 0.641667
0.219741 0.641667
0.219837 0.641667
0.219933 0.638889
0.220029 0.638889
0.220125 0.638889
0.220221 0.638889
0.220318 0.638889
0.220414 0.638889
0.220510 0.638889
0.220606 0.638889
0.220702 0.638889
0.220798 0.636111
0.220894 0.636111
0.220991 0.633333
0.221087 0.633333
0.221183 0.633333
0.221279 0.633333
0.221375 0.633333
0.221471 0.630556
0.221567 0.627778
0.221664 0.627778
0.221760 0.625000
0.221856 0.622222
0.221952 0.622222
0.222048 0.622222
0.222144 0.622222
0.222240 0.622222
0.222336 0.622222
0.222433 0.622222
0.222529 0.622222
0.222625 0.622222
0.222721 0.622222
0.222817 0.622222
0.222913 0.622222
0.223009 0.622222
0.223106 0.622222
0.223202 0.622222
0.223298 0.622222
0.223394 0.622222
0.223490 0.622222
0.223586 0.622222
0.223682 0.622222
0.223779 0.622222
0.223875 0.619444
0.223971 0.619444
0.224067 0.619444
0.224163 0.619444
0.224259 0.619444
0.224355 0.619444
0.224452 0.619444
0.224548 0.619444
0.224644 0.619444
0.224740 0.613889
0.224836 0.613889
0.224932 0.613889
0.225028 0.613889
0.225124 0.613889
0.225221 0.613889
0.225317 0.613889
0.225413 0.613889
0.225509 0.613889
0.225605 0.613889
0.225701 0.613889
0.225797 0.613889
0.225894 0.611111
0.225990 0.611111
0.226086 0.608333
0.226182 0.608333
0.226278 0.608333
0.226374 0.608333
0.226470 0.608333
0.226567 0.608333
0.226663 0.608333
0.226759 0.608333
0.226855 0.608333
0.226951 0.608333
0.227047 0.605556
0.227143 0.605556
0.227240 0.605556
0.227336 0.605556
0.227432 0.605556
0.227528 0.605556
0.227624 0.605556
0.227720 0.605556
0.227816 0.605556
0.227912 0.605556
0.228009 0.605556
0.228105 0.605556
0.228201 0.605556
0.228297 0.605556
0.228393 0.605556
0.228489 0.605556
0.228585 0.605556
0.228682 0.605556
0.228778 0.605556
0.228874 0.605556
0.228970 0.605556
0.229066 0.605556
0.229162 0.605556
0.229258 0.605556
0.229355 0.605556
0.229451 0.605556
0.229547 0.605556
0.229643 0.605556
0.229739 0.605556
0.229835 0.605556
0.229931 0.605556
0.230028 0.605556
0.230124 0.605556
0.230220 0.605556
0.230316 0.605556
0.230412 0.605556
0.230508 0.602778
0.230604 0.602778
0.230700 0.602778
0.230797 0.602778
0.230893 0.602778
0.230989 0.602778
0.231085 0.602778
0.231181 0.602778
0.231277 0.602778
0.231373 0.602778
0.231470 0.602778
0.231566 0.602778
0.231662 0.602778
0.231758 0.602778
0.231854 0.602778
0.231950 0.602778
0.232046 0.602778
0.232143 0.602778
0.232239 0.602778
0.232335 0.602778
0.232431 0.600000
0.232527 0.600000
0.232623 0.600000
0.232719 0.600000
0.232816 0.600000
0.232912 0.600000
0.233008 0.600000
0.233104 0.600000
0.233200 0.600000
0.233296 0.600000
0.233392 0.600000
0.233488 0.600000
0.233585 0.600000
0.233681 0.600000
0.233777 0.600000
0.233873 0.600000
0.233969 0.597222
0.234065 0.597222
0.234161 0.597222
0.234258 0.597222
0.234354 0.597222
0.234450 0.597222
0.234546 0.597222
0.234642 0.597222
0.234738 0.597222
0.234834 0.597222
0.234931 0.597222
0.235027 0.597222
0.235123 0.597222
0.235219 0.594444
0.235315 0.594444
0.235411 0.591667
0.235507 0.591667
0.235604 0.591667
0.235700 0.591667
0.235796 0.591667
0.235892 0.591667
0.235988 0.591667
0.236084 0.591667
0.236180 0.591667
0.236277 0.591667
0.236373 0.588889
0.236469 0.588889
0.236565 0.586111
0.236661 0.583333
0.236757 0.583333
0.236853 0.583333
0.236949 0.583333
0.237046 0.583333
0.237142 0.583333
0.237238 0.583333
0.237334 0.583333
0.237430 0.583333
0.237526 0.583333
0.237622 0.583333
0.237719 0.583333
0.237815 0.583333
0.237911 0.583333
0.238007 0.580556
0.238103 0.580556
0.238199 0.580556
0.238295 0.580556
0.238392 0.580556
0.238488 0.577778
0.238584 0.577778
0.238680 0.577778
0.238776 0.577778
0.238872 0.577778
0.238968 0.577778
0.239065 0.577778
0.239161 0.577778
0.239257 0.577778
0.239353 0.577778
0.239449 0.577778
0.239545 0.577778
0.239641 0.577778
0.239737 0.577778
0.239834 0.577778
0.239930 0.577778
0.240026 0.577778
0.240122 0.577778
0.240218 0.577778
0.240314 0.577778
0.240410 0.577778
0.240507 0.577778
0.240603 0.577778
0.240699 0.577778
0.240795 0.577778
0.240891 0.577778
0.240987 0.577778
0.241083 0.577778
0.241180 0.577778
0.241276 0.577778
0.241372 0.577778
0.241468 0.577778
0.241564 0.577778
0.241660 0.577778
0.241756 0.577778
0.241853 0.577778
0.241949 0.577778
0.242045 0.577778
0.242141 0.577778
0.242237 0.577778
0.242333 0.577778
0.242429 0.577778
0.242525 0.577778
0.242622 0.577778
0.242718 0.577778
0.242814 0.575000
0.242910 0.575000
0.243006 0.575000
0.243102 0.575000
0.243198 0.575000
0.243295 0.575000
0.243391 0.575000
0.243487 0.575000
0.243583 0.575000
0.243679 0.575000
0.243775 0.575000
0.243871 0.575000
0.243968 0.575000
0.244064 0.575000
0.244160 0.575000
0.244256 0.575000
0.244352 0.575000
0.244448 0.575000
0.244544 0.575000
0.244641 0.575000
0.244737 0.575000
0.244833 0.575000
0.244929 0.575000
0.245025 0.575000
0.245121 0.575000
0.245217 0.575000
0.245313 0.575000
0.245410 0.575000
0.245506 0.575000
0.245602 0.575000
0.245698 0.575000
0.245794 0.575000
0.245890 0.575000
0.245986 0.575000
0.246083 0.575000
0.246179 0.575000
0.246275 0.575000
0.246371 0.575000
0.246467 0.575000
0.246563 0.575000
0.246659 0.575000
0.246756 0.575000
0.246852 0.575000
0.246948 0.575000
0.247044 0.575000
0.247140 0.575000
0.247236 0.575000
0.247332 0.575000
0.247429 0.572222
0.247525 0.572222
0.247621 0.572222
0.247717 0.572222
0.247813 0.572222
0.247909 0.572222
0.248005 0.572222
0.248101 0.572222
0.248198 0.572222
0.248294 0.572222
0.248390 0.572222
0.248486 0.572222
0.248582 0.572222
0.248678 0.572222
0.248774 0.572222
0.248871 0.572222
0.248967 0.572222
0.249063 0.572222
0.249159 0.572222
0.249255 0.572222
0.249351 0.572222
0.249447 0.572222
0.249544 0.572222
0.249640 0.572222
0.249736 0.572222
0.249832 0.572222
0.249928 0.572222
0.250024 0.572222
0.250120 0.572222
0.250217 0.572222
0.250313 0.572222
0.250409 0.572222
0.250505 0.572222
0.250601 0.572222
0.250697 0.572222
0.250793 0.572222
0.250889 0.572222
0.250986 0.572222
0.251082 0.572222
0.251178 0.572222
0.251274 0.572222
0.251370 0.572222
0.251466 0.572222
0.251562 0.572222
0.251659 0.572222
0.251755 0.572222
0.251851 0.569444
0.251947 0.569444
0.252043 0.569444
0.252139 0.569444
0.252235 0.569444
0.252332 0.569444
0.252428 0.569444
0.252524 0.569444
0.252620 0.569444
0.252716 0.569444
0.252812 0.569444
0.252908 0.569444
0.253005 0.569444
0.253101 0.569444
0.253197 0.569444
0.253293 0.569444
0.253389 0.569444
0.253485 0.569444
0.253581 0.569444
0.253677 0.569444
0.253774 0.569444
0.253870 0.569444
0.253966 0.569444
0.254062 0.569444
0.254158 0.569444
0.254254 0.569444
0.254350 0.569444
0.254447 0.569444
0.254543 0.569444
0.254639 0.569444
0.254735 0.569444
0.254831 0.569444
0.254927 0.569444
0.255023 0.569444
0.255120 0.569444
0.255216 0.569444
0.255312 0.569444
0.255408 0.569444
0.255504 0.569444
0.255600 0.569444
0.255696 0.569444
0.255793 0.569444
0.255889 0.569444
0.255985 0.569444
0.256081 0.566667
0.256177 0.566667
0.256273 0.566667
0.256369 0.566667
0.256465 0.566667
0.256562 0.566667
0.256658 0.566667
0.256754 0.566667
0.256850 0.566667
0.256946 0.566667
0.257042 0.566667
0.257138 0.566667
0.257235 0.566667
0.257331 0.566667
0.257427 0.566667
0.257523 0.566667
0.257619 0.566667
0.257715 0.566667
0.257811 0.566667
0.257908 0.566667
0.258004 0.566667
0.258100 0.566667
0.258196 0.566667
0.258292 0.566667
0.258388 0.566667
0.258484 0.566667
0.258581 0.566667
0.258677 0.563889
0.258773 0.563889
0.258869 0.563889
0.258965 0.563889
0.259061 0.563889
0.259157 0.563889
0.259253 0.563889
0.259350 0.563889
0.259446 0.563889
0.259542 0.563889
0.259638 0.563889
0.259734 0.563889
0.259830 0.563889
0.259926 0.563889
0.260023 0.561111
0.260119 0.561111
0.260215 0.561111
0.260311 0.561111
0.260407 0.561111
0.260503 0.558333
0.260599 0.558333
0.260696 0.558333
0.260792 0.558333
0.260888 0.558333
0.260984 0.558333
0.261080 0.558333
0.261176 0.558333
0.261272 0.558333
0.261369 0.558333
0.261465 0.558333
0.261561 0.558333
0.261657 0.558333
0.261753 0.558333
0.261849 0.558333
0.261945 0.558333
0.262041 0.558333
0.262138 0.558333
0.262234 0.558333
0.262330 0.558333
0.262426 0.558333
0.262522 0.558333
0.262618 0.558333
0.262714 0.558333
0.262811 0.555556
0.262907 0.555556
0.263003 0.555556
0.263099 0.555556
0.263195 0.555556
0.263291 0.555556
0.263387 0.555556
0.263484 0.555556
0.263580 0.555556
0.263676 0.555556
0.263772 0.555556
0.263868 0.555556
0.263964 0.555556
0.264060 0.555556
0.264157 0.555556
0.264253 0.555556
0.264349 0.555556
0.264445 0.555556
0.264541 0.555556
0.264637 0.555556
0.264733 0.555556
0.264829 0.555556
0.264926 0.555556
0.265022 0.555556
0.265118 0.555556
0.265214 0.555556
0.265310 0.555556
0.265406 0.555556
0.265502 0.555556
0.265599 0.555556
0.265695 0.555556
0.265791 0.555556
0.265887 0.555556
0.265983 0.555556
0.266079 0.555556
0.266175 0.555556
0.266272 0.555556
0.266368 0.555556
0.266464 0.555556
0.266560 0.555556
0.266656 0.555556
0.266752 0.555556
0.266848 0.555556
0.266945 0.555556
0.267041 0.555556
0.267137 0.555556
0.267233 0.555556
0.267329 0.555556
0.267425 0.555556
0.267521 0.555556
0.267617 0.555556
0.267714 0.555556
0.267810 0.555556
0.267906 0.555556
0.268002 0.555556
0.268098 0.555556
0.268194 0.555556
0.268290 0.555556
0.268387 0.555556
0.268483 0.555556
0.268579 0.555556
0.268675 0.555556
0.268771 0.552778
0.268867 0.552778
0.268963 0.552778
0.269060 0.552778
0.269156 0.552778
0.269252 0.552778
0.269348 0.552778
0.269444 0.552778
0.269540 0.550000
0.269636 0.550000
0.269733 0.550000
0.269829 0.550000
0.269925 0.550000
0.270021 0.550000
0.270117 0.550000
0.270213 0.547222
0.270309 0.544444
0.270405 0.544444
0.270502 0.544444
0.270598 0.544444
0.270694 0.544444
0.270790 0.544444
0.270886 0.544444
0.270982 0.544444
0.271078 0.544444
0.271175 0.544444
0.271271 0.544444
0.271367 0.544444
0.271463 0.541667
0.271559 0.541667
0.271655 0.541667
0.271751 0.541667
0.271848 0.541667
0.271944 0.541667
0.272040 0.541667
0.272136 0.538889
0.272232 0.538889
0.272328 0.538889
0.272424 0.538889
0.272521 0.538889
0.272617 0.538889
0.272713 0.538889
0.272809 0.538889
0.272905 0.538889
0.273001 0.538889
0.273097 0.538889
0.273193 0.538889
0.273290 0.538889
0.273386 0.538889
0.273482 0.538889
0.273578 0.538889
0.273674 0.538889
0.273770 0.536111
0.273866 0.536111
0.273963 0.536111
0.274059 0.536111
0.274155 0.536111
0.274251 0.536111
0.274347 0.536111
0.274443 0.536111
0.274539 0.536111
0.274636 0.536111
0.274732 0.536111
0.274828 0.536111
0.274924 0.536111
0.275020 0.536111
0.275116 0.536111
0.275212 0.536111
0.275309 0.536111
0.275405 0.536111
0.275501 0.536111
0.275597 0.536111
0.275693 0.536111
0.275789 0.536111
0.275885 0.536111
0.275982 0.536111
0.276078 0.536111
0.276174 0.536111
0.276270 0.536111
0.276366 0.536111
0.276462 0.536111
0.276558 0.536111
0.276654 0.536111
0.276751 0.536111
0.276847 0.536111
0.276943 0.536111
0.277039 0.536111
0.277135 0.536111
0.277231 0.536111
0.277327 0.536111
0.277424 0.536111
0.277520 0.536111
0.277616 0.536111
0.277712 0.536111
0.277808 0.536111
0.277904 0.533333
0.278000 0.533333
0.278097 0.533333
0.278193 0.530556
0.278289 0.530556
0.278385 0.527778
0.278481 0.527778
0.278577 0.527778
0.278673 0.527778
0.278770 0.527778
0.278866 0.527778
0.278962 0.527778
0.279058 0.527778
0.279154 0.527778
0.279250 0.527778
0.279346 0.527778
0.279442 0.527778
0.279539 0.525000
0.279635 0.525000
0.279731 0.525000
0.279827 0.525000
0.279923 0.525000
0.280019 0.525000
0.280115 0.522222
0.280212 0.522222
0.280308 0.522222
0.280404 0.522222
0.280500 0.522222
0.280596 0.522222
0.280692 0.522222
0.280788 0.522222
0.280885 0.522222
0.280981 0.522222
0.281077 0.522222
0.281173 0.522222
0.281269 0.522222
0.281365 0.522222
0.281461 0.522222
0.281558 0.522222
0.281654 0.522222
0.281750 0.522222
0.281846 0.522222
0.281942 0.522222
0.282038 0.522222
0.282134 0.522222
0.282230 0.522222
0.282327 0.522222
0.282423 0.522222
0.282519 0.522222
0.282615 0.522222
0.282711 0.522222
0.282807 0.522222
0.282903 0.522222
0.283000 0.522222
0.283096 0.522222
0.283192 0.522222
0.283288 0.522222
0.283384 0.522222
0.283480 0.522222
0.283576 0.522222
0.283673 0.522222
0.283769 0.522222
0.283865 0.522222
0.283961 0.522222
0.284057 0.522222
0.284153 0.522222
0.284249 0.522222
0.284346 0.522222
0.284442 0.522222
0.284538 0.522222
0.284634 0.522222
0.284730 0.522222
0.284826 0.522222
0.284922 0.522222
0.285018 0.522222
0.285115 0.522222
0.285211 0.522222
0.285307 0.522222
0.285403 0.522222
0.285499 0.522222
0.285595 0.522222
0.285691 0.522222
0.285788 0.522222
0.285884 0.522222
0.285980 0.522222
0.286076 0.522222
0.286172 0.522222
0.286268 0.522222
0.286364 0.522222
0.286461 0.522222
0.286557 0.522222
0.286653 0.522222
0.286749 0.522222
0.286845 0.522222
0.286941 0.522222
0.287037 0.522222
0.287134 0.522222
0.287230 0.522222
0.287326 0.522222
0.287422 0.522222
0.287518 0.522222
0.287614 0.522222
0.287710 0.522222
0.287806 0.522222
0.287903 0.522222
0.287999 0.522222
0.288095 0.519444
0.288191 0.519444
0.288287 0.519444
0.288383 0.519444
0.288479 0.519444
0.288576 0.516667
0.288672 0.513889
0.288768 0.513889
0.288864 0.513889
0.288960 0.513889
0.289056 0.513889
0.289152 0.513889
0.289249 0.513889
0.289345 0.513889
0.289441 0.513889
0.289537 0.513889
0.289633 0.513889
0.289729 0.513889
0.289825 0.513889
0.289922 0.511111
0.290018 0.511111
0.290114 0.511111
0.290210 0.508333
0.290306 0.508333
0.290402 0.508333
0.290498 0.508333
0.290594 0.508333
0.290691 0.505556
0.290787 0.505556
0.290883 0.505556
0.290979 0.505556
0.291075 0.505556
0.291171 0.502778
0.291267 0.502778
0.291364 0.502778
0.291460 0.502778
0.291556 0.502778
0.291652 0.502778
0.291748 0.502778
0.291844 0.502778
0.291940 0.502778
0.292037 0.502778
0.292133 0.502778
0.292229 0.502778
0.292325 0.502778
0.292421 0.502778
0.292517 0.502778
0.292613 0.502778
0.292710 0.502778
0.292806 0.502778
0.292902 0.502778
0.292998 0.502778
0.293094 0.502778
0.293190 0.502778
0.293286 0.502778
0.293382 0.502778
0.293479 0.500000
0.293575 0.500000
0.293671 0.500000
0.293767 0.500000
0.293863 0.500000
0.293959 0.500000
0.294055 0.500000
0.294152 0.500000
0.294248 0.500000
0.294344 0.500000
0.294440 0.500000
0.294536 0.500000
0.294632 0.500000
0.294728 0.500000
0.294825 0.500000
0.294921 0.500000
0.295017 0.500000
0.295113 0.500000
0.295209 0.500000
0.295305 0.500000
0.295401 0.500000
0.295498 0.497222
0.295594 0.497222
0.295690 0.497222
0.295786 0.497222
0.295882 0.497222
0.295978 0.497222
0.296074 0.497222
0.296170 0.497222
0.296267 0.497222
0.296363 0.497222
0.296459 0.497222
0.296555 0.497222
0.296651 0.497222
0.296747 0.497222
0.296843 0.497222
0.296940 0.497222
0.297036 0.497222
0.297132 0.497222
0.297228 0.497222
0.297324 0.497222
0.297420 0.497222
0.297516 0.497222
0.297613 0.497222
0.297709 0.497222
0.297805 0.497222
0.297901 0.497222
0.297997 0.497222
0.298093 0.497222
0.298189 0.497222
0.298286 0.497222
0.298382 0.497222
0.298478 0.497222
0.298574 0.497222
0.298670 0.497222
0.298766 0.497222
0.298862 0.497222
0.298958 0.497222
0.299055 0.497222
0.299151 0.497222
0.299247 0.497222
0.299343 0.497222
0.299439 0.497222
0.299535 0.497222
0.299631 0.497222
0.299728 0.497222
0.299824 0.497222
0.299920 0.497222
0.300016 0.497222
0.300112 0.497222
0.300208 0.494444
0.300304 0.491667
0.300401 0.491667
0.300497 0.491667
0.300593 0.491667
0.300689 0.491667
0.300785 0.491667
0.300881 0.491667
0.300977 0.491667
0.301074 0.491667
0.301170 0.491667
0.301266 0.491667
0.301362 0.491667
0.301458 0.491667
0.301554 0.491667
0.301650 0.491667
0.301746 0.491667
0.301843 0.491667
0.301939 0.491667
0.302035 0.491667
0.302131 0.491667
0.302227 0.491667
0.302323 0.491667
0.302419 0.491667
0.302516 0.491667
0.302612 0.491667
0.302708 0.491667
0.302804 0.491667
0.302900 0.491667
0.302996 0.491667
0.303092 0.491667
0.303189 0.491667
0.303285 0.491667
0.303381 0.491667
0.303477 0.491667
0.303573 0.491667
0.303669 0.491667
0.303765 0.491667
0.303862 0.491667
0.303958 0.491667
0.304054 0.491667
0.304150 0.491667
0.304246 0.488889
0.304342 0.488889
0.304438 0.488889
0.304534 0.488889
0.304631 0.488889
0.304727 0.488889
0.304823 0.488889
0.304919 0.488889
0.305015 0.488889
0.305111 0.488889
0.305207 0.488889
0.305304 0.488889
0.305400 0.488889
0.305496 0.488889
0.305592 0.488889
0.305688 0.488889
0.305784 0.488889
0.305880 0.488889
0.305977 0.486111
0.306073 0.486111
0.306169 0.486111
0.306265 0.486111
0.306361 0.486111
0.306457 0.486111
0.306553 0.486111
0.306650 0.486111
0.306746 0.486111
0.306842 0.486111
0.306938 0.486111
0.307034 0.486111
0.307130 0.486111
0.307226 0.486111
0.307322 0.486111
0.307419 0.486111
0.307515 0.486111
0.307611 0.486111
0.307707 0.486111
0.307803 0.486111
0.307899 0.483333
0.307995 0.483333
0.308092 0.483333
0.308188 0.483333
0.308284 0.483333
0.308380 0.483333
0.308476 0.483333
0.308572 0.483333
0.308668 0.483333
0.308765 0.483333
0.308861 0.483333
0.308957 0.483333
0.309053 0.483333
0.309149 0.483333
0.309245 0.483333
0.309341 0.483333
0.309438 0.483333
0.309534 0.483333
0.309630 0.483333
0.309726 0.483333
0.309822 0.483333
0.309918 0.483333
0.310014 0.483333
0.310110 0.483333
0.310207 0.483333
0.310303 0.483333
0.310399 0.483333
0.310495 0.483333
0.310591 0.483333
0.310687 0.483333
0.310783 0.483333
0.310880 0.483333
0.310976 0.483333
0.311072 0.483333
0.311168 0.483333
0.311264 0.483333
0.311360 0.483333
0.311456 0.483333
0.311553 0.483333
0.311649 0.483333
0.311745 0.483333
0.311841 0.483333
0.311937 0.483333
0.312033 0.483333
0.312129 0.483333
0.312226 0.483333
0.312322 0.483333
0.312418 0.483333
0.312514 0.483333
0.312610 0.483333
0.312706 0.483333
0.312802 0.483333
0.312898 0.483333
0.312995 0.483333
0.313091 0.483333
0.313187 0.483333
0.313283 0.483333
0.313379 0.483333
0.313475 0.483333
0.313571 0.483333
0.313668 0.483333
0.313764 0.483333
0.313860 0.483333
0.313956 0.483333
0.314052 0.483333
0.314148 0.483333
0.314244 0.483333
0.314341 0.483333
0.314437 0.483333
0.314533 0.483333
0.314629 0.483333
0.314725 0.483333
0.314821 0.480556
0.314917 0.480556
0.315014 0.480556
0.315110 0.480556
0.315206 0.480556
0.315302 0.480556
0.315398 0.480556
0.315494 0.480556
0.315590 0.480556
0.315687 0.480556
0.315783 0.480556
0.315879 0.480556
0.315975 0.480556
0.316071 0.480556
0.316167 0.480556
0.316263 0.480556
0.316359 0.480556
0.316456 0.480556
0.316552 0.480556
0.316648 0.480556
0.316744 0.480556
0.316840 0.480556
0.316936 0.480556
0.317032 0.480556
0.317129 0.480556
0.317225 0.480556
0.317321 0.480556
0.317417 0.480556
0.317513 0.480556
0.317609 0.480556
0.317705 0.480556
0.317802 0.480556
0.317898 0.480556
0.317994 0.480556
0.318090 0.480556
0.318186 0.480556
0.318282 0.480556
0.318378 0.480556
0.318475 0.480556
0.318571 0.480556
0.318667 0.477778
0.318763 0.475000
0.318859 0.475000
0.318955 0.475000
0.319051 0.475000
0.319147 0.475000
0.319244 0.475000
0.319340 0.475000
0.319436 0.475000
0.319532 0.475000
0.319628 0.475000
0.319724 0.475000
0.319820 0.475000
0.319917 0.472222
0.320013 0.472222
0.320109 0.472222
0.320205 0.472222
0.320301 0.472222
0.320397 0.472222
0.320493 0.469444
0.320590 0.469444
0.320686 0.469444
0.320782 0.469444
0.320878 0.469444
0.320974 0.469444
0.321070 0.469444
0.321166 0.469444
0.321263 0.469444
0.321359 0.469444
0.321455 0.469444
0.321551 0.469444
0.321647 0.469444
0.321743 0.469444
0.321839 0.469444
0.321935 0.469444
0.322032 0.469444
0.322128 0.469444
0.322224 0.469444
0.322320 0.469444
0.322416 0.469444
0.322512 0.469444
0.322608 0.469444
0.322705 0.469444
0.322801 0.469444
0.322897 0.469444
0.322993 0.469444
0.323089 0.469444
0.323185 0.469444
0.323281 0.469444
0.323378 0.469444
0.323474 0.469444
0.323570 0.469444
0.323666 0.469444
0.323762 0.469444
0.323858 0.469444
0.323954 0.469444
0.324051 0.469444
0.324147 0.469444
0.324243 0.469444
0.324339 0.469444
0.324435 0.469444
0.324531 0.469444
0.324627 0.469444
0.324723 0.469444
0.324820 0.469444
0.324916 0.469444
0.325012 0.466667
0.325108 0.466667
0.325204 0.466667
0.325300 0.466667
0.325396 0.466667
0.325493 0.466667
0.325589 0.466667
0.325685 0.466667
0.325781 0.466667
0.325877 0.466667
0.325973 0.466667
0.326069 0.466667
0.326166 0.466667
0.326262 0.466667
0.326358 0.466667
0.326454 0.466667
0.326550 0.466667
0.326646 0.466667
0.326742 0.466667
0.326839 0.466667
0.326935 0.466667
0.327031 0.466667
0.327127 0.466667
0.327223 0.466667
0.327319 0.466667
0.327415 0.466667
0.327511 0.466667
0.327608 0.466667
0.327704 0.466667
0.327800 0.466667
0.327896 0.466667
0.327992 0.466667
0.328088 0.466667
0.328184 0.466667
0.328281 0.466667
0.328377 0.463889
0.328473 0.463889
0.328569 0.463889
0.328665 0.463889
0.328761 0.461111
0.328857 0.461111
0.328954 0.461111
0.329050 0.461111
0.329146 0.461111
0.329242 0.461111
0.329338 0.461111
0.329434 0.461111
0.329530 0.461111
0.329627 0.458333
0.329723 0.458333
0.329819 0.458333
0.329915 0.458333
0.330011 0.458333
0.330107 0.458333
0.330203 0.455556
0.330299 0.455556
0.330396 0.452778
0.330492 0.450000
0.330588 0.450000
0.330684 0.450000
0.330780 0.450000
0.330876 0.450000
0.330972 0.450000
0.331069 0.450000
0.331165 0.450000
0.331261 0.450000
0.331357 0.450000
0.331453 0.450000
0.331549 0.450000
0.331645 0.450000
0.331742 0.450000
0.331838 0.450000
0.331934 0.450000
0.332030 0.450000
0.332126 0.450000
0.332222 0.450000
0.332318 0.450000
0.332415 0.450000
0.332511 0.450000
0.332607 0.450000
0.332703 0.450000
0.332799 0.450000
0.332895 0.450000
0.332991 0.450000
0.333087 0.450000
0.333184 0.450000
0.333280 0.450000
0.333376 0.450000
0.333472 0.450000
0.333568 0.450000
0.333664 0.450000
0.333760 0.450000
0.333857 0.450000
0.333953 0.450000
0.334049 0.450000
0.334145 0.450000
0.334241 0.450000
0.334337 0.450000
0.334433 0.450000
0.334530 0.450000
0.334626 0.450000
0.334722 0.447222
0.334818 0.447222
0.334914 0.447222
0.335010 0.444444
0.335106 0.444444
0.335203 0.444444
0.335299 0.444444
0.335395 0.444444
0.335491 0.444444
0.335587 0.444444
0.335683 0.444444
0.335779 0.444444
0.335875 0.444444
0.335972 0.444444
0.336068 0.444444
0.336164 0.444444
0.336260 0.444444
0.336356 0.444444
0.336452 0.444444
0.336548 0.444444
0.336645 0.444444
0.336741 0.441667
0.336837 0.441667
0.336933 0.441667
0.337029 0.441667
0.337125 0.441667
0.337221 0.441667
0.337318 0.441667
0.337414 0.441667
0.337510 0.441667
0.337606 0.441667
0.337702 0.441667
0.337798 0.441667
0.337894 0.441667
0.337991 0.441667
0.338087 0.441667
0.338183 0.441667
0.338279 0.441667
0.338375 0.441667
0.338471 0.441667
0.338567 0.441667
0.338663 0.441667
0.338760 0.441667
0.338856 0.441667
0.338952 0.441667
0.339048 0.438889
0.339144 0.438889
0.339240 0.438889
0.339336 0.438889
0.339433 0.438889
0.339529 0.438889
0.339625 0.438889
0.339721 0.438889
0.339817 0.438889
0.339913 0.438889
0.340009 0.438889
0.340106 0.438889
0.340202 0.438889
0.340298 0.438889
0.340394 0.438889
0.340490 0.436111
0.340586 0.436111
0.340682 0.436111
0.340779 0.436111
0.340875 0.436111
0.340971 0.436111
0.341067 0.436111
0.341163 0.433333
0.341259 0.433333
0.341355 0.433333
0.341451 0.433333
0.341548 0.433333
0.341644 0.433333
0.341740 0.433333
0.341836 0.433333
0.341932 0.433333
0.342028 0.433333
0.342124 0.433333
0.342221 0.433333
0.342317 0.433333
0.342413 0.433333
0.342509 0.433333
0.342605 0.433333
0.342701 0.433333
0.342797 0.433333
0.342894 0.433333
0.342990 0.433333
0.343086 0.433333
0.343182 0.433333
0.343278 0.433333
0.343374 0.433333
0.343470 0.433333
0.343567 0.433333
0.343663 0.433333
0.343759 0.433333
0.343855 0.433333
0.343951 0.433333
0.344047 0.433333
0.344143 0.433333
0.344239 0.433333
0.344336 0.433333
0.344432 0.433333
0.344528 0.433333
0.344624 0.433333
0.344720 0.433333
0.344816 0.433333
0.344912 0.433333
0.345009 0.433333
0.345105 0.433333
0.345201 0.433333
0.345297 0.433333
0.345393 0.433333
0.345489 0.433333
0.345585 0.433333
0.345682 0.433333
0.345778 0.433333
0.345874 0.433333
0.345970 0.433333
0.346066 0.433333
0.346162 0.433333
0.346258 0.433333
0.346355 0.433333
0.346451 0.433333
0.346547 0.433333
0.346643 0.433333
0.346739 0.433333
0.346835 0.433333
0.346931 0.433333
0.347027 0.433333
0.347124 0.433333
0.347220 0.433333
0.347316 0.433333
0.347412 0.433333
0.347508 0.433333
0.347604 0.433333
0.347700 0.430556
0.347797 0.430556
0.347893 0.430556
0.347989 0.430556
0.348085 0.430556
0.348181 0.430556
0.348277 0.430556
0.348373 0.430556
0.348470 0.430556
0.348566 0.430556
0.348662 0.430556
0.348758 0.430556
0.348854 0.430556
0.348950 0.430556
0.349046 0.430556
0.349143 0.427778
0.349239 0.427778
0.349335 0.427778
0.349431 0.427778
0.349527 0.427778
0.349623 0.427778
0.349719 0.425000
0.349815 0.425000
0.349912 0.425000
0.350008 0.425000
0.350104 0.425000
0.350200 0.425000
0.350296 0.425000
0.350392 0.425000
0.350488 0.425000
0.350585 0.425000
0.350681 0.425000
0.350777 0.425000
0.350873 0.425000
0.350969 0.425000
0.351065 0.425000
0.351161 0.425000
0.351258 0.425000
0.351354 0.425000
0.351450 0.425000
0.351546 0.425000
0.351642 0.425000
0.351738 0.425000
0.351834 0.425000
0.351931 0.425000
0.352027 0.425000
0.352123 0.425000
0.352219 0.425000
0.352315 0.425000
0.352411 0.425000
0.352507 0.425000
0.352603 0.425000
0.352700 0.425000
0.352796 0.422222
0.352892 0.422222
0.352988 0.422222
0.353084 0.422222
0.353180 0.422222
0.353276 0.422222
0.353373 0.422222
0.353469 0.422222
0.353565 0.422222
0.353661 0.422222
0.353757 0.422222
0.353853 0.422222
0.353949 0.422222
0.354046 0.422222
0.354142 0.422222
0.354238 0.422222
0.354334 0.422222
0.354430 0.422222
0.354526 0.422222
0.354622 0.422222
0.354719 0.419444
0.354815 0.419444
0.354911 0.419444
0.355007 0.419444
0.355103 0.419444
0.355199 0.419444
0.355295 0.419444
0.355392 0.419444
0.355488 0.419444
0.355584 0.419444
0.355680 0.416667
0.355776 0.416667
0.355872 0.416667
0.355968 0.416667
0.356064 0.416667
0.356161 0.416667
0.356257 0.413889
0.356353 0.411111
0.356449 0.411111
0.356545 0.411111
0.356641 0.411111
0.356737 0.411111
0.356834 0.411111
0.356930 0.411111
0.357026 0.411111
0.357122 0.411111
0.357218 0.408333
0.357314 0.408333
0.357410 0.408333
0.357507 0.408333
0.357603 0.408333
0.357699 0.408333
0.357795 0.408333
0.357891 0.408333
0.357987 0.408333
0.358083 0.408333
0.358180 0.408333
0.358276 0.408333
0.358372 0.408333
0.358468 0.408333
0.358564 0.408333
0.358660 0.408333
0.358756 0.408333
0.358852 0.408333
0.358949 0.408333
0.359045 0.408333
0.359141 0.408333
0.359237 0.408333
0.359333 0.408333
0.359429 0.408333
0.359525 0.408333
0.359622 0.408333
0.359718 0.408333
0.359814 0.408333
0.359910 0.408333
0.360006 0.408333
0.360102 0.408333
0.360198 0.408333
0.360295 0.408333
0.360391 0.408333
0.360487 0.408333
0.360583 0.408333
0.360679 0.408333
0.360775 0.408333
0.360871 0.408333
0.360968 0.408333
0.361064 0.408333
0.361160 0.408333
0.361256 0.405556
0.361352 0.405556
0.361448 0.405556
0.361544 0.405556
0.361640 0.405556
0.361737 0.405556
0.361833 0.405556
0.361929 0.405556
0.362025 0.405556
0.362121 0.402778
0.362217 0.402778
0.362313 0.402778
0.362410 0.402778
0.362506 0.402778
0.362602 0.402778
0.362698 0.402778
0.362794 0.402778
0.362890 0.402778
0.362986 0.402778
0.363083 0.402778
0.363179 0.402778
0.363275 0.402778
0.363371 0.402778
0.363467 0.402778
0.363563 0.400000
0.363659 0.400000
0.363756 0.400000
0.363852 0.400000
0.363948 0.400000
0.364044 0.400000
0.364140 0.400000
0.364236 0.400000
0.364332 0.400000
0.364428 0.400000
0.364525 0.400000
0.364621 0.400000
0.364717 0.400000
0.364813 0.400000
0.364909 0.400000
0.365005 0.400000
0.365101 0.400000
0.365198 0.400000
0.365294 0.400000
0.365390 0.400000
0.365486 0.400000
0.365582 0.400000
0.365678 0.400000
0.365774 0.400000
0.365871 0.400000
0.365967 0.397222
0.366063 0.397222
0.366159 0.397222
0.366255 0.397222
0.366351 0.397222
0.366447 0.397222
0.366544 0.397222
0.366640 0.397222
0.366736 0.397222
0.366832 0.397222
0.366928 0.397222
0.367024 0.397222
0.367120 0.397222
0.367216 0.397222
0.367313 0.397222
0.367409 0.397222
0.367505 0.397222
0.367601 0.397222
0.367697 0.397222
0.367793 0.397222
0.367889 0.397222
0.367986 0.397222
0.368082 0.397222
0.368178 0.397222
0.368274 0.397222
0.368370 0.397222
0.368466 0.397222
0.368562 0.397222
0.368659 0.397222
0.368755 0.397222
0.368851 0.397222
0.368947 0.397222
0.369043 0.397222
0.369139 0.397222
0.369235 0.397222
0.369332 0.397222
0.369428 0.397222
0.369524 0.397222
0.369620 0.397222
0.369716 0.397222
0.369812 0.397222
0.369908 0.397222
0.370004 0.397222
0.370101 0.397222
0.370197 0.397222
0.370293 0.397222
0.370389 0.397222
0.370485 0.397222
0.370581 0.397222
0.370677 0.397222
0.370774 0.397222
0.370870 0.397222
0.370966 0.397222
0.371062 0.397222
0.371158 0.397222
0.371254 0.397222
0.371350 0.397222
0.371447 0.397222
0.371543 0.397222
0.371639 0.397222
0.371735 0.397222
0.371831 0.397222
0.371927 0.397222
0.372023 0.397222
0.372120 0.397222
0.372216 0.397222
0.372312 0.397222
0.372408 0.397222
0.372504 0.397222
0.372600 0.397222
0.372696 0.397222
0.372792 0.394444
0.372889 0.394444
0.372985 0.394444
0.373081 0.394444
0.373177 0.394444
0.373273 0.394444
0.373369 0.394444
0.373465 0.394444
0.373562 0.394444
0.373658 0.394444
0.373754 0.391667
0.373850 0.391667
0.373946 0.391667
0.374042 0.391667
0.374138 0.391667
0.374235 0.391667
0.374331 0.391667
0.374427 0.391667
0.374523 0.391667
0.374619 0.391667
0.374715 0.391667
0.374811 0.391667
0.374908 0.391667
0.375004 0.391667
0.375100 0.391667
0.375196 0.391667
0.375292 0.391667
0.375388 0.391667
0.375484 0.391667
0.375580 0.391667
0.375677 0.391667
0.375773 0.391667
0.375869 0.391667
0.375965 0.391667
0.376061 0.391667
0.376157 0.391667
0.376253 0.391667
0.376350 0.391667
0.376446 0.388889
0.376542 0.388889
0.376638 0.388889
0.376734 0.386111
0.376830 0.386111
0.376926 0.386111
0.377023 0.386111
0.377119 0.386111
0.377215 0.386111
0.377311 0.386111
0.377407 0.386111
0.377503 0.386111
0.377599 0.386111
0.377696 0.386111
0.377792 0.386111
0.377888 0.386111
0.377984 0.386111
0.378080 0.386111
0.378176 0.386111
0.378272 0.386111
0.378368 0.386111
0.378465 0.386111
0.378561 0.386111
0.378657 0.386111
0.378753 0.386111
0.378849 0.383333
0.378945 0.383333
0.379041 0.383333
0.379138 0.383333
0.379234 0.383333
0.379330 0.380556
0.379426 0.380556
0.379522 0.380556
0.379618 0.380556
0.379714 0.380556
0.379811 0.380556
0.379907 0.380556
0.380003 0.380556
0.380099 0.380556
0.380195 0.380556
0.380291 0.380556
0.380387 0.380556
0.380484 0.380556
0.380580 0.380556
0.380676 0.380556
0.380772 0.380556
0.380868 0.380556
0.380964 0.380556
0.381060 0.380556
0.381156 0.380556
0.381253 0.380556
0.381349 0.380556
0.381445 0.380556
0.381541 0.380556
0.381637 0.380556
0.381733 0.380556
0.381829 0.377778
0.381926 0.377778
0.382022 0.377778
0.382118 0.377778
0.382214 0.377778
0.382310 0.377778
0.382406 0.377778
0.382502 0.377778
0.382599 0.377778
0.382695 0.377778
0.382791 0.377778
0.382887 0.377778
0.382983 0.377778
0.383079 0.377778
0.383175 0.377778
0.383272 0.377778
0.383368 0.377778
0.383464 0.377778
0.383560 0.377778
0.383656 0.377778
0.383752 0.377778
0.383848 0.377778
0.383944 0.377778
0.384041 0.377778
0.384137 0.377778
0.384233 0.377778
0.384329 0.377778
0.384425 0.377778
0.384521 0.377778
0.384617 0.377778
0.384714 0.377778
0.384810 0.377778
0.384906 0.377778
0.385002 0.377778
0.385098 0.377778
0.385194 0.377778
0.385290 0.377778
0.385387 0.377778
0.385483 0.377778
0.385579 0.377778
0.385675 0.377778
0.385771 0.377778
0.385867 0.377778
0.385963 0.377778
0.386060 0.377778
0.386156 0.377778
0.386252 0.377778
0.386348 0.377778
0.386444 0.377778
0.386540 0.377778
0.386636 0.377778
0.386732 0.377778
0.386829 0.375000
0.386925 0.375000
0.387021 0.375000
0.387117 0.375000
0.387213 0.375000
0.387309 0.375000
0.387405 0.375000
0.387502 0.375000
0.387598 0.375000
0.387694 0.375000
0.387790 0.375000
0.387886 0.375000
0.387982 0.375000
0.388078 0.375000
0.388175 0.375000
0.388271 0.375000
0.388367 0.375000
0.388463 0.375000
0.388559 0.375000
0.388655 0.375000
0.388751 0.375000
0.388848 0.372222
0.388944 0.372222
0.389040 0.372222
0.389136 0.372222
0.389232 0.372222
0.389328 0.372222
0.389424 0.372222
0.389520 0.372222
0.389617 0.369444
0.389713 0.369444
0.389809 0.369444
0.389905 0.369444
0.390001 0.369444
0.390097 0.369444
0.390193 0.369444
0.390290 0.369444
0.390386 0.369444
0.390482 0.369444
0.390578 0.369444
0.390674 0.369444
0.390770 0.369444
0.390866 0.369444
0.390963 0.369444
0.391059 0.369444
0.391155 0.369444
0.391251 0.369444
0.391347 0.369444
0.391443 0.369444
0.391539 0.369444
0.391636 0.369444
0.391732 0.366667
0.391828 0.366667
0.391924 0.366667
0.392020 0.366667
0.392116 0.366667
0.392212 0.366667
0.392308 0.366667
0.392405 0.366667
0.392501 0.366667
0.392597 0.366667
0.392693 0.366667
0.392789 0.366667
0.392885 0.366667
0.392981 0.366667
0.393078 0.366667
0.393174 0.366667
0.393270 0.366667
0.393366 0.366667
0.393462 0.366667
0.393558 0.366667
0.393654 0.363889
0.393751 0.363889
0.393847 0.363889
0.393943 0.363889
0.394039 0.363889
0.394135 0.363889
0.394231 0.363889
0.394327 0.363889
0.394424 0.363889
0.394520 0.363889
0.394616 0.363889
0.394712 0.363889
0.394808 0.363889
0.394904 0.363889
0.395000 0.363889
0.395097 0.363889
0.395193 0.363889
0.395289 0.363889
0.395385 0.363889
0.395481 0.363889
0.395577 0.361111
0.395673 0.361111
0.395769 0.361111
0.395866 0.361111
0.395962 0.361111
0.396058 0.361111
0.396154 0.361111
0.396250 0.361111
0.396346 0.361111
0.396442 0.361111
0.396539 0.361111
0.396635 0.358333
0.396731 0.358333
0.396827 0.358333
0.396923 0.358333
0.397019 0.358333
0.397115 0.358333
0.397212 0.358333
0.397308 0.358333
0.397404 0.358333
0.397500 0.358333
0.397596 0.355556
0.397692 0.355556
0.397788 0.355556
0.397885 0.355556
0.397981 0.352778
0.398077 0.352778
0.398173 0.352778
0.398269 0.352778
0.398365 0.352778
0.398461 0.352778
0.398557 0.352778
0.398654 0.352778
0.398750 0.352778
0.398846 0.352778
0.398942 0.352778
0.399038 0.352778
0.399134 0.352778
0.399230 0.352778
0.399327 0.352778
0.399423 0.352778
0.399519 0.352778
0.399615 0.352778
0.399711 0.352778
0.399807 0.352778
0.399903 0.352778
0.400000 0.352778
0.400096 0.352778
0.400192 0.352778
0.400288 0.352778
0.400384 0.352778
0.400480 0.350000
0.400576 0.350000
0.400673 0.350000
0.400769 0.350000
0.400865 0.350000
0.400961 0.350000
0.401057 0.350000
0.401153 0.350000
0.401249 0.350000
0.401345 0.350000
0.401442 0.350000
0.401538 0.350000
0.401634 0.350000
0.401730 0.350000
0.401826 0.350000
0.401922 0.350000
0.402018 0.350000
0.402115 0.350000
0.402211 0.350000
0.402307 0.350000
0.402403 0.350000
0.402499 0.350000
0.402595 0.350000
0.402691 0.350000
0.402788 0.350000
0.402884 0.350000
0.402980 0.350000
0.403076 0.350000
0.403172 0.350000
0.403268 0.350000
0.403364 0.350000
0.403461 0.350000
0.403557 0.350000
0.403653 0.347222
0.403749 0.347222
0.403845 0.347222
0.403941 0.347222
0.404037 0.347222
0.404133 0.347222
0.404230 0.347222
0.404326 0.347222
0.404422 0.347222
0.404518 0.347222
0.404614 0.347222
0.404710 0.347222
0.404806 0.347222
0.404903 0.347222
0.404999 0.347222
0.405095 0.347222
0.405191 0.347222
0.405287 0.347222
0.405383 0.347222
0.405479 0.347222
0.405576 0.347222
0.405672 0.347222
0.405768 0.347222
0.405864 0.347222
0.405960 0.347222
0.406056 0.347222
0.406152 0.347222
0.406249 0.347222
0.406345 0.347222
0.406441 0.347222
0.406537 0.347222
0.406633 0.347222
0.406729 0.347222
0.406825 0.347222
0.406921 0.347222
0.407018 0.347222
0.407114 0.347222
0.407210 0.347222
0.407306 0.347222
0.407402 0.347222
0.407498 0.347222
0.407594 0.347222
0.407691 0.347222
0.407787 0.344444
0.407883 0.344444
0.407979 0.344444
0.408075 0.344444
0.408171 0.341667
0.408267 0.338889
0.408364 0.338889
0.408460 0.338889
0.408556 0.338889
0.408652 0.338889
0.408748 0.338889
0.408844 0.338889
0.408940 0.338889
0.409037 0.338889
0.409133 0.338889
0.409229 0.338889
0.409325 0.338889
0.409421 0.338889
0.409517 0.338889
0.409613 0.338889
0.409709 0.338889
0.409806 0.338889
0.409902 0.338889
0.409998 0.338889
0.410094 0.338889
0.410190 0.338889
0.410286 0.338889
0.410382 0.338889
0.410479 0.338889
0.410575 0.338889
0.410671 0.338889
0.410767 0.338889
0.410863 0.338889
0.410959 0.338889
0.411055 0.338889
0.411152 0.338889
0.411248 0.338889
0.411344 0.338889
0.411440 0.338889
0.411536 0.338889
0.411632 0.338889
0.411728 0.338889
0.411825 0.338889
0.411921 0.338889
0.412017 0.338889
0.412113 0.338889
0.412209 0.338889
0.412305 0.338889
0.412401 0.338889
0.412497 0.338889
0.412594 0.338889
0.412690 0.338889
0.412786 0.338889
0.412882 0.338889
0.412978 0.338889
0.413074 0.338889
0.413170 0.338889
0.413267 0.336111
0.413363 0.336111
0.413459 0.336111
0.413555 0.336111
0.413651 0.333333
0.413747 0.333333
0.413843 0.333333
0.413940 0.333333
0.414036 0.333333
0.414132 0.333333
0.414228 0.333333
0.414324 0.333333
0.414420 0.333333
0.414516 0.333333
0.414613 0.333333
0.414709 0.333333
0.414805 0.333333
0.414901 0.333333
0.414997 0.333333
0.415093 0.333333
0.415189 0.333333
0.415285 0.333333
0.415382 0.333333
0.415478 0.333333
0.415574 0.333333
0.415670 0.333333
0.415766 0.333333
0.415862 0.333333
0.415958 0.333333
0.416055 0.333333
0.416151 0.333333
0.416247 0.333333
0.416343 0.333333
0.416439 0.333333
0.416535 0.333333
0.416631 0.333333
0.416728 0.333333
0.416824 0.333333
0.416920 0.333333
0.417016 0.333333
0.417112 0.333333
0.417208 0.333333
0.417304 0.333333
0.417401 0.333333
0.417497 0.333333
0.417593 0.333333
0.417689 0.333333
0.417785 0.333333
0.417881 0.333333
0.417977 0.333333
0.418073 0.333333
0.418170 0.333333
0.418266 0.333333
0.418362 0.333333
0.418458 0.333333
0.418554 0.333333
0.418650 0.333333
0.418746 0.333333
0.418843 0.333333
0.418939 0.333333
0.419035 0.330556
0.419131 0.330556
0.419227 0.330556
0.419323 0.330556
0.419419 0.330556
0.419516 0.330556
0.419612 0.330556
0.419708 0.330556
0.419804 0.330556
0.419900 0.330556
0.419996 0.330556
0.420092 0.330556
0.420189 0.330556
0.420285 0.330556
0.420381 0.327778
0.420477 0.327778
0.420573 0.327778
0.420669 0.327778
0.420765 0.327778
0.420861 0.327778
0.420958 0.327778
0.421054 0.327778
0.421150 0.327778
0.421246 0.327778
0.421342 0.327778
0.421438 0.327778
0.421534 0.327778
0.421631 0.327778
0.421727 0.327778
0.421823 0.327778
0.421919 0.327778
0.422015 0.327778
0.422111 0.327778
0.422207 0.327778
0.422304 0.327778
0.422400 0.327778
0.422496 0.327778
0.422592 0.327778
0.422688 0.327778
0.422784 0.327778
0.422880 0.327778
0.422977 0.327778
0.423073 0.327778
0.423169 0.325000
0.423265 0.325000
0.423361 0.325000
0.423457 0.325000
0.423553 0.325000
0.423649 0.325000
0.423746 0.325000
0.423842 0.325000
0.423938 0.325000
0.424034 0.325000
0.424130 0.325000
0.424226 0.325000
0.424322 0.325000
0.424419 0.325000
0.424515 0.325000
0.424611 0.325000
0.424707 0.325000
0.424803 0.325000
0.424899 0.325000
0.424995 0.325000
0.425092 0.325000
0.425188 0.325000
0.425284 0.325000
0.425380 0.325000
0.425476 0.325000
0.425572 0.325000
0.425668 0.325000
0.425765 0.325000
0.425861 0.325000
0.425957 0.325000
0.426053 0.325000
0.426149 0.325000
0.426245 0.325000
0.426341 0.325000
0.426437 0.325000
0.426534 0.325000
0.426630 0.325000
0.426726 0.325000
0.426822 0.325000
0.426918 0.325000
0.427014 0.325000
0.427110 0.325000
0.427207 0.322222
0.427303 0.322222
0.427399 0.322222
0.427495 0.319444
0.427591 0.319444
0.427687 0.319444
0.427783 0.319444
0.427880 0.319444
0.427976 0.319444
0.428072 0.319444
0.428168 0.319444
0.428264 0.319444
0.428360 0.319444
0.428456 0.319444
0.428553 0.319444
0.428649 0.319444
0.428745 0.319444
0.428841 0.319444
0.428937 0.319444
0.429033 0.319444
0.429129 0.319444
0.429225 0.319444
0.429322 0.319444
0.429418 0.319444
0.429514 0.319444
0.429610 0.319444
0.429706 0.319444
0.429802 0.319444
0.429898 0.319444
0.429995 0.319444
0.430091 0.319444
0.430187 0.319444
0.430283 0.319444
0.430379 0.319444
0.430475 0.319444
0.430571 0.319444
0.430668 0.319444
0.430764 0.319444
0.430860 0.319444
0.430956 0.319444
0.431052 0.319444
0.431148 0.319444
0.431244 0.319444
0.431341 0.319444
0.431437 0.319444
0.431533 0.319444
0.431629 0.319444
0.431725 0.316667
0.431821 0.316667
0.431917 0.316667
0.432013 0.316667
0.432110 0.316667
0.432206 0.316667
0.432302 0.316667
0.432398 0.316667
0.432494 0.316667
0.432590 0.316667
0.432686 0.316667
0.432783 0.313889
0.432879 0.313889
0.432975 0.313889
0.433071 0.313889
0.433167 0.313889
0.433263 0.313889
0.433359 0.313889
0.433456 0.313889
0.433552 0.313889
0.433648 0.313889
0.433744 0.313889
0.433840 0.313889
0.433936 0.311111
0.434032 0.311111
0.434129 0.311111
0.434225 0.311111
0.434321 0.311111
0.434417 0.311111
0.434513 0.311111
0.434609 0.311111
0.434705 0.311111
0.434802 0.311111
0.434898 0.311111
0.434994 0.311111
0.435090 0.311111
0.435186 0.311111
0.435282 0.311111
0.435378 0.311111
0.435474 0.311111
0.435571 0.311111
0.435667 0.311111
0.435763 0.311111
0.435859 0.311111
0.435955 0.311111
0.436051 0.311111
0.436147 0.311111
0.436244 0.311111
0.436340 0.311111
0.436436 0.311111
0.436532 0.311111
0.436628 0.311111
0.436724 0.311111
0.436820 0.311111
0.436917 0.311111
0.437013 0.311111
0.437109 0.311111
0.437205 0.311111
0.437301 0.311111
0.437397 0.311111
0.437493 0.311111
0.437590 0.311111
0.437686 0.311111
0.437782 0.311111
0.437878 0.311111
0.437974 0.311111
0.438070 0.311111
0.438166 0.311111
0.438262 0.311111
0.438359 0.311111
0.438455 0.311111
0.438551 0.311111
0.438647 0.311111
0.438743 0.311111
0.438839 0.308333
0.438935 0.308333
0.439032 0.308333
0.439128 0.308333
0.439224 0.308333
0.439320 0.308333
0.439416 0.308333
0.439512 0.308333
0.439608 0.308333
0.439705 0.308333
0.439801 0.308333
0.439897 0.308333
0.439993 0.308333
0.440089 0.308333
0.440185 0.308333
0.440281 0.308333
0.440378 0.308333
0.440474 0.308333
0.440570 0.308333
0.440666 0.308333
0.440762 0.305556
0.440858 0.305556
0.440954 0.305556
0.441050 0.305556
0.441147 0.305556
0.441243 0.305556
0.441339 0.305556
0.441435 0.305556
0.441531 0.305556
0.441627 0.305556
0.441723 0.305556
0.441820 0.305556
0.441916 0.305556
0.442012 0.305556
0.442108 0.305556
0.442204 0.305556
0.442300 0.305556
0.442396 0.305556
0.442493 0.305556
0.442589 0.305556
0.442685 0.305556
0.442781 0.305556
0.442877 0.305556
0.442973 0.305556
0.443069 0.305556
0.443166 0.305556
0.443262 0.305556
0.443358 0.305556
0.443454 0.305556
0.443550 0.305556
0.443646 0.305556
0.443742 0.305556
0.443838 0.305556
0.443935 0.305556
0.444031 0.305556
0.444127 0.305556
0.444223 0.305556
0.444319 0.305556
0.444415 0.305556
0.444511 0.305556
0.444608 0.305556
0.444704 0.305556
0.444800 0.305556
0.444896 0.305556
0.444992 0.305556
0.445088 0.305556
0.445184 0.305556
0.445281 0.305556
0.445377 0.305556
0.445473 0.305556
0.445569 0.305556
0.445665 0.305556
0.445761 0.305556
0.445857 0.305556
0.445954 0.305556
0.446050 0.305556
0.446146 0.305556
0.446242 0.305556
0.446338 0.305556
0.446434 0.305556
0.446530 0.305556
0.446626 0.305556
0.446723 0.305556
0.446819 0.305556
0.446915 0.305556
0.447011 0.305556
0.447107 0.305556
0.447203 0.305556
0.447299 0.305556
0.447396 0.305556
0.447492 0.305556
0.447588 0.305556
0.447684 0.305556
0.447780 0.305556
0.447876 0.305556
0.447972 0.305556
0.448069 0.305556
0.448165 0.305556
0.448261 0.305556
0.448357 0.305556
0.448453 0.305556
0.448549 0.305556
0.448645 0.302778
0.448742 0.302778
0.448838 0.302778
0.448934 0.302778
0.449030 0.302778
0.449126 0.302778
0.449222 0.302778
0.449318 0.302778
0.449414 0.302778
0.449511 0.302778
0.449607 0.302778
0.449703 0.302778
0.449799 0.300000
0.449895 0.300000
0.449991 0.300000
0.450087 0.300000
0.450184 0.300000
0.450280 0.300000
0.450376 0.300000
0.450472 0.300000
0.450568 0.300000
0.450664 0.300000
0.450760 0.300000
0.450857 0.297222
0.450953 0.297222
0.451049 0.297222
0.451145 0.297222
0.451241 0.294444
0.451337 0.294444
0.451433 0.294444
0.451530 0.294444
0.451626 0.294444
0.451722 0.294444
0.451818 0.294444
0.451914 0.294444
0.452010 0.294444
0.452106 0.294444
0.452202 0.294444
0.452299 0.291667
0.452395 0.291667
0.452491 0.291667
0.452587 0.291667
0.452683 0.291667
0.452779 0.291667
0.452875 0.291667
0.452972 0.291667
0.453068 0.291667
0.453164 0.291667
0.453260 0.291667
0.453356 0.288889
0.453452 0.288889
0.453548 0.288889
0.453645 0.288889
0.453741 0.288889
0.453837 0.288889
0.453933 0.286111
0.454029 0.286111
0.454125 0.286111
0.454221 0.286111
0.454318 0.286111
0.454414 0.286111
0.454510 0.286111
0.454606 0.286111
0.454702 0.286111
0.454798 0.286111
0.454894 0.286111
0.454990 0.286111
0.455087 0.286111
0.455183 0.286111
0.455279 0.286111
0.455375 0.286111
0.455471 0.286111
0.455567 0.286111
0.455663 0.286111
0.455760 0.286111
0.455856 0.286111
0.455952 0.286111
0.456048 0.286111
0.456144 0.286111
0.456240 0.286111
0.456336 0.280556
0.456433 0.280556
0.456529 0.280556
0.456625 0.280556
0.456721 0.280556
0.456817 0.280556
0.456913 0.280556
0.457009 0.280556
0.457106 0.280556
0.457202 0.280556
0.457298 0.280556
0.457394 0.280556
0.457490 0.280556
0.457586 0.280556
0.457682 0.280556
0.457778 0.280556
0.457875 0.280556
0.457971 0.280556
0.458067 0.280556
0.458163 0.280556
0.458259 0.280556
0.458355 0.280556
0.458451 0.280556
0.458548 0.280556
0.458644 0.280556
0.458740 0.280556
0.458836 0.280556
0.458932 0.280556
0.459028 0.280556
0.459124 0.280556
0.459221 0.280556
0.459317 0.280556
0.459413 0.277778
0.459509 0.277778
0.459605 0.277778
0.459701 0.277778
0.459797 0.277778
0.459894 0.277778
0.459990 0.277778
0.460086 0.277778
0.460182 0.277778
0.460278 0.277778
0.460374 0.277778
0.460470 0.277778
0.460566 0.275000
0.460663 0.275000
0.460759 0.275000
0.460855 0.275000
0.460951 0.275000
0.461047 0.275000
0.461143 0.275000
0.461239 0.275000
0.461336 0.275000
0.461432 0.275000
0.461528 0.275000
0.461624 0.275000
0.461720 0.275000
0.461816 0.275000
0.461912 0.275000
0.462009 0.275000
0.462105 0.275000
0.462201 0.275000
0.462297 0.275000
0.462393 0.275000
0.462489 0.275000
0.462585 0.275000
0.462682 0.275000
0.462778 0.275000
0.462874 0.275000
0.462970 0.275000
0.463066 0.275000
0.463162 0.275000
0.463258 0.275000
0.463354 0.275000
0.463451 0.275000
0.463547 0.275000
0.463643 0.275000
0.463739 0.272222
0.463835 0.272222
0.463931 0.272222
0.464027 0.272222
0.464124 0.272222
0.464220 0.272222
0.464316 0.272222
0.464412 0.272222
0.464508 0.272222
0.464604 0.272222
0.464700 0.272222
0.464797 0.272222
0.464893 0.272222
0.464989 0.272222
0.465085 0.272222
0.465181 0.272222
0.465277 0.272222
0.465373 0.272222
0.465470 0.272222
0.465566 0.272222
0.465662 0.272222
0.465758 0.272222
0.465854 0.272222
0.465950 0.272222
0.466046 0.272222
0.466142 0.272222
0.466239 0.272222
0.466335 0.272222
0.466431 0.272222
0.466527 0.272222
0.466623 0.272222
0.466719 0.272222
0.466815 0.272222
0.466912 0.272222
0.467008 0.272222
0.467104 0.272222
0.467200 0.272222
0.467296 0.272222
0.467392 0.272222
0.467488 0.272222
0.467585 0.272222
0.467681 0.272222
0.467777 0.272222
0.467873 0.272222
0.467969 0.269444
0.468065 0.269444
0.468161 0.269444
0.468258 0.269444
0.468354 0.269444
0.468450 0.269444
0.468546 0.266667
0.468642 0.266667
0.468738 0.266667
0.468834 0.266667
0.468930 0.266667
0.469027 0.266667
0.469123 0.266667
0.469219 0.266667
0.469315 0.266667
0.469411 0.266667
0.469507 0.266667
0.469603 0.266667
0.469700 0.266667
0.469796 0.266667
0.469892 0.266667
0.469988 0.266667
0.470084 0.266667
0.470180 0.266667
0.470276 0.266667
0.470373 0.266667
0.470469 0.266667
0.470565 0.266667
0.470661 0.266667
0.470757 0.266667
0.470853 0.266667
0.470949 0.266667
0.471046 0.266667
0.471142 0.266667
0.471238 0.266667
0.471334 0.266667
0.471430 0.266667
0.471526 0.266667
0.471622 0.266667
0.471718 0.266667
0.471815 0.266667
0.471911 0.266667
0.472007 0.266667
0.472103 0.266667
0.472199 0.266667
0.472295 0.266667
0.472391 0.266667
0.472488 0.266667
0.472584 0.263889
0.472680 0.263889
0.472776 0.263889
0.472872 0.263889
0.472968 0.263889
0.473064 0.263889
0.473161 0.263889
0.473257 0.263889
0.473353 0.263889
0.473449 0.263889
0.473545 0.263889
0.473641 0.263889
0.473737 0.263889
0.473834 0.263889
0.473930 0.263889
0.474026 0.263889
0.474122 0.263889
0.474218 0.263889
0.474314 0.263889
0.474410 0.263889
0.474507 0.263889
0.474603 0.263889
0.474699 0.263889
0.474795 0.263889
0.474891 0.263889
0.474987 0.263889
0.475083 0.263889
0.475179 0.261111
0.475276 0.261111
0.475372 0.261111
0.475468 0.261111
0.475564 0.261111
0.475660 0.261111
0.475756 0.261111
0.475852 0.258333
0.475949 0.258333
0.476045 0.258333
0.476141 0.258333
0.476237 0.258333
0.476333 0.258333
0.476429 0.258333
0.476525 0.258333
0.476622 0.258333
0.476718 0.258333
0.476814 0.258333
0.476910 0.258333
0.477006 0.258333
0.477102 0.258333
0.477198 0.258333
0.477295 0.258333
0.477391 0.258333
0.477487 0.258333
0.477583 0.258333
0.477679 0.258333
0.477775 0.258333
0.477871 0.258333
0.477967 0.258333
0.478064 0.258333
0.478160 0.258333
0.478256 0.258333
0.478352 0.258333
0.478448 0.258333
0.478544 0.258333
0.478640 0.258333
0.478737 0.258333
0.478833 0.258333
0.478929 0.258333
0.479025 0.258333
0.479121 0.258333
0.479217 0.258333
0.479313 0.258333
0.479410 0.258333
0.479506 0.258333
0.479602 0.258333
0.479698 0.258333
0.479794 0.258333
0.479890 0.258333
0.479986 0.258333
0.480083 0.258333
0.480179 0.258333
0.480275 0.258333
0.480371 0.258333
0.480467 0.258333
0.480563 0.258333
0.480659 0.255556
0.480755 0.255556
0.480852 0.255556
0.480948 0.255556
0.481044 0.255556
0.481140 0.255556
0.481236 0.255556
0.481332 0.255556
0.481428 0.255556
0.481525 0.255556
0.481621 0.255556
0.481717 0.255556
0.481813 0.255556
0.481909 0.255556
0.482005 0.255556
0.482101 0.255556
0.482198 0.255556
0.482294 0.255556
0.482390 0.255556
0.482486 0.255556
0.482582 0.255556
0.482678 0.255556
0.482774 0.255556
0.482871 0.255556
0.482967 0.255556
0.483063 0.255556
0.483159 0.255556
0.483255 0.255556
0.483351 0.255556
0.483447 0.255556
0.483543 0.255556
0.483640 0.255556
0.483736 0.255556
0.483832 0.255556
0.483928 0.255556
0.484024 0.255556
0.484120 0.255556
0.484216 0.255556
0.484313 0.255556
0.484409 0.255556
0.484505 0.255556
0.484601 0.255556
0.484697 0.255556
0.484793 0.255556
0.484889 0.255556
0.484986 0.255556
0.485082 0.255556
0.485178 0.255556
0.485274 0.255556
0.485370 0.252778
0.485466 0.252778
0.485562 0.252778
0.485659 0.252778
0.485755 0.252778
0.485851 0.252778
0.485947 0.252778
0.486043 0.252778
0.486139 0.252778
0.486235 0.252778
0.486331 0.252778
0.486428 0.252778
0.486524 0.252778
0.486620 0.252778
0.486716 0.252778
0.486812 0.252778
0.486908 0.252778
0.487004 0.252778
0.487101 0.252778
0.487197 0.252778
0.487293 0.252778
0.487389 0.252778
0.487485 0.252778
0.487581 0.252778
0.487677 0.250000
0.487774 0.250000
0.487870 0.250000
0.487966 0.250000
0.488062 0.250000
0.488158 0.250000
0.488254 0.250000
0.488350 0.250000
0.488447 0.250000
0.488543 0.250000
0.488639 0.250000
0.488735 0.250000
0.488831 0.250000
0.488927 0.250000
0.489023 0.250000
0.489119 0.250000
0.489216 0.250000
0.489312 0.250000
0.489408 0.250000
0.489504 0.250000
0.489600 0.250000
0.489696 0.250000
0.489792 0.250000
0.489889 0.250000
0.489985 0.247222
0.490081 0.247222
0.490177 0.247222
0.490273 0.247222
0.490369 0.244444
0.490465 0.244444
0.490562 0.244444
0.490658 0.244444
0.490754 0.244444
0.490850 0.244444
0.490946 0.244444
0.491042 0.244444
0.491138 0.244444
0.491235 0.244444
0.491331 0.241667
0.491427 0.241667
0.491523 0.241667
0.491619 0.241667
0.491715 0.241667
0.491811 0.241667
0.491907 0.241667
0.492004 0.241667
0.492100 0.241667
0.492196 0.241667
0.492292 0.241667
0.492388 0.241667
0.492484 0.241667
0.492580 0.241667
0.492677 0.241667
0.492773 0.241667
0.492869 0.241667
0.492965 0.241667
0.493061 0.241667
0.493157 0.241667
0.493253 0.241667
0.493350 0.241667
0.493446 0.241667
0.493542 0.241667
0.493638 0.241667
0.493734 0.241667
0.493830 0.241667
0.493926 0.241667
0.494023 0.241667
0.494119 0.241667
0.494215 0.241667
0.494311 0.241667
0.494407 0.241667
0.494503 0.241667
0.494599 0.241667
0.494695 0.241667
0.494792 0.241667
0.494888 0.241667
0.494984 0.241667
0.495080 0.241667
0.495176 0.241667
0.495272 0.241667
0.495368 0.241667
0.495465 0.241667
0.495561 0.241667
0.495657 0.241667
0.495753 0.241667
0.495849 0.241667
0.495945 0.241667
0.496041 0.241667
0.496138 0.241667
0.496234 0.241667
0.496330 0.241667
0.496426 0.241667
0.496522 0.241667
0.496618 0.241667
0.496714 0.241667
0.496811 0.241667
0.496907 0.241667
0.497003 0.241667
0.497099 0.241667
0.497195 0.241667
0.497291 0.241667
0.497387 0.241667
0.497483 0.241667
0.497580 0.241667
0.497676 0.241667
0.497772 0.241667
0.497868 0.241667
0.497964 0.241667
0.498060 0.241667
0.498156 0.241667
0.498253 0.241667
0.498349 0.241667
0.498445 0.241667
0.498541 0.241667
0.498637 0.241667
0.498733 0.241667
0.498829 0.241667
0.498926 0.241667
0.499022 0.241667
0.499118 0.241667
0.499214 0.241667
0.499310 0.241667
0.499406 0.241667
0.499502 0.241667
0.499599 0.238889
0.499695 0.238889
0.499791 0.238889
0.499887 0.238889
0.499983 0.238889
0.500079 0.238889
0.500175 0.238889
0.500271 0.238889
0.500368 0.238889
0.500464 0.238889
0.500560 0.238889
0.500656 0.238889
0.500752 0.238889
0.500848 0.236111
0.500944 0.236111
0.501041 0.236111
0.501137 0.236111
0.501233 0.236111
0.501329 0.233333
0.501425 0.233333
0.501521 0.233333
0.501617 0.233333
0.501714 0.233333
0.501810 0.233333
0.501906 0.230556
0.502002 0.230556
0.502098 0.230556
0.502194 0.230556
0.502290 0.230556
0.502387 0.230556
0.502483 0.230556
0.502579 0.230556
0.502675 0.230556
0.502771 0.230556
0.502867 0.230556
0.502963 0.227778
0.503059 0.227778
0.503156 0.227778
0.503252 0.227778
0.503348 0.227778
0.503444 0.227778
0.503540 0.227778
0.503636 0.227778
0.503732 0.227778
0.503829 0.227778
0.503925 0.227778
0.504021 0.227778
0.504117 0.227778
0.504213 0.227778
0.504309 0.227778
0.504405 0.227778
0.504502 0.227778
0.504598 0.227778
0.504694 0.227778
0.504790 0.227778
0.504886 0.227778
0.504982 0.227778
0.505078 0.227778
0.505175 0.227778
0.505271 0.227778
0.505367 0.227778
0.505463 0.227778
0.505559 0.227778
0.505655 0.227778
0.505751 0.225000
0.505847 0.225000
0.505944 0.225000
0.506040 0.225000
0.506136 0.225000
0.506232 0.225000
0.506328 0.225000
0.506424 0.225000
0.506520 0.222222
0.506617 0.222222
0.506713 0.219444
0.506809 0.219444
0.506905 0.219444
0.507001 0.219444
0.507097 0.219444
0.507193 0.219444
0.507290 0.219444
0.507386 0.219444
0.507482 0.219444
0.507578 0.219444
0.507674 0.216667
0.507770 0.216667
0.507866 0.216667
0.507963 0.216667
0.508059 0.216667
0.508155 0.216667
0.508251 0.216667
0.508347 0.216667
0.508443 0.216667
0.508539 0.216667
0.508635 0.216667
0.508732 0.216667
0.508828 0.216667
0.508924 0.216667
0.509020 0.216667
0.509116 0.216667
0.509212 0.216667
0.509308 0.216667
0.509405 0.216667
0.509501 0.216667
0.509597 0.216667
0.509693 0.216667
0.509789 0.216667
0.509885 0.216667
0.509981 0.216667
0.510078 0.216667
0.510174 0.216667
0.510270 0.216667
0.510366 0.216667
0.510462 0.216667
0.510558 0.216667
0.510654 0.216667
0.510751 0.216667
0.510847 0.216667
0.510943 0.216667
0.511039 0.216667
0.511135 0.216667
0.511231 0.216667
0.511327 0.216667
0.511423 0.216667
0.511520 0.216667
0.511616 0.216667
0.511712 0.216667
0.511808 0.216667
0.511904 0.216667
0.512000 0.216667
0.512096 0.216667
0.512193 0.216667
0.512289 0.216667
0.512385 0.216667
0.512481 0.216667
0.512577 0.216667
0.512673 0.216667
0.512769 0.216667
0.512866 0.216667
0.512962 0.216667
0.513058 0.216667
0.513154 0.216667
0.513250 0.216667
0.513346 0.216667
0.513442 0.216667
0.513539 0.216667
0.513635 0.216667
0.513731 0.216667
0.513827 0.216667
0.513923 0.216667
0.514019 0.216667
0.514115 0.216667
0.514212 0.216667
0.514308 0.216667
0.514404 0.216667
0.514500 0.216667
0.514596 0.213889
0.514692 0.213889
0.514788 0.213889
0.514884 0.213889
0.514981 0.213889
0.515077 0.213889
0.515173 0.213889
0.515269 0.213889
0.515365 0.213889
0.515461 0.213889
0.515557 0.213889
0.515654 0.213889
0.515750 0.213889
0.515846 0.213889
0.515942 0.213889
0.516038 0.213889
0.516134 0.213889
0.516230 0.213889
0.516327 0.213889
0.516423 0.213889
0.516519 0.213889
0.516615 0.213889
0.516711 0.213889
0.516807 0.213889
0.516903 0.213889
0.517000 0.213889
0.517096 0.213889
0.517192 0.213889
0.517288 0.213889
0.517384 0.213889
0.517480 0.213889
0.517576 0.213889
0.517672 0.213889
0.517769 0.213889
0.517865 0.213889
0.517961 0.213889
0.518057 0.213889
0.518153 0.213889
0.518249 0.213889
0.518345 0.213889
0.518442 0.211111
0.518538 0.211111
0.518634 0.208333
0.518730 0.208333
0.518826 0.208333
0.518922 0.208333
0.519018 0.208333
0.519115 0.208333
0.519211 0.208333
0.519307 0.208333
0.519403 0.208333
0.519499 0.208333
0.519595 0.208333
0.519691 0.208333
0.519788 0.208333
0.519884 0.208333
0.519980 0.208333
0.520076 0.208333
0.520172 0.208333
0.520268 0.208333
0.520364 0.208333
0.520460 0.208333
0.520557 0.208333
0.520653 0.208333
0.520749 0.208333
0.520845 0.208333
0.520941 0.208333
0.521037 0.208333
0.521133 0.208333
0.521230 0.208333
0.521326 0.208333
0.521422 0.208333
0.521518 0.208333
0.521614 0.208333
0.521710 0.208333
0.521806 0.205556
0.521903 0.205556
0.521999 0.205556
0.522095 0.205556
0.522191 0.205556
0.522287 0.205556
0.522383 0.205556
0.522479 0.205556
0.522576 0.205556
0.522672 0.205556
0.522768 0.205556
0.522864 0.205556
0.522960 0.205556
0.523056 0.205556
0.523152 0.205556
0.523248 0.205556
0.523345 0.202778
0.523441 0.202778
0.523537 0.202778
0.523633 0.202778
0.523729 0.202778
0.523825 0.202778
0.523921 0.202778
0.524018 0.202778
0.524114 0.202778
0.524210 0.202778
0.524306 0.202778
0.524402 0.202778
0.524498 0.202778
0.524594 0.202778
0.524691 0.202778
0.524787 0.202778
0.524883 0.202778
0.524979 0.200000
0.525075 0.200000
0.525171 0.200000
0.525267 0.200000
0.525364 0.197222
0.525460 0.197222
0.525556 0.197222
0.525652 0.197222
0.525748 0.197222
0.525844 0.197222
0.525940 0.197222
0.526036 0.197222
0.526133 0.197222
0.526229 0.197222
0.526325 0.197222
0.526421 0.197222
0.526517 0.197222
0.526613 0.197222
0.526709 0.197222
0.526806 0.197222
0.526902 0.197222
0.526998 0.197222
0.527094 0.197222
0.527190 0.197222
0.527286 0.197222
0.527382 0.197222
0.527479 0.197222
0.527575 0.197222
0.527671 0.197222
0.527767 0.197222
0.527863 0.197222
0.527959 0.197222
0.528055 0.197222
0.528152 0.197222
0.528248 0.197222
0.528344 0.197222
0.528440 0.197222
0.528536 0.197222
0.528632 0.197222
0.528728 0.197222
0.528824 0.197222
0.528921 0.197222
0.529017 0.197222
0.529113 0.197222
0.529209 0.197222
0.529305 0.197222
0.529401 0.197222
0.529497 0.197222
0.529594 0.197222
0.529690 0.197222
0.529786 0.197222
0.529882 0.197222
0.529978 0.197222
0.530074 0.197222
0.530170 0.197222
0.530267 0.197222
0.530363 0.197222
0.530459 0.197222
0.530555 0.197222
0.530651 0.197222
0.530747 0.197222
0.530843 0.197222
0.530940 0.197222
0.531036 0.197222
0.531132 0.197222
0.531228 0.197222
0.531324 0.197222
0.531420 0.197222
0.531516 0.197222
0.531612 0.197222
0.531709 0.197222
0.531805 0.197222
0.531901 0.194444
0.531997 0.194444
0.532093 0.194444
0.532189 0.194444
0.532285 0.194444
0.532382 0.194444
0.532478 0.194444
0.532574 0.194444
0.532670 0.194444
0.532766 0.194444
0.532862 0.194444
0.532958 0.194444
0.533055 0.194444
0.533151 0.194444
0.533247 0.194444
0.533343 0.191667
0.533439 0.191667
0.533535 0.191667
0.533631 0.191667
0.533728 0.191667
0.533824 0.191667
0.533920 0.191667
0.534016 0.191667
0.534112 0.191667
0.534208 0.191667
0.534304 0.191667
0.534400 0.191667
0.534497 0.188889
0.534593 0.188889
0.534689 0.188889
0.534785 0.188889
0.534881 0.188889
0.534977 0.188889
0.535073 0.186111
0.535170 0.186111
0.535266 0.186111
0.535362 0.186111
0.535458 0.186111
0.535554 0.186111
0.535650 0.186111
0.535746 0.186111
0.535843 0.186111
0.535939 0.186111
0.536035 0.186111
0.536131 0.186111
0.536227 0.186111
0.536323 0.186111
0.536419 0.186111
0.536516 0.186111
0.536612 0.186111
0.536708 0.186111
0.536804 0.186111
0.536900 0.186111
0.536996 0.186111
0.537092 0.186111
0.537188 0.186111
0.537285 0.186111
0.537381 0.186111
0.537477 0.186111
0.537573 0.186111
0.537669 0.186111
0.537765 0.186111
0.537861 0.186111
0.537958 0.186111
0.538054 0.186111
0.538150 0.186111
0.538246 0.186111
0.538342 0.186111
0.538438 0.186111
0.538534 0.186111
0.538631 0.186111
0.538727 0.186111
0.538823 0.186111
0.538919 0.186111
0.539015 0.186111
0.539111 0.186111
0.539207 0.186111
0.539304 0.186111
0.539400 0.186111
0.539496 0.186111
0.539592 0.186111
0.539688 0.186111
0.539784 0.186111
0.539880 0.186111
0.539976 0.186111
0.540073 0.186111
0.540169 0.186111
0.540265 0.186111
0.540361 0.186111
0.540457 0.186111
0.540553 0.186111
0.540649 0.186111
0.540746 0.186111
0.540842 0.186111
0.540938 0.186111
0.541034 0.186111
0.541130 0.186111
0.541226 0.186111
0.541322 0.186111
0.541419 0.186111
0.541515 0.186111
0.541611 0.186111
0.541707 0.186111
0.541803 0.186111
0.541899 0.186111
0.541995 0.186111
0.542092 0.186111
0.542188 0.186111
0.542284 0.186111
0.542380 0.186111
0.542476 0.186111
0.542572 0.186111
0.542668 0.186111
0.542764 0.186111
0.542861 0.186111
0.542957 0.186111
0.543053 0.186111
0.543149 0.186111
0.543245 0.186111
0.543341 0.186111
0.543437 0.186111
0.543534 0.186111
0.543630 0.186111
0.543726 0.186111
0.543822 0.186111
0.543918 0.186111
0.544014 0.186111
0.544110 0.186111
0.544207 0.186111
0.544303 0.186111
0.544399 0.186111
0.544495 0.186111
0.544591 0.186111
0.544687 0.186111
0.544783 0.186111
0.544880 0.186111
0.544976 0.186111
0.545072 0.186111
0.545168 0.186111
0.545264 0.186111
0.545360 0.186111
0.545456 0.186111
0.545552 0.186111
0.545649 0.186111
0.545745 0.186111
0.545841 0.186111
0.545937 0.186111
0.546033 0.186111
0.546129 0.183333
0.546225 0.183333
0.546322 0.183333
0.546418 0.183333
0.546514 0.183333
0.546610 0.183333
0.546706 0.183333
0.546802 0.183333
0.546898 0.183333
0.546995 0.180556
0.547091 0.180556
0.547187 0.180556
0.547283 0.180556
0.547379 0.177778
0.547475 0.177778
0.547571 0.177778
0.547668 0.177778
0.547764 0.177778
0.547860 0.177778
0.547956 0.177778
0.548052 0.177778
0.548148 0.177778
0.548244 0.177778
0.548340 0.177778
0.548437 0.177778
0.548533 0.177778
0.548629 0.177778
0.548725 0.177778
0.548821 0.177778
0.548917 0.177778
0.549013 0.177778
0.549110 0.177778
0.549206 0.177778
0.549302 0.177778
0.549398 0.177778
0.549494 0.177778
0.549590 0.177778
0.549686 0.177778
0.549783 0.177778
0.549879 0.177778
0.549975 0.177778
0.550071 0.177778
0.550167 0.177778
0.550263 0.177778
0.550359 0.177778
0.550456 0.177778
0.550552 0.177778
0.550648 0.177778
0.550744 0.177778
0.550840 0.177778
0.550936 0.177778
0.551032 0.177778
0.551128 0.177778
0.551225 0.177778
0.551321 0.177778
0.551417 0.177778
0.551513 0.177778
0.551609 0.175000
0.551705 0.175000
0.551801 0.175000
0.551898 0.175000
0.551994 0.175000
0.552090 0.175000
0.552186 0.175000
0.552282 0.175000
0.552378 0.175000
0.552474 0.175000
0.552571 0.175000
0.552667 0.175000
0.552763 0.175000
0.552859 0.175000
0.552955 0.175000
0.553051 0.175000
0.553147 0.175000
0.553244 0.175000
0.553340 0.175000
0.553436 0.175000
0.553532 0.175000
0.553628 0.175000
0.553724 0.175000
0.553820 0.175000
0.553917 0.175000
0.554013 0.175000
0.554109 0.175000
0.554205 0.175000
0.554301 0.172222
0.554397 0.172222
0.554493 0.172222
0.554589 0.172222
0.554686 0.172222
0.554782 0.172222
0.554878 0.172222
0.554974 0.172222
0.555070 0.172222
0.555166 0.172222
0.555262 0.172222
0.555359 0.172222
0.555455 0.172222
0.555551 0.172222
0.555647 0.172222
0.555743 0.172222
0.555839 0.172222
0.555935 0.172222
0.556032 0.172222
0.556128 0.172222
0.556224 0.172222
0.556320 0.172222
0.556416 0.172222
0.556512 0.172222
0.556608 0.169444
0.556705 0.169444
0.556801 0.169444
0.556897 0.169444
0.556993 0.169444
0.557089 0.169444
0.557185 0.169444
0.557281 0.169444
0.557377 0.169444
0.557474 0.169444
0.557570 0.169444
0.557666 0.169444
0.557762 0.169444
0.557858 0.169444
0.557954 0.169444
0.558050 0.169444
0.558147 0.169444
0.558243 0.169444
0.558339 0.169444
0.558435 0.169444
0.558531 0.169444
0.558627 0.169444
0.558723 0.169444
0.558820 0.169444
0.558916 0.169444
0.559012 0.169444
0.559108 0.169444
0.559204 0.169444
0.559300 0.169444
0.559396 0.169444
0.559493 0.169444
0.559589 0.169444
0.559685 0.169444
0.559781 0.169444
0.559877 0.169444
0.559973 0.169444
0.560069 0.169444
0.560165 0.169444
0.560262 0.169444
0.560358 0.169444
0.560454 0.169444
0.560550 0.169444
0.560646 0.169444
0.560742 0.169444
0.560838 0.166667
0.560935 0.166667
0.561031 0.166667
0.561127 0.166667
0.561223 0.166667
0.561319 0.166667
0.561415 0.166667
0.561511 0.166667
0.561608 0.166667
0.561704 0.166667
0.561800 0.166667
0.561896 0.166667
0.561992 0.166667
0.562088 0.166667
0.562184 0.166667
0.562281 0.166667
0.562377 0.166667
0.562473 0.166667
0.562569 0.166667
0.562665 0.166667
0.562761 0.166667
0.562857 0.166667
0.562953 0.166667
0.563050 0.166667
0.563146 0.166667
0.563242 0.166667
0.563338 0.166667
0.563434 0.166667
0.563530 0.166667
0.563626 0.166667
0.563723 0.166667
0.563819 0.166667
0.563915 0.166667
0.564011 0.166667
0.564107 0.166667
0.564203 0.166667
0.564299 0.166667
0.564396 0.166667
0.564492 0.166667
0.564588 0.166667
0.564684 0.166667
0.564780 0.166667
0.564876 0.166667
0.564972 0.166667
0.565069 0.166667
0.565165 0.166667
0.565261 0.166667
0.565357 0.166667
0.565453 0.166667
0.565549 0.166667
0.565645 0.166667
0.565741 0.166667
0.565838 0.166667
0.565934 0.166667
0.566030 0.166667
0.566126 0.166667
0.566222 0.166667
0.566318 0.166667
0.566414 0.166667
0.566511 0.166667
0.566607 0.166667
0.566703 0.166667
0.566799 0.166667
0.566895 0.166667
0.566991 0.166667
0.567087 0.166667
0.567184 0.166667
0.567280 0.166667
0.567376 0.166667
0.567472 0.166667
0.567568 0.166667
0.567664 0.166667
0.567760 0.166667
0.567857 0.166667
0.567953 0.166667
0.568049 0.166667
0.568145 0.166667
0.568241 0.163889
0.568337 0.163889
0.568433 0.163889
0.568529 0.163889
0.568626 0.163889
0.568722 0.163889
0.568818 0.163889
0.568914 0.163889
0.569010 0.163889
0.569106 0.163889
0.569202 0.163889
0.569299 0.163889
0.569395 0.163889
0.569491 0.163889
0.569587 0.163889
0.569683 0.163889
0.569779 0.163889
0.569875 0.163889
0.569972 0.163889
0.570068 0.163889
0.570164 0.163889
0.570260 0.161111
0.570356 0.161111
0.570452 0.161111
0.570548 0.161111
0.570645 0.161111
0.570741 0.161111
0.570837 0.161111
0.570933 0.161111
0.571029 0.161111
0.571125 0.161111
0.571221 0.161111
0.571317 0.161111
0.571414 0.161111
0.571510 0.161111
0.571606 0.161111
0.571702 0.161111
0.571798 0.161111
0.571894 0.161111
0.571990 0.161111
0.572087 0.161111
0.572183 0.161111
0.572279 0.161111
0.572375 0.161111
0.572471 0.161111
0.572567 0.161111
0.572663 0.161111
0.572760 0.161111
0.572856 0.161111
0.572952 0.161111
0.573048 0.161111
0.573144 0.161111
0.573240 0.161111
0.573336 0.161111
0.573433 0.161111
0.573529 0.161111
0.573625 0.161111
0.573721 0.161111
0.573817 0.161111
0.573913 0.161111
0.574009 0.161111
0.574105 0.161111
0.574202 0.161111
0.574298 0.161111
0.574394 0.161111
0.574490 0.161111
0.574586 0.161111
0.574682 0.161111
0.574778 0.161111
0.574875 0.161111
0.574971 0.161111
0.575067 0.161111
0.575163 0.161111
0.575259 0.161111
0.575355 0.161111
0.575451 0.161111
0.575548 0.161111
0.575644 0.161111
0.575740 0.161111
0.575836 0.161111
0.575932 0.161111
0.576028 0.161111
0.576124 0.161111
0.576221 0.161111
0.576317 0.161111
0.576413 0.161111
0.576509 0.161111
0.576605 0.161111
0.576701 0.161111
0.576797 0.161111
0.576893 0.161111
0.576990 0.161111
0.577086 0.161111
0.577182 0.161111
0.577278 0.161111
0.577374 0.161111
0.577470 0.161111
0.577566 0.161111
0.577663 0.161111
0.577759 0.161111
0.577855 0.161111
0.577951 0.161111
0.578047 0.161111
0.578143 0.161111
0.578239 0.161111
0.578336 0.161111
0.578432 0.161111
0.578528 0.161111
0.578624 0.161111
0.578720 0.161111
0.578816 0.161111
0.578912 0.158333
0.579009 0.158333
0.579105 0.158333
0.579201 0.158333
0.579297 0.158333
0.579393 0.158333
0.579489 0.158333
0.579585 0.158333
0.579681 0.158333
0.579778 0.158333
0.579874 0.158333
0.579970 0.158333
0.580066 0.158333
0.580162 0.158333
0.580258 0.158333
0.580354 0.158333
0.580451 0.158333
0.580547 0.158333
0.580643 0.158333
0.580739 0.158333
0.580835 0.158333
0.580931 0.158333
0.581027 0.158333
0.581124 0.158333
0.581220 0.158333
0.581316 0.158333
0.581412 0.158333
0.581508 0.158333
0.581604 0.158333
0.581700 0.155556
0.581797 0.155556
0.581893 0.155556
0.581989 0.155556
0.582085 0.155556
0.582181 0.155556
0.582277 0.155556
0.582373 0.155556
0.582469 0.155556
0.582566 0.155556
0.582662 0.155556
0.582758 0.155556
0.582854 0.155556
0.582950 0.155556
0.583046 0.155556
0.583142 0.155556
0.583239 0.155556
0.583335 0.155556
0.583431 0.155556
0.583527 0.152778
0.583623 0.150000
0.583719 0.150000
0.583815 0.150000
0.583912 0.150000
0.584008 0.150000
0.584104 0.150000
0.584200 0.150000
0.584296 0.150000
0.584392 0.150000
0.584488 0.147222
0.584585 0.147222
0.584681 0.147222
0.584777 0.147222
0.584873 0.147222
0.584969 0.147222
0.585065 0.147222
0.585161 0.147222
0.585257 0.147222
0.585354 0.147222
0.585450 0.147222
0.585546 0.147222
0.585642 0.147222
0.585738 0.147222
0.585834 0.147222
0.585930 0.147222
0.586027 0.147222
0.586123 0.147222
0.586219 0.147222
0.586315 0.147222
0.586411 0.147222
0.586507 0.147222
0.586603 0.147222
0.586700 0.147222
0.586796 0.147222
0.586892 0.147222
0.586988 0.147222
0.587084 0.147222
0.587180 0.147222
0.587276 0.147222
0.587373 0.147222
0.587469 0.147222
0.587565 0.147222
0.587661 0.147222
0.587757 0.147222
0.587853 0.147222
0.587949 0.147222
0.588045 0.144444
0.588142 0.144444
0.588238 0.144444
0.588334 0.144444
0.588430 0.144444
0.588526 0.144444
0.588622 0.144444
0.588718 0.144444
0.588815 0.144444
0.588911 0.144444
0.589007 0.144444
0.589103 0.144444
0.589199 0.144444
0.589295 0.144444
0.589391 0.144444
0.589488 0.144444
0.589584 0.144444
0.589680 0.144444
0.589776 0.144444
0.589872 0.144444
0.589968 0.144444
0.590064 0.144444
0.590161 0.144444
0.590257 0.144444
0.590353 0.144444
0.590449 0.144444
0.590545 0.144444
0.590641 0.141667
0.590737 0.141667
0.590833 0.141667
0.590930 0.141667
0.591026 0.141667
0.591122 0.141667
0.591218 0.141667
0.591314 0.141667
0.591410 0.141667
0.591506 0.141667
0.591603 0.141667
0.591699 0.141667
0.591795 0.141667
0.591891 0.141667
0.591987 0.141667
0.592083 0.141667
0.592179 0.141667
0.592276 0.141667
0.592372 0.141667
0.592468 0.141667
0.592564 0.141667
0.592660 0.141667
0.592756 0.141667
0.592852 0.141667
0.592949 0.141667
0.593045 0.141667
0.593141 0.141667
0.593237 0.141667
0.593333 0.141667
0.593429 0.141667
0.593525 0.141667
0.593622 0.141667
0.593718 0.141667
0.593814 0.141667
0.593910 0.141667
0.594006 0.141667
0.594102 0.141667
0.594198 0.141667
0.594294 0.141667
0.594391 0.141667
0.594487 0.141667
0.594583 0.141667
0.594679 0.141667
0.594775 0.141667
0.594871 0.141667
0.594967 0.141667
0.595064 0.141667
0.595160 0.141667
0.595256 0.138889
0.595352 0.138889
0.595448 0.138889
0.595544 0.138889
0.595640 0.138889
0.595737 0.138889
0.595833 0.138889
0.595929 0.138889
0.596025 0.138889
0.596121 0.138889
0.596217 0.138889
0.596313 0.138889
0.596410 0.138889
0.596506 0.138889
0.596602 0.138889
0.596698 0.138889
0.596794 0.138889
0.596890 0.138889
0.596986 0.138889
0.597082 0.138889
0.597179 0.138889
0.597275 0.138889
0.597371 0.138889
0.597467 0.138889
0.597563 0.138889
0.597659 0.138889
0.597755 0.138889
0.597852 0.138889
0.597948 0.138889
0.598044 0.138889
0.598140 0.138889
0.598236 0.138889
0.598332 0.138889
0.598428 0.138889
0.598525 0.138889
0.598621 0.138889
0.598717 0.138889
0.598813 0.138889
0.598909 0.138889
0.599005 0.138889
0.599101 0.138889
0.599198 0.138889
0.599294 0.138889
0.599390 0.138889
0.599486 0.138889
0.599582 0.138889
0.599678 0.138889
0.599774 0.138889
0.599870 0.138889
0.599967 0.138889
0.600063 0.138889
0.600159 0.138889
0.600255 0.138889
0.600351 0.138889
0.600447 0.138889
0.600543 0.138889
0.600640 0.138889
0.600736 0.138889
0.600832 0.138889
0.600928 0.138889
0.601024 0.138889
0.601120 0.138889
0.601216 0.138889
0.601313 0.138889
0.601409 0.138889
0.601505 0.136111
0.601601 0.136111
0.601697 0.136111
0.601793 0.136111
0.601889 0.136111
0.601986 0.136111
0.602082 0.136111
0.602178 0.136111
0.602274 0.136111
0.602370 0.136111
0.602466 0.136111
0.602562 0.136111
0.602658 0.136111
0.602755 0.136111
0.602851 0.136111
0.602947 0.136111
0.603043 0.136111
0.603139 0.136111
0.603235 0.136111
0.603331 0.136111
0.603428 0.136111
0.603524 0.136111
0.603620 0.136111
0.603716 0.136111
0.603812 0.136111
0.603908 0.136111
0.604004 0.136111
0.604101 0.136111
0.604197 0.136111
0.604293 0.136111
0.604389 0.136111
0.604485 0.136111
0.604581 0.136111
0.604677 0.136111
0.604774 0.136111
0.604870 0.136111
0.604966 0.133333
0.605062 0.133333
0.605158 0.130556
0.605254 0.130556
0.605350 0.130556
0.605446 0.130556
0.605543 0.130556
0.605639 0.130556
0.605735 0.130556
0.605831 0.127778
0.605927 0.127778
0.606023 0.127778
0.606119 0.127778
0.606216 0.127778
0.606312 0.127778
0.606408 0.127778
0.606504 0.127778
0.606600 0.127778
0.606696 0.127778
0.606792 0.127778
0.606889 0.127778
0.606985 0.127778
0.607081 0.127778
0.607177 0.127778
0.607273 0.127778
0.607369 0.127778
0.607465 0.125000
0.607562 0.125000
0.607658 0.125000
0.607754 0.125000
0.607850 0.125000
0.607946 0.125000
0.608042 0.125000
0.608138 0.125000
0.608234 0.125000
0.608331 0.125000
0.608427 0.125000
0.608523 0.125000
0.608619 0.125000
0.608715 0.122222
0.608811 0.122222
0.608907 0.122222
0.609004 0.122222
0.609100 0.122222
0.609196 0.122222
0.609292 0.122222
0.609388 0.122222
0.609484 0.122222
0.609580 0.122222
0.609677 0.122222
0.609773 0.122222
0.609869 0.122222
0.609965 0.122222
0.610061 0.122222
0.610157 0.122222
0.610253 0.122222
0.610350 0.122222
0.610446 0.122222
0.610542 0.122222
0.610638 0.122222
0.610734 0.122222
0.610830 0.122222
0.610926 0.122222
0.611022 0.122222
0.611119 0.122222
0.611215 0.122222
0.611311 0.122222
0.611407 0.122222
0.611503 0.122222
0.611599 0.122222
0.611695 0.122222
0.611792 0.122222
0.611888 0.122222
0.611984 0.122222
0.612080 0.122222
0.612176 0.122222
0.612272 0.122222
0.612368 0.122222
0.612465 0.122222
0.612561 0.122222
0.612657 0.122222
0.612753 0.122222
0.612849 0.122222
0.612945 0.119444
0.613041 0.119444
0.613138 0.119444
0.613234 0.119444
0.613330 0.119444
0.613426 0.119444
0.613522 0.119444
0.613618 0.116667
0.613714 0.116667
0.613810 0.116667
0.613907 0.116667
0.614003 0.116667
0.614099 0.116667
0.614195 0.113889
0.614291 0.113889
0.614387 0.113889
0.614483 0.113889
0.614580 0.113889
0.614676 0.113889
0.614772 0.113889
0.614868 0.113889
0.614964 0.113889
0.615060 0.113889
0.615156 0.113889
0.615253 0.113889
0.615349 0.113889
0.615445 0.113889
0.615541 0.113889
0.615637 0.113889
0.615733 0.113889
0.615829 0.113889
0.615926 0.113889
0.616022 0.113889
0.616118 0.113889
0.616214 0.113889
0.616310 0.113889
0.616406 0.113889
0.616502 0.113889
0.616598 0.113889
0.616695 0.113889
0.616791 0.113889
0.616887 0.113889
0.616983 0.113889
0.617079 0.113889
0.617175 0.113889
0.617271 0.113889
0.617368 0.113889
0.617464 0.113889
0.617560 0.113889
0.617656 0.113889
0.617752 0.113889
0.617848 0.113889
0.617944 0.113889
0.618041 0.113889
0.618137 0.113889
0.618233 0.113889
0.618329 0.113889
0.618425 0.113889
0.618521 0.113889
0.618617 0.113889
0.618714 0.113889
0.618810 0.113889
0.618906 0.113889
0.619002 0.113889
0.619098 0.113889
0.619194 0.113889
0.619290 0.113889
0.619386 0.113889
0.619483 0.113889
0.619579 0.113889
0.619675 0.113889
0.619771 0.113889
0.619867 0.113889
0.619963 0.113889
0.620059 0.113889
0.620156 0.113889
0.620252 0.113889
0.620348 0.113889
0.620444 0.113889
0.620540 0.113889
0.620636 0.113889
0.620732 0.113889
0.620829 0.113889
0.620925 0.113889
0.621021 0.113889
0.621117 0.113889
0.621213 0.113889
0.621309 0.113889
0.621405 0.113889
0.621502 0.113889
0.621598 0.113889
0.621694 0.113889
0.621790 0.113889
0.621886 0.113889
0.621982 0.113889
0.622078 0.113889
0.622174 0.113889
0.622271 0.113889
0.622367 0.113889
0.622463 0.113889
0.622559 0.113889
0.622655 0.113889
0.622751 0.113889
0.622847 0.113889
0.622944 0.113889
0.623040 0.113889
0.623136 0.113889
0.623232 0.113889
0.623328 0.113889
0.623424 0.113889
0.623520 0.113889
0.623617 0.113889
0.623713 0.113889
0.623809 0.113889
0.623905 0.113889
0.624001 0.113889
0.624097 0.113889
0.624193 0.113889
0.624290 0.113889
0.624386 0.113889
0.624482 0.113889
0.624578 0.113889
0.624674 0.113889
0.624770 0.113889
0.624866 0.113889
0.624962 0.113889
0.625059 0.113889
0.625155 0.113889
0.625251 0.113889
0.625347 0.113889
0.625443 0.113889
0.625539 0.113889
0.625635 0.113889
0.625732 0.111111
0.625828 0.111111
0.625924 0.111111
0.626020 0.111111
0.626116 0.111111
0.626212 0.111111
0.626308 0.111111
0.626405 0.111111
0.626501 0.111111
0.626597 0.111111
0.626693 0.111111
0.626789 0.111111
0.626885 0.111111
0.626981 0.111111
0.627078 0.111111
0.627174 0.111111
0.627270 0.111111
0.627366 0.111111
0.627462 0.111111
0.627558 0.108333
0.627654 0.108333
0.627750 0.108333
0.627847 0.108333
0.627943 0.108333
0.628039 0.108333
0.628135 0.108333
0.628231 0.108333
0.628327 0.108333
0.628423 0.108333
0.628520 0.108333
0.628616 0.108333
0.628712 0.108333
0.628808 0.108333
0.628904 0.108333
0.629000 0.108333
0.629096 0.108333
0.629193 0.105556
0.629289 0.105556
0.629385 0.105556
0.629481 0.105556
0.629577 0.105556
0.629673 0.105556
0.629769 0.105556
0.629866 0.105556
0.629962 0.105556
0.630058 0.105556
0.630154 0.105556
0.630250 0.105556
0.630346 0.102778
0.630442 0.102778
0.630538 0.102778
0.630635 0.102778
0.630731 0.102778
0.630827 0.102778
0.630923 0.102778
0.631019 0.100000
0.631115 0.100000
0.631211 0.100000
0.631308 0.100000
0.631404 0.100000
0.631500 0.100000
0.631596 0.100000
0.631692 0.100000
0.631788 0.100000
0.631884 0.100000
0.631981 0.100000
0.632077 0.100000
0.632173 0.100000
0.632269 0.100000
0.632365 0.100000
0.632461 0.100000
0.632557 0.100000
0.632654 0.100000
0.632750 0.100000
0.632846 0.100000
0.632942 0.100000
0.633038 0.100000
0.633134 0.100000
0.633230 0.100000
0.633327 0.100000
0.633423 0.100000
0.633519 0.100000
0.633615 0.100000
0.633711 0.100000
0.633807 0.100000
0.633903 0.100000
0.633999 0.100000
0.634096 0.097222
0.634192 0.094444
0.634288 0.094444
0.634384 0.094444
0.634480 0.094444
0.634576 0.094444
0.634672 0.094444
0.634769 0.094444
0.634865 0.094444
0.634961 0.094444
0.635057 0.094444
0.635153 0.094444
0.635249 0.094444
0.635345 0.094444
0.635442 0.094444
0.635538 0.094444
0.635634 0.094444
0.635730 0.094444
0.635826 0.094444
0.635922 0.091667
0.636018 0.091667
0.636115 0.091667
0.636211 0.091667
0.636307 0.091667
0.636403 0.091667
0.636499 0.091667
0.636595 0.091667
0.636691 0.091667
0.636787 0.091667
0.636884 0.091667
0.636980 0.091667
0.637076 0.091667
0.637172 0.091667
0.637268 0.091667
0.637364 0.091667
0.637460 0.091667
0.637557 0.091667
0.637653 0.091667
0.637749 0.091667
0.637845 0.091667
0.637941 0.091667
0.638037 0.091667
0.638133 0.091667
0.638230 0.091667
0.638326 0.091667
0.638422 0.091667
0.638518 0.088889
0.638614 0.088889
0.638710 0.088889
0.638806 0.088889
0.638903 0.088889
0.638999 0.088889
0.639095 0.088889
0.639191 0.088889
0.639287 0.088889
0.639383 0.088889
0.639479 0.088889
0.639575 0.088889
0.639672 0.088889
0.639768 0.088889
0.639864 0.088889
0.639960 0.088889
0.640056 0.088889
0.640152 0.088889
0.640248 0.088889
0.640345 0.088889
0.640441 0.088889
0.640537 0.088889
0.640633 0.088889
0.640729 0.088889
0.640825 0.088889
0.640921 0.088889
0.641018 0.088889
0.641114 0.088889
0.641210 0.086111
0.641306 0.086111
0.641402 0.086111
0.641498 0.086111
0.641594 0.086111
0.641691 0.086111
0.641787 0.086111
0.641883 0.086111
0.641979 0.086111
0.642075 0.086111
0.642171 0.086111
0.642267 0.086111
0.642363 0.086111
0.642460 0.083333
0.642556 0.083333
0.642652 0.083333
0.642748 0.083333
0.642844 0.083333
0.642940 0.083333
0.643036 0.083333
0.643133 0.083333
0.643229 0.083333
0.643325 0.083333
0.643421 0.083333
0.643517 0.083333
0.643613 0.083333
0.643709 0.083333
0.643806 0.083333
0.643902 0.083333
0.643998 0.080556
0.644094 0.080556
0.644190 0.080556
0.644286 0.080556
0.644382 0.080556
0.644479 0.080556
0.644575 0.080556
0.644671 0.080556
0.644767 0.080556
0.644863 0.080556
0.644959 0.080556
0.645055 0.080556
0.645151 0.080556
0.645248 0.080556
0.645344 0.080556
0.645440 0.080556
0.645536 0.080556
0.645632 0.080556
0.645728 0.080556
0.645824 0.080556
0.645921 0.080556
0.646017 0.080556
0.646113 0.080556
0.646209 0.080556
0.646305 0.080556
0.646401 0.080556
0.646497 0.080556
0.646594 0.080556
0.646690 0.080556
0.646786 0.080556
0.646882 0.080556
0.646978 0.080556
0.647074 0.080556
0.647170 0.080556
0.647267 0.080556
0.647363 0.080556
0.647459 0.080556
0.647555 0.080556
0.647651 0.080556
0.647747 0.080556
0.647843 0.080556
0.647939 0.080556
0.648036 0.077778
0.648132 0.077778
0.648228 0.077778
0.648324 0.077778
0.648420 0.077778
0.648516 0.077778
0.648612 0.077778
0.648709 0.077778
0.648805 0.077778
0.648901 0.077778
0.648997 0.077778
0.649093 0.077778
0.649189 0.077778
0.649285 0.077778
0.649382 0.077778
0.649478 0.077778
0.649574 0.077778
0.649670 0.077778
0.649766 0.077778
0.649862 0.077778
0.649958 0.077778
0.650055 0.077778
0.650151 0.077778
0.650247 0.077778
0.650343 0.077778
0.650439 0.077778
0.650535 0.077778
0.650631 0.077778
0.650727 0.077778
0.650824 0.077778
0.650920 0.077778
0.651016 0.077778
0.651112 0.077778
0.651208 0.077778
0.651304 0.077778
0.651400 0.077778
0.651497 0.075000
0.651593 0.075000
0.651689 0.075000
0.651785 0.075000
0.651881 0.075000
0.651977 0.075000
0.652073 0.075000
0.652170 0.075000
0.652266 0.075000
0.652362 0.075000
0.652458 0.075000
0.652554 0.075000
0.652650 0.075000
0.652746 0.075000
0.652843 0.075000
0.652939 0.075000
0.653035 0.075000
0.653131 0.075000
0.653227 0.075000
0.653323 0.075000
0.653419 0.075000
0.653515 0.075000
0.653612 0.075000
0.653708 0.075000
0.653804 0.075000
0.653900 0.075000
0.653996 0.075000
0.654092 0.075000
0.654188 0.075000
0.654285 0.075000
0.654381 0.075000
0.654477 0.075000
0.654573 0.075000
0.654669 0.075000
0.654765 0.075000
0.654861 0.075000
0.654958 0.075000
0.655054 0.075000
0.655150 0.075000
0.655246 0.072222
0.655342 0.072222
0.655438 0.072222
0.655534 0.072222
0.655631 0.072222
0.655727 0.072222
0.655823 0.072222
0.655919 0.072222
0.656015 0.072222
0.656111 0.072222
0.656207 0.072222
0.656303 0.072222
0.656400 0.072222
0.656496 0.072222
0.656592 0.072222
0.656688 0.072222
0.656784 0.072222
0.656880 0.072222
0.656976 0.072222
0.657073 0.072222
0.657169 0.072222
0.657265 0.072222
0.657361 0.072222
0.657457 0.072222
0.657553 0.072222
0.657649 0.072222
0.657746 0.072222
0.657842 0.072222
0.657938 0.072222
0.658034 0.072222
0.658130 0.072222
0.658226 0.072222
0.658322 0.072222
0.658419 0.072222
0.658515 0.072222
0.658611 0.072222
0.658707 0.072222
0.658803 0.072222
0.658899 0.072222
0.658995 0.072222
0.659091 0.072222
0.659188 0.072222
0.659284 0.072222
0.659380 0.072222
0.659476 0.072222
0.659572 0.072222
0.659668 0.072222
0.659764 0.072222
0.659861 0.072222
0.659957 0.072222
0.660053 0.072222
0.660149 0.072222
0.660245 0.072222
0.660341 0.072222
0.660437 0.072222
0.660534 0.072222
0.660630 0.072222
0.660726 0.072222
0.660822 0.072222
0.660918 0.069444
0.661014 0.069444
0.661110 0.069444
0.661207 0.069444
0.661303 0.069444
0.661399 0.069444
0.661495 0.069444
0.661591 0.069444
0.661687 0.069444
0.661783 0.069444
0.661879 0.069444
0.661976 0.069444
0.662072 0.069444
0.662168 0.069444
0.662264 0.069444
0.662360 0.069444
0.662456 0.069444
0.662552 0.069444
0.662649 0.069444
0.662745 0.069444
0.662841 0.069444
0.662937 0.069444
0.663033 0.069444
0.663129 0.069444
0.663225 0.069444
0.663322 0.069444
0.663418 0.069444
0.663514 0.069444
0.663610 0.069444
0.663706 0.069444
0.663802 0.069444
0.663898 0.069444
0.663995 0.069444
0.664091 0.069444
0.664187 0.069444
0.664283 0.069444
0.664379 0.069444
0.664475 0.069444
0.664571 0.069444
0.664667 0.069444
0.664764 0.066667
0.664860 0.066667
0.664956 0.066667
0.665052 0.066667
0.665148 0.066667
0.665244 0.066667
0.665340 0.066667
0.665437 0.066667
0.665533 0.066667
0.665629 0.066667
0.665725 0.066667
0.665821 0.066667
0.665917 0.066667
0.666013 0.066667
0.666110 0.066667
0.666206 0.066667
0.666302 0.066667
0.666398 0.066667
0.666494 0.066667
0.666590 0.066667
0.666686 0.066667
0.666783 0.066667
0.666879 0.066667
0.666975 0.066667
0.667071 0.066667
0.667167 0.066667
0.667263 0.066667
0.667359 0.066667
0.667455 0.066667
0.667552 0.066667
0.667648 0.066667
0.667744 0.066667
0.667840 0.066667
0.667936 0.066667
0.668032 0.066667
0.668128 0.066667
0.668225 0.066667
0.668321 0.066667
0.668417 0.066667
0.668513 0.066667
0.668609 0.066667
0.668705 0.066667
0.668801 0.066667
0.668898 0.066667
0.668994 0.066667
0.669090 0.066667
0.669186 0.066667
0.669282 0.066667
0.669378 0.066667
0.669474 0.066667
0.669571 0.066667
0.669667 0.066667
0.669763 0.066667
0.669859 0.066667
0.669955 0.066667
0.670051 0.066667
0.670147 0.066667
0.670243 0.066667
0.670340 0.066667
0.670436 0.066667
0.670532 0.066667
0.670628 0.066667
0.670724 0.066667
0.670820 0.066667
0.670916 0.066667
0.671013 0.066667
0.671109 0.066667
0.671205 0.066667
0.671301 0.066667
0.671397 0.066667
0.671493 0.066667
0.671589 0.066667
0.671686 0.066667
0.671782 0.066667
0.671878 0.066667
0.671974 0.063889
0.672070 0.063889
0.672166 0.063889
0.672262 0.063889
0.672359 0.063889
0.672455 0.063889
0.672551 0.063889
0.672647 0.063889
0.672743 0.063889
0.672839 0.063889
0.672935 0.063889
0.673032 0.061111
0.673128 0.061111
0.673224 0.061111
0.673320 0.061111
0.673416 0.061111
0.673512 0.061111
0.673608 0.061111
0.673704 0.061111
0.673801 0.061111
0.673897 0.061111
0.673993 0.061111
0.674089 0.061111
0.674185 0.061111
0.674281 0.061111
0.674377 0.061111
0.674474 0.061111
0.674570 0.061111
0.674666 0.061111
0.674762 0.061111
0.674858 0.061111
0.674954 0.061111
0.675050 0.061111
0.675147 0.061111
0.675243 0.061111
0.675339 0.061111
0.675435 0.061111
0.675531 0.061111
0.675627 0.061111
0.675723 0.061111
0.675820 0.061111
0.675916 0.061111
0.676012 0.061111
0.676108 0.061111
0.676204 0.061111
0.676300 0.061111
0.676396 0.061111
0.676492 0.061111
0.676589 0.061111
0.676685 0.061111
0.676781 0.061111
0.676877 0.061111
0.676973 0.061111
0.677069 0.058333
0.677165 0.058333
0.677262 0.058333
0.677358 0.058333
0.677454 0.058333
0.677550 0.058333
0.677646 0.058333
0.677742 0.058333
0.677838 0.058333
0.677935 0.058333
0.678031 0.058333
0.678127 0.058333
0.678223 0.058333
0.678319 0.058333
0.678415 0.058333
0.678511 0.058333
0.678608 0.058333
0.678704 0.058333
0.678800 0.058333
0.678896 0.058333
0.678992 0.058333
0.679088 0.058333
0.679184 0.058333
0.679280 0.058333
0.679377 0.058333
0.679473 0.058333
0.679569 0.058333
0.679665 0.058333
0.679761 0.058333
0.679857 0.058333
0.679953 0.058333
0.680050 0.058333
0.680146 0.058333
0.680242 0.058333
0.680338 0.058333
0.680434 0.058333
0.680530 0.058333
0.680626 0.058333
0.680723 0.058333
0.680819 0.058333
0.680915 0.058333
0.681011 0.058333
0.681107 0.058333
0.681203 0.058333
0.681299 0.058333
0.681396 0.058333
0.681492 0.058333
0.681588 0.058333
0.681684 0.058333
0.681780 0.058333
0.681876 0.058333
0.681972 0.058333
0.682068 0.058333
0.682165 0.058333
0.682261 0.058333
0.682357 0.058333
0.682453 0.058333
0.682549 0.055556
0.682645 0.055556
0.682741 0.055556
0.682838 0.055556
0.682934 0.055556
0.683030 0.055556
0.683126 0.055556
0.683222 0.055556
0.683318 0.055556
0.683414 0.055556
0.683511 0.055556
0.683607 0.055556
0.683703 0.055556
0.683799 0.055556
0.683895 0.055556
0.683991 0.055556
0.684087 0.055556
0.684184 0.055556
0.684280 0.055556
0.684376 0.055556
0.684472 0.055556
0.684568 0.055556
0.684664 0.055556
0.684760 0.055556
0.684856 0.055556
0.684953 0.055556
0.685049 0.055556
0.685145 0.055556
0.685241 0.055556
0.685337 0.055556
0.685433 0.055556
0.685529 0.055556
0.685626 0.055556
0.685722 0.055556
0.685818 0.055556
0.685914 0.055556
0.686010 0.055556
0.686106 0.055556
0.686202 0.055556
0.686299 0.055556
0.686395 0.055556
0.686491 0.055556
0.686587 0.055556
0.686683 0.055556
0.686779 0.055556
0.686875 0.055556
0.686972 0.055556
0.687068 0.055556
0.687164 0.055556
0.687260 0.055556
0.687356 0.055556
0.687452 0.055556
0.687548 0.055556
0.687644 0.055556
0.687741 0.055556
0.687837 0.055556
0.687933 0.055556
0.688029 0.055556
0.688125 0.055556
0.688221 0.055556
0.688317 0.055556
0.688414 0.055556
0.688510 0.055556
0.688606 0.055556
0.688702 0.055556
0.688798 0.055556
0.688894 0.055556
0.688990 0.055556
0.689087 0.055556
0.689183 0.055556
0.689279 0.055556
0.689375 0.055556
0.689471 0.055556
0.689567 0.055556
0.689663 0.055556
0.689760 0.055556
0.689856 0.055556
0.689952 0.055556
0.690048 0.055556
0.690144 0.055556
0.690240 0.055556
0.690336 0.055556
0.690432 0.055556
0.690529 0.055556
0.690625 0.055556
0.690721 0.055556
0.690817 0.055556
0.690913 0.055556
0.691009 0.055556
0.691105 0.055556
0.691202 0.055556
0.691298 0.055556
0.691394 0.055556
0.691490 0.055556
0.691586 0.055556
0.691682 0.055556
0.691778 0.055556
0.691875 0.055556
0.691971 0.055556
0.692067 0.055556
0.692163 0.055556
0.692259 0.055556
0.692355 0.055556
0.692451 0.055556
0.692548 0.055556
0.692644 0.055556
0.692740 0.055556
0.692836 0.055556
0.692932 0.055556
0.693028 0.055556
0.693124 0.055556
0.693220 0.055556
0.693317 0.055556
0.693413 0.055556
0.693509 0.055556
0.693605 0.055556
0.693701 0.055556
0.693797 0.055556
0.693893 0.055556
0.693990 0.055556
0.694086 0.055556
0.694182 0.055556
0.694278 0.055556
0.694374 0.055556
0.694470 0.055556
0.694566 0.055556
0.694663 0.055556
0.694759 0.055556
0.694855 0.055556
0.694951 0.055556
0.695047 0.055556
0.695143 0.055556
0.695239 0.055556
0.695336 0.055556
0.695432 0.055556
0.695528 0.055556
0.695624 0.055556
0.695720 0.055556
0.695816 0.055556
0.695912 0.055556
0.696008 0.055556
0.696105 0.055556
0.696201 0.052778
0.696297 0.052778
0.696393 0.052778
0.696489 0.052778
0.696585 0.052778
0.696681 0.052778
0.696778 0.052778
0.696874 0.052778
0.696970 0.052778
0.697066 0.052778
0.697162 0.052778
0.697258 0.052778
0.697354 0.052778
0.697451 0.052778
0.697547 0.052778
0.697643 0.052778
0.697739 0.052778
0.697835 0.052778
0.697931 0.052778
0.698027 0.052778
0.698124 0.052778
0.698220 0.052778
0.698316 0.052778
0.698412 0.052778
0.698508 0.052778
0.698604 0.052778
0.698700 0.052778
0.698796 0.052778
0.698893 0.052778
0.698989 0.052778
0.699085 0.052778
0.699181 0.052778
0.699277 0.052778
0.699373 0.052778
0.699469 0.052778
0.699566 0.052778
0.699662 0.052778
0.699758 0.052778
0.699854 0.052778
0.699950 0.052778
0.700046 0.052778
0.700142 0.052778
0.700239 0.052778
0.700335 0.052778
0.700431 0.052778
0.700527 0.052778
0.700623 0.052778
0.700719 0.052778
0.700815 0.052778
0.700912 0.052778
0.701008 0.052778
0.701104 0.052778
0.701200 0.052778
0.701296 0.052778
0.701392 0.052778
0.701488 0.052778
0.701584 0.052778
0.701681 0.052778
0.701777 0.052778
0.701873 0.052778
0.701969 0.052778
0.702065 0.052778
0.702161 0.052778
0.702257 0.052778
0.702354 0.052778
0.702450 0.052778
0.702546 0.052778
0.702642 0.052778
0.702738 0.052778
0.702834 0.052778
0.702930 0.052778
0.703027 0.052778
0.703123 0.052778
0.703219 0.052778
0.703315 0.052778
0.703411 0.052778
0.703507 0.052778
0.703603 0.052778
0.703700 0.052778
0.703796 0.052778
0.703892 0.052778
0.703988 0.052778
0.704084 0.052778
0.704180 0.052778
0.704276 0.052778
0.704372 0.052778
0.704469 0.052778
0.704565 0.052778
0.704661 0.052778
0.704757 0.052778
0.704853 0.052778
0.704949 0.052778
0.705045 0.052778
0.705142 0.052778
0.705238 0.052778
0.705334 0.052778
0.705430 0.052778
0.705526 0.052778
0.705622 0.052778
0.705718 0.052778
0.705815 0.052778
0.705911 0.052778
0.706007 0.052778
0.706103 0.052778
0.706199 0.052778
0.706295 0.052778
0.706391 0.052778
0.706488 0.052778
0.706584 0.052778
0.706680 0.052778
0.706776 0.052778
0.706872 0.052778
0.706968 0.052778
0.707064 0.052778
0.707160 0.052778
0.707257 0.052778
0.707353 0.052778
0.707449 0.052778
0.707545 0.052778
0.707641 0.052778
0.707737 0.052778
0.707833 0.052778
0.707930 0.050000
0.708026 0.050000
0.708122 0.047222
0.708218 0.047222
0.708314 0.047222
0.708410 0.047222
0.708506 0.047222
0.708603 0.047222
0.708699 0.047222
0.708795 0.047222
0.708891 0.047222
0.708987 0.047222
0.709083 0.047222
0.709179 0.047222
0.709276 0.047222
0.709372 0.047222
0.709468 0.047222
0.709564 0.047222
0.709660 0.047222
0.709756 0.047222
0.709852 0.047222
0.709948 0.047222
0.710045 0.047222
0.710141 0.047222
0.710237 0.047222
0.710333 0.047222
0.710429 0.047222
0.710525 0.047222
0.710621 0.047222
0.710718 0.044444
0.710814 0.044444
0.710910 0.041667
0.711006 0.041667
0.711102 0.041667
0.711198 0.041667
0.711294 0.041667
0.711391 0.041667
0.711487 0.041667
0.711583 0.041667
0.711679 0.041667
0.711775 0.041667
0.711871 0.041667
0.711967 0.041667
0.712064 0.041667
0.712160 0.041667
0.712256 0.041667
0.712352 0.041667
0.712448 0.041667
0.712544 0.041667
0.712640 0.041667
0.712737 0.041667
0.712833 0.041667
0.712929 0.041667
0.713025 0.041667
0.713121 0.041667
0.713217 0.041667
0.713313 0.041667
0.713409 0.041667
0.713506 0.041667
0.713602 0.041667
0.713698 0.041667
0.713794 0.041667
0.713890 0.041667
0.713986 0.041667
0.714082 0.041667
0.714179 0.041667
0.714275 0.041667
0.714371 0.041667
0.714467 0.041667
0.714563 0.041667
0.714659 0.038889
0.714755 0.038889
0.714852 0.038889
0.714948 0.038889
0.715044 0.038889
0.715140 0.038889
0.715236 0.038889
0.715332 0.038889
0.715428 0.038889
0.715525 0.038889
0.715621 0.038889
0.715717 0.038889
0.715813 0.038889
0.715909 0.038889
0.716005 0.038889
0.716101 0.038889
0.716197 0.038889
0.716294 0.038889
0.716390 0.038889
0.716486 0.038889
0.716582 0.038889
0.716678 0.038889
0.716774 0.038889
0.716870 0.038889
0.716967 0.038889
0.717063 0.038889
0.717159 0.038889
0.717255 0.038889
0.717351 0.038889
0.717447 0.038889
0.717543 0.038889
0.717640 0.038889
0.717736 0.038889
0.717832 0.038889
0.717928 0.038889
0.718024 0.038889
0.718120 0.038889
0.718216 0.038889
0.718313 0.038889
0.718409 0.038889
0.718505 0.038889
0.718601 0.038889
0.718697 0.038889
0.718793 0.038889
0.718889 0.038889
0.718985 0.038889
0.719082 0.038889
0.719178 0.038889
0.719274 0.038889
0.719370 0.038889
0.719466 0.038889
0.719562 0.038889
0.719658 0.038889
0.719755 0.038889
0.719851 0.038889
0.719947 0.038889
0.720043 0.038889
0.720139 0.038889
0.720235 0.038889
0.720331 0.038889
0.720428 0.038889
0.720524 0.038889
0.720620 0.038889
0.720716 0.038889
0.720812 0.038889
0.720908 0.038889
0.721004 0.038889
0.721101 0.038889
0.721197 0.038889
0.721293 0.038889
0.721389 0.038889
0.721485 0.038889
0.721581 0.038889
0.721677 0.038889
0.721773 0.038889
0.721870 0.038889
0.721966 0.038889
0.722062 0.038889
0.722158 0.038889
0.722254 0.038889
0.722350 0.038889
0.722446 0.038889
0.722543 0.038889
0.722639 0.038889
0.722735 0.038889
0.722831 0.038889
0.722927 0.038889
0.723023 0.038889
0.723119 0.038889
0.723216 0.038889
0.723312 0.038889
0.723408 0.038889
0.723504 0.038889
0.723600 0.038889
0.723696 0.038889
0.723792 0.038889
0.723889 0.038889
0.723985 0.038889
0.724081 0.038889
0.724177 0.038889
0.724273 0.038889
0.724369 0.038889
0.724465 0.038889
0.724561 0.038889
0.724658 0.038889
0.724754 0.038889
0.724850 0.038889
0.724946 0.038889
0.725042 0.038889
0.725138 0.038889
0.725234 0.038889
0.725331 0.038889
0.725427 0.038889
0.725523 0.038889
0.725619 0.036111
0.725715 0.036111
0.725811 0.036111
0.725907 0.036111
0.726004 0.036111
0.726100 0.036111
0.726196 0.036111
0.726292 0.036111
0.726388 0.036111
0.726484 0.036111
0.726580 0.036111
0.726677 0.036111
0.726773 0.036111
0.726869 0.036111
0.726965 0.036111
0.727061 0.036111
0.727157 0.036111
0.727253 0.036111
0.727349 0.036111
0.727446 0.036111
0.727542 0.036111
0.727638 0.036111
0.727734 0.036111
0.727830 0.036111
0.727926 0.036111
0.728022 0.036111
0.728119 0.036111
0.728215 0.036111
0.728311 0.036111
0.728407 0.036111
0.728503 0.036111
0.728599 0.036111
0.728695 0.036111
0.728792 0.036111
0.728888 0.036111
0.728984 0.036111
0.729080 0.036111
0.729176 0.036111
0.729272 0.036111
0.729368 0.036111
0.729465 0.036111
0.729561 0.036111
0.729657 0.036111
0.729753 0.036111
0.729849 0.036111
0.729945 0.036111
0.730041 0.036111
0.730137 0.036111
0.730234 0.036111
0.730330 0.036111
0.730426 0.036111
0.730522 0.036111
0.730618 0.036111
0.730714 0.036111
0.730810 0.036111
0.730907 0.036111
0.731003 0.036111
0.731099 0.036111
0.731195 0.036111
0.731291 0.036111
0.731387 0.036111
0.731483 0.036111
0.731580 0.036111
0.731676 0.036111
0.731772 0.036111
0.731868 0.036111
0.731964 0.036111
0.732060 0.036111
0.732156 0.036111
0.732253 0.036111
0.732349 0.036111
0.732445 0.036111
0.732541 0.036111
0.732637 0.036111
0.732733 0.036111
0.732829 0.036111
0.732925 0.036111
0.733022 0.036111
0.733118 0.036111
0.733214 0.036111
0.733310 0.036111
0.733406 0.036111
0.733502 0.036111
0.733598 0.036111
0.733695 0.036111
0.733791 0.036111
0.733887 0.036111
0.733983 0.036111
0.734079 0.036111
0.734175 0.036111
0.734271 0.036111
0.734368 0.036111
0.734464 0.036111
0.734560 0.036111
0.734656 0.036111
0.734752 0.036111
0.734848 0.036111
0.734944 0.036111
0.735041 0.036111
0.735137 0.036111
0.735233 0.036111
0.735329 0.036111
0.735425 0.036111
0.735521 0.036111
0.735617 0.036111
0.735713 0.036111
0.735810 0.036111
0.735906 0.036111
0.736002 0.036111
0.736098 0.036111
0.736194 0.036111
0.736290 0.036111
0.736386 0.036111
0.736483 0.036111
0.736579 0.036111
0.736675 0.036111
0.736771 0.036111
0.736867 0.036111
0.736963 0.036111
0.737059 0.036111
0.737156 0.036111
0.737252 0.036111
0.737348 0.036111
0.737444 0.036111
0.737540 0.036111
0.737636 0.036111
0.737732 0.036111
0.737829 0.036111
0.737925 0.036111
0.738021 0.036111
0.738117 0.036111
0.738213 0.036111
0.738309 0.036111
0.738405 0.036111
0.738501 0.036111
0.738598 0.036111
0.738694 0.036111
0.738790 0.036111
0.738886 0.036111
0.738982 0.036111
0.739078 0.036111
0.739174 0.036111
0.739271 0.036111
0.739367 0.036111
0.739463 0.036111
0.739559 0.036111
0.739655 0.036111
0.739751 0.036111
0.739847 0.036111
0.739944 0.036111
0.740040 0.036111
0.740136 0.036111
0.740232 0.036111
0.740328 0.036111
0.740424 0.036111
0.740520 0.036111
0.740617 0.036111
0.740713 0.036111
0.740809 0.036111
0.740905 0.036111
0.741001 0.036111
0.741097 0.036111
0.741193 0.036111
0.741289 0.036111
0.741386 0.036111
0.741482 0.036111
0.741578 0.036111
0.741674 0.036111
0.741770 0.036111
0.741866 0.036111
0.741962 0.036111
0.742059 0.036111
0.742155 0.036111
0.742251 0.036111
0.742347 0.036111
0.742443 0.036111
0.742539 0.036111
0.742635 0.036111
0.742732 0.036111
0.742828 0.036111
0.742924 0.036111
0.743020 0.036111
0.743116 0.036111
0.743212 0.036111
0.743308 0.036111
0.743405 0.036111
0.743501 0.036111
0.743597 0.036111
0.743693 0.036111
0.743789 0.036111
0.743885 0.036111
0.743981 0.036111
0.744077 0.036111
0.744174 0.036111
0.744270 0.036111
0.744366 0.036111
0.744462 0.036111
0.744558 0.036111
0.744654 0.036111
0.744750 0.036111
0.744847 0.036111
0.744943 0.036111
0.745039 0.036111
0.745135 0.036111
0.745231 0.036111
0.745327 0.036111
0.745423 0.036111
0.745520 0.036111
0.745616 0.036111
0.745712 0.036111
0.745808 0.036111
0.745904 0.036111
0.746000 0.036111
0.746096 0.036111
0.746193 0.036111
0.746289 0.036111
0.746385 0.036111
0.746481 0.036111
0.746577 0.036111
0.746673 0.036111
0.746769 0.036111
0.746865 0.036111
0.746962 0.036111
0.747058 0.036111
0.747154 0.036111
0.747250 0.036111
0.747346 0.036111
0.747442 0.036111
0.747538 0.036111
0.747635 0.036111
0.747731 0.036111
0.747827 0.036111
0.747923 0.036111
0.748019 0.036111
0.748115 0.036111
0.748211 0.036111
0.748308 0.036111
0.748404 0.036111
0.748500 0.036111
0.748596 0.036111
0.748692 0.036111
0.748788 0.036111
0.748884 0.036111
0.748981 0.036111
0.749077 0.036111
0.749173 0.036111
0.749269 0.036111
0.749365 0.036111
0.749461 0.036111
0.749557 0.036111
0.749653 0.036111
0.749750 0.036111
0.749846 0.036111
0.749942 0.036111
0.750038 0.036111
0.750134 0.036111
0.750230 0.036111
0.750326 0.036111
0.750423 0.036111
0.750519 0.036111
0.750615 0.036111
0.750711 0.036111
0.750807 0.036111
0.750903 0.036111
0.750999 0.036111
0.751096 0.036111
0.751192 0.036111
0.751288 0.036111
0.751384 0.036111
0.751480 0.036111
0.751576 0.036111
0.751672 0.036111
0.751769 0.036111
0.751865 0.036111
0.751961 0.036111
0.752057 0.036111
0.752153 0.036111
0.752249 0.036111
0.752345 0.036111
0.752442 0.036111
0.752538 0.036111
0.752634 0.036111
0.752730 0.036111
0.752826 0.036111
0.752922 0.036111
0.753018 0.036111
0.753114 0.036111
0.753211 0.036111
0.753307 0.036111
0.753403 0.036111
0.753499 0.036111
0.753595 0.036111
0.753691 0.036111
0.753787 0.036111
0.753884 0.036111
0.753980 0.036111
0.754076 0.036111
0.754172 0.036111
0.754268 0.036111
0.754364 0.036111
0.754460 0.036111
0.754557 0.033333
0.754653 0.033333
0.754749 0.033333
0.754845 0.033333
0.754941 0.033333
0.755037 0.033333
0.755133 0.033333
0.755230 0.033333
0.755326 0.033333
0.755422 0.033333
0.755518 0.033333
0.755614 0.033333
0.755710 0.033333
0.755806 0.033333
0.755902 0.033333
0.755999 0.033333
0.756095 0.033333
0.756191 0.033333
0.756287 0.033333
0.756383 0.033333
0.756479 0.033333
0.756575 0.033333
0.756672 0.033333
0.756768 0.033333
0.756864 0.033333
0.756960 0.033333
0.757056 0.033333
0.757152 0.033333
0.757248 0.033333
0.757345 0.033333
0.757441 0.033333
0.757537 0.033333
0.757633 0.033333
0.757729 0.033333
0.757825 0.033333
0.757921 0.033333
0.758018 0.033333
0.758114 0.033333
0.758210 0.033333
0.758306 0.033333
0.758402 0.033333
0.758498 0.033333
0.758594 0.033333
0.758690 0.033333
0.758787 0.033333
0.758883 0.033333
0.758979 0.033333
0.759075 0.033333
0.759171 0.033333
0.759267 0.033333
0.759363 0.033333
0.759460 0.033333
0.759556 0.033333
0.759652 0.033333
0.759748 0.033333
0.759844 0.033333
0.759940 0.033333
0.760036 0.033333
0.760133 0.033333
0.760229 0.033333
0.760325 0.033333
0.760421 0.033333
0.760517 0.033333
0.760613 0.033333
0.760709 0.033333
0.760806 0.033333
0.760902 0.033333
0.760998 0.033333
0.761094 0.033333
0.761190 0.033333
0.761286 0.033333
0.761382 0.033333
0.761478 0.033333
0.761575 0.033333
0.761671 0.033333
0.761767 0.033333
0.761863 0.033333
0.761959 0.033333
0.762055 0.033333
0.762151 0.033333
0.762248 0.033333
0.762344 0.033333
0.762440 0.033333
0.762536 0.033333
0.762632 0.033333
0.762728 0.033333
0.762824 0.033333
0.762921 0.033333
0.763017 0.033333
0.763113 0.033333
0.763209 0.033333
0.763305 0.033333
0.763401 0.033333
0.763497 0.033333
0.763594 0.033333
0.763690 0.033333
0.763786 0.033333
0.763882 0.033333
0.763978 0.033333
0.764074 0.033333
0.764170 0.033333
0.764266 0.033333
0.764363 0.033333
0.764459 0.033333
0.764555 0.033333
0.764651 0.033333
0.764747 0.033333
0.764843 0.033333
0.764939 0.033333
0.765036 0.033333
0.765132 0.033333
0.765228 0.033333
0.765324 0.033333
0.765420 0.033333
0.765516 0.033333
0.765612 0.033333
0.765709 0.033333
0.765805 0.033333
0.765901 0.033333
0.765997 0.033333
0.766093 0.033333
0.766189 0.033333
0.766285 0.033333
0.766382 0.033333
0.766478 0.033333
0.766574 0.033333
0.766670 0.033333
0.766766 0.033333
0.766862 0.033333
0.766958 0.033333
0.767054 0.033333
0.767151 0.033333
0.767247 0.033333
0.767343 0.033333
0.767439 0.033333
0.767535 0.033333
0.767631 0.033333
0.767727 0.033333
0.767824 0.033333
0.767920 0.033333
0.768016 0.033333
0.768112 0.033333
0.768208 0.033333
0.768304 0.033333
0.768400 0.033333
0.768497 0.033333
0.768593 0.033333
0.768689 0.033333
0.768785 0.033333
0.768881 0.033333
0.768977 0.033333
0.769073 0.033333
0.769170 0.033333
0.769266 0.033333
0.769362 0.033333
0.769458 0.033333
0.769554 0.033333
0.769650 0.033333
0.769746 0.033333
0.769842 0.033333
0.769939 0.033333
0.770035 0.033333
0.770131 0.033333
0.770227 0.033333
0.770323 0.033333
0.770419 0.033333
0.770515 0.033333
0.770612 0.033333
0.770708 0.033333
0.770804 0.033333
0.770900 0.033333
0.770996 0.033333
0.771092 0.033333
0.771188 0.033333
0.771285 0.033333
0.771381 0.033333
0.771477 0.033333
0.771573 0.033333
0.771669 0.033333
0.771765 0.033333
0.771861 0.033333
0.771958 0.033333
0.772054 0.033333
0.772150 0.033333
0.772246 0.033333
0.772342 0.033333
0.772438 0.033333
0.772534 0.033333
0.772630 0.033333
0.772727 0.033333
0.772823 0.033333
0.772919 0.033333
0.773015 0.033333
0.773111 0.033333
0.773207 0.033333
0.773303 0.033333
0.773400 0.033333
0.773496 0.033333
0.773592 0.033333
0.773688 0.033333
0.773784 0.033333
0.773880 0.033333
0.773976 0.033333
0.774073 0.033333
0.774169 0.033333
0.774265 0.033333
0.774361 0.033333
0.774457 0.033333
0.774553 0.033333
0.774649 0.033333
0.774746 0.033333
0.774842 0.030556
0.774938 0.030556
0.775034 0.030556
0.775130 0.030556
0.775226 0.030556
0.775322 0.030556
0.775418 0.030556
0.775515 0.030556
0.775611 0.030556
0.775707 0.030556
0.775803 0.030556
0.775899 0.030556
0.775995 0.030556
0.776091 0.030556
0.776188 0.030556
0.776284 0.030556
0.776380 0.030556
0.776476 0.027778
0.776572 0.027778
0.776668 0.027778
0.776764 0.027778
0.776861 0.027778
0.776957 0.027778
0.777053 0.027778
0.777149 0.027778
0.777245 0.027778
0.777341 0.027778
0.777437 0.027778
0.777534 0.027778
0.777630 0.027778
0.777726 0.027778
0.777822 0.027778
0.777918 0.027778
0.778014 0.027778
0.778110 0.027778
0.778206 0.027778
0.778303 0.027778
0.778399 0.027778
0.778495 0.027778
0.778591 0.027778
0.778687 0.027778
0.778783 0.027778
0.778879 0.027778
0.778976 0.027778
0.779072 0.027778
0.779168 0.027778
0.779264 0.027778
0.779360 0.027778
0.779456 0.027778
0.779552 0.027778
0.779649 0.027778
0.779745 0.027778
0.779841 0.027778
0.779937 0.027778
0.780033 0.027778
0.780129 0.027778
0.780225 0.027778
0.780322 0.027778
0.780418 0.027778
0.780514 0.027778
0.780610 0.027778
0.780706 0.027778
0.780802 0.027778
0.780898 0.027778
0.780994 0.027778
0.781091 0.027778
0.781187 0.027778
0.781283 0.027778
0.781379 0.027778
0.781475 0.027778
0.781571 0.027778
0.781667 0.027778
0.781764 0.027778
0.781860 0.027778
0.781956 0.027778
0.782052 0.027778
0.782148 0.027778
0.782244 0.027778
0.782340 0.027778
0.782437 0.027778
0.782533 0.027778
0.782629 0.027778
0.782725 0.027778
0.782821 0.027778
0.782917 0.027778
0.783013 0.027778
0.783110 0.027778
0.783206 0.027778
0.783302 0.027778
0.783398 0.027778
0.783494 0.027778
0.783590 0.027778
0.783686 0.027778
0.783782 0.027778
0.783879 0.027778
0.783975 0.027778
0.784071 0.027778
0.784167 0.027778
0.784263 0.027778
0.784359 0.027778
0.784455 0.027778
0.784552 0.027778
0.784648 0.027778
0.784744 0.027778
0.784840 0.027778
0.784936 0.027778
0.785032 0.027778
0.785128 0.027778
0.785225 0.027778
0.785321 0.027778
0.785417 0.027778
0.785513 0.027778
0.785609 0.027778
0.785705 0.027778
0.785801 0.027778
0.785898 0.027778
0.785994 0.027778
0.786090 0.027778
0.786186 0.027778
0.786282 0.027778
0.786378 0.027778
0.786474 0.027778
0.786570 0.027778
0.786667 0.027778
0.786763 0.027778
0.786859 0.027778
0.786955 0.027778
0.787051 0.027778
0.787147 0.027778
0.787243 0.027778
0.787340 0.027778
0.787436 0.027778
0.787532 0.027778
0.787628 0.027778
0.787724 0.027778
0.787820 0.027778
0.787916 0.027778
0.788013 0.027778
0.788109 0.027778
0.788205 0.027778
0.788301 0.027778
0.788397 0.027778
0.788493 0.027778
0.788589 0.027778
0.788686 0.027778
0.788782 0.027778
0.788878 0.027778
0.788974 0.027778
0.789070 0.027778
0.789166 0.027778
0.789262 0.027778
0.789358 0.027778
0.789455 0.027778
0.789551 0.027778
0.789647 0.027778
0.789743 0.027778
0.789839 0.027778
0.789935 0.027778
0.790031 0.027778
0.790128 0.027778
0.790224 0.027778
0.790320 0.027778
0.790416 0.027778
0.790512 0.027778
0.790608 0.027778
0.790704 0.027778
0.790801 0.027778
0.790897 0.027778
0.790993 0.027778
0.791089 0.027778
0.791185 0.027778
0.791281 0.027778
0.791377 0.027778
0.791474 0.027778
0.791570 0.027778
0.791666 0.027778
0.791762 0.027778
0.791858 0.027778
0.791954 0.027778
0.792050 0.027778
0.792147 0.027778
0.792243 0.027778
0.792339 0.027778
0.792435 0.027778
0.792531 0.027778
0.792627 0.027778
0.792723 0.027778
0.792819 0.027778
0.792916 0.027778
0.793012 0.027778
0.793108 0.027778
0.793204 0.027778
0.793300 0.027778
0.793396 0.027778
0.793492 0.027778
0.793589 0.027778
0.793685 0.027778
0.793781 0.027778
0.793877 0.027778
0.793973 0.027778
0.794069 0.027778
0.794165 0.027778
0.794262 0.027778
0.794358 0.027778
0.794454 0.027778
0.794550 0.027778
0.794646 0.027778
0.794742 0.027778
0.794838 0.027778
0.794935 0.027778
0.795031 0.027778
0.795127 0.027778
0.795223 0.027778
0.795319 0.027778
0.795415 0.027778
0.795511 0.027778
0.795607 0.027778
0.795704 0.027778
0.795800 0.027778
0.795896 0.027778
0.795992 0.027778
0.796088 0.027778
0.796184 0.027778
0.796280 0.027778
0.796377 0.027778
0.796473 0.027778
0.796569 0.027778
0.796665 0.027778
0.796761 0.027778
0.796857 0.027778
0.796953 0.027778
0.797050 0.027778
0.797146 0.027778
0.797242 0.025000
0.797338 0.025000
0.797434 0.025000
0.797530 0.025000
0.797626 0.025000
0.797723 0.025000
0.797819 0.025000
0.797915 0.025000
0.798011 0.025000
0.798107 0.025000
0.798203 0.025000
0.798299 0.025000
0.798395 0.025000
0.798492 0.025000
0.798588 0.025000
0.798684 0.025000
0.798780 0.025000
0.798876 0.025000
0.798972 0.025000
0.799068 0.025000
0.799165 0.025000
0.799261 0.025000
0.799357 0.025000
0.799453 0.025000
0.799549 0.025000
0.799645 0.025000
0.799741 0.025000
0.799838 0.025000
0.799934 0.025000
0.800030 0.025000
0.800126 0.025000
0.800222 0.025000
0.800318 0.025000
0.800414 0.025000
0.800511 0.025000
0.800607 0.025000
0.800703 0.025000
0.800799 0.025000
0.800895 0.025000
0.800991 0.025000
0.801087 0.025000
0.801183 0.025000
0.801280 0.025000
0.801376 0.025000
0.801472 0.025000
0.801568 0.025000
0.801664 0.025000
0.801760 0.025000
0.801856 0.025000
0.801953 0.025000
0.802049 0.025000
0.802145 0.025000
0.802241 0.025000
0.802337 0.025000
0.802433 0.025000
0.802529 0.025000
0.802626 0.025000
0.802722 0.025000
0.802818 0.025000
0.802914 0.025000
0.803010 0.025000
0.803106 0.025000
0.803202 0.025000
0.803299 0.025000
0.803395 0.025000
0.803491 0.025000
0.803587 0.025000
0.803683 0.025000
0.803779 0.025000
0.803875 0.025000
0.803971 0.025000
0.804068 0.025000
0.804164 0.025000
0.804260 0.025000
0.804356 0.025000
0.804452 0.025000
0.804548 0.025000
0.804644 0.025000
0.804741 0.025000
0.804837 0.025000
0.804933 0.025000
0.805029 0.025000
0.805125 0.025000
0.805221 0.025000
0.805317 0.025000
0.805414 0.025000
0.805510 0.025000
0.805606 0.025000
0.805702 0.025000
0.805798 0.025000
0.805894 0.025000
0.805990 0.025000
0.806087 0.025000
0.806183 0.025000
0.806279 0.025000
0.806375 0.025000
0.806471 0.025000
0.806567 0.025000
0.806663 0.025000
0.806759 0.025000
0.806856 0.025000
0.806952 0.025000
0.807048 0.025000
0.807144 0.025000
0.807240 0.025000
0.807336 0.025000
0.807432 0.025000
0.807529 0.025000
0.807625 0.025000
0.807721 0.025000
0.807817 0.025000
0.807913 0.025000
0.808009 0.025000
0.808105 0.025000
0.808202 0.025000
0.808298 0.025000
0.808394 0.025000
0.808490 0.025000
0.808586 0.025000
0.808682 0.025000
0.808778 0.025000
0.808875 0.025000
0.808971 0.025000
0.809067 0.025000
0.809163 0.025000
0.809259 0.025000
0.809355 0.025000
0.809451 0.025000
0.809547 0.025000
0.809644 0.025000
0.809740 0.025000
0.809836 0.025000
0.809932 0.025000
0.810028 0.025000
0.810124 0.025000
0.810220 0.025000
0.810317 0.025000
0.810413 0.025000
0.810509 0.025000
0.810605 0.025000
0.810701 0.025000
0.810797 0.025000
0.810893 0.025000
0.810990 0.025000
0.811086 0.025000
0.811182 0.025000
0.811278 0.025000
0.811374 0.025000
0.811470 0.025000
0.811566 0.025000
0.811663 0.025000
0.811759 0.025000
0.811855 0.025000
0.811951 0.025000
0.812047 0.025000
0.812143 0.025000
0.812239 0.025000
0.812335 0.025000
0.812432 0.025000
0.812528 0.025000
0.812624 0.025000
0.812720 0.025000
0.812816 0.025000
0.812912 0.025000
0.813008 0.025000
0.813105 0.025000
0.813201 0.025000
0.813297 0.025000
0.813393 0.025000
0.813489 0.025000
0.813585 0.025000
0.813681 0.025000
0.813778 0.025000
0.813874 0.025000
0.813970 0.025000
0.814066 0.025000
0.814162 0.025000
0.814258 0.025000
0.814354 0.025000
0.814451 0.025000
0.814547 0.025000
0.814643 0.025000
0.814739 0.025000
0.814835 0.025000
0.814931 0.025000
0.815027 0.025000
0.815123 0.025000
0.815220 0.025000
0.815316 0.025000
0.815412 0.025000
0.815508 0.025000
0.815604 0.025000
0.815700 0.025000
0.815796 0.025000
0.815893 0.025000
0.815989 0.025000
0.816085 0.025000
0.816181 0.025000
0.816277 0.025000
0.816373 0.025000
0.816469 0.025000
0.816566 0.025000
0.816662 0.025000
0.816758 0.025000
0.816854 0.025000
0.816950 0.025000
0.817046 0.025000
0.817142 0.025000
0.817239 0.025000
0.817335 0.025000
0.817431 0.025000
0.817527 0.025000
0.817623 0.025000
0.817719 0.025000
0.817815 0.025000
0.817911 0.025000
0.818008 0.025000
0.818104 0.025000
0.818200 0.025000
0.818296 0.025000
0.818392 0.025000
0.818488 0.025000
0.818584 0.025000
0.818681 0.025000
0.818777 0.025000
0.818873 0.025000
0.818969 0.022222
0.819065 0.022222
0.819161 0.022222
0.819257 0.022222
0.819354 0.022222
0.819450 0.022222
0.819546 0.022222
0.819642 0.022222
0.819738 0.022222
0.819834 0.022222
0.819930 0.022222
0.820027 0.022222
0.820123 0.022222
0.820219 0.022222
0.820315 0.022222
0.820411 0.022222
0.820507 0.022222
0.820603 0.022222
0.820699 0.022222
0.820796 0.022222
0.820892 0.022222
0.820988 0.022222
0.821084 0.022222
0.821180 0.022222
0.821276 0.022222
0.821372 0.022222
0.821469 0.022222
0.821565 0.022222
0.821661 0.022222
0.821757 0.022222
0.821853 0.022222
0.821949 0.022222
0.822045 0.022222
0.822142 0.019444
0.822238 0.019444
0.822334 0.019444
0.822430 0.019444
0.822526 0.019444
0.822622 0.019444
0.822718 0.019444
0.822815 0.019444
0.822911 0.019444
0.823007 0.019444
0.823103 0.019444
0.823199 0.019444
0.823295 0.019444
0.823391 0.019444
0.823487 0.019444
0.823584 0.019444
0.823680 0.019444
0.823776 0.019444
0.823872 0.019444
0.823968 0.019444
0.824064 0.019444
0.824160 0.019444
0.824257 0.019444
0.824353 0.019444
0.824449 0.019444
0.824545 0.019444
0.824641 0.019444
0.824737 0.019444
0.824833 0.019444
0.824930 0.019444
0.825026 0.019444
0.825122 0.019444
0.825218 0.019444
0.825314 0.019444
0.825410 0.019444
0.825506 0.019444
0.825603 0.019444
0.825699 0.019444
0.825795 0.019444
0.825891 0.019444
0.825987 0.019444
0.826083 0.019444
0.826179 0.019444
0.826275 0.019444
0.826372 0.019444
0.826468 0.019444
0.826564 0.019444
0.826660 0.019444
0.826756 0.019444
0.826852 0.019444
0.826948 0.019444
0.827045 0.019444
0.827141 0.019444
0.827237 0.019444
0.827333 0.019444
0.827429 0.019444
0.827525 0.019444
0.827621 0.019444
0.827718 0.019444
0.827814 0.019444
0.827910 0.019444
0.828006 0.019444
0.828102 0.019444
0.828198 0.019444
0.828294 0.019444
0.828391 0.019444
0.828487 0.019444
0.828583 0.019444
0.828679 0.019444
0.828775 0.019444
0.828871 0.019444
0.828967 0.019444
0.829063 0.019444
0.829160 0.019444
0.829256 0.019444
0.829352 0.019444
0.829448 0.019444
0.829544 0.019444
0.829640 0.019444
0.829736 0.019444
0.829833 0.019444
0.829929 0.019444
0.830025 0.019444
0.830121 0.019444
0.830217 0.019444
0.830313 0.019444
0.830409 0.019444
0.830506 0.019444
0.830602 0.019444
0.830698 0.019444
0.830794 0.019444
0.830890 0.019444
0.830986 0.019444
0.831082 0.019444
0.831179 0.019444
0.831275 0.019444
0.831371 0.019444
0.831467 0.019444
0.831563 0.019444
0.831659 0.019444
0.831755 0.019444
0.831852 0.019444
0.831948 0.019444
0.832044 0.019444
0.832140 0.019444
0.832236 0.019444
0.832332 0.019444
0.832428 0.019444
0.832524 0.019444
0.832621 0.019444
0.832717 0.019444
0.832813 0.019444
0.832909 0.019444
0.833005 0.019444
0.833101 0.019444
0.833197 0.019444
0.833294 0.016667
0.833390 0.016667
0.833486 0.016667
0.833582 0.016667
0.833678 0.016667
0.833774 0.016667
0.833870 0.016667
0.833967 0.016667
0.834063 0.016667
0.834159 0.016667
0.834255 0.016667
0.834351 0.016667
0.834447 0.016667
0.834543 0.016667
0.834640 0.016667
0.834736 0.016667
0.834832 0.016667
0.834928 0.016667
0.835024 0.016667
0.835120 0.016667
0.835216 0.016667
0.835312 0.016667
0.835409 0.016667
0.835505 0.016667
0.835601 0.016667
0.835697 0.016667
0.835793 0.016667
0.835889 0.016667
0.835985 0.016667
0.836082 0.016667
0.836178 0.016667
0.836274 0.016667
0.836370 0.016667
0.836466 0.016667
0.836562 0.016667
0.836658 0.016667
0.836755 0.016667
0.836851 0.016667
0.836947 0.016667
0.837043 0.016667
0.837139 0.016667
0.837235 0.016667
0.837331 0.016667
0.837428 0.016667
0.837524 0.016667
0.837620 0.016667
0.837716 0.016667
0.837812 0.016667
0.837908 0.016667
0.838004 0.016667
0.838100 0.016667
0.838197 0.016667
0.838293 0.016667
0.838389 0.016667
0.838485 0.016667
0.838581 0.016667
0.838677 0.016667
0.838773 0.016667
0.838870 0.016667
0.838966 0.016667
0.839062 0.016667
0.839158 0.016667
0.839254 0.016667
0.839350 0.016667
0.839446 0.013889
0.839543 0.013889
0.839639 0.013889
0.839735 0.013889
0.839831 0.013889
0.839927 0.013889
0.840023 0.013889
0.840119 0.013889
0.840216 0.013889
0.840312 0.013889
0.840408 0.011111
0.840504 0.011111
0.840600 0.011111
0.840696 0.011111
0.840792 0.011111
0.840888 0.011111
0.840985 0.011111
0.841081 0.011111
0.841177 0.011111
0.841273 0.011111
0.841369 0.011111
0.841465 0.011111
0.841561 0.011111
0.841658 0.011111
0.841754 0.011111
0.841850 0.011111
0.841946 0.011111
0.842042 0.011111
0.842138 0.011111
0.842234 0.011111
0.842331 0.011111
0.842427 0.011111
0.842523 0.011111
0.842619 0.011111
0.842715 0.011111
0.842811 0.011111
0.842907 0.011111
0.843004 0.011111
0.843100 0.011111
0.843196 0.011111
0.843292 0.011111
0.843388 0.011111
0.843484 0.011111
0.843580 0.011111
0.843676 0.011111
0.843773 0.011111
0.843869 0.011111
0.843965 0.011111
0.844061 0.011111
0.844157 0.011111
0.844253 0.011111
0.844349 0.011111
0.844446 0.011111
0.844542 0.011111
0.844638 0.011111
0.844734 0.011111
0.844830 0.011111
0.844926 0.011111
0.845022 0.011111
0.845119 0.011111
0.845215 0.011111
0.845311 0.011111
0.845407 0.011111
0.845503 0.011111
0.845599 0.011111
0.845695 0.011111
0.845792 0.011111
0.845888 0.011111
0.845984 0.011111
0.846080 0.011111
0.846176 0.011111
0.846272 0.011111
0.846368 0.011111
0.846464 0.011111
0.846561 0.011111
0.846657 0.011111
0.846753 0.011111
0.846849 0.011111
0.846945 0.011111
0.847041 0.011111
0.847137 0.011111
0.847234 0.011111
0.847330 0.011111
0.847426 0.011111
0.847522 0.011111
0.847618 0.011111
0.847714 0.011111
0.847810 0.011111
0.847907 0.011111
0.848003 0.011111
0.848099 0.011111
0.848195 0.011111
0.848291 0.011111
0.848387 0.011111
0.848483 0.011111
0.848580 0.011111
0.848676 0.011111
0.848772 0.011111
0.848868 0.011111
0.848964 0.011111
0.849060 0.011111
0.849156 0.011111
0.849252 0.011111
0.849349 0.011111
0.849445 0.011111
0.849541 0.011111
0.849637 0.011111
0.849733 0.011111
0.849829 0.011111
0.849925 0.011111
0.850022 0.011111
0.850118 0.011111
0.850214 0.011111
0.850310 0.011111
0.850406 0.011111
0.850502 0.011111
0.850598 0.011111
0.850695 0.011111
0.850791 0.011111
0.850887 0.011111
0.850983 0.011111
0.851079 0.011111
0.851175 0.011111
0.851271 0.011111
0.851368 0.011111
0.851464 0.011111
0.851560 0.011111
0.851656 0.011111
0.851752 0.011111
0.851848 0.011111
0.851944 0.011111
0.852040 0.011111
0.852137 0.011111
0.852233 0.011111
0.852329 0.011111
0.852425 0.011111
0.852521 0.011111
0.852617 0.011111
0.852713 0.011111
0.852810 0.011111
0.852906 0.011111
0.853002 0.011111
0.853098 0.011111
0.853194 0.011111
0.853290 0.011111
0.853386 0.011111
0.853483 0.011111
0.853579 0.011111
0.853675 0.011111
0.853771 0.011111
0.853867 0.011111
0.853963 0.011111
0.854059 0.011111
0.854156 0.011111
0.854252 0.011111
0.854348 0.011111
0.854444 0.011111
0.854540 0.011111
0.854636 0.011111
0.854732 0.011111
0.854828 0.011111
0.854925 0.011111
0.855021 0.011111
0.855117 0.011111
0.855213 0.011111
0.855309 0.011111
0.855405 0.011111
0.855501 0.011111
0.855598 0.011111
0.855694 0.011111
0.855790 0.011111
0.855886 0.011111
0.855982 0.011111
0.856078 0.011111
0.856174 0.011111
0.856271 0.011111
0.856367 0.011111
0.856463 0.011111
0.856559 0.011111
0.856655 0.011111
0.856751 0.011111
0.856847 0.011111
0.856944 0.011111
0.857040 0.011111
0.857136 0.011111
0.857232 0.011111
0.857328 0.011111
0.857424 0.011111
0.857520 0.011111
0.857616 0.011111
0.857713 0.011111
0.857809 0.011111
0.857905 0.011111
0.858001 0.011111
0.858097 0.011111
0.858193 0.011111
0.858289 0.011111
0.858386 0.011111
0.858482 0.011111
0.858578 0.011111
0.858674 0.011111
0.858770 0.011111
0.858866 0.011111
0.858962 0.011111
0.859059 0.011111
0.859155 0.011111
0.859251 0.011111
0.859347 0.011111
0.859443 0.011111
0.859539 0.011111
0.859635 0.011111
0.859732 0.011111
0.859828 0.011111
0.859924 0.011111
0.860020 0.011111
0.860116 0.011111
0.860212 0.011111
0.860308 0.011111
0.860404 0.011111
0.860501 0.011111
0.860597 0.011111
0.860693 0.011111
0.860789 0.011111
0.860885 0.011111
0.860981 0.011111
0.861077 0.011111
0.861174 0.011111
0.861270 0.011111
0.861366 0.011111
0.861462 0.011111
0.861558 0.011111
0.861654 0.011111
0.861750 0.011111
0.861847 0.011111
0.861943 0.011111
0.862039 0.011111
0.862135 0.011111
0.862231 0.011111
0.862327 0.011111
0.862423 0.011111
0.862520 0.011111
0.862616 0.011111
0.862712 0.011111
0.862808 0.011111
0.862904 0.011111
0.863000 0.011111
0.863096 0.011111
0.863192 0.011111
0.863289 0.011111
0.863385 0.011111
0.863481 0.011111
0.863577 0.011111
0.863673 0.011111
0.863769 0.011111
0.863865 0.011111
0.863962 0.011111
0.864058 0.011111
0.864154 0.011111
0.864250 0.011111
0.864346 0.011111
0.864442 0.011111
0.864538 0.011111
0.864635 0.011111
0.864731 0.011111
0.864827 0.011111
0.864923 0.011111
0.865019 0.011111
0.865115 0.011111
0.865211 0.011111
0.865308 0.011111
0.865404 0.011111
0.865500 0.011111
0.865596 0.011111
0.865692 0.011111
0.865788 0.011111
0.865884 0.011111
0.865980 0.011111
0.866077 0.011111
0.866173 0.011111
0.866269 0.011111
0.866365 0.011111
0.866461 0.011111
0.866557 0.011111
0.866653 0.011111
0.866750 0.011111
0.866846 0.011111
0.866942 0.011111
0.867038 0.011111
0.867134 0.011111
0.867230 0.011111
0.867326 0.011111
0.867423 0.011111
0.867519 0.011111
0.867615 0.011111
0.867711 0.011111
0.867807 0.011111
0.867903 0.011111
0.867999 0.011111
0.868096 0.011111
0.868192 0.011111
0.868288 0.011111
0.868384 0.011111
0.868480 0.011111
0.868576 0.011111
0.868672 0.011111
0.868768 0.011111
0.868865 0.011111
0.868961 0.011111
0.869057 0.011111
0.869153 0.011111
0.869249 0.011111
0.869345 0.011111
0.869441 0.011111
0.869538 0.011111
0.869634 0.011111
0.869730 0.011111
0.869826 0.011111
0.869922 0.011111
0.870018 0.011111
0.870114 0.011111
0.870211 0.011111
0.870307 0.011111
0.870403 0.011111
0.870499 0.011111
0.870595 0.011111
0.870691 0.011111
0.870787 0.011111
0.870884 0.011111
0.870980 0.011111
0.871076 0.011111
0.871172 0.011111
0.871268 0.011111
0.871364 0.011111
0.871460 0.011111
0.871556 0.011111
0.871653 0.011111
0.871749 0.011111
0.871845 0.011111
0.871941 0.011111
0.872037 0.011111
0.872133 0.011111
0.872229 0.011111
0.872326 0.011111
0.872422 0.011111
0.872518 0.011111
0.872614 0.011111
0.872710 0.011111
0.872806 0.011111
0.872902 0.011111
0.872999 0.011111
0.873095 0.011111
0.873191 0.011111
0.873287 0.011111
0.873383 0.011111
0.873479 0.011111
0.873575 0.011111
0.873672 0.011111
0.873768 0.011111
0.873864 0.011111
0.873960 0.011111
0.874056 0.011111
0.874152 0.011111
0.874248 0.011111
0.874345 0.011111
0.874441 0.011111
0.874537 0.011111
0.874633 0.011111
0.874729 0.011111
0.874825 0.011111
0.874921 0.011111
0.875017 0.011111
0.875114 0.011111
0.875210 0.011111
0.875306 0.011111
0.875402 0.011111
0.875498 0.011111
0.875594 0.011111
0.875690 0.011111
0.875787 0.011111
0.875883 0.011111
0.875979 0.011111
0.876075 0.011111
0.876171 0.011111
0.876267 0.011111
0.876363 0.011111
0.876460 0.011111
0.876556 0.011111
0.876652 0.011111
0.876748 0.011111
0.876844 0.011111
0.876940 0.011111
0.877036 0.011111
0.877133 0.011111
0.877229 0.011111
0.877325 0.011111
0.877421 0.011111
0.877517 0.011111
0.877613 0.011111
0.877709 0.011111
0.877805 0.011111
0.877902 0.011111
0.877998 0.011111
0.878094 0.011111
0.878190 0.011111
0.878286 0.011111
0.878382 0.011111
0.878478 0.011111
0.878575 0.011111
0.878671 0.011111
0.878767 0.011111
0.878863 0.011111
0.878959 0.011111
0.879055 0.011111
0.879151 0.011111
0.879248 0.011111
0.879344 0.011111
0.879440 0.011111
0.879536 0.011111
0.879632 0.011111
0.879728 0.011111
0.879824 0.011111
0.879921 0.011111
0.880017 0.011111
0.880113 0.011111
0.880209 0.011111
0.880305 0.011111
0.880401 0.011111
0.880497 0.011111
0.880593 0.011111
0.880690 0.011111
0.880786 0.011111
0.880882 0.011111
0.880978 0.011111
0.881074 0.011111
0.881170 0.011111
0.881266 0.011111
0.881363 0.011111
0.881459 0.011111
0.881555 0.011111
0.881651 0.011111
0.881747 0.011111
0.881843 0.011111
0.881939 0.011111
0.882036 0.011111
0.882132 0.011111
0.882228 0.011111
0.882324 0.011111
0.882420 0.011111
0.882516 0.011111
0.882612 0.011111
0.882709 0.011111
0.882805 0.011111
0.882901 0.011111
0.882997 0.011111
0.883093 0.011111
0.883189 0.011111
0.883285 0.011111
0.883381 0.011111
0.883478 0.011111
0.883574 0.011111
0.883670 0.011111
0.883766 0.011111
0.883862 0.011111
0.883958 0.011111
0.884054 0.011111
0.884151 0.011111
0.884247 0.011111
0.884343 0.011111
0.884439 0.011111
0.884535 0.011111
0.884631 0.011111
0.884727 0.011111
0.884824 0.011111
0.884920 0.011111
0.885016 0.011111
0.885112 0.011111
0.885208 0.011111
0.885304 0.011111
0.885400 0.011111
0.885497 0.011111
0.885593 0.011111
0.885689 0.011111
0.885785 0.011111
0.885881 0.011111
0.885977 0.011111
0.886073 0.011111
0.886169 0.011111
0.886266 0.011111
0.886362 0.011111
0.886458 0.011111
0.886554 0.011111
0.886650 0.011111
0.886746 0.011111
0.886842 0.011111
0.886939 0.011111
0.887035 0.011111
0.887131 0.011111
0.887227 0.011111
0.887323 0.011111
0.887419 0.011111
0.887515 0.011111
0.887612 0.011111
0.887708 0.011111
0.887804 0.011111
0.887900 0.011111
0.887996 0.011111
0.888092 0.011111
0.888188 0.011111
0.888285 0.011111
0.888381 0.011111
0.888477 0.011111
0.888573 0.011111
0.888669 0.011111
0.888765 0.011111
0.888861 0.011111
0.888957 0.011111
0.889054 0.011111
0.889150 0.011111
0.889246 0.011111
0.889342 0.011111
0.889438 0.011111
0.889534 0.011111
0.889630 0.011111
0.889727 0.011111
0.889823 0.011111
0.889919 0.011111
0.890015 0.011111
0.890111 0.011111
0.890207 0.011111
0.890303 0.011111
0.890400 0.011111
0.890496 0.011111
0.890592 0.011111
0.890688 0.011111
0.890784 0.011111
0.890880 0.011111
0.890976 0.011111
0.891073 0.011111
0.891169 0.011111
0.891265 0.011111
0.891361 0.011111
0.891457 0.011111
0.891553 0.011111
0.891649 0.011111
0.891745 0.011111
0.891842 0.011111
0.891938 0.011111
0.892034 0.011111
0.892130 0.011111
0.892226 0.011111
0.892322 0.011111
0.892418 0.011111
0.892515 0.011111
0.892611 0.011111
0.892707 0.011111
0.892803 0.011111
0.892899 0.011111
0.892995 0.011111
0.893091 0.011111
0.893188 0.011111
0.893284 0.011111
0.893380 0.011111
0.893476 0.011111
0.893572 0.011111
0.893668 0.011111
0.893764 0.011111
0.893861 0.011111
0.893957 0.011111
0.894053 0.011111
0.894149 0.011111
0.894245 0.011111
0.894341 0.011111
0.894437 0.011111
0.894533 0.011111
0.894630 0.011111
0.894726 0.011111
0.894822 0.011111
0.894918 0.011111
0.895014 0.011111
0.895110 0.011111
0.895206 0.011111
0.895303 0.011111
0.895399 0.011111
0.895495 0.011111
0.895591 0.011111
0.895687 0.011111
0.895783 0.011111
0.895879 0.011111
0.895976 0.011111
0.896072 0.011111
0.896168 0.011111
0.896264 0.011111
0.896360 0.011111
0.896456 0.011111
0.896552 0.011111
0.896649 0.011111
0.896745 0.011111
0.896841 0.011111
0.896937 0.011111
0.897033 0.011111
0.897129 0.011111
0.897225 0.011111
0.897321 0.011111
0.897418 0.011111
0.897514 0.011111
0.897610 0.011111
0.897706 0.011111
0.897802 0.011111
0.897898 0.011111
0.897994 0.011111
0.898091 0.011111
0.898187 0.011111
0.898283 0.011111
0.898379 0.011111
0.898475 0.011111
0.898571 0.011111
0.898667 0.011111
0.898764 0.011111
0.898860 0.011111
0.898956 0.011111
0.899052 0.011111
0.899148 0.011111
0.899244 0.011111
0.899340 0.011111
0.899437 0.011111
0.899533 0.011111
0.899629 0.011111
0.899725 0.011111
0.899821 0.011111
0.899917 0.011111
0.900013 0.011111
0.900109 0.011111
0.900206 0.011111
0.900302 0.011111
0.900398 0.011111
0.900494 0.011111
0.900590 0.011111
0.900686 0.011111
0.900782 0.011111
0.900879 0.011111
0.900975 0.011111
0.901071 0.011111
0.901167 0.011111
0.901263 0.011111
0.901359 0.011111
0.901455 0.011111
0.901552 0.011111
0.901648 0.011111
0.901744 0.011111
0.901840 0.011111
0.901936 0.011111
0.902032 0.011111
0.902128 0.011111
0.902225 0.011111
0.902321 0.011111
0.902417 0.011111
0.902513 0.011111
0.902609 0.011111
0.902705 0.011111
0.902801 0.011111
0.902897 0.011111
0.902994 0.011111
0.903090 0.011111
0.903186 0.011111
0.903282 0.011111
0.903378 0.011111
0.903474 0.011111
0.903570 0.011111
0.903667 0.011111
0.903763 0.011111
0.903859 0.011111
0.903955 0.011111
0.904051 0.011111
0.904147 0.011111
0.904243 0.011111
0.904340 0.011111
0.904436 0.011111
0.904532 0.011111
0.904628 0.011111
0.904724 0.011111
0.904820 0.011111
0.904916 0.011111
0.905013 0.011111
0.905109 0.011111
0.905205 0.011111
0.905301 0.011111
0.905397 0.011111
0.905493 0.011111
0.905589 0.011111
0.905685 0.011111
0.905782 0.011111
0.905878 0.011111
0.905974 0.011111
0.906070 0.011111
0.906166 0.011111
0.906262 0.011111
0.906358 0.011111
0.906455 0.011111
0.906551 0.011111
0.906647 0.011111
0.906743 0.011111
0.906839 0.011111
0.906935 0.011111
0.907031 0.011111
0.907128 0.011111
0.907224 0.011111
0.907320 0.011111
0.907416 0.011111
0.907512 0.011111
0.907608 0.011111
0.907704 0.011111
0.907801 0.011111
0.907897 0.011111
0.907993 0.011111
0.908089 0.011111
0.908185 0.011111
0.908281 0.011111
0.908377 0.011111
0.908473 0.011111
0.908570 0.011111
0.908666 0.011111
0.908762 0.011111
0.908858 0.011111
0.908954 0.011111
0.909050 0.011111
0.909146 0.011111
0.909243 0.008333
0.909339 0.008333
0.909435 0.008333
0.909531 0.008333
0.909627 0.008333
0.909723 0.008333
0.909819 0.008333
0.909916 0.008333
0.910012 0.008333
0.910108 0.008333
0.910204 0.008333
0.910300 0.008333
0.910396 0.008333
0.910492 0.008333
0.910589 0.008333
0.910685 0.008333
0.910781 0.008333
0.910877 0.008333
0.910973 0.008333
0.911069 0.008333
0.911165 0.008333
0.911261 0.008333
0.911358 0.008333
0.911454 0.008333
0.911550 0.008333
0.911646 0.008333
0.911742 0.008333
0.911838 0.008333
0.911934 0.008333
0.912031 0.008333
0.912127 0.008333
0.912223 0.008333
0.912319 0.008333
0.912415 0.008333
0.912511 0.008333
0.912607 0.008333
0.912704 0.008333
0.912800 0.008333
0.912896 0.008333
0.912992 0.008333
0.913088 0.008333
0.913184 0.008333
0.913280 0.008333
0.913377 0.008333
0.913473 0.008333
0.913569 0.008333
0.913665 0.008333
0.913761 0.008333
0.913857 0.008333
0.913953 0.008333
0.914050 0.008333
0.914146 0.008333
0.914242 0.008333
0.914338 0.008333
0.914434 0.008333
0.914530 0.008333
0.914626 0.008333
0.914722 0.008333
0.914819 0.008333
0.914915 0.008333
0.915011 0.008333
0.915107 0.008333
0.915203 0.008333
0.915299 0.008333
0.915395 0.008333
0.915492 0.008333
0.915588 0.008333
0.915684 0.008333
0.915780 0.008333
0.915876 0.008333
0.915972 0.008333
0.916068 0.008333
0.916165 0.008333
0.916261 0.008333
0.916357 0.008333
0.916453 0.008333
0.916549 0.008333
0.916645 0.008333
0.916741 0.008333
0.916838 0.008333
0.916934 0.008333
0.917030 0.008333
0.917126 0.008333
0.917222 0.008333
0.917318 0.008333
0.917414 0.008333
0.917510 0.008333
0.917607 0.008333
0.917703 0.008333
0.917799 0.008333
0.917895 0.008333
0.917991 0.008333
0.918087 0.008333
0.918183 0.008333
0.918280 0.008333
0.918376 0.008333
0.918472 0.008333
0.918568 0.008333
0.918664 0.008333
0.918760 0.008333
0.918856 0.008333
0.918953 0.008333
0.919049 0.008333
0.919145 0.008333
0.919241 0.008333
0.919337 0.008333
0.919433 0.008333
0.919529 0.008333
0.919626 0.008333
0.919722 0.008333
0.919818 0.008333
0.919914 0.008333
0.920010 0.008333
0.920106 0.008333
0.920202 0.008333
0.920298 0.008333
0.920395 0.008333
0.920491 0.008333
0.920587 0.008333
0.920683 0.008333
0.920779 0.008333
0.920875 0.008333
0.920971 0.008333
0.921068 0.008333
0.921164 0.008333
0.921260 0.008333
0.921356 0.008333
0.921452 0.008333
0.921548 0.008333
0.921644 0.008333
0.921741 0.008333
0.921837 0.008333
0.921933 0.008333
0.922029 0.008333
0.922125 0.008333
0.922221 0.008333
0.922317 0.008333
0.922414 0.008333
0.922510 0.008333
0.922606 0.008333
0.922702 0.008333
0.922798 0.008333
0.922894 0.008333
0.922990 0.008333
0.923086 0.008333
0.923183 0.008333
0.923279 0.008333
0.923375 0.008333
0.923471 0.008333
0.923567 0.008333
0.923663 0.008333
0.923759 0.008333
0.923856 0.008333
0.923952 0.008333
0.924048 0.008333
0.924144 0.008333
0.924240 0.008333
0.924336 0.008333
0.924432 0.008333
0.924529 0.008333
0.924625 0.008333
0.924721 0.008333
0.924817 0.008333
0.924913 0.008333
0.925009 0.008333
0.925105 0.008333
0.925202 0.008333
0.925298 0.008333
0.925394 0.008333
0.925490 0.008333
0.925586 0.008333
0.925682 0.008333
0.925778 0.008333
0.925874 0.008333
0.925971 0.008333
0.926067 0.008333
0.926163 0.008333
0.926259 0.008333
0.926355 0.008333
0.926451 0.008333
0.926547 0.008333
0.926644 0.008333
0.926740 0.008333
0.926836 0.008333
0.926932 0.008333
0.927028 0.008333
0.927124 0.008333
0.927220 0.008333
0.927317 0.008333
0.927413 0.008333
0.927509 0.008333
0.927605 0.008333
0.927701 0.008333
0.927797 0.008333
0.927893 0.008333
0.927990 0.008333
0.928086 0.008333
0.928182 0.008333
0.928278 0.008333
0.928374 0.008333
0.928470 0.008333
0.928566 0.008333
0.928662 0.008333
0.928759 0.008333
0.928855 0.008333
0.928951 0.008333
0.929047 0.008333
0.929143 0.008333
0.929239 0.008333
0.929335 0.008333
0.929432 0.008333
0.929528 0.008333
0.929624 0.008333
0.929720 0.008333
0.929816 0.008333
0.929912 0.008333
0.930008 0.008333
0.930105 0.008333
0.930201 0.008333
0.930297 0.008333
0.930393 0.008333
0.930489 0.008333
0.930585 0.008333
0.930681 0.008333
0.930778 0.008333
0.930874 0.008333
0.930970 0.008333
0.931066 0.008333
0.931162 0.008333
0.931258 0.008333
0.931354 0.008333
0.931450 0.008333
0.931547 0.008333
0.931643 0.008333
0.931739 0.008333
0.931835 0.008333
0.931931 0.008333
0.932027 0.008333
0.932123 0.008333
0.932220 0.008333
0.932316 0.008333
0.932412 0.008333
0.932508 0.008333
0.932604 0.008333
0.932700 0.008333
0.932796 0.008333
0.932893 0.008333
0.932989 0.008333
0.933085 0.008333
0.933181 0.008333
0.933277 0.008333
0.933373 0.008333
0.933469 0.008333
0.933566 0.008333
0.933662 0.008333
0.933758 0.008333
0.933854 0.008333
0.933950 0.008333
0.934046 0.008333
0.934142 0.008333
0.934238 0.008333
0.934335 0.008333
0.934431 0.008333
0.934527 0.008333
0.934623 0.008333
0.934719 0.008333
0.934815 0.008333
0.934911 0.008333
0.935008 0.008333
0.935104 0.008333
0.935200 0.008333
0.935296 0.008333
0.935392 0.008333
0.935488 0.008333
0.935584 0.008333
0.935681 0.008333
0.935777 0.008333
0.935873 0.008333
0.935969 0.008333
0.936065 0.008333
0.936161 0.008333
0.936257 0.008333
0.936354 0.008333
0.936450 0.008333
0.936546 0.008333
0.936642 0.008333
0.936738 0.008333
0.936834 0.008333
0.936930 0.008333
0.937026 0.008333
0.937123 0.008333
0.937219 0.008333
0.937315 0.008333
0.937411 0.008333
0.937507 0.008333
0.937603 0.008333
0.937699 0.008333
0.937796 0.008333
0.937892 0.008333
0.937988 0.008333
0.938084 0.008333
0.938180 0.008333
0.938276 0.008333
0.938372 0.008333
0.938469 0.008333
0.938565 0.008333
0.938661 0.008333
0.938757 0.008333
0.938853 0.008333
0.938949 0.008333
0.939045 0.008333
0.939142 0.008333
0.939238 0.008333
0.939334 0.008333
0.939430 0.008333
0.939526 0.008333
0.939622 0.008333
0.939718 0.008333
0.939814 0.008333
0.939911 0.008333
0.940007 0.008333
0.940103 0.008333
0.940199 0.008333
0.940295 0.008333
0.940391 0.008333
0.940487 0.008333
0.940584 0.008333
0.940680 0.008333
0.940776 0.008333
0.940872 0.008333
0.940968 0.008333
0.941064 0.008333
0.941160 0.008333
0.941257 0.008333
0.941353 0.008333
0.941449 0.008333
0.941545 0.008333
0.941641 0.008333
0.941737 0.008333
0.941833 0.008333
0.941930 0.008333
0.942026 0.008333
0.942122 0.008333
0.942218 0.008333
0.942314 0.008333
0.942410 0.008333
0.942506 0.008333
0.942602 0.008333
0.942699 0.008333
0.942795 0.008333
0.942891 0.008333
0.942987 0.008333
0.943083 0.008333
0.943179 0.008333
0.943275 0.008333
0.943372 0.008333
0.943468 0.008333
0.943564 0.008333
0.943660 0.008333
0.943756 0.008333
0.943852 0.008333
0.943948 0.008333
0.944045 0.008333
0.944141 0.008333
0.944237 0.008333
0.944333 0.008333
0.944429 0.008333
0.944525 0.008333
0.944621 0.008333
0.944718 0.008333
0.944814 0.008333
0.944910 0.008333
0.945006 0.008333
0.945102 0.008333
0.945198 0.008333
0.945294 0.008333
0.945390 0.008333
0.945487 0.008333
0.945583 0.008333
0.945679 0.008333
0.945775 0.008333
0.945871 0.008333
0.945967 0.008333
0.946063 0.008333
0.946160 0.008333
0.946256 0.008333
0.946352 0.008333
0.946448 0.008333
0.946544 0.008333
0.946640 0.008333
0.946736 0.008333
0.946833 0.008333
0.946929 0.008333
0.947025 0.008333
0.947121 0.008333
0.947217 0.008333
0.947313 0.008333
0.947409 0.008333
0.947506 0.008333
0.947602 0.008333
0.947698 0.008333
0.947794 0.008333
0.947890 0.008333
0.947986 0.008333
0.948082 0.008333
0.948178 0.008333
0.948275 0.008333
0.948371 0.008333
0.948467 0.008333
0.948563 0.008333
0.948659 0.008333
0.948755 0.008333
0.948851 0.008333
0.948948 0.008333
0.949044 0.008333
0.949140 0.008333
0.949236 0.008333
0.949332 0.008333
0.949428 0.008333
0.949524 0.008333
0.949621 0.008333
0.949717 0.008333
0.949813 0.008333
0.949909 0.008333
0.950005 0.008333
0.950101 0.008333
0.950197 0.008333
0.950294 0.008333
0.950390 0.008333
0.950486 0.008333
0.950582 0.008333
0.950678 0.008333
0.950774 0.008333
0.950870 0.008333
0.950966 0.008333
0.951063 0.008333
0.951159 0.008333
0.951255 0.008333
0.951351 0.008333
0.951447 0.008333
0.951543 0.008333
0.951639 0.008333
0.951736 0.008333
0.951832 0.008333
0.951928 0.008333
0.952024 0.008333
0.952120 0.008333
0.952216 0.008333
0.952312 0.008333
0.952409 0.008333
0.952505 0.008333
0.952601 0.008333
0.952697 0.008333
0.952793 0.008333
0.952889 0.008333
0.952985 0.008333
0.953082 0.008333
0.953178 0.008333
0.953274 0.005556
0.953370 0.005556
0.953466 0.005556
0.953562 0.005556
0.953658 0.005556
0.953755 0.005556
0.953851 0.005556
0.953947 0.005556
0.954043 0.005556
0.954139 0.005556
0.954235 0.005556
0.954331 0.005556
0.954427 0.005556
0.954524 0.005556
0.954620 0.005556
0.954716 0.005556
0.954812 0.005556
0.954908 0.005556
0.955004 0.005556
0.955100 0.005556
0.955197 0.005556
0.955293 0.005556
0.955389 0.005556
0.955485 0.005556
0.955581 0.005556
0.955677 0.005556
0.955773 0.005556
0.955870 0.005556
0.955966 0.005556
0.956062 0.005556
0.956158 0.005556
0.956254 0.005556
0.956350 0.005556
0.956446 0.005556
0.956543 0.005556
0.956639 0.005556
0.956735 0.005556
0.956831 0.005556
0.956927 0.005556
0.957023 0.005556
0.957119 0.005556
0.957215 0.005556
0.957312 0.005556
0.957408 0.005556
0.957504 0.005556
0.957600 0.005556
0.957696 0.005556
0.957792 0.005556
0.957888 0.005556
0.957985 0.005556
0.958081 0.005556
0.958177 0.005556
0.958273 0.005556
0.958369 0.005556
0.958465 0.002778
0.958561 0.002778
0.958658 0.002778
0.958754 0.002778
0.958850 0.002778
0.958946 0.002778
0.959042 0.002778
0.959138 0.002778
0.959234 0.002778
0.959331 0.002778
0.959427 0.002778
0.959523 0.002778
0.959619 0.002778
0.959715 0.002778
0.959811 0.002778
0.959907 0.002778
0.960003 0.002778
0.960100 0.002778
0.960196 0.002778
0.960292 0.002778
0.960388 0.002778
0.960484 0.002778
0.960580 0.002778
0.960676 0.002778
0.960773 0.002778
0.960869 0.002778
0.960965 0.002778
0.961061 0.002778
0.961157 0.002778
0.961253 0.002778
0.961349 0.002778
0.961446 0.002778
0.961542 0.002778
0.961638 0.002778
0.961734 0.002778
0.961830 0.002778
0.961926 0.002778
0.962022 0.002778
0.962119 0.002778
0.962215 0.002778
0.962311 0.002778
0.962407 0.002778
0.962503 0.002778
0.962599 0.002778
0.962695 0.002778
0.962791 0.002778
0.962888 0.002778
0.962984 0.002778
0.963080 0.002778
0.963176 0.002778
0.963272 0.002778
0.963368 0.002778
0.963464 0.002778
0.963561 0.002778
0.963657 0.002778
0.963753 0.002778
0.963849 0.002778
0.963945 0.002778
0.964041 0.002778
0.964137 0.002778
0.964234 0.002778
0.964330 0.002778
0.964426 0.002778
0.964522 0.002778
0.964618 0.002778
0.964714 0.002778
0.964810 0.002778
0.964907 0.002778
0.965003 0.002778
0.965099 0.002778
0.965195 0.002778
0.965291 0.002778
0.965387 0.002778
0.965483 0.002778
0.965579 0.002778
0.965676 0.002778
0.965772 0.002778
0.965868 0.002778
0.965964 0.002778
0.966060 0.002778
0.966156 0.002778
0.966252 0.002778
0.966349 0.002778
0.966445 0.002778
0.966541 0.002778
0.966637 0.002778
0.966733 0.002778
0.966829 0.002778
0.966925 0.002778
0.967022 0.002778
0.967118 0.002778
0.967214 0.002778
0.967310 0.002778
0.967406 0.002778
0.967502 0.002778
0.967598 0.002778
0.967695 0.002778
0.967791 0.002778
0.967887 0.002778
0.967983 0.002778
0.968079 0.002778
0.968175 0.002778
0.968271 0.002778
0.968367 0.002778
0.968464 0.002778
0.968560 0.002778
0.968656 0.002778
0.968752 0.002778
0.968848 0.002778
0.968944 0.002778
0.969040 0.002778
0.969137 0.002778
0.969233 0.002778
0.969329 0.002778
0.969425 0.002778
0.969521 0.002778
0.969617 0.002778
0.969713 0.002778
0.969810 0.002778
0.969906 0.002778
0.970002 0.002778
0.970098 0.002778
0.970194 0.002778
0.970290 0.002778
0.970386 0.002778
0.970483 0.002778
0.970579 0.002778
0.970675 0.002778
0.970771 0.002778
0.970867 0.002778
0.970963 0.002778
0.971059 0.002778
0.971155 0.002778
0.971252 0.002778
0.971348 0.002778
0.971444 0.002778
0.971540 0.002778
0.971636 0.002778
0.971732 0.002778
0.971828 0.002778
0.971925 0.002778
0.972021 0.002778
0.972117 0.002778
0.972213 0.002778
0.972309 0.002778
0.972405 0.002778
0.972501 0.002778
0.972598 0.002778
0.972694 0.002778
0.972790 0.002778
0.972886 0.002778
0.972982 0.002778
0.973078 0.002778
0.973174 0.002778
0.973271 0.002778
0.973367 0.002778
0.973463 0.002778
0.973559 0.002778
0.973655 0.002778
0.973751 0.002778
0.973847 0.002778
0.973943 0.002778
0.974040 0.002778
0.974136 0.002778
0.974232 0.002778
0.974328 0.002778
0.974424 0.002778
0.974520 0.002778
0.974616 0.002778
0.974713 0.002778
0.974809 0.002778
0.974905 0.002778
0.975001 0.002778
0.975097 0.002778
0.975193 0.002778
0.975289 0.002778
0.975386 0.002778
0.975482 0.002778
0.975578 0.002778
0.975674 0.002778
0.975770 0.002778
0.975866 0.002778
0.975962 0.000000
0.976059 0.000000
0.976155 0.000000
0.976251 0.000000
0.976347 0.000000
0.976443 0.000000
0.976539 0.000000
0.976635 0.000000
0.976731 0.000000
0.976828 0.000000
0.976924 0.000000
