# Threshold Efficiency
0.009364 1.000000
0.009462 1.000000
0.009559 1.000000
0.009656 1.000000
0.009754 1.000000
0.009851 1.000000
0.009949 1.000000
0.010046 1.000000
0.010144 1.000000
0.010241 1.000000
0.010339 1.000000
0.010436 1.000000
0.010534 1.000000
0.010631 1.000000
0.010728 1.000000
0.010826 1.000000
0.010923 1.000000
0.011021 1.000000
0.011118 1.000000
0.011216 1.000000
0.011313 1.000000
0.011411 1.000000
0.011508 1.000000
0.011605 1.000000
0.011703 1.000000
0.011800 1.000000
0.011898 1.000000
0.011995 1.000000
0.012093 1.000000
0.012190 1.000000
0.012288 1.000000
0.012385 1.000000
0.012483 1.000000
0.012580 1.000000
0.012677 1.000000
0.012775 1.000000
0.012872 1.000000
0.012970 0.999704
0.013067 0.999704
0.013165 0.999704
0.013262 0.999704
0.013360 0.999704
0.013457 0.999704
0.013555 0.999704
0.013652 0.999704
0.013749 0.999704
0.013847 0.999704
0.013944 0.999704
0.014042 0.999704
0.014139 0.999704
0.014237 0.999704
0.014334 0.999704
0.014432 0.999704
0.014529 0.999704
0.014627 0.999704
0.014724 0.999704
0.014821 0.999704
0.014919 0.999704
0.015016 0.999704
0.015114 0.999704
0.015211 0.999704
0.015309 0.999704
0.015406 0.999704
0.015504 0.999704
0.015601 0.999704
0.015699 0.999704
0.015796 0.999704
0.015893 0.999704
0.015991 0.999704
0.016088 0.999704
0.016186 0.999704
0.016283 0.999704
0.016381 0.999704
0.016478 0.999704
0.016576 0.999704
0.016673 0.999704
0.016771 0.999704
0.016868 0.999704
0.016965 0.999704
0.017063 0.999704
0.017160 0.999704
0.017258 0.999704
0.017355 0.999704
0.017453 0.999704
0.017550 0.999704
0.017648 0.999704
0.017745 0.999704
0.017842 0.999704
0.017940 0.999704
0.018037 0.999704
0.018135 0.999704
0.018232 0.999704
0.018330 0.999704
0.018427 0.999704
0.018525 0.999704
0.018622 0.999704
0.018720 0.999704
0.018817 0.999704
0.018914 0.999704
0.019012 0.999704
0.019109 0.999704
0.019207 0.999704
0.019304 0.999704
0.019402 0.999704
0.019499 0.999704
0.019597 0.999704
0.019694 0.999704
0.019792 0.999704
0.019889 0.999704
0.019986 0.999409
0.020084 0.999409
0.020181 0.999409
0.020279 0.999409
0.020376 0.999409
0.020474 0.999409
0.020571 0.999409
0.020669 0.999409
0.020766 0.999409
0.020864 0.999409
0.020961 0.999409
0.021058 0.999409
0.021156 0.999409
0.021253 0.999409
0.021351 0.999409
0.021448 0.999409
0.021546 0.999409
0.021643 0.999409
0.021741 0.999409
0.021838 0.999409
0.021936 0.999409
0.022033 0.999409
0.022130 0.999409
0.022228 0.999409
0.022325 0.999409
0.022423 0.999409
0.022520 0.999409
0.022618 0.999409
0.022715 0.999409
0.022813 0.999409
0.022910 0.999409
0.023008 0.999409
0.023105 0.999409
0.023202 0.999409
0.023300 0.999409
0.023397 0.999409
0.023495 0.999409
0.023592 0.999409
0.023690 0.999409
0.023787 0.999409
0.023885 0.999409
0.023982 0.999409
0.024080 0.999409
0.024177 0.999409
0.024274 0.999409
0.024372 0.999409
0.024469 0.999409
0.024567 0.999409
0.024664 0.999409
0.024762 0.999409
0.024859 0.999409
0.024957 0.999409
0.025054 0.999409
0.025151 0.999409
0.025249 0.999409
0.025346 0.999409
0.025444 0.999409
0.025541 0.999409
0.025639 0.999409
0.025736 0.999409
0.025834 0.999409
0.025931 0.999409
0.026029 0.999409
0.026126 0.999409
0.026223 0.999409
0.026321 0.999409
0.026418 0.999409
0.026516 0.999409
0.026613 0.999409
0.026711 0.999409
0.026808 0.999409
0.026906 0.999409
0.027003 0.999409
0.027101 0.999409
0.027198 0.999409
0.027295 0.999409
0.027393 0.999409
0.027490 0.999409
0.027588 0.999409
0.027685 0.999409
0.027783 0.999409
0.027880 0.999409
0.027978 0.999409
0.028075 0.999409
0.028173 0.999409
0.028270 0.999409
0.028367 0.999409
0.028465 0.999409
0.028562 0.999409
0.028660 0.999409
0.028757 0.999409
0.028855 0.999409
0.028952 0.999409
0.029050 0.999409
0.029147 0.999409
0.029245 0.999409
0.029342 0.999409
0.029439 0.999409
0.029537 0.999409
0.029634 0.999409
0.029732 0.999409
0.029829 0.999409
0.029927 0.999409
0.030024 0.999409
0.030122 0.999409
0.030219 0.999409
0.030317 0.999409
0.030414 0.999409
0.030511 0.999409
0.030609 0.999409
0.030706 0.999409
0.030804 0.999409
0.030901 0.999409
0.030999 0.999409
0.031096 0.999409
0.031194 0.999409
0.031291 0.999409
0.031388 0.999409
0.031486 0.999409
0.031583 0.999409
0.031681 0.999409
0.031778 0.999409
0.031876 0.999409
0.031973 0.999409
0.032071 0.999409
0.032168 0.999409
0.032266 0.999409
0.032363 0.999409
0.032460 0.999409
0.032558 0.999409
0.032655 0.999409
0.032753 0.999409
0.032850 0.999409
0.032948 0.999409
0.033045 0.999409
0.033143 0.999409
0.033240 0.999409
0.033338 0.999409
0.033435 0.999409
0.033532 0.999409
0.033630 0.999409
0.033727 0.999409
0.033825 0.999409
0.033922 0.999409
0.034020 0.999409
0.034117 0.999409
0.034215 0.999409
0.034312 0.999409
0.034410 0.999409
0.034507 0.999409
0.034604 0.999409
0.034702 0.999409
0.034799 0.999409
0.034897 0.999409
0.034994 0.999409
0.035092 0.999409
0.035189 0.999409
0.035287 0.999409
0.035384 0.999409
0.035482 0.999409
0.035579 0.999409
0.035676 0.999409
0.035774 0.999409
0.035871 0.999409
0.035969 0.999409
0.036066 0.999409
0.036164 0.999409
0.036261 0.999409
0.036359 0.999409
0.036456 0.999409
0.036554 0.999409
0.036651 0.999113
0.036748 0.999113
0.036846 0.999113
0.036943 0.999113
0.037041 0.999113
0.037138 0.999113
0.037236 0.999113
0.037333 0.999113
0.037431 0.999113
0.037528 0.999113
0.037626 0.999113
0.037723 0.999113
0.037820 0.999113
0.037918 0.999113
0.038015 0.999113
0.038113 0.999113
0.038210 0.999113
0.038308 0.999113
0.038405 0.999113
0.038503 0.999113
0.038600 0.999113
0.038697 0.999113
0.038795 0.999113
0.038892 0.999113
0.038990 0.999113
0.039087 0.999113
0.039185 0.999113
0.039282 0.999113
0.039380 0.999113
0.039477 0.999113
0.039575 0.999113
0.039672 0.999113
0.039769 0.999113
0.039867 0.999113
0.039964 0.999113
0.040062 0.999113
0.040159 0.999113
0.040257 0.999113
0.040354 0.999113
0.040452 0.999113
0.040549 0.999113
0.040647 0.999113
0.040744 0.999113
0.040841 0.999113
0.040939 0.998522
0.041036 0.998522
0.041134 0.998522
0.041231 0.998522
0.041329 0.998522
0.041426 0.998522
0.041524 0.998522
0.041621 0.998522
0.041719 0.998522
0.041816 0.998522
0.041913 0.998522
0.042011 0.998522
0.042108 0.998522
0.042206 0.998522
0.042303 0.998522
0.042401 0.998522
0.042498 0.998522
0.042596 0.998522
0.042693 0.998522
0.042791 0.998522
0.042888 0.998522
0.042985 0.998227
0.043083 0.998227
0.043180 0.998227
0.043278 0.998227
0.043375 0.998227
0.043473 0.998227
0.043570 0.998227
0.043668 0.998227
0.043765 0.998227
0.043863 0.998227
0.043960 0.998227
0.044057 0.998227
0.044155 0.998227
0.044252 0.998227
0.044350 0.998227
0.044447 0.998227
0.044545 0.998227
0.044642 0.998227
0.044740 0.998227
0.044837 0.998227
0.044934 0.998227
0.045032 0.998227
0.045129 0.998227
0.045227 0.998227
0.045324 0.998227
0.045422 0.998227
0.045519 0.998227
0.045617 0.998227
0.045714 0.997931
0.045812 0.997931
0.045909 0.997931
0.046006 0.997931
0.046104 0.997931
0.046201 0.997931
0.046299 0.997931
0.046396 0.997931
0.046494 0.997931
0.046591 0.997931
0.046689 0.997931
0.046786 0.997931
0.046884 0.997636
0.046981 0.997636
0.047078 0.997636
0.047176 0.997636
0.047273 0.997636
0.047371 0.997636
0.047468 0.997636
0.047566 0.997636
0.047663 0.997636
0.047761 0.997340
0.047858 0.997340
0.047956 0.997340
0.048053 0.997340
0.048150 0.997340
0.048248 0.997340
0.048345 0.997340
0.048443 0.997340
0.048540 0.997340
0.048638 0.997340
0.048735 0.997340
0.048833 0.997340
0.048930 0.997340
0.049028 0.997340
0.049125 0.997340
0.049222 0.997340
0.049320 0.997340
0.049417 0.997340
0.049515 0.997340
0.049612 0.997340
0.049710 0.997340
0.049807 0.997340
0.049905 0.997340
0.050002 0.997340
0.050100 0.997340
0.050197 0.997340
0.050294 0.997340
0.050392 0.997340
0.050489 0.997340
0.050587 0.997340
0.050684 0.997340
0.050782 0.997340
0.050879 0.997340
0.050977 0.997340
0.051074 0.997340
0.051171 0.997340
0.051269 0.997340
0.051366 0.997340
0.051464 0.997340
0.051561 0.997340
0.051659 0.997340
0.051756 0.997340
0.051854 0.997340
0.051951 0.997340
0.052049 0.997340
0.052146 0.997340
0.052243 0.997340
0.052341 0.997340
0.052438 0.997340
0.052536 0.997340
0.052633 0.997340
0.052731 0.997340
0.052828 0.997340
0.052926 0.997340
0.053023 0.997045
0.053121 0.997045
0.053218 0.997045
0.053315 0.997045
0.053413 0.997045
0.053510 0.997045
0.053608 0.997045
0.053705 0.997045
0.053803 0.997045
0.053900 0.996749
0.053998 0.996749
0.054095 0.996749
0.054193 0.996749
0.054290 0.996749
0.054387 0.996749
0.054485 0.996454
0.054582 0.996454
0.054680 0.996454
0.054777 0.996454
0.054875 0.996454
0.054972 0.996454
0.055070 0.996454
0.055167 0.996454
0.055265 0.996454
0.055362 0.996454
0.055459 0.996454
0.055557 0.996454
0.055654 0.996454
0.055752 0.996454
0.055849 0.996454
0.055947 0.996454
0.056044 0.996454
0.056142 0.996454
0.056239 0.996454
0.056337 0.996454
0.056434 0.996454
0.056531 0.996454
0.056629 0.996454
0.056726 0.996454
0.056824 0.996454
0.056921 0.996454
0.057019 0.996454
0.057116 0.996158
0.057214 0.996158
0.057311 0.996158
0.057409 0.996158
0.057506 0.996158
0.057603 0.996158
0.057701 0.996158
0.057798 0.996158
0.057896 0.996158
0.057993 0.996158
0.058091 0.995863
0.058188 0.995863
0.058286 0.995863
0.058383 0.995863
0.058480 0.995863
0.058578 0.995863
0.058675 0.995863
0.058773 0.995863
0.058870 0.995863
0.058968 0.995863
0.059065 0.995863
0.059163 0.995567
0.059260 0.995567
0.059358 0.995567
0.059455 0.995567
0.059552 0.995567
0.059650 0.995567
0.059747 0.995567
0.059845 0.995567
0.059942 0.995567
0.060040 0.995567
0.060137 0.995567
0.060235 0.995567
0.060332 0.995567
0.060430 0.995567
0.060527 0.995567
0.060624 0.995567
0.060722 0.995567
0.060819 0.995567
0.060917 0.995567
0.061014 0.995567
0.061112 0.995567
0.061209 0.995272
0.061307 0.995272
0.061404 0.995272
0.061502 0.995272
0.061599 0.995272
0.061696 0.995272
0.061794 0.995272
0.061891 0.995272
0.061989 0.995272
0.062086 0.995272
0.062184 0.995272
0.062281 0.995272
0.062379 0.995272
0.062476 0.995272
0.062574 0.995272
0.062671 0.995272
0.062768 0.995272
0.062866 0.995272
0.062963 0.995272
0.063061 0.995272
0.063158 0.995272
0.063256 0.995272
0.063353 0.995272
0.063451 0.995272
0.063548 0.995272
0.063646 0.995272
0.063743 0.995272
0.063840 0.995272
0.063938 0.995272
0.064035 0.994976
0.064133 0.994976
0.064230 0.994976
0.064328 0.994976
0.064425 0.994976
0.064523 0.994976
0.064620 0.994681
0.064717 0.994681
0.064815 0.994681
0.064912 0.994681
0.065010 0.994681
0.065107 0.994681
0.065205 0.994681
0.065302 0.994681
0.065400 0.994681
0.065497 0.994681
0.065595 0.994681
0.065692 0.994681
0.065789 0.994681
0.065887 0.994681
0.065984 0.994681
0.066082 0.994681
0.066179 0.994681
0.066277 0.994681
0.066374 0.994681
0.066472 0.994681
0.066569 0.994681
0.066667 0.994681
0.066764 0.994681
0.066861 0.994681
0.066959 0.994681
0.067056 0.994681
0.067154 0.994681
0.067251 0.994681
0.067349 0.994681
0.067446 0.994681
0.067544 0.994681
0.067641 0.994681
0.067739 0.994681
0.067836 0.994681
0.067933 0.994681
0.068031 0.994681
0.068128 0.994681
0.068226 0.994681
0.068323 0.994681
0.068421 0.994681
0.068518 0.994681
0.068616 0.994681
0.068713 0.994385
0.068811 0.994385
0.068908 0.994385
0.069005 0.994385
0.069103 0.994385
0.069200 0.994385
0.069298 0.994385
0.069395 0.994385
0.069493 0.994385
0.069590 0.994385
0.069688 0.994385
0.069785 0.994385
0.069883 0.994385
0.069980 0.994385
0.070077 0.994385
0.070175 0.994385
0.070272 0.994385
0.070370 0.994385
0.070467 0.994385
0.070565 0.994385
0.070662 0.994385
0.070760 0.994385
0.070857 0.994385
0.070955 0.994385
0.071052 0.994385
0.071149 0.994385
0.071247 0.994385
0.071344 0.994385
0.071442 0.994385
0.071539 0.994385
0.071637 0.994385
0.071734 0.994385
0.071832 0.994385
0.071929 0.994385
0.072026 0.994385
0.072124 0.994385
0.072221 0.994385
0.072319 0.994385
0.072416 0.994385
0.072514 0.994385
0.072611 0.994385
0.072709 0.994385
0.072806 0.994385
0.072904 0.994385
0.073001 0.994385
0.073098 0.994385
0.073196 0.994385
0.073293 0.994385
0.073391 0.994385
0.073488 0.994385
0.073586 0.994385
0.073683 0.994385
0.073781 0.994385
0.073878 0.994385
0.073976 0.994385
0.074073 0.994385
0.074170 0.994385
0.074268 0.994385
0.074365 0.994385
0.074463 0.994385
0.074560 0.994385
0.074658 0.994385
0.074755 0.994385
0.074853 0.994090
0.074950 0.994090
0.075048 0.994090
0.075145 0.994090
0.075242 0.994090
0.075340 0.994090
0.075437 0.994090
0.075535 0.994090
0.075632 0.993794
0.075730 0.993794
0.075827 0.993794
0.075925 0.993794
0.076022 0.993794
0.076120 0.993794
0.076217 0.993794
0.076314 0.993794
0.076412 0.993794
0.076509 0.993794
0.076607 0.993499
0.076704 0.993499
0.076802 0.993499
0.076899 0.993499
0.076997 0.993499
0.077094 0.993499
0.077192 0.993499
0.077289 0.993499
0.077386 0.993499
0.077484 0.993499
0.077581 0.993499
0.077679 0.993203
0.077776 0.993203
0.077874 0.993203
0.077971 0.993203
0.078069 0.992908
0.078166 0.992908
0.078263 0.992908
0.078361 0.992908
0.078458 0.992908
0.078556 0.992908
0.078653 0.992908
0.078751 0.992908
0.078848 0.992908
0.078946 0.992908
0.079043 0.992908
0.079141 0.992908
0.079238 0.992908
0.079335 0.992908
0.079433 0.992908
0.079530 0.992908
0.079628 0.992612
0.079725 0.992612
0.079823 0.992612
0.079920 0.992612
0.080018 0.992612
0.080115 0.992612
0.080213 0.992612
0.080310 0.992612
0.080407 0.992612
0.080505 0.992612
0.080602 0.992612
0.080700 0.992612
0.080797 0.992612
0.080895 0.992612
0.080992 0.992612
0.081090 0.992612
0.081187 0.992612
0.081285 0.992612
0.081382 0.992317
0.081479 0.992317
0.081577 0.992317
0.081674 0.992317
0.081772 0.992317
0.081869 0.992317
0.081967 0.992317
0.082064 0.992317
0.082162 0.992317
0.082259 0.992317
0.082357 0.992317
0.082454 0.992317
0.082551 0.992317
0.082649 0.992317
0.082746 0.992317
0.082844 0.992317
0.082941 0.992317
0.083039 0.992317
0.083136 0.992317
0.083234 0.992317
0.083331 0.992317
0.083429 0.992317
0.083526 0.992317
0.083623 0.992317
0.083721 0.992317
0.083818 0.992317
0.083916 0.992317
0.084013 0.992317
0.084111 0.992317
0.084208 0.992317
0.084306 0.992317
0.084403 0.992317
0.084500 0.992317
0.084598 0.992317
0.084695 0.992317
0.084793 0.992317
0.084890 0.992317
0.084988 0.992317
0.085085 0.992317
0.085183 0.992317
0.085280 0.992317
0.085378 0.992317
0.085475 0.992317
0.085572 0.992317
0.085670 0.992317
0.085767 0.992317
0.085865 0.992317
0.085962 0.992317
0.086060 0.992317
0.086157 0.992317
0.086255 0.992317
0.086352 0.992317
0.086450 0.992317
0.086547 0.992317
0.086644 0.992021
0.086742 0.991726
0.086839 0.991726
0.086937 0.991726
0.087034 0.991726
0.087132 0.991726
0.087229 0.991726
0.087327 0.991726
0.087424 0.991726
0.087522 0.991726
0.087619 0.991726
0.087716 0.991726
0.087814 0.991726
0.087911 0.991726
0.088009 0.991726
0.088106 0.991726
0.088204 0.991726
0.088301 0.991726
0.088399 0.991726
0.088496 0.991726
0.088594 0.991726
0.088691 0.991726
0.088788 0.991726
0.088886 0.991726
0.088983 0.991726
0.089081 0.991726
0.089178 0.991726
0.089276 0.991726
0.089373 0.991726
0.089471 0.991726
0.089568 0.991726
0.089666 0.991726
0.089763 0.991726
0.089860 0.991726
0.089958 0.991726
0.090055 0.991430
0.090153 0.991430
0.090250 0.991430
0.090348 0.991430
0.090445 0.991430
0.090543 0.991430
0.090640 0.991430
0.090738 0.991430
0.090835 0.991430
0.090932 0.991430
0.091030 0.991430
0.091127 0.991430
0.091225 0.991430
0.091322 0.991430
0.091420 0.991430
0.091517 0.991430
0.091615 0.991430
0.091712 0.991430
0.091809 0.991430
0.091907 0.991430
0.092004 0.991430
0.092102 0.991430
0.092199 0.991135
0.092297 0.991135
0.092394 0.991135
0.092492 0.991135
0.092589 0.991135
0.092687 0.991135
0.092784 0.991135
0.092881 0.991135
0.092979 0.991135
0.093076 0.991135
0.093174 0.991135
0.093271 0.991135
0.093369 0.991135
0.093466 0.991135
0.093564 0.991135
0.093661 0.991135
0.093759 0.991135
0.093856 0.991135
0.093953 0.991135
0.094051 0.991135
0.094148 0.991135
0.094246 0.991135
0.094343 0.991135
0.094441 0.991135
0.094538 0.991135
0.094636 0.991135
0.094733 0.991135
0.094831 0.991135
0.094928 0.991135
0.095025 0.991135
0.095123 0.991135
0.095220 0.991135
0.095318 0.991135
0.095415 0.991135
0.095513 0.991135
0.095610 0.991135
0.095708 0.991135
0.095805 0.991135
0.095903 0.991135
0.096000 0.991135
0.096097 0.991135
0.096195 0.991135
0.096292 0.991135
0.096390 0.991135
0.096487 0.991135
0.096585 0.991135
0.096682 0.991135
0.096780 0.991135
0.096877 0.991135
0.096975 0.991135
0.097072 0.991135
0.097169 0.991135
0.097267 0.991135
0.097364 0.991135
0.097462 0.991135
0.097559 0.991135
0.097657 0.991135
0.097754 0.991135
0.097852 0.991135
0.097949 0.991135
0.098046 0.991135
0.098144 0.991135
0.098241 0.990839
0.098339 0.990839
0.098436 0.990839
0.098534 0.990839
0.098631 0.990839
0.098729 0.990839
0.098826 0.990839
0.098924 0.990839
0.099021 0.990839
0.099118 0.990544
0.099216 0.990544
0.099313 0.990544
0.099411 0.990544
0.099508 0.990544
0.099606 0.990544
0.099703 0.990544
0.099801 0.990248
0.099898 0.990248
0.099996 0.990248
0.100093 0.990248
0.100190 0.990248
0.100288 0.990248
0.100385 0.990248
0.100483 0.990248
0.100580 0.990248
0.100678 0.990248
0.100775 0.990248
0.100873 0.990248
0.100970 0.990248
0.101068 0.990248
0.101165 0.990248
0.101262 0.990248
0.101360 0.990248
0.101457 0.990248
0.101555 0.990248
0.101652 0.990248
0.101750 0.990248
0.101847 0.990248
0.101945 0.990248
0.102042 0.990248
0.102140 0.990248
0.102237 0.990248
0.102334 0.990248
0.102432 0.990248
0.102529 0.990248
0.102627 0.990248
0.102724 0.990248
0.102822 0.990248
0.102919 0.990248
0.103017 0.990248
0.103114 0.990248
0.103212 0.990248
0.103309 0.990248
0.103406 0.990248
0.103504 0.990248
0.103601 0.990248
0.103699 0.990248
0.103796 0.990248
0.103894 0.990248
0.103991 0.990248
0.104089 0.990248
0.104186 0.990248
0.104283 0.990248
0.104381 0.989953
0.104478 0.989953
0.104576 0.989953
0.104673 0.989953
0.104771 0.989953
0.104868 0.989953
0.104966 0.989953
0.105063 0.989953
0.105161 0.989953
0.105258 0.989953
0.105355 0.989953
0.105453 0.989953
0.105550 0.989953
0.105648 0.989953
0.105745 0.989953
0.105843 0.989953
0.105940 0.989953
0.106038 0.989953
0.106135 0.989953
0.106233 0.989953
0.106330 0.989953
0.106427 0.989953
0.106525 0.989953
0.106622 0.989953
0.106720 0.989953
0.106817 0.989953
0.106915 0.989953
0.107012 0.989953
0.107110 0.989953
0.107207 0.989953
0.107305 0.989953
0.107402 0.989953
0.107499 0.989953
0.107597 0.989953
0.107694 0.989953
0.107792 0.989953
0.107889 0.989953
0.107987 0.989953
0.108084 0.989657
0.108182 0.989657
0.108279 0.989657
0.108377 0.989657
0.108474 0.989657
0.108571 0.989657
0.108669 0.989657
0.108766 0.989657
0.108864 0.989657
0.108961 0.989657
0.109059 0.989657
0.109156 0.989657
0.109254 0.989657
0.109351 0.989657
0.109449 0.989657
0.109546 0.989657
0.109643 0.989657
0.109741 0.989657
0.109838 0.989657
0.109936 0.989657
0.110033 0.989657
0.110131 0.989657
0.110228 0.989657
0.110326 0.989657
0.110423 0.989657
0.110521 0.989657
0.110618 0.989657
0.110715 0.989657
0.110813 0.989657
0.110910 0.989657
0.111008 0.989657
0.111105 0.989657
0.111203 0.989657
0.111300 0.989657
0.111398 0.989657
0.111495 0.989362
0.111592 0.989362
0.111690 0.989362
0.111787 0.989362
0.111885 0.989362
0.111982 0.989362
0.112080 0.989362
0.112177 0.989362
0.112275 0.989362
0.112372 0.989362
0.112470 0.989362
0.112567 0.989362
0.112664 0.989362
0.112762 0.989362
0.112859 0.989362
0.112957 0.989362
0.113054 0.989362
0.113152 0.989362
0.113249 0.989362
0.113347 0.989362
0.113444 0.989362
0.113542 0.989362
0.113639 0.989362
0.113736 0.989362
0.113834 0.989362
0.113931 0.989362
0.114029 0.989362
0.114126 0.989066
0.114224 0.989066
0.114321 0.988771
0.114419 0.988771
0.114516 0.988771
0.114614 0.988771
0.114711 0.988771
0.114808 0.988771
0.114906 0.988771
0.115003 0.988771
0.115101 0.988771
0.115198 0.988771
0.115296 0.988771
0.115393 0.988771
0.115491 0.988475
0.115588 0.988475
0.115686 0.988475
0.115783 0.988475
0.115880 0.988180
0.115978 0.988180
0.116075 0.988180
0.116173 0.988180
0.116270 0.988180
0.116368 0.988180
0.116465 0.988180
0.116563 0.988180
0.116660 0.988180
0.116758 0.988180
0.116855 0.988180
0.116952 0.987884
0.117050 0.987884
0.117147 0.987884
0.117245 0.987884
0.117342 0.987884
0.117440 0.987884
0.117537 0.987884
0.117635 0.987884
0.117732 0.987884
0.117829 0.987884
0.117927 0.987884
0.118024 0.987884
0.118122 0.987884
0.118219 0.987884
0.118317 0.987884
0.118414 0.987884
0.118512 0.987884
0.118609 0.987884
0.118707 0.987884
0.118804 0.987884
0.118901 0.987884
0.118999 0.987884
0.119096 0.987884
0.119194 0.987884
0.119291 0.987884
0.119389 0.987884
0.119486 0.987884
0.119584 0.987884
0.119681 0.987884
0.119779 0.987884
0.119876 0.987884
0.119973 0.987884
0.120071 0.987884
0.120168 0.987884
0.120266 0.987884
0.120363 0.987884
0.120461 0.987884
0.120558 0.987884
0.120656 0.987884
0.120753 0.987884
0.120851 0.987884
0.120948 0.987884
0.121045 0.987884
0.121143 0.987884
0.121240 0.987884
0.121338 0.987884
0.121435 0.987884
0.121533 0.987884
0.121630 0.987884
0.121728 0.987884
0.121825 0.987884
0.121923 0.987884
0.122020 0.987884
0.122117 0.987884
0.122215 0.987884
0.122312 0.987884
0.122410 0.987884
0.122507 0.987884
0.122605 0.987589
0.122702 0.987589
0.122800 0.987589
0.122897 0.987589
0.122995 0.987589
0.123092 0.987589
0.123189 0.987589
0.123287 0.987589
0.123384 0.987589
0.123482 0.987589
0.123579 0.987589
0.123677 0.987589
0.123774 0.987589
0.123872 0.987589
0.123969 0.987589
0.124067 0.987589
0.124164 0.987589
0.124261 0.987589
0.124359 0.987589
0.124456 0.987589
0.124554 0.987293
0.124651 0.987293
0.124749 0.987293
0.124846 0.987293
0.124944 0.987293
0.125041 0.987293
0.125138 0.987293
0.125236 0.987293
0.125333 0.987293
0.125431 0.987293
0.125528 0.987293
0.125626 0.987293
0.125723 0.987293
0.125821 0.987293
0.125918 0.987293
0.126016 0.987293
0.126113 0.987293
0.126210 0.987293
0.126308 0.987293
0.126405 0.987293
0.126503 0.987293
0.126600 0.987293
0.126698 0.987293
0.126795 0.986998
0.126893 0.986998
0.126990 0.986998
0.127088 0.986998
0.127185 0.986702
0.127282 0.986407
0.127380 0.986407
0.127477 0.986407
0.127575 0.986407
0.127672 0.986407
0.127770 0.986407
0.127867 0.986407
0.127965 0.986407
0.128062 0.986407
0.128160 0.986407
0.128257 0.986407
0.128354 0.986407
0.128452 0.986407
0.128549 0.986407
0.128647 0.986407
0.128744 0.986407
0.128842 0.986407
0.128939 0.986407
0.129037 0.986407
0.129134 0.986407
0.129232 0.986407
0.129329 0.986407
0.129426 0.986407
0.129524 0.986407
0.129621 0.986407
0.129719 0.986407
0.129816 0.986407
0.129914 0.986407
0.130011 0.986407
0.130109 0.986407
0.130206 0.986407
0.130304 0.986407
0.130401 0.986407
0.130498 0.986407
0.130596 0.986407
0.130693 0.986111
0.130791 0.986111
0.130888 0.986111
0.130986 0.986111
0.131083 0.986111
0.131181 0.986111
0.131278 0.986111
0.131375 0.986111
0.131473 0.986111
0.131570 0.986111
0.131668 0.986111
0.131765 0.986111
0.131863 0.986111
0.131960 0.986111
0.132058 0.986111
0.132155 0.986111
0.132253 0.986111
0.132350 0.986111
0.132447 0.986111
0.132545 0.986111
0.132642 0.986111
0.132740 0.986111
0.132837 0.986111
0.132935 0.986111
0.133032 0.986111
0.133130 0.986111
0.133227 0.986111
0.133325 0.986111
0.133422 0.986111
0.133519 0.986111
0.133617 0.986111
0.133714 0.986111
0.133812 0.986111
0.133909 0.986111
0.134007 0.986111
0.134104 0.986111
0.134202 0.986111
0.134299 0.986111
0.134397 0.986111
0.134494 0.986111
0.134591 0.985816
0.134689 0.985816
0.134786 0.985816
0.134884 0.985816
0.134981 0.985816
0.135079 0.985816
0.135176 0.985816
0.135274 0.985816
0.135371 0.985816
0.135469 0.985816
0.135566 0.985816
0.135663 0.985816
0.135761 0.985816
0.135858 0.985816
0.135956 0.985816
0.136053 0.985816
0.136151 0.985816
0.136248 0.985816
0.136346 0.985816
0.136443 0.985816
0.136541 0.985816
0.136638 0.985520
0.136735 0.985520
0.136833 0.985520
0.136930 0.985520
0.137028 0.985520
0.137125 0.985520
0.137223 0.985520
0.137320 0.985520
0.137418 0.985520
0.137515 0.985520
0.137612 0.985520
0.137710 0.985520
0.137807 0.985520
0.137905 0.985225
0.138002 0.985225
0.138100 0.985225
0.138197 0.985225
0.138295 0.985225
0.138392 0.985225
0.138490 0.985225
0.138587 0.985225
0.138684 0.984929
0.138782 0.984929
0.138879 0.984929
0.138977 0.984929
0.139074 0.984929
0.139172 0.984929
0.139269 0.984929
0.139367 0.984929
0.139464 0.984929
0.139562 0.984929
0.139659 0.984929
0.139756 0.984929
0.139854 0.984929
0.139951 0.984929
0.140049 0.984929
0.140146 0.984929
0.140244 0.984929
0.140341 0.984929
0.140439 0.984929
0.140536 0.984929
0.140634 0.984929
0.140731 0.984929
0.140828 0.984929
0.140926 0.984929
0.141023 0.984929
0.141121 0.984929
0.141218 0.984929
0.141316 0.984929
0.141413 0.984929
0.141511 0.984929
0.141608 0.984929
0.141706 0.984929
0.141803 0.984929
0.141900 0.984929
0.141998 0.984929
0.142095 0.984929
0.142193 0.984929
0.142290 0.984929
0.142388 0.984929
0.142485 0.984929
0.142583 0.984929
0.142680 0.984634
0.142778 0.984634
0.142875 0.984634
0.142972 0.984338
0.143070 0.984338
0.143167 0.984338
0.143265 0.984338
0.143362 0.984338
0.143460 0.984338
0.143557 0.984338
0.143655 0.984338
0.143752 0.984338
0.143850 0.984338
0.143947 0.984338
0.144044 0.984338
0.144142 0.984338
0.144239 0.984338
0.144337 0.984338
0.144434 0.984043
0.144532 0.983747
0.144629 0.983747
0.144727 0.983747
0.144824 0.983747
0.144921 0.983747
0.145019 0.983747
0.145116 0.983747
0.145214 0.983452
0.145311 0.983452
0.145409 0.983452
0.145506 0.983452
0.145604 0.983452
0.145701 0.983452
0.145799 0.983452
0.145896 0.983156
0.145993 0.983156
0.146091 0.983156
0.146188 0.983156
0.146286 0.983156
0.146383 0.983156
0.146481 0.983156
0.146578 0.983156
0.146676 0.982861
0.146773 0.982861
0.146871 0.982861
0.146968 0.982861
0.147065 0.982861
0.147163 0.982861
0.147260 0.982861
0.147358 0.982861
0.147455 0.982861
0.147553 0.982861
0.147650 0.982861
0.147748 0.982861
0.147845 0.982565
0.147943 0.982565
0.148040 0.981974
0.148137 0.981974
0.148235 0.981678
0.148332 0.981383
0.148430 0.981087
0.148527 0.981087
0.148625 0.981087
0.148722 0.981087
0.148820 0.981087
0.148917 0.981087
0.149015 0.981087
0.149112 0.981087
0.149209 0.981087
0.149307 0.981087
0.149404 0.981087
0.149502 0.981087
0.149599 0.981087
0.149697 0.981087
0.149794 0.981087
0.149892 0.981087
0.149989 0.981087
0.150087 0.981087
0.150184 0.980792
0.150281 0.980792
0.150379 0.980792
0.150476 0.980792
0.150574 0.980792
0.150671 0.980792
0.150769 0.980792
0.150866 0.980792
0.150964 0.980792
0.151061 0.980792
0.151158 0.980792
0.151256 0.980792
0.151353 0.980792
0.151451 0.980792
0.151548 0.980792
0.151646 0.980792
0.151743 0.980792
0.151841 0.980792
0.151938 0.980792
0.152036 0.980792
0.152133 0.980792
0.152230 0.980792
0.152328 0.980792
0.152425 0.980792
0.152523 0.980792
0.152620 0.980792
0.152718 0.980792
0.152815 0.980792
0.152913 0.980792
0.153010 0.980792
0.153108 0.980792
0.153205 0.980792
0.153302 0.980792
0.153400 0.980792
0.153497 0.980496
0.153595 0.980496
0.153692 0.980496
0.153790 0.980496
0.153887 0.980496
0.153985 0.980496
0.154082 0.980496
0.154180 0.980496
0.154277 0.980201
0.154374 0.979905
0.154472 0.979905
0.154569 0.979905
0.154667 0.979905
0.154764 0.979905
0.154862 0.979905
0.154959 0.979905
0.155057 0.979905
0.155154 0.979905
0.155252 0.979610
0.155349 0.979610
0.155446 0.979610
0.155544 0.979610
0.155641 0.979610
0.155739 0.979610
0.155836 0.979314
0.155934 0.979314
0.156031 0.979314
0.156129 0.979314
0.156226 0.979314
0.156324 0.979314
0.156421 0.979314
0.156518 0.979314
0.156616 0.979314
0.156713 0.979019
0.156811 0.979019
0.156908 0.979019
0.157006 0.979019
0.157103 0.979019
0.157201 0.979019
0.157298 0.979019
0.157396 0.979019
0.157493 0.979019
0.157590 0.979019
0.157688 0.979019
0.157785 0.979019
0.157883 0.979019
0.157980 0.979019
0.158078 0.979019
0.158175 0.978723
0.158273 0.978723
0.158370 0.978723
0.158467 0.978723
0.158565 0.978723
0.158662 0.978723
0.158760 0.978723
0.158857 0.978723
0.158955 0.978723
0.159052 0.978428
0.159150 0.978428
0.159247 0.978428
0.159345 0.978428
0.159442 0.978428
0.159539 0.978428
0.159637 0.978428
0.159734 0.978428
0.159832 0.978428
0.159929 0.978428
0.160027 0.978428
0.160124 0.978132
0.160222 0.978132
0.160319 0.978132
0.160417 0.978132
0.160514 0.978132
0.160611 0.978132
0.160709 0.978132
0.160806 0.978132
0.160904 0.977837
0.161001 0.977837
0.161099 0.977837
0.161196 0.977837
0.161294 0.977837
0.161391 0.977837
0.161489 0.977837
0.161586 0.977837
0.161683 0.977837
0.161781 0.977837
0.161878 0.977837
0.161976 0.977541
0.162073 0.977541
0.162171 0.977541
0.162268 0.977541
0.162366 0.977246
0.162463 0.977246
0.162561 0.977246
0.162658 0.977246
0.162755 0.977246
0.162853 0.977246
0.162950 0.977246
0.163048 0.977246
0.163145 0.976950
0.163243 0.976950
0.163340 0.976950
0.163438 0.976655
0.163535 0.976655
0.163633 0.976655
0.163730 0.976655
0.163827 0.976655
0.163925 0.976655
0.164022 0.976655
0.164120 0.976655
0.164217 0.976655
0.164315 0.976655
0.164412 0.976655
0.164510 0.976655
0.164607 0.976655
0.164704 0.976655
0.164802 0.976655
0.164899 0.976655
0.164997 0.976655
0.165094 0.976655
0.165192 0.976655
0.165289 0.976655
0.165387 0.976655
0.165484 0.976655
0.165582 0.976655
0.165679 0.976359
0.165776 0.976359
0.165874 0.976064
0.165971 0.976064
0.166069 0.976064
0.166166 0.976064
0.166264 0.976064
0.166361 0.976064
0.166459 0.976064
0.166556 0.976064
0.166654 0.976064
0.166751 0.976064
0.166848 0.976064
0.166946 0.976064
0.167043 0.976064
0.167141 0.975768
0.167238 0.975768
0.167336 0.975768
0.167433 0.975768
0.167531 0.975768
0.167628 0.975768
0.167726 0.975768
0.167823 0.975768
0.167920 0.975768
0.168018 0.975768
0.168115 0.975768
0.168213 0.975768
0.168310 0.975768
0.168408 0.975473
0.168505 0.974882
0.168603 0.974882
0.168700 0.974882
0.168798 0.974882
0.168895 0.974882
0.168992 0.974882
0.169090 0.974882
0.169187 0.974586
0.169285 0.974291
0.169382 0.974291
0.169480 0.974291
0.169577 0.974291
0.169675 0.974291
0.169772 0.974291
0.169870 0.974291
0.169967 0.974291
0.170064 0.974291
0.170162 0.974291
0.170259 0.974291
0.170357 0.974291
0.170454 0.974291
0.170552 0.974291
0.170649 0.974291
0.170747 0.974291
0.170844 0.973995
0.170941 0.973995
0.171039 0.973995
0.171136 0.973995
0.171234 0.973995
0.171331 0.973995
0.171429 0.973995
0.171526 0.973995
0.171624 0.973995
0.171721 0.973995
0.171819 0.973995
0.171916 0.973700
0.172013 0.973700
0.172111 0.973700
0.172208 0.973700
0.172306 0.973700
0.172403 0.973700
0.172501 0.973700
0.172598 0.973700
0.172696 0.973700
0.172793 0.973700
0.172891 0.973700
0.172988 0.973700
0.173085 0.973700
0.173183 0.973700
0.173280 0.973700
0.173378 0.973700
0.173475 0.973700
0.173573 0.973700
0.173670 0.973109
0.173768 0.973109
0.173865 0.973109
0.173963 0.973109
0.174060 0.973109
0.174157 0.973109
0.174255 0.973109
0.174352 0.972813
0.174450 0.972813
0.174547 0.972813
0.174645 0.972813
0.174742 0.972813
0.174840 0.972813
0.174937 0.972813
0.175035 0.972813
0.175132 0.972813
0.175229 0.972813
0.175327 0.972813
0.175424 0.972813
0.175522 0.972518
0.175619 0.972518
0.175717 0.972518
0.175814 0.972518
0.175912 0.972518
0.176009 0.972518
0.176107 0.972518
0.176204 0.972518
0.176301 0.972518
0.176399 0.972518
0.176496 0.972518
0.176594 0.972518
0.176691 0.972518
0.176789 0.972518
0.176886 0.972518
0.176984 0.972518
0.177081 0.972518
0.177179 0.972518
0.177276 0.972518
0.177373 0.972518
0.177471 0.972518
0.177568 0.972518
0.177666 0.972518
0.177763 0.972518
0.177861 0.972518
0.177958 0.972518
0.178056 0.972518
0.178153 0.972518
0.178250 0.972518
0.178348 0.972518
0.178445 0.972518
0.178543 0.972518
0.178640 0.972518
0.178738 0.972518
0.178835 0.972518
0.178933 0.972518
0.179030 0.972518
0.179128 0.972518
0.179225 0.972518
0.179322 0.972518
0.179420 0.972518
0.179517 0.972518
0.179615 0.972518
0.179712 0.972518
0.179810 0.972518
0.179907 0.972518
0.180005 0.972222
0.180102 0.972222
0.180200 0.972222
0.180297 0.972222
0.180394 0.972222
0.180492 0.972222
0.180589 0.971927
0.180687 0.971631
0.180784 0.971336
0.180882 0.971336
0.180979 0.971336
0.181077 0.971336
0.181174 0.971336
0.181272 0.971336
0.181369 0.971336
0.181466 0.971336
0.181564 0.971336
0.181661 0.971040
0.181759 0.971040
0.181856 0.971040
0.181954 0.971040
0.182051 0.971040
0.182149 0.971040
0.182246 0.971040
0.182344 0.971040
0.182441 0.971040
0.182538 0.971040
0.182636 0.971040
0.182733 0.971040
0.182831 0.971040
0.182928 0.971040
0.183026 0.971040
0.183123 0.971040
0.183221 0.971040
0.183318 0.971040
0.183416 0.970745
0.183513 0.970745
0.183610 0.970745
0.183708 0.970745
0.183805 0.970449
0.183903 0.970449
0.184000 0.970154
0.184098 0.970154
0.184195 0.970154
0.184293 0.970154
0.184390 0.969858
0.184487 0.969858
0.184585 0.969858
0.184682 0.969858
0.184780 0.969858
0.184877 0.969858
0.184975 0.969858
0.185072 0.969858
0.185170 0.969858
0.185267 0.969858
0.185365 0.969563
0.185462 0.969563
0.185559 0.969563
0.185657 0.969563
0.185754 0.969563
0.185852 0.969563
0.185949 0.969563
0.186047 0.969563
0.186144 0.969563
0.186242 0.969563
0.186339 0.969563
0.186437 0.969563
0.186534 0.969563
0.186631 0.969563
0.186729 0.969563
0.186826 0.969563
0.186924 0.969563
0.187021 0.969563
0.187119 0.969563
0.187216 0.969563
0.187314 0.969563
0.187411 0.969267
0.187509 0.969267
0.187606 0.969267
0.187703 0.969267
0.187801 0.969267
0.187898 0.969267
0.187996 0.969267
0.188093 0.969267
0.188191 0.969267
0.188288 0.969267
0.188386 0.969267
0.188483 0.969267
0.188581 0.969267
0.188678 0.969267
0.188775 0.969267
0.188873 0.968972
0.188970 0.968972
0.189068 0.968972
0.189165 0.968676
0.189263 0.968676
0.189360 0.968381
0.189458 0.968381
0.189555 0.968381
0.189653 0.968381
0.189750 0.968381
0.189847 0.968381
0.189945 0.968381
0.190042 0.968381
0.190140 0.968381
0.190237 0.968381
0.190335 0.968381
0.190432 0.968381
0.190530 0.968381
0.190627 0.968381
0.190724 0.968381
0.190822 0.968381
0.190919 0.968381
0.191017 0.968381
0.191114 0.968381
0.191212 0.968381
0.191309 0.968381
0.191407 0.968381
0.191504 0.968381
0.191602 0.968381
0.191699 0.968381
0.191796 0.968085
0.191894 0.968085
0.191991 0.968085
0.192089 0.968085
0.192186 0.968085
0.192284 0.968085
0.192381 0.968085
0.192479 0.968085
0.192576 0.968085
0.192674 0.968085
0.192771 0.968085
0.192868 0.968085
0.192966 0.967790
0.193063 0.967494
0.193161 0.967494
0.193258 0.967494
0.193356 0.967494
0.193453 0.967494
0.193551 0.967494
0.193648 0.967494
0.193746 0.967494
0.193843 0.967199
0.193940 0.967199
0.194038 0.967199
0.194135 0.967199
0.194233 0.967199
0.194330 0.967199
0.194428 0.967199
0.194525 0.967199
0.194623 0.967199
0.194720 0.966903
0.194818 0.966903
0.194915 0.966903
0.195012 0.966903
0.195110 0.966903
0.195207 0.966903
0.195305 0.966903
0.195402 0.966903
0.195500 0.966903
0.195597 0.966903
0.195695 0.966903
0.195792 0.966903
0.195890 0.966903
0.195987 0.966903
0.196084 0.966903
0.196182 0.966903
0.196279 0.966608
0.196377 0.966608
0.196474 0.966608
0.196572 0.966608
0.196669 0.966608
0.196767 0.966608
0.196864 0.966608
0.196962 0.966608
0.197059 0.966608
0.197156 0.966608
0.197254 0.966608
0.197351 0.966608
0.197449 0.966608
0.197546 0.966608
0.197644 0.966608
0.197741 0.966608
0.197839 0.966608
0.197936 0.966608
0.198033 0.966608
0.198131 0.966312
0.198228 0.966017
0.198326 0.966017
0.198423 0.966017
0.198521 0.966017
0.198618 0.966017
0.198716 0.966017
0.198813 0.966017
0.198911 0.966017
0.199008 0.966017
0.199105 0.966017
0.199203 0.966017
0.199300 0.966017
0.199398 0.966017
0.199495 0.966017
0.199593 0.966017
0.199690 0.966017
0.199788 0.966017
0.199885 0.966017
0.199983 0.966017
0.200080 0.966017
0.200177 0.966017
0.200275 0.965721
0.200372 0.965721
0.200470 0.965721
0.200567 0.965426
0.200665 0.965426
0.200762 0.965426
0.200860 0.965426
0.200957 0.965426
0.201055 0.965426
0.201152 0.965130
0.201249 0.965130
0.201347 0.964835
0.201444 0.964835
0.201542 0.964835
0.201639 0.964835
0.201737 0.964835
0.201834 0.964835
0.201932 0.964835
0.202029 0.964835
0.202127 0.964835
0.202224 0.964835
0.202321 0.964835
0.202419 0.964835
0.202516 0.964835
0.202614 0.964835
0.202711 0.964835
0.202809 0.964835
0.202906 0.964835
0.203004 0.964835
0.203101 0.964835
0.203199 0.964835
0.203296 0.964539
0.203393 0.964539
0.203491 0.964539
0.203588 0.964539
0.203686 0.964243
0.203783 0.964243
0.203881 0.964243
0.203978 0.964243
0.204076 0.963948
0.204173 0.963948
0.204270 0.963948
0.204368 0.963948
0.204465 0.963948
0.204563 0.963948
0.204660 0.963948
0.204758 0.963948
0.204855 0.963948
0.204953 0.963948
0.205050 0.963948
0.205148 0.963948
0.205245 0.963948
0.205342 0.963948
0.205440 0.963652
0.205537 0.963652
0.205635 0.963652
0.205732 0.963652
0.205830 0.963652
0.205927 0.963652
0.206025 0.963357
0.206122 0.963357
0.206220 0.963061
0.206317 0.963061
0.206414 0.963061
0.206512 0.963061
0.206609 0.963061
0.206707 0.963061
0.206804 0.963061
0.206902 0.963061
0.206999 0.962766
0.207097 0.962766
0.207194 0.962766
0.207292 0.962766
0.207389 0.962766
0.207486 0.962766
0.207584 0.962766
0.207681 0.962766
0.207779 0.962766
0.207876 0.962766
0.207974 0.962766
0.208071 0.962766
0.208169 0.962766
0.208266 0.962766
0.208364 0.962766
0.208461 0.962766
0.208558 0.962766
0.208656 0.962766
0.208753 0.962766
0.208851 0.962766
0.208948 0.962766
0.209046 0.962766
0.209143 0.962766
0.209241 0.962766
0.209338 0.962766
0.209436 0.962766
0.209533 0.962766
0.209630 0.962766
0.209728 0.962766
0.209825 0.962766
0.209923 0.962175
0.210020 0.961879
0.210118 0.961879
0.210215 0.961879
0.210313 0.961879
0.210410 0.961879
0.210508 0.961879
0.210605 0.961879
0.210702 0.961879
0.210800 0.961879
0.210897 0.961584
0.210995 0.961584
0.211092 0.961584
0.211190 0.961584
0.211287 0.961584
0.211385 0.961584
0.211482 0.961584
0.211579 0.961584
0.211677 0.961584
0.211774 0.961584
0.211872 0.961584
0.211969 0.961288
0.212067 0.961288
0.212164 0.961288
0.212262 0.960697
0.212359 0.960697
0.212457 0.960697
0.212554 0.960697
0.212651 0.960697
0.212749 0.960402
0.212846 0.960402
0.212944 0.960402
0.213041 0.960106
0.213139 0.960106
0.213236 0.959811
0.213334 0.959811
0.213431 0.959811
0.213529 0.959811
0.213626 0.959811
0.213723 0.959811
0.213821 0.959811
0.213918 0.959811
0.214016 0.959515
0.214113 0.959515
0.214211 0.959220
0.214308 0.959220
0.214406 0.959220
0.214503 0.959220
0.214601 0.959220
0.214698 0.959220
0.214795 0.959220
0.214893 0.958924
0.214990 0.958924
0.215088 0.958924
0.215185 0.958924
0.215283 0.958924
0.215380 0.958924
0.215478 0.958924
0.215575 0.958924
0.215673 0.958924
0.215770 0.958924
0.215867 0.958629
0.215965 0.958629
0.216062 0.958629
0.216160 0.958333
0.216257 0.958333
0.216355 0.958333
0.216452 0.958333
0.216550 0.958333
0.216647 0.958333
0.216745 0.958333
0.216842 0.958333
0.216939 0.958333
0.217037 0.958333
0.217134 0.958333
0.217232 0.958333
0.217329 0.958333
0.217427 0.958333
0.217524 0.958038
0.217622 0.958038
0.217719 0.958038
0.217816 0.958038
0.217914 0.958038
0.218011 0.957742
0.218109 0.957742
0.218206 0.957742
0.218304 0.957742
0.218401 0.957742
0.218499 0.957742
0.218596 0.957447
0.218694 0.957447
0.218791 0.957447
0.218888 0.957447
0.218986 0.957447
0.219083 0.957447
0.219181 0.957151
0.219278 0.957151
0.219376 0.957151
0.219473 0.957151
0.219571 0.957151
0.219668 0.957151
0.219766 0.957151
0.219863 0.956265
0.219960 0.956265
0.220058 0.956265
0.220155 0.956265
0.220253 0.956265
0.220350 0.956265
0.220448 0.955969
0.220545 0.955969
0.220643 0.955969
0.220740 0.955969
0.220838 0.955969
0.220935 0.955969
0.221032 0.955969
0.221130 0.955969
0.221227 0.955969
0.221325 0.955969
0.221422 0.955969
0.221520 0.955674
0.221617 0.955674
0.221715 0.955674
0.221812 0.955674
0.221910 0.955674
0.222007 0.955674
0.222104 0.955674
0.222202 0.955674
0.222299 0.955674
0.222397 0.955674
0.222494 0.955674
0.222592 0.955674
0.222689 0.955674
0.222787 0.955674
0.222884 0.955674
0.222982 0.955674
0.223079 0.955674
0.223176 0.955674
0.223274 0.955674
0.223371 0.955674
0.223469 0.955674
0.223566 0.955674
0.223664 0.955674
0.223761 0.955674
0.223859 0.955378
0.223956 0.955378
0.224053 0.955378
0.224151 0.955378
0.224248 0.955378
0.224346 0.955378
0.224443 0.955378
0.224541 0.955378
0.224638 0.955378
0.224736 0.955378
0.224833 0.955378
0.224931 0.955378
0.225028 0.955378
0.225125 0.955378
0.225223 0.955378
0.225320 0.955378
0.225418 0.955378
0.225515 0.955378
0.225613 0.955083
0.225710 0.955083
0.225808 0.955083
0.225905 0.955083
0.226003 0.955083
0.226100 0.955083
0.226197 0.955083
0.226295 0.955083
0.226392 0.955083
0.226490 0.954787
0.226587 0.954787
0.226685 0.954787
0.226782 0.954787
0.226880 0.954787
0.226977 0.954787
0.227075 0.954787
0.227172 0.954787
0.227269 0.954787
0.227367 0.954787
0.227464 0.954787
0.227562 0.954787
0.227659 0.954787
0.227757 0.954787
0.227854 0.954787
0.227952 0.954492
0.228049 0.954492
0.228147 0.954492
0.228244 0.954492
0.228341 0.954492
0.228439 0.954492
0.228536 0.954492
0.228634 0.954492
0.228731 0.954492
0.228829 0.954492
0.228926 0.954492
0.229024 0.954196
0.229121 0.954196
0.229219 0.954196
0.229316 0.954196
0.229413 0.954196
0.229511 0.954196
0.229608 0.954196
0.229706 0.954196
0.229803 0.954196
0.229901 0.954196
0.229998 0.954196
0.230096 0.954196
0.230193 0.954196
0.230291 0.954196
0.230388 0.954196
0.230485 0.954196
0.230583 0.954196
0.230680 0.954196
0.230778 0.953901
0.230875 0.953605
0.230973 0.953605
0.231070 0.953310
0.231168 0.953014
0.231265 0.953014
0.231362 0.953014
0.231460 0.953014
0.231557 0.953014
0.231655 0.952719
0.231752 0.952719
0.231850 0.952719
0.231947 0.952719
0.232045 0.952423
0.232142 0.952423
0.232240 0.952423
0.232337 0.952423
0.232434 0.952423
0.232532 0.952423
0.232629 0.952423
0.232727 0.952423
0.232824 0.952423
0.232922 0.952423
0.233019 0.952423
0.233117 0.952423
0.233214 0.952423
0.233312 0.952423
0.233409 0.952128
0.233506 0.951537
0.233604 0.951537
0.233701 0.951241
0.233799 0.951241
0.233896 0.951241
0.233994 0.951241
0.234091 0.951241
0.234189 0.951241
0.234286 0.951241
0.234384 0.951241
0.234481 0.951241
0.234578 0.950946
0.234676 0.950946
0.234773 0.950946
0.234871 0.950946
0.234968 0.950650
0.235066 0.950650
0.235163 0.950650
0.235261 0.950355
0.235358 0.950355
0.235456 0.950059
0.235553 0.950059
0.235650 0.950059
0.235748 0.950059
0.235845 0.950059
0.235943 0.950059
0.236040 0.950059
0.236138 0.950059
0.236235 0.950059
0.236333 0.950059
0.236430 0.950059
0.236528 0.950059
0.236625 0.950059
0.236722 0.950059
0.236820 0.950059
0.236917 0.950059
0.237015 0.950059
0.237112 0.950059
0.237210 0.950059
0.237307 0.950059
0.237405 0.950059
0.237502 0.950059
0.237599 0.950059
0.237697 0.950059
0.237794 0.950059
0.237892 0.950059
0.237989 0.950059
0.238087 0.949764
0.238184 0.949764
0.238282 0.949764
0.238379 0.949764
0.238477 0.949764
0.238574 0.949764
0.238671 0.949764
0.238769 0.949764
0.238866 0.949764
0.238964 0.949764
0.239061 0.949764
0.239159 0.949468
0.239256 0.949468
0.239354 0.949173
0.239451 0.949173
0.239549 0.949173
0.239646 0.948877
0.239743 0.948877
0.239841 0.948877
0.239938 0.948877
0.240036 0.948877
0.240133 0.948877
0.240231 0.948877
0.240328 0.948877
0.240426 0.948877
0.240523 0.948582
0.240621 0.948582
0.240718 0.948582
0.240815 0.948582
0.240913 0.948582
0.241010 0.948286
0.241108 0.947991
0.241205 0.947991
0.241303 0.947991
0.241400 0.947991
0.241498 0.947991
0.241595 0.947991
0.241693 0.947991
0.241790 0.947991
0.241887 0.947991
0.241985 0.947991
0.242082 0.947695
0.242180 0.947400
0.242277 0.947400
0.242375 0.947400
0.242472 0.947400
0.242570 0.947400
0.242667 0.947400
0.242765 0.947400
0.242862 0.947400
0.242959 0.947400
0.243057 0.947400
0.243154 0.947400
0.243252 0.947104
0.243349 0.947104
0.243447 0.947104
0.243544 0.947104
0.243642 0.947104
0.243739 0.947104
0.243836 0.947104
0.243934 0.947104
0.244031 0.947104
0.244129 0.947104
0.244226 0.947104
0.244324 0.946513
0.244421 0.946513
0.244519 0.946513
0.244616 0.946513
0.244714 0.946513
0.244811 0.946513
0.244908 0.946513
0.245006 0.946513
0.245103 0.946217
0.245201 0.946217
0.245298 0.946217
0.245396 0.946217
0.245493 0.946217
0.245591 0.946217
0.245688 0.945922
0.245786 0.945922
0.245883 0.945922
0.245980 0.945922
0.246078 0.945922
0.246175 0.945922
0.246273 0.945626
0.246370 0.945626
0.246468 0.945626
0.246565 0.945626
0.246663 0.945626
0.246760 0.945626
0.246858 0.945035
0.246955 0.945035
0.247052 0.945035
0.247150 0.945035
0.247247 0.945035
0.247345 0.945035
0.247442 0.945035
0.247540 0.945035
0.247637 0.945035
0.247735 0.945035
0.247832 0.945035
0.247930 0.944740
0.248027 0.944740
0.248124 0.944444
0.248222 0.944444
0.248319 0.944444
0.248417 0.944444
0.248514 0.944444
0.248612 0.944444
0.248709 0.944149
0.248807 0.944149
0.248904 0.944149
0.249002 0.944149
0.249099 0.944149
0.249196 0.944149
0.249294 0.944149
0.249391 0.944149
0.249489 0.944149
0.249586 0.944149
0.249684 0.944149
0.249781 0.944149
0.249879 0.944149
0.249976 0.944149
0.250074 0.944149
0.250171 0.944149
0.250268 0.944149
0.250366 0.944149
0.250463 0.944149
0.250561 0.944149
0.250658 0.944149
0.250756 0.944149
0.250853 0.944149
0.250951 0.944149
0.251048 0.944149
0.251145 0.944149
0.251243 0.944149
0.251340 0.944149
0.251438 0.944149
0.251535 0.944149
0.251633 0.943558
0.251730 0.943558
0.251828 0.943262
0.251925 0.943262
0.252023 0.943262
0.252120 0.942967
0.252217 0.942967
0.252315 0.942671
0.252412 0.942671
0.252510 0.942671
0.252607 0.942671
0.252705 0.942671
0.252802 0.942376
0.252900 0.942376
0.252997 0.942376
0.253095 0.942376
0.253192 0.942376
0.253289 0.942376
0.253387 0.942376
0.253484 0.942376
0.253582 0.942376
0.253679 0.942376
0.253777 0.942376
0.253874 0.942376
0.253972 0.942376
0.254069 0.942376
0.254167 0.942376
0.254264 0.942080
0.254361 0.942080
0.254459 0.942080
0.254556 0.942080
0.254654 0.942080
0.254751 0.942080
0.254849 0.942080
0.254946 0.942080
0.255044 0.942080
0.255141 0.942080
0.255239 0.942080
0.255336 0.942080
0.255433 0.942080
0.255531 0.942080
0.255628 0.942080
0.255726 0.941785
0.255823 0.941785
0.255921 0.941785
0.256018 0.941785
0.256116 0.941785
0.256213 0.941785
0.256311 0.941785
0.256408 0.941785
0.256505 0.941785
0.256603 0.941785
0.256700 0.941785
0.256798 0.941785
0.256895 0.941785
0.256993 0.941785
0.257090 0.941785
0.257188 0.941785
0.257285 0.941785
0.257382 0.941785
0.257480 0.941489
0.257577 0.941194
0.257675 0.941194
0.257772 0.941194
0.257870 0.941194
0.257967 0.941194
0.258065 0.941194
0.258162 0.941194
0.258260 0.941194
0.258357 0.941194
0.258454 0.941194
0.258552 0.940898
0.258649 0.940898
0.258747 0.940898
0.258844 0.940603
0.258942 0.940603
0.259039 0.940603
0.259137 0.940603
0.259234 0.940603
0.259332 0.940603
0.259429 0.940603
0.259526 0.940603
0.259624 0.940603
0.259721 0.940603
0.259819 0.940603
0.259916 0.940603
0.260014 0.940603
0.260111 0.940603
0.260209 0.940307
0.260306 0.940307
0.260404 0.940307
0.260501 0.940307
0.260598 0.940307
0.260696 0.940307
0.260793 0.940307
0.260891 0.940307
0.260988 0.940012
0.261086 0.940012
0.261183 0.939716
0.261281 0.939716
0.261378 0.939716
0.261476 0.939421
0.261573 0.939421
0.261670 0.939421
0.261768 0.939421
0.261865 0.939421
0.261963 0.939421
0.262060 0.938830
0.262158 0.938830
0.262255 0.938830
0.262353 0.938830
0.262450 0.938534
0.262548 0.938534
0.262645 0.938534
0.262742 0.938534
0.262840 0.938534
0.262937 0.938534
0.263035 0.938534
0.263132 0.938534
0.263230 0.938534
0.263327 0.938534
0.263425 0.938534
0.263522 0.938534
0.263620 0.938534
0.263717 0.938239
0.263814 0.938239
0.263912 0.938239
0.264009 0.938239
0.264107 0.938239
0.264204 0.938239
0.264302 0.938239
0.264399 0.938239
0.264497 0.938239
0.264594 0.938239
0.264691 0.937943
0.264789 0.937943
0.264886 0.937943
0.264984 0.937352
0.265081 0.937352
0.265179 0.937352
0.265276 0.936761
0.265374 0.936761
0.265471 0.936761
0.265569 0.936761
0.265666 0.936466
0.265763 0.936466
0.265861 0.936466
0.265958 0.936466
0.266056 0.936466
0.266153 0.936466
0.266251 0.936466
0.266348 0.936466
0.266446 0.936466
0.266543 0.936466
0.266641 0.936466
0.266738 0.936466
0.266835 0.936466
0.266933 0.936466
0.267030 0.936466
0.267128 0.936170
0.267225 0.936170
0.267323 0.936170
0.267420 0.936170
0.267518 0.936170
0.267615 0.935875
0.267713 0.935875
0.267810 0.935579
0.267907 0.935579
0.268005 0.935579
0.268102 0.935579
0.268200 0.935579
0.268297 0.935284
0.268395 0.935284
0.268492 0.934988
0.268590 0.934693
0.268687 0.934693
0.268785 0.934693
0.268882 0.934693
0.268979 0.934693
0.269077 0.934693
0.269174 0.934397
0.269272 0.934397
0.269369 0.934397
0.269467 0.934102
0.269564 0.934102
0.269662 0.933215
0.269759 0.933215
0.269857 0.933215
0.269954 0.933215
0.270051 0.933215
0.270149 0.932920
0.270246 0.932920
0.270344 0.932624
0.270441 0.932624
0.270539 0.932624
0.270636 0.932329
0.270734 0.932329
0.270831 0.931738
0.270928 0.931738
0.271026 0.931738
0.271123 0.931738
0.271221 0.931442
0.271318 0.931442
0.271416 0.931147
0.271513 0.931147
0.271611 0.931147
0.271708 0.930556
0.271806 0.930556
0.271903 0.930556
0.272000 0.930556
0.272098 0.930556
0.272195 0.930556
0.272293 0.930556
0.272390 0.930556
0.272488 0.930556
0.272585 0.930556
0.272683 0.930556
0.272780 0.930556
0.272878 0.930556
0.272975 0.930260
0.273072 0.930260
0.273170 0.930260
0.273267 0.930260
0.273365 0.930260
0.273462 0.930260
0.273560 0.930260
0.273657 0.930260
0.273755 0.930260
0.273852 0.929965
0.273950 0.929669
0.274047 0.929669
0.274144 0.929669
0.274242 0.929669
0.274339 0.929669
0.274437 0.929374
0.274534 0.929374
0.274632 0.929374
0.274729 0.929078
0.274827 0.929078
0.274924 0.929078
0.275022 0.929078
0.275119 0.929078
0.275216 0.929078
0.275314 0.929078
0.275411 0.929078
0.275509 0.929078
0.275606 0.929078
0.275704 0.929078
0.275801 0.928783
0.275899 0.928783
0.275996 0.928783
0.276094 0.928783
0.276191 0.928487
0.276288 0.928487
0.276386 0.928487
0.276483 0.928191
0.276581 0.928191
0.276678 0.928191
0.276776 0.928191
0.276873 0.927896
0.276971 0.927600
0.277068 0.927600
0.277165 0.927305
0.277263 0.927305
0.277360 0.927305
0.277458 0.927305
0.277555 0.927305
0.277653 0.927305
0.277750 0.927305
0.277848 0.927305
0.277945 0.927009
0.278043 0.927009
0.278140 0.927009
0.278237 0.927009
0.278335 0.927009
0.278432 0.927009
0.278530 0.927009
0.278627 0.927009
0.278725 0.927009
0.278822 0.927009
0.278920 0.927009
0.279017 0.927009
0.279115 0.926714
0.279212 0.926714
0.279309 0.926714
0.279407 0.926714
0.279504 0.926714
0.279602 0.926714
0.279699 0.926714
0.279797 0.926714
0.279894 0.926714
0.279992 0.926714
0.280089 0.926714
0.280187 0.926418
0.280284 0.926123
0.280381 0.926123
0.280479 0.926123
0.280576 0.926123
0.280674 0.926123
0.280771 0.926123
0.280869 0.926123
0.280966 0.925827
0.281064 0.925827
0.281161 0.925827
0.281259 0.925827
0.281356 0.925532
0.281453 0.925532
0.281551 0.925236
0.281648 0.925236
0.281746 0.924941
0.281843 0.924941
0.281941 0.924645
0.282038 0.924645
0.282136 0.924645
0.282233 0.924645
0.282331 0.924645
0.282428 0.924645
0.282525 0.924645
0.282623 0.924645
0.282720 0.924645
0.282818 0.924350
0.282915 0.924350
0.283013 0.924350
0.283110 0.924054
0.283208 0.924054
0.283305 0.924054
0.283403 0.924054
0.283500 0.923759
0.283597 0.923759
0.283695 0.923463
0.283792 0.923463
0.283890 0.923463
0.283987 0.923463
0.284085 0.923168
0.284182 0.923168
0.284280 0.923168
0.284377 0.923168
0.284474 0.923168
0.284572 0.923168
0.284669 0.923168
0.284767 0.923168
0.284864 0.923168
0.284962 0.923168
0.285059 0.922872
0.285157 0.922872
0.285254 0.922872
0.285352 0.922872
0.285449 0.922872
0.285546 0.922872
0.285644 0.922577
0.285741 0.922577
0.285839 0.922577
0.285936 0.922577
0.286034 0.922577
0.286131 0.922577
0.286229 0.922577
0.286326 0.922281
0.286424 0.922281
0.286521 0.922281
0.286618 0.922281
0.286716 0.922281
0.286813 0.922281
0.286911 0.921986
0.287008 0.921986
0.287106 0.921986
0.287203 0.921986
0.287301 0.921986
0.287398 0.921690
0.287496 0.921690
0.287593 0.921690
0.287690 0.921690
0.287788 0.921690
0.287885 0.921690
0.287983 0.921690
0.288080 0.921690
0.288178 0.921690
0.288275 0.921690
0.288373 0.921690
0.288470 0.921690
0.288568 0.921395
0.288665 0.921395
0.288762 0.921395
0.288860 0.921395
0.288957 0.921099
0.289055 0.921099
0.289152 0.921099
0.289250 0.921099
0.289347 0.921099
0.289445 0.921099
0.289542 0.921099
0.289640 0.921099
0.289737 0.921099
0.289834 0.921099
0.289932 0.921099
0.290029 0.921099
0.290127 0.920804
0.290224 0.920804
0.290322 0.920804
0.290419 0.920804
0.290517 0.920804
0.290614 0.920804
0.290711 0.920508
0.290809 0.920508
0.290906 0.920508
0.291004 0.920508
0.291101 0.920508
0.291199 0.920508
0.291296 0.920508
0.291394 0.920508
0.291491 0.920508
0.291589 0.920508
0.291686 0.920508
0.291783 0.920508
0.291881 0.920508
0.291978 0.920508
0.292076 0.920213
0.292173 0.920213
0.292271 0.920213
0.292368 0.920213
0.292466 0.920213
0.292563 0.920213
0.292661 0.920213
0.292758 0.920213
0.292855 0.920213
0.292953 0.920213
0.293050 0.920213
0.293148 0.920213
0.293245 0.920213
0.293343 0.920213
0.293440 0.920213
0.293538 0.920213
0.293635 0.920213
0.293733 0.920213
0.293830 0.920213
0.293927 0.919917
0.294025 0.919917
0.294122 0.919622
0.294220 0.919622
0.294317 0.919326
0.294415 0.919326
0.294512 0.919326
0.294610 0.919031
0.294707 0.919031
0.294805 0.919031
0.294902 0.918735
0.294999 0.918735
0.295097 0.918735
0.295194 0.918735
0.295292 0.918440
0.295389 0.918440
0.295487 0.918440
0.295584 0.918440
0.295682 0.918440
0.295779 0.918440
0.295877 0.918144
0.295974 0.918144
0.296071 0.918144
0.296169 0.918144
0.296266 0.918144
0.296364 0.918144
0.296461 0.918144
0.296559 0.917849
0.296656 0.917849
0.296754 0.917849
0.296851 0.917849
0.296949 0.917849
0.297046 0.917849
0.297143 0.917849
0.297241 0.917849
0.297338 0.917849
0.297436 0.917849
0.297533 0.917849
0.297631 0.917849
0.297728 0.917849
0.297826 0.917849
0.297923 0.917849
0.298020 0.917849
0.298118 0.917849
0.298215 0.917849
0.298313 0.917553
0.298410 0.917553
0.298508 0.917553
0.298605 0.917553
0.298703 0.917553
0.298800 0.917553
0.298898 0.917553
0.298995 0.917553
0.299092 0.917553
0.299190 0.917553
0.299287 0.917553
0.299385 0.917258
0.299482 0.917258
0.299580 0.917258
0.299677 0.917258
0.299775 0.917258
0.299872 0.917258
0.299970 0.917258
0.300067 0.916962
0.300164 0.916962
0.300262 0.916371
0.300359 0.916076
0.300457 0.916076
0.300554 0.916076
0.300652 0.916076
0.300749 0.916076
0.300847 0.916076
0.300944 0.916076
0.301042 0.916076
0.301139 0.916076
0.301236 0.916076
0.301334 0.916076
0.301431 0.916076
0.301529 0.915780
0.301626 0.915485
0.301724 0.915485
0.301821 0.915485
0.301919 0.915189
0.302016 0.915189
0.302114 0.915189
0.302211 0.915189
0.302308 0.915189
0.302406 0.915189
0.302503 0.915189
0.302601 0.915189
0.302698 0.915189
0.302796 0.915189
0.302893 0.915189
0.302991 0.915189
0.303088 0.915189
0.303186 0.915189
0.303283 0.915189
0.303380 0.915189
0.303478 0.915189
0.303575 0.915189
0.303673 0.915189
0.303770 0.915189
0.303868 0.915189
0.303965 0.915189
0.304063 0.915189
0.304160 0.914894
0.304257 0.914894
0.304355 0.914894
0.304452 0.914598
0.304550 0.914303
0.304647 0.914303
0.304745 0.914303
0.304842 0.914303
0.304940 0.914303
0.305037 0.914303
0.305135 0.914303
0.305232 0.914303
0.305329 0.914303
0.305427 0.914303
0.305524 0.914007
0.305622 0.914007
0.305719 0.914007
0.305817 0.913712
0.305914 0.913712
0.306012 0.913712
0.306109 0.913712
0.306207 0.913712
0.306304 0.913712
0.306401 0.913712
0.306499 0.913121
0.306596 0.912825
0.306694 0.912825
0.306791 0.912825
0.306889 0.912825
0.306986 0.912825
0.307084 0.912530
0.307181 0.912530
0.307279 0.911939
0.307376 0.911939
0.307473 0.911939
0.307571 0.911643
0.307668 0.911643
0.307766 0.911643
0.307863 0.911348
0.307961 0.911348
0.308058 0.911348
0.308156 0.911348
0.308253 0.911348
0.308351 0.911348
0.308448 0.911052
0.308545 0.910757
0.308643 0.910757
0.308740 0.910461
0.308838 0.910165
0.308935 0.910165
0.309033 0.910165
0.309130 0.910165
0.309228 0.910165
0.309325 0.910165
0.309423 0.910165
0.309520 0.909870
0.309617 0.909574
0.309715 0.909574
0.309812 0.909574
0.309910 0.908983
0.310007 0.908983
0.310105 0.908688
0.310202 0.908392
0.310300 0.908392
0.310397 0.908392
0.310494 0.908392
0.310592 0.908392
0.310689 0.908392
0.310787 0.908392
0.310884 0.908392
0.310982 0.908097
0.311079 0.908097
0.311177 0.908097
0.311274 0.908097
0.311372 0.908097
0.311469 0.908097
0.311566 0.907801
0.311664 0.907801
0.311761 0.907801
0.311859 0.907801
0.311956 0.907506
0.312054 0.907506
0.312151 0.907506
0.312249 0.907210
0.312346 0.906915
0.312444 0.906915
0.312541 0.906915
0.312638 0.906915
0.312736 0.906915
0.312833 0.906915
0.312931 0.906324
0.313028 0.906324
0.313126 0.906324
0.313223 0.906028
0.313321 0.906028
0.313418 0.906028
0.313516 0.905733
0.313613 0.905733
0.313710 0.905733
0.313808 0.905733
0.313905 0.905733
0.314003 0.905733
0.314100 0.905733
0.314198 0.905733
0.314295 0.905142
0.314393 0.904846
0.314490 0.904551
0.314588 0.904255
0.314685 0.903960
0.314782 0.903960
0.314880 0.903960
0.314977 0.903960
0.315075 0.903960
0.315172 0.903664
0.315270 0.903664
0.315367 0.903369
0.315465 0.903369
0.315562 0.903369
0.315660 0.903369
0.315757 0.903369
0.315854 0.903073
0.315952 0.903073
0.316049 0.902778
0.316147 0.902778
0.316244 0.902482
0.316342 0.902482
0.316439 0.902482
0.316537 0.902482
0.316634 0.902482
0.316732 0.902187
0.316829 0.902187
0.316926 0.902187
0.317024 0.901891
0.317121 0.901596
0.317219 0.901596
0.317316 0.901596
0.317414 0.901005
0.317511 0.901005
0.317609 0.900709
0.317706 0.900709
0.317803 0.900709
0.317901 0.900414
0.317998 0.900414
0.318096 0.900118
0.318193 0.900118
0.318291 0.900118
0.318388 0.900118
0.318486 0.900118
0.318583 0.900118
0.318681 0.900118
0.318778 0.900118
0.318875 0.900118
0.318973 0.900118
0.319070 0.900118
0.319168 0.899823
0.319265 0.899823
0.319363 0.899823
0.319460 0.899823
0.319558 0.899527
0.319655 0.899527
0.319753 0.899527
0.319850 0.899527
0.319947 0.899232
0.320045 0.899232
0.320142 0.899232
0.320240 0.899232
0.320337 0.899232
0.320435 0.899232
0.320532 0.898936
0.320630 0.898641
0.320727 0.898345
0.320825 0.898345
0.320922 0.898050
0.321019 0.898050
0.321117 0.898050
0.321214 0.898050
0.321312 0.898050
0.321409 0.898050
0.321507 0.897754
0.321604 0.897754
0.321702 0.897754
0.321799 0.897459
0.321897 0.897163
0.321994 0.896868
0.322091 0.896868
0.322189 0.896572
0.322286 0.896572
0.322384 0.896572
0.322481 0.895981
0.322579 0.895981
0.322676 0.895686
0.322774 0.895390
0.322871 0.895390
0.322969 0.895095
0.323066 0.895095
0.323163 0.894799
0.323261 0.894799
0.323358 0.894799
0.323456 0.894799
0.323553 0.894504
0.323651 0.894504
0.323748 0.894504
0.323846 0.894504
0.323943 0.894504
0.324040 0.894504
0.324138 0.894504
0.324235 0.894504
0.324333 0.894504
0.324430 0.894504
0.324528 0.894504
0.324625 0.894504
0.324723 0.894504
0.324820 0.893913
0.324918 0.893913
0.325015 0.893617
0.325112 0.893617
0.325210 0.893617
0.325307 0.893617
0.325405 0.893322
0.325502 0.893322
0.325600 0.893322
0.325697 0.893322
0.325795 0.893322
0.325892 0.893322
0.325990 0.892435
0.326087 0.892139
0.326184 0.892139
0.326282 0.892139
0.326379 0.892139
0.326477 0.892139
0.326574 0.891844
0.326672 0.891844
0.326769 0.891548
0.326867 0.891548
0.326964 0.891548
0.327062 0.891548
0.327159 0.891548
0.327256 0.891548
0.327354 0.891548
0.327451 0.891548
0.327549 0.891548
0.327646 0.891548
0.327744 0.891253
0.327841 0.891253
0.327939 0.890957
0.328036 0.890957
0.328134 0.890957
0.328231 0.890957
0.328328 0.890957
0.328426 0.890957
0.328523 0.890957
0.328621 0.890957
0.328718 0.890662
0.328816 0.890662
0.328913 0.890662
0.329011 0.890071
0.329108 0.889775
0.329206 0.889184
0.329303 0.889184
0.329400 0.888889
0.329498 0.888889
0.329595 0.888593
0.329693 0.888593
0.329790 0.888593
0.329888 0.888593
0.329985 0.888593
0.330083 0.888593
0.330180 0.888593
0.330277 0.888593
0.330375 0.888593
0.330472 0.888593
0.330570 0.888593
0.330667 0.888593
0.330765 0.888593
0.330862 0.888593
0.330960 0.888593
0.331057 0.888002
0.331155 0.888002
0.331252 0.888002
0.331349 0.888002
0.331447 0.888002
0.331544 0.887707
0.331642 0.887707
0.331739 0.887707
0.331837 0.887707
0.331934 0.887707
0.332032 0.887707
0.332129 0.887707
0.332227 0.887707
0.332324 0.887707
0.332421 0.887707
0.332519 0.887707
0.332616 0.887411
0.332714 0.887116
0.332811 0.887116
0.332909 0.887116
0.333006 0.887116
0.333104 0.887116
0.333201 0.887116
0.333299 0.887116
0.333396 0.886820
0.333493 0.886820
0.333591 0.886525
0.333688 0.886229
0.333786 0.886229
0.333883 0.886229
0.333981 0.886229
0.334078 0.886229
0.334176 0.886229
0.334273 0.886229
0.334371 0.886229
0.334468 0.885934
0.334565 0.885638
0.334663 0.885638
0.334760 0.885638
0.334858 0.885638
0.334955 0.885638
0.335053 0.885343
0.335150 0.885343
0.335248 0.885343
0.335345 0.885343
0.335443 0.885343
0.335540 0.885343
0.335637 0.885343
0.335735 0.885343
0.335832 0.885047
0.335930 0.885047
0.336027 0.885047
0.336125 0.885047
0.336222 0.885047
0.336320 0.885047
0.336417 0.884752
0.336515 0.884456
0.336612 0.884456
0.336709 0.884456
0.336807 0.884456
0.336904 0.884161
0.337002 0.884161
0.337099 0.884161
0.337197 0.883865
0.337294 0.883865
0.337392 0.883570
0.337489 0.883570
0.337586 0.883274
0.337684 0.883274
0.337781 0.883274
0.337879 0.883274
0.337976 0.883274
0.338074 0.883274
0.338171 0.883274
0.338269 0.883274
0.338366 0.882683
0.338464 0.882683
0.338561 0.882683
0.338658 0.882683
0.338756 0.882683
0.338853 0.882388
0.338951 0.882092
0.339048 0.881501
0.339146 0.880910
0.339243 0.880910
0.339341 0.880910
0.339438 0.880910
0.339536 0.880910
0.339633 0.880910
0.339730 0.880615
0.339828 0.880615
0.339925 0.880615
0.340023 0.880615
0.340120 0.880615
0.340218 0.880319
0.340315 0.880024
0.340413 0.879728
0.340510 0.879137
0.340608 0.879137
0.340705 0.878546
0.340802 0.878546
0.340900 0.878251
0.340997 0.877660
0.341095 0.877660
0.341192 0.877660
0.341290 0.877660
0.341387 0.877660
0.341485 0.877660
0.341582 0.877660
0.341680 0.877660
0.341777 0.877660
0.341874 0.877660
0.341972 0.877660
0.342069 0.876773
0.342167 0.876478
0.342264 0.876478
0.342362 0.876478
0.342459 0.876182
0.342557 0.876182
0.342654 0.876182
0.342752 0.875887
0.342849 0.875591
0.342946 0.875591
0.343044 0.875591
0.343141 0.875591
0.343239 0.875591
0.343336 0.875591
0.343434 0.875296
0.343531 0.875296
0.343629 0.875000
0.343726 0.874704
0.343823 0.874704
0.343921 0.874704
0.344018 0.874409
0.344116 0.874409
0.344213 0.874409
0.344311 0.874409
0.344408 0.874113
0.344506 0.874113
0.344603 0.873818
0.344701 0.873818
0.344798 0.873818
0.344895 0.873818
0.344993 0.873522
0.345090 0.873522
0.345188 0.873522
0.345285 0.873522
0.345383 0.873522
0.345480 0.873522
0.345578 0.873522
0.345675 0.873522
0.345773 0.873227
0.345870 0.873227
0.345967 0.872931
0.346065 0.872931
0.346162 0.872931
0.346260 0.872931
0.346357 0.872636
0.346455 0.871749
0.346552 0.871454
0.346650 0.871454
0.346747 0.871454
0.346845 0.871454
0.346942 0.871158
0.347039 0.871158
0.347137 0.871158
0.347234 0.871158
0.347332 0.871158
0.347429 0.871158
0.347527 0.870863
0.347624 0.870567
0.347722 0.870272
0.347819 0.870272
0.347917 0.870272
0.348014 0.870272
0.348111 0.870272
0.348209 0.870272
0.348306 0.870272
0.348404 0.870272
0.348501 0.869681
0.348599 0.869681
0.348696 0.869681
0.348794 0.869681
0.348891 0.869681
0.348989 0.869681
0.349086 0.869681
0.349183 0.869681
0.349281 0.869681
0.349378 0.869681
0.349476 0.869681
0.349573 0.869385
0.349671 0.869385
0.349768 0.869385
0.349866 0.869385
0.349963 0.869385
0.350061 0.869385
0.350158 0.869385
0.350255 0.869385
0.350353 0.869385
0.350450 0.869385
0.350548 0.869385
0.350645 0.869385
0.350743 0.869090
0.350840 0.868794
0.350938 0.868794
0.351035 0.868794
0.351132 0.868499
0.351230 0.868499
0.351327 0.868499
0.351425 0.868499
0.351522 0.868499
0.351620 0.868203
0.351717 0.868203
0.351815 0.868203
0.351912 0.868203
0.352010 0.868203
0.352107 0.868203
0.352204 0.868203
0.352302 0.868203
0.352399 0.868203
0.352497 0.867908
0.352594 0.867908
0.352692 0.867908
0.352789 0.867908
0.352887 0.867908
0.352984 0.867317
0.353082 0.867317
0.353179 0.867317
0.353276 0.867021
0.353374 0.867021
0.353471 0.867021
0.353569 0.867021
0.353666 0.867021
0.353764 0.867021
0.353861 0.867021
0.353959 0.867021
0.354056 0.866726
0.354154 0.866726
0.354251 0.866726
0.354348 0.866726
0.354446 0.866726
0.354543 0.866726
0.354641 0.866726
0.354738 0.866726
0.354836 0.866726
0.354933 0.866726
0.355031 0.866430
0.355128 0.866430
0.355226 0.866430
0.355323 0.866430
0.355420 0.866430
0.355518 0.866430
0.355615 0.866430
0.355713 0.866430
0.355810 0.866430
0.355908 0.866430
0.356005 0.866430
0.356103 0.866135
0.356200 0.866135
0.356298 0.866135
0.356395 0.866135
0.356492 0.865839
0.356590 0.865544
0.356687 0.864953
0.356785 0.864953
0.356882 0.864953
0.356980 0.864953
0.357077 0.864657
0.357175 0.864657
0.357272 0.864657
0.357369 0.864657
0.357467 0.864657
0.357564 0.864362
0.357662 0.864362
0.357759 0.864362
0.357857 0.864362
0.357954 0.864362
0.358052 0.864066
0.358149 0.863475
0.358247 0.863475
0.358344 0.863475
0.358441 0.863180
0.358539 0.862884
0.358636 0.862293
0.358734 0.861998
0.358831 0.861998
0.358929 0.861111
0.359026 0.861111
0.359124 0.860816
0.359221 0.860816
0.359319 0.860816
0.359416 0.860520
0.359513 0.860520
0.359611 0.860520
0.359708 0.860225
0.359806 0.860225
0.359903 0.860225
0.360001 0.860225
0.360098 0.859929
0.360196 0.859929
0.360293 0.859929
0.360391 0.859929
0.360488 0.859929
0.360585 0.859929
0.360683 0.859634
0.360780 0.859338
0.360878 0.859338
0.360975 0.859338
0.361073 0.859338
0.361170 0.859338
0.361268 0.859338
0.361365 0.859338
0.361463 0.858747
0.361560 0.858747
0.361657 0.858747
0.361755 0.858452
0.361852 0.858452
0.361950 0.858452
0.362047 0.858156
0.362145 0.858156
0.362242 0.858156
0.362340 0.858156
0.362437 0.858156
0.362535 0.858156
0.362632 0.858156
0.362729 0.858156
0.362827 0.857861
0.362924 0.857861
0.363022 0.857861
0.363119 0.856974
0.363217 0.856974
0.363314 0.856974
0.363412 0.856974
0.363509 0.856974
0.363606 0.856974
0.363704 0.856974
0.363801 0.856974
0.363899 0.856974
0.363996 0.856974
0.364094 0.856974
0.364191 0.856974
0.364289 0.856974
0.364386 0.856678
0.364484 0.856383
0.364581 0.856383
0.364678 0.856383
0.364776 0.856383
0.364873 0.856383
0.364971 0.856383
0.365068 0.856383
0.365166 0.856383
0.365263 0.856087
0.365361 0.856087
0.365458 0.856087
0.365556 0.856087
0.365653 0.856087
0.365750 0.856087
0.365848 0.855792
0.365945 0.855496
0.366043 0.855496
0.366140 0.855496
0.366238 0.855496
0.366335 0.855496
0.366433 0.855496
0.366530 0.855201
0.366628 0.854905
0.366725 0.854905
0.366822 0.854905
0.366920 0.854905
0.367017 0.854905
0.367115 0.854905
0.367212 0.854905
0.367310 0.854905
0.367407 0.854905
0.367505 0.854905
0.367602 0.854905
0.367700 0.854905
0.367797 0.854610
0.367894 0.854610
0.367992 0.854610
0.368089 0.854314
0.368187 0.854314
0.368284 0.854019
0.368382 0.854019
0.368479 0.854019
0.368577 0.854019
0.368674 0.854019
0.368772 0.854019
0.368869 0.854019
0.368966 0.854019
0.369064 0.854019
0.369161 0.854019
0.369259 0.853723
0.369356 0.853723
0.369454 0.853723
0.369551 0.853723
0.369649 0.853723
0.369746 0.853428
0.369844 0.853428
0.369941 0.853132
0.370038 0.852837
0.370136 0.852541
0.370233 0.852541
0.370331 0.852541
0.370428 0.852541
0.370526 0.852541
0.370623 0.852541
0.370721 0.852541
0.370818 0.852541
0.370915 0.852246
0.371013 0.852246
0.371110 0.852246
0.371208 0.852246
0.371305 0.852246
0.371403 0.851950
0.371500 0.851950
0.371598 0.851950
0.371695 0.851950
0.371793 0.851950
0.371890 0.851359
0.371987 0.851359
0.372085 0.851359
0.372182 0.851064
0.372280 0.851064
0.372377 0.851064
0.372475 0.851064
0.372572 0.851064
0.372670 0.851064
0.372767 0.851064
0.372865 0.851064
0.372962 0.851064
0.373059 0.850768
0.373157 0.850768
0.373254 0.850768
0.373352 0.850768
0.373449 0.850473
0.373547 0.849882
0.373644 0.849882
0.373742 0.849882
0.373839 0.849882
0.373937 0.849882
0.374034 0.849882
0.374131 0.849586
0.374229 0.848995
0.374326 0.848995
0.374424 0.848700
0.374521 0.848700
0.374619 0.848700
0.374716 0.848700
0.374814 0.848700
0.374911 0.848404
0.375009 0.848404
0.375106 0.848404
0.375203 0.848109
0.375301 0.847813
0.375398 0.847813
0.375496 0.847813
0.375593 0.847813
0.375691 0.847813
0.375788 0.847518
0.375886 0.846927
0.375983 0.846927
0.376081 0.846631
0.376178 0.846631
0.376275 0.846336
0.376373 0.846336
0.376470 0.846336
0.376568 0.846040
0.376665 0.845745
0.376763 0.845449
0.376860 0.845449
0.376958 0.845449
0.377055 0.845449
0.377152 0.845449
0.377250 0.844858
0.377347 0.844858
0.377445 0.844858
0.377542 0.844563
0.377640 0.844563
0.377737 0.844267
0.377835 0.844267
0.377932 0.844267
0.378030 0.843972
0.378127 0.843972
0.378224 0.843676
0.378322 0.843676
0.378419 0.843676
0.378517 0.843381
0.378614 0.843381
0.378712 0.843085
0.378809 0.843085
0.378907 0.843085
0.379004 0.843085
0.379102 0.843085
0.379199 0.842790
0.379296 0.842790
0.379394 0.842790
0.379491 0.842494
0.379589 0.842494
0.379686 0.842494
0.379784 0.842494
0.379881 0.842494
0.379979 0.842494
0.380076 0.842494
0.380174 0.842494
0.380271 0.842494
0.380368 0.842199
0.380466 0.842199
0.380563 0.841608
0.380661 0.841608
0.380758 0.841608
0.380856 0.841608
0.380953 0.841608
0.381051 0.841312
0.381148 0.841312
0.381246 0.841017
0.381343 0.841017
0.381440 0.841017
0.381538 0.841017
0.381635 0.840721
0.381733 0.840721
0.381830 0.840721
0.381928 0.840721
0.382025 0.840721
0.382123 0.840426
0.382220 0.840426
0.382318 0.839835
0.382415 0.839835
0.382512 0.839835
0.382610 0.839539
0.382707 0.839243
0.382805 0.839243
0.382902 0.838948
0.383000 0.838948
0.383097 0.838948
0.383195 0.838357
0.383292 0.838357
0.383389 0.838357
0.383487 0.838357
0.383584 0.838357
0.383682 0.838061
0.383779 0.838061
0.383877 0.838061
0.383974 0.838061
0.384072 0.838061
0.384169 0.837470
0.384267 0.837470
0.384364 0.837470
0.384461 0.836879
0.384559 0.836879
0.384656 0.836879
0.384754 0.836879
0.384851 0.836879
0.384949 0.836879
0.385046 0.836584
0.385144 0.836584
0.385241 0.836288
0.385339 0.836288
0.385436 0.835993
0.385533 0.835993
0.385631 0.835993
0.385728 0.835697
0.385826 0.835402
0.385923 0.835106
0.386021 0.835106
0.386118 0.835106
0.386216 0.834811
0.386313 0.834811
0.386411 0.834515
0.386508 0.834515
0.386605 0.834515
0.386703 0.834515
0.386800 0.834515
0.386898 0.834515
0.386995 0.834515
0.387093 0.834515
0.387190 0.834515
0.387288 0.834515
0.387385 0.834515
0.387483 0.834515
0.387580 0.834220
0.387677 0.834220
0.387775 0.834220
0.387872 0.834220
0.387970 0.833924
0.388067 0.833629
0.388165 0.833629
0.388262 0.833629
0.388360 0.833038
0.388457 0.833038
0.388555 0.832742
0.388652 0.832447
0.388749 0.832447
0.388847 0.832447
0.388944 0.832447
0.389042 0.832447
0.389139 0.832447
0.389237 0.832151
0.389334 0.832151
0.389432 0.831856
0.389529 0.831856
0.389627 0.831856
0.389724 0.831560
0.389821 0.831560
0.389919 0.831560
0.390016 0.831560
0.390114 0.831265
0.390211 0.831265
0.390309 0.830969
0.390406 0.830969
0.390504 0.830969
0.390601 0.830969
0.390698 0.830378
0.390796 0.830378
0.390893 0.830378
0.390991 0.830378
0.391088 0.830378
0.391186 0.830378
0.391283 0.830378
0.391381 0.830378
0.391478 0.830378
0.391576 0.830378
0.391673 0.830378
0.391770 0.830378
0.391868 0.830378
0.391965 0.830378
0.392063 0.830083
0.392160 0.830083
0.392258 0.830083
0.392355 0.830083
0.392453 0.830083
0.392550 0.830083
0.392648 0.829787
0.392745 0.829787
0.392842 0.829787
0.392940 0.829196
0.393037 0.829196
0.393135 0.829196
0.393232 0.828901
0.393330 0.828901
0.393427 0.828901
0.393525 0.828901
0.393622 0.828901
0.393720 0.828901
0.393817 0.828901
0.393914 0.828901
0.394012 0.828901
0.394109 0.828901
0.394207 0.828901
0.394304 0.828901
0.394402 0.828901
0.394499 0.828901
0.394597 0.828901
0.394694 0.828605
0.394792 0.828605
0.394889 0.828310
0.394986 0.828310
0.395084 0.828014
0.395181 0.827423
0.395279 0.827423
0.395376 0.827423
0.395474 0.826832
0.395571 0.826832
0.395669 0.826537
0.395766 0.826241
0.395864 0.826241
0.395961 0.825946
0.396058 0.825946
0.396156 0.825650
0.396253 0.825650
0.396351 0.825355
0.396448 0.825355
0.396546 0.825355
0.396643 0.825355
0.396741 0.825059
0.396838 0.824764
0.396935 0.824173
0.397033 0.824173
0.397130 0.824173
0.397228 0.824173
0.397325 0.823877
0.397423 0.823877
0.397520 0.823877
0.397618 0.823877
0.397715 0.823582
0.397813 0.823582
0.397910 0.823582
0.398007 0.823582
0.398105 0.823582
0.398202 0.823582
0.398300 0.823582
0.398397 0.823582
0.398495 0.823286
0.398592 0.823286
0.398690 0.823286
0.398787 0.823286
0.398885 0.822695
0.398982 0.822400
0.399079 0.822400
0.399177 0.822400
0.399274 0.822400
0.399372 0.822104
0.399469 0.822104
0.399567 0.821809
0.399664 0.821809
0.399762 0.821809
0.399859 0.821809
0.399957 0.821513
0.400054 0.821513
0.400151 0.821513
0.400249 0.821513
0.400346 0.821513
0.400444 0.821217
0.400541 0.820922
0.400639 0.820626
0.400736 0.820331
0.400834 0.820331
0.400931 0.819740
0.401029 0.819444
0.401126 0.819444
0.401223 0.819444
0.401321 0.819444
0.401418 0.819444
0.401516 0.818853
0.401613 0.818853
0.401711 0.818262
0.401808 0.818262
0.401906 0.818262
0.402003 0.818262
0.402101 0.818262
0.402198 0.818262
0.402295 0.817967
0.402393 0.817671
0.402490 0.817671
0.402588 0.817671
0.402685 0.817671
0.402783 0.817671
0.402880 0.817671
0.402978 0.817671
0.403075 0.817376
0.403173 0.817376
0.403270 0.817376
0.403367 0.817376
0.403465 0.817376
0.403562 0.817376
0.403660 0.817376
0.403757 0.817376
0.403855 0.817376
0.403952 0.817376
0.404050 0.817080
0.404147 0.816785
0.404244 0.816785
0.404342 0.816489
0.404439 0.816489
0.404537 0.816489
0.404634 0.816489
0.404732 0.816489
0.404829 0.816489
0.404927 0.816489
0.405024 0.816489
0.405122 0.816489
0.405219 0.816489
0.405316 0.816489
0.405414 0.816489
0.405511 0.816194
0.405609 0.816194
0.405706 0.815898
0.405804 0.815603
0.405901 0.815603
0.405999 0.815012
0.406096 0.814716
0.406194 0.814716
0.406291 0.814421
0.406388 0.814421
0.406486 0.814421
0.406583 0.814421
0.406681 0.814421
0.406778 0.814125
0.406876 0.814125
0.406973 0.813830
0.407071 0.813830
0.407168 0.813534
0.407266 0.813239
0.407363 0.813239
0.407460 0.813239
0.407558 0.813239
0.407655 0.812648
0.407753 0.812648
0.407850 0.812648
0.407948 0.812648
0.408045 0.812648
0.408143 0.812648
0.408240 0.812648
0.408338 0.812352
0.408435 0.812352
0.408532 0.812352
0.408630 0.812057
0.408727 0.811466
0.408825 0.810875
0.408922 0.810875
0.409020 0.810875
0.409117 0.810875
0.409215 0.810579
0.409312 0.810579
0.409410 0.810284
0.409507 0.809988
0.409604 0.809988
0.409702 0.809988
0.409799 0.809693
0.409897 0.809693
0.409994 0.809693
0.410092 0.809693
0.410189 0.809693
0.410287 0.809693
0.410384 0.809693
0.410481 0.808806
0.410579 0.808806
0.410676 0.808806
0.410774 0.808511
0.410871 0.808511
0.410969 0.808511
0.411066 0.808511
0.411164 0.808511
0.411261 0.808215
0.411359 0.808215
0.411456 0.808215
0.411553 0.807920
0.411651 0.807329
0.411748 0.807329
0.411846 0.807329
0.411943 0.807329
0.412041 0.807329
0.412138 0.807329
0.412236 0.807329
0.412333 0.807329
0.412431 0.806738
0.412528 0.806442
0.412625 0.806442
0.412723 0.806147
0.412820 0.805851
0.412918 0.805851
0.413015 0.805556
0.413113 0.805556
0.413210 0.805556
0.413308 0.805556
0.413405 0.805260
0.413503 0.805260
0.413600 0.805260
0.413697 0.805260
0.413795 0.805260
0.413892 0.804965
0.413990 0.804965
0.414087 0.804669
0.414185 0.804669
0.414282 0.804669
0.414380 0.804078
0.414477 0.804078
0.414575 0.804078
0.414672 0.803783
0.414769 0.803783
0.414867 0.803487
0.414964 0.803487
0.415062 0.803191
0.415159 0.803191
0.415257 0.802896
0.415354 0.802896
0.415452 0.802305
0.415549 0.802009
0.415647 0.802009
0.415744 0.802009
0.415841 0.802009
0.415939 0.801714
0.416036 0.801418
0.416134 0.801418
0.416231 0.801418
0.416329 0.801123
0.416426 0.801123
0.416524 0.801123
0.416621 0.800827
0.416718 0.800532
0.416816 0.800532
0.416913 0.800532
0.417011 0.800532
0.417108 0.800532
0.417206 0.800236
0.417303 0.799941
0.417401 0.799941
0.417498 0.799645
0.417596 0.799350
0.417693 0.799054
0.417790 0.799054
0.417888 0.799054
0.417985 0.798759
0.418083 0.798463
0.418180 0.798168
0.418278 0.797872
0.418375 0.797872
0.418473 0.797872
0.418570 0.797577
0.418668 0.797577
0.418765 0.797577
0.418862 0.797281
0.418960 0.796986
0.419057 0.796690
0.419155 0.796395
0.419252 0.796395
0.419350 0.796099
0.419447 0.796099
0.419545 0.796099
0.419642 0.796099
0.419740 0.796099
0.419837 0.795804
0.419934 0.795804
0.420032 0.795804
0.420129 0.795804
0.420227 0.795804
0.420324 0.795804
0.420422 0.795804
0.420519 0.795508
0.420617 0.795213
0.420714 0.794917
0.420812 0.794917
0.420909 0.794917
0.421006 0.794917
0.421104 0.794622
0.421201 0.794622
0.421299 0.794326
0.421396 0.794031
0.421494 0.794031
0.421591 0.793735
0.421689 0.793735
0.421786 0.793735
0.421884 0.793440
0.421981 0.793440
0.422078 0.793144
0.422176 0.793144
0.422273 0.792553
0.422371 0.792553
0.422468 0.792258
0.422566 0.792258
0.422663 0.791962
0.422761 0.791962
0.422858 0.791962
0.422956 0.791962
0.423053 0.791667
0.423150 0.791667
0.423248 0.791371
0.423345 0.791076
0.423443 0.791076
0.423540 0.791076
0.423638 0.791076
0.423735 0.791076
0.423833 0.790780
0.423930 0.790780
0.424027 0.790485
0.424125 0.790485
0.424222 0.790485
0.424320 0.790485
0.424417 0.790485
0.424515 0.790189
0.424612 0.790189
0.424710 0.790189
0.424807 0.790189
0.424905 0.790189
0.425002 0.790189
0.425099 0.789598
0.425197 0.789598
0.425294 0.789598
0.425392 0.789598
0.425489 0.789303
0.425587 0.789303
0.425684 0.789303
0.425782 0.789007
0.425879 0.788712
0.425977 0.788416
0.426074 0.788416
0.426171 0.788416
0.426269 0.788416
0.426366 0.788416
0.426464 0.788416
0.426561 0.788121
0.426659 0.788121
0.426756 0.787825
0.426854 0.787825
0.426951 0.787530
0.427049 0.787530
0.427146 0.787530
0.427243 0.787234
0.427341 0.786643
0.427438 0.786348
0.427536 0.786348
0.427633 0.786348
0.427731 0.786348
0.427828 0.786348
0.427926 0.786348
0.428023 0.786348
0.428121 0.786348
0.428218 0.786348
0.428315 0.786348
0.428413 0.786052
0.428510 0.786052
0.428608 0.786052
0.428705 0.786052
0.428803 0.786052
0.428900 0.785757
0.428998 0.785757
0.429095 0.785757
0.429193 0.785757
0.429290 0.784870
0.429387 0.784870
0.429485 0.784870
0.429582 0.784574
0.429680 0.784574
0.429777 0.784279
0.429875 0.784279
0.429972 0.784279
0.430070 0.783983
0.430167 0.783983
0.430264 0.783688
0.430362 0.783688
0.430459 0.783688
0.430557 0.783688
0.430654 0.783688
0.430752 0.783097
0.430849 0.782801
0.430947 0.782506
0.431044 0.782210
0.431142 0.781915
0.431239 0.781915
0.431336 0.781915
0.431434 0.781915
0.431531 0.781619
0.431629 0.781619
0.431726 0.781619
0.431824 0.781324
0.431921 0.781028
0.432019 0.781028
0.432116 0.780733
0.432214 0.780733
0.432311 0.780437
0.432408 0.780437
0.432506 0.780142
0.432603 0.779846
0.432701 0.779846
0.432798 0.779551
0.432896 0.779551
0.432993 0.779551
0.433091 0.779551
0.433188 0.778960
0.433286 0.778960
0.433383 0.778664
0.433480 0.778664
0.433578 0.778664
0.433675 0.778664
0.433773 0.778664
0.433870 0.778664
0.433968 0.778369
0.434065 0.778369
0.434163 0.778369
0.434260 0.778369
0.434358 0.778073
0.434455 0.778073
0.434552 0.778073
0.434650 0.778073
0.434747 0.777778
0.434845 0.777187
0.434942 0.777187
0.435040 0.776596
0.435137 0.776596
0.435235 0.776596
0.435332 0.776596
0.435430 0.776596
0.435527 0.776596
0.435624 0.776596
0.435722 0.776596
0.435819 0.776005
0.435917 0.776005
0.436014 0.775709
0.436112 0.775709
0.436209 0.775709
0.436307 0.775709
0.436404 0.775709
0.436502 0.775709
0.436599 0.775414
0.436696 0.775414
0.436794 0.775414
0.436891 0.775414
0.436989 0.775118
0.437086 0.774823
0.437184 0.774823
0.437281 0.774823
0.437379 0.774823
0.437476 0.774823
0.437573 0.774527
0.437671 0.774232
0.437768 0.774232
0.437866 0.774232
0.437963 0.773936
0.438061 0.773641
0.438158 0.773050
0.438256 0.773050
0.438353 0.772754
0.438451 0.772754
0.438548 0.772754
0.438645 0.772459
0.438743 0.772459
0.438840 0.772459
0.438938 0.772163
0.439035 0.772163
0.439133 0.772163
0.439230 0.772163
0.439328 0.772163
0.439425 0.771868
0.439523 0.771868
0.439620 0.771868
0.439717 0.771572
0.439815 0.771572
0.439912 0.771572
0.440010 0.771572
0.440107 0.771572
0.440205 0.771277
0.440302 0.771277
0.440400 0.771277
0.440497 0.771277
0.440595 0.771277
0.440692 0.770981
0.440789 0.770981
0.440887 0.770981
0.440984 0.770686
0.441082 0.770686
0.441179 0.770686
0.441277 0.770686
0.441374 0.770686
0.441472 0.770686
0.441569 0.770390
0.441667 0.770390
0.441764 0.770390
0.441861 0.770390
0.441959 0.770095
0.442056 0.770095
0.442154 0.770095
0.442251 0.769799
0.442349 0.769504
0.442446 0.769504
0.442544 0.769504
0.442641 0.769504
0.442739 0.769208
0.442836 0.769208
0.442933 0.768913
0.443031 0.768913
0.443128 0.768913
0.443226 0.768913
0.443323 0.768617
0.443421 0.768617
0.443518 0.768617
0.443616 0.768617
0.443713 0.768617
0.443810 0.768617
0.443908 0.768322
0.444005 0.768322
0.444103 0.768322
0.444200 0.768322
0.444298 0.768322
0.444395 0.768322
0.444493 0.768026
0.444590 0.767730
0.444688 0.767730
0.444785 0.767730
0.444882 0.767730
0.444980 0.767730
0.445077 0.767730
0.445175 0.767730
0.445272 0.767139
0.445370 0.767139
0.445467 0.766548
0.445565 0.766253
0.445662 0.765957
0.445760 0.765957
0.445857 0.765366
0.445954 0.765071
0.446052 0.764775
0.446149 0.764775
0.446247 0.764480
0.446344 0.764480
0.446442 0.764480
0.446539 0.764480
0.446637 0.764480
0.446734 0.764480
0.446832 0.764480
0.446929 0.764480
0.447026 0.764480
0.447124 0.764480
0.447221 0.764480
0.447319 0.764184
0.447416 0.763889
0.447514 0.763889
0.447611 0.763889
0.447709 0.763593
0.447806 0.763298
0.447904 0.763298
0.448001 0.763002
0.448098 0.763002
0.448196 0.763002
0.448293 0.763002
0.448391 0.763002
0.448488 0.763002
0.448586 0.763002
0.448683 0.763002
0.448781 0.763002
0.448878 0.763002
0.448976 0.763002
0.449073 0.762707
0.449170 0.762411
0.449268 0.762411
0.449365 0.762411
0.449463 0.762116
0.449560 0.761525
0.449658 0.761525
0.449755 0.761525
0.449853 0.761525
0.449950 0.761229
0.450047 0.761229
0.450145 0.761229
0.450242 0.761229
0.450340 0.760934
0.450437 0.760934
0.450535 0.760638
0.450632 0.760638
0.450730 0.760638
0.450827 0.760638
0.450925 0.760343
0.451022 0.760343
0.451119 0.760343
0.451217 0.760343
0.451314 0.760343
0.451412 0.760343
0.451509 0.760047
0.451607 0.759752
0.451704 0.759456
0.451802 0.759456
0.451899 0.758570
0.451997 0.758570
0.452094 0.758274
0.452191 0.757979
0.452289 0.757683
0.452386 0.757683
0.452484 0.757388
0.452581 0.757388
0.452679 0.757388
0.452776 0.757388
0.452874 0.757388
0.452971 0.757092
0.453069 0.757092
0.453166 0.756797
0.453263 0.756797
0.453361 0.756797
0.453458 0.756206
0.453556 0.756206
0.453653 0.755910
0.453751 0.755615
0.453848 0.755615
0.453946 0.755319
0.454043 0.755319
0.454141 0.755319
0.454238 0.755319
0.454335 0.755024
0.454433 0.755024
0.454530 0.754728
0.454628 0.754433
0.454725 0.754433
0.454823 0.754433
0.454920 0.754433
0.455018 0.754137
0.455115 0.754137
0.455213 0.754137
0.455310 0.754137
0.455407 0.754137
0.455505 0.754137
0.455602 0.754137
0.455700 0.754137
0.455797 0.754137
0.455895 0.753842
0.455992 0.753842
0.456090 0.753842
0.456187 0.753842
0.456285 0.753842
0.456382 0.753842
0.456479 0.753546
0.456577 0.753546
0.456674 0.753546
0.456772 0.753546
0.456869 0.753546
0.456967 0.753546
0.457064 0.753546
0.457162 0.752955
0.457259 0.752955
0.457356 0.752660
0.457454 0.752660
0.457551 0.752660
0.457649 0.752660
0.457746 0.752364
0.457844 0.752364
0.457941 0.752364
0.458039 0.752364
0.458136 0.752364
0.458234 0.752364
0.458331 0.752364
0.458428 0.752364
0.458526 0.752069
0.458623 0.752069
0.458721 0.751773
0.458818 0.751478
0.458916 0.751478
0.459013 0.751182
0.459111 0.750887
0.459208 0.750887
0.459306 0.750591
0.459403 0.750591
0.459500 0.750296
0.459598 0.750296
0.459695 0.750000
0.459793 0.750000
0.459890 0.750000
0.459988 0.749409
0.460085 0.749113
0.460183 0.748818
0.460280 0.748522
0.460378 0.748227
0.460475 0.747931
0.460572 0.747931
0.460670 0.747931
0.460767 0.747636
0.460865 0.747636
0.460962 0.747340
0.461060 0.747340
0.461157 0.747340
0.461255 0.747340
0.461352 0.747045
0.461450 0.747045
0.461547 0.747045
0.461644 0.746749
0.461742 0.746454
0.461839 0.745863
0.461937 0.745863
0.462034 0.745567
0.462132 0.745567
0.462229 0.745567
0.462327 0.745567
0.462424 0.745567
0.462522 0.745272
0.462619 0.745272
0.462716 0.744976
0.462814 0.744976
0.462911 0.744681
0.463009 0.744681
0.463106 0.744681
0.463204 0.744681
0.463301 0.744681
0.463399 0.744681
0.463496 0.744385
0.463593 0.744385
0.463691 0.744385
0.463788 0.744385
0.463886 0.744385
0.463983 0.744385
0.464081 0.744385
0.464178 0.744385
0.464276 0.744090
0.464373 0.744090
0.464471 0.743794
0.464568 0.743794
0.464665 0.743499
0.464763 0.743499
0.464860 0.743499
0.464958 0.743499
0.465055 0.743203
0.465153 0.742908
0.465250 0.742908
0.465348 0.741726
0.465445 0.741726
0.465543 0.741726
0.465640 0.741726
0.465737 0.741726
0.465835 0.741430
0.465932 0.741135
0.466030 0.741135
0.466127 0.741135
0.466225 0.741135
0.466322 0.741135
0.466420 0.741135
0.466517 0.741135
0.466615 0.740248
0.466712 0.740248
0.466809 0.739953
0.466907 0.739657
0.467004 0.739657
0.467102 0.739066
0.467199 0.738771
0.467297 0.738475
0.467394 0.738475
0.467492 0.738475
0.467589 0.738475
0.467687 0.738180
0.467784 0.738180
0.467881 0.738180
0.467979 0.737884
0.468076 0.737884
0.468174 0.737884
0.468271 0.737589
0.468369 0.737589
0.468466 0.737589
0.468564 0.737293
0.468661 0.737293
0.468759 0.737293
0.468856 0.736702
0.468953 0.735816
0.469051 0.734929
0.469148 0.734634
0.469246 0.734338
0.469343 0.734338
0.469441 0.734338
0.469538 0.734338
0.469636 0.734338
0.469733 0.734338
0.469830 0.734338
0.469928 0.734338
0.470025 0.734338
0.470123 0.733747
0.470220 0.733747
0.470318 0.733747
0.470415 0.733747
0.470513 0.733747
0.470610 0.733747
0.470708 0.733156
0.470805 0.732861
0.470902 0.732861
0.471000 0.732861
0.471097 0.731974
0.471195 0.731974
0.471292 0.731974
0.471390 0.731383
0.471487 0.731383
0.471585 0.731383
0.471682 0.731383
0.471780 0.731087
0.471877 0.731087
0.471974 0.731087
0.472072 0.730792
0.472169 0.730792
0.472267 0.730792
0.472364 0.730792
0.472462 0.730792
0.472559 0.730496
0.472657 0.730496
0.472754 0.730496
0.472852 0.730496
0.472949 0.730496
0.473046 0.730201
0.473144 0.730201
0.473241 0.730201
0.473339 0.730201
0.473436 0.729905
0.473534 0.729905
0.473631 0.729905
0.473729 0.729905
0.473826 0.729905
0.473924 0.729314
0.474021 0.729314
0.474118 0.729314
0.474216 0.729314
0.474313 0.729019
0.474411 0.729019
0.474508 0.728723
0.474606 0.728428
0.474703 0.728428
0.474801 0.728132
0.474898 0.728132
0.474996 0.728132
0.475093 0.727837
0.475190 0.727837
0.475288 0.727837
0.475385 0.727837
0.475483 0.727837
0.475580 0.727541
0.475678 0.727541
0.475775 0.727541
0.475873 0.727541
0.475970 0.727541
0.476068 0.727246
0.476165 0.727246
0.476262 0.727246
0.476360 0.727246
0.476457 0.727246
0.476555 0.726950
0.476652 0.726950
0.476750 0.726950
0.476847 0.726950
0.476945 0.726950
0.477042 0.726950
0.477139 0.726950
0.477237 0.726655
0.477334 0.726359
0.477432 0.726064
0.477529 0.725768
0.477627 0.725768
0.477724 0.725473
0.477822 0.725473
0.477919 0.725177
0.478017 0.725177
0.478114 0.724882
0.478211 0.724882
0.478309 0.724586
0.478406 0.724291
0.478504 0.724291
0.478601 0.724291
0.478699 0.724291
0.478796 0.723995
0.478894 0.723995
0.478991 0.723995
0.479089 0.723700
0.479186 0.723700
0.479283 0.723109
0.479381 0.723109
0.479478 0.722813
0.479576 0.722813
0.479673 0.722813
0.479771 0.722813
0.479868 0.722518
0.479966 0.722518
0.480063 0.722518
0.480161 0.722518
0.480258 0.722222
0.480355 0.722222
0.480453 0.722222
0.480550 0.722222
0.480648 0.722222
0.480745 0.721336
0.480843 0.721336
0.480940 0.721336
0.481038 0.721336
0.481135 0.720745
0.481233 0.720449
0.481330 0.720154
0.481427 0.720154
0.481525 0.720154
0.481622 0.719858
0.481720 0.719858
0.481817 0.719858
0.481915 0.719858
0.482012 0.719858
0.482110 0.719267
0.482207 0.718972
0.482305 0.718676
0.482402 0.718676
0.482499 0.718381
0.482597 0.718085
0.482694 0.718085
0.482792 0.717790
0.482889 0.717790
0.482987 0.717790
0.483084 0.717790
0.483182 0.717790
0.483279 0.717199
0.483376 0.716903
0.483474 0.716608
0.483571 0.716608
0.483669 0.716312
0.483766 0.716017
0.483864 0.716017
0.483961 0.716017
0.484059 0.716017
0.484156 0.716017
0.484254 0.715721
0.484351 0.715130
0.484448 0.714835
0.484546 0.714835
0.484643 0.714835
0.484741 0.714835
0.484838 0.714835
0.484936 0.714539
0.485033 0.714539
0.485131 0.714243
0.485228 0.714243
0.485326 0.714243
0.485423 0.714243
0.485520 0.713948
0.485618 0.713948
0.485715 0.713652
0.485813 0.713357
0.485910 0.713061
0.486008 0.712175
0.486105 0.712175
0.486203 0.711879
0.486300 0.711879
0.486398 0.711879
0.486495 0.711879
0.486592 0.711584
0.486690 0.711288
0.486787 0.711288
0.486885 0.710106
0.486982 0.710106
0.487080 0.709811
0.487177 0.709811
0.487275 0.709515
0.487372 0.709515
0.487470 0.709515
0.487567 0.709515
0.487664 0.709515
0.487762 0.709515
0.487859 0.709220
0.487957 0.709220
0.488054 0.708629
0.488152 0.708629
0.488249 0.708629
0.488347 0.708629
0.488444 0.708333
0.488542 0.708333
0.488639 0.708038
0.488736 0.708038
0.488834 0.708038
0.488931 0.708038
0.489029 0.707742
0.489126 0.707742
0.489224 0.707447
0.489321 0.707447
0.489419 0.706856
0.489516 0.706856
0.489614 0.706856
0.489711 0.706265
0.489808 0.705674
0.489906 0.705674
0.490003 0.705674
0.490101 0.705378
0.490198 0.705083
0.490296 0.705083
0.490393 0.705083
0.490491 0.705083
0.490588 0.705083
0.490685 0.704787
0.490783 0.704492
0.490880 0.704492
0.490978 0.704492
0.491075 0.704492
0.491173 0.703605
0.491270 0.703605
0.491368 0.703310
0.491465 0.703310
0.491563 0.703014
0.491660 0.703014
0.491757 0.703014
0.491855 0.702719
0.491952 0.702719
0.492050 0.702423
0.492147 0.702423
0.492245 0.702423
0.492342 0.702423
0.492440 0.702423
0.492537 0.702423
0.492635 0.702423
0.492732 0.702423
0.492829 0.702128
0.492927 0.702128
0.493024 0.702128
0.493122 0.701832
0.493219 0.701832
0.493317 0.701832
0.493414 0.701832
0.493512 0.701832
0.493609 0.701537
0.493707 0.701241
0.493804 0.700946
0.493901 0.700946
0.493999 0.700946
0.494096 0.700946
0.494194 0.700946
0.494291 0.700650
0.494389 0.700650
0.494486 0.700650
0.494584 0.700650
0.494681 0.700650
0.494779 0.700355
0.494876 0.700059
0.494973 0.700059
0.495071 0.700059
0.495168 0.699764
0.495266 0.699173
0.495363 0.698582
0.495461 0.698286
0.495558 0.698286
0.495656 0.698286
0.495753 0.698286
0.495851 0.697991
0.495948 0.697991
0.496045 0.697991
0.496143 0.697695
0.496240 0.697695
0.496338 0.697695
0.496435 0.697695
0.496533 0.697695
0.496630 0.697695
0.496728 0.697695
0.496825 0.697695
0.496922 0.697695
0.497020 0.697104
0.497117 0.697104
0.497215 0.697104
0.497312 0.697104
0.497410 0.697104
0.497507 0.697104
0.497605 0.696809
0.497702 0.696809
0.497800 0.696809
0.497897 0.696809
0.497994 0.696809
0.498092 0.696809
0.498189 0.696809
0.498287 0.696513
0.498384 0.696217
0.498482 0.696217
0.498579 0.695331
0.498677 0.695035
0.498774 0.694444
0.498872 0.694444
0.498969 0.694444
0.499066 0.694444
0.499164 0.694444
0.499261 0.693853
0.499359 0.693853
0.499456 0.693558
0.499554 0.693262
0.499651 0.693262
0.499749 0.692967
0.499846 0.692967
0.499944 0.692967
0.500041 0.692967
0.500138 0.692967
0.500236 0.692967
0.500333 0.692671
0.500431 0.692080
0.500528 0.691785
0.500626 0.691785
0.500723 0.691785
0.500821 0.691785
0.500918 0.691785
0.501016 0.691785
0.501113 0.691785
0.501210 0.691489
0.501308 0.691489
0.501405 0.691489
0.501503 0.691489
0.501600 0.691194
0.501698 0.690603
0.501795 0.690307
0.501893 0.690307
0.501990 0.690012
0.502088 0.690012
0.502185 0.689716
0.502282 0.689716
0.502380 0.689421
0.502477 0.689421
0.502575 0.689421
0.502672 0.689125
0.502770 0.689125
0.502867 0.689125
0.502965 0.689125
0.503062 0.689125
0.503159 0.689125
0.503257 0.689125
0.503354 0.688534
0.503452 0.688534
0.503549 0.688239
0.503647 0.688239
0.503744 0.688239
0.503842 0.688239
0.503939 0.687943
0.504037 0.687943
0.504134 0.687648
0.504231 0.687057
0.504329 0.687057
0.504426 0.687057
0.504524 0.686761
0.504621 0.686466
0.504719 0.686466
0.504816 0.686466
0.504914 0.685875
0.505011 0.685579
0.505109 0.685579
0.505206 0.685579
0.505303 0.685284
0.505401 0.684693
0.505498 0.684693
0.505596 0.684693
0.505693 0.684397
0.505791 0.684397
0.505888 0.684397
0.505986 0.684397
0.506083 0.684102
0.506181 0.684102
0.506278 0.683806
0.506375 0.683806
0.506473 0.683511
0.506570 0.683215
0.506668 0.682920
0.506765 0.682624
0.506863 0.682624
0.506960 0.682033
0.507058 0.682033
0.507155 0.682033
0.507253 0.682033
0.507350 0.681738
0.507447 0.681442
0.507545 0.681147
0.507642 0.681147
0.507740 0.681147
0.507837 0.681147
0.507935 0.681147
0.508032 0.681147
0.508130 0.680851
0.508227 0.680851
0.508325 0.680556
0.508422 0.680556
0.508519 0.679965
0.508617 0.679965
0.508714 0.679965
0.508812 0.679669
0.508909 0.679374
0.509007 0.679078
0.509104 0.678783
0.509202 0.678783
0.509299 0.678191
0.509397 0.678191
0.509494 0.678191
0.509591 0.678191
0.509689 0.678191
0.509786 0.678191
0.509884 0.677896
0.509981 0.677896
0.510079 0.677896
0.510176 0.677600
0.510274 0.677600
0.510371 0.677009
0.510468 0.677009
0.510566 0.676714
0.510663 0.676714
0.510761 0.676714
0.510858 0.676714
0.510956 0.676714
0.511053 0.676123
0.511151 0.675236
0.511248 0.675236
0.511346 0.675236
0.511443 0.674941
0.511540 0.674941
0.511638 0.674941
0.511735 0.674941
0.511833 0.674645
0.511930 0.674054
0.512028 0.674054
0.512125 0.673759
0.512223 0.673463
0.512320 0.673168
0.512418 0.673168
0.512515 0.672872
0.512612 0.672872
0.512710 0.672872
0.512807 0.672872
0.512905 0.672872
0.513002 0.672281
0.513100 0.672281
0.513197 0.672281
0.513295 0.672281
0.513392 0.672281
0.513490 0.671690
0.513587 0.671395
0.513684 0.671395
0.513782 0.670804
0.513879 0.670508
0.513977 0.670508
0.514074 0.670508
0.514172 0.670213
0.514269 0.670213
0.514367 0.669917
0.514464 0.669917
0.514562 0.669917
0.514659 0.669917
0.514756 0.669917
0.514854 0.669917
0.514951 0.669622
0.515049 0.669326
0.515146 0.669326
0.515244 0.669326
0.515341 0.669326
0.515439 0.669031
0.515536 0.669031
0.515634 0.669031
0.515731 0.669031
0.515828 0.669031
0.515926 0.669031
0.516023 0.668440
0.516121 0.668144
0.516218 0.668144
0.516316 0.667553
0.516413 0.667553
0.516511 0.667258
0.516608 0.667258
0.516705 0.666667
0.516803 0.666667
0.516900 0.666371
0.516998 0.666371
0.517095 0.666076
0.517193 0.666076
0.517290 0.666076
0.517388 0.665485
0.517485 0.665485
0.517583 0.664894
0.517680 0.664894
0.517777 0.664894
0.517875 0.664894
0.517972 0.664894
0.518070 0.664894
0.518167 0.664894
0.518265 0.664894
0.518362 0.664894
0.518460 0.664598
0.518557 0.664598
0.518655 0.664303
0.518752 0.664007
0.518849 0.663712
0.518947 0.663712
0.519044 0.663712
0.519142 0.663416
0.519239 0.663121
0.519337 0.662825
0.519434 0.662825
0.519532 0.662825
0.519629 0.662825
0.519727 0.662234
0.519824 0.661939
0.519921 0.661939
0.520019 0.661643
0.520116 0.661643
0.520214 0.661643
0.520311 0.661643
0.520409 0.661348
0.520506 0.661348
0.520604 0.661052
0.520701 0.660757
0.520799 0.660461
0.520896 0.659870
0.520993 0.659870
0.521091 0.659574
0.521188 0.659574
0.521286 0.659574
0.521383 0.659574
0.521481 0.659279
0.521578 0.658983
0.521676 0.658983
0.521773 0.658983
0.521871 0.658983
0.521968 0.658983
0.522065 0.658688
0.522163 0.658688
0.522260 0.658688
0.522358 0.658392
0.522455 0.658097
0.522553 0.657801
0.522650 0.657801
0.522748 0.657506
0.522845 0.657506
0.522943 0.657210
0.523040 0.656915
0.523137 0.656915
0.523235 0.656619
0.523332 0.656324
0.523430 0.656324
0.523527 0.656324
0.523625 0.656324
0.523722 0.656324
0.523820 0.656028
0.523917 0.656028
0.524014 0.655733
0.524112 0.655733
0.524209 0.655733
0.524307 0.655733
0.524404 0.655733
0.524502 0.654846
0.524599 0.654255
0.524697 0.654255
0.524794 0.654255
0.524892 0.653664
0.524989 0.653073
0.525086 0.653073
0.525184 0.653073
0.525281 0.652778
0.525379 0.652778
0.525476 0.652778
0.525574 0.652482
0.525671 0.652482
0.525769 0.651891
0.525866 0.651891
0.525964 0.651891
0.526061 0.651891
0.526158 0.651596
0.526256 0.651596
0.526353 0.651005
0.526451 0.651005
0.526548 0.651005
0.526646 0.650709
0.526743 0.650709
0.526841 0.650414
0.526938 0.650414
0.527036 0.650118
0.527133 0.650118
0.527230 0.649823
0.527328 0.649527
0.527425 0.649527
0.527523 0.648936
0.527620 0.648936
0.527718 0.648936
0.527815 0.648641
0.527913 0.648641
0.528010 0.648641
0.528108 0.648050
0.528205 0.648050
0.528302 0.648050
0.528400 0.648050
0.528497 0.648050
0.528595 0.647754
0.528692 0.647754
0.528790 0.647754
0.528887 0.647754
0.528985 0.647163
0.529082 0.646868
0.529180 0.646868
0.529277 0.646572
0.529374 0.646277
0.529472 0.646277
0.529569 0.645981
0.529667 0.645390
0.529764 0.645095
0.529862 0.643913
0.529959 0.643617
0.530057 0.643617
0.530154 0.643617
0.530251 0.643322
0.530349 0.643322
0.530446 0.643026
0.530544 0.642730
0.530641 0.642730
0.530739 0.642730
0.530836 0.641253
0.530934 0.640662
0.531031 0.640366
0.531129 0.640366
0.531226 0.640366
0.531323 0.640071
0.531421 0.639775
0.531518 0.639480
0.531616 0.639184
0.531713 0.639184
0.531811 0.639184
0.531908 0.638889
0.532006 0.638889
0.532103 0.638889
0.532201 0.638889
0.532298 0.638298
0.532395 0.638298
0.532493 0.638298
0.532590 0.638298
0.532688 0.638298
0.532785 0.638298
0.532883 0.638002
0.532980 0.637707
0.533078 0.637707
0.533175 0.637707
0.533273 0.637707
0.533370 0.637707
0.533467 0.637707
0.533565 0.637411
0.533662 0.637411
0.533760 0.636820
0.533857 0.636820
0.533955 0.636525
0.534052 0.636525
0.534150 0.636525
0.534247 0.636525
0.534345 0.636229
0.534442 0.636229
0.534539 0.635934
0.534637 0.635638
0.534734 0.635343
0.534832 0.635047
0.534929 0.635047
0.535027 0.635047
0.535124 0.635047
0.535222 0.635047
0.535319 0.635047
0.535417 0.635047
0.535514 0.635047
0.535611 0.634752
0.535709 0.634456
0.535806 0.634456
0.535904 0.634456
0.536001 0.634456
0.536099 0.634161
0.536196 0.634161
0.536294 0.633865
0.536391 0.633570
0.536488 0.632979
0.536586 0.632979
0.536683 0.632683
0.536781 0.632683
0.536878 0.632683
0.536976 0.632683
0.537073 0.632683
0.537171 0.632683
0.537268 0.632683
0.537366 0.632683
0.537463 0.632388
0.537560 0.632092
0.537658 0.632092
0.537755 0.632092
0.537853 0.632092
0.537950 0.632092
0.538048 0.632092
0.538145 0.632092
0.538243 0.632092
0.538340 0.632092
0.538438 0.632092
0.538535 0.631797
0.538632 0.631797
0.538730 0.631797
0.538827 0.631797
0.538925 0.631501
0.539022 0.630910
0.539120 0.630910
0.539217 0.630615
0.539315 0.630319
0.539412 0.630319
0.539510 0.630319
0.539607 0.630319
0.539704 0.630319
0.539802 0.630024
0.539899 0.629728
0.539997 0.629728
0.540094 0.629728
0.540192 0.629728
0.540289 0.629433
0.540387 0.629433
0.540484 0.629433
0.540582 0.629433
0.540679 0.629433
0.540776 0.628251
0.540874 0.628251
0.540971 0.628251
0.541069 0.628251
0.541166 0.628251
0.541264 0.628251
0.541361 0.627364
0.541459 0.627069
0.541556 0.626773
0.541654 0.626478
0.541751 0.626478
0.541848 0.626182
0.541946 0.626182
0.542043 0.625887
0.542141 0.625296
0.542238 0.625296
0.542336 0.625000
0.542433 0.625000
0.542531 0.625000
0.542628 0.625000
0.542726 0.625000
0.542823 0.625000
0.542920 0.625000
0.543018 0.625000
0.543115 0.624704
0.543213 0.624704
0.543310 0.624704
0.543408 0.624409
0.543505 0.624113
0.543603 0.623522
0.543700 0.623522
0.543797 0.623227
0.543895 0.623227
0.543992 0.623227
0.544090 0.623227
0.544187 0.623227
0.544285 0.623227
0.544382 0.623227
0.544480 0.623227
0.544577 0.623227
0.544675 0.623227
0.544772 0.622340
0.544869 0.622340
0.544967 0.621749
0.545064 0.621749
0.545162 0.621749
0.545259 0.621749
0.545357 0.621749
0.545454 0.621749
0.545552 0.621454
0.545649 0.621454
0.545747 0.621158
0.545844 0.621158
0.545941 0.621158
0.546039 0.621158
0.546136 0.620863
0.546234 0.620863
0.546331 0.620863
0.546429 0.620567
0.546526 0.619976
0.546624 0.619681
0.546721 0.619385
0.546819 0.619090
0.546916 0.619090
0.547013 0.619090
0.547111 0.619090
0.547208 0.619090
0.547306 0.619090
0.547403 0.619090
0.547501 0.618794
0.547598 0.618794
0.547696 0.618794
0.547793 0.618499
0.547891 0.618203
0.547988 0.617908
0.548085 0.617612
0.548183 0.617612
0.548280 0.617317
0.548378 0.617317
0.548475 0.617317
0.548573 0.617021
0.548670 0.616726
0.548768 0.616430
0.548865 0.616135
0.548963 0.616135
0.549060 0.616135
0.549157 0.615839
0.549255 0.615839
0.549352 0.615839
0.549450 0.615839
0.549547 0.615544
0.549645 0.615544
0.549742 0.615544
0.549840 0.615248
0.549937 0.615248
0.550034 0.615248
0.550132 0.615248
0.550229 0.615248
0.550327 0.615248
0.550424 0.615248
0.550522 0.615248
0.550619 0.614953
0.550717 0.614953
0.550814 0.614657
0.550912 0.614657
0.551009 0.614657
0.551106 0.613771
0.551204 0.613771
0.551301 0.613771
0.551399 0.613475
0.551496 0.612589
0.551594 0.612293
0.551691 0.611998
0.551789 0.611998
0.551886 0.611407
0.551984 0.611111
0.552081 0.611111
0.552178 0.611111
0.552276 0.611111
0.552373 0.610816
0.552471 0.610816
0.552568 0.610816
0.552666 0.610520
0.552763 0.610225
0.552861 0.609634
0.552958 0.609634
0.553056 0.609634
0.553153 0.609338
0.553250 0.609338
0.553348 0.609043
0.553445 0.609043
0.553543 0.609043
0.553640 0.608747
0.553738 0.608747
0.553835 0.608747
0.553933 0.608747
0.554030 0.608747
0.554128 0.608747
0.554225 0.608747
0.554322 0.608452
0.554420 0.608452
0.554517 0.608156
0.554615 0.608156
0.554712 0.607861
0.554810 0.607270
0.554907 0.606974
0.555005 0.606974
0.555102 0.606974
0.555200 0.606383
0.555297 0.606383
0.555394 0.606383
0.555492 0.606383
0.555589 0.606383
0.555687 0.606383
0.555784 0.606383
0.555882 0.606087
0.555979 0.606087
0.556077 0.606087
0.556174 0.606087
0.556271 0.606087
0.556369 0.606087
0.556466 0.606087
0.556564 0.605792
0.556661 0.605792
0.556759 0.605792
0.556856 0.605792
0.556954 0.605496
0.557051 0.605496
0.557149 0.605496
0.557246 0.605201
0.557343 0.605201
0.557441 0.605201
0.557538 0.604905
0.557636 0.604905
0.557733 0.604905
0.557831 0.604905
0.557928 0.604905
0.558026 0.604905
0.558123 0.604610
0.558221 0.604314
0.558318 0.604314
0.558415 0.604314
0.558513 0.604019
0.558610 0.604019
0.558708 0.604019
0.558805 0.604019
0.558903 0.604019
0.559000 0.604019
0.559098 0.604019
0.559195 0.604019
0.559293 0.604019
0.559390 0.603723
0.559487 0.603428
0.559585 0.603428
0.559682 0.603132
0.559780 0.603132
0.559877 0.603132
0.559975 0.603132
0.560072 0.603132
0.560170 0.603132
0.560267 0.603132
0.560365 0.603132
0.560462 0.603132
0.560559 0.602541
0.560657 0.602246
0.560754 0.601950
0.560852 0.601950
0.560949 0.601655
0.561047 0.601359
0.561144 0.601359
0.561242 0.601359
0.561339 0.601359
0.561437 0.600768
0.561534 0.600768
0.561631 0.600768
0.561729 0.600768
0.561826 0.600473
0.561924 0.600473
0.562021 0.600177
0.562119 0.599586
0.562216 0.599291
0.562314 0.599291
0.562411 0.598700
0.562509 0.598109
0.562606 0.597813
0.562703 0.597813
0.562801 0.597813
0.562898 0.597813
0.562996 0.597813
0.563093 0.597518
0.563191 0.597518
0.563288 0.597518
0.563386 0.597222
0.563483 0.597222
0.563580 0.597222
0.563678 0.597222
0.563775 0.597222
0.563873 0.597222
0.563970 0.597222
0.564068 0.597222
0.564165 0.597222
0.564263 0.597222
0.564360 0.597222
0.564458 0.597222
0.564555 0.597222
0.564652 0.596927
0.564750 0.596927
0.564847 0.596927
0.564945 0.596927
0.565042 0.596927
0.565140 0.596631
0.565237 0.596631
0.565335 0.596631
0.565432 0.596631
0.565530 0.596631
0.565627 0.596631
0.565724 0.596631
0.565822 0.596631
0.565919 0.596631
0.566017 0.596336
0.566114 0.596336
0.566212 0.596336
0.566309 0.596336
0.566407 0.595745
0.566504 0.595745
0.566602 0.595745
0.566699 0.595745
0.566796 0.595745
0.566894 0.595449
0.566991 0.595449
0.567089 0.595449
0.567186 0.594858
0.567284 0.594267
0.567381 0.594267
0.567479 0.593972
0.567576 0.593972
0.567674 0.593972
0.567771 0.593676
0.567868 0.593676
0.567966 0.593381
0.568063 0.593381
0.568161 0.593381
0.568258 0.592790
0.568356 0.592494
0.568453 0.592494
0.568551 0.592199
0.568648 0.591608
0.568746 0.591608
0.568843 0.591608
0.568940 0.591608
0.569038 0.591608
0.569135 0.591608
0.569233 0.591312
0.569330 0.591017
0.569428 0.591017
0.569525 0.591017
0.569623 0.591017
0.569720 0.590721
0.569817 0.590426
0.569915 0.590130
0.570012 0.589835
0.570110 0.589243
0.570207 0.588948
0.570305 0.588948
0.570402 0.588948
0.570500 0.588948
0.570597 0.588948
0.570695 0.588948
0.570792 0.588948
0.570889 0.588948
0.570987 0.588948
0.571084 0.588652
0.571182 0.588357
0.571279 0.587766
0.571377 0.587766
0.571474 0.587766
0.571572 0.587766
0.571669 0.587470
0.571767 0.587470
0.571864 0.586879
0.571961 0.586879
0.572059 0.586584
0.572156 0.586584
0.572254 0.586584
0.572351 0.586584
0.572449 0.586584
0.572546 0.586584
0.572644 0.586584
0.572741 0.586584
0.572839 0.586288
0.572936 0.586288
0.573033 0.585697
0.573131 0.585402
0.573228 0.585106
0.573326 0.584811
0.573423 0.584811
0.573521 0.584811
0.573618 0.584515
0.573716 0.584515
0.573813 0.584220
0.573911 0.583629
0.574008 0.583629
0.574105 0.583333
0.574203 0.583333
0.574300 0.583333
0.574398 0.583038
0.574495 0.583038
0.574593 0.583038
0.574690 0.582447
0.574788 0.582447
0.574885 0.582447
0.574983 0.582447
0.575080 0.581856
0.575177 0.581560
0.575275 0.581560
0.575372 0.581265
0.575470 0.581265
0.575567 0.581265
0.575665 0.580674
0.575762 0.580378
0.575860 0.580378
0.575957 0.580378
0.576055 0.580083
0.576152 0.580083
0.576249 0.579787
0.576347 0.579787
0.576444 0.579787
0.576542 0.579787
0.576639 0.579787
0.576737 0.579492
0.576834 0.579492
0.576932 0.579492
0.577029 0.579196
0.577126 0.578901
0.577224 0.578901
0.577321 0.578605
0.577419 0.578310
0.577516 0.578310
0.577614 0.578310
0.577711 0.578310
0.577809 0.578014
0.577906 0.578014
0.578004 0.578014
0.578101 0.577719
0.578198 0.577719
0.578296 0.577719
0.578393 0.577719
0.578491 0.577719
0.578588 0.577719
0.578686 0.577719
0.578783 0.577128
0.578881 0.577128
0.578978 0.577128
0.579076 0.577128
0.579173 0.577128
0.579270 0.577128
0.579368 0.576832
0.579465 0.576832
0.579563 0.576537
0.579660 0.576241
0.579758 0.576241
0.579855 0.576241
0.579953 0.576241
0.580050 0.576241
0.580148 0.576241
0.580245 0.575946
0.580342 0.575946
0.580440 0.575946
0.580537 0.575946
0.580635 0.575946
0.580732 0.575946
0.580830 0.575650
0.580927 0.575650
0.581025 0.575650
0.581122 0.575650
0.581220 0.575650
0.581317 0.575650
0.581414 0.575650
0.581512 0.575650
0.581609 0.575355
0.581707 0.575355
0.581804 0.575355
0.581902 0.575355
0.581999 0.575355
0.582097 0.574764
0.582194 0.574468
0.582292 0.574468
0.582389 0.574173
0.582486 0.573582
0.582584 0.573582
0.582681 0.573286
0.582779 0.572991
0.582876 0.572991
0.582974 0.572991
0.583071 0.572991
0.583169 0.572991
0.583266 0.572400
0.583363 0.572400
0.583461 0.572400
0.583558 0.572104
0.583656 0.571809
0.583753 0.571513
0.583851 0.571513
0.583948 0.571217
0.584046 0.571217
0.584143 0.570922
0.584241 0.570626
0.584338 0.570626
0.584435 0.570626
0.584533 0.570626
0.584630 0.570626
0.584728 0.570626
0.584825 0.570331
0.584923 0.570331
0.585020 0.569740
0.585118 0.569444
0.585215 0.569444
0.585313 0.569444
0.585410 0.569444
0.585507 0.569149
0.585605 0.568853
0.585702 0.568853
0.585800 0.568558
0.585897 0.568262
0.585995 0.568262
0.586092 0.567967
0.586190 0.567967
0.586287 0.567967
0.586385 0.567967
0.586482 0.567671
0.586579 0.567376
0.586677 0.567080
0.586774 0.567080
0.586872 0.567080
0.586969 0.566785
0.587067 0.566489
0.587164 0.566489
0.587262 0.566489
0.587359 0.566489
0.587457 0.566489
0.587554 0.566194
0.587651 0.565898
0.587749 0.565898
0.587846 0.565898
0.587944 0.565898
0.588041 0.565898
0.588139 0.565603
0.588236 0.565603
0.588334 0.565603
0.588431 0.565603
0.588529 0.565012
0.588626 0.565012
0.588723 0.565012
0.588821 0.565012
0.588918 0.565012
0.589016 0.564421
0.589113 0.564125
0.589211 0.564125
0.589308 0.564125
0.589406 0.564125
0.589503 0.564125
0.589600 0.563830
0.589698 0.563830
0.589795 0.563534
0.589893 0.563534
0.589990 0.563534
0.590088 0.563534
0.590185 0.563534
0.590283 0.563534
0.590380 0.563534
0.590478 0.563534
0.590575 0.563239
0.590672 0.563239
0.590770 0.563239
0.590867 0.563239
0.590965 0.563239
0.591062 0.563239
0.591160 0.562943
0.591257 0.562943
0.591355 0.562352
0.591452 0.562057
0.591550 0.562057
0.591647 0.562057
0.591744 0.562057
0.591842 0.561761
0.591939 0.561466
0.592037 0.561170
0.592134 0.560875
0.592232 0.560579
0.592329 0.560284
0.592427 0.560284
0.592524 0.560284
0.592622 0.560284
0.592719 0.559988
0.592816 0.559988
0.592914 0.559693
0.593011 0.559693
0.593109 0.559693
0.593206 0.559693
0.593304 0.559693
0.593401 0.559693
0.593499 0.559693
0.593596 0.559693
0.593694 0.559693
0.593791 0.559693
0.593888 0.559397
0.593986 0.559397
0.594083 0.559397
0.594181 0.559397
0.594278 0.559102
0.594376 0.558806
0.594473 0.558806
0.594571 0.558511
0.594668 0.557920
0.594766 0.557920
0.594863 0.557920
0.594960 0.557920
0.595058 0.557920
0.595155 0.557920
0.595253 0.557920
0.595350 0.557920
0.595448 0.557920
0.595545 0.557920
0.595643 0.557624
0.595740 0.557329
0.595838 0.557329
0.595935 0.557329
0.596032 0.557329
0.596130 0.557329
0.596227 0.557329
0.596325 0.557329
0.596422 0.557329
0.596520 0.557329
0.596617 0.557329
0.596715 0.557329
0.596812 0.557033
0.596909 0.557033
0.597007 0.557033
0.597104 0.557033
0.597202 0.557033
0.597299 0.556738
0.597397 0.556738
0.597494 0.556738
0.597592 0.556147
0.597689 0.556147
0.597787 0.556147
0.597884 0.556147
0.597981 0.555851
0.598079 0.554669
0.598176 0.554078
0.598274 0.554078
0.598371 0.554078
0.598469 0.553783
0.598566 0.553487
0.598664 0.553487
0.598761 0.553487
0.598859 0.553487
0.598956 0.553487
0.599053 0.553487
0.599151 0.553487
0.599248 0.553487
0.599346 0.552896
0.599443 0.552896
0.599541 0.552896
0.599638 0.552896
0.599736 0.552896
0.599833 0.552600
0.599931 0.552600
0.600028 0.552305
0.600125 0.552305
0.600223 0.552305
0.600320 0.552305
0.600418 0.552305
0.600515 0.552305
0.600613 0.552305
0.600710 0.552009
0.600808 0.551714
0.600905 0.551714
0.601003 0.551714
0.601100 0.551714
0.601197 0.551714
0.601295 0.551714
0.601392 0.551714
0.601490 0.551418
0.601587 0.551418
0.601685 0.551418
0.601782 0.551418
0.601880 0.551418
0.601977 0.551418
0.602075 0.551418
0.602172 0.551418
0.602269 0.551418
0.602367 0.551418
0.602464 0.551418
0.602562 0.551123
0.602659 0.550827
0.602757 0.550532
0.602854 0.550236
0.602952 0.550236
0.603049 0.550236
0.603146 0.550236
0.603244 0.549941
0.603341 0.549645
0.603439 0.549350
0.603536 0.549350
0.603634 0.549350
0.603731 0.549350
0.603829 0.549350
0.603926 0.548759
0.604024 0.548463
0.604121 0.548463
0.604218 0.548168
0.604316 0.548168
0.604413 0.548168
0.604511 0.547872
0.604608 0.547872
0.604706 0.547872
0.604803 0.547872
0.604901 0.547872
0.604998 0.547577
0.605096 0.547577
0.605193 0.547577
0.605290 0.547281
0.605388 0.547281
0.605485 0.547281
0.605583 0.546986
0.605680 0.546986
0.605778 0.546986
0.605875 0.546690
0.605973 0.546690
0.606070 0.546395
0.606168 0.546395
0.606265 0.546395
0.606362 0.546099
0.606460 0.545804
0.606557 0.545804
0.606655 0.545804
0.606752 0.545804
0.606850 0.545804
0.606947 0.545804
0.607045 0.545804
0.607142 0.545508
0.607240 0.544917
0.607337 0.544917
0.607434 0.544917
0.607532 0.544326
0.607629 0.544031
0.607727 0.544031
0.607824 0.544031
0.607922 0.544031
0.608019 0.543735
0.608117 0.543735
0.608214 0.543735
0.608312 0.543735
0.608409 0.543440
0.608506 0.543440
0.608604 0.543440
0.608701 0.543144
0.608799 0.543144
0.608896 0.542849
0.608994 0.542849
0.609091 0.542553
0.609189 0.542553
0.609286 0.542553
0.609383 0.542553
0.609481 0.541667
0.609578 0.541667
0.609676 0.541667
0.609773 0.541371
0.609871 0.541371
0.609968 0.541371
0.610066 0.541371
0.610163 0.541371
0.610261 0.541371
0.610358 0.541371
0.610455 0.541076
0.610553 0.541076
0.610650 0.540780
0.610748 0.540780
0.610845 0.540485
0.610943 0.540485
0.611040 0.540189
0.611138 0.540189
0.611235 0.539894
0.611333 0.539894
0.611430 0.539894
0.611527 0.539894
0.611625 0.539894
0.611722 0.539894
0.611820 0.539598
0.611917 0.539598
0.612015 0.539598
0.612112 0.539598
0.612210 0.539598
0.612307 0.539598
0.612405 0.539598
0.612502 0.539598
0.612599 0.539598
0.612697 0.539598
0.612794 0.539598
0.612892 0.539303
0.612989 0.539303
0.613087 0.539303
0.613184 0.539303
0.613282 0.539303
0.613379 0.539303
0.613477 0.539303
0.613574 0.539007
0.613671 0.538712
0.613769 0.538712
0.613866 0.538712
0.613964 0.538712
0.614061 0.538712
0.614159 0.538712
0.614256 0.538416
0.614354 0.538416
0.614451 0.537825
0.614549 0.537825
0.614646 0.537530
0.614743 0.537530
0.614841 0.537234
0.614938 0.537234
0.615036 0.537234
0.615133 0.536939
0.615231 0.536939
0.615328 0.536939
0.615426 0.536939
0.615523 0.536939
0.615621 0.536939
0.615718 0.536939
0.615815 0.536939
0.615913 0.536939
0.616010 0.536939
0.616108 0.536643
0.616205 0.536348
0.616303 0.536052
0.616400 0.535757
0.616498 0.535757
0.616595 0.535461
0.616692 0.535461
0.616790 0.535461
0.616887 0.535461
0.616985 0.535461
0.617082 0.535165
0.617180 0.535165
0.617277 0.534870
0.617375 0.534870
0.617472 0.534870
0.617570 0.534574
0.617667 0.534574
0.617764 0.534574
0.617862 0.534574
0.617959 0.534574
0.618057 0.534574
0.618154 0.534279
0.618252 0.534279
0.618349 0.534279
0.618447 0.534279
0.618544 0.533983
0.618642 0.533688
0.618739 0.533688
0.618836 0.533688
0.618934 0.533688
0.619031 0.533688
0.619129 0.533688
0.619226 0.533688
0.619324 0.533688
0.619421 0.533688
0.619519 0.533688
0.619616 0.533688
0.619714 0.533688
0.619811 0.533688
0.619908 0.533392
0.620006 0.532506
0.620103 0.532506
0.620201 0.532506
0.620298 0.532506
0.620396 0.532506
0.620493 0.532210
0.620591 0.532210
0.620688 0.532210
0.620786 0.532210
0.620883 0.532210
0.620980 0.531915
0.621078 0.531915
0.621175 0.531619
0.621273 0.531619
0.621370 0.531619
0.621468 0.531619
0.621565 0.530733
0.621663 0.530733
0.621760 0.530733
0.621858 0.530437
0.621955 0.530142
0.622052 0.530142
0.622150 0.530142
0.622247 0.529846
0.622345 0.529846
0.622442 0.529846
0.622540 0.529846
0.622637 0.529551
0.622735 0.529551
0.622832 0.529551
0.622929 0.529255
0.623027 0.529255
0.623124 0.529255
0.623222 0.529255
0.623319 0.529255
0.623417 0.528960
0.623514 0.528369
0.623612 0.528369
0.623709 0.528073
0.623807 0.527778
0.623904 0.527778
0.624001 0.527778
0.624099 0.527778
0.624196 0.527778
0.624294 0.527778
0.624391 0.527778
0.624489 0.527778
0.624586 0.527482
0.624684 0.527482
0.624781 0.527482
0.624879 0.527482
0.624976 0.527482
0.625073 0.527187
0.625171 0.527187
0.625268 0.527187
0.625366 0.526596
0.625463 0.526596
0.625561 0.526596
0.625658 0.526300
0.625756 0.526300
0.625853 0.526300
0.625951 0.526005
0.626048 0.525709
0.626145 0.525709
0.626243 0.525709
0.626340 0.525414
0.626438 0.525414
0.626535 0.525414
0.626633 0.525414
0.626730 0.525414
0.626828 0.525414
0.626925 0.524527
0.627023 0.524232
0.627120 0.524232
0.627217 0.524232
0.627315 0.523936
0.627412 0.523936
0.627510 0.523936
0.627607 0.523936
0.627705 0.523936
0.627802 0.523936
0.627900 0.523936
0.627997 0.523936
0.628095 0.523641
0.628192 0.523641
0.628289 0.523345
0.628387 0.523345
0.628484 0.523345
0.628582 0.523345
0.628679 0.523345
0.628777 0.523345
0.628874 0.523345
0.628972 0.523050
0.629069 0.523050
0.629167 0.523050
0.629264 0.522754
0.629361 0.522754
0.629459 0.522754
0.629556 0.522163
0.629654 0.522163
0.629751 0.521868
0.629849 0.521868
0.629946 0.521868
0.630044 0.521572
0.630141 0.521572
0.630238 0.521277
0.630336 0.521277
0.630433 0.520981
0.630531 0.520686
0.630628 0.520686
0.630726 0.520686
0.630823 0.520390
0.630921 0.520390
0.631018 0.520095
0.631116 0.519799
0.631213 0.519799
0.631310 0.519799
0.631408 0.519208
0.631505 0.519208
0.631603 0.519208
0.631700 0.518913
0.631798 0.518913
0.631895 0.518913
0.631993 0.518913
0.632090 0.518913
0.632188 0.518322
0.632285 0.518026
0.632382 0.518026
0.632480 0.518026
0.632577 0.518026
0.632675 0.518026
0.632772 0.518026
0.632870 0.517730
0.632967 0.517730
0.633065 0.517730
0.633162 0.517730
0.633260 0.517730
0.633357 0.517730
0.633454 0.517730
0.633552 0.517730
0.633649 0.517730
0.633747 0.517730
0.633844 0.517139
0.633942 0.517139
0.634039 0.517139
0.634137 0.516844
0.634234 0.516844
0.634332 0.516844
0.634429 0.516844
0.634526 0.516844
0.634624 0.516844
0.634721 0.516844
0.634819 0.516844
0.634916 0.516844
0.635014 0.516844
0.635111 0.516548
0.635209 0.515957
0.635306 0.515957
0.635404 0.515957
0.635501 0.515957
0.635598 0.515957
0.635696 0.515662
0.635793 0.515662
0.635891 0.515662
0.635988 0.515662
0.636086 0.515366
0.636183 0.515071
0.636281 0.515071
0.636378 0.515071
0.636475 0.514775
0.636573 0.514184
0.636670 0.513889
0.636768 0.513593
0.636865 0.513593
0.636963 0.513593
0.637060 0.513593
0.637158 0.513298
0.637255 0.512707
0.637353 0.512707
0.637450 0.512411
0.637547 0.512411
0.637645 0.512411
0.637742 0.512116
0.637840 0.512116
0.637937 0.512116
0.638035 0.512116
0.638132 0.512116
0.638230 0.512116
0.638327 0.512116
0.638425 0.512116
0.638522 0.512116
0.638619 0.512116
0.638717 0.511820
0.638814 0.511820
0.638912 0.511820
0.639009 0.511820
0.639107 0.511229
0.639204 0.511229
0.639302 0.511229
0.639399 0.511229
0.639497 0.511229
0.639594 0.511229
0.639691 0.511229
0.639789 0.510934
0.639886 0.510934
0.639984 0.510934
0.640081 0.510934
0.640179 0.510934
0.640276 0.510638
0.640374 0.510638
0.640471 0.510638
0.640569 0.510343
0.640666 0.510343
0.640763 0.510343
0.640861 0.510343
0.640958 0.510343
0.641056 0.510343
0.641153 0.510343
0.641251 0.510343
0.641348 0.510047
0.641446 0.510047
0.641543 0.510047
0.641641 0.509752
0.641738 0.509752
0.641835 0.509456
0.641933 0.509456
0.642030 0.509456
0.642128 0.509456
0.642225 0.509456
0.642323 0.509161
0.642420 0.508865
0.642518 0.508865
0.642615 0.508865
0.642712 0.508865
0.642810 0.508865
0.642907 0.508865
0.643005 0.508865
0.643102 0.508865
0.643200 0.508865
0.643297 0.508865
0.643395 0.508865
0.643492 0.508865
0.643590 0.508570
0.643687 0.508570
0.643784 0.508570
0.643882 0.508570
0.643979 0.508570
0.644077 0.508570
0.644174 0.508274
0.644272 0.507979
0.644369 0.507683
0.644467 0.507388
0.644564 0.507388
0.644662 0.507388
0.644759 0.507092
0.644856 0.507092
0.644954 0.507092
0.645051 0.507092
0.645149 0.507092
0.645246 0.506797
0.645344 0.506501
0.645441 0.506206
0.645539 0.506206
0.645636 0.506206
0.645734 0.505910
0.645831 0.505615
0.645928 0.505615
0.646026 0.505319
0.646123 0.505319
0.646221 0.505319
0.646318 0.505319
0.646416 0.505024
0.646513 0.505024
0.646611 0.505024
0.646708 0.505024
0.646806 0.505024
0.646903 0.504728
0.647000 0.504433
0.647098 0.504433
0.647195 0.503842
0.647293 0.503842
0.647390 0.503546
0.647488 0.503546
0.647585 0.503546
0.647683 0.503546
0.647780 0.503546
0.647878 0.503546
0.647975 0.503251
0.648072 0.502660
0.648170 0.502660
0.648267 0.502660
0.648365 0.502069
0.648462 0.501773
0.648560 0.501478
0.648657 0.501182
0.648755 0.501182
0.648852 0.501182
0.648950 0.501182
0.649047 0.501182
0.649144 0.501182
0.649242 0.501182
0.649339 0.501182
0.649437 0.501182
0.649534 0.501182
0.649632 0.500887
0.649729 0.500887
0.649827 0.500887
0.649924 0.500887
0.650021 0.500887
0.650119 0.500887
0.650216 0.500887
0.650314 0.500887
0.650411 0.500887
0.650509 0.500591
0.650606 0.500296
0.650704 0.500296
0.650801 0.500296
0.650899 0.500296
0.650996 0.500000
0.651093 0.499704
0.651191 0.499704
0.651288 0.499409
0.651386 0.499409
0.651483 0.499409
0.651581 0.499409
0.651678 0.499409
0.651776 0.499409
0.651873 0.499409
0.651971 0.499409
0.652068 0.499409
0.652165 0.499409
0.652263 0.499409
0.652360 0.499113
0.652458 0.498818
0.652555 0.498522
0.652653 0.498522
0.652750 0.498522
0.652848 0.497931
0.652945 0.497931
0.653043 0.497931
0.653140 0.497931
0.653237 0.497931
0.653335 0.497340
0.653432 0.497340
0.653530 0.497340
0.653627 0.497045
0.653725 0.497045
0.653822 0.496749
0.653920 0.496454
0.654017 0.496454
0.654115 0.496454
0.654212 0.496454
0.654309 0.496454
0.654407 0.496158
0.654504 0.496158
0.654602 0.496158
0.654699 0.495863
0.654797 0.495863
0.654894 0.495863
0.654992 0.495863
0.655089 0.495567
0.655187 0.495567
0.655284 0.495567
0.655381 0.495567
0.655479 0.495272
0.655576 0.495272
0.655674 0.495272
0.655771 0.495272
0.655869 0.495272
0.655966 0.495272
0.656064 0.494976
0.656161 0.494976
0.656258 0.494976
0.656356 0.494976
0.656453 0.494976
0.656551 0.494681
0.656648 0.494681
0.656746 0.494681
0.656843 0.494681
0.656941 0.494681
0.657038 0.494681
0.657136 0.494385
0.657233 0.494090
0.657330 0.494090
0.657428 0.494090
0.657525 0.493794
0.657623 0.493794
0.657720 0.493794
0.657818 0.493794
0.657915 0.493499
0.658013 0.493499
0.658110 0.493499
0.658208 0.493499
0.658305 0.493499
0.658402 0.493499
0.658500 0.493499
0.658597 0.493499
0.658695 0.493203
0.658792 0.492612
0.658890 0.492317
0.658987 0.492317
0.659085 0.492317
0.659182 0.492317
0.659280 0.492317
0.659377 0.492317
0.659474 0.492317
0.659572 0.492021
0.659669 0.491726
0.659767 0.491726
0.659864 0.491726
0.659962 0.491726
0.660059 0.491430
0.660157 0.491430
0.660254 0.491135
0.660352 0.490839
0.660449 0.490839
0.660546 0.490839
0.660644 0.490839
0.660741 0.490839
0.660839 0.490839
0.660936 0.490839
0.661034 0.490839
0.661131 0.490839
0.661229 0.490839
0.661326 0.490248
0.661424 0.489657
0.661521 0.489657
0.661618 0.489362
0.661716 0.489362
0.661813 0.489362
0.661911 0.489362
0.662008 0.489362
0.662106 0.489362
0.662203 0.489362
0.662301 0.489362
0.662398 0.488771
0.662496 0.488180
0.662593 0.487884
0.662690 0.487884
0.662788 0.487884
0.662885 0.487884
0.662983 0.487884
0.663080 0.487884
0.663178 0.487884
0.663275 0.487884
0.663373 0.487884
0.663470 0.487884
0.663567 0.487884
0.663665 0.487884
0.663762 0.487884
0.663860 0.487884
0.663957 0.487589
0.664055 0.487589
0.664152 0.487293
0.664250 0.486998
0.664347 0.486998
0.664445 0.486998
0.664542 0.486702
0.664639 0.486407
0.664737 0.486407
0.664834 0.486407
0.664932 0.486407
0.665029 0.486407
0.665127 0.486407
0.665224 0.485520
0.665322 0.485520
0.665419 0.485520
0.665517 0.485520
0.665614 0.485520
0.665711 0.485520
0.665809 0.484929
0.665906 0.484634
0.666004 0.484634
0.666101 0.484338
0.666199 0.484338
0.666296 0.484338
0.666394 0.484338
0.666491 0.484338
0.666589 0.484338
0.666686 0.484338
0.666783 0.484338
0.666881 0.484043
0.666978 0.484043
0.667076 0.484043
0.667173 0.483747
0.667271 0.483452
0.667368 0.483156
0.667466 0.482565
0.667563 0.482565
0.667661 0.482565
0.667758 0.482565
0.667855 0.482565
0.667953 0.482565
0.668050 0.482270
0.668148 0.481678
0.668245 0.481678
0.668343 0.481678
0.668440 0.481087
0.668538 0.481087
0.668635 0.481087
0.668733 0.480792
0.668830 0.480792
0.668927 0.480792
0.669025 0.480792
0.669122 0.480496
0.669220 0.480496
0.669317 0.480496
0.669415 0.480201
0.669512 0.480201
0.669610 0.480201
0.669707 0.480201
0.669804 0.480201
0.669902 0.480201
0.669999 0.480201
0.670097 0.480201
0.670194 0.480201
0.670292 0.479905
0.670389 0.479314
0.670487 0.479314
0.670584 0.479314
0.670682 0.479019
0.670779 0.478723
0.670876 0.478723
0.670974 0.478723
0.671071 0.478132
0.671169 0.478132
0.671266 0.478132
0.671364 0.478132
0.671461 0.477837
0.671559 0.477837
0.671656 0.477837
0.671754 0.477837
0.671851 0.477837
0.671948 0.477246
0.672046 0.477246
0.672143 0.477246
0.672241 0.477246
0.672338 0.476950
0.672436 0.476950
0.672533 0.476950
0.672631 0.476655
0.672728 0.476655
0.672826 0.476655
0.672923 0.476655
0.673020 0.476655
0.673118 0.476359
0.673215 0.476359
0.673313 0.476359
0.673410 0.476359
0.673508 0.476064
0.673605 0.476064
0.673703 0.476064
0.673800 0.476064
0.673898 0.476064
0.673995 0.476064
0.674092 0.476064
0.674190 0.475768
0.674287 0.475768
0.674385 0.475473
0.674482 0.475177
0.674580 0.475177
0.674677 0.475177
0.674775 0.475177
0.674872 0.474882
0.674970 0.474882
0.675067 0.474882
0.675164 0.474882
0.675262 0.474882
0.675359 0.474882
0.675457 0.474882
0.675554 0.474586
0.675652 0.474586
0.675749 0.474586
0.675847 0.474291
0.675944 0.473995
0.676041 0.473995
0.676139 0.473995
0.676236 0.473995
0.676334 0.473700
0.676431 0.473404
0.676529 0.473404
0.676626 0.473404
0.676724 0.473109
0.676821 0.473109
0.676919 0.473109
0.677016 0.472813
0.677113 0.472518
0.677211 0.472518
0.677308 0.472518
0.677406 0.472518
0.677503 0.472518
0.677601 0.472518
0.677698 0.472518
0.677796 0.472518
0.677893 0.472518
0.677991 0.472222
0.678088 0.472222
0.678185 0.472222
0.678283 0.472222
0.678380 0.472222
0.678478 0.472222
0.678575 0.471927
0.678673 0.471927
0.678770 0.471927
0.678868 0.471927
0.678965 0.471927
0.679063 0.471631
0.679160 0.471631
0.679257 0.471631
0.679355 0.471631
0.679452 0.471631
0.679550 0.471631
0.679647 0.471336
0.679745 0.471336
0.679842 0.471336
0.679940 0.471336
0.680037 0.471040
0.680135 0.470745
0.680232 0.470745
0.680329 0.470745
0.680427 0.470745
0.680524 0.470745
0.680622 0.470745
0.680719 0.470745
0.680817 0.470745
0.680914 0.470745
0.681012 0.470745
0.681109 0.470745
0.681207 0.470449
0.681304 0.469858
0.681401 0.469858
0.681499 0.469858
0.681596 0.469267
0.681694 0.469267
0.681791 0.469267
0.681889 0.469267
0.681986 0.468676
0.682084 0.468676
0.682181 0.468676
0.682279 0.468676
0.682376 0.468676
0.682473 0.468676
0.682571 0.468381
0.682668 0.468381
0.682766 0.468381
0.682863 0.468381
0.682961 0.468085
0.683058 0.468085
0.683156 0.468085
0.683253 0.468085
0.683350 0.468085
0.683448 0.468085
0.683545 0.468085
0.683643 0.468085
0.683740 0.468085
0.683838 0.468085
0.683935 0.468085
0.684033 0.468085
0.684130 0.467790
0.684228 0.467494
0.684325 0.467199
0.684422 0.467199
0.684520 0.466903
0.684617 0.466903
0.684715 0.466903
0.684812 0.466903
0.684910 0.466608
0.685007 0.466608
0.685105 0.466608
0.685202 0.466312
0.685300 0.465721
0.685397 0.465721
0.685494 0.465426
0.685592 0.465426
0.685689 0.465426
0.685787 0.465426
0.685884 0.465426
0.685982 0.465426
0.686079 0.464835
0.686177 0.464243
0.686274 0.464243
0.686372 0.464243
0.686469 0.463948
0.686566 0.463948
0.686664 0.463948
0.686761 0.463948
0.686859 0.463948
0.686956 0.463652
0.687054 0.463652
0.687151 0.463061
0.687249 0.463061
0.687346 0.463061
0.687444 0.462766
0.687541 0.462766
0.687638 0.462470
0.687736 0.462470
0.687833 0.462470
0.687931 0.462175
0.688028 0.461879
0.688126 0.461879
0.688223 0.461879
0.688321 0.461879
0.688418 0.461879
0.688516 0.461584
0.688613 0.461584
0.688710 0.461584
0.688808 0.461584
0.688905 0.461584
0.689003 0.461584
0.689100 0.461584
0.689198 0.461288
0.689295 0.461288
0.689393 0.461288
0.689490 0.461288
0.689587 0.461288
0.689685 0.461288
0.689782 0.461288
0.689880 0.461288
0.689977 0.461288
0.690075 0.461288
0.690172 0.461288
0.690270 0.461288
0.690367 0.461288
0.690465 0.461288
0.690562 0.461288
0.690659 0.461288
0.690757 0.461288
0.690854 0.460993
0.690952 0.460993
0.691049 0.460993
0.691147 0.460993
0.691244 0.460993
0.691342 0.460993
0.691439 0.460993
0.691537 0.460697
0.691634 0.460402
0.691731 0.460106
0.691829 0.459811
0.691926 0.459811
0.692024 0.459811
0.692121 0.459811
0.692219 0.459515
0.692316 0.459515
0.692414 0.459515
0.692511 0.459515
0.692609 0.458924
0.692706 0.458924
0.692803 0.458924
0.692901 0.458924
0.692998 0.458924
0.693096 0.458924
0.693193 0.458924
0.693291 0.458333
0.693388 0.458333
0.693486 0.458038
0.693583 0.458038
0.693681 0.458038
0.693778 0.458038
0.693875 0.458038
0.693973 0.457742
0.694070 0.457742
0.694168 0.457447
0.694265 0.457447
0.694363 0.457447
0.694460 0.457447
0.694558 0.457447
0.694655 0.457447
0.694753 0.457151
0.694850 0.457151
0.694947 0.457151
0.695045 0.457151
0.695142 0.456856
0.695240 0.456856
0.695337 0.456560
0.695435 0.456265
0.695532 0.456265
0.695630 0.455969
0.695727 0.455969
0.695824 0.455674
0.695922 0.455674
0.696019 0.455674
0.696117 0.455674
0.696214 0.455674
0.696312 0.455378
0.696409 0.455378
0.696507 0.455378
0.696604 0.454787
0.696702 0.454787
0.696799 0.454787
0.696896 0.454787
0.696994 0.454787
0.697091 0.454787
0.697189 0.454787
0.697286 0.454787
0.697384 0.454787
0.697481 0.454492
0.697579 0.453901
0.697676 0.453901
0.697774 0.453901
0.697871 0.453901
0.697968 0.453901
0.698066 0.453605
0.698163 0.453605
0.698261 0.453310
0.698358 0.453310
0.698456 0.453310
0.698553 0.453310
0.698651 0.453310
0.698748 0.453310
0.698846 0.453310
0.698943 0.453014
0.699040 0.452423
0.699138 0.452128
0.699235 0.452128
0.699333 0.452128
0.699430 0.451832
0.699528 0.451537
0.699625 0.451537
0.699723 0.451537
0.699820 0.451537
0.699918 0.451537
0.700015 0.451537
0.700112 0.451537
0.700210 0.451537
0.700307 0.451537
0.700405 0.451241
0.700502 0.451241
0.700600 0.451241
0.700697 0.451241
0.700795 0.451241
0.700892 0.450650
0.700990 0.450355
0.701087 0.450355
0.701184 0.450059
0.701282 0.450059
0.701379 0.449764
0.701477 0.449764
0.701574 0.449468
0.701672 0.448877
0.701769 0.448877
0.701867 0.448877
0.701964 0.448877
0.702062 0.448286
0.702159 0.448286
0.702256 0.448286
0.702354 0.448286
0.702451 0.447695
0.702549 0.447695
0.702646 0.447695
0.702744 0.447695
0.702841 0.447400
0.702939 0.447104
0.703036 0.447104
0.703133 0.446809
0.703231 0.446809
0.703328 0.446809
0.703426 0.446809
0.703523 0.446809
0.703621 0.446809
0.703718 0.446809
0.703816 0.446809
0.703913 0.446809
0.704011 0.446513
0.704108 0.446217
0.704205 0.446217
0.704303 0.446217
0.704400 0.445922
0.704498 0.445922
0.704595 0.445626
0.704693 0.445626
0.704790 0.445626
0.704888 0.445035
0.704985 0.444444
0.705083 0.444444
0.705180 0.444444
0.705277 0.444444
0.705375 0.444444
0.705472 0.444444
0.705570 0.444444
0.705667 0.443853
0.705765 0.443853
0.705862 0.443558
0.705960 0.443262
0.706057 0.442671
0.706155 0.442671
0.706252 0.442376
0.706349 0.442376
0.706447 0.442376
0.706544 0.442080
0.706642 0.442080
0.706739 0.441785
0.706837 0.441785
0.706934 0.441785
0.707032 0.441785
0.707129 0.441785
0.707227 0.441785
0.707324 0.441785
0.707421 0.441489
0.707519 0.441194
0.707616 0.441194
0.707714 0.441194
0.707811 0.441194
0.707909 0.441194
0.708006 0.441194
0.708104 0.441194
0.708201 0.441194
0.708299 0.440898
0.708396 0.440603
0.708493 0.440307
0.708591 0.440307
0.708688 0.440012
0.708786 0.440012
0.708883 0.439716
0.708981 0.439421
0.709078 0.439421
0.709176 0.439421
0.709273 0.439421
0.709370 0.439421
0.709468 0.439125
0.709565 0.439125
0.709663 0.439125
0.709760 0.439125
0.709858 0.438830
0.709955 0.438830
0.710053 0.438830
0.710150 0.438534
0.710248 0.438239
0.710345 0.438239
0.710442 0.438239
0.710540 0.437943
0.710637 0.437943
0.710735 0.437943
0.710832 0.437648
0.710930 0.437648
0.711027 0.437648
0.711125 0.437648
0.711222 0.437648
0.711320 0.437648
0.711417 0.437648
0.711514 0.437648
0.711612 0.437352
0.711709 0.437352
0.711807 0.437352
0.711904 0.437352
0.712002 0.436466
0.712099 0.436466
0.712197 0.436170
0.712294 0.436170
0.712392 0.435875
0.712489 0.435579
0.712586 0.435579
0.712684 0.435579
0.712781 0.435284
0.712879 0.434988
0.712976 0.434988
0.713074 0.434988
0.713171 0.434693
0.713269 0.434693
0.713366 0.434397
0.713464 0.434102
0.713561 0.434102
0.713658 0.434102
0.713756 0.433806
0.713853 0.433511
0.713951 0.433215
0.714048 0.433215
0.714146 0.433215
0.714243 0.432920
0.714341 0.432624
0.714438 0.432033
0.714536 0.431738
0.714633 0.431738
0.714730 0.431442
0.714828 0.431442
0.714925 0.431147
0.715023 0.431147
0.715120 0.431147
0.715218 0.431147
0.715315 0.430851
0.715413 0.430556
0.715510 0.430260
0.715608 0.430260
0.715705 0.430260
0.715802 0.430260
0.715900 0.430260
0.715997 0.430260
0.716095 0.430260
0.716192 0.430260
0.716290 0.430260
0.716387 0.430260
0.716485 0.430260
0.716582 0.429965
0.716679 0.429965
0.716777 0.429669
0.716874 0.429374
0.716972 0.429374
0.717069 0.429374
0.717167 0.429374
0.717264 0.429374
0.717362 0.429078
0.717459 0.429078
0.717557 0.429078
0.717654 0.429078
0.717751 0.429078
0.717849 0.429078
0.717946 0.428783
0.718044 0.428783
0.718141 0.428783
0.718239 0.428783
0.718336 0.428487
0.718434 0.428487
0.718531 0.428487
0.718629 0.428487
0.718726 0.428191
0.718823 0.428191
0.718921 0.428191
0.719018 0.428191
0.719116 0.428191
0.719213 0.428191
0.719311 0.428191
0.719408 0.427896
0.719506 0.427600
0.719603 0.427600
0.719701 0.427600
0.719798 0.427600
0.719895 0.427600
0.719993 0.427600
0.720090 0.427600
0.720188 0.427305
0.720285 0.427009
0.720383 0.426714
0.720480 0.426714
0.720578 0.426714
0.720675 0.426418
0.720773 0.426418
0.720870 0.426418
0.720967 0.426418
0.721065 0.426418
0.721162 0.426123
0.721260 0.425827
0.721357 0.425827
0.721455 0.425827
0.721552 0.425827
0.721650 0.425236
0.721747 0.424941
0.721845 0.424645
0.721942 0.424645
0.722039 0.424645
0.722137 0.424645
0.722234 0.424645
0.722332 0.424350
0.722429 0.424350
0.722527 0.424350
0.722624 0.424350
0.722722 0.423759
0.722819 0.423759
0.722916 0.423463
0.723014 0.423463
0.723111 0.423463
0.723209 0.423168
0.723306 0.423168
0.723404 0.423168
0.723501 0.422577
0.723599 0.422577
0.723696 0.422577
0.723794 0.421690
0.723891 0.421690
0.723988 0.421099
0.724086 0.421099
0.724183 0.421099
0.724281 0.421099
0.724378 0.421099
0.724476 0.420804
0.724573 0.420804
0.724671 0.420804
0.724768 0.420508
0.724866 0.420508
0.724963 0.420508
0.725060 0.420508
0.725158 0.420508
0.725255 0.420213
0.725353 0.419917
0.725450 0.419326
0.725548 0.419326
0.725645 0.419326
0.725743 0.419031
0.725840 0.419031
0.725938 0.418735
0.726035 0.418440
0.726132 0.418144
0.726230 0.418144
0.726327 0.417849
0.726425 0.417849
0.726522 0.417258
0.726620 0.417258
0.726717 0.417258
0.726815 0.417258
0.726912 0.417258
0.727010 0.416962
0.727107 0.416962
0.727204 0.416962
0.727302 0.416962
0.727399 0.416962
0.727497 0.416962
0.727594 0.416962
0.727692 0.416371
0.727789 0.416371
0.727887 0.416371
0.727984 0.415485
0.728082 0.415485
0.728179 0.415485
0.728276 0.415485
0.728374 0.415485
0.728471 0.415189
0.728569 0.415189
0.728666 0.415189
0.728764 0.415189
0.728861 0.414007
0.728959 0.413712
0.729056 0.413712
0.729153 0.413712
0.729251 0.413712
0.729348 0.413712
0.729446 0.413712
0.729543 0.413121
0.729641 0.413121
0.729738 0.413121
0.729836 0.412825
0.729933 0.412825
0.730031 0.412530
0.730128 0.412530
0.730225 0.412234
0.730323 0.412234
0.730420 0.412234
0.730518 0.412234
0.730615 0.412234
0.730713 0.412234
0.730810 0.412234
0.730908 0.412234
0.731005 0.411939
0.731103 0.411939
0.731200 0.411939
0.731297 0.411643
0.731395 0.411643
0.731492 0.411643
0.731590 0.411348
0.731687 0.411348
0.731785 0.411052
0.731882 0.411052
0.731980 0.411052
0.732077 0.410757
0.732175 0.410757
0.732272 0.410757
0.732369 0.410757
0.732467 0.410757
0.732564 0.410461
0.732662 0.410461
0.732759 0.410461
0.732857 0.410165
0.732954 0.410165
0.733052 0.410165
0.733149 0.410165
0.733247 0.410165
0.733344 0.410165
0.733441 0.410165
0.733539 0.410165
0.733636 0.410165
0.733734 0.410165
0.733831 0.409870
0.733929 0.409870
0.734026 0.409870
0.734124 0.409870
0.734221 0.409870
0.734319 0.409870
0.734416 0.409574
0.734513 0.409279
0.734611 0.409279
0.734708 0.408688
0.734806 0.408688
0.734903 0.408688
0.735001 0.408688
0.735098 0.408688
0.735196 0.408688
0.735293 0.408688
0.735391 0.408392
0.735488 0.408097
0.735585 0.408097
0.735683 0.407801
0.735780 0.407506
0.735878 0.407506
0.735975 0.407506
0.736073 0.407210
0.736170 0.406915
0.736268 0.406915
0.736365 0.406324
0.736462 0.406324
0.736560 0.406324
0.736657 0.406028
0.736755 0.405437
0.736852 0.405142
0.736950 0.405142
0.737047 0.405142
0.737145 0.404846
0.737242 0.404846
0.737340 0.404846
0.737437 0.404846
0.737534 0.404846
0.737632 0.404846
0.737729 0.404551
0.737827 0.404551
0.737924 0.404551
0.738022 0.404551
0.738119 0.404551
0.738217 0.404551
0.738314 0.404255
0.738412 0.404255
0.738509 0.404255
0.738606 0.404255
0.738704 0.403960
0.738801 0.403960
0.738899 0.403664
0.738996 0.403369
0.739094 0.403369
0.739191 0.403369
0.739289 0.403369
0.739386 0.403369
0.739484 0.403369
0.739581 0.403369
0.739678 0.403073
0.739776 0.403073
0.739873 0.403073
0.739971 0.403073
0.740068 0.403073
0.740166 0.402778
0.740263 0.402778
0.740361 0.402482
0.740458 0.402482
0.740556 0.402482
0.740653 0.401596
0.740750 0.401596
0.740848 0.401300
0.740945 0.401005
0.741043 0.401005
0.741140 0.400709
0.741238 0.400709
0.741335 0.400709
0.741433 0.400709
0.741530 0.400709
0.741628 0.400709
0.741725 0.400709
0.741822 0.400709
0.741920 0.400414
0.742017 0.400414
0.742115 0.400414
0.742212 0.400414
0.742310 0.400414
0.742407 0.400414
0.742505 0.400118
0.742602 0.400118
0.742699 0.400118
0.742797 0.400118
0.742894 0.399823
0.742992 0.399823
0.743089 0.399527
0.743187 0.399527
0.743284 0.399527
0.743382 0.399527
0.743479 0.399527
0.743577 0.399232
0.743674 0.399232
0.743771 0.399232
0.743869 0.398936
0.743966 0.398641
0.744064 0.398345
0.744161 0.398050
0.744259 0.397754
0.744356 0.397459
0.744454 0.397459
0.744551 0.397459
0.744649 0.397459
0.744746 0.397459
0.744843 0.397459
0.744941 0.397459
0.745038 0.397459
0.745136 0.397459
0.745233 0.397459
0.745331 0.397163
0.745428 0.397163
0.745526 0.397163
0.745623 0.397163
0.745721 0.397163
0.745818 0.397163
0.745915 0.396868
0.746013 0.396868
0.746110 0.396868
0.746208 0.396277
0.746305 0.395981
0.746403 0.395981
0.746500 0.395981
0.746598 0.395981
0.746695 0.395390
0.746793 0.395390
0.746890 0.395390
0.746987 0.395095
0.747085 0.395095
0.747182 0.395095
0.747280 0.395095
0.747377 0.395095
0.747475 0.394799
0.747572 0.394799
0.747670 0.394799
0.747767 0.394504
0.747865 0.394504
0.747962 0.394208
0.748059 0.394208
0.748157 0.393913
0.748254 0.393617
0.748352 0.393322
0.748449 0.392730
0.748547 0.392730
0.748644 0.392730
0.748742 0.392730
0.748839 0.392435
0.748937 0.391844
0.749034 0.391844
0.749131 0.391844
0.749229 0.391844
0.749326 0.391548
0.749424 0.391253
0.749521 0.391253
0.749619 0.390957
0.749716 0.390662
0.749814 0.390366
0.749911 0.390366
0.750008 0.390366
0.750106 0.390366
0.750203 0.390366
0.750301 0.390366
0.750398 0.389775
0.750496 0.389775
0.750593 0.389775
0.750691 0.389775
0.750788 0.389775
0.750886 0.389775
0.750983 0.389775
0.751080 0.389775
0.751178 0.389775
0.751275 0.389480
0.751373 0.389184
0.751470 0.389184
0.751568 0.389184
0.751665 0.388889
0.751763 0.388889
0.751860 0.388889
0.751958 0.388889
0.752055 0.388889
0.752152 0.388889
0.752250 0.388593
0.752347 0.388298
0.752445 0.388002
0.752542 0.388002
0.752640 0.388002
0.752737 0.388002
0.752835 0.388002
0.752932 0.388002
0.753030 0.388002
0.753127 0.387707
0.753224 0.387707
0.753322 0.387707
0.753419 0.387411
0.753517 0.387411
0.753614 0.387411
0.753712 0.386820
0.753809 0.386820
0.753907 0.386525
0.754004 0.385934
0.754102 0.385934
0.754199 0.385638
0.754296 0.385638
0.754394 0.385638
0.754491 0.385343
0.754589 0.385047
0.754686 0.384752
0.754784 0.384752
0.754881 0.384456
0.754979 0.384456
0.755076 0.384161
0.755174 0.384161
0.755271 0.384161
0.755368 0.384161
0.755466 0.384161
0.755563 0.384161
0.755661 0.384161
0.755758 0.383865
0.755856 0.383865
0.755953 0.383865
0.756051 0.383865
0.756148 0.383865
0.756245 0.383570
0.756343 0.383570
0.756440 0.383570
0.756538 0.383274
0.756635 0.383274
0.756733 0.382979
0.756830 0.382683
0.756928 0.382388
0.757025 0.382388
0.757123 0.382092
0.757220 0.382092
0.757317 0.382092
0.757415 0.382092
0.757512 0.381797
0.757610 0.381797
0.757707 0.381501
0.757805 0.381501
0.757902 0.381206
0.758000 0.381206
0.758097 0.381206
0.758195 0.381206
0.758292 0.381206
0.758389 0.381206
0.758487 0.381206
0.758584 0.381206
0.758682 0.381206
0.758779 0.381206
0.758877 0.381206
0.758974 0.381206
0.759072 0.380910
0.759169 0.380910
0.759267 0.380910
0.759364 0.380910
0.759461 0.380615
0.759559 0.380615
0.759656 0.380615
0.759754 0.380319
0.759851 0.380319
0.759949 0.380319
0.760046 0.380024
0.760144 0.379728
0.760241 0.379728
0.760339 0.379728
0.760436 0.379728
0.760533 0.379728
0.760631 0.379728
0.760728 0.379433
0.760826 0.379137
0.760923 0.379137
0.761021 0.379137
0.761118 0.379137
0.761216 0.379137
0.761313 0.379137
0.761411 0.378546
0.761508 0.378546
0.761605 0.378251
0.761703 0.378251
0.761800 0.377955
0.761898 0.377660
0.761995 0.377660
0.762093 0.377660
0.762190 0.377364
0.762288 0.377069
0.762385 0.377069
0.762482 0.377069
0.762580 0.377069
0.762677 0.377069
0.762775 0.376773
0.762872 0.376773
0.762970 0.376773
0.763067 0.376773
0.763165 0.376773
0.763262 0.376478
0.763360 0.376182
0.763457 0.376182
0.763554 0.376182
0.763652 0.376182
0.763749 0.375887
0.763847 0.375591
0.763944 0.375296
0.764042 0.375000
0.764139 0.375000
0.764237 0.375000
0.764334 0.375000
0.764432 0.375000
0.764529 0.375000
0.764626 0.375000
0.764724 0.375000
0.764821 0.374409
0.764919 0.374409
0.765016 0.374113
0.765114 0.373818
0.765211 0.373227
0.765309 0.373227
0.765406 0.373227
0.765504 0.373227
0.765601 0.372931
0.765698 0.372636
0.765796 0.372340
0.765893 0.372045
0.765991 0.372045
0.766088 0.372045
0.766186 0.372045
0.766283 0.371749
0.766381 0.371749
0.766478 0.371454
0.766576 0.371454
0.766673 0.371454
0.766770 0.371454
0.766868 0.371454
0.766965 0.371158
0.767063 0.371158
0.767160 0.370863
0.767258 0.370863
0.767355 0.370863
0.767453 0.370863
0.767550 0.370272
0.767648 0.369976
0.767745 0.369976
0.767842 0.369385
0.767940 0.369090
0.768037 0.368794
0.768135 0.368794
0.768232 0.368794
0.768330 0.368794
0.768427 0.368499
0.768525 0.368203
0.768622 0.368203
0.768720 0.368203
0.768817 0.367908
0.768914 0.367908
0.769012 0.367908
0.769109 0.367908
0.769207 0.367908
0.769304 0.367908
0.769402 0.367908
0.769499 0.367908
0.769597 0.367612
0.769694 0.367612
0.769791 0.367021
0.769889 0.367021
0.769986 0.367021
0.770084 0.366726
0.770181 0.366430
0.770279 0.366430
0.770376 0.366430
0.770474 0.366430
0.770571 0.365839
0.770669 0.365544
0.770766 0.365248
0.770863 0.365248
0.770961 0.365248
0.771058 0.365248
0.771156 0.364953
0.771253 0.364953
0.771351 0.364362
0.771448 0.364362
0.771546 0.364362
0.771643 0.364066
0.771741 0.363180
0.771838 0.363180
0.771935 0.362884
0.772033 0.362589
0.772130 0.362589
0.772228 0.362589
0.772325 0.362589
0.772423 0.362293
0.772520 0.362293
0.772618 0.362293
0.772715 0.362293
0.772813 0.361407
0.772910 0.361407
0.773007 0.360520
0.773105 0.360520
0.773202 0.360520
0.773300 0.360520
0.773397 0.360225
0.773495 0.360225
0.773592 0.360225
0.773690 0.359634
0.773787 0.359634
0.773885 0.359634
0.773982 0.359634
0.774079 0.359634
0.774177 0.359634
0.774274 0.359338
0.774372 0.359043
0.774469 0.359043
0.774567 0.358747
0.774664 0.358747
0.774762 0.358747
0.774859 0.358747
0.774957 0.358452
0.775054 0.358452
0.775151 0.358156
0.775249 0.358156
0.775346 0.358156
0.775444 0.358156
0.775541 0.358156
0.775639 0.358156
0.775736 0.358156
0.775834 0.358156
0.775931 0.358156
0.776028 0.357861
0.776126 0.357861
0.776223 0.357861
0.776321 0.357861
0.776418 0.357861
0.776516 0.357861
0.776613 0.357861
0.776711 0.357565
0.776808 0.357565
0.776906 0.357270
0.777003 0.357270
0.777100 0.357270
0.777198 0.357270
0.777295 0.357270
0.777393 0.357270
0.777490 0.357270
0.777588 0.357270
0.777685 0.356678
0.777783 0.356678
0.777880 0.356678
0.777978 0.356678
0.778075 0.356678
0.778172 0.356678
0.778270 0.356678
0.778367 0.356678
0.778465 0.356678
0.778562 0.356678
0.778660 0.356678
0.778757 0.356383
0.778855 0.356383
0.778952 0.356383
0.779050 0.356383
0.779147 0.355792
0.779244 0.355792
0.779342 0.355792
0.779439 0.355496
0.779537 0.355496
0.779634 0.355496
0.779732 0.355496
0.779829 0.355496
0.779927 0.355496
0.780024 0.355496
0.780122 0.355201
0.780219 0.354905
0.780316 0.354610
0.780414 0.354610
0.780511 0.354314
0.780609 0.354019
0.780706 0.353723
0.780804 0.353723
0.780901 0.353723
0.780999 0.353723
0.781096 0.353723
0.781194 0.353428
0.781291 0.353132
0.781388 0.353132
0.781486 0.353132
0.781583 0.352837
0.781681 0.352541
0.781778 0.352541
0.781876 0.352246
0.781973 0.352246
0.782071 0.352246
0.782168 0.352246
0.782265 0.352246
0.782363 0.352246
0.782460 0.352246
0.782558 0.352246
0.782655 0.352246
0.782753 0.351655
0.782850 0.351655
0.782948 0.351359
0.783045 0.351064
0.783143 0.350768
0.783240 0.350768
0.783337 0.350768
0.783435 0.350473
0.783532 0.350473
0.783630 0.350177
0.783727 0.350177
0.783825 0.349586
0.783922 0.349586
0.784020 0.349586
0.784117 0.349586
0.784215 0.349586
0.784312 0.349586
0.784409 0.349586
0.784507 0.349586
0.784604 0.349586
0.784702 0.349586
0.784799 0.349291
0.784897 0.349291
0.784994 0.349291
0.785092 0.348995
0.785189 0.348700
0.785287 0.348700
0.785384 0.348700
0.785481 0.348109
0.785579 0.347518
0.785676 0.347518
0.785774 0.347518
0.785871 0.347222
0.785969 0.346927
0.786066 0.346336
0.786164 0.346040
0.786261 0.346040
0.786359 0.345449
0.786456 0.345154
0.786553 0.345154
0.786651 0.345154
0.786748 0.344563
0.786846 0.344563
0.786943 0.344563
0.787041 0.344563
0.787138 0.344563
0.787236 0.344267
0.787333 0.344267
0.787431 0.344267
0.787528 0.343676
0.787625 0.343676
0.787723 0.343381
0.787820 0.343381
0.787918 0.343381
0.788015 0.343381
0.788113 0.343085
0.788210 0.343085
0.788308 0.342790
0.788405 0.342790
0.788503 0.342790
0.788600 0.342790
0.788697 0.342790
0.788795 0.342494
0.788892 0.342494
0.788990 0.342199
0.789087 0.341903
0.789185 0.341608
0.789282 0.341608
0.789380 0.341608
0.789477 0.341608
0.789574 0.341312
0.789672 0.341017
0.789769 0.341017
0.789867 0.341017
0.789964 0.341017
0.790062 0.341017
0.790159 0.341017
0.790257 0.341017
0.790354 0.341017
0.790452 0.341017
0.790549 0.340721
0.790646 0.340721
0.790744 0.340426
0.790841 0.340130
0.790939 0.339835
0.791036 0.339835
0.791134 0.339835
0.791231 0.339243
0.791329 0.339243
0.791426 0.339243
0.791524 0.339243
0.791621 0.338948
0.791718 0.338948
0.791816 0.338948
0.791913 0.338948
0.792011 0.338652
0.792108 0.338652
0.792206 0.338357
0.792303 0.337766
0.792401 0.337470
0.792498 0.337175
0.792596 0.336879
0.792693 0.336584
0.792790 0.336584
0.792888 0.336584
0.792985 0.336584
0.793083 0.336584
0.793180 0.336584
0.793278 0.336584
0.793375 0.336584
0.793473 0.336584
0.793570 0.335993
0.793668 0.335697
0.793765 0.335697
0.793862 0.335697
0.793960 0.335697
0.794057 0.335106
0.794155 0.334811
0.794252 0.334515
0.794350 0.334515
0.794447 0.334220
0.794545 0.334220
0.794642 0.333924
0.794740 0.333629
0.794837 0.333333
0.794934 0.333333
0.795032 0.333333
0.795129 0.333333
0.795227 0.333333
0.795324 0.333333
0.795422 0.333333
0.795519 0.333038
0.795617 0.333038
0.795714 0.333038
0.795811 0.333038
0.795909 0.333038
0.796006 0.332742
0.796104 0.332447
0.796201 0.332447
0.796299 0.332447
0.796396 0.332447
0.796494 0.332447
0.796591 0.332447
0.796689 0.332447
0.796786 0.332447
0.796883 0.332447
0.796981 0.332447
0.797078 0.332151
0.797176 0.332151
0.797273 0.331265
0.797371 0.331265
0.797468 0.330969
0.797566 0.330674
0.797663 0.330674
0.797761 0.330674
0.797858 0.330083
0.797955 0.329787
0.798053 0.329787
0.798150 0.329787
0.798248 0.329787
0.798345 0.329787
0.798443 0.329787
0.798540 0.329492
0.798638 0.329196
0.798735 0.329196
0.798833 0.328901
0.798930 0.328901
0.799027 0.328605
0.799125 0.328310
0.799222 0.328310
0.799320 0.328014
0.799417 0.328014
0.799515 0.327423
0.799612 0.327423
0.799710 0.327128
0.799807 0.327128
0.799905 0.327128
0.800002 0.327128
0.800099 0.327128
0.800197 0.327128
0.800294 0.327128
0.800392 0.326832
0.800489 0.326537
0.800587 0.326537
0.800684 0.325946
0.800782 0.325946
0.800879 0.325355
0.800977 0.325059
0.801074 0.325059
0.801171 0.325059
0.801269 0.324764
0.801366 0.324764
0.801464 0.324468
0.801561 0.324173
0.801659 0.323286
0.801756 0.323286
0.801854 0.323286
0.801951 0.323286
0.802049 0.322991
0.802146 0.322695
0.802243 0.322104
0.802341 0.322104
0.802438 0.322104
0.802536 0.321809
0.802633 0.321513
0.802731 0.321513
0.802828 0.321513
0.802926 0.321217
0.803023 0.320922
0.803120 0.320922
0.803218 0.320922
0.803315 0.320922
0.803413 0.320922
0.803510 0.320922
0.803608 0.320922
0.803705 0.320626
0.803803 0.320626
0.803900 0.320626
0.803998 0.320331
0.804095 0.320035
0.804192 0.320035
0.804290 0.320035
0.804387 0.320035
0.804485 0.319740
0.804582 0.319740
0.804680 0.319740
0.804777 0.319740
0.804875 0.319740
0.804972 0.319444
0.805070 0.319444
0.805167 0.319149
0.805264 0.319149
0.805362 0.318853
0.805459 0.318262
0.805557 0.318262
0.805654 0.317671
0.805752 0.317671
0.805849 0.317080
0.805947 0.317080
0.806044 0.316785
0.806142 0.316785
0.806239 0.316785
0.806336 0.316785
0.806434 0.316194
0.806531 0.315898
0.806629 0.315898
0.806726 0.315898
0.806824 0.315603
0.806921 0.315307
0.807019 0.315307
0.807116 0.315012
0.807214 0.314716
0.807311 0.314716
0.807408 0.314716
0.807506 0.314716
0.807603 0.314716
0.807701 0.314716
0.807798 0.314716
0.807896 0.313830
0.807993 0.313534
0.808091 0.313239
0.808188 0.313239
0.808286 0.313239
0.808383 0.313239
0.808480 0.312943
0.808578 0.312648
0.808675 0.312648
0.808773 0.312648
0.808870 0.312352
0.808968 0.312057
0.809065 0.312057
0.809163 0.311761
0.809260 0.311466
0.809357 0.311466
0.809455 0.311170
0.809552 0.310875
0.809650 0.310875
0.809747 0.310284
0.809845 0.309988
0.809942 0.309693
0.810040 0.309397
0.810137 0.309397
0.810235 0.309397
0.810332 0.309397
0.810429 0.309102
0.810527 0.309102
0.810624 0.309102
0.810722 0.308806
0.810819 0.308806
0.810917 0.308215
0.811014 0.307920
0.811112 0.307920
0.811209 0.307329
0.811307 0.307329
0.811404 0.307329
0.811501 0.307329
0.811599 0.307033
0.811696 0.306738
0.811794 0.306738
0.811891 0.306738
0.811989 0.306442
0.812086 0.306147
0.812184 0.306147
0.812281 0.306147
0.812379 0.306147
0.812476 0.306147
0.812573 0.305851
0.812671 0.305851
0.812768 0.305851
0.812866 0.305556
0.812963 0.304965
0.813061 0.304965
0.813158 0.304965
0.813256 0.304669
0.813353 0.304669
0.813451 0.304669
0.813548 0.303783
0.813645 0.303487
0.813743 0.303487
0.813840 0.303487
0.813938 0.303487
0.814035 0.303487
0.814133 0.303487
0.814230 0.303487
0.814328 0.303487
0.814425 0.303191
0.814523 0.302896
0.814620 0.302896
0.814717 0.302896
0.814815 0.302600
0.814912 0.302600
0.815010 0.302009
0.815107 0.302009
0.815205 0.301714
0.815302 0.301714
0.815400 0.301714
0.815497 0.301418
0.815594 0.301418
0.815692 0.301418
0.815789 0.301418
0.815887 0.301418
0.815984 0.301418
0.816082 0.301123
0.816179 0.300827
0.816277 0.300532
0.816374 0.300532
0.816472 0.300532
0.816569 0.300532
0.816666 0.300532
0.816764 0.300532
0.816861 0.300236
0.816959 0.299941
0.817056 0.299941
0.817154 0.299941
0.817251 0.299941
0.817349 0.299941
0.817446 0.299645
0.817544 0.299054
0.817641 0.299054
0.817738 0.299054
0.817836 0.299054
0.817933 0.299054
0.818031 0.298759
0.818128 0.298759
0.818226 0.298463
0.818323 0.297577
0.818421 0.297577
0.818518 0.297281
0.818616 0.296986
0.818713 0.296690
0.818810 0.296690
0.818908 0.296690
0.819005 0.296395
0.819103 0.296395
0.819200 0.296099
0.819298 0.295804
0.819395 0.295804
0.819493 0.295508
0.819590 0.294917
0.819688 0.294622
0.819785 0.294622
0.819882 0.294622
0.819980 0.294326
0.820077 0.293735
0.820175 0.293735
0.820272 0.293440
0.820370 0.293144
0.820467 0.292849
0.820565 0.292849
0.820662 0.292258
0.820760 0.291667
0.820857 0.291667
0.820954 0.291667
0.821052 0.291371
0.821149 0.291371
0.821247 0.291371
0.821344 0.291076
0.821442 0.291076
0.821539 0.291076
0.821637 0.290780
0.821734 0.290189
0.821832 0.289894
0.821929 0.289303
0.822026 0.289303
0.822124 0.289303
0.822221 0.288712
0.822319 0.288712
0.822416 0.288416
0.822514 0.288416
0.822611 0.288121
0.822709 0.287530
0.822806 0.287234
0.822903 0.286939
0.823001 0.286643
0.823098 0.286348
0.823196 0.286052
0.823293 0.286052
0.823391 0.286052
0.823488 0.286052
0.823586 0.286052
0.823683 0.286052
0.823781 0.285461
0.823878 0.285165
0.823975 0.285165
0.824073 0.285165
0.824170 0.285165
0.824268 0.284870
0.824365 0.284574
0.824463 0.284574
0.824560 0.284574
0.824658 0.284574
0.824755 0.284574
0.824853 0.284574
0.824950 0.284574
0.825047 0.284574
0.825145 0.284574
0.825242 0.284574
0.825340 0.284279
0.825437 0.284279
0.825535 0.284279
0.825632 0.284279
0.825730 0.283983
0.825827 0.283392
0.825925 0.283097
0.826022 0.282801
0.826119 0.282801
0.826217 0.282801
0.826314 0.282506
0.826412 0.282506
0.826509 0.282210
0.826607 0.282210
0.826704 0.281915
0.826802 0.281915
0.826899 0.281619
0.826997 0.281619
0.827094 0.280733
0.827191 0.280733
0.827289 0.280142
0.827386 0.280142
0.827484 0.279846
0.827581 0.279846
0.827679 0.279846
0.827776 0.279551
0.827874 0.279255
0.827971 0.278960
0.828069 0.278960
0.828166 0.278960
0.828263 0.278664
0.828361 0.278073
0.828458 0.278073
0.828556 0.277778
0.828653 0.277778
0.828751 0.277778
0.828848 0.277778
0.828946 0.277482
0.829043 0.277482
0.829140 0.277482
0.829238 0.277187
0.829335 0.277187
0.829433 0.277187
0.829530 0.276891
0.829628 0.276596
0.829725 0.276300
0.829823 0.275709
0.829920 0.275118
0.830018 0.274823
0.830115 0.274823
0.830212 0.274232
0.830310 0.273936
0.830407 0.273641
0.830505 0.273641
0.830602 0.273641
0.830700 0.273641
0.830797 0.273641
0.830895 0.273345
0.830992 0.273050
0.831090 0.273050
0.831187 0.273050
0.831284 0.273050
0.831382 0.273050
0.831479 0.272754
0.831577 0.272459
0.831674 0.272163
0.831772 0.272163
0.831869 0.272163
0.831967 0.272163
0.832064 0.272163
0.832162 0.272163
0.832259 0.271868
0.832356 0.271572
0.832454 0.271277
0.832551 0.270981
0.832649 0.270686
0.832746 0.270095
0.832844 0.270095
0.832941 0.270095
0.833039 0.269799
0.833136 0.269504
0.833234 0.269504
0.833331 0.269504
0.833428 0.269504
0.833526 0.269208
0.833623 0.268913
0.833721 0.268617
0.833818 0.268617
0.833916 0.268026
0.834013 0.267730
0.834111 0.267730
0.834208 0.267435
0.834306 0.267435
0.834403 0.267139
0.834500 0.267139
0.834598 0.266844
0.834695 0.266844
0.834793 0.266548
0.834890 0.266253
0.834988 0.266253
0.835085 0.265662
0.835183 0.265366
0.835280 0.264775
0.835377 0.264775
0.835475 0.264480
0.835572 0.264480
0.835670 0.264184
0.835767 0.263593
0.835865 0.263298
0.835962 0.263298
0.836060 0.263298
0.836157 0.263002
0.836255 0.262707
0.836352 0.262411
0.836449 0.262411
0.836547 0.262116
0.836644 0.261820
0.836742 0.261820
0.836839 0.261820
0.836937 0.261229
0.837034 0.260934
0.837132 0.260343
0.837229 0.260047
0.837327 0.259752
0.837424 0.259752
0.837521 0.259752
0.837619 0.259752
0.837716 0.259752
0.837814 0.259456
0.837911 0.259456
0.838009 0.259456
0.838106 0.259456
0.838204 0.259161
0.838301 0.259161
0.838399 0.259161
0.838496 0.259161
0.838593 0.259161
0.838691 0.258865
0.838788 0.258865
0.838886 0.258274
0.838983 0.257683
0.839081 0.257388
0.839178 0.257388
0.839276 0.257092
0.839373 0.257092
0.839471 0.257092
0.839568 0.256797
0.839665 0.256501
0.839763 0.256206
0.839860 0.255615
0.839958 0.255615
0.840055 0.255615
0.840153 0.255319
0.840250 0.255024
0.840348 0.255024
0.840445 0.254728
0.840543 0.254728
0.840640 0.254433
0.840737 0.254137
0.840835 0.254137
0.840932 0.253842
0.841030 0.253251
0.841127 0.253251
0.841225 0.253251
0.841322 0.253251
0.841420 0.252660
0.841517 0.252660
0.841615 0.252660
0.841712 0.252364
0.841809 0.252364
0.841907 0.252069
0.842004 0.251773
0.842102 0.251773
0.842199 0.251773
0.842297 0.251478
0.842394 0.251182
0.842492 0.251182
0.842589 0.251182
0.842686 0.250591
0.842784 0.250591
0.842881 0.250591
0.842979 0.250296
0.843076 0.250296
0.843174 0.250000
0.843271 0.249704
0.843369 0.249704
0.843466 0.249704
0.843564 0.249704
0.843661 0.249113
0.843758 0.249113
0.843856 0.249113
0.843953 0.248522
0.844051 0.248227
0.844148 0.248227
0.844246 0.248227
0.844343 0.248227
0.844441 0.247636
0.844538 0.247636
0.844636 0.247636
0.844733 0.247636
0.844830 0.247636
0.844928 0.247636
0.845025 0.247340
0.845123 0.247340
0.845220 0.247340
0.845318 0.247340
0.845415 0.247340
0.845513 0.247045
0.845610 0.247045
0.845708 0.247045
0.845805 0.246454
0.845902 0.246454
0.846000 0.246454
0.846097 0.246454
0.846195 0.246454
0.846292 0.246454
0.846390 0.246454
0.846487 0.246454
0.846585 0.246158
0.846682 0.246158
0.846780 0.246158
0.846877 0.246158
0.846974 0.245863
0.847072 0.244681
0.847169 0.244681
0.847267 0.244681
0.847364 0.244385
0.847462 0.244090
0.847559 0.243499
0.847657 0.243499
0.847754 0.243499
0.847852 0.243499
0.847949 0.243203
0.848046 0.243203
0.848144 0.243203
0.848241 0.242908
0.848339 0.242908
0.848436 0.242908
0.848534 0.242908
0.848631 0.242908
0.848729 0.242317
0.848826 0.242021
0.848923 0.240839
0.849021 0.240544
0.849118 0.240544
0.849216 0.240544
0.849313 0.240248
0.849411 0.240248
0.849508 0.239953
0.849606 0.239657
0.849703 0.239657
0.849801 0.239657
0.849898 0.239362
0.849995 0.239066
0.850093 0.238771
0.850190 0.238771
0.850288 0.238180
0.850385 0.237884
0.850483 0.237884
0.850580 0.237589
0.850678 0.237293
0.850775 0.237293
0.850873 0.237293
0.850970 0.236998
0.851067 0.236702
0.851165 0.236111
0.851262 0.235816
0.851360 0.235816
0.851457 0.235520
0.851555 0.235520
0.851652 0.235225
0.851750 0.235225
0.851847 0.235225
0.851945 0.234929
0.852042 0.234929
0.852139 0.234929
0.852237 0.234634
0.852334 0.234634
0.852432 0.234634
0.852529 0.234634
0.852627 0.234634
0.852724 0.234634
0.852822 0.234338
0.852919 0.233747
0.853017 0.233747
0.853114 0.233452
0.853211 0.233452
0.853309 0.233452
0.853406 0.233156
0.853504 0.233156
0.853601 0.233156
0.853699 0.233156
0.853796 0.232861
0.853894 0.232270
0.853991 0.232270
0.854089 0.231974
0.854186 0.231974
0.854283 0.231974
0.854381 0.231678
0.854478 0.231678
0.854576 0.231087
0.854673 0.231087
0.854771 0.230496
0.854868 0.229905
0.854966 0.229905
0.855063 0.229610
0.855161 0.229019
0.855258 0.229019
0.855355 0.229019
0.855453 0.228723
0.855550 0.228132
0.855648 0.227837
0.855745 0.227541
0.855843 0.227541
0.855940 0.227246
0.856038 0.226950
0.856135 0.226950
0.856232 0.226950
0.856330 0.226655
0.856427 0.226655
0.856525 0.226359
0.856622 0.226359
0.856720 0.226064
0.856817 0.226064
0.856915 0.226064
0.857012 0.225768
0.857110 0.225768
0.857207 0.225473
0.857304 0.225473
0.857402 0.225473
0.857499 0.225473
0.857597 0.225473
0.857694 0.225473
0.857792 0.224882
0.857889 0.224882
0.857987 0.224291
0.858084 0.224291
0.858182 0.223995
0.858279 0.223404
0.858376 0.223404
0.858474 0.223109
0.858571 0.223109
0.858669 0.223109
0.858766 0.223109
0.858864 0.222222
0.858961 0.222222
0.859059 0.222222
0.859156 0.221336
0.859254 0.221040
0.859351 0.220745
0.859448 0.220745
0.859546 0.220449
0.859643 0.220449
0.859741 0.220154
0.859838 0.220154
0.859936 0.220154
0.860033 0.219858
0.860131 0.219563
0.860228 0.219267
0.860326 0.219267
0.860423 0.218972
0.860520 0.218676
0.860618 0.218085
0.860715 0.218085
0.860813 0.218085
0.860910 0.217790
0.861008 0.217790
0.861105 0.217790
0.861203 0.217494
0.861300 0.217199
0.861398 0.217199
0.861495 0.217199
0.861592 0.217199
0.861690 0.216903
0.861787 0.216608
0.861885 0.216608
0.861982 0.216312
0.862080 0.216312
0.862177 0.216017
0.862275 0.216017
0.862372 0.215721
0.862469 0.215130
0.862567 0.214539
0.862664 0.214539
0.862762 0.214243
0.862859 0.213948
0.862957 0.213948
0.863054 0.213652
0.863152 0.213652
0.863249 0.213652
0.863347 0.213357
0.863444 0.213061
0.863541 0.213061
0.863639 0.212766
0.863736 0.212766
0.863834 0.212766
0.863931 0.212766
0.864029 0.212175
0.864126 0.212175
0.864224 0.211879
0.864321 0.211879
0.864419 0.211879
0.864516 0.211879
0.864613 0.211288
0.864711 0.211288
0.864808 0.211288
0.864906 0.210697
0.865003 0.210697
0.865101 0.210697
0.865198 0.210402
0.865296 0.210106
0.865393 0.210106
0.865491 0.209811
0.865588 0.209515
0.865685 0.209515
0.865783 0.209515
0.865880 0.209515
0.865978 0.209220
0.866075 0.209220
0.866173 0.209220
0.866270 0.208333
0.866368 0.208038
0.866465 0.207742
0.866563 0.207742
0.866660 0.207447
0.866757 0.207447
0.866855 0.207447
0.866952 0.207151
0.867050 0.207151
0.867147 0.207151
0.867245 0.207151
0.867342 0.207151
0.867440 0.206265
0.867537 0.205674
0.867635 0.205378
0.867732 0.204787
0.867829 0.204492
0.867927 0.204492
0.868024 0.203901
0.868122 0.203901
0.868219 0.203605
0.868317 0.203310
0.868414 0.203014
0.868512 0.202719
0.868609 0.202719
0.868706 0.202719
0.868804 0.202719
0.868901 0.202128
0.868999 0.201832
0.869096 0.201241
0.869194 0.200946
0.869291 0.200946
0.869389 0.200650
0.869486 0.200650
0.869584 0.200650
0.869681 0.200650
0.869778 0.200650
0.869876 0.200650
0.869973 0.200650
0.870071 0.200650
0.870168 0.200650
0.870266 0.200650
0.870363 0.200355
0.870461 0.200059
0.870558 0.200059
0.870656 0.200059
0.870753 0.199173
0.870850 0.199173
0.870948 0.198877
0.871045 0.198877
0.871143 0.198582
0.871240 0.198582
0.871338 0.198286
0.871435 0.197695
0.871533 0.197104
0.871630 0.196217
0.871728 0.195922
0.871825 0.195626
0.871922 0.195035
0.872020 0.195035
0.872117 0.195035
0.872215 0.194444
0.872312 0.194149
0.872410 0.194149
0.872507 0.193853
0.872605 0.193558
0.872702 0.193558
0.872800 0.193262
0.872897 0.193262
0.872994 0.192967
0.873092 0.192967
0.873189 0.192967
0.873287 0.192671
0.873384 0.192376
0.873482 0.192376
0.873579 0.192080
0.873677 0.191785
0.873774 0.191489
0.873872 0.191194
0.873969 0.191194
0.874066 0.191194
0.874164 0.190898
0.874261 0.190603
0.874359 0.190012
0.874456 0.189716
0.874554 0.189421
0.874651 0.188830
0.874749 0.188534
0.874846 0.188534
0.874944 0.188239
0.875041 0.188239
0.875138 0.188239
0.875236 0.187943
0.875333 0.187943
0.875431 0.187943
0.875528 0.187943
0.875626 0.187648
0.875723 0.187352
0.875821 0.187352
0.875918 0.186761
0.876015 0.186466
0.876113 0.185579
0.876210 0.185579
0.876308 0.185284
0.876405 0.184693
0.876503 0.184397
0.876600 0.184397
0.876698 0.184397
0.876795 0.184102
0.876893 0.184102
0.876990 0.183806
0.877087 0.183511
0.877185 0.182624
0.877282 0.182329
0.877380 0.182329
0.877477 0.182329
0.877575 0.181442
0.877672 0.181147
0.877770 0.181147
0.877867 0.180851
0.877965 0.180851
0.878062 0.180851
0.878159 0.180556
0.878257 0.180556
0.878354 0.180556
0.878452 0.180556
0.878549 0.179965
0.878647 0.179669
0.878744 0.179669
0.878842 0.179669
0.878939 0.179669
0.879037 0.179669
0.879134 0.179078
0.879231 0.178487
0.879329 0.178191
0.879426 0.178191
0.879524 0.178191
0.879621 0.178191
0.879719 0.177600
0.879816 0.177600
0.879914 0.177600
0.880011 0.177600
0.880109 0.177600
0.880206 0.177600
0.880303 0.177600
0.880401 0.177305
0.880498 0.177009
0.880596 0.177009
0.880693 0.177009
0.880791 0.176714
0.880888 0.176418
0.880986 0.175827
0.881083 0.175532
0.881181 0.175532
0.881278 0.175532
0.881375 0.175532
0.881473 0.174941
0.881570 0.174645
0.881668 0.174645
0.881765 0.174645
0.881863 0.174645
0.881960 0.174645
0.882058 0.174350
0.882155 0.174054
0.882252 0.174054
0.882350 0.173759
0.882447 0.173168
0.882545 0.172872
0.882642 0.172577
0.882740 0.172577
0.882837 0.172281
0.882935 0.171986
0.883032 0.171690
0.883130 0.171395
0.883227 0.170804
0.883324 0.170508
0.883422 0.170508
0.883519 0.170508
0.883617 0.169917
0.883714 0.168735
0.883812 0.168735
0.883909 0.168440
0.884007 0.168440
0.884104 0.168144
0.884202 0.168144
0.884299 0.168144
0.884396 0.168144
0.884494 0.167849
0.884591 0.167849
0.884689 0.167553
0.884786 0.167553
0.884884 0.167258
0.884981 0.167258
0.885079 0.166962
0.885176 0.166667
0.885274 0.166076
0.885371 0.165780
0.885468 0.165485
0.885566 0.165485
0.885663 0.165485
0.885761 0.165485
0.885858 0.165485
0.885956 0.165485
0.886053 0.165485
0.886151 0.165485
0.886248 0.165485
0.886346 0.165189
0.886443 0.164894
0.886540 0.164894
0.886638 0.164303
0.886735 0.164303
0.886833 0.164303
0.886930 0.164007
0.887028 0.164007
0.887125 0.164007
0.887223 0.164007
0.887320 0.164007
0.887418 0.163416
0.887515 0.163416
0.887612 0.163416
0.887710 0.163416
0.887807 0.163121
0.887905 0.163121
0.888002 0.162530
0.888100 0.162234
0.888197 0.161939
0.888295 0.161348
0.888392 0.161348
0.888490 0.161348
0.888587 0.161348
0.888684 0.161052
0.888782 0.160165
0.888879 0.160165
0.888977 0.160165
0.889074 0.160165
0.889172 0.160165
0.889269 0.160165
0.889367 0.160165
0.889464 0.160165
0.889561 0.160165
0.889659 0.160165
0.889756 0.160165
0.889854 0.159870
0.889951 0.159870
0.890049 0.159870
0.890146 0.159870
0.890244 0.159870
0.890341 0.159574
0.890439 0.159279
0.890536 0.159279
0.890633 0.158983
0.890731 0.158688
0.890828 0.158688
0.890926 0.158392
0.891023 0.158097
0.891121 0.158097
0.891218 0.158097
0.891316 0.158097
0.891413 0.157801
0.891511 0.157801
0.891608 0.157801
0.891705 0.157506
0.891803 0.157506
0.891900 0.157506
0.891998 0.157506
0.892095 0.156915
0.892193 0.156324
0.892290 0.156324
0.892388 0.156028
0.892485 0.156028
0.892583 0.155733
0.892680 0.155733
0.892777 0.155437
0.892875 0.155437
0.892972 0.155142
0.893070 0.154846
0.893167 0.154551
0.893265 0.154255
0.893362 0.154255
0.893460 0.154255
0.893557 0.154255
0.893655 0.154255
0.893752 0.153960
0.893849 0.153960
0.893947 0.153960
0.894044 0.153664
0.894142 0.153073
0.894239 0.153073
0.894337 0.153073
0.894434 0.152482
0.894532 0.151891
0.894629 0.151596
0.894727 0.151596
0.894824 0.150709
0.894921 0.150118
0.895019 0.149527
0.895116 0.149527
0.895214 0.148936
0.895311 0.148936
0.895409 0.148936
0.895506 0.148936
0.895604 0.148345
0.895701 0.148050
0.895798 0.148050
0.895896 0.147754
0.895993 0.147459
0.896091 0.147163
0.896188 0.147163
0.896286 0.146277
0.896383 0.145981
0.896481 0.145981
0.896578 0.145390
0.896676 0.145390
0.896773 0.145390
0.896870 0.145390
0.896968 0.145390
0.897065 0.145095
0.897163 0.144799
0.897260 0.144799
0.897358 0.144504
0.897455 0.144504
0.897553 0.144208
0.897650 0.143913
0.897748 0.143913
0.897845 0.143617
0.897942 0.143322
0.898040 0.143322
0.898137 0.143026
0.898235 0.143026
0.898332 0.143026
0.898430 0.143026
0.898527 0.143026
0.898625 0.142730
0.898722 0.142435
0.898820 0.142435
0.898917 0.142435
0.899014 0.142139
0.899112 0.141844
0.899209 0.141844
0.899307 0.141844
0.899404 0.141548
0.899502 0.141253
0.899599 0.140662
0.899697 0.140071
0.899794 0.139480
0.899892 0.138889
0.899989 0.138889
0.900086 0.138889
0.900184 0.138889
0.900281 0.138593
0.900379 0.138298
0.900476 0.138002
0.900574 0.138002
0.900671 0.137707
0.900769 0.137707
0.900866 0.137116
0.900964 0.136820
0.901061 0.136820
0.901158 0.136820
0.901256 0.136820
0.901353 0.136525
0.901451 0.136229
0.901548 0.136229
0.901646 0.135934
0.901743 0.135934
0.901841 0.135638
0.901938 0.135343
0.902035 0.134752
0.902133 0.134456
0.902230 0.134161
0.902328 0.133570
0.902425 0.133570
0.902523 0.133570
0.902620 0.133274
0.902718 0.133274
0.902815 0.132683
0.902913 0.132683
0.903010 0.132683
0.903107 0.132683
0.903205 0.132683
0.903302 0.132683
0.903400 0.132683
0.903497 0.132683
0.903595 0.132092
0.903692 0.132092
0.903790 0.132092
0.903887 0.131797
0.903985 0.131206
0.904082 0.131206
0.904179 0.130615
0.904277 0.130319
0.904374 0.130319
0.904472 0.130319
0.904569 0.130024
0.904667 0.130024
0.904764 0.129433
0.904862 0.129433
0.904959 0.128842
0.905057 0.128842
0.905154 0.128546
0.905251 0.128251
0.905349 0.128251
0.905446 0.127660
0.905544 0.127660
0.905641 0.127069
0.905739 0.127069
0.905836 0.127069
0.905934 0.126773
0.906031 0.126773
0.906129 0.126773
0.906226 0.126773
0.906323 0.126773
0.906421 0.126478
0.906518 0.125887
0.906616 0.125887
0.906713 0.125887
0.906811 0.125887
0.906908 0.124704
0.907006 0.124704
0.907103 0.124704
0.907201 0.124409
0.907298 0.124409
0.907395 0.124409
0.907493 0.124409
0.907590 0.124409
0.907688 0.124409
0.907785 0.123818
0.907883 0.123522
0.907980 0.123522
0.908078 0.123227
0.908175 0.122931
0.908273 0.122636
0.908370 0.122636
0.908467 0.122636
0.908565 0.122340
0.908662 0.122340
0.908760 0.122045
0.908857 0.121749
0.908955 0.121749
0.909052 0.121749
0.909150 0.121454
0.909247 0.121158
0.909344 0.121158
0.909442 0.120863
0.909539 0.120567
0.909637 0.120567
0.909734 0.120567
0.909832 0.120567
0.909929 0.120567
0.910027 0.120567
0.910124 0.120567
0.910222 0.120272
0.910319 0.120272
0.910416 0.120272
0.910514 0.120272
0.910611 0.120272
0.910709 0.120272
0.910806 0.119976
0.910904 0.119976
0.911001 0.119976
0.911099 0.119681
0.911196 0.119681
0.911294 0.118794
0.911391 0.118499
0.911488 0.118499
0.911586 0.118203
0.911683 0.117612
0.911781 0.117612
0.911878 0.117612
0.911976 0.117317
0.912073 0.117317
0.912171 0.117317
0.912268 0.117317
0.912366 0.117317
0.912463 0.117317
0.912560 0.117021
0.912658 0.116726
0.912755 0.116726
0.912853 0.116135
0.912950 0.115248
0.913048 0.114953
0.913145 0.114657
0.913243 0.114657
0.913340 0.114066
0.913438 0.113771
0.913535 0.112589
0.913632 0.112293
0.913730 0.111407
0.913827 0.111407
0.913925 0.111407
0.914022 0.111407
0.914120 0.111407
0.914217 0.111407
0.914315 0.110816
0.914412 0.110816
0.914510 0.110816
0.914607 0.110816
0.914704 0.110816
0.914802 0.110816
0.914899 0.110816
0.914997 0.110816
0.915094 0.110816
0.915192 0.110816
0.915289 0.109929
0.915387 0.109929
0.915484 0.109634
0.915581 0.109338
0.915679 0.109338
0.915776 0.109043
0.915874 0.108156
0.915971 0.108156
0.916069 0.107861
0.916166 0.107861
0.916264 0.107565
0.916361 0.106974
0.916459 0.106974
0.916556 0.106678
0.916653 0.106383
0.916751 0.106383
0.916848 0.106383
0.916946 0.106383
0.917043 0.106383
0.917141 0.106383
0.917238 0.106383
0.917336 0.106087
0.917433 0.105496
0.917531 0.105496
0.917628 0.105496
0.917725 0.105201
0.917823 0.104610
0.917920 0.104314
0.918018 0.103428
0.918115 0.103132
0.918213 0.102541
0.918310 0.102541
0.918408 0.102541
0.918505 0.102246
0.918603 0.102246
0.918700 0.101655
0.918797 0.101655
0.918895 0.101359
0.918992 0.101064
0.919090 0.101064
0.919187 0.101064
0.919285 0.101064
0.919382 0.101064
0.919480 0.101064
0.919577 0.100473
0.919675 0.100473
0.919772 0.100473
0.919869 0.100177
0.919967 0.099882
0.920064 0.099586
0.920162 0.099586
0.920259 0.099586
0.920357 0.099291
0.920454 0.098995
0.920552 0.098995
0.920649 0.098700
0.920747 0.098404
0.920844 0.098404
0.920941 0.098109
0.921039 0.098109
0.921136 0.098109
0.921234 0.097518
0.921331 0.096927
0.921429 0.096927
0.921526 0.096631
0.921624 0.096631
0.921721 0.096631
0.921818 0.096336
0.921916 0.096336
0.922013 0.095745
0.922111 0.095745
0.922208 0.095745
0.922306 0.095745
0.922403 0.095449
0.922501 0.095449
0.922598 0.095154
0.922696 0.095154
0.922793 0.094858
0.922890 0.094563
0.922988 0.093972
0.923085 0.093972
0.923183 0.093972
0.923280 0.093972
0.923378 0.093972
0.923475 0.093972
0.923573 0.093676
0.923670 0.093676
0.923768 0.093676
0.923865 0.093381
0.923962 0.093381
0.924060 0.093381
0.924157 0.093381
0.924255 0.093381
0.924352 0.093381
0.924450 0.093381
0.924547 0.093085
0.924645 0.093085
0.924742 0.092790
0.924840 0.092790
0.924937 0.092494
0.925034 0.092494
0.925132 0.092199
0.925229 0.092199
0.925327 0.092199
0.925424 0.092199
0.925522 0.091903
0.925619 0.091608
0.925717 0.091608
0.925814 0.091312
0.925912 0.090721
0.926009 0.090721
0.926106 0.090426
0.926204 0.089835
0.926301 0.089835
0.926399 0.089835
0.926496 0.089835
0.926594 0.089835
0.926691 0.089539
0.926789 0.089243
0.926886 0.089243
0.926984 0.089243
0.927081 0.089243
0.927178 0.088948
0.927276 0.088948
0.927373 0.088948
0.927471 0.088948
0.927568 0.088948
0.927666 0.088652
0.927763 0.088357
0.927861 0.088061
0.927958 0.087766
0.928056 0.087766
0.928153 0.087470
0.928250 0.087470
0.928348 0.087470
0.928445 0.086879
0.928543 0.086879
0.928640 0.086879
0.928738 0.086288
0.928835 0.086288
0.928933 0.086288
0.929030 0.085993
0.929127 0.085993
0.929225 0.085993
0.929322 0.085993
0.929420 0.085697
0.929517 0.085402
0.929615 0.084811
0.929712 0.084515
0.929810 0.084515
0.929907 0.084515
0.930005 0.084515
0.930102 0.084220
0.930199 0.083924
0.930297 0.083924
0.930394 0.083924
0.930492 0.083333
0.930589 0.083333
0.930687 0.083333
0.930784 0.083038
0.930882 0.083038
0.930979 0.083038
0.931077 0.083038
0.931174 0.083038
0.931271 0.083038
0.931369 0.082742
0.931466 0.082447
0.931564 0.081856
0.931661 0.081856
0.931759 0.081856
0.931856 0.081560
0.931954 0.081265
0.932051 0.080969
0.932149 0.080378
0.932246 0.080378
0.932343 0.080083
0.932441 0.080083
0.932538 0.079787
0.932636 0.079787
0.932733 0.079196
0.932831 0.079196
0.932928 0.078901
0.933026 0.078901
0.933123 0.078605
0.933221 0.078310
0.933318 0.078310
0.933415 0.078310
0.933513 0.078310
0.933610 0.078310
0.933708 0.078310
0.933805 0.078310
0.933903 0.078014
0.934000 0.078014
0.934098 0.078014
0.934195 0.077719
0.934293 0.077423
0.934390 0.077128
0.934487 0.077128
0.934585 0.077128
0.934682 0.076832
0.934780 0.076832
0.934877 0.076832
0.934975 0.076537
0.935072 0.075946
0.935170 0.075946
0.935267 0.075650
0.935364 0.075650
0.935462 0.075650
0.935559 0.075650
0.935657 0.075650
0.935754 0.075650
0.935852 0.075650
0.935949 0.075355
0.936047 0.075355
0.936144 0.075059
0.936242 0.075059
0.936339 0.074764
0.936436 0.074468
0.936534 0.074173
0.936631 0.074173
0.936729 0.074173
0.936826 0.073877
0.936924 0.073286
0.937021 0.073286
0.937119 0.072695
0.937216 0.072695
0.937314 0.072695
0.937411 0.072104
0.937508 0.072104
0.937606 0.071809
0.937703 0.071513
0.937801 0.071513
0.937898 0.070626
0.937996 0.069740
0.938093 0.069740
0.938191 0.069444
0.938288 0.069444
0.938386 0.069444
0.938483 0.069149
0.938580 0.068853
0.938678 0.068853
0.938775 0.068558
0.938873 0.068558
0.938970 0.067671
0.939068 0.067376
0.939165 0.067376
0.939263 0.067080
0.939360 0.066785
0.939458 0.066489
0.939555 0.066489
0.939652 0.065898
0.939750 0.065603
0.939847 0.065603
0.939945 0.065603
0.940042 0.065603
0.940140 0.065603
0.940237 0.065603
0.940335 0.065603
0.940432 0.065307
0.940530 0.065012
0.940627 0.065012
0.940724 0.064716
0.940822 0.064716
0.940919 0.064421
0.941017 0.064125
0.941114 0.064125
0.941212 0.064125
0.941309 0.063830
0.941407 0.063534
0.941504 0.063534
0.941602 0.063534
0.941699 0.063534
0.941796 0.063239
0.941894 0.063239
0.941991 0.062943
0.942089 0.062352
0.942186 0.062352
0.942284 0.062352
0.942381 0.062352
0.942479 0.062057
0.942576 0.061466
0.942673 0.060875
0.942771 0.060284
0.942868 0.059397
0.942966 0.059397
0.943063 0.059397
0.943161 0.059102
0.943258 0.059102
0.943356 0.059102
0.943453 0.058511
0.943551 0.058511
0.943648 0.058215
0.943745 0.058215
0.943843 0.057920
0.943940 0.057920
0.944038 0.057920
0.944135 0.057920
0.944233 0.057920
0.944330 0.057329
0.944428 0.057329
0.944525 0.057329
0.944623 0.057033
0.944720 0.056738
0.944817 0.056442
0.944915 0.056442
0.945012 0.056147
0.945110 0.055260
0.945207 0.055260
0.945305 0.054965
0.945402 0.054965
0.945500 0.054965
0.945597 0.054669
0.945695 0.054669
0.945792 0.054669
0.945889 0.054669
0.945987 0.054374
0.946084 0.054078
0.946182 0.054078
0.946279 0.054078
0.946377 0.053487
0.946474 0.053487
0.946572 0.053191
0.946669 0.053191
0.946767 0.053191
0.946864 0.052896
0.946961 0.052896
0.947059 0.052600
0.947156 0.052009
0.947254 0.051123
0.947351 0.050532
0.947449 0.050236
0.947546 0.050236
0.947644 0.049941
0.947741 0.049941
0.947839 0.049941
0.947936 0.049645
0.948033 0.049350
0.948131 0.049350
0.948228 0.049350
0.948326 0.049350
0.948423 0.049350
0.948521 0.049350
0.948618 0.049350
0.948716 0.049350
0.948813 0.049350
0.948910 0.049054
0.949008 0.049054
0.949105 0.048759
0.949203 0.048759
0.949300 0.048759
0.949398 0.048759
0.949495 0.048759
0.949593 0.048759
0.949690 0.048463
0.949788 0.048463
0.949885 0.047872
0.949982 0.047872
0.950080 0.046986
0.950177 0.046986
0.950275 0.046690
0.950372 0.046690
0.950470 0.046395
0.950567 0.046395
0.950665 0.046099
0.950762 0.046099
0.950860 0.046099
0.950957 0.046099
0.951054 0.045804
0.951152 0.045508
0.951249 0.045508
0.951347 0.045508
0.951444 0.045508
0.951542 0.045508
0.951639 0.045508
0.951737 0.045213
0.951834 0.045213
0.951932 0.045213
0.952029 0.044622
0.952126 0.044622
0.952224 0.044622
0.952321 0.044622
0.952419 0.044622
0.952516 0.044326
0.952614 0.043735
0.952711 0.043144
0.952809 0.043144
0.952906 0.043144
0.953004 0.043144
0.953101 0.043144
0.953198 0.042849
0.953296 0.042553
0.953393 0.042553
0.953491 0.042553
0.953588 0.042553
0.953686 0.042553
0.953783 0.042553
0.953881 0.042553
0.953978 0.041962
0.954076 0.041667
0.954173 0.041667
0.954270 0.041667
0.954368 0.041667
0.954465 0.041667
0.954563 0.041371
0.954660 0.040780
0.954758 0.040780
0.954855 0.040485
0.954953 0.040485
0.955050 0.040189
0.955147 0.040189
0.955245 0.040189
0.955342 0.040189
0.955440 0.039303
0.955537 0.039303
0.955635 0.038712
0.955732 0.038712
0.955830 0.038416
0.955927 0.038121
0.956025 0.038121
0.956122 0.037825
0.956219 0.037825
0.956317 0.037825
0.956414 0.037825
0.956512 0.037825
0.956609 0.037825
0.956707 0.037530
0.956804 0.037234
0.956902 0.037234
0.956999 0.037234
0.957097 0.037234
0.957194 0.037234
0.957291 0.037234
0.957389 0.036939
0.957486 0.036643
0.957584 0.036643
0.957681 0.035757
0.957779 0.035757
0.957876 0.035461
0.957974 0.034870
0.958071 0.034574
0.958169 0.034574
0.958266 0.034279
0.958363 0.034279
0.958461 0.033983
0.958558 0.033688
0.958656 0.033392
0.958753 0.033097
0.958851 0.033097
0.958948 0.033097
0.959046 0.032801
0.959143 0.032801
0.959241 0.032801
0.959338 0.032801
0.959435 0.032801
0.959533 0.032801
0.959630 0.032506
0.959728 0.032210
0.959825 0.031915
0.959923 0.031619
0.960020 0.031619
0.960118 0.031324
0.960215 0.031324
0.960313 0.031028
0.960410 0.031028
0.960507 0.031028
0.960605 0.031028
0.960702 0.031028
0.960800 0.031028
0.960897 0.030733
0.960995 0.030733
0.961092 0.030733
0.961190 0.030437
0.961287 0.030437
0.961385 0.030437
0.961482 0.030437
0.961579 0.029846
0.961677 0.029846
0.961774 0.029846
0.961872 0.029846
0.961969 0.029551
0.962067 0.029551
0.962164 0.029255
0.962262 0.028960
0.962359 0.028960
0.962456 0.028664
0.962554 0.027778
0.962651 0.027778
0.962749 0.027482
0.962846 0.027187
0.962944 0.026596
0.963041 0.026596
0.963139 0.026596
0.963236 0.026005
0.963334 0.025414
0.963431 0.025414
0.963528 0.025414
0.963626 0.025414
0.963723 0.025118
0.963821 0.024823
0.963918 0.024527
0.964016 0.024232
0.964113 0.024232
0.964211 0.024232
0.964308 0.024232
0.964406 0.024232
0.964503 0.023936
0.964600 0.023936
0.964698 0.022754
0.964795 0.022754
0.964893 0.022754
0.964990 0.022754
0.965088 0.022754
0.965185 0.022754
0.965283 0.022754
0.965380 0.022754
0.965478 0.022754
0.965575 0.022754
0.965672 0.022754
0.965770 0.022754
0.965867 0.022754
0.965965 0.022754
0.966062 0.022754
0.966160 0.022754
0.966257 0.022754
0.966355 0.022754
0.966452 0.022163
0.966550 0.022163
0.966647 0.022163
0.966744 0.022163
0.966842 0.022163
0.966939 0.022163
0.967037 0.022163
0.967134 0.021868
0.967232 0.021868
0.967329 0.021868
0.967427 0.021868
0.967524 0.021572
0.967622 0.021572
0.967719 0.021572
0.967816 0.021277
0.967914 0.021277
0.968011 0.021277
0.968109 0.021277
0.968206 0.021277
0.968304 0.020981
0.968401 0.020686
0.968499 0.020686
0.968596 0.020686
0.968693 0.020686
0.968791 0.020390
0.968888 0.020095
0.968986 0.020095
0.969083 0.020095
0.969181 0.019504
0.969278 0.019504
0.969376 0.019504
0.969473 0.019504
0.969571 0.019504
0.969668 0.019504
0.969765 0.019208
0.969863 0.018913
0.969960 0.018913
0.970058 0.018913
0.970155 0.018913
0.970253 0.018617
0.970350 0.018322
0.970448 0.017730
0.970545 0.017730
0.970643 0.017730
0.970740 0.017139
0.970837 0.017139
0.970935 0.016844
0.971032 0.016844
0.971130 0.016548
0.971227 0.016548
0.971325 0.016253
0.971422 0.016253
0.971520 0.015662
0.971617 0.015662
0.971715 0.015662
0.971812 0.015662
0.971909 0.015366
0.972007 0.015366
0.972104 0.015366
0.972202 0.014775
0.972299 0.014775
0.972397 0.014775
0.972494 0.014775
0.972592 0.014775
0.972689 0.014480
0.972787 0.013889
0.972884 0.013298
0.972981 0.013298
0.973079 0.013298
0.973176 0.013002
0.973274 0.013002
0.973371 0.013002
0.973469 0.012707
0.973566 0.012707
0.973664 0.012411
0.973761 0.012116
0.973859 0.012116
0.973956 0.011820
0.974053 0.011525
0.974151 0.011229
0.974248 0.011229
0.974346 0.011229
0.974443 0.010934
0.974541 0.010638
0.974638 0.010343
0.974736 0.010343
0.974833 0.010047
0.974930 0.009752
0.975028 0.009752
0.975125 0.009752
0.975223 0.009752
0.975320 0.009456
0.975418 0.009456
0.975515 0.009456
0.975613 0.009161
0.975710 0.009161
0.975808 0.008570
0.975905 0.008570
0.976002 0.008570
0.976100 0.008570
0.976197 0.008570
0.976295 0.008570
0.976392 0.008570
0.976490 0.008570
0.976587 0.007683
0.976685 0.007683
0.976782 0.007388
0.976880 0.007388
0.976977 0.007388
0.977074 0.007388
0.977172 0.007092
0.977269 0.007092
0.977367 0.007092
0.977464 0.007092
0.977562 0.007092
0.977659 0.007092
0.977757 0.007092
0.977854 0.007092
0.977952 0.006797
0.978049 0.006501
0.978146 0.006501
0.978244 0.006501
0.978341 0.006501
0.978439 0.006501
0.978536 0.006501
0.978634 0.006206
0.978731 0.005910
0.978829 0.005910
0.978926 0.005615
0.979024 0.005615
0.979121 0.005024
0.979218 0.004137
0.979316 0.004137
0.979413 0.004137
0.979511 0.004137
0.979608 0.003842
0.979706 0.003842
0.979803 0.003546
0.979901 0.003546
0.979998 0.003546
0.980096 0.003546
0.980193 0.003546
0.980290 0.003546
0.980388 0.003251
0.980485 0.003251
0.980583 0.003251
0.980680 0.002955
0.980778 0.002364
0.980875 0.002364
0.980973 0.002364
0.981070 0.002364
0.981168 0.002364
0.981265 0.002364
0.981362 0.002069
0.981460 0.002069
0.981557 0.002069
0.981655 0.002069
0.981752 0.002069
0.981850 0.002069
0.981947 0.001773
0.982045 0.001773
0.982142 0.001773
0.982239 0.001773
0.982337 0.001773
0.982434 0.001773
0.982532 0.001773
0.982629 0.001773
0.982727 0.001773
0.982824 0.001182
0.982922 0.001182
0.983019 0.000591
0.983117 0.000591
0.983214 0.000591
0.983311 0.000591
0.983409 0.000591
0.983506 0.000296
0.983604 0.000296
0.983701 0.000296
0.983799 0.000000
