# Threshold Efficiency
0.002616 0.999753
0.002713 0.999753
0.002809 0.999753
0.002905 0.999507
0.003002 0.999507
0.003098 0.999507
0.003194 0.999507
0.003290 0.999507
0.003387 0.998767
0.003483 0.998767
0.003579 0.998767
0.003676 0.998520
0.003772 0.998520
0.003868 0.998520
0.003964 0.998274
0.004061 0.998027
0.004157 0.997781
0.004253 0.997781
0.004350 0.997781
0.004446 0.997781
0.004542 0.997781
0.004638 0.997781
0.004735 0.997781
0.004831 0.997287
0.004927 0.996794
0.005023 0.996794
0.005120 0.996547
0.005216 0.996547
0.005312 0.996547
0.005409 0.996547
0.005505 0.996547
0.005601 0.996547
0.005697 0.996301
0.005794 0.996301
0.005890 0.996054
0.005986 0.996054
0.006083 0.996054
0.006179 0.996054
0.006275 0.995808
0.006371 0.995808
0.006468 0.995808
0.006564 0.995561
0.006660 0.995314
0.006756 0.995068
0.006853 0.995068
0.006949 0.995068
0.007045 0.995068
0.007142 0.994821
0.007238 0.994821
0.007334 0.994821
0.007430 0.994821
0.007527 0.994575
0.007623 0.994328
0.007719 0.994081
0.007816 0.993835
0.007912 0.993588
0.008008 0.993095
0.008104 0.992848
0.008201 0.992848
0.008297 0.992848
0.008393 0.992602
0.008490 0.992355
0.008586 0.992355
0.008682 0.992355
0.008778 0.992355
0.008875 0.991862
0.008971 0.991862
0.009067 0.991615
0.009163 0.991122
0.009260 0.990629
0.009356 0.990629
0.009452 0.990629
0.009549 0.990629
0.009645 0.990136
0.009741 0.989889
0.009837 0.989889
0.009934 0.989889
0.010030 0.989889
0.010126 0.989889
0.010223 0.989642
0.010319 0.989642
0.010415 0.989642
0.010511 0.989642
0.010608 0.989396
0.010704 0.989396
0.010800 0.989396
0.010897 0.989396
0.010993 0.989396
0.011089 0.989396
0.011185 0.989396
0.011282 0.989396
0.011378 0.989396
0.011474 0.989396
0.011570 0.989149
0.011667 0.989149
0.011763 0.989149
0.011859 0.988903
0.011956 0.988656
0.012052 0.988656
0.012148 0.988656
0.012244 0.988656
0.012341 0.988656
0.012437 0.988656
0.012533 0.988409
0.012630 0.988409
0.012726 0.988163
0.012822 0.987916
0.012918 0.987916
0.013015 0.987670
0.013111 0.987423
0.013207 0.987423
0.013304 0.987176
0.013400 0.987176
0.013496 0.987176
0.013592 0.987176
0.013689 0.986930
0.013785 0.986683
0.013881 0.986683
0.013977 0.986436
0.014074 0.986436
0.014170 0.986436
0.014266 0.986436
0.014363 0.986436
0.014459 0.986436
0.014555 0.986436
0.014651 0.986190
0.014748 0.986190
0.014844 0.986190
0.014940 0.986190
0.015037 0.985943
0.015133 0.985697
0.015229 0.985697
0.015325 0.985697
0.015422 0.985697
0.015518 0.985450
0.015614 0.984957
0.015711 0.984957
0.015807 0.984957
0.015903 0.984710
0.015999 0.984464
0.016096 0.984464
0.016192 0.984464
0.016288 0.984464
0.016384 0.984464
0.016481 0.984464
0.016577 0.984464
0.016673 0.984464
0.016770 0.984464
0.016866 0.984464
0.016962 0.984217
0.017058 0.983970
0.017155 0.983970
0.017251 0.983724
0.017347 0.983724
0.017444 0.983724
0.017540 0.983724
0.017636 0.983724
0.017732 0.983477
0.017829 0.982737
0.017925 0.982491
0.018021 0.982491
0.018118 0.982491
0.018214 0.982491
0.018310 0.982244
0.018406 0.982244
0.018503 0.981998
0.018599 0.981998
0.018695 0.981998
0.018791 0.981998
0.018888 0.981998
0.018984 0.981998
0.019080 0.981998
0.019177 0.981998
0.019273 0.981998
0.019369 0.981998
0.019465 0.981998
0.019562 0.981998
0.019658 0.981751
0.019754 0.981504
0.019851 0.981504
0.019947 0.981258
0.020043 0.981258
0.020139 0.980764
0.020236 0.980764
0.020332 0.980764
0.020428 0.980764
0.020524 0.980764
0.020621 0.980764
0.020717 0.980518
0.020813 0.980518
0.020910 0.980271
0.021006 0.980271
0.021102 0.980271
0.021198 0.980271
0.021295 0.980271
0.021391 0.980025
0.021487 0.980025
0.021584 0.979778
0.021680 0.979778
0.021776 0.979778
0.021872 0.979778
0.021969 0.979778
0.022065 0.979778
0.022161 0.979778
0.022258 0.979531
0.022354 0.979531
0.022450 0.979531
0.022546 0.979285
0.022643 0.979285
0.022739 0.979285
0.022835 0.979038
0.022931 0.978792
0.023028 0.978298
0.023124 0.978298
0.023220 0.977805
0.023317 0.977805
0.023413 0.977559
0.023509 0.977559
0.023605 0.977559
0.023702 0.977559
0.023798 0.977559
0.023894 0.977559
0.023991 0.977559
0.024087 0.977559
0.024183 0.977559
0.024279 0.977559
0.024376 0.977312
0.024472 0.977065
0.024568 0.977065
0.024665 0.976819
0.024761 0.976572
0.024857 0.976572
0.024953 0.976326
0.025050 0.976079
0.025146 0.975832
0.025242 0.975586
0.025338 0.975586
0.025435 0.975586
0.025531 0.975339
0.025627 0.975339
0.025724 0.975092
0.025820 0.975092
0.025916 0.975092
0.026012 0.975092
0.026109 0.975092
0.026205 0.975092
0.026301 0.975092
0.026398 0.975092
0.026494 0.975092
0.026590 0.975092
0.026686 0.975092
0.026783 0.974846
0.026879 0.974846
0.026975 0.974846
0.027072 0.974846
0.027168 0.974599
0.027264 0.974599
0.027360 0.974106
0.027457 0.974106
0.027553 0.974106
0.027649 0.974106
0.027745 0.973859
0.027842 0.973859
0.027938 0.973859
0.028034 0.973613
0.028131 0.973613
0.028227 0.973613
0.028323 0.973120
0.028419 0.972873
0.028516 0.972873
0.028612 0.972873
0.028708 0.972873
0.028805 0.972626
0.028901 0.972380
0.028997 0.972380
0.029093 0.972380
0.029190 0.972380
0.029286 0.971887
0.029382 0.971887
0.029479 0.971887
0.029575 0.971147
0.029671 0.971147
0.029767 0.971147
0.029864 0.970900
0.029960 0.970900
0.030056 0.970900
0.030152 0.970900
0.030249 0.970900
0.030345 0.970900
0.030441 0.970900
0.030538 0.970900
0.030634 0.970900
0.030730 0.970654
0.030826 0.970654
0.030923 0.970654
0.031019 0.970407
0.031115 0.970407
0.031212 0.970160
0.031308 0.970160
0.031404 0.970160
0.031500 0.970160
0.031597 0.970160
0.031693 0.970160
0.031789 0.969914
0.031886 0.969667
0.031982 0.969667
0.032078 0.969667
0.032174 0.969420
0.032271 0.969420
0.032367 0.969420
0.032463 0.969420
0.032559 0.969420
0.032656 0.969174
0.032752 0.969174
0.032848 0.969174
0.032945 0.969174
0.033041 0.969174
0.033137 0.968681
0.033233 0.968681
0.033330 0.968434
0.033426 0.968187
0.033522 0.968187
0.033619 0.967941
0.033715 0.967941
0.033811 0.967941
0.033907 0.967941
0.034004 0.967694
0.034100 0.967201
0.034196 0.966954
0.034292 0.966708
0.034389 0.966461
0.034485 0.966461
0.034581 0.966215
0.034678 0.966215
0.034774 0.966215
0.034870 0.965968
0.034966 0.965721
0.035063 0.965721
0.035159 0.965721
0.035255 0.965475
0.035352 0.965475
0.035448 0.965475
0.035544 0.965475
0.035640 0.965228
0.035737 0.965228
0.035833 0.965228
0.035929 0.965228
0.036026 0.965228
0.036122 0.964982
0.036218 0.964982
0.036314 0.964982
0.036411 0.964982
0.036507 0.964982
0.036603 0.964735
0.036699 0.964488
0.036796 0.964488
0.036892 0.964242
0.036988 0.964242
0.037085 0.964242
0.037181 0.963995
0.037277 0.963995
0.037373 0.963748
0.037470 0.963748
0.037566 0.963502
0.037662 0.963009
0.037759 0.963009
0.037855 0.963009
0.037951 0.962762
0.038047 0.962762
0.038144 0.962762
0.038240 0.962762
0.038336 0.962762
0.038433 0.962515
0.038529 0.962515
0.038625 0.962515
0.038721 0.962515
0.038818 0.962269
0.038914 0.962269
0.039010 0.962269
0.039106 0.962269
0.039203 0.962269
0.039299 0.962022
0.039395 0.962022
0.039492 0.962022
0.039588 0.961776
0.039684 0.961776
0.039780 0.961529
0.039877 0.961529
0.039973 0.961529
0.040069 0.961282
0.040166 0.961282
0.040262 0.961282
0.040358 0.961282
0.040454 0.961282
0.040551 0.961282
0.040647 0.961282
0.040743 0.961282
0.040840 0.961036
0.040936 0.961036
0.041032 0.961036
0.041128 0.961036
0.041225 0.961036
0.041321 0.961036
0.041417 0.961036
0.041513 0.961036
0.041610 0.961036
0.041706 0.961036
0.041802 0.961036
0.041899 0.961036
0.041995 0.960789
0.042091 0.960789
0.042187 0.960296
0.042284 0.960296
0.042380 0.960049
0.042476 0.960049
0.042573 0.959803
0.042669 0.959803
0.042765 0.959803
0.042861 0.959803
0.042958 0.959803
0.043054 0.959803
0.043150 0.959803
0.043247 0.959556
0.043343 0.959309
0.043439 0.959309
0.043535 0.959063
0.043632 0.958570
0.043728 0.958570
0.043824 0.958323
0.043920 0.958323
0.044017 0.958323
0.044113 0.958323
0.044209 0.958323
0.044306 0.957830
0.044402 0.957830
0.044498 0.957583
0.044594 0.957583
0.044691 0.957337
0.044787 0.957090
0.044883 0.957090
0.044980 0.957090
0.045076 0.956843
0.045172 0.956843
0.045268 0.956597
0.045365 0.956350
0.045461 0.956104
0.045557 0.955857
0.045654 0.955610
0.045750 0.955117
0.045846 0.955117
0.045942 0.955117
0.046039 0.955117
0.046135 0.955117
0.046231 0.954871
0.046327 0.954131
0.046424 0.953884
0.046520 0.953391
0.046616 0.953391
0.046713 0.953391
0.046809 0.953391
0.046905 0.953391
0.047001 0.953391
0.047098 0.953391
0.047194 0.952404
0.047290 0.952404
0.047387 0.952404
0.047483 0.952158
0.047579 0.951911
0.047675 0.951911
0.047772 0.951911
0.047868 0.951911
0.047964 0.951171
0.048060 0.950925
0.048157 0.950925
0.048253 0.950678
0.048349 0.950678
0.048446 0.950432
0.048542 0.950432
0.048638 0.950432
0.048734 0.950432
0.048831 0.950432
0.048927 0.950185
0.049023 0.950185
0.049120 0.950185
0.049216 0.950185
0.049312 0.950185
0.049408 0.950185
0.049505 0.950185
0.049601 0.950185
0.049697 0.950185
0.049794 0.950185
0.049890 0.950185
0.049986 0.950185
0.050082 0.950185
0.050179 0.949692
0.050275 0.949692
0.050371 0.949692
0.050467 0.949445
0.050564 0.949445
0.050660 0.949445
0.050756 0.949199
0.050853 0.949199
0.050949 0.949199
0.051045 0.948705
0.051141 0.947719
0.051238 0.947226
0.051334 0.946979
0.051430 0.946732
0.051527 0.946732
0.051623 0.946239
0.051719 0.946239
0.051815 0.945993
0.051912 0.945993
0.052008 0.945993
0.052104 0.945993
0.052201 0.945746
0.052297 0.945499
0.052393 0.945499
0.052489 0.945006
0.052586 0.944760
0.052682 0.944760
0.052778 0.944513
0.052874 0.944266
0.052971 0.944266
0.053067 0.944266
0.053163 0.944266
0.053260 0.944266
0.053356 0.944266
0.053452 0.944020
0.053548 0.944020
0.053645 0.944020
0.053741 0.944020
0.053837 0.944020
0.053934 0.943773
0.054030 0.943527
0.054126 0.943527
0.054222 0.943280
0.054319 0.943280
0.054415 0.943033
0.054511 0.942787
0.054608 0.942540
0.054704 0.942540
0.054800 0.942540
0.054896 0.942540
0.054993 0.942540
0.055089 0.942540
0.055185 0.942047
0.055281 0.941554
0.055378 0.941060
0.055474 0.941060
0.055570 0.940814
0.055667 0.940814
0.055763 0.940814
0.055859 0.940567
0.055955 0.940074
0.056052 0.939581
0.056148 0.939088
0.056244 0.938594
0.056341 0.938594
0.056437 0.938594
0.056533 0.938594
0.056629 0.938594
0.056726 0.938348
0.056822 0.937855
0.056918 0.937608
0.057015 0.937608
0.057111 0.937608
0.057207 0.937361
0.057303 0.937361
0.057400 0.937115
0.057496 0.936375
0.057592 0.936128
0.057688 0.936128
0.057785 0.936128
0.057881 0.935882
0.057977 0.935635
0.058074 0.935388
0.058170 0.935142
0.058266 0.935142
0.058362 0.935142
0.058459 0.935142
0.058555 0.934895
0.058651 0.934895
0.058748 0.934649
0.058844 0.934649
0.058940 0.934402
0.059036 0.934155
0.059133 0.934155
0.059229 0.934155
0.059325 0.933909
0.059422 0.933662
0.059518 0.933662
0.059614 0.933416
0.059710 0.933416
0.059807 0.933169
0.059903 0.933169
0.059999 0.933169
0.060095 0.932922
0.060192 0.932429
0.060288 0.932429
0.060384 0.932182
0.060481 0.932182
0.060577 0.931443
0.060673 0.930703
0.060769 0.930456
0.060866 0.930456
0.060962 0.930210
0.061058 0.929963
0.061155 0.929963
0.061251 0.929963
0.061347 0.929716
0.061443 0.929470
0.061540 0.928483
0.061636 0.928483
0.061732 0.928237
0.061828 0.928237
0.061925 0.927990
0.062021 0.927744
0.062117 0.927497
0.062214 0.927497
0.062310 0.927250
0.062406 0.927250
0.062502 0.927250
0.062599 0.926757
0.062695 0.926757
0.062791 0.926264
0.062888 0.926264
0.062984 0.926017
0.063080 0.925771
0.063176 0.925771
0.063273 0.925771
0.063369 0.925771
0.063465 0.925524
0.063562 0.925524
0.063658 0.924784
0.063754 0.924538
0.063850 0.924044
0.063947 0.923551
0.064043 0.922811
0.064139 0.922318
0.064235 0.922318
0.064332 0.922318
0.064428 0.921825
0.064524 0.921825
0.064621 0.921825
0.064717 0.921825
0.064813 0.921825
0.064909 0.921825
0.065006 0.921825
0.065102 0.921825
0.065198 0.921332
0.065295 0.921332
0.065391 0.921085
0.065487 0.921085
0.065583 0.921085
0.065680 0.920838
0.065776 0.920592
0.065872 0.920345
0.065969 0.920099
0.066065 0.919359
0.066161 0.919359
0.066257 0.919359
0.066354 0.918126
0.066450 0.917633
0.066546 0.917386
0.066642 0.917386
0.066739 0.917139
0.066835 0.916646
0.066931 0.916153
0.067028 0.915660
0.067124 0.915413
0.067220 0.915413
0.067316 0.915166
0.067413 0.914673
0.067509 0.914427
0.067605 0.914427
0.067702 0.914180
0.067798 0.913933
0.067894 0.913687
0.067990 0.913440
0.068087 0.913194
0.068183 0.912700
0.068279 0.912700
0.068376 0.912700
0.068472 0.912454
0.068568 0.912454
0.068664 0.912207
0.068761 0.912207
0.068857 0.912207
0.068953 0.911961
0.069049 0.911714
0.069146 0.911714
0.069242 0.911714
0.069338 0.910974
0.069435 0.910234
0.069531 0.910234
0.069627 0.910234
0.069723 0.909494
0.069820 0.909494
0.069916 0.909494
0.070012 0.909494
0.070109 0.909001
0.070205 0.908755
0.070301 0.908755
0.070397 0.908261
0.070494 0.907768
0.070590 0.907275
0.070686 0.906782
0.070783 0.906535
0.070879 0.905795
0.070975 0.905302
0.071071 0.904809
0.071168 0.904809
0.071264 0.904069
0.071360 0.903576
0.071456 0.903083
0.071553 0.903083
0.071649 0.902836
0.071745 0.902589
0.071842 0.902343
0.071938 0.902343
0.072034 0.902343
0.072130 0.902096
0.072227 0.901356
0.072323 0.900370
0.072419 0.900123
0.072516 0.899877
0.072612 0.899630
0.072708 0.899630
0.072804 0.899383
0.072901 0.899383
0.072997 0.899137
0.073093 0.899137
0.073190 0.898890
0.073286 0.898890
0.073382 0.898644
0.073478 0.898644
0.073575 0.898150
0.073671 0.897904
0.073767 0.897904
0.073863 0.897904
0.073960 0.897904
0.074056 0.897657
0.074152 0.897164
0.074249 0.897164
0.074345 0.896671
0.074441 0.896178
0.074537 0.895684
0.074634 0.895684
0.074730 0.895684
0.074826 0.895438
0.074923 0.895191
0.075019 0.893958
0.075115 0.893958
0.075211 0.893958
0.075308 0.893218
0.075404 0.893218
0.075500 0.892972
0.075596 0.892725
0.075693 0.891739
0.075789 0.891739
0.075885 0.891739
0.075982 0.891492
0.076078 0.890999
0.076174 0.890999
0.076270 0.890506
0.076367 0.890506
0.076463 0.890259
0.076559 0.889766
0.076656 0.889519
0.076752 0.889519
0.076848 0.889519
0.076944 0.888779
0.077041 0.888039
0.077137 0.887793
0.077233 0.887053
0.077330 0.886560
0.077426 0.886313
0.077522 0.886313
0.077618 0.885573
0.077715 0.885080
0.077811 0.884834
0.077907 0.884587
0.078003 0.884094
0.078100 0.884094
0.078196 0.883847
0.078292 0.883600
0.078389 0.882861
0.078485 0.882614
0.078581 0.881874
0.078677 0.881874
0.078774 0.881381
0.078870 0.881134
0.078966 0.880888
0.079063 0.880888
0.079159 0.880641
0.079255 0.880148
0.079351 0.880148
0.079448 0.879655
0.079544 0.879408
0.079640 0.879162
0.079737 0.879162
0.079833 0.878915
0.079929 0.878915
0.080025 0.878915
0.080122 0.878915
0.080218 0.878915
0.080314 0.878668
0.080410 0.878668
0.080507 0.878175
0.080603 0.878175
0.080699 0.877928
0.080796 0.877928
0.080892 0.877435
0.080988 0.876695
0.081084 0.876202
0.081181 0.875709
0.081277 0.875709
0.081373 0.875216
0.081470 0.874723
0.081566 0.873983
0.081662 0.873490
0.081758 0.873490
0.081855 0.872996
0.081951 0.872750
0.082047 0.872010
0.082144 0.872010
0.082240 0.871270
0.082336 0.871270
0.082432 0.871270
0.082529 0.871270
0.082625 0.870777
0.082721 0.870284
0.082817 0.870284
0.082914 0.869790
0.083010 0.869051
0.083106 0.868557
0.083203 0.868557
0.083299 0.867818
0.083395 0.867324
0.083491 0.867078
0.083588 0.866091
0.083684 0.865845
0.083780 0.865845
0.083877 0.865351
0.083973 0.865105
0.084069 0.864858
0.084165 0.864118
0.084262 0.863132
0.084358 0.862885
0.084454 0.862392
0.084551 0.861899
0.084647 0.860912
0.084743 0.860912
0.084839 0.860419
0.084936 0.860173
0.085032 0.859679
0.085128 0.859679
0.085224 0.859679
0.085321 0.859679
0.085417 0.858940
0.085513 0.858200
0.085610 0.857707
0.085706 0.857460
0.085802 0.857213
0.085898 0.856967
0.085995 0.856473
0.086091 0.855487
0.086187 0.854501
0.086284 0.854501
0.086380 0.854501
0.086476 0.854254
0.086572 0.854254
0.086669 0.853514
0.086765 0.853268
0.086861 0.852281
0.086958 0.852281
0.087054 0.851541
0.087150 0.851541
0.087246 0.851048
0.087343 0.850555
0.087439 0.850308
0.087535 0.850062
0.087631 0.849815
0.087728 0.849815
0.087824 0.849568
0.087920 0.848829
0.088017 0.848582
0.088113 0.848582
0.088209 0.848335
0.088305 0.848089
0.088402 0.847102
0.088498 0.846116
0.088594 0.845869
0.088691 0.844883
0.088787 0.843896
0.088883 0.843896
0.088979 0.843896
0.089076 0.843650
0.089172 0.843650
0.089268 0.843157
0.089364 0.842910
0.089461 0.842417
0.089557 0.842417
0.089653 0.842170
0.089750 0.842170
0.089846 0.842170
0.089942 0.841430
0.090038 0.841184
0.090135 0.841184
0.090231 0.840197
0.090327 0.839704
0.090424 0.839704
0.090520 0.839704
0.090616 0.839704
0.090712 0.839457
0.090809 0.838964
0.090905 0.838224
0.091001 0.837978
0.091098 0.837485
0.091194 0.836745
0.091290 0.836498
0.091386 0.836252
0.091483 0.836252
0.091579 0.835512
0.091675 0.835265
0.091771 0.835018
0.091868 0.835018
0.091964 0.835018
0.092060 0.834772
0.092157 0.834279
0.092253 0.834032
0.092349 0.833046
0.092445 0.833046
0.092542 0.832306
0.092638 0.832059
0.092734 0.831566
0.092831 0.831319
0.092927 0.831073
0.093023 0.830826
0.093119 0.830826
0.093216 0.830826
0.093312 0.830333
0.093408 0.830086
0.093505 0.830086
0.093601 0.830086
0.093697 0.830086
0.093793 0.829840
0.093890 0.829346
0.093986 0.829100
0.094082 0.828853
0.094178 0.828853
0.094275 0.828360
0.094371 0.828113
0.094467 0.827620
0.094564 0.827374
0.094660 0.827127
0.094756 0.826634
0.094852 0.826634
0.094949 0.826141
0.095045 0.825894
0.095141 0.825647
0.095238 0.825401
0.095334 0.824661
0.095430 0.824661
0.095526 0.823921
0.095623 0.823674
0.095719 0.823674
0.095815 0.822935
0.095912 0.822935
0.096008 0.822688
0.096104 0.822441
0.096200 0.821948
0.096297 0.821702
0.096393 0.821702
0.096489 0.821455
0.096585 0.820469
0.096682 0.819482
0.096778 0.819482
0.096874 0.819482
0.096971 0.818989
0.097067 0.818989
0.097163 0.818989
0.097259 0.818249
0.097356 0.818002
0.097452 0.818002
0.097548 0.818002
0.097645 0.818002
0.097741 0.817509
0.097837 0.817016
0.097933 0.816769
0.098030 0.816769
0.098126 0.816523
0.098222 0.816523
0.098319 0.816276
0.098415 0.816030
0.098511 0.815043
0.098607 0.814550
0.098704 0.814303
0.098800 0.814303
0.098896 0.813810
0.098992 0.813317
0.099089 0.813317
0.099185 0.812824
0.099281 0.812824
0.099378 0.812330
0.099474 0.811837
0.099570 0.811591
0.099666 0.811344
0.099763 0.811344
0.099859 0.810851
0.099955 0.810851
0.100052 0.810851
0.100148 0.810358
0.100244 0.810358
0.100340 0.810358
0.100437 0.810358
0.100533 0.809864
0.100629 0.809864
0.100726 0.809864
0.100822 0.809864
0.100918 0.809371
0.101014 0.809371
0.101111 0.808631
0.101207 0.807891
0.101303 0.807891
0.101399 0.807645
0.101496 0.807645
0.101592 0.807645
0.101688 0.807645
0.101785 0.807152
0.101881 0.807152
0.101977 0.806658
0.102073 0.806412
0.102170 0.806412
0.102266 0.805919
0.102362 0.805672
0.102459 0.805179
0.102555 0.804686
0.102651 0.804192
0.102747 0.804192
0.102844 0.804192
0.102940 0.803699
0.103036 0.803206
0.103132 0.801726
0.103229 0.800986
0.103325 0.800493
0.103421 0.800247
0.103518 0.799753
0.103614 0.799507
0.103710 0.799507
0.103806 0.799260
0.103903 0.798767
0.103999 0.798027
0.104095 0.797781
0.104192 0.797534
0.104288 0.797534
0.104384 0.797534
0.104480 0.797534
0.104577 0.796794
0.104673 0.796547
0.104769 0.796301
0.104866 0.796054
0.104962 0.795808
0.105058 0.795314
0.105154 0.795314
0.105251 0.795314
0.105347 0.795314
0.105443 0.795068
0.105539 0.794328
0.105636 0.794081
0.105732 0.793835
0.105828 0.793095
0.105925 0.792848
0.106021 0.792355
0.106117 0.792109
0.106213 0.792109
0.106310 0.791122
0.106406 0.790629
0.106502 0.789889
0.106599 0.789889
0.106695 0.788903
0.106791 0.788656
0.106887 0.788656
0.106984 0.788409
0.107080 0.788163
0.107176 0.788163
0.107273 0.787670
0.107369 0.787670
0.107465 0.787423
0.107561 0.786683
0.107658 0.785943
0.107754 0.785943
0.107850 0.785203
0.107946 0.785203
0.108043 0.785203
0.108139 0.784464
0.108235 0.784217
0.108332 0.784217
0.108428 0.783970
0.108524 0.783724
0.108620 0.783231
0.108717 0.783231
0.108813 0.783231
0.108909 0.783231
0.109006 0.782737
0.109102 0.782491
0.109198 0.781751
0.109294 0.781751
0.109391 0.781258
0.109487 0.780518
0.109583 0.780518
0.109680 0.780271
0.109776 0.780271
0.109872 0.780271
0.109968 0.779531
0.110065 0.779285
0.110161 0.779038
0.110257 0.779038
0.110353 0.779038
0.110450 0.778298
0.110546 0.778052
0.110642 0.776819
0.110739 0.776572
0.110835 0.776326
0.110931 0.776079
0.111027 0.775832
0.111124 0.775092
0.111220 0.774599
0.111316 0.774353
0.111413 0.774106
0.111509 0.773859
0.111605 0.773120
0.111701 0.772873
0.111798 0.772626
0.111894 0.772133
0.111990 0.772133
0.112087 0.772133
0.112183 0.771887
0.112279 0.771887
0.112375 0.771640
0.112472 0.770654
0.112568 0.770160
0.112664 0.769667
0.112760 0.769667
0.112857 0.769174
0.112953 0.769174
0.113049 0.769174
0.113146 0.768681
0.113242 0.768434
0.113338 0.768187
0.113434 0.767694
0.113531 0.767694
0.113627 0.767448
0.113723 0.767448
0.113820 0.767448
0.113916 0.766954
0.114012 0.766708
0.114108 0.766461
0.114205 0.766461
0.114301 0.765475
0.114397 0.764982
0.114494 0.764735
0.114590 0.764735
0.114686 0.764735
0.114782 0.764735
0.114879 0.764488
0.114975 0.764242
0.115071 0.763502
0.115167 0.763009
0.115264 0.762762
0.115360 0.761776
0.115456 0.761776
0.115553 0.761776
0.115649 0.761529
0.115745 0.761282
0.115841 0.761036
0.115938 0.760789
0.116034 0.760543
0.116130 0.760543
0.116227 0.760543
0.116323 0.760049
0.116419 0.759803
0.116515 0.759556
0.116612 0.759309
0.116708 0.758816
0.116804 0.758570
0.116900 0.758323
0.116997 0.757090
0.117093 0.756843
0.117189 0.756843
0.117286 0.756350
0.117382 0.755610
0.117478 0.754871
0.117574 0.754624
0.117671 0.754377
0.117767 0.753884
0.117863 0.753391
0.117960 0.753391
0.118056 0.753391
0.118152 0.752898
0.118248 0.752898
0.118345 0.752404
0.118441 0.751665
0.118537 0.751665
0.118634 0.751665
0.118730 0.751665
0.118826 0.750925
0.118922 0.750432
0.119019 0.750432
0.119115 0.749938
0.119211 0.749445
0.119307 0.749199
0.119404 0.748952
0.119500 0.748705
0.119596 0.748212
0.119693 0.748212
0.119789 0.747965
0.119885 0.747965
0.119981 0.747472
0.120078 0.746979
0.120174 0.746732
0.120270 0.746732
0.120367 0.746486
0.120463 0.746239
0.120559 0.745499
0.120655 0.745253
0.120752 0.745006
0.120848 0.744513
0.120944 0.744020
0.121041 0.743527
0.121137 0.742787
0.121233 0.742293
0.121329 0.742047
0.121426 0.741800
0.121522 0.741554
0.121618 0.741307
0.121714 0.741060
0.121811 0.741060
0.121907 0.740567
0.122003 0.740321
0.122100 0.740074
0.122196 0.739581
0.122292 0.738841
0.122388 0.738841
0.122485 0.737608
0.122581 0.736621
0.122677 0.736375
0.122774 0.736375
0.122870 0.736375
0.122966 0.735635
0.123062 0.735388
0.123159 0.735142
0.123255 0.734895
0.123351 0.734649
0.123448 0.734649
0.123544 0.733909
0.123640 0.733169
0.123736 0.732922
0.123833 0.732922
0.123929 0.732922
0.124025 0.732429
0.124121 0.732429
0.124218 0.732429
0.124314 0.731689
0.124410 0.731443
0.124507 0.731196
0.124603 0.730949
0.124699 0.730703
0.124795 0.730456
0.124892 0.729716
0.124988 0.729716
0.125084 0.729470
0.125181 0.729223
0.125277 0.728730
0.125373 0.728730
0.125469 0.728730
0.125566 0.728483
0.125662 0.727497
0.125758 0.727004
0.125855 0.727004
0.125951 0.726757
0.126047 0.726510
0.126143 0.725524
0.126240 0.725031
0.126336 0.724784
0.126432 0.724538
0.126528 0.724538
0.126625 0.724291
0.126721 0.724044
0.126817 0.723305
0.126914 0.722565
0.127010 0.722565
0.127106 0.721825
0.127202 0.721825
0.127299 0.721825
0.127395 0.721332
0.127491 0.720838
0.127588 0.720345
0.127684 0.720099
0.127780 0.719605
0.127876 0.719359
0.127973 0.719112
0.128069 0.718866
0.128165 0.717879
0.128262 0.717386
0.128358 0.717386
0.128454 0.717386
0.128550 0.716646
0.128647 0.716400
0.128743 0.715906
0.128839 0.715660
0.128935 0.715660
0.129032 0.715660
0.129128 0.715413
0.129224 0.715166
0.129321 0.715166
0.129417 0.714920
0.129513 0.714673
0.129609 0.713440
0.129706 0.713194
0.129802 0.712700
0.129898 0.712207
0.129995 0.711467
0.130091 0.711467
0.130187 0.711221
0.130283 0.711221
0.130380 0.710974
0.130476 0.710727
0.130572 0.710481
0.130668 0.710481
0.130765 0.710234
0.130861 0.709988
0.130957 0.709741
0.131054 0.709741
0.131150 0.709494
0.131246 0.709494
0.131342 0.709248
0.131439 0.709248
0.131535 0.709001
0.131631 0.709001
0.131728 0.709001
0.131824 0.708755
0.131920 0.708261
0.132016 0.707522
0.132113 0.707028
0.132209 0.706535
0.132305 0.705795
0.132402 0.705795
0.132498 0.705549
0.132594 0.705302
0.132690 0.705302
0.132787 0.704809
0.132883 0.704809
0.132979 0.704809
0.133075 0.704562
0.133172 0.704069
0.133268 0.703822
0.133364 0.703083
0.133461 0.702343
0.133557 0.701850
0.133653 0.701603
0.133749 0.701110
0.133846 0.700863
0.133942 0.700617
0.134038 0.700617
0.134135 0.700617
0.134231 0.700123
0.134327 0.700123
0.134423 0.699877
0.134520 0.699383
0.134616 0.699383
0.134712 0.699383
0.134809 0.699383
0.134905 0.699383
0.135001 0.699383
0.135097 0.699383
0.135194 0.698890
0.135290 0.698890
0.135386 0.698397
0.135482 0.698397
0.135579 0.698150
0.135675 0.697904
0.135771 0.697411
0.135868 0.697164
0.135964 0.697164
0.136060 0.696917
0.136156 0.696424
0.136253 0.695931
0.136349 0.695931
0.136445 0.695684
0.136542 0.695438
0.136638 0.695191
0.136734 0.694945
0.136830 0.694945
0.136927 0.694451
0.137023 0.694451
0.137119 0.694451
0.137216 0.694205
0.137312 0.693465
0.137408 0.693218
0.137504 0.692972
0.137601 0.692972
0.137697 0.692478
0.137793 0.692478
0.137889 0.692232
0.137986 0.692232
0.138082 0.691739
0.138178 0.691739
0.138275 0.691739
0.138371 0.690999
0.138467 0.690999
0.138563 0.690506
0.138660 0.690259
0.138756 0.690259
0.138852 0.690012
0.138949 0.690012
0.139045 0.689766
0.139141 0.689273
0.139237 0.688779
0.139334 0.688286
0.139430 0.688039
0.139526 0.687793
0.139623 0.687793
0.139719 0.687300
0.139815 0.686806
0.139911 0.686560
0.140008 0.686067
0.140104 0.686067
0.140200 0.685080
0.140296 0.684834
0.140393 0.684094
0.140489 0.683600
0.140585 0.683107
0.140682 0.683107
0.140778 0.682861
0.140874 0.682861
0.140970 0.682861
0.141067 0.682367
0.141163 0.682121
0.141259 0.681874
0.141356 0.681628
0.141452 0.681628
0.141548 0.681381
0.141644 0.680888
0.141741 0.680148
0.141837 0.679901
0.141933 0.679901
0.142030 0.679901
0.142126 0.679655
0.142222 0.679162
0.142318 0.678668
0.142415 0.678422
0.142511 0.678175
0.142607 0.678175
0.142703 0.677682
0.142800 0.677435
0.142896 0.677435
0.142992 0.677189
0.143089 0.676942
0.143185 0.676449
0.143281 0.676449
0.143377 0.675709
0.143474 0.675709
0.143570 0.674969
0.143666 0.674723
0.143763 0.674723
0.143859 0.674476
0.143955 0.674476
0.144051 0.674476
0.144148 0.674476
0.144244 0.673490
0.144340 0.673490
0.144436 0.673490
0.144533 0.673243
0.144629 0.673243
0.144725 0.672996
0.144822 0.672996
0.144918 0.672996
0.145014 0.672750
0.145110 0.671763
0.145207 0.671517
0.145303 0.671270
0.145399 0.671023
0.145496 0.670777
0.145592 0.670037
0.145688 0.669790
0.145784 0.669544
0.145881 0.669544
0.145977 0.668804
0.146073 0.668064
0.146170 0.668064
0.146266 0.668064
0.146362 0.668064
0.146458 0.668064
0.146555 0.667078
0.146651 0.666831
0.146747 0.666831
0.146843 0.666584
0.146940 0.666338
0.147036 0.666091
0.147132 0.665845
0.147229 0.665351
0.147325 0.664858
0.147421 0.664365
0.147517 0.664118
0.147614 0.663872
0.147710 0.663132
0.147806 0.662639
0.147903 0.662145
0.147999 0.661159
0.148095 0.660666
0.148191 0.660419
0.148288 0.660419
0.148384 0.660173
0.148480 0.660173
0.148577 0.659926
0.148673 0.659679
0.148769 0.659679
0.148865 0.659679
0.148962 0.659679
0.149058 0.659186
0.149154 0.659186
0.149250 0.658446
0.149347 0.658200
0.149443 0.658200
0.149539 0.657707
0.149636 0.657460
0.149732 0.657460
0.149828 0.657460
0.149924 0.657460
0.150021 0.657213
0.150117 0.657213
0.150213 0.656967
0.150310 0.656967
0.150406 0.656720
0.150502 0.656473
0.150598 0.656473
0.150695 0.655734
0.150791 0.655487
0.150887 0.655487
0.150984 0.655240
0.151080 0.654994
0.151176 0.654994
0.151272 0.654994
0.151369 0.654747
0.151465 0.654254
0.151561 0.654007
0.151657 0.653761
0.151754 0.653514
0.151850 0.653268
0.151946 0.653021
0.152043 0.653021
0.152139 0.653021
0.152235 0.652281
0.152331 0.651541
0.152428 0.651295
0.152524 0.650801
0.152620 0.650801
0.152717 0.650555
0.152813 0.650308
0.152909 0.650308
0.153005 0.650062
0.153102 0.649322
0.153198 0.649322
0.153294 0.649075
0.153391 0.648582
0.153487 0.647842
0.153583 0.647596
0.153679 0.647102
0.153776 0.647102
0.153872 0.646856
0.153968 0.646856
0.154064 0.646116
0.154161 0.645869
0.154257 0.645623
0.154353 0.645376
0.154450 0.644636
0.154546 0.644636
0.154642 0.644636
0.154738 0.644390
0.154835 0.644143
0.154931 0.643896
0.155027 0.643650
0.155124 0.643650
0.155220 0.643403
0.155316 0.643157
0.155412 0.642910
0.155509 0.642663
0.155605 0.642417
0.155701 0.642170
0.155798 0.642170
0.155894 0.642170
0.155990 0.642170
0.156086 0.641924
0.156183 0.641430
0.156279 0.641184
0.156375 0.640691
0.156471 0.639951
0.156568 0.639951
0.156664 0.639704
0.156760 0.638964
0.156857 0.638224
0.156953 0.637485
0.157049 0.637485
0.157145 0.636745
0.157242 0.636252
0.157338 0.636252
0.157434 0.636005
0.157531 0.635758
0.157627 0.635512
0.157723 0.635512
0.157819 0.635512
0.157916 0.634772
0.158012 0.634772
0.158108 0.634032
0.158204 0.633785
0.158301 0.633292
0.158397 0.633046
0.158493 0.632799
0.158590 0.632059
0.158686 0.631813
0.158782 0.631566
0.158878 0.631319
0.158975 0.631073
0.159071 0.631073
0.159167 0.630826
0.159264 0.629840
0.159360 0.629346
0.159456 0.629346
0.159552 0.629346
0.159649 0.628607
0.159745 0.628607
0.159841 0.628360
0.159938 0.628360
0.160034 0.627867
0.160130 0.627620
0.160226 0.627374
0.160323 0.627127
0.160419 0.626880
0.160515 0.626387
0.160611 0.625647
0.160708 0.625647
0.160804 0.625401
0.160900 0.624661
0.160997 0.624168
0.161093 0.623921
0.161189 0.623921
0.161285 0.623674
0.161382 0.623674
0.161478 0.623674
0.161574 0.623181
0.161671 0.622688
0.161767 0.622688
0.161863 0.621948
0.161959 0.621702
0.162056 0.621208
0.162152 0.620962
0.162248 0.620469
0.162345 0.620222
0.162441 0.619975
0.162537 0.619729
0.162633 0.619482
0.162730 0.618496
0.162826 0.618249
0.162922 0.617756
0.163018 0.617016
0.163115 0.616769
0.163211 0.616769
0.163307 0.616523
0.163404 0.616523
0.163500 0.616276
0.163596 0.616276
0.163692 0.615783
0.163789 0.615290
0.163885 0.615043
0.163981 0.615043
0.164078 0.615043
0.164174 0.614550
0.164270 0.614550
0.164366 0.614057
0.164463 0.614057
0.164559 0.613317
0.164655 0.613070
0.164752 0.612577
0.164848 0.612084
0.164944 0.612084
0.165040 0.612084
0.165137 0.611837
0.165233 0.611591
0.165329 0.611344
0.165425 0.610111
0.165522 0.609864
0.165618 0.609125
0.165714 0.609125
0.165811 0.609125
0.165907 0.608631
0.166003 0.608385
0.166099 0.607891
0.166196 0.607891
0.166292 0.606658
0.166388 0.606412
0.166485 0.606412
0.166581 0.606412
0.166677 0.605919
0.166773 0.605672
0.166870 0.605672
0.166966 0.604686
0.167062 0.604192
0.167159 0.603699
0.167255 0.603699
0.167351 0.602713
0.167447 0.602713
0.167544 0.602466
0.167640 0.602466
0.167736 0.601973
0.167832 0.601726
0.167929 0.601480
0.168025 0.600986
0.168121 0.600986
0.168218 0.600247
0.168314 0.600000
0.168410 0.599753
0.168506 0.599260
0.168603 0.599014
0.168699 0.598027
0.168795 0.598027
0.168892 0.598027
0.168988 0.597287
0.169084 0.597287
0.169180 0.597041
0.169277 0.596547
0.169373 0.596547
0.169469 0.596301
0.169566 0.596301
0.169662 0.596054
0.169758 0.596054
0.169854 0.595808
0.169951 0.594821
0.170047 0.594821
0.170143 0.594821
0.170239 0.594081
0.170336 0.593835
0.170432 0.593835
0.170528 0.593835
0.170625 0.593588
0.170721 0.593342
0.170817 0.592848
0.170913 0.592602
0.171010 0.591862
0.171106 0.590875
0.171202 0.590629
0.171299 0.590629
0.171395 0.590382
0.171491 0.589889
0.171587 0.589889
0.171684 0.589642
0.171780 0.589396
0.171876 0.589396
0.171972 0.588903
0.172069 0.588656
0.172165 0.588409
0.172261 0.588163
0.172358 0.587916
0.172454 0.587670
0.172550 0.587670
0.172646 0.587423
0.172743 0.586930
0.172839 0.586930
0.172935 0.586436
0.173032 0.586436
0.173128 0.586436
0.173224 0.586190
0.173320 0.585943
0.173417 0.585697
0.173513 0.585697
0.173609 0.585697
0.173706 0.585450
0.173802 0.585203
0.173898 0.584710
0.173994 0.584464
0.174091 0.584217
0.174187 0.584217
0.174283 0.583724
0.174379 0.583477
0.174476 0.583477
0.174572 0.583231
0.174668 0.582984
0.174765 0.582984
0.174861 0.582737
0.174957 0.582737
0.175053 0.582737
0.175150 0.582491
0.175246 0.581998
0.175342 0.581998
0.175439 0.581258
0.175535 0.581011
0.175631 0.580271
0.175727 0.580025
0.175824 0.579285
0.175920 0.579038
0.176016 0.578545
0.176113 0.578545
0.176209 0.577559
0.176305 0.577559
0.176401 0.577065
0.176498 0.577065
0.176594 0.576326
0.176690 0.576079
0.176786 0.576079
0.176883 0.575832
0.176979 0.575832
0.177075 0.575832
0.177172 0.575832
0.177268 0.575832
0.177364 0.575586
0.177460 0.575586
0.177557 0.575339
0.177653 0.575092
0.177749 0.574846
0.177846 0.574353
0.177942 0.574106
0.178038 0.573859
0.178134 0.573613
0.178231 0.573366
0.178327 0.573366
0.178423 0.572873
0.178520 0.572626
0.178616 0.572626
0.178712 0.572626
0.178808 0.572626
0.178905 0.572380
0.179001 0.572133
0.179097 0.572133
0.179193 0.571640
0.179290 0.571147
0.179386 0.571147
0.179482 0.571147
0.179579 0.570900
0.179675 0.570900
0.179771 0.569914
0.179867 0.569667
0.179964 0.569174
0.180060 0.568927
0.180156 0.568681
0.180253 0.567694
0.180349 0.567694
0.180445 0.567694
0.180541 0.567694
0.180638 0.567448
0.180734 0.567448
0.180830 0.567201
0.180927 0.566708
0.181023 0.566461
0.181119 0.566461
0.181215 0.566215
0.181312 0.565721
0.181408 0.565228
0.181504 0.564735
0.181600 0.564735
0.181697 0.563995
0.181793 0.563502
0.181889 0.563255
0.181986 0.562762
0.182082 0.562515
0.182178 0.562269
0.182274 0.562269
0.182371 0.562269
0.182467 0.562022
0.182563 0.561776
0.182660 0.561282
0.182756 0.561036
0.182852 0.561036
0.182948 0.560789
0.183045 0.560296
0.183141 0.559803
0.183237 0.559803
0.183334 0.559063
0.183430 0.558570
0.183526 0.558323
0.183622 0.558076
0.183719 0.557830
0.183815 0.557583
0.183911 0.557583
0.184007 0.557337
0.184104 0.556843
0.184200 0.556843
0.184296 0.556843
0.184393 0.556843
0.184489 0.556597
0.184585 0.556597
0.184681 0.556350
0.184778 0.555610
0.184874 0.555610
0.184970 0.555610
0.185067 0.555117
0.185163 0.555117
0.185259 0.554624
0.185355 0.554624
0.185452 0.553391
0.185548 0.553391
0.185644 0.553144
0.185740 0.553144
0.185837 0.553144
0.185933 0.553144
0.186029 0.552898
0.186126 0.551911
0.186222 0.551665
0.186318 0.551665
0.186414 0.551418
0.186511 0.551171
0.186607 0.551171
0.186703 0.550925
0.186800 0.550925
0.186896 0.550678
0.186992 0.550185
0.187088 0.550185
0.187185 0.549938
0.187281 0.549938
0.187377 0.549692
0.187474 0.549692
0.187570 0.549445
0.187666 0.548705
0.187762 0.548705
0.187859 0.548705
0.187955 0.548705
0.188051 0.548459
0.188147 0.548212
0.188244 0.548212
0.188340 0.548212
0.188436 0.547965
0.188533 0.547965
0.188629 0.547719
0.188725 0.547719
0.188821 0.547226
0.188918 0.546732
0.189014 0.546486
0.189110 0.546486
0.189207 0.546486
0.189303 0.545746
0.189399 0.545499
0.189495 0.544513
0.189592 0.544266
0.189688 0.544266
0.189784 0.544020
0.189881 0.543527
0.189977 0.543280
0.190073 0.542787
0.190169 0.542540
0.190266 0.542047
0.190362 0.541800
0.190458 0.541800
0.190554 0.541554
0.190651 0.541554
0.190747 0.541554
0.190843 0.541060
0.190940 0.540567
0.191036 0.540321
0.191132 0.539827
0.191228 0.539827
0.191325 0.539581
0.191421 0.539581
0.191517 0.539581
0.191614 0.539334
0.191710 0.539334
0.191806 0.539334
0.191902 0.538841
0.191999 0.538594
0.192095 0.538101
0.192191 0.538101
0.192288 0.538101
0.192384 0.537608
0.192480 0.537115
0.192576 0.536868
0.192673 0.536375
0.192769 0.535635
0.192865 0.534895
0.192961 0.534649
0.193058 0.534155
0.193154 0.533909
0.193250 0.533909
0.193347 0.533909
0.193443 0.533416
0.193539 0.533169
0.193635 0.532922
0.193732 0.532676
0.193828 0.532676
0.193924 0.531443
0.194021 0.531443
0.194117 0.530949
0.194213 0.530703
0.194309 0.530456
0.194406 0.530456
0.194502 0.530210
0.194598 0.529716
0.194695 0.529223
0.194791 0.528977
0.194887 0.528977
0.194983 0.528730
0.195080 0.528483
0.195176 0.527744
0.195272 0.527744
0.195368 0.527744
0.195465 0.527497
0.195561 0.527497
0.195657 0.527250
0.195754 0.526757
0.195850 0.526510
0.195946 0.526264
0.196042 0.526264
0.196139 0.525524
0.196235 0.525277
0.196331 0.525277
0.196428 0.525277
0.196524 0.525031
0.196620 0.524784
0.196716 0.524538
0.196813 0.524291
0.196909 0.523305
0.197005 0.523305
0.197101 0.522565
0.197198 0.522565
0.197294 0.522565
0.197390 0.522565
0.197487 0.522318
0.197583 0.522072
0.197679 0.522072
0.197775 0.522072
0.197872 0.522072
0.197968 0.522072
0.198064 0.521332
0.198161 0.520345
0.198257 0.520099
0.198353 0.520099
0.198449 0.519852
0.198546 0.519852
0.198642 0.519852
0.198738 0.519852
0.198835 0.519605
0.198931 0.519112
0.199027 0.518866
0.199123 0.518619
0.199220 0.518372
0.199316 0.517879
0.199412 0.517386
0.199508 0.517386
0.199605 0.517139
0.199701 0.516646
0.199797 0.516400
0.199894 0.516400
0.199990 0.516400
0.200086 0.516153
0.200182 0.515660
0.200279 0.515413
0.200375 0.515413
0.200471 0.514920
0.200568 0.514920
0.200664 0.514920
0.200760 0.514920
0.200856 0.514920
0.200953 0.514920
0.201049 0.514920
0.201145 0.514920
0.201242 0.514673
0.201338 0.514180
0.201434 0.513933
0.201530 0.513687
0.201627 0.513440
0.201723 0.513194
0.201819 0.512947
0.201915 0.512700
0.202012 0.512700
0.202108 0.512700
0.202204 0.512700
0.202301 0.512700
0.202397 0.512454
0.202493 0.512207
0.202589 0.511467
0.202686 0.511221
0.202782 0.510974
0.202878 0.510727
0.202975 0.510727
0.203071 0.509988
0.203167 0.509988
0.203263 0.509988
0.203360 0.509988
0.203456 0.509741
0.203552 0.509494
0.203649 0.509248
0.203745 0.509001
0.203841 0.509001
0.203937 0.508755
0.204034 0.508508
0.204130 0.508508
0.204226 0.508261
0.204322 0.508015
0.204419 0.508015
0.204515 0.508015
0.204611 0.507768
0.204708 0.507522
0.204804 0.507275
0.204900 0.507275
0.204996 0.507028
0.205093 0.506782
0.205189 0.506289
0.205285 0.506289
0.205382 0.506289
0.205478 0.506289
0.205574 0.506042
0.205670 0.505795
0.205767 0.505795
0.205863 0.505795
0.205959 0.505795
0.206056 0.505795
0.206152 0.505795
0.206248 0.505795
0.206344 0.505549
0.206441 0.505549
0.206537 0.505549
0.206633 0.505302
0.206729 0.505302
0.206826 0.504809
0.206922 0.504809
0.207018 0.504316
0.207115 0.503822
0.207211 0.503329
0.207307 0.503329
0.207403 0.503329
0.207500 0.503329
0.207596 0.503083
0.207692 0.502589
0.207789 0.502589
0.207885 0.502343
0.207981 0.501603
0.208077 0.501603
0.208174 0.501110
0.208270 0.501110
0.208366 0.500370
0.208463 0.500370
0.208559 0.500370
0.208655 0.500123
0.208751 0.499877
0.208848 0.499877
0.208944 0.499877
0.209040 0.499877
0.209136 0.499630
0.209233 0.499383
0.209329 0.499137
0.209425 0.499137
0.209522 0.499137
0.209618 0.499137
0.209714 0.498890
0.209810 0.498890
0.209907 0.498890
0.210003 0.498890
0.210099 0.498644
0.210196 0.498644
0.210292 0.498644
0.210388 0.498644
0.210484 0.498397
0.210581 0.497904
0.210677 0.497164
0.210773 0.496917
0.210869 0.496671
0.210966 0.495931
0.211062 0.495931
0.211158 0.495684
0.211255 0.495438
0.211351 0.495438
0.211447 0.495191
0.211543 0.495191
0.211640 0.495191
0.211736 0.494698
0.211832 0.494698
0.211929 0.494698
0.212025 0.494451
0.212121 0.494451
0.212217 0.494205
0.212314 0.493711
0.212410 0.493465
0.212506 0.493465
0.212603 0.493218
0.212699 0.493218
0.212795 0.493218
0.212891 0.493218
0.212988 0.493218
0.213084 0.493218
0.213180 0.493218
0.213276 0.493218
0.213373 0.493218
0.213469 0.493218
0.213565 0.492725
0.213662 0.492725
0.213758 0.492725
0.213854 0.492725
0.213950 0.492478
0.214047 0.492478
0.214143 0.492232
0.214239 0.491985
0.214336 0.491985
0.214432 0.491985
0.214528 0.491985
0.214624 0.491739
0.214721 0.491492
0.214817 0.491492
0.214913 0.491492
0.215010 0.490999
0.215106 0.490752
0.215202 0.490752
0.215298 0.490506
0.215395 0.490259
0.215491 0.489766
0.215587 0.489766
0.215683 0.489519
0.215780 0.489026
0.215876 0.489026
0.215972 0.488533
0.216069 0.488286
0.216165 0.487546
0.216261 0.487300
0.216357 0.487053
0.216454 0.486806
0.216550 0.486806
0.216646 0.486806
0.216743 0.486313
0.216839 0.486313
0.216935 0.486313
0.217031 0.486313
0.217128 0.486067
0.217224 0.485820
0.217320 0.485820
0.217417 0.485573
0.217513 0.485573
0.217609 0.485327
0.217705 0.485080
0.217802 0.484834
0.217898 0.484587
0.217994 0.484587
0.218090 0.484094
0.218187 0.483847
0.218283 0.483847
0.218379 0.483847
0.218476 0.483600
0.218572 0.483600
0.218668 0.483600
0.218764 0.483354
0.218861 0.483354
0.218957 0.483354
0.219053 0.483107
0.219150 0.483107
0.219246 0.483107
0.219342 0.482861
0.219438 0.482861
0.219535 0.482614
0.219631 0.482367
0.219727 0.482121
0.219824 0.481628
0.219920 0.481628
0.220016 0.481628
0.220112 0.481628
0.220209 0.481628
0.220305 0.481134
0.220401 0.480888
0.220497 0.480641
0.220594 0.480641
0.220690 0.480148
0.220786 0.480148
0.220883 0.479901
0.220979 0.479901
0.221075 0.479655
0.221171 0.479655
0.221268 0.479408
0.221364 0.479162
0.221460 0.479162
0.221557 0.478915
0.221653 0.478915
0.221749 0.478915
0.221845 0.478422
0.221942 0.478175
0.222038 0.478175
0.222134 0.477928
0.222231 0.477928
0.222327 0.477682
0.222423 0.477435
0.222519 0.477189
0.222616 0.477189
0.222712 0.476942
0.222808 0.476449
0.222904 0.476449
0.223001 0.476202
0.223097 0.475956
0.223193 0.475956
0.223290 0.475956
0.223386 0.475709
0.223482 0.475216
0.223578 0.475216
0.223675 0.474969
0.223771 0.474969
0.223867 0.474969
0.223964 0.474723
0.224060 0.474476
0.224156 0.473983
0.224252 0.473736
0.224349 0.473490
0.224445 0.473243
0.224541 0.473243
0.224637 0.472750
0.224734 0.472503
0.224830 0.472256
0.224926 0.472256
0.225023 0.472256
0.225119 0.472010
0.225215 0.471517
0.225311 0.471517
0.225408 0.471270
0.225504 0.471023
0.225600 0.471023
0.225697 0.471023
0.225793 0.470777
0.225889 0.470777
0.225985 0.470777
0.226082 0.470530
0.226178 0.470530
0.226274 0.470530
0.226371 0.470284
0.226467 0.470037
0.226563 0.470037
0.226659 0.470037
0.226756 0.469544
0.226852 0.468804
0.226948 0.468557
0.227044 0.468557
0.227141 0.468311
0.227237 0.468311
0.227333 0.468311
0.227430 0.468064
0.227526 0.467818
0.227622 0.467571
0.227718 0.467571
0.227815 0.467571
0.227911 0.467078
0.228007 0.467078
0.228104 0.466831
0.228200 0.466831
0.228296 0.466584
0.228392 0.466584
0.228489 0.466584
0.228585 0.466584
0.228681 0.466584
0.228778 0.466584
0.228874 0.466584
0.228970 0.466338
0.229066 0.466338
0.229163 0.466091
0.229259 0.466091
0.229355 0.466091
0.229451 0.465105
0.229548 0.465105
0.229644 0.464858
0.229740 0.464858
0.229837 0.464858
0.229933 0.464858
0.230029 0.464612
0.230125 0.464118
0.230222 0.464118
0.230318 0.464118
0.230414 0.464118
0.230511 0.463625
0.230607 0.463379
0.230703 0.463132
0.230799 0.463132
0.230896 0.463132
0.230992 0.463132
0.231088 0.462885
0.231185 0.462639
0.231281 0.462639
0.231377 0.462639
0.231473 0.462392
0.231570 0.462145
0.231666 0.462145
0.231762 0.462145
0.231858 0.462145
0.231955 0.461899
0.232051 0.461652
0.232147 0.461159
0.232244 0.461159
0.232340 0.460912
0.232436 0.460912
0.232532 0.460419
0.232629 0.460419
0.232725 0.460419
0.232821 0.460419
0.232918 0.460419
0.233014 0.460419
0.233110 0.460173
0.233206 0.459926
0.233303 0.459926
0.233399 0.459433
0.233495 0.459433
0.233592 0.459186
0.233688 0.458940
0.233784 0.458693
0.233880 0.458693
0.233977 0.458200
0.234073 0.457953
0.234169 0.457460
0.234265 0.457460
0.234362 0.457460
0.234458 0.457460
0.234554 0.457460
0.234651 0.457460
0.234747 0.457213
0.234843 0.456720
0.234939 0.456473
0.235036 0.456473
0.235132 0.456473
0.235228 0.456227
0.235325 0.455734
0.235421 0.455240
0.235517 0.454994
0.235613 0.454747
0.235710 0.454747
0.235806 0.454501
0.235902 0.454501
0.235999 0.454254
0.236095 0.454254
0.236191 0.453761
0.236287 0.453761
0.236384 0.453761
0.236480 0.453268
0.236576 0.453021
0.236672 0.452774
0.236769 0.452528
0.236865 0.452528
0.236961 0.452035
0.237058 0.452035
0.237154 0.451541
0.237250 0.451541
0.237346 0.451541
0.237443 0.451295
0.237539 0.451295
0.237635 0.451295
0.237732 0.451295
0.237828 0.451295
0.237924 0.451048
0.238020 0.450801
0.238117 0.450801
0.238213 0.450308
0.238309 0.450062
0.238405 0.450062
0.238502 0.450062
0.238598 0.449815
0.238694 0.449568
0.238791 0.449322
0.238887 0.449322
0.238983 0.449322
0.239079 0.449075
0.239176 0.448829
0.239272 0.448829
0.239368 0.448582
0.239465 0.448582
0.239561 0.448089
0.239657 0.447842
0.239753 0.447842
0.239850 0.447596
0.239946 0.447596
0.240042 0.447596
0.240139 0.447349
0.240235 0.447102
0.240331 0.446609
0.240427 0.446363
0.240524 0.446116
0.240620 0.446116
0.240716 0.446116
0.240812 0.446116
0.240909 0.446116
0.241005 0.445869
0.241101 0.445869
0.241198 0.445869
0.241294 0.445376
0.241390 0.445129
0.241486 0.445129
0.241583 0.444883
0.241679 0.444390
0.241775 0.444390
0.241872 0.443896
0.241968 0.443896
0.242064 0.443896
0.242160 0.443896
0.242257 0.443896
0.242353 0.443896
0.242449 0.443650
0.242546 0.443403
0.242642 0.443403
0.242738 0.443403
0.242834 0.443403
0.242931 0.443403
0.243027 0.443403
0.243123 0.442910
0.243219 0.442663
0.243316 0.442417
0.243412 0.442417
0.243508 0.442417
0.243605 0.441924
0.243701 0.441924
0.243797 0.441924
0.243893 0.441924
0.243990 0.441677
0.244086 0.441677
0.244182 0.441430
0.244279 0.441430
0.244375 0.441430
0.244471 0.440937
0.244567 0.440937
0.244664 0.440444
0.244760 0.440197
0.244856 0.439951
0.244953 0.439704
0.245049 0.439457
0.245145 0.439211
0.245241 0.439211
0.245338 0.438964
0.245434 0.438964
0.245530 0.438718
0.245626 0.438718
0.245723 0.438224
0.245819 0.438224
0.245915 0.438224
0.246012 0.438224
0.246108 0.437731
0.246204 0.437485
0.246300 0.437485
0.246397 0.436991
0.246493 0.436991
0.246589 0.436745
0.246686 0.436745
0.246782 0.436745
0.246878 0.436005
0.246974 0.436005
0.247071 0.436005
0.247167 0.436005
0.247263 0.436005
0.247360 0.436005
0.247456 0.436005
0.247552 0.436005
0.247648 0.436005
0.247745 0.436005
0.247841 0.435512
0.247937 0.435265
0.248033 0.435018
0.248130 0.435018
0.248226 0.435018
0.248322 0.435018
0.248419 0.434772
0.248515 0.434525
0.248611 0.434279
0.248707 0.434032
0.248804 0.434032
0.248900 0.434032
0.248996 0.434032
0.249093 0.434032
0.249189 0.433785
0.249285 0.433785
0.249381 0.433785
0.249478 0.433785
0.249574 0.433785
0.249670 0.433785
0.249767 0.433292
0.249863 0.433292
0.249959 0.433292
0.250055 0.433292
0.250152 0.433046
0.250248 0.433046
0.250344 0.432799
0.250440 0.432799
0.250537 0.432552
0.250633 0.432552
0.250729 0.432306
0.250826 0.432306
0.250922 0.432306
0.251018 0.432306
0.251114 0.432306
0.251211 0.432306
0.251307 0.432059
0.251403 0.432059
0.251500 0.431813
0.251596 0.431813
0.251692 0.431566
0.251788 0.430826
0.251885 0.430333
0.251981 0.430333
0.252077 0.430333
0.252173 0.429840
0.252270 0.429840
0.252366 0.429840
0.252462 0.429840
0.252559 0.429840
0.252655 0.429840
0.252751 0.429840
0.252847 0.429840
0.252944 0.429840
0.253040 0.429840
0.253136 0.429840
0.253233 0.429840
0.253329 0.429593
0.253425 0.429346
0.253521 0.429346
0.253618 0.429100
0.253714 0.429100
0.253810 0.428853
0.253907 0.428853
0.254003 0.428853
0.254099 0.428853
0.254195 0.428360
0.254292 0.428360
0.254388 0.428113
0.254484 0.428113
0.254580 0.428113
0.254677 0.428113
0.254773 0.427867
0.254869 0.427867
0.254966 0.427867
0.255062 0.427867
0.255158 0.427620
0.255254 0.427374
0.255351 0.427374
0.255447 0.427127
0.255543 0.427127
0.255640 0.426880
0.255736 0.426387
0.255832 0.426387
0.255928 0.426387
0.256025 0.426141
0.256121 0.426141
0.256217 0.425894
0.256314 0.425647
0.256410 0.425647
0.256506 0.425647
0.256602 0.425647
0.256699 0.425401
0.256795 0.424908
0.256891 0.424168
0.256987 0.424168
0.257084 0.423921
0.257180 0.423921
0.257276 0.423921
0.257373 0.423921
0.257469 0.423921
0.257565 0.423921
0.257661 0.423674
0.257758 0.423674
0.257854 0.423674
0.257950 0.423428
0.258047 0.423428
0.258143 0.423428
0.258239 0.423181
0.258335 0.422688
0.258432 0.422688
0.258528 0.422441
0.258624 0.421702
0.258721 0.421702
0.258817 0.421702
0.258913 0.421455
0.259009 0.421455
0.259106 0.421455
0.259202 0.421455
0.259298 0.421455
0.259394 0.420715
0.259491 0.420715
0.259587 0.420715
0.259683 0.420715
0.259780 0.420715
0.259876 0.420715
0.259972 0.420222
0.260068 0.419975
0.260165 0.419729
0.260261 0.419729
0.260357 0.419236
0.260454 0.418989
0.260550 0.418989
0.260646 0.418742
0.260742 0.418496
0.260839 0.418002
0.260935 0.417263
0.261031 0.417263
0.261128 0.417016
0.261224 0.417016
0.261320 0.417016
0.261416 0.416769
0.261513 0.416523
0.261609 0.416523
0.261705 0.416276
0.261801 0.416030
0.261898 0.416030
0.261994 0.415536
0.262090 0.415536
0.262187 0.415536
0.262283 0.415536
0.262379 0.415290
0.262475 0.415043
0.262572 0.414797
0.262668 0.414550
0.262764 0.414057
0.262861 0.414057
0.262957 0.413810
0.263053 0.413564
0.263149 0.413317
0.263246 0.413317
0.263342 0.413317
0.263438 0.413317
0.263535 0.413317
0.263631 0.413317
0.263727 0.413070
0.263823 0.412824
0.263920 0.412577
0.264016 0.412577
0.264112 0.412577
0.264208 0.412577
0.264305 0.412577
0.264401 0.412577
0.264497 0.412577
0.264594 0.412577
0.264690 0.412330
0.264786 0.412330
0.264882 0.412330
0.264979 0.412330
0.265075 0.412330
0.265171 0.412330
0.265268 0.412084
0.265364 0.412084
0.265460 0.412084
0.265556 0.411591
0.265653 0.411591
0.265749 0.411591
0.265845 0.411591
0.265941 0.411344
0.266038 0.411097
0.266134 0.410851
0.266230 0.410851
0.266327 0.410358
0.266423 0.410358
0.266519 0.410111
0.266615 0.410111
0.266712 0.410111
0.266808 0.409864
0.266904 0.409371
0.267001 0.409125
0.267097 0.409125
0.267193 0.409125
0.267289 0.408878
0.267386 0.408878
0.267482 0.408878
0.267578 0.408878
0.267675 0.408878
0.267771 0.408631
0.267867 0.408631
0.267963 0.408631
0.268060 0.408631
0.268156 0.408631
0.268252 0.408631
0.268348 0.408631
0.268445 0.408631
0.268541 0.408631
0.268637 0.408631
0.268734 0.408138
0.268830 0.408138
0.268926 0.407891
0.269022 0.407891
0.269119 0.407891
0.269215 0.407891
0.269311 0.407645
0.269408 0.407398
0.269504 0.407398
0.269600 0.407152
0.269696 0.406905
0.269793 0.406905
0.269889 0.406905
0.269985 0.406905
0.270082 0.406658
0.270178 0.405919
0.270274 0.405919
0.270370 0.405919
0.270467 0.405672
0.270563 0.405672
0.270659 0.405672
0.270755 0.405672
0.270852 0.405672
0.270948 0.405425
0.271044 0.405425
0.271141 0.404932
0.271237 0.404439
0.271333 0.404192
0.271429 0.404192
0.271526 0.403946
0.271622 0.403699
0.271718 0.403453
0.271815 0.403206
0.271911 0.402713
0.272007 0.402713
0.272103 0.402466
0.272200 0.401973
0.272296 0.401973
0.272392 0.401480
0.272489 0.401480
0.272585 0.401480
0.272681 0.401233
0.272777 0.400986
0.272874 0.400986
0.272970 0.400986
0.273066 0.400740
0.273162 0.400493
0.273259 0.399753
0.273355 0.399753
0.273451 0.399753
0.273548 0.399753
0.273644 0.399507
0.273740 0.399507
0.273836 0.399507
0.273933 0.399507
0.274029 0.399507
0.274125 0.399507
0.274222 0.399260
0.274318 0.399260
0.274414 0.399014
0.274510 0.398520
0.274607 0.398520
0.274703 0.398274
0.274799 0.398274
0.274896 0.398274
0.274992 0.398274
0.275088 0.398274
0.275184 0.398027
0.275281 0.397781
0.275377 0.397781
0.275473 0.397287
0.275569 0.397287
0.275666 0.397287
0.275762 0.397287
0.275858 0.397287
0.275955 0.396794
0.276051 0.396547
0.276147 0.396547
0.276243 0.396547
0.276340 0.396547
0.276436 0.396301
0.276532 0.396301
0.276629 0.396301
0.276725 0.396301
0.276821 0.396301
0.276917 0.395808
0.277014 0.395808
0.277110 0.395808
0.277206 0.395808
0.277303 0.395808
0.277399 0.395561
0.277495 0.395561
0.277591 0.395561
0.277688 0.395561
0.277784 0.395561
0.277880 0.395561
0.277976 0.395314
0.278073 0.395068
0.278169 0.395068
0.278265 0.395068
0.278362 0.395068
0.278458 0.394821
0.278554 0.394821
0.278650 0.394821
0.278747 0.394821
0.278843 0.394821
0.278939 0.394575
0.279036 0.394575
0.279132 0.394575
0.279228 0.394328
0.279324 0.394328
0.279421 0.394328
0.279517 0.394328
0.279613 0.394328
0.279709 0.394328
0.279806 0.393835
0.279902 0.393342
0.279998 0.393342
0.280095 0.393342
0.280191 0.393342
0.280287 0.393095
0.280383 0.393095
0.280480 0.392848
0.280576 0.392602
0.280672 0.392355
0.280769 0.392355
0.280865 0.392355
0.280961 0.392355
0.281057 0.392109
0.281154 0.392109
0.281250 0.392109
0.281346 0.391615
0.281443 0.391615
0.281539 0.391615
0.281635 0.391615
0.281731 0.391615
0.281828 0.391369
0.281924 0.391369
0.282020 0.391122
0.282116 0.391122
0.282213 0.390629
0.282309 0.390629
0.282405 0.390629
0.282502 0.390629
0.282598 0.390629
0.282694 0.390629
0.282790 0.390382
0.282887 0.390136
0.282983 0.390136
0.283079 0.389889
0.283176 0.389889
0.283272 0.389889
0.283368 0.389642
0.283464 0.389642
0.283561 0.389642
0.283657 0.389642
0.283753 0.389396
0.283850 0.389149
0.283946 0.388903
0.284042 0.388903
0.284138 0.388656
0.284235 0.388409
0.284331 0.388409
0.284427 0.388409
0.284523 0.388163
0.284620 0.388163
0.284716 0.388163
0.284812 0.388163
0.284909 0.387916
0.285005 0.387916
0.285101 0.387916
0.285197 0.387916
0.285294 0.387916
0.285390 0.387916
0.285486 0.387916
0.285583 0.387670
0.285679 0.386930
0.285775 0.386930
0.285871 0.386930
0.285968 0.386930
0.286064 0.386930
0.286160 0.386930
0.286257 0.386930
0.286353 0.386930
0.286449 0.386930
0.286545 0.386930
0.286642 0.386930
0.286738 0.386930
0.286834 0.386930
0.286930 0.386930
0.287027 0.386930
0.287123 0.386930
0.287219 0.386930
0.287316 0.386930
0.287412 0.386930
0.287508 0.386930
0.287604 0.386683
0.287701 0.386436
0.287797 0.386190
0.287893 0.386190
0.287990 0.385943
0.288086 0.385943
0.288182 0.385943
0.288278 0.385450
0.288375 0.385203
0.288471 0.385203
0.288567 0.385203
0.288664 0.384957
0.288760 0.384957
0.288856 0.384957
0.288952 0.384957
0.289049 0.384957
0.289145 0.384957
0.289241 0.384464
0.289337 0.384217
0.289434 0.383970
0.289530 0.383477
0.289626 0.383231
0.289723 0.382737
0.289819 0.382737
0.289915 0.382491
0.290011 0.382244
0.290108 0.382244
0.290204 0.382244
0.290300 0.382244
0.290397 0.382244
0.290493 0.382244
0.290589 0.382244
0.290685 0.381998
0.290782 0.381998
0.290878 0.381998
0.290974 0.381998
0.291071 0.381998
0.291167 0.381751
0.291263 0.381504
0.291359 0.381504
0.291456 0.381258
0.291552 0.381258
0.291648 0.381258
0.291744 0.381258
0.291841 0.381258
0.291937 0.381258
0.292033 0.381011
0.292130 0.380764
0.292226 0.380764
0.292322 0.380764
0.292418 0.380764
0.292515 0.380764
0.292611 0.380025
0.292707 0.379778
0.292804 0.379778
0.292900 0.379778
0.292996 0.379778
0.293092 0.379778
0.293189 0.379778
0.293285 0.379778
0.293381 0.379778
0.293477 0.379778
0.293574 0.379778
0.293670 0.379778
0.293766 0.379778
0.293863 0.379285
0.293959 0.379285
0.294055 0.379285
0.294151 0.379038
0.294248 0.379038
0.294344 0.379038
0.294440 0.378792
0.294537 0.378792
0.294633 0.378792
0.294729 0.378792
0.294825 0.378298
0.294922 0.378298
0.295018 0.378298
0.295114 0.378298
0.295211 0.377559
0.295307 0.377312
0.295403 0.377312
0.295499 0.377312
0.295596 0.377312
0.295692 0.377065
0.295788 0.377065
0.295884 0.377065
0.295981 0.376819
0.296077 0.376819
0.296173 0.376819
0.296270 0.376572
0.296366 0.376572
0.296462 0.376326
0.296558 0.376326
0.296655 0.376079
0.296751 0.376079
0.296847 0.375832
0.296944 0.375832
0.297040 0.375832
0.297136 0.375832
0.297232 0.375586
0.297329 0.375586
0.297425 0.375586
0.297521 0.375339
0.297618 0.375339
0.297714 0.375092
0.297810 0.375092
0.297906 0.374846
0.298003 0.374846
0.298099 0.374353
0.298195 0.373613
0.298291 0.373613
0.298388 0.373366
0.298484 0.373366
0.298580 0.373120
0.298677 0.372873
0.298773 0.372380
0.298869 0.371887
0.298965 0.371640
0.299062 0.371640
0.299158 0.371640
0.299254 0.371393
0.299351 0.371393
0.299447 0.371147
0.299543 0.370900
0.299639 0.370900
0.299736 0.370654
0.299832 0.370160
0.299928 0.369914
0.300025 0.369914
0.300121 0.369914
0.300217 0.369420
0.300313 0.369420
0.300410 0.369420
0.300506 0.369174
0.300602 0.369174
0.300698 0.368927
0.300795 0.368927
0.300891 0.368927
0.300987 0.368927
0.301084 0.368927
0.301180 0.368434
0.301276 0.368187
0.301372 0.368187
0.301469 0.367941
0.301565 0.367941
0.301661 0.367448
0.301758 0.367448
0.301854 0.367201
0.301950 0.367201
0.302046 0.367201
0.302143 0.366708
0.302239 0.366708
0.302335 0.366215
0.302432 0.366215
0.302528 0.366215
0.302624 0.366215
0.302720 0.365968
0.302817 0.365968
0.302913 0.365721
0.303009 0.365721
0.303105 0.365721
0.303202 0.365475
0.303298 0.364982
0.303394 0.364982
0.303491 0.364982
0.303587 0.364735
0.303683 0.364735
0.303779 0.364735
0.303876 0.364488
0.303972 0.364488
0.304068 0.364242
0.304165 0.363748
0.304261 0.363748
0.304357 0.363748
0.304453 0.363748
0.304550 0.363255
0.304646 0.363255
0.304742 0.362762
0.304839 0.362762
0.304935 0.362762
0.305031 0.362762
0.305127 0.362762
0.305224 0.362762
0.305320 0.362762
0.305416 0.362515
0.305512 0.362515
0.305609 0.362515
0.305705 0.362515
0.305801 0.362022
0.305898 0.362022
0.305994 0.361776
0.306090 0.361776
0.306186 0.361776
0.306283 0.361776
0.306379 0.361529
0.306475 0.361529
0.306572 0.361529
0.306668 0.361282
0.306764 0.361282
0.306860 0.361282
0.306957 0.361282
0.307053 0.361036
0.307149 0.360543
0.307245 0.359803
0.307342 0.359803
0.307438 0.359063
0.307534 0.358816
0.307631 0.358816
0.307727 0.358570
0.307823 0.358323
0.307919 0.358323
0.308016 0.358323
0.308112 0.358323
0.308208 0.358323
0.308305 0.358076
0.308401 0.357830
0.308497 0.357583
0.308593 0.357337
0.308690 0.357337
0.308786 0.357090
0.308882 0.357090
0.308979 0.356597
0.309075 0.356597
0.309171 0.356597
0.309267 0.356597
0.309364 0.356597
0.309460 0.356597
0.309556 0.356597
0.309652 0.356597
0.309749 0.356350
0.309845 0.356350
0.309941 0.356350
0.310038 0.356350
0.310134 0.356104
0.310230 0.356104
0.310326 0.356104
0.310423 0.355857
0.310519 0.355857
0.310615 0.355857
0.310712 0.355857
0.310808 0.355857
0.310904 0.355857
0.311000 0.355857
0.311097 0.355857
0.311193 0.355857
0.311289 0.355857
0.311386 0.355610
0.311482 0.355364
0.311578 0.355117
0.311674 0.355117
0.311771 0.354377
0.311867 0.354377
0.311963 0.354377
0.312059 0.353884
0.312156 0.353884
0.312252 0.353884
0.312348 0.353884
0.312445 0.353884
0.312541 0.353637
0.312637 0.353391
0.312733 0.353391
0.312830 0.353391
0.312926 0.353391
0.313022 0.353391
0.313119 0.352898
0.313215 0.352898
0.313311 0.352898
0.313407 0.352898
0.313504 0.352898
0.313600 0.352898
0.313696 0.352898
0.313793 0.352898
0.313889 0.352898
0.313985 0.352898
0.314081 0.352898
0.314178 0.352898
0.314274 0.352898
0.314370 0.352898
0.314466 0.352898
0.314563 0.352898
0.314659 0.352898
0.314755 0.352404
0.314852 0.351911
0.314948 0.351665
0.315044 0.351418
0.315140 0.351418
0.315237 0.351171
0.315333 0.350678
0.315429 0.350678
0.315526 0.350678
0.315622 0.350185
0.315718 0.350185
0.315814 0.349938
0.315911 0.349938
0.316007 0.349692
0.316103 0.349692
0.316200 0.349692
0.316296 0.349692
0.316392 0.349199
0.316488 0.348952
0.316585 0.348952
0.316681 0.348952
0.316777 0.348705
0.316873 0.348705
0.316970 0.348705
0.317066 0.348459
0.317162 0.348212
0.317259 0.347965
0.317355 0.347965
0.317451 0.347719
0.317547 0.347719
0.317644 0.346979
0.317740 0.346732
0.317836 0.346732
0.317933 0.346732
0.318029 0.346732
0.318125 0.346239
0.318221 0.345993
0.318318 0.345746
0.318414 0.345746
0.318510 0.345746
0.318607 0.345746
0.318703 0.345746
0.318799 0.345746
0.318895 0.345746
0.318992 0.345499
0.319088 0.345499
0.319184 0.345253
0.319280 0.345253
0.319377 0.345253
0.319473 0.345006
0.319569 0.344760
0.319666 0.344513
0.319762 0.344266
0.319858 0.344266
0.319954 0.344266
0.320051 0.344020
0.320147 0.344020
0.320243 0.344020
0.320340 0.343773
0.320436 0.343773
0.320532 0.343773
0.320628 0.343773
0.320725 0.343527
0.320821 0.343527
0.320917 0.343280
0.321013 0.343280
0.321110 0.343280
0.321206 0.343280
0.321302 0.343280
0.321399 0.343280
0.321495 0.343280
0.321591 0.343033
0.321687 0.343033
0.321784 0.343033
0.321880 0.342787
0.321976 0.342293
0.322073 0.342293
0.322169 0.342293
0.322265 0.342293
0.322361 0.342293
0.322458 0.342047
0.322554 0.342047
0.322650 0.342047
0.322747 0.342047
0.322843 0.341800
0.322939 0.341554
0.323035 0.341554
0.323132 0.341060
0.323228 0.341060
0.323324 0.341060
0.323420 0.341060
0.323517 0.341060
0.323613 0.341060
0.323709 0.340814
0.323806 0.340567
0.323902 0.340321
0.323998 0.340321
0.324094 0.340074
0.324191 0.340074
0.324287 0.340074
0.324383 0.340074
0.324480 0.340074
0.324576 0.339827
0.324672 0.339827
0.324768 0.339827
0.324865 0.339827
0.324961 0.339827
0.325057 0.339827
0.325154 0.339827
0.325250 0.339827
0.325346 0.339827
0.325442 0.339827
0.325539 0.339581
0.325635 0.339581
0.325731 0.339581
0.325827 0.339581
0.325924 0.339334
0.326020 0.339334
0.326116 0.338594
0.326213 0.338594
0.326309 0.338594
0.326405 0.338594
0.326501 0.338594
0.326598 0.338594
0.326694 0.338594
0.326790 0.338594
0.326887 0.338594
0.326983 0.338594
0.327079 0.338594
0.327175 0.338594
0.327272 0.338594
0.327368 0.338594
0.327464 0.338348
0.327561 0.338348
0.327657 0.338348
0.327753 0.338348
0.327849 0.338348
0.327946 0.338348
0.328042 0.338348
0.328138 0.338101
0.328234 0.338101
0.328331 0.338101
0.328427 0.338101
0.328523 0.338101
0.328620 0.338101
0.328716 0.338101
0.328812 0.337608
0.328908 0.337608
0.329005 0.337608
0.329101 0.337608
0.329197 0.337608
0.329294 0.337608
0.329390 0.337608
0.329486 0.337608
0.329582 0.337608
0.329679 0.337608
0.329775 0.337608
0.329871 0.337608
0.329968 0.337608
0.330064 0.337608
0.330160 0.337361
0.330256 0.337361
0.330353 0.337361
0.330449 0.337361
0.330545 0.336868
0.330641 0.336621
0.330738 0.336621
0.330834 0.336375
0.330930 0.336375
0.331027 0.336128
0.331123 0.336128
0.331219 0.336128
0.331315 0.336128
0.331412 0.336128
0.331508 0.336128
0.331604 0.335882
0.331701 0.335635
0.331797 0.335388
0.331893 0.335388
0.331989 0.335388
0.332086 0.335388
0.332182 0.335388
0.332278 0.335142
0.332375 0.335142
0.332471 0.335142
0.332567 0.334649
0.332663 0.334402
0.332760 0.334155
0.332856 0.334155
0.332952 0.334155
0.333048 0.334155
0.333145 0.334155
0.333241 0.334155
0.333337 0.334155
0.333434 0.334155
0.333530 0.334155
0.333626 0.334155
0.333722 0.334155
0.333819 0.334155
0.333915 0.333909
0.334011 0.333909
0.334108 0.333662
0.334204 0.333169
0.334300 0.333169
0.334396 0.333169
0.334493 0.333169
0.334589 0.332922
0.334685 0.332922
0.334781 0.332429
0.334878 0.332182
0.334974 0.331936
0.335070 0.331936
0.335167 0.331689
0.335263 0.331689
0.335359 0.331196
0.335455 0.331196
0.335552 0.331196
0.335648 0.331196
0.335744 0.330949
0.335841 0.330949
0.335937 0.330949
0.336033 0.330949
0.336129 0.330949
0.336226 0.330949
0.336322 0.330949
0.336418 0.330949
0.336515 0.330703
0.336611 0.330703
0.336707 0.330703
0.336803 0.330456
0.336900 0.330456
0.336996 0.330456
0.337092 0.330456
0.337188 0.330456
0.337285 0.330456
0.337381 0.329716
0.337477 0.329716
0.337574 0.329716
0.337670 0.329470
0.337766 0.329470
0.337862 0.329470
0.337959 0.329470
0.338055 0.329470
0.338151 0.329470
0.338248 0.329470
0.338344 0.329470
0.338440 0.329470
0.338536 0.329470
0.338633 0.329470
0.338729 0.329470
0.338825 0.329470
0.338922 0.329470
0.339018 0.329470
0.339114 0.329470
0.339210 0.329470
0.339307 0.329470
0.339403 0.329223
0.339499 0.329223
0.339595 0.329223
0.339692 0.328977
0.339788 0.328977
0.339884 0.328977
0.339981 0.328977
0.340077 0.328977
0.340173 0.328977
0.340269 0.328977
0.340366 0.328977
0.340462 0.328977
0.340558 0.328977
0.340655 0.328977
0.340751 0.328977
0.340847 0.328977
0.340943 0.328977
0.341040 0.328730
0.341136 0.328483
0.341232 0.328483
0.341329 0.328237
0.341425 0.328237
0.341521 0.327990
0.341617 0.327990
0.341714 0.327990
0.341810 0.327990
0.341906 0.327990
0.342002 0.327990
0.342099 0.327990
0.342195 0.327990
0.342291 0.327990
0.342388 0.327990
0.342484 0.327990
0.342580 0.327990
0.342676 0.327990
0.342773 0.327990
0.342869 0.327744
0.342965 0.327744
0.343062 0.327744
0.343158 0.327497
0.343254 0.327497
0.343350 0.327497
0.343447 0.327497
0.343543 0.327497
0.343639 0.327250
0.343736 0.327004
0.343832 0.327004
0.343928 0.327004
0.344024 0.327004
0.344121 0.326757
0.344217 0.326264
0.344313 0.326264
0.344409 0.326264
0.344506 0.326017
0.344602 0.326017
0.344698 0.326017
0.344795 0.326017
0.344891 0.326017
0.344987 0.325771
0.345083 0.325771
0.345180 0.325771
0.345276 0.325524
0.345372 0.325524
0.345469 0.325277
0.345565 0.325277
0.345661 0.325277
0.345757 0.325031
0.345854 0.325031
0.345950 0.325031
0.346046 0.324784
0.346143 0.324784
0.346239 0.324784
0.346335 0.324538
0.346431 0.324291
0.346528 0.324291
0.346624 0.324291
0.346720 0.324044
0.346816 0.324044
0.346913 0.324044
0.347009 0.324044
0.347105 0.323798
0.347202 0.323798
0.347298 0.323798
0.347394 0.323798
0.347490 0.323798
0.347587 0.323798
0.347683 0.323798
0.347779 0.323798
0.347876 0.323798
0.347972 0.323798
0.348068 0.323798
0.348164 0.323798
0.348261 0.323798
0.348357 0.323798
0.348453 0.323798
0.348549 0.323551
0.348646 0.323551
0.348742 0.323305
0.348838 0.323305
0.348935 0.323305
0.349031 0.323058
0.349127 0.323058
0.349223 0.323058
0.349320 0.323058
0.349416 0.323058
0.349512 0.323058
0.349609 0.323058
0.349705 0.323058
0.349801 0.323058
0.349897 0.323058
0.349994 0.323058
0.350090 0.323058
0.350186 0.323058
0.350283 0.322811
0.350379 0.322811
0.350475 0.322811
0.350571 0.322811
0.350668 0.322811
0.350764 0.322811
0.350860 0.322811
0.350956 0.322811
0.351053 0.322565
0.351149 0.322565
0.351245 0.322565
0.351342 0.322318
0.351438 0.321825
0.351534 0.321825
0.351630 0.321578
0.351727 0.321578
0.351823 0.321578
0.351919 0.321085
0.352016 0.321085
0.352112 0.320838
0.352208 0.320838
0.352304 0.320838
0.352401 0.320838
0.352497 0.320592
0.352593 0.320592
0.352690 0.320592
0.352786 0.320592
0.352882 0.320592
0.352978 0.319852
0.353075 0.319852
0.353171 0.319852
0.353267 0.319852
0.353363 0.319852
0.353460 0.319852
0.353556 0.319852
0.353652 0.319852
0.353749 0.319852
0.353845 0.319852
0.353941 0.319852
0.354037 0.319852
0.354134 0.319605
0.354230 0.319605
0.354326 0.319605
0.354423 0.319605
0.354519 0.319605
0.354615 0.319605
0.354711 0.319605
0.354808 0.319605
0.354904 0.319605
0.355000 0.319605
0.355097 0.319605
0.355193 0.319605
0.355289 0.319605
0.355385 0.319605
0.355482 0.319605
0.355578 0.319605
0.355674 0.319605
0.355770 0.319605
0.355867 0.319359
0.355963 0.319359
0.356059 0.319359
0.356156 0.319359
0.356252 0.319112
0.356348 0.318866
0.356444 0.318866
0.356541 0.318866
0.356637 0.318866
0.356733 0.318619
0.356830 0.318619
0.356926 0.318619
0.357022 0.318619
0.357118 0.318619
0.357215 0.318619
0.357311 0.318372
0.357407 0.318372
0.357504 0.318372
0.357600 0.318372
0.357696 0.318372
0.357792 0.318372
0.357889 0.318372
0.357985 0.318372
0.358081 0.318372
0.358177 0.318372
0.358274 0.318126
0.358370 0.318126
0.358466 0.318126
0.358563 0.318126
0.358659 0.317879
0.358755 0.317879
0.358851 0.317879
0.358948 0.317879
0.359044 0.317633
0.359140 0.317386
0.359237 0.317386
0.359333 0.317386
0.359429 0.317386
0.359525 0.317386
0.359622 0.317139
0.359718 0.317139
0.359814 0.316893
0.359911 0.316893
0.360007 0.316893
0.360103 0.316893
0.360199 0.316646
0.360296 0.316646
0.360392 0.316400
0.360488 0.316153
0.360584 0.316153
0.360681 0.316153
0.360777 0.316153
0.360873 0.316153
0.360970 0.316153
0.361066 0.316153
0.361162 0.316153
0.361258 0.315906
0.361355 0.315906
0.361451 0.315906
0.361547 0.315906
0.361644 0.315906
0.361740 0.315660
0.361836 0.315413
0.361932 0.315413
0.362029 0.314920
0.362125 0.314920
0.362221 0.314920
0.362317 0.314920
0.362414 0.314920
0.362510 0.314920
0.362606 0.314673
0.362703 0.314673
0.362799 0.314673
0.362895 0.314673
0.362991 0.314673
0.363088 0.314427
0.363184 0.314427
0.363280 0.314180
0.363377 0.314180
0.363473 0.314180
0.363569 0.314180
0.363665 0.313933
0.363762 0.313687
0.363858 0.313440
0.363954 0.313440
0.364051 0.313440
0.364147 0.313440
0.364243 0.313440
0.364339 0.313194
0.364436 0.313194
0.364532 0.313194
0.364628 0.313194
0.364724 0.313194
0.364821 0.312947
0.364917 0.312947
0.365013 0.312947
0.365110 0.312947
0.365206 0.312700
0.365302 0.312700
0.365398 0.312700
0.365495 0.312454
0.365591 0.312454
0.365687 0.312454
0.365784 0.312454
0.365880 0.312454
0.365976 0.312454
0.366072 0.311961
0.366169 0.311961
0.366265 0.311961
0.366361 0.311961
0.366458 0.311961
0.366554 0.311961
0.366650 0.311961
0.366746 0.311714
0.366843 0.311467
0.366939 0.311467
0.367035 0.311467
0.367131 0.311467
0.367228 0.311221
0.367324 0.311221
0.367420 0.311221
0.367517 0.311221
0.367613 0.311221
0.367709 0.311221
0.367805 0.311221
0.367902 0.311221
0.367998 0.310974
0.368094 0.310974
0.368191 0.310974
0.368287 0.310974
0.368383 0.310974
0.368479 0.310974
0.368576 0.310974
0.368672 0.310974
0.368768 0.310727
0.368865 0.310727
0.368961 0.310727
0.369057 0.309988
0.369153 0.309741
0.369250 0.309741
0.369346 0.309741
0.369442 0.309741
0.369538 0.309741
0.369635 0.309741
0.369731 0.309741
0.369827 0.309494
0.369924 0.309248
0.370020 0.309248
0.370116 0.309248
0.370212 0.309248
0.370309 0.309001
0.370405 0.309001
0.370501 0.309001
0.370598 0.309001
0.370694 0.309001
0.370790 0.309001
0.370886 0.309001
0.370983 0.308261
0.371079 0.308015
0.371175 0.308015
0.371272 0.307768
0.371368 0.307768
0.371464 0.307768
0.371560 0.307522
0.371657 0.307522
0.371753 0.307522
0.371849 0.307275
0.371945 0.307275
0.372042 0.307028
0.372138 0.307028
0.372234 0.306782
0.372331 0.306782
0.372427 0.306535
0.372523 0.306535
0.372619 0.306289
0.372716 0.306042
0.372812 0.306042
0.372908 0.306042
0.373005 0.306042
0.373101 0.306042
0.373197 0.306042
0.373293 0.306042
0.373390 0.305795
0.373486 0.305795
0.373582 0.305795
0.373679 0.305795
0.373775 0.305795
0.373871 0.305549
0.373967 0.305549
0.374064 0.305549
0.374160 0.305549
0.374256 0.305302
0.374352 0.305302
0.374449 0.305302
0.374545 0.305302
0.374641 0.305302
0.374738 0.305055
0.374834 0.304809
0.374930 0.304809
0.375026 0.304809
0.375123 0.304809
0.375219 0.304562
0.375315 0.304562
0.375412 0.304562
0.375508 0.304562
0.375604 0.304562
0.375700 0.304562
0.375797 0.304316
0.375893 0.304069
0.375989 0.304069
0.376085 0.304069
0.376182 0.304069
0.376278 0.304069
0.376374 0.304069
0.376471 0.304069
0.376567 0.304069
0.376663 0.304069
0.376759 0.304069
0.376856 0.303822
0.376952 0.303822
0.377048 0.303822
0.377145 0.303822
0.377241 0.303822
0.377337 0.303576
0.377433 0.303576
0.377530 0.303576
0.377626 0.303576
0.377722 0.303329
0.377819 0.303329
0.377915 0.303329
0.378011 0.303329
0.378107 0.303083
0.378204 0.303083
0.378300 0.303083
0.378396 0.303083
0.378492 0.302836
0.378589 0.302589
0.378685 0.302589
0.378781 0.302589
0.378878 0.302589
0.378974 0.302589
0.379070 0.302589
0.379166 0.302589
0.379263 0.302589
0.379359 0.302589
0.379455 0.302589
0.379552 0.302589
0.379648 0.302096
0.379744 0.302096
0.379840 0.302096
0.379937 0.301850
0.380033 0.301850
0.380129 0.301850
0.380226 0.301850
0.380322 0.301850
0.380418 0.301850
0.380514 0.301356
0.380611 0.301356
0.380707 0.301356
0.380803 0.301356
0.380899 0.301110
0.380996 0.301110
0.381092 0.301110
0.381188 0.301110
0.381285 0.300863
0.381381 0.300617
0.381477 0.300123
0.381573 0.300123
0.381670 0.300123
0.381766 0.300123
0.381862 0.299877
0.381959 0.299630
0.382055 0.299137
0.382151 0.298890
0.382247 0.298890
0.382344 0.298644
0.382440 0.298644
0.382536 0.298644
0.382633 0.298397
0.382729 0.298397
0.382825 0.298150
0.382921 0.298150
0.383018 0.298150
0.383114 0.298150
0.383210 0.298150
0.383306 0.298150
0.383403 0.298150
0.383499 0.298150
0.383595 0.297904
0.383692 0.297904
0.383788 0.297904
0.383884 0.297904
0.383980 0.297904
0.384077 0.297904
0.384173 0.297411
0.384269 0.297164
0.384366 0.297164
0.384462 0.296424
0.384558 0.296424
0.384654 0.296424
0.384751 0.296424
0.384847 0.296424
0.384943 0.296424
0.385040 0.296424
0.385136 0.296178
0.385232 0.296178
0.385328 0.296178
0.385425 0.296178
0.385521 0.296178
0.385617 0.296178
0.385713 0.296178
0.385810 0.295931
0.385906 0.295931
0.386002 0.295931
0.386099 0.295684
0.386195 0.295684
0.386291 0.295684
0.386387 0.295684
0.386484 0.295684
0.386580 0.295438
0.386676 0.295438
0.386773 0.295438
0.386869 0.295191
0.386965 0.295191
0.387061 0.295191
0.387158 0.294698
0.387254 0.294451
0.387350 0.294451
0.387447 0.294205
0.387543 0.294205
0.387639 0.293958
0.387735 0.293958
0.387832 0.293958
0.387928 0.293958
0.388024 0.293958
0.388120 0.293711
0.388217 0.293465
0.388313 0.293218
0.388409 0.292972
0.388506 0.292972
0.388602 0.292972
0.388698 0.292972
0.388794 0.292972
0.388891 0.292725
0.388987 0.292725
0.389083 0.292725
0.389180 0.292725
0.389276 0.292478
0.389372 0.292478
0.389468 0.292478
0.389565 0.292232
0.389661 0.292232
0.389757 0.292232
0.389853 0.292232
0.389950 0.292232
0.390046 0.292232
0.390142 0.292232
0.390239 0.292232
0.390335 0.292232
0.390431 0.292232
0.390527 0.291985
0.390624 0.291985
0.390720 0.291985
0.390816 0.291985
0.390913 0.291985
0.391009 0.291985
0.391105 0.291985
0.391201 0.291985
0.391298 0.291985
0.391394 0.291985
0.391490 0.291985
0.391587 0.291985
0.391683 0.291739
0.391779 0.291739
0.391875 0.291739
0.391972 0.291739
0.392068 0.291492
0.392164 0.291245
0.392260 0.291245
0.392357 0.290999
0.392453 0.290999
0.392549 0.290999
0.392646 0.290752
0.392742 0.290506
0.392838 0.290506
0.392934 0.290506
0.393031 0.290506
0.393127 0.290506
0.393223 0.290506
0.393320 0.290506
0.393416 0.290012
0.393512 0.290012
0.393608 0.290012
0.393705 0.289519
0.393801 0.289519
0.393897 0.289273
0.393994 0.289026
0.394090 0.289026
0.394186 0.289026
0.394282 0.289026
0.394379 0.288779
0.394475 0.288286
0.394571 0.288286
0.394667 0.288286
0.394764 0.288286
0.394860 0.288039
0.394956 0.288039
0.395053 0.288039
0.395149 0.288039
0.395245 0.288039
0.395341 0.288039
0.395438 0.287793
0.395534 0.287793
0.395630 0.287793
0.395727 0.287793
0.395823 0.287793
0.395919 0.287793
0.396015 0.287793
0.396112 0.287793
0.396208 0.287793
0.396304 0.287546
0.396401 0.287300
0.396497 0.287300
0.396593 0.287053
0.396689 0.286806
0.396786 0.286560
0.396882 0.286560
0.396978 0.286313
0.397074 0.286313
0.397171 0.286313
0.397267 0.286067
0.397363 0.285820
0.397460 0.285820
0.397556 0.285573
0.397652 0.285573
0.397748 0.285573
0.397845 0.285573
0.397941 0.285327
0.398037 0.285080
0.398134 0.285080
0.398230 0.284834
0.398326 0.284834
0.398422 0.284834
0.398519 0.284834
0.398615 0.284834
0.398711 0.284834
0.398808 0.284587
0.398904 0.284587
0.399000 0.284587
0.399096 0.284587
0.399193 0.284587
0.399289 0.284587
0.399385 0.284587
0.399481 0.284587
0.399578 0.284587
0.399674 0.284587
0.399770 0.284340
0.399867 0.284340
0.399963 0.284340
0.400059 0.284340
0.400155 0.284340
0.400252 0.284094
0.400348 0.284094
0.400444 0.284094
0.400541 0.284094
0.400637 0.283600
0.400733 0.283600
0.400829 0.283107
0.400926 0.283107
0.401022 0.283107
0.401118 0.282861
0.401215 0.282861
0.401311 0.282861
0.401407 0.282614
0.401503 0.282367
0.401600 0.282367
0.401696 0.282367
0.401792 0.282367
0.401888 0.282121
0.401985 0.282121
0.402081 0.282121
0.402177 0.282121
0.402274 0.281874
0.402370 0.281874
0.402466 0.281874
0.402562 0.281874
0.402659 0.281874
0.402755 0.281628
0.402851 0.281381
0.402948 0.281134
0.403044 0.280888
0.403140 0.280888
0.403236 0.280888
0.403333 0.280888
0.403429 0.280888
0.403525 0.280888
0.403621 0.280888
0.403718 0.280641
0.403814 0.280148
0.403910 0.280148
0.404007 0.279901
0.404103 0.279901
0.404199 0.279901
0.404295 0.279901
0.404392 0.279655
0.404488 0.279655
0.404584 0.279655
0.404681 0.279408
0.404777 0.279162
0.404873 0.279162
0.404969 0.279162
0.405066 0.279162
0.405162 0.279162
0.405258 0.279162
0.405355 0.279162
0.405451 0.279162
0.405547 0.279162
0.405643 0.279162
0.405740 0.279162
0.405836 0.279162
0.405932 0.278668
0.406028 0.278668
0.406125 0.278668
0.406221 0.278668
0.406317 0.278668
0.406414 0.278422
0.406510 0.278422
0.406606 0.278422
0.406702 0.278422
0.406799 0.278422
0.406895 0.278422
0.406991 0.278175
0.407088 0.277928
0.407184 0.277928
0.407280 0.277682
0.407376 0.277682
0.407473 0.277435
0.407569 0.277435
0.407665 0.277435
0.407762 0.277435
0.407858 0.277435
0.407954 0.277435
0.408050 0.277435
0.408147 0.277435
0.408243 0.277435
0.408339 0.277435
0.408435 0.277435
0.408532 0.277435
0.408628 0.277435
0.408724 0.277435
0.408821 0.277435
0.408917 0.277435
0.409013 0.277435
0.409109 0.277189
0.409206 0.277189
0.409302 0.276942
0.409398 0.276695
0.409495 0.276695
0.409591 0.276695
0.409687 0.276695
0.409783 0.276449
0.409880 0.276449
0.409976 0.276449
0.410072 0.276449
0.410169 0.276449
0.410265 0.276449
0.410361 0.276449
0.410457 0.276449
0.410554 0.276202
0.410650 0.276202
0.410746 0.276202
0.410842 0.276202
0.410939 0.276202
0.411035 0.276202
0.411131 0.275956
0.411228 0.275709
0.411324 0.275709
0.411420 0.275709
0.411516 0.275709
0.411613 0.275462
0.411709 0.275462
0.411805 0.275462
0.411902 0.275462
0.411998 0.274969
0.412094 0.274969
0.412190 0.274723
0.412287 0.274476
0.412383 0.274229
0.412479 0.274229
0.412576 0.274229
0.412672 0.273983
0.412768 0.273983
0.412864 0.273983
0.412961 0.273983
0.413057 0.273983
0.413153 0.273983
0.413249 0.273983
0.413346 0.273736
0.413442 0.273736
0.413538 0.273736
0.413635 0.273736
0.413731 0.273490
0.413827 0.273490
0.413923 0.273243
0.414020 0.273243
0.414116 0.273243
0.414212 0.273243
0.414309 0.273243
0.414405 0.273243
0.414501 0.273243
0.414597 0.273243
0.414694 0.273243
0.414790 0.273243
0.414886 0.273243
0.414983 0.273243
0.415079 0.273243
0.415175 0.273243
0.415271 0.273243
0.415368 0.273243
0.415464 0.273243
0.415560 0.273243
0.415656 0.272996
0.415753 0.272996
0.415849 0.272996
0.415945 0.272996
0.416042 0.272996
0.416138 0.272996
0.416234 0.272996
0.416330 0.272996
0.416427 0.272996
0.416523 0.272996
0.416619 0.272750
0.416716 0.272750
0.416812 0.272750
0.416908 0.272750
0.417004 0.272750
0.417101 0.272750
0.417197 0.272750
0.417293 0.272750
0.417389 0.272750
0.417486 0.272750
0.417582 0.272750
0.417678 0.272256
0.417775 0.272256
0.417871 0.272256
0.417967 0.272256
0.418063 0.272256
0.418160 0.272256
0.418256 0.271763
0.418352 0.271763
0.418449 0.271763
0.418545 0.271763
0.418641 0.271763
0.418737 0.271763
0.418834 0.271763
0.418930 0.271763
0.419026 0.271763
0.419123 0.271763
0.419219 0.271517
0.419315 0.271270
0.419411 0.271270
0.419508 0.270777
0.419604 0.270777
0.419700 0.270777
0.419796 0.270777
0.419893 0.270777
0.419989 0.270530
0.420085 0.270530
0.420182 0.270530
0.420278 0.270284
0.420374 0.270284
0.420470 0.270284
0.420567 0.270284
0.420663 0.270284
0.420759 0.270284
0.420856 0.270284
0.420952 0.270284
0.421048 0.270284
0.421144 0.270284
0.421241 0.270037
0.421337 0.270037
0.421433 0.269790
0.421530 0.269790
0.421626 0.269790
0.421722 0.269790
0.421818 0.269790
0.421915 0.269790
0.422011 0.269544
0.422107 0.269544
0.422203 0.269297
0.422300 0.269297
0.422396 0.269297
0.422492 0.269051
0.422589 0.269051
0.422685 0.269051
0.422781 0.269051
0.422877 0.268804
0.422974 0.268804
0.423070 0.268804
0.423166 0.268557
0.423263 0.268557
0.423359 0.268557
0.423455 0.268311
0.423551 0.268311
0.423648 0.268064
0.423744 0.268064
0.423840 0.268064
0.423937 0.268064
0.424033 0.268064
0.424129 0.268064
0.424225 0.267571
0.424322 0.267078
0.424418 0.267078
0.424514 0.266831
0.424610 0.266831
0.424707 0.266831
0.424803 0.266584
0.424899 0.266338
0.424996 0.266338
0.425092 0.266338
0.425188 0.266338
0.425284 0.266338
0.425381 0.266338
0.425477 0.266338
0.425573 0.266338
0.425670 0.266338
0.425766 0.266338
0.425862 0.266091
0.425958 0.266091
0.426055 0.266091
0.426151 0.266091
0.426247 0.266091
0.426344 0.265845
0.426440 0.265598
0.426536 0.265598
0.426632 0.265351
0.426729 0.265105
0.426825 0.265105
0.426921 0.265105
0.427017 0.264858
0.427114 0.264612
0.427210 0.264612
0.427306 0.264612
0.427403 0.264612
0.427499 0.264612
0.427595 0.264365
0.427691 0.264365
0.427788 0.264365
0.427884 0.264365
0.427980 0.264365
0.428077 0.264365
0.428173 0.263872
0.428269 0.263872
0.428365 0.263872
0.428462 0.263872
0.428558 0.263872
0.428654 0.263872
0.428751 0.263872
0.428847 0.263872
0.428943 0.263872
0.429039 0.263872
0.429136 0.263872
0.429232 0.263872
0.429328 0.263872
0.429424 0.263872
0.429521 0.263872
0.429617 0.263872
0.429713 0.263872
0.429810 0.263872
0.429906 0.263872
0.430002 0.263872
0.430098 0.263872
0.430195 0.263872
0.430291 0.263872
0.430387 0.263872
0.430484 0.263132
0.430580 0.263132
0.430676 0.262885
0.430772 0.262885
0.430869 0.262639
0.430965 0.262639
0.431061 0.262639
0.431157 0.262639
0.431254 0.262639
0.431350 0.262639
0.431446 0.262639
0.431543 0.262639
0.431639 0.262639
0.431735 0.262392
0.431831 0.261899
0.431928 0.261899
0.432024 0.261899
0.432120 0.261899
0.432217 0.261652
0.432313 0.261652
0.432409 0.261406
0.432505 0.261406
0.432602 0.261406
0.432698 0.261406
0.432794 0.261406
0.432891 0.261406
0.432987 0.261406
0.433083 0.261406
0.433179 0.261406
0.433276 0.261159
0.433372 0.261159
0.433468 0.260912
0.433564 0.260912
0.433661 0.260912
0.433757 0.260666
0.433853 0.260419
0.433950 0.260419
0.434046 0.260419
0.434142 0.260419
0.434238 0.260419
0.434335 0.260419
0.434431 0.260173
0.434527 0.259679
0.434624 0.259679
0.434720 0.259433
0.434816 0.258940
0.434912 0.258693
0.435009 0.258446
0.435105 0.258200
0.435201 0.258200
0.435298 0.258200
0.435394 0.258200
0.435490 0.258200
0.435586 0.258200
0.435683 0.258200
0.435779 0.258200
0.435875 0.258200
0.435971 0.258200
0.436068 0.258200
0.436164 0.258200
0.436260 0.258200
0.436357 0.258200
0.436453 0.257953
0.436549 0.257707
0.436645 0.257707
0.436742 0.257707
0.436838 0.257460
0.436934 0.257460
0.437031 0.257460
0.437127 0.257213
0.437223 0.256967
0.437319 0.256967
0.437416 0.256967
0.437512 0.256967
0.437608 0.256720
0.437705 0.256473
0.437801 0.256473
0.437897 0.256473
0.437993 0.256473
0.438090 0.256473
0.438186 0.256473
0.438282 0.256473
0.438378 0.256473
0.438475 0.256473
0.438571 0.256473
0.438667 0.256473
0.438764 0.256473
0.438860 0.256473
0.438956 0.256473
0.439052 0.256473
0.439149 0.256473
0.439245 0.256227
0.439341 0.256227
0.439438 0.256227
0.439534 0.255980
0.439630 0.255980
0.439726 0.255980
0.439823 0.255980
0.439919 0.255980
0.440015 0.255980
0.440112 0.255980
0.440208 0.255980
0.440304 0.255980
0.440400 0.255980
0.440497 0.255980
0.440593 0.255980
0.440689 0.255980
0.440785 0.255980
0.440882 0.255980
0.440978 0.255980
0.441074 0.255980
0.441171 0.255980
0.441267 0.255734
0.441363 0.255734
0.441459 0.255240
0.441556 0.254747
0.441652 0.254501
0.441748 0.254501
0.441845 0.254501
0.441941 0.254501
0.442037 0.254501
0.442133 0.254254
0.442230 0.254254
0.442326 0.254254
0.442422 0.254254
0.442519 0.254254
0.442615 0.254254
0.442711 0.254254
0.442807 0.254254
0.442904 0.254254
0.443000 0.254254
0.443096 0.254254
0.443192 0.254007
0.443289 0.253761
0.443385 0.253268
0.443481 0.253268
0.443578 0.253268
0.443674 0.253268
0.443770 0.253268
0.443866 0.253021
0.443963 0.253021
0.444059 0.252774
0.444155 0.252774
0.444252 0.252774
0.444348 0.252774
0.444444 0.252774
0.444540 0.252528
0.444637 0.252528
0.444733 0.252528
0.444829 0.252528
0.444925 0.252528
0.445022 0.252528
0.445118 0.252528
0.445214 0.252281
0.445311 0.252281
0.445407 0.252035
0.445503 0.252035
0.445599 0.252035
0.445696 0.252035
0.445792 0.252035
0.445888 0.251541
0.445985 0.251541
0.446081 0.251295
0.446177 0.251295
0.446273 0.251295
0.446370 0.251295
0.446466 0.251295
0.446562 0.251295
0.446659 0.250801
0.446755 0.250801
0.446851 0.250801
0.446947 0.250801
0.447044 0.250801
0.447140 0.250555
0.447236 0.250308
0.447332 0.250308
0.447429 0.250062
0.447525 0.250062
0.447621 0.250062
0.447718 0.250062
0.447814 0.250062
0.447910 0.250062
0.448006 0.250062
0.448103 0.250062
0.448199 0.249815
0.448295 0.249815
0.448392 0.249815
0.448488 0.249815
0.448584 0.249815
0.448680 0.249815
0.448777 0.249815
0.448873 0.249815
0.448969 0.249815
0.449066 0.249815
0.449162 0.249815
0.449258 0.249815
0.449354 0.249568
0.449451 0.249322
0.449547 0.249322
0.449643 0.249322
0.449739 0.249322
0.449836 0.249322
0.449932 0.249322
0.450028 0.249322
0.450125 0.249322
0.450221 0.249322
0.450317 0.249322
0.450413 0.249075
0.450510 0.248582
0.450606 0.248335
0.450702 0.248335
0.450799 0.248335
0.450895 0.248089
0.450991 0.248089
0.451087 0.248089
0.451184 0.248089
0.451280 0.248089
0.451376 0.248089
0.451473 0.248089
0.451569 0.248089
0.451665 0.248089
0.451761 0.248089
0.451858 0.248089
0.451954 0.247842
0.452050 0.247842
0.452146 0.247596
0.452243 0.247596
0.452339 0.247596
0.452435 0.247596
0.452532 0.247596
0.452628 0.247596
0.452724 0.247596
0.452820 0.247596
0.452917 0.247596
0.453013 0.247596
0.453109 0.247596
0.453206 0.247349
0.453302 0.247349
0.453398 0.247349
0.453494 0.247349
0.453591 0.247349
0.453687 0.247102
0.453783 0.247102
0.453880 0.247102
0.453976 0.247102
0.454072 0.246856
0.454168 0.246609
0.454265 0.246609
0.454361 0.246363
0.454457 0.246116
0.454553 0.246116
0.454650 0.246116
0.454746 0.245623
0.454842 0.245623
0.454939 0.245376
0.455035 0.245376
0.455131 0.245376
0.455227 0.245376
0.455324 0.245376
0.455420 0.245376
0.455516 0.245376
0.455613 0.244883
0.455709 0.244883
0.455805 0.244883
0.455901 0.244883
0.455998 0.244636
0.456094 0.244636
0.456190 0.244636
0.456287 0.244636
0.456383 0.244390
0.456479 0.244390
0.456575 0.244390
0.456672 0.244143
0.456768 0.244143
0.456864 0.243896
0.456960 0.243650
0.457057 0.243650
0.457153 0.243650
0.457249 0.243650
0.457346 0.243650
0.457442 0.243650
0.457538 0.243650
0.457634 0.243650
0.457731 0.243650
0.457827 0.243650
0.457923 0.243650
0.458020 0.243650
0.458116 0.243650
0.458212 0.243650
0.458308 0.243650
0.458405 0.243650
0.458501 0.243650
0.458597 0.243650
0.458693 0.243650
0.458790 0.243650
0.458886 0.243403
0.458982 0.243157
0.459079 0.243157
0.459175 0.243157
0.459271 0.243157
0.459367 0.243157
0.459464 0.243157
0.459560 0.243157
0.459656 0.243157
0.459753 0.242910
0.459849 0.242910
0.459945 0.242910
0.460041 0.242910
0.460138 0.242910
0.460234 0.242910
0.460330 0.242170
0.460427 0.242170
0.460523 0.242170
0.460619 0.242170
0.460715 0.242170
0.460812 0.242170
0.460908 0.242170
0.461004 0.242170
0.461100 0.242170
0.461197 0.242170
0.461293 0.241924
0.461389 0.241677
0.461486 0.241677
0.461582 0.241677
0.461678 0.241677
0.461774 0.241677
0.461871 0.241430
0.461967 0.241430
0.462063 0.241184
0.462160 0.241184
0.462256 0.241184
0.462352 0.241184
0.462448 0.240937
0.462545 0.240691
0.462641 0.240444
0.462737 0.240444
0.462834 0.240444
0.462930 0.240444
0.463026 0.240444
0.463122 0.240444
0.463219 0.240444
0.463315 0.240444
0.463411 0.240444
0.463507 0.240444
0.463604 0.240444
0.463700 0.240444
0.463796 0.240444
0.463893 0.240444
0.463989 0.240444
0.464085 0.240197
0.464181 0.240197
0.464278 0.240197
0.464374 0.240197
0.464470 0.240197
0.464567 0.239951
0.464663 0.239704
0.464759 0.239704
0.464855 0.239704
0.464952 0.239704
0.465048 0.239704
0.465144 0.239704
0.465241 0.239704
0.465337 0.239704
0.465433 0.239457
0.465529 0.239457
0.465626 0.239457
0.465722 0.239457
0.465818 0.239211
0.465914 0.239211
0.466011 0.238964
0.466107 0.238964
0.466203 0.238964
0.466300 0.238964
0.466396 0.238964
0.466492 0.238718
0.466588 0.238718
0.466685 0.238718
0.466781 0.238718
0.466877 0.238718
0.466974 0.238718
0.467070 0.238718
0.467166 0.238718
0.467262 0.238718
0.467359 0.238718
0.467455 0.238718
0.467551 0.238718
0.467648 0.238718
0.467744 0.238718
0.467840 0.238471
0.467936 0.238471
0.468033 0.238471
0.468129 0.238471
0.468225 0.238471
0.468321 0.237978
0.468418 0.237978
0.468514 0.237978
0.468610 0.237978
0.468707 0.237978
0.468803 0.237731
0.468899 0.237731
0.468995 0.237485
0.469092 0.237485
0.469188 0.237485
0.469284 0.237485
0.469381 0.237485
0.469477 0.237485
0.469573 0.237238
0.469669 0.237238
0.469766 0.237238
0.469862 0.237238
0.469958 0.237238
0.470055 0.236991
0.470151 0.236745
0.470247 0.236745
0.470343 0.236745
0.470440 0.236745
0.470536 0.236745
0.470632 0.236745
0.470728 0.236745
0.470825 0.236745
0.470921 0.236745
0.471017 0.236745
0.471114 0.236745
0.471210 0.236498
0.471306 0.236498
0.471402 0.236498
0.471499 0.236498
0.471595 0.236252
0.471691 0.236252
0.471788 0.236005
0.471884 0.235758
0.471980 0.235758
0.472076 0.235758
0.472173 0.235758
0.472269 0.235758
0.472365 0.235758
0.472461 0.235758
0.472558 0.235758
0.472654 0.235758
0.472750 0.235758
0.472847 0.235758
0.472943 0.235512
0.473039 0.235512
0.473135 0.235512
0.473232 0.235512
0.473328 0.235512
0.473424 0.235512
0.473521 0.235512
0.473617 0.235265
0.473713 0.235018
0.473809 0.234279
0.473906 0.233785
0.474002 0.233785
0.474098 0.233785
0.474195 0.233785
0.474291 0.233785
0.474387 0.233785
0.474483 0.233785
0.474580 0.233785
0.474676 0.233785
0.474772 0.233785
0.474868 0.233292
0.474965 0.233292
0.475061 0.233292
0.475157 0.233292
0.475254 0.233292
0.475350 0.233046
0.475446 0.233046
0.475542 0.233046
0.475639 0.233046
0.475735 0.233046
0.475831 0.233046
0.475928 0.232799
0.476024 0.232799
0.476120 0.232799
0.476216 0.232799
0.476313 0.232799
0.476409 0.232799
0.476505 0.232799
0.476602 0.232799
0.476698 0.232799
0.476794 0.232799
0.476890 0.232306
0.476987 0.232059
0.477083 0.231813
0.477179 0.231813
0.477275 0.231813
0.477372 0.231813
0.477468 0.231813
0.477564 0.231813
0.477661 0.231813
0.477757 0.231813
0.477853 0.231566
0.477949 0.231566
0.478046 0.231566
0.478142 0.231566
0.478238 0.231566
0.478335 0.231566
0.478431 0.231566
0.478527 0.231566
0.478623 0.231566
0.478720 0.230826
0.478816 0.230826
0.478912 0.230580
0.479009 0.230333
0.479105 0.229840
0.479201 0.229840
0.479297 0.229840
0.479394 0.229593
0.479490 0.229593
0.479586 0.229593
0.479682 0.229593
0.479779 0.229593
0.479875 0.229593
0.479971 0.229593
0.480068 0.229593
0.480164 0.229593
0.480260 0.229593
0.480356 0.229100
0.480453 0.228853
0.480549 0.228853
0.480645 0.228853
0.480742 0.228853
0.480838 0.228853
0.480934 0.228853
0.481030 0.228607
0.481127 0.228607
0.481223 0.228607
0.481319 0.228113
0.481416 0.228113
0.481512 0.228113
0.481608 0.228113
0.481704 0.228113
0.481801 0.228113
0.481897 0.228113
0.481993 0.228113
0.482089 0.228113
0.482186 0.228113
0.482282 0.228113
0.482378 0.228113
0.482475 0.227867
0.482571 0.227867
0.482667 0.227867
0.482763 0.227620
0.482860 0.227620
0.482956 0.227620
0.483052 0.227620
0.483149 0.227620
0.483245 0.227620
0.483341 0.227620
0.483437 0.227374
0.483534 0.227374
0.483630 0.227374
0.483726 0.227374
0.483822 0.227127
0.483919 0.227127
0.484015 0.227127
0.484111 0.227127
0.484208 0.226880
0.484304 0.226880
0.484400 0.226634
0.484496 0.226634
0.484593 0.226634
0.484689 0.226634
0.484785 0.226634
0.484882 0.226634
0.484978 0.226387
0.485074 0.226387
0.485170 0.226387
0.485267 0.226387
0.485363 0.226387
0.485459 0.226387
0.485556 0.226387
0.485652 0.226387
0.485748 0.226141
0.485844 0.225894
0.485941 0.225894
0.486037 0.225894
0.486133 0.225647
0.486229 0.225647
0.486326 0.225647
0.486422 0.225647
0.486518 0.225647
0.486615 0.225647
0.486711 0.225647
0.486807 0.225647
0.486903 0.225647
0.487000 0.225401
0.487096 0.225401
0.487192 0.225401
0.487289 0.225401
0.487385 0.225401
0.487481 0.225401
0.487577 0.225401
0.487674 0.225401
0.487770 0.225401
0.487866 0.225154
0.487963 0.225154
0.488059 0.224908
0.488155 0.224908
0.488251 0.224908
0.488348 0.224908
0.488444 0.224908
0.488540 0.224661
0.488636 0.224661
0.488733 0.224661
0.488829 0.224661
0.488925 0.224661
0.489022 0.224661
0.489118 0.224661
0.489214 0.224661
0.489310 0.224661
0.489407 0.224661
0.489503 0.224661
0.489599 0.224661
0.489696 0.224661
0.489792 0.224414
0.489888 0.224414
0.489984 0.224414
0.490081 0.224414
0.490177 0.224414
0.490273 0.224168
0.490370 0.223921
0.490466 0.223921
0.490562 0.223921
0.490658 0.223674
0.490755 0.223674
0.490851 0.223674
0.490947 0.223674
0.491043 0.223674
0.491140 0.223674
0.491236 0.223674
0.491332 0.223674
0.491429 0.223674
0.491525 0.223674
0.491621 0.223674
0.491717 0.223428
0.491814 0.223428
0.491910 0.223428
0.492006 0.223428
0.492103 0.223428
0.492199 0.223428
0.492295 0.223428
0.492391 0.223428
0.492488 0.223428
0.492584 0.223428
0.492680 0.223428
0.492777 0.223428
0.492873 0.223181
0.492969 0.223181
0.493065 0.222935
0.493162 0.222688
0.493258 0.222688
0.493354 0.222688
0.493450 0.222688
0.493547 0.222195
0.493643 0.222195
0.493739 0.222195
0.493836 0.221948
0.493932 0.221948
0.494028 0.221948
0.494124 0.221948
0.494221 0.221948
0.494317 0.221455
0.494413 0.221455
0.494510 0.221455
0.494606 0.221455
0.494702 0.221455
0.494798 0.220962
0.494895 0.220962
0.494991 0.220962
0.495087 0.220962
0.495184 0.220962
0.495280 0.220962
0.495376 0.220962
0.495472 0.220962
0.495569 0.220962
0.495665 0.220962
0.495761 0.220469
0.495857 0.220222
0.495954 0.220222
0.496050 0.220222
0.496146 0.220222
0.496243 0.219975
0.496339 0.219975
0.496435 0.219975
0.496531 0.219975
0.496628 0.219729
0.496724 0.219729
0.496820 0.219236
0.496917 0.219236
0.497013 0.218989
0.497109 0.218989
0.497205 0.218989
0.497302 0.218989
0.497398 0.218989
0.497494 0.218989
0.497590 0.218989
0.497687 0.218989
0.497783 0.218989
0.497879 0.218989
0.497976 0.218742
0.498072 0.218742
0.498168 0.218496
0.498264 0.218496
0.498361 0.218496
0.498457 0.218496
0.498553 0.218496
0.498650 0.218496
0.498746 0.218496
0.498842 0.218496
0.498938 0.218496
0.499035 0.218496
0.499131 0.218002
0.499227 0.218002
0.499324 0.218002
0.499420 0.218002
0.499516 0.218002
0.499612 0.218002
0.499709 0.218002
0.499805 0.217756
0.499901 0.217756
0.499997 0.217756
0.500094 0.217756
0.500190 0.217756
0.500286 0.217756
0.500383 0.217756
0.500479 0.217756
0.500575 0.217756
0.500671 0.217756
0.500768 0.217509
0.500864 0.217509
0.500960 0.217509
0.501057 0.217509
0.501153 0.217509
0.501249 0.217509
0.501345 0.217509
0.501442 0.217509
0.501538 0.217509
0.501634 0.217509
0.501731 0.217263
0.501827 0.217263
0.501923 0.217263
0.502019 0.217263
0.502116 0.217263
0.502212 0.217263
0.502308 0.217263
0.502404 0.217263
0.502501 0.217263
0.502597 0.217016
0.502693 0.217016
0.502790 0.217016
0.502886 0.216769
0.502982 0.216769
0.503078 0.216523
0.503175 0.216523
0.503271 0.216523
0.503367 0.216523
0.503464 0.216276
0.503560 0.216276
0.503656 0.216276
0.503752 0.216276
0.503849 0.216276
0.503945 0.216276
0.504041 0.216276
0.504138 0.216276
0.504234 0.216276
0.504330 0.216030
0.504426 0.216030
0.504523 0.216030
0.504619 0.216030
0.504715 0.215783
0.504811 0.215536
0.504908 0.215536
0.505004 0.215290
0.505100 0.215290
0.505197 0.215043
0.505293 0.214797
0.505389 0.214797
0.505485 0.214797
0.505582 0.214797
0.505678 0.214797
0.505774 0.214550
0.505871 0.214550
0.505967 0.214550
0.506063 0.214550
0.506159 0.214550
0.506256 0.214550
0.506352 0.214550
0.506448 0.214550
0.506545 0.214550
0.506641 0.214550
0.506737 0.214550
0.506833 0.214550
0.506930 0.214550
0.507026 0.214550
0.507122 0.214303
0.507218 0.214303
0.507315 0.214303
0.507411 0.214303
0.507507 0.214303
0.507604 0.214057
0.507700 0.214057
0.507796 0.214057
0.507892 0.214057
0.507989 0.213810
0.508085 0.213810
0.508181 0.213564
0.508278 0.213317
0.508374 0.213070
0.508470 0.213070
0.508566 0.212824
0.508663 0.212577
0.508759 0.212577
0.508855 0.212084
0.508952 0.211344
0.509048 0.211344
0.509144 0.211097
0.509240 0.211097
0.509337 0.211097
0.509433 0.210851
0.509529 0.210604
0.509625 0.210604
0.509722 0.210604
0.509818 0.210604
0.509914 0.210604
0.510011 0.210358
0.510107 0.210358
0.510203 0.210358
0.510299 0.210358
0.510396 0.210358
0.510492 0.210358
0.510588 0.210358
0.510685 0.210358
0.510781 0.210358
0.510877 0.210358
0.510973 0.210358
0.511070 0.210358
0.511166 0.210358
0.511262 0.210358
0.511358 0.210358
0.511455 0.210358
0.511551 0.210111
0.511647 0.210111
0.511744 0.210111
0.511840 0.210111
0.511936 0.209864
0.512032 0.209864
0.512129 0.209864
0.512225 0.209864
0.512321 0.209864
0.512418 0.209618
0.512514 0.209618
0.512610 0.209618
0.512706 0.209371
0.512803 0.209371
0.512899 0.209371
0.512995 0.209371
0.513092 0.209371
0.513188 0.209371
0.513284 0.209371
0.513380 0.209371
0.513477 0.209371
0.513573 0.209371
0.513669 0.209371
0.513765 0.209371
0.513862 0.209371
0.513958 0.209371
0.514054 0.209125
0.514151 0.209125
0.514247 0.209125
0.514343 0.209125
0.514439 0.208878
0.514536 0.208878
0.514632 0.208878
0.514728 0.208878
0.514825 0.208878
0.514921 0.208631
0.515017 0.208631
0.515113 0.208631
0.515210 0.208385
0.515306 0.208385
0.515402 0.208385
0.515499 0.208385
0.515595 0.208385
0.515691 0.208385
0.515787 0.208385
0.515884 0.208385
0.515980 0.208385
0.516076 0.208385
0.516172 0.208138
0.516269 0.208138
0.516365 0.208138
0.516461 0.208138
0.516558 0.208138
0.516654 0.207891
0.516750 0.207891
0.516846 0.207891
0.516943 0.207891
0.517039 0.207891
0.517135 0.207891
0.517232 0.207891
0.517328 0.207891
0.517424 0.207891
0.517520 0.207645
0.517617 0.207645
0.517713 0.207398
0.517809 0.207398
0.517906 0.207398
0.518002 0.207398
0.518098 0.207398
0.518194 0.207398
0.518291 0.207398
0.518387 0.207398
0.518483 0.207398
0.518579 0.207398
0.518676 0.207398
0.518772 0.207398
0.518868 0.207398
0.518965 0.207152
0.519061 0.207152
0.519157 0.207152
0.519253 0.207152
0.519350 0.207152
0.519446 0.207152
0.519542 0.207152
0.519639 0.207152
0.519735 0.206905
0.519831 0.206905
0.519927 0.206905
0.520024 0.206905
0.520120 0.206658
0.520216 0.206658
0.520313 0.206658
0.520409 0.206658
0.520505 0.206658
0.520601 0.206658
0.520698 0.206658
0.520794 0.206658
0.520890 0.206658
0.520986 0.206658
0.521083 0.206658
0.521179 0.206658
0.521275 0.206658
0.521372 0.206658
0.521468 0.206412
0.521564 0.206412
0.521660 0.206412
0.521757 0.206412
0.521853 0.206165
0.521949 0.205919
0.522046 0.205919
0.522142 0.205919
0.522238 0.205919
0.522334 0.205672
0.522431 0.205425
0.522527 0.205425
0.522623 0.205425
0.522720 0.205425
0.522816 0.205425
0.522912 0.205179
0.523008 0.205179
0.523105 0.205179
0.523201 0.204932
0.523297 0.204932
0.523393 0.204932
0.523490 0.204932
0.523586 0.204932
0.523682 0.204932
0.523779 0.204932
0.523875 0.204686
0.523971 0.204686
0.524067 0.204686
0.524164 0.204686
0.524260 0.204686
0.524356 0.204686
0.524453 0.204439
0.524549 0.204439
0.524645 0.204439
0.524741 0.204192
0.524838 0.204192
0.524934 0.204192
0.525030 0.204192
0.525126 0.204192
0.525223 0.204192
0.525319 0.204192
0.525415 0.204192
0.525512 0.204192
0.525608 0.204192
0.525704 0.204192
0.525800 0.204192
0.525897 0.204192
0.525993 0.204192
0.526089 0.204192
0.526186 0.204192
0.526282 0.204192
0.526378 0.204192
0.526474 0.204192
0.526571 0.204192
0.526667 0.204192
0.526763 0.203946
0.526860 0.203946
0.526956 0.203946
0.527052 0.203699
0.527148 0.203453
0.527245 0.203453
0.527341 0.203453
0.527437 0.203453
0.527533 0.203453
0.527630 0.203453
0.527726 0.203206
0.527822 0.202959
0.527919 0.202959
0.528015 0.202713
0.528111 0.202713
0.528207 0.202713
0.528304 0.202713
0.528400 0.202713
0.528496 0.202713
0.528593 0.202713
0.528689 0.202713
0.528785 0.202713
0.528881 0.202713
0.528978 0.202713
0.529074 0.202466
0.529170 0.202466
0.529267 0.202466
0.529363 0.202466
0.529459 0.202466
0.529555 0.202466
0.529652 0.202466
0.529748 0.202219
0.529844 0.202219
0.529940 0.202219
0.530037 0.202219
0.530133 0.202219
0.530229 0.202219
0.530326 0.202219
0.530422 0.202219
0.530518 0.202219
0.530614 0.202219
0.530711 0.202219
0.530807 0.202219
0.530903 0.201726
0.531000 0.201726
0.531096 0.201726
0.531192 0.201726
0.531288 0.201480
0.531385 0.201480
0.531481 0.201480
0.531577 0.201480
0.531674 0.201480
0.531770 0.201233
0.531866 0.201233
0.531962 0.201233
0.532059 0.201233
0.532155 0.201233
0.532251 0.201233
0.532347 0.200986
0.532444 0.200986
0.532540 0.200986
0.532636 0.200986
0.532733 0.200986
0.532829 0.200986
0.532925 0.200986
0.533021 0.200986
0.533118 0.200986
0.533214 0.200740
0.533310 0.200740
0.533407 0.200740
0.533503 0.200493
0.533599 0.200493
0.533695 0.200493
0.533792 0.200493
0.533888 0.200493
0.533984 0.200493
0.534081 0.200493
0.534177 0.200247
0.534273 0.200247
0.534369 0.200000
0.534466 0.200000
0.534562 0.200000
0.534658 0.200000
0.534754 0.200000
0.534851 0.200000
0.534947 0.199753
0.535043 0.199753
0.535140 0.199753
0.535236 0.199507
0.535332 0.199507
0.535428 0.199507
0.535525 0.199507
0.535621 0.199507
0.535717 0.199507
0.535814 0.199507
0.535910 0.199507
0.536006 0.199507
0.536102 0.199507
0.536199 0.199507
0.536295 0.199507
0.536391 0.199507
0.536488 0.199507
0.536584 0.199507
0.536680 0.199260
0.536776 0.199260
0.536873 0.199014
0.536969 0.199014
0.537065 0.199014
0.537161 0.199014
0.537258 0.199014
0.537354 0.199014
0.537450 0.199014
0.537547 0.199014
0.537643 0.199014
0.537739 0.199014
0.537835 0.199014
0.537932 0.199014
0.538028 0.198767
0.538124 0.198767
0.538221 0.198767
0.538317 0.198767
0.538413 0.198767
0.538509 0.198767
0.538606 0.198767
0.538702 0.198767
0.538798 0.198767
0.538894 0.198767
0.538991 0.198767
0.539087 0.198767
0.539183 0.198767
0.539280 0.198767
0.539376 0.198767
0.539472 0.198767
0.539568 0.198767
0.539665 0.198767
0.539761 0.198274
0.539857 0.198274
0.539954 0.198274
0.540050 0.198274
0.540146 0.198274
0.540242 0.198274
0.540339 0.198274
0.540435 0.198274
0.540531 0.198274
0.540628 0.198274
0.540724 0.198274
0.540820 0.198274
0.540916 0.198274
0.541013 0.198274
0.541109 0.198274
0.541205 0.198274
0.541301 0.198274
0.541398 0.198274
0.541494 0.198274
0.541590 0.198274
0.541687 0.198274
0.541783 0.198274
0.541879 0.198274
0.541975 0.198274
0.542072 0.198027
0.542168 0.198027
0.542264 0.198027
0.542361 0.198027
0.542457 0.198027
0.542553 0.198027
0.542649 0.198027
0.542746 0.198027
0.542842 0.197781
0.542938 0.197781
0.543035 0.197781
0.543131 0.197781
0.543227 0.197781
0.543323 0.197534
0.543420 0.197287
0.543516 0.197287
0.543612 0.197287
0.543708 0.197287
0.543805 0.197287
0.543901 0.197287
0.543997 0.197287
0.544094 0.197287
0.544190 0.197287
0.544286 0.196794
0.544382 0.196794
0.544479 0.196794
0.544575 0.196547
0.544671 0.196547
0.544768 0.196547
0.544864 0.196547
0.544960 0.196547
0.545056 0.196547
0.545153 0.196301
0.545249 0.196301
0.545345 0.196301
0.545442 0.196301
0.545538 0.196301
0.545634 0.196301
0.545730 0.196301
0.545827 0.196301
0.545923 0.196301
0.546019 0.196301
0.546115 0.196301
0.546212 0.196054
0.546308 0.196054
0.546404 0.196054
0.546501 0.196054
0.546597 0.196054
0.546693 0.196054
0.546789 0.196054
0.546886 0.196054
0.546982 0.196054
0.547078 0.195808
0.547175 0.195808
0.547271 0.195808
0.547367 0.195808
0.547463 0.195808
0.547560 0.195808
0.547656 0.195561
0.547752 0.195561
0.547849 0.195561
0.547945 0.195314
0.548041 0.195314
0.548137 0.195314
0.548234 0.195314
0.548330 0.195314
0.548426 0.195314
0.548522 0.194821
0.548619 0.194821
0.548715 0.194821
0.548811 0.194575
0.548908 0.194575
0.549004 0.194575
0.549100 0.194575
0.549196 0.194575
0.549293 0.194575
0.549389 0.194575
0.549485 0.194575
0.549582 0.194575
0.549678 0.194575
0.549774 0.194575
0.549870 0.194328
0.549967 0.194328
0.550063 0.194081
0.550159 0.194081
0.550256 0.193835
0.550352 0.193835
0.550448 0.193588
0.550544 0.193588
0.550641 0.193095
0.550737 0.193095
0.550833 0.193095
0.550929 0.193095
0.551026 0.192848
0.551122 0.192848
0.551218 0.192848
0.551315 0.192848
0.551411 0.192848
0.551507 0.192848
0.551603 0.192602
0.551700 0.192602
0.551796 0.192602
0.551892 0.192602
0.551989 0.192602
0.552085 0.192602
0.552181 0.192602
0.552277 0.192602
0.552374 0.192355
0.552470 0.192355
0.552566 0.191862
0.552662 0.191862
0.552759 0.191862
0.552855 0.191862
0.552951 0.191615
0.553048 0.191615
0.553144 0.191615
0.553240 0.191615
0.553336 0.191615
0.553433 0.191369
0.553529 0.191369
0.553625 0.191369
0.553722 0.191122
0.553818 0.191122
0.553914 0.191122
0.554010 0.191122
0.554107 0.191122
0.554203 0.191122
0.554299 0.191122
0.554396 0.191122
0.554492 0.191122
0.554588 0.191122
0.554684 0.191122
0.554781 0.191122
0.554877 0.191122
0.554973 0.191122
0.555069 0.190875
0.555166 0.190875
0.555262 0.190875
0.555358 0.190875
0.555455 0.190875
0.555551 0.190875
0.555647 0.190875
0.555743 0.190875
0.555840 0.190875
0.555936 0.190875
0.556032 0.190875
0.556129 0.190875
0.556225 0.190629
0.556321 0.190629
0.556417 0.190629
0.556514 0.190629
0.556610 0.190629
0.556706 0.190382
0.556803 0.190382
0.556899 0.190382
0.556995 0.190136
0.557091 0.190136
0.557188 0.190136
0.557284 0.190136
0.557380 0.190136
0.557476 0.190136
0.557573 0.190136
0.557669 0.189642
0.557765 0.189642
0.557862 0.189396
0.557958 0.189396
0.558054 0.189396
0.558150 0.189396
0.558247 0.189149
0.558343 0.189149
0.558439 0.188903
0.558536 0.188903
0.558632 0.188903
0.558728 0.188903
0.558824 0.188903
0.558921 0.188656
0.559017 0.188409
0.559113 0.188409
0.559210 0.188409
0.559306 0.188409
0.559402 0.188163
0.559498 0.188163
0.559595 0.188163
0.559691 0.188163
0.559787 0.188163
0.559883 0.188163
0.559980 0.187916
0.560076 0.187916
0.560172 0.187423
0.560269 0.187423
0.560365 0.187423
0.560461 0.187423
0.560557 0.187423
0.560654 0.187423
0.560750 0.187423
0.560846 0.187423
0.560943 0.187176
0.561039 0.186930
0.561135 0.186930
0.561231 0.186930
0.561328 0.186930
0.561424 0.186930
0.561520 0.186930
0.561617 0.186930
0.561713 0.186930
0.561809 0.186930
0.561905 0.186930
0.562002 0.186930
0.562098 0.186930
0.562194 0.186683
0.562290 0.186683
0.562387 0.186683
0.562483 0.186683
0.562579 0.186436
0.562676 0.186436
0.562772 0.186436
0.562868 0.186436
0.562964 0.186436
0.563061 0.186436
0.563157 0.186436
0.563253 0.186190
0.563350 0.186190
0.563446 0.186190
0.563542 0.186190
0.563638 0.186190
0.563735 0.186190
0.563831 0.186190
0.563927 0.186190
0.564024 0.186190
0.564120 0.186190
0.564216 0.185943
0.564312 0.185943
0.564409 0.185943
0.564505 0.185943
0.564601 0.185943
0.564697 0.185943
0.564794 0.185943
0.564890 0.185943
0.564986 0.185943
0.565083 0.185697
0.565179 0.185697
0.565275 0.185697
0.565371 0.185697
0.565468 0.185697
0.565564 0.185697
0.565660 0.185450
0.565757 0.185450
0.565853 0.185203
0.565949 0.184957
0.566045 0.184957
0.566142 0.184957
0.566238 0.184957
0.566334 0.184957
0.566430 0.184957
0.566527 0.184957
0.566623 0.184957
0.566719 0.184957
0.566816 0.184957
0.566912 0.184957
0.567008 0.184957
0.567104 0.184957
0.567201 0.184710
0.567297 0.184217
0.567393 0.184217
0.567490 0.184217
0.567586 0.183970
0.567682 0.183724
0.567778 0.183724
0.567875 0.183724
0.567971 0.183724
0.568067 0.183724
0.568164 0.183477
0.568260 0.183477
0.568356 0.183231
0.568452 0.183231
0.568549 0.183231
0.568645 0.183231
0.568741 0.183231
0.568837 0.183231
0.568934 0.183231
0.569030 0.183231
0.569126 0.183231
0.569223 0.183231
0.569319 0.183231
0.569415 0.183231
0.569511 0.183231
0.569608 0.183231
0.569704 0.183231
0.569800 0.183231
0.569897 0.183231
0.569993 0.183231
0.570089 0.183231
0.570185 0.183231
0.570282 0.182984
0.570378 0.182737
0.570474 0.182737
0.570571 0.182737
0.570667 0.182737
0.570763 0.182737
0.570859 0.182737
0.570956 0.182737
0.571052 0.182737
0.571148 0.182737
0.571244 0.182244
0.571341 0.182244
0.571437 0.181998
0.571533 0.181998
0.571630 0.181998
0.571726 0.181998
0.571822 0.181998
0.571918 0.181998
0.572015 0.181751
0.572111 0.181751
0.572207 0.181751
0.572304 0.181751
0.572400 0.181751
0.572496 0.181751
0.572592 0.181751
0.572689 0.181751
0.572785 0.181751
0.572881 0.181751
0.572978 0.181504
0.573074 0.181504
0.573170 0.181258
0.573266 0.181258
0.573363 0.181258
0.573459 0.181258
0.573555 0.181258
0.573651 0.181258
0.573748 0.181258
0.573844 0.181011
0.573940 0.181011
0.574037 0.181011
0.574133 0.181011
0.574229 0.180764
0.574325 0.180518
0.574422 0.180518
0.574518 0.180518
0.574614 0.180518
0.574711 0.180518
0.574807 0.180518
0.574903 0.180518
0.574999 0.180518
0.575096 0.180518
0.575192 0.180518
0.575288 0.180518
0.575385 0.180518
0.575481 0.180518
0.575577 0.180518
0.575673 0.180518
0.575770 0.180518
0.575866 0.180518
0.575962 0.180271
0.576058 0.180271
0.576155 0.180271
0.576251 0.180271
0.576347 0.180271
0.576444 0.180271
0.576540 0.180025
0.576636 0.180025
0.576732 0.179778
0.576829 0.179531
0.576925 0.179531
0.577021 0.179531
0.577118 0.179531
0.577214 0.179531
0.577310 0.179531
0.577406 0.179531
0.577503 0.179531
0.577599 0.179531
0.577695 0.179285
0.577792 0.179038
0.577888 0.179038
0.577984 0.179038
0.578080 0.179038
0.578177 0.179038
0.578273 0.179038
0.578369 0.178792
0.578465 0.178792
0.578562 0.178545
0.578658 0.178298
0.578754 0.178298
0.578851 0.178298
0.578947 0.178298
0.579043 0.178298
0.579139 0.178298
0.579236 0.178298
0.579332 0.178298
0.579428 0.178298
0.579525 0.178298
0.579621 0.178298
0.579717 0.178298
0.579813 0.178052
0.579910 0.178052
0.580006 0.178052
0.580102 0.178052
0.580198 0.178052
0.580295 0.178052
0.580391 0.178052
0.580487 0.178052
0.580584 0.178052
0.580680 0.178052
0.580776 0.178052
0.580872 0.178052
0.580969 0.178052
0.581065 0.178052
0.581161 0.178052
0.581258 0.178052
0.581354 0.177805
0.581450 0.177805
0.581546 0.177559
0.581643 0.177559
0.581739 0.177559
0.581835 0.177559
0.581932 0.177559
0.582028 0.177559
0.582124 0.177559
0.582220 0.177312
0.582317 0.177312
0.582413 0.177312
0.582509 0.177312
0.582605 0.177312
0.582702 0.177312
0.582798 0.177065
0.582894 0.177065
0.582991 0.176819
0.583087 0.176819
0.583183 0.176819
0.583279 0.176819
0.583376 0.176326
0.583472 0.176326
0.583568 0.176326
0.583665 0.176326
0.583761 0.176326
0.583857 0.176079
0.583953 0.175832
0.584050 0.175832
0.584146 0.175832
0.584242 0.175832
0.584339 0.175832
0.584435 0.175832
0.584531 0.175832
0.584627 0.175832
0.584724 0.175832
0.584820 0.175832
0.584916 0.175832
0.585012 0.175832
0.585109 0.175832
0.585205 0.175832
0.585301 0.175832
0.585398 0.175832
0.585494 0.175832
0.585590 0.175832
0.585686 0.175832
0.585783 0.175832
0.585879 0.175832
0.585975 0.175832
0.586072 0.175586
0.586168 0.175586
0.586264 0.175339
0.586360 0.175339
0.586457 0.175339
0.586553 0.175339
0.586649 0.175339
0.586746 0.175092
0.586842 0.175092
0.586938 0.175092
0.587034 0.175092
0.587131 0.175092
0.587227 0.175092
0.587323 0.175092
0.587419 0.174846
0.587516 0.174846
0.587612 0.174846
0.587708 0.174846
0.587805 0.174846
0.587901 0.174846
0.587997 0.174599
0.588093 0.174599
0.588190 0.174353
0.588286 0.174353
0.588382 0.174353
0.588479 0.174353
0.588575 0.174353
0.588671 0.174353
0.588767 0.174106
0.588864 0.174106
0.588960 0.173859
0.589056 0.173859
0.589153 0.173859
0.589249 0.173859
0.589345 0.173859
0.589441 0.173859
0.589538 0.173859
0.589634 0.173613
0.589730 0.173366
0.589826 0.173366
0.589923 0.173366
0.590019 0.173366
0.590115 0.173366
0.590212 0.173366
0.590308 0.173120
0.590404 0.173120
0.590500 0.173120
0.590597 0.172873
0.590693 0.172873
0.590789 0.172626
0.590886 0.172626
0.590982 0.172626
0.591078 0.172626
0.591174 0.172626
0.591271 0.172626
0.591367 0.172626
0.591463 0.172626
0.591560 0.172626
0.591656 0.172626
0.591752 0.172626
0.591848 0.172626
0.591945 0.172626
0.592041 0.172380
0.592137 0.172380
0.592233 0.172380
0.592330 0.172133
0.592426 0.172133
0.592522 0.172133
0.592619 0.172133
0.592715 0.172133
0.592811 0.172133
0.592907 0.172133
0.593004 0.172133
0.593100 0.171887
0.593196 0.171887
0.593293 0.171887
0.593389 0.171887
0.593485 0.171393
0.593581 0.171393
0.593678 0.171393
0.593774 0.171393
0.593870 0.171393
0.593966 0.171393
0.594063 0.171147
0.594159 0.170900
0.594255 0.170900
0.594352 0.170900
0.594448 0.170900
0.594544 0.170654
0.594640 0.170654
0.594737 0.170654
0.594833 0.170654
0.594929 0.170654
0.595026 0.170654
0.595122 0.170654
0.595218 0.170654
0.595314 0.170654
0.595411 0.170654
0.595507 0.170654
0.595603 0.170407
0.595700 0.170407
0.595796 0.170407
0.595892 0.170407
0.595988 0.170407
0.596085 0.170160
0.596181 0.170160
0.596277 0.170160
0.596373 0.170160
0.596470 0.169914
0.596566 0.169667
0.596662 0.169667
0.596759 0.169667
0.596855 0.169667
0.596951 0.169420
0.597047 0.169420
0.597144 0.169174
0.597240 0.169174
0.597336 0.169174
0.597433 0.169174
0.597529 0.169174
0.597625 0.169174
0.597721 0.169174
0.597818 0.169174
0.597914 0.169174
0.598010 0.169174
0.598107 0.169174
0.598203 0.169174
0.598299 0.169174
0.598395 0.169174
0.598492 0.168681
0.598588 0.168681
0.598684 0.168681
0.598780 0.168681
0.598877 0.168434
0.598973 0.168434
0.599069 0.168434
0.599166 0.168434
0.599262 0.168187
0.599358 0.168187
0.599454 0.168187
0.599551 0.168187
0.599647 0.168187
0.599743 0.168187
0.599840 0.168187
0.599936 0.167941
0.600032 0.167941
0.600128 0.167941
0.600225 0.167694
0.600321 0.167201
0.600417 0.167201
0.600514 0.167201
0.600610 0.167201
0.600706 0.167201
0.600802 0.167201
0.600899 0.167201
0.600995 0.166954
0.601091 0.166954
0.601187 0.166954
0.601284 0.166954
0.601380 0.166954
0.601476 0.166954
0.601573 0.166954
0.601669 0.166954
0.601765 0.166954
0.601861 0.166954
0.601958 0.166461
0.602054 0.166461
0.602150 0.166461
0.602247 0.166461
0.602343 0.166461
0.602439 0.166215
0.602535 0.166215
0.602632 0.166215
0.602728 0.165968
0.602824 0.165968
0.602921 0.165721
0.603017 0.165721
0.603113 0.165721
0.603209 0.165475
0.603306 0.165475
0.603402 0.165475
0.603498 0.165475
0.603594 0.165475
0.603691 0.165475
0.603787 0.165475
0.603883 0.165475
0.603980 0.165475
0.604076 0.165475
0.604172 0.165228
0.604268 0.165228
0.604365 0.164982
0.604461 0.164982
0.604557 0.164735
0.604654 0.164735
0.604750 0.164735
0.604846 0.164735
0.604942 0.164735
0.605039 0.164735
0.605135 0.164488
0.605231 0.164488
0.605328 0.164488
0.605424 0.164488
0.605520 0.164488
0.605616 0.164488
0.605713 0.164488
0.605809 0.164242
0.605905 0.164242
0.606001 0.164242
0.606098 0.164242
0.606194 0.164242
0.606290 0.164242
0.606387 0.163995
0.606483 0.163995
0.606579 0.163995
0.606675 0.163748
0.606772 0.163748
0.606868 0.163255
0.606964 0.163255
0.607061 0.163255
0.607157 0.163255
0.607253 0.163255
0.607349 0.163255
0.607446 0.163255
0.607542 0.163255
0.607638 0.163255
0.607734 0.163255
0.607831 0.163255
0.607927 0.163009
0.608023 0.163009
0.608120 0.163009
0.608216 0.163009
0.608312 0.162762
0.608408 0.162762
0.608505 0.162762
0.608601 0.162762
0.608697 0.162762
0.608794 0.162515
0.608890 0.162269
0.608986 0.162269
0.609082 0.162269
0.609179 0.162269
0.609275 0.162269
0.609371 0.162269
0.609468 0.162269
0.609564 0.162022
0.609660 0.162022
0.609756 0.162022
0.609853 0.161776
0.609949 0.161529
0.610045 0.161529
0.610141 0.161529
0.610238 0.161282
0.610334 0.161282
0.610430 0.161282
0.610527 0.161282
0.610623 0.161282
0.610719 0.161282
0.610815 0.161282
0.610912 0.161282
0.611008 0.161282
0.611104 0.161282
0.611201 0.161282
0.611297 0.161282
0.611393 0.161282
0.611489 0.161282
0.611586 0.161036
0.611682 0.161036
0.611778 0.160789
0.611875 0.160789
0.611971 0.160789
0.612067 0.160543
0.612163 0.160543
0.612260 0.160296
0.612356 0.160296
0.612452 0.160049
0.612548 0.160049
0.612645 0.159803
0.612741 0.159803
0.612837 0.159803
0.612934 0.159556
0.613030 0.159309
0.613126 0.159309
0.613222 0.159309
0.613319 0.159063
0.613415 0.159063
0.613511 0.159063
0.613608 0.159063
0.613704 0.159063
0.613800 0.158816
0.613896 0.158816
0.613993 0.158570
0.614089 0.158570
0.614185 0.158570
0.614282 0.158570
0.614378 0.158570
0.614474 0.158570
0.614570 0.158570
0.614667 0.158570
0.614763 0.158570
0.614859 0.158570
0.614955 0.158570
0.615052 0.158570
0.615148 0.158570
0.615244 0.158570
0.615341 0.158323
0.615437 0.158323
0.615533 0.158076
0.615629 0.158076
0.615726 0.157830
0.615822 0.157830
0.615918 0.157830
0.616015 0.157830
0.616111 0.157830
0.616207 0.157583
0.616303 0.157583
0.616400 0.157337
0.616496 0.157337
0.616592 0.157337
0.616689 0.157337
0.616785 0.157337
0.616881 0.156843
0.616977 0.156843
0.617074 0.156843
0.617170 0.156843
0.617266 0.156843
0.617362 0.156843
0.617459 0.156843
0.617555 0.156843
0.617651 0.156597
0.617748 0.156597
0.617844 0.156597
0.617940 0.156597
0.618036 0.156350
0.618133 0.156350
0.618229 0.156350
0.618325 0.156350
0.618422 0.156350
0.618518 0.156104
0.618614 0.155857
0.618710 0.155857
0.618807 0.155857
0.618903 0.155857
0.618999 0.155857
0.619096 0.155857
0.619192 0.155857
0.619288 0.155610
0.619384 0.155610
0.619481 0.155610
0.619577 0.155610
0.619673 0.155364
0.619769 0.155364
0.619866 0.155364
0.619962 0.155364
0.620058 0.155364
0.620155 0.155364
0.620251 0.155364
0.620347 0.155117
0.620443 0.155117
0.620540 0.155117
0.620636 0.154871
0.620732 0.154624
0.620829 0.154624
0.620925 0.154624
0.621021 0.154377
0.621117 0.154377
0.621214 0.154377
0.621310 0.154377
0.621406 0.154377
0.621502 0.154377
0.621599 0.154377
0.621695 0.154377
0.621791 0.154131
0.621888 0.154131
0.621984 0.154131
0.622080 0.154131
0.622176 0.154131
0.622273 0.154131
0.622369 0.154131
0.622465 0.154131
0.622562 0.154131
0.622658 0.154131
0.622754 0.154131
0.622850 0.154131
0.622947 0.154131
0.623043 0.154131
0.623139 0.154131
0.623236 0.154131
0.623332 0.154131
0.623428 0.154131
0.623524 0.154131
0.623621 0.153884
0.623717 0.153884
0.623813 0.153884
0.623909 0.153884
0.624006 0.153884
0.624102 0.153884
0.624198 0.153884
0.624295 0.153884
0.624391 0.153884
0.624487 0.153884
0.624583 0.153884
0.624680 0.153884
0.624776 0.153637
0.624872 0.153391
0.624969 0.153391
0.625065 0.153391
0.625161 0.153391
0.625257 0.153144
0.625354 0.153144
0.625450 0.153144
0.625546 0.153144
0.625643 0.153144
0.625739 0.153144
0.625835 0.152898
0.625931 0.152898
0.626028 0.152898
0.626124 0.152651
0.626220 0.152651
0.626316 0.152651
0.626413 0.152404
0.626509 0.152404
0.626605 0.152404
0.626702 0.152158
0.626798 0.151911
0.626894 0.151911
0.626990 0.151911
0.627087 0.151911
0.627183 0.151911
0.627279 0.151418
0.627376 0.151171
0.627472 0.151171
0.627568 0.151171
0.627664 0.151171
0.627761 0.151171
0.627857 0.151171
0.627953 0.151171
0.628050 0.151171
0.628146 0.151171
0.628242 0.150678
0.628338 0.150678
0.628435 0.150432
0.628531 0.150432
0.628627 0.150432
0.628723 0.150432
0.628820 0.150432
0.628916 0.150432
0.629012 0.150432
0.629109 0.150432
0.629205 0.150432
0.629301 0.150432
0.629397 0.149938
0.629494 0.149938
0.629590 0.149938
0.629686 0.149938
0.629783 0.149692
0.629879 0.149692
0.629975 0.149445
0.630071 0.149445
0.630168 0.149199
0.630264 0.149199
0.630360 0.149199
0.630457 0.148952
0.630553 0.148952
0.630649 0.148952
0.630745 0.148952
0.630842 0.148952
0.630938 0.148952
0.631034 0.148952
0.631130 0.148952
0.631227 0.148952
0.631323 0.148952
0.631419 0.148952
0.631516 0.148952
0.631612 0.148952
0.631708 0.148705
0.631804 0.148705
0.631901 0.148459
0.631997 0.148459
0.632093 0.148459
0.632190 0.148459
0.632286 0.148459
0.632382 0.148459
0.632478 0.148459
0.632575 0.148459
0.632671 0.148459
0.632767 0.148459
0.632864 0.148459
0.632960 0.148459
0.633056 0.148212
0.633152 0.148212
0.633249 0.148212
0.633345 0.148212
0.633441 0.148212
0.633537 0.148212
0.633634 0.148212
0.633730 0.148212
0.633826 0.148212
0.633923 0.148212
0.634019 0.148212
0.634115 0.147965
0.634211 0.147965
0.634308 0.147965
0.634404 0.147965
0.634500 0.147965
0.634597 0.147472
0.634693 0.147472
0.634789 0.147472
0.634885 0.147472
0.634982 0.147472
0.635078 0.147472
0.635174 0.147472
0.635270 0.147472
0.635367 0.147472
0.635463 0.147472
0.635559 0.147472
0.635656 0.147472
0.635752 0.147472
0.635848 0.147472
0.635944 0.147472
0.636041 0.147472
0.636137 0.147472
0.636233 0.147472
0.636330 0.147472
0.636426 0.147472
0.636522 0.147226
0.636618 0.147226
0.636715 0.146979
0.636811 0.146732
0.636907 0.146732
0.637004 0.146732
0.637100 0.146732
0.637196 0.146732
0.637292 0.146732
0.637389 0.146732
0.637485 0.146486
0.637581 0.146486
0.637677 0.146239
0.637774 0.146239
0.637870 0.146239
0.637966 0.146239
0.638063 0.146239
0.638159 0.146239
0.638255 0.146239
0.638351 0.146239
0.638448 0.145993
0.638544 0.145746
0.638640 0.145746
0.638737 0.145746
0.638833 0.145499
0.638929 0.145499
0.639025 0.145499
0.639122 0.145499
0.639218 0.145499
0.639314 0.145499
0.639411 0.145499
0.639507 0.145499
0.639603 0.145499
0.639699 0.145006
0.639796 0.145006
0.639892 0.145006
0.639988 0.145006
0.640084 0.145006
0.640181 0.144760
0.640277 0.144760
0.640373 0.144760
0.640470 0.144760
0.640566 0.144760
0.640662 0.144760
0.640758 0.144760
0.640855 0.144760
0.640951 0.144760
0.641047 0.144760
0.641144 0.144760
0.641240 0.144760
0.641336 0.144760
0.641432 0.144760
0.641529 0.144760
0.641625 0.144513
0.641721 0.144513
0.641818 0.144513
0.641914 0.144513
0.642010 0.144266
0.642106 0.144020
0.642203 0.144020
0.642299 0.143773
0.642395 0.143773
0.642491 0.143527
0.642588 0.143527
0.642684 0.143527
0.642780 0.143280
0.642877 0.143280
0.642973 0.143280
0.643069 0.143280
0.643165 0.143280
0.643262 0.143033
0.643358 0.142787
0.643454 0.142787
0.643551 0.142787
0.643647 0.142540
0.643743 0.142540
0.643839 0.142540
0.643936 0.142540
0.644032 0.142540
0.644128 0.142540
0.644225 0.142540
0.644321 0.142540
0.644417 0.142540
0.644513 0.142540
0.644610 0.142540
0.644706 0.142540
0.644802 0.142293
0.644898 0.142293
0.644995 0.142293
0.645091 0.142293
0.645187 0.142047
0.645284 0.142047
0.645380 0.142047
0.645476 0.141554
0.645572 0.141554
0.645669 0.141554
0.645765 0.141554
0.645861 0.141554
0.645958 0.141554
0.646054 0.141554
0.646150 0.141554
0.646246 0.141554
0.646343 0.141554
0.646439 0.141554
0.646535 0.141554
0.646632 0.141060
0.646728 0.141060
0.646824 0.141060
0.646920 0.141060
0.647017 0.141060
0.647113 0.141060
0.647209 0.141060
0.647305 0.141060
0.647402 0.141060
0.647498 0.140814
0.647594 0.140567
0.647691 0.140567
0.647787 0.140321
0.647883 0.140321
0.647979 0.140321
0.648076 0.140074
0.648172 0.139827
0.648268 0.139581
0.648365 0.139581
0.648461 0.139581
0.648557 0.139334
0.648653 0.139334
0.648750 0.139334
0.648846 0.139334
0.648942 0.139334
0.649038 0.139334
0.649135 0.139334
0.649231 0.139088
0.649327 0.139088
0.649424 0.139088
0.649520 0.139088
0.649616 0.139088
0.649712 0.139088
0.649809 0.139088
0.649905 0.139088
0.650001 0.139088
0.650098 0.139088
0.650194 0.138841
0.650290 0.138841
0.650386 0.138841
0.650483 0.138841
0.650579 0.138841
0.650675 0.138594
0.650772 0.138594
0.650868 0.138348
0.650964 0.138348
0.651060 0.138348
0.651157 0.138348
0.651253 0.138348
0.651349 0.138101
0.651445 0.138101
0.651542 0.138101
0.651638 0.137855
0.651734 0.137855
0.651831 0.137855
0.651927 0.137608
0.652023 0.137608
0.652119 0.137608
0.652216 0.137608
0.652312 0.137608
0.652408 0.137361
0.652505 0.137361
0.652601 0.137115
0.652697 0.136868
0.652793 0.136868
0.652890 0.136868
0.652986 0.136868
0.653082 0.136868
0.653179 0.136868
0.653275 0.136868
0.653371 0.136868
0.653467 0.136621
0.653564 0.136621
0.653660 0.136621
0.653756 0.136621
0.653852 0.136621
0.653949 0.136621
0.654045 0.136621
0.654141 0.136621
0.654238 0.136621
0.654334 0.136621
0.654430 0.136621
0.654526 0.136621
0.654623 0.136621
0.654719 0.136621
0.654815 0.136621
0.654912 0.136621
0.655008 0.136621
0.655104 0.136621
0.655200 0.136621
0.655297 0.136621
0.655393 0.136621
0.655489 0.136621
0.655586 0.136621
0.655682 0.136621
0.655778 0.136621
0.655874 0.136375
0.655971 0.136375
0.656067 0.136375
0.656163 0.136128
0.656259 0.136128
0.656356 0.136128
0.656452 0.136128
0.656548 0.136128
0.656645 0.136128
0.656741 0.136128
0.656837 0.136128
0.656933 0.136128
0.657030 0.136128
0.657126 0.136128
0.657222 0.136128
0.657319 0.136128
0.657415 0.136128
0.657511 0.136128
0.657607 0.136128
0.657704 0.136128
0.657800 0.136128
0.657896 0.136128
0.657993 0.136128
0.658089 0.136128
0.658185 0.136128
0.658281 0.135882
0.658378 0.135635
0.658474 0.135635
0.658570 0.135635
0.658666 0.135388
0.658763 0.135142
0.658859 0.135142
0.658955 0.135142
0.659052 0.135142
0.659148 0.135142
0.659244 0.135142
0.659340 0.135142
0.659437 0.134895
0.659533 0.134895
0.659629 0.134895
0.659726 0.134895
0.659822 0.134895
0.659918 0.134895
0.660014 0.134895
0.660111 0.134895
0.660207 0.134895
0.660303 0.134649
0.660400 0.134402
0.660496 0.134402
0.660592 0.134402
0.660688 0.134402
0.660785 0.134402
0.660881 0.134402
0.660977 0.134402
0.661073 0.133909
0.661170 0.133909
0.661266 0.133909
0.661362 0.133909
0.661459 0.133909
0.661555 0.133909
0.661651 0.133909
0.661747 0.133909
0.661844 0.133909
0.661940 0.133909
0.662036 0.133909
0.662133 0.133909
0.662229 0.133909
0.662325 0.133909
0.662421 0.133662
0.662518 0.133662
0.662614 0.133169
0.662710 0.133169
0.662806 0.133169
0.662903 0.133169
0.662999 0.133169
0.663095 0.133169
0.663192 0.133169
0.663288 0.133169
0.663384 0.133169
0.663480 0.133169
0.663577 0.132922
0.663673 0.132922
0.663769 0.132922
0.663866 0.132922
0.663962 0.132922
0.664058 0.132922
0.664154 0.132922
0.664251 0.132922
0.664347 0.132922
0.664443 0.132676
0.664540 0.132676
0.664636 0.132676
0.664732 0.132676
0.664828 0.132676
0.664925 0.132676
0.665021 0.132429
0.665117 0.132429
0.665213 0.132429
0.665310 0.132429
0.665406 0.132429
0.665502 0.132429
0.665599 0.132182
0.665695 0.132182
0.665791 0.131936
0.665887 0.131936
0.665984 0.131936
0.666080 0.131936
0.666176 0.131936
0.666273 0.131936
0.666369 0.131936
0.666465 0.131936
0.666561 0.131936
0.666658 0.131936
0.666754 0.131936
0.666850 0.131936
0.666947 0.131936
0.667043 0.131936
0.667139 0.131689
0.667235 0.131689
0.667332 0.131689
0.667428 0.131689
0.667524 0.131689
0.667620 0.131689
0.667717 0.131689
0.667813 0.131689
0.667909 0.131689
0.668006 0.131689
0.668102 0.131689
0.668198 0.131689
0.668294 0.131689
0.668391 0.131443
0.668487 0.131443
0.668583 0.131196
0.668680 0.131196
0.668776 0.131196
0.668872 0.131196
0.668968 0.131196
0.669065 0.131196
0.669161 0.131196
0.669257 0.131196
0.669354 0.131196
0.669450 0.131196
0.669546 0.131196
0.669642 0.131196
0.669739 0.131196
0.669835 0.131196
0.669931 0.131196
0.670027 0.131196
0.670124 0.131196
0.670220 0.131196
0.670316 0.131196
0.670413 0.131196
0.670509 0.131196
0.670605 0.131196
0.670701 0.131196
0.670798 0.131196
0.670894 0.130949
0.670990 0.130949
0.671087 0.130703
0.671183 0.130703
0.671279 0.130703
0.671375 0.130703
0.671472 0.130703
0.671568 0.130703
0.671664 0.130703
0.671761 0.130703
0.671857 0.130456
0.671953 0.130456
0.672049 0.130456
0.672146 0.130456
0.672242 0.130210
0.672338 0.130210
0.672434 0.129963
0.672531 0.129716
0.672627 0.129716
0.672723 0.129716
0.672820 0.129716
0.672916 0.129470
0.673012 0.129470
0.673108 0.129470
0.673205 0.129470
0.673301 0.129470
0.673397 0.129470
0.673494 0.129470
0.673590 0.129470
0.673686 0.129470
0.673782 0.129223
0.673879 0.129223
0.673975 0.128730
0.674071 0.128730
0.674168 0.128730
0.674264 0.128730
0.674360 0.128483
0.674456 0.128483
0.674553 0.128483
0.674649 0.128483
0.674745 0.128483
0.674841 0.128483
0.674938 0.128237
0.675034 0.128237
0.675130 0.127990
0.675227 0.127990
0.675323 0.127744
0.675419 0.127250
0.675515 0.127250
0.675612 0.127250
0.675708 0.127250
0.675804 0.127004
0.675901 0.127004
0.675997 0.127004
0.676093 0.127004
0.676189 0.127004
0.676286 0.126757
0.676382 0.126757
0.676478 0.126510
0.676574 0.126264
0.676671 0.126264
0.676767 0.126017
0.676863 0.126017
0.676960 0.126017
0.677056 0.125771
0.677152 0.125771
0.677248 0.125771
0.677345 0.125524
0.677441 0.125524
0.677537 0.125524
0.677634 0.125524
0.677730 0.125524
0.677826 0.125277
0.677922 0.125277
0.678019 0.125277
0.678115 0.125277
0.678211 0.125031
0.678308 0.125031
0.678404 0.125031
0.678500 0.125031
0.678596 0.124784
0.678693 0.124784
0.678789 0.124784
0.678885 0.124538
0.678981 0.124538
0.679078 0.124291
0.679174 0.124291
0.679270 0.124044
0.679367 0.124044
0.679463 0.124044
0.679559 0.124044
0.679655 0.124044
0.679752 0.124044
0.679848 0.124044
0.679944 0.124044
0.680041 0.124044
0.680137 0.124044
0.680233 0.124044
0.680329 0.124044
0.680426 0.124044
0.680522 0.124044
0.680618 0.123798
0.680715 0.123798
0.680811 0.123798
0.680907 0.123551
0.681003 0.123058
0.681100 0.123058
0.681196 0.123058
0.681292 0.123058
0.681388 0.123058
0.681485 0.123058
0.681581 0.123058
0.681677 0.123058
0.681774 0.123058
0.681870 0.123058
0.681966 0.123058
0.682062 0.123058
0.682159 0.122811
0.682255 0.122811
0.682351 0.122811
0.682448 0.122811
0.682544 0.122811
0.682640 0.122811
0.682736 0.122811
0.682833 0.122811
0.682929 0.122811
0.683025 0.122811
0.683122 0.122811
0.683218 0.122811
0.683314 0.122811
0.683410 0.122318
0.683507 0.122318
0.683603 0.122318
0.683699 0.122318
0.683795 0.122318
0.683892 0.122318
0.683988 0.122318
0.684084 0.122318
0.684181 0.122318
0.684277 0.122318
0.684373 0.122318
0.684469 0.122318
0.684566 0.122318
0.684662 0.122318
0.684758 0.122072
0.684855 0.122072
0.684951 0.122072
0.685047 0.121825
0.685143 0.121578
0.685240 0.121578
0.685336 0.121578
0.685432 0.121578
0.685529 0.121578
0.685625 0.121578
0.685721 0.121578
0.685817 0.121578
0.685914 0.121578
0.686010 0.121578
0.686106 0.121578
0.686202 0.121578
0.686299 0.121578
0.686395 0.121578
0.686491 0.121578
0.686588 0.121578
0.686684 0.121578
0.686780 0.121578
0.686876 0.121578
0.686973 0.121085
0.687069 0.120592
0.687165 0.120345
0.687262 0.120345
0.687358 0.120345
0.687454 0.120345
0.687550 0.120099
0.687647 0.120099
0.687743 0.119852
0.687839 0.119852
0.687936 0.119852
0.688032 0.119852
0.688128 0.119852
0.688224 0.119852
0.688321 0.119605
0.688417 0.119605
0.688513 0.119605
0.688609 0.119359
0.688706 0.119359
0.688802 0.119359
0.688898 0.119359
0.688995 0.119112
0.689091 0.119112
0.689187 0.118866
0.689283 0.118866
0.689380 0.118619
0.689476 0.118372
0.689572 0.118372
0.689669 0.118126
0.689765 0.117879
0.689861 0.117879
0.689957 0.117879
0.690054 0.117879
0.690150 0.117879
0.690246 0.117879
0.690342 0.117879
0.690439 0.117879
0.690535 0.117879
0.690631 0.117633
0.690728 0.117386
0.690824 0.117386
0.690920 0.117386
0.691016 0.117386
0.691113 0.117139
0.691209 0.117139
0.691305 0.116893
0.691402 0.116646
0.691498 0.116646
0.691594 0.116646
0.691690 0.116646
0.691787 0.116646
0.691883 0.116646
0.691979 0.116646
0.692076 0.116646
0.692172 0.116400
0.692268 0.116153
0.692364 0.116153
0.692461 0.116153
0.692557 0.116153
0.692653 0.116153
0.692749 0.116153
0.692846 0.116153
0.692942 0.116153
0.693038 0.116153
0.693135 0.116153
0.693231 0.116153
0.693327 0.116153
0.693423 0.116153
0.693520 0.116153
0.693616 0.116153
0.693712 0.116153
0.693809 0.115906
0.693905 0.115906
0.694001 0.115906
0.694097 0.115906
0.694194 0.115906
0.694290 0.115660
0.694386 0.115660
0.694483 0.115660
0.694579 0.115660
0.694675 0.114920
0.694771 0.114920
0.694868 0.114920
0.694964 0.114673
0.695060 0.114673
0.695156 0.114673
0.695253 0.114673
0.695349 0.114673
0.695445 0.114673
0.695542 0.114673
0.695638 0.114673
0.695734 0.114673
0.695830 0.114673
0.695927 0.114180
0.696023 0.113933
0.696119 0.113933
0.696216 0.113933
0.696312 0.113933
0.696408 0.113933
0.696504 0.113933
0.696601 0.113440
0.696697 0.113440
0.696793 0.113440
0.696890 0.113194
0.696986 0.113194
0.697082 0.112947
0.697178 0.112947
0.697275 0.112947
0.697371 0.112947
0.697467 0.112947
0.697563 0.112947
0.697660 0.112700
0.697756 0.112700
0.697852 0.112700
0.697949 0.112700
0.698045 0.112700
0.698141 0.112700
0.698237 0.112700
0.698334 0.112700
0.698430 0.112454
0.698526 0.112207
0.698623 0.112207
0.698719 0.112207
0.698815 0.112207
0.698911 0.112207
0.699008 0.112207
0.699104 0.112207
0.699200 0.112207
0.699297 0.112207
0.699393 0.112207
0.699489 0.112207
0.699585 0.111961
0.699682 0.111961
0.699778 0.111961
0.699874 0.111961
0.699970 0.111961
0.700067 0.111961
0.700163 0.111961
0.700259 0.111221
0.700356 0.110974
0.700452 0.110727
0.700548 0.110727
0.700644 0.110727
0.700741 0.110481
0.700837 0.110481
0.700933 0.110481
0.701030 0.110234
0.701126 0.110234
0.701222 0.109988
0.701318 0.109988
0.701415 0.109988
0.701511 0.109988
0.701607 0.109741
0.701704 0.109741
0.701800 0.109741
0.701896 0.109741
0.701992 0.109494
0.702089 0.109248
0.702185 0.109248
0.702281 0.109001
0.702377 0.109001
0.702474 0.109001
0.702570 0.109001
0.702666 0.108755
0.702763 0.108755
0.702859 0.108755
0.702955 0.108755
0.703051 0.108755
0.703148 0.108508
0.703244 0.108508
0.703340 0.108508
0.703437 0.108508
0.703533 0.108261
0.703629 0.108261
0.703725 0.108015
0.703822 0.108015
0.703918 0.107768
0.704014 0.107768
0.704110 0.107768
0.704207 0.107768
0.704303 0.107768
0.704399 0.107768
0.704496 0.107768
0.704592 0.107275
0.704688 0.107275
0.704784 0.107275
0.704881 0.107275
0.704977 0.107275
0.705073 0.106782
0.705170 0.106782
0.705266 0.106535
0.705362 0.106535
0.705458 0.106535
0.705555 0.106535
0.705651 0.106535
0.705747 0.106535
0.705844 0.106535
0.705940 0.106535
0.706036 0.106535
0.706132 0.106535
0.706229 0.106535
0.706325 0.106535
0.706421 0.106289
0.706517 0.106289
0.706614 0.106289
0.706710 0.106289
0.706806 0.106289
0.706903 0.106042
0.706999 0.106042
0.707095 0.106042
0.707191 0.106042
0.707288 0.106042
0.707384 0.106042
0.707480 0.106042
0.707577 0.106042
0.707673 0.106042
0.707769 0.106042
0.707865 0.106042
0.707962 0.106042
0.708058 0.106042
0.708154 0.106042
0.708251 0.106042
0.708347 0.106042
0.708443 0.106042
0.708539 0.106042
0.708636 0.105549
0.708732 0.105549
0.708828 0.105549
0.708924 0.105549
0.709021 0.105549
0.709117 0.105302
0.709213 0.105302
0.709310 0.105055
0.709406 0.104809
0.709502 0.104809
0.709598 0.104562
0.709695 0.104562
0.709791 0.104562
0.709887 0.104562
0.709984 0.104316
0.710080 0.104069
0.710176 0.104069
0.710272 0.103576
0.710369 0.103329
0.710465 0.103329
0.710561 0.103083
0.710658 0.103083
0.710754 0.103083
0.710850 0.103083
0.710946 0.103083
0.711043 0.103083
0.711139 0.103083
0.711235 0.103083
0.711331 0.102836
0.711428 0.102836
0.711524 0.102836
0.711620 0.102836
0.711717 0.102343
0.711813 0.102343
0.711909 0.102343
0.712005 0.102343
0.712102 0.102343
0.712198 0.102343
0.712294 0.102096
0.712391 0.101850
0.712487 0.101603
0.712583 0.101603
0.712679 0.101356
0.712776 0.101356
0.712872 0.101110
0.712968 0.101110
0.713065 0.101110
0.713161 0.101110
0.713257 0.101110
0.713353 0.101110
0.713450 0.101110
0.713546 0.101110
0.713642 0.101110
0.713738 0.101110
0.713835 0.101110
0.713931 0.100863
0.714027 0.100863
0.714124 0.100863
0.714220 0.100863
0.714316 0.100863
0.714412 0.100617
0.714509 0.100617
0.714605 0.100617
0.714701 0.100617
0.714798 0.100370
0.714894 0.100370
0.714990 0.100370
0.715086 0.100370
0.715183 0.100370
0.715279 0.100370
0.715375 0.100370
0.715472 0.100370
0.715568 0.100370
0.715664 0.100370
0.715760 0.100370
0.715857 0.100123
0.715953 0.099877
0.716049 0.099877
0.716145 0.099877
0.716242 0.099877
0.716338 0.099877
0.716434 0.099877
0.716531 0.099630
0.716627 0.099383
0.716723 0.099383
0.716819 0.099383
0.716916 0.099383
0.717012 0.099383
0.717108 0.099383
0.717205 0.098890
0.717301 0.098890
0.717397 0.098890
0.717493 0.098890
0.717590 0.098890
0.717686 0.098397
0.717782 0.098397
0.717878 0.098397
0.717975 0.098150
0.718071 0.098150
0.718167 0.098150
0.718264 0.098150
0.718360 0.098150
0.718456 0.098150
0.718552 0.097657
0.718649 0.097657
0.718745 0.097657
0.718841 0.097657
0.718938 0.097657
0.719034 0.097657
0.719130 0.097657
0.719226 0.097657
0.719323 0.097657
0.719419 0.097411
0.719515 0.097164
0.719612 0.097164
0.719708 0.097164
0.719804 0.097164
0.719900 0.097164
0.719997 0.097164
0.720093 0.097164
0.720189 0.097164
0.720285 0.097164
0.720382 0.096917
0.720478 0.096917
0.720574 0.096671
0.720671 0.096671
0.720767 0.096671
0.720863 0.096424
0.720959 0.096424
0.721056 0.096178
0.721152 0.096178
0.721248 0.096178
0.721345 0.095931
0.721441 0.095931
0.721537 0.095931
0.721633 0.095931
0.721730 0.095931
0.721826 0.095931
0.721922 0.095931
0.722019 0.095931
0.722115 0.095684
0.722211 0.095684
0.722307 0.095191
0.722404 0.095191
0.722500 0.094945
0.722596 0.094945
0.722692 0.094945
0.722789 0.094945
0.722885 0.094945
0.722981 0.094945
0.723078 0.094945
0.723174 0.094945
0.723270 0.094945
0.723366 0.094945
0.723463 0.094698
0.723559 0.094698
0.723655 0.094698
0.723752 0.094698
0.723848 0.094698
0.723944 0.094698
0.724040 0.094698
0.724137 0.094698
0.724233 0.094698
0.724329 0.094451
0.724426 0.094451
0.724522 0.094451
0.724618 0.094451
0.724714 0.094451
0.724811 0.094205
0.724907 0.094205
0.725003 0.094205
0.725099 0.094205
0.725196 0.094205
0.725292 0.093958
0.725388 0.093958
0.725485 0.093958
0.725581 0.093958
0.725677 0.093711
0.725773 0.093711
0.725870 0.093465
0.725966 0.093465
0.726062 0.093465
0.726159 0.093465
0.726255 0.093465
0.726351 0.093465
0.726447 0.093465
0.726544 0.093465
0.726640 0.093465
0.726736 0.093218
0.726833 0.093218
0.726929 0.092972
0.727025 0.092972
0.727121 0.092725
0.727218 0.092478
0.727314 0.092478
0.727410 0.092478
0.727506 0.092478
0.727603 0.092478
0.727699 0.092478
0.727795 0.092478
0.727892 0.092478
0.727988 0.092232
0.728084 0.092232
0.728180 0.092232
0.728277 0.091985
0.728373 0.091985
0.728469 0.091985
0.728566 0.091985
0.728662 0.091985
0.728758 0.091985
0.728854 0.091739
0.728951 0.091492
0.729047 0.091492
0.729143 0.091492
0.729240 0.091492
0.729336 0.091492
0.729432 0.091492
0.729528 0.091492
0.729625 0.091492
0.729721 0.091492
0.729817 0.091492
0.729913 0.091492
0.730010 0.091492
0.730106 0.091492
0.730202 0.091492
0.730299 0.091492
0.730395 0.091492
0.730491 0.091492
0.730587 0.091492
0.730684 0.091492
0.730780 0.091492
0.730876 0.091492
0.730973 0.091492
0.731069 0.091492
0.731165 0.091492
0.731261 0.091492
0.731358 0.091245
0.731454 0.091245
0.731550 0.091245
0.731646 0.091245
0.731743 0.091245
0.731839 0.091245
0.731935 0.091245
0.732032 0.091245
0.732128 0.090999
0.732224 0.090999
0.732320 0.090999
0.732417 0.090999
0.732513 0.090999
0.732609 0.090999
0.732706 0.090999
0.732802 0.090999
0.732898 0.090999
0.732994 0.090999
0.733091 0.090999
0.733187 0.090999
0.733283 0.090999
0.733380 0.090999
0.733476 0.090999
0.733572 0.090999
0.733668 0.090999
0.733765 0.090999
0.733861 0.090999
0.733957 0.090752
0.734053 0.090752
0.734150 0.090752
0.734246 0.090752
0.734342 0.090752
0.734439 0.090752
0.734535 0.090259
0.734631 0.090012
0.734727 0.090012
0.734824 0.089766
0.734920 0.089766
0.735016 0.089766
0.735113 0.089766
0.735209 0.089766
0.735305 0.089766
0.735401 0.089766
0.735498 0.089766
0.735594 0.089766
0.735690 0.089766
0.735787 0.089766
0.735883 0.089519
0.735979 0.089519
0.736075 0.089026
0.736172 0.088779
0.736268 0.088779
0.736364 0.088779
0.736460 0.088779
0.736557 0.088779
0.736653 0.088533
0.736749 0.088533
0.736846 0.088533
0.736942 0.088533
0.737038 0.088286
0.737134 0.088286
0.737231 0.088286
0.737327 0.088286
0.737423 0.088286
0.737520 0.088039
0.737616 0.088039
0.737712 0.088039
0.737808 0.088039
0.737905 0.088039
0.738001 0.088039
0.738097 0.087793
0.738194 0.087793
0.738290 0.087546
0.738386 0.087546
0.738482 0.087546
0.738579 0.087546
0.738675 0.087300
0.738771 0.087300
0.738867 0.087300
0.738964 0.087300
0.739060 0.087300
0.739156 0.087300
0.739253 0.087300
0.739349 0.087053
0.739445 0.086806
0.739541 0.086806
0.739638 0.086560
0.739734 0.086313
0.739830 0.086313
0.739927 0.086313
0.740023 0.086313
0.740119 0.086313
0.740215 0.086313
0.740312 0.086313
0.740408 0.086313
0.740504 0.086313
0.740601 0.086313
0.740697 0.086313
0.740793 0.086067
0.740889 0.086067
0.740986 0.086067
0.741082 0.086067
0.741178 0.085820
0.741274 0.085820
0.741371 0.085327
0.741467 0.085327
0.741563 0.085327
0.741660 0.085080
0.741756 0.085080
0.741852 0.084834
0.741948 0.084834
0.742045 0.084834
0.742141 0.084834
0.742237 0.084834
0.742334 0.084587
0.742430 0.084340
0.742526 0.084340
0.742622 0.084340
0.742719 0.084340
0.742815 0.084340
0.742911 0.084340
0.743008 0.084340
0.743104 0.084340
0.743200 0.084340
0.743296 0.084340
0.743393 0.084094
0.743489 0.084094
0.743585 0.084094
0.743681 0.084094
0.743778 0.083847
0.743874 0.083600
0.743970 0.083354
0.744067 0.083354
0.744163 0.083354
0.744259 0.083107
0.744355 0.083107
0.744452 0.083107
0.744548 0.083107
0.744644 0.083107
0.744741 0.083107
0.744837 0.083107
0.744933 0.083107
0.745029 0.083107
0.745126 0.083107
0.745222 0.083107
0.745318 0.083107
0.745414 0.083107
0.745511 0.083107
0.745607 0.083107
0.745703 0.083107
0.745800 0.082861
0.745896 0.082861
0.745992 0.082861
0.746088 0.082861
0.746185 0.082861
0.746281 0.082861
0.746377 0.082861
0.746474 0.082614
0.746570 0.082614
0.746666 0.082614
0.746762 0.082614
0.746859 0.082614
0.746955 0.082614
0.747051 0.082614
0.747148 0.082614
0.747244 0.082614
0.747340 0.082614
0.747436 0.082614
0.747533 0.082614
0.747629 0.082614
0.747725 0.082614
0.747821 0.082614
0.747918 0.082614
0.748014 0.082614
0.748110 0.082614
0.748207 0.082614
0.748303 0.082614
0.748399 0.082614
0.748495 0.082614
0.748592 0.082367
0.748688 0.082367
0.748784 0.082367
0.748881 0.082121
0.748977 0.081874
0.749073 0.081874
0.749169 0.081874
0.749266 0.081874
0.749362 0.081874
0.749458 0.081874
0.749555 0.081874
0.749651 0.081874
0.749747 0.081874
0.749843 0.081874
0.749940 0.081874
0.750036 0.081874
0.750132 0.081874
0.750228 0.081874
0.750325 0.081874
0.750421 0.081874
0.750517 0.081874
0.750614 0.081874
0.750710 0.081874
0.750806 0.081874
0.750902 0.081874
0.750999 0.081874
0.751095 0.081874
0.751191 0.081874
0.751288 0.081874
0.751384 0.081628
0.751480 0.081381
0.751576 0.081381
0.751673 0.081381
0.751769 0.081381
0.751865 0.081381
0.751962 0.081381
0.752058 0.081381
0.752154 0.081134
0.752250 0.081134
0.752347 0.081134
0.752443 0.081134
0.752539 0.081134
0.752635 0.081134
0.752732 0.081134
0.752828 0.081134
0.752924 0.081134
0.753021 0.081134
0.753117 0.081134
0.753213 0.081134
0.753309 0.081134
0.753406 0.080888
0.753502 0.080888
0.753598 0.080641
0.753695 0.080641
0.753791 0.080641
0.753887 0.080641
0.753983 0.080641
0.754080 0.080641
0.754176 0.080641
0.754272 0.080395
0.754369 0.080395
0.754465 0.080395
0.754561 0.080395
0.754657 0.080395
0.754754 0.080395
0.754850 0.080395
0.754946 0.080395
0.755042 0.080395
0.755139 0.080395
0.755235 0.080395
0.755331 0.080395
0.755428 0.080148
0.755524 0.079901
0.755620 0.079901
0.755716 0.079901
0.755813 0.079901
0.755909 0.079901
0.756005 0.079655
0.756102 0.079655
0.756198 0.079655
0.756294 0.079655
0.756390 0.079655
0.756487 0.079655
0.756583 0.079655
0.756679 0.079408
0.756775 0.079408
0.756872 0.079408
0.756968 0.079408
0.757064 0.079408
0.757161 0.079162
0.757257 0.079162
0.757353 0.079162
0.757449 0.079162
0.757546 0.079162
0.757642 0.079162
0.757738 0.079162
0.757835 0.079162
0.757931 0.079162
0.758027 0.079162
0.758123 0.078668
0.758220 0.078422
0.758316 0.078422
0.758412 0.078422
0.758509 0.078422
0.758605 0.078422
0.758701 0.078422
0.758797 0.078422
0.758894 0.078422
0.758990 0.078422
0.759086 0.078422
0.759182 0.078422
0.759279 0.078422
0.759375 0.078422
0.759471 0.078175
0.759568 0.078175
0.759664 0.078175
0.759760 0.078175
0.759856 0.078175
0.759953 0.078175
0.760049 0.078175
0.760145 0.078175
0.760242 0.078175
0.760338 0.078175
0.760434 0.077928
0.760530 0.077682
0.760627 0.077682
0.760723 0.077682
0.760819 0.077682
0.760916 0.077682
0.761012 0.077435
0.761108 0.077435
0.761204 0.077189
0.761301 0.077189
0.761397 0.077189
0.761493 0.077189
0.761589 0.077189
0.761686 0.076942
0.761782 0.076942
0.761878 0.076695
0.761975 0.076695
0.762071 0.076695
0.762167 0.076695
0.762263 0.076449
0.762360 0.076449
0.762456 0.076449
0.762552 0.076202
0.762649 0.076202
0.762745 0.076202
0.762841 0.076202
0.762937 0.076202
0.763034 0.076202
0.763130 0.076202
0.763226 0.076202
0.763323 0.075956
0.763419 0.075956
0.763515 0.075956
0.763611 0.075956
0.763708 0.075709
0.763804 0.075709
0.763900 0.075709
0.763996 0.075709
0.764093 0.075709
0.764189 0.075709
0.764285 0.075462
0.764382 0.075462
0.764478 0.075462
0.764574 0.075462
0.764670 0.075462
0.764767 0.075462
0.764863 0.075462
0.764959 0.075216
0.765056 0.075216
0.765152 0.075216
0.765248 0.075216
0.765344 0.074969
0.765441 0.074969
0.765537 0.074969
0.765633 0.074969
0.765730 0.074969
0.765826 0.074723
0.765922 0.074723
0.766018 0.074723
0.766115 0.074723
0.766211 0.074723
0.766307 0.074723
0.766403 0.074723
0.766500 0.074723
0.766596 0.074723
0.766692 0.074723
0.766789 0.074723
0.766885 0.074723
0.766981 0.074723
0.767077 0.074476
0.767174 0.074476
0.767270 0.074476
0.767366 0.074476
0.767463 0.073983
0.767559 0.073983
0.767655 0.073983
0.767751 0.073983
0.767848 0.073983
0.767944 0.073983
0.768040 0.073983
0.768137 0.073983
0.768233 0.073983
0.768329 0.073983
0.768425 0.073983
0.768522 0.073983
0.768618 0.073983
0.768714 0.073983
0.768810 0.073983
0.768907 0.073736
0.769003 0.073736
0.769099 0.073736
0.769196 0.073736
0.769292 0.073490
0.769388 0.073490
0.769484 0.073490
0.769581 0.073490
0.769677 0.073490
0.769773 0.073490
0.769870 0.073490
0.769966 0.073490
0.770062 0.073243
0.770158 0.073243
0.770255 0.073243
0.770351 0.072996
0.770447 0.072996
0.770543 0.072996
0.770640 0.072996
0.770736 0.072996
0.770832 0.072996
0.770929 0.072996
0.771025 0.072996
0.771121 0.072996
0.771217 0.072503
0.771314 0.072256
0.771410 0.072256
0.771506 0.072256
0.771603 0.072256
0.771699 0.072256
0.771795 0.072256
0.771891 0.072256
0.771988 0.072256
0.772084 0.072256
0.772180 0.072010
0.772277 0.072010
0.772373 0.072010
0.772469 0.071763
0.772565 0.071517
0.772662 0.071270
0.772758 0.071023
0.772854 0.071023
0.772950 0.071023
0.773047 0.070777
0.773143 0.070777
0.773239 0.070777
0.773336 0.070777
0.773432 0.070777
0.773528 0.070777
0.773624 0.070777
0.773721 0.070777
0.773817 0.070530
0.773913 0.070530
0.774010 0.070530
0.774106 0.070530
0.774202 0.070530
0.774298 0.070530
0.774395 0.070284
0.774491 0.070037
0.774587 0.070037
0.774684 0.070037
0.774780 0.070037
0.774876 0.070037
0.774972 0.070037
0.775069 0.069790
0.775165 0.069790
0.775261 0.069790
0.775357 0.069544
0.775454 0.069544
0.775550 0.069297
0.775646 0.069297
0.775743 0.069297
0.775839 0.069297
0.775935 0.069297
0.776031 0.069297
0.776128 0.069297
0.776224 0.069297
0.776320 0.069297
0.776417 0.069051
0.776513 0.069051
0.776609 0.069051
0.776705 0.069051
0.776802 0.069051
0.776898 0.069051
0.776994 0.069051
0.777091 0.068804
0.777187 0.068804
0.777283 0.068804
0.777379 0.068804
0.777476 0.068804
0.777572 0.068804
0.777668 0.068804
0.777764 0.068557
0.777861 0.068557
0.777957 0.068557
0.778053 0.068557
0.778150 0.068311
0.778246 0.068311
0.778342 0.068311
0.778438 0.068311
0.778535 0.068311
0.778631 0.068311
0.778727 0.068311
0.778824 0.068311
0.778920 0.068311
0.779016 0.068064
0.779112 0.068064
0.779209 0.068064
0.779305 0.068064
0.779401 0.068064
0.779498 0.068064
0.779594 0.068064
0.779690 0.068064
0.779786 0.068064
0.779883 0.067818
0.779979 0.067818
0.780075 0.067818
0.780171 0.067571
0.780268 0.067571
0.780364 0.067571
0.780460 0.067571
0.780557 0.067571
0.780653 0.067324
0.780749 0.067324
0.780845 0.067324
0.780942 0.067324
0.781038 0.067324
0.781134 0.067324
0.781231 0.067324
0.781327 0.067078
0.781423 0.067078
0.781519 0.067078
0.781616 0.067078
0.781712 0.066831
0.781808 0.066831
0.781905 0.066584
0.782001 0.066584
0.782097 0.066584
0.782193 0.066584
0.782290 0.066584
0.782386 0.066584
0.782482 0.066584
0.782578 0.066338
0.782675 0.066338
0.782771 0.066338
0.782867 0.066338
0.782964 0.066338
0.783060 0.066338
0.783156 0.066338
0.783252 0.066338
0.783349 0.066338
0.783445 0.066338
0.783541 0.066338
0.783638 0.066091
0.783734 0.066091
0.783830 0.066091
0.783926 0.065845
0.784023 0.065845
0.784119 0.065845
0.784215 0.065845
0.784311 0.065845
0.784408 0.065598
0.784504 0.065351
0.784600 0.065351
0.784697 0.065351
0.784793 0.065105
0.784889 0.065105
0.784985 0.065105
0.785082 0.065105
0.785178 0.065105
0.785274 0.065105
0.785371 0.065105
0.785467 0.065105
0.785563 0.065105
0.785659 0.065105
0.785756 0.065105
0.785852 0.065105
0.785948 0.065105
0.786045 0.065105
0.786141 0.064858
0.786237 0.064858
0.786333 0.064858
0.786430 0.064612
0.786526 0.064612
0.786622 0.064612
0.786718 0.064612
0.786815 0.064612
0.786911 0.064612
0.787007 0.064365
0.787104 0.064365
0.787200 0.064365
0.787296 0.064365
0.787392 0.064365
0.787489 0.064365
0.787585 0.064365
0.787681 0.064365
0.787778 0.064118
0.787874 0.063872
0.787970 0.063872
0.788066 0.063872
0.788163 0.063872
0.788259 0.063872
0.788355 0.063872
0.788452 0.063872
0.788548 0.063872
0.788644 0.063872
0.788740 0.063872
0.788837 0.063625
0.788933 0.063625
0.789029 0.063625
0.789125 0.063379
0.789222 0.063379
0.789318 0.063379
0.789414 0.063379
0.789511 0.063132
0.789607 0.063132
0.789703 0.063132
0.789799 0.062885
0.789896 0.062885
0.789992 0.062639
0.790088 0.062639
0.790185 0.062392
0.790281 0.062145
0.790377 0.062145
0.790473 0.062145
0.790570 0.062145
0.790666 0.062145
0.790762 0.062145
0.790859 0.062145
0.790955 0.062145
0.791051 0.062145
0.791147 0.062145
0.791244 0.062145
0.791340 0.062145
0.791436 0.062145
0.791532 0.062145
0.791629 0.062145
0.791725 0.061652
0.791821 0.061652
0.791918 0.061652
0.792014 0.061652
0.792110 0.061652
0.792206 0.061652
0.792303 0.061652
0.792399 0.061652
0.792495 0.061652
0.792592 0.061406
0.792688 0.061159
0.792784 0.061159
0.792880 0.061159
0.792977 0.061159
0.793073 0.061159
0.793169 0.061159
0.793266 0.060666
0.793362 0.060666
0.793458 0.060419
0.793554 0.060419
0.793651 0.060419
0.793747 0.060419
0.793843 0.060419
0.793939 0.060419
0.794036 0.060419
0.794132 0.060419
0.794228 0.060419
0.794325 0.060173
0.794421 0.060173
0.794517 0.060173
0.794613 0.060173
0.794710 0.060173
0.794806 0.060173
0.794902 0.059926
0.794999 0.059926
0.795095 0.059679
0.795191 0.059433
0.795287 0.059433
0.795384 0.059186
0.795480 0.059186
0.795576 0.059186
0.795673 0.059186
0.795769 0.059186
0.795865 0.059186
0.795961 0.059186
0.796058 0.059186
0.796154 0.059186
0.796250 0.059186
0.796346 0.059186
0.796443 0.059186
0.796539 0.059186
0.796635 0.059186
0.796732 0.058940
0.796828 0.058693
0.796924 0.058693
0.797020 0.058693
0.797117 0.058693
0.797213 0.058693
0.797309 0.058693
0.797406 0.058446
0.797502 0.057707
0.797598 0.057707
0.797694 0.057707
0.797791 0.057707
0.797887 0.057707
0.797983 0.057707
0.798079 0.057707
0.798176 0.057707
0.798272 0.057707
0.798368 0.057707
0.798465 0.057707
0.798561 0.057707
0.798657 0.057707
0.798753 0.057707
0.798850 0.057707
0.798946 0.057707
0.799042 0.057707
0.799139 0.057707
0.799235 0.057707
0.799331 0.057707
0.799427 0.057707
0.799524 0.057460
0.799620 0.057460
0.799716 0.057460
0.799813 0.057460
0.799909 0.057460
0.800005 0.057213
0.800101 0.057213
0.800198 0.057213
0.800294 0.057213
0.800390 0.057213
0.800486 0.057213
0.800583 0.057213
0.800679 0.057213
0.800775 0.057213
0.800872 0.057213
0.800968 0.057213
0.801064 0.056967
0.801160 0.056967
0.801257 0.056967
0.801353 0.056967
0.801449 0.056967
0.801546 0.056967
0.801642 0.056967
0.801738 0.056967
0.801834 0.056967
0.801931 0.056967
0.802027 0.056967
0.802123 0.056967
0.802220 0.056967
0.802316 0.056967
0.802412 0.056967
0.802508 0.056720
0.802605 0.056720
0.802701 0.056720
0.802797 0.056720
0.802893 0.056720
0.802990 0.056720
0.803086 0.056720
0.803182 0.056720
0.803279 0.056720
0.803375 0.056720
0.803471 0.056720
0.803567 0.056720
0.803664 0.056473
0.803760 0.056227
0.803856 0.055980
0.803953 0.055980
0.804049 0.055980
0.804145 0.055980
0.804241 0.055980
0.804338 0.055980
0.804434 0.055980
0.804530 0.055980
0.804627 0.055980
0.804723 0.055980
0.804819 0.055980
0.804915 0.055980
0.805012 0.055980
0.805108 0.055980
0.805204 0.055980
0.805300 0.055980
0.805397 0.055980
0.805493 0.055980
0.805589 0.055980
0.805686 0.055980
0.805782 0.055734
0.805878 0.055734
0.805974 0.055734
0.806071 0.055487
0.806167 0.055487
0.806263 0.055487
0.806360 0.055240
0.806456 0.055240
0.806552 0.054994
0.806648 0.054994
0.806745 0.054994
0.806841 0.054994
0.806937 0.054994
0.807034 0.054994
0.807130 0.054747
0.807226 0.054254
0.807322 0.054254
0.807419 0.053761
0.807515 0.053761
0.807611 0.053761
0.807707 0.053761
0.807804 0.053761
0.807900 0.053514
0.807996 0.053268
0.808093 0.053268
0.808189 0.053268
0.808285 0.053268
0.808381 0.053268
0.808478 0.053268
0.808574 0.053268
0.808670 0.053268
0.808767 0.053268
0.808863 0.053021
0.808959 0.053021
0.809055 0.053021
0.809152 0.053021
0.809248 0.053021
0.809344 0.052774
0.809441 0.052774
0.809537 0.052528
0.809633 0.052528
0.809729 0.052528
0.809826 0.052528
0.809922 0.052528
0.810018 0.052528
0.810114 0.052528
0.810211 0.052528
0.810307 0.052528
0.810403 0.052528
0.810500 0.052528
0.810596 0.052528
0.810692 0.052528
0.810788 0.052528
0.810885 0.052528
0.810981 0.052281
0.811077 0.052281
0.811174 0.052281
0.811270 0.052281
0.811366 0.052281
0.811462 0.052281
0.811559 0.052035
0.811655 0.052035
0.811751 0.052035
0.811847 0.052035
0.811944 0.052035
0.812040 0.052035
0.812136 0.052035
0.812233 0.052035
0.812329 0.052035
0.812425 0.052035
0.812521 0.052035
0.812618 0.052035
0.812714 0.052035
0.812810 0.052035
0.812907 0.051788
0.813003 0.051788
0.813099 0.051788
0.813195 0.051788
0.813292 0.051788
0.813388 0.051541
0.813484 0.051541
0.813581 0.051541
0.813677 0.051541
0.813773 0.051541
0.813869 0.051541
0.813966 0.051295
0.814062 0.051295
0.814158 0.051295
0.814254 0.051295
0.814351 0.051048
0.814447 0.051048
0.814543 0.051048
0.814640 0.051048
0.814736 0.051048
0.814832 0.051048
0.814928 0.050801
0.815025 0.050555
0.815121 0.050308
0.815217 0.050308
0.815314 0.050308
0.815410 0.050308
0.815506 0.050062
0.815602 0.050062
0.815699 0.050062
0.815795 0.050062
0.815891 0.050062
0.815988 0.050062
0.816084 0.049815
0.816180 0.049815
0.816276 0.049815
0.816373 0.049568
0.816469 0.049568
0.816565 0.049568
0.816661 0.049568
0.816758 0.049568
0.816854 0.049568
0.816950 0.049568
0.817047 0.049568
0.817143 0.049568
0.817239 0.049568
0.817335 0.049568
0.817432 0.049568
0.817528 0.049568
0.817624 0.049568
0.817721 0.049322
0.817817 0.049322
0.817913 0.049322
0.818009 0.049322
0.818106 0.049322
0.818202 0.049322
0.818298 0.049322
0.818395 0.049322
0.818491 0.049322
0.818587 0.049075
0.818683 0.049075
0.818780 0.049075
0.818876 0.049075
0.818972 0.049075
0.819068 0.049075
0.819165 0.049075
0.819261 0.049075
0.819357 0.049075
0.819454 0.049075
0.819550 0.049075
0.819646 0.049075
0.819742 0.049075
0.819839 0.049075
0.819935 0.049075
0.820031 0.049075
0.820128 0.049075
0.820224 0.049075
0.820320 0.048829
0.820416 0.048829
0.820513 0.048829
0.820609 0.048829
0.820705 0.048829
0.820802 0.048829
0.820898 0.048829
0.820994 0.048829
0.821090 0.048829
0.821187 0.048335
0.821283 0.048335
0.821379 0.048335
0.821475 0.048335
0.821572 0.048089
0.821668 0.048089
0.821764 0.048089
0.821861 0.048089
0.821957 0.048089
0.822053 0.047842
0.822149 0.047842
0.822246 0.047842
0.822342 0.047596
0.822438 0.047596
0.822535 0.047596
0.822631 0.047596
0.822727 0.047596
0.822823 0.047596
0.822920 0.047596
0.823016 0.047349
0.823112 0.047349
0.823209 0.047349
0.823305 0.047102
0.823401 0.046856
0.823497 0.046856
0.823594 0.046856
0.823690 0.046856
0.823786 0.046856
0.823882 0.046856
0.823979 0.046363
0.824075 0.046116
0.824171 0.046116
0.824268 0.046116
0.824364 0.045869
0.824460 0.045869
0.824556 0.045869
0.824653 0.045869
0.824749 0.045869
0.824845 0.045623
0.824942 0.045623
0.825038 0.045623
0.825134 0.045623
0.825230 0.045623
0.825327 0.045623
0.825423 0.045623
0.825519 0.045623
0.825615 0.045623
0.825712 0.045376
0.825808 0.045376
0.825904 0.044883
0.826001 0.044883
0.826097 0.044636
0.826193 0.044636
0.826289 0.044636
0.826386 0.044390
0.826482 0.044390
0.826578 0.044390
0.826675 0.044390
0.826771 0.044390
0.826867 0.044390
0.826963 0.044390
0.827060 0.044143
0.827156 0.044143
0.827252 0.043896
0.827349 0.043896
0.827445 0.043896
0.827541 0.043896
0.827637 0.043896
0.827734 0.043896
0.827830 0.043896
0.827926 0.043650
0.828022 0.043650
0.828119 0.043650
0.828215 0.043650
0.828311 0.043650
0.828408 0.043650
0.828504 0.043650
0.828600 0.043403
0.828696 0.043403
0.828793 0.043403
0.828889 0.043403
0.828985 0.043157
0.829082 0.043157
0.829178 0.043157
0.829274 0.043157
0.829370 0.043157
0.829467 0.042910
0.829563 0.042910
0.829659 0.042663
0.829756 0.042663
0.829852 0.042417
0.829948 0.042417
0.830044 0.042417
0.830141 0.042417
0.830237 0.042417
0.830333 0.042417
0.830429 0.042417
0.830526 0.042417
0.830622 0.042417
0.830718 0.042417
0.830815 0.042417
0.830911 0.042417
0.831007 0.042417
0.831103 0.042417
0.831200 0.042417
0.831296 0.042170
0.831392 0.042170
0.831489 0.041924
0.831585 0.041924
0.831681 0.041924
0.831777 0.041924
0.831874 0.041924
0.831970 0.041924
0.832066 0.041924
0.832163 0.041924
0.832259 0.041924
0.832355 0.041924
0.832451 0.041924
0.832548 0.041924
0.832644 0.041924
0.832740 0.041924
0.832836 0.041924
0.832933 0.041924
0.833029 0.041924
0.833125 0.041924
0.833222 0.041924
0.833318 0.041924
0.833414 0.041924
0.833510 0.041430
0.833607 0.041430
0.833703 0.041430
0.833799 0.041430
0.833896 0.041430
0.833992 0.041430
0.834088 0.041184
0.834184 0.041184
0.834281 0.041184
0.834377 0.041184
0.834473 0.041184
0.834570 0.041184
0.834666 0.041184
0.834762 0.040937
0.834858 0.040691
0.834955 0.040444
0.835051 0.040444
0.835147 0.040444
0.835243 0.040444
0.835340 0.040444
0.835436 0.040444
0.835532 0.040444
0.835629 0.040444
0.835725 0.040197
0.835821 0.040197
0.835917 0.040197
0.836014 0.040197
0.836110 0.040197
0.836206 0.040197
0.836303 0.039951
0.836399 0.039951
0.836495 0.039704
0.836591 0.039704
0.836688 0.039704
0.836784 0.039704
0.836880 0.039704
0.836977 0.039457
0.837073 0.039457
0.837169 0.039211
0.837265 0.039211
0.837362 0.039211
0.837458 0.039211
0.837554 0.039211
0.837650 0.039211
0.837747 0.038964
0.837843 0.038964
0.837939 0.038964
0.838036 0.038964
0.838132 0.038964
0.838228 0.038718
0.838324 0.038471
0.838421 0.038471
0.838517 0.038471
0.838613 0.038224
0.838710 0.038224
0.838806 0.037978
0.838902 0.037978
0.838998 0.037978
0.839095 0.037978
0.839191 0.037978
0.839287 0.037978
0.839383 0.037731
0.839480 0.037731
0.839576 0.037731
0.839672 0.037731
0.839769 0.037731
0.839865 0.037731
0.839961 0.037731
0.840057 0.037731
0.840154 0.037731
0.840250 0.037731
0.840346 0.037731
0.840443 0.037731
0.840539 0.037731
0.840635 0.037485
0.840731 0.037485
0.840828 0.037485
0.840924 0.037238
0.841020 0.037238
0.841117 0.037238
0.841213 0.036991
0.841309 0.036745
0.841405 0.036745
0.841502 0.036745
0.841598 0.036745
0.841694 0.036498
0.841790 0.036252
0.841887 0.036005
0.841983 0.035758
0.842079 0.035758
0.842176 0.035512
0.842272 0.035512
0.842368 0.035512
0.842464 0.035512
0.842561 0.035512
0.842657 0.035512
0.842753 0.035512
0.842850 0.035265
0.842946 0.035265
0.843042 0.035265
0.843138 0.035265
0.843235 0.035265
0.843331 0.035265
0.843427 0.035265
0.843524 0.035265
0.843620 0.035265
0.843716 0.035265
0.843812 0.035265
0.843909 0.035265
0.844005 0.035265
0.844101 0.035265
0.844197 0.035265
0.844294 0.035265
0.844390 0.035265
0.844486 0.035265
0.844583 0.035265
0.844679 0.035018
0.844775 0.035018
0.844871 0.035018
0.844968 0.035018
0.845064 0.035018
0.845160 0.035018
0.845257 0.035018
0.845353 0.035018
0.845449 0.035018
0.845545 0.035018
0.845642 0.035018
0.845738 0.035018
0.845834 0.035018
0.845931 0.035018
0.846027 0.035018
0.846123 0.035018
0.846219 0.035018
0.846316 0.035018
0.846412 0.034772
0.846508 0.034772
0.846604 0.034772
0.846701 0.034772
0.846797 0.034525
0.846893 0.034525
0.846990 0.034525
0.847086 0.034525
0.847182 0.034525
0.847278 0.034525
0.847375 0.034279
0.847471 0.034279
0.847567 0.034279
0.847664 0.034279
0.847760 0.034279
0.847856 0.034279
0.847952 0.034279
0.848049 0.034279
0.848145 0.034279
0.848241 0.034032
0.848338 0.034032
0.848434 0.034032
0.848530 0.034032
0.848626 0.034032
0.848723 0.034032
0.848819 0.034032
0.848915 0.034032
0.849011 0.034032
0.849108 0.034032
0.849204 0.034032
0.849300 0.034032
0.849397 0.034032
0.849493 0.034032
0.849589 0.034032
0.849685 0.034032
0.849782 0.033785
0.849878 0.033785
0.849974 0.033785
0.850071 0.033785
0.850167 0.033785
0.850263 0.033785
0.850359 0.033785
0.850456 0.033785
0.850552 0.033785
0.850648 0.033785
0.850745 0.033785
0.850841 0.033785
0.850937 0.033785
0.851033 0.033785
0.851130 0.033539
0.851226 0.033539
0.851322 0.033539
0.851418 0.033292
0.851515 0.033292
0.851611 0.033292
0.851707 0.033292
0.851804 0.033292
0.851900 0.033046
0.851996 0.033046
0.852092 0.033046
0.852189 0.033046
0.852285 0.033046
0.852381 0.033046
0.852478 0.033046
0.852574 0.033046
0.852670 0.033046
0.852766 0.032799
0.852863 0.032799
0.852959 0.032799
0.853055 0.032799
0.853151 0.032552
0.853248 0.032552
0.853344 0.032552
0.853440 0.032552
0.853537 0.032552
0.853633 0.032552
0.853729 0.032306
0.853825 0.032306
0.853922 0.032306
0.854018 0.032306
0.854114 0.032306
0.854211 0.032059
0.854307 0.032059
0.854403 0.031813
0.854499 0.031813
0.854596 0.031813
0.854692 0.031813
0.854788 0.031566
0.854885 0.031566
0.854981 0.031566
0.855077 0.031566
0.855173 0.031566
0.855270 0.031319
0.855366 0.031319
0.855462 0.031319
0.855558 0.031319
0.855655 0.031073
0.855751 0.031073
0.855847 0.031073
0.855944 0.030826
0.856040 0.030826
0.856136 0.030826
0.856232 0.030826
0.856329 0.030826
0.856425 0.030826
0.856521 0.030826
0.856618 0.030826
0.856714 0.030826
0.856810 0.030826
0.856906 0.030826
0.857003 0.030826
0.857099 0.030826
0.857195 0.030826
0.857292 0.030826
0.857388 0.030826
0.857484 0.030826
0.857580 0.030826
0.857677 0.030826
0.857773 0.030826
0.857869 0.030826
0.857965 0.030826
0.858062 0.030580
0.858158 0.030580
0.858254 0.030580
0.858351 0.030580
0.858447 0.030086
0.858543 0.029840
0.858639 0.029840
0.858736 0.029840
0.858832 0.029840
0.858928 0.029840
0.859025 0.029840
0.859121 0.029840
0.859217 0.029593
0.859313 0.029346
0.859410 0.029346
0.859506 0.029346
0.859602 0.029100
0.859699 0.029100
0.859795 0.029100
0.859891 0.029100
0.859987 0.029100
0.860084 0.029100
0.860180 0.029100
0.860276 0.029100
0.860372 0.029100
0.860469 0.029100
0.860565 0.029100
0.860661 0.028853
0.860758 0.028853
0.860854 0.028607
0.860950 0.028607
0.861046 0.028607
0.861143 0.028360
0.861239 0.028360
0.861335 0.028360
0.861432 0.028113
0.861528 0.028113
0.861624 0.028113
0.861720 0.028113
0.861817 0.028113
0.861913 0.028113
0.862009 0.028113
0.862106 0.028113
0.862202 0.028113
0.862298 0.027620
0.862394 0.027620
0.862491 0.027620
0.862587 0.027620
0.862683 0.027620
0.862779 0.027620
0.862876 0.027620
0.862972 0.027374
0.863068 0.027374
0.863165 0.027127
0.863261 0.027127
0.863357 0.027127
0.863453 0.026880
0.863550 0.026880
0.863646 0.026880
0.863742 0.026880
0.863839 0.026880
0.863935 0.026880
0.864031 0.026880
0.864127 0.026880
0.864224 0.026634
0.864320 0.026387
0.864416 0.026141
0.864513 0.026141
0.864609 0.025894
0.864705 0.025894
0.864801 0.025894
0.864898 0.025894
0.864994 0.025894
0.865090 0.025894
0.865186 0.025647
0.865283 0.025647
0.865379 0.025647
0.865475 0.025401
0.865572 0.025154
0.865668 0.025154
0.865764 0.025154
0.865860 0.025154
0.865957 0.025154
0.866053 0.025154
0.866149 0.024908
0.866246 0.024908
0.866342 0.024908
0.866438 0.024908
0.866534 0.024908
0.866631 0.024908
0.866727 0.024908
0.866823 0.024908
0.866919 0.024908
0.867016 0.024908
0.867112 0.024908
0.867208 0.024908
0.867305 0.024908
0.867401 0.024908
0.867497 0.024908
0.867593 0.024908
0.867690 0.024908
0.867786 0.024908
0.867882 0.024908
0.867979 0.024661
0.868075 0.024661
0.868171 0.024661
0.868267 0.024414
0.868364 0.024414
0.868460 0.024414
0.868556 0.024414
0.868653 0.024414
0.868749 0.024414
0.868845 0.024168
0.868941 0.024168
0.869038 0.024168
0.869134 0.024168
0.869230 0.023921
0.869326 0.023921
0.869423 0.023921
0.869519 0.023921
0.869615 0.023921
0.869712 0.023921
0.869808 0.023921
0.869904 0.023428
0.870000 0.023428
0.870097 0.023181
0.870193 0.023181
0.870289 0.023181
0.870386 0.023181
0.870482 0.022935
0.870578 0.022935
0.870674 0.022935
0.870771 0.022935
0.870867 0.022935
0.870963 0.022935
0.871060 0.022935
0.871156 0.022935
0.871252 0.022935
0.871348 0.022688
0.871445 0.022688
0.871541 0.022688
0.871637 0.022688
0.871733 0.022688
0.871830 0.022688
0.871926 0.022688
0.872022 0.022688
0.872119 0.022688
0.872215 0.022688
0.872311 0.022688
0.872407 0.022688
0.872504 0.022688
0.872600 0.022688
0.872696 0.022688
0.872793 0.022688
0.872889 0.022688
0.872985 0.022688
0.873081 0.022688
0.873178 0.022688
0.873274 0.022688
0.873370 0.022688
0.873467 0.022688
0.873563 0.022688
0.873659 0.022688
0.873755 0.022688
0.873852 0.022688
0.873948 0.022688
0.874044 0.022688
0.874140 0.022688
0.874237 0.022688
0.874333 0.022441
0.874429 0.022441
0.874526 0.022441
0.874622 0.022441
0.874718 0.022441
0.874814 0.022441
0.874911 0.022441
0.875007 0.022441
0.875103 0.022195
0.875200 0.022195
0.875296 0.022195
0.875392 0.022195
0.875488 0.022195
0.875585 0.022195
0.875681 0.022195
0.875777 0.022195
0.875874 0.022195
0.875970 0.022195
0.876066 0.021948
0.876162 0.021948
0.876259 0.021948
0.876355 0.021948
0.876451 0.021948
0.876547 0.021948
0.876644 0.021702
0.876740 0.021702
0.876836 0.021702
0.876933 0.021702
0.877029 0.021702
0.877125 0.021455
0.877221 0.021455
0.877318 0.021455
0.877414 0.021455
0.877510 0.021455
0.877607 0.021455
0.877703 0.021455
0.877799 0.021455
0.877895 0.021455
0.877992 0.021455
0.878088 0.021455
0.878184 0.021455
0.878281 0.021208
0.878377 0.021208
0.878473 0.021208
0.878569 0.020962
0.878666 0.020962
0.878762 0.020962
0.878858 0.020715
0.878954 0.020715
0.879051 0.020469
0.879147 0.020469
0.879243 0.020469
0.879340 0.020469
0.879436 0.020469
0.879532 0.020469
0.879628 0.020469
0.879725 0.020469
0.879821 0.020469
0.879917 0.020469
0.880014 0.020469
0.880110 0.020469
0.880206 0.020469
0.880302 0.020469
0.880399 0.020469
0.880495 0.020469
0.880591 0.020469
0.880687 0.020469
0.880784 0.020469
0.880880 0.020222
0.880976 0.020222
0.881073 0.020222
0.881169 0.020222
0.881265 0.020222
0.881361 0.020222
0.881458 0.020222
0.881554 0.019975
0.881650 0.019975
0.881747 0.019729
0.881843 0.019729
0.881939 0.019729
0.882035 0.019729
0.882132 0.019729
0.882228 0.019729
0.882324 0.019729
0.882421 0.019729
0.882517 0.019482
0.882613 0.019482
0.882709 0.019482
0.882806 0.019482
0.882902 0.019482
0.882998 0.019482
0.883094 0.019482
0.883191 0.019482
0.883287 0.019482
0.883383 0.019482
0.883480 0.019482
0.883576 0.019482
0.883672 0.019482
0.883768 0.019482
0.883865 0.019482
0.883961 0.019482
0.884057 0.019482
0.884154 0.019482
0.884250 0.019482
0.884346 0.019482
0.884442 0.019482
0.884539 0.019482
0.884635 0.019482
0.884731 0.019482
0.884828 0.018989
0.884924 0.018989
0.885020 0.018989
0.885116 0.018989
0.885213 0.018989
0.885309 0.018989
0.885405 0.018989
0.885501 0.018989
0.885598 0.018989
0.885694 0.018989
0.885790 0.018989
0.885887 0.018989
0.885983 0.018989
0.886079 0.018742
0.886175 0.018742
0.886272 0.018742
0.886368 0.018742
0.886464 0.018496
0.886561 0.018496
0.886657 0.018496
0.886753 0.018496
0.886849 0.018496
0.886946 0.018496
0.887042 0.018496
0.887138 0.018249
0.887235 0.017756
0.887331 0.017756
0.887427 0.017756
0.887523 0.017756
0.887620 0.017756
0.887716 0.017509
0.887812 0.017509
0.887908 0.017509
0.888005 0.017263
0.888101 0.017263
0.888197 0.017263
0.888294 0.017263
0.888390 0.017263
0.888486 0.017016
0.888582 0.017016
0.888679 0.017016
0.888775 0.017016
0.888871 0.017016
0.888968 0.017016
0.889064 0.017016
0.889160 0.016769
0.889256 0.016523
0.889353 0.016523
0.889449 0.016523
0.889545 0.016523
0.889642 0.016276
0.889738 0.016276
0.889834 0.016276
0.889930 0.016276
0.890027 0.016276
0.890123 0.016276
0.890219 0.016276
0.890315 0.016276
0.890412 0.016276
0.890508 0.016276
0.890604 0.016276
0.890701 0.016276
0.890797 0.016276
0.890893 0.016276
0.890989 0.016276
0.891086 0.016276
0.891182 0.016276
0.891278 0.016276
0.891375 0.016276
0.891471 0.016276
0.891567 0.016276
0.891663 0.016276
0.891760 0.016276
0.891856 0.016276
0.891952 0.016276
0.892049 0.016030
0.892145 0.015783
0.892241 0.015536
0.892337 0.015536
0.892434 0.015536
0.892530 0.015536
0.892626 0.015536
0.892722 0.015536
0.892819 0.015536
0.892915 0.015290
0.893011 0.015290
0.893108 0.015290
0.893204 0.015290
0.893300 0.015290
0.893396 0.015290
0.893493 0.015290
0.893589 0.015290
0.893685 0.015290
0.893782 0.015290
0.893878 0.015290
0.893974 0.015290
0.894070 0.015290
0.894167 0.015290
0.894263 0.015290
0.894359 0.015290
0.894455 0.015290
0.894552 0.015290
0.894648 0.015290
0.894744 0.015290
0.894841 0.015043
0.894937 0.015043
0.895033 0.014550
0.895129 0.014550
0.895226 0.014550
0.895322 0.014550
0.895418 0.014550
0.895515 0.014550
0.895611 0.014550
0.895707 0.014550
0.895803 0.014550
0.895900 0.014550
0.895996 0.014550
0.896092 0.014550
0.896189 0.014550
0.896285 0.014550
0.896381 0.014550
0.896477 0.014550
0.896574 0.014550
0.896670 0.014550
0.896766 0.014550
0.896862 0.014550
0.896959 0.014550
0.897055 0.014550
0.897151 0.014303
0.897248 0.014303
0.897344 0.014057
0.897440 0.013810
0.897536 0.013810
0.897633 0.013810
0.897729 0.013810
0.897825 0.013810
0.897922 0.013810
0.898018 0.013810
0.898114 0.013810
0.898210 0.013810
0.898307 0.013810
0.898403 0.013810
0.898499 0.013810
0.898596 0.013810
0.898692 0.013810
0.898788 0.013564
0.898884 0.013564
0.898981 0.013564
0.899077 0.013564
0.899173 0.013564
0.899269 0.013564
0.899366 0.013564
0.899462 0.013564
0.899558 0.013564
0.899655 0.013564
0.899751 0.013564
0.899847 0.013564
0.899943 0.013564
0.900040 0.013564
0.900136 0.013317
0.900232 0.013317
0.900329 0.013317
0.900425 0.013070
0.900521 0.013070
0.900617 0.013070
0.900714 0.013070
0.900810 0.013070
0.900906 0.013070
0.901003 0.013070
0.901099 0.013070
0.901195 0.013070
0.901291 0.013070
0.901388 0.013070
0.901484 0.013070
0.901580 0.013070
0.901676 0.013070
0.901773 0.013070
0.901869 0.012824
0.901965 0.012824
0.902062 0.012824
0.902158 0.012824
0.902254 0.012577
0.902350 0.012577
0.902447 0.012577
0.902543 0.012577
0.902639 0.012577
0.902736 0.012577
0.902832 0.012577
0.902928 0.012577
0.903024 0.012577
0.903121 0.012577
0.903217 0.012577
0.903313 0.012330
0.903410 0.012330
0.903506 0.012330
0.903602 0.012330
0.903698 0.012330
0.903795 0.012330
0.903891 0.012330
0.903987 0.012330
0.904083 0.012084
0.904180 0.012084
0.904276 0.012084
0.904372 0.012084
0.904469 0.012084
0.904565 0.012084
0.904661 0.012084
0.904757 0.012084
0.904854 0.012084
0.904950 0.012084
0.905046 0.012084
0.905143 0.012084
0.905239 0.012084
0.905335 0.011837
0.905431 0.011837
0.905528 0.011837
0.905624 0.011837
0.905720 0.011837
0.905817 0.011837
0.905913 0.011837
0.906009 0.011837
0.906105 0.011837
0.906202 0.011837
0.906298 0.011837
0.906394 0.011837
0.906490 0.011837
0.906587 0.011837
0.906683 0.011344
0.906779 0.011344
0.906876 0.011097
0.906972 0.011097
0.907068 0.011097
0.907164 0.011097
0.907261 0.011097
0.907357 0.011097
0.907453 0.011097
0.907550 0.011097
0.907646 0.011097
0.907742 0.011097
0.907838 0.011097
0.907935 0.011097
0.908031 0.011097
0.908127 0.011097
0.908223 0.011097
0.908320 0.011097
0.908416 0.011097
0.908512 0.011097
0.908609 0.011097
0.908705 0.011097
0.908801 0.011097
0.908897 0.011097
0.908994 0.011097
0.909090 0.011097
0.909186 0.011097
0.909283 0.011097
0.909379 0.011097
0.909475 0.011097
0.909571 0.011097
0.909668 0.011097
0.909764 0.011097
0.909860 0.011097
0.909957 0.010851
0.910053 0.010851
0.910149 0.010851
0.910245 0.010851
0.910342 0.010851
0.910438 0.010851
0.910534 0.010851
0.910630 0.010851
0.910727 0.010851
0.910823 0.010604
0.910919 0.010604
0.911016 0.010604
0.911112 0.010604
0.911208 0.010604
0.911304 0.010604
0.911401 0.010604
0.911497 0.010604
0.911593 0.010604
0.911690 0.010604
0.911786 0.010604
0.911882 0.010604
0.911978 0.010604
0.912075 0.010111
0.912171 0.010111
0.912267 0.010111
0.912364 0.010111
0.912460 0.010111
0.912556 0.010111
0.912652 0.010111
0.912749 0.009864
0.912845 0.009864
0.912941 0.009864
0.913037 0.009864
0.913134 0.009864
0.913230 0.009864
0.913326 0.009864
0.913423 0.009864
0.913519 0.009864
0.913615 0.009864
0.913711 0.009864
0.913808 0.009864
0.913904 0.009864
0.914000 0.009864
0.914097 0.009618
0.914193 0.009618
0.914289 0.009618
0.914385 0.009618
0.914482 0.009618
0.914578 0.009618
0.914674 0.009618
0.914771 0.009371
0.914867 0.009371
0.914963 0.009371
0.915059 0.009371
0.915156 0.009371
0.915252 0.009371
0.915348 0.009371
0.915444 0.009371
0.915541 0.009371
0.915637 0.009371
0.915733 0.009371
0.915830 0.009371
0.915926 0.009371
0.916022 0.009371
0.916118 0.009371
0.916215 0.009371
0.916311 0.009371
0.916407 0.009371
0.916504 0.009371
0.916600 0.009371
0.916696 0.009371
0.916792 0.009125
0.916889 0.009125
0.916985 0.009125
0.917081 0.009125
0.917178 0.009125
0.917274 0.009125
0.917370 0.009125
0.917466 0.009125
0.917563 0.009125
0.917659 0.009125
0.917755 0.009125
0.917851 0.009125
0.917948 0.009125
0.918044 0.008878
0.918140 0.008878
0.918237 0.008878
0.918333 0.008878
0.918429 0.008631
0.918525 0.008631
0.918622 0.008631
0.918718 0.008631
0.918814 0.008385
0.918911 0.008385
0.919007 0.008385
0.919103 0.008385
0.919199 0.008385
0.919296 0.008385
0.919392 0.008138
0.919488 0.008138
0.919585 0.008138
0.919681 0.008138
0.919777 0.008138
0.919873 0.008138
0.919970 0.008138
0.920066 0.008138
0.920162 0.008138
0.920258 0.008138
0.920355 0.008138
0.920451 0.008138
0.920547 0.008138
0.920644 0.008138
0.920740 0.008138
0.920836 0.008138
0.920932 0.007891
0.921029 0.007891
0.921125 0.007891
0.921221 0.007645
0.921318 0.007645
0.921414 0.007645
0.921510 0.007645
0.921606 0.007645
0.921703 0.007645
0.921799 0.007645
0.921895 0.007645
0.921991 0.007152
0.922088 0.007152
0.922184 0.007152
0.922280 0.007152
0.922377 0.006905
0.922473 0.006905
0.922569 0.006905
0.922665 0.006905
0.922762 0.006658
0.922858 0.006658
0.922954 0.006658
0.923051 0.006412
0.923147 0.006165
0.923243 0.006165
0.923339 0.006165
0.923436 0.006165
0.923532 0.006165
0.923628 0.006165
0.923725 0.006165
0.923821 0.006165
0.923917 0.006165
0.924013 0.006165
0.924110 0.006165
0.924206 0.005919
0.924302 0.005919
0.924398 0.005919
0.924495 0.005919
0.924591 0.005672
0.924687 0.005672
0.924784 0.005672
0.924880 0.005672
0.924976 0.005672
0.925072 0.005672
0.925169 0.005672
0.925265 0.005672
0.925361 0.005672
0.925458 0.005672
0.925554 0.005672
0.925650 0.005425
0.925746 0.005425
0.925843 0.005425
0.925939 0.005425
0.926035 0.005425
0.926132 0.005425
0.926228 0.005179
0.926324 0.004932
0.926420 0.004932
0.926517 0.004932
0.926613 0.004932
0.926709 0.004932
0.926805 0.004932
0.926902 0.004932
0.926998 0.004932
0.927094 0.004686
0.927191 0.004686
0.927287 0.004686
0.927383 0.004686
0.927479 0.004686
0.927576 0.004686
0.927672 0.004439
0.927768 0.004439
0.927865 0.004192
0.927961 0.003946
0.928057 0.003946
0.928153 0.003946
0.928250 0.003946
0.928346 0.003946
0.928442 0.003946
0.928539 0.003946
0.928635 0.003946
0.928731 0.003946
0.928827 0.003946
0.928924 0.003699
0.929020 0.003699
0.929116 0.003699
0.929212 0.003699
0.929309 0.003699
0.929405 0.003699
0.929501 0.003699
0.929598 0.003699
0.929694 0.003699
0.929790 0.003699
0.929886 0.003699
0.929983 0.003699
0.930079 0.003699
0.930175 0.003699
0.930272 0.003699
0.930368 0.003699
0.930464 0.003699
0.930560 0.003699
0.930657 0.003699
0.930753 0.003699
0.930849 0.003699
0.930946 0.003699
0.931042 0.003699
0.931138 0.003699
0.931234 0.003453
0.931331 0.003453
0.931427 0.003453
0.931523 0.003206
0.931619 0.003206
0.931716 0.003206
0.931812 0.002959
0.931908 0.002959
0.932005 0.002959
0.932101 0.002959
0.932197 0.002959
0.932293 0.002713
0.932390 0.002466
0.932486 0.002466
0.932582 0.002466
0.932679 0.002466
0.932775 0.002466
0.932871 0.002466
0.932967 0.002466
0.933064 0.002466
0.933160 0.002219
0.933256 0.002219
0.933353 0.002219
0.933449 0.002219
0.933545 0.002219
0.933641 0.002219
0.933738 0.002219
0.933834 0.002219
0.933930 0.002219
0.934026 0.002219
0.934123 0.002219
0.934219 0.001973
0.934315 0.001726
0.934412 0.001726
0.934508 0.001480
0.934604 0.001480
0.934700 0.001480
0.934797 0.001480
0.934893 0.001480
0.934989 0.001480
0.935086 0.001480
0.935182 0.001480
0.935278 0.001480
0.935374 0.001233
0.935471 0.001233
0.935567 0.001233
0.935663 0.000986
0.935759 0.000986
0.935856 0.000986
0.935952 0.000986
0.936048 0.000986
0.936145 0.000986
0.936241 0.000986
0.936337 0.000986
0.936433 0.000986
0.936530 0.000986
0.936626 0.000986
0.936722 0.000986
0.936819 0.000986
0.936915 0.000986
0.937011 0.000986
0.937107 0.000986
0.937204 0.000986
0.937300 0.000986
0.937396 0.000986
0.937493 0.000986
0.937589 0.000986
0.937685 0.000986
0.937781 0.000986
0.937878 0.000986
0.937974 0.000986
0.938070 0.000986
0.938166 0.000986
0.938263 0.000986
0.938359 0.000986
0.938455 0.000986
0.938552 0.000740
0.938648 0.000740
0.938744 0.000740
0.938840 0.000740
0.938937 0.000740
0.939033 0.000740
0.939129 0.000740
0.939226 0.000740
0.939322 0.000740
0.939418 0.000740
0.939514 0.000740
0.939611 0.000740
0.939707 0.000740
0.939803 0.000740
0.939900 0.000740
0.939996 0.000740
0.940092 0.000740
0.940188 0.000740
0.940285 0.000740
0.940381 0.000740
0.940477 0.000740
0.940573 0.000740
0.940670 0.000740
0.940766 0.000740
0.940862 0.000740
0.940959 0.000740
0.941055 0.000740
0.941151 0.000493
0.941247 0.000493
0.941344 0.000493
0.941440 0.000493
0.941536 0.000247
0.941633 0.000247
0.941729 0.000247
0.941825 0.000247
0.941921 0.000247
0.942018 0.000247
0.942114 0.000247
0.942210 0.000247
0.942307 0.000247
0.942403 0.000247
0.942499 0.000247
0.942595 0.000247
0.942692 0.000247
0.942788 0.000247
0.942884 0.000247
0.942980 0.000247
0.943077 0.000247
0.943173 0.000247
0.943269 0.000247
0.943366 0.000247
0.943462 0.000247
0.943558 0.000247
0.943654 0.000247
0.943751 0.000247
0.943847 0.000247
0.943943 0.000247
0.944040 0.000247
0.944136 0.000247
0.944232 0.000247
0.944328 0.000247
0.944425 0.000247
0.944521 0.000247
0.944617 0.000247
0.944714 0.000247
0.944810 0.000247
0.944906 0.000247
0.945002 0.000247
0.945099 0.000247
0.945195 0.000247
0.945291 0.000247
0.945387 0.000247
0.945484 0.000247
0.945580 0.000247
0.945676 0.000247
0.945773 0.000247
0.945869 0.000247
0.945965 0.000247
0.946061 0.000247
0.946158 0.000247
0.946254 0.000247
0.946350 0.000247
0.946447 0.000247
0.946543 0.000247
0.946639 0.000247
0.946735 0.000247
0.946832 0.000247
0.946928 0.000247
0.947024 0.000247
0.947121 0.000247
0.947217 0.000247
0.947313 0.000247
0.947409 0.000247
0.947506 0.000247
0.947602 0.000247
0.947698 0.000247
0.947794 0.000247
0.947891 0.000247
0.947987 0.000247
0.948083 0.000247
0.948180 0.000247
0.948276 0.000247
0.948372 0.000247
0.948468 0.000247
0.948565 0.000247
0.948661 0.000247
0.948757 0.000247
0.948854 0.000247
0.948950 0.000247
0.949046 0.000247
0.949142 0.000247
0.949239 0.000247
0.949335 0.000247
0.949431 0.000247
0.949527 0.000247
0.949624 0.000247
0.949720 0.000247
0.949816 0.000247
0.949913 0.000000
0.950009 0.000000
0.950105 0.000000
0.950201 0.000000
0.950298 0.000000
0.950394 0.000000
0.950490 0.000000
0.950587 0.000000
0.950683 0.000000
0.950779 0.000000
0.950875 0.000000
0.950972 0.000000
0.951068 0.000000
0.951164 0.000000
0.951261 0.000000
0.951357 0.000000
0.951453 0.000000
0.951549 0.000000
0.951646 0.000000
0.951742 0.000000
0.951838 0.000000
0.951934 0.000000
0.952031 0.000000
0.952127 0.000000
0.952223 0.000000
0.952320 0.000000
0.952416 0.000000
0.952512 0.000000
0.952608 0.000000
0.952705 0.000000
0.952801 0.000000
0.952897 0.000000
0.952994 0.000000
0.953090 0.000000
0.953186 0.000000
0.953282 0.000000
0.953379 0.000000
0.953475 0.000000
0.953571 0.000000
0.953668 0.000000
0.953764 0.000000
0.953860 0.000000
0.953956 0.000000
0.954053 0.000000
0.954149 0.000000
0.954245 0.000000
0.954341 0.000000
0.954438 0.000000
0.954534 0.000000
0.954630 0.000000
0.954727 0.000000
0.954823 0.000000
0.954919 0.000000
0.955015 0.000000
0.955112 0.000000
0.955208 0.000000
0.955304 0.000000
0.955401 0.000000
0.955497 0.000000
0.955593 0.000000
0.955689 0.000000
0.955786 0.000000
0.955882 0.000000
0.955978 0.000000
0.956075 0.000000
0.956171 0.000000
0.956267 0.000000
0.956363 0.000000
0.956460 0.000000
0.956556 0.000000
0.956652 0.000000
0.956748 0.000000
0.956845 0.000000
0.956941 0.000000
0.957037 0.000000
0.957134 0.000000
0.957230 0.000000
0.957326 0.000000
0.957422 0.000000
0.957519 0.000000
0.957615 0.000000
0.957711 0.000000
0.957808 0.000000
0.957904 0.000000
0.958000 0.000000
0.958096 0.000000
0.958193 0.000000
0.958289 0.000000
0.958385 0.000000
0.958482 0.000000
0.958578 0.000000
0.958674 0.000000
0.958770 0.000000
0.958867 0.000000
0.958963 0.000000
0.959059 0.000000
0.959155 0.000000
0.959252 0.000000
0.959348 0.000000
0.959444 0.000000
0.959541 0.000000
0.959637 0.000000
0.959733 0.000000
0.959829 0.000000
0.959926 0.000000
0.960022 0.000000
0.960118 0.000000
0.960215 0.000000
0.960311 0.000000
0.960407 0.000000
0.960503 0.000000
0.960600 0.000000
0.960696 0.000000
0.960792 0.000000
0.960889 0.000000
0.960985 0.000000
0.961081 0.000000
0.961177 0.000000
0.961274 0.000000
0.961370 0.000000
0.961466 0.000000
0.961562 0.000000
0.961659 0.000000
0.961755 0.000000
0.961851 0.000000
0.961948 0.000000
0.962044 0.000000
0.962140 0.000000
0.962236 0.000000
0.962333 0.000000
0.962429 0.000000
0.962525 0.000000
0.962622 0.000000
0.962718 0.000000
0.962814 0.000000
0.962910 0.000000
0.963007 0.000000
0.963103 0.000000
0.963199 0.000000
0.963295 0.000000
0.963392 0.000000
0.963488 0.000000
0.963584 0.000000
0.963681 0.000000
0.963777 0.000000
0.963873 0.000000
0.963969 0.000000
0.964066 0.000000
0.964162 0.000000
0.964258 0.000000
0.964355 0.000000
0.964451 0.000000
0.964547 0.000000
0.964643 0.000000
0.964740 0.000000
0.964836 0.000000
0.964932 0.000000
0.965029 0.000000
0.965125 0.000000
0.965221 0.000000
0.965317 0.000000
