# Threshold Efficiency
0.000690 0.999753
0.000790 0.999507
0.000889 0.999507
0.000989 0.999507
0.001088 0.999507
0.001188 0.999260
0.001288 0.999260
0.001387 0.999260
0.001487 0.999260
0.001587 0.999260
0.001686 0.999260
0.001786 0.999260
0.001885 0.999014
0.001985 0.999014
0.002085 0.999014
0.002184 0.999014
0.002284 0.999014
0.002384 0.999014
0.002483 0.999014
0.002583 0.999014
0.002683 0.999014
0.002782 0.999014
0.002882 0.999014
0.002981 0.998767
0.003081 0.998767
0.003181 0.998767
0.003280 0.998767
0.003380 0.998767
0.003480 0.998767
0.003579 0.998520
0.003679 0.998274
0.003778 0.997781
0.003878 0.997781
0.003978 0.997781
0.004077 0.997534
0.004177 0.997041
0.004277 0.997041
0.004376 0.997041
0.004476 0.997041
0.004576 0.997041
0.004675 0.997041
0.004775 0.997041
0.004874 0.996794
0.004974 0.996547
0.005074 0.996547
0.005173 0.996054
0.005273 0.996054
0.005373 0.996054
0.005472 0.995314
0.005572 0.995068
0.005672 0.995068
0.005771 0.995068
0.005871 0.994575
0.005970 0.994575
0.006070 0.994575
0.006170 0.994575
0.006269 0.994081
0.006369 0.993342
0.006469 0.993342
0.006568 0.993342
0.006668 0.993342
0.006767 0.993095
0.006867 0.992848
0.006967 0.992848
0.007066 0.992848
0.007166 0.992848
0.007266 0.992848
0.007365 0.992602
0.007465 0.992602
0.007565 0.991862
0.007664 0.991615
0.007764 0.991615
0.007863 0.991369
0.007963 0.991122
0.008063 0.991122
0.008162 0.990875
0.008262 0.990382
0.008362 0.990136
0.008461 0.990136
0.008561 0.989889
0.008660 0.989396
0.008760 0.988903
0.008860 0.988409
0.008959 0.987916
0.009059 0.987670
0.009159 0.987423
0.009258 0.987423
0.009358 0.987423
0.009458 0.987423
0.009557 0.987423
0.009657 0.987176
0.009756 0.987176
0.009856 0.987176
0.009956 0.986683
0.010055 0.986436
0.010155 0.985697
0.010255 0.985450
0.010354 0.985450
0.010454 0.985203
0.010554 0.984957
0.010653 0.984957
0.010753 0.984957
0.010852 0.984710
0.010952 0.984217
0.011052 0.983970
0.011151 0.983724
0.011251 0.983724
0.011351 0.983724
0.011450 0.983231
0.011550 0.982737
0.011649 0.982737
0.011749 0.982737
0.011849 0.982737
0.011948 0.982737
0.012048 0.982737
0.012148 0.982737
0.012247 0.982491
0.012347 0.982244
0.012447 0.982244
0.012546 0.981504
0.012646 0.981258
0.012745 0.980764
0.012845 0.980518
0.012945 0.980518
0.013044 0.980271
0.013144 0.980025
0.013244 0.979778
0.013343 0.979531
0.013443 0.979285
0.013542 0.979285
0.013642 0.979285
0.013742 0.979285
0.013841 0.979038
0.013941 0.979038
0.014041 0.978792
0.014140 0.978792
0.014240 0.978545
0.014340 0.978298
0.014439 0.977559
0.014539 0.976819
0.014638 0.976819
0.014738 0.976819
0.014838 0.976326
0.014937 0.976079
0.015037 0.976079
0.015137 0.975832
0.015236 0.975832
0.015336 0.975339
0.015436 0.975092
0.015535 0.974599
0.015635 0.974106
0.015734 0.973859
0.015834 0.973366
0.015934 0.972873
0.016033 0.972133
0.016133 0.971887
0.016233 0.971393
0.016332 0.970407
0.016432 0.969667
0.016531 0.969667
0.016631 0.969667
0.016731 0.969420
0.016830 0.969420
0.016930 0.969420
0.017030 0.969174
0.017129 0.968681
0.017229 0.968187
0.017329 0.968187
0.017428 0.967941
0.017528 0.967941
0.017627 0.967694
0.017727 0.966954
0.017827 0.966708
0.017926 0.966708
0.018026 0.966461
0.018126 0.966461
0.018225 0.965721
0.018325 0.965721
0.018425 0.965721
0.018524 0.965475
0.018624 0.964982
0.018723 0.964982
0.018823 0.964982
0.018923 0.964735
0.019022 0.964488
0.019122 0.964488
0.019222 0.964242
0.019321 0.964242
0.019421 0.963995
0.019520 0.963255
0.019620 0.963255
0.019720 0.962762
0.019819 0.962762
0.019919 0.962515
0.020019 0.961529
0.020118 0.961036
0.020218 0.961036
0.020318 0.960789
0.020417 0.960789
0.020517 0.960543
0.020616 0.960296
0.020716 0.960049
0.020816 0.960049
0.020915 0.959556
0.021015 0.959309
0.021115 0.958816
0.021214 0.958323
0.021314 0.957583
0.021413 0.956350
0.021513 0.956350
0.021613 0.955857
0.021712 0.955364
0.021812 0.954871
0.021912 0.954871
0.022011 0.954624
0.022111 0.954131
0.022211 0.954131
0.022310 0.954131
0.022410 0.953637
0.022509 0.953144
0.022609 0.952898
0.022709 0.952651
0.022808 0.952158
0.022908 0.951665
0.023008 0.950925
0.023107 0.949938
0.023207 0.949199
0.023307 0.948952
0.023406 0.948952
0.023506 0.948705
0.023605 0.948705
0.023705 0.948212
0.023805 0.947226
0.023904 0.946979
0.024004 0.946732
0.024104 0.946486
0.024203 0.945746
0.024303 0.945499
0.024402 0.945499
0.024502 0.945499
0.024602 0.945006
0.024701 0.945006
0.024801 0.944760
0.024901 0.944760
0.025000 0.944513
0.025100 0.944266
0.025200 0.944020
0.025299 0.943280
0.025399 0.942787
0.025498 0.942293
0.025598 0.941800
0.025698 0.941800
0.025797 0.941060
0.025897 0.941060
0.025997 0.941060
0.026096 0.940814
0.026196 0.940814
0.026295 0.940814
0.026395 0.940321
0.026495 0.939827
0.026594 0.939827
0.026694 0.939334
0.026794 0.939334
0.026893 0.938348
0.026993 0.938348
0.027093 0.938101
0.027192 0.937855
0.027292 0.937855
0.027391 0.937608
0.027491 0.937608
0.027591 0.937115
0.027690 0.936868
0.027790 0.936868
0.027890 0.936868
0.027989 0.935882
0.028089 0.935142
0.028189 0.934895
0.028288 0.934649
0.028388 0.934402
0.028487 0.933909
0.028587 0.933169
0.028687 0.932922
0.028786 0.932676
0.028886 0.931936
0.028986 0.931689
0.029085 0.931689
0.029185 0.931443
0.029284 0.930949
0.029384 0.930949
0.029484 0.930210
0.029583 0.929716
0.029683 0.929716
0.029783 0.929470
0.029882 0.928730
0.029982 0.928730
0.030082 0.927990
0.030181 0.927497
0.030281 0.926757
0.030380 0.926510
0.030480 0.925524
0.030580 0.925277
0.030679 0.925277
0.030779 0.924784
0.030879 0.924538
0.030978 0.924291
0.031078 0.924291
0.031177 0.923798
0.031277 0.923305
0.031377 0.923305
0.031476 0.923305
0.031576 0.923305
0.031676 0.923058
0.031775 0.922565
0.031875 0.922072
0.031975 0.921825
0.032074 0.921578
0.032174 0.920345
0.032273 0.920345
0.032373 0.919605
0.032473 0.918866
0.032572 0.918866
0.032672 0.918866
0.032772 0.918866
0.032871 0.918619
0.032971 0.918372
0.033071 0.918372
0.033170 0.918372
0.033270 0.917633
0.033369 0.916893
0.033469 0.916646
0.033569 0.916400
0.033668 0.916400
0.033768 0.915906
0.033868 0.915660
0.033967 0.915660
0.034067 0.915660
0.034166 0.914920
0.034266 0.914673
0.034366 0.914180
0.034465 0.913933
0.034565 0.913440
0.034665 0.912947
0.034764 0.912947
0.034864 0.912207
0.034964 0.912207
0.035063 0.912207
0.035163 0.911961
0.035262 0.911961
0.035362 0.911714
0.035462 0.910974
0.035561 0.910727
0.035661 0.910481
0.035761 0.910234
0.035860 0.909741
0.035960 0.909494
0.036060 0.909494
0.036159 0.908755
0.036259 0.908015
0.036358 0.907768
0.036458 0.907768
0.036558 0.907275
0.036657 0.907275
0.036757 0.907275
0.036857 0.907028
0.036956 0.906782
0.037056 0.906289
0.037155 0.905795
0.037255 0.905302
0.037355 0.905302
0.037454 0.905055
0.037554 0.904809
0.037654 0.904316
0.037753 0.903576
0.037853 0.903576
0.037953 0.903083
0.038052 0.902343
0.038152 0.902096
0.038251 0.901850
0.038351 0.901850
0.038451 0.901356
0.038550 0.901356
0.038650 0.901110
0.038750 0.900863
0.038849 0.900617
0.038949 0.899630
0.039048 0.899383
0.039148 0.898644
0.039248 0.898397
0.039347 0.898397
0.039447 0.898150
0.039547 0.897904
0.039646 0.897904
0.039746 0.897411
0.039846 0.897164
0.039945 0.896671
0.040045 0.895684
0.040144 0.894945
0.040244 0.894945
0.040344 0.894945
0.040443 0.894451
0.040543 0.893711
0.040643 0.892972
0.040742 0.892725
0.040842 0.892725
0.040942 0.892232
0.041041 0.892232
0.041141 0.891739
0.041240 0.891492
0.041340 0.891245
0.041440 0.890506
0.041539 0.890506
0.041639 0.890012
0.041739 0.889519
0.041838 0.889273
0.041938 0.889026
0.042037 0.888533
0.042137 0.888533
0.042237 0.888039
0.042336 0.887546
0.042436 0.887053
0.042536 0.887053
0.042635 0.886560
0.042735 0.886560
0.042835 0.886313
0.042934 0.885820
0.043034 0.885327
0.043133 0.885327
0.043233 0.884834
0.043333 0.884587
0.043432 0.884094
0.043532 0.883600
0.043632 0.883600
0.043731 0.883354
0.043831 0.882614
0.043930 0.882367
0.044030 0.881874
0.044130 0.881874
0.044229 0.881381
0.044329 0.881381
0.044429 0.881134
0.044528 0.880148
0.044628 0.879655
0.044728 0.879408
0.044827 0.878668
0.044927 0.878422
0.045026 0.878175
0.045126 0.878175
0.045226 0.877682
0.045325 0.877189
0.045425 0.876942
0.045525 0.876449
0.045624 0.876202
0.045724 0.876202
0.045824 0.876202
0.045923 0.875462
0.046023 0.875216
0.046122 0.875216
0.046222 0.874969
0.046322 0.874476
0.046421 0.874229
0.046521 0.873243
0.046621 0.872750
0.046720 0.872010
0.046820 0.871023
0.046919 0.871023
0.047019 0.870777
0.047119 0.870284
0.047218 0.869790
0.047318 0.869297
0.047418 0.869051
0.047517 0.868557
0.047617 0.868311
0.047717 0.868064
0.047816 0.868064
0.047916 0.867818
0.048015 0.867571
0.048115 0.866338
0.048215 0.866091
0.048314 0.865845
0.048414 0.865105
0.048514 0.864118
0.048613 0.864118
0.048713 0.863872
0.048812 0.863872
0.048912 0.863625
0.049012 0.862639
0.049111 0.861652
0.049211 0.861159
0.049311 0.860666
0.049410 0.860173
0.049510 0.860173
0.049610 0.859186
0.049709 0.858693
0.049809 0.858200
0.049908 0.857953
0.050008 0.857953
0.050108 0.856967
0.050207 0.856967
0.050307 0.855980
0.050407 0.855734
0.050506 0.855240
0.050606 0.854501
0.050706 0.853268
0.050805 0.852281
0.050905 0.851295
0.051004 0.851048
0.051104 0.850801
0.051204 0.850555
0.051303 0.850308
0.051403 0.849815
0.051503 0.849568
0.051602 0.849322
0.051702 0.849075
0.051801 0.848829
0.051901 0.848089
0.052001 0.847102
0.052100 0.845869
0.052200 0.845376
0.052300 0.845129
0.052399 0.845129
0.052499 0.844636
0.052599 0.844143
0.052698 0.842910
0.052798 0.842663
0.052897 0.842663
0.052997 0.841924
0.053097 0.841430
0.053196 0.840691
0.053296 0.840691
0.053396 0.839704
0.053495 0.839457
0.053595 0.838964
0.053695 0.838718
0.053794 0.837731
0.053894 0.837238
0.053993 0.836498
0.054093 0.836252
0.054193 0.835512
0.054292 0.835018
0.054392 0.834525
0.054492 0.834279
0.054591 0.833785
0.054691 0.833292
0.054790 0.833292
0.054890 0.832552
0.054990 0.832552
0.055089 0.832552
0.055189 0.832059
0.055289 0.832059
0.055388 0.831813
0.055488 0.831566
0.055588 0.831319
0.055687 0.831319
0.055787 0.831319
0.055886 0.831319
0.055986 0.831319
0.056086 0.831073
0.056185 0.830826
0.056285 0.830580
0.056385 0.830580
0.056484 0.829593
0.056584 0.828853
0.056683 0.828607
0.056783 0.827867
0.056883 0.827374
0.056982 0.827127
0.057082 0.826880
0.057182 0.826634
0.057281 0.825894
0.057381 0.825401
0.057481 0.825154
0.057580 0.824908
0.057680 0.824414
0.057779 0.824168
0.057879 0.823921
0.057979 0.823428
0.058078 0.823428
0.058178 0.823181
0.058278 0.822688
0.058377 0.822441
0.058477 0.821702
0.058577 0.820715
0.058676 0.819975
0.058776 0.819975
0.058875 0.819729
0.058975 0.819482
0.059075 0.818742
0.059174 0.818742
0.059274 0.818496
0.059374 0.817756
0.059473 0.817756
0.059573 0.817509
0.059672 0.817016
0.059772 0.816523
0.059872 0.816523
0.059971 0.816276
0.060071 0.816276
0.060171 0.816030
0.060270 0.816030
0.060370 0.815783
0.060470 0.814303
0.060569 0.813564
0.060669 0.813070
0.060768 0.812330
0.060868 0.812330
0.060968 0.811837
0.061067 0.811591
0.061167 0.811591
0.061267 0.811097
0.061366 0.810358
0.061466 0.809864
0.061565 0.809371
0.061665 0.808631
0.061765 0.808385
0.061864 0.807645
0.061964 0.807398
0.062064 0.807152
0.062163 0.806412
0.062263 0.805425
0.062363 0.805179
0.062462 0.804192
0.062562 0.803946
0.062661 0.803699
0.062761 0.803453
0.062861 0.802713
0.062960 0.802219
0.063060 0.801973
0.063160 0.801480
0.063259 0.801233
0.063359 0.800740
0.063459 0.800000
0.063558 0.799260
0.063658 0.799260
0.063757 0.799260
0.063857 0.798027
0.063957 0.797534
0.064056 0.797041
0.064156 0.797041
0.064256 0.796547
0.064355 0.796547
0.064455 0.796547
0.064554 0.796301
0.064654 0.796054
0.064754 0.795068
0.064853 0.794821
0.064953 0.794081
0.065053 0.793588
0.065152 0.793342
0.065252 0.793095
0.065352 0.792848
0.065451 0.792848
0.065551 0.791615
0.065650 0.791122
0.065750 0.790382
0.065850 0.788903
0.065949 0.788163
0.066049 0.787916
0.066149 0.787423
0.066248 0.787423
0.066348 0.786930
0.066447 0.786190
0.066547 0.786190
0.066647 0.785450
0.066746 0.784710
0.066846 0.784710
0.066946 0.783970
0.067045 0.782984
0.067145 0.782491
0.067245 0.782491
0.067344 0.781504
0.067444 0.781258
0.067543 0.780764
0.067643 0.779778
0.067743 0.779285
0.067842 0.778792
0.067942 0.778792
0.068042 0.778545
0.068141 0.778052
0.068241 0.778052
0.068341 0.777312
0.068440 0.777065
0.068540 0.776819
0.068639 0.776079
0.068739 0.776079
0.068839 0.775092
0.068938 0.775092
0.069038 0.774599
0.069138 0.773859
0.069237 0.773613
0.069337 0.773366
0.069436 0.772626
0.069536 0.772626
0.069636 0.772133
0.069735 0.771640
0.069835 0.771147
0.069935 0.770160
0.070034 0.769420
0.070134 0.768187
0.070234 0.767941
0.070333 0.767694
0.070433 0.767448
0.070532 0.766954
0.070632 0.766708
0.070732 0.765968
0.070831 0.765475
0.070931 0.765228
0.071031 0.765228
0.071130 0.764735
0.071230 0.764242
0.071330 0.763748
0.071429 0.763009
0.071529 0.762515
0.071628 0.762269
0.071728 0.762269
0.071828 0.762022
0.071927 0.761529
0.072027 0.760543
0.072127 0.760296
0.072226 0.759803
0.072326 0.759556
0.072425 0.759063
0.072525 0.757830
0.072625 0.757583
0.072724 0.757583
0.072824 0.757583
0.072924 0.757337
0.073023 0.757337
0.073123 0.757337
0.073223 0.756843
0.073322 0.756597
0.073422 0.756350
0.073521 0.756104
0.073621 0.755610
0.073721 0.755364
0.073820 0.755117
0.073920 0.754624
0.074020 0.754131
0.074119 0.753637
0.074219 0.753637
0.074318 0.753144
0.074418 0.752651
0.074518 0.751665
0.074617 0.751171
0.074717 0.749938
0.074817 0.749938
0.074916 0.749199
0.075016 0.748952
0.075116 0.748459
0.075215 0.748212
0.075315 0.747226
0.075414 0.746732
0.075514 0.746239
0.075614 0.745746
0.075713 0.745253
0.075813 0.744513
0.075913 0.743773
0.076012 0.743527
0.076112 0.742787
0.076212 0.742540
0.076311 0.742047
0.076411 0.741800
0.076510 0.741554
0.076610 0.741307
0.076710 0.741060
0.076809 0.740074
0.076909 0.739088
0.077009 0.739088
0.077108 0.738841
0.077208 0.738841
0.077307 0.738348
0.077407 0.737608
0.077507 0.737361
0.077606 0.737115
0.077706 0.736868
0.077806 0.736868
0.077905 0.736621
0.078005 0.736128
0.078105 0.735635
0.078204 0.735142
0.078304 0.733662
0.078403 0.733662
0.078503 0.732922
0.078603 0.732429
0.078702 0.732429
0.078802 0.732182
0.078902 0.732182
0.079001 0.732182
0.079101 0.731689
0.079200 0.731443
0.079300 0.730949
0.079400 0.730456
0.079499 0.730210
0.079599 0.729470
0.079699 0.729223
0.079798 0.728483
0.079898 0.728237
0.079998 0.727990
0.080097 0.727497
0.080197 0.726510
0.080296 0.726264
0.080396 0.726264
0.080496 0.726017
0.080595 0.726017
0.080695 0.725524
0.080795 0.725277
0.080894 0.724538
0.080994 0.724044
0.081094 0.723798
0.081193 0.723305
0.081293 0.723058
0.081392 0.723058
0.081492 0.723058
0.081592 0.723058
0.081691 0.722565
0.081791 0.722565
0.081891 0.721825
0.081990 0.720838
0.082090 0.720099
0.082189 0.719852
0.082289 0.719112
0.082389 0.718866
0.082488 0.718866
0.082588 0.718126
0.082688 0.717879
0.082787 0.717139
0.082887 0.717139
0.082987 0.716893
0.083086 0.716153
0.083186 0.715660
0.083285 0.715413
0.083385 0.715166
0.083485 0.713933
0.083584 0.713687
0.083684 0.713440
0.083784 0.712700
0.083883 0.712454
0.083983 0.712207
0.084082 0.712207
0.084182 0.712207
0.084282 0.711961
0.084381 0.711221
0.084481 0.710974
0.084581 0.710481
0.084680 0.709988
0.084780 0.709741
0.084880 0.709741
0.084979 0.709248
0.085079 0.708755
0.085178 0.707522
0.085278 0.706782
0.085378 0.706042
0.085477 0.706042
0.085577 0.705549
0.085677 0.705055
0.085776 0.705055
0.085876 0.705055
0.085976 0.704562
0.086075 0.704562
0.086175 0.703822
0.086274 0.703576
0.086374 0.703576
0.086474 0.703329
0.086573 0.702836
0.086673 0.702343
0.086773 0.702096
0.086872 0.701603
0.086972 0.701110
0.087071 0.700863
0.087171 0.700370
0.087271 0.700123
0.087370 0.700123
0.087470 0.699877
0.087570 0.699877
0.087669 0.699630
0.087769 0.699383
0.087869 0.698150
0.087968 0.698150
0.088068 0.698150
0.088167 0.697411
0.088267 0.696671
0.088367 0.696424
0.088466 0.696178
0.088566 0.695931
0.088666 0.695931
0.088765 0.695931
0.088865 0.695438
0.088964 0.695438
0.089064 0.695191
0.089164 0.694698
0.089263 0.694451
0.089363 0.694205
0.089463 0.693465
0.089562 0.693465
0.089662 0.693465
0.089762 0.692972
0.089861 0.692725
0.089961 0.691985
0.090060 0.691492
0.090160 0.691245
0.090260 0.691245
0.090359 0.690999
0.090459 0.690752
0.090559 0.690752
0.090658 0.690259
0.090758 0.690012
0.090858 0.689766
0.090957 0.689273
0.091057 0.689273
0.091156 0.687546
0.091256 0.687053
0.091356 0.686560
0.091455 0.686560
0.091555 0.686313
0.091655 0.685573
0.091754 0.685327
0.091854 0.685327
0.091953 0.684834
0.092053 0.684340
0.092153 0.683107
0.092252 0.682614
0.092352 0.682121
0.092452 0.681874
0.092551 0.681134
0.092651 0.680888
0.092751 0.680641
0.092850 0.679901
0.092950 0.679901
0.093049 0.679901
0.093149 0.679901
0.093249 0.679655
0.093348 0.679162
0.093448 0.678668
0.093548 0.678668
0.093647 0.678668
0.093747 0.678668
0.093847 0.678668
0.093946 0.678668
0.094046 0.678175
0.094145 0.677928
0.094245 0.677435
0.094345 0.677189
0.094444 0.676942
0.094544 0.676449
0.094644 0.676449
0.094743 0.676202
0.094843 0.675709
0.094942 0.675216
0.095042 0.674969
0.095142 0.674723
0.095241 0.674723
0.095341 0.674476
0.095441 0.673983
0.095540 0.672996
0.095640 0.672750
0.095740 0.672750
0.095839 0.672010
0.095939 0.671763
0.096038 0.671517
0.096138 0.671270
0.096238 0.671023
0.096337 0.670530
0.096437 0.670284
0.096537 0.670037
0.096636 0.669544
0.096736 0.669544
0.096835 0.669051
0.096935 0.669051
0.097035 0.668557
0.097134 0.668557
0.097234 0.668064
0.097334 0.667818
0.097433 0.667818
0.097533 0.667818
0.097633 0.667571
0.097732 0.665845
0.097832 0.665351
0.097931 0.665105
0.098031 0.664858
0.098131 0.664612
0.098230 0.664365
0.098330 0.663379
0.098430 0.663132
0.098529 0.662639
0.098629 0.662392
0.098729 0.662145
0.098828 0.662145
0.098928 0.661652
0.099027 0.661652
0.099127 0.661652
0.099227 0.661652
0.099326 0.661652
0.099426 0.661652
0.099526 0.661159
0.099625 0.660912
0.099725 0.660666
0.099824 0.660419
0.099924 0.660419
0.100024 0.660173
0.100123 0.659926
0.100223 0.659433
0.100323 0.658940
0.100422 0.658693
0.100522 0.658693
0.100622 0.658446
0.100721 0.658200
0.100821 0.657953
0.100920 0.657953
0.101020 0.657460
0.101120 0.657460
0.101219 0.656473
0.101319 0.656227
0.101419 0.655980
0.101518 0.655240
0.101618 0.655240
0.101717 0.654007
0.101817 0.653514
0.101917 0.653514
0.102016 0.653268
0.102116 0.653021
0.102216 0.652774
0.102315 0.652281
0.102415 0.651788
0.102515 0.651295
0.102614 0.651048
0.102714 0.650555
0.102813 0.650308
0.102913 0.649815
0.103013 0.649815
0.103112 0.649568
0.103212 0.649568
0.103312 0.649322
0.103411 0.649075
0.103511 0.648335
0.103611 0.648089
0.103710 0.647102
0.103810 0.647102
0.103909 0.646609
0.104009 0.646363
0.104109 0.646116
0.104208 0.645869
0.104308 0.645869
0.104408 0.644883
0.104507 0.644636
0.104607 0.644636
0.104706 0.644143
0.104806 0.643403
0.104906 0.643157
0.105005 0.642910
0.105105 0.642663
0.105205 0.642170
0.105304 0.641924
0.105404 0.641677
0.105504 0.641677
0.105603 0.640937
0.105703 0.640444
0.105802 0.640444
0.105902 0.639457
0.106002 0.639457
0.106101 0.639457
0.106201 0.638964
0.106301 0.638224
0.106400 0.637978
0.106500 0.637238
0.106599 0.636005
0.106699 0.635512
0.106799 0.635512
0.106898 0.635512
0.106998 0.635018
0.107098 0.634772
0.107197 0.634032
0.107297 0.633785
0.107397 0.633539
0.107496 0.633292
0.107596 0.632799
0.107695 0.632552
0.107795 0.632306
0.107895 0.631813
0.107994 0.631319
0.108094 0.630826
0.108194 0.630580
0.108293 0.630086
0.108393 0.630086
0.108493 0.629100
0.108592 0.629100
0.108692 0.628853
0.108791 0.628853
0.108891 0.628360
0.108991 0.627374
0.109090 0.627374
0.109190 0.627127
0.109290 0.627127
0.109389 0.626387
0.109489 0.625894
0.109588 0.625894
0.109688 0.625647
0.109788 0.625401
0.109887 0.625401
0.109987 0.624661
0.110087 0.624414
0.110186 0.624414
0.110286 0.623921
0.110386 0.623428
0.110485 0.623428
0.110585 0.622935
0.110684 0.622441
0.110784 0.622441
0.110884 0.621948
0.110983 0.621208
0.111083 0.620469
0.111183 0.620469
0.111282 0.619729
0.111382 0.618989
0.111482 0.618496
0.111581 0.618249
0.111681 0.618249
0.111780 0.617509
0.111880 0.617016
0.111980 0.617016
0.112079 0.616523
0.112179 0.616523
0.112279 0.616030
0.112378 0.615783
0.112478 0.615783
0.112577 0.615783
0.112677 0.615290
0.112777 0.614797
0.112876 0.614550
0.112976 0.614550
0.113076 0.614057
0.113175 0.613564
0.113275 0.613564
0.113375 0.613317
0.113474 0.613070
0.113574 0.613070
0.113673 0.612824
0.113773 0.612577
0.113873 0.612330
0.113972 0.611837
0.114072 0.611837
0.114172 0.611591
0.114271 0.611591
0.114371 0.611097
0.114470 0.610604
0.114570 0.609864
0.114670 0.609864
0.114769 0.609618
0.114869 0.609371
0.114969 0.609371
0.115068 0.609371
0.115168 0.609371
0.115268 0.609371
0.115367 0.608878
0.115467 0.608385
0.115566 0.607645
0.115666 0.607645
0.115766 0.606658
0.115865 0.605919
0.115965 0.605672
0.116065 0.605425
0.116164 0.605425
0.116264 0.604686
0.116364 0.604192
0.116463 0.604192
0.116563 0.603699
0.116662 0.603453
0.116762 0.602713
0.116862 0.601726
0.116961 0.601233
0.117061 0.600740
0.117161 0.600247
0.117260 0.600247
0.117360 0.599753
0.117459 0.599507
0.117559 0.599507
0.117659 0.599507
0.117758 0.599260
0.117858 0.598767
0.117958 0.598520
0.118057 0.597781
0.118157 0.597041
0.118257 0.597041
0.118356 0.597041
0.118456 0.596547
0.118555 0.596547
0.118655 0.596054
0.118755 0.595808
0.118854 0.595561
0.118954 0.595314
0.119054 0.595314
0.119153 0.595068
0.119253 0.595068
0.119352 0.594575
0.119452 0.594575
0.119552 0.593835
0.119651 0.593835
0.119751 0.593835
0.119851 0.593588
0.119950 0.593342
0.120050 0.592602
0.120150 0.592109
0.120249 0.591862
0.120349 0.591122
0.120448 0.590875
0.120548 0.590382
0.120648 0.590382
0.120747 0.589889
0.120847 0.589149
0.120947 0.589149
0.121046 0.589149
0.121146 0.589149
0.121246 0.588656
0.121345 0.588409
0.121445 0.587916
0.121544 0.587916
0.121644 0.587423
0.121744 0.587423
0.121843 0.587176
0.121943 0.586930
0.122043 0.586683
0.122142 0.586683
0.122242 0.586436
0.122341 0.585943
0.122441 0.585943
0.122541 0.585943
0.122640 0.585697
0.122740 0.585450
0.122840 0.585203
0.122939 0.585203
0.123039 0.585203
0.123139 0.585203
0.123238 0.585203
0.123338 0.585203
0.123437 0.584957
0.123537 0.584464
0.123637 0.583477
0.123736 0.582984
0.123836 0.582984
0.123936 0.582737
0.124035 0.582244
0.124135 0.581751
0.124234 0.581751
0.124334 0.581751
0.124434 0.581504
0.124533 0.581504
0.124633 0.581504
0.124733 0.581504
0.124832 0.581504
0.124932 0.581504
0.125032 0.581258
0.125131 0.580764
0.125231 0.580764
0.125330 0.580518
0.125430 0.580271
0.125530 0.580025
0.125629 0.579285
0.125729 0.579038
0.125829 0.578545
0.125928 0.578298
0.126028 0.578052
0.126128 0.578052
0.126227 0.578052
0.126327 0.577805
0.126426 0.577805
0.126526 0.577312
0.126626 0.576572
0.126725 0.576572
0.126825 0.576572
0.126925 0.576326
0.127024 0.576079
0.127124 0.575832
0.127223 0.575586
0.127323 0.575339
0.127423 0.574846
0.127522 0.574599
0.127622 0.574599
0.127722 0.574353
0.127821 0.574353
0.127921 0.574353
0.128021 0.574353
0.128120 0.573859
0.128220 0.573613
0.128319 0.573366
0.128419 0.573120
0.128519 0.573120
0.128618 0.573120
0.128718 0.572626
0.128818 0.571887
0.128917 0.571640
0.129017 0.571393
0.129117 0.571393
0.129216 0.571393
0.129316 0.571393
0.129415 0.570900
0.129515 0.570900
0.129615 0.570900
0.129714 0.570900
0.129814 0.570900
0.129914 0.570654
0.130013 0.570160
0.130113 0.570160
0.130212 0.569914
0.130312 0.569667
0.130412 0.569667
0.130511 0.569667
0.130611 0.569420
0.130711 0.569420
0.130810 0.569420
0.130910 0.569420
0.131010 0.569174
0.131109 0.569174
0.131209 0.569174
0.131308 0.568927
0.131408 0.568681
0.131508 0.568681
0.131607 0.568187
0.131707 0.568187
0.131807 0.568187
0.131906 0.567694
0.132006 0.567448
0.132105 0.566954
0.132205 0.566954
0.132305 0.566461
0.132404 0.566461
0.132504 0.565968
0.132604 0.565475
0.132703 0.565475
0.132803 0.565228
0.132903 0.564982
0.133002 0.564735
0.133102 0.564735
0.133201 0.564735
0.133301 0.564488
0.133401 0.564488
0.133500 0.564488
0.133600 0.564242
0.133700 0.563748
0.133799 0.563502
0.133899 0.563502
0.133999 0.563255
0.134098 0.562762
0.134198 0.562269
0.134297 0.562269
0.134397 0.561776
0.134497 0.561529
0.134596 0.561036
0.134696 0.560789
0.134796 0.560789
0.134895 0.560049
0.134995 0.559556
0.135094 0.559063
0.135194 0.559063
0.135294 0.558816
0.135393 0.558323
0.135493 0.558076
0.135593 0.558076
0.135692 0.558076
0.135792 0.558076
0.135892 0.558076
0.135991 0.557583
0.136091 0.557337
0.136190 0.556597
0.136290 0.556104
0.136390 0.555857
0.136489 0.555857
0.136589 0.555857
0.136689 0.555857
0.136788 0.555857
0.136888 0.555857
0.136987 0.555610
0.137087 0.555117
0.137187 0.554377
0.137286 0.554131
0.137386 0.553884
0.137486 0.553637
0.137585 0.553391
0.137685 0.553144
0.137785 0.553144
0.137884 0.552898
0.137984 0.552898
0.138083 0.552651
0.138183 0.552158
0.138283 0.552158
0.138382 0.552158
0.138482 0.551665
0.138582 0.551665
0.138681 0.551418
0.138781 0.551171
0.138881 0.550925
0.138980 0.550185
0.139080 0.550185
0.139179 0.549938
0.139279 0.549692
0.139379 0.549692
0.139478 0.549199
0.139578 0.548459
0.139678 0.548212
0.139777 0.548212
0.139877 0.547965
0.139976 0.547965
0.140076 0.547719
0.140176 0.547226
0.140275 0.546486
0.140375 0.546486
0.140475 0.546239
0.140574 0.546239
0.140674 0.546239
0.140774 0.545993
0.140873 0.545746
0.140973 0.545499
0.141072 0.545253
0.141172 0.545253
0.141272 0.545006
0.141371 0.544513
0.141471 0.544513
0.141571 0.544266
0.141670 0.544266
0.141770 0.543280
0.141869 0.543280
0.141969 0.543280
0.142069 0.542540
0.142168 0.542540
0.142268 0.542047
0.142368 0.542047
0.142467 0.542047
0.142567 0.542047
0.142667 0.541800
0.142766 0.541554
0.142866 0.541307
0.142965 0.541060
0.143065 0.540814
0.143165 0.540567
0.143264 0.540567
0.143364 0.540074
0.143464 0.539827
0.143563 0.539827
0.143663 0.539334
0.143763 0.539088
0.143862 0.538841
0.143962 0.538594
0.144061 0.538101
0.144161 0.537855
0.144261 0.537608
0.144360 0.537608
0.144460 0.537361
0.144560 0.536868
0.144659 0.536375
0.144759 0.536128
0.144858 0.535882
0.144958 0.535635
0.145058 0.535388
0.145157 0.535142
0.145257 0.535142
0.145357 0.535142
0.145456 0.534155
0.145556 0.533909
0.145656 0.533909
0.145755 0.533662
0.145855 0.533416
0.145954 0.532922
0.146054 0.532922
0.146154 0.532676
0.146253 0.532676
0.146353 0.532676
0.146453 0.531936
0.146552 0.531196
0.146652 0.530456
0.146751 0.529963
0.146851 0.529716
0.146951 0.529716
0.147050 0.529470
0.147150 0.529223
0.147250 0.528730
0.147349 0.528483
0.147449 0.527990
0.147549 0.527990
0.147648 0.527744
0.147748 0.527744
0.147847 0.527497
0.147947 0.527497
0.148047 0.526510
0.148146 0.525771
0.148246 0.525277
0.148346 0.525277
0.148445 0.525031
0.148545 0.524784
0.148645 0.524538
0.148744 0.524538
0.148844 0.524291
0.148943 0.524044
0.149043 0.523305
0.149143 0.523305
0.149242 0.523305
0.149342 0.522811
0.149442 0.522318
0.149541 0.521825
0.149641 0.521332
0.149740 0.520838
0.149840 0.520345
0.149940 0.520099
0.150039 0.519852
0.150139 0.519852
0.150239 0.519852
0.150338 0.519852
0.150438 0.519605
0.150538 0.519605
0.150637 0.519359
0.150737 0.519112
0.150836 0.519112
0.150936 0.518866
0.151036 0.518866
0.151135 0.518372
0.151235 0.518372
0.151335 0.517879
0.151434 0.517633
0.151534 0.517139
0.151634 0.516893
0.151733 0.516646
0.151833 0.516400
0.151932 0.516153
0.152032 0.515906
0.152132 0.515906
0.152231 0.515906
0.152331 0.515413
0.152431 0.515413
0.152530 0.515413
0.152630 0.515166
0.152729 0.515166
0.152829 0.515166
0.152929 0.515166
0.153028 0.514920
0.153128 0.514673
0.153228 0.514427
0.153327 0.514427
0.153427 0.514180
0.153527 0.513440
0.153626 0.513440
0.153726 0.513440
0.153825 0.513440
0.153925 0.513440
0.154025 0.512947
0.154124 0.512454
0.154224 0.511714
0.154324 0.511467
0.154423 0.511467
0.154523 0.511467
0.154622 0.511467
0.154722 0.511221
0.154822 0.511221
0.154921 0.510974
0.155021 0.510974
0.155121 0.510234
0.155220 0.510234
0.155320 0.509988
0.155420 0.509248
0.155519 0.509248
0.155619 0.509001
0.155718 0.508755
0.155818 0.508508
0.155918 0.508261
0.156017 0.508261
0.156117 0.508261
0.156217 0.507768
0.156316 0.507768
0.156416 0.507768
0.156516 0.507768
0.156615 0.507028
0.156715 0.507028
0.156814 0.506782
0.156914 0.506535
0.157014 0.506289
0.157113 0.506042
0.157213 0.505549
0.157313 0.505549
0.157412 0.505302
0.157512 0.504809
0.157611 0.504562
0.157711 0.504562
0.157811 0.504316
0.157910 0.504316
0.158010 0.503576
0.158110 0.502589
0.158209 0.502589
0.158309 0.502343
0.158409 0.501603
0.158508 0.501603
0.158608 0.501603
0.158707 0.501356
0.158807 0.500863
0.158907 0.500863
0.159006 0.500863
0.159106 0.500863
0.159206 0.500863
0.159305 0.500617
0.159405 0.500370
0.159504 0.500370
0.159604 0.500123
0.159704 0.499877
0.159803 0.499630
0.159903 0.499630
0.160003 0.499630
0.160102 0.499137
0.160202 0.499137
0.160302 0.499137
0.160401 0.499137
0.160501 0.498890
0.160600 0.498890
0.160700 0.498644
0.160800 0.498150
0.160899 0.498150
0.160999 0.498150
0.161099 0.498150
0.161198 0.497411
0.161298 0.497164
0.161398 0.496917
0.161497 0.496917
0.161597 0.496917
0.161696 0.496178
0.161796 0.496178
0.161896 0.496178
0.161995 0.495931
0.162095 0.495684
0.162195 0.495684
0.162294 0.495438
0.162394 0.495191
0.162493 0.494698
0.162593 0.494205
0.162693 0.493958
0.162792 0.493711
0.162892 0.493711
0.162992 0.493711
0.163091 0.493218
0.163191 0.492972
0.163291 0.492725
0.163390 0.492725
0.163490 0.492725
0.163589 0.492232
0.163689 0.491985
0.163789 0.491739
0.163888 0.491739
0.163988 0.491739
0.164088 0.491492
0.164187 0.491245
0.164287 0.490752
0.164386 0.490752
0.164486 0.490259
0.164586 0.490259
0.164685 0.489766
0.164785 0.489766
0.164885 0.489519
0.164984 0.489519
0.165084 0.489519
0.165184 0.489273
0.165283 0.489026
0.165383 0.489026
0.165482 0.488779
0.165582 0.488779
0.165682 0.488533
0.165781 0.488533
0.165881 0.488286
0.165981 0.487793
0.166080 0.487793
0.166180 0.487053
0.166280 0.486806
0.166379 0.486560
0.166479 0.486560
0.166578 0.486560
0.166678 0.486313
0.166778 0.486313
0.166877 0.486067
0.166977 0.486067
0.167077 0.485573
0.167176 0.485573
0.167276 0.485573
0.167375 0.485327
0.167475 0.485080
0.167575 0.484834
0.167674 0.484834
0.167774 0.484340
0.167874 0.484094
0.167973 0.483847
0.168073 0.483847
0.168173 0.483600
0.168272 0.483600
0.168372 0.483354
0.168471 0.482861
0.168571 0.482614
0.168671 0.482614
0.168770 0.482121
0.168870 0.482121
0.168970 0.482121
0.169069 0.482121
0.169169 0.481628
0.169269 0.481381
0.169368 0.481134
0.169468 0.481134
0.169567 0.480888
0.169667 0.480395
0.169767 0.480395
0.169866 0.480148
0.169966 0.480148
0.170066 0.479901
0.170165 0.479408
0.170265 0.479162
0.170364 0.478668
0.170464 0.478668
0.170564 0.478422
0.170663 0.478422
0.170763 0.478175
0.170863 0.478175
0.170962 0.478175
0.171062 0.477682
0.171162 0.477682
0.171261 0.477682
0.171361 0.477435
0.171460 0.476942
0.171560 0.476942
0.171660 0.476695
0.171759 0.476695
0.171859 0.476449
0.171959 0.475956
0.172058 0.475956
0.172158 0.475956
0.172257 0.475709
0.172357 0.475709
0.172457 0.475709
0.172556 0.475462
0.172656 0.475462
0.172756 0.475462
0.172855 0.475216
0.172955 0.475216
0.173055 0.474969
0.173154 0.474723
0.173254 0.474723
0.173353 0.474723
0.173453 0.474476
0.173553 0.474229
0.173652 0.473736
0.173752 0.473490
0.173852 0.473243
0.173951 0.472996
0.174051 0.472996
0.174151 0.472996
0.174250 0.472996
0.174350 0.472750
0.174449 0.472750
0.174549 0.472750
0.174649 0.472750
0.174748 0.472750
0.174848 0.472750
0.174948 0.472750
0.175047 0.472750
0.175147 0.472750
0.175246 0.472750
0.175346 0.472503
0.175446 0.472256
0.175545 0.472010
0.175645 0.472010
0.175745 0.471763
0.175844 0.471763
0.175944 0.471517
0.176044 0.471023
0.176143 0.471023
0.176243 0.471023
0.176342 0.470777
0.176442 0.470530
0.176542 0.470037
0.176641 0.470037
0.176741 0.469790
0.176841 0.469790
0.176940 0.469790
0.177040 0.469790
0.177139 0.469790
0.177239 0.469544
0.177339 0.469544
0.177438 0.469544
0.177538 0.469544
0.177638 0.469297
0.177737 0.469051
0.177837 0.469051
0.177937 0.469051
0.178036 0.469051
0.178136 0.469051
0.178235 0.468557
0.178335 0.468557
0.178435 0.468557
0.178534 0.468311
0.178634 0.468311
0.178734 0.468064
0.178833 0.467324
0.178933 0.467324
0.179033 0.466831
0.179132 0.466831
0.179232 0.466338
0.179331 0.465598
0.179431 0.465351
0.179531 0.464858
0.179630 0.464118
0.179730 0.464118
0.179830 0.463625
0.179929 0.463625
0.180029 0.463625
0.180128 0.463379
0.180228 0.463379
0.180328 0.463379
0.180427 0.463379
0.180527 0.463379
0.180627 0.463379
0.180726 0.463132
0.180826 0.463132
0.180926 0.462885
0.181025 0.462639
0.181125 0.462392
0.181224 0.462392
0.181324 0.462392
0.181424 0.462145
0.181523 0.462145
0.181623 0.462145
0.181723 0.462145
0.181822 0.462145
0.181922 0.462145
0.182021 0.462145
0.182121 0.462145
0.182221 0.461652
0.182320 0.461652
0.182420 0.461406
0.182520 0.461406
0.182619 0.461406
0.182719 0.461406
0.182819 0.461406
0.182918 0.461159
0.183018 0.461159
0.183117 0.460912
0.183217 0.460912
0.183317 0.460912
0.183416 0.460912
0.183516 0.460173
0.183616 0.459926
0.183715 0.459926
0.183815 0.459679
0.183915 0.459679
0.184014 0.459679
0.184114 0.459433
0.184213 0.459433
0.184313 0.459433
0.184413 0.458940
0.184512 0.458940
0.184612 0.458693
0.184712 0.458446
0.184811 0.458200
0.184911 0.458200
0.185010 0.457953
0.185110 0.457953
0.185210 0.457707
0.185309 0.457460
0.185409 0.457213
0.185509 0.456967
0.185608 0.456720
0.185708 0.456720
0.185808 0.456720
0.185907 0.456227
0.186007 0.456227
0.186106 0.456227
0.186206 0.455980
0.186306 0.455734
0.186405 0.455487
0.186505 0.455240
0.186605 0.454994
0.186704 0.454994
0.186804 0.454747
0.186904 0.454501
0.187003 0.453761
0.187103 0.453761
0.187202 0.453761
0.187302 0.453761
0.187402 0.453514
0.187501 0.453514
0.187601 0.453514
0.187701 0.453514
0.187800 0.453514
0.187900 0.453268
0.187999 0.453268
0.188099 0.453268
0.188199 0.453268
0.188298 0.453268
0.188398 0.453021
0.188498 0.452774
0.188597 0.452281
0.188697 0.452035
0.188797 0.451541
0.188896 0.451541
0.188996 0.451541
0.189095 0.451295
0.189195 0.451295
0.189295 0.451295
0.189394 0.451295
0.189494 0.451048
0.189594 0.451048
0.189693 0.451048
0.189793 0.451048
0.189892 0.451048
0.189992 0.450308
0.190092 0.450308
0.190191 0.450062
0.190291 0.450062
0.190391 0.450062
0.190490 0.449568
0.190590 0.449322
0.190690 0.449075
0.190789 0.449075
0.190889 0.448582
0.190988 0.447596
0.191088 0.447102
0.191188 0.446856
0.191287 0.446856
0.191387 0.446856
0.191487 0.446856
0.191586 0.446856
0.191686 0.446856
0.191786 0.446609
0.191885 0.446609
0.191985 0.446609
0.192084 0.446363
0.192184 0.446116
0.192284 0.446116
0.192383 0.446116
0.192483 0.446116
0.192583 0.445869
0.192682 0.445376
0.192782 0.444883
0.192881 0.444390
0.192981 0.444390
0.193081 0.444143
0.193180 0.444143
0.193280 0.443896
0.193380 0.443896
0.193479 0.443650
0.193579 0.443403
0.193679 0.443403
0.193778 0.443403
0.193878 0.442663
0.193977 0.442417
0.194077 0.442417
0.194177 0.441924
0.194276 0.441677
0.194376 0.441677
0.194476 0.441430
0.194575 0.441430
0.194675 0.441184
0.194774 0.440937
0.194874 0.440937
0.194974 0.440937
0.195073 0.440691
0.195173 0.440691
0.195273 0.440691
0.195372 0.440444
0.195472 0.440197
0.195572 0.439951
0.195671 0.439457
0.195771 0.438964
0.195870 0.438471
0.195970 0.438224
0.196070 0.437731
0.196169 0.437485
0.196269 0.437238
0.196369 0.436991
0.196468 0.436991
0.196568 0.436991
0.196668 0.436745
0.196767 0.436252
0.196867 0.436005
0.196966 0.435758
0.197066 0.435758
0.197166 0.435512
0.197265 0.434772
0.197365 0.434772
0.197465 0.434525
0.197564 0.434525
0.197664 0.434525
0.197763 0.433785
0.197863 0.433785
0.197963 0.433292
0.198062 0.432799
0.198162 0.432552
0.198262 0.432552
0.198361 0.432552
0.198461 0.432552
0.198561 0.432552
0.198660 0.432552
0.198760 0.432306
0.198859 0.431813
0.198959 0.431813
0.199059 0.431813
0.199158 0.431813
0.199258 0.431566
0.199358 0.431566
0.199457 0.431319
0.199557 0.430826
0.199656 0.430826
0.199756 0.430826
0.199856 0.430826
0.199955 0.430826
0.200055 0.430826
0.200155 0.430333
0.200254 0.430333
0.200354 0.430333
0.200454 0.430086
0.200553 0.430086
0.200653 0.430086
0.200752 0.430086
0.200852 0.430086
0.200952 0.429840
0.201051 0.429840
0.201151 0.429346
0.201251 0.429346
0.201350 0.429346
0.201450 0.429346
0.201550 0.429100
0.201649 0.428853
0.201749 0.428607
0.201848 0.428607
0.201948 0.428607
0.202048 0.428360
0.202147 0.428360
0.202247 0.428360
0.202347 0.428113
0.202446 0.427867
0.202546 0.427620
0.202645 0.427620
0.202745 0.427374
0.202845 0.427127
0.202944 0.427127
0.203044 0.426880
0.203144 0.426880
0.203243 0.426634
0.203343 0.426634
0.203443 0.426387
0.203542 0.426387
0.203642 0.426387
0.203741 0.426141
0.203841 0.425894
0.203941 0.425647
0.204040 0.425401
0.204140 0.425154
0.204240 0.425154
0.204339 0.424908
0.204439 0.424661
0.204539 0.424661
0.204638 0.424414
0.204738 0.424168
0.204837 0.424168
0.204937 0.423921
0.205037 0.423921
0.205136 0.423921
0.205236 0.423674
0.205336 0.423674
0.205435 0.423181
0.205535 0.423181
0.205634 0.423181
0.205734 0.422688
0.205834 0.422688
0.205933 0.422688
0.206033 0.422441
0.206133 0.421948
0.206232 0.421702
0.206332 0.421702
0.206432 0.421702
0.206531 0.421455
0.206631 0.421208
0.206730 0.421208
0.206830 0.420962
0.206930 0.420962
0.207029 0.420222
0.207129 0.420222
0.207229 0.419975
0.207328 0.419482
0.207428 0.419482
0.207527 0.419482
0.207627 0.419236
0.207727 0.418989
0.207826 0.418742
0.207926 0.418496
0.208026 0.418249
0.208125 0.418002
0.208225 0.418002
0.208325 0.417509
0.208424 0.417509
0.208524 0.417509
0.208623 0.417509
0.208723 0.417263
0.208823 0.417263
0.208922 0.417263
0.209022 0.417263
0.209122 0.416523
0.209221 0.416030
0.209321 0.415783
0.209421 0.415783
0.209520 0.415783
0.209620 0.415783
0.209719 0.415536
0.209819 0.415043
0.209919 0.415043
0.210018 0.415043
0.210118 0.414797
0.210218 0.414303
0.210317 0.414057
0.210417 0.414057
0.210516 0.413564
0.210616 0.413564
0.210716 0.413564
0.210815 0.413564
0.210915 0.413317
0.211015 0.413317
0.211114 0.413070
0.211214 0.413070
0.211314 0.413070
0.211413 0.412824
0.211513 0.412824
0.211612 0.412577
0.211712 0.412330
0.211812 0.411837
0.211911 0.411591
0.212011 0.411344
0.212111 0.411344
0.212210 0.411097
0.212310 0.410851
0.212409 0.410604
0.212509 0.410604
0.212609 0.410604
0.212708 0.409864
0.212808 0.409618
0.212908 0.409618
0.213007 0.409618
0.213107 0.409618
0.213207 0.409618
0.213306 0.409371
0.213406 0.409371
0.213505 0.409371
0.213605 0.409125
0.213705 0.409125
0.213804 0.409125
0.213904 0.408631
0.214004 0.408631
0.214103 0.408631
0.214203 0.408385
0.214303 0.408385
0.214402 0.408385
0.214502 0.408385
0.214601 0.408385
0.214701 0.408385
0.214801 0.408138
0.214900 0.407891
0.215000 0.407891
0.215100 0.407398
0.215199 0.407398
0.215299 0.407152
0.215398 0.407152
0.215498 0.406165
0.215598 0.405919
0.215697 0.405672
0.215797 0.405425
0.215897 0.405425
0.215996 0.405179
0.216096 0.404932
0.216196 0.404439
0.216295 0.404439
0.216395 0.404439
0.216494 0.404439
0.216594 0.404439
0.216694 0.404439
0.216793 0.404439
0.216893 0.404192
0.216993 0.404192
0.217092 0.403946
0.217192 0.403946
0.217291 0.403946
0.217391 0.403946
0.217491 0.403699
0.217590 0.403206
0.217690 0.403206
0.217790 0.403206
0.217889 0.403206
0.217989 0.403206
0.218089 0.402713
0.218188 0.402713
0.218288 0.402713
0.218387 0.402713
0.218487 0.402713
0.218587 0.402713
0.218686 0.402219
0.218786 0.402219
0.218886 0.402219
0.218985 0.402219
0.219085 0.401973
0.219185 0.401973
0.219284 0.401973
0.219384 0.401480
0.219483 0.401480
0.219583 0.401480
0.219683 0.401480
0.219782 0.401233
0.219882 0.400986
0.219982 0.400493
0.220081 0.400493
0.220181 0.400000
0.220280 0.400000
0.220380 0.400000
0.220480 0.400000
0.220579 0.400000
0.220679 0.399260
0.220779 0.398767
0.220878 0.398274
0.220978 0.398274
0.221078 0.398274
0.221177 0.398027
0.221277 0.398027
0.221376 0.398027
0.221476 0.397781
0.221576 0.397781
0.221675 0.397534
0.221775 0.397534
0.221875 0.397534
0.221974 0.397041
0.222074 0.396794
0.222173 0.396794
0.222273 0.396794
0.222373 0.396301
0.222472 0.396301
0.222572 0.396301
0.222672 0.396301
0.222771 0.396301
0.222871 0.396301
0.222971 0.395808
0.223070 0.395561
0.223170 0.395314
0.223269 0.394821
0.223369 0.394328
0.223469 0.394328
0.223568 0.394081
0.223668 0.393835
0.223768 0.393342
0.223867 0.393342
0.223967 0.392848
0.224067 0.392602
0.224166 0.392355
0.224266 0.391862
0.224365 0.391615
0.224465 0.391615
0.224565 0.391369
0.224664 0.391122
0.224764 0.391122
0.224864 0.391122
0.224963 0.390875
0.225063 0.390875
0.225162 0.390875
0.225262 0.390875
0.225362 0.390875
0.225461 0.390875
0.225561 0.390629
0.225661 0.390382
0.225760 0.390136
0.225860 0.389889
0.225960 0.389889
0.226059 0.389642
0.226159 0.389642
0.226258 0.389396
0.226358 0.389396
0.226458 0.389149
0.226557 0.389149
0.226657 0.389149
0.226757 0.388903
0.226856 0.388409
0.226956 0.388163
0.227056 0.387916
0.227155 0.387916
0.227255 0.387916
0.227354 0.387916
0.227454 0.387670
0.227554 0.387670
0.227653 0.387670
0.227753 0.387670
0.227853 0.387670
0.227952 0.387670
0.228052 0.387423
0.228151 0.387423
0.228251 0.387423
0.228351 0.387423
0.228450 0.387423
0.228550 0.387423
0.228650 0.387423
0.228749 0.387423
0.228849 0.387423
0.228949 0.387176
0.229048 0.387176
0.229148 0.387176
0.229247 0.387176
0.229347 0.387176
0.229447 0.387176
0.229546 0.387176
0.229646 0.387176
0.229746 0.387176
0.229845 0.387176
0.229945 0.387176
0.230044 0.387176
0.230144 0.386930
0.230244 0.386930
0.230343 0.386683
0.230443 0.386683
0.230543 0.386683
0.230642 0.386683
0.230742 0.386683
0.230842 0.386190
0.230941 0.385943
0.231041 0.385203
0.231140 0.384957
0.231240 0.384464
0.231340 0.384464
0.231439 0.384464
0.231539 0.384217
0.231639 0.383724
0.231738 0.383724
0.231838 0.383724
0.231938 0.383477
0.232037 0.383477
0.232137 0.383477
0.232236 0.382984
0.232336 0.382737
0.232436 0.381504
0.232535 0.381504
0.232635 0.381258
0.232735 0.381258
0.232834 0.381258
0.232934 0.381258
0.233033 0.380764
0.233133 0.380518
0.233233 0.380518
0.233332 0.380025
0.233432 0.380025
0.233532 0.380025
0.233631 0.379778
0.233731 0.379778
0.233831 0.379531
0.233930 0.378792
0.234030 0.378792
0.234129 0.378792
0.234229 0.378792
0.234329 0.378792
0.234428 0.378545
0.234528 0.378298
0.234628 0.377805
0.234727 0.377312
0.234827 0.377065
0.234926 0.377065
0.235026 0.376819
0.235126 0.376819
0.235225 0.376572
0.235325 0.376079
0.235425 0.376079
0.235524 0.376079
0.235624 0.376079
0.235724 0.375832
0.235823 0.375832
0.235923 0.375832
0.236022 0.375339
0.236122 0.375339
0.236222 0.375339
0.236321 0.375092
0.236421 0.375092
0.236521 0.375092
0.236620 0.374846
0.236720 0.374846
0.236820 0.374846
0.236919 0.374846
0.237019 0.374846
0.237118 0.374599
0.237218 0.374599
0.237318 0.374599
0.237417 0.374353
0.237517 0.374353
0.237617 0.374106
0.237716 0.373859
0.237816 0.373859
0.237915 0.373859
0.238015 0.373859
0.238115 0.373613
0.238214 0.373613
0.238314 0.373613
0.238414 0.373613
0.238513 0.373613
0.238613 0.373120
0.238713 0.372873
0.238812 0.372873
0.238912 0.372873
0.239011 0.372873
0.239111 0.372873
0.239211 0.372873
0.239310 0.372133
0.239410 0.372133
0.239510 0.372133
0.239609 0.372133
0.239709 0.372133
0.239808 0.372133
0.239908 0.371887
0.240008 0.371887
0.240107 0.371887
0.240207 0.371887
0.240307 0.371640
0.240406 0.371393
0.240506 0.371147
0.240606 0.370900
0.240705 0.370900
0.240805 0.370900
0.240904 0.370900
0.241004 0.370654
0.241104 0.370407
0.241203 0.370407
0.241303 0.370160
0.241403 0.370160
0.241502 0.370160
0.241602 0.369914
0.241702 0.369914
0.241801 0.369667
0.241901 0.369420
0.242000 0.369420
0.242100 0.369420
0.242200 0.369420
0.242299 0.369420
0.242399 0.369420
0.242499 0.369420
0.242598 0.369420
0.242698 0.369420
0.242797 0.369420
0.242897 0.369174
0.242997 0.368927
0.243096 0.368927
0.243196 0.367941
0.243296 0.367941
0.243395 0.367448
0.243495 0.367448
0.243595 0.367448
0.243694 0.367201
0.243794 0.367201
0.243893 0.366954
0.243993 0.366708
0.244093 0.366461
0.244192 0.366461
0.244292 0.366215
0.244392 0.365721
0.244491 0.365228
0.244591 0.364982
0.244691 0.364735
0.244790 0.364735
0.244890 0.364488
0.244989 0.364488
0.245089 0.364242
0.245189 0.363995
0.245288 0.363995
0.245388 0.363995
0.245488 0.363995
0.245587 0.363995
0.245687 0.363995
0.245786 0.363748
0.245886 0.363748
0.245986 0.363748
0.246085 0.363748
0.246185 0.363748
0.246285 0.363502
0.246384 0.363255
0.246484 0.363255
0.246584 0.363009
0.246683 0.362762
0.246783 0.362269
0.246882 0.362022
0.246982 0.361776
0.247082 0.361776
0.247181 0.361776
0.247281 0.361529
0.247381 0.361529
0.247480 0.361529
0.247580 0.361529
0.247679 0.361529
0.247779 0.361529
0.247879 0.361529
0.247978 0.361529
0.248078 0.361282
0.248178 0.361282
0.248277 0.361036
0.248377 0.361036
0.248477 0.361036
0.248576 0.360789
0.248676 0.360789
0.248775 0.360543
0.248875 0.360296
0.248975 0.360049
0.249074 0.360049
0.249174 0.360049
0.249274 0.360049
0.249373 0.359803
0.249473 0.359803
0.249573 0.359803
0.249672 0.359309
0.249772 0.359063
0.249871 0.358570
0.249971 0.358323
0.250071 0.358076
0.250170 0.357830
0.250270 0.357830
0.250370 0.357583
0.250469 0.357583
0.250569 0.357583
0.250668 0.357583
0.250768 0.357583
0.250868 0.357583
0.250967 0.357337
0.251067 0.357090
0.251167 0.357090
0.251266 0.357090
0.251366 0.356843
0.251466 0.356843
0.251565 0.356597
0.251665 0.356597
0.251764 0.356597
0.251864 0.356597
0.251964 0.356104
0.252063 0.356104
0.252163 0.356104
0.252263 0.355857
0.252362 0.355857
0.252462 0.355610
0.252561 0.355610
0.252661 0.355364
0.252761 0.355364
0.252860 0.355117
0.252960 0.355117
0.253060 0.355117
0.253159 0.355117
0.253259 0.354871
0.253359 0.354871
0.253458 0.354624
0.253558 0.354377
0.253657 0.354131
0.253757 0.354131
0.253857 0.354131
0.253956 0.353884
0.254056 0.353884
0.254156 0.353637
0.254255 0.353637
0.254355 0.353637
0.254455 0.353637
0.254554 0.353637
0.254654 0.352898
0.254753 0.352898
0.254853 0.352898
0.254953 0.352898
0.255052 0.352898
0.255152 0.352898
0.255252 0.352898
0.255351 0.352651
0.255451 0.352404
0.255550 0.352158
0.255650 0.352158
0.255750 0.352158
0.255849 0.352158
0.255949 0.352158
0.256049 0.351665
0.256148 0.351665
0.256248 0.351418
0.256348 0.351418
0.256447 0.351418
0.256547 0.351418
0.256646 0.350925
0.256746 0.350925
0.256846 0.350925
0.256945 0.350925
0.257045 0.350925
0.257145 0.350925
0.257244 0.350925
0.257344 0.350925
0.257443 0.350925
0.257543 0.350678
0.257643 0.350678
0.257742 0.350678
0.257842 0.350678
0.257942 0.350678
0.258041 0.350678
0.258141 0.350432
0.258241 0.350432
0.258340 0.350185
0.258440 0.350185
0.258539 0.349938
0.258639 0.349938
0.258739 0.349692
0.258838 0.348952
0.258938 0.348952
0.259038 0.348952
0.259137 0.348952
0.259237 0.348952
0.259337 0.348705
0.259436 0.348459
0.259536 0.348459
0.259635 0.348459
0.259735 0.348459
0.259835 0.348459
0.259934 0.348459
0.260034 0.347965
0.260134 0.347965
0.260233 0.347719
0.260333 0.347719
0.260432 0.347719
0.260532 0.347719
0.260632 0.347719
0.260731 0.347719
0.260831 0.347719
0.260931 0.347226
0.261030 0.347226
0.261130 0.347226
0.261230 0.346979
0.261329 0.346732
0.261429 0.346732
0.261528 0.346732
0.261628 0.346486
0.261728 0.346239
0.261827 0.345993
0.261927 0.345746
0.262027 0.345746
0.262126 0.345746
0.262226 0.345499
0.262326 0.345499
0.262425 0.345253
0.262525 0.345253
0.262624 0.345253
0.262724 0.345253
0.262824 0.345006
0.262923 0.344760
0.263023 0.344760
0.263123 0.344760
0.263222 0.344513
0.263322 0.344513
0.263421 0.344513
0.263521 0.344513
0.263621 0.344513
0.263720 0.344266
0.263820 0.344266
0.263920 0.344266
0.264019 0.344266
0.264119 0.344020
0.264219 0.343773
0.264318 0.343773
0.264418 0.343527
0.264517 0.343033
0.264617 0.342787
0.264717 0.342293
0.264816 0.342293
0.264916 0.342293
0.265016 0.342293
0.265115 0.342047
0.265215 0.342047
0.265314 0.342047
0.265414 0.341800
0.265514 0.341800
0.265613 0.341307
0.265713 0.341307
0.265813 0.341307
0.265912 0.341307
0.266012 0.341060
0.266112 0.341060
0.266211 0.340567
0.266311 0.340567
0.266410 0.340567
0.266510 0.340567
0.266610 0.340567
0.266709 0.340567
0.266809 0.340567
0.266909 0.340321
0.267008 0.340074
0.267108 0.339827
0.267208 0.339581
0.267307 0.339581
0.267407 0.339334
0.267506 0.339334
0.267606 0.339334
0.267706 0.339334
0.267805 0.339334
0.267905 0.339334
0.268005 0.339088
0.268104 0.338841
0.268204 0.338841
0.268303 0.338594
0.268403 0.338594
0.268503 0.338348
0.268602 0.338101
0.268702 0.337855
0.268802 0.337855
0.268901 0.337855
0.269001 0.337855
0.269101 0.337855
0.269200 0.337855
0.269300 0.337608
0.269399 0.337608
0.269499 0.337608
0.269599 0.337115
0.269698 0.336868
0.269798 0.336621
0.269898 0.336128
0.269997 0.336128
0.270097 0.336128
0.270196 0.336128
0.270296 0.336128
0.270396 0.335882
0.270495 0.335882
0.270595 0.335882
0.270695 0.335882
0.270794 0.335635
0.270894 0.335388
0.270994 0.335388
0.271093 0.335388
0.271193 0.335388
0.271292 0.335388
0.271392 0.335388
0.271492 0.335142
0.271591 0.335142
0.271691 0.334895
0.271791 0.334895
0.271890 0.334895
0.271990 0.334895
0.272090 0.334649
0.272189 0.334402
0.272289 0.334402
0.272388 0.334402
0.272488 0.334155
0.272588 0.334155
0.272687 0.333909
0.272787 0.333909
0.272887 0.333909
0.272986 0.333909
0.273086 0.333909
0.273185 0.333909
0.273285 0.333909
0.273385 0.333909
0.273484 0.333909
0.273584 0.333909
0.273684 0.333416
0.273783 0.332922
0.273883 0.332676
0.273983 0.332676
0.274082 0.332676
0.274182 0.332182
0.274281 0.332182
0.274381 0.332182
0.274481 0.331689
0.274580 0.331443
0.274680 0.331196
0.274780 0.331196
0.274879 0.331196
0.274979 0.331196
0.275078 0.330949
0.275178 0.330949
0.275278 0.330949
0.275377 0.330703
0.275477 0.330703
0.275577 0.330703
0.275676 0.330456
0.275776 0.330456
0.275876 0.329963
0.275975 0.329963
0.276075 0.329963
0.276174 0.329963
0.276274 0.329963
0.276374 0.329963
0.276473 0.329963
0.276573 0.329963
0.276673 0.329716
0.276772 0.329470
0.276872 0.329470
0.276972 0.329470
0.277071 0.329470
0.277171 0.329470
0.277270 0.328977
0.277370 0.328977
0.277470 0.328977
0.277569 0.328977
0.277669 0.328730
0.277769 0.328730
0.277868 0.328730
0.277968 0.328730
0.278067 0.328730
0.278167 0.328237
0.278267 0.328237
0.278366 0.328237
0.278466 0.327990
0.278566 0.327744
0.278665 0.327744
0.278765 0.327250
0.278865 0.327250
0.278964 0.327250
0.279064 0.327250
0.279163 0.327250
0.279263 0.327250
0.279363 0.327004
0.279462 0.327004
0.279562 0.327004
0.279662 0.327004
0.279761 0.327004
0.279861 0.327004
0.279961 0.326757
0.280060 0.326757
0.280160 0.326264
0.280259 0.326017
0.280359 0.326017
0.280459 0.326017
0.280558 0.326017
0.280658 0.326017
0.280758 0.326017
0.280857 0.325771
0.280957 0.325771
0.281056 0.325771
0.281156 0.325771
0.281256 0.325771
0.281355 0.325524
0.281455 0.325524
0.281555 0.325524
0.281654 0.325524
0.281754 0.325524
0.281854 0.325524
0.281953 0.325277
0.282053 0.325031
0.282152 0.324784
0.282252 0.324784
0.282352 0.324538
0.282451 0.324538
0.282551 0.324538
0.282651 0.324291
0.282750 0.324291
0.282850 0.324291
0.282949 0.324291
0.283049 0.324044
0.283149 0.324044
0.283248 0.324044
0.283348 0.324044
0.283448 0.324044
0.283547 0.324044
0.283647 0.324044
0.283747 0.324044
0.283846 0.324044
0.283946 0.323798
0.284045 0.323551
0.284145 0.323551
0.284245 0.323551
0.284344 0.323058
0.284444 0.322811
0.284544 0.322565
0.284643 0.322565
0.284743 0.322565
0.284843 0.322565
0.284942 0.322318
0.285042 0.322318
0.285141 0.322318
0.285241 0.322318
0.285341 0.322072
0.285440 0.321825
0.285540 0.321578
0.285640 0.321578
0.285739 0.321578
0.285839 0.321578
0.285938 0.321578
0.286038 0.321578
0.286138 0.321578
0.286237 0.321332
0.286337 0.321332
0.286437 0.321332
0.286536 0.321332
0.286636 0.321332
0.286736 0.321085
0.286835 0.321085
0.286935 0.321085
0.287034 0.321085
0.287134 0.321085
0.287234 0.321085
0.287333 0.321085
0.287433 0.321085
0.287533 0.321085
0.287632 0.320592
0.287732 0.319852
0.287831 0.319852
0.287931 0.319852
0.288031 0.319605
0.288130 0.319605
0.288230 0.319359
0.288330 0.319359
0.288429 0.319359
0.288529 0.319359
0.288629 0.319359
0.288728 0.319359
0.288828 0.319359
0.288927 0.319359
0.289027 0.319359
0.289127 0.319359
0.289226 0.319359
0.289326 0.319359
0.289426 0.319359
0.289525 0.319359
0.289625 0.319359
0.289725 0.319359
0.289824 0.319359
0.289924 0.319359
0.290023 0.319359
0.290123 0.319359
0.290223 0.319359
0.290322 0.319112
0.290422 0.319112
0.290522 0.318619
0.290621 0.318372
0.290721 0.318126
0.290820 0.318126
0.290920 0.317879
0.291020 0.317879
0.291119 0.317879
0.291219 0.317879
0.291319 0.317633
0.291418 0.317386
0.291518 0.317386
0.291618 0.317386
0.291717 0.317139
0.291817 0.316646
0.291916 0.316646
0.292016 0.316400
0.292116 0.316400
0.292215 0.316153
0.292315 0.316153
0.292415 0.315906
0.292514 0.315906
0.292614 0.315906
0.292713 0.315906
0.292813 0.315906
0.292913 0.315906
0.293012 0.315906
0.293112 0.315906
0.293212 0.315906
0.293311 0.315660
0.293411 0.315413
0.293511 0.315413
0.293610 0.315413
0.293710 0.315413
0.293809 0.315413
0.293909 0.315166
0.294009 0.315166
0.294108 0.315166
0.294208 0.315166
0.294308 0.315166
0.294407 0.315166
0.294507 0.315166
0.294607 0.314920
0.294706 0.314673
0.294806 0.314673
0.294905 0.314427
0.295005 0.314180
0.295105 0.314180
0.295204 0.314180
0.295304 0.314180
0.295404 0.314180
0.295503 0.314180
0.295603 0.313933
0.295702 0.313933
0.295802 0.313933
0.295902 0.313933
0.296001 0.313440
0.296101 0.313440
0.296201 0.313440
0.296300 0.313440
0.296400 0.313194
0.296500 0.312947
0.296599 0.312700
0.296699 0.312700
0.296798 0.312700
0.296898 0.312700
0.296998 0.312700
0.297097 0.312700
0.297197 0.312700
0.297297 0.312700
0.297396 0.312454
0.297496 0.312454
0.297595 0.311961
0.297695 0.311961
0.297795 0.311961
0.297894 0.311961
0.297994 0.311961
0.298094 0.311961
0.298193 0.311961
0.298293 0.311961
0.298393 0.311961
0.298492 0.311961
0.298592 0.311714
0.298691 0.311714
0.298791 0.311714
0.298891 0.311714
0.298990 0.311714
0.299090 0.311467
0.299190 0.311221
0.299289 0.311221
0.299389 0.311221
0.299489 0.311221
0.299588 0.310974
0.299688 0.310974
0.299787 0.310974
0.299887 0.310974
0.299987 0.310974
0.300086 0.310974
0.300186 0.310727
0.300286 0.310727
0.300385 0.310481
0.300485 0.310234
0.300584 0.310234
0.300684 0.310234
0.300784 0.309988
0.300883 0.309988
0.300983 0.309741
0.301083 0.309494
0.301182 0.309248
0.301282 0.309248
0.301382 0.309248
0.301481 0.309001
0.301581 0.309001
0.301680 0.308755
0.301780 0.308755
0.301880 0.308755
0.301979 0.308755
0.302079 0.308755
0.302179 0.308508
0.302278 0.308508
0.302378 0.308508
0.302478 0.308508
0.302577 0.308261
0.302677 0.308261
0.302776 0.308261
0.302876 0.308015
0.302976 0.308015
0.303075 0.308015
0.303175 0.307522
0.303275 0.307522
0.303374 0.307522
0.303474 0.307275
0.303573 0.307275
0.303673 0.307275
0.303773 0.307275
0.303872 0.307275
0.303972 0.307275
0.304072 0.306782
0.304171 0.306782
0.304271 0.306535
0.304371 0.306042
0.304470 0.306042
0.304570 0.306042
0.304669 0.305795
0.304769 0.305549
0.304869 0.305549
0.304968 0.305302
0.305068 0.305302
0.305168 0.305302
0.305267 0.305302
0.305367 0.305302
0.305466 0.305055
0.305566 0.305055
0.305666 0.305055
0.305765 0.305055
0.305865 0.304809
0.305965 0.304809
0.306064 0.304316
0.306164 0.304316
0.306264 0.304316
0.306363 0.304316
0.306463 0.304316
0.306562 0.304316
0.306662 0.304316
0.306762 0.304316
0.306861 0.304316
0.306961 0.304316
0.307061 0.304316
0.307160 0.304316
0.307260 0.304316
0.307360 0.304316
0.307459 0.304316
0.307559 0.304316
0.307658 0.304316
0.307758 0.304316
0.307858 0.304316
0.307957 0.304316
0.308057 0.304069
0.308157 0.304069
0.308256 0.304069
0.308356 0.303822
0.308455 0.303822
0.308555 0.303822
0.308655 0.303822
0.308754 0.303822
0.308854 0.303083
0.308954 0.303083
0.309053 0.303083
0.309153 0.302836
0.309253 0.302836
0.309352 0.302836
0.309452 0.302836
0.309551 0.302836
0.309651 0.302589
0.309751 0.302343
0.309850 0.302096
0.309950 0.302096
0.310050 0.302096
0.310149 0.302096
0.310249 0.302096
0.310348 0.302096
0.310448 0.302096
0.310548 0.301603
0.310647 0.301603
0.310747 0.301603
0.310847 0.301603
0.310946 0.301603
0.311046 0.301603
0.311146 0.301603
0.311245 0.301603
0.311345 0.301603
0.311444 0.301603
0.311544 0.301356
0.311644 0.301356
0.311743 0.301356
0.311843 0.301356
0.311943 0.301356
0.312042 0.301110
0.312142 0.300863
0.312242 0.300863
0.312341 0.300863
0.312441 0.300863
0.312540 0.300617
0.312640 0.300617
0.312740 0.300370
0.312839 0.300370
0.312939 0.300370
0.313039 0.300370
0.313138 0.300370
0.313238 0.300370
0.313337 0.300370
0.313437 0.300123
0.313537 0.300123
0.313636 0.300123
0.313736 0.300123
0.313836 0.300123
0.313935 0.299630
0.314035 0.299630
0.314135 0.299630
0.314234 0.299630
0.314334 0.299630
0.314433 0.299630
0.314533 0.299630
0.314633 0.299137
0.314732 0.299137
0.314832 0.299137
0.314932 0.298890
0.315031 0.298890
0.315131 0.298644
0.315230 0.298644
0.315330 0.298644
0.315430 0.298150
0.315529 0.297904
0.315629 0.297411
0.315729 0.297411
0.315828 0.297411
0.315928 0.297411
0.316028 0.297411
0.316127 0.297164
0.316227 0.296671
0.316326 0.296671
0.316426 0.296424
0.316526 0.296178
0.316625 0.296178
0.316725 0.296178
0.316825 0.296178
0.316924 0.296178
0.317024 0.296178
0.317124 0.296178
0.317223 0.296178
0.317323 0.296178
0.317422 0.296178
0.317522 0.296178
0.317622 0.296178
0.317721 0.296178
0.317821 0.295931
0.317921 0.295684
0.318020 0.295684
0.318120 0.295684
0.318219 0.295438
0.318319 0.295438
0.318419 0.295438
0.318518 0.295438
0.318618 0.295438
0.318718 0.295438
0.318817 0.295438
0.318917 0.295191
0.319017 0.295191
0.319116 0.294945
0.319216 0.294698
0.319315 0.294698
0.319415 0.294451
0.319515 0.294451
0.319614 0.294451
0.319714 0.294451
0.319814 0.294451
0.319913 0.294451
0.320013 0.294451
0.320113 0.294451
0.320212 0.294451
0.320312 0.294451
0.320411 0.294451
0.320511 0.294451
0.320611 0.294451
0.320710 0.294205
0.320810 0.294205
0.320910 0.294205
0.321009 0.294205
0.321109 0.293958
0.321208 0.293958
0.321308 0.293958
0.321408 0.293958
0.321507 0.293465
0.321607 0.293465
0.321707 0.293465
0.321806 0.293465
0.321906 0.293218
0.322006 0.292972
0.322105 0.292972
0.322205 0.292725
0.322304 0.292725
0.322404 0.292232
0.322504 0.292232
0.322603 0.292232
0.322703 0.291985
0.322803 0.291985
0.322902 0.291985
0.323002 0.291985
0.323101 0.291739
0.323201 0.291739
0.323301 0.291739
0.323400 0.291492
0.323500 0.291492
0.323600 0.291492
0.323699 0.291245
0.323799 0.291245
0.323899 0.291245
0.323998 0.291245
0.324098 0.290999
0.324197 0.290999
0.324297 0.290999
0.324397 0.290999
0.324496 0.290999
0.324596 0.290999
0.324696 0.290999
0.324795 0.290999
0.324895 0.290752
0.324995 0.290506
0.325094 0.290506
0.325194 0.290506
0.325293 0.290506
0.325393 0.290506
0.325493 0.290506
0.325592 0.290259
0.325692 0.290259
0.325792 0.290259
0.325891 0.289766
0.325991 0.289766
0.326090 0.289273
0.326190 0.289273
0.326290 0.289273
0.326389 0.289273
0.326489 0.289273
0.326589 0.289273
0.326688 0.289026
0.326788 0.289026
0.326888 0.288779
0.326987 0.288779
0.327087 0.288533
0.327186 0.288533
0.327286 0.288533
0.327386 0.288533
0.327485 0.288533
0.327585 0.288533
0.327685 0.288286
0.327784 0.288039
0.327884 0.288039
0.327983 0.288039
0.328083 0.288039
0.328183 0.288039
0.328282 0.288039
0.328382 0.288039
0.328482 0.288039
0.328581 0.288039
0.328681 0.288039
0.328781 0.288039
0.328880 0.288039
0.328980 0.287793
0.329079 0.287793
0.329179 0.287793
0.329279 0.287546
0.329378 0.287546
0.329478 0.287300
0.329578 0.287053
0.329677 0.287053
0.329777 0.286806
0.329877 0.286806
0.329976 0.286806
0.330076 0.286806
0.330175 0.286806
0.330275 0.286806
0.330375 0.286806
0.330474 0.286806
0.330574 0.286806
0.330674 0.286806
0.330773 0.286806
0.330873 0.286560
0.330972 0.286560
0.331072 0.286560
0.331172 0.286313
0.331271 0.286313
0.331371 0.286067
0.331471 0.286067
0.331570 0.286067
0.331670 0.286067
0.331770 0.285820
0.331869 0.285820
0.331969 0.285820
0.332068 0.285820
0.332168 0.285820
0.332268 0.285820
0.332367 0.285820
0.332467 0.285820
0.332567 0.285820
0.332666 0.285820
0.332766 0.285820
0.332865 0.285327
0.332965 0.285327
0.333065 0.285327
0.333164 0.285327
0.333264 0.285327
0.333364 0.285327
0.333463 0.285327
0.333563 0.285327
0.333663 0.285327
0.333762 0.285080
0.333862 0.285080
0.333961 0.285080
0.334061 0.284834
0.334161 0.284834
0.334260 0.284587
0.334360 0.284340
0.334460 0.284340
0.334559 0.284340
0.334659 0.284340
0.334759 0.284340
0.334858 0.284094
0.334958 0.284094
0.335057 0.284094
0.335157 0.284094
0.335257 0.284094
0.335356 0.284094
0.335456 0.284094
0.335556 0.284094
0.335655 0.284094
0.335755 0.284094
0.335854 0.284094
0.335954 0.283847
0.336054 0.283600
0.336153 0.283354
0.336253 0.283354
0.336353 0.283107
0.336452 0.283107
0.336552 0.282861
0.336652 0.282614
0.336751 0.282614
0.336851 0.282367
0.336950 0.282367
0.337050 0.282121
0.337150 0.281874
0.337249 0.281874
0.337349 0.281874
0.337449 0.281874
0.337548 0.281874
0.337648 0.281628
0.337748 0.281381
0.337847 0.281381
0.337947 0.281381
0.338046 0.281381
0.338146 0.281134
0.338246 0.281134
0.338345 0.280888
0.338445 0.280888
0.338545 0.280395
0.338644 0.280395
0.338744 0.280395
0.338843 0.280395
0.338943 0.280395
0.339043 0.280148
0.339142 0.279655
0.339242 0.279655
0.339342 0.279655
0.339441 0.279655
0.339541 0.279655
0.339641 0.279408
0.339740 0.278915
0.339840 0.278915
0.339939 0.278915
0.340039 0.278915
0.340139 0.278915
0.340238 0.278915
0.340338 0.278668
0.340438 0.278668
0.340537 0.278668
0.340637 0.278668
0.340736 0.278668
0.340836 0.278422
0.340936 0.278422
0.341035 0.277928
0.341135 0.277928
0.341235 0.277928
0.341334 0.277928
0.341434 0.277928
0.341534 0.277682
0.341633 0.277682
0.341733 0.277682
0.341832 0.277682
0.341932 0.277682
0.342032 0.277435
0.342131 0.277435
0.342231 0.277189
0.342331 0.277189
0.342430 0.276942
0.342530 0.276695
0.342630 0.276449
0.342729 0.276449
0.342829 0.276449
0.342928 0.276449
0.343028 0.276202
0.343128 0.276202
0.343227 0.276202
0.343327 0.276202
0.343427 0.276202
0.343526 0.276202
0.343626 0.276202
0.343725 0.276202
0.343825 0.276202
0.343925 0.276202
0.344024 0.276202
0.344124 0.276202
0.344224 0.276202
0.344323 0.276202
0.344423 0.276202
0.344523 0.276202
0.344622 0.276202
0.344722 0.275956
0.344821 0.275956
0.344921 0.275709
0.345021 0.275462
0.345120 0.275462
0.345220 0.275462
0.345320 0.275462
0.345419 0.275216
0.345519 0.274969
0.345618 0.274723
0.345718 0.274723
0.345818 0.274723
0.345917 0.274723
0.346017 0.274723
0.346117 0.274476
0.346216 0.274476
0.346316 0.274229
0.346416 0.274229
0.346515 0.274229
0.346615 0.274229
0.346714 0.274229
0.346814 0.273983
0.346914 0.273736
0.347013 0.273736
0.347113 0.273736
0.347213 0.273736
0.347312 0.273490
0.347412 0.273490
0.347512 0.273490
0.347611 0.273490
0.347711 0.273243
0.347810 0.273243
0.347910 0.272996
0.348010 0.272996
0.348109 0.272996
0.348209 0.272996
0.348309 0.272750
0.348408 0.272503
0.348508 0.272503
0.348607 0.272503
0.348707 0.272010
0.348807 0.272010
0.348906 0.272010
0.349006 0.271763
0.349106 0.271270
0.349205 0.270777
0.349305 0.270530
0.349405 0.270530
0.349504 0.270284
0.349604 0.270284
0.349703 0.270037
0.349803 0.269790
0.349903 0.269790
0.350002 0.269790
0.350102 0.269544
0.350202 0.269544
0.350301 0.269297
0.350401 0.269297
0.350500 0.269297
0.350600 0.269051
0.350700 0.268804
0.350799 0.268804
0.350899 0.268804
0.350999 0.268804
0.351098 0.268804
0.351198 0.268804
0.351298 0.268557
0.351397 0.268557
0.351497 0.268557
0.351596 0.268557
0.351696 0.268311
0.351796 0.268311
0.351895 0.268064
0.351995 0.268064
0.352095 0.268064
0.352194 0.268064
0.352294 0.267818
0.352394 0.267571
0.352493 0.267078
0.352593 0.267078
0.352692 0.266831
0.352792 0.266831
0.352892 0.266831
0.352991 0.266831
0.353091 0.266831
0.353191 0.266831
0.353290 0.266831
0.353390 0.266584
0.353489 0.266091
0.353589 0.266091
0.353689 0.266091
0.353788 0.266091
0.353888 0.266091
0.353988 0.265845
0.354087 0.265845
0.354187 0.265845
0.354287 0.265845
0.354386 0.265845
0.354486 0.265845
0.354585 0.265845
0.354685 0.265845
0.354785 0.265598
0.354884 0.265598
0.354984 0.265598
0.355084 0.265598
0.355183 0.265598
0.355283 0.265351
0.355382 0.265351
0.355482 0.265351
0.355582 0.265351
0.355681 0.265105
0.355781 0.265105
0.355881 0.265105
0.355980 0.264858
0.356080 0.264858
0.356180 0.264858
0.356279 0.264612
0.356379 0.264612
0.356478 0.264612
0.356578 0.264365
0.356678 0.264365
0.356777 0.263872
0.356877 0.263872
0.356977 0.263625
0.357076 0.263379
0.357176 0.263379
0.357276 0.263379
0.357375 0.263132
0.357475 0.263132
0.357574 0.263132
0.357674 0.263132
0.357774 0.263132
0.357873 0.263132
0.357973 0.263132
0.358073 0.263132
0.358172 0.263132
0.358272 0.263132
0.358371 0.263132
0.358471 0.263132
0.358571 0.263132
0.358670 0.263132
0.358770 0.262885
0.358870 0.262885
0.358969 0.262885
0.359069 0.262885
0.359169 0.262639
0.359268 0.262639
0.359368 0.262392
0.359467 0.262392
0.359567 0.262392
0.359667 0.262392
0.359766 0.262145
0.359866 0.262145
0.359966 0.262145
0.360065 0.262145
0.360165 0.262145
0.360265 0.262145
0.360364 0.262145
0.360464 0.262145
0.360563 0.262145
0.360663 0.262145
0.360763 0.262145
0.360862 0.262145
0.360962 0.262145
0.361062 0.262145
0.361161 0.262145
0.361261 0.262145
0.361360 0.261899
0.361460 0.261899
0.361560 0.261899
0.361659 0.261652
0.361759 0.261652
0.361859 0.261652
0.361958 0.261406
0.362058 0.261406
0.362158 0.261159
0.362257 0.261159
0.362357 0.260912
0.362456 0.260912
0.362556 0.260912
0.362656 0.260912
0.362755 0.260912
0.362855 0.260912
0.362955 0.260666
0.363054 0.260666
0.363154 0.260173
0.363253 0.260173
0.363353 0.260173
0.363453 0.260173
0.363552 0.260173
0.363652 0.259926
0.363752 0.259926
0.363851 0.259926
0.363951 0.259926
0.364051 0.259679
0.364150 0.259433
0.364250 0.259433
0.364349 0.258940
0.364449 0.258940
0.364549 0.258940
0.364648 0.258446
0.364748 0.258446
0.364848 0.258200
0.364947 0.258200
0.365047 0.258200
0.365147 0.258200
0.365246 0.258200
0.365346 0.258200
0.365445 0.258200
0.365545 0.258200
0.365645 0.257953
0.365744 0.257953
0.365844 0.257707
0.365944 0.257707
0.366043 0.257707
0.366143 0.257707
0.366242 0.257707
0.366342 0.257707
0.366442 0.257707
0.366541 0.257460
0.366641 0.257213
0.366741 0.257213
0.366840 0.256967
0.366940 0.256720
0.367040 0.256720
0.367139 0.256720
0.367239 0.256473
0.367338 0.256473
0.367438 0.256227
0.367538 0.256227
0.367637 0.255980
0.367737 0.255734
0.367837 0.255487
0.367936 0.255240
0.368036 0.254994
0.368135 0.254994
0.368235 0.254994
0.368335 0.254994
0.368434 0.254994
0.368534 0.254994
0.368634 0.254994
0.368733 0.254994
0.368833 0.254994
0.368933 0.254994
0.369032 0.254994
0.369132 0.254994
0.369231 0.254994
0.369331 0.254747
0.369431 0.254501
0.369530 0.254254
0.369630 0.254254
0.369730 0.254007
0.369829 0.254007
0.369929 0.254007
0.370029 0.254007
0.370128 0.254007
0.370228 0.254007
0.370327 0.254007
0.370427 0.254007
0.370527 0.254007
0.370626 0.254007
0.370726 0.253761
0.370826 0.253761
0.370925 0.253761
0.371025 0.253761
0.371124 0.253761
0.371224 0.253761
0.371324 0.253761
0.371423 0.253268
0.371523 0.253268
0.371623 0.253021
0.371722 0.253021
0.371822 0.253021
0.371922 0.253021
0.372021 0.253021
0.372121 0.253021
0.372220 0.253021
0.372320 0.253021
0.372420 0.252774
0.372519 0.252528
0.372619 0.252528
0.372719 0.252528
0.372818 0.252528
0.372918 0.252281
0.373017 0.252281
0.373117 0.252035
0.373217 0.252035
0.373316 0.252035
0.373416 0.252035
0.373516 0.252035
0.373615 0.252035
0.373715 0.252035
0.373815 0.252035
0.373914 0.252035
0.374014 0.252035
0.374113 0.251541
0.374213 0.251295
0.374313 0.251295
0.374412 0.251295
0.374512 0.251295
0.374612 0.251048
0.374711 0.251048
0.374811 0.251048
0.374911 0.251048
0.375010 0.251048
0.375110 0.251048
0.375209 0.250801
0.375309 0.250801
0.375409 0.250801
0.375508 0.250801
0.375608 0.250801
0.375708 0.250801
0.375807 0.250801
0.375907 0.250801
0.376006 0.250801
0.376106 0.250801
0.376206 0.250801
0.376305 0.250801
0.376405 0.250801
0.376505 0.250801
0.376604 0.250801
0.376704 0.250801
0.376804 0.250801
0.376903 0.250555
0.377003 0.250308
0.377102 0.250308
0.377202 0.250308
0.377302 0.250308
0.377401 0.250308
0.377501 0.250308
0.377601 0.250308
0.377700 0.250308
0.377800 0.250062
0.377900 0.249568
0.377999 0.249568
0.378099 0.249568
0.378198 0.249568
0.378298 0.249568
0.378398 0.249568
0.378497 0.249322
0.378597 0.249075
0.378697 0.248829
0.378796 0.248829
0.378896 0.248582
0.378995 0.248582
0.379095 0.248582
0.379195 0.248582
0.379294 0.248582
0.379394 0.248582
0.379494 0.248335
0.379593 0.248335
0.379693 0.248335
0.379793 0.248089
0.379892 0.248089
0.379992 0.248089
0.380091 0.247842
0.380191 0.247842
0.380291 0.247596
0.380390 0.247596
0.380490 0.247596
0.380590 0.247596
0.380689 0.247596
0.380789 0.247596
0.380888 0.247596
0.380988 0.247349
0.381088 0.247349
0.381187 0.247349
0.381287 0.247349
0.381387 0.247349
0.381486 0.247349
0.381586 0.247102
0.381686 0.247102
0.381785 0.247102
0.381885 0.246856
0.381984 0.246856
0.382084 0.246856
0.382184 0.246856
0.382283 0.246856
0.382383 0.246856
0.382483 0.246856
0.382582 0.246856
0.382682 0.246856
0.382782 0.246856
0.382881 0.246856
0.382981 0.246856
0.383080 0.246856
0.383180 0.246609
0.383280 0.246363
0.383379 0.246363
0.383479 0.246363
0.383579 0.246116
0.383678 0.246116
0.383778 0.245623
0.383877 0.245623
0.383977 0.245623
0.384077 0.245623
0.384176 0.245623
0.384276 0.245376
0.384376 0.245376
0.384475 0.245376
0.384575 0.245376
0.384675 0.245376
0.384774 0.245376
0.384874 0.245129
0.384973 0.245129
0.385073 0.244883
0.385173 0.244636
0.385272 0.244143
0.385372 0.244143
0.385472 0.244143
0.385571 0.244143
0.385671 0.244143
0.385770 0.244143
0.385870 0.244143
0.385970 0.244143
0.386069 0.243896
0.386169 0.243896
0.386269 0.243896
0.386368 0.243896
0.386468 0.243896
0.386568 0.243650
0.386667 0.243650
0.386767 0.243650
0.386866 0.243650
0.386966 0.243650
0.387066 0.243650
0.387165 0.243650
0.387265 0.243650
0.387365 0.243650
0.387464 0.243650
0.387564 0.243650
0.387664 0.243650
0.387763 0.243157
0.387863 0.243157
0.387962 0.242910
0.388062 0.242910
0.388162 0.242417
0.388261 0.242417
0.388361 0.242417
0.388461 0.242170
0.388560 0.242170
0.388660 0.241924
0.388759 0.241924
0.388859 0.241924
0.388959 0.241677
0.389058 0.241677
0.389158 0.241677
0.389258 0.241184
0.389357 0.241184
0.389457 0.241184
0.389557 0.241184
0.389656 0.241184
0.389756 0.241184
0.389855 0.240937
0.389955 0.240937
0.390055 0.240937
0.390154 0.240937
0.390254 0.240691
0.390354 0.240691
0.390453 0.240691
0.390553 0.240691
0.390652 0.240691
0.390752 0.240691
0.390852 0.240444
0.390951 0.240197
0.391051 0.239704
0.391151 0.239704
0.391250 0.239457
0.391350 0.238964
0.391450 0.238964
0.391549 0.238718
0.391649 0.238718
0.391748 0.238718
0.391848 0.238718
0.391948 0.238718
0.392047 0.238718
0.392147 0.238718
0.392247 0.238471
0.392346 0.238471
0.392446 0.238471
0.392546 0.238471
0.392645 0.238471
0.392745 0.238471
0.392844 0.238471
0.392944 0.238224
0.393044 0.238224
0.393143 0.237731
0.393243 0.237731
0.393343 0.237731
0.393442 0.237731
0.393542 0.237731
0.393641 0.237731
0.393741 0.237731
0.393841 0.237731
0.393940 0.237731
0.394040 0.237731
0.394140 0.237731
0.394239 0.237731
0.394339 0.237485
0.394439 0.237238
0.394538 0.237238
0.394638 0.237238
0.394737 0.237238
0.394837 0.237238
0.394937 0.237238
0.395036 0.236991
0.395136 0.236991
0.395236 0.236991
0.395335 0.236991
0.395435 0.236991
0.395535 0.236991
0.395634 0.236991
0.395734 0.236991
0.395833 0.236991
0.395933 0.236991
0.396033 0.236991
0.396132 0.236991
0.396232 0.236991
0.396332 0.236991
0.396431 0.236991
0.396531 0.236991
0.396630 0.236745
0.396730 0.236498
0.396830 0.236252
0.396929 0.236252
0.397029 0.236252
0.397129 0.236252
0.397228 0.236252
0.397328 0.236252
0.397428 0.236252
0.397527 0.236252
0.397627 0.236252
0.397726 0.236252
0.397826 0.236252
0.397926 0.236252
0.398025 0.236252
0.398125 0.236252
0.398225 0.236252
0.398324 0.236005
0.398424 0.235512
0.398523 0.235512
0.398623 0.235265
0.398723 0.235018
0.398822 0.235018
0.398922 0.234772
0.399022 0.234772
0.399121 0.234772
0.399221 0.234772
0.399321 0.234279
0.399420 0.234279
0.399520 0.234279
0.399619 0.234032
0.399719 0.233539
0.399819 0.233539
0.399918 0.233539
0.400018 0.233539
0.400118 0.233292
0.400217 0.233292
0.400317 0.233292
0.400417 0.233046
0.400516 0.232306
0.400616 0.232059
0.400715 0.232059
0.400815 0.232059
0.400915 0.232059
0.401014 0.232059
0.401114 0.232059
0.401214 0.232059
0.401313 0.232059
0.401413 0.232059
0.401512 0.232059
0.401612 0.232059
0.401712 0.232059
0.401811 0.232059
0.401911 0.232059
0.402011 0.232059
0.402110 0.232059
0.402210 0.232059
0.402310 0.232059
0.402409 0.232059
0.402509 0.232059
0.402608 0.232059
0.402708 0.231813
0.402808 0.231813
0.402907 0.231813
0.403007 0.231813
0.403107 0.231813
0.403206 0.231813
0.403306 0.231813
0.403405 0.231813
0.403505 0.231566
0.403605 0.231566
0.403704 0.231566
0.403804 0.231319
0.403904 0.231319
0.404003 0.231319
0.404103 0.231319
0.404203 0.231319
0.404302 0.231319
0.404402 0.231319
0.404501 0.231319
0.404601 0.231319
0.404701 0.231319
0.404800 0.231319
0.404900 0.231319
0.405000 0.231319
0.405099 0.231319
0.405199 0.231319
0.405299 0.231319
0.405398 0.231073
0.405498 0.231073
0.405597 0.231073
0.405697 0.231073
0.405797 0.231073
0.405896 0.231073
0.405996 0.231073
0.406096 0.231073
0.406195 0.231073
0.406295 0.230580
0.406394 0.230580
0.406494 0.230580
0.406594 0.230580
0.406693 0.230580
0.406793 0.230333
0.406893 0.230333
0.406992 0.230086
0.407092 0.230086
0.407192 0.230086
0.407291 0.230086
0.407391 0.230086
0.407490 0.229840
0.407590 0.229593
0.407690 0.229593
0.407789 0.229346
0.407889 0.229346
0.407989 0.229346
0.408088 0.229346
0.408188 0.229346
0.408287 0.229346
0.408387 0.229346
0.408487 0.229346
0.408586 0.229346
0.408686 0.229346
0.408786 0.229100
0.408885 0.229100
0.408985 0.229100
0.409085 0.229100
0.409184 0.229100
0.409284 0.229100
0.409383 0.228853
0.409483 0.228853
0.409583 0.228853
0.409682 0.228853
0.409782 0.228853
0.409882 0.228853
0.409981 0.228853
0.410081 0.228853
0.410181 0.228853
0.410280 0.228853
0.410380 0.228853
0.410479 0.228853
0.410579 0.228853
0.410679 0.228853
0.410778 0.228853
0.410878 0.228853
0.410978 0.228607
0.411077 0.228607
0.411177 0.228607
0.411276 0.228607
0.411376 0.228360
0.411476 0.228360
0.411575 0.228360
0.411675 0.228360
0.411775 0.228360
0.411874 0.228360
0.411974 0.228360
0.412074 0.228360
0.412173 0.228360
0.412273 0.228360
0.412372 0.228360
0.412472 0.228360
0.412572 0.228360
0.412671 0.228360
0.412771 0.228360
0.412871 0.228360
0.412970 0.228360
0.413070 0.228360
0.413170 0.228113
0.413269 0.228113
0.413369 0.227867
0.413468 0.227867
0.413568 0.227867
0.413668 0.227867
0.413767 0.227867
0.413867 0.227867
0.413967 0.227867
0.414066 0.227867
0.414166 0.227867
0.414265 0.227620
0.414365 0.227620
0.414465 0.227620
0.414564 0.227620
0.414664 0.227127
0.414764 0.227127
0.414863 0.227127
0.414963 0.227127
0.415063 0.227127
0.415162 0.227127
0.415262 0.226880
0.415361 0.226880
0.415461 0.226880
0.415561 0.226880
0.415660 0.226634
0.415760 0.226634
0.415860 0.226634
0.415959 0.226634
0.416059 0.226634
0.416158 0.226634
0.416258 0.226634
0.416358 0.226634
0.416457 0.226634
0.416557 0.226634
0.416657 0.226387
0.416756 0.226141
0.416856 0.226141
0.416956 0.226141
0.417055 0.225894
0.417155 0.225894
0.417254 0.225894
0.417354 0.225894
0.417454 0.225894
0.417553 0.225894
0.417653 0.225894
0.417753 0.225894
0.417852 0.225894
0.417952 0.225894
0.418052 0.225894
0.418151 0.225894
0.418251 0.225894
0.418350 0.225647
0.418450 0.225401
0.418550 0.225401
0.418649 0.225401
0.418749 0.224908
0.418849 0.224661
0.418948 0.224414
0.419048 0.224168
0.419147 0.224168
0.419247 0.224168
0.419347 0.224168
0.419446 0.223921
0.419546 0.223921
0.419646 0.223921
0.419745 0.223921
0.419845 0.223921
0.419945 0.223921
0.420044 0.223921
0.420144 0.223921
0.420243 0.223921
0.420343 0.223921
0.420443 0.223921
0.420542 0.223674
0.420642 0.223428
0.420742 0.223181
0.420841 0.223181
0.420941 0.223181
0.421040 0.223181
0.421140 0.222935
0.421240 0.222935
0.421339 0.222688
0.421439 0.222688
0.421539 0.222688
0.421638 0.222688
0.421738 0.222195
0.421838 0.222195
0.421937 0.222195
0.422037 0.222195
0.422136 0.222195
0.422236 0.222195
0.422336 0.222195
0.422435 0.221702
0.422535 0.221702
0.422635 0.221455
0.422734 0.221455
0.422834 0.221455
0.422934 0.221455
0.423033 0.221455
0.423133 0.221455
0.423232 0.221455
0.423332 0.221455
0.423432 0.221455
0.423531 0.221208
0.423631 0.221208
0.423731 0.221208
0.423830 0.221208
0.423930 0.220962
0.424029 0.220715
0.424129 0.220715
0.424229 0.220715
0.424328 0.220715
0.424428 0.220469
0.424528 0.220469
0.424627 0.220469
0.424727 0.220469
0.424827 0.220469
0.424926 0.220469
0.425026 0.220469
0.425125 0.220469
0.425225 0.220469
0.425325 0.220469
0.425424 0.220222
0.425524 0.219975
0.425624 0.219975
0.425723 0.219975
0.425823 0.219729
0.425922 0.219729
0.426022 0.219729
0.426122 0.219482
0.426221 0.218989
0.426321 0.218989
0.426421 0.218989
0.426520 0.218742
0.426620 0.218742
0.426720 0.218742
0.426819 0.218742
0.426919 0.218249
0.427018 0.217756
0.427118 0.217756
0.427218 0.217756
0.427317 0.217509
0.427417 0.217263
0.427517 0.217016
0.427616 0.217016
0.427716 0.216769
0.427816 0.216769
0.427915 0.216769
0.428015 0.216769
0.428114 0.216523
0.428214 0.216523
0.428314 0.216276
0.428413 0.216276
0.428513 0.216276
0.428613 0.216276
0.428712 0.216276
0.428812 0.216276
0.428911 0.216276
0.429011 0.216030
0.429111 0.215783
0.429210 0.215536
0.429310 0.215536
0.429410 0.215536
0.429509 0.215536
0.429609 0.215536
0.429709 0.215536
0.429808 0.215536
0.429908 0.215536
0.430007 0.215536
0.430107 0.215536
0.430207 0.215536
0.430306 0.215536
0.430406 0.215290
0.430506 0.215290
0.430605 0.215290
0.430705 0.215290
0.430804 0.215290
0.430904 0.215290
0.431004 0.215290
0.431103 0.215290
0.431203 0.215290
0.431303 0.215290
0.431402 0.215290
0.431502 0.215290
0.431602 0.215290
0.431701 0.215290
0.431801 0.215290
0.431900 0.215043
0.432000 0.214797
0.432100 0.214797
0.432199 0.214550
0.432299 0.214550
0.432399 0.214550
0.432498 0.214550
0.432598 0.214550
0.432698 0.214550
0.432797 0.214550
0.432897 0.214550
0.432996 0.214550
0.433096 0.214550
0.433196 0.214550
0.433295 0.214550
0.433395 0.214550
0.433495 0.214550
0.433594 0.214550
0.433694 0.214550
0.433793 0.214550
0.433893 0.214550
0.433993 0.214550
0.434092 0.214550
0.434192 0.214550
0.434292 0.214550
0.434391 0.214550
0.434491 0.214303
0.434591 0.214057
0.434690 0.214057
0.434790 0.214057
0.434889 0.214057
0.434989 0.213810
0.435089 0.213564
0.435188 0.213564
0.435288 0.213564
0.435388 0.213564
0.435487 0.213317
0.435587 0.213317
0.435687 0.213317
0.435786 0.213317
0.435886 0.213317
0.435985 0.213317
0.436085 0.213070
0.436185 0.213070
0.436284 0.213070
0.436384 0.212824
0.436484 0.212824
0.436583 0.212824
0.436683 0.212824
0.436782 0.212824
0.436882 0.212824
0.436982 0.212824
0.437081 0.212824
0.437181 0.212824
0.437281 0.212577
0.437380 0.212577
0.437480 0.212330
0.437580 0.212084
0.437679 0.212084
0.437779 0.212084
0.437878 0.212084
0.437978 0.212084
0.438078 0.212084
0.438177 0.211837
0.438277 0.211837
0.438377 0.211837
0.438476 0.211837
0.438576 0.211837
0.438675 0.211837
0.438775 0.211837
0.438875 0.211837
0.438974 0.211837
0.439074 0.211837
0.439174 0.211837
0.439273 0.211837
0.439373 0.211837
0.439473 0.211837
0.439572 0.211837
0.439672 0.211837
0.439771 0.211837
0.439871 0.211837
0.439971 0.211837
0.440070 0.211837
0.440170 0.211837
0.440270 0.211591
0.440369 0.211591
0.440469 0.211344
0.440569 0.211344
0.440668 0.211344
0.440768 0.211344
0.440867 0.211344
0.440967 0.211344
0.441067 0.211344
0.441166 0.211344
0.441266 0.211344
0.441366 0.211344
0.441465 0.211344
0.441565 0.211344
0.441664 0.211344
0.441764 0.211344
0.441864 0.211344
0.441963 0.211344
0.442063 0.211344
0.442163 0.211097
0.442262 0.211097
0.442362 0.211097
0.442462 0.211097
0.442561 0.210851
0.442661 0.210851
0.442760 0.210851
0.442860 0.210851
0.442960 0.210851
0.443059 0.210851
0.443159 0.210851
0.443259 0.210851
0.443358 0.210851
0.443458 0.210851
0.443557 0.210851
0.443657 0.210851
0.443757 0.210851
0.443856 0.210851
0.443956 0.210604
0.444056 0.210604
0.444155 0.210604
0.444255 0.210604
0.444355 0.210604
0.444454 0.210604
0.444554 0.210358
0.444653 0.210358
0.444753 0.210111
0.444853 0.210111
0.444952 0.210111
0.445052 0.210111
0.445152 0.210111
0.445251 0.210111
0.445351 0.209864
0.445451 0.209864
0.445550 0.209864
0.445650 0.209618
0.445749 0.209618
0.445849 0.209618
0.445949 0.209618
0.446048 0.209618
0.446148 0.209618
0.446248 0.209618
0.446347 0.209618
0.446447 0.209618
0.446546 0.209618
0.446646 0.209618
0.446746 0.209618
0.446845 0.209618
0.446945 0.209618
0.447045 0.209618
0.447144 0.209618
0.447244 0.209371
0.447344 0.209371
0.447443 0.209371
0.447543 0.209371
0.447642 0.209125
0.447742 0.208878
0.447842 0.208631
0.447941 0.208631
0.448041 0.208631
0.448141 0.208631
0.448240 0.208631
0.448340 0.208631
0.448439 0.208631
0.448539 0.208631
0.448639 0.208631
0.448738 0.208631
0.448838 0.208631
0.448938 0.208631
0.449037 0.208631
0.449137 0.208631
0.449237 0.208385
0.449336 0.208385
0.449436 0.208385
0.449535 0.208385
0.449635 0.208385
0.449735 0.208385
0.449834 0.208385
0.449934 0.208138
0.450034 0.208138
0.450133 0.207891
0.450233 0.207891
0.450333 0.207891
0.450432 0.207891
0.450532 0.207891
0.450631 0.207891
0.450731 0.207891
0.450831 0.207645
0.450930 0.207398
0.451030 0.207398
0.451130 0.207398
0.451229 0.207398
0.451329 0.207398
0.451428 0.207398
0.451528 0.207398
0.451628 0.207152
0.451727 0.207152
0.451827 0.206905
0.451927 0.206905
0.452026 0.206905
0.452126 0.206905
0.452226 0.206905
0.452325 0.206658
0.452425 0.206658
0.452524 0.206658
0.452624 0.206658
0.452724 0.206658
0.452823 0.206658
0.452923 0.206412
0.453023 0.206412
0.453122 0.206412
0.453222 0.206412
0.453322 0.206412
0.453421 0.206412
0.453521 0.206412
0.453620 0.206412
0.453720 0.206412
0.453820 0.206412
0.453919 0.206412
0.454019 0.206412
0.454119 0.206412
0.454218 0.206412
0.454318 0.206412
0.454417 0.206412
0.454517 0.206165
0.454617 0.206165
0.454716 0.206165
0.454816 0.206165
0.454916 0.206165
0.455015 0.206165
0.455115 0.206165
0.455215 0.206165
0.455314 0.206165
0.455414 0.206165
0.455513 0.206165
0.455613 0.205919
0.455713 0.205919
0.455812 0.205672
0.455912 0.205672
0.456012 0.205672
0.456111 0.205672
0.456211 0.205672
0.456310 0.205672
0.456410 0.205672
0.456510 0.205425
0.456609 0.205179
0.456709 0.204932
0.456809 0.204932
0.456908 0.204686
0.457008 0.204439
0.457108 0.204439
0.457207 0.204439
0.457307 0.204439
0.457406 0.204439
0.457506 0.204192
0.457606 0.203946
0.457705 0.203946
0.457805 0.203946
0.457905 0.203453
0.458004 0.203453
0.458104 0.203453
0.458204 0.203453
0.458303 0.203453
0.458403 0.203453
0.458502 0.203453
0.458602 0.203453
0.458702 0.203453
0.458801 0.203206
0.458901 0.203206
0.459001 0.203206
0.459100 0.203206
0.459200 0.203206
0.459299 0.203206
0.459399 0.203206
0.459499 0.203206
0.459598 0.203206
0.459698 0.202959
0.459798 0.202713
0.459897 0.202713
0.459997 0.202466
0.460097 0.202466
0.460196 0.202466
0.460296 0.202466
0.460395 0.202466
0.460495 0.202466
0.460595 0.202466
0.460694 0.202466
0.460794 0.202466
0.460894 0.202466
0.460993 0.202466
0.461093 0.202219
0.461192 0.201973
0.461292 0.201973
0.461392 0.201973
0.461491 0.201973
0.461591 0.201726
0.461691 0.201726
0.461790 0.201726
0.461890 0.201726
0.461990 0.201726
0.462089 0.201726
0.462189 0.201726
0.462288 0.201726
0.462388 0.201726
0.462488 0.201726
0.462587 0.201726
0.462687 0.201726
0.462787 0.201726
0.462886 0.201726
0.462986 0.201726
0.463086 0.201726
0.463185 0.201726
0.463285 0.201726
0.463384 0.201233
0.463484 0.201233
0.463584 0.201233
0.463683 0.201233
0.463783 0.201233
0.463883 0.201233
0.463982 0.201233
0.464082 0.201233
0.464181 0.200986
0.464281 0.200986
0.464381 0.200986
0.464480 0.200986
0.464580 0.200986
0.464680 0.200740
0.464779 0.200740
0.464879 0.200493
0.464979 0.200493
0.465078 0.200247
0.465178 0.200247
0.465277 0.200000
0.465377 0.200000
0.465477 0.200000
0.465576 0.200000
0.465676 0.200000
0.465776 0.200000
0.465875 0.200000
0.465975 0.200000
0.466074 0.200000
0.466174 0.200000
0.466274 0.200000
0.466373 0.200000
0.466473 0.200000
0.466573 0.199753
0.466672 0.199507
0.466772 0.199507
0.466872 0.199507
0.466971 0.199507
0.467071 0.199507
0.467170 0.199507
0.467270 0.199507
0.467370 0.199507
0.467469 0.199507
0.467569 0.199507
0.467669 0.199507
0.467768 0.199507
0.467868 0.199507
0.467968 0.199260
0.468067 0.199260
0.468167 0.199014
0.468266 0.199014
0.468366 0.198274
0.468466 0.198027
0.468565 0.198027
0.468665 0.198027
0.468765 0.198027
0.468864 0.197781
0.468964 0.197781
0.469063 0.197781
0.469163 0.197781
0.469263 0.197781
0.469362 0.197781
0.469462 0.197781
0.469562 0.197781
0.469661 0.197781
0.469761 0.197781
0.469861 0.197781
0.469960 0.197534
0.470060 0.197534
0.470159 0.197534
0.470259 0.197534
0.470359 0.197534
0.470458 0.197534
0.470558 0.197534
0.470658 0.197287
0.470757 0.197287
0.470857 0.197287
0.470957 0.197287
0.471056 0.197287
0.471156 0.197287
0.471255 0.197287
0.471355 0.197287
0.471455 0.197287
0.471554 0.197287
0.471654 0.197041
0.471754 0.197041
0.471853 0.197041
0.471953 0.197041
0.472052 0.197041
0.472152 0.196794
0.472252 0.196794
0.472351 0.196794
0.472451 0.196794
0.472551 0.196794
0.472650 0.196794
0.472750 0.196794
0.472850 0.196547
0.472949 0.196547
0.473049 0.196547
0.473148 0.196547
0.473248 0.196547
0.473348 0.196547
0.473447 0.196547
0.473547 0.196301
0.473647 0.196301
0.473746 0.196054
0.473846 0.196054
0.473945 0.195561
0.474045 0.195561
0.474145 0.195561
0.474244 0.195561
0.474344 0.195561
0.474444 0.195314
0.474543 0.195314
0.474643 0.195314
0.474743 0.195068
0.474842 0.195068
0.474942 0.195068
0.475041 0.195068
0.475141 0.195068
0.475241 0.195068
0.475340 0.195068
0.475440 0.194821
0.475540 0.194821
0.475639 0.194821
0.475739 0.194821
0.475839 0.194821
0.475938 0.194821
0.476038 0.194821
0.476137 0.194821
0.476237 0.194575
0.476337 0.194328
0.476436 0.193835
0.476536 0.193835
0.476636 0.193835
0.476735 0.193835
0.476835 0.193835
0.476934 0.193835
0.477034 0.193588
0.477134 0.193588
0.477233 0.193342
0.477333 0.193342
0.477433 0.193342
0.477532 0.193342
0.477632 0.193342
0.477732 0.193342
0.477831 0.192848
0.477931 0.192848
0.478030 0.192848
0.478130 0.192848
0.478230 0.192848
0.478329 0.192848
0.478429 0.192848
0.478529 0.192848
0.478628 0.192848
0.478728 0.192848
0.478827 0.192848
0.478927 0.192848
0.479027 0.192602
0.479126 0.192602
0.479226 0.192602
0.479326 0.192355
0.479425 0.191862
0.479525 0.191862
0.479625 0.191862
0.479724 0.191615
0.479824 0.191615
0.479923 0.191615
0.480023 0.191615
0.480123 0.191615
0.480222 0.191615
0.480322 0.191615
0.480422 0.191615
0.480521 0.191369
0.480621 0.191369
0.480721 0.191122
0.480820 0.191122
0.480920 0.191122
0.481019 0.191122
0.481119 0.190875
0.481219 0.190875
0.481318 0.190875
0.481418 0.190875
0.481518 0.190875
0.481617 0.190875
0.481717 0.190875
0.481816 0.190875
0.481916 0.190875
0.482016 0.190629
0.482115 0.190629
0.482215 0.190629
0.482315 0.190629
0.482414 0.190629
0.482514 0.190382
0.482614 0.190382
0.482713 0.190382
0.482813 0.190382
0.482912 0.190382
0.483012 0.190382
0.483112 0.189642
0.483211 0.189396
0.483311 0.189396
0.483411 0.189396
0.483510 0.189396
0.483610 0.189396
0.483709 0.189396
0.483809 0.189396
0.483909 0.189396
0.484008 0.189149
0.484108 0.189149
0.484208 0.189149
0.484307 0.189149
0.484407 0.189149
0.484507 0.189149
0.484606 0.189149
0.484706 0.189149
0.484805 0.188903
0.484905 0.188903
0.485005 0.188903
0.485104 0.188903
0.485204 0.188903
0.485304 0.188903
0.485403 0.188656
0.485503 0.188656
0.485603 0.188656
0.485702 0.188409
0.485802 0.188409
0.485901 0.188409
0.486001 0.188163
0.486101 0.188163
0.486200 0.187670
0.486300 0.187670
0.486400 0.187670
0.486499 0.187670
0.486599 0.187670
0.486698 0.187670
0.486798 0.187670
0.486898 0.187670
0.486997 0.187670
0.487097 0.187670
0.487197 0.187670
0.487296 0.187670
0.487396 0.187670
0.487496 0.187670
0.487595 0.187670
0.487695 0.187670
0.487794 0.187670
0.487894 0.187670
0.487994 0.187423
0.488093 0.187423
0.488193 0.187423
0.488293 0.187423
0.488392 0.187423
0.488492 0.187423
0.488592 0.187423
0.488691 0.187423
0.488791 0.187176
0.488890 0.187176
0.488990 0.187176
0.489090 0.187176
0.489189 0.187176
0.489289 0.187176
0.489389 0.186683
0.489488 0.186436
0.489588 0.186436
0.489687 0.186436
0.489787 0.186190
0.489887 0.186190
0.489986 0.186190
0.490086 0.186190
0.490186 0.185943
0.490285 0.185943
0.490385 0.185697
0.490485 0.185450
0.490584 0.185450
0.490684 0.185450
0.490783 0.185450
0.490883 0.185203
0.490983 0.185203
0.491082 0.185203
0.491182 0.184957
0.491282 0.184957
0.491381 0.184957
0.491481 0.184957
0.491580 0.184957
0.491680 0.184710
0.491780 0.184710
0.491879 0.184710
0.491979 0.184710
0.492079 0.184710
0.492178 0.184710
0.492278 0.184464
0.492378 0.184464
0.492477 0.184464
0.492577 0.184217
0.492676 0.183970
0.492776 0.183970
0.492876 0.183970
0.492975 0.183970
0.493075 0.183970
0.493175 0.183970
0.493274 0.183970
0.493374 0.183970
0.493474 0.183970
0.493573 0.183970
0.493673 0.183970
0.493772 0.183724
0.493872 0.183724
0.493972 0.183724
0.494071 0.183724
0.494171 0.183724
0.494271 0.183724
0.494370 0.183477
0.494470 0.183477
0.494569 0.183477
0.494669 0.183477
0.494769 0.183231
0.494868 0.182984
0.494968 0.182737
0.495068 0.182737
0.495167 0.182737
0.495267 0.182737
0.495367 0.182737
0.495466 0.182491
0.495566 0.182491
0.495665 0.182244
0.495765 0.182244
0.495865 0.182244
0.495964 0.182244
0.496064 0.182244
0.496164 0.182244
0.496263 0.181998
0.496363 0.181998
0.496462 0.181751
0.496562 0.181751
0.496662 0.181751
0.496761 0.181504
0.496861 0.181504
0.496961 0.181504
0.497060 0.181258
0.497160 0.181011
0.497260 0.180764
0.497359 0.180518
0.497459 0.180518
0.497558 0.180518
0.497658 0.180271
0.497758 0.180271
0.497857 0.180271
0.497957 0.180271
0.498057 0.180271
0.498156 0.180271
0.498256 0.180271
0.498356 0.180271
0.498455 0.180271
0.498555 0.180025
0.498654 0.180025
0.498754 0.180025
0.498854 0.180025
0.498953 0.180025
0.499053 0.180025
0.499153 0.179531
0.499252 0.179531
0.499352 0.179531
0.499451 0.179531
0.499551 0.179531
0.499651 0.179531
0.499750 0.179531
0.499850 0.179531
0.499950 0.179531
0.500049 0.179285
0.500149 0.179285
0.500249 0.179285
0.500348 0.179285
0.500448 0.179285
0.500547 0.179038
0.500647 0.179038
0.500747 0.178792
0.500846 0.178792
0.500946 0.178792
0.501046 0.178792
0.501145 0.178792
0.501245 0.178792
0.501344 0.178545
0.501444 0.178298
0.501544 0.178298
0.501643 0.178298
0.501743 0.178298
0.501843 0.178298
0.501942 0.178298
0.502042 0.178298
0.502142 0.178298
0.502241 0.178298
0.502341 0.178298
0.502440 0.178298
0.502540 0.178298
0.502640 0.178298
0.502739 0.178298
0.502839 0.178052
0.502939 0.178052
0.503038 0.178052
0.503138 0.178052
0.503238 0.178052
0.503337 0.177805
0.503437 0.177805
0.503536 0.177805
0.503636 0.177805
0.503736 0.177805
0.503835 0.177805
0.503935 0.177805
0.504035 0.177805
0.504134 0.177805
0.504234 0.177805
0.504333 0.177805
0.504433 0.177805
0.504533 0.177805
0.504632 0.177805
0.504732 0.177805
0.504832 0.177805
0.504931 0.177805
0.505031 0.177805
0.505131 0.177805
0.505230 0.177805
0.505330 0.177312
0.505429 0.176819
0.505529 0.176819
0.505629 0.176819
0.505728 0.176819
0.505828 0.176819
0.505928 0.176819
0.506027 0.176819
0.506127 0.176819
0.506226 0.176819
0.506326 0.176819
0.506426 0.176819
0.506525 0.176819
0.506625 0.176819
0.506725 0.176819
0.506824 0.176819
0.506924 0.176819
0.507024 0.176819
0.507123 0.176819
0.507223 0.176819
0.507322 0.176819
0.507422 0.176819
0.507522 0.176819
0.507621 0.176819
0.507721 0.176819
0.507821 0.176819
0.507920 0.176819
0.508020 0.176819
0.508120 0.176572
0.508219 0.176572
0.508319 0.176572
0.508418 0.176572
0.508518 0.176572
0.508618 0.176572
0.508717 0.176572
0.508817 0.176326
0.508917 0.176326
0.509016 0.176326
0.509116 0.176326
0.509215 0.176326
0.509315 0.176079
0.509415 0.175832
0.509514 0.175586
0.509614 0.175586
0.509714 0.175339
0.509813 0.175339
0.509913 0.175339
0.510013 0.175339
0.510112 0.175339
0.510212 0.175339
0.510311 0.175339
0.510411 0.175339
0.510511 0.175339
0.510610 0.175339
0.510710 0.175339
0.510810 0.175339
0.510909 0.175339
0.511009 0.175339
0.511109 0.175339
0.511208 0.175339
0.511308 0.175339
0.511407 0.175339
0.511507 0.175339
0.511607 0.175339
0.511706 0.175339
0.511806 0.175339
0.511906 0.175339
0.512005 0.175339
0.512105 0.175339
0.512204 0.175339
0.512304 0.175339
0.512404 0.175339
0.512503 0.175339
0.512603 0.175339
0.512703 0.175339
0.512802 0.175339
0.512902 0.175339
0.513002 0.175339
0.513101 0.175092
0.513201 0.175092
0.513300 0.174846
0.513400 0.174846
0.513500 0.174599
0.513599 0.174599
0.513699 0.174599
0.513799 0.174599
0.513898 0.174599
0.513998 0.174599
0.514097 0.174599
0.514197 0.174599
0.514297 0.174599
0.514396 0.174599
0.514496 0.174599
0.514596 0.174353
0.514695 0.174353
0.514795 0.174353
0.514895 0.174106
0.514994 0.174106
0.515094 0.174106
0.515193 0.174106
0.515293 0.174106
0.515393 0.173859
0.515492 0.173859
0.515592 0.173859
0.515692 0.173859
0.515791 0.173859
0.515891 0.173859
0.515991 0.173859
0.516090 0.173859
0.516190 0.173859
0.516289 0.173859
0.516389 0.173859
0.516489 0.173366
0.516588 0.173366
0.516688 0.173366
0.516788 0.173366
0.516887 0.173366
0.516987 0.173366
0.517086 0.173366
0.517186 0.173366
0.517286 0.173120
0.517385 0.172873
0.517485 0.172873
0.517585 0.172626
0.517684 0.172626
0.517784 0.172626
0.517884 0.172626
0.517983 0.172626
0.518083 0.172626
0.518182 0.172626
0.518282 0.172380
0.518382 0.172380
0.518481 0.172380
0.518581 0.172380
0.518681 0.172380
0.518780 0.172380
0.518880 0.172380
0.518979 0.172380
0.519079 0.172133
0.519179 0.172133
0.519278 0.171887
0.519378 0.171393
0.519478 0.171393
0.519577 0.171393
0.519677 0.171393
0.519777 0.171393
0.519876 0.171393
0.519976 0.171393
0.520075 0.171393
0.520175 0.171393
0.520275 0.171393
0.520374 0.171393
0.520474 0.171147
0.520574 0.171147
0.520673 0.171147
0.520773 0.171147
0.520873 0.171147
0.520972 0.171147
0.521072 0.171147
0.521171 0.171147
0.521271 0.171147
0.521371 0.171147
0.521470 0.171147
0.521570 0.171147
0.521670 0.171147
0.521769 0.171147
0.521869 0.171147
0.521968 0.171147
0.522068 0.171147
0.522168 0.171147
0.522267 0.170900
0.522367 0.170900
0.522467 0.170900
0.522566 0.170900
0.522666 0.170900
0.522766 0.170407
0.522865 0.170407
0.522965 0.170407
0.523064 0.170160
0.523164 0.170160
0.523264 0.170160
0.523363 0.170160
0.523463 0.170160
0.523563 0.170160
0.523662 0.170160
0.523762 0.170160
0.523861 0.170160
0.523961 0.170160
0.524061 0.170160
0.524160 0.170160
0.524260 0.169914
0.524360 0.169914
0.524459 0.169914
0.524559 0.169667
0.524659 0.169667
0.524758 0.169667
0.524858 0.169420
0.524957 0.169420
0.525057 0.169420
0.525157 0.169420
0.525256 0.169420
0.525356 0.169420
0.525456 0.169420
0.525555 0.169420
0.525655 0.169420
0.525755 0.169420
0.525854 0.169420
0.525954 0.169420
0.526053 0.169420
0.526153 0.169420
0.526253 0.169420
0.526352 0.169174
0.526452 0.168927
0.526552 0.168681
0.526651 0.168681
0.526751 0.168681
0.526850 0.168681
0.526950 0.168681
0.527050 0.168681
0.527149 0.168681
0.527249 0.168434
0.527349 0.168434
0.527448 0.168434
0.527548 0.168434
0.527648 0.168434
0.527747 0.168434
0.527847 0.168434
0.527946 0.168434
0.528046 0.168187
0.528146 0.168187
0.528245 0.167941
0.528345 0.167941
0.528445 0.167941
0.528544 0.167941
0.528644 0.167941
0.528744 0.167941
0.528843 0.167941
0.528943 0.167941
0.529042 0.167694
0.529142 0.167694
0.529242 0.167694
0.529341 0.167694
0.529441 0.167448
0.529541 0.167448
0.529640 0.167448
0.529740 0.167448
0.529839 0.167448
0.529939 0.167201
0.530039 0.166954
0.530138 0.166954
0.530238 0.166954
0.530338 0.166708
0.530437 0.166708
0.530537 0.166708
0.530637 0.166708
0.530736 0.166708
0.530836 0.166461
0.530935 0.166215
0.531035 0.166215
0.531135 0.166215
0.531234 0.166215
0.531334 0.166215
0.531434 0.166215
0.531533 0.166215
0.531633 0.166215
0.531732 0.166215
0.531832 0.166215
0.531932 0.166215
0.532031 0.166215
0.532131 0.166215
0.532231 0.166215
0.532330 0.166215
0.532430 0.165968
0.532530 0.165968
0.532629 0.165968
0.532729 0.165721
0.532828 0.165721
0.532928 0.165721
0.533028 0.165721
0.533127 0.165721
0.533227 0.165721
0.533327 0.165721
0.533426 0.165475
0.533526 0.165475
0.533626 0.165475
0.533725 0.165475
0.533825 0.165475
0.533924 0.165475
0.534024 0.165475
0.534124 0.165475
0.534223 0.165475
0.534323 0.165475
0.534423 0.165475
0.534522 0.165475
0.534622 0.165475
0.534721 0.165475
0.534821 0.165475
0.534921 0.165475
0.535020 0.165475
0.535120 0.165475
0.535220 0.165475
0.535319 0.165475
0.535419 0.165475
0.535519 0.165228
0.535618 0.165228
0.535718 0.165228
0.535817 0.165228
0.535917 0.165228
0.536017 0.164982
0.536116 0.164735
0.536216 0.164735
0.536316 0.164488
0.536415 0.164488
0.536515 0.164488
0.536614 0.164242
0.536714 0.164242
0.536814 0.164242
0.536913 0.164242
0.537013 0.164242
0.537113 0.164242
0.537212 0.164242
0.537312 0.163748
0.537412 0.163748
0.537511 0.163748
0.537611 0.163748
0.537710 0.163748
0.537810 0.163748
0.537910 0.163748
0.538009 0.163502
0.538109 0.163502
0.538209 0.163502
0.538308 0.163502
0.538408 0.163255
0.538508 0.163255
0.538607 0.163255
0.538707 0.163255
0.538806 0.163255
0.538906 0.163255
0.539006 0.163009
0.539105 0.163009
0.539205 0.163009
0.539305 0.163009
0.539404 0.163009
0.539504 0.163009
0.539603 0.163009
0.539703 0.162762
0.539803 0.162762
0.539902 0.162762
0.540002 0.162762
0.540102 0.162762
0.540201 0.162762
0.540301 0.162515
0.540401 0.162515
0.540500 0.162515
0.540600 0.162515
0.540699 0.162515
0.540799 0.162515
0.540899 0.162515
0.540998 0.162269
0.541098 0.162269
0.541198 0.162269
0.541297 0.162269
0.541397 0.162269
0.541496 0.162022
0.541596 0.162022
0.541696 0.162022
0.541795 0.162022
0.541895 0.162022
0.541995 0.162022
0.542094 0.162022
0.542194 0.162022
0.542294 0.162022
0.542393 0.162022
0.542493 0.162022
0.542592 0.162022
0.542692 0.162022
0.542792 0.162022
0.542891 0.162022
0.542991 0.162022
0.543091 0.162022
0.543190 0.162022
0.543290 0.162022
0.543390 0.162022
0.543489 0.162022
0.543589 0.162022
0.543688 0.162022
0.543788 0.162022
0.543888 0.161776
0.543987 0.161529
0.544087 0.161529
0.544187 0.161529
0.544286 0.161529
0.544386 0.161529
0.544485 0.161529
0.544585 0.161529
0.544685 0.161529
0.544784 0.161529
0.544884 0.161529
0.544984 0.161529
0.545083 0.161529
0.545183 0.161282
0.545283 0.161282
0.545382 0.161282
0.545482 0.161282
0.545581 0.161282
0.545681 0.161282
0.545781 0.161282
0.545880 0.161282
0.545980 0.161282
0.546080 0.161036
0.546179 0.161036
0.546279 0.161036
0.546379 0.161036
0.546478 0.161036
0.546578 0.160296
0.546677 0.160049
0.546777 0.160049
0.546877 0.160049
0.546976 0.160049
0.547076 0.160049
0.547176 0.160049
0.547275 0.160049
0.547375 0.160049
0.547474 0.160049
0.547574 0.160049
0.547674 0.159803
0.547773 0.159803
0.547873 0.159803
0.547973 0.159556
0.548072 0.159309
0.548172 0.159309
0.548272 0.159309
0.548371 0.159309
0.548471 0.159309
0.548570 0.159309
0.548670 0.159309
0.548770 0.159063
0.548869 0.159063
0.548969 0.159063
0.549069 0.159063
0.549168 0.159063
0.549268 0.159063
0.549367 0.159063
0.549467 0.159063
0.549567 0.159063
0.549666 0.158816
0.549766 0.158816
0.549866 0.158816
0.549965 0.158816
0.550065 0.158816
0.550165 0.158816
0.550264 0.158816
0.550364 0.158816
0.550463 0.158816
0.550563 0.158816
0.550663 0.158816
0.550762 0.158816
0.550862 0.158816
0.550962 0.158816
0.551061 0.158816
0.551161 0.158816
0.551261 0.158816
0.551360 0.158570
0.551460 0.158570
0.551559 0.158323
0.551659 0.158323
0.551759 0.158076
0.551858 0.158076
0.551958 0.157830
0.552058 0.157830
0.552157 0.157830
0.552257 0.157583
0.552356 0.157583
0.552456 0.157583
0.552556 0.157337
0.552655 0.157090
0.552755 0.157090
0.552855 0.157090
0.552954 0.157090
0.553054 0.157090
0.553154 0.157090
0.553253 0.157090
0.553353 0.157090
0.553452 0.157090
0.553552 0.157090
0.553652 0.157090
0.553751 0.157090
0.553851 0.157090
0.553951 0.157090
0.554050 0.157090
0.554150 0.157090
0.554249 0.157090
0.554349 0.157090
0.554449 0.157090
0.554548 0.157090
0.554648 0.157090
0.554748 0.157090
0.554847 0.157090
0.554947 0.157090
0.555047 0.157090
0.555146 0.157090
0.555246 0.157090
0.555345 0.156843
0.555445 0.156843
0.555545 0.156843
0.555644 0.156843
0.555744 0.156843
0.555844 0.156843
0.555943 0.156843
0.556043 0.156843
0.556143 0.156597
0.556242 0.156597
0.556342 0.156597
0.556441 0.156597
0.556541 0.156597
0.556641 0.156104
0.556740 0.156104
0.556840 0.156104
0.556940 0.156104
0.557039 0.156104
0.557139 0.155857
0.557238 0.155857
0.557338 0.155857
0.557438 0.155610
0.557537 0.155610
0.557637 0.155610
0.557737 0.155610
0.557836 0.155610
0.557936 0.155610
0.558036 0.155610
0.558135 0.155610
0.558235 0.155610
0.558334 0.155364
0.558434 0.155117
0.558534 0.155117
0.558633 0.155117
0.558733 0.155117
0.558833 0.155117
0.558932 0.155117
0.559032 0.155117
0.559131 0.155117
0.559231 0.155117
0.559331 0.155117
0.559430 0.155117
0.559530 0.155117
0.559630 0.155117
0.559729 0.155117
0.559829 0.154871
0.559929 0.154871
0.560028 0.154871
0.560128 0.154624
0.560227 0.154624
0.560327 0.154624
0.560427 0.154624
0.560526 0.154624
0.560626 0.154624
0.560726 0.154624
0.560825 0.154624
0.560925 0.154377
0.561025 0.154377
0.561124 0.154377
0.561224 0.154377
0.561323 0.154377
0.561423 0.154377
0.561523 0.154377
0.561622 0.154377
0.561722 0.154377
0.561822 0.154377
0.561921 0.154377
0.562021 0.154377
0.562120 0.154377
0.562220 0.154377
0.562320 0.154377
0.562419 0.154377
0.562519 0.154377
0.562619 0.154377
0.562718 0.154377
0.562818 0.154377
0.562918 0.154131
0.563017 0.154131
0.563117 0.154131
0.563216 0.154131
0.563316 0.154131
0.563416 0.154131
0.563515 0.154131
0.563615 0.154131
0.563715 0.154131
0.563814 0.154131
0.563914 0.154131
0.564014 0.154131
0.564113 0.154131
0.564213 0.154131
0.564312 0.154131
0.564412 0.154131
0.564512 0.154131
0.564611 0.154131
0.564711 0.154131
0.564811 0.154131
0.564910 0.154131
0.565010 0.154131
0.565109 0.154131
0.565209 0.154131
0.565309 0.153884
0.565408 0.153884
0.565508 0.153884
0.565608 0.153637
0.565707 0.153637
0.565807 0.153637
0.565907 0.153637
0.566006 0.153637
0.566106 0.153637
0.566205 0.153637
0.566305 0.153637
0.566405 0.153637
0.566504 0.153637
0.566604 0.153637
0.566704 0.153637
0.566803 0.153637
0.566903 0.153144
0.567002 0.153144
0.567102 0.153144
0.567202 0.153144
0.567301 0.153144
0.567401 0.153144
0.567501 0.152898
0.567600 0.152651
0.567700 0.152651
0.567800 0.152651
0.567899 0.152651
0.567999 0.152651
0.568098 0.152651
0.568198 0.152404
0.568298 0.152404
0.568397 0.152404
0.568497 0.152404
0.568597 0.152404
0.568696 0.152404
0.568796 0.152404
0.568896 0.152158
0.568995 0.152158
0.569095 0.152158
0.569194 0.151911
0.569294 0.151911
0.569394 0.151911
0.569493 0.151911
0.569593 0.151665
0.569693 0.151665
0.569792 0.151665
0.569892 0.151665
0.569991 0.151665
0.570091 0.151665
0.570191 0.151665
0.570290 0.151665
0.570390 0.151665
0.570490 0.151665
0.570589 0.151665
0.570689 0.151665
0.570789 0.151665
0.570888 0.151665
0.570988 0.151418
0.571087 0.151418
0.571187 0.151171
0.571287 0.150678
0.571386 0.150678
0.571486 0.150432
0.571586 0.149938
0.571685 0.149938
0.571785 0.149938
0.571884 0.149938
0.571984 0.149938
0.572084 0.149938
0.572183 0.149938
0.572283 0.149938
0.572383 0.149692
0.572482 0.149692
0.572582 0.149692
0.572682 0.149692
0.572781 0.149692
0.572881 0.149692
0.572980 0.149692
0.573080 0.149445
0.573180 0.149445
0.573279 0.149445
0.573379 0.149445
0.573479 0.149199
0.573578 0.149199
0.573678 0.149199
0.573778 0.149199
0.573877 0.149199
0.573977 0.149199
0.574076 0.149199
0.574176 0.149199
0.574276 0.149199
0.574375 0.149199
0.574475 0.149199
0.574575 0.149199
0.574674 0.149199
0.574774 0.149199
0.574873 0.149199
0.574973 0.149199
0.575073 0.149199
0.575172 0.149199
0.575272 0.149199
0.575372 0.149199
0.575471 0.149199
0.575571 0.149199
0.575671 0.149199
0.575770 0.149199
0.575870 0.149199
0.575969 0.148952
0.576069 0.148952
0.576169 0.148952
0.576268 0.148705
0.576368 0.148459
0.576468 0.148459
0.576567 0.148459
0.576667 0.148459
0.576766 0.148459
0.576866 0.148212
0.576966 0.148212
0.577065 0.148212
0.577165 0.147965
0.577265 0.147965
0.577364 0.147965
0.577464 0.147965
0.577564 0.147965
0.577663 0.147719
0.577763 0.147719
0.577862 0.147472
0.577962 0.147472
0.578062 0.147472
0.578161 0.147472
0.578261 0.147472
0.578361 0.147472
0.578460 0.147472
0.578560 0.147472
0.578660 0.146979
0.578759 0.146979
0.578859 0.146979
0.578958 0.146979
0.579058 0.146979
0.579158 0.146979
0.579257 0.146979
0.579357 0.146979
0.579457 0.146979
0.579556 0.146979
0.579656 0.146979
0.579755 0.146979
0.579855 0.146979
0.579955 0.146979
0.580054 0.146979
0.580154 0.146979
0.580254 0.146979
0.580353 0.146732
0.580453 0.146732
0.580553 0.146486
0.580652 0.146486
0.580752 0.146486
0.580851 0.146486
0.580951 0.146486
0.581051 0.146486
0.581150 0.146486
0.581250 0.146239
0.581350 0.146239
0.581449 0.146239
0.581549 0.145993
0.581648 0.145993
0.581748 0.145993
0.581848 0.145993
0.581947 0.145993
0.582047 0.145746
0.582147 0.145499
0.582246 0.145499
0.582346 0.145499
0.582446 0.145006
0.582545 0.145006
0.582645 0.145006
0.582744 0.145006
0.582844 0.145006
0.582944 0.144760
0.583043 0.144760
0.583143 0.144760
0.583243 0.144760
0.583342 0.144760
0.583442 0.144760
0.583542 0.144760
0.583641 0.144760
0.583741 0.144760
0.583840 0.144760
0.583940 0.144760
0.584040 0.144760
0.584139 0.144760
0.584239 0.144760
0.584339 0.144760
0.584438 0.144513
0.584538 0.144513
0.584637 0.144266
0.584737 0.144020
0.584837 0.144020
0.584936 0.144020
0.585036 0.143773
0.585136 0.143773
0.585235 0.143773
0.585335 0.143527
0.585435 0.143527
0.585534 0.143527
0.585634 0.143527
0.585733 0.143527
0.585833 0.143527
0.585933 0.143527
0.586032 0.143527
0.586132 0.143527
0.586232 0.143527
0.586331 0.143527
0.586431 0.143527
0.586531 0.143527
0.586630 0.143527
0.586730 0.143280
0.586829 0.143280
0.586929 0.143280
0.587029 0.143280
0.587128 0.143280
0.587228 0.143280
0.587328 0.143280
0.587427 0.143280
0.587527 0.143280
0.587626 0.143280
0.587726 0.143280
0.587826 0.143280
0.587925 0.143280
0.588025 0.143280
0.588125 0.143280
0.588224 0.143280
0.588324 0.143280
0.588424 0.143280
0.588523 0.143280
0.588623 0.143280
0.588722 0.143280
0.588822 0.143280
0.588922 0.143280
0.589021 0.143280
0.589121 0.143280
0.589221 0.143280
0.589320 0.143280
0.589420 0.143033
0.589519 0.142787
0.589619 0.142787
0.589719 0.142787
0.589818 0.142787
0.589918 0.142540
0.590018 0.142293
0.590117 0.142293
0.590217 0.142293
0.590317 0.142293
0.590416 0.142293
0.590516 0.142293
0.590615 0.142293
0.590715 0.142293
0.590815 0.142293
0.590914 0.142293
0.591014 0.142293
0.591114 0.142047
0.591213 0.142047
0.591313 0.142047
0.591413 0.142047
0.591512 0.142047
0.591612 0.141800
0.591711 0.141800
0.591811 0.141800
0.591911 0.141800
0.592010 0.141800
0.592110 0.141554
0.592210 0.141554
0.592309 0.141554
0.592409 0.141554
0.592508 0.141554
0.592608 0.141554
0.592708 0.141554
0.592807 0.141307
0.592907 0.141307
0.593007 0.141307
0.593106 0.141307
0.593206 0.141307
0.593306 0.141307
0.593405 0.141307
0.593505 0.141307
0.593604 0.141307
0.593704 0.141307
0.593804 0.141307
0.593903 0.141307
0.594003 0.141307
0.594103 0.140814
0.594202 0.140814
0.594302 0.140814
0.594401 0.140814
0.594501 0.140814
0.594601 0.140567
0.594700 0.140321
0.594800 0.140321
0.594900 0.140074
0.594999 0.140074
0.595099 0.140074
0.595199 0.140074
0.595298 0.140074
0.595398 0.139581
0.595497 0.139581
0.595597 0.139581
0.595697 0.139581
0.595796 0.139581
0.595896 0.139581
0.595996 0.139581
0.596095 0.139334
0.596195 0.139334
0.596295 0.139088
0.596394 0.139088
0.596494 0.139088
0.596593 0.139088
0.596693 0.138841
0.596793 0.138841
0.596892 0.138594
0.596992 0.138594
0.597092 0.138594
0.597191 0.138594
0.597291 0.138594
0.597390 0.138594
0.597490 0.138594
0.597590 0.138594
0.597689 0.138594
0.597789 0.138594
0.597889 0.138594
0.597988 0.138594
0.598088 0.138348
0.598188 0.138348
0.598287 0.138101
0.598387 0.138101
0.598486 0.138101
0.598586 0.138101
0.598686 0.137855
0.598785 0.137855
0.598885 0.137855
0.598985 0.137855
0.599084 0.137855
0.599184 0.137855
0.599283 0.137855
0.599383 0.137855
0.599483 0.137855
0.599582 0.137855
0.599682 0.137855
0.599782 0.137855
0.599881 0.137855
0.599981 0.137855
0.600081 0.137855
0.600180 0.137855
0.600280 0.137855
0.600379 0.137855
0.600479 0.137855
0.600579 0.137855
0.600678 0.137855
0.600778 0.137855
0.600878 0.137855
0.600977 0.137855
0.601077 0.137855
0.601177 0.137855
0.601276 0.137855
0.601376 0.137855
0.601475 0.137855
0.601575 0.137855
0.601675 0.137855
0.601774 0.137855
0.601874 0.137855
0.601974 0.137855
0.602073 0.137855
0.602173 0.137855
0.602272 0.137608
0.602372 0.137608
0.602472 0.137608
0.602571 0.137608
0.602671 0.137608
0.602771 0.137608
0.602870 0.137608
0.602970 0.137608
0.603070 0.137361
0.603169 0.137361
0.603269 0.137361
0.603368 0.137361
0.603468 0.137361
0.603568 0.137361
0.603667 0.137361
0.603767 0.137115
0.603867 0.137115
0.603966 0.137115
0.604066 0.137115
0.604166 0.137115
0.604265 0.137115
0.604365 0.137115
0.604464 0.137115
0.604564 0.136621
0.604664 0.136621
0.604763 0.136621
0.604863 0.136621
0.604963 0.136621
0.605062 0.136375
0.605162 0.136375
0.605261 0.136375
0.605361 0.136375
0.605461 0.136375
0.605560 0.136375
0.605660 0.136375
0.605760 0.136375
0.605859 0.136375
0.605959 0.136375
0.606059 0.136375
0.606158 0.136128
0.606258 0.136128
0.606357 0.136128
0.606457 0.136128
0.606557 0.136128
0.606656 0.136128
0.606756 0.136128
0.606856 0.136128
0.606955 0.136128
0.607055 0.136128
0.607154 0.136128
0.607254 0.136128
0.607354 0.135882
0.607453 0.135882
0.607553 0.135635
0.607653 0.135635
0.607752 0.135635
0.607852 0.135388
0.607952 0.135388
0.608051 0.135388
0.608151 0.135142
0.608250 0.135142
0.608350 0.134895
0.608450 0.134895
0.608549 0.134895
0.608649 0.134895
0.608749 0.134895
0.608848 0.134895
0.608948 0.134895
0.609048 0.134895
0.609147 0.134649
0.609247 0.134649
0.609346 0.134649
0.609446 0.134649
0.609546 0.134649
0.609645 0.134155
0.609745 0.133909
0.609845 0.133909
0.609944 0.133662
0.610044 0.133662
0.610143 0.133662
0.610243 0.133662
0.610343 0.133662
0.610442 0.133662
0.610542 0.133662
0.610642 0.133416
0.610741 0.133416
0.610841 0.133416
0.610941 0.133416
0.611040 0.133416
0.611140 0.133416
0.611239 0.133169
0.611339 0.133169
0.611439 0.133169
0.611538 0.133169
0.611638 0.133169
0.611738 0.133169
0.611837 0.133169
0.611937 0.133169
0.612036 0.132922
0.612136 0.132922
0.612236 0.132676
0.612335 0.132676
0.612435 0.132676
0.612535 0.132429
0.612634 0.132429
0.612734 0.132429
0.612834 0.132429
0.612933 0.132429
0.613033 0.132429
0.613132 0.132429
0.613232 0.132182
0.613332 0.132182
0.613431 0.132182
0.613531 0.132182
0.613631 0.131936
0.613730 0.131689
0.613830 0.131443
0.613930 0.131443
0.614029 0.131443
0.614129 0.131196
0.614228 0.131196
0.614328 0.131196
0.614428 0.131196
0.614527 0.131196
0.614627 0.131196
0.614727 0.131196
0.614826 0.131196
0.614926 0.131196
0.615025 0.131196
0.615125 0.131196
0.615225 0.131196
0.615324 0.131196
0.615424 0.131196
0.615524 0.131196
0.615623 0.131196
0.615723 0.130949
0.615823 0.130949
0.615922 0.130949
0.616022 0.130949
0.616121 0.130949
0.616221 0.130949
0.616321 0.130949
0.616420 0.130949
0.616520 0.130703
0.616620 0.130703
0.616719 0.130703
0.616819 0.130456
0.616918 0.130456
0.617018 0.130456
0.617118 0.130456
0.617217 0.130456
0.617317 0.130456
0.617417 0.130456
0.617516 0.130456
0.617616 0.130210
0.617716 0.130210
0.617815 0.130210
0.617915 0.130210
0.618014 0.130210
0.618114 0.130210
0.618214 0.130210
0.618313 0.130210
0.618413 0.130210
0.618513 0.130210
0.618612 0.130210
0.618712 0.129963
0.618812 0.129963
0.618911 0.129963
0.619011 0.129963
0.619110 0.129963
0.619210 0.129963
0.619310 0.129963
0.619409 0.129963
0.619509 0.129963
0.619609 0.129963
0.619708 0.129963
0.619808 0.129963
0.619907 0.129963
0.620007 0.129716
0.620107 0.129716
0.620206 0.129716
0.620306 0.129716
0.620406 0.129470
0.620505 0.129470
0.620605 0.129470
0.620705 0.129470
0.620804 0.129470
0.620904 0.129470
0.621003 0.129470
0.621103 0.129223
0.621203 0.129223
0.621302 0.129223
0.621402 0.129223
0.621502 0.129223
0.621601 0.129223
0.621701 0.129223
0.621801 0.129223
0.621900 0.128977
0.622000 0.128977
0.622099 0.128483
0.622199 0.128483
0.622299 0.128483
0.622398 0.128483
0.622498 0.128237
0.622598 0.128237
0.622697 0.128237
0.622797 0.128237
0.622896 0.128237
0.622996 0.128237
0.623096 0.128237
0.623195 0.128237
0.623295 0.128237
0.623395 0.127990
0.623494 0.127990
0.623594 0.127990
0.623694 0.127744
0.623793 0.127744
0.623893 0.127744
0.623992 0.127744
0.624092 0.127744
0.624192 0.127744
0.624291 0.127744
0.624391 0.127744
0.624491 0.127744
0.624590 0.127744
0.624690 0.127744
0.624789 0.127497
0.624889 0.127497
0.624989 0.127497
0.625088 0.127497
0.625188 0.127497
0.625288 0.127497
0.625387 0.127497
0.625487 0.127497
0.625587 0.127497
0.625686 0.127497
0.625786 0.127497
0.625885 0.127497
0.625985 0.127497
0.626085 0.127497
0.626184 0.127497
0.626284 0.127497
0.626384 0.127497
0.626483 0.127497
0.626583 0.127497
0.626683 0.127497
0.626782 0.127250
0.626882 0.127250
0.626981 0.127250
0.627081 0.127250
0.627181 0.127250
0.627280 0.127004
0.627380 0.126510
0.627480 0.126510
0.627579 0.126510
0.627679 0.126510
0.627778 0.126510
0.627878 0.126510
0.627978 0.126510
0.628077 0.126510
0.628177 0.126510
0.628277 0.126510
0.628376 0.126510
0.628476 0.126510
0.628576 0.126510
0.628675 0.126264
0.628775 0.126017
0.628874 0.126017
0.628974 0.126017
0.629074 0.126017
0.629173 0.125771
0.629273 0.125771
0.629373 0.125771
0.629472 0.125771
0.629572 0.125771
0.629671 0.125771
0.629771 0.125771
0.629871 0.125771
0.629970 0.125524
0.630070 0.125524
0.630170 0.125524
0.630269 0.125524
0.630369 0.125524
0.630469 0.125524
0.630568 0.125524
0.630668 0.125524
0.630767 0.125524
0.630867 0.125524
0.630967 0.125524
0.631066 0.125524
0.631166 0.125524
0.631266 0.125524
0.631365 0.125524
0.631465 0.125524
0.631565 0.125524
0.631664 0.125524
0.631764 0.125277
0.631863 0.125277
0.631963 0.125277
0.632063 0.125277
0.632162 0.125277
0.632262 0.125277
0.632362 0.125277
0.632461 0.125277
0.632561 0.125277
0.632660 0.125277
0.632760 0.125277
0.632860 0.125277
0.632959 0.125277
0.633059 0.125277
0.633159 0.125277
0.633258 0.125277
0.633358 0.125277
0.633458 0.125277
0.633557 0.125277
0.633657 0.125277
0.633756 0.125031
0.633856 0.125031
0.633956 0.125031
0.634055 0.124784
0.634155 0.124784
0.634255 0.124784
0.634354 0.124784
0.634454 0.124784
0.634553 0.124784
0.634653 0.124784
0.634753 0.124784
0.634852 0.124784
0.634952 0.124784
0.635052 0.124538
0.635151 0.124044
0.635251 0.124044
0.635351 0.124044
0.635450 0.124044
0.635550 0.124044
0.635649 0.124044
0.635749 0.124044
0.635849 0.124044
0.635948 0.124044
0.636048 0.124044
0.636148 0.124044
0.636247 0.124044
0.636347 0.124044
0.636447 0.124044
0.636546 0.124044
0.636646 0.124044
0.636745 0.124044
0.636845 0.124044
0.636945 0.123551
0.637044 0.123551
0.637144 0.123551
0.637244 0.123551
0.637343 0.123305
0.637443 0.123305
0.637542 0.123305
0.637642 0.123058
0.637742 0.123058
0.637841 0.122811
0.637941 0.122811
0.638041 0.122811
0.638140 0.122811
0.638240 0.122318
0.638340 0.122318
0.638439 0.122318
0.638539 0.122318
0.638638 0.122318
0.638738 0.122318
0.638838 0.122318
0.638937 0.122072
0.639037 0.122072
0.639137 0.122072
0.639236 0.122072
0.639336 0.122072
0.639435 0.121825
0.639535 0.121825
0.639635 0.121825
0.639734 0.121825
0.639834 0.121825
0.639934 0.121825
0.640033 0.121825
0.640133 0.121825
0.640233 0.121825
0.640332 0.121825
0.640432 0.121825
0.640531 0.121825
0.640631 0.121825
0.640731 0.121825
0.640830 0.121825
0.640930 0.121825
0.641030 0.121825
0.641129 0.121825
0.641229 0.121825
0.641329 0.121578
0.641428 0.121578
0.641528 0.121578
0.641627 0.121578
0.641727 0.121578
0.641827 0.121332
0.641926 0.121085
0.642026 0.121085
0.642126 0.121085
0.642225 0.121085
0.642325 0.121085
0.642424 0.120838
0.642524 0.120838
0.642624 0.120592
0.642723 0.120592
0.642823 0.120592
0.642923 0.120345
0.643022 0.120345
0.643122 0.120345
0.643222 0.120345
0.643321 0.120345
0.643421 0.120099
0.643520 0.120099
0.643620 0.120099
0.643720 0.120099
0.643819 0.120099
0.643919 0.120099
0.644019 0.120099
0.644118 0.119852
0.644218 0.119852
0.644318 0.119852
0.644417 0.119852
0.644517 0.119852
0.644616 0.119852
0.644716 0.119605
0.644816 0.119605
0.644915 0.119605
0.645015 0.119605
0.645115 0.119605
0.645214 0.119605
0.645314 0.119605
0.645413 0.119605
0.645513 0.119605
0.645613 0.119605
0.645712 0.119605
0.645812 0.119605
0.645912 0.119605
0.646011 0.119605
0.646111 0.119605
0.646211 0.119605
0.646310 0.119605
0.646410 0.119605
0.646509 0.119359
0.646609 0.119359
0.646709 0.119359
0.646808 0.119359
0.646908 0.119359
0.647008 0.119359
0.647107 0.119359
0.647207 0.119359
0.647306 0.119359
0.647406 0.119359
0.647506 0.119359
0.647605 0.119359
0.647705 0.119359
0.647805 0.119359
0.647904 0.119359
0.648004 0.119112
0.648104 0.119112
0.648203 0.119112
0.648303 0.119112
0.648402 0.119112
0.648502 0.119112
0.648602 0.119112
0.648701 0.119112
0.648801 0.119112
0.648901 0.118866
0.649000 0.118866
0.649100 0.118619
0.649200 0.118619
0.649299 0.118619
0.649399 0.118619
0.649498 0.118372
0.649598 0.118372
0.649698 0.118372
0.649797 0.118372
0.649897 0.118372
0.649997 0.118372
0.650096 0.118372
0.650196 0.118126
0.650295 0.118126
0.650395 0.117879
0.650495 0.117879
0.650594 0.117879
0.650694 0.117879
0.650794 0.117879
0.650893 0.117879
0.650993 0.117879
0.651093 0.117879
0.651192 0.117879
0.651292 0.117879
0.651391 0.117879
0.651491 0.117879
0.651591 0.117879
0.651690 0.117879
0.651790 0.117879
0.651890 0.117879
0.651989 0.117879
0.652089 0.117879
0.652188 0.117879
0.652288 0.117879
0.652388 0.117633
0.652487 0.117633
0.652587 0.117386
0.652687 0.117386
0.652786 0.117386
0.652886 0.117386
0.652986 0.117386
0.653085 0.117386
0.653185 0.117386
0.653284 0.117386
0.653384 0.117386
0.653484 0.117386
0.653583 0.117386
0.653683 0.117386
0.653783 0.117386
0.653882 0.117386
0.653982 0.117139
0.654082 0.117139
0.654181 0.117139
0.654281 0.116893
0.654380 0.116893
0.654480 0.116893
0.654580 0.116646
0.654679 0.116646
0.654779 0.116646
0.654879 0.116646
0.654978 0.116646
0.655078 0.116646
0.655177 0.116646
0.655277 0.116646
0.655377 0.116646
0.655476 0.116646
0.655576 0.116646
0.655676 0.116646
0.655775 0.116646
0.655875 0.116646
0.655975 0.116400
0.656074 0.116400
0.656174 0.116400
0.656273 0.116400
0.656373 0.116400
0.656473 0.116153
0.656572 0.116153
0.656672 0.116153
0.656772 0.116153
0.656871 0.116153
0.656971 0.115906
0.657070 0.115906
0.657170 0.115906
0.657270 0.115906
0.657369 0.115906
0.657469 0.115906
0.657569 0.115906
0.657668 0.115906
0.657768 0.115906
0.657868 0.115660
0.657967 0.115660
0.658067 0.115660
0.658166 0.115660
0.658266 0.115660
0.658366 0.115660
0.658465 0.115660
0.658565 0.115660
0.658665 0.115660
0.658764 0.115660
0.658864 0.115660
0.658964 0.115660
0.659063 0.115660
0.659163 0.115660
0.659262 0.115660
0.659362 0.115660
0.659462 0.115413
0.659561 0.115413
0.659661 0.115413
0.659761 0.115413
0.659860 0.115413
0.659960 0.115413
0.660059 0.115413
0.660159 0.115413
0.660259 0.115413
0.660358 0.115413
0.660458 0.115413
0.660558 0.115413
0.660657 0.115413
0.660757 0.115413
0.660857 0.115166
0.660956 0.115166
0.661056 0.115166
0.661155 0.115166
0.661255 0.114920
0.661355 0.114920
0.661454 0.114920
0.661554 0.114673
0.661654 0.114673
0.661753 0.114673
0.661853 0.114673
0.661953 0.114673
0.662052 0.114673
0.662152 0.114673
0.662251 0.114673
0.662351 0.114673
0.662451 0.114673
0.662550 0.114673
0.662650 0.114673
0.662750 0.114673
0.662849 0.114673
0.662949 0.114673
0.663048 0.114673
0.663148 0.114673
0.663248 0.114673
0.663347 0.114673
0.663447 0.114673
0.663547 0.114673
0.663646 0.114673
0.663746 0.114673
0.663846 0.114673
0.663945 0.114673
0.664045 0.114673
0.664144 0.114673
0.664244 0.114673
0.664344 0.114673
0.664443 0.114673
0.664543 0.114673
0.664643 0.114673
0.664742 0.114673
0.664842 0.114427
0.664941 0.114427
0.665041 0.114427
0.665141 0.114180
0.665240 0.114180
0.665340 0.114180
0.665440 0.114180
0.665539 0.114180
0.665639 0.114180
0.665739 0.114180
0.665838 0.114180
0.665938 0.114180
0.666037 0.113933
0.666137 0.113687
0.666237 0.113687
0.666336 0.113687
0.666436 0.113440
0.666536 0.113440
0.666635 0.113440
0.666735 0.113440
0.666835 0.113194
0.666934 0.113194
0.667034 0.112947
0.667133 0.112947
0.667233 0.112947
0.667333 0.112947
0.667432 0.112947
0.667532 0.112947
0.667632 0.112700
0.667731 0.112700
0.667831 0.112700
0.667930 0.112700
0.668030 0.112700
0.668130 0.112700
0.668229 0.112700
0.668329 0.112700
0.668429 0.112700
0.668528 0.112700
0.668628 0.112700
0.668728 0.112700
0.668827 0.112700
0.668927 0.112700
0.669026 0.112700
0.669126 0.112454
0.669226 0.112454
0.669325 0.112454
0.669425 0.112207
0.669525 0.111961
0.669624 0.111961
0.669724 0.111961
0.669823 0.111714
0.669923 0.111714
0.670023 0.111714
0.670122 0.111714
0.670222 0.111714
0.670322 0.111714
0.670421 0.111714
0.670521 0.111714
0.670621 0.111714
0.670720 0.111714
0.670820 0.111714
0.670919 0.111714
0.671019 0.111714
0.671119 0.111714
0.671218 0.111714
0.671318 0.111714
0.671418 0.111714
0.671517 0.111714
0.671617 0.111714
0.671717 0.111714
0.671816 0.111714
0.671916 0.111714
0.672015 0.111714
0.672115 0.111714
0.672215 0.111714
0.672314 0.111714
0.672414 0.111467
0.672514 0.111467
0.672613 0.111467
0.672713 0.111467
0.672812 0.111467
0.672912 0.111467
0.673012 0.111467
0.673111 0.111221
0.673211 0.111221
0.673311 0.111221
0.673410 0.111221
0.673510 0.111221
0.673610 0.110974
0.673709 0.110974
0.673809 0.110727
0.673908 0.110727
0.674008 0.110727
0.674108 0.110727
0.674207 0.110727
0.674307 0.110727
0.674407 0.110727
0.674506 0.110727
0.674606 0.110727
0.674705 0.110727
0.674805 0.110727
0.674905 0.110727
0.675004 0.110727
0.675104 0.110727
0.675204 0.110727
0.675303 0.110727
0.675403 0.110727
0.675503 0.110727
0.675602 0.110481
0.675702 0.110481
0.675801 0.110481
0.675901 0.110481
0.676001 0.110481
0.676100 0.110234
0.676200 0.110234
0.676300 0.109988
0.676399 0.109988
0.676499 0.109741
0.676599 0.109741
0.676698 0.109741
0.676798 0.109741
0.676897 0.109741
0.676997 0.109741
0.677097 0.109741
0.677196 0.109741
0.677296 0.109741
0.677396 0.109741
0.677495 0.109741
0.677595 0.109741
0.677694 0.109741
0.677794 0.109741
0.677894 0.109741
0.677993 0.109741
0.678093 0.109741
0.678193 0.109741
0.678292 0.109741
0.678392 0.109494
0.678492 0.109248
0.678591 0.109248
0.678691 0.109001
0.678790 0.109001
0.678890 0.109001
0.678990 0.109001
0.679089 0.109001
0.679189 0.108508
0.679289 0.108508
0.679388 0.108508
0.679488 0.108508
0.679588 0.108508
0.679687 0.108508
0.679787 0.108508
0.679886 0.108508
0.679986 0.108261
0.680086 0.108261
0.680185 0.108261
0.680285 0.108261
0.680385 0.108261
0.680484 0.108261
0.680584 0.108261
0.680683 0.108261
0.680783 0.108261
0.680883 0.108261
0.680982 0.108261
0.681082 0.108261
0.681182 0.108261
0.681281 0.108261
0.681381 0.108261
0.681481 0.108261
0.681580 0.108261
0.681680 0.108261
0.681779 0.108261
0.681879 0.108261
0.681979 0.108261
0.682078 0.108261
0.682178 0.108261
0.682278 0.108261
0.682377 0.108261
0.682477 0.108261
0.682576 0.108261
0.682676 0.108261
0.682776 0.108015
0.682875 0.108015
0.682975 0.108015
0.683075 0.108015
0.683174 0.108015
0.683274 0.108015
0.683374 0.108015
0.683473 0.108015
0.683573 0.108015
0.683672 0.108015
0.683772 0.108015
0.683872 0.108015
0.683971 0.107768
0.684071 0.107768
0.684171 0.107768
0.684270 0.107768
0.684370 0.107768
0.684470 0.107768
0.684569 0.107768
0.684669 0.107768
0.684768 0.107768
0.684868 0.107768
0.684968 0.107768
0.685067 0.107522
0.685167 0.107522
0.685267 0.107275
0.685366 0.107275
0.685466 0.107275
0.685565 0.107275
0.685665 0.107275
0.685765 0.107275
0.685864 0.107275
0.685964 0.107275
0.686064 0.107275
0.686163 0.107275
0.686263 0.107275
0.686363 0.107275
0.686462 0.107275
0.686562 0.107275
0.686661 0.107275
0.686761 0.107275
0.686861 0.107275
0.686960 0.107275
0.687060 0.107275
0.687160 0.107275
0.687259 0.107275
0.687359 0.107275
0.687458 0.107275
0.687558 0.107275
0.687658 0.107275
0.687757 0.107275
0.687857 0.107275
0.687957 0.107275
0.688056 0.107275
0.688156 0.107275
0.688256 0.107275
0.688355 0.107275
0.688455 0.107275
0.688554 0.107275
0.688654 0.107275
0.688754 0.107275
0.688853 0.107028
0.688953 0.107028
0.689053 0.107028
0.689152 0.107028
0.689252 0.107028
0.689352 0.107028
0.689451 0.107028
0.689551 0.107028
0.689650 0.107028
0.689750 0.106782
0.689850 0.106782
0.689949 0.106535
0.690049 0.106535
0.690149 0.106535
0.690248 0.106535
0.690348 0.106535
0.690447 0.106289
0.690547 0.106289
0.690647 0.106289
0.690746 0.106289
0.690846 0.106289
0.690946 0.106289
0.691045 0.106289
0.691145 0.106289
0.691245 0.106289
0.691344 0.106289
0.691444 0.106289
0.691543 0.106289
0.691643 0.106289
0.691743 0.106289
0.691842 0.106289
0.691942 0.106289
0.692042 0.106289
0.692141 0.106289
0.692241 0.106289
0.692340 0.106289
0.692440 0.106289
0.692540 0.106289
0.692639 0.106289
0.692739 0.106289
0.692839 0.106289
0.692938 0.106289
0.693038 0.106289
0.693138 0.106289
0.693237 0.106042
0.693337 0.105795
0.693436 0.105795
0.693536 0.105795
0.693636 0.105795
0.693735 0.105549
0.693835 0.105549
0.693935 0.105549
0.694034 0.105549
0.694134 0.105302
0.694234 0.105302
0.694333 0.105302
0.694433 0.105302
0.694532 0.105302
0.694632 0.105302
0.694732 0.105302
0.694831 0.105302
0.694931 0.105302
0.695031 0.105302
0.695130 0.105302
0.695230 0.105302
0.695329 0.105302
0.695429 0.105302
0.695529 0.105302
0.695628 0.105302
0.695728 0.105302
0.695828 0.105302
0.695927 0.105302
0.696027 0.105302
0.696127 0.105302
0.696226 0.105055
0.696326 0.105055
0.696425 0.105055
0.696525 0.105055
0.696625 0.105055
0.696724 0.105055
0.696824 0.105055
0.696924 0.105055
0.697023 0.105055
0.697123 0.105055
0.697223 0.105055
0.697322 0.105055
0.697422 0.104809
0.697521 0.104809
0.697621 0.104562
0.697721 0.104562
0.697820 0.104562
0.697920 0.104562
0.698020 0.104316
0.698119 0.104316
0.698219 0.104316
0.698318 0.104069
0.698418 0.103822
0.698518 0.103822
0.698617 0.103822
0.698717 0.103822
0.698817 0.103822
0.698916 0.103822
0.699016 0.103822
0.699116 0.103822
0.699215 0.103822
0.699315 0.103822
0.699414 0.103822
0.699514 0.103822
0.699614 0.103822
0.699713 0.103576
0.699813 0.103576
0.699913 0.103576
0.700012 0.103576
0.700112 0.103576
0.700211 0.103329
0.700311 0.103329
0.700411 0.103329
0.700510 0.103329
0.700610 0.103329
0.700710 0.103329
0.700809 0.103329
0.700909 0.103329
0.701009 0.103329
0.701108 0.103329
0.701208 0.103329
0.701307 0.103329
0.701407 0.103329
0.701507 0.103329
0.701606 0.103329
0.701706 0.103329
0.701806 0.103329
0.701905 0.103329
0.702005 0.102836
0.702105 0.102836
0.702204 0.102836
0.702304 0.102836
0.702403 0.102836
0.702503 0.102836
0.702603 0.102836
0.702702 0.102836
0.702802 0.102836
0.702902 0.102836
0.703001 0.102589
0.703101 0.102589
0.703200 0.102343
0.703300 0.102343
0.703400 0.102343
0.703499 0.102343
0.703599 0.102343
0.703699 0.102343
0.703798 0.102343
0.703898 0.102343
0.703998 0.102343
0.704097 0.102343
0.704197 0.102096
0.704296 0.102096
0.704396 0.102096
0.704496 0.102096
0.704595 0.102096
0.704695 0.102096
0.704795 0.101850
0.704894 0.101850
0.704994 0.101850
0.705093 0.101850
0.705193 0.101603
0.705293 0.101603
0.705392 0.101603
0.705492 0.101603
0.705592 0.101603
0.705691 0.101603
0.705791 0.101603
0.705891 0.101603
0.705990 0.101603
0.706090 0.101603
0.706189 0.101603
0.706289 0.101603
0.706389 0.101603
0.706488 0.101603
0.706588 0.101603
0.706688 0.101603
0.706787 0.101356
0.706887 0.101356
0.706987 0.101110
0.707086 0.101110
0.707186 0.100617
0.707285 0.100123
0.707385 0.100123
0.707485 0.100123
0.707584 0.100123
0.707684 0.100123
0.707784 0.100123
0.707883 0.100123
0.707983 0.100123
0.708082 0.100123
0.708182 0.100123
0.708282 0.100123
0.708381 0.099877
0.708481 0.099630
0.708581 0.099630
0.708680 0.099383
0.708780 0.099137
0.708880 0.099137
0.708979 0.099137
0.709079 0.099137
0.709178 0.099137
0.709278 0.099137
0.709378 0.099137
0.709477 0.099137
0.709577 0.099137
0.709677 0.098890
0.709776 0.098644
0.709876 0.098644
0.709975 0.098644
0.710075 0.098644
0.710175 0.098644
0.710274 0.098644
0.710374 0.098644
0.710474 0.098644
0.710573 0.098397
0.710673 0.098397
0.710773 0.098397
0.710872 0.098397
0.710972 0.098397
0.711071 0.098150
0.711171 0.098150
0.711271 0.097904
0.711370 0.097904
0.711470 0.097904
0.711570 0.097904
0.711669 0.097904
0.711769 0.097904
0.711869 0.097657
0.711968 0.097657
0.712068 0.097657
0.712167 0.097657
0.712267 0.097657
0.712367 0.097657
0.712466 0.097657
0.712566 0.097657
0.712666 0.097657
0.712765 0.097657
0.712865 0.097657
0.712964 0.097657
0.713064 0.097657
0.713164 0.097657
0.713263 0.097657
0.713363 0.097657
0.713463 0.097657
0.713562 0.097411
0.713662 0.097164
0.713762 0.097164
0.713861 0.097164
0.713961 0.097164
0.714060 0.097164
0.714160 0.096917
0.714260 0.096917
0.714359 0.096917
0.714459 0.096917
0.714559 0.096917
0.714658 0.096917
0.714758 0.096917
0.714857 0.096917
0.714957 0.096917
0.715057 0.096917
0.715156 0.096917
0.715256 0.096917
0.715356 0.096671
0.715455 0.096424
0.715555 0.096424
0.715655 0.096178
0.715754 0.095931
0.715854 0.095931
0.715953 0.095931
0.716053 0.095931
0.716153 0.095684
0.716252 0.095684
0.716352 0.095684
0.716452 0.095684
0.716551 0.095684
0.716651 0.095684
0.716751 0.095684
0.716850 0.095684
0.716950 0.095684
0.717049 0.095684
0.717149 0.095684
0.717249 0.095684
0.717348 0.095438
0.717448 0.095438
0.717548 0.095438
0.717647 0.095438
0.717747 0.095438
0.717846 0.095438
0.717946 0.095191
0.718046 0.095191
0.718145 0.095191
0.718245 0.095191
0.718345 0.095191
0.718444 0.095191
0.718544 0.095191
0.718644 0.095191
0.718743 0.095191
0.718843 0.094945
0.718942 0.094945
0.719042 0.094945
0.719142 0.094945
0.719241 0.094451
0.719341 0.094451
0.719441 0.094451
0.719540 0.094451
0.719640 0.094205
0.719740 0.094205
0.719839 0.094205
0.719939 0.094205
0.720038 0.094205
0.720138 0.094205
0.720238 0.094205
0.720337 0.094205
0.720437 0.094205
0.720537 0.094205
0.720636 0.094205
0.720736 0.094205
0.720835 0.093958
0.720935 0.093711
0.721035 0.093711
0.721134 0.093711
0.721234 0.093711
0.721334 0.093711
0.721433 0.093711
0.721533 0.093711
0.721633 0.093711
0.721732 0.093711
0.721832 0.093711
0.721931 0.093711
0.722031 0.093711
0.722131 0.093711
0.722230 0.093711
0.722330 0.093711
0.722430 0.093711
0.722529 0.093711
0.722629 0.093711
0.722728 0.093711
0.722828 0.093711
0.722928 0.093711
0.723027 0.093711
0.723127 0.093465
0.723227 0.093465
0.723326 0.093465
0.723426 0.093465
0.723526 0.093218
0.723625 0.093218
0.723725 0.093218
0.723824 0.093218
0.723924 0.093218
0.724024 0.093218
0.724123 0.093218
0.724223 0.092972
0.724323 0.092972
0.724422 0.092972
0.724522 0.092972
0.724622 0.092972
0.724721 0.092972
0.724821 0.092972
0.724920 0.092725
0.725020 0.092725
0.725120 0.092725
0.725219 0.092725
0.725319 0.092478
0.725419 0.092478
0.725518 0.092478
0.725618 0.092478
0.725717 0.092478
0.725817 0.092478
0.725917 0.092478
0.726016 0.092478
0.726116 0.092478
0.726216 0.092232
0.726315 0.092232
0.726415 0.092232
0.726515 0.092232
0.726614 0.092232
0.726714 0.092232
0.726813 0.092232
0.726913 0.092232
0.727013 0.092232
0.727112 0.092232
0.727212 0.092232
0.727312 0.091985
0.727411 0.091985
0.727511 0.091739
0.727610 0.091739
0.727710 0.091739
0.727810 0.091492
0.727909 0.091492
0.728009 0.091492
0.728109 0.091492
0.728208 0.091492
0.728308 0.091492
0.728408 0.091245
0.728507 0.091245
0.728607 0.091245
0.728706 0.091245
0.728806 0.090999
0.728906 0.090999
0.729005 0.090752
0.729105 0.090752
0.729205 0.090752
0.729304 0.090752
0.729404 0.090752
0.729504 0.090752
0.729603 0.090752
0.729703 0.090752
0.729802 0.090752
0.729902 0.090752
0.730002 0.090752
0.730101 0.090752
0.730201 0.090752
0.730301 0.090752
0.730400 0.090506
0.730500 0.090506
0.730599 0.090506
0.730699 0.090506
0.730799 0.090506
0.730898 0.090506
0.730998 0.090506
0.731098 0.090506
0.731197 0.090506
0.731297 0.090506
0.731397 0.090506
0.731496 0.090506
0.731596 0.090506
0.731695 0.090506
0.731795 0.090506
0.731895 0.090506
0.731994 0.090506
0.732094 0.090506
0.732194 0.090506
0.732293 0.090506
0.732393 0.090506
0.732492 0.090506
0.732592 0.090506
0.732692 0.090259
0.732791 0.090259
0.732891 0.090259
0.732991 0.090259
0.733090 0.090259
0.733190 0.090259
0.733290 0.090259
0.733389 0.090259
0.733489 0.090259
0.733588 0.090259
0.733688 0.090259
0.733788 0.089766
0.733887 0.089766
0.733987 0.089519
0.734087 0.089519
0.734186 0.089519
0.734286 0.089273
0.734386 0.089273
0.734485 0.089273
0.734585 0.089273
0.734684 0.089273
0.734784 0.089273
0.734884 0.089273
0.734983 0.089026
0.735083 0.089026
0.735183 0.089026
0.735282 0.089026
0.735382 0.089026
0.735481 0.089026
0.735581 0.089026
0.735681 0.089026
0.735780 0.088779
0.735880 0.088779
0.735980 0.088779
0.736079 0.088779
0.736179 0.088779
0.736279 0.088779
0.736378 0.088779
0.736478 0.088779
0.736577 0.088779
0.736677 0.088533
0.736777 0.088533
0.736876 0.088286
0.736976 0.088286
0.737076 0.088286
0.737175 0.088286
0.737275 0.088286
0.737375 0.088286
0.737474 0.088286
0.737574 0.088039
0.737673 0.088039
0.737773 0.088039
0.737873 0.088039
0.737972 0.088039
0.738072 0.088039
0.738172 0.087793
0.738271 0.087793
0.738371 0.087793
0.738470 0.087793
0.738570 0.087546
0.738670 0.087546
0.738769 0.087300
0.738869 0.087300
0.738969 0.087300
0.739068 0.087300
0.739168 0.087053
0.739268 0.087053
0.739367 0.086806
0.739467 0.086806
0.739566 0.086806
0.739666 0.086806
0.739766 0.086806
0.739865 0.086560
0.739965 0.086560
0.740065 0.086560
0.740164 0.086560
0.740264 0.086560
0.740363 0.086560
0.740463 0.086560
0.740563 0.086560
0.740662 0.086313
0.740762 0.086313
0.740862 0.086313
0.740961 0.086313
0.741061 0.086313
0.741161 0.086313
0.741260 0.086313
0.741360 0.086313
0.741459 0.086313
0.741559 0.086313
0.741659 0.086313
0.741758 0.086067
0.741858 0.086067
0.741958 0.086067
0.742057 0.086067
0.742157 0.085820
0.742257 0.085820
0.742356 0.085820
0.742456 0.085820
0.742555 0.085820
0.742655 0.085573
0.742755 0.085573
0.742854 0.085573
0.742954 0.085573
0.743054 0.085573
0.743153 0.085573
0.743253 0.085573
0.743352 0.085573
0.743452 0.085573
0.743552 0.085573
0.743651 0.085573
0.743751 0.085573
0.743851 0.085573
0.743950 0.085573
0.744050 0.085573
0.744150 0.085573
0.744249 0.085573
0.744349 0.085573
0.744448 0.085327
0.744548 0.085327
0.744648 0.085327
0.744747 0.085327
0.744847 0.085080
0.744947 0.085080
0.745046 0.085080
0.745146 0.085080
0.745245 0.085080
0.745345 0.085080
0.745445 0.085080
0.745544 0.084834
0.745644 0.084834
0.745744 0.084834
0.745843 0.084834
0.745943 0.084834
0.746043 0.084834
0.746142 0.084834
0.746242 0.084834
0.746341 0.084834
0.746441 0.084834
0.746541 0.084834
0.746640 0.084834
0.746740 0.084834
0.746840 0.084834
0.746939 0.084834
0.747039 0.084587
0.747139 0.084587
0.747238 0.084587
0.747338 0.084587
0.747437 0.084587
0.747537 0.084587
0.747637 0.084587
0.747736 0.084587
0.747836 0.084587
0.747936 0.084587
0.748035 0.084587
0.748135 0.084587
0.748234 0.084587
0.748334 0.084587
0.748434 0.084587
0.748533 0.084587
0.748633 0.084587
0.748733 0.084587
0.748832 0.084340
0.748932 0.084340
0.749032 0.084340
0.749131 0.084094
0.749231 0.084094
0.749330 0.084094
0.749430 0.084094
0.749530 0.084094
0.749629 0.083847
0.749729 0.083847
0.749829 0.083847
0.749928 0.083847
0.750028 0.083847
0.750127 0.083847
0.750227 0.083847
0.750327 0.083847
0.750426 0.083847
0.750526 0.083847
0.750626 0.083847
0.750725 0.083847
0.750825 0.083847
0.750925 0.083847
0.751024 0.083847
0.751124 0.083600
0.751223 0.083600
0.751323 0.083600
0.751423 0.083600
0.751522 0.083107
0.751622 0.083107
0.751722 0.083107
0.751821 0.083107
0.751921 0.083107
0.752021 0.083107
0.752120 0.083107
0.752220 0.083107
0.752319 0.083107
0.752419 0.082861
0.752519 0.082861
0.752618 0.082861
0.752718 0.082861
0.752818 0.082614
0.752917 0.082367
0.753017 0.082367
0.753116 0.082121
0.753216 0.081874
0.753316 0.081874
0.753415 0.081874
0.753515 0.081874
0.753615 0.081874
0.753714 0.081628
0.753814 0.081628
0.753914 0.081628
0.754013 0.081628
0.754113 0.081628
0.754212 0.081628
0.754312 0.081628
0.754412 0.081381
0.754511 0.081381
0.754611 0.081381
0.754711 0.081381
0.754810 0.081381
0.754910 0.081381
0.755010 0.081381
0.755109 0.081381
0.755209 0.081381
0.755308 0.081381
0.755408 0.081381
0.755508 0.081134
0.755607 0.081134
0.755707 0.081134
0.755807 0.081134
0.755906 0.081134
0.756006 0.081134
0.756105 0.081134
0.756205 0.081134
0.756305 0.081134
0.756404 0.081134
0.756504 0.081134
0.756604 0.081134
0.756703 0.081134
0.756803 0.081134
0.756903 0.081134
0.757002 0.081134
0.757102 0.081134
0.757201 0.080888
0.757301 0.080888
0.757401 0.080888
0.757500 0.080888
0.757600 0.080888
0.757700 0.080888
0.757799 0.080888
0.757899 0.080641
0.757998 0.080641
0.758098 0.080641
0.758198 0.080641
0.758297 0.080641
0.758397 0.080641
0.758497 0.080641
0.758596 0.080641
0.758696 0.080641
0.758796 0.080641
0.758895 0.080641
0.758995 0.080641
0.759094 0.080641
0.759194 0.080641
0.759294 0.080641
0.759393 0.080641
0.759493 0.080641
0.759593 0.080641
0.759692 0.080641
0.759792 0.080641
0.759892 0.080641
0.759991 0.080641
0.760091 0.080395
0.760190 0.080395
0.760290 0.080395
0.760390 0.080395
0.760489 0.080148
0.760589 0.080148
0.760689 0.080148
0.760788 0.080148
0.760888 0.080148
0.760987 0.080148
0.761087 0.080148
0.761187 0.080148
0.761286 0.080148
0.761386 0.080148
0.761486 0.080148
0.761585 0.080148
0.761685 0.079901
0.761785 0.079655
0.761884 0.079655
0.761984 0.079655
0.762083 0.079655
0.762183 0.079655
0.762283 0.079408
0.762382 0.079408
0.762482 0.079408
0.762582 0.079408
0.762681 0.079408
0.762781 0.079408
0.762880 0.078915
0.762980 0.078915
0.763080 0.078915
0.763179 0.078915
0.763279 0.078915
0.763379 0.078915
0.763478 0.078915
0.763578 0.078915
0.763678 0.078915
0.763777 0.078915
0.763877 0.078915
0.763976 0.078915
0.764076 0.078915
0.764176 0.078915
0.764275 0.078915
0.764375 0.078915
0.764475 0.078915
0.764574 0.078915
0.764674 0.078668
0.764774 0.078668
0.764873 0.078668
0.764973 0.078668
0.765072 0.078668
0.765172 0.078668
0.765272 0.078668
0.765371 0.078422
0.765471 0.078422
0.765571 0.078422
0.765670 0.078175
0.765770 0.078175
0.765869 0.078175
0.765969 0.078175
0.766069 0.078175
0.766168 0.078175
0.766268 0.078175
0.766368 0.078175
0.766467 0.078175
0.766567 0.077682
0.766667 0.077682
0.766766 0.077682
0.766866 0.077682
0.766965 0.077682
0.767065 0.077682
0.767165 0.077435
0.767264 0.077435
0.767364 0.077435
0.767464 0.077435
0.767563 0.077435
0.767663 0.077435
0.767762 0.077435
0.767862 0.077435
0.767962 0.077435
0.768061 0.077435
0.768161 0.077435
0.768261 0.077435
0.768360 0.077189
0.768460 0.077189
0.768560 0.077189
0.768659 0.077189
0.768759 0.077189
0.768858 0.077189
0.768958 0.077189
0.769058 0.077189
0.769157 0.076942
0.769257 0.076942
0.769357 0.076942
0.769456 0.076695
0.769556 0.076449
0.769656 0.076449
0.769755 0.076449
0.769855 0.076449
0.769954 0.076202
0.770054 0.076202
0.770154 0.076202
0.770253 0.075956
0.770353 0.075956
0.770453 0.075956
0.770552 0.075956
0.770652 0.075956
0.770751 0.075956
0.770851 0.075956
0.770951 0.075709
0.771050 0.075709
0.771150 0.075709
0.771250 0.075709
0.771349 0.075709
0.771449 0.075709
0.771549 0.075709
0.771648 0.075709
0.771748 0.075709
0.771847 0.075709
0.771947 0.075709
0.772047 0.075709
0.772146 0.075709
0.772246 0.075709
0.772346 0.075709
0.772445 0.075709
0.772545 0.075709
0.772645 0.075709
0.772744 0.075709
0.772844 0.075462
0.772943 0.075462
0.773043 0.075462
0.773143 0.075462
0.773242 0.075462
0.773342 0.075216
0.773442 0.075216
0.773541 0.075216
0.773641 0.075216
0.773740 0.075216
0.773840 0.075216
0.773940 0.075216
0.774039 0.074969
0.774139 0.074969
0.774239 0.074969
0.774338 0.074969
0.774438 0.074969
0.774538 0.074969
0.774637 0.074723
0.774737 0.074723
0.774836 0.074723
0.774936 0.074723
0.775036 0.074723
0.775135 0.074723
0.775235 0.074723
0.775335 0.074476
0.775434 0.074476
0.775534 0.074476
0.775633 0.074476
0.775733 0.074229
0.775833 0.073983
0.775932 0.073736
0.776032 0.073736
0.776132 0.073736
0.776231 0.073736
0.776331 0.073736
0.776431 0.073736
0.776530 0.073736
0.776630 0.073736
0.776729 0.073736
0.776829 0.073736
0.776929 0.073736
0.777028 0.073736
0.777128 0.073490
0.777228 0.073490
0.777327 0.073490
0.777427 0.073490
0.777527 0.073490
0.777626 0.073490
0.777726 0.073490
0.777825 0.073490
0.777925 0.073490
0.778025 0.073243
0.778124 0.072996
0.778224 0.072996
0.778324 0.072996
0.778423 0.072996
0.778523 0.072996
0.778622 0.072996
0.778722 0.072996
0.778822 0.072996
0.778921 0.072996
0.779021 0.072996
0.779121 0.072996
0.779220 0.072996
0.779320 0.072996
0.779420 0.072996
0.779519 0.072996
0.779619 0.072750
0.779718 0.072750
0.779818 0.072750
0.779918 0.072750
0.780017 0.072503
0.780117 0.072503
0.780217 0.072256
0.780316 0.072010
0.780416 0.072010
0.780515 0.072010
0.780615 0.072010
0.780715 0.072010
0.780814 0.072010
0.780914 0.072010
0.781014 0.072010
0.781113 0.072010
0.781213 0.072010
0.781313 0.072010
0.781412 0.072010
0.781512 0.072010
0.781611 0.072010
0.781711 0.072010
0.781811 0.072010
0.781910 0.071763
0.782010 0.071763
0.782110 0.071763
0.782209 0.071763
0.782309 0.071763
0.782409 0.071763
0.782508 0.071763
0.782608 0.071517
0.782707 0.071517
0.782807 0.071517
0.782907 0.071517
0.783006 0.071270
0.783106 0.071023
0.783206 0.071023
0.783305 0.071023
0.783405 0.071023
0.783504 0.071023
0.783604 0.071023
0.783704 0.071023
0.783803 0.070777
0.783903 0.070777
0.784003 0.070777
0.784102 0.070530
0.784202 0.070530
0.784302 0.070530
0.784401 0.070530
0.784501 0.070530
0.784600 0.070530
0.784700 0.070284
0.784800 0.070284
0.784899 0.070284
0.784999 0.070284
0.785099 0.070037
0.785198 0.070037
0.785298 0.069790
0.785397 0.069544
0.785497 0.069544
0.785597 0.069544
0.785696 0.069544
0.785796 0.069544
0.785896 0.069544
0.785995 0.069544
0.786095 0.069544
0.786195 0.069544
0.786294 0.069544
0.786394 0.069544
0.786493 0.069297
0.786593 0.069297
0.786693 0.069297
0.786792 0.069051
0.786892 0.069051
0.786992 0.068804
0.787091 0.068804
0.787191 0.068804
0.787291 0.068804
0.787390 0.068804
0.787490 0.068804
0.787589 0.068804
0.787689 0.068557
0.787789 0.068557
0.787888 0.068557
0.787988 0.068557
0.788088 0.068557
0.788187 0.068311
0.788287 0.068311
0.788386 0.068311
0.788486 0.068311
0.788586 0.068311
0.788685 0.068311
0.788785 0.068311
0.788885 0.068311
0.788984 0.068311
0.789084 0.068064
0.789184 0.068064
0.789283 0.067818
0.789383 0.067571
0.789482 0.067571
0.789582 0.067571
0.789682 0.067571
0.789781 0.067571
0.789881 0.067571
0.789981 0.067571
0.790080 0.067324
0.790180 0.067324
0.790279 0.067078
0.790379 0.067078
0.790479 0.067078
0.790578 0.066831
0.790678 0.066584
0.790778 0.066584
0.790877 0.066584
0.790977 0.066584
0.791077 0.066338
0.791176 0.066338
0.791276 0.066338
0.791375 0.066338
0.791475 0.066338
0.791575 0.066338
0.791674 0.066338
0.791774 0.066338
0.791874 0.066338
0.791973 0.066091
0.792073 0.066091
0.792173 0.066091
0.792272 0.065845
0.792372 0.065845
0.792471 0.065845
0.792571 0.065845
0.792671 0.065845
0.792770 0.065845
0.792870 0.065845
0.792970 0.065845
0.793069 0.065845
0.793169 0.065598
0.793268 0.065598
0.793368 0.065105
0.793468 0.065105
0.793567 0.065105
0.793667 0.065105
0.793767 0.065105
0.793866 0.065105
0.793966 0.064858
0.794066 0.064612
0.794165 0.064612
0.794265 0.064612
0.794364 0.064365
0.794464 0.064365
0.794564 0.064365
0.794663 0.064365
0.794763 0.064365
0.794863 0.064365
0.794962 0.064365
0.795062 0.063872
0.795162 0.063872
0.795261 0.063872
0.795361 0.063625
0.795460 0.063625
0.795560 0.063625
0.795660 0.063379
0.795759 0.063379
0.795859 0.063379
0.795959 0.063379
0.796058 0.063379
0.796158 0.063132
0.796257 0.062885
0.796357 0.062885
0.796457 0.062885
0.796556 0.062885
0.796656 0.062885
0.796756 0.062885
0.796855 0.062885
0.796955 0.062885
0.797055 0.062885
0.797154 0.062885
0.797254 0.062885
0.797353 0.062885
0.797453 0.062885
0.797553 0.062885
0.797652 0.062885
0.797752 0.062885
0.797852 0.062885
0.797951 0.062885
0.798051 0.062885
0.798150 0.062639
0.798250 0.062392
0.798350 0.062392
0.798449 0.062392
0.798549 0.062392
0.798649 0.062392
0.798748 0.062392
0.798848 0.062392
0.798948 0.062392
0.799047 0.062392
0.799147 0.062392
0.799246 0.061899
0.799346 0.061899
0.799446 0.061899
0.799545 0.061899
0.799645 0.061899
0.799745 0.061899
0.799844 0.061899
0.799944 0.061899
0.800044 0.061652
0.800143 0.061406
0.800243 0.061406
0.800342 0.061406
0.800442 0.061406
0.800542 0.061406
0.800641 0.061406
0.800741 0.061406
0.800841 0.061406
0.800940 0.061406
0.801040 0.061406
0.801139 0.061406
0.801239 0.061406
0.801339 0.061406
0.801438 0.061406
0.801538 0.061406
0.801638 0.061406
0.801737 0.061406
0.801837 0.061406
0.801937 0.061159
0.802036 0.061159
0.802136 0.061159
0.802235 0.061159
0.802335 0.061159
0.802435 0.061159
0.802534 0.061159
0.802634 0.061159
0.802734 0.061159
0.802833 0.061159
0.802933 0.061159
0.803032 0.061159
0.803132 0.061159
0.803232 0.061159
0.803331 0.061159
0.803431 0.061159
0.803531 0.061159
0.803630 0.061159
0.803730 0.061159
0.803830 0.061159
0.803929 0.061159
0.804029 0.061159
0.804128 0.061159
0.804228 0.060912
0.804328 0.060912
0.804427 0.060912
0.804527 0.060666
0.804627 0.060666
0.804726 0.060666
0.804826 0.060666
0.804926 0.060666
0.805025 0.060666
0.805125 0.060666
0.805224 0.060666
0.805324 0.060666
0.805424 0.060666
0.805523 0.060666
0.805623 0.060419
0.805723 0.060419
0.805822 0.060419
0.805922 0.060173
0.806021 0.060173
0.806121 0.060173
0.806221 0.060173
0.806320 0.059926
0.806420 0.059926
0.806520 0.059926
0.806619 0.059926
0.806719 0.059926
0.806819 0.059679
0.806918 0.059679
0.807018 0.059679
0.807117 0.059679
0.807217 0.059679
0.807317 0.059679
0.807416 0.059679
0.807516 0.059679
0.807616 0.059433
0.807715 0.059186
0.807815 0.058940
0.807914 0.058940
0.808014 0.058940
0.808114 0.058940
0.808213 0.058940
0.808313 0.058940
0.808413 0.058940
0.808512 0.058940
0.808612 0.058940
0.808712 0.058940
0.808811 0.058940
0.808911 0.058940
0.809010 0.058940
0.809110 0.058940
0.809210 0.058940
0.809309 0.058940
0.809409 0.058940
0.809509 0.058940
0.809608 0.058940
0.809708 0.058693
0.809808 0.058693
0.809907 0.058693
0.810007 0.058693
0.810106 0.058693
0.810206 0.058693
0.810306 0.058693
0.810405 0.058693
0.810505 0.058693
0.810605 0.058446
0.810704 0.058446
0.810804 0.058446
0.810903 0.058446
0.811003 0.058446
0.811103 0.058446
0.811202 0.058446
0.811302 0.058446
0.811402 0.058446
0.811501 0.058446
0.811601 0.058446
0.811701 0.058446
0.811800 0.058446
0.811900 0.058200
0.811999 0.058200
0.812099 0.058200
0.812199 0.058200
0.812298 0.058200
0.812398 0.058200
0.812498 0.058200
0.812597 0.058200
0.812697 0.058200
0.812797 0.058200
0.812896 0.058200
0.812996 0.057707
0.813095 0.057707
0.813195 0.057707
0.813295 0.057707
0.813394 0.057707
0.813494 0.057707
0.813594 0.057707
0.813693 0.057707
0.813793 0.057707
0.813892 0.057707
0.813992 0.057460
0.814092 0.057460
0.814191 0.057213
0.814291 0.057213
0.814391 0.056967
0.814490 0.056967
0.814590 0.056967
0.814690 0.056967
0.814789 0.056967
0.814889 0.056967
0.814988 0.056967
0.815088 0.056967
0.815188 0.056720
0.815287 0.056720
0.815387 0.056473
0.815487 0.056227
0.815586 0.056227
0.815686 0.056227
0.815785 0.056227
0.815885 0.056227
0.815985 0.056227
0.816084 0.055980
0.816184 0.055980
0.816284 0.055734
0.816383 0.055734
0.816483 0.055734
0.816583 0.055734
0.816682 0.055734
0.816782 0.055734
0.816881 0.055734
0.816981 0.055734
0.817081 0.055734
0.817180 0.055734
0.817280 0.055734
0.817380 0.055487
0.817479 0.055487
0.817579 0.055240
0.817679 0.055240
0.817778 0.055240
0.817878 0.054994
0.817977 0.054747
0.818077 0.054747
0.818177 0.054747
0.818276 0.054747
0.818376 0.054501
0.818476 0.054501
0.818575 0.054501
0.818675 0.054501
0.818774 0.054501
0.818874 0.054501
0.818974 0.054501
0.819073 0.054501
0.819173 0.054254
0.819273 0.054007
0.819372 0.054007
0.819472 0.054007
0.819572 0.053514
0.819671 0.053268
0.819771 0.053268
0.819870 0.053268
0.819970 0.053268
0.820070 0.053268
0.820169 0.053268
0.820269 0.053268
0.820369 0.053021
0.820468 0.053021
0.820568 0.053021
0.820667 0.053021
0.820767 0.053021
0.820867 0.053021
0.820966 0.053021
0.821066 0.052528
0.821166 0.052528
0.821265 0.052528
0.821365 0.052528
0.821465 0.052528
0.821564 0.052528
0.821664 0.052528
0.821763 0.052528
0.821863 0.052528
0.821963 0.052528
0.822062 0.052528
0.822162 0.052528
0.822262 0.052528
0.822361 0.052528
0.822461 0.052528
0.822561 0.052528
0.822660 0.052528
0.822760 0.052528
0.822859 0.052281
0.822959 0.052281
0.823059 0.052281
0.823158 0.052281
0.823258 0.052281
0.823358 0.052281
0.823457 0.052281
0.823557 0.052035
0.823656 0.052035
0.823756 0.052035
0.823856 0.052035
0.823955 0.052035
0.824055 0.051788
0.824155 0.051788
0.824254 0.051541
0.824354 0.051541
0.824454 0.051541
0.824553 0.051541
0.824653 0.051541
0.824752 0.051541
0.824852 0.051541
0.824952 0.051541
0.825051 0.051541
0.825151 0.051541
0.825251 0.051541
0.825350 0.051541
0.825450 0.051295
0.825549 0.051048
0.825649 0.051048
0.825749 0.051048
0.825848 0.050801
0.825948 0.050801
0.826048 0.050801
0.826147 0.050555
0.826247 0.050555
0.826347 0.050555
0.826446 0.050555
0.826546 0.050555
0.826645 0.050555
0.826745 0.050308
0.826845 0.050308
0.826944 0.050062
0.827044 0.050062
0.827144 0.050062
0.827243 0.049815
0.827343 0.049815
0.827443 0.049815
0.827542 0.049815
0.827642 0.049815
0.827741 0.049815
0.827841 0.049815
0.827941 0.049568
0.828040 0.049568
0.828140 0.049568
0.828240 0.049568
0.828339 0.049568
0.828439 0.049568
0.828538 0.049568
0.828638 0.049568
0.828738 0.049568
0.828837 0.049568
0.828937 0.049322
0.829037 0.049322
0.829136 0.049322
0.829236 0.049322
0.829336 0.049322
0.829435 0.049322
0.829535 0.049075
0.829634 0.049075
0.829734 0.049075
0.829834 0.049075
0.829933 0.049075
0.830033 0.049075
0.830133 0.049075
0.830232 0.049075
0.830332 0.049075
0.830432 0.049075
0.830531 0.049075
0.830631 0.049075
0.830730 0.049075
0.830830 0.049075
0.830930 0.048829
0.831029 0.048829
0.831129 0.048829
0.831229 0.048829
0.831328 0.048829
0.831428 0.048829
0.831527 0.048829
0.831627 0.048829
0.831727 0.048582
0.831826 0.048335
0.831926 0.048335
0.832026 0.048335
0.832125 0.048335
0.832225 0.048335
0.832325 0.048335
0.832424 0.048335
0.832524 0.048335
0.832623 0.048335
0.832723 0.048335
0.832823 0.048335
0.832922 0.048335
0.833022 0.048335
0.833122 0.048335
0.833221 0.048335
0.833321 0.048335
0.833420 0.048335
0.833520 0.048335
0.833620 0.048335
0.833719 0.048335
0.833819 0.048335
0.833919 0.048335
0.834018 0.048335
0.834118 0.048335
0.834218 0.048335
0.834317 0.048335
0.834417 0.048335
0.834516 0.048335
0.834616 0.048335
0.834716 0.048335
0.834815 0.048089
0.834915 0.048089
0.835015 0.048089
0.835114 0.047842
0.835214 0.047842
0.835314 0.047596
0.835413 0.047596
0.835513 0.047596
0.835612 0.047102
0.835712 0.047102
0.835812 0.047102
0.835911 0.047102
0.836011 0.047102
0.836111 0.047102
0.836210 0.047102
0.836310 0.046856
0.836409 0.046609
0.836509 0.046609
0.836609 0.046609
0.836708 0.046609
0.836808 0.046609
0.836908 0.046363
0.837007 0.046363
0.837107 0.046363
0.837207 0.046363
0.837306 0.046363
0.837406 0.046363
0.837505 0.046116
0.837605 0.046116
0.837705 0.046116
0.837804 0.046116
0.837904 0.045869
0.838004 0.045869
0.838103 0.045869
0.838203 0.045869
0.838302 0.045869
0.838402 0.045869
0.838502 0.045869
0.838601 0.045623
0.838701 0.045623
0.838801 0.045623
0.838900 0.045623
0.839000 0.045623
0.839100 0.045376
0.839199 0.045376
0.839299 0.045376
0.839398 0.045376
0.839498 0.045376
0.839598 0.045376
0.839697 0.045376
0.839797 0.045129
0.839897 0.045129
0.839996 0.045129
0.840096 0.044883
0.840196 0.044883
0.840295 0.044883
0.840395 0.044883
0.840494 0.044883
0.840594 0.044883
0.840694 0.044636
0.840793 0.044636
0.840893 0.044636
0.840993 0.044143
0.841092 0.044143
0.841192 0.044143
0.841291 0.043896
0.841391 0.043896
0.841491 0.043896
0.841590 0.043896
0.841690 0.043650
0.841790 0.043650
0.841889 0.043403
0.841989 0.043403
0.842089 0.043403
0.842188 0.043403
0.842288 0.043403
0.842387 0.043403
0.842487 0.043157
0.842587 0.043157
0.842686 0.043157
0.842786 0.043157
0.842886 0.042910
0.842985 0.042910
0.843085 0.042910
0.843184 0.042910
0.843284 0.042910
0.843384 0.042910
0.843483 0.042910
0.843583 0.042663
0.843683 0.042663
0.843782 0.042663
0.843882 0.042663
0.843982 0.042663
0.844081 0.042663
0.844181 0.042663
0.844280 0.042663
0.844380 0.042663
0.844480 0.042663
0.844579 0.042663
0.844679 0.042663
0.844779 0.042663
0.844878 0.042663
0.844978 0.042663
0.845078 0.042663
0.845177 0.042663
0.845277 0.042417
0.845376 0.042417
0.845476 0.042417
0.845576 0.042417
0.845675 0.042417
0.845775 0.042417
0.845875 0.042417
0.845974 0.042417
0.846074 0.042417
0.846173 0.042417
0.846273 0.042417
0.846373 0.042417
0.846472 0.042417
0.846572 0.042417
0.846672 0.042170
0.846771 0.042170
0.846871 0.042170
0.846971 0.042170
0.847070 0.042170
0.847170 0.042170
0.847269 0.042170
0.847369 0.042170
0.847469 0.041924
0.847568 0.041924
0.847668 0.041924
0.847768 0.041677
0.847867 0.041430
0.847967 0.041184
0.848066 0.041184
0.848166 0.041184
0.848266 0.041184
0.848365 0.040937
0.848465 0.040937
0.848565 0.040691
0.848664 0.040691
0.848764 0.040691
0.848864 0.040691
0.848963 0.040691
0.849063 0.040691
0.849162 0.040691
0.849262 0.040691
0.849362 0.040691
0.849461 0.040444
0.849561 0.040444
0.849661 0.040444
0.849760 0.040444
0.849860 0.040444
0.849960 0.040444
0.850059 0.040444
0.850159 0.040444
0.850258 0.040444
0.850358 0.040444
0.850458 0.040444
0.850557 0.040444
0.850657 0.040444
0.850757 0.040444
0.850856 0.040444
0.850956 0.040444
0.851055 0.040444
0.851155 0.040444
0.851255 0.040197
0.851354 0.039951
0.851454 0.039951
0.851554 0.039704
0.851653 0.039704
0.851753 0.039457
0.851853 0.039457
0.851952 0.039211
0.852052 0.038964
0.852151 0.038964
0.852251 0.038964
0.852351 0.038718
0.852450 0.038718
0.852550 0.038718
0.852650 0.038471
0.852749 0.038224
0.852849 0.038224
0.852949 0.038224
0.853048 0.038224
0.853148 0.038224
0.853247 0.038224
0.853347 0.038224
0.853447 0.037978
0.853546 0.037978
0.853646 0.037978
0.853746 0.037978
0.853845 0.037978
0.853945 0.037978
0.854044 0.037978
0.854144 0.037978
0.854244 0.037978
0.854343 0.037978
0.854443 0.037978
0.854543 0.037731
0.854642 0.037731
0.854742 0.037731
0.854842 0.037731
0.854941 0.037731
0.855041 0.037731
0.855140 0.037731
0.855240 0.037731
0.855340 0.037485
0.855439 0.037485
0.855539 0.037485
0.855639 0.037238
0.855738 0.037238
0.855838 0.037238
0.855937 0.036991
0.856037 0.036991
0.856137 0.036991
0.856236 0.036991
0.856336 0.036991
0.856436 0.036991
0.856535 0.036991
0.856635 0.036991
0.856735 0.036991
0.856834 0.036991
0.856934 0.036498
0.857033 0.036498
0.857133 0.036498
0.857233 0.036498
0.857332 0.036498
0.857432 0.036498
0.857532 0.036252
0.857631 0.036005
0.857731 0.036005
0.857831 0.036005
0.857930 0.036005
0.858030 0.036005
0.858129 0.036005
0.858229 0.036005
0.858329 0.036005
0.858428 0.036005
0.858528 0.035758
0.858628 0.035758
0.858727 0.035758
0.858827 0.035758
0.858926 0.035758
0.859026 0.035758
0.859126 0.035758
0.859225 0.035758
0.859325 0.035758
0.859425 0.035758
0.859524 0.035512
0.859624 0.035512
0.859724 0.035512
0.859823 0.035512
0.859923 0.035512
0.860022 0.035512
0.860122 0.035512
0.860222 0.035512
0.860321 0.035265
0.860421 0.035265
0.860521 0.035265
0.860620 0.035265
0.860720 0.035018
0.860819 0.035018
0.860919 0.034772
0.861019 0.034772
0.861118 0.034525
0.861218 0.034525
0.861318 0.034525
0.861417 0.034279
0.861517 0.034279
0.861617 0.034279
0.861716 0.034279
0.861816 0.034279
0.861915 0.034279
0.862015 0.034279
0.862115 0.034279
0.862214 0.034279
0.862314 0.034279
0.862414 0.034279
0.862513 0.034279
0.862613 0.034279
0.862713 0.034279
0.862812 0.034032
0.862912 0.034032
0.863011 0.033785
0.863111 0.033785
0.863211 0.033785
0.863310 0.033539
0.863410 0.033539
0.863510 0.033539
0.863609 0.033539
0.863709 0.033292
0.863808 0.033292
0.863908 0.033292
0.864008 0.033292
0.864107 0.033292
0.864207 0.033292
0.864307 0.033046
0.864406 0.032799
0.864506 0.032799
0.864606 0.032799
0.864705 0.032552
0.864805 0.032552
0.864904 0.032552
0.865004 0.032552
0.865104 0.032552
0.865203 0.032552
0.865303 0.032552
0.865403 0.032552
0.865502 0.032552
0.865602 0.032306
0.865701 0.032306
0.865801 0.032306
0.865901 0.032306
0.866000 0.032306
0.866100 0.032306
0.866200 0.032306
0.866299 0.032306
0.866399 0.032306
0.866499 0.032059
0.866598 0.032059
0.866698 0.032059
0.866797 0.032059
0.866897 0.032059
0.866997 0.032059
0.867096 0.031813
0.867196 0.031813
0.867296 0.031813
0.867395 0.031813
0.867495 0.031813
0.867595 0.031566
0.867694 0.031566
0.867794 0.031566
0.867893 0.031566
0.867993 0.031566
0.868093 0.031566
0.868192 0.031566
0.868292 0.031566
0.868392 0.031566
0.868491 0.031566
0.868591 0.031319
0.868690 0.031319
0.868790 0.031319
0.868890 0.031319
0.868989 0.031319
0.869089 0.031319
0.869189 0.031319
0.869288 0.031319
0.869388 0.031319
0.869488 0.031319
0.869587 0.031319
0.869687 0.031319
0.869786 0.031319
0.869886 0.031073
0.869986 0.031073
0.870085 0.031073
0.870185 0.031073
0.870285 0.030826
0.870384 0.030826
0.870484 0.030826
0.870584 0.030826
0.870683 0.030580
0.870783 0.030580
0.870882 0.030580
0.870982 0.030580
0.871082 0.030580
0.871181 0.030580
0.871281 0.030333
0.871381 0.030333
0.871480 0.030333
0.871580 0.030086
0.871679 0.030086
0.871779 0.030086
0.871879 0.030086
0.871978 0.030086
0.872078 0.030086
0.872178 0.030086
0.872277 0.029840
0.872377 0.029840
0.872477 0.029840
0.872576 0.029840
0.872676 0.029840
0.872775 0.029840
0.872875 0.029840
0.872975 0.029840
0.873074 0.029840
0.873174 0.029840
0.873274 0.029346
0.873373 0.029346
0.873473 0.029346
0.873572 0.029346
0.873672 0.029346
0.873772 0.029346
0.873871 0.029346
0.873971 0.029346
0.874071 0.029346
0.874170 0.029346
0.874270 0.029100
0.874370 0.029100
0.874469 0.029100
0.874569 0.029100
0.874668 0.029100
0.874768 0.029100
0.874868 0.029100
0.874967 0.028853
0.875067 0.028853
0.875167 0.028607
0.875266 0.028607
0.875366 0.028607
0.875466 0.028607
0.875565 0.028607
0.875665 0.028607
0.875764 0.028607
0.875864 0.028360
0.875964 0.028360
0.876063 0.028360
0.876163 0.028360
0.876263 0.028360
0.876362 0.028360
0.876462 0.028360
0.876561 0.028360
0.876661 0.028360
0.876761 0.028360
0.876860 0.028360
0.876960 0.028360
0.877060 0.028360
0.877159 0.028360
0.877259 0.028360
0.877359 0.028360
0.877458 0.028360
0.877558 0.028360
0.877657 0.028360
0.877757 0.028360
0.877857 0.028360
0.877956 0.028113
0.878056 0.027867
0.878156 0.027867
0.878255 0.027867
0.878355 0.027867
0.878454 0.027867
0.878554 0.027867
0.878654 0.027867
0.878753 0.027867
0.878853 0.027867
0.878953 0.027867
0.879052 0.027867
0.879152 0.027867
0.879252 0.027867
0.879351 0.027867
0.879451 0.027620
0.879550 0.027620
0.879650 0.027620
0.879750 0.027620
0.879849 0.027620
0.879949 0.027620
0.880049 0.027620
0.880148 0.027620
0.880248 0.027374
0.880348 0.027374
0.880447 0.027127
0.880547 0.027127
0.880646 0.027127
0.880746 0.027127
0.880846 0.026880
0.880945 0.026634
0.881045 0.026634
0.881145 0.026387
0.881244 0.026387
0.881344 0.026141
0.881443 0.026141
0.881543 0.025894
0.881643 0.025894
0.881742 0.025894
0.881842 0.025647
0.881942 0.025647
0.882041 0.025647
0.882141 0.025647
0.882241 0.025647
0.882340 0.025401
0.882440 0.025401
0.882539 0.025154
0.882639 0.024908
0.882739 0.024908
0.882838 0.024908
0.882938 0.024908
0.883038 0.024908
0.883137 0.024908
0.883237 0.024661
0.883336 0.024661
0.883436 0.024661
0.883536 0.024661
0.883635 0.024661
0.883735 0.024661
0.883835 0.024661
0.883934 0.024661
0.884034 0.024414
0.884134 0.024414
0.884233 0.024414
0.884333 0.024414
0.884432 0.024414
0.884532 0.024168
0.884632 0.024168
0.884731 0.024168
0.884831 0.024168
0.884931 0.024168
0.885030 0.024168
0.885130 0.024168
0.885230 0.024168
0.885329 0.024168
0.885429 0.024168
0.885528 0.024168
0.885628 0.023921
0.885728 0.023921
0.885827 0.023921
0.885927 0.023921
0.886027 0.023921
0.886126 0.023921
0.886226 0.023921
0.886325 0.023921
0.886425 0.023921
0.886525 0.023921
0.886624 0.023674
0.886724 0.023674
0.886824 0.023674
0.886923 0.023674
0.887023 0.023674
0.887123 0.023674
0.887222 0.023181
0.887322 0.023181
0.887421 0.022935
0.887521 0.022935
0.887621 0.022935
0.887720 0.022935
0.887820 0.022935
0.887920 0.022935
0.888019 0.022935
0.888119 0.022935
0.888219 0.022935
0.888318 0.022935
0.888418 0.022688
0.888517 0.022688
0.888617 0.022688
0.888717 0.022688
0.888816 0.022688
0.888916 0.022688
0.889016 0.022441
0.889115 0.022441
0.889215 0.022441
0.889314 0.022441
0.889414 0.022441
0.889514 0.022441
0.889613 0.022441
0.889713 0.022441
0.889813 0.022195
0.889912 0.022195
0.890012 0.022195
0.890112 0.022195
0.890211 0.022195
0.890311 0.022195
0.890410 0.022195
0.890510 0.021948
0.890610 0.021948
0.890709 0.021948
0.890809 0.021948
0.890909 0.021948
0.891008 0.021702
0.891108 0.021702
0.891207 0.021702
0.891307 0.021702
0.891407 0.021702
0.891506 0.021702
0.891606 0.021702
0.891706 0.021702
0.891805 0.021702
0.891905 0.021702
0.892005 0.021702
0.892104 0.021702
0.892204 0.021455
0.892303 0.021455
0.892403 0.021455
0.892503 0.021208
0.892602 0.020715
0.892702 0.020715
0.892802 0.020715
0.892901 0.020715
0.893001 0.020715
0.893101 0.020469
0.893200 0.020469
0.893300 0.020469
0.893399 0.020469
0.893499 0.020222
0.893599 0.020222
0.893698 0.020222
0.893798 0.020222
0.893898 0.020222
0.893997 0.020222
0.894097 0.020222
0.894196 0.020222
0.894296 0.020222
0.894396 0.020222
0.894495 0.020222
0.894595 0.020222
0.894695 0.020222
0.894794 0.020222
0.894894 0.020222
0.894994 0.020222
0.895093 0.019975
0.895193 0.019975
0.895292 0.019975
0.895392 0.019975
0.895492 0.019975
0.895591 0.019975
0.895691 0.019975
0.895791 0.019975
0.895890 0.019975
0.895990 0.019975
0.896089 0.019975
0.896189 0.019975
0.896289 0.019729
0.896388 0.019729
0.896488 0.019482
0.896588 0.019482
0.896687 0.019482
0.896787 0.019482
0.896887 0.019482
0.896986 0.019482
0.897086 0.019482
0.897185 0.019482
0.897285 0.019482
0.897385 0.019482
0.897484 0.019236
0.897584 0.019236
0.897684 0.019236
0.897783 0.019236
0.897883 0.019236
0.897983 0.019236
0.898082 0.019236
0.898182 0.019236
0.898281 0.019236
0.898381 0.019236
0.898481 0.019236
0.898580 0.019236
0.898680 0.019236
0.898780 0.019236
0.898879 0.019236
0.898979 0.019236
0.899078 0.019236
0.899178 0.019236
0.899278 0.019236
0.899377 0.019236
0.899477 0.019236
0.899577 0.019236
0.899676 0.019236
0.899776 0.019236
0.899876 0.019236
0.899975 0.019236
0.900075 0.019236
0.900174 0.019236
0.900274 0.019236
0.900374 0.019236
0.900473 0.019236
0.900573 0.019236
0.900673 0.019236
0.900772 0.019236
0.900872 0.019236
0.900971 0.019236
0.901071 0.019236
0.901171 0.019236
0.901270 0.018989
0.901370 0.018989
0.901470 0.018989
0.901569 0.018989
0.901669 0.018989
0.901769 0.018989
0.901868 0.018989
0.901968 0.018989
0.902067 0.018989
0.902167 0.018989
0.902267 0.018989
0.902366 0.018989
0.902466 0.018989
0.902566 0.018989
0.902665 0.018989
0.902765 0.018742
0.902865 0.018742
0.902964 0.018742
0.903064 0.018742
0.903163 0.018742
0.903263 0.018742
0.903363 0.018742
0.903462 0.018742
0.903562 0.018742
0.903662 0.018742
0.903761 0.018742
0.903861 0.018742
0.903960 0.018742
0.904060 0.018742
0.904160 0.018742
0.904259 0.018742
0.904359 0.018742
0.904459 0.018742
0.904558 0.018496
0.904658 0.018496
0.904758 0.018496
0.904857 0.018496
0.904957 0.018249
0.905056 0.018249
0.905156 0.018249
0.905256 0.018002
0.905355 0.017756
0.905455 0.017756
0.905555 0.017756
0.905654 0.017756
0.905754 0.017756
0.905854 0.017756
0.905953 0.017756
0.906053 0.017756
0.906152 0.017756
0.906252 0.017756
0.906352 0.017756
0.906451 0.017756
0.906551 0.017756
0.906651 0.017756
0.906750 0.017756
0.906850 0.017756
0.906949 0.017756
0.907049 0.017756
0.907149 0.017756
0.907248 0.017756
0.907348 0.017756
0.907448 0.017756
0.907547 0.017756
0.907647 0.017756
0.907747 0.017756
0.907846 0.017756
0.907946 0.017756
0.908045 0.017756
0.908145 0.017756
0.908245 0.017756
0.908344 0.017756
0.908444 0.017756
0.908544 0.017756
0.908643 0.017756
0.908743 0.017756
0.908842 0.017756
0.908942 0.017756
0.909042 0.017756
0.909141 0.017756
0.909241 0.017756
0.909341 0.017509
0.909440 0.017509
0.909540 0.017509
0.909640 0.017509
0.909739 0.017509
0.909839 0.017509
0.909938 0.017509
0.910038 0.017509
0.910138 0.017509
0.910237 0.017509
0.910337 0.017509
0.910437 0.017509
0.910536 0.017509
0.910636 0.017263
0.910736 0.017263
0.910835 0.017263
0.910935 0.017263
0.911034 0.017263
0.911134 0.017263
0.911234 0.017016
0.911333 0.017016
0.911433 0.016769
0.911533 0.016769
0.911632 0.016523
0.911732 0.016523
0.911831 0.016523
0.911931 0.016276
0.912031 0.016276
0.912130 0.016276
0.912230 0.016030
0.912330 0.016030
0.912429 0.016030
0.912529 0.016030
0.912629 0.016030
0.912728 0.016030
0.912828 0.016030
0.912927 0.016030
0.913027 0.015783
0.913127 0.015783
0.913226 0.015783
0.913326 0.015783
0.913426 0.015783
0.913525 0.015783
0.913625 0.015783
0.913724 0.015783
0.913824 0.015783
0.913924 0.015783
0.914023 0.015783
0.914123 0.015783
0.914223 0.015783
0.914322 0.015783
0.914422 0.015783
0.914522 0.015783
0.914621 0.015783
0.914721 0.015783
0.914820 0.015783
0.914920 0.015783
0.915020 0.015783
0.915119 0.015783
0.915219 0.015783
0.915319 0.015783
0.915418 0.015783
0.915518 0.015783
0.915618 0.015783
0.915717 0.015783
0.915817 0.015783
0.915916 0.015783
0.916016 0.015536
0.916116 0.015536
0.916215 0.015536
0.916315 0.015290
0.916415 0.015290
0.916514 0.015290
0.916614 0.015290
0.916713 0.015290
0.916813 0.015290
0.916913 0.014797
0.917012 0.014797
0.917112 0.014797
0.917212 0.014797
0.917311 0.014797
0.917411 0.014797
0.917511 0.014797
0.917610 0.014797
0.917710 0.014797
0.917809 0.014797
0.917909 0.014797
0.918009 0.014797
0.918108 0.014797
0.918208 0.014797
0.918308 0.014797
0.918407 0.014797
0.918507 0.014550
0.918606 0.014550
0.918706 0.014550
0.918806 0.014550
0.918905 0.014303
0.919005 0.014303
0.919105 0.013810
0.919204 0.013810
0.919304 0.013810
0.919404 0.013810
0.919503 0.013810
0.919603 0.013810
0.919702 0.013810
0.919802 0.013564
0.919902 0.013564
0.920001 0.013564
0.920101 0.013564
0.920201 0.013564
0.920300 0.013564
0.920400 0.013564
0.920500 0.013564
0.920599 0.013564
0.920699 0.013564
0.920798 0.013564
0.920898 0.013564
0.920998 0.013564
0.921097 0.013564
0.921197 0.013564
0.921297 0.013564
0.921396 0.013317
0.921496 0.013317
0.921595 0.013317
0.921695 0.013317
0.921795 0.013070
0.921894 0.013070
0.921994 0.013070
0.922094 0.013070
0.922193 0.013070
0.922293 0.013070
0.922393 0.013070
0.922492 0.012824
0.922592 0.012824
0.922691 0.012577
0.922791 0.012577
0.922891 0.012577
0.922990 0.012577
0.923090 0.012577
0.923190 0.012330
0.923289 0.012330
0.923389 0.012330
0.923488 0.012330
0.923588 0.012330
0.923688 0.012084
0.923787 0.012084
0.923887 0.012084
0.923987 0.012084
0.924086 0.012084
0.924186 0.011837
0.924286 0.011837
0.924385 0.011837
0.924485 0.011591
0.924584 0.011591
0.924684 0.011591
0.924784 0.011591
0.924883 0.011591
0.924983 0.011591
0.925083 0.011591
0.925182 0.011591
0.925282 0.011591
0.925382 0.011591
0.925481 0.011344
0.925581 0.011344
0.925680 0.011344
0.925780 0.011344
0.925880 0.011344
0.925979 0.011097
0.926079 0.010851
0.926179 0.010851
0.926278 0.010851
0.926378 0.010851
0.926477 0.010604
0.926577 0.010604
0.926677 0.010604
0.926776 0.010604
0.926876 0.010604
0.926976 0.010604
0.927075 0.010604
0.927175 0.010111
0.927275 0.010111
0.927374 0.010111
0.927474 0.010111
0.927573 0.010111
0.927673 0.009618
0.927773 0.009618
0.927872 0.009618
0.927972 0.009618
0.928072 0.009618
0.928171 0.009618
0.928271 0.009618
0.928371 0.009618
0.928470 0.009618
0.928570 0.009618
0.928669 0.009618
0.928769 0.009618
0.928869 0.009618
0.928968 0.009618
0.929068 0.009618
0.929168 0.009618
0.929267 0.009618
0.929367 0.009618
0.929466 0.009371
0.929566 0.009371
0.929666 0.009125
0.929765 0.009125
0.929865 0.009125
0.929965 0.009125
0.930064 0.009125
0.930164 0.009125
0.930264 0.009125
0.930363 0.009125
0.930463 0.009125
0.930562 0.009125
0.930662 0.009125
0.930762 0.009125
0.930861 0.009125
0.930961 0.009125
0.931061 0.009125
0.931160 0.009125
0.931260 0.009125
0.931359 0.009125
0.931459 0.009125
0.931559 0.009125
0.931658 0.009125
0.931758 0.009125
0.931858 0.009125
0.931957 0.009125
0.932057 0.009125
0.932157 0.009125
0.932256 0.009125
0.932356 0.008878
0.932455 0.008878
0.932555 0.008878
0.932655 0.008878
0.932754 0.008631
0.932854 0.008631
0.932954 0.008631
0.933053 0.008631
0.933153 0.008631
0.933253 0.008631
0.933352 0.008631
0.933452 0.008631
0.933551 0.008631
0.933651 0.008631
0.933751 0.008385
0.933850 0.008385
0.933950 0.008385
0.934050 0.008385
0.934149 0.008385
0.934249 0.008385
0.934348 0.008385
0.934448 0.008385
0.934548 0.008385
0.934647 0.008385
0.934747 0.008385
0.934847 0.008385
0.934946 0.008385
0.935046 0.008385
0.935146 0.008138
0.935245 0.008138
0.935345 0.008138
0.935444 0.008138
0.935544 0.008138
0.935644 0.008138
0.935743 0.008138
0.935843 0.007891
0.935943 0.007891
0.936042 0.007891
0.936142 0.007891
0.936241 0.007645
0.936341 0.007645
0.936441 0.007645
0.936540 0.007645
0.936640 0.007645
0.936740 0.007645
0.936839 0.007645
0.936939 0.007645
0.937039 0.007645
0.937138 0.007645
0.937238 0.007398
0.937337 0.007398
0.937437 0.007398
0.937537 0.007398
0.937636 0.007398
0.937736 0.007398
0.937836 0.007398
0.937935 0.007398
0.938035 0.007398
0.938135 0.007398
0.938234 0.007398
0.938334 0.007398
0.938433 0.007398
0.938533 0.007398
0.938633 0.007398
0.938732 0.007398
0.938832 0.007398
0.938932 0.007398
0.939031 0.007398
0.939131 0.007398
0.939230 0.007398
0.939330 0.007398
0.939430 0.007398
0.939529 0.007398
0.939629 0.007398
0.939729 0.007398
0.939828 0.007398
0.939928 0.007398
0.940028 0.007398
0.940127 0.007398
0.940227 0.007398
0.940326 0.007398
0.940426 0.007398
0.940526 0.007398
0.940625 0.007398
0.940725 0.007152
0.940825 0.007152
0.940924 0.007152
0.941024 0.007152
0.941123 0.007152
0.941223 0.007152
0.941323 0.006905
0.941422 0.006905
0.941522 0.006905
0.941622 0.006905
0.941721 0.006905
0.941821 0.006905
0.941921 0.006905
0.942020 0.006905
0.942120 0.006905
0.942219 0.006905
0.942319 0.006905
0.942419 0.006905
0.942518 0.006905
0.942618 0.006905
0.942718 0.006905
0.942817 0.006658
0.942917 0.006658
0.943017 0.006658
0.943116 0.006658
0.943216 0.006658
0.943315 0.006658
0.943415 0.006658
0.943515 0.006658
0.943614 0.006658
0.943714 0.006658
0.943814 0.006658
0.943913 0.006658
0.944013 0.006658
0.944112 0.006658
0.944212 0.006658
0.944312 0.006658
0.944411 0.006658
0.944511 0.006658
0.944611 0.006658
0.944710 0.006658
0.944810 0.006658
0.944910 0.006658
0.945009 0.006658
0.945109 0.006658
0.945208 0.006658
0.945308 0.006658
0.945408 0.006658
0.945507 0.006658
0.945607 0.006658
0.945707 0.006658
0.945806 0.006658
0.945906 0.006658
0.946006 0.006658
0.946105 0.006658
0.946205 0.006658
0.946304 0.006658
0.946404 0.006658
0.946504 0.006658
0.946603 0.006658
0.946703 0.006658
0.946803 0.006658
0.946902 0.006658
0.947002 0.006412
0.947101 0.006412
0.947201 0.006412
0.947301 0.006412
0.947400 0.006412
0.947500 0.006412
0.947600 0.006412
0.947699 0.006412
0.947799 0.006165
0.947899 0.006165
0.947998 0.005919
0.948098 0.005919
0.948197 0.005919
0.948297 0.005919
0.948397 0.005919
0.948496 0.005919
0.948596 0.005919
0.948696 0.005919
0.948795 0.005919
0.948895 0.005919
0.948994 0.005672
0.949094 0.005672
0.949194 0.005672
0.949293 0.005672
0.949393 0.005672
0.949493 0.005672
0.949592 0.005672
0.949692 0.005672
0.949792 0.005672
0.949891 0.005672
0.949991 0.005672
0.950090 0.005425
0.950190 0.005425
0.950290 0.005425
0.950389 0.005425
0.950489 0.005425
0.950589 0.005425
0.950688 0.005425
0.950788 0.005425
0.950888 0.005425
0.950987 0.005179
0.951087 0.005179
0.951186 0.005179
0.951286 0.005179
0.951386 0.005179
0.951485 0.005179
0.951585 0.005179
0.951685 0.005179
0.951784 0.004932
0.951884 0.004932
0.951983 0.004932
0.952083 0.004932
0.952183 0.004932
0.952282 0.004932
0.952382 0.004932
0.952482 0.004932
0.952581 0.004932
0.952681 0.004932
0.952781 0.004932
0.952880 0.004932
0.952980 0.004932
0.953079 0.004686
0.953179 0.004686
0.953279 0.004686
0.953378 0.004686
0.953478 0.004686
0.953578 0.004686
0.953677 0.004686
0.953777 0.004686
0.953876 0.004439
0.953976 0.004439
0.954076 0.004439
0.954175 0.004439
0.954275 0.004192
0.954375 0.004192
0.954474 0.004192
0.954574 0.004192
0.954674 0.004192
0.954773 0.004192
0.954873 0.004192
0.954972 0.004192
0.955072 0.004192
0.955172 0.004192
0.955271 0.004192
0.955371 0.004192
0.955471 0.004192
0.955570 0.004192
0.955670 0.004192
0.955770 0.004192
0.955869 0.004192
0.955969 0.004192
0.956068 0.004192
0.956168 0.004192
0.956268 0.004192
0.956367 0.004192
0.956467 0.004192
0.956567 0.004192
0.956666 0.004192
0.956766 0.003946
0.956865 0.003946
0.956965 0.003946
0.957065 0.003946
0.957164 0.003946
0.957264 0.003946
0.957364 0.003946
0.957463 0.003946
0.957563 0.003946
0.957663 0.003946
0.957762 0.003946
0.957862 0.003946
0.957961 0.003946
0.958061 0.003946
0.958161 0.003946
0.958260 0.003946
0.958360 0.003946
0.958460 0.003946
0.958559 0.003946
0.958659 0.003946
0.958758 0.003946
0.958858 0.003946
0.958958 0.003946
0.959057 0.003946
0.959157 0.003946
0.959257 0.003946
0.959356 0.003946
0.959456 0.003946
0.959556 0.003699
0.959655 0.003699
0.959755 0.003699
0.959854 0.003699
0.959954 0.003699
0.960054 0.003699
0.960153 0.003699
0.960253 0.003699
0.960353 0.003699
0.960452 0.003699
0.960552 0.003699
0.960652 0.003699
0.960751 0.003699
0.960851 0.003699
0.960950 0.003699
0.961050 0.003699
0.961150 0.003699
0.961249 0.003699
0.961349 0.003699
0.961449 0.003699
0.961548 0.003699
0.961648 0.003699
0.961747 0.003699
0.961847 0.003699
0.961947 0.003699
0.962046 0.003699
0.962146 0.003699
0.962246 0.003699
0.962345 0.003699
0.962445 0.003699
0.962545 0.003699
0.962644 0.003699
0.962744 0.003699
0.962843 0.003699
0.962943 0.003699
0.963043 0.003699
0.963142 0.003699
0.963242 0.003699
0.963342 0.003699
0.963441 0.003699
0.963541 0.003699
0.963641 0.003699
0.963740 0.003699
0.963840 0.003699
0.963939 0.003699
0.964039 0.003699
0.964139 0.003699
0.964238 0.003699
0.964338 0.003699
0.964438 0.003699
0.964537 0.003699
0.964637 0.003699
0.964736 0.003699
0.964836 0.003699
0.964936 0.003699
0.965035 0.003699
0.965135 0.003699
0.965235 0.003699
0.965334 0.003699
0.965434 0.003699
0.965534 0.003699
0.965633 0.003699
0.965733 0.003699
0.965832 0.003699
0.965932 0.003699
0.966032 0.003699
0.966131 0.003699
0.966231 0.003699
0.966331 0.003699
0.966430 0.003699
0.966530 0.003699
0.966629 0.003699
0.966729 0.003699
0.966829 0.003453
0.966928 0.003453
0.967028 0.003453
0.967128 0.003453
0.967227 0.003453
0.967327 0.003453
0.967427 0.003453
0.967526 0.003453
0.967626 0.003453
0.967725 0.003453
0.967825 0.003453
0.967925 0.003453
0.968024 0.003453
0.968124 0.003453
0.968224 0.003453
0.968323 0.003453
0.968423 0.003453
0.968523 0.003206
0.968622 0.003206
0.968722 0.003206
0.968821 0.003206
0.968921 0.003206
0.969021 0.003206
0.969120 0.003206
0.969220 0.003206
0.969320 0.003206
0.969419 0.003206
0.969519 0.003206
0.969618 0.003206
0.969718 0.003206
0.969818 0.003206
0.969917 0.003206
0.970017 0.003206
0.970117 0.003206
0.970216 0.003206
0.970316 0.003206
0.970416 0.003206
0.970515 0.003206
0.970615 0.003206
0.970714 0.003206
0.970814 0.003206
0.970914 0.003206
0.971013 0.003206
0.971113 0.003206
0.971213 0.003206
0.971312 0.003206
0.971412 0.003206
0.971511 0.003206
0.971611 0.003206
0.971711 0.003206
0.971810 0.003206
0.971910 0.003206
0.972010 0.003206
0.972109 0.003206
0.972209 0.003206
0.972309 0.003206
0.972408 0.003206
0.972508 0.003206
0.972607 0.003206
0.972707 0.003206
0.972807 0.003206
0.972906 0.003206
0.973006 0.003206
0.973106 0.002959
0.973205 0.002959
0.973305 0.002959
0.973405 0.002959
0.973504 0.002959
0.973604 0.002959
0.973703 0.002959
0.973803 0.002959
0.973903 0.002959
0.974002 0.002959
0.974102 0.002713
0.974202 0.002713
0.974301 0.002713
0.974401 0.002713
0.974500 0.002713
0.974600 0.002713
0.974700 0.002713
0.974799 0.002713
0.974899 0.002713
0.974999 0.002713
0.975098 0.002713
0.975198 0.002713
0.975298 0.002713
0.975397 0.002713
0.975497 0.002713
0.975596 0.002466
0.975696 0.002219
0.975796 0.002219
0.975895 0.002219
0.975995 0.002219
0.976095 0.002219
0.976194 0.002219
0.976294 0.001973
0.976393 0.001973
0.976493 0.001973
0.976593 0.001480
0.976692 0.001480
0.976792 0.001480
0.976892 0.001480
0.976991 0.001480
0.977091 0.000986
0.977191 0.000986
0.977290 0.000986
0.977390 0.000986
0.977489 0.000986
0.977589 0.000986
0.977689 0.000986
0.977788 0.000986
0.977888 0.000986
0.977988 0.000986
0.978087 0.000986
0.978187 0.000986
0.978287 0.000986
0.978386 0.000986
0.978486 0.000986
0.978585 0.000986
0.978685 0.000986
0.978785 0.000986
0.978884 0.000986
0.978984 0.000986
0.979084 0.000986
0.979183 0.000986
0.979283 0.000986
0.979382 0.000986
0.979482 0.000986
0.979582 0.000986
0.979681 0.000986
0.979781 0.000986
0.979881 0.000986
0.979980 0.000986
0.980080 0.000986
0.980180 0.000986
0.980279 0.000986
0.980379 0.000986
0.980478 0.000986
0.980578 0.000986
0.980678 0.000986
0.980777 0.000740
0.980877 0.000740
0.980977 0.000740
0.981076 0.000740
0.981176 0.000740
0.981276 0.000740
0.981375 0.000740
0.981475 0.000740
0.981574 0.000740
0.981674 0.000740
0.981774 0.000740
0.981873 0.000740
0.981973 0.000740
0.982073 0.000740
0.982172 0.000493
0.982272 0.000493
0.982371 0.000493
0.982471 0.000493
0.982571 0.000493
0.982670 0.000493
0.982770 0.000493
0.982870 0.000493
0.982969 0.000493
0.983069 0.000493
0.983169 0.000493
0.983268 0.000493
0.983368 0.000493
0.983467 0.000493
0.983567 0.000493
0.983667 0.000493
0.983766 0.000493
0.983866 0.000493
0.983966 0.000493
0.984065 0.000493
0.984165 0.000493
0.984264 0.000493
0.984364 0.000493
0.984464 0.000493
0.984563 0.000493
0.984663 0.000493
0.984763 0.000493
0.984862 0.000493
0.984962 0.000493
0.985062 0.000493
0.985161 0.000493
0.985261 0.000493
0.985360 0.000493
0.985460 0.000493
0.985560 0.000493
0.985659 0.000493
0.985759 0.000493
0.985859 0.000493
0.985958 0.000493
0.986058 0.000493
0.986158 0.000493
0.986257 0.000493
0.986357 0.000493
0.986456 0.000493
0.986556 0.000493
0.986656 0.000493
0.986755 0.000493
0.986855 0.000493
0.986955 0.000493
0.987054 0.000493
0.987154 0.000493
0.987253 0.000493
0.987353 0.000493
0.987453 0.000493
0.987552 0.000493
0.987652 0.000493
0.987752 0.000493
0.987851 0.000247
0.987951 0.000247
0.988051 0.000247
0.988150 0.000247
0.988250 0.000247
0.988349 0.000247
0.988449 0.000247
0.988549 0.000247
0.988648 0.000247
0.988748 0.000247
0.988848 0.000247
0.988947 0.000247
0.989047 0.000000
0.989146 0.000000
0.989246 0.000000
0.989346 0.000000
0.989445 0.000000
0.989545 0.000000
0.989645 0.000000
0.989744 0.000000
0.989844 0.000000
0.989944 0.000000
0.990043 0.000000
0.990143 0.000000
0.990242 0.000000
0.990342 0.000000
0.990442 0.000000
0.990541 0.000000
0.990641 0.000000
0.990741 0.000000
0.990840 0.000000
0.990940 0.000000
0.991040 0.000000
0.991139 0.000000
0.991239 0.000000
0.991338 0.000000
0.991438 0.000000
0.991538 0.000000
0.991637 0.000000
0.991737 0.000000
0.991837 0.000000
0.991936 0.000000
0.992036 0.000000
0.992135 0.000000
0.992235 0.000000
0.992335 0.000000
0.992434 0.000000
0.992534 0.000000
0.992634 0.000000
0.992733 0.000000
0.992833 0.000000
0.992933 0.000000
0.993032 0.000000
0.993132 0.000000
0.993231 0.000000
0.993331 0.000000
0.993431 0.000000
0.993530 0.000000
0.993630 0.000000
0.993730 0.000000
0.993829 0.000000
0.993929 0.000000
0.994028 0.000000
0.994128 0.000000
0.994228 0.000000
0.994327 0.000000
0.994427 0.000000
0.994527 0.000000
0.994626 0.000000
0.994726 0.000000
0.994826 0.000000
0.994925 0.000000
0.995025 0.000000
0.995124 0.000000
0.995224 0.000000
0.995324 0.000000
0.995423 0.000000
0.995523 0.000000
0.995623 0.000000
0.995722 0.000000
0.995822 0.000000
0.995922 0.000000
0.996021 0.000000
0.996121 0.000000
0.996220 0.000000
0.996320 0.000000
0.996420 0.000000
0.996519 0.000000
0.996619 0.000000
0.996719 0.000000
0.996818 0.000000
0.996918 0.000000
