# Threshold Efficiency
0.000731 1.000000
0.000831 1.000000
0.000930 1.000000
0.001029 1.000000
0.001129 1.000000
0.001228 1.000000
0.001327 1.000000
0.001427 1.000000
0.001526 1.000000
0.001625 1.000000
0.001725 1.000000
0.001824 1.000000
0.001923 1.000000
0.002023 1.000000
0.002122 1.000000
0.002221 1.000000
0.002321 1.000000
0.002420 1.000000
0.002519 1.000000
0.002619 1.000000
0.002718 1.000000
0.002817 1.000000
0.002917 1.000000
0.003016 1.000000
0.003115 1.000000
0.003215 1.000000
0.003314 1.000000
0.003413 1.000000
0.003513 1.000000
0.003612 1.000000
0.003711 1.000000
0.003811 1.000000
0.003910 1.000000
0.004009 1.000000
0.004109 1.000000
0.004208 1.000000
0.004307 1.000000
0.004407 1.000000
0.004506 1.000000
0.004605 1.000000
0.004705 1.000000
0.004804 1.000000
0.004903 1.000000
0.005003 1.000000
0.005102 1.000000
0.005201 1.000000
0.005301 1.000000
0.005400 1.000000
0.005499 0.999704
0.005599 0.999704
0.005698 0.999704
0.005797 0.999704
0.005897 0.999704
0.005996 0.999704
0.006095 0.999704
0.006195 0.999704
0.006294 0.999704
0.006394 0.999704
0.006493 0.999704
0.006592 0.999704
0.006692 0.999704
0.006791 0.999704
0.006890 0.999704
0.006990 0.999704
0.007089 0.999704
0.007188 0.999704
0.007288 0.999704
0.007387 0.999704
0.007486 0.999704
0.007586 0.999704
0.007685 0.999704
0.007784 0.999704
0.007884 0.999704
0.007983 0.999704
0.008082 0.999704
0.008182 0.999409
0.008281 0.999409
0.008380 0.999409
0.008480 0.999409
0.008579 0.999409
0.008678 0.999409
0.008778 0.999409
0.008877 0.999409
0.008976 0.999409
0.009076 0.999409
0.009175 0.999409
0.009274 0.999409
0.009374 0.999409
0.009473 0.999409
0.009572 0.999409
0.009672 0.999409
0.009771 0.999409
0.009870 0.999409
0.009970 0.999409
0.010069 0.999409
0.010168 0.999409
0.010268 0.999409
0.010367 0.999409
0.010466 0.999409
0.010566 0.999409
0.010665 0.999409
0.010764 0.999409
0.010864 0.999409
0.010963 0.999409
0.011062 0.999409
0.011162 0.999409
0.011261 0.999409
0.011360 0.999409
0.011460 0.999409
0.011559 0.999409
0.011658 0.999409
0.011758 0.999409
0.011857 0.999409
0.011956 0.999409
0.012056 0.999409
0.012155 0.999409
0.012254 0.999409
0.012354 0.999409
0.012453 0.999409
0.012552 0.999409
0.012652 0.999409
0.012751 0.999409
0.012850 0.999409
0.012950 0.999409
0.013049 0.999409
0.013148 0.999409
0.013248 0.999409
0.013347 0.999409
0.013446 0.999409
0.013546 0.999409
0.013645 0.999409
0.013744 0.999409
0.013844 0.999409
0.013943 0.999409
0.014043 0.999409
0.014142 0.999409
0.014241 0.999409
0.014341 0.999409
0.014440 0.999409
0.014539 0.999409
0.014639 0.999409
0.014738 0.999409
0.014837 0.999409
0.014937 0.999409
0.015036 0.999409
0.015135 0.999409
0.015235 0.999409
0.015334 0.999409
0.015433 0.999409
0.015533 0.999409
0.015632 0.999409
0.015731 0.999409
0.015831 0.999409
0.015930 0.999409
0.016029 0.999409
0.016129 0.999409
0.016228 0.999409
0.016327 0.999409
0.016427 0.999409
0.016526 0.999409
0.016625 0.999409
0.016725 0.999409
0.016824 0.999409
0.016923 0.999409
0.017023 0.999409
0.017122 0.999409
0.017221 0.999409
0.017321 0.999409
0.017420 0.999409
0.017519 0.999409
0.017619 0.999409
0.017718 0.999409
0.017817 0.999409
0.017917 0.999409
0.018016 0.999409
0.018115 0.999409
0.018215 0.999409
0.018314 0.999409
0.018413 0.999409
0.018513 0.999409
0.018612 0.999409
0.018711 0.999409
0.018811 0.999409
0.018910 0.999409
0.019009 0.999409
0.019109 0.999409
0.019208 0.999409
0.019307 0.999409
0.019407 0.999409
0.019506 0.999409
0.019605 0.999409
0.019705 0.999409
0.019804 0.999409
0.019903 0.999409
0.020003 0.999409
0.020102 0.999409
0.020201 0.999409
0.020301 0.999409
0.020400 0.999409
0.020499 0.999409
0.020599 0.999409
0.020698 0.999409
0.020797 0.999409
0.020897 0.999409
0.020996 0.999409
0.021095 0.999409
0.021195 0.999409
0.021294 0.999409
0.021393 0.999409
0.021493 0.999409
0.021592 0.999409
0.021691 0.999409
0.021791 0.999409
0.021890 0.999409
0.021990 0.999409
0.022089 0.999409
0.022188 0.999409
0.022288 0.999409
0.022387 0.999409
0.022486 0.999409
0.022586 0.999409
0.022685 0.999409
0.022784 0.999409
0.022884 0.999409
0.022983 0.999409
0.023082 0.999409
0.023182 0.999409
0.023281 0.999409
0.023380 0.999409
0.023480 0.999409
0.023579 0.999409
0.023678 0.999409
0.023778 0.999409
0.023877 0.999409
0.023976 0.999409
0.024076 0.999409
0.024175 0.999409
0.024274 0.999409
0.024374 0.999409
0.024473 0.999409
0.024572 0.999409
0.024672 0.999409
0.024771 0.999409
0.024870 0.999409
0.024970 0.999409
0.025069 0.999409
0.025168 0.999409
0.025268 0.999409
0.025367 0.999409
0.025466 0.999409
0.025566 0.999409
0.025665 0.999409
0.025764 0.999409
0.025864 0.999409
0.025963 0.999409
0.026062 0.999409
0.026162 0.999409
0.026261 0.999409
0.026360 0.999409
0.026460 0.999409
0.026559 0.999409
0.026658 0.999409
0.026758 0.999409
0.026857 0.999409
0.026956 0.999409
0.027056 0.999409
0.027155 0.999409
0.027254 0.999409
0.027354 0.999409
0.027453 0.999409
0.027552 0.999409
0.027652 0.999409
0.027751 0.999409
0.027850 0.999409
0.027950 0.999409
0.028049 0.999409
0.028148 0.999409
0.028248 0.999409
0.028347 0.999409
0.028446 0.999409
0.028546 0.999409
0.028645 0.999409
0.028744 0.999409
0.028844 0.999409
0.028943 0.999409
0.029042 0.999409
0.029142 0.999409
0.029241 0.999409
0.029340 0.999409
0.029440 0.999409
0.029539 0.999409
0.029639 0.999409
0.029738 0.999113
0.029837 0.999113
0.029937 0.999113
0.030036 0.999113
0.030135 0.999113
0.030235 0.999113
0.030334 0.999113
0.030433 0.998818
0.030533 0.998818
0.030632 0.998818
0.030731 0.998818
0.030831 0.998818
0.030930 0.998818
0.031029 0.998818
0.031129 0.998818
0.031228 0.998818
0.031327 0.998522
0.031427 0.998522
0.031526 0.998522
0.031625 0.998522
0.031725 0.998522
0.031824 0.998522
0.031923 0.998522
0.032023 0.998522
0.032122 0.998522
0.032221 0.998522
0.032321 0.998522
0.032420 0.998522
0.032519 0.998522
0.032619 0.998522
0.032718 0.998522
0.032817 0.998522
0.032917 0.998522
0.033016 0.998522
0.033115 0.998522
0.033215 0.998522
0.033314 0.998522
0.033413 0.998522
0.033513 0.998522
0.033612 0.998522
0.033711 0.998522
0.033811 0.998522
0.033910 0.998522
0.034009 0.998522
0.034109 0.998522
0.034208 0.998522
0.034307 0.998522
0.034407 0.998522
0.034506 0.998522
0.034605 0.998522
0.034705 0.998522
0.034804 0.998522
0.034903 0.998522
0.035003 0.998522
0.035102 0.998522
0.035201 0.998522
0.035301 0.998522
0.035400 0.998227
0.035499 0.998227
0.035599 0.998227
0.035698 0.998227
0.035797 0.998227
0.035897 0.998227
0.035996 0.998227
0.036095 0.998227
0.036195 0.998227
0.036294 0.998227
0.036393 0.998227
0.036493 0.998227
0.036592 0.998227
0.036691 0.998227
0.036791 0.998227
0.036890 0.998227
0.036989 0.998227
0.037089 0.998227
0.037188 0.998227
0.037287 0.998227
0.037387 0.998227
0.037486 0.998227
0.037586 0.997931
0.037685 0.997931
0.037784 0.997931
0.037884 0.997931
0.037983 0.997931
0.038082 0.997931
0.038182 0.997931
0.038281 0.997931
0.038380 0.997931
0.038480 0.997931
0.038579 0.997931
0.038678 0.997931
0.038778 0.997931
0.038877 0.997931
0.038976 0.997931
0.039076 0.997931
0.039175 0.997931
0.039274 0.997931
0.039374 0.997931
0.039473 0.997931
0.039572 0.997931
0.039672 0.997931
0.039771 0.997931
0.039870 0.997931
0.039970 0.997931
0.040069 0.997931
0.040168 0.997636
0.040268 0.997636
0.040367 0.997636
0.040466 0.997636
0.040566 0.997636
0.040665 0.997636
0.040764 0.997636
0.040864 0.997636
0.040963 0.997636
0.041062 0.997636
0.041162 0.997636
0.041261 0.997636
0.041360 0.997636
0.041460 0.997636
0.041559 0.997636
0.041658 0.997636
0.041758 0.997636
0.041857 0.997636
0.041956 0.997636
0.042056 0.997636
0.042155 0.997636
0.042254 0.997636
0.042354 0.997636
0.042453 0.997636
0.042552 0.997636
0.042652 0.997636
0.042751 0.997340
0.042850 0.997340
0.042950 0.997340
0.043049 0.997340
0.043148 0.997340
0.043248 0.997340
0.043347 0.997340
0.043446 0.997340
0.043546 0.997340
0.043645 0.997340
0.043744 0.997045
0.043844 0.997045
0.043943 0.997045
0.044042 0.997045
0.044142 0.997045
0.044241 0.997045
0.044340 0.997045
0.044440 0.997045
0.044539 0.997045
0.044638 0.996749
0.044738 0.996749
0.044837 0.996749
0.044936 0.996749
0.045036 0.996749
0.045135 0.996749
0.045235 0.996749
0.045334 0.996749
0.045433 0.996749
0.045533 0.996749
0.045632 0.996749
0.045731 0.996454
0.045831 0.996454
0.045930 0.996454
0.046029 0.996454
0.046129 0.996454
0.046228 0.996454
0.046327 0.996454
0.046427 0.996454
0.046526 0.996454
0.046625 0.996454
0.046725 0.996454
0.046824 0.996454
0.046923 0.996454
0.047023 0.996454
0.047122 0.996454
0.047221 0.996454
0.047321 0.996454
0.047420 0.996454
0.047519 0.996454
0.047619 0.996454
0.047718 0.996454
0.047817 0.996454
0.047917 0.996454
0.048016 0.996454
0.048115 0.996454
0.048215 0.996454
0.048314 0.996454
0.048413 0.996454
0.048513 0.996454
0.048612 0.996454
0.048711 0.996454
0.048811 0.996454
0.048910 0.996454
0.049009 0.996454
0.049109 0.996454
0.049208 0.996454
0.049307 0.996454
0.049407 0.996454
0.049506 0.996454
0.049605 0.996454
0.049705 0.996454
0.049804 0.996454
0.049903 0.996454
0.050003 0.996454
0.050102 0.996454
0.050201 0.996454
0.050301 0.996454
0.050400 0.996454
0.050499 0.996454
0.050599 0.996454
0.050698 0.996454
0.050797 0.996454
0.050897 0.996454
0.050996 0.996454
0.051095 0.996158
0.051195 0.996158
0.051294 0.996158
0.051393 0.996158
0.051493 0.996158
0.051592 0.996158
0.051691 0.996158
0.051791 0.996158
0.051890 0.996158
0.051989 0.996158
0.052089 0.996158
0.052188 0.996158
0.052287 0.996158
0.052387 0.996158
0.052486 0.996158
0.052585 0.996158
0.052685 0.996158
0.052784 0.996158
0.052883 0.996158
0.052983 0.996158
0.053082 0.995863
0.053182 0.995863
0.053281 0.995863
0.053380 0.995863
0.053480 0.995863
0.053579 0.995863
0.053678 0.995863
0.053778 0.995863
0.053877 0.995863
0.053976 0.995863
0.054076 0.995863
0.054175 0.995863
0.054274 0.995863
0.054374 0.995863
0.054473 0.995863
0.054572 0.995863
0.054672 0.995863
0.054771 0.995863
0.054870 0.995863
0.054970 0.995863
0.055069 0.995863
0.055168 0.995863
0.055268 0.995863
0.055367 0.995863
0.055466 0.995863
0.055566 0.995863
0.055665 0.995863
0.055764 0.995567
0.055864 0.995567
0.055963 0.995567
0.056062 0.995567
0.056162 0.995567
0.056261 0.995567
0.056360 0.995567
0.056460 0.995567
0.056559 0.995567
0.056658 0.995567
0.056758 0.995567
0.056857 0.995567
0.056956 0.995567
0.057056 0.995567
0.057155 0.995567
0.057254 0.995567
0.057354 0.995567
0.057453 0.995567
0.057552 0.995567
0.057652 0.995567
0.057751 0.995567
0.057850 0.995567
0.057950 0.995567
0.058049 0.995567
0.058148 0.995272
0.058248 0.995272
0.058347 0.995272
0.058446 0.995272
0.058546 0.995272
0.058645 0.994976
0.058744 0.994976
0.058844 0.994976
0.058943 0.994976
0.059042 0.994976
0.059142 0.994976
0.059241 0.994976
0.059340 0.994976
0.059440 0.994976
0.059539 0.994976
0.059638 0.994976
0.059738 0.994976
0.059837 0.994976
0.059936 0.994976
0.060036 0.994976
0.060135 0.994976
0.060234 0.994976
0.060334 0.994976
0.060433 0.994976
0.060532 0.994976
0.060632 0.994976
0.060731 0.994976
0.060831 0.994976
0.060930 0.994976
0.061029 0.994976
0.061129 0.994976
0.061228 0.994976
0.061327 0.994976
0.061427 0.994976
0.061526 0.994681
0.061625 0.994681
0.061725 0.994681
0.061824 0.994681
0.061923 0.994681
0.062023 0.994681
0.062122 0.994681
0.062221 0.994681
0.062321 0.994681
0.062420 0.994681
0.062519 0.994681
0.062619 0.994681
0.062718 0.994681
0.062817 0.994681
0.062917 0.994681
0.063016 0.994681
0.063115 0.994681
0.063215 0.994681
0.063314 0.994681
0.063413 0.994681
0.063513 0.994681
0.063612 0.994681
0.063711 0.994681
0.063811 0.994681
0.063910 0.994681
0.064009 0.994681
0.064109 0.994681
0.064208 0.994681
0.064307 0.994681
0.064407 0.994681
0.064506 0.994681
0.064605 0.994681
0.064705 0.994681
0.064804 0.994681
0.064903 0.994681
0.065003 0.994681
0.065102 0.994681
0.065201 0.994681
0.065301 0.994681
0.065400 0.994681
0.065499 0.994681
0.065599 0.994681
0.065698 0.994681
0.065797 0.994385
0.065897 0.994385
0.065996 0.994385
0.066095 0.994385
0.066195 0.994385
0.066294 0.994385
0.066393 0.994385
0.066493 0.994385
0.066592 0.994385
0.066691 0.994385
0.066791 0.994385
0.066890 0.994385
0.066989 0.994385
0.067089 0.994385
0.067188 0.994385
0.067287 0.994385
0.067387 0.994385
0.067486 0.994385
0.067585 0.994385
0.067685 0.994385
0.067784 0.994385
0.067883 0.994385
0.067983 0.994090
0.068082 0.994090
0.068181 0.994090
0.068281 0.994090
0.068380 0.994090
0.068479 0.994090
0.068579 0.994090
0.068678 0.994090
0.068778 0.994090
0.068877 0.994090
0.068976 0.994090
0.069076 0.994090
0.069175 0.994090
0.069274 0.994090
0.069374 0.994090
0.069473 0.993794
0.069572 0.993794
0.069672 0.993794
0.069771 0.993794
0.069870 0.993794
0.069970 0.993794
0.070069 0.993794
0.070168 0.993794
0.070268 0.993794
0.070367 0.993794
0.070466 0.993794
0.070566 0.993794
0.070665 0.993499
0.070764 0.993499
0.070864 0.993499
0.070963 0.993499
0.071062 0.993499
0.071162 0.993499
0.071261 0.993499
0.071360 0.993499
0.071460 0.993499
0.071559 0.993499
0.071658 0.993499
0.071758 0.993499
0.071857 0.993499
0.071956 0.993499
0.072056 0.993499
0.072155 0.993499
0.072254 0.993499
0.072354 0.993499
0.072453 0.993499
0.072552 0.993499
0.072652 0.993499
0.072751 0.993499
0.072850 0.993499
0.072950 0.993499
0.073049 0.993499
0.073148 0.993499
0.073248 0.993499
0.073347 0.993499
0.073446 0.993499
0.073546 0.993499
0.073645 0.993499
0.073744 0.993499
0.073844 0.993499
0.073943 0.993499
0.074042 0.993499
0.074142 0.993499
0.074241 0.993499
0.074340 0.993499
0.074440 0.993499
0.074539 0.993499
0.074638 0.993499
0.074738 0.993499
0.074837 0.993499
0.074936 0.993499
0.075036 0.993499
0.075135 0.993499
0.075234 0.993499
0.075334 0.993499
0.075433 0.993499
0.075532 0.993499
0.075632 0.993203
0.075731 0.993203
0.075830 0.993203
0.075930 0.993203
0.076029 0.993203
0.076128 0.993203
0.076228 0.993203
0.076327 0.993203
0.076427 0.993203
0.076526 0.993203
0.076625 0.993203
0.076725 0.993203
0.076824 0.993203
0.076923 0.993203
0.077023 0.993203
0.077122 0.993203
0.077221 0.993203
0.077321 0.993203
0.077420 0.992908
0.077519 0.992908
0.077619 0.992908
0.077718 0.992908
0.077817 0.992908
0.077917 0.992908
0.078016 0.992908
0.078115 0.992908
0.078215 0.992908
0.078314 0.992908
0.078413 0.992908
0.078513 0.992908
0.078612 0.992908
0.078711 0.992908
0.078811 0.992908
0.078910 0.992908
0.079009 0.992908
0.079109 0.992908
0.079208 0.992908
0.079307 0.992908
0.079407 0.992908
0.079506 0.992908
0.079605 0.992908
0.079705 0.992908
0.079804 0.992908
0.079903 0.992908
0.080003 0.992908
0.080102 0.992908
0.080201 0.992908
0.080301 0.992908
0.080400 0.992908
0.080499 0.992908
0.080599 0.992908
0.080698 0.992908
0.080797 0.992908
0.080897 0.992908
0.080996 0.992908
0.081095 0.992908
0.081195 0.992908
0.081294 0.992908
0.081393 0.992908
0.081493 0.992908
0.081592 0.992908
0.081691 0.992908
0.081791 0.992908
0.081890 0.992908
0.081989 0.992908
0.082089 0.992908
0.082188 0.992908
0.082287 0.992908
0.082387 0.992908
0.082486 0.992908
0.082585 0.992908
0.082685 0.992908
0.082784 0.992908
0.082883 0.992908
0.082983 0.992908
0.083082 0.992908
0.083181 0.992908
0.083281 0.992908
0.083380 0.992908
0.083479 0.992908
0.083579 0.992908
0.083678 0.992908
0.083777 0.992908
0.083877 0.992612
0.083976 0.992612
0.084075 0.992612
0.084175 0.992612
0.084274 0.992612
0.084374 0.992317
0.084473 0.992317
0.084572 0.992317
0.084672 0.992317
0.084771 0.992317
0.084870 0.992021
0.084970 0.992021
0.085069 0.992021
0.085168 0.992021
0.085268 0.992021
0.085367 0.992021
0.085466 0.992021
0.085566 0.992021
0.085665 0.992021
0.085764 0.992021
0.085864 0.992021
0.085963 0.992021
0.086062 0.991726
0.086162 0.991726
0.086261 0.991726
0.086360 0.991726
0.086460 0.991726
0.086559 0.991726
0.086658 0.991726
0.086758 0.991726
0.086857 0.991726
0.086956 0.991726
0.087056 0.991430
0.087155 0.991430
0.087254 0.991430
0.087354 0.991430
0.087453 0.991430
0.087552 0.991135
0.087652 0.991135
0.087751 0.991135
0.087850 0.991135
0.087950 0.991135
0.088049 0.991135
0.088148 0.991135
0.088248 0.991135
0.088347 0.991135
0.088446 0.991135
0.088546 0.991135
0.088645 0.991135
0.088744 0.991135
0.088844 0.991135
0.088943 0.990839
0.089042 0.990839
0.089142 0.990839
0.089241 0.990839
0.089340 0.990839
0.089440 0.990839
0.089539 0.990839
0.089638 0.990839
0.089738 0.990839
0.089837 0.990839
0.089936 0.990839
0.090036 0.990839
0.090135 0.990839
0.090234 0.990839
0.090334 0.990839
0.090433 0.990839
0.090532 0.990839
0.090632 0.990839
0.090731 0.990544
0.090830 0.990544
0.090930 0.990544
0.091029 0.990544
0.091128 0.990544
0.091228 0.990544
0.091327 0.990544
0.091426 0.990544
0.091526 0.990248
0.091625 0.990248
0.091724 0.989953
0.091824 0.989953
0.091923 0.989953
0.092023 0.989953
0.092122 0.989953
0.092221 0.989953
0.092321 0.989953
0.092420 0.989953
0.092519 0.989953
0.092619 0.989953
0.092718 0.989953
0.092817 0.989657
0.092917 0.989657
0.093016 0.989657
0.093115 0.989657
0.093215 0.989657
0.093314 0.989657
0.093413 0.989657
0.093513 0.989657
0.093612 0.989657
0.093711 0.989657
0.093811 0.989657
0.093910 0.989657
0.094009 0.989657
0.094109 0.989657
0.094208 0.989657
0.094307 0.989657
0.094407 0.989657
0.094506 0.989657
0.094605 0.989657
0.094705 0.989657
0.094804 0.989657
0.094903 0.989657
0.095003 0.989657
0.095102 0.989657
0.095201 0.989657
0.095301 0.989657
0.095400 0.989657
0.095499 0.989657
0.095599 0.989657
0.095698 0.989657
0.095797 0.989657
0.095897 0.989657
0.095996 0.989657
0.096095 0.989657
0.096195 0.989657
0.096294 0.989657
0.096393 0.989657
0.096493 0.989657
0.096592 0.989362
0.096691 0.989362
0.096791 0.989362
0.096890 0.989362
0.096989 0.989362
0.097089 0.989362
0.097188 0.989362
0.097287 0.989362
0.097387 0.989362
0.097486 0.989362
0.097585 0.989362
0.097685 0.989362
0.097784 0.989362
0.097883 0.989362
0.097983 0.989066
0.098082 0.989066
0.098181 0.989066
0.098281 0.989066
0.098380 0.989066
0.098479 0.989066
0.098579 0.989066
0.098678 0.989066
0.098777 0.989066
0.098877 0.989066
0.098976 0.989066
0.099075 0.989066
0.099175 0.989066
0.099274 0.989066
0.099373 0.989066
0.099473 0.989066
0.099572 0.989066
0.099671 0.989066
0.099771 0.989066
0.099870 0.989066
0.099970 0.989066
0.100069 0.989066
0.100168 0.989066
0.100268 0.989066
0.100367 0.989066
0.100466 0.989066
0.100566 0.989066
0.100665 0.989066
0.100764 0.989066
0.100864 0.989066
0.100963 0.989066
0.101062 0.988771
0.101162 0.988771
0.101261 0.988771
0.101360 0.988771
0.101460 0.988771
0.101559 0.988771
0.101658 0.988771
0.101758 0.988771
0.101857 0.988771
0.101956 0.988771
0.102056 0.988771
0.102155 0.988771
0.102254 0.988771
0.102354 0.988771
0.102453 0.988771
0.102552 0.988771
0.102652 0.988771
0.102751 0.988771
0.102850 0.988771
0.102950 0.988771
0.103049 0.988771
0.103148 0.988771
0.103248 0.988771
0.103347 0.988771
0.103446 0.988771
0.103546 0.988771
0.103645 0.988771
0.103744 0.988771
0.103844 0.988771
0.103943 0.988771
0.104042 0.988771
0.104142 0.988771
0.104241 0.988475
0.104340 0.988475
0.104440 0.988475
0.104539 0.988475
0.104638 0.988475
0.104738 0.988475
0.104837 0.988475
0.104936 0.988180
0.105036 0.988180
0.105135 0.988180
0.105234 0.988180
0.105334 0.987884
0.105433 0.987884
0.105532 0.987884
0.105632 0.987884
0.105731 0.987884
0.105830 0.987884
0.105930 0.987884
0.106029 0.987884
0.106128 0.987884
0.106228 0.987884
0.106327 0.987884
0.106426 0.987884
0.106526 0.987884
0.106625 0.987884
0.106724 0.987884
0.106824 0.987884
0.106923 0.987884
0.107022 0.987884
0.107122 0.987589
0.107221 0.987589
0.107320 0.987589
0.107420 0.987589
0.107519 0.987589
0.107619 0.987589
0.107718 0.987589
0.107817 0.987589
0.107917 0.987589
0.108016 0.987589
0.108115 0.987589
0.108215 0.987589
0.108314 0.987589
0.108413 0.987589
0.108513 0.987589
0.108612 0.987589
0.108711 0.987589
0.108811 0.987589
0.108910 0.987589
0.109009 0.987589
0.109109 0.987589
0.109208 0.987589
0.109307 0.987589
0.109407 0.987589
0.109506 0.987293
0.109605 0.987293
0.109705 0.987293
0.109804 0.987293
0.109903 0.987293
0.110003 0.987293
0.110102 0.987293
0.110201 0.987293
0.110301 0.987293
0.110400 0.986998
0.110499 0.986998
0.110599 0.986998
0.110698 0.986998
0.110797 0.986998
0.110897 0.986702
0.110996 0.986702
0.111095 0.986702
0.111195 0.986702
0.111294 0.986702
0.111393 0.986702
0.111493 0.986702
0.111592 0.986702
0.111691 0.986702
0.111791 0.986702
0.111890 0.986702
0.111989 0.986702
0.112089 0.986702
0.112188 0.986702
0.112287 0.986702
0.112387 0.986702
0.112486 0.986702
0.112585 0.986702
0.112685 0.986702
0.112784 0.986702
0.112883 0.986702
0.112983 0.986702
0.113082 0.986702
0.113181 0.986702
0.113281 0.986702
0.113380 0.986702
0.113479 0.986702
0.113579 0.986407
0.113678 0.986407
0.113777 0.986407
0.113877 0.986407
0.113976 0.986111
0.114075 0.985520
0.114175 0.985520
0.114274 0.985520
0.114373 0.985520
0.114473 0.985520
0.114572 0.985520
0.114671 0.985520
0.114771 0.985520
0.114870 0.985520
0.114969 0.985520
0.115069 0.985520
0.115168 0.985520
0.115267 0.985520
0.115367 0.985520
0.115466 0.985520
0.115566 0.985520
0.115665 0.985225
0.115764 0.985225
0.115864 0.985225
0.115963 0.985225
0.116062 0.985225
0.116162 0.985225
0.116261 0.985225
0.116360 0.985225
0.116460 0.985225
0.116559 0.985225
0.116658 0.985225
0.116758 0.985225
0.116857 0.984929
0.116956 0.984929
0.117056 0.984929
0.117155 0.984929
0.117254 0.984929
0.117354 0.984929
0.117453 0.984929
0.117552 0.984634
0.117652 0.984634
0.117751 0.984634
0.117850 0.984634
0.117950 0.984634
0.118049 0.984634
0.118148 0.984634
0.118248 0.984634
0.118347 0.984634
0.118446 0.984634
0.118546 0.984634
0.118645 0.984634
0.118744 0.984634
0.118844 0.984634
0.118943 0.984634
0.119042 0.984634
0.119142 0.984634
0.119241 0.984634
0.119340 0.984634
0.119440 0.984634
0.119539 0.984634
0.119638 0.984634
0.119738 0.984634
0.119837 0.984634
0.119936 0.984043
0.120036 0.984043
0.120135 0.984043
0.120234 0.984043
0.120334 0.984043
0.120433 0.984043
0.120532 0.984043
0.120632 0.984043
0.120731 0.984043
0.120830 0.984043
0.120930 0.984043
0.121029 0.984043
0.121128 0.984043
0.121228 0.984043
0.121327 0.984043
0.121426 0.984043
0.121526 0.984043
0.121625 0.984043
0.121724 0.983747
0.121824 0.983747
0.121923 0.983747
0.122022 0.983747
0.122122 0.983747
0.122221 0.983747
0.122320 0.983747
0.122420 0.983452
0.122519 0.983452
0.122618 0.983156
0.122718 0.983156
0.122817 0.983156
0.122916 0.983156
0.123016 0.983156
0.123115 0.983156
0.123215 0.983156
0.123314 0.983156
0.123413 0.983156
0.123513 0.983156
0.123612 0.983156
0.123711 0.983156
0.123811 0.983156
0.123910 0.982861
0.124009 0.982861
0.124109 0.982861
0.124208 0.982861
0.124307 0.982861
0.124407 0.982861
0.124506 0.982861
0.124605 0.982861
0.124705 0.982861
0.124804 0.982861
0.124903 0.982861
0.125003 0.982861
0.125102 0.982861
0.125201 0.982861
0.125301 0.982565
0.125400 0.982565
0.125499 0.982565
0.125599 0.982565
0.125698 0.982565
0.125797 0.982565
0.125897 0.982565
0.125996 0.982565
0.126095 0.982565
0.126195 0.982565
0.126294 0.982565
0.126393 0.982565
0.126493 0.982565
0.126592 0.982565
0.126691 0.982565
0.126791 0.982565
0.126890 0.982565
0.126989 0.982565
0.127089 0.982565
0.127188 0.982565
0.127287 0.982565
0.127387 0.982565
0.127486 0.982565
0.127585 0.982565
0.127685 0.982565
0.127784 0.982565
0.127883 0.982565
0.127983 0.982565
0.128082 0.982565
0.128181 0.982270
0.128281 0.982270
0.128380 0.981974
0.128479 0.981974
0.128579 0.981678
0.128678 0.981678
0.128777 0.981678
0.128877 0.981678
0.128976 0.981678
0.129075 0.981678
0.129175 0.981678
0.129274 0.981678
0.129373 0.981678
0.129473 0.981678
0.129572 0.981678
0.129671 0.981678
0.129771 0.981678
0.129870 0.981678
0.129969 0.981678
0.130069 0.981678
0.130168 0.981678
0.130267 0.981678
0.130367 0.981678
0.130466 0.981678
0.130565 0.981678
0.130665 0.981678
0.130764 0.981678
0.130863 0.981678
0.130963 0.981678
0.131062 0.981678
0.131162 0.981678
0.131261 0.981678
0.131360 0.981678
0.131460 0.981678
0.131559 0.981383
0.131658 0.981383
0.131758 0.981383
0.131857 0.981383
0.131956 0.981383
0.132056 0.981383
0.132155 0.981383
0.132254 0.981383
0.132354 0.981383
0.132453 0.981383
0.132552 0.981383
0.132652 0.981383
0.132751 0.981383
0.132850 0.981383
0.132950 0.981383
0.133049 0.981383
0.133148 0.981383
0.133248 0.981383
0.133347 0.981383
0.133446 0.981087
0.133546 0.981087
0.133645 0.981087
0.133744 0.981087
0.133844 0.981087
0.133943 0.981087
0.134042 0.981087
0.134142 0.981087
0.134241 0.981087
0.134340 0.981087
0.134440 0.981087
0.134539 0.981087
0.134638 0.981087
0.134738 0.981087
0.134837 0.981087
0.134936 0.981087
0.135036 0.981087
0.135135 0.981087
0.135234 0.981087
0.135334 0.981087
0.135433 0.981087
0.135532 0.980792
0.135632 0.980792
0.135731 0.980792
0.135830 0.980792
0.135930 0.980792
0.136029 0.980792
0.136128 0.980792
0.136228 0.980792
0.136327 0.980792
0.136426 0.980792
0.136526 0.980792
0.136625 0.980792
0.136724 0.980792
0.136824 0.980792
0.136923 0.980792
0.137022 0.980792
0.137122 0.980792
0.137221 0.980792
0.137320 0.980792
0.137420 0.980792
0.137519 0.980792
0.137618 0.980792
0.137718 0.980792
0.137817 0.980792
0.137916 0.980792
0.138016 0.980792
0.138115 0.980792
0.138214 0.980792
0.138314 0.980792
0.138413 0.980792
0.138512 0.980496
0.138612 0.980496
0.138711 0.980496
0.138811 0.980496
0.138910 0.980496
0.139009 0.980496
0.139109 0.980496
0.139208 0.980496
0.139307 0.980201
0.139407 0.980201
0.139506 0.980201
0.139605 0.980201
0.139705 0.980201
0.139804 0.980201
0.139903 0.980201
0.140003 0.980201
0.140102 0.980201
0.140201 0.980201
0.140301 0.980201
0.140400 0.980201
0.140499 0.980201
0.140599 0.980201
0.140698 0.980201
0.140797 0.979905
0.140897 0.979905
0.140996 0.979905
0.141095 0.979905
0.141195 0.979905
0.141294 0.979610
0.141393 0.979610
0.141493 0.979610
0.141592 0.979610
0.141691 0.979314
0.141791 0.979314
0.141890 0.979314
0.141989 0.979314
0.142089 0.979314
0.142188 0.979314
0.142287 0.979314
0.142387 0.979314
0.142486 0.979314
0.142585 0.979314
0.142685 0.979314
0.142784 0.979314
0.142883 0.979314
0.142983 0.979314
0.143082 0.979314
0.143181 0.979314
0.143281 0.979314
0.143380 0.979314
0.143479 0.979314
0.143579 0.979314
0.143678 0.979314
0.143777 0.979314
0.143877 0.979314
0.143976 0.979314
0.144075 0.979314
0.144175 0.979314
0.144274 0.979314
0.144373 0.979314
0.144473 0.979314
0.144572 0.979314
0.144671 0.979314
0.144771 0.979314
0.144870 0.979314
0.144969 0.979314
0.145069 0.979314
0.145168 0.979019
0.145267 0.979019
0.145367 0.979019
0.145466 0.979019
0.145565 0.978723
0.145665 0.978723
0.145764 0.978428
0.145863 0.978428
0.145963 0.978428
0.146062 0.978428
0.146161 0.978132
0.146261 0.977837
0.146360 0.977837
0.146459 0.977837
0.146559 0.977837
0.146658 0.977541
0.146758 0.977541
0.146857 0.977246
0.146956 0.977246
0.147056 0.977246
0.147155 0.977246
0.147254 0.977246
0.147354 0.977246
0.147453 0.977246
0.147552 0.977246
0.147652 0.977246
0.147751 0.977246
0.147850 0.977246
0.147950 0.977246
0.148049 0.977246
0.148148 0.977246
0.148248 0.977246
0.148347 0.977246
0.148446 0.977246
0.148546 0.977246
0.148645 0.977246
0.148744 0.977246
0.148844 0.977246
0.148943 0.977246
0.149042 0.977246
0.149142 0.977246
0.149241 0.977246
0.149340 0.977246
0.149440 0.977246
0.149539 0.977246
0.149638 0.977246
0.149738 0.977246
0.149837 0.976950
0.149936 0.976950
0.150036 0.976950
0.150135 0.976950
0.150234 0.976950
0.150334 0.976950
0.150433 0.976950
0.150532 0.976950
0.150632 0.976950
0.150731 0.976950
0.150830 0.976950
0.150930 0.976655
0.151029 0.976655
0.151128 0.976655
0.151228 0.976655
0.151327 0.976655
0.151426 0.976655
0.151526 0.976359
0.151625 0.976359
0.151724 0.976359
0.151824 0.976359
0.151923 0.976359
0.152022 0.976359
0.152122 0.976359
0.152221 0.976359
0.152320 0.976359
0.152420 0.976359
0.152519 0.976359
0.152618 0.976359
0.152718 0.976359
0.152817 0.976359
0.152916 0.976359
0.153016 0.976359
0.153115 0.976359
0.153214 0.976359
0.153314 0.976359
0.153413 0.976359
0.153512 0.976359
0.153612 0.976359
0.153711 0.976359
0.153810 0.976064
0.153910 0.976064
0.154009 0.976064
0.154108 0.976064
0.154208 0.975768
0.154307 0.975768
0.154407 0.975768
0.154506 0.975768
0.154605 0.975768
0.154705 0.975768
0.154804 0.975768
0.154903 0.975768
0.155003 0.975768
0.155102 0.975768
0.155201 0.975768
0.155301 0.975768
0.155400 0.975768
0.155499 0.975768
0.155599 0.975768
0.155698 0.975473
0.155797 0.975473
0.155897 0.975473
0.155996 0.975473
0.156095 0.975473
0.156195 0.975473
0.156294 0.975473
0.156393 0.975473
0.156493 0.975473
0.156592 0.975473
0.156691 0.975473
0.156791 0.975473
0.156890 0.975473
0.156989 0.975473
0.157089 0.975473
0.157188 0.975473
0.157287 0.975473
0.157387 0.974882
0.157486 0.974882
0.157585 0.974882
0.157685 0.974882
0.157784 0.974882
0.157883 0.974586
0.157983 0.974586
0.158082 0.974586
0.158181 0.974586
0.158281 0.974586
0.158380 0.974586
0.158479 0.974586
0.158579 0.974586
0.158678 0.974291
0.158777 0.974291
0.158877 0.974291
0.158976 0.973995
0.159075 0.973995
0.159175 0.973995
0.159274 0.973995
0.159373 0.973995
0.159473 0.973700
0.159572 0.973700
0.159671 0.973700
0.159771 0.973700
0.159870 0.973404
0.159969 0.973404
0.160069 0.973404
0.160168 0.973404
0.160267 0.973404
0.160367 0.973404
0.160466 0.973404
0.160565 0.973404
0.160665 0.973404
0.160764 0.973404
0.160863 0.973404
0.160963 0.973404
0.161062 0.973404
0.161161 0.973109
0.161261 0.973109
0.161360 0.973109
0.161459 0.973109
0.161559 0.973109
0.161658 0.973109
0.161757 0.973109
0.161857 0.973109
0.161956 0.973109
0.162055 0.973109
0.162155 0.973109
0.162254 0.973109
0.162354 0.973109
0.162453 0.973109
0.162552 0.973109
0.162652 0.973109
0.162751 0.973109
0.162850 0.973109
0.162950 0.973109
0.163049 0.972813
0.163148 0.972813
0.163248 0.972813
0.163347 0.972813
0.163446 0.972813
0.163546 0.972813
0.163645 0.972518
0.163744 0.972518
0.163844 0.972518
0.163943 0.972518
0.164042 0.972518
0.164142 0.972518
0.164241 0.972518
0.164340 0.972518
0.164440 0.972518
0.164539 0.972518
0.164638 0.972518
0.164738 0.972518
0.164837 0.972518
0.164936 0.972518
0.165036 0.972518
0.165135 0.972518
0.165234 0.972518
0.165334 0.972518
0.165433 0.972518
0.165532 0.972518
0.165632 0.972518
0.165731 0.972518
0.165830 0.972518
0.165930 0.972518
0.166029 0.972222
0.166128 0.972222
0.166228 0.972222
0.166327 0.971927
0.166426 0.971631
0.166526 0.971336
0.166625 0.971336
0.166724 0.971336
0.166824 0.971040
0.166923 0.971040
0.167022 0.970745
0.167122 0.970745
0.167221 0.970745
0.167320 0.970449
0.167420 0.970449
0.167519 0.970449
0.167618 0.970449
0.167718 0.970449
0.167817 0.970449
0.167916 0.970449
0.168016 0.970449
0.168115 0.970449
0.168214 0.970449
0.168314 0.970154
0.168413 0.970154
0.168512 0.970154
0.168612 0.970154
0.168711 0.970154
0.168810 0.970154
0.168910 0.970154
0.169009 0.970154
0.169108 0.970154
0.169208 0.970154
0.169307 0.969858
0.169406 0.969858
0.169506 0.969858
0.169605 0.969858
0.169704 0.969858
0.169804 0.969563
0.169903 0.969563
0.170003 0.969563
0.170102 0.969563
0.170201 0.969563
0.170301 0.969563
0.170400 0.969563
0.170499 0.969563
0.170599 0.969563
0.170698 0.969563
0.170797 0.969563
0.170897 0.969563
0.170996 0.969563
0.171095 0.969563
0.171195 0.969563
0.171294 0.969563
0.171393 0.969563
0.171493 0.969563
0.171592 0.969563
0.171691 0.969563
0.171791 0.969563
0.171890 0.969563
0.171989 0.969267
0.172089 0.969267
0.172188 0.969267
0.172287 0.969267
0.172387 0.969267
0.172486 0.969267
0.172585 0.969267
0.172685 0.969267
0.172784 0.969267
0.172883 0.969267
0.172983 0.969267
0.173082 0.969267
0.173181 0.969267
0.173281 0.969267
0.173380 0.969267
0.173479 0.969267
0.173579 0.969267
0.173678 0.969267
0.173777 0.969267
0.173877 0.968972
0.173976 0.968972
0.174075 0.968676
0.174175 0.968676
0.174274 0.968676
0.174373 0.968676
0.174473 0.968676
0.174572 0.968676
0.174671 0.968676
0.174771 0.968676
0.174870 0.968676
0.174969 0.968676
0.175069 0.968676
0.175168 0.968676
0.175267 0.968676
0.175367 0.968676
0.175466 0.968676
0.175565 0.968676
0.175665 0.968676
0.175764 0.968676
0.175863 0.968676
0.175963 0.968676
0.176062 0.968676
0.176161 0.968381
0.176261 0.968381
0.176360 0.968381
0.176459 0.968381
0.176559 0.968381
0.176658 0.968381
0.176757 0.968085
0.176857 0.968085
0.176956 0.968085
0.177055 0.968085
0.177155 0.968085
0.177254 0.968085
0.177353 0.967790
0.177453 0.967790
0.177552 0.967790
0.177651 0.967494
0.177751 0.967494
0.177850 0.967494
0.177950 0.967494
0.178049 0.967494
0.178148 0.967494
0.178248 0.967494
0.178347 0.967494
0.178446 0.967494
0.178546 0.967494
0.178645 0.967494
0.178744 0.967494
0.178844 0.967494
0.178943 0.967494
0.179042 0.967494
0.179142 0.967494
0.179241 0.967494
0.179340 0.967199
0.179440 0.967199
0.179539 0.966903
0.179638 0.966903
0.179738 0.966903
0.179837 0.966903
0.179936 0.966903
0.180036 0.966903
0.180135 0.966903
0.180234 0.966903
0.180334 0.966903
0.180433 0.966903
0.180532 0.966903
0.180632 0.966903
0.180731 0.966903
0.180830 0.966903
0.180930 0.966903
0.181029 0.966903
0.181128 0.966903
0.181228 0.966903
0.181327 0.966903
0.181426 0.966903
0.181526 0.966903
0.181625 0.966903
0.181724 0.966903
0.181824 0.966608
0.181923 0.966608
0.182022 0.966312
0.182122 0.966312
0.182221 0.966312
0.182320 0.966312
0.182420 0.966312
0.182519 0.966312
0.182618 0.966312
0.182718 0.966017
0.182817 0.966017
0.182916 0.966017
0.183016 0.966017
0.183115 0.966017
0.183214 0.966017
0.183314 0.966017
0.183413 0.966017
0.183512 0.966017
0.183612 0.966017
0.183711 0.966017
0.183810 0.966017
0.183910 0.966017
0.184009 0.966017
0.184108 0.966017
0.184208 0.966017
0.184307 0.966017
0.184406 0.966017
0.184506 0.966017
0.184605 0.966017
0.184704 0.966017
0.184804 0.966017
0.184903 0.966017
0.185002 0.966017
0.185102 0.966017
0.185201 0.966017
0.185300 0.965721
0.185400 0.965721
0.185499 0.965721
0.185599 0.965721
0.185698 0.965721
0.185797 0.965721
0.185897 0.965721
0.185996 0.965721
0.186095 0.965721
0.186195 0.965721
0.186294 0.965721
0.186393 0.965130
0.186493 0.965130
0.186592 0.965130
0.186691 0.965130
0.186791 0.965130
0.186890 0.965130
0.186989 0.965130
0.187089 0.965130
0.187188 0.965130
0.187287 0.965130
0.187387 0.965130
0.187486 0.965130
0.187585 0.965130
0.187685 0.964835
0.187784 0.964835
0.187883 0.964835
0.187983 0.964835
0.188082 0.964835
0.188181 0.964835
0.188281 0.964539
0.188380 0.964539
0.188479 0.964539
0.188579 0.964539
0.188678 0.964539
0.188777 0.964539
0.188877 0.964539
0.188976 0.964539
0.189075 0.964539
0.189175 0.964539
0.189274 0.964539
0.189373 0.964539
0.189473 0.964539
0.189572 0.964539
0.189671 0.964539
0.189771 0.964539
0.189870 0.964539
0.189969 0.964539
0.190069 0.964539
0.190168 0.964539
0.190267 0.964243
0.190367 0.964243
0.190466 0.964243
0.190565 0.964243
0.190665 0.964243
0.190764 0.964243
0.190863 0.964243
0.190963 0.964243
0.191062 0.964243
0.191161 0.964243
0.191261 0.964243
0.191360 0.964243
0.191459 0.964243
0.191559 0.964243
0.191658 0.964243
0.191757 0.964243
0.191857 0.963948
0.191956 0.963652
0.192055 0.963652
0.192155 0.963652
0.192254 0.963652
0.192353 0.963652
0.192453 0.963652
0.192552 0.963652
0.192651 0.963652
0.192751 0.963652
0.192850 0.963652
0.192949 0.963652
0.193049 0.963652
0.193148 0.963652
0.193247 0.963652
0.193347 0.963652
0.193446 0.963652
0.193546 0.963652
0.193645 0.963357
0.193744 0.963357
0.193844 0.963357
0.193943 0.963357
0.194042 0.963357
0.194142 0.963357
0.194241 0.963357
0.194340 0.963061
0.194440 0.963061
0.194539 0.963061
0.194638 0.963061
0.194738 0.963061
0.194837 0.963061
0.194936 0.962766
0.195036 0.962766
0.195135 0.962470
0.195234 0.962470
0.195334 0.962470
0.195433 0.962470
0.195532 0.962470
0.195632 0.962470
0.195731 0.962470
0.195830 0.962175
0.195930 0.962175
0.196029 0.962175
0.196128 0.962175
0.196228 0.962175
0.196327 0.962175
0.196426 0.962175
0.196526 0.962175
0.196625 0.962175
0.196724 0.961879
0.196824 0.961879
0.196923 0.961879
0.197022 0.961879
0.197122 0.961879
0.197221 0.961879
0.197320 0.961879
0.197420 0.961879
0.197519 0.961879
0.197618 0.961879
0.197718 0.961879
0.197817 0.961879
0.197916 0.961879
0.198016 0.961288
0.198115 0.961288
0.198214 0.961288
0.198314 0.961288
0.198413 0.961288
0.198512 0.961288
0.198612 0.961288
0.198711 0.961288
0.198810 0.961288
0.198910 0.961288
0.199009 0.961288
0.199108 0.961288
0.199208 0.961288
0.199307 0.961288
0.199406 0.961288
0.199506 0.961288
0.199605 0.961288
0.199704 0.961288
0.199804 0.961288
0.199903 0.961288
0.200002 0.961288
0.200102 0.961288
0.200201 0.961288
0.200300 0.961288
0.200400 0.961288
0.200499 0.961288
0.200598 0.961288
0.200698 0.961288
0.200797 0.961288
0.200896 0.961288
0.200996 0.961288
0.201095 0.961288
0.201195 0.961288
0.201294 0.961288
0.201393 0.961288
0.201493 0.961288
0.201592 0.961288
0.201691 0.961288
0.201791 0.961288
0.201890 0.961288
0.201989 0.961288
0.202089 0.961288
0.202188 0.960993
0.202287 0.960993
0.202387 0.960993
0.202486 0.960993
0.202585 0.960993
0.202685 0.960993
0.202784 0.960993
0.202883 0.960993
0.202983 0.960993
0.203082 0.960993
0.203181 0.960993
0.203281 0.960993
0.203380 0.960993
0.203479 0.960993
0.203579 0.960993
0.203678 0.960993
0.203777 0.960993
0.203877 0.960993
0.203976 0.960993
0.204075 0.960697
0.204175 0.960697
0.204274 0.960697
0.204373 0.960697
0.204473 0.960697
0.204572 0.960697
0.204671 0.960697
0.204771 0.960697
0.204870 0.960402
0.204969 0.960402
0.205069 0.960402
0.205168 0.960402
0.205267 0.960402
0.205367 0.960402
0.205466 0.960402
0.205565 0.960402
0.205665 0.960106
0.205764 0.960106
0.205863 0.960106
0.205963 0.960106
0.206062 0.960106
0.206161 0.960106
0.206261 0.960106
0.206360 0.960106
0.206459 0.960106
0.206559 0.960106
0.206658 0.960106
0.206757 0.960106
0.206857 0.960106
0.206956 0.960106
0.207055 0.960106
0.207155 0.960106
0.207254 0.960106
0.207353 0.960106
0.207453 0.960106
0.207552 0.960106
0.207651 0.960106
0.207751 0.960106
0.207850 0.960106
0.207949 0.960106
0.208049 0.960106
0.208148 0.959811
0.208247 0.959515
0.208347 0.959220
0.208446 0.959220
0.208545 0.959220
0.208645 0.959220
0.208744 0.959220
0.208843 0.959220
0.208943 0.958924
0.209042 0.958924
0.209142 0.958924
0.209241 0.958924
0.209340 0.958924
0.209440 0.958924
0.209539 0.958924
0.209638 0.958924
0.209738 0.958924
0.209837 0.958924
0.209936 0.958924
0.210036 0.958924
0.210135 0.958924
0.210234 0.958924
0.210334 0.958924
0.210433 0.958924
0.210532 0.958924
0.210632 0.958924
0.210731 0.958924
0.210830 0.958924
0.210930 0.958924
0.211029 0.958924
0.211128 0.958924
0.211228 0.958924
0.211327 0.958924
0.211426 0.958924
0.211526 0.958924
0.211625 0.958924
0.211724 0.958924
0.211824 0.958924
0.211923 0.958924
0.212022 0.958924
0.212122 0.958924
0.212221 0.958924
0.212320 0.958924
0.212420 0.958924
0.212519 0.958924
0.212618 0.958924
0.212718 0.958924
0.212817 0.958924
0.212916 0.958629
0.213016 0.958629
0.213115 0.958629
0.213214 0.958629
0.213314 0.958629
0.213413 0.958333
0.213512 0.958038
0.213612 0.958038
0.213711 0.958038
0.213810 0.958038
0.213910 0.958038
0.214009 0.958038
0.214108 0.958038
0.214208 0.958038
0.214307 0.958038
0.214406 0.958038
0.214506 0.958038
0.214605 0.958038
0.214704 0.958038
0.214804 0.958038
0.214903 0.958038
0.215002 0.958038
0.215102 0.958038
0.215201 0.958038
0.215300 0.958038
0.215400 0.958038
0.215499 0.957742
0.215598 0.957742
0.215698 0.957742
0.215797 0.957742
0.215896 0.957742
0.215996 0.957742
0.216095 0.957742
0.216194 0.957742
0.216294 0.957742
0.216393 0.957742
0.216492 0.957742
0.216592 0.957742
0.216691 0.957742
0.216791 0.957742
0.216890 0.957742
0.216989 0.957447
0.217089 0.957447
0.217188 0.957447
0.217287 0.957447
0.217387 0.957447
0.217486 0.957447
0.217585 0.957447
0.217685 0.957447
0.217784 0.957447
0.217883 0.957447
0.217983 0.957447
0.218082 0.957447
0.218181 0.957447
0.218281 0.957151
0.218380 0.957151
0.218479 0.957151
0.218579 0.957151
0.218678 0.957151
0.218777 0.957151
0.218877 0.957151
0.218976 0.957151
0.219075 0.957151
0.219175 0.957151
0.219274 0.957151
0.219373 0.957151
0.219473 0.957151
0.219572 0.956856
0.219671 0.956856
0.219771 0.956856
0.219870 0.956856
0.219969 0.956856
0.220069 0.956856
0.220168 0.956856
0.220267 0.956856
0.220367 0.956560
0.220466 0.956265
0.220565 0.956265
0.220665 0.956265
0.220764 0.956265
0.220863 0.956265
0.220963 0.956265
0.221062 0.956265
0.221161 0.956265
0.221261 0.956265
0.221360 0.956265
0.221459 0.956265
0.221559 0.956265
0.221658 0.956265
0.221757 0.956265
0.221857 0.956265
0.221956 0.956265
0.222055 0.956265
0.222155 0.956265
0.222254 0.956265
0.222353 0.956265
0.222453 0.956265
0.222552 0.956265
0.222651 0.956265
0.222751 0.956265
0.222850 0.956265
0.222949 0.955969
0.223049 0.955674
0.223148 0.955083
0.223247 0.954787
0.223347 0.954787
0.223446 0.954787
0.223545 0.954787
0.223645 0.954787
0.223744 0.954787
0.223843 0.954787
0.223943 0.954787
0.224042 0.954787
0.224141 0.954787
0.224241 0.954787
0.224340 0.954787
0.224439 0.954787
0.224539 0.954787
0.224638 0.954787
0.224738 0.954787
0.224837 0.954787
0.224936 0.954787
0.225036 0.954787
0.225135 0.954492
0.225234 0.954492
0.225334 0.954492
0.225433 0.954492
0.225532 0.954196
0.225632 0.954196
0.225731 0.954196
0.225830 0.954196
0.225930 0.954196
0.226029 0.954196
0.226128 0.954196
0.226228 0.954196
0.226327 0.954196
0.226426 0.954196
0.226526 0.954196
0.226625 0.954196
0.226724 0.954196
0.226824 0.954196
0.226923 0.954196
0.227022 0.954196
0.227122 0.954196
0.227221 0.954196
0.227320 0.953901
0.227420 0.953605
0.227519 0.953605
0.227618 0.953605
0.227718 0.953605
0.227817 0.953605
0.227916 0.953605
0.228016 0.953605
0.228115 0.953310
0.228214 0.953310
0.228314 0.953014
0.228413 0.952719
0.228512 0.952719
0.228612 0.952719
0.228711 0.952719
0.228810 0.952719
0.228910 0.952719
0.229009 0.952719
0.229108 0.952719
0.229208 0.952719
0.229307 0.952719
0.229406 0.952719
0.229506 0.952719
0.229605 0.952719
0.229704 0.952423
0.229804 0.952128
0.229903 0.952128
0.230002 0.952128
0.230102 0.951832
0.230201 0.951832
0.230300 0.951832
0.230400 0.951832
0.230499 0.951832
0.230598 0.951832
0.230698 0.951832
0.230797 0.951832
0.230896 0.951832
0.230996 0.951832
0.231095 0.951832
0.231194 0.951832
0.231294 0.951832
0.231393 0.951832
0.231492 0.951832
0.231592 0.951832
0.231691 0.951832
0.231790 0.951832
0.231890 0.951832
0.231989 0.951832
0.232088 0.951832
0.232188 0.951832
0.232287 0.951832
0.232387 0.951832
0.232486 0.951832
0.232585 0.951832
0.232685 0.951832
0.232784 0.951832
0.232883 0.951832
0.232983 0.951832
0.233082 0.951832
0.233181 0.951537
0.233281 0.951537
0.233380 0.951537
0.233479 0.951537
0.233579 0.951241
0.233678 0.951241
0.233777 0.951241
0.233877 0.950946
0.233976 0.950946
0.234075 0.950946
0.234175 0.950946
0.234274 0.950946
0.234373 0.950946
0.234473 0.950946
0.234572 0.950946
0.234671 0.950946
0.234771 0.950946
0.234870 0.950946
0.234969 0.950946
0.235069 0.950650
0.235168 0.950355
0.235267 0.950355
0.235367 0.950059
0.235466 0.950059
0.235565 0.949764
0.235665 0.949764
0.235764 0.949764
0.235863 0.949764
0.235963 0.949764
0.236062 0.949764
0.236161 0.949764
0.236261 0.949764
0.236360 0.949764
0.236459 0.949764
0.236559 0.949764
0.236658 0.949764
0.236757 0.949764
0.236857 0.949764
0.236956 0.949764
0.237055 0.949764
0.237155 0.949764
0.237254 0.949764
0.237353 0.949764
0.237453 0.949468
0.237552 0.949468
0.237651 0.949468
0.237751 0.949468
0.237850 0.949468
0.237949 0.949468
0.238049 0.949468
0.238148 0.949468
0.238247 0.949468
0.238347 0.949468
0.238446 0.949468
0.238545 0.949468
0.238645 0.949468
0.238744 0.949173
0.238843 0.949173
0.238943 0.949173
0.239042 0.948877
0.239141 0.948877
0.239241 0.948877
0.239340 0.948877
0.239439 0.948877
0.239539 0.948877
0.239638 0.948877
0.239737 0.948877
0.239837 0.948877
0.239936 0.948582
0.240035 0.948582
0.240135 0.948582
0.240234 0.948582
0.240334 0.948582
0.240433 0.947991
0.240532 0.947991
0.240632 0.947991
0.240731 0.947991
0.240830 0.947991
0.240930 0.947991
0.241029 0.947991
0.241128 0.947991
0.241228 0.947695
0.241327 0.947695
0.241426 0.947695
0.241526 0.947695
0.241625 0.947695
0.241724 0.947400
0.241824 0.947400
0.241923 0.947400
0.242022 0.947400
0.242122 0.947400
0.242221 0.947400
0.242320 0.947400
0.242420 0.947104
0.242519 0.947104
0.242618 0.947104
0.242718 0.947104
0.242817 0.947104
0.242916 0.947104
0.243016 0.947104
0.243115 0.947104
0.243214 0.947104
0.243314 0.947104
0.243413 0.946809
0.243512 0.946809
0.243612 0.946809
0.243711 0.946809
0.243810 0.946809
0.243910 0.946513
0.244009 0.946513
0.244108 0.946513
0.244208 0.946217
0.244307 0.946217
0.244406 0.946217
0.244506 0.946217
0.244605 0.946217
0.244704 0.946217
0.244804 0.946217
0.244903 0.945922
0.245002 0.945922
0.245102 0.945626
0.245201 0.945626
0.245300 0.945626
0.245400 0.945626
0.245499 0.945626
0.245598 0.945626
0.245698 0.945331
0.245797 0.945331
0.245896 0.945331
0.245996 0.945035
0.246095 0.945035
0.246194 0.945035
0.246294 0.945035
0.246393 0.945035
0.246492 0.945035
0.246592 0.945035
0.246691 0.945035
0.246790 0.945035
0.246890 0.945035
0.246989 0.945035
0.247088 0.945035
0.247188 0.945035
0.247287 0.945035
0.247386 0.945035
0.247486 0.944740
0.247585 0.944740
0.247684 0.944740
0.247784 0.944740
0.247883 0.944740
0.247983 0.944444
0.248082 0.944444
0.248181 0.944149
0.248281 0.944149
0.248380 0.944149
0.248479 0.944149
0.248579 0.944149
0.248678 0.943558
0.248777 0.943558
0.248877 0.943558
0.248976 0.943558
0.249075 0.943558
0.249175 0.943558
0.249274 0.943558
0.249373 0.943558
0.249473 0.943558
0.249572 0.943558
0.249671 0.943558
0.249771 0.943262
0.249870 0.943262
0.249969 0.943262
0.250069 0.943262
0.250168 0.943262
0.250267 0.943262
0.250367 0.943262
0.250466 0.943262
0.250565 0.943262
0.250665 0.943262
0.250764 0.943262
0.250863 0.943262
0.250963 0.943262
0.251062 0.942967
0.251161 0.942967
0.251261 0.942967
0.251360 0.942967
0.251459 0.942671
0.251559 0.942671
0.251658 0.942671
0.251757 0.942671
0.251857 0.942671
0.251956 0.942671
0.252055 0.942671
0.252155 0.942671
0.252254 0.942671
0.252353 0.942671
0.252453 0.942671
0.252552 0.942671
0.252651 0.942671
0.252751 0.942376
0.252850 0.942376
0.252949 0.942376
0.253049 0.942376
0.253148 0.942376
0.253247 0.942376
0.253347 0.942376
0.253446 0.942376
0.253545 0.942376
0.253645 0.942376
0.253744 0.942376
0.253843 0.942376
0.253943 0.942376
0.254042 0.942376
0.254141 0.942376
0.254241 0.942376
0.254340 0.942376
0.254439 0.942376
0.254539 0.942080
0.254638 0.942080
0.254737 0.942080
0.254837 0.942080
0.254936 0.942080
0.255035 0.942080
0.255135 0.941785
0.255234 0.941785
0.255333 0.941785
0.255433 0.941785
0.255532 0.941489
0.255631 0.941489
0.255731 0.941194
0.255830 0.941194
0.255930 0.941194
0.256029 0.940898
0.256128 0.940898
0.256228 0.940898
0.256327 0.940898
0.256426 0.940603
0.256526 0.940603
0.256625 0.940603
0.256724 0.940603
0.256824 0.940603
0.256923 0.940603
0.257022 0.940603
0.257122 0.940603
0.257221 0.940603
0.257320 0.940603
0.257420 0.940603
0.257519 0.940603
0.257618 0.940603
0.257718 0.940603
0.257817 0.940603
0.257916 0.940307
0.258016 0.940307
0.258115 0.940307
0.258214 0.940307
0.258314 0.940307
0.258413 0.940012
0.258512 0.940012
0.258612 0.940012
0.258711 0.940012
0.258810 0.940012
0.258910 0.940012
0.259009 0.939421
0.259108 0.939421
0.259208 0.939421
0.259307 0.939421
0.259406 0.939421
0.259506 0.939421
0.259605 0.939421
0.259704 0.939421
0.259804 0.939421
0.259903 0.939421
0.260002 0.939421
0.260102 0.939421
0.260201 0.939421
0.260300 0.939421
0.260400 0.939421
0.260499 0.939421
0.260598 0.939125
0.260698 0.939125
0.260797 0.939125
0.260896 0.939125
0.260996 0.939125
0.261095 0.939125
0.261194 0.939125
0.261294 0.938830
0.261393 0.938830
0.261492 0.938830
0.261592 0.938830
0.261691 0.938830
0.261790 0.938830
0.261890 0.938830
0.261989 0.938830
0.262088 0.938830
0.262188 0.938830
0.262287 0.938830
0.262386 0.938830
0.262486 0.938830
0.262585 0.938830
0.262684 0.938830
0.262784 0.938830
0.262883 0.938830
0.262982 0.938830
0.263082 0.938830
0.263181 0.938830
0.263280 0.938534
0.263380 0.938239
0.263479 0.938239
0.263578 0.937943
0.263678 0.937943
0.263777 0.937943
0.263877 0.937943
0.263976 0.937943
0.264075 0.937943
0.264175 0.937943
0.264274 0.937943
0.264373 0.937943
0.264473 0.937943
0.264572 0.937943
0.264671 0.937943
0.264771 0.937648
0.264870 0.937352
0.264969 0.937352
0.265069 0.937057
0.265168 0.936761
0.265267 0.936761
0.265367 0.936761
0.265466 0.936761
0.265565 0.936761
0.265665 0.936761
0.265764 0.936761
0.265863 0.936761
0.265963 0.936761
0.266062 0.936761
0.266161 0.936761
0.266261 0.936761
0.266360 0.936761
0.266459 0.936761
0.266559 0.936761
0.266658 0.936761
0.266757 0.936466
0.266857 0.936466
0.266956 0.936170
0.267055 0.936170
0.267155 0.936170
0.267254 0.936170
0.267353 0.936170
0.267453 0.936170
0.267552 0.935875
0.267651 0.935875
0.267751 0.935875
0.267850 0.935875
0.267949 0.935579
0.268049 0.935579
0.268148 0.935284
0.268247 0.935284
0.268347 0.935284
0.268446 0.935284
0.268545 0.935284
0.268645 0.934988
0.268744 0.934988
0.268843 0.934988
0.268943 0.934988
0.269042 0.934988
0.269141 0.934988
0.269241 0.934988
0.269340 0.934693
0.269439 0.934397
0.269539 0.934397
0.269638 0.934397
0.269737 0.934397
0.269837 0.934397
0.269936 0.934102
0.270035 0.933806
0.270135 0.933806
0.270234 0.933806
0.270333 0.933806
0.270433 0.933806
0.270532 0.933806
0.270631 0.933806
0.270731 0.933806
0.270830 0.933806
0.270929 0.933806
0.271029 0.933806
0.271128 0.933511
0.271227 0.933511
0.271327 0.933511
0.271426 0.933511
0.271526 0.933215
0.271625 0.933215
0.271724 0.933215
0.271824 0.932920
0.271923 0.932920
0.272022 0.932624
0.272122 0.932624
0.272221 0.932624
0.272320 0.932624
0.272420 0.932624
0.272519 0.932329
0.272618 0.932329
0.272718 0.932329
0.272817 0.932329
0.272916 0.932329
0.273016 0.932033
0.273115 0.932033
0.273214 0.932033
0.273314 0.932033
0.273413 0.931738
0.273512 0.931442
0.273612 0.931442
0.273711 0.931442
0.273810 0.931147
0.273910 0.931147
0.274009 0.931147
0.274108 0.930851
0.274208 0.930851
0.274307 0.930851
0.274406 0.930851
0.274506 0.930851
0.274605 0.930851
0.274704 0.930851
0.274804 0.930851
0.274903 0.930851
0.275002 0.930851
0.275102 0.930851
0.275201 0.930851
0.275300 0.930851
0.275400 0.930851
0.275499 0.930851
0.275598 0.930851
0.275698 0.930851
0.275797 0.930851
0.275896 0.930556
0.275996 0.930260
0.276095 0.930260
0.276194 0.929965
0.276294 0.929669
0.276393 0.929669
0.276492 0.929669
0.276592 0.929669
0.276691 0.929669
0.276790 0.929669
0.276890 0.929669
0.276989 0.929374
0.277088 0.929374
0.277188 0.929374
0.277287 0.929374
0.277386 0.929374
0.277486 0.929374
0.277585 0.929078
0.277684 0.929078
0.277784 0.929078
0.277883 0.929078
0.277982 0.929078
0.278082 0.929078
0.278181 0.928783
0.278280 0.928783
0.278380 0.928783
0.278479 0.928783
0.278578 0.928487
0.278678 0.928487
0.278777 0.928487
0.278876 0.928191
0.278976 0.928191
0.279075 0.927896
0.279174 0.927896
0.279274 0.927896
0.279373 0.927896
0.279473 0.927896
0.279572 0.927896
0.279671 0.927896
0.279771 0.927305
0.279870 0.927009
0.279969 0.927009
0.280069 0.927009
0.280168 0.927009
0.280267 0.927009
0.280367 0.927009
0.280466 0.927009
0.280565 0.927009
0.280665 0.927009
0.280764 0.927009
0.280863 0.927009
0.280963 0.927009
0.281062 0.927009
0.281161 0.927009
0.281261 0.927009
0.281360 0.926418
0.281459 0.926123
0.281559 0.926123
0.281658 0.926123
0.281757 0.926123
0.281857 0.926123
0.281956 0.925827
0.282055 0.925827
0.282155 0.925827
0.282254 0.925827
0.282353 0.925827
0.282453 0.925827
0.282552 0.925827
0.282651 0.925827
0.282751 0.925827
0.282850 0.925827
0.282949 0.925827
0.283049 0.925827
0.283148 0.925827
0.283247 0.925827
0.283347 0.925532
0.283446 0.925532
0.283545 0.925532
0.283645 0.925532
0.283744 0.925532
0.283843 0.925532
0.283943 0.925236
0.284042 0.925236
0.284141 0.925236
0.284241 0.925236
0.284340 0.925236
0.284439 0.925236
0.284539 0.924941
0.284638 0.924645
0.284737 0.924645
0.284837 0.924645
0.284936 0.924645
0.285035 0.924645
0.285135 0.924645
0.285234 0.924645
0.285333 0.924645
0.285433 0.924054
0.285532 0.924054
0.285631 0.924054
0.285731 0.924054
0.285830 0.924054
0.285929 0.923759
0.286029 0.923759
0.286128 0.923463
0.286227 0.923463
0.286327 0.923463
0.286426 0.923463
0.286525 0.923168
0.286625 0.923168
0.286724 0.923168
0.286823 0.923168
0.286923 0.923168
0.287022 0.922872
0.287122 0.922872
0.287221 0.922872
0.287320 0.922872
0.287420 0.922577
0.287519 0.922577
0.287618 0.922577
0.287718 0.922577
0.287817 0.922577
0.287916 0.922577
0.288016 0.922281
0.288115 0.922281
0.288214 0.922281
0.288314 0.922281
0.288413 0.922281
0.288512 0.922281
0.288612 0.922281
0.288711 0.921690
0.288810 0.921690
0.288910 0.921395
0.289009 0.921395
0.289108 0.921395
0.289208 0.921395
0.289307 0.921395
0.289406 0.921099
0.289506 0.921099
0.289605 0.921099
0.289704 0.920804
0.289804 0.920804
0.289903 0.920804
0.290002 0.920804
0.290102 0.920804
0.290201 0.920804
0.290300 0.920804
0.290400 0.920508
0.290499 0.920508
0.290598 0.920508
0.290698 0.920508
0.290797 0.920213
0.290896 0.920213
0.290996 0.920213
0.291095 0.919917
0.291194 0.919917
0.291294 0.919917
0.291393 0.919326
0.291492 0.919326
0.291592 0.919326
0.291691 0.919326
0.291790 0.919326
0.291890 0.919326
0.291989 0.919326
0.292088 0.919326
0.292188 0.919031
0.292287 0.919031
0.292386 0.919031
0.292486 0.919031
0.292585 0.919031
0.292684 0.919031
0.292784 0.919031
0.292883 0.919031
0.292982 0.919031
0.293082 0.919031
0.293181 0.919031
0.293280 0.919031
0.293380 0.918735
0.293479 0.918735
0.293578 0.918735
0.293678 0.918735
0.293777 0.918735
0.293876 0.918735
0.293976 0.918735
0.294075 0.918735
0.294174 0.918735
0.294274 0.918440
0.294373 0.918440
0.294472 0.918440
0.294572 0.918440
0.294671 0.918144
0.294770 0.917849
0.294870 0.917849
0.294969 0.917849
0.295069 0.917553
0.295168 0.917553
0.295267 0.917553
0.295367 0.917258
0.295466 0.917258
0.295565 0.917258
0.295665 0.917258
0.295764 0.917258
0.295863 0.917258
0.295963 0.917258
0.296062 0.917258
0.296161 0.917258
0.296261 0.917258
0.296360 0.917258
0.296459 0.917258
0.296559 0.917258
0.296658 0.916962
0.296757 0.916962
0.296857 0.916962
0.296956 0.916962
0.297055 0.916962
0.297155 0.916962
0.297254 0.916962
0.297353 0.916962
0.297453 0.916962
0.297552 0.916962
0.297651 0.916962
0.297751 0.916962
0.297850 0.916962
0.297949 0.916962
0.298049 0.916962
0.298148 0.916962
0.298247 0.916667
0.298347 0.916371
0.298446 0.916371
0.298545 0.916076
0.298645 0.915780
0.298744 0.915780
0.298843 0.915780
0.298943 0.915780
0.299042 0.915780
0.299141 0.915780
0.299241 0.915780
0.299340 0.915780
0.299439 0.915780
0.299539 0.915189
0.299638 0.915189
0.299737 0.915189
0.299837 0.915189
0.299936 0.915189
0.300035 0.915189
0.300135 0.915189
0.300234 0.915189
0.300333 0.914894
0.300433 0.914894
0.300532 0.914894
0.300631 0.914894
0.300731 0.914598
0.300830 0.914598
0.300929 0.914598
0.301029 0.914598
0.301128 0.914007
0.301227 0.914007
0.301327 0.914007
0.301426 0.913712
0.301525 0.913416
0.301625 0.913416
0.301724 0.913416
0.301823 0.913416
0.301923 0.913416
0.302022 0.913121
0.302121 0.913121
0.302221 0.912530
0.302320 0.912530
0.302419 0.912234
0.302519 0.912234
0.302618 0.912234
0.302718 0.911939
0.302817 0.911643
0.302916 0.911643
0.303016 0.911052
0.303115 0.911052
0.303214 0.911052
0.303314 0.911052
0.303413 0.911052
0.303512 0.911052
0.303612 0.911052
0.303711 0.911052
0.303810 0.911052
0.303910 0.910461
0.304009 0.910461
0.304108 0.910461
0.304208 0.910461
0.304307 0.910461
0.304406 0.910461
0.304506 0.910461
0.304605 0.910165
0.304704 0.910165
0.304804 0.910165
0.304903 0.909870
0.305002 0.909870
0.305102 0.909870
0.305201 0.909870
0.305300 0.909870
0.305400 0.909574
0.305499 0.909574
0.305598 0.909574
0.305698 0.909574
0.305797 0.908983
0.305896 0.908983
0.305996 0.908983
0.306095 0.908983
0.306194 0.908983
0.306294 0.908983
0.306393 0.908983
0.306492 0.908983
0.306592 0.908983
0.306691 0.908983
0.306790 0.908983
0.306890 0.908983
0.306989 0.908688
0.307088 0.908688
0.307188 0.908688
0.307287 0.908688
0.307386 0.908688
0.307486 0.908688
0.307585 0.908688
0.307684 0.908688
0.307784 0.908688
0.307883 0.908688
0.307982 0.908392
0.308082 0.908392
0.308181 0.908392
0.308280 0.908392
0.308380 0.908392
0.308479 0.908392
0.308578 0.908392
0.308678 0.908392
0.308777 0.908392
0.308876 0.908392
0.308976 0.907801
0.309075 0.907801
0.309174 0.907801
0.309274 0.907801
0.309373 0.907801
0.309472 0.907801
0.309572 0.907801
0.309671 0.907801
0.309770 0.907801
0.309870 0.907801
0.309969 0.907506
0.310068 0.907506
0.310168 0.907506
0.310267 0.907210
0.310366 0.906915
0.310466 0.906915
0.310565 0.906915
0.310665 0.906915
0.310764 0.906915
0.310863 0.906915
0.310963 0.906915
0.311062 0.906915
0.311161 0.906915
0.311261 0.906915
0.311360 0.906915
0.311459 0.906915
0.311559 0.906915
0.311658 0.906619
0.311757 0.906619
0.311857 0.906619
0.311956 0.906619
0.312055 0.906619
0.312155 0.906619
0.312254 0.906619
0.312353 0.906619
0.312453 0.906619
0.312552 0.906619
0.312651 0.906619
0.312751 0.906619
0.312850 0.906619
0.312949 0.906619
0.313049 0.906619
0.313148 0.906619
0.313247 0.906619
0.313347 0.906619
0.313446 0.906619
0.313545 0.906324
0.313645 0.906028
0.313744 0.905733
0.313843 0.905733
0.313943 0.905437
0.314042 0.905437
0.314141 0.905437
0.314241 0.905437
0.314340 0.905437
0.314439 0.905437
0.314539 0.905437
0.314638 0.905437
0.314737 0.905437
0.314837 0.905437
0.314936 0.905142
0.315035 0.905142
0.315135 0.905142
0.315234 0.905142
0.315333 0.905142
0.315433 0.905142
0.315532 0.905142
0.315631 0.904846
0.315731 0.904846
0.315830 0.904846
0.315929 0.904551
0.316029 0.904255
0.316128 0.904255
0.316227 0.904255
0.316327 0.904255
0.316426 0.904255
0.316525 0.904255
0.316625 0.904255
0.316724 0.904255
0.316823 0.904255
0.316923 0.904255
0.317022 0.904255
0.317121 0.904255
0.317221 0.904255
0.317320 0.904255
0.317419 0.904255
0.317519 0.904255
0.317618 0.903960
0.317717 0.903960
0.317817 0.903664
0.317916 0.903664
0.318015 0.903664
0.318115 0.903369
0.318214 0.903369
0.318314 0.903369
0.318413 0.903073
0.318512 0.903073
0.318612 0.903073
0.318711 0.903073
0.318810 0.903073
0.318910 0.903073
0.319009 0.903073
0.319108 0.903073
0.319208 0.903073
0.319307 0.903073
0.319406 0.903073
0.319506 0.903073
0.319605 0.903073
0.319704 0.902778
0.319804 0.902778
0.319903 0.902187
0.320002 0.902187
0.320102 0.902187
0.320201 0.902187
0.320300 0.902187
0.320400 0.902187
0.320499 0.902187
0.320598 0.902187
0.320698 0.901891
0.320797 0.901891
0.320896 0.901596
0.320996 0.901596
0.321095 0.901596
0.321194 0.901596
0.321294 0.901596
0.321393 0.901596
0.321492 0.901596
0.321592 0.901596
0.321691 0.901596
0.321790 0.901300
0.321890 0.901300
0.321989 0.901300
0.322088 0.901300
0.322188 0.901300
0.322287 0.901300
0.322386 0.901300
0.322486 0.901300
0.322585 0.901300
0.322684 0.901300
0.322784 0.901300
0.322883 0.901300
0.322982 0.901300
0.323082 0.901300
0.323181 0.901300
0.323280 0.901300
0.323380 0.901300
0.323479 0.901300
0.323578 0.901005
0.323678 0.901005
0.323777 0.901005
0.323876 0.900709
0.323976 0.900414
0.324075 0.899823
0.324174 0.899823
0.324274 0.899823
0.324373 0.899823
0.324472 0.899823
0.324572 0.899823
0.324671 0.899823
0.324770 0.899527
0.324870 0.899527
0.324969 0.899527
0.325068 0.899527
0.325168 0.899527
0.325267 0.899527
0.325366 0.899527
0.325466 0.899527
0.325565 0.899527
0.325664 0.899527
0.325764 0.899527
0.325863 0.899527
0.325962 0.899527
0.326062 0.899527
0.326161 0.899527
0.326261 0.899527
0.326360 0.899527
0.326459 0.899527
0.326559 0.899527
0.326658 0.899527
0.326757 0.899527
0.326857 0.899527
0.326956 0.899527
0.327055 0.899527
0.327155 0.898936
0.327254 0.898936
0.327353 0.898936
0.327453 0.898641
0.327552 0.898641
0.327651 0.898641
0.327751 0.898641
0.327850 0.898345
0.327949 0.898345
0.328049 0.898345
0.328148 0.898345
0.328247 0.898345
0.328347 0.898345
0.328446 0.898050
0.328545 0.898050
0.328645 0.898050
0.328744 0.897754
0.328843 0.897754
0.328943 0.897754
0.329042 0.897459
0.329141 0.897459
0.329241 0.897459
0.329340 0.897459
0.329439 0.897459
0.329539 0.897459
0.329638 0.897459
0.329737 0.897459
0.329837 0.897459
0.329936 0.897459
0.330035 0.897459
0.330135 0.897459
0.330234 0.897459
0.330333 0.897459
0.330433 0.897459
0.330532 0.897459
0.330631 0.897163
0.330731 0.897163
0.330830 0.897163
0.330929 0.897163
0.331029 0.897163
0.331128 0.897163
0.331227 0.897163
0.331327 0.897163
0.331426 0.897163
0.331525 0.897163
0.331625 0.897163
0.331724 0.897163
0.331823 0.896868
0.331923 0.896868
0.332022 0.896868
0.332121 0.896868
0.332221 0.896868
0.332320 0.896868
0.332419 0.896868
0.332519 0.896868
0.332618 0.896572
0.332717 0.896572
0.332817 0.896277
0.332916 0.896277
0.333015 0.896277
0.333115 0.896277
0.333214 0.896277
0.333313 0.895981
0.333413 0.895981
0.333512 0.895686
0.333611 0.895686
0.333711 0.895686
0.333810 0.895686
0.333910 0.895686
0.334009 0.895686
0.334108 0.895686
0.334208 0.895686
0.334307 0.895686
0.334406 0.895686
0.334506 0.895686
0.334605 0.895686
0.334704 0.895686
0.334804 0.895686
0.334903 0.895390
0.335002 0.895390
0.335102 0.895390
0.335201 0.895390
0.335300 0.895390
0.335400 0.895390
0.335499 0.895390
0.335598 0.895390
0.335698 0.895390
0.335797 0.895095
0.335896 0.895095
0.335996 0.895095
0.336095 0.895095
0.336194 0.895095
0.336294 0.894799
0.336393 0.894799
0.336492 0.894799
0.336592 0.894799
0.336691 0.894799
0.336790 0.894504
0.336890 0.894504
0.336989 0.894504
0.337088 0.894504
0.337188 0.894504
0.337287 0.894504
0.337386 0.894504
0.337486 0.894208
0.337585 0.893913
0.337684 0.893913
0.337784 0.893913
0.337883 0.893913
0.337982 0.893913
0.338082 0.893913
0.338181 0.893913
0.338280 0.893913
0.338380 0.893913
0.338479 0.893617
0.338578 0.893617
0.338678 0.893617
0.338777 0.893617
0.338876 0.893322
0.338976 0.893322
0.339075 0.893026
0.339174 0.893026
0.339274 0.893026
0.339373 0.893026
0.339472 0.893026
0.339572 0.893026
0.339671 0.892730
0.339770 0.892730
0.339870 0.892139
0.339969 0.892139
0.340068 0.892139
0.340168 0.892139
0.340267 0.892139
0.340366 0.892139
0.340466 0.892139
0.340565 0.892139
0.340664 0.892139
0.340764 0.892139
0.340863 0.892139
0.340962 0.892139
0.341062 0.891844
0.341161 0.891844
0.341260 0.891844
0.341360 0.891844
0.341459 0.891844
0.341558 0.891844
0.341658 0.891844
0.341757 0.891548
0.341857 0.891548
0.341956 0.891548
0.342055 0.891548
0.342155 0.891548
0.342254 0.891253
0.342353 0.891253
0.342453 0.891253
0.342552 0.891253
0.342651 0.891253
0.342751 0.891253
0.342850 0.891253
0.342949 0.890957
0.343049 0.890662
0.343148 0.890366
0.343247 0.890366
0.343347 0.890071
0.343446 0.890071
0.343545 0.890071
0.343645 0.890071
0.343744 0.890071
0.343843 0.890071
0.343943 0.889775
0.344042 0.889775
0.344141 0.889775
0.344241 0.889775
0.344340 0.889775
0.344439 0.889184
0.344539 0.889184
0.344638 0.889184
0.344737 0.888889
0.344837 0.888593
0.344936 0.888593
0.345035 0.888593
0.345135 0.888298
0.345234 0.888298
0.345333 0.888298
0.345433 0.888002
0.345532 0.888002
0.345631 0.888002
0.345731 0.888002
0.345830 0.888002
0.345929 0.888002
0.346029 0.888002
0.346128 0.888002
0.346227 0.888002
0.346327 0.888002
0.346426 0.888002
0.346525 0.888002
0.346625 0.888002
0.346724 0.888002
0.346823 0.888002
0.346923 0.888002
0.347022 0.888002
0.347121 0.888002
0.347221 0.888002
0.347320 0.887707
0.347419 0.887707
0.347519 0.887707
0.347618 0.887707
0.347717 0.887707
0.347817 0.887707
0.347916 0.887411
0.348015 0.887116
0.348115 0.887116
0.348214 0.887116
0.348313 0.887116
0.348413 0.887116
0.348512 0.887116
0.348611 0.886820
0.348711 0.886820
0.348810 0.886820
0.348909 0.886820
0.349009 0.886820
0.349108 0.886229
0.349207 0.886229
0.349307 0.886229
0.349406 0.886229
0.349506 0.885934
0.349605 0.885934
0.349704 0.885343
0.349804 0.885343
0.349903 0.885343
0.350002 0.885343
0.350102 0.885343
0.350201 0.885343
0.350300 0.885343
0.350400 0.885343
0.350499 0.885343
0.350598 0.885343
0.350698 0.885047
0.350797 0.885047
0.350896 0.885047
0.350996 0.885047
0.351095 0.885047
0.351194 0.885047
0.351294 0.885047
0.351393 0.885047
0.351492 0.885047
0.351592 0.885047
0.351691 0.885047
0.351790 0.885047
0.351890 0.885047
0.351989 0.885047
0.352088 0.885047
0.352188 0.885047
0.352287 0.885047
0.352386 0.885047
0.352486 0.885047
0.352585 0.885047
0.352684 0.885047
0.352784 0.885047
0.352883 0.885047
0.352982 0.885047
0.353082 0.885047
0.353181 0.885047
0.353280 0.885047
0.353380 0.884752
0.353479 0.884752
0.353578 0.884752
0.353678 0.884456
0.353777 0.884161
0.353876 0.884161
0.353976 0.883865
0.354075 0.883865
0.354174 0.883865
0.354274 0.883865
0.354373 0.883865
0.354472 0.883865
0.354572 0.883865
0.354671 0.883865
0.354770 0.883865
0.354870 0.883865
0.354969 0.883865
0.355068 0.883865
0.355168 0.883865
0.355267 0.883865
0.355366 0.883865
0.355466 0.883865
0.355565 0.883865
0.355664 0.883865
0.355764 0.883865
0.355863 0.883570
0.355962 0.883274
0.356062 0.883274
0.356161 0.883274
0.356260 0.883274
0.356360 0.882979
0.356459 0.882979
0.356558 0.882979
0.356658 0.882979
0.356757 0.882979
0.356856 0.882979
0.356956 0.882683
0.357055 0.882683
0.357154 0.882683
0.357254 0.882683
0.357353 0.882683
0.357453 0.882388
0.357552 0.882388
0.357651 0.882388
0.357751 0.882388
0.357850 0.882388
0.357949 0.882092
0.358049 0.882092
0.358148 0.882092
0.358247 0.882092
0.358347 0.882092
0.358446 0.882092
0.358545 0.881797
0.358645 0.881797
0.358744 0.881797
0.358843 0.881797
0.358943 0.881797
0.359042 0.881501
0.359141 0.881501
0.359241 0.881501
0.359340 0.881501
0.359439 0.880910
0.359539 0.880910
0.359638 0.880910
0.359737 0.880910
0.359837 0.880910
0.359936 0.880910
0.360035 0.880615
0.360135 0.880615
0.360234 0.880615
0.360333 0.880615
0.360433 0.880615
0.360532 0.880615
0.360631 0.880615
0.360731 0.880615
0.360830 0.880615
0.360929 0.880615
0.361029 0.880615
0.361128 0.880615
0.361227 0.880615
0.361327 0.880615
0.361426 0.880319
0.361525 0.880319
0.361625 0.880319
0.361724 0.880319
0.361823 0.879728
0.361923 0.879728
0.362022 0.879728
0.362121 0.879728
0.362221 0.879728
0.362320 0.879728
0.362419 0.879728
0.362519 0.879433
0.362618 0.879433
0.362717 0.879433
0.362817 0.879433
0.362916 0.879433
0.363015 0.879433
0.363115 0.879433
0.363214 0.879433
0.363313 0.879433
0.363413 0.879433
0.363512 0.879433
0.363611 0.879433
0.363711 0.879137
0.363810 0.879137
0.363909 0.879137
0.364009 0.879137
0.364108 0.879137
0.364207 0.878546
0.364307 0.878546
0.364406 0.878546
0.364505 0.878251
0.364605 0.878251
0.364704 0.877955
0.364803 0.877955
0.364903 0.877955
0.365002 0.877660
0.365102 0.877660
0.365201 0.877660
0.365300 0.877660
0.365400 0.877660
0.365499 0.877660
0.365598 0.877660
0.365698 0.877660
0.365797 0.877660
0.365896 0.877660
0.365996 0.877364
0.366095 0.877069
0.366194 0.876773
0.366294 0.876773
0.366393 0.876773
0.366492 0.876773
0.366592 0.876773
0.366691 0.876773
0.366790 0.876773
0.366890 0.876478
0.366989 0.876478
0.367088 0.876478
0.367188 0.876478
0.367287 0.876478
0.367386 0.876182
0.367486 0.876182
0.367585 0.876182
0.367684 0.876182
0.367784 0.876182
0.367883 0.876182
0.367982 0.876182
0.368082 0.876182
0.368181 0.876182
0.368280 0.876182
0.368380 0.876182
0.368479 0.875887
0.368578 0.875887
0.368678 0.875887
0.368777 0.875887
0.368876 0.875887
0.368976 0.875591
0.369075 0.875591
0.369174 0.875591
0.369274 0.875591
0.369373 0.875296
0.369472 0.875296
0.369572 0.875296
0.369671 0.875296
0.369770 0.875296
0.369870 0.875296
0.369969 0.874704
0.370068 0.874704
0.370168 0.874704
0.370267 0.874704
0.370366 0.874704
0.370466 0.874704
0.370565 0.874704
0.370664 0.874704
0.370764 0.874704
0.370863 0.874409
0.370962 0.874409
0.371062 0.874409
0.371161 0.874409
0.371260 0.874409
0.371360 0.874409
0.371459 0.874409
0.371558 0.874409
0.371658 0.874113
0.371757 0.874113
0.371856 0.874113
0.371956 0.874113
0.372055 0.873818
0.372154 0.873818
0.372254 0.873522
0.372353 0.873522
0.372452 0.873522
0.372552 0.873522
0.372651 0.873522
0.372750 0.873522
0.372850 0.873522
0.372949 0.873522
0.373049 0.873522
0.373148 0.873522
0.373247 0.873522
0.373347 0.873522
0.373446 0.873522
0.373545 0.873522
0.373645 0.873522
0.373744 0.873522
0.373843 0.873522
0.373943 0.873522
0.374042 0.873522
0.374141 0.873522
0.374241 0.873522
0.374340 0.873522
0.374439 0.873522
0.374539 0.873227
0.374638 0.873227
0.374737 0.873227
0.374837 0.873227
0.374936 0.873227
0.375035 0.873227
0.375135 0.872931
0.375234 0.872931
0.375333 0.872931
0.375433 0.872636
0.375532 0.872340
0.375631 0.872340
0.375731 0.872340
0.375830 0.872045
0.375929 0.872045
0.376029 0.871749
0.376128 0.871749
0.376227 0.871749
0.376327 0.871749
0.376426 0.871749
0.376525 0.871454
0.376625 0.871158
0.376724 0.871158
0.376823 0.871158
0.376923 0.870863
0.377022 0.870863
0.377121 0.870863
0.377221 0.870863
0.377320 0.870863
0.377419 0.870863
0.377519 0.870863
0.377618 0.870863
0.377717 0.870863
0.377817 0.870567
0.377916 0.870272
0.378015 0.869976
0.378115 0.869976
0.378214 0.869976
0.378313 0.869976
0.378413 0.869976
0.378512 0.869976
0.378611 0.869976
0.378711 0.869976
0.378810 0.869976
0.378909 0.869976
0.379009 0.869976
0.379108 0.869976
0.379207 0.869681
0.379307 0.869681
0.379406 0.869681
0.379505 0.869681
0.379605 0.869385
0.379704 0.869385
0.379803 0.869090
0.379903 0.869090
0.380002 0.869090
0.380101 0.869090
0.380201 0.869090
0.380300 0.868794
0.380399 0.868499
0.380499 0.868499
0.380598 0.868203
0.380698 0.868203
0.380797 0.868203
0.380896 0.867908
0.380996 0.867908
0.381095 0.867612
0.381194 0.867612
0.381294 0.867612
0.381393 0.867612
0.381492 0.867317
0.381592 0.867021
0.381691 0.866726
0.381790 0.866726
0.381890 0.866726
0.381989 0.866726
0.382088 0.866726
0.382188 0.866726
0.382287 0.866726
0.382386 0.866726
0.382486 0.866726
0.382585 0.866430
0.382684 0.866430
0.382784 0.866430
0.382883 0.866430
0.382982 0.866135
0.383082 0.866135
0.383181 0.866135
0.383280 0.866135
0.383380 0.866135
0.383479 0.866135
0.383578 0.866135
0.383678 0.866135
0.383777 0.866135
0.383876 0.866135
0.383976 0.866135
0.384075 0.866135
0.384174 0.866135
0.384274 0.866135
0.384373 0.866135
0.384472 0.866135
0.384572 0.866135
0.384671 0.866135
0.384770 0.866135
0.384870 0.866135
0.384969 0.865839
0.385068 0.865839
0.385168 0.865839
0.385267 0.865839
0.385366 0.865839
0.385466 0.865839
0.385565 0.865839
0.385664 0.865839
0.385764 0.865839
0.385863 0.865839
0.385962 0.865839
0.386062 0.865839
0.386161 0.865544
0.386260 0.865248
0.386360 0.865248
0.386459 0.865248
0.386558 0.865248
0.386658 0.864953
0.386757 0.864953
0.386856 0.864953
0.386956 0.864953
0.387055 0.864953
0.387154 0.864953
0.387254 0.864657
0.387353 0.864657
0.387452 0.864657
0.387552 0.864657
0.387651 0.864657
0.387750 0.864657
0.387850 0.864362
0.387949 0.864066
0.388048 0.864066
0.388148 0.864066
0.388247 0.864066
0.388346 0.864066
0.388446 0.864066
0.388545 0.864066
0.388645 0.864066
0.388744 0.864066
0.388843 0.863771
0.388943 0.863771
0.389042 0.863771
0.389141 0.863771
0.389241 0.863475
0.389340 0.863475
0.389439 0.863475
0.389539 0.863475
0.389638 0.863475
0.389737 0.863180
0.389837 0.863180
0.389936 0.862589
0.390035 0.862589
0.390135 0.862589
0.390234 0.862589
0.390333 0.862589
0.390433 0.862589
0.390532 0.862589
0.390631 0.862293
0.390731 0.862293
0.390830 0.862293
0.390929 0.862293
0.391029 0.862293
0.391128 0.861998
0.391227 0.861998
0.391327 0.861998
0.391426 0.861998
0.391525 0.861998
0.391625 0.861998
0.391724 0.861702
0.391823 0.861407
0.391923 0.861407
0.392022 0.861407
0.392121 0.861111
0.392221 0.860816
0.392320 0.860520
0.392419 0.860520
0.392519 0.860520
0.392618 0.860520
0.392717 0.860225
0.392817 0.860225
0.392916 0.860225
0.393015 0.860225
0.393115 0.860225
0.393214 0.859929
0.393313 0.859929
0.393413 0.859929
0.393512 0.859929
0.393611 0.859929
0.393711 0.859929
0.393810 0.859929
0.393909 0.859929
0.394009 0.859929
0.394108 0.859929
0.394207 0.859929
0.394307 0.859929
0.394406 0.859929
0.394505 0.859929
0.394605 0.859929
0.394704 0.859929
0.394803 0.859929
0.394903 0.859634
0.395002 0.859634
0.395101 0.859043
0.395201 0.859043
0.395300 0.859043
0.395399 0.859043
0.395499 0.859043
0.395598 0.859043
0.395697 0.859043
0.395797 0.859043
0.395896 0.859043
0.395995 0.859043
0.396095 0.859043
0.396194 0.859043
0.396294 0.859043
0.396393 0.858747
0.396492 0.858747
0.396592 0.858747
0.396691 0.858747
0.396790 0.858747
0.396890 0.858452
0.396989 0.858452
0.397088 0.858452
0.397188 0.858452
0.397287 0.858452
0.397386 0.858452
0.397486 0.857861
0.397585 0.857861
0.397684 0.857861
0.397784 0.857861
0.397883 0.857861
0.397982 0.857861
0.398082 0.857861
0.398181 0.857861
0.398280 0.857861
0.398380 0.857861
0.398479 0.857861
0.398578 0.857861
0.398678 0.857565
0.398777 0.857565
0.398876 0.857565
0.398976 0.857270
0.399075 0.857270
0.399174 0.857270
0.399274 0.856974
0.399373 0.856974
0.399472 0.856974
0.399572 0.856974
0.399671 0.856974
0.399770 0.856974
0.399870 0.856974
0.399969 0.856383
0.400068 0.856383
0.400168 0.856383
0.400267 0.856383
0.400366 0.856383
0.400466 0.855496
0.400565 0.855496
0.400664 0.855496
0.400764 0.855496
0.400863 0.855496
0.400962 0.855496
0.401062 0.855496
0.401161 0.855496
0.401260 0.855201
0.401360 0.855201
0.401459 0.855201
0.401558 0.854905
0.401658 0.854905
0.401757 0.854905
0.401856 0.854905
0.401956 0.854905
0.402055 0.854905
0.402154 0.854905
0.402254 0.854905
0.402353 0.854905
0.402452 0.854905
0.402552 0.854610
0.402651 0.854610
0.402750 0.854610
0.402850 0.854314
0.402949 0.854314
0.403048 0.854019
0.403148 0.853723
0.403247 0.853723
0.403346 0.853723
0.403446 0.853723
0.403545 0.853723
0.403644 0.853723
0.403744 0.853723
0.403843 0.853723
0.403942 0.853428
0.404042 0.853428
0.404141 0.853428
0.404241 0.853428
0.404340 0.853428
0.404439 0.853428
0.404539 0.853428
0.404638 0.853428
0.404737 0.853428
0.404837 0.853428
0.404936 0.853428
0.405035 0.853428
0.405135 0.853428
0.405234 0.853428
0.405333 0.853428
0.405433 0.853428
0.405532 0.853132
0.405631 0.853132
0.405731 0.853132
0.405830 0.853132
0.405929 0.853132
0.406029 0.853132
0.406128 0.853132
0.406227 0.853132
0.406327 0.852837
0.406426 0.852837
0.406525 0.852837
0.406625 0.852541
0.406724 0.852541
0.406823 0.852541
0.406923 0.852541
0.407022 0.852541
0.407121 0.852541
0.407221 0.852541
0.407320 0.852541
0.407419 0.852246
0.407519 0.851950
0.407618 0.851655
0.407717 0.851655
0.407817 0.851655
0.407916 0.851359
0.408015 0.851064
0.408115 0.851064
0.408214 0.851064
0.408313 0.851064
0.408413 0.851064
0.408512 0.851064
0.408611 0.851064
0.408711 0.851064
0.408810 0.851064
0.408909 0.851064
0.409009 0.851064
0.409108 0.851064
0.409207 0.851064
0.409307 0.850768
0.409406 0.850768
0.409505 0.850768
0.409605 0.850768
0.409704 0.850768
0.409803 0.850768
0.409903 0.850768
0.410002 0.850768
0.410101 0.850768
0.410201 0.850768
0.410300 0.850473
0.410399 0.850177
0.410499 0.850177
0.410598 0.849882
0.410697 0.849586
0.410797 0.849586
0.410896 0.849586
0.410995 0.849586
0.411095 0.849586
0.411194 0.849586
0.411293 0.849586
0.411393 0.849291
0.411492 0.849291
0.411591 0.848995
0.411691 0.848995
0.411790 0.848700
0.411890 0.848700
0.411989 0.848700
0.412088 0.848700
0.412188 0.848404
0.412287 0.848404
0.412386 0.848404
0.412486 0.848109
0.412585 0.848109
0.412684 0.848109
0.412784 0.847813
0.412883 0.847813
0.412982 0.847813
0.413082 0.847813
0.413181 0.847813
0.413280 0.847518
0.413380 0.847518
0.413479 0.847222
0.413578 0.846927
0.413678 0.846927
0.413777 0.846927
0.413876 0.846927
0.413976 0.846631
0.414075 0.846336
0.414174 0.846336
0.414274 0.846336
0.414373 0.846336
0.414472 0.846336
0.414572 0.846040
0.414671 0.846040
0.414770 0.846040
0.414870 0.846040
0.414969 0.846040
0.415068 0.846040
0.415168 0.846040
0.415267 0.846040
0.415366 0.845745
0.415466 0.845745
0.415565 0.845745
0.415664 0.845745
0.415764 0.845449
0.415863 0.844858
0.415962 0.844858
0.416062 0.844858
0.416161 0.844858
0.416260 0.844858
0.416360 0.844858
0.416459 0.844563
0.416558 0.844563
0.416658 0.844563
0.416757 0.844563
0.416856 0.844563
0.416956 0.844563
0.417055 0.844267
0.417154 0.844267
0.417254 0.844267
0.417353 0.844267
0.417452 0.843972
0.417552 0.843972
0.417651 0.843972
0.417750 0.843676
0.417850 0.843676
0.417949 0.843676
0.418048 0.843085
0.418148 0.843085
0.418247 0.843085
0.418346 0.842790
0.418446 0.842790
0.418545 0.842790
0.418644 0.842790
0.418744 0.842790
0.418843 0.842790
0.418942 0.842790
0.419042 0.842790
0.419141 0.842494
0.419240 0.842199
0.419340 0.842199
0.419439 0.842199
0.419538 0.842199
0.419638 0.842199
0.419737 0.842199
0.419837 0.842199
0.419936 0.841903
0.420035 0.841903
0.420135 0.841903
0.420234 0.841608
0.420333 0.841608
0.420433 0.841608
0.420532 0.841312
0.420631 0.841312
0.420731 0.841312
0.420830 0.841312
0.420929 0.841312
0.421029 0.841312
0.421128 0.841312
0.421227 0.841312
0.421327 0.841312
0.421426 0.841312
0.421525 0.841312
0.421625 0.841312
0.421724 0.841312
0.421823 0.841312
0.421923 0.841017
0.422022 0.840721
0.422121 0.840426
0.422221 0.840130
0.422320 0.840130
0.422419 0.840130
0.422519 0.840130
0.422618 0.840130
0.422717 0.840130
0.422817 0.839539
0.422916 0.839539
0.423015 0.839243
0.423115 0.838948
0.423214 0.838652
0.423313 0.838652
0.423413 0.838652
0.423512 0.838652
0.423611 0.838652
0.423711 0.838652
0.423810 0.838652
0.423909 0.838652
0.424009 0.838652
0.424108 0.838652
0.424207 0.838357
0.424307 0.838357
0.424406 0.838357
0.424505 0.838357
0.424605 0.838061
0.424704 0.838061
0.424803 0.838061
0.424903 0.837766
0.425002 0.837766
0.425101 0.837766
0.425201 0.837766
0.425300 0.837766
0.425399 0.837766
0.425499 0.837766
0.425598 0.837766
0.425697 0.837766
0.425797 0.837470
0.425896 0.837470
0.425995 0.836879
0.426095 0.836879
0.426194 0.836879
0.426293 0.836879
0.426393 0.836879
0.426492 0.836879
0.426591 0.836879
0.426691 0.836879
0.426790 0.836879
0.426889 0.836584
0.426989 0.836584
0.427088 0.836584
0.427187 0.836288
0.427287 0.835697
0.427386 0.835697
0.427486 0.835697
0.427585 0.835697
0.427684 0.835402
0.427784 0.835402
0.427883 0.835402
0.427982 0.835402
0.428082 0.835106
0.428181 0.835106
0.428280 0.835106
0.428380 0.835106
0.428479 0.834811
0.428578 0.834811
0.428678 0.834811
0.428777 0.834811
0.428876 0.834811
0.428976 0.834811
0.429075 0.834811
0.429174 0.834811
0.429274 0.834515
0.429373 0.833924
0.429472 0.833924
0.429572 0.833629
0.429671 0.833629
0.429770 0.833333
0.429870 0.833333
0.429969 0.833038
0.430068 0.833038
0.430168 0.833038
0.430267 0.833038
0.430366 0.833038
0.430466 0.832742
0.430565 0.832742
0.430664 0.832742
0.430764 0.832742
0.430863 0.832742
0.430962 0.832742
0.431062 0.832742
0.431161 0.832742
0.431260 0.832447
0.431360 0.832447
0.431459 0.832447
0.431558 0.832447
0.431658 0.832447
0.431757 0.832447
0.431856 0.832151
0.431956 0.831856
0.432055 0.831856
0.432154 0.831560
0.432254 0.831560
0.432353 0.831560
0.432452 0.831560
0.432552 0.831560
0.432651 0.831560
0.432750 0.831560
0.432850 0.831560
0.432949 0.831560
0.433048 0.831560
0.433148 0.831560
0.433247 0.831560
0.433346 0.831265
0.433446 0.831265
0.433545 0.831265
0.433644 0.831265
0.433744 0.831265
0.433843 0.831265
0.433942 0.831265
0.434042 0.830969
0.434141 0.830969
0.434240 0.830969
0.434340 0.830674
0.434439 0.830378
0.434538 0.830378
0.434638 0.830083
0.434737 0.830083
0.434836 0.829787
0.434936 0.829787
0.435035 0.829787
0.435134 0.829787
0.435234 0.829787
0.435333 0.829787
0.435433 0.829787
0.435532 0.829787
0.435631 0.829787
0.435731 0.829787
0.435830 0.829787
0.435929 0.829787
0.436029 0.829492
0.436128 0.829492
0.436227 0.829492
0.436327 0.828901
0.436426 0.828605
0.436525 0.828605
0.436625 0.828605
0.436724 0.828605
0.436823 0.828605
0.436923 0.828605
0.437022 0.828605
0.437121 0.828605
0.437221 0.828605
0.437320 0.828605
0.437419 0.828605
0.437519 0.828605
0.437618 0.828605
0.437717 0.828605
0.437817 0.828605
0.437916 0.828605
0.438015 0.828605
0.438115 0.828605
0.438214 0.828605
0.438313 0.828605
0.438413 0.828605
0.438512 0.828605
0.438611 0.828605
0.438711 0.828605
0.438810 0.828605
0.438909 0.828605
0.439009 0.828605
0.439108 0.828605
0.439207 0.828605
0.439307 0.828605
0.439406 0.828605
0.439505 0.828605
0.439605 0.828605
0.439704 0.828605
0.439803 0.828605
0.439903 0.828605
0.440002 0.828605
0.440101 0.828605
0.440201 0.828605
0.440300 0.828605
0.440399 0.828310
0.440499 0.828310
0.440598 0.828310
0.440697 0.828310
0.440797 0.828014
0.440896 0.828014
0.440995 0.828014
0.441095 0.827719
0.441194 0.827719
0.441293 0.827719
0.441393 0.827719
0.441492 0.827719
0.441591 0.827719
0.441691 0.827423
0.441790 0.827423
0.441889 0.826832
0.441989 0.826832
0.442088 0.826832
0.442187 0.826537
0.442287 0.826537
0.442386 0.825650
0.442485 0.825650
0.442585 0.825650
0.442684 0.825355
0.442783 0.825355
0.442883 0.825355
0.442982 0.825355
0.443082 0.825355
0.443181 0.824764
0.443280 0.824468
0.443380 0.824468
0.443479 0.824173
0.443578 0.824173
0.443678 0.824173
0.443777 0.824173
0.443876 0.823877
0.443976 0.823877
0.444075 0.823877
0.444174 0.823877
0.444274 0.823877
0.444373 0.823582
0.444472 0.823582
0.444572 0.823582
0.444671 0.823582
0.444770 0.823582
0.444870 0.823286
0.444969 0.823286
0.445068 0.823286
0.445168 0.822991
0.445267 0.822991
0.445366 0.822991
0.445466 0.822991
0.445565 0.822991
0.445664 0.822991
0.445764 0.822991
0.445863 0.822695
0.445962 0.822695
0.446062 0.822400
0.446161 0.822400
0.446260 0.822400
0.446360 0.822400
0.446459 0.822104
0.446558 0.821513
0.446658 0.821513
0.446757 0.821513
0.446856 0.821217
0.446956 0.821217
0.447055 0.820331
0.447154 0.820331
0.447254 0.820331
0.447353 0.820331
0.447452 0.820331
0.447552 0.820035
0.447651 0.820035
0.447750 0.820035
0.447850 0.819740
0.447949 0.819740
0.448048 0.819444
0.448148 0.819444
0.448247 0.819444
0.448346 0.819149
0.448446 0.818853
0.448545 0.818853
0.448644 0.818853
0.448744 0.818853
0.448843 0.818558
0.448942 0.818558
0.449042 0.818558
0.449141 0.818558
0.449240 0.818558
0.449340 0.818558
0.449439 0.818558
0.449538 0.818558
0.449638 0.818558
0.449737 0.818558
0.449836 0.818558
0.449936 0.818558
0.450035 0.818558
0.450134 0.818558
0.450234 0.818558
0.450333 0.818558
0.450432 0.817967
0.450532 0.817967
0.450631 0.817967
0.450730 0.817967
0.450830 0.817671
0.450929 0.817671
0.451029 0.817671
0.451128 0.817671
0.451227 0.817376
0.451327 0.817376
0.451426 0.816785
0.451525 0.816785
0.451625 0.816489
0.451724 0.816194
0.451823 0.816194
0.451923 0.816194
0.452022 0.816194
0.452121 0.816194
0.452221 0.816194
0.452320 0.816194
0.452419 0.816194
0.452519 0.815898
0.452618 0.815898
0.452717 0.815898
0.452817 0.815898
0.452916 0.815603
0.453015 0.815603
0.453115 0.815603
0.453214 0.815603
0.453313 0.815603
0.453413 0.815603
0.453512 0.815603
0.453611 0.815307
0.453711 0.815307
0.453810 0.815012
0.453909 0.815012
0.454009 0.815012
0.454108 0.814716
0.454207 0.814716
0.454307 0.814421
0.454406 0.814125
0.454505 0.814125
0.454605 0.814125
0.454704 0.814125
0.454803 0.814125
0.454903 0.813830
0.455002 0.813830
0.455101 0.813830
0.455201 0.813534
0.455300 0.813534
0.455399 0.813239
0.455499 0.813239
0.455598 0.813239
0.455697 0.812943
0.455797 0.812943
0.455896 0.812943
0.455995 0.812648
0.456095 0.812648
0.456194 0.812648
0.456293 0.812648
0.456393 0.812648
0.456492 0.812648
0.456591 0.812648
0.456691 0.812648
0.456790 0.812648
0.456889 0.812352
0.456989 0.812352
0.457088 0.812352
0.457187 0.812352
0.457287 0.812352
0.457386 0.812352
0.457485 0.812352
0.457585 0.812352
0.457684 0.812352
0.457783 0.812352
0.457883 0.812352
0.457982 0.812057
0.458081 0.812057
0.458181 0.812057
0.458280 0.812057
0.458379 0.811761
0.458479 0.811761
0.458578 0.811761
0.458678 0.811170
0.458777 0.810875
0.458876 0.810875
0.458976 0.810875
0.459075 0.810875
0.459174 0.810579
0.459274 0.810579
0.459373 0.810579
0.459472 0.810284
0.459572 0.810284
0.459671 0.810284
0.459770 0.809988
0.459870 0.809693
0.459969 0.809693
0.460068 0.809693
0.460168 0.809397
0.460267 0.809102
0.460366 0.808806
0.460466 0.808806
0.460565 0.808511
0.460664 0.808511
0.460764 0.808511
0.460863 0.808511
0.460962 0.808511
0.461062 0.808215
0.461161 0.808215
0.461260 0.808215
0.461360 0.808215
0.461459 0.808215
0.461558 0.808215
0.461658 0.808215
0.461757 0.807920
0.461856 0.807920
0.461956 0.807624
0.462055 0.807624
0.462154 0.807624
0.462254 0.807624
0.462353 0.807329
0.462452 0.807329
0.462552 0.807033
0.462651 0.806738
0.462750 0.806738
0.462850 0.806738
0.462949 0.806738
0.463048 0.806738
0.463148 0.806738
0.463247 0.806442
0.463346 0.806442
0.463446 0.806442
0.463545 0.806442
0.463644 0.806442
0.463744 0.806147
0.463843 0.806147
0.463942 0.806147
0.464042 0.806147
0.464141 0.806147
0.464240 0.805851
0.464340 0.805851
0.464439 0.805851
0.464538 0.805851
0.464638 0.805851
0.464737 0.805851
0.464836 0.805851
0.464936 0.805556
0.465035 0.805260
0.465134 0.805260
0.465234 0.805260
0.465333 0.805260
0.465432 0.805260
0.465532 0.805260
0.465631 0.805260
0.465730 0.805260
0.465830 0.804965
0.465929 0.804965
0.466028 0.804965
0.466128 0.804965
0.466227 0.804669
0.466326 0.804669
0.466426 0.804669
0.466525 0.804669
0.466625 0.804374
0.466724 0.804374
0.466823 0.804374
0.466923 0.804374
0.467022 0.804078
0.467121 0.804078
0.467221 0.804078
0.467320 0.804078
0.467419 0.803783
0.467519 0.803783
0.467618 0.803487
0.467717 0.803487
0.467817 0.803191
0.467916 0.802896
0.468015 0.802600
0.468115 0.802600
0.468214 0.802600
0.468313 0.802600
0.468413 0.802305
0.468512 0.802009
0.468611 0.801418
0.468711 0.801418
0.468810 0.801123
0.468909 0.801123
0.469009 0.801123
0.469108 0.800827
0.469207 0.800532
0.469307 0.800236
0.469406 0.800236
0.469505 0.800236
0.469605 0.800236
0.469704 0.800236
0.469803 0.799941
0.469903 0.799941
0.470002 0.799941
0.470101 0.799941
0.470201 0.799645
0.470300 0.799645
0.470399 0.799645
0.470499 0.799350
0.470598 0.799350
0.470697 0.799350
0.470797 0.799350
0.470896 0.799350
0.470995 0.799350
0.471095 0.799350
0.471194 0.799350
0.471293 0.799350
0.471393 0.799350
0.471492 0.799350
0.471591 0.799350
0.471691 0.799350
0.471790 0.798759
0.471889 0.798759
0.471989 0.798759
0.472088 0.798759
0.472187 0.798463
0.472287 0.798463
0.472386 0.798463
0.472485 0.798463
0.472585 0.798463
0.472684 0.798463
0.472783 0.798463
0.472883 0.798168
0.472982 0.798168
0.473081 0.797872
0.473181 0.797872
0.473280 0.797577
0.473379 0.797577
0.473479 0.797577
0.473578 0.797577
0.473677 0.797577
0.473777 0.797281
0.473876 0.797281
0.473975 0.797281
0.474075 0.797281
0.474174 0.796986
0.474274 0.796986
0.474373 0.796986
0.474472 0.796986
0.474572 0.796690
0.474671 0.796690
0.474770 0.796690
0.474870 0.796395
0.474969 0.796099
0.475068 0.796099
0.475168 0.796099
0.475267 0.796099
0.475366 0.796099
0.475466 0.795804
0.475565 0.795804
0.475664 0.795804
0.475764 0.795804
0.475863 0.795804
0.475962 0.795804
0.476062 0.795804
0.476161 0.795508
0.476260 0.795508
0.476360 0.795508
0.476459 0.795508
0.476558 0.795213
0.476658 0.794622
0.476757 0.794622
0.476856 0.794326
0.476956 0.794326
0.477055 0.794326
0.477154 0.794031
0.477254 0.794031
0.477353 0.793735
0.477452 0.793440
0.477552 0.793440
0.477651 0.793440
0.477750 0.793144
0.477850 0.793144
0.477949 0.793144
0.478048 0.793144
0.478148 0.793144
0.478247 0.793144
0.478346 0.793144
0.478446 0.793144
0.478545 0.793144
0.478644 0.793144
0.478744 0.793144
0.478843 0.793144
0.478942 0.793144
0.479042 0.793144
0.479141 0.793144
0.479240 0.792849
0.479340 0.792849
0.479439 0.792258
0.479538 0.792258
0.479638 0.791962
0.479737 0.791962
0.479836 0.791962
0.479936 0.791962
0.480035 0.791667
0.480134 0.791667
0.480234 0.791667
0.480333 0.791076
0.480432 0.791076
0.480532 0.791076
0.480631 0.790780
0.480730 0.790485
0.480830 0.790485
0.480929 0.790189
0.481028 0.789894
0.481128 0.789894
0.481227 0.789894
0.481326 0.789598
0.481426 0.789598
0.481525 0.789303
0.481624 0.789303
0.481724 0.789303
0.481823 0.789303
0.481922 0.789303
0.482022 0.789303
0.482121 0.789007
0.482221 0.789007
0.482320 0.789007
0.482419 0.788712
0.482519 0.788712
0.482618 0.788712
0.482717 0.788712
0.482817 0.788712
0.482916 0.788712
0.483015 0.788712
0.483115 0.788712
0.483214 0.788712
0.483313 0.788416
0.483413 0.788416
0.483512 0.788121
0.483611 0.788121
0.483711 0.788121
0.483810 0.788121
0.483909 0.788121
0.484009 0.788121
0.484108 0.788121
0.484207 0.788121
0.484307 0.788121
0.484406 0.788121
0.484505 0.788121
0.484605 0.788121
0.484704 0.788121
0.484803 0.787825
0.484903 0.787825
0.485002 0.787825
0.485101 0.787825
0.485201 0.787530
0.485300 0.787530
0.485399 0.787530
0.485499 0.787234
0.485598 0.786939
0.485697 0.786052
0.485797 0.786052
0.485896 0.786052
0.485995 0.786052
0.486095 0.786052
0.486194 0.786052
0.486293 0.786052
0.486393 0.786052
0.486492 0.786052
0.486591 0.786052
0.486691 0.786052
0.486790 0.785461
0.486889 0.785461
0.486989 0.785165
0.487088 0.784870
0.487187 0.784574
0.487287 0.784574
0.487386 0.784574
0.487485 0.784574
0.487585 0.784574
0.487684 0.784574
0.487783 0.784279
0.487883 0.783983
0.487982 0.783688
0.488081 0.783097
0.488181 0.783097
0.488280 0.783097
0.488379 0.783097
0.488479 0.783097
0.488578 0.783097
0.488677 0.783097
0.488777 0.782801
0.488876 0.782506
0.488975 0.782506
0.489075 0.782506
0.489174 0.782210
0.489273 0.781915
0.489373 0.781915
0.489472 0.781915
0.489571 0.781915
0.489671 0.781915
0.489770 0.781619
0.489870 0.781324
0.489969 0.781324
0.490068 0.781028
0.490168 0.781028
0.490267 0.781028
0.490366 0.781028
0.490466 0.781028
0.490565 0.781028
0.490664 0.781028
0.490764 0.781028
0.490863 0.781028
0.490962 0.781028
0.491062 0.781028
0.491161 0.781028
0.491260 0.781028
0.491360 0.781028
0.491459 0.781028
0.491558 0.781028
0.491658 0.781028
0.491757 0.781028
0.491856 0.781028
0.491956 0.780733
0.492055 0.780733
0.492154 0.780733
0.492254 0.780437
0.492353 0.780437
0.492452 0.779551
0.492552 0.779255
0.492651 0.779255
0.492750 0.779255
0.492850 0.779255
0.492949 0.779255
0.493048 0.779255
0.493148 0.779255
0.493247 0.778960
0.493346 0.778960
0.493446 0.778960
0.493545 0.778960
0.493644 0.778960
0.493744 0.778960
0.493843 0.778664
0.493942 0.778664
0.494042 0.778664
0.494141 0.778664
0.494240 0.778664
0.494340 0.778369
0.494439 0.778369
0.494538 0.778369
0.494638 0.778369
0.494737 0.778369
0.494836 0.778369
0.494936 0.778073
0.495035 0.778073
0.495134 0.778073
0.495234 0.778073
0.495333 0.778073
0.495432 0.777778
0.495532 0.777187
0.495631 0.777187
0.495730 0.777187
0.495830 0.776891
0.495929 0.776891
0.496028 0.776596
0.496128 0.776300
0.496227 0.776300
0.496326 0.776300
0.496426 0.776300
0.496525 0.776005
0.496624 0.776005
0.496724 0.776005
0.496823 0.776005
0.496922 0.776005
0.497022 0.775709
0.497121 0.775709
0.497220 0.775709
0.497320 0.775709
0.497419 0.775414
0.497518 0.775414
0.497618 0.775118
0.497717 0.774823
0.497817 0.774823
0.497916 0.774823
0.498015 0.774823
0.498115 0.774823
0.498214 0.774823
0.498313 0.774823
0.498413 0.774527
0.498512 0.774527
0.498611 0.774232
0.498711 0.774232
0.498810 0.774232
0.498909 0.773345
0.499009 0.773345
0.499108 0.773345
0.499207 0.773345
0.499307 0.773050
0.499406 0.773050
0.499505 0.773050
0.499605 0.773050
0.499704 0.773050
0.499803 0.773050
0.499903 0.772754
0.500002 0.772754
0.500101 0.772754
0.500201 0.772754
0.500300 0.772754
0.500399 0.772459
0.500499 0.772459
0.500598 0.772459
0.500697 0.772459
0.500797 0.772459
0.500896 0.772163
0.500995 0.772163
0.501095 0.772163
0.501194 0.772163
0.501293 0.772163
0.501393 0.771868
0.501492 0.771868
0.501591 0.771868
0.501691 0.771868
0.501790 0.771868
0.501889 0.771868
0.501989 0.771868
0.502088 0.771868
0.502187 0.771868
0.502287 0.771868
0.502386 0.771868
0.502485 0.771572
0.502585 0.771572
0.502684 0.771572
0.502783 0.771572
0.502883 0.771572
0.502982 0.771572
0.503081 0.771572
0.503181 0.771572
0.503280 0.771572
0.503379 0.771572
0.503479 0.771277
0.503578 0.771277
0.503677 0.771277
0.503777 0.771277
0.503876 0.771277
0.503975 0.771277
0.504075 0.771277
0.504174 0.771277
0.504273 0.771277
0.504373 0.770686
0.504472 0.770390
0.504571 0.770095
0.504671 0.770095
0.504770 0.770095
0.504869 0.770095
0.504969 0.770095
0.505068 0.769799
0.505167 0.769799
0.505267 0.769504
0.505366 0.769504
0.505466 0.769504
0.505565 0.769208
0.505664 0.769208
0.505764 0.769208
0.505863 0.769208
0.505962 0.769208
0.506062 0.769208
0.506161 0.768913
0.506260 0.768913
0.506360 0.768617
0.506459 0.768617
0.506558 0.768617
0.506658 0.768322
0.506757 0.768026
0.506856 0.768026
0.506956 0.768026
0.507055 0.768026
0.507154 0.767435
0.507254 0.767435
0.507353 0.767139
0.507452 0.766844
0.507552 0.766253
0.507651 0.766253
0.507750 0.766253
0.507850 0.766253
0.507949 0.765957
0.508048 0.765662
0.508148 0.765662
0.508247 0.765662
0.508346 0.765662
0.508446 0.765662
0.508545 0.765662
0.508644 0.765366
0.508744 0.765366
0.508843 0.765366
0.508942 0.765071
0.509042 0.765071
0.509141 0.765071
0.509240 0.765071
0.509340 0.764775
0.509439 0.764775
0.509538 0.764775
0.509638 0.764775
0.509737 0.764775
0.509836 0.764775
0.509936 0.764775
0.510035 0.764480
0.510134 0.764480
0.510234 0.764184
0.510333 0.763889
0.510432 0.763889
0.510532 0.763889
0.510631 0.763593
0.510730 0.763593
0.510830 0.763593
0.510929 0.763593
0.511028 0.763593
0.511128 0.763002
0.511227 0.763002
0.511326 0.763002
0.511426 0.762707
0.511525 0.762707
0.511624 0.762116
0.511724 0.762116
0.511823 0.762116
0.511922 0.762116
0.512022 0.762116
0.512121 0.762116
0.512220 0.762116
0.512320 0.762116
0.512419 0.762116
0.512518 0.762116
0.512618 0.762116
0.512717 0.762116
0.512816 0.762116
0.512916 0.762116
0.513015 0.761820
0.513114 0.761820
0.513214 0.761820
0.513313 0.761820
0.513413 0.761820
0.513512 0.761820
0.513611 0.761525
0.513711 0.761525
0.513810 0.761525
0.513909 0.761525
0.514009 0.761525
0.514108 0.761525
0.514207 0.761525
0.514307 0.761525
0.514406 0.761525
0.514505 0.761525
0.514605 0.761525
0.514704 0.761229
0.514803 0.760934
0.514903 0.760934
0.515002 0.760638
0.515101 0.760638
0.515201 0.760638
0.515300 0.760638
0.515399 0.760343
0.515499 0.760343
0.515598 0.760343
0.515697 0.760343
0.515797 0.760343
0.515896 0.760047
0.515995 0.759456
0.516095 0.759456
0.516194 0.759456
0.516293 0.759456
0.516393 0.759456
0.516492 0.759456
0.516591 0.759161
0.516691 0.759161
0.516790 0.759161
0.516889 0.758865
0.516989 0.758865
0.517088 0.758865
0.517187 0.758570
0.517287 0.757979
0.517386 0.757979
0.517485 0.757683
0.517585 0.757388
0.517684 0.757092
0.517783 0.757092
0.517883 0.757092
0.517982 0.756501
0.518081 0.756501
0.518181 0.756501
0.518280 0.756501
0.518379 0.756501
0.518479 0.756501
0.518578 0.756501
0.518677 0.756501
0.518777 0.756501
0.518876 0.756501
0.518975 0.756501
0.519075 0.756501
0.519174 0.756501
0.519273 0.756501
0.519373 0.756501
0.519472 0.756501
0.519571 0.756206
0.519671 0.756206
0.519770 0.755910
0.519869 0.755910
0.519969 0.755615
0.520068 0.755615
0.520167 0.755615
0.520267 0.755615
0.520366 0.755319
0.520465 0.755319
0.520565 0.755319
0.520664 0.755319
0.520763 0.754728
0.520863 0.754433
0.520962 0.754433
0.521062 0.754433
0.521161 0.754433
0.521260 0.753842
0.521360 0.753842
0.521459 0.753546
0.521558 0.753546
0.521658 0.753251
0.521757 0.753251
0.521856 0.753251
0.521956 0.753251
0.522055 0.753251
0.522154 0.753251
0.522254 0.753251
0.522353 0.752955
0.522452 0.752955
0.522552 0.752660
0.522651 0.752660
0.522750 0.752364
0.522850 0.752364
0.522949 0.752364
0.523048 0.752069
0.523148 0.752069
0.523247 0.752069
0.523346 0.751773
0.523446 0.751773
0.523545 0.751478
0.523644 0.751478
0.523744 0.751478
0.523843 0.751478
0.523942 0.751478
0.524042 0.751478
0.524141 0.751478
0.524240 0.751478
0.524340 0.751478
0.524439 0.751478
0.524538 0.751478
0.524638 0.751478
0.524737 0.751478
0.524836 0.751478
0.524936 0.751478
0.525035 0.750887
0.525134 0.750887
0.525234 0.750887
0.525333 0.750591
0.525432 0.750591
0.525532 0.750591
0.525631 0.750296
0.525730 0.750296
0.525830 0.750296
0.525929 0.750296
0.526028 0.750000
0.526128 0.750000
0.526227 0.749704
0.526326 0.749409
0.526426 0.749113
0.526525 0.749113
0.526624 0.748818
0.526724 0.748522
0.526823 0.748522
0.526922 0.748227
0.527022 0.747931
0.527121 0.747636
0.527220 0.747636
0.527320 0.747636
0.527419 0.747636
0.527518 0.747636
0.527618 0.747636
0.527717 0.747636
0.527816 0.747636
0.527916 0.747636
0.528015 0.747340
0.528114 0.747340
0.528214 0.747340
0.528313 0.747340
0.528412 0.747340
0.528512 0.747045
0.528611 0.746749
0.528710 0.746749
0.528810 0.746749
0.528909 0.746749
0.529009 0.746749
0.529108 0.746749
0.529207 0.746749
0.529307 0.746158
0.529406 0.746158
0.529505 0.746158
0.529605 0.746158
0.529704 0.746158
0.529803 0.746158
0.529903 0.746158
0.530002 0.746158
0.530101 0.746158
0.530201 0.746158
0.530300 0.746158
0.530399 0.746158
0.530499 0.746158
0.530598 0.746158
0.530697 0.746158
0.530797 0.745863
0.530896 0.745863
0.530995 0.745863
0.531095 0.745863
0.531194 0.745863
0.531293 0.745863
0.531393 0.745863
0.531492 0.745567
0.531591 0.745567
0.531691 0.745272
0.531790 0.745272
0.531889 0.745272
0.531989 0.744976
0.532088 0.744681
0.532187 0.744681
0.532287 0.744681
0.532386 0.744681
0.532485 0.744681
0.532585 0.744681
0.532684 0.744681
0.532783 0.744681
0.532883 0.744681
0.532982 0.744681
0.533081 0.744681
0.533181 0.744681
0.533280 0.744385
0.533379 0.744385
0.533479 0.744090
0.533578 0.744090
0.533677 0.743499
0.533777 0.743499
0.533876 0.743499
0.533975 0.743499
0.534075 0.743499
0.534174 0.743203
0.534273 0.743203
0.534373 0.743203
0.534472 0.743203
0.534571 0.743203
0.534671 0.743203
0.534770 0.743203
0.534869 0.743203
0.534969 0.742612
0.535068 0.742317
0.535167 0.742317
0.535267 0.742317
0.535366 0.742317
0.535465 0.742317
0.535565 0.742021
0.535664 0.741726
0.535763 0.741430
0.535863 0.741430
0.535962 0.741430
0.536061 0.741430
0.536161 0.741135
0.536260 0.741135
0.536359 0.741135
0.536459 0.741135
0.536558 0.741135
0.536658 0.740544
0.536757 0.740248
0.536856 0.740248
0.536956 0.740248
0.537055 0.740248
0.537154 0.740248
0.537254 0.739953
0.537353 0.739953
0.537452 0.739953
0.537552 0.739657
0.537651 0.739657
0.537750 0.739657
0.537850 0.739362
0.537949 0.739066
0.538048 0.739066
0.538148 0.738771
0.538247 0.738771
0.538346 0.738771
0.538446 0.738771
0.538545 0.738475
0.538644 0.738475
0.538744 0.738180
0.538843 0.738180
0.538942 0.738180
0.539042 0.737884
0.539141 0.737884
0.539240 0.737884
0.539340 0.737884
0.539439 0.737293
0.539538 0.737293
0.539638 0.736998
0.539737 0.736702
0.539836 0.736702
0.539936 0.736702
0.540035 0.736702
0.540134 0.736702
0.540234 0.736702
0.540333 0.736702
0.540432 0.736702
0.540532 0.736702
0.540631 0.736702
0.540730 0.736702
0.540830 0.736702
0.540929 0.736407
0.541028 0.736111
0.541128 0.736111
0.541227 0.736111
0.541326 0.735816
0.541426 0.735816
0.541525 0.735816
0.541624 0.735520
0.541724 0.735520
0.541823 0.735520
0.541922 0.735520
0.542022 0.735520
0.542121 0.735520
0.542220 0.735520
0.542320 0.735225
0.542419 0.734929
0.542518 0.734929
0.542618 0.734634
0.542717 0.734634
0.542816 0.734338
0.542916 0.734338
0.543015 0.734338
0.543114 0.734338
0.543214 0.734338
0.543313 0.734338
0.543412 0.734338
0.543512 0.734043
0.543611 0.734043
0.543710 0.734043
0.543810 0.733747
0.543909 0.733747
0.544008 0.733747
0.544108 0.733747
0.544207 0.733747
0.544306 0.733747
0.544406 0.733452
0.544505 0.733452
0.544605 0.733156
0.544704 0.733156
0.544803 0.733156
0.544903 0.733156
0.545002 0.733156
0.545101 0.733156
0.545201 0.732565
0.545300 0.732565
0.545399 0.732565
0.545499 0.731974
0.545598 0.731974
0.545697 0.731678
0.545797 0.731383
0.545896 0.731087
0.545995 0.731087
0.546095 0.730792
0.546194 0.730496
0.546293 0.730496
0.546393 0.730496
0.546492 0.730496
0.546591 0.730496
0.546691 0.730496
0.546790 0.730496
0.546889 0.730496
0.546989 0.730496
0.547088 0.730496
0.547187 0.730496
0.547287 0.730496
0.547386 0.730201
0.547485 0.730201
0.547585 0.730201
0.547684 0.730201
0.547783 0.730201
0.547883 0.730201
0.547982 0.730201
0.548081 0.729905
0.548181 0.729610
0.548280 0.729610
0.548379 0.729610
0.548479 0.729610
0.548578 0.729610
0.548677 0.729314
0.548777 0.729314
0.548876 0.729314
0.548975 0.729314
0.549075 0.729019
0.549174 0.728428
0.549273 0.728428
0.549373 0.728428
0.549472 0.728132
0.549571 0.727837
0.549671 0.727837
0.549770 0.727837
0.549869 0.727837
0.549969 0.726950
0.550068 0.726359
0.550167 0.726359
0.550267 0.726359
0.550366 0.726359
0.550465 0.726064
0.550565 0.726064
0.550664 0.726064
0.550763 0.726064
0.550863 0.726064
0.550962 0.726064
0.551061 0.726064
0.551161 0.726064
0.551260 0.725768
0.551359 0.725768
0.551459 0.725768
0.551558 0.725768
0.551657 0.725768
0.551757 0.725768
0.551856 0.725473
0.551955 0.725473
0.552055 0.725177
0.552154 0.725177
0.552253 0.725177
0.552353 0.725177
0.552452 0.724882
0.552552 0.724882
0.552651 0.724882
0.552750 0.724586
0.552850 0.724586
0.552949 0.724586
0.553048 0.724291
0.553148 0.723995
0.553247 0.723995
0.553346 0.723995
0.553446 0.723995
0.553545 0.723995
0.553644 0.723995
0.553744 0.723995
0.553843 0.723995
0.553942 0.723995
0.554042 0.723995
0.554141 0.723700
0.554240 0.723700
0.554340 0.723109
0.554439 0.722518
0.554538 0.722222
0.554638 0.722222
0.554737 0.722222
0.554836 0.722222
0.554936 0.721927
0.555035 0.721927
0.555134 0.721927
0.555234 0.721927
0.555333 0.721927
0.555432 0.721631
0.555532 0.721631
0.555631 0.721336
0.555730 0.721336
0.555830 0.721336
0.555929 0.721336
0.556028 0.721336
0.556128 0.721336
0.556227 0.721336
0.556326 0.721336
0.556426 0.721336
0.556525 0.721040
0.556624 0.720745
0.556724 0.720745
0.556823 0.720745
0.556922 0.720449
0.557022 0.720154
0.557121 0.720154
0.557220 0.720154
0.557320 0.720154
0.557419 0.720154
0.557518 0.720154
0.557618 0.720154
0.557717 0.719858
0.557816 0.719858
0.557916 0.719563
0.558015 0.719563
0.558114 0.719267
0.558214 0.718972
0.558313 0.718972
0.558412 0.718972
0.558512 0.718972
0.558611 0.718676
0.558710 0.718676
0.558810 0.718676
0.558909 0.718381
0.559008 0.718381
0.559108 0.718381
0.559207 0.718381
0.559306 0.718381
0.559406 0.718381
0.559505 0.718381
0.559604 0.718381
0.559704 0.718381
0.559803 0.718381
0.559902 0.718085
0.560002 0.717494
0.560101 0.717494
0.560201 0.717494
0.560300 0.717494
0.560399 0.717494
0.560499 0.717494
0.560598 0.717494
0.560697 0.717494
0.560797 0.717494
0.560896 0.717494
0.560995 0.717199
0.561095 0.717199
0.561194 0.717199
0.561293 0.717199
0.561393 0.717199
0.561492 0.717199
0.561591 0.716903
0.561691 0.716608
0.561790 0.716608
0.561889 0.716608
0.561989 0.716608
0.562088 0.716312
0.562187 0.716312
0.562287 0.716312
0.562386 0.716017
0.562485 0.716017
0.562585 0.715721
0.562684 0.715426
0.562783 0.714835
0.562883 0.714835
0.562982 0.714835
0.563081 0.714835
0.563181 0.714835
0.563280 0.714835
0.563379 0.714835
0.563479 0.714835
0.563578 0.714835
0.563677 0.714835
0.563777 0.714835
0.563876 0.714835
0.563975 0.714539
0.564075 0.714243
0.564174 0.713948
0.564273 0.713652
0.564373 0.713357
0.564472 0.713357
0.564571 0.713357
0.564671 0.713357
0.564770 0.712766
0.564869 0.712470
0.564969 0.712175
0.565068 0.712175
0.565167 0.712175
0.565267 0.712175
0.565366 0.712175
0.565465 0.711584
0.565565 0.711584
0.565664 0.711584
0.565763 0.711584
0.565863 0.711584
0.565962 0.710993
0.566061 0.710993
0.566161 0.710993
0.566260 0.710993
0.566359 0.710993
0.566459 0.710993
0.566558 0.710993
0.566657 0.710993
0.566757 0.710993
0.566856 0.710993
0.566955 0.710993
0.567055 0.710993
0.567154 0.710993
0.567253 0.710993
0.567353 0.710993
0.567452 0.710993
0.567551 0.710697
0.567651 0.710697
0.567750 0.710106
0.567849 0.710106
0.567949 0.709811
0.568048 0.709811
0.568148 0.709811
0.568247 0.709811
0.568346 0.709515
0.568446 0.709220
0.568545 0.708924
0.568644 0.708924
0.568744 0.708924
0.568843 0.708924
0.568942 0.708629
0.569042 0.708629
0.569141 0.708629
0.569240 0.708333
0.569340 0.708333
0.569439 0.708038
0.569538 0.708038
0.569638 0.707742
0.569737 0.707447
0.569836 0.707447
0.569936 0.707447
0.570035 0.707447
0.570134 0.707447
0.570234 0.706560
0.570333 0.706560
0.570432 0.706560
0.570532 0.706560
0.570631 0.706560
0.570730 0.706560
0.570830 0.706560
0.570929 0.706265
0.571028 0.706265
0.571128 0.706265
0.571227 0.706265
0.571326 0.706265
0.571426 0.706265
0.571525 0.706265
0.571624 0.705969
0.571724 0.705969
0.571823 0.705674
0.571922 0.705378
0.572022 0.705083
0.572121 0.704787
0.572220 0.704787
0.572320 0.704787
0.572419 0.704787
0.572518 0.704492
0.572618 0.704492
0.572717 0.704492
0.572816 0.704492
0.572916 0.704492
0.573015 0.704196
0.573114 0.703901
0.573214 0.703901
0.573313 0.703901
0.573412 0.703901
0.573512 0.703310
0.573611 0.703014
0.573710 0.702719
0.573810 0.702423
0.573909 0.702423
0.574008 0.702423
0.574108 0.702423
0.574207 0.702128
0.574306 0.702128
0.574406 0.701832
0.574505 0.701832
0.574604 0.701832
0.574704 0.701537
0.574803 0.701537
0.574902 0.700946
0.575002 0.700650
0.575101 0.700650
0.575200 0.700650
0.575300 0.700650
0.575399 0.700650
0.575498 0.700650
0.575598 0.700650
0.575697 0.700650
0.575797 0.700650
0.575896 0.700650
0.575995 0.700059
0.576095 0.700059
0.576194 0.700059
0.576293 0.699764
0.576393 0.699764
0.576492 0.699468
0.576591 0.699468
0.576691 0.699173
0.576790 0.699173
0.576889 0.699173
0.576989 0.699173
0.577088 0.699173
0.577187 0.698877
0.577287 0.698877
0.577386 0.698582
0.577485 0.698582
0.577585 0.698582
0.577684 0.698286
0.577783 0.698286
0.577883 0.698286
0.577982 0.697991
0.578081 0.697991
0.578181 0.697991
0.578280 0.697991
0.578379 0.697991
0.578479 0.697991
0.578578 0.697991
0.578677 0.697991
0.578777 0.697695
0.578876 0.697400
0.578975 0.697400
0.579075 0.697104
0.579174 0.696809
0.579273 0.696809
0.579373 0.696513
0.579472 0.696513
0.579571 0.696513
0.579671 0.696513
0.579770 0.696513
0.579869 0.696513
0.579969 0.696513
0.580068 0.696217
0.580167 0.695922
0.580267 0.695922
0.580366 0.695922
0.580465 0.695922
0.580565 0.695922
0.580664 0.695922
0.580763 0.695922
0.580863 0.695922
0.580962 0.695922
0.581061 0.695922
0.581161 0.695922
0.581260 0.695922
0.581359 0.695922
0.581459 0.695922
0.581558 0.695922
0.581657 0.695922
0.581757 0.695922
0.581856 0.695922
0.581955 0.695922
0.582055 0.695035
0.582154 0.695035
0.582253 0.695035
0.582353 0.695035
0.582452 0.694740
0.582551 0.694740
0.582651 0.694444
0.582750 0.694444
0.582849 0.694444
0.582949 0.694444
0.583048 0.694444
0.583147 0.694444
0.583247 0.694444
0.583346 0.694444
0.583445 0.694149
0.583545 0.693262
0.583644 0.693262
0.583744 0.692967
0.583843 0.692967
0.583942 0.692967
0.584042 0.692967
0.584141 0.692376
0.584240 0.692376
0.584340 0.692080
0.584439 0.692080
0.584538 0.692080
0.584638 0.691785
0.584737 0.691785
0.584836 0.691785
0.584936 0.691489
0.585035 0.691194
0.585134 0.690603
0.585234 0.690012
0.585333 0.690012
0.585432 0.689716
0.585532 0.689421
0.585631 0.689421
0.585730 0.689421
0.585830 0.689421
0.585929 0.689421
0.586028 0.689125
0.586128 0.689125
0.586227 0.688534
0.586326 0.687943
0.586426 0.687943
0.586525 0.687943
0.586624 0.687648
0.586724 0.687648
0.586823 0.687648
0.586922 0.687648
0.587022 0.687648
0.587121 0.687352
0.587220 0.687352
0.587320 0.687352
0.587419 0.687352
0.587518 0.687057
0.587618 0.687057
0.587717 0.687057
0.587816 0.687057
0.587916 0.686761
0.588015 0.686761
0.588114 0.686761
0.588214 0.686761
0.588313 0.686170
0.588412 0.686170
0.588512 0.686170
0.588611 0.686170
0.588710 0.686170
0.588810 0.686170
0.588909 0.685875
0.589008 0.685875
0.589108 0.685579
0.589207 0.685579
0.589306 0.685579
0.589406 0.685579
0.589505 0.685579
0.589604 0.685579
0.589704 0.685579
0.589803 0.685284
0.589902 0.685284
0.590002 0.684988
0.590101 0.684693
0.590200 0.684693
0.590300 0.684693
0.590399 0.684397
0.590498 0.684397
0.590598 0.684397
0.590697 0.684397
0.590796 0.684397
0.590896 0.684397
0.590995 0.684397
0.591094 0.684397
0.591194 0.684397
0.591293 0.684397
0.591393 0.684102
0.591492 0.683806
0.591591 0.683215
0.591691 0.683215
0.591790 0.683215
0.591889 0.682920
0.591989 0.682624
0.592088 0.682624
0.592187 0.682624
0.592287 0.682624
0.592386 0.682329
0.592485 0.682033
0.592585 0.681442
0.592684 0.680851
0.592783 0.680556
0.592883 0.680260
0.592982 0.680260
0.593081 0.680260
0.593181 0.680260
0.593280 0.680260
0.593379 0.680260
0.593479 0.680260
0.593578 0.680260
0.593677 0.680260
0.593777 0.680260
0.593876 0.680260
0.593975 0.680260
0.594075 0.680260
0.594174 0.680260
0.594273 0.679965
0.594373 0.679965
0.594472 0.679965
0.594571 0.679965
0.594671 0.679965
0.594770 0.679965
0.594869 0.679965
0.594969 0.679669
0.595068 0.679669
0.595167 0.679669
0.595267 0.679669
0.595366 0.679669
0.595465 0.679669
0.595565 0.679669
0.595664 0.679669
0.595763 0.679669
0.595863 0.679078
0.595962 0.679078
0.596061 0.679078
0.596161 0.678783
0.596260 0.678783
0.596359 0.678783
0.596459 0.678487
0.596558 0.678487
0.596657 0.678487
0.596757 0.678191
0.596856 0.678191
0.596955 0.678191
0.597055 0.678191
0.597154 0.678191
0.597253 0.678191
0.597353 0.678191
0.597452 0.678191
0.597551 0.678191
0.597651 0.677896
0.597750 0.677896
0.597849 0.677305
0.597949 0.677305
0.598048 0.677305
0.598147 0.677305
0.598247 0.677305
0.598346 0.677305
0.598445 0.677305
0.598545 0.677305
0.598644 0.677305
0.598743 0.677305
0.598843 0.677305
0.598942 0.677009
0.599041 0.676714
0.599141 0.676418
0.599240 0.676418
0.599340 0.675827
0.599439 0.675236
0.599538 0.675236
0.599638 0.675236
0.599737 0.675236
0.599836 0.675236
0.599936 0.675236
0.600035 0.675236
0.600134 0.674941
0.600234 0.674645
0.600333 0.674350
0.600432 0.674350
0.600532 0.674350
0.600631 0.674350
0.600730 0.674350
0.600830 0.674350
0.600929 0.674350
0.601028 0.674350
0.601128 0.674350
0.601227 0.674350
0.601326 0.674054
0.601426 0.673759
0.601525 0.673759
0.601624 0.673463
0.601724 0.673463
0.601823 0.673463
0.601922 0.673168
0.602022 0.672872
0.602121 0.672872
0.602220 0.672872
0.602320 0.672872
0.602419 0.672577
0.602518 0.672281
0.602618 0.672281
0.602717 0.672281
0.602816 0.672281
0.602916 0.672281
0.603015 0.672281
0.603114 0.671986
0.603214 0.671690
0.603313 0.671395
0.603412 0.671099
0.603512 0.670804
0.603611 0.670804
0.603710 0.670508
0.603810 0.670508
0.603909 0.670508
0.604008 0.670508
0.604108 0.670508
0.604207 0.670508
0.604306 0.670508
0.604406 0.670213
0.604505 0.670213
0.604604 0.670213
0.604704 0.669917
0.604803 0.669917
0.604902 0.669622
0.605002 0.669622
0.605101 0.669622
0.605200 0.669622
0.605300 0.669622
0.605399 0.669326
0.605498 0.669326
0.605598 0.669031
0.605697 0.669031
0.605796 0.669031
0.605896 0.669031
0.605995 0.669031
0.606094 0.669031
0.606194 0.669031
0.606293 0.669031
0.606392 0.668735
0.606492 0.668735
0.606591 0.668735
0.606690 0.668735
0.606790 0.668735
0.606889 0.668440
0.606989 0.668440
0.607088 0.668144
0.607187 0.668144
0.607287 0.668144
0.607386 0.668144
0.607485 0.668144
0.607585 0.667849
0.607684 0.667849
0.607783 0.667849
0.607883 0.667849
0.607982 0.667849
0.608081 0.667553
0.608181 0.667553
0.608280 0.667553
0.608379 0.667258
0.608479 0.666962
0.608578 0.666962
0.608677 0.666667
0.608777 0.666371
0.608876 0.666371
0.608975 0.666076
0.609075 0.666076
0.609174 0.666076
0.609273 0.665485
0.609373 0.665189
0.609472 0.665189
0.609571 0.664894
0.609671 0.664598
0.609770 0.664598
0.609869 0.664598
0.609969 0.664303
0.610068 0.664303
0.610167 0.664303
0.610267 0.664303
0.610366 0.664007
0.610465 0.664007
0.610565 0.664007
0.610664 0.664007
0.610763 0.664007
0.610863 0.664007
0.610962 0.663121
0.611061 0.663121
0.611161 0.662825
0.611260 0.662530
0.611359 0.662530
0.611459 0.662234
0.611558 0.662234
0.611657 0.662234
0.611757 0.661939
0.611856 0.661643
0.611955 0.661643
0.612055 0.661643
0.612154 0.661643
0.612253 0.661643
0.612353 0.661348
0.612452 0.661348
0.612551 0.661348
0.612651 0.661348
0.612750 0.661348
0.612849 0.661052
0.612949 0.661052
0.613048 0.661052
0.613147 0.661052
0.613247 0.661052
0.613346 0.661052
0.613445 0.660757
0.613545 0.660757
0.613644 0.660757
0.613743 0.660757
0.613843 0.660461
0.613942 0.660461
0.614041 0.660165
0.614141 0.660165
0.614240 0.660165
0.614339 0.660165
0.614439 0.660165
0.614538 0.659574
0.614637 0.659574
0.614737 0.659574
0.614836 0.659574
0.614936 0.659574
0.615035 0.659574
0.615134 0.659574
0.615234 0.659574
0.615333 0.659574
0.615432 0.659574
0.615532 0.659574
0.615631 0.659574
0.615730 0.659574
0.615830 0.659279
0.615929 0.658983
0.616028 0.658392
0.616128 0.658392
0.616227 0.658392
0.616326 0.658392
0.616426 0.658392
0.616525 0.658097
0.616624 0.658097
0.616724 0.657801
0.616823 0.657801
0.616922 0.657210
0.617022 0.657210
0.617121 0.657210
0.617220 0.657210
0.617320 0.657210
0.617419 0.657210
0.617518 0.657210
0.617618 0.657210
0.617717 0.656915
0.617816 0.656915
0.617916 0.656915
0.618015 0.656915
0.618114 0.656619
0.618214 0.656324
0.618313 0.656324
0.618412 0.655733
0.618512 0.655733
0.618611 0.655437
0.618710 0.655437
0.618810 0.655437
0.618909 0.654551
0.619008 0.654551
0.619108 0.653664
0.619207 0.653664
0.619306 0.653073
0.619406 0.652778
0.619505 0.652482
0.619604 0.652482
0.619704 0.652482
0.619803 0.652482
0.619902 0.652482
0.620002 0.651891
0.620101 0.651891
0.620200 0.651891
0.620300 0.651891
0.620399 0.651891
0.620498 0.651891
0.620598 0.651891
0.620697 0.651596
0.620796 0.651300
0.620896 0.651300
0.620995 0.651300
0.621094 0.651300
0.621194 0.651300
0.621293 0.651300
0.621392 0.651300
0.621492 0.651300
0.621591 0.651005
0.621690 0.651005
0.621790 0.650709
0.621889 0.650414
0.621988 0.650414
0.622088 0.650414
0.622187 0.649823
0.622286 0.649823
0.622386 0.649823
0.622485 0.649527
0.622585 0.649527
0.622684 0.649527
0.622783 0.649232
0.622883 0.649232
0.622982 0.649232
0.623081 0.649232
0.623181 0.649232
0.623280 0.649232
0.623379 0.649232
0.623479 0.649232
0.623578 0.649232
0.623677 0.649232
0.623777 0.649232
0.623876 0.649232
0.623975 0.649232
0.624075 0.649232
0.624174 0.649232
0.624273 0.648936
0.624373 0.648936
0.624472 0.648936
0.624571 0.648936
0.624671 0.648936
0.624770 0.648936
0.624869 0.648936
0.624969 0.648641
0.625068 0.648641
0.625167 0.648641
0.625267 0.648641
0.625366 0.648641
0.625465 0.648641
0.625565 0.648641
0.625664 0.648641
0.625763 0.648345
0.625863 0.648345
0.625962 0.648345
0.626061 0.648345
0.626161 0.648345
0.626260 0.648050
0.626359 0.648050
0.626459 0.648050
0.626558 0.648050
0.626657 0.648050
0.626757 0.647754
0.626856 0.647459
0.626955 0.647459
0.627055 0.647459
0.627154 0.647459
0.627253 0.647163
0.627353 0.647163
0.627452 0.647163
0.627551 0.647163
0.627651 0.647163
0.627750 0.647163
0.627849 0.647163
0.627949 0.647163
0.628048 0.646868
0.628147 0.646572
0.628247 0.646277
0.628346 0.645981
0.628445 0.645981
0.628545 0.645981
0.628644 0.645686
0.628743 0.645686
0.628843 0.645686
0.628942 0.645686
0.629041 0.645686
0.629141 0.645686
0.629240 0.645686
0.629339 0.645686
0.629439 0.645686
0.629538 0.645390
0.629637 0.645390
0.629737 0.645390
0.629836 0.645095
0.629935 0.645095
0.630035 0.644504
0.630134 0.644208
0.630233 0.643913
0.630333 0.643913
0.630432 0.643913
0.630532 0.643913
0.630631 0.643026
0.630730 0.642730
0.630830 0.642730
0.630929 0.642730
0.631028 0.642730
0.631128 0.642730
0.631227 0.642730
0.631326 0.642435
0.631426 0.642435
0.631525 0.642139
0.631624 0.642139
0.631724 0.642139
0.631823 0.641548
0.631922 0.640957
0.632022 0.640957
0.632121 0.640957
0.632220 0.640957
0.632320 0.640662
0.632419 0.640662
0.632518 0.640366
0.632618 0.640366
0.632717 0.640071
0.632816 0.640071
0.632916 0.639775
0.633015 0.639775
0.633114 0.639480
0.633214 0.639480
0.633313 0.639184
0.633412 0.639184
0.633512 0.639184
0.633611 0.639184
0.633710 0.639184
0.633810 0.639184
0.633909 0.639184
0.634008 0.639184
0.634108 0.639184
0.634207 0.639184
0.634306 0.639184
0.634406 0.638298
0.634505 0.638298
0.634604 0.638298
0.634704 0.638298
0.634803 0.637707
0.634902 0.637707
0.635002 0.637116
0.635101 0.637116
0.635200 0.637116
0.635300 0.637116
0.635399 0.636820
0.635498 0.636820
0.635598 0.636525
0.635697 0.636229
0.635796 0.635934
0.635896 0.635934
0.635995 0.635934
0.636094 0.635934
0.636194 0.635638
0.636293 0.635638
0.636392 0.635638
0.636492 0.635343
0.636591 0.635047
0.636690 0.634752
0.636790 0.634456
0.636889 0.634456
0.636988 0.634456
0.637088 0.634456
0.637187 0.634456
0.637286 0.634161
0.637386 0.634161
0.637485 0.634161
0.637584 0.634161
0.637684 0.634161
0.637783 0.634161
0.637882 0.633865
0.637982 0.633865
0.638081 0.633570
0.638181 0.633570
0.638280 0.633570
0.638379 0.633274
0.638479 0.633274
0.638578 0.632979
0.638677 0.632979
0.638777 0.632979
0.638876 0.632979
0.638975 0.632979
0.639075 0.632683
0.639174 0.632388
0.639273 0.631797
0.639373 0.631797
0.639472 0.631797
0.639571 0.631797
0.639671 0.631501
0.639770 0.631501
0.639869 0.631501
0.639969 0.631501
0.640068 0.631206
0.640167 0.630615
0.640267 0.630615
0.640366 0.630615
0.640465 0.630615
0.640565 0.630319
0.640664 0.630024
0.640763 0.629728
0.640863 0.629433
0.640962 0.628842
0.641061 0.628842
0.641161 0.627660
0.641260 0.627660
0.641359 0.627660
0.641459 0.627660
0.641558 0.627364
0.641657 0.627364
0.641757 0.627069
0.641856 0.626478
0.641955 0.626478
0.642055 0.626478
0.642154 0.625591
0.642253 0.625591
0.642353 0.625591
0.642452 0.625296
0.642551 0.625296
0.642651 0.625000
0.642750 0.625000
0.642849 0.625000
0.642949 0.625000
0.643048 0.625000
0.643147 0.625000
0.643247 0.625000
0.643346 0.624704
0.643445 0.624409
0.643545 0.624409
0.643644 0.624409
0.643743 0.624409
0.643843 0.624409
0.643942 0.624409
0.644041 0.624113
0.644141 0.624113
0.644240 0.624113
0.644339 0.623818
0.644439 0.623818
0.644538 0.623818
0.644637 0.623818
0.644737 0.623522
0.644836 0.623522
0.644935 0.623522
0.645035 0.623227
0.645134 0.623227
0.645233 0.623227
0.645333 0.622636
0.645432 0.622045
0.645531 0.621454
0.645631 0.621454
0.645730 0.621158
0.645829 0.621158
0.645929 0.620863
0.646028 0.620863
0.646128 0.620863
0.646227 0.620863
0.646326 0.620863
0.646426 0.620567
0.646525 0.620567
0.646624 0.620272
0.646724 0.619976
0.646823 0.619976
0.646922 0.619681
0.647022 0.619385
0.647121 0.619385
0.647220 0.619385
0.647320 0.618499
0.647419 0.618499
0.647518 0.618203
0.647618 0.618203
0.647717 0.617908
0.647816 0.617908
0.647916 0.617908
0.648015 0.617908
0.648114 0.617612
0.648214 0.617612
0.648313 0.617317
0.648412 0.617317
0.648512 0.617317
0.648611 0.617317
0.648710 0.617317
0.648810 0.617021
0.648909 0.616726
0.649008 0.616726
0.649108 0.616430
0.649207 0.616430
0.649306 0.616430
0.649406 0.616430
0.649505 0.615839
0.649604 0.615839
0.649704 0.615839
0.649803 0.615544
0.649902 0.615544
0.650002 0.615544
0.650101 0.615544
0.650200 0.615544
0.650300 0.615248
0.650399 0.615248
0.650498 0.615248
0.650598 0.615248
0.650697 0.614953
0.650796 0.614953
0.650896 0.614953
0.650995 0.614953
0.651094 0.614657
0.651194 0.614657
0.651293 0.614657
0.651392 0.614362
0.651492 0.614066
0.651591 0.614066
0.651690 0.613771
0.651790 0.613771
0.651889 0.613771
0.651988 0.613771
0.652088 0.613771
0.652187 0.613771
0.652286 0.613771
0.652386 0.613771
0.652485 0.613771
0.652584 0.613771
0.652684 0.613771
0.652783 0.613475
0.652882 0.613180
0.652982 0.612884
0.653081 0.612884
0.653180 0.612884
0.653280 0.612884
0.653379 0.612884
0.653478 0.612884
0.653578 0.612589
0.653677 0.612589
0.653777 0.612589
0.653876 0.612589
0.653975 0.612589
0.654075 0.611998
0.654174 0.611998
0.654273 0.611998
0.654373 0.611702
0.654472 0.611702
0.654571 0.611702
0.654671 0.611702
0.654770 0.611702
0.654869 0.611702
0.654969 0.611702
0.655068 0.611111
0.655167 0.611111
0.655267 0.611111
0.655366 0.611111
0.655465 0.611111
0.655565 0.610816
0.655664 0.610520
0.655763 0.610520
0.655863 0.610520
0.655962 0.610225
0.656061 0.610225
0.656161 0.610225
0.656260 0.610225
0.656359 0.609929
0.656459 0.609929
0.656558 0.609929
0.656657 0.609929
0.656757 0.609929
0.656856 0.609929
0.656955 0.609338
0.657055 0.609338
0.657154 0.609338
0.657253 0.609043
0.657353 0.609043
0.657452 0.608452
0.657551 0.608452
0.657651 0.608452
0.657750 0.608452
0.657849 0.608452
0.657949 0.608452
0.658048 0.608452
0.658147 0.608156
0.658247 0.608156
0.658346 0.608156
0.658445 0.608156
0.658545 0.608156
0.658644 0.608156
0.658743 0.607861
0.658843 0.607861
0.658942 0.607861
0.659041 0.606678
0.659141 0.606678
0.659240 0.606678
0.659339 0.606383
0.659439 0.606383
0.659538 0.606383
0.659637 0.606383
0.659737 0.606383
0.659836 0.606383
0.659935 0.606383
0.660035 0.606383
0.660134 0.606383
0.660233 0.606383
0.660333 0.606383
0.660432 0.606087
0.660531 0.606087
0.660631 0.605792
0.660730 0.605792
0.660829 0.605792
0.660929 0.605792
0.661028 0.605792
0.661127 0.605792
0.661227 0.605496
0.661326 0.605496
0.661425 0.605496
0.661525 0.605496
0.661624 0.605201
0.661724 0.605201
0.661823 0.605201
0.661922 0.604905
0.662022 0.604905
0.662121 0.604905
0.662220 0.604905
0.662320 0.604905
0.662419 0.604905
0.662518 0.604905
0.662618 0.604610
0.662717 0.604610
0.662816 0.604610
0.662916 0.604314
0.663015 0.604314
0.663114 0.604314
0.663214 0.604314
0.663313 0.604314
0.663412 0.604314
0.663512 0.604019
0.663611 0.604019
0.663710 0.604019
0.663810 0.603723
0.663909 0.603132
0.664008 0.603132
0.664108 0.602837
0.664207 0.602837
0.664306 0.602837
0.664406 0.602837
0.664505 0.602837
0.664604 0.602837
0.664704 0.602837
0.664803 0.602541
0.664902 0.602541
0.665002 0.602246
0.665101 0.602246
0.665200 0.602246
0.665300 0.602246
0.665399 0.602246
0.665498 0.602246
0.665598 0.602246
0.665697 0.602246
0.665796 0.602246
0.665896 0.602246
0.665995 0.601950
0.666094 0.601359
0.666194 0.601359
0.666293 0.601359
0.666392 0.601064
0.666492 0.600768
0.666591 0.600473
0.666690 0.600473
0.666790 0.599882
0.666889 0.599882
0.666988 0.599882
0.667088 0.599882
0.667187 0.599882
0.667286 0.599586
0.667386 0.599291
0.667485 0.599291
0.667584 0.599291
0.667684 0.599291
0.667783 0.599291
0.667882 0.599291
0.667982 0.598995
0.668081 0.598995
0.668180 0.598995
0.668280 0.598995
0.668379 0.598700
0.668478 0.598700
0.668578 0.598700
0.668677 0.598109
0.668776 0.597813
0.668876 0.597813
0.668975 0.597813
0.669074 0.597813
0.669174 0.597222
0.669273 0.597222
0.669373 0.597222
0.669472 0.597222
0.669571 0.597222
0.669671 0.597222
0.669770 0.596927
0.669869 0.596927
0.669969 0.596927
0.670068 0.596631
0.670167 0.596631
0.670267 0.596631
0.670366 0.596631
0.670465 0.596631
0.670565 0.596336
0.670664 0.596040
0.670763 0.596040
0.670863 0.596040
0.670962 0.596040
0.671061 0.596040
0.671161 0.596040
0.671260 0.595745
0.671359 0.595745
0.671459 0.595745
0.671558 0.595745
0.671657 0.595745
0.671757 0.595745
0.671856 0.595449
0.671955 0.595449
0.672055 0.595154
0.672154 0.595154
0.672253 0.594858
0.672353 0.594858
0.672452 0.594858
0.672551 0.594858
0.672651 0.594858
0.672750 0.594563
0.672849 0.594267
0.672949 0.594267
0.673048 0.594267
0.673147 0.594267
0.673247 0.594267
0.673346 0.593972
0.673445 0.593972
0.673545 0.593676
0.673644 0.593381
0.673743 0.593085
0.673843 0.592790
0.673942 0.592790
0.674041 0.592790
0.674141 0.592199
0.674240 0.592199
0.674339 0.592199
0.674439 0.592199
0.674538 0.592199
0.674637 0.592199
0.674737 0.592199
0.674836 0.591903
0.674935 0.591903
0.675035 0.591903
0.675134 0.591903
0.675233 0.591903
0.675333 0.591903
0.675432 0.591903
0.675531 0.591903
0.675631 0.591903
0.675730 0.591608
0.675829 0.591608
0.675929 0.591608
0.676028 0.591608
0.676127 0.591608
0.676227 0.591608
0.676326 0.591312
0.676425 0.591312
0.676525 0.591312
0.676624 0.591312
0.676723 0.591312
0.676823 0.591017
0.676922 0.591017
0.677021 0.590721
0.677121 0.590721
0.677220 0.590721
0.677320 0.590721
0.677419 0.590721
0.677518 0.590721
0.677618 0.590721
0.677717 0.590130
0.677816 0.589835
0.677916 0.589539
0.678015 0.589243
0.678114 0.589243
0.678214 0.588948
0.678313 0.588948
0.678412 0.588948
0.678512 0.588652
0.678611 0.588652
0.678710 0.588652
0.678810 0.588652
0.678909 0.588357
0.679008 0.588061
0.679108 0.588061
0.679207 0.587766
0.679306 0.587470
0.679406 0.587470
0.679505 0.587470
0.679604 0.587470
0.679704 0.587175
0.679803 0.586879
0.679902 0.586879
0.680002 0.586879
0.680101 0.586584
0.680200 0.586584
0.680300 0.586584
0.680399 0.586584
0.680498 0.586584
0.680598 0.586584
0.680697 0.586288
0.680796 0.585993
0.680896 0.585697
0.680995 0.585697
0.681094 0.585697
0.681194 0.585697
0.681293 0.585402
0.681392 0.585402
0.681492 0.585106
0.681591 0.585106
0.681690 0.585106
0.681790 0.585106
0.681889 0.584515
0.681988 0.584515
0.682088 0.584515
0.682187 0.584220
0.682286 0.583629
0.682386 0.583629
0.682485 0.583629
0.682584 0.583629
0.682684 0.583629
0.682783 0.583629
0.682882 0.583629
0.682982 0.583629
0.683081 0.583333
0.683180 0.583333
0.683280 0.583333
0.683379 0.583333
0.683478 0.583333
0.683578 0.583333
0.683677 0.583038
0.683776 0.582151
0.683876 0.582151
0.683975 0.581560
0.684074 0.581560
0.684174 0.581560
0.684273 0.581560
0.684372 0.581560
0.684472 0.581265
0.684571 0.581265
0.684670 0.581265
0.684770 0.581265
0.684869 0.581265
0.684969 0.581265
0.685068 0.581265
0.685167 0.581265
0.685267 0.581265
0.685366 0.581265
0.685465 0.581265
0.685565 0.581265
0.685664 0.580969
0.685763 0.580969
0.685863 0.580674
0.685962 0.580083
0.686061 0.580083
0.686161 0.580083
0.686260 0.580083
0.686359 0.579787
0.686459 0.579492
0.686558 0.579492
0.686657 0.579196
0.686757 0.578901
0.686856 0.578901
0.686955 0.578901
0.687055 0.578901
0.687154 0.578901
0.687253 0.578901
0.687353 0.578605
0.687452 0.578014
0.687551 0.578014
0.687651 0.577719
0.687750 0.577423
0.687849 0.577423
0.687949 0.577423
0.688048 0.577423
0.688147 0.577423
0.688247 0.577423
0.688346 0.577423
0.688445 0.577423
0.688545 0.577128
0.688644 0.577128
0.688743 0.576832
0.688843 0.576537
0.688942 0.576537
0.689041 0.576241
0.689141 0.576241
0.689240 0.576241
0.689339 0.576241
0.689439 0.576241
0.689538 0.575946
0.689637 0.575946
0.689737 0.575650
0.689836 0.575650
0.689935 0.575355
0.690035 0.575059
0.690134 0.575059
0.690233 0.575059
0.690333 0.574764
0.690432 0.574764
0.690531 0.574173
0.690631 0.574173
0.690730 0.574173
0.690829 0.574173
0.690929 0.574173
0.691028 0.574173
0.691127 0.574173
0.691227 0.573877
0.691326 0.573582
0.691425 0.573582
0.691525 0.573582
0.691624 0.573582
0.691723 0.573286
0.691823 0.573286
0.691922 0.572991
0.692021 0.572695
0.692121 0.572695
0.692220 0.572695
0.692319 0.572400
0.692419 0.572104
0.692518 0.572104
0.692617 0.571809
0.692717 0.571513
0.692816 0.571513
0.692916 0.571513
0.693015 0.571513
0.693114 0.571513
0.693214 0.571513
0.693313 0.571217
0.693412 0.571217
0.693512 0.570626
0.693611 0.570626
0.693710 0.570626
0.693810 0.570626
0.693909 0.570626
0.694008 0.570626
0.694108 0.570626
0.694207 0.569740
0.694306 0.569740
0.694406 0.569740
0.694505 0.569444
0.694604 0.569444
0.694704 0.569149
0.694803 0.569149
0.694902 0.569149
0.695002 0.568853
0.695101 0.568853
0.695200 0.568558
0.695300 0.568558
0.695399 0.568558
0.695498 0.568558
0.695598 0.568558
0.695697 0.568558
0.695796 0.568558
0.695896 0.568262
0.695995 0.567967
0.696094 0.567080
0.696194 0.567080
0.696293 0.567080
0.696392 0.567080
0.696492 0.567080
0.696591 0.567080
0.696690 0.567080
0.696790 0.567080
0.696889 0.567080
0.696988 0.567080
0.697088 0.567080
0.697187 0.567080
0.697286 0.567080
0.697386 0.566489
0.697485 0.566194
0.697584 0.566194
0.697684 0.565898
0.697783 0.565898
0.697882 0.565898
0.697982 0.565603
0.698081 0.565603
0.698180 0.565307
0.698280 0.565307
0.698379 0.565012
0.698478 0.564716
0.698578 0.564716
0.698677 0.564716
0.698776 0.564716
0.698876 0.564421
0.698975 0.564421
0.699074 0.564421
0.699174 0.564125
0.699273 0.564125
0.699372 0.564125
0.699472 0.563830
0.699571 0.563830
0.699670 0.563830
0.699770 0.563830
0.699869 0.563830
0.699968 0.563534
0.700068 0.563534
0.700167 0.563534
0.700266 0.563534
0.700366 0.563534
0.700465 0.563239
0.700565 0.563239
0.700664 0.563239
0.700763 0.562943
0.700863 0.562943
0.700962 0.562648
0.701061 0.562057
0.701161 0.562057
0.701260 0.561761
0.701359 0.561761
0.701459 0.561466
0.701558 0.561466
0.701657 0.561466
0.701757 0.561466
0.701856 0.561466
0.701955 0.561466
0.702055 0.561466
0.702154 0.561466
0.702253 0.561170
0.702353 0.561170
0.702452 0.561170
0.702551 0.560875
0.702651 0.560579
0.702750 0.560579
0.702849 0.560284
0.702949 0.560284
0.703048 0.560284
0.703147 0.560284
0.703247 0.560284
0.703346 0.560284
0.703445 0.559988
0.703545 0.559693
0.703644 0.559693
0.703743 0.559102
0.703843 0.559102
0.703942 0.559102
0.704041 0.559102
0.704141 0.558806
0.704240 0.558806
0.704339 0.558806
0.704439 0.558806
0.704538 0.558806
0.704637 0.558806
0.704737 0.558806
0.704836 0.558806
0.704935 0.558806
0.705035 0.558806
0.705134 0.558806
0.705233 0.558806
0.705333 0.558806
0.705432 0.558806
0.705531 0.558806
0.705631 0.558215
0.705730 0.558215
0.705829 0.558215
0.705929 0.558215
0.706028 0.558215
0.706127 0.557920
0.706227 0.557624
0.706326 0.557329
0.706425 0.557329
0.706525 0.557329
0.706624 0.557033
0.706723 0.557033
0.706823 0.557033
0.706922 0.557033
0.707021 0.557033
0.707121 0.556442
0.707220 0.556442
0.707319 0.556147
0.707419 0.556147
0.707518 0.555851
0.707617 0.555556
0.707717 0.555556
0.707816 0.555556
0.707915 0.554669
0.708015 0.554669
0.708114 0.554669
0.708213 0.554374
0.708313 0.554078
0.708412 0.554078
0.708512 0.554078
0.708611 0.553783
0.708710 0.553783
0.708810 0.553783
0.708909 0.553783
0.709008 0.553487
0.709108 0.553191
0.709207 0.553191
0.709306 0.553191
0.709406 0.552896
0.709505 0.552896
0.709604 0.552896
0.709704 0.552600
0.709803 0.552305
0.709902 0.552305
0.710002 0.552305
0.710101 0.552009
0.710200 0.552009
0.710300 0.552009
0.710399 0.552009
0.710498 0.552009
0.710598 0.552009
0.710697 0.551714
0.710796 0.551123
0.710896 0.551123
0.710995 0.550827
0.711094 0.550532
0.711194 0.550532
0.711293 0.550532
0.711392 0.550532
0.711492 0.550236
0.711591 0.550236
0.711690 0.549941
0.711790 0.549941
0.711889 0.549941
0.711988 0.549941
0.712088 0.549941
0.712187 0.549941
0.712286 0.549645
0.712386 0.549350
0.712485 0.549350
0.712584 0.549350
0.712684 0.549350
0.712783 0.549054
0.712882 0.549054
0.712982 0.549054
0.713081 0.549054
0.713180 0.549054
0.713280 0.548759
0.713379 0.548759
0.713478 0.548463
0.713578 0.548463
0.713677 0.548168
0.713776 0.547872
0.713876 0.547872
0.713975 0.547872
0.714074 0.547872
0.714174 0.547872
0.714273 0.547577
0.714372 0.547577
0.714472 0.547577
0.714571 0.547577
0.714670 0.547577
0.714770 0.547577
0.714869 0.547577
0.714968 0.547577
0.715068 0.547577
0.715167 0.547577
0.715266 0.547577
0.715366 0.547281
0.715465 0.547281
0.715564 0.547281
0.715664 0.547281
0.715763 0.546690
0.715862 0.546395
0.715962 0.546395
0.716061 0.546395
0.716161 0.546395
0.716260 0.545508
0.716359 0.545213
0.716459 0.544917
0.716558 0.544917
0.716657 0.544917
0.716757 0.544917
0.716856 0.544917
0.716955 0.544622
0.717055 0.544622
0.717154 0.544622
0.717253 0.544622
0.717353 0.544326
0.717452 0.544031
0.717551 0.544031
0.717651 0.544031
0.717750 0.543735
0.717849 0.543735
0.717949 0.543735
0.718048 0.543735
0.718147 0.543440
0.718247 0.543440
0.718346 0.543440
0.718445 0.543440
0.718545 0.543440
0.718644 0.543144
0.718743 0.543144
0.718843 0.542849
0.718942 0.542553
0.719041 0.542258
0.719141 0.541962
0.719240 0.541962
0.719339 0.541962
0.719439 0.541962
0.719538 0.541962
0.719637 0.541962
0.719737 0.541962
0.719836 0.541962
0.719935 0.541962
0.720035 0.541962
0.720134 0.541076
0.720233 0.541076
0.720333 0.541076
0.720432 0.540780
0.720531 0.540780
0.720631 0.540780
0.720730 0.540485
0.720829 0.540485
0.720929 0.540485
0.721028 0.540485
0.721127 0.540485
0.721227 0.540485
0.721326 0.540485
0.721425 0.540189
0.721525 0.540189
0.721624 0.540189
0.721723 0.539598
0.721823 0.539598
0.721922 0.539598
0.722021 0.539598
0.722121 0.539598
0.722220 0.539598
0.722319 0.539303
0.722419 0.539303
0.722518 0.539303
0.722617 0.539303
0.722717 0.539007
0.722816 0.539007
0.722915 0.539007
0.723015 0.538712
0.723114 0.537825
0.723213 0.537530
0.723313 0.537530
0.723412 0.537530
0.723511 0.537530
0.723611 0.537234
0.723710 0.536939
0.723809 0.536939
0.723909 0.536939
0.724008 0.536939
0.724108 0.536939
0.724207 0.536939
0.724306 0.536348
0.724406 0.536348
0.724505 0.536348
0.724604 0.536052
0.724704 0.535757
0.724803 0.535757
0.724902 0.535757
0.725002 0.535757
0.725101 0.535757
0.725200 0.535757
0.725300 0.535757
0.725399 0.535757
0.725498 0.535757
0.725598 0.535757
0.725697 0.535461
0.725796 0.535461
0.725896 0.535165
0.725995 0.535165
0.726094 0.535165
0.726194 0.534870
0.726293 0.534870
0.726392 0.534574
0.726492 0.534279
0.726591 0.534279
0.726690 0.534279
0.726790 0.533688
0.726889 0.533688
0.726988 0.533097
0.727088 0.532506
0.727187 0.531915
0.727286 0.531619
0.727386 0.531619
0.727485 0.531028
0.727584 0.531028
0.727684 0.531028
0.727783 0.530733
0.727882 0.530437
0.727982 0.530437
0.728081 0.530437
0.728180 0.530437
0.728280 0.530437
0.728379 0.530437
0.728478 0.530142
0.728578 0.529846
0.728677 0.529551
0.728776 0.529255
0.728876 0.529255
0.728975 0.528664
0.729074 0.528369
0.729174 0.528369
0.729273 0.528369
0.729372 0.528369
0.729472 0.528369
0.729571 0.528073
0.729670 0.528073
0.729770 0.527778
0.729869 0.527778
0.729968 0.527778
0.730068 0.527778
0.730167 0.527778
0.730266 0.527778
0.730366 0.527778
0.730465 0.527482
0.730564 0.527187
0.730664 0.526891
0.730763 0.526891
0.730862 0.526891
0.730962 0.526300
0.731061 0.526005
0.731160 0.525414
0.731260 0.525414
0.731359 0.525414
0.731458 0.525414
0.731558 0.525118
0.731657 0.525118
0.731757 0.524823
0.731856 0.524823
0.731955 0.524232
0.732055 0.524232
0.732154 0.524232
0.732253 0.524232
0.732353 0.524232
0.732452 0.523936
0.732551 0.523641
0.732651 0.523641
0.732750 0.523641
0.732849 0.523641
0.732949 0.523641
0.733048 0.523345
0.733147 0.523345
0.733247 0.523345
0.733346 0.523345
0.733445 0.523345
0.733545 0.523345
0.733644 0.523050
0.733743 0.522459
0.733843 0.522459
0.733942 0.522459
0.734041 0.522163
0.734141 0.522163
0.734240 0.521868
0.734339 0.521868
0.734439 0.521868
0.734538 0.521277
0.734637 0.520981
0.734737 0.520981
0.734836 0.520390
0.734935 0.520390
0.735035 0.520390
0.735134 0.520390
0.735233 0.520390
0.735333 0.520390
0.735432 0.520390
0.735531 0.520390
0.735631 0.520095
0.735730 0.520095
0.735829 0.520095
0.735929 0.520095
0.736028 0.520095
0.736127 0.520095
0.736227 0.520095
0.736326 0.520095
0.736425 0.519799
0.736525 0.519799
0.736624 0.519799
0.736723 0.519799
0.736823 0.519504
0.736922 0.519208
0.737021 0.518913
0.737121 0.518913
0.737220 0.518617
0.737319 0.518617
0.737419 0.518617
0.737518 0.518617
0.737617 0.518617
0.737717 0.518026
0.737816 0.518026
0.737915 0.517730
0.738015 0.517435
0.738114 0.517435
0.738213 0.517139
0.738313 0.516844
0.738412 0.516253
0.738511 0.516253
0.738611 0.516253
0.738710 0.516253
0.738809 0.516253
0.738909 0.516253
0.739008 0.515662
0.739107 0.515662
0.739207 0.515071
0.739306 0.515071
0.739405 0.515071
0.739505 0.514775
0.739604 0.514480
0.739704 0.514480
0.739803 0.514480
0.739902 0.514184
0.740002 0.514184
0.740101 0.513889
0.740200 0.513298
0.740300 0.513298
0.740399 0.513002
0.740498 0.513002
0.740598 0.513002
0.740697 0.512707
0.740796 0.512411
0.740896 0.512116
0.740995 0.512116
0.741094 0.512116
0.741194 0.512116
0.741293 0.512116
0.741392 0.512116
0.741492 0.512116
0.741591 0.512116
0.741690 0.511820
0.741790 0.511820
0.741889 0.511820
0.741988 0.511820
0.742088 0.511820
0.742187 0.511525
0.742286 0.511229
0.742386 0.510638
0.742485 0.510638
0.742584 0.510343
0.742684 0.510343
0.742783 0.510343
0.742882 0.510343
0.742982 0.510047
0.743081 0.510047
0.743180 0.510047
0.743280 0.510047
0.743379 0.509456
0.743478 0.509456
0.743578 0.509456
0.743677 0.509161
0.743776 0.509161
0.743876 0.509161
0.743975 0.509161
0.744074 0.509161
0.744174 0.509161
0.744273 0.509161
0.744372 0.508865
0.744472 0.508865
0.744571 0.508274
0.744670 0.507979
0.744770 0.507683
0.744869 0.507388
0.744968 0.507388
0.745068 0.507388
0.745167 0.507388
0.745266 0.507388
0.745366 0.507388
0.745465 0.507092
0.745564 0.506797
0.745664 0.506797
0.745763 0.506501
0.745862 0.506206
0.745962 0.506206
0.746061 0.506206
0.746160 0.505910
0.746260 0.505615
0.746359 0.505615
0.746458 0.505615
0.746558 0.505319
0.746657 0.505319
0.746756 0.505024
0.746856 0.505024
0.746955 0.504728
0.747054 0.504728
0.747154 0.504728
0.747253 0.504728
0.747353 0.504728
0.747452 0.504433
0.747551 0.503842
0.747651 0.503842
0.747750 0.503842
0.747849 0.503842
0.747949 0.503842
0.748048 0.503842
0.748147 0.503842
0.748247 0.503546
0.748346 0.503546
0.748445 0.503546
0.748545 0.503546
0.748644 0.503546
0.748743 0.503546
0.748843 0.503546
0.748942 0.503546
0.749041 0.503546
0.749141 0.503251
0.749240 0.503251
0.749339 0.502660
0.749439 0.502660
0.749538 0.502364
0.749637 0.502364
0.749737 0.502069
0.749836 0.502069
0.749935 0.502069
0.750035 0.502069
0.750134 0.502069
0.750233 0.501773
0.750333 0.501773
0.750432 0.501773
0.750531 0.501478
0.750631 0.501478
0.750730 0.501182
0.750829 0.501182
0.750929 0.501182
0.751028 0.501182
0.751127 0.500887
0.751227 0.500887
0.751326 0.500887
0.751425 0.500296
0.751525 0.500296
0.751624 0.500296
0.751723 0.500296
0.751823 0.500296
0.751922 0.500296
0.752021 0.500296
0.752121 0.500296
0.752220 0.500296
0.752319 0.500296
0.752419 0.500000
0.752518 0.499704
0.752617 0.499704
0.752717 0.499704
0.752816 0.499704
0.752915 0.499409
0.753015 0.499113
0.753114 0.499113
0.753213 0.498818
0.753313 0.498818
0.753412 0.498522
0.753511 0.498227
0.753611 0.497931
0.753710 0.497931
0.753809 0.497931
0.753909 0.497931
0.754008 0.497931
0.754107 0.497931
0.754207 0.497931
0.754306 0.497931
0.754405 0.497636
0.754505 0.497636
0.754604 0.497340
0.754703 0.497340
0.754803 0.497045
0.754902 0.497045
0.755001 0.496749
0.755101 0.496749
0.755200 0.496749
0.755300 0.496454
0.755399 0.496454
0.755498 0.496454
0.755598 0.496158
0.755697 0.495863
0.755796 0.495863
0.755896 0.495863
0.755995 0.495863
0.756094 0.495863
0.756194 0.495863
0.756293 0.495863
0.756392 0.495567
0.756492 0.495567
0.756591 0.495567
0.756690 0.495272
0.756790 0.494976
0.756889 0.494681
0.756988 0.494681
0.757088 0.494385
0.757187 0.494385
0.757286 0.494385
0.757386 0.494385
0.757485 0.494385
0.757584 0.494385
0.757684 0.494090
0.757783 0.493499
0.757882 0.493203
0.757982 0.493203
0.758081 0.492908
0.758180 0.492612
0.758280 0.492612
0.758379 0.492612
0.758478 0.492612
0.758578 0.492317
0.758677 0.492317
0.758776 0.492317
0.758876 0.492317
0.758975 0.492021
0.759074 0.491726
0.759174 0.491135
0.759273 0.491135
0.759372 0.491135
0.759472 0.491135
0.759571 0.490839
0.759670 0.490839
0.759770 0.490544
0.759869 0.490544
0.759968 0.490544
0.760068 0.490248
0.760167 0.490248
0.760266 0.490248
0.760366 0.490248
0.760465 0.490248
0.760564 0.490248
0.760664 0.490248
0.760763 0.489953
0.760862 0.489657
0.760962 0.489657
0.761061 0.489657
0.761160 0.489657
0.761260 0.489657
0.761359 0.489657
0.761458 0.489362
0.761558 0.489362
0.761657 0.489362
0.761756 0.489362
0.761856 0.489066
0.761955 0.488475
0.762054 0.488475
0.762154 0.488475
0.762253 0.488475
0.762352 0.488475
0.762452 0.488475
0.762551 0.488180
0.762650 0.488180
0.762750 0.488180
0.762849 0.488180
0.762949 0.487884
0.763048 0.487589
0.763147 0.486702
0.763247 0.486702
0.763346 0.486702
0.763445 0.486702
0.763545 0.486702
0.763644 0.486702
0.763743 0.486111
0.763843 0.486111
0.763942 0.485816
0.764041 0.485816
0.764141 0.485520
0.764240 0.485225
0.764339 0.484929
0.764439 0.484929
0.764538 0.484929
0.764637 0.484929
0.764737 0.484634
0.764836 0.484634
0.764935 0.484338
0.765035 0.484338
0.765134 0.484338
0.765233 0.484338
0.765333 0.484338
0.765432 0.484043
0.765531 0.483747
0.765631 0.483747
0.765730 0.483747
0.765829 0.483747
0.765929 0.483747
0.766028 0.483452
0.766127 0.483452
0.766227 0.483452
0.766326 0.483452
0.766425 0.483452
0.766525 0.483156
0.766624 0.483156
0.766723 0.482565
0.766823 0.482565
0.766922 0.482565
0.767021 0.482270
0.767121 0.482270
0.767220 0.482270
0.767319 0.482270
0.767419 0.482270
0.767518 0.482270
0.767617 0.482270
0.767717 0.482270
0.767816 0.482270
0.767915 0.482270
0.768015 0.482270
0.768114 0.482270
0.768213 0.482270
0.768313 0.482270
0.768412 0.482270
0.768511 0.482270
0.768611 0.482270
0.768710 0.481974
0.768809 0.481974
0.768909 0.481087
0.769008 0.480792
0.769107 0.480792
0.769207 0.480792
0.769306 0.479610
0.769405 0.479610
0.769505 0.479610
0.769604 0.479610
0.769703 0.479610
0.769803 0.479610
0.769902 0.479610
0.770001 0.479314
0.770101 0.479314
0.770200 0.479019
0.770299 0.478723
0.770399 0.478428
0.770498 0.478428
0.770597 0.478132
0.770697 0.478132
0.770796 0.478132
0.770896 0.478132
0.770995 0.477837
0.771094 0.477837
0.771194 0.477837
0.771293 0.477837
0.771392 0.477837
0.771492 0.477837
0.771591 0.477837
0.771690 0.477541
0.771790 0.477541
0.771889 0.477246
0.771988 0.477246
0.772088 0.476655
0.772187 0.476064
0.772286 0.475768
0.772386 0.475473
0.772485 0.475473
0.772584 0.475473
0.772684 0.475473
0.772783 0.475473
0.772882 0.475473
0.772982 0.475473
0.773081 0.475177
0.773180 0.475177
0.773280 0.475177
0.773379 0.475177
0.773478 0.475177
0.773578 0.474882
0.773677 0.474882
0.773776 0.474586
0.773876 0.474586
0.773975 0.474586
0.774074 0.474586
0.774174 0.474291
0.774273 0.474291
0.774372 0.473995
0.774472 0.473995
0.774571 0.473995
0.774670 0.473995
0.774770 0.473700
0.774869 0.473700
0.774968 0.473700
0.775068 0.473700
0.775167 0.473700
0.775266 0.473404
0.775366 0.473109
0.775465 0.472518
0.775564 0.472518
0.775664 0.471927
0.775763 0.471927
0.775862 0.471927
0.775962 0.471631
0.776061 0.471631
0.776160 0.471631
0.776260 0.471631
0.776359 0.471336
0.776458 0.471040
0.776558 0.471040
0.776657 0.471040
0.776756 0.470745
0.776856 0.470449
0.776955 0.469858
0.777054 0.469858
0.777154 0.469267
0.777253 0.468972
0.777352 0.468972
0.777452 0.468676
0.777551 0.468676
0.777650 0.468676
0.777750 0.468676
0.777849 0.468085
0.777948 0.467790
0.778048 0.467790
0.778147 0.467494
0.778246 0.467494
0.778346 0.467494
0.778445 0.467199
0.778545 0.466903
0.778644 0.466903
0.778743 0.466903
0.778843 0.466903
0.778942 0.466903
0.779041 0.466608
0.779141 0.466608
0.779240 0.466017
0.779339 0.466017
0.779439 0.466017
0.779538 0.466017
0.779637 0.466017
0.779737 0.465721
0.779836 0.465721
0.779935 0.465426
0.780035 0.465426
0.780134 0.465426
0.780233 0.465130
0.780333 0.464835
0.780432 0.464539
0.780531 0.464539
0.780631 0.464539
0.780730 0.464539
0.780829 0.464539
0.780929 0.464243
0.781028 0.464243
0.781127 0.464243
0.781227 0.464243
0.781326 0.464243
0.781425 0.464243
0.781525 0.464243
0.781624 0.464243
0.781723 0.464243
0.781823 0.464243
0.781922 0.464243
0.782021 0.464243
0.782121 0.464243
0.782220 0.464243
0.782319 0.464243
0.782419 0.463948
0.782518 0.463652
0.782617 0.463652
0.782717 0.463652
0.782816 0.463357
0.782915 0.463061
0.783015 0.463061
0.783114 0.463061
0.783213 0.463061
0.783313 0.463061
0.783412 0.463061
0.783511 0.463061
0.783611 0.462766
0.783710 0.462766
0.783809 0.462766
0.783909 0.462766
0.784008 0.462766
0.784107 0.462470
0.784207 0.461584
0.784306 0.461288
0.784405 0.461288
0.784505 0.461288
0.784604 0.460993
0.784703 0.460993
0.784803 0.460697
0.784902 0.460697
0.785001 0.460697
0.785101 0.460697
0.785200 0.460402
0.785299 0.460402
0.785399 0.460402
0.785498 0.460402
0.785597 0.460106
0.785697 0.459811
0.785796 0.459515
0.785895 0.459220
0.785995 0.458924
0.786094 0.458924
0.786193 0.458924
0.786293 0.458629
0.786392 0.458629
0.786492 0.458629
0.786591 0.458333
0.786690 0.458038
0.786790 0.457742
0.786889 0.457151
0.786988 0.456560
0.787088 0.456560
0.787187 0.456560
0.787286 0.456560
0.787386 0.456560
0.787485 0.455969
0.787584 0.455969
0.787684 0.455969
0.787783 0.455969
0.787882 0.455674
0.787982 0.455378
0.788081 0.455378
0.788180 0.455378
0.788280 0.455378
0.788379 0.455083
0.788478 0.454787
0.788578 0.454787
0.788677 0.454787
0.788776 0.454787
0.788876 0.454787
0.788975 0.454492
0.789074 0.454492
0.789174 0.454492
0.789273 0.454492
0.789372 0.454492
0.789472 0.454492
0.789571 0.454492
0.789670 0.454196
0.789770 0.454196
0.789869 0.454196
0.789968 0.454196
0.790068 0.454196
0.790167 0.454196
0.790266 0.453901
0.790366 0.453014
0.790465 0.453014
0.790564 0.453014
0.790664 0.452719
0.790763 0.452719
0.790862 0.452719
0.790962 0.451537
0.791061 0.451241
0.791160 0.451241
0.791260 0.451241
0.791359 0.451241
0.791458 0.451241
0.791558 0.451241
0.791657 0.450946
0.791756 0.450946
0.791856 0.450650
0.791955 0.450650
0.792054 0.450059
0.792154 0.450059
0.792253 0.449764
0.792352 0.449468
0.792452 0.449468
0.792551 0.449468
0.792650 0.449468
0.792750 0.449468
0.792849 0.449468
0.792948 0.449468
0.793048 0.449468
0.793147 0.449468
0.793246 0.449468
0.793346 0.449468
0.793445 0.449173
0.793544 0.449173
0.793644 0.449173
0.793743 0.449173
0.793842 0.448877
0.793942 0.448877
0.794041 0.448582
0.794141 0.448582
0.794240 0.448286
0.794339 0.448286
0.794439 0.448286
0.794538 0.447991
0.794637 0.447991
0.794737 0.447991
0.794836 0.447991
0.794935 0.447991
0.795035 0.447991
0.795134 0.447991
0.795233 0.447991
0.795333 0.447991
0.795432 0.447991
0.795531 0.447695
0.795631 0.447695
0.795730 0.447695
0.795829 0.447400
0.795929 0.447400
0.796028 0.447104
0.796127 0.447104
0.796227 0.446809
0.796326 0.446809
0.796425 0.446809
0.796525 0.446809
0.796624 0.446809
0.796723 0.446513
0.796823 0.446513
0.796922 0.446513
0.797021 0.445922
0.797121 0.445922
0.797220 0.445922
0.797319 0.445626
0.797419 0.445626
0.797518 0.445626
0.797617 0.445626
0.797717 0.444740
0.797816 0.444444
0.797915 0.444444
0.798015 0.444149
0.798114 0.444149
0.798213 0.443853
0.798313 0.443853
0.798412 0.443853
0.798511 0.443262
0.798611 0.442671
0.798710 0.442671
0.798809 0.442080
0.798909 0.441785
0.799008 0.441785
0.799107 0.441489
0.799207 0.440898
0.799306 0.440603
0.799405 0.440603
0.799505 0.440603
0.799604 0.440307
0.799703 0.440307
0.799803 0.440012
0.799902 0.440012
0.800001 0.440012
0.800101 0.440012
0.800200 0.440012
0.800299 0.440012
0.800399 0.440012
0.800498 0.440012
0.800597 0.439716
0.800697 0.439716
0.800796 0.439716
0.800895 0.439716
0.800995 0.439125
0.801094 0.439125
0.801193 0.439125
0.801293 0.439125
0.801392 0.438534
0.801491 0.437943
0.801591 0.437648
0.801690 0.437648
0.801789 0.437648
0.801889 0.437648
0.801988 0.437352
0.802088 0.437057
0.802187 0.436761
0.802286 0.436761
0.802386 0.436466
0.802485 0.436466
0.802584 0.436466
0.802684 0.436170
0.802783 0.436170
0.802882 0.435875
0.802982 0.435875
0.803081 0.435579
0.803180 0.435579
0.803280 0.435579
0.803379 0.435579
0.803478 0.435579
0.803578 0.435579
0.803677 0.434988
0.803776 0.434693
0.803876 0.434693
0.803975 0.434693
0.804074 0.434693
0.804174 0.434693
0.804273 0.434397
0.804372 0.433806
0.804472 0.433215
0.804571 0.433215
0.804670 0.433215
0.804770 0.432920
0.804869 0.432920
0.804968 0.432920
0.805068 0.432624
0.805167 0.432624
0.805266 0.432329
0.805366 0.432033
0.805465 0.432033
0.805564 0.432033
0.805664 0.431738
0.805763 0.431442
0.805862 0.431442
0.805962 0.431442
0.806061 0.431442
0.806160 0.431442
0.806260 0.431147
0.806359 0.431147
0.806458 0.431147
0.806558 0.431147
0.806657 0.431147
0.806756 0.431147
0.806856 0.431147
0.806955 0.431147
0.807054 0.430851
0.807154 0.430851
0.807253 0.430851
0.807352 0.430556
0.807452 0.430556
0.807551 0.430556
0.807650 0.430556
0.807750 0.430260
0.807849 0.430260
0.807948 0.429965
0.808048 0.429669
0.808147 0.429669
0.808246 0.429669
0.808346 0.429374
0.808445 0.429374
0.808544 0.429078
0.808644 0.429078
0.808743 0.429078
0.808842 0.429078
0.808942 0.429078
0.809041 0.429078
0.809140 0.429078
0.809240 0.429078
0.809339 0.429078
0.809438 0.429078
0.809538 0.429078
0.809637 0.429078
0.809737 0.428487
0.809836 0.428191
0.809935 0.428191
0.810035 0.428191
0.810134 0.427600
0.810233 0.427305
0.810333 0.427009
0.810432 0.426714
0.810531 0.426714
0.810631 0.426418
0.810730 0.426123
0.810829 0.426123
0.810929 0.426123
0.811028 0.425827
0.811127 0.425827
0.811227 0.425827
0.811326 0.425532
0.811425 0.425236
0.811525 0.425236
0.811624 0.424645
0.811723 0.424645
0.811823 0.424645
0.811922 0.424645
0.812021 0.424645
0.812121 0.424350
0.812220 0.424054
0.812319 0.423463
0.812419 0.423168
0.812518 0.422577
0.812617 0.422577
0.812717 0.422577
0.812816 0.422281
0.812915 0.421986
0.813015 0.421986
0.813114 0.421690
0.813213 0.421395
0.813313 0.421395
0.813412 0.421395
0.813511 0.421099
0.813611 0.421099
0.813710 0.420804
0.813809 0.420508
0.813909 0.420213
0.814008 0.420213
0.814107 0.420213
0.814207 0.420213
0.814306 0.420213
0.814405 0.420213
0.814505 0.419622
0.814604 0.419622
0.814703 0.419031
0.814803 0.419031
0.814902 0.419031
0.815001 0.419031
0.815101 0.419031
0.815200 0.419031
0.815299 0.419031
0.815399 0.419031
0.815498 0.419031
0.815597 0.418735
0.815697 0.418144
0.815796 0.418144
0.815895 0.418144
0.815995 0.417849
0.816094 0.417553
0.816193 0.417553
0.816293 0.417258
0.816392 0.417258
0.816491 0.417258
0.816591 0.417258
0.816690 0.417258
0.816789 0.417258
0.816889 0.416962
0.816988 0.416962
0.817087 0.416667
0.817187 0.416371
0.817286 0.416371
0.817385 0.416371
0.817485 0.416076
0.817584 0.415780
0.817684 0.415485
0.817783 0.414894
0.817882 0.414598
0.817982 0.414007
0.818081 0.413416
0.818180 0.413416
0.818280 0.413416
0.818379 0.413416
0.818478 0.413121
0.818578 0.413121
0.818677 0.413121
0.818776 0.412530
0.818876 0.412530
0.818975 0.412234
0.819074 0.411643
0.819174 0.411643
0.819273 0.410757
0.819372 0.410757
0.819472 0.410461
0.819571 0.410165
0.819670 0.409870
0.819770 0.409870
0.819869 0.409870
0.819968 0.409870
0.820068 0.409870
0.820167 0.409574
0.820266 0.409574
0.820366 0.409574
0.820465 0.408983
0.820564 0.408688
0.820664 0.408688
0.820763 0.408688
0.820862 0.408392
0.820962 0.407801
0.821061 0.407801
0.821160 0.407801
0.821260 0.407801
0.821359 0.407801
0.821458 0.407506
0.821558 0.407210
0.821657 0.406915
0.821756 0.406619
0.821856 0.406619
0.821955 0.406619
0.822054 0.406619
0.822154 0.406324
0.822253 0.406324
0.822352 0.406324
0.822452 0.406324
0.822551 0.406324
0.822650 0.406028
0.822750 0.406028
0.822849 0.406028
0.822948 0.406028
0.823048 0.406028
0.823147 0.405733
0.823246 0.405437
0.823346 0.405437
0.823445 0.405437
0.823544 0.405142
0.823644 0.404846
0.823743 0.404846
0.823842 0.404551
0.823942 0.404551
0.824041 0.404551
0.824140 0.404551
0.824240 0.404255
0.824339 0.403664
0.824438 0.403369
0.824538 0.402778
0.824637 0.402778
0.824736 0.402778
0.824836 0.402778
0.824935 0.402482
0.825034 0.401891
0.825134 0.401891
0.825233 0.401596
0.825333 0.401300
0.825432 0.401005
0.825531 0.401005
0.825631 0.400709
0.825730 0.400414
0.825829 0.400118
0.825929 0.399823
0.826028 0.399823
0.826127 0.399527
0.826227 0.398936
0.826326 0.398345
0.826425 0.398050
0.826525 0.398050
0.826624 0.398050
0.826723 0.397754
0.826823 0.397754
0.826922 0.397754
0.827021 0.397459
0.827121 0.397459
0.827220 0.397459
0.827319 0.397163
0.827419 0.397163
0.827518 0.397163
0.827617 0.396868
0.827717 0.396868
0.827816 0.396572
0.827915 0.396572
0.828015 0.396277
0.828114 0.396277
0.828213 0.396277
0.828313 0.396277
0.828412 0.395981
0.828511 0.395981
0.828611 0.395686
0.828710 0.395686
0.828809 0.395686
0.828909 0.395686
0.829008 0.395686
0.829107 0.395686
0.829207 0.395686
0.829306 0.395686
0.829405 0.395390
0.829505 0.395095
0.829604 0.394504
0.829703 0.394504
0.829803 0.394208
0.829902 0.394208
0.830001 0.394208
0.830101 0.394208
0.830200 0.394208
0.830299 0.394208
0.830399 0.393913
0.830498 0.393322
0.830597 0.393026
0.830697 0.393026
0.830796 0.392730
0.830895 0.392435
0.830995 0.392139
0.831094 0.392139
0.831193 0.392139
0.831293 0.391844
0.831392 0.391844
0.831491 0.391548
0.831591 0.391548
0.831690 0.391253
0.831789 0.391253
0.831889 0.391253
0.831988 0.390957
0.832087 0.390957
0.832187 0.390957
0.832286 0.390366
0.832385 0.390366
0.832485 0.390366
0.832584 0.390366
0.832683 0.390366
0.832783 0.389775
0.832882 0.389775
0.832981 0.389480
0.833081 0.389480
0.833180 0.388889
0.833280 0.388889
0.833379 0.388889
0.833478 0.388298
0.833578 0.388298
0.833677 0.388298
0.833776 0.388298
0.833876 0.388002
0.833975 0.387707
0.834074 0.387707
0.834174 0.387411
0.834273 0.387116
0.834372 0.387116
0.834472 0.387116
0.834571 0.387116
0.834670 0.386820
0.834770 0.386820
0.834869 0.386820
0.834968 0.386820
0.835068 0.386820
0.835167 0.386820
0.835266 0.386820
0.835366 0.386525
0.835465 0.386525
0.835564 0.386525
0.835664 0.386525
0.835763 0.386525
0.835862 0.385934
0.835962 0.385638
0.836061 0.385343
0.836160 0.385343
0.836260 0.385343
0.836359 0.385343
0.836458 0.385047
0.836558 0.385047
0.836657 0.385047
0.836756 0.385047
0.836856 0.385047
0.836955 0.384752
0.837054 0.384752
0.837154 0.384752
0.837253 0.384456
0.837352 0.384456
0.837452 0.384161
0.837551 0.383865
0.837650 0.383570
0.837750 0.383274
0.837849 0.383274
0.837948 0.383274
0.838048 0.382388
0.838147 0.382388
0.838246 0.382388
0.838346 0.382388
0.838445 0.382092
0.838544 0.381797
0.838644 0.381797
0.838743 0.381797
0.838842 0.381797
0.838942 0.381501
0.839041 0.381206
0.839140 0.381206
0.839240 0.380910
0.839339 0.380910
0.839438 0.380910
0.839538 0.380910
0.839637 0.380615
0.839736 0.380615
0.839836 0.380319
0.839935 0.380319
0.840034 0.380024
0.840134 0.380024
0.840233 0.380024
0.840332 0.379728
0.840432 0.379433
0.840531 0.379137
0.840630 0.379137
0.840730 0.378546
0.840829 0.377955
0.840928 0.377364
0.841028 0.377364
0.841127 0.377364
0.841227 0.377364
0.841326 0.377364
0.841425 0.377364
0.841525 0.376773
0.841624 0.376773
0.841723 0.376478
0.841823 0.376478
0.841922 0.376182
0.842021 0.375887
0.842121 0.375887
0.842220 0.375887
0.842319 0.375887
0.842419 0.375591
0.842518 0.375591
0.842617 0.375296
0.842717 0.375296
0.842816 0.374704
0.842915 0.374409
0.843015 0.374409
0.843114 0.374113
0.843213 0.373818
0.843313 0.373818
0.843412 0.373522
0.843511 0.373227
0.843611 0.372931
0.843710 0.372636
0.843809 0.372636
0.843909 0.372636
0.844008 0.372636
0.844107 0.372340
0.844207 0.372340
0.844306 0.372045
0.844405 0.372045
0.844505 0.372045
0.844604 0.371749
0.844703 0.371749
0.844803 0.371749
0.844902 0.371158
0.845001 0.371158
0.845101 0.371158
0.845200 0.371158
0.845299 0.370863
0.845399 0.370567
0.845498 0.370567
0.845597 0.370567
0.845697 0.370272
0.845796 0.370272
0.845895 0.370272
0.845995 0.369976
0.846094 0.369976
0.846193 0.369681
0.846293 0.369090
0.846392 0.369090
0.846491 0.368794
0.846591 0.368794
0.846690 0.368203
0.846789 0.368203
0.846889 0.368203
0.846988 0.368203
0.847087 0.368203
0.847187 0.368203
0.847286 0.368203
0.847385 0.367908
0.847485 0.367908
0.847584 0.367908
0.847683 0.367908
0.847783 0.367317
0.847882 0.367317
0.847981 0.367021
0.848081 0.367021
0.848180 0.366726
0.848279 0.366430
0.848379 0.366135
0.848478 0.366135
0.848577 0.366135
0.848677 0.366135
0.848776 0.365544
0.848876 0.365544
0.848975 0.365544
0.849074 0.365248
0.849174 0.364953
0.849273 0.364953
0.849372 0.364362
0.849472 0.364362
0.849571 0.364362
0.849670 0.364362
0.849770 0.364362
0.849869 0.364066
0.849968 0.364066
0.850068 0.363771
0.850167 0.363475
0.850266 0.363475
0.850366 0.363475
0.850465 0.362884
0.850564 0.362884
0.850664 0.362589
0.850763 0.362293
0.850862 0.362293
0.850962 0.362293
0.851061 0.362293
0.851160 0.362293
0.851260 0.362293
0.851359 0.362293
0.851458 0.361702
0.851558 0.361702
0.851657 0.361702
0.851756 0.361702
0.851856 0.361407
0.851955 0.361407
0.852054 0.360816
0.852154 0.359929
0.852253 0.359043
0.852352 0.358747
0.852452 0.358747
0.852551 0.358747
0.852650 0.358747
0.852750 0.358747
0.852849 0.358747
0.852948 0.358747
0.853048 0.358452
0.853147 0.358452
0.853246 0.358452
0.853346 0.358156
0.853445 0.358156
0.853544 0.358156
0.853644 0.358156
0.853743 0.358156
0.853842 0.357861
0.853942 0.357861
0.854041 0.357861
0.854140 0.357565
0.854240 0.357270
0.854339 0.356974
0.854438 0.356974
0.854538 0.356383
0.854637 0.356383
0.854736 0.355792
0.854836 0.355792
0.854935 0.355496
0.855034 0.354905
0.855134 0.354610
0.855233 0.354314
0.855332 0.354019
0.855432 0.354019
0.855531 0.354019
0.855630 0.354019
0.855730 0.354019
0.855829 0.354019
0.855928 0.354019
0.856028 0.354019
0.856127 0.353428
0.856226 0.353428
0.856326 0.353132
0.856425 0.353132
0.856524 0.353132
0.856624 0.352541
0.856723 0.351950
0.856823 0.351950
0.856922 0.351950
0.857021 0.351655
0.857121 0.351655
0.857220 0.351359
0.857319 0.351064
0.857419 0.350768
0.857518 0.350768
0.857617 0.350473
0.857717 0.350473
0.857816 0.349882
0.857915 0.349291
0.858015 0.349291
0.858114 0.349291
0.858213 0.348995
0.858313 0.348109
0.858412 0.348109
0.858511 0.348109
0.858611 0.347813
0.858710 0.346927
0.858809 0.346040
0.858909 0.346040
0.859008 0.345745
0.859107 0.345745
0.859207 0.345449
0.859306 0.345449
0.859405 0.345449
0.859505 0.345449
0.859604 0.345154
0.859703 0.344858
0.859803 0.344858
0.859902 0.344563
0.860001 0.344563
0.860101 0.344563
0.860200 0.344267
0.860299 0.343972
0.860399 0.343676
0.860498 0.343085
0.860597 0.343085
0.860697 0.343085
0.860796 0.343085
0.860895 0.343085
0.860995 0.342790
0.861094 0.341903
0.861193 0.341608
0.861293 0.341608
0.861392 0.341608
0.861491 0.341608
0.861591 0.341608
0.861690 0.341312
0.861789 0.341312
0.861889 0.341312
0.861988 0.341017
0.862087 0.341017
0.862187 0.340721
0.862286 0.340130
0.862385 0.340130
0.862485 0.340130
0.862584 0.340130
0.862683 0.339835
0.862783 0.339835
0.862882 0.339835
0.862981 0.339835
0.863081 0.339539
0.863180 0.339539
0.863279 0.339539
0.863379 0.339539
0.863478 0.339539
0.863577 0.339243
0.863677 0.339243
0.863776 0.338948
0.863875 0.338652
0.863975 0.338357
0.864074 0.338061
0.864173 0.337766
0.864273 0.337175
0.864372 0.336879
0.864472 0.336879
0.864571 0.336879
0.864670 0.336288
0.864770 0.336288
0.864869 0.336288
0.864968 0.336288
0.865068 0.335697
0.865167 0.335697
0.865266 0.335402
0.865366 0.335106
0.865465 0.335106
0.865564 0.334220
0.865664 0.334220
0.865763 0.333924
0.865862 0.333629
0.865962 0.333629
0.866061 0.333629
0.866160 0.333333
0.866260 0.332742
0.866359 0.332447
0.866458 0.332447
0.866558 0.332447
0.866657 0.332151
0.866756 0.332151
0.866856 0.331856
0.866955 0.331856
0.867054 0.331560
0.867154 0.331560
0.867253 0.331560
0.867352 0.331560
0.867452 0.331265
0.867551 0.330674
0.867650 0.330674
0.867750 0.330378
0.867849 0.330083
0.867948 0.330083
0.868048 0.330083
0.868147 0.330083
0.868246 0.329787
0.868346 0.329787
0.868445 0.329492
0.868544 0.329196
0.868644 0.329196
0.868743 0.328901
0.868842 0.328901
0.868942 0.328901
0.869041 0.328605
0.869140 0.328605
0.869240 0.328014
0.869339 0.328014
0.869438 0.327719
0.869538 0.327719
0.869637 0.327719
0.869736 0.327719
0.869836 0.327128
0.869935 0.326832
0.870034 0.326537
0.870134 0.326537
0.870233 0.326537
0.870332 0.326537
0.870432 0.325946
0.870531 0.325650
0.870630 0.325355
0.870730 0.325355
0.870829 0.325059
0.870928 0.325059
0.871028 0.324764
0.871127 0.324468
0.871226 0.324468
0.871326 0.324468
0.871425 0.323877
0.871524 0.323877
0.871624 0.323582
0.871723 0.323582
0.871822 0.322991
0.871922 0.322991
0.872021 0.322991
0.872120 0.322695
0.872220 0.322695
0.872319 0.322400
0.872419 0.322400
0.872518 0.322104
0.872617 0.321809
0.872717 0.321217
0.872816 0.320922
0.872915 0.320331
0.873015 0.320035
0.873114 0.320035
0.873213 0.320035
0.873313 0.319149
0.873412 0.318853
0.873511 0.317967
0.873611 0.317967
0.873710 0.317967
0.873809 0.317967
0.873909 0.317967
0.874008 0.317671
0.874107 0.317671
0.874207 0.317671
0.874306 0.317376
0.874405 0.316785
0.874505 0.316785
0.874604 0.316785
0.874703 0.316489
0.874803 0.316489
0.874902 0.316194
0.875001 0.315898
0.875101 0.315603
0.875200 0.315603
0.875299 0.315603
0.875399 0.315307
0.875498 0.315307
0.875597 0.314716
0.875697 0.314716
0.875796 0.314716
0.875895 0.314716
0.875995 0.314421
0.876094 0.313534
0.876193 0.313534
0.876293 0.313534
0.876392 0.313239
0.876491 0.313239
0.876591 0.312648
0.876690 0.312648
0.876789 0.312648
0.876889 0.312352
0.876988 0.312352
0.877087 0.312352
0.877187 0.312352
0.877286 0.312352
0.877385 0.312057
0.877485 0.311761
0.877584 0.311761
0.877683 0.311761
0.877783 0.311466
0.877882 0.311466
0.877981 0.311170
0.878081 0.310875
0.878180 0.310875
0.878279 0.310875
0.878379 0.310579
0.878478 0.310579
0.878577 0.309988
0.878677 0.309693
0.878776 0.309397
0.878875 0.309397
0.878975 0.309102
0.879074 0.309102
0.879173 0.308806
0.879273 0.308806
0.879372 0.308806
0.879471 0.308806
0.879571 0.308806
0.879670 0.308806
0.879769 0.308511
0.879869 0.308511
0.879968 0.307920
0.880068 0.307920
0.880167 0.307920
0.880266 0.307624
0.880366 0.307624
0.880465 0.307329
0.880564 0.307033
0.880664 0.306738
0.880763 0.306442
0.880862 0.306442
0.880962 0.306442
0.881061 0.306442
0.881160 0.306442
0.881260 0.306442
0.881359 0.306147
0.881458 0.306147
0.881558 0.306147
0.881657 0.306147
0.881756 0.305851
0.881856 0.305851
0.881955 0.305851
0.882054 0.305851
0.882154 0.305851
0.882253 0.305556
0.882352 0.305260
0.882452 0.305260
0.882551 0.305260
0.882650 0.305260
0.882750 0.304669
0.882849 0.304669
0.882948 0.304669
0.883048 0.304078
0.883147 0.303783
0.883246 0.303487
0.883346 0.303191
0.883445 0.303191
0.883544 0.302896
0.883644 0.302600
0.883743 0.302009
0.883842 0.302009
0.883942 0.302009
0.884041 0.301714
0.884140 0.301714
0.884240 0.301418
0.884339 0.300532
0.884438 0.300236
0.884538 0.300236
0.884637 0.299941
0.884736 0.299941
0.884836 0.299645
0.884935 0.299350
0.885034 0.299350
0.885134 0.299350
0.885233 0.299054
0.885332 0.298759
0.885432 0.298463
0.885531 0.298168
0.885630 0.298168
0.885730 0.297872
0.885829 0.297281
0.885928 0.297281
0.886028 0.297281
0.886127 0.296690
0.886226 0.296690
0.886326 0.296690
0.886425 0.296690
0.886524 0.296690
0.886624 0.296395
0.886723 0.295804
0.886822 0.295804
0.886922 0.295508
0.887021 0.295508
0.887120 0.295508
0.887220 0.295508
0.887319 0.295213
0.887418 0.295213
0.887518 0.295213
0.887617 0.295213
0.887716 0.294917
0.887816 0.294917
0.887915 0.294917
0.888015 0.294917
0.888114 0.294622
0.888213 0.294326
0.888313 0.293735
0.888412 0.293440
0.888511 0.293440
0.888611 0.293144
0.888710 0.293144
0.888809 0.293144
0.888909 0.293144
0.889008 0.293144
0.889107 0.292849
0.889207 0.292553
0.889306 0.292553
0.889405 0.292553
0.889505 0.292258
0.889604 0.291962
0.889703 0.291962
0.889803 0.291962
0.889902 0.291371
0.890001 0.291371
0.890101 0.290780
0.890200 0.290485
0.890299 0.290189
0.890399 0.289894
0.890498 0.289598
0.890597 0.289007
0.890697 0.288121
0.890796 0.287825
0.890895 0.287530
0.890995 0.287530
0.891094 0.287530
0.891193 0.287530
0.891293 0.286643
0.891392 0.286643
0.891491 0.286643
0.891591 0.286052
0.891690 0.286052
0.891789 0.286052
0.891889 0.286052
0.891988 0.285757
0.892087 0.285461
0.892187 0.284870
0.892286 0.284574
0.892385 0.284279
0.892485 0.283983
0.892584 0.283983
0.892683 0.283983
0.892783 0.283983
0.892882 0.283983
0.892981 0.283688
0.893081 0.283392
0.893180 0.283392
0.893279 0.283392
0.893379 0.283097
0.893478 0.283097
0.893577 0.283097
0.893677 0.283097
0.893776 0.282801
0.893875 0.282801
0.893975 0.282801
0.894074 0.282506
0.894173 0.282506
0.894273 0.282210
0.894372 0.282210
0.894471 0.282210
0.894571 0.282210
0.894670 0.282210
0.894769 0.282210
0.894869 0.281915
0.894968 0.281619
0.895067 0.281324
0.895167 0.281324
0.895266 0.281324
0.895365 0.281028
0.895465 0.281028
0.895564 0.280437
0.895664 0.280142
0.895763 0.280142
0.895862 0.280142
0.895962 0.279846
0.896061 0.279846
0.896160 0.279255
0.896260 0.278960
0.896359 0.278960
0.896458 0.278960
0.896558 0.278369
0.896657 0.277778
0.896756 0.277482
0.896856 0.277187
0.896955 0.276891
0.897054 0.276891
0.897154 0.276596
0.897253 0.276005
0.897352 0.275414
0.897452 0.275414
0.897551 0.275118
0.897650 0.275118
0.897750 0.275118
0.897849 0.274823
0.897948 0.274823
0.898048 0.274527
0.898147 0.274232
0.898246 0.274232
0.898346 0.273936
0.898445 0.273936
0.898544 0.273345
0.898644 0.273345
0.898743 0.273345
0.898842 0.273345
0.898942 0.273050
0.899041 0.273050
0.899140 0.273050
0.899240 0.273050
0.899339 0.273050
0.899438 0.272459
0.899538 0.271277
0.899637 0.270981
0.899736 0.270686
0.899836 0.270390
0.899935 0.270095
0.900034 0.269799
0.900134 0.269208
0.900233 0.269208
0.900332 0.268913
0.900432 0.268913
0.900531 0.268913
0.900630 0.268913
0.900730 0.268913
0.900829 0.268913
0.900928 0.268913
0.901028 0.268617
0.901127 0.268322
0.901226 0.268322
0.901326 0.268322
0.901425 0.268026
0.901524 0.268026
0.901624 0.267730
0.901723 0.267730
0.901822 0.267435
0.901922 0.266844
0.902021 0.266253
0.902120 0.266253
0.902220 0.265662
0.902319 0.265366
0.902418 0.265366
0.902518 0.264775
0.902617 0.264480
0.902716 0.264480
0.902816 0.264184
0.902915 0.263889
0.903014 0.263889
0.903114 0.263593
0.903213 0.263298
0.903312 0.263002
0.903412 0.262707
0.903511 0.262707
0.903611 0.262707
0.903710 0.262707
0.903809 0.262411
0.903909 0.262411
0.904008 0.262116
0.904107 0.262116
0.904207 0.261820
0.904306 0.261820
0.904405 0.261525
0.904505 0.261229
0.904604 0.261229
0.904703 0.260934
0.904803 0.260343
0.904902 0.260047
0.905001 0.260047
0.905101 0.259752
0.905200 0.259752
0.905299 0.259752
0.905399 0.259456
0.905498 0.258865
0.905597 0.258865
0.905697 0.258274
0.905796 0.258274
0.905895 0.257388
0.905995 0.257092
0.906094 0.256501
0.906193 0.256501
0.906293 0.256501
0.906392 0.256206
0.906491 0.256206
0.906591 0.256206
0.906690 0.256206
0.906789 0.255910
0.906889 0.255615
0.906988 0.255615
0.907087 0.255615
0.907187 0.255615
0.907286 0.255319
0.907385 0.255319
0.907485 0.255319
0.907584 0.255319
0.907683 0.255024
0.907783 0.254433
0.907882 0.254137
0.907981 0.253842
0.908081 0.253546
0.908180 0.253251
0.908279 0.253251
0.908379 0.252955
0.908478 0.252660
0.908577 0.252660
0.908677 0.252660
0.908776 0.252660
0.908875 0.252069
0.908975 0.252069
0.909074 0.252069
0.909173 0.252069
0.909273 0.252069
0.909372 0.252069
0.909471 0.252069
0.909571 0.251773
0.909670 0.251478
0.909769 0.251478
0.909869 0.251478
0.909968 0.251182
0.910067 0.251182
0.910167 0.250591
0.910266 0.250296
0.910365 0.250296
0.910465 0.250000
0.910564 0.249704
0.910663 0.249704
0.910763 0.249409
0.910862 0.249113
0.910961 0.248522
0.911061 0.248522
0.911160 0.248227
0.911260 0.247636
0.911359 0.247636
0.911458 0.247636
0.911558 0.247636
0.911657 0.247340
0.911756 0.247340
0.911856 0.247340
0.911955 0.247340
0.912054 0.246749
0.912154 0.246749
0.912253 0.246749
0.912352 0.246454
0.912452 0.246158
0.912551 0.245863
0.912650 0.245863
0.912750 0.245567
0.912849 0.245567
0.912948 0.245272
0.913048 0.245272
0.913147 0.245272
0.913246 0.244681
0.913346 0.244385
0.913445 0.244385
0.913544 0.244090
0.913644 0.243794
0.913743 0.243794
0.913842 0.243794
0.913942 0.243499
0.914041 0.243499
0.914140 0.242908
0.914240 0.242908
0.914339 0.242908
0.914438 0.242908
0.914538 0.242908
0.914637 0.241430
0.914736 0.241430
0.914836 0.241135
0.914935 0.240544
0.915034 0.240544
0.915134 0.240544
0.915233 0.240248
0.915332 0.239953
0.915432 0.239953
0.915531 0.239362
0.915630 0.239362
0.915730 0.239066
0.915829 0.239066
0.915928 0.239066
0.916028 0.239066
0.916127 0.238771
0.916226 0.238475
0.916326 0.237884
0.916425 0.237884
0.916524 0.237884
0.916624 0.237293
0.916723 0.236998
0.916822 0.236998
0.916922 0.236998
0.917021 0.236702
0.917120 0.236407
0.917220 0.236111
0.917319 0.236111
0.917418 0.235816
0.917518 0.235225
0.917617 0.235225
0.917716 0.235225
0.917816 0.235225
0.917915 0.235225
0.918014 0.235225
0.918114 0.234338
0.918213 0.234043
0.918312 0.234043
0.918412 0.234043
0.918511 0.233747
0.918610 0.233452
0.918710 0.232565
0.918809 0.232270
0.918908 0.231974
0.919008 0.231974
0.919107 0.231678
0.919207 0.231383
0.919306 0.231087
0.919405 0.231087
0.919505 0.230496
0.919604 0.229610
0.919703 0.229019
0.919803 0.229019
0.919902 0.228723
0.920001 0.228428
0.920101 0.228428
0.920200 0.228428
0.920299 0.228428
0.920399 0.228428
0.920498 0.227837
0.920597 0.227541
0.920697 0.227541
0.920796 0.227541
0.920895 0.227541
0.920995 0.227541
0.921094 0.227541
0.921193 0.227541
0.921293 0.227541
0.921392 0.226950
0.921491 0.226655
0.921591 0.226359
0.921690 0.226064
0.921789 0.226064
0.921889 0.225768
0.921988 0.225768
0.922087 0.225473
0.922187 0.225177
0.922286 0.224882
0.922385 0.224882
0.922485 0.224882
0.922584 0.223700
0.922683 0.223700
0.922783 0.223404
0.922882 0.223109
0.922981 0.223109
0.923081 0.222813
0.923180 0.222518
0.923279 0.222518
0.923379 0.222518
0.923478 0.221927
0.923577 0.221927
0.923677 0.221631
0.923776 0.221040
0.923875 0.221040
0.923975 0.220745
0.924074 0.219267
0.924173 0.219267
0.924273 0.219267
0.924372 0.218676
0.924471 0.218085
0.924571 0.217790
0.924670 0.217790
0.924769 0.217790
0.924869 0.217790
0.924968 0.217790
0.925067 0.217494
0.925167 0.217199
0.925266 0.217199
0.925365 0.217199
0.925465 0.216903
0.925564 0.216903
0.925663 0.216903
0.925763 0.216903
0.925862 0.216312
0.925961 0.216312
0.926061 0.216312
0.926160 0.215426
0.926259 0.215426
0.926359 0.215426
0.926458 0.214835
0.926557 0.214539
0.926657 0.214539
0.926756 0.213652
0.926856 0.213652
0.926955 0.213357
0.927054 0.213357
0.927154 0.212766
0.927253 0.212175
0.927352 0.211879
0.927452 0.211584
0.927551 0.211584
0.927650 0.211584
0.927750 0.211288
0.927849 0.210993
0.927948 0.210697
0.928048 0.210697
0.928147 0.210402
0.928246 0.210106
0.928346 0.210106
0.928445 0.210106
0.928544 0.209220
0.928644 0.208629
0.928743 0.208629
0.928842 0.208038
0.928942 0.207742
0.929041 0.207742
0.929140 0.207447
0.929240 0.207151
0.929339 0.206856
0.929438 0.206856
0.929538 0.206265
0.929637 0.206265
0.929736 0.206265
0.929836 0.205969
0.929935 0.205969
0.930034 0.205378
0.930134 0.205378
0.930233 0.205378
0.930332 0.205378
0.930432 0.205083
0.930531 0.204787
0.930630 0.204492
0.930730 0.204492
0.930829 0.204492
0.930928 0.204196
0.931028 0.204196
0.931127 0.203901
0.931226 0.203310
0.931326 0.203310
0.931425 0.203310
0.931524 0.203310
0.931624 0.203310
0.931723 0.203310
0.931822 0.202423
0.931922 0.202128
0.932021 0.202128
0.932120 0.201832
0.932220 0.201832
0.932319 0.201832
0.932418 0.201832
0.932518 0.201241
0.932617 0.200946
0.932716 0.200650
0.932816 0.200355
0.932915 0.199764
0.933014 0.199764
0.933114 0.198877
0.933213 0.198877
0.933312 0.198286
0.933412 0.198286
0.933511 0.197991
0.933610 0.197695
0.933710 0.197104
0.933809 0.197104
0.933908 0.197104
0.934008 0.197104
0.934107 0.197104
0.934206 0.195922
0.934306 0.195626
0.934405 0.195626
0.934504 0.195626
0.934604 0.194740
0.934703 0.194740
0.934803 0.194444
0.934902 0.193853
0.935001 0.193853
0.935101 0.193558
0.935200 0.193558
0.935299 0.193262
0.935399 0.192967
0.935498 0.192967
0.935597 0.192671
0.935697 0.192376
0.935796 0.192376
0.935895 0.191785
0.935995 0.191489
0.936094 0.190307
0.936193 0.190307
0.936293 0.190307
0.936392 0.190307
0.936491 0.190012
0.936591 0.189716
0.936690 0.189716
0.936789 0.189716
0.936889 0.189421
0.936988 0.188830
0.937087 0.188534
0.937187 0.187648
0.937286 0.187352
0.937385 0.187057
0.937485 0.187057
0.937584 0.186466
0.937683 0.185875
0.937783 0.185579
0.937882 0.185284
0.937981 0.184988
0.938081 0.184102
0.938180 0.184102
0.938279 0.183806
0.938379 0.183215
0.938478 0.182920
0.938577 0.182920
0.938677 0.182329
0.938776 0.181738
0.938875 0.181442
0.938975 0.181442
0.939074 0.181442
0.939173 0.180556
0.939273 0.180260
0.939372 0.179669
0.939471 0.179078
0.939571 0.178783
0.939670 0.178487
0.939769 0.178487
0.939869 0.178191
0.939968 0.178191
0.940067 0.177896
0.940167 0.177600
0.940266 0.176418
0.940365 0.176418
0.940465 0.176418
0.940564 0.176418
0.940663 0.176123
0.940763 0.176123
0.940862 0.175827
0.940961 0.175236
0.941061 0.174941
0.941160 0.174941
0.941259 0.174350
0.941359 0.174054
0.941458 0.174054
0.941557 0.173463
0.941657 0.172872
0.941756 0.171986
0.941855 0.171690
0.941955 0.171690
0.942054 0.171395
0.942153 0.171395
0.942253 0.170508
0.942352 0.169917
0.942452 0.169917
0.942551 0.169917
0.942650 0.169917
0.942750 0.169917
0.942849 0.169031
0.942948 0.168735
0.943048 0.168735
0.943147 0.168440
0.943246 0.168440
0.943346 0.167553
0.943445 0.167258
0.943544 0.166962
0.943644 0.166667
0.943743 0.165780
0.943842 0.165189
0.943942 0.164598
0.944041 0.164598
0.944140 0.164598
0.944240 0.164303
0.944339 0.164007
0.944438 0.164007
0.944538 0.164007
0.944637 0.163712
0.944736 0.163712
0.944836 0.163416
0.944935 0.163121
0.945034 0.162825
0.945134 0.162530
0.945233 0.161348
0.945332 0.161052
0.945432 0.160461
0.945531 0.160165
0.945630 0.160165
0.945730 0.159574
0.945829 0.159574
0.945928 0.159279
0.946028 0.159279
0.946127 0.158392
0.946226 0.158392
0.946326 0.158392
0.946425 0.158097
0.946524 0.157506
0.946624 0.157210
0.946723 0.157210
0.946822 0.156915
0.946922 0.156619
0.947021 0.156619
0.947120 0.156324
0.947220 0.156324
0.947319 0.156324
0.947418 0.156028
0.947518 0.156028
0.947617 0.155437
0.947716 0.154255
0.947816 0.154255
0.947915 0.153664
0.948014 0.153664
0.948114 0.153664
0.948213 0.153369
0.948312 0.152778
0.948412 0.152482
0.948511 0.152187
0.948610 0.151891
0.948710 0.151891
0.948809 0.150709
0.948908 0.150118
0.949008 0.149823
0.949107 0.149232
0.949206 0.148641
0.949306 0.148641
0.949405 0.148641
0.949504 0.148050
0.949604 0.148050
0.949703 0.147459
0.949802 0.146868
0.949902 0.145981
0.950001 0.145686
0.950100 0.145390
0.950200 0.145390
0.950299 0.145095
0.950399 0.145095
0.950498 0.145095
0.950597 0.144799
0.950697 0.144799
0.950796 0.144799
0.950895 0.144208
0.950995 0.143913
0.951094 0.143913
0.951193 0.143913
0.951293 0.143913
0.951392 0.143617
0.951491 0.143617
0.951591 0.143322
0.951690 0.143026
0.951789 0.142730
0.951889 0.142730
0.951988 0.142730
0.952087 0.142435
0.952187 0.141844
0.952286 0.141844
0.952385 0.141548
0.952485 0.141253
0.952584 0.141253
0.952683 0.140957
0.952783 0.140366
0.952882 0.140071
0.952981 0.139184
0.953081 0.139184
0.953180 0.138889
0.953279 0.138002
0.953379 0.138002
0.953478 0.137116
0.953577 0.137116
0.953677 0.136229
0.953776 0.135934
0.953875 0.135638
0.953975 0.134752
0.954074 0.134456
0.954173 0.133570
0.954273 0.132979
0.954372 0.132979
0.954471 0.132683
0.954571 0.132388
0.954670 0.132092
0.954769 0.131501
0.954869 0.131501
0.954968 0.131206
0.955067 0.130910
0.955167 0.130910
0.955266 0.130910
0.955365 0.130910
0.955465 0.130319
0.955564 0.130024
0.955663 0.130024
0.955763 0.129728
0.955862 0.129728
0.955961 0.129137
0.956061 0.128842
0.956160 0.128546
0.956259 0.127660
0.956359 0.127660
0.956458 0.127660
0.956557 0.127660
0.956657 0.127364
0.956756 0.126478
0.956855 0.126182
0.956955 0.126182
0.957054 0.125887
0.957153 0.125296
0.957253 0.125296
0.957352 0.125296
0.957451 0.124704
0.957551 0.124704
0.957650 0.124409
0.957749 0.123818
0.957849 0.123522
0.957948 0.123227
0.958048 0.123227
0.958147 0.122931
0.958246 0.122931
0.958346 0.122636
0.958445 0.122340
0.958544 0.121454
0.958644 0.120863
0.958743 0.120567
0.958842 0.120567
0.958942 0.120567
0.959041 0.120272
0.959140 0.120272
0.959240 0.119976
0.959339 0.119090
0.959438 0.119090
0.959538 0.119090
0.959637 0.118499
0.959736 0.118203
0.959836 0.117612
0.959935 0.117317
0.960034 0.117021
0.960134 0.116726
0.960233 0.116430
0.960332 0.116430
0.960432 0.116430
0.960531 0.115248
0.960630 0.114066
0.960730 0.113771
0.960829 0.113475
0.960928 0.112884
0.961028 0.111998
0.961127 0.111998
0.961226 0.111998
0.961326 0.111407
0.961425 0.111111
0.961524 0.111111
0.961624 0.110816
0.961723 0.110816
0.961822 0.110816
0.961922 0.110520
0.962021 0.110225
0.962120 0.110225
0.962220 0.109929
0.962319 0.109634
0.962418 0.109043
0.962518 0.109043
0.962617 0.108747
0.962716 0.107270
0.962816 0.107270
0.962915 0.106087
0.963014 0.106087
0.963114 0.105792
0.963213 0.105792
0.963312 0.105201
0.963412 0.104610
0.963511 0.104314
0.963610 0.104019
0.963710 0.103132
0.963809 0.102837
0.963908 0.102837
0.964008 0.102837
0.964107 0.101950
0.964206 0.101950
0.964306 0.101655
0.964405 0.101064
0.964504 0.100473
0.964604 0.100177
0.964703 0.099882
0.964802 0.099291
0.964902 0.099291
0.965001 0.098404
0.965100 0.097813
0.965200 0.097518
0.965299 0.097222
0.965398 0.096631
0.965498 0.095745
0.965597 0.095745
0.965696 0.095449
0.965796 0.095154
0.965895 0.094858
0.965995 0.094267
0.966094 0.093676
0.966193 0.093676
0.966293 0.093676
0.966392 0.093676
0.966491 0.093676
0.966591 0.093381
0.966690 0.092494
0.966789 0.091903
0.966889 0.091903
0.966988 0.091608
0.967087 0.091608
0.967187 0.091312
0.967286 0.091017
0.967385 0.090130
0.967485 0.089835
0.967584 0.089539
0.967683 0.089243
0.967783 0.088357
0.967882 0.088357
0.967981 0.087766
0.968081 0.087470
0.968180 0.087470
0.968279 0.086584
0.968379 0.085993
0.968478 0.085993
0.968577 0.085697
0.968677 0.085106
0.968776 0.083924
0.968875 0.083333
0.968975 0.082742
0.969074 0.082742
0.969173 0.081856
0.969273 0.081560
0.969372 0.080674
0.969471 0.080674
0.969571 0.080083
0.969670 0.079492
0.969769 0.079196
0.969869 0.078605
0.969968 0.077423
0.970067 0.076832
0.970167 0.076537
0.970266 0.075650
0.970365 0.075059
0.970465 0.074764
0.970564 0.074468
0.970663 0.074173
0.970763 0.073877
0.970862 0.073582
0.970961 0.073582
0.971061 0.072991
0.971160 0.072695
0.971259 0.072400
0.971359 0.072104
0.971458 0.071809
0.971557 0.071217
0.971657 0.070922
0.971756 0.070922
0.971855 0.070626
0.971955 0.069740
0.972054 0.069740
0.972153 0.069444
0.972253 0.068853
0.972352 0.068262
0.972451 0.067967
0.972551 0.067671
0.972650 0.066194
0.972749 0.065307
0.972849 0.064421
0.972948 0.064421
0.973047 0.063830
0.973147 0.063239
0.973246 0.062057
0.973345 0.062057
0.973445 0.062057
0.973544 0.061466
0.973644 0.060875
0.973743 0.060284
0.973842 0.059693
0.973942 0.059397
0.974041 0.059102
0.974140 0.058806
0.974240 0.058511
0.974339 0.057920
0.974438 0.057624
0.974538 0.057329
0.974637 0.056738
0.974736 0.056738
0.974836 0.056738
0.974935 0.056442
0.975034 0.056442
0.975134 0.055851
0.975233 0.055260
0.975332 0.054965
0.975432 0.054669
0.975531 0.054374
0.975630 0.054374
0.975730 0.053783
0.975829 0.052896
0.975928 0.052600
0.976028 0.052600
0.976127 0.052305
0.976226 0.052305
0.976326 0.051714
0.976425 0.051418
0.976524 0.051123
0.976624 0.050532
0.976723 0.049645
0.976822 0.049350
0.976922 0.049350
0.977021 0.048759
0.977120 0.048759
0.977220 0.048168
0.977319 0.047577
0.977418 0.046986
0.977518 0.046395
0.977617 0.046395
0.977716 0.046395
0.977816 0.045508
0.977915 0.045508
0.978014 0.045213
0.978114 0.044917
0.978213 0.044622
0.978312 0.044031
0.978412 0.044031
0.978511 0.042553
0.978610 0.041667
0.978710 0.041371
0.978809 0.041371
0.978908 0.040780
0.979008 0.040780
0.979107 0.040189
0.979206 0.040189
0.979306 0.039894
0.979405 0.039007
0.979504 0.037530
0.979604 0.037530
0.979703 0.036939
0.979802 0.036643
0.979902 0.036348
0.980001 0.036052
0.980100 0.035461
0.980200 0.034870
0.980299 0.034574
0.980398 0.034279
0.980498 0.033983
0.980597 0.033392
0.980696 0.032801
0.980796 0.032506
0.980895 0.032210
0.980994 0.031619
0.981094 0.031619
0.981193 0.031324
0.981292 0.031324
0.981392 0.031028
0.981491 0.030437
0.981591 0.030142
0.981690 0.030142
0.981789 0.028960
0.981889 0.028664
0.981988 0.028369
0.982087 0.028073
0.982187 0.027778
0.982286 0.027778
0.982385 0.027778
0.982485 0.027482
0.982584 0.027187
0.982683 0.026891
0.982783 0.026891
0.982882 0.026596
0.982981 0.026596
0.983081 0.026005
0.983180 0.025414
0.983279 0.025414
0.983379 0.025118
0.983478 0.025118
0.983577 0.024527
0.983677 0.024232
0.983776 0.024232
0.983875 0.023641
0.983975 0.023345
0.984074 0.023050
0.984173 0.022754
0.984273 0.022459
0.984372 0.022163
0.984471 0.021572
0.984571 0.021277
0.984670 0.020686
0.984769 0.019504
0.984869 0.018913
0.984968 0.018617
0.985067 0.018322
0.985167 0.018026
0.985266 0.017139
0.985365 0.016253
0.985465 0.016253
0.985564 0.015957
0.985663 0.015366
0.985763 0.015071
0.985862 0.015071
0.985961 0.014775
0.986061 0.013889
0.986160 0.013593
0.986259 0.013002
0.986359 0.013002
0.986458 0.012707
0.986557 0.012411
0.986657 0.012116
0.986756 0.012116
0.986855 0.011820
0.986955 0.011820
0.987054 0.011525
0.987153 0.011525
0.987253 0.011229
0.987352 0.010638
0.987451 0.010638
0.987551 0.010638
0.987650 0.010343
0.987749 0.009752
0.987849 0.009456
0.987948 0.008865
0.988047 0.008865
0.988147 0.008274
0.988246 0.007683
0.988345 0.007683
0.988445 0.007683
0.988544 0.007683
0.988643 0.007683
0.988743 0.007683
0.988842 0.007683
0.988941 0.007388
0.989041 0.006797
0.989140 0.006501
0.989240 0.006501
0.989339 0.006206
0.989438 0.005910
0.989538 0.005910
0.989637 0.005615
0.989736 0.005319
0.989836 0.005024
0.989935 0.005024
0.990034 0.005024
0.990134 0.005024
0.990233 0.004728
0.990332 0.004433
0.990432 0.004137
0.990531 0.003842
0.990630 0.003842
0.990730 0.003842
0.990829 0.003546
0.990928 0.003546
0.991028 0.003251
0.991127 0.003251
0.991226 0.002660
0.991326 0.002069
0.991425 0.002069
0.991524 0.002069
0.991624 0.002069
0.991723 0.001773
0.991822 0.001478
0.991922 0.001478
0.992021 0.001182
0.992120 0.001182
0.992220 0.001182
0.992319 0.001182
0.992418 0.001182
0.992518 0.001182
0.992617 0.001182
0.992716 0.001182
0.992816 0.001182
0.992915 0.000887
0.993014 0.000887
0.993114 0.000591
0.993213 0.000591
0.993312 0.000591
0.993412 0.000591
0.993511 0.000296
0.993610 0.000296
0.993710 0.000296
0.993809 0.000296
0.993908 0.000296
0.994008 0.000000
