# Threshold Efficiency
0.003045 0.997222
0.003142 0.997222
0.003239 0.997222
0.003337 0.997222
0.003434 0.997222
0.003531 0.997222
0.003629 0.997222
0.003726 0.997222
0.003824 0.994444
0.003921 0.994444
0.004018 0.994444
0.004116 0.994444
0.004213 0.994444
0.004310 0.994444
0.004408 0.994444
0.004505 0.994444
0.004602 0.994444
0.004700 0.994444
0.004797 0.994444
0.004894 0.994444
0.004992 0.994444
0.005089 0.994444
0.005187 0.994444
0.005284 0.994444
0.005381 0.994444
0.005479 0.994444
0.005576 0.994444
0.005673 0.991667
0.005771 0.991667
0.005868 0.991667
0.005965 0.991667
0.006063 0.988889
0.006160 0.988889
0.006257 0.988889
0.006355 0.988889
0.006452 0.988889
0.006550 0.988889
0.006647 0.986111
0.006744 0.986111
0.006842 0.986111
0.006939 0.986111
0.007036 0.983333
0.007134 0.983333
0.007231 0.983333
0.007328 0.983333
0.007426 0.983333
0.007523 0.983333
0.007620 0.983333
0.007718 0.983333
0.007815 0.983333
0.007913 0.983333
0.008010 0.983333
0.008107 0.983333
0.008205 0.983333
0.008302 0.983333
0.008399 0.983333
0.008497 0.983333
0.008594 0.983333
0.008691 0.983333
0.008789 0.983333
0.008886 0.983333
0.008983 0.983333
0.009081 0.983333
0.009178 0.983333
0.009276 0.983333
0.009373 0.983333
0.009470 0.983333
0.009568 0.983333
0.009665 0.983333
0.009762 0.983333
0.009860 0.983333
0.009957 0.983333
0.010054 0.983333
0.010152 0.983333
0.010249 0.983333
0.010346 0.983333
0.010444 0.983333
0.010541 0.980556
0.010639 0.977778
0.010736 0.977778
0.010833 0.977778
0.010931 0.977778
0.011028 0.977778
0.011125 0.977778
0.011223 0.977778
0.011320 0.977778
0.011417 0.977778
0.011515 0.977778
0.011612 0.977778
0.011709 0.977778
0.011807 0.977778
0.011904 0.977778
0.012002 0.977778
0.012099 0.977778
0.012196 0.977778
0.012294 0.977778
0.012391 0.977778
0.012488 0.977778
0.012586 0.977778
0.012683 0.977778
0.012780 0.977778
0.012878 0.977778
0.012975 0.977778
0.013073 0.977778
0.013170 0.977778
0.013267 0.977778
0.013365 0.977778
0.013462 0.977778
0.013559 0.977778
0.013657 0.977778
0.013754 0.977778
0.013851 0.977778
0.013949 0.977778
0.014046 0.977778
0.014143 0.975000
0.014241 0.975000
0.014338 0.975000
0.014436 0.975000
0.014533 0.975000
0.014630 0.975000
0.014728 0.972222
0.014825 0.969444
0.014922 0.969444
0.015020 0.969444
0.015117 0.969444
0.015214 0.969444
0.015312 0.966667
0.015409 0.966667
0.015506 0.966667
0.015604 0.966667
0.015701 0.966667
0.015799 0.966667
0.015896 0.966667
0.015993 0.966667
0.016091 0.966667
0.016188 0.966667
0.016285 0.966667
0.016383 0.966667
0.016480 0.966667
0.016577 0.966667
0.016675 0.966667
0.016772 0.966667
0.016869 0.966667
0.016967 0.966667
0.017064 0.966667
0.017162 0.963889
0.017259 0.961111
0.017356 0.961111
0.017454 0.961111
0.017551 0.961111
0.017648 0.961111
0.017746 0.961111
0.017843 0.961111
0.017940 0.958333
0.018038 0.958333
0.018135 0.955556
0.018232 0.955556
0.018330 0.955556
0.018427 0.952778
0.018525 0.952778
0.018622 0.952778
0.018719 0.952778
0.018817 0.952778
0.018914 0.952778
0.019011 0.952778
0.019109 0.952778
0.019206 0.952778
0.019303 0.950000
0.019401 0.950000
0.019498 0.950000
0.019595 0.950000
0.019693 0.950000
0.019790 0.950000
0.019888 0.950000
0.019985 0.950000
0.020082 0.950000
0.020180 0.947222
0.020277 0.947222
0.020374 0.947222
0.020472 0.947222
0.020569 0.947222
0.020666 0.947222
0.020764 0.947222
0.020861 0.947222
0.020958 0.947222
0.021056 0.944444
0.021153 0.944444
0.021251 0.944444
0.021348 0.944444
0.021445 0.941667
0.021543 0.941667
0.021640 0.941667
0.021737 0.941667
0.021835 0.941667
0.021932 0.941667
0.022029 0.941667
0.022127 0.941667
0.022224 0.938889
0.022321 0.938889
0.022419 0.938889
0.022516 0.938889
0.022614 0.938889
0.022711 0.938889
0.022808 0.938889
0.022906 0.938889
0.023003 0.938889
0.023100 0.938889
0.023198 0.938889
0.023295 0.938889
0.023392 0.938889
0.023490 0.938889
0.023587 0.936111
0.023684 0.936111
0.023782 0.936111
0.023879 0.936111
0.023977 0.936111
0.024074 0.936111
0.024171 0.933333
0.024269 0.933333
0.024366 0.933333
0.024463 0.933333
0.024561 0.933333
0.024658 0.933333
0.024755 0.933333
0.024853 0.933333
0.024950 0.933333
0.025047 0.930556
0.025145 0.930556
0.025242 0.930556
0.025340 0.930556
0.025437 0.930556
0.025534 0.930556
0.025632 0.930556
0.025729 0.927778
0.025826 0.927778
0.025924 0.927778
0.026021 0.927778
0.026118 0.927778
0.026216 0.927778
0.026313 0.927778
0.026410 0.925000
0.026508 0.922222
0.026605 0.922222
0.026703 0.922222
0.026800 0.922222
0.026897 0.922222
0.026995 0.922222
0.027092 0.922222
0.027189 0.922222
0.027287 0.922222
0.027384 0.922222
0.027481 0.922222
0.027579 0.922222
0.027676 0.922222
0.027773 0.922222
0.027871 0.922222
0.027968 0.919444
0.028066 0.919444
0.028163 0.919444
0.028260 0.919444
0.028358 0.919444
0.028455 0.919444
0.028552 0.919444
0.028650 0.919444
0.028747 0.919444
0.028844 0.919444
0.028942 0.919444
0.029039 0.919444
0.029136 0.919444
0.029234 0.916667
0.029331 0.916667
0.029429 0.916667
0.029526 0.916667
0.029623 0.916667
0.029721 0.916667
0.029818 0.916667
0.029915 0.916667
0.030013 0.916667
0.030110 0.916667
0.030207 0.916667
0.030305 0.916667
0.030402 0.916667
0.030499 0.916667
0.030597 0.916667
0.030694 0.911111
0.030792 0.911111
0.030889 0.911111
0.030986 0.911111
0.031084 0.911111
0.031181 0.911111
0.031278 0.911111
0.031376 0.911111
0.031473 0.911111
0.031570 0.911111
0.031668 0.911111
0.031765 0.911111
0.031862 0.911111
0.031960 0.911111
0.032057 0.911111
0.032155 0.911111
0.032252 0.911111
0.032349 0.911111
0.032447 0.911111
0.032544 0.911111
0.032641 0.911111
0.032739 0.911111
0.032836 0.911111
0.032933 0.911111
0.033031 0.911111
0.033128 0.911111
0.033225 0.911111
0.033323 0.911111
0.033420 0.911111
0.033518 0.911111
0.033615 0.911111
0.033712 0.911111
0.033810 0.911111
0.033907 0.911111
0.034004 0.911111
0.034102 0.908333
0.034199 0.908333
0.034296 0.908333
0.034394 0.908333
0.034491 0.908333
0.034588 0.908333
0.034686 0.908333
0.034783 0.908333
0.034881 0.908333
0.034978 0.908333
0.035075 0.908333
0.035173 0.908333
0.035270 0.908333
0.035367 0.908333
0.035465 0.905556
0.035562 0.905556
0.035659 0.905556
0.035757 0.905556
0.035854 0.905556
0.035951 0.905556
0.036049 0.905556
0.036146 0.905556
0.036244 0.905556
0.036341 0.905556
0.036438 0.905556
0.036536 0.905556
0.036633 0.905556
0.036730 0.905556
0.036828 0.905556
0.036925 0.905556
0.037022 0.905556
0.037120 0.905556
0.037217 0.905556
0.037314 0.902778
0.037412 0.902778
0.037509 0.902778
0.037607 0.902778
0.037704 0.902778
0.037801 0.902778
0.037899 0.902778
0.037996 0.900000
0.038093 0.900000
0.038191 0.900000
0.038288 0.900000
0.038385 0.900000
0.038483 0.900000
0.038580 0.900000
0.038677 0.897222
0.038775 0.897222
0.038872 0.897222
0.038970 0.894444
0.039067 0.894444
0.039164 0.894444
0.039262 0.894444
0.039359 0.894444
0.039456 0.894444
0.039554 0.894444
0.039651 0.894444
0.039748 0.894444
0.039846 0.894444
0.039943 0.894444
0.040040 0.894444
0.040138 0.894444
0.040235 0.894444
0.040333 0.894444
0.040430 0.894444
0.040527 0.894444
0.040625 0.894444
0.040722 0.894444
0.040819 0.894444
0.040917 0.894444
0.041014 0.894444
0.041111 0.894444
0.041209 0.894444
0.041306 0.894444
0.041403 0.894444
0.041501 0.894444
0.041598 0.894444
0.041696 0.894444
0.041793 0.894444
0.041890 0.894444
0.041988 0.894444
0.042085 0.891667
0.042182 0.891667
0.042280 0.891667
0.042377 0.891667
0.042474 0.891667
0.042572 0.891667
0.042669 0.891667
0.042766 0.891667
0.042864 0.891667
0.042961 0.891667
0.043059 0.891667
0.043156 0.891667
0.043253 0.888889
0.043351 0.888889
0.043448 0.888889
0.043545 0.888889
0.043643 0.886111
0.043740 0.886111
0.043837 0.886111
0.043935 0.886111
0.044032 0.886111
0.044129 0.886111
0.044227 0.883333
0.044324 0.883333
0.044422 0.880556
0.044519 0.880556
0.044616 0.880556
0.044714 0.880556
0.044811 0.880556
0.044908 0.880556
0.045006 0.877778
0.045103 0.877778
0.045200 0.877778
0.045298 0.877778
0.045395 0.877778
0.045492 0.877778
0.045590 0.877778
0.045687 0.877778
0.045785 0.877778
0.045882 0.877778
0.045979 0.877778
0.046077 0.877778
0.046174 0.877778
0.046271 0.877778
0.046369 0.877778
0.046466 0.877778
0.046563 0.877778
0.046661 0.875000
0.046758 0.875000
0.046855 0.875000
0.046953 0.875000
0.047050 0.875000
0.047148 0.872222
0.047245 0.872222
0.047342 0.872222
0.047440 0.872222
0.047537 0.872222
0.047634 0.872222
0.047732 0.872222
0.047829 0.872222
0.047926 0.869444
0.048024 0.869444
0.048121 0.866667
0.048218 0.866667
0.048316 0.866667
0.048413 0.866667
0.048511 0.866667
0.048608 0.866667
0.048705 0.866667
0.048803 0.866667
0.048900 0.866667
0.048997 0.866667
0.049095 0.866667
0.049192 0.866667
0.049289 0.866667
0.049387 0.866667
0.049484 0.866667
0.049581 0.866667
0.049679 0.866667
0.049776 0.866667
0.049874 0.866667
0.049971 0.866667
0.050068 0.866667
0.050166 0.866667
0.050263 0.866667
0.050360 0.866667
0.050458 0.866667
0.050555 0.866667
0.050652 0.866667
0.050750 0.866667
0.050847 0.866667
0.050945 0.866667
0.051042 0.866667
0.051139 0.866667
0.051237 0.866667
0.051334 0.866667
0.051431 0.866667
0.051529 0.866667
0.051626 0.866667
0.051723 0.866667
0.051821 0.866667
0.051918 0.866667
0.052015 0.866667
0.052113 0.866667
0.052210 0.866667
0.052308 0.866667
0.052405 0.866667
0.052502 0.866667
0.052600 0.866667
0.052697 0.866667
0.052794 0.866667
0.052892 0.866667
0.052989 0.866667
0.053086 0.866667
0.053184 0.866667
0.053281 0.866667
0.053378 0.863889
0.053476 0.863889
0.053573 0.863889
0.053671 0.863889
0.053768 0.863889
0.053865 0.863889
0.053963 0.863889
0.054060 0.863889
0.054157 0.863889
0.054255 0.863889
0.054352 0.863889
0.054449 0.863889
0.054547 0.863889
0.054644 0.863889
0.054741 0.863889
0.054839 0.863889
0.054936 0.863889
0.055034 0.861111
0.055131 0.861111
0.055228 0.861111
0.055326 0.861111
0.055423 0.858333
0.055520 0.858333
0.055618 0.858333
0.055715 0.858333
0.055812 0.858333
0.055910 0.858333
0.056007 0.858333
0.056104 0.858333
0.056202 0.858333
0.056299 0.858333
0.056397 0.858333
0.056494 0.855556
0.056591 0.855556
0.056689 0.855556
0.056786 0.855556
0.056883 0.855556
0.056981 0.852778
0.057078 0.852778
0.057175 0.852778
0.057273 0.850000
0.057370 0.850000
0.057467 0.850000
0.057565 0.850000
0.057662 0.850000
0.057760 0.847222
0.057857 0.847222
0.057954 0.844444
0.058052 0.844444
0.058149 0.844444
0.058246 0.841667
0.058344 0.841667
0.058441 0.841667
0.058538 0.841667
0.058636 0.841667
0.058733 0.841667
0.058830 0.841667
0.058928 0.841667
0.059025 0.841667
0.059123 0.841667
0.059220 0.841667
0.059317 0.841667
0.059415 0.841667
0.059512 0.841667
0.059609 0.841667
0.059707 0.841667
0.059804 0.841667
0.059901 0.841667
0.059999 0.841667
0.060096 0.841667
0.060193 0.841667
0.060291 0.841667
0.060388 0.841667
0.060486 0.838889
0.060583 0.838889
0.060680 0.838889
0.060778 0.838889
0.060875 0.838889
0.060972 0.838889
0.061070 0.838889
0.061167 0.838889
0.061264 0.838889
0.061362 0.838889
0.061459 0.838889
0.061556 0.838889
0.061654 0.836111
0.061751 0.836111
0.061849 0.836111
0.061946 0.836111
0.062043 0.836111
0.062141 0.836111
0.062238 0.836111
0.062335 0.836111
0.062433 0.836111
0.062530 0.836111
0.062627 0.836111
0.062725 0.836111
0.062822 0.836111
0.062919 0.836111
0.063017 0.836111
0.063114 0.836111
0.063212 0.836111
0.063309 0.836111
0.063406 0.836111
0.063504 0.836111
0.063601 0.836111
0.063698 0.836111
0.063796 0.836111
0.063893 0.836111
0.063990 0.836111
0.064088 0.836111
0.064185 0.836111
0.064282 0.836111
0.064380 0.836111
0.064477 0.836111
0.064575 0.836111
0.064672 0.836111
0.064769 0.836111
0.064867 0.836111
0.064964 0.836111
0.065061 0.836111
0.065159 0.836111
0.065256 0.836111
0.065353 0.836111
0.065451 0.836111
0.065548 0.836111
0.065645 0.836111
0.065743 0.836111
0.065840 0.836111
0.065938 0.836111
0.066035 0.836111
0.066132 0.836111
0.066230 0.836111
0.066327 0.836111
0.066424 0.836111
0.066522 0.836111
0.066619 0.836111
0.066716 0.836111
0.066814 0.836111
0.066911 0.836111
0.067008 0.836111
0.067106 0.836111
0.067203 0.836111
0.067301 0.836111
0.067398 0.836111
0.067495 0.833333
0.067593 0.833333
0.067690 0.833333
0.067787 0.833333
0.067885 0.833333
0.067982 0.833333
0.068079 0.833333
0.068177 0.833333
0.068274 0.833333
0.068371 0.833333
0.068469 0.833333
0.068566 0.833333
0.068664 0.830556
0.068761 0.827778
0.068858 0.827778
0.068956 0.827778
0.069053 0.827778
0.069150 0.825000
0.069248 0.825000
0.069345 0.825000
0.069442 0.825000
0.069540 0.825000
0.069637 0.825000
0.069734 0.825000
0.069832 0.825000
0.069929 0.825000
0.070027 0.825000
0.070124 0.825000
0.070221 0.825000
0.070319 0.825000
0.070416 0.825000
0.070513 0.825000
0.070611 0.825000
0.070708 0.825000
0.070805 0.825000
0.070903 0.825000
0.071000 0.825000
0.071097 0.825000
0.071195 0.825000
0.071292 0.825000
0.071390 0.825000
0.071487 0.825000
0.071584 0.825000
0.071682 0.825000
0.071779 0.825000
0.071876 0.825000
0.071974 0.825000
0.072071 0.825000
0.072168 0.825000
0.072266 0.825000
0.072363 0.822222
0.072460 0.822222
0.072558 0.822222
0.072655 0.822222
0.072753 0.822222
0.072850 0.822222
0.072947 0.822222
0.073045 0.822222
0.073142 0.822222
0.073239 0.822222
0.073337 0.822222
0.073434 0.822222
0.073531 0.822222
0.073629 0.822222
0.073726 0.822222
0.073823 0.822222
0.073921 0.822222
0.074018 0.822222
0.074116 0.822222
0.074213 0.822222
0.074310 0.822222
0.074408 0.822222
0.074505 0.822222
0.074602 0.822222
0.074700 0.822222
0.074797 0.822222
0.074894 0.822222
0.074992 0.822222
0.075089 0.822222
0.075186 0.822222
0.075284 0.822222
0.075381 0.822222
0.075479 0.822222
0.075576 0.822222
0.075673 0.822222
0.075771 0.822222
0.075868 0.822222
0.075965 0.822222
0.076063 0.822222
0.076160 0.822222
0.076257 0.822222
0.076355 0.822222
0.076452 0.822222
0.076549 0.822222
0.076647 0.822222
0.076744 0.822222
0.076842 0.822222
0.076939 0.822222
0.077036 0.822222
0.077134 0.822222
0.077231 0.822222
0.077328 0.822222
0.077426 0.822222
0.077523 0.822222
0.077620 0.822222
0.077718 0.822222
0.077815 0.822222
0.077912 0.822222
0.078010 0.822222
0.078107 0.822222
0.078205 0.822222
0.078302 0.822222
0.078399 0.822222
0.078497 0.822222
0.078594 0.822222
0.078691 0.822222
0.078789 0.822222
0.078886 0.822222
0.078983 0.822222
0.079081 0.819444
0.079178 0.819444
0.079275 0.819444
0.079373 0.819444
0.079470 0.819444
0.079568 0.819444
0.079665 0.819444
0.079762 0.819444
0.079860 0.816667
0.079957 0.816667
0.080054 0.816667
0.080152 0.816667
0.080249 0.816667
0.080346 0.816667
0.080444 0.816667
0.080541 0.816667
0.080638 0.816667
0.080736 0.816667
0.080833 0.816667
0.080931 0.816667
0.081028 0.816667
0.081125 0.816667
0.081223 0.816667
0.081320 0.816667
0.081417 0.816667
0.081515 0.813889
0.081612 0.813889
0.081709 0.813889
0.081807 0.813889
0.081904 0.813889
0.082001 0.813889
0.082099 0.813889
0.082196 0.813889
0.082294 0.813889
0.082391 0.813889
0.082488 0.813889
0.082586 0.813889
0.082683 0.813889
0.082780 0.813889
0.082878 0.813889
0.082975 0.813889
0.083072 0.813889
0.083170 0.813889
0.083267 0.813889
0.083364 0.813889
0.083462 0.813889
0.083559 0.813889
0.083657 0.813889
0.083754 0.813889
0.083851 0.813889
0.083949 0.813889
0.084046 0.813889
0.084143 0.813889
0.084241 0.813889
0.084338 0.813889
0.084435 0.813889
0.084533 0.813889
0.084630 0.813889
0.084727 0.813889
0.084825 0.813889
0.084922 0.813889
0.085020 0.813889
0.085117 0.813889
0.085214 0.813889
0.085312 0.813889
0.085409 0.813889
0.085506 0.813889
0.085604 0.813889
0.085701 0.813889
0.085798 0.813889
0.085896 0.813889
0.085993 0.813889
0.086090 0.813889
0.086188 0.813889
0.086285 0.813889
0.086383 0.813889
0.086480 0.813889
0.086577 0.813889
0.086675 0.813889
0.086772 0.813889
0.086869 0.813889
0.086967 0.813889
0.087064 0.813889
0.087161 0.813889
0.087259 0.813889
0.087356 0.813889
0.087453 0.813889
0.087551 0.813889
0.087648 0.813889
0.087746 0.813889
0.087843 0.811111
0.087940 0.811111
0.088038 0.811111
0.088135 0.811111
0.088232 0.808333
0.088330 0.808333
0.088427 0.808333
0.088524 0.808333
0.088622 0.808333
0.088719 0.808333
0.088817 0.808333
0.088914 0.808333
0.089011 0.808333
0.089109 0.808333
0.089206 0.808333
0.089303 0.808333
0.089401 0.808333
0.089498 0.808333
0.089595 0.808333
0.089693 0.808333
0.089790 0.808333
0.089887 0.805556
0.089985 0.805556
0.090082 0.805556
0.090180 0.805556
0.090277 0.805556
0.090374 0.805556
0.090472 0.805556
0.090569 0.805556
0.090666 0.805556
0.090764 0.805556
0.090861 0.805556
0.090958 0.805556
0.091056 0.805556
0.091153 0.805556
0.091250 0.805556
0.091348 0.805556
0.091445 0.805556
0.091543 0.805556
0.091640 0.805556
0.091737 0.805556
0.091835 0.805556
0.091932 0.805556
0.092029 0.805556
0.092127 0.805556
0.092224 0.805556
0.092321 0.805556
0.092419 0.805556
0.092516 0.805556
0.092613 0.805556
0.092711 0.805556
0.092808 0.805556
0.092906 0.805556
0.093003 0.805556
0.093100 0.805556
0.093198 0.805556
0.093295 0.805556
0.093392 0.805556
0.093490 0.805556
0.093587 0.805556
0.093684 0.802778
0.093782 0.802778
0.093879 0.800000
0.093976 0.800000
0.094074 0.800000
0.094171 0.800000
0.094269 0.800000
0.094366 0.800000
0.094463 0.800000
0.094561 0.800000
0.094658 0.800000
0.094755 0.800000
0.094853 0.800000
0.094950 0.800000
0.095047 0.800000
0.095145 0.800000
0.095242 0.800000
0.095339 0.800000
0.095437 0.800000
0.095534 0.800000
0.095632 0.800000
0.095729 0.797222
0.095826 0.797222
0.095924 0.797222
0.096021 0.797222
0.096118 0.797222
0.096216 0.797222
0.096313 0.797222
0.096410 0.797222
0.096508 0.797222
0.096605 0.797222
0.096702 0.797222
0.096800 0.797222
0.096897 0.797222
0.096995 0.797222
0.097092 0.797222
0.097189 0.797222
0.097287 0.797222
0.097384 0.794444
0.097481 0.794444
0.097579 0.791667
0.097676 0.791667
0.097773 0.791667
0.097871 0.791667
0.097968 0.791667
0.098065 0.791667
0.098163 0.791667
0.098260 0.791667
0.098358 0.791667
0.098455 0.791667
0.098552 0.788889
0.098650 0.788889
0.098747 0.788889
0.098844 0.788889
0.098942 0.788889
0.099039 0.788889
0.099136 0.788889
0.099234 0.788889
0.099331 0.788889
0.099428 0.788889
0.099526 0.788889
0.099623 0.788889
0.099721 0.788889
0.099818 0.788889
0.099915 0.788889
0.100013 0.788889
0.100110 0.788889
0.100207 0.788889
0.100305 0.788889
0.100402 0.788889
0.100499 0.788889
0.100597 0.788889
0.100694 0.788889
0.100791 0.788889
0.100889 0.788889
0.100986 0.788889
0.101084 0.788889
0.101181 0.788889
0.101278 0.788889
0.101376 0.788889
0.101473 0.786111
0.101570 0.783333
0.101668 0.783333
0.101765 0.783333
0.101862 0.783333
0.101960 0.780556
0.102057 0.780556
0.102154 0.780556
0.102252 0.780556
0.102349 0.780556
0.102447 0.780556
0.102544 0.780556
0.102641 0.780556
0.102739 0.780556
0.102836 0.780556
0.102933 0.780556
0.103031 0.780556
0.103128 0.777778
0.103225 0.777778
0.103323 0.777778
0.103420 0.777778
0.103517 0.775000
0.103615 0.775000
0.103712 0.775000
0.103810 0.775000
0.103907 0.775000
0.104004 0.775000
0.104102 0.772222
0.104199 0.772222
0.104296 0.769444
0.104394 0.769444
0.104491 0.769444
0.104588 0.766667
0.104686 0.766667
0.104783 0.766667
0.104880 0.766667
0.104978 0.766667
0.105075 0.766667
0.105173 0.766667
0.105270 0.766667
0.105367 0.766667
0.105465 0.766667
0.105562 0.766667
0.105659 0.766667
0.105757 0.766667
0.105854 0.766667
0.105951 0.763889
0.106049 0.763889
0.106146 0.763889
0.106243 0.763889
0.106341 0.763889
0.106438 0.763889
0.106536 0.763889
0.106633 0.763889
0.106730 0.763889
0.106828 0.763889
0.106925 0.763889
0.107022 0.763889
0.107120 0.763889
0.107217 0.763889
0.107314 0.763889
0.107412 0.763889
0.107509 0.763889
0.107606 0.763889
0.107704 0.763889
0.107801 0.763889
0.107899 0.763889
0.107996 0.763889
0.108093 0.763889
0.108191 0.763889
0.108288 0.763889
0.108385 0.763889
0.108483 0.761111
0.108580 0.761111
0.108677 0.761111
0.108775 0.761111
0.108872 0.761111
0.108969 0.761111
0.109067 0.761111
0.109164 0.761111
0.109262 0.761111
0.109359 0.761111
0.109456 0.761111
0.109554 0.761111
0.109651 0.758333
0.109748 0.758333
0.109846 0.758333
0.109943 0.758333
0.110040 0.758333
0.110138 0.758333
0.110235 0.758333
0.110332 0.758333
0.110430 0.758333
0.110527 0.758333
0.110625 0.758333
0.110722 0.755556
0.110819 0.755556
0.110917 0.755556
0.111014 0.755556
0.111111 0.755556
0.111209 0.755556
0.111306 0.755556
0.111403 0.755556
0.111501 0.755556
0.111598 0.755556
0.111695 0.755556
0.111793 0.755556
0.111890 0.755556
0.111988 0.752778
0.112085 0.752778
0.112182 0.752778
0.112280 0.752778
0.112377 0.752778
0.112474 0.752778
0.112572 0.752778
0.112669 0.752778
0.112766 0.752778
0.112864 0.752778
0.112961 0.752778
0.113058 0.752778
0.113156 0.752778
0.113253 0.752778
0.113351 0.752778
0.113448 0.752778
0.113545 0.752778
0.113643 0.752778
0.113740 0.752778
0.113837 0.752778
0.113935 0.752778
0.114032 0.752778
0.114129 0.752778
0.114227 0.752778
0.114324 0.752778
0.114421 0.752778
0.114519 0.752778
0.114616 0.752778
0.114714 0.752778
0.114811 0.752778
0.114908 0.752778
0.115006 0.752778
0.115103 0.752778
0.115200 0.752778
0.115298 0.752778
0.115395 0.752778
0.115492 0.752778
0.115590 0.752778
0.115687 0.752778
0.115784 0.752778
0.115882 0.752778
0.115979 0.752778
0.116077 0.752778
0.116174 0.752778
0.116271 0.752778
0.116369 0.752778
0.116466 0.752778
0.116563 0.752778
0.116661 0.752778
0.116758 0.750000
0.116855 0.750000
0.116953 0.750000
0.117050 0.750000
0.117147 0.750000
0.117245 0.750000
0.117342 0.750000
0.117440 0.750000
0.117537 0.750000
0.117634 0.750000
0.117732 0.750000
0.117829 0.750000
0.117926 0.750000
0.118024 0.750000
0.118121 0.750000
0.118218 0.750000
0.118316 0.750000
0.118413 0.750000
0.118510 0.750000
0.118608 0.750000
0.118705 0.750000
0.118803 0.750000
0.118900 0.750000
0.118997 0.750000
0.119095 0.747222
0.119192 0.747222
0.119289 0.747222
0.119387 0.747222
0.119484 0.747222
0.119581 0.747222
0.119679 0.747222
0.119776 0.747222
0.119873 0.747222
0.119971 0.747222
0.120068 0.747222
0.120166 0.747222
0.120263 0.747222
0.120360 0.747222
0.120458 0.747222
0.120555 0.747222
0.120652 0.747222
0.120750 0.747222
0.120847 0.747222
0.120944 0.747222
0.121042 0.747222
0.121139 0.747222
0.121236 0.747222
0.121334 0.747222
0.121431 0.747222
0.121529 0.747222
0.121626 0.747222
0.121723 0.744444
0.121821 0.744444
0.121918 0.744444
0.122015 0.741667
0.122113 0.741667
0.122210 0.741667
0.122307 0.741667
0.122405 0.741667
0.122502 0.741667
0.122599 0.741667
0.122697 0.741667
0.122794 0.738889
0.122892 0.738889
0.122989 0.738889
0.123086 0.738889
0.123184 0.738889
0.123281 0.738889
0.123378 0.738889
0.123476 0.738889
0.123573 0.738889
0.123670 0.738889
0.123768 0.738889
0.123865 0.738889
0.123962 0.738889
0.124060 0.736111
0.124157 0.736111
0.124255 0.736111
0.124352 0.736111
0.124449 0.736111
0.124547 0.736111
0.124644 0.736111
0.124741 0.736111
0.124839 0.736111
0.124936 0.736111
0.125033 0.736111
0.125131 0.736111
0.125228 0.736111
0.125325 0.736111
0.125423 0.736111
0.125520 0.736111
0.125618 0.733333
0.125715 0.733333
0.125812 0.733333
0.125910 0.733333
0.126007 0.733333
0.126104 0.733333
0.126202 0.733333
0.126299 0.733333
0.126396 0.733333
0.126494 0.733333
0.126591 0.733333
0.126689 0.733333
0.126786 0.733333
0.126883 0.733333
0.126981 0.733333
0.127078 0.733333
0.127175 0.733333
0.127273 0.733333
0.127370 0.733333
0.127467 0.733333
0.127565 0.733333
0.127662 0.733333
0.127759 0.733333
0.127857 0.733333
0.127954 0.733333
0.128052 0.733333
0.128149 0.733333
0.128246 0.733333
0.128344 0.733333
0.128441 0.733333
0.128538 0.733333
0.128636 0.733333
0.128733 0.733333
0.128830 0.733333
0.128928 0.733333
0.129025 0.733333
0.129122 0.733333
0.129220 0.733333
0.129317 0.733333
0.129415 0.733333
0.129512 0.733333
0.129609 0.733333
0.129707 0.733333
0.129804 0.733333
0.129901 0.733333
0.129999 0.733333
0.130096 0.733333
0.130193 0.733333
0.130291 0.733333
0.130388 0.733333
0.130485 0.730556
0.130583 0.730556
0.130680 0.727778
0.130778 0.727778
0.130875 0.727778
0.130972 0.727778
0.131070 0.727778
0.131167 0.727778
0.131264 0.727778
0.131362 0.727778
0.131459 0.727778
0.131556 0.727778
0.131654 0.727778
0.131751 0.727778
0.131848 0.727778
0.131946 0.727778
0.132043 0.727778
0.132141 0.727778
0.132238 0.727778
0.132335 0.727778
0.132433 0.727778
0.132530 0.727778
0.132627 0.727778
0.132725 0.727778
0.132822 0.727778
0.132919 0.727778
0.133017 0.727778
0.133114 0.727778
0.133211 0.727778
0.133309 0.727778
0.133406 0.727778
0.133504 0.727778
0.133601 0.727778
0.133698 0.727778
0.133796 0.727778
0.133893 0.727778
0.133990 0.727778
0.134088 0.727778
0.134185 0.725000
0.134282 0.725000
0.134380 0.725000
0.134477 0.725000
0.134574 0.725000
0.134672 0.725000
0.134769 0.725000
0.134867 0.725000
0.134964 0.725000
0.135061 0.725000
0.135159 0.725000
0.135256 0.725000
0.135353 0.725000
0.135451 0.725000
0.135548 0.725000
0.135645 0.725000
0.135743 0.725000
0.135840 0.725000
0.135937 0.725000
0.136035 0.725000
0.136132 0.725000
0.136230 0.725000
0.136327 0.725000
0.136424 0.725000
0.136522 0.725000
0.136619 0.725000
0.136716 0.725000
0.136814 0.725000
0.136911 0.725000
0.137008 0.725000
0.137106 0.722222
0.137203 0.722222
0.137300 0.722222
0.137398 0.722222
0.137495 0.722222
0.137593 0.722222
0.137690 0.722222
0.137787 0.722222
0.137885 0.722222
0.137982 0.722222
0.138079 0.722222
0.138177 0.722222
0.138274 0.722222
0.138371 0.722222
0.138469 0.722222
0.138566 0.722222
0.138663 0.722222
0.138761 0.722222
0.138858 0.719444
0.138956 0.719444
0.139053 0.719444
0.139150 0.719444
0.139248 0.719444
0.139345 0.719444
0.139442 0.719444
0.139540 0.719444
0.139637 0.719444
0.139734 0.719444
0.139832 0.719444
0.139929 0.719444
0.140026 0.719444
0.140124 0.719444
0.140221 0.719444
0.140319 0.716667
0.140416 0.716667
0.140513 0.716667
0.140611 0.716667
0.140708 0.716667
0.140805 0.716667
0.140903 0.716667
0.141000 0.716667
0.141097 0.716667
0.141195 0.716667
0.141292 0.716667
0.141389 0.716667
0.141487 0.716667
0.141584 0.716667
0.141682 0.716667
0.141779 0.716667
0.141876 0.716667
0.141974 0.713889
0.142071 0.713889
0.142168 0.713889
0.142266 0.711111
0.142363 0.711111
0.142460 0.711111
0.142558 0.711111
0.142655 0.711111
0.142752 0.711111
0.142850 0.711111
0.142947 0.711111
0.143045 0.711111
0.143142 0.711111
0.143239 0.711111
0.143337 0.711111
0.143434 0.711111
0.143531 0.711111
0.143629 0.711111
0.143726 0.711111
0.143823 0.711111
0.143921 0.711111
0.144018 0.711111
0.144115 0.708333
0.144213 0.708333
0.144310 0.708333
0.144408 0.708333
0.144505 0.708333
0.144602 0.708333
0.144700 0.708333
0.144797 0.708333
0.144894 0.708333
0.144992 0.708333
0.145089 0.708333
0.145186 0.708333
0.145284 0.708333
0.145381 0.708333
0.145478 0.708333
0.145576 0.708333
0.145673 0.708333
0.145771 0.708333
0.145868 0.708333
0.145965 0.708333
0.146063 0.708333
0.146160 0.708333
0.146257 0.708333
0.146355 0.708333
0.146452 0.708333
0.146549 0.708333
0.146647 0.708333
0.146744 0.708333
0.146841 0.708333
0.146939 0.708333
0.147036 0.708333
0.147134 0.708333
0.147231 0.708333
0.147328 0.708333
0.147426 0.708333
0.147523 0.708333
0.147620 0.708333
0.147718 0.708333
0.147815 0.708333
0.147912 0.708333
0.148010 0.708333
0.148107 0.708333
0.148204 0.705556
0.148302 0.705556
0.148399 0.705556
0.148497 0.705556
0.148594 0.705556
0.148691 0.705556
0.148789 0.705556
0.148886 0.705556
0.148983 0.705556
0.149081 0.705556
0.149178 0.705556
0.149275 0.705556
0.149373 0.705556
0.149470 0.705556
0.149567 0.705556
0.149665 0.705556
0.149762 0.705556
0.149860 0.705556
0.149957 0.705556
0.150054 0.705556
0.150152 0.702778
0.150249 0.702778
0.150346 0.702778
0.150444 0.702778
0.150541 0.702778
0.150638 0.702778
0.150736 0.702778
0.150833 0.702778
0.150930 0.702778
0.151028 0.702778
0.151125 0.702778
0.151223 0.702778
0.151320 0.702778
0.151417 0.702778
0.151515 0.700000
0.151612 0.700000
0.151709 0.700000
0.151807 0.700000
0.151904 0.700000
0.152001 0.700000
0.152099 0.700000
0.152196 0.700000
0.152293 0.700000
0.152391 0.700000
0.152488 0.700000
0.152586 0.700000
0.152683 0.700000
0.152780 0.700000
0.152878 0.700000
0.152975 0.700000
0.153072 0.700000
0.153170 0.700000
0.153267 0.700000
0.153364 0.700000
0.153462 0.700000
0.153559 0.700000
0.153656 0.700000
0.153754 0.700000
0.153851 0.700000
0.153949 0.700000
0.154046 0.700000
0.154143 0.700000
0.154241 0.700000
0.154338 0.700000
0.154435 0.700000
0.154533 0.700000
0.154630 0.700000
0.154727 0.700000
0.154825 0.700000
0.154922 0.700000
0.155019 0.700000
0.155117 0.700000
0.155214 0.700000
0.155312 0.700000
0.155409 0.700000
0.155506 0.700000
0.155604 0.700000
0.155701 0.700000
0.155798 0.700000
0.155896 0.700000
0.155993 0.700000
0.156090 0.700000
0.156188 0.700000
0.156285 0.697222
0.156382 0.697222
0.156480 0.697222
0.156577 0.697222
0.156675 0.697222
0.156772 0.697222
0.156869 0.697222
0.156967 0.697222
0.157064 0.697222
0.157161 0.697222
0.157259 0.697222
0.157356 0.697222
0.157453 0.697222
0.157551 0.697222
0.157648 0.697222
0.157745 0.697222
0.157843 0.697222
0.157940 0.697222
0.158038 0.697222
0.158135 0.697222
0.158232 0.697222
0.158330 0.697222
0.158427 0.697222
0.158524 0.697222
0.158622 0.697222
0.158719 0.697222
0.158816 0.697222
0.158914 0.697222
0.159011 0.697222
0.159108 0.694444
0.159206 0.694444
0.159303 0.694444
0.159401 0.694444
0.159498 0.694444
0.159595 0.694444
0.159693 0.694444
0.159790 0.694444
0.159887 0.694444
0.159985 0.694444
0.160082 0.694444
0.160179 0.694444
0.160277 0.694444
0.160374 0.694444
0.160471 0.694444
0.160569 0.694444
0.160666 0.694444
0.160764 0.694444
0.160861 0.694444
0.160958 0.694444
0.161056 0.694444
0.161153 0.694444
0.161250 0.694444
0.161348 0.694444
0.161445 0.694444
0.161542 0.694444
0.161640 0.694444
0.161737 0.694444
0.161834 0.694444
0.161932 0.694444
0.162029 0.694444
0.162127 0.694444
0.162224 0.694444
0.162321 0.691667
0.162419 0.691667
0.162516 0.688889
0.162613 0.688889
0.162711 0.688889
0.162808 0.688889
0.162905 0.688889
0.163003 0.688889
0.163100 0.688889
0.163197 0.688889
0.163295 0.688889
0.163392 0.686111
0.163490 0.686111
0.163587 0.686111
0.163684 0.683333
0.163782 0.683333
0.163879 0.683333
0.163976 0.680556
0.164074 0.680556
0.164171 0.680556
0.164268 0.680556
0.164366 0.680556
0.164463 0.680556
0.164561 0.680556
0.164658 0.680556
0.164755 0.680556
0.164853 0.680556
0.164950 0.680556
0.165047 0.680556
0.165145 0.680556
0.165242 0.680556
0.165339 0.680556
0.165437 0.680556
0.165534 0.680556
0.165631 0.680556
0.165729 0.680556
0.165826 0.680556
0.165924 0.680556
0.166021 0.680556
0.166118 0.680556
0.166216 0.680556
0.166313 0.680556
0.166410 0.680556
0.166508 0.680556
0.166605 0.680556
0.166702 0.680556
0.166800 0.677778
0.166897 0.677778
0.166994 0.677778
0.167092 0.677778
0.167189 0.677778
0.167287 0.677778
0.167384 0.677778
0.167481 0.677778
0.167579 0.677778
0.167676 0.677778
0.167773 0.677778
0.167871 0.672222
0.167968 0.672222
0.168065 0.672222
0.168163 0.672222
0.168260 0.672222
0.168357 0.669444
0.168455 0.669444
0.168552 0.666667
0.168650 0.666667
0.168747 0.666667
0.168844 0.666667
0.168942 0.666667
0.169039 0.663889
0.169136 0.663889
0.169234 0.663889
0.169331 0.663889
0.169428 0.663889
0.169526 0.663889
0.169623 0.663889
0.169720 0.663889
0.169818 0.663889
0.169915 0.663889
0.170013 0.663889
0.170110 0.663889
0.170207 0.661111
0.170305 0.661111
0.170402 0.658333
0.170499 0.658333
0.170597 0.658333
0.170694 0.658333
0.170791 0.658333
0.170889 0.658333
0.170986 0.658333
0.171083 0.658333
0.171181 0.658333
0.171278 0.655556
0.171376 0.655556
0.171473 0.655556
0.171570 0.655556
0.171668 0.655556
0.171765 0.655556
0.171862 0.655556
0.171960 0.655556
0.172057 0.655556
0.172154 0.655556
0.172252 0.655556
0.172349 0.655556
0.172446 0.655556
0.172544 0.655556
0.172641 0.655556
0.172739 0.652778
0.172836 0.652778
0.172933 0.652778
0.173031 0.650000
0.173128 0.650000
0.173225 0.650000
0.173323 0.650000
0.173420 0.650000
0.173517 0.650000
0.173615 0.650000
0.173712 0.650000
0.173809 0.650000
0.173907 0.650000
0.174004 0.650000
0.174102 0.650000
0.174199 0.650000
0.174296 0.650000
0.174394 0.650000
0.174491 0.650000
0.174588 0.650000
0.174686 0.650000
0.174783 0.650000
0.174880 0.650000
0.174978 0.650000
0.175075 0.650000
0.175172 0.650000
0.175270 0.650000
0.175367 0.650000
0.175465 0.650000
0.175562 0.650000
0.175659 0.650000
0.175757 0.650000
0.175854 0.650000
0.175951 0.650000
0.176049 0.647222
0.176146 0.647222
0.176243 0.647222
0.176341 0.647222
0.176438 0.647222
0.176535 0.647222
0.176633 0.647222
0.176730 0.647222
0.176828 0.647222
0.176925 0.647222
0.177022 0.647222
0.177120 0.647222
0.177217 0.647222
0.177314 0.647222
0.177412 0.647222
0.177509 0.647222
0.177606 0.647222
0.177704 0.647222
0.177801 0.647222
0.177898 0.647222
0.177996 0.647222
0.178093 0.647222
0.178191 0.647222
0.178288 0.647222
0.178385 0.647222
0.178483 0.647222
0.178580 0.647222
0.178677 0.647222
0.178775 0.647222
0.178872 0.647222
0.178969 0.647222
0.179067 0.647222
0.179164 0.647222
0.179261 0.647222
0.179359 0.647222
0.179456 0.647222
0.179554 0.647222
0.179651 0.647222
0.179748 0.647222
0.179846 0.647222
0.179943 0.647222
0.180040 0.647222
0.180138 0.644444
0.180235 0.644444
0.180332 0.644444
0.180430 0.644444
0.180527 0.644444
0.180624 0.644444
0.180722 0.641667
0.180819 0.641667
0.180917 0.641667
0.181014 0.641667
0.181111 0.641667
0.181209 0.641667
0.181306 0.641667
0.181403 0.641667
0.181501 0.641667
0.181598 0.641667
0.181695 0.641667
0.181793 0.641667
0.181890 0.641667
0.181987 0.641667
0.182085 0.641667
0.182182 0.641667
0.182280 0.641667
0.182377 0.641667
0.182474 0.641667
0.182572 0.638889
0.182669 0.638889
0.182766 0.638889
0.182864 0.638889
0.182961 0.638889
0.183058 0.638889
0.183156 0.638889
0.183253 0.638889
0.183350 0.638889
0.183448 0.638889
0.183545 0.638889
0.183643 0.638889
0.183740 0.638889
0.183837 0.638889
0.183935 0.638889
0.184032 0.638889
0.184129 0.638889
0.184227 0.638889
0.184324 0.638889
0.184421 0.638889
0.184519 0.638889
0.184616 0.638889
0.184713 0.638889
0.184811 0.638889
0.184908 0.638889
0.185006 0.638889
0.185103 0.638889
0.185200 0.638889
0.185298 0.638889
0.185395 0.638889
0.185492 0.638889
0.185590 0.638889
0.185687 0.638889
0.185784 0.638889
0.185882 0.638889
0.185979 0.638889
0.186076 0.638889
0.186174 0.638889
0.186271 0.638889
0.186369 0.638889
0.186466 0.638889
0.186563 0.638889
0.186661 0.638889
0.186758 0.638889
0.186855 0.638889
0.186953 0.638889
0.187050 0.638889
0.187147 0.638889
0.187245 0.638889
0.187342 0.638889
0.187439 0.638889
0.187537 0.638889
0.187634 0.638889
0.187732 0.638889
0.187829 0.638889
0.187926 0.638889
0.188024 0.638889
0.188121 0.638889
0.188218 0.638889
0.188316 0.638889
0.188413 0.638889
0.188510 0.638889
0.188608 0.638889
0.188705 0.638889
0.188802 0.636111
0.188900 0.636111
0.188997 0.636111
0.189095 0.636111
0.189192 0.636111
0.189289 0.636111
0.189387 0.636111
0.189484 0.636111
0.189581 0.636111
0.189679 0.636111
0.189776 0.636111
0.189873 0.636111
0.189971 0.636111
0.190068 0.636111
0.190165 0.636111
0.190263 0.636111
0.190360 0.636111
0.190458 0.636111
0.190555 0.633333
0.190652 0.633333
0.190750 0.633333
0.190847 0.633333
0.190944 0.633333
0.191042 0.633333
0.191139 0.633333
0.191236 0.633333
0.191334 0.633333
0.191431 0.633333
0.191528 0.633333
0.191626 0.633333
0.191723 0.633333
0.191821 0.633333
0.191918 0.633333
0.192015 0.633333
0.192113 0.633333
0.192210 0.633333
0.192307 0.633333
0.192405 0.633333
0.192502 0.630556
0.192599 0.630556
0.192697 0.630556
0.192794 0.630556
0.192891 0.630556
0.192989 0.630556
0.193086 0.630556
0.193184 0.630556
0.193281 0.630556
0.193378 0.630556
0.193476 0.627778
0.193573 0.627778
0.193670 0.627778
0.193768 0.627778
0.193865 0.627778
0.193962 0.622222
0.194060 0.622222
0.194157 0.622222
0.194254 0.622222
0.194352 0.622222
0.194449 0.622222
0.194547 0.622222
0.194644 0.622222
0.194741 0.622222
0.194839 0.622222
0.194936 0.622222
0.195033 0.622222
0.195131 0.622222
0.195228 0.622222
0.195325 0.622222
0.195423 0.622222
0.195520 0.622222
0.195617 0.622222
0.195715 0.622222
0.195812 0.622222
0.195910 0.622222
0.196007 0.622222
0.196104 0.622222
0.196202 0.622222
0.196299 0.622222
0.196396 0.622222
0.196494 0.622222
0.196591 0.622222
0.196688 0.622222
0.196786 0.622222
0.196883 0.622222
0.196980 0.622222
0.197078 0.622222
0.197175 0.622222
0.197273 0.622222
0.197370 0.622222
0.197467 0.622222
0.197565 0.619444
0.197662 0.619444
0.197759 0.616667
0.197857 0.616667
0.197954 0.616667
0.198051 0.616667
0.198149 0.616667
0.198246 0.616667
0.198343 0.616667
0.198441 0.616667
0.198538 0.616667
0.198636 0.616667
0.198733 0.616667
0.198830 0.616667
0.198928 0.616667
0.199025 0.616667
0.199122 0.616667
0.199220 0.616667
0.199317 0.616667
0.199414 0.616667
0.199512 0.616667
0.199609 0.616667
0.199706 0.616667
0.199804 0.616667
0.199901 0.616667
0.199999 0.616667
0.200096 0.616667
0.200193 0.616667
0.200291 0.616667
0.200388 0.616667
0.200485 0.616667
0.200583 0.616667
0.200680 0.616667
0.200777 0.616667
0.200875 0.616667
0.200972 0.616667
0.201069 0.616667
0.201167 0.613889
0.201264 0.613889
0.201362 0.613889
0.201459 0.613889
0.201556 0.613889
0.201654 0.613889
0.201751 0.613889
0.201848 0.613889
0.201946 0.613889
0.202043 0.613889
0.202140 0.613889
0.202238 0.613889
0.202335 0.613889
0.202433 0.613889
0.202530 0.613889
0.202627 0.613889
0.202725 0.613889
0.202822 0.613889
0.202919 0.613889
0.203017 0.613889
0.203114 0.613889
0.203211 0.613889
0.203309 0.613889
0.203406 0.613889
0.203503 0.613889
0.203601 0.613889
0.203698 0.613889
0.203796 0.613889
0.203893 0.611111
0.203990 0.611111
0.204088 0.611111
0.204185 0.611111
0.204282 0.611111
0.204380 0.611111
0.204477 0.611111
0.204574 0.611111
0.204672 0.611111
0.204769 0.611111
0.204866 0.611111
0.204964 0.611111
0.205061 0.611111
0.205159 0.611111
0.205256 0.611111
0.205353 0.611111
0.205451 0.611111
0.205548 0.611111
0.205645 0.611111
0.205743 0.611111
0.205840 0.611111
0.205937 0.611111
0.206035 0.611111
0.206132 0.608333
0.206229 0.608333
0.206327 0.608333
0.206424 0.608333
0.206522 0.608333
0.206619 0.608333
0.206716 0.608333
0.206814 0.608333
0.206911 0.608333
0.207008 0.608333
0.207106 0.608333
0.207203 0.608333
0.207300 0.608333
0.207398 0.608333
0.207495 0.608333
0.207592 0.608333
0.207690 0.608333
0.207787 0.608333
0.207885 0.608333
0.207982 0.608333
0.208079 0.608333
0.208177 0.608333
0.208274 0.608333
0.208371 0.608333
0.208469 0.608333
0.208566 0.608333
0.208663 0.605556
0.208761 0.605556
0.208858 0.605556
0.208955 0.605556
0.209053 0.605556
0.209150 0.605556
0.209248 0.605556
0.209345 0.605556
0.209442 0.605556
0.209540 0.605556
0.209637 0.605556
0.209734 0.602778
0.209832 0.602778
0.209929 0.602778
0.210026 0.602778
0.210124 0.602778
0.210221 0.600000
0.210318 0.600000
0.210416 0.600000
0.210513 0.600000
0.210611 0.600000
0.210708 0.600000
0.210805 0.600000
0.210903 0.600000
0.211000 0.600000
0.211097 0.600000
0.211195 0.600000
0.211292 0.600000
0.211389 0.600000
0.211487 0.597222
0.211584 0.597222
0.211681 0.597222
0.211779 0.597222
0.211876 0.597222
0.211974 0.594444
0.212071 0.594444
0.212168 0.594444
0.212266 0.594444
0.212363 0.594444
0.212460 0.594444
0.212558 0.594444
0.212655 0.594444
0.212752 0.594444
0.212850 0.594444
0.212947 0.594444
0.213044 0.594444
0.213142 0.594444
0.213239 0.594444
0.213337 0.594444
0.213434 0.591667
0.213531 0.591667
0.213629 0.591667
0.213726 0.591667
0.213823 0.591667
0.213921 0.591667
0.214018 0.591667
0.214115 0.591667
0.214213 0.591667
0.214310 0.591667
0.214407 0.591667
0.214505 0.591667
0.214602 0.591667
0.214700 0.591667
0.214797 0.591667
0.214894 0.591667
0.214992 0.591667
0.215089 0.591667
0.215186 0.591667
0.215284 0.591667
0.215381 0.591667
0.215478 0.591667
0.215576 0.591667
0.215673 0.591667
0.215770 0.591667
0.215868 0.591667
0.215965 0.591667
0.216063 0.591667
0.216160 0.591667
0.216257 0.591667
0.216355 0.591667
0.216452 0.591667
0.216549 0.591667
0.216647 0.591667
0.216744 0.591667
0.216841 0.591667
0.216939 0.591667
0.217036 0.588889
0.217133 0.588889
0.217231 0.588889
0.217328 0.588889
0.217426 0.588889
0.217523 0.588889
0.217620 0.588889
0.217718 0.588889
0.217815 0.588889
0.217912 0.588889
0.218010 0.588889
0.218107 0.588889
0.218204 0.588889
0.218302 0.588889
0.218399 0.588889
0.218496 0.588889
0.218594 0.588889
0.218691 0.588889
0.218789 0.588889
0.218886 0.588889
0.218983 0.588889
0.219081 0.588889
0.219178 0.588889
0.219275 0.588889
0.219373 0.588889
0.219470 0.588889
0.219567 0.586111
0.219665 0.586111
0.219762 0.586111
0.219859 0.586111
0.219957 0.586111
0.220054 0.586111
0.220152 0.586111
0.220249 0.586111
0.220346 0.586111
0.220444 0.586111
0.220541 0.586111
0.220638 0.586111
0.220736 0.586111
0.220833 0.586111
0.220930 0.583333
0.221028 0.583333
0.221125 0.583333
0.221222 0.580556
0.221320 0.580556
0.221417 0.580556
0.221515 0.580556
0.221612 0.580556
0.221709 0.580556
0.221807 0.580556
0.221904 0.580556
0.222001 0.577778
0.222099 0.577778
0.222196 0.577778
0.222293 0.577778
0.222391 0.577778
0.222488 0.577778
0.222585 0.577778
0.222683 0.577778
0.222780 0.577778
0.222878 0.577778
0.222975 0.577778
0.223072 0.577778
0.223170 0.577778
0.223267 0.577778
0.223364 0.577778
0.223462 0.577778
0.223559 0.577778
0.223656 0.577778
0.223754 0.577778
0.223851 0.577778
0.223948 0.577778
0.224046 0.577778
0.224143 0.577778
0.224241 0.577778
0.224338 0.577778
0.224435 0.577778
0.224533 0.577778
0.224630 0.575000
0.224727 0.575000
0.224825 0.572222
0.224922 0.572222
0.225019 0.572222
0.225117 0.572222
0.225214 0.572222
0.225311 0.569444
0.225409 0.569444
0.225506 0.569444
0.225604 0.569444
0.225701 0.569444
0.225798 0.569444
0.225896 0.569444
0.225993 0.569444
0.226090 0.569444
0.226188 0.569444
0.226285 0.569444
0.226382 0.569444
0.226480 0.569444
0.226577 0.569444
0.226674 0.569444
0.226772 0.569444
0.226869 0.569444
0.226967 0.569444
0.227064 0.569444
0.227161 0.569444
0.227259 0.569444
0.227356 0.569444
0.227453 0.569444
0.227551 0.569444
0.227648 0.569444
0.227745 0.569444
0.227843 0.569444
0.227940 0.569444
0.228037 0.569444
0.228135 0.569444
0.228232 0.569444
0.228330 0.569444
0.228427 0.569444
0.228524 0.569444
0.228622 0.569444
0.228719 0.569444
0.228816 0.569444
0.228914 0.569444
0.229011 0.569444
0.229108 0.569444
0.229206 0.566667
0.229303 0.566667
0.229400 0.566667
0.229498 0.563889
0.229595 0.563889
0.229693 0.563889
0.229790 0.563889
0.229887 0.563889
0.229985 0.563889
0.230082 0.563889
0.230179 0.561111
0.230277 0.558333
0.230374 0.558333
0.230471 0.558333
0.230569 0.558333
0.230666 0.558333
0.230763 0.558333
0.230861 0.558333
0.230958 0.558333
0.231056 0.558333
0.231153 0.558333
0.231250 0.558333
0.231348 0.558333
0.231445 0.558333
0.231542 0.558333
0.231640 0.558333
0.231737 0.558333
0.231834 0.555556
0.231932 0.555556
0.232029 0.555556
0.232126 0.555556
0.232224 0.555556
0.232321 0.555556
0.232419 0.555556
0.232516 0.555556
0.232613 0.555556
0.232711 0.555556
0.232808 0.555556
0.232905 0.555556
0.233003 0.555556
0.233100 0.555556
0.233197 0.555556
0.233295 0.555556
0.233392 0.552778
0.233489 0.552778
0.233587 0.552778
0.233684 0.552778
0.233782 0.552778
0.233879 0.552778
0.233976 0.552778
0.234074 0.552778
0.234171 0.552778
0.234268 0.552778
0.234366 0.552778
0.234463 0.552778
0.234560 0.552778
0.234658 0.552778
0.234755 0.552778
0.234852 0.550000
0.234950 0.550000
0.235047 0.550000
0.235145 0.550000
0.235242 0.550000
0.235339 0.550000
0.235437 0.550000
0.235534 0.550000
0.235631 0.550000
0.235729 0.550000
0.235826 0.550000
0.235923 0.550000
0.236021 0.550000
0.236118 0.550000
0.236215 0.550000
0.236313 0.550000
0.236410 0.550000
0.236508 0.550000
0.236605 0.550000
0.236702 0.550000
0.236800 0.550000
0.236897 0.550000
0.236994 0.550000
0.237092 0.550000
0.237189 0.550000
0.237286 0.550000
0.237384 0.550000
0.237481 0.550000
0.237578 0.550000
0.237676 0.550000
0.237773 0.550000
0.237871 0.550000
0.237968 0.550000
0.238065 0.550000
0.238163 0.550000
0.238260 0.550000
0.238357 0.550000
0.238455 0.550000
0.238552 0.550000
0.238649 0.550000
0.238747 0.550000
0.238844 0.550000
0.238941 0.550000
0.239039 0.550000
0.239136 0.550000
0.239234 0.550000
0.239331 0.550000
0.239428 0.550000
0.239526 0.550000
0.239623 0.550000
0.239720 0.550000
0.239818 0.550000
0.239915 0.550000
0.240012 0.550000
0.240110 0.550000
0.240207 0.550000
0.240305 0.550000
0.240402 0.550000
0.240499 0.550000
0.240597 0.550000
0.240694 0.550000
0.240791 0.550000
0.240889 0.550000
0.240986 0.550000
0.241083 0.550000
0.241181 0.550000
0.241278 0.550000
0.241375 0.550000
0.241473 0.550000
0.241570 0.550000
0.241668 0.550000
0.241765 0.550000
0.241862 0.550000
0.241960 0.550000
0.242057 0.550000
0.242154 0.550000
0.242252 0.550000
0.242349 0.550000
0.242446 0.550000
0.242544 0.550000
0.242641 0.550000
0.242738 0.550000
0.242836 0.550000
0.242933 0.550000
0.243031 0.550000
0.243128 0.550000
0.243225 0.550000
0.243323 0.550000
0.243420 0.550000
0.243517 0.550000
0.243615 0.550000
0.243712 0.550000
0.243809 0.550000
0.243907 0.550000
0.244004 0.550000
0.244101 0.550000
0.244199 0.550000
0.244296 0.550000
0.244394 0.550000
0.244491 0.550000
0.244588 0.550000
0.244686 0.550000
0.244783 0.550000
0.244880 0.550000
0.244978 0.550000
0.245075 0.550000
0.245172 0.550000
0.245270 0.550000
0.245367 0.547222
0.245464 0.547222
0.245562 0.547222
0.245659 0.547222
0.245757 0.547222
0.245854 0.547222
0.245951 0.547222
0.246049 0.547222
0.246146 0.547222
0.246243 0.547222
0.246341 0.544444
0.246438 0.544444
0.246535 0.544444
0.246633 0.544444
0.246730 0.544444
0.246827 0.544444
0.246925 0.544444
0.247022 0.544444
0.247120 0.544444
0.247217 0.544444
0.247314 0.544444
0.247412 0.544444
0.247509 0.544444
0.247606 0.544444
0.247704 0.544444
0.247801 0.544444
0.247898 0.544444
0.247996 0.544444
0.248093 0.544444
0.248190 0.544444
0.248288 0.544444
0.248385 0.544444
0.248483 0.544444
0.248580 0.541667
0.248677 0.541667
0.248775 0.541667
0.248872 0.541667
0.248969 0.541667
0.249067 0.541667
0.249164 0.541667
0.249261 0.541667
0.249359 0.541667
0.249456 0.541667
0.249553 0.541667
0.249651 0.541667
0.249748 0.541667
0.249846 0.541667
0.249943 0.541667
0.250040 0.541667
0.250138 0.541667
0.250235 0.541667
0.250332 0.541667
0.250430 0.541667
0.250527 0.541667
0.250624 0.541667
0.250722 0.538889
0.250819 0.538889
0.250916 0.538889
0.251014 0.538889
0.251111 0.538889
0.251209 0.538889
0.251306 0.538889
0.251403 0.538889
0.251501 0.538889
0.251598 0.538889
0.251695 0.538889
0.251793 0.538889
0.251890 0.538889
0.251987 0.538889
0.252085 0.538889
0.252182 0.538889
0.252279 0.538889
0.252377 0.538889
0.252474 0.538889
0.252572 0.538889
0.252669 0.538889
0.252766 0.538889
0.252864 0.538889
0.252961 0.538889
0.253058 0.536111
0.253156 0.536111
0.253253 0.536111
0.253350 0.536111
0.253448 0.536111
0.253545 0.536111
0.253642 0.536111
0.253740 0.536111
0.253837 0.536111
0.253935 0.536111
0.254032 0.536111
0.254129 0.536111
0.254227 0.536111
0.254324 0.536111
0.254421 0.536111
0.254519 0.536111
0.254616 0.536111
0.254713 0.536111
0.254811 0.536111
0.254908 0.536111
0.255005 0.536111
0.255103 0.536111
0.255200 0.536111
0.255298 0.536111
0.255395 0.536111
0.255492 0.536111
0.255590 0.536111
0.255687 0.536111
0.255784 0.536111
0.255882 0.536111
0.255979 0.536111
0.256076 0.536111
0.256174 0.536111
0.256271 0.536111
0.256368 0.536111
0.256466 0.536111
0.256563 0.536111
0.256661 0.536111
0.256758 0.533333
0.256855 0.533333
0.256953 0.530556
0.257050 0.530556
0.257147 0.530556
0.257245 0.530556
0.257342 0.530556
0.257439 0.530556
0.257537 0.530556
0.257634 0.530556
0.257731 0.530556
0.257829 0.530556
0.257926 0.530556
0.258024 0.525000
0.258121 0.525000
0.258218 0.525000
0.258316 0.525000
0.258413 0.525000
0.258510 0.525000
0.258608 0.525000
0.258705 0.525000
0.258802 0.525000
0.258900 0.525000
0.258997 0.525000
0.259094 0.525000
0.259192 0.525000
0.259289 0.525000
0.259387 0.525000
0.259484 0.525000
0.259581 0.525000
0.259679 0.525000
0.259776 0.525000
0.259873 0.525000
0.259971 0.525000
0.260068 0.525000
0.260165 0.525000
0.260263 0.525000
0.260360 0.525000
0.260457 0.525000
0.260555 0.525000
0.260652 0.525000
0.260750 0.525000
0.260847 0.525000
0.260944 0.525000
0.261042 0.525000
0.261139 0.522222
0.261236 0.522222
0.261334 0.522222
0.261431 0.522222
0.261528 0.522222
0.261626 0.522222
0.261723 0.522222
0.261820 0.522222
0.261918 0.522222
0.262015 0.519444
0.262113 0.519444
0.262210 0.519444
0.262307 0.519444
0.262405 0.519444
0.262502 0.519444
0.262599 0.519444
0.262697 0.519444
0.262794 0.519444
0.262891 0.519444
0.262989 0.519444
0.263086 0.519444
0.263183 0.519444
0.263281 0.519444
0.263378 0.519444
0.263476 0.519444
0.263573 0.519444
0.263670 0.519444
0.263768 0.519444
0.263865 0.519444
0.263962 0.519444
0.264060 0.519444
0.264157 0.519444
0.264254 0.519444
0.264352 0.519444
0.264449 0.519444
0.264546 0.519444
0.264644 0.519444
0.264741 0.519444
0.264839 0.519444
0.264936 0.519444
0.265033 0.519444
0.265131 0.519444
0.265228 0.519444
0.265325 0.519444
0.265423 0.519444
0.265520 0.519444
0.265617 0.519444
0.265715 0.519444
0.265812 0.519444
0.265909 0.519444
0.266007 0.519444
0.266104 0.519444
0.266202 0.519444
0.266299 0.519444
0.266396 0.519444
0.266494 0.519444
0.266591 0.519444
0.266688 0.519444
0.266786 0.519444
0.266883 0.519444
0.266980 0.519444
0.267078 0.519444
0.267175 0.519444
0.267272 0.519444
0.267370 0.519444
0.267467 0.519444
0.267565 0.519444
0.267662 0.519444
0.267759 0.519444
0.267857 0.519444
0.267954 0.519444
0.268051 0.519444
0.268149 0.519444
0.268246 0.519444
0.268343 0.519444
0.268441 0.519444
0.268538 0.519444
0.268635 0.519444
0.268733 0.519444
0.268830 0.519444
0.268928 0.519444
0.269025 0.519444
0.269122 0.519444
0.269220 0.519444
0.269317 0.519444
0.269414 0.519444
0.269512 0.519444
0.269609 0.519444
0.269706 0.519444
0.269804 0.519444
0.269901 0.519444
0.269998 0.519444
0.270096 0.519444
0.270193 0.519444
0.270291 0.519444
0.270388 0.519444
0.270485 0.519444
0.270583 0.519444
0.270680 0.519444
0.270777 0.519444
0.270875 0.519444
0.270972 0.519444
0.271069 0.519444
0.271167 0.519444
0.271264 0.519444
0.271361 0.519444
0.271459 0.519444
0.271556 0.519444
0.271654 0.519444
0.271751 0.519444
0.271848 0.519444
0.271946 0.519444
0.272043 0.519444
0.272140 0.519444
0.272238 0.519444
0.272335 0.519444
0.272432 0.519444
0.272530 0.519444
0.272627 0.519444
0.272724 0.519444
0.272822 0.519444
0.272919 0.519444
0.273017 0.519444
0.273114 0.519444
0.273211 0.519444
0.273309 0.519444
0.273406 0.519444
0.273503 0.519444
0.273601 0.519444
0.273698 0.519444
0.273795 0.519444
0.273893 0.519444
0.273990 0.519444
0.274087 0.519444
0.274185 0.519444
0.274282 0.519444
0.274380 0.519444
0.274477 0.519444
0.274574 0.519444
0.274672 0.516667
0.274769 0.516667
0.274866 0.516667
0.274964 0.516667
0.275061 0.516667
0.275158 0.516667
0.275256 0.513889
0.275353 0.513889
0.275450 0.513889
0.275548 0.513889
0.275645 0.513889
0.275743 0.513889
0.275840 0.513889
0.275937 0.513889
0.276035 0.513889
0.276132 0.513889
0.276229 0.513889
0.276327 0.513889
0.276424 0.513889
0.276521 0.513889
0.276619 0.513889
0.276716 0.513889
0.276813 0.513889
0.276911 0.513889
0.277008 0.513889
0.277106 0.511111
0.277203 0.508333
0.277300 0.508333
0.277398 0.508333
0.277495 0.508333
0.277592 0.505556
0.277690 0.505556
0.277787 0.505556
0.277884 0.505556
0.277982 0.505556
0.278079 0.505556
0.278176 0.505556
0.278274 0.505556
0.278371 0.505556
0.278469 0.505556
0.278566 0.505556
0.278663 0.505556
0.278761 0.505556
0.278858 0.505556
0.278955 0.502778
0.279053 0.500000
0.279150 0.500000
0.279247 0.500000
0.279345 0.500000
0.279442 0.500000
0.279540 0.500000
0.279637 0.500000
0.279734 0.500000
0.279832 0.500000
0.279929 0.500000
0.280026 0.500000
0.280124 0.500000
0.280221 0.500000
0.280318 0.500000
0.280416 0.500000
0.280513 0.500000
0.280610 0.500000
0.280708 0.500000
0.280805 0.500000
0.280903 0.500000
0.281000 0.500000
0.281097 0.500000
0.281195 0.500000
0.281292 0.500000
0.281389 0.500000
0.281487 0.500000
0.281584 0.500000
0.281681 0.500000
0.281779 0.500000
0.281876 0.500000
0.281973 0.500000
0.282071 0.500000
0.282168 0.500000
0.282266 0.500000
0.282363 0.500000
0.282460 0.500000
0.282558 0.500000
0.282655 0.500000
0.282752 0.500000
0.282850 0.500000
0.282947 0.500000
0.283044 0.500000
0.283142 0.500000
0.283239 0.500000
0.283336 0.500000
0.283434 0.500000
0.283531 0.497222
0.283629 0.497222
0.283726 0.497222
0.283823 0.497222
0.283921 0.497222
0.284018 0.497222
0.284115 0.497222
0.284213 0.497222
0.284310 0.497222
0.284407 0.497222
0.284505 0.497222
0.284602 0.497222
0.284699 0.497222
0.284797 0.497222
0.284894 0.497222
0.284992 0.497222
0.285089 0.497222
0.285186 0.497222
0.285284 0.497222
0.285381 0.497222
0.285478 0.497222
0.285576 0.497222
0.285673 0.497222
0.285770 0.497222
0.285868 0.497222
0.285965 0.497222
0.286062 0.497222
0.286160 0.497222
0.286257 0.497222
0.286355 0.497222
0.286452 0.497222
0.286549 0.497222
0.286647 0.497222
0.286744 0.497222
0.286841 0.497222
0.286939 0.497222
0.287036 0.497222
0.287133 0.497222
0.287231 0.497222
0.287328 0.497222
0.287425 0.497222
0.287523 0.497222
0.287620 0.497222
0.287718 0.497222
0.287815 0.497222
0.287912 0.497222
0.288010 0.497222
0.288107 0.497222
0.288204 0.494444
0.288302 0.494444
0.288399 0.494444
0.288496 0.494444
0.288594 0.494444
0.288691 0.494444
0.288788 0.494444
0.288886 0.494444
0.288983 0.494444
0.289081 0.494444
0.289178 0.494444
0.289275 0.494444
0.289373 0.494444
0.289470 0.494444
0.289567 0.494444
0.289665 0.494444
0.289762 0.494444
0.289859 0.494444
0.289957 0.494444
0.290054 0.491667
0.290151 0.491667
0.290249 0.491667
0.290346 0.491667
0.290444 0.491667
0.290541 0.491667
0.290638 0.491667
0.290736 0.491667
0.290833 0.491667
0.290930 0.491667
0.291028 0.491667
0.291125 0.491667
0.291222 0.491667
0.291320 0.491667
0.291417 0.491667
0.291514 0.491667
0.291612 0.491667
0.291709 0.491667
0.291807 0.491667
0.291904 0.488889
0.292001 0.488889
0.292099 0.488889
0.292196 0.486111
0.292293 0.486111
0.292391 0.486111
0.292488 0.486111
0.292585 0.483333
0.292683 0.480556
0.292780 0.480556
0.292877 0.480556
0.292975 0.480556
0.293072 0.480556
0.293170 0.480556
0.293267 0.480556
0.293364 0.477778
0.293462 0.477778
0.293559 0.477778
0.293656 0.475000
0.293754 0.475000
0.293851 0.475000
0.293948 0.475000
0.294046 0.475000
0.294143 0.475000
0.294240 0.475000
0.294338 0.475000
0.294435 0.475000
0.294533 0.475000
0.294630 0.475000
0.294727 0.475000
0.294825 0.475000
0.294922 0.475000
0.295019 0.475000
0.295117 0.475000
0.295214 0.475000
0.295311 0.472222
0.295409 0.472222
0.295506 0.472222
0.295603 0.472222
0.295701 0.472222
0.295798 0.472222
0.295896 0.472222
0.295993 0.472222
0.296090 0.472222
0.296188 0.472222
0.296285 0.472222
0.296382 0.472222
0.296480 0.472222
0.296577 0.472222
0.296674 0.472222
0.296772 0.472222
0.296869 0.472222
0.296966 0.472222
0.297064 0.472222
0.297161 0.472222
0.297259 0.472222
0.297356 0.472222
0.297453 0.472222
0.297551 0.472222
0.297648 0.472222
0.297745 0.472222
0.297843 0.472222
0.297940 0.472222
0.298037 0.472222
0.298135 0.472222
0.298232 0.472222
0.298329 0.472222
0.298427 0.472222
0.298524 0.472222
0.298622 0.472222
0.298719 0.472222
0.298816 0.472222
0.298914 0.469444
0.299011 0.469444
0.299108 0.469444
0.299206 0.469444
0.299303 0.469444
0.299400 0.469444
0.299498 0.469444
0.299595 0.469444
0.299692 0.469444
0.299790 0.469444
0.299887 0.469444
0.299985 0.469444
0.300082 0.469444
0.300179 0.469444
0.300277 0.469444
0.300374 0.469444
0.300471 0.469444
0.300569 0.469444
0.300666 0.469444
0.300763 0.466667
0.300861 0.466667
0.300958 0.466667
0.301055 0.466667
0.301153 0.466667
0.301250 0.466667
0.301348 0.463889
0.301445 0.463889
0.301542 0.463889
0.301640 0.463889
0.301737 0.463889
0.301834 0.463889
0.301932 0.461111
0.302029 0.461111
0.302126 0.461111
0.302224 0.461111
0.302321 0.461111
0.302418 0.461111
0.302516 0.461111
0.302613 0.461111
0.302711 0.458333
0.302808 0.458333
0.302905 0.458333
0.303003 0.458333
0.303100 0.458333
0.303197 0.458333
0.303295 0.458333
0.303392 0.458333
0.303489 0.458333
0.303587 0.458333
0.303684 0.458333
0.303781 0.458333
0.303879 0.458333
0.303976 0.458333
0.304074 0.458333
0.304171 0.458333
0.304268 0.458333
0.304366 0.458333
0.304463 0.458333
0.304560 0.458333
0.304658 0.458333
0.304755 0.458333
0.304852 0.458333
0.304950 0.458333
0.305047 0.458333
0.305144 0.458333
0.305242 0.458333
0.305339 0.458333
0.305437 0.458333
0.305534 0.458333
0.305631 0.458333
0.305729 0.458333
0.305826 0.458333
0.305923 0.455556
0.306021 0.455556
0.306118 0.455556
0.306215 0.455556
0.306313 0.455556
0.306410 0.455556
0.306507 0.455556
0.306605 0.455556
0.306702 0.455556
0.306800 0.455556
0.306897 0.455556
0.306994 0.455556
0.307092 0.455556
0.307189 0.455556
0.307286 0.455556
0.307384 0.455556
0.307481 0.455556
0.307578 0.455556
0.307676 0.455556
0.307773 0.452778
0.307870 0.450000
0.307968 0.450000
0.308065 0.447222
0.308163 0.447222
0.308260 0.447222
0.308357 0.447222
0.308455 0.447222
0.308552 0.447222
0.308649 0.447222
0.308747 0.447222
0.308844 0.447222
0.308941 0.447222
0.309039 0.447222
0.309136 0.447222
0.309233 0.447222
0.309331 0.447222
0.309428 0.447222
0.309526 0.447222
0.309623 0.447222
0.309720 0.447222
0.309818 0.444444
0.309915 0.444444
0.310012 0.444444
0.310110 0.444444
0.310207 0.444444
0.310304 0.444444
0.310402 0.444444
0.310499 0.444444
0.310596 0.444444
0.310694 0.444444
0.310791 0.444444
0.310889 0.444444
0.310986 0.444444
0.311083 0.444444
0.311181 0.444444
0.311278 0.444444
0.311375 0.444444
0.311473 0.444444
0.311570 0.444444
0.311667 0.441667
0.311765 0.441667
0.311862 0.441667
0.311959 0.441667
0.312057 0.441667
0.312154 0.441667
0.312252 0.441667
0.312349 0.441667
0.312446 0.441667
0.312544 0.441667
0.312641 0.441667
0.312738 0.441667
0.312836 0.441667
0.312933 0.441667
0.313030 0.441667
0.313128 0.441667
0.313225 0.441667
0.313322 0.441667
0.313420 0.441667
0.313517 0.441667
0.313615 0.441667
0.313712 0.441667
0.313809 0.441667
0.313907 0.441667
0.314004 0.441667
0.314101 0.441667
0.314199 0.441667
0.314296 0.441667
0.314393 0.441667
0.314491 0.441667
0.314588 0.441667
0.314685 0.441667
0.314783 0.438889
0.314880 0.438889
0.314978 0.438889
0.315075 0.438889
0.315172 0.438889
0.315270 0.438889
0.315367 0.438889
0.315464 0.438889
0.315562 0.438889
0.315659 0.438889
0.315756 0.438889
0.315854 0.438889
0.315951 0.438889
0.316048 0.438889
0.316146 0.438889
0.316243 0.438889
0.316341 0.438889
0.316438 0.438889
0.316535 0.438889
0.316633 0.438889
0.316730 0.438889
0.316827 0.438889
0.316925 0.438889
0.317022 0.438889
0.317119 0.436111
0.317217 0.436111
0.317314 0.436111
0.317412 0.436111
0.317509 0.436111
0.317606 0.436111
0.317704 0.436111
0.317801 0.436111
0.317898 0.436111
0.317996 0.436111
0.318093 0.433333
0.318190 0.433333
0.318288 0.433333
0.318385 0.433333
0.318482 0.433333
0.318580 0.433333
0.318677 0.433333
0.318775 0.433333
0.318872 0.433333
0.318969 0.433333
0.319067 0.430556
0.319164 0.430556
0.319261 0.430556
0.319359 0.430556
0.319456 0.430556
0.319553 0.430556
0.319651 0.430556
0.319748 0.430556
0.319845 0.430556
0.319943 0.430556
0.320040 0.430556
0.320138 0.430556
0.320235 0.430556
0.320332 0.430556
0.320430 0.430556
0.320527 0.430556
0.320624 0.430556
0.320722 0.430556
0.320819 0.430556
0.320916 0.430556
0.321014 0.430556
0.321111 0.430556
0.321208 0.430556
0.321306 0.430556
0.321403 0.430556
0.321501 0.430556
0.321598 0.430556
0.321695 0.430556
0.321793 0.430556
0.321890 0.430556
0.321987 0.430556
0.322085 0.430556
0.322182 0.430556
0.322279 0.427778
0.322377 0.427778
0.322474 0.427778
0.322571 0.427778
0.322669 0.427778
0.322766 0.427778
0.322864 0.427778
0.322961 0.427778
0.323058 0.425000
0.323156 0.425000
0.323253 0.425000
0.323350 0.425000
0.323448 0.425000
0.323545 0.425000
0.323642 0.425000
0.323740 0.425000
0.323837 0.425000
0.323934 0.425000
0.324032 0.425000
0.324129 0.425000
0.324227 0.425000
0.324324 0.425000
0.324421 0.425000
0.324519 0.425000
0.324616 0.425000
0.324713 0.425000
0.324811 0.425000
0.324908 0.425000
0.325005 0.425000
0.325103 0.425000
0.325200 0.425000
0.325297 0.425000
0.325395 0.425000
0.325492 0.425000
0.325590 0.425000
0.325687 0.425000
0.325784 0.425000
0.325882 0.422222
0.325979 0.422222
0.326076 0.422222
0.326174 0.422222
0.326271 0.422222
0.326368 0.422222
0.326466 0.422222
0.326563 0.422222
0.326660 0.422222
0.326758 0.422222
0.326855 0.422222
0.326953 0.422222
0.327050 0.422222
0.327147 0.422222
0.327245 0.422222
0.327342 0.422222
0.327439 0.422222
0.327537 0.422222
0.327634 0.422222
0.327731 0.422222
0.327829 0.422222
0.327926 0.422222
0.328023 0.422222
0.328121 0.422222
0.328218 0.422222
0.328316 0.422222
0.328413 0.422222
0.328510 0.422222
0.328608 0.422222
0.328705 0.422222
0.328802 0.422222
0.328900 0.422222
0.328997 0.422222
0.329094 0.422222
0.329192 0.422222
0.329289 0.422222
0.329386 0.422222
0.329484 0.422222
0.329581 0.422222
0.329679 0.422222
0.329776 0.422222
0.329873 0.422222
0.329971 0.422222
0.330068 0.422222
0.330165 0.422222
0.330263 0.422222
0.330360 0.422222
0.330457 0.422222
0.330555 0.422222
0.330652 0.422222
0.330749 0.422222
0.330847 0.422222
0.330944 0.419444
0.331042 0.419444
0.331139 0.416667
0.331236 0.416667
0.331334 0.413889
0.331431 0.413889
0.331528 0.413889
0.331626 0.413889
0.331723 0.413889
0.331820 0.413889
0.331918 0.413889
0.332015 0.413889
0.332112 0.413889
0.332210 0.413889
0.332307 0.413889
0.332405 0.413889
0.332502 0.413889
0.332599 0.413889
0.332697 0.413889
0.332794 0.413889
0.332891 0.413889
0.332989 0.413889
0.333086 0.413889
0.333183 0.411111
0.333281 0.411111
0.333378 0.411111
0.333475 0.411111
0.333573 0.411111
0.333670 0.411111
0.333768 0.411111
0.333865 0.411111
0.333962 0.411111
0.334060 0.411111
0.334157 0.411111
0.334254 0.411111
0.334352 0.411111
0.334449 0.411111
0.334546 0.411111
0.334644 0.411111
0.334741 0.411111
0.334838 0.411111
0.334936 0.411111
0.335033 0.411111
0.335131 0.411111
0.335228 0.411111
0.335325 0.411111
0.335423 0.411111
0.335520 0.411111
0.335617 0.411111
0.335715 0.411111
0.335812 0.411111
0.335909 0.411111
0.336007 0.411111
0.336104 0.411111
0.336201 0.408333
0.336299 0.408333
0.336396 0.408333
0.336494 0.408333
0.336591 0.408333
0.336688 0.408333
0.336786 0.408333
0.336883 0.408333
0.336980 0.408333
0.337078 0.408333
0.337175 0.408333
0.337272 0.408333
0.337370 0.408333
0.337467 0.408333
0.337564 0.408333
0.337662 0.408333
0.337759 0.408333
0.337857 0.408333
0.337954 0.408333
0.338051 0.408333
0.338149 0.408333
0.338246 0.408333
0.338343 0.408333
0.338441 0.408333
0.338538 0.408333
0.338635 0.408333
0.338733 0.408333
0.338830 0.408333
0.338927 0.408333
0.339025 0.408333
0.339122 0.408333
0.339220 0.408333
0.339317 0.408333
0.339414 0.408333
0.339512 0.408333
0.339609 0.408333
0.339706 0.408333
0.339804 0.408333
0.339901 0.408333
0.339998 0.408333
0.340096 0.408333
0.340193 0.408333
0.340290 0.408333
0.340388 0.408333
0.340485 0.408333
0.340583 0.408333
0.340680 0.408333
0.340777 0.408333
0.340875 0.405556
0.340972 0.405556
0.341069 0.405556
0.341167 0.405556
0.341264 0.405556
0.341361 0.402778
0.341459 0.402778
0.341556 0.402778
0.341653 0.402778
0.341751 0.402778
0.341848 0.402778
0.341946 0.397222
0.342043 0.397222
0.342140 0.397222
0.342238 0.397222
0.342335 0.397222
0.342432 0.397222
0.342530 0.397222
0.342627 0.397222
0.342724 0.397222
0.342822 0.397222
0.342919 0.397222
0.343016 0.397222
0.343114 0.397222
0.343211 0.397222
0.343309 0.397222
0.343406 0.397222
0.343503 0.394444
0.343601 0.394444
0.343698 0.394444
0.343795 0.394444
0.343893 0.388889
0.343990 0.388889
0.344087 0.388889
0.344185 0.388889
0.344282 0.388889
0.344379 0.388889
0.344477 0.388889
0.344574 0.388889
0.344672 0.388889
0.344769 0.388889
0.344866 0.388889
0.344964 0.388889
0.345061 0.388889
0.345158 0.388889
0.345256 0.388889
0.345353 0.388889
0.345450 0.388889
0.345548 0.388889
0.345645 0.388889
0.345742 0.388889
0.345840 0.388889
0.345937 0.388889
0.346035 0.388889
0.346132 0.388889
0.346229 0.388889
0.346327 0.388889
0.346424 0.388889
0.346521 0.388889
0.346619 0.388889
0.346716 0.386111
0.346813 0.386111
0.346911 0.386111
0.347008 0.386111
0.347105 0.386111
0.347203 0.386111
0.347300 0.386111
0.347398 0.386111
0.347495 0.386111
0.347592 0.386111
0.347690 0.386111
0.347787 0.386111
0.347884 0.386111
0.347982 0.386111
0.348079 0.386111
0.348176 0.386111
0.348274 0.386111
0.348371 0.386111
0.348468 0.386111
0.348566 0.386111
0.348663 0.386111
0.348761 0.386111
0.348858 0.386111
0.348955 0.386111
0.349053 0.386111
0.349150 0.386111
0.349247 0.386111
0.349345 0.386111
0.349442 0.386111
0.349539 0.386111
0.349637 0.386111
0.349734 0.386111
0.349831 0.386111
0.349929 0.386111
0.350026 0.386111
0.350124 0.386111
0.350221 0.386111
0.350318 0.386111
0.350416 0.386111
0.350513 0.386111
0.350610 0.386111
0.350708 0.386111
0.350805 0.386111
0.350902 0.386111
0.351000 0.386111
0.351097 0.386111
0.351194 0.386111
0.351292 0.386111
0.351389 0.386111
0.351487 0.386111
0.351584 0.386111
0.351681 0.386111
0.351779 0.386111
0.351876 0.386111
0.351973 0.386111
0.352071 0.383333
0.352168 0.383333
0.352265 0.380556
0.352363 0.380556
0.352460 0.380556
0.352557 0.380556
0.352655 0.380556
0.352752 0.380556
0.352850 0.380556
0.352947 0.380556
0.353044 0.380556
0.353142 0.380556
0.353239 0.380556
0.353336 0.377778
0.353434 0.377778
0.353531 0.377778
0.353628 0.377778
0.353726 0.377778
0.353823 0.377778
0.353920 0.377778
0.354018 0.377778
0.354115 0.377778
0.354213 0.377778
0.354310 0.377778
0.354407 0.377778
0.354505 0.377778
0.354602 0.377778
0.354699 0.377778
0.354797 0.377778
0.354894 0.375000
0.354991 0.375000
0.355089 0.375000
0.355186 0.375000
0.355284 0.375000
0.355381 0.375000
0.355478 0.375000
0.355576 0.375000
0.355673 0.375000
0.355770 0.375000
0.355868 0.375000
0.355965 0.375000
0.356062 0.375000
0.356160 0.375000
0.356257 0.375000
0.356354 0.375000
0.356452 0.372222
0.356549 0.372222
0.356647 0.372222
0.356744 0.372222
0.356841 0.372222
0.356939 0.372222
0.357036 0.372222
0.357133 0.372222
0.357231 0.372222
0.357328 0.372222
0.357425 0.372222
0.357523 0.372222
0.357620 0.372222
0.357717 0.372222
0.357815 0.372222
0.357912 0.372222
0.358010 0.372222
0.358107 0.372222
0.358204 0.372222
0.358302 0.372222
0.358399 0.372222
0.358496 0.372222
0.358594 0.372222
0.358691 0.372222
0.358788 0.372222
0.358886 0.372222
0.358983 0.372222
0.359080 0.372222
0.359178 0.372222
0.359275 0.372222
0.359373 0.372222
0.359470 0.372222
0.359567 0.372222
0.359665 0.372222
0.359762 0.372222
0.359859 0.372222
0.359957 0.372222
0.360054 0.369444
0.360151 0.369444
0.360249 0.369444
0.360346 0.369444
0.360443 0.369444
0.360541 0.369444
0.360638 0.369444
0.360736 0.369444
0.360833 0.369444
0.360930 0.369444
0.361028 0.369444
0.361125 0.369444
0.361222 0.369444
0.361320 0.369444
0.361417 0.369444
0.361514 0.369444
0.361612 0.369444
0.361709 0.369444
0.361806 0.369444
0.361904 0.369444
0.362001 0.369444
0.362099 0.369444
0.362196 0.369444
0.362293 0.369444
0.362391 0.369444
0.362488 0.369444
0.362585 0.366667
0.362683 0.366667
0.362780 0.366667
0.362877 0.366667
0.362975 0.366667
0.363072 0.366667
0.363169 0.366667
0.363267 0.366667
0.363364 0.366667
0.363462 0.366667
0.363559 0.366667
0.363656 0.366667
0.363754 0.366667
0.363851 0.366667
0.363948 0.366667
0.364046 0.366667
0.364143 0.366667
0.364240 0.366667
0.364338 0.366667
0.364435 0.366667
0.364532 0.366667
0.364630 0.366667
0.364727 0.366667
0.364825 0.366667
0.364922 0.366667
0.365019 0.366667
0.365117 0.366667
0.365214 0.366667
0.365311 0.366667
0.365409 0.366667
0.365506 0.366667
0.365603 0.366667
0.365701 0.366667
0.365798 0.366667
0.365895 0.366667
0.365993 0.361111
0.366090 0.361111
0.366188 0.361111
0.366285 0.361111
0.366382 0.361111
0.366480 0.361111
0.366577 0.361111
0.366674 0.361111
0.366772 0.361111
0.366869 0.361111
0.366966 0.361111
0.367064 0.361111
0.367161 0.361111
0.367258 0.361111
0.367356 0.361111
0.367453 0.361111
0.367551 0.358333
0.367648 0.355556
0.367745 0.355556
0.367843 0.355556
0.367940 0.355556
0.368037 0.355556
0.368135 0.355556
0.368232 0.355556
0.368329 0.355556
0.368427 0.355556
0.368524 0.355556
0.368621 0.355556
0.368719 0.355556
0.368816 0.355556
0.368914 0.355556
0.369011 0.355556
0.369108 0.355556
0.369206 0.355556
0.369303 0.355556
0.369400 0.355556
0.369498 0.355556
0.369595 0.352778
0.369692 0.352778
0.369790 0.352778
0.369887 0.352778
0.369984 0.352778
0.370082 0.352778
0.370179 0.352778
0.370277 0.352778
0.370374 0.352778
0.370471 0.352778
0.370569 0.352778
0.370666 0.352778
0.370763 0.352778
0.370861 0.352778
0.370958 0.352778
0.371055 0.352778
0.371153 0.352778
0.371250 0.352778
0.371347 0.352778
0.371445 0.352778
0.371542 0.352778
0.371640 0.352778
0.371737 0.352778
0.371834 0.352778
0.371932 0.352778
0.372029 0.352778
0.372126 0.352778
0.372224 0.352778
0.372321 0.352778
0.372418 0.352778
0.372516 0.352778
0.372613 0.352778
0.372710 0.352778
0.372808 0.352778
0.372905 0.352778
0.373003 0.352778
0.373100 0.352778
0.373197 0.352778
0.373295 0.352778
0.373392 0.352778
0.373489 0.352778
0.373587 0.352778
0.373684 0.352778
0.373781 0.352778
0.373879 0.352778
0.373976 0.352778
0.374073 0.352778
0.374171 0.352778
0.374268 0.352778
0.374366 0.352778
0.374463 0.352778
0.374560 0.352778
0.374658 0.352778
0.374755 0.352778
0.374852 0.352778
0.374950 0.352778
0.375047 0.352778
0.375144 0.352778
0.375242 0.352778
0.375339 0.352778
0.375436 0.352778
0.375534 0.352778
0.375631 0.352778
0.375729 0.352778
0.375826 0.352778
0.375923 0.352778
0.376021 0.352778
0.376118 0.352778
0.376215 0.352778
0.376313 0.352778
0.376410 0.352778
0.376507 0.352778
0.376605 0.352778
0.376702 0.352778
0.376799 0.352778
0.376897 0.352778
0.376994 0.352778
0.377092 0.352778
0.377189 0.352778
0.377286 0.352778
0.377384 0.352778
0.377481 0.352778
0.377578 0.352778
0.377676 0.352778
0.377773 0.352778
0.377870 0.350000
0.377968 0.350000
0.378065 0.350000
0.378162 0.350000
0.378260 0.350000
0.378357 0.350000
0.378455 0.350000
0.378552 0.350000
0.378649 0.350000
0.378747 0.350000
0.378844 0.350000
0.378941 0.350000
0.379039 0.350000
0.379136 0.350000
0.379233 0.350000
0.379331 0.350000
0.379428 0.347222
0.379525 0.347222
0.379623 0.347222
0.379720 0.347222
0.379818 0.347222
0.379915 0.347222
0.380012 0.347222
0.380110 0.347222
0.380207 0.347222
0.380304 0.347222
0.380402 0.347222
0.380499 0.347222
0.380596 0.347222
0.380694 0.347222
0.380791 0.347222
0.380888 0.347222
0.380986 0.347222
0.381083 0.347222
0.381181 0.347222
0.381278 0.344444
0.381375 0.344444
0.381473 0.341667
0.381570 0.341667
0.381667 0.341667
0.381765 0.341667
0.381862 0.341667
0.381959 0.341667
0.382057 0.341667
0.382154 0.341667
0.382251 0.341667
0.382349 0.341667
0.382446 0.341667
0.382544 0.341667
0.382641 0.341667
0.382738 0.341667
0.382836 0.341667
0.382933 0.341667
0.383030 0.341667
0.383128 0.341667
0.383225 0.341667
0.383322 0.341667
0.383420 0.341667
0.383517 0.341667
0.383614 0.341667
0.383712 0.341667
0.383809 0.341667
0.383907 0.341667
0.384004 0.341667
0.384101 0.341667
0.384199 0.341667
0.384296 0.341667
0.384393 0.341667
0.384491 0.341667
0.384588 0.341667
0.384685 0.341667
0.384783 0.341667
0.384880 0.341667
0.384977 0.341667
0.385075 0.341667
0.385172 0.341667
0.385270 0.341667
0.385367 0.341667
0.385464 0.341667
0.385562 0.341667
0.385659 0.341667
0.385756 0.341667
0.385854 0.341667
0.385951 0.341667
0.386048 0.341667
0.386146 0.341667
0.386243 0.341667
0.386340 0.341667
0.386438 0.341667
0.386535 0.341667
0.386633 0.341667
0.386730 0.341667
0.386827 0.341667
0.386925 0.341667
0.387022 0.341667
0.387119 0.341667
0.387217 0.341667
0.387314 0.341667
0.387411 0.341667
0.387509 0.341667
0.387606 0.338889
0.387703 0.338889
0.387801 0.336111
0.387898 0.336111
0.387996 0.336111
0.388093 0.336111
0.388190 0.336111
0.388288 0.336111
0.388385 0.336111
0.388482 0.336111
0.388580 0.336111
0.388677 0.336111
0.388774 0.333333
0.388872 0.333333
0.388969 0.333333
0.389066 0.333333
0.389164 0.333333
0.389261 0.333333
0.389359 0.333333
0.389456 0.333333
0.389553 0.333333
0.389651 0.333333
0.389748 0.333333
0.389845 0.333333
0.389943 0.333333
0.390040 0.333333
0.390137 0.333333
0.390235 0.333333
0.390332 0.333333
0.390429 0.333333
0.390527 0.333333
0.390624 0.333333
0.390722 0.333333
0.390819 0.333333
0.390916 0.333333
0.391014 0.333333
0.391111 0.333333
0.391208 0.333333
0.391306 0.333333
0.391403 0.333333
0.391500 0.333333
0.391598 0.333333
0.391695 0.333333
0.391792 0.333333
0.391890 0.330556
0.391987 0.330556
0.392085 0.330556
0.392182 0.330556
0.392279 0.330556
0.392377 0.330556
0.392474 0.330556
0.392571 0.330556
0.392669 0.330556
0.392766 0.330556
0.392863 0.330556
0.392961 0.330556
0.393058 0.330556
0.393156 0.330556
0.393253 0.330556
0.393350 0.330556
0.393448 0.330556
0.393545 0.327778
0.393642 0.327778
0.393740 0.327778
0.393837 0.327778
0.393934 0.327778
0.394032 0.327778
0.394129 0.327778
0.394226 0.327778
0.394324 0.327778
0.394421 0.327778
0.394519 0.327778
0.394616 0.325000
0.394713 0.325000
0.394811 0.325000
0.394908 0.325000
0.395005 0.325000
0.395103 0.325000
0.395200 0.325000
0.395297 0.325000
0.395395 0.325000
0.395492 0.322222
0.395589 0.322222
0.395687 0.322222
0.395784 0.322222
0.395882 0.322222
0.395979 0.322222
0.396076 0.322222
0.396174 0.322222
0.396271 0.322222
0.396368 0.322222
0.396466 0.322222
0.396563 0.322222
0.396660 0.319444
0.396758 0.319444
0.396855 0.319444
0.396952 0.319444
0.397050 0.319444
0.397147 0.319444
0.397245 0.319444
0.397342 0.319444
0.397439 0.316667
0.397537 0.316667
0.397634 0.316667
0.397731 0.316667
0.397829 0.313889
0.397926 0.313889
0.398023 0.313889
0.398121 0.313889
0.398218 0.313889
0.398315 0.313889
0.398413 0.313889
0.398510 0.313889
0.398608 0.313889
0.398705 0.311111
0.398802 0.311111
0.398900 0.311111
0.398997 0.311111
0.399094 0.311111
0.399192 0.311111
0.399289 0.311111
0.399386 0.311111
0.399484 0.311111
0.399581 0.311111
0.399678 0.311111
0.399776 0.311111
0.399873 0.311111
0.399971 0.311111
0.400068 0.311111
0.400165 0.311111
0.400263 0.311111
0.400360 0.311111
0.400457 0.311111
0.400555 0.311111
0.400652 0.311111
0.400749 0.311111
0.400847 0.311111
0.400944 0.311111
0.401041 0.311111
0.401139 0.311111
0.401236 0.311111
0.401334 0.311111
0.401431 0.311111
0.401528 0.311111
0.401626 0.311111
0.401723 0.311111
0.401820 0.311111
0.401918 0.311111
0.402015 0.311111
0.402112 0.311111
0.402210 0.311111
0.402307 0.311111
0.402404 0.308333
0.402502 0.308333
0.402599 0.308333
0.402697 0.308333
0.402794 0.308333
0.402891 0.308333
0.402989 0.308333
0.403086 0.308333
0.403183 0.308333
0.403281 0.308333
0.403378 0.308333
0.403475 0.308333
0.403573 0.305556
0.403670 0.305556
0.403767 0.305556
0.403865 0.305556
0.403962 0.305556
0.404060 0.302778
0.404157 0.302778
0.404254 0.302778
0.404352 0.302778
0.404449 0.302778
0.404546 0.302778
0.404644 0.302778
0.404741 0.302778
0.404838 0.302778
0.404936 0.302778
0.405033 0.302778
0.405130 0.302778
0.405228 0.302778
0.405325 0.302778
0.405423 0.302778
0.405520 0.302778
0.405617 0.302778
0.405715 0.302778
0.405812 0.302778
0.405909 0.302778
0.406007 0.302778
0.406104 0.302778
0.406201 0.302778
0.406299 0.302778
0.406396 0.302778
0.406493 0.302778
0.406591 0.302778
0.406688 0.302778
0.406786 0.302778
0.406883 0.302778
0.406980 0.302778
0.407078 0.302778
0.407175 0.302778
0.407272 0.302778
0.407370 0.302778
0.407467 0.302778
0.407564 0.302778
0.407662 0.302778
0.407759 0.302778
0.407856 0.302778
0.407954 0.302778
0.408051 0.302778
0.408149 0.302778
0.408246 0.302778
0.408343 0.302778
0.408441 0.302778
0.408538 0.302778
0.408635 0.302778
0.408733 0.302778
0.408830 0.302778
0.408927 0.302778
0.409025 0.302778
0.409122 0.302778
0.409219 0.302778
0.409317 0.302778
0.409414 0.302778
0.409512 0.302778
0.409609 0.302778
0.409706 0.302778
0.409804 0.302778
0.409901 0.302778
0.409998 0.302778
0.410096 0.302778
0.410193 0.302778
0.410290 0.302778
0.410388 0.302778
0.410485 0.302778
0.410582 0.302778
0.410680 0.302778
0.410777 0.302778
0.410875 0.302778
0.410972 0.302778
0.411069 0.302778
0.411167 0.302778
0.411264 0.302778
0.411361 0.302778
0.411459 0.302778
0.411556 0.302778
0.411653 0.302778
0.411751 0.302778
0.411848 0.302778
0.411945 0.302778
0.412043 0.302778
0.412140 0.302778
0.412238 0.302778
0.412335 0.302778
0.412432 0.302778
0.412530 0.302778
0.412627 0.302778
0.412724 0.302778
0.412822 0.302778
0.412919 0.302778
0.413016 0.302778
0.413114 0.302778
0.413211 0.302778
0.413308 0.302778
0.413406 0.302778
0.413503 0.302778
0.413601 0.300000
0.413698 0.300000
0.413795 0.300000
0.413893 0.300000
0.413990 0.300000
0.414087 0.300000
0.414185 0.300000
0.414282 0.297222
0.414379 0.294444
0.414477 0.294444
0.414574 0.294444
0.414671 0.294444
0.414769 0.294444
0.414866 0.294444
0.414964 0.294444
0.415061 0.294444
0.415158 0.291667
0.415256 0.291667
0.415353 0.291667
0.415450 0.291667
0.415548 0.291667
0.415645 0.291667
0.415742 0.291667
0.415840 0.291667
0.415937 0.291667
0.416034 0.291667
0.416132 0.288889
0.416229 0.288889
0.416327 0.288889
0.416424 0.288889
0.416521 0.288889
0.416619 0.288889
0.416716 0.288889
0.416813 0.288889
0.416911 0.288889
0.417008 0.288889
0.417105 0.288889
0.417203 0.288889
0.417300 0.288889
0.417397 0.288889
0.417495 0.288889
0.417592 0.288889
0.417690 0.288889
0.417787 0.288889
0.417884 0.288889
0.417982 0.288889
0.418079 0.286111
0.418176 0.286111
0.418274 0.286111
0.418371 0.286111
0.418468 0.286111
0.418566 0.286111
0.418663 0.283333
0.418760 0.283333
0.418858 0.283333
0.418955 0.283333
0.419053 0.283333
0.419150 0.283333
0.419247 0.283333
0.419345 0.283333
0.419442 0.283333
0.419539 0.283333
0.419637 0.283333
0.419734 0.283333
0.419831 0.283333
0.419929 0.283333
0.420026 0.283333
0.420123 0.283333
0.420221 0.283333
0.420318 0.283333
0.420416 0.283333
0.420513 0.283333
0.420610 0.283333
0.420708 0.283333
0.420805 0.283333
0.420902 0.283333
0.421000 0.283333
0.421097 0.283333
0.421194 0.283333
0.421292 0.283333
0.421389 0.283333
0.421486 0.283333
0.421584 0.283333
0.421681 0.283333
0.421779 0.283333
0.421876 0.283333
0.421973 0.283333
0.422071 0.283333
0.422168 0.283333
0.422265 0.283333
0.422363 0.283333
0.422460 0.283333
0.422557 0.283333
0.422655 0.283333
0.422752 0.283333
0.422849 0.280556
0.422947 0.280556
0.423044 0.280556
0.423142 0.280556
0.423239 0.280556
0.423336 0.280556
0.423434 0.280556
0.423531 0.280556
0.423628 0.280556
0.423726 0.280556
0.423823 0.280556
0.423920 0.280556
0.424018 0.280556
0.424115 0.280556
0.424212 0.280556
0.424310 0.280556
0.424407 0.280556
0.424505 0.280556
0.424602 0.280556
0.424699 0.280556
0.424797 0.280556
0.424894 0.280556
0.424991 0.280556
0.425089 0.280556
0.425186 0.280556
0.425283 0.280556
0.425381 0.280556
0.425478 0.280556
0.425575 0.280556
0.425673 0.280556
0.425770 0.280556
0.425868 0.280556
0.425965 0.280556
0.426062 0.280556
0.426160 0.280556
0.426257 0.280556
0.426354 0.280556
0.426452 0.280556
0.426549 0.280556
0.426646 0.280556
0.426744 0.280556
0.426841 0.280556
0.426938 0.280556
0.427036 0.280556
0.427133 0.280556
0.427231 0.280556
0.427328 0.280556
0.427425 0.280556
0.427523 0.280556
0.427620 0.280556
0.427717 0.280556
0.427815 0.277778
0.427912 0.277778
0.428009 0.277778
0.428107 0.277778
0.428204 0.277778
0.428301 0.277778
0.428399 0.277778
0.428496 0.277778
0.428594 0.277778
0.428691 0.277778
0.428788 0.277778
0.428886 0.277778
0.428983 0.277778
0.429080 0.277778
0.429178 0.277778
0.429275 0.277778
0.429372 0.277778
0.429470 0.277778
0.429567 0.277778
0.429664 0.277778
0.429762 0.277778
0.429859 0.277778
0.429957 0.277778
0.430054 0.277778
0.430151 0.277778
0.430249 0.277778
0.430346 0.277778
0.430443 0.277778
0.430541 0.277778
0.430638 0.277778
0.430735 0.277778
0.430833 0.277778
0.430930 0.277778
0.431028 0.277778
0.431125 0.277778
0.431222 0.277778
0.431320 0.277778
0.431417 0.277778
0.431514 0.277778
0.431612 0.277778
0.431709 0.277778
0.431806 0.277778
0.431904 0.277778
0.432001 0.277778
0.432098 0.277778
0.432196 0.275000
0.432293 0.275000
0.432391 0.275000
0.432488 0.275000
0.432585 0.275000
0.432683 0.275000
0.432780 0.275000
0.432877 0.275000
0.432975 0.275000
0.433072 0.275000
0.433169 0.275000
0.433267 0.275000
0.433364 0.275000
0.433461 0.275000
0.433559 0.275000
0.433656 0.275000
0.433754 0.275000
0.433851 0.275000
0.433948 0.275000
0.434046 0.275000
0.434143 0.275000
0.434240 0.275000
0.434338 0.275000
0.434435 0.275000
0.434532 0.275000
0.434630 0.275000
0.434727 0.275000
0.434824 0.275000
0.434922 0.275000
0.435019 0.275000
0.435117 0.275000
0.435214 0.275000
0.435311 0.275000
0.435409 0.275000
0.435506 0.275000
0.435603 0.275000
0.435701 0.275000
0.435798 0.275000
0.435895 0.275000
0.435993 0.275000
0.436090 0.275000
0.436187 0.275000
0.436285 0.275000
0.436382 0.275000
0.436480 0.275000
0.436577 0.275000
0.436674 0.275000
0.436772 0.275000
0.436869 0.275000
0.436966 0.275000
0.437064 0.275000
0.437161 0.275000
0.437258 0.275000
0.437356 0.275000
0.437453 0.275000
0.437550 0.275000
0.437648 0.275000
0.437745 0.275000
0.437843 0.272222
0.437940 0.272222
0.438037 0.272222
0.438135 0.272222
0.438232 0.272222
0.438329 0.272222
0.438427 0.272222
0.438524 0.272222
0.438621 0.272222
0.438719 0.272222
0.438816 0.272222
0.438913 0.272222
0.439011 0.272222
0.439108 0.272222
0.439206 0.272222
0.439303 0.272222
0.439400 0.272222
0.439498 0.272222
0.439595 0.269444
0.439692 0.269444
0.439790 0.269444
0.439887 0.269444
0.439984 0.269444
0.440082 0.269444
0.440179 0.269444
0.440276 0.269444
0.440374 0.269444
0.440471 0.269444
0.440569 0.269444
0.440666 0.269444
0.440763 0.269444
0.440861 0.269444
0.440958 0.269444
0.441055 0.269444
0.441153 0.269444
0.441250 0.269444
0.441347 0.269444
0.441445 0.269444
0.441542 0.269444
0.441639 0.269444
0.441737 0.269444
0.441834 0.269444
0.441932 0.269444
0.442029 0.269444
0.442126 0.269444
0.442224 0.269444
0.442321 0.269444
0.442418 0.269444
0.442516 0.269444
0.442613 0.269444
0.442710 0.269444
0.442808 0.269444
0.442905 0.269444
0.443002 0.269444
0.443100 0.269444
0.443197 0.269444
0.443295 0.269444
0.443392 0.269444
0.443489 0.269444
0.443587 0.269444
0.443684 0.269444
0.443781 0.269444
0.443879 0.269444
0.443976 0.269444
0.444073 0.269444
0.444171 0.269444
0.444268 0.269444
0.444365 0.269444
0.444463 0.269444
0.444560 0.269444
0.444658 0.269444
0.444755 0.269444
0.444852 0.266667
0.444950 0.266667
0.445047 0.266667
0.445144 0.266667
0.445242 0.266667
0.445339 0.266667
0.445436 0.266667
0.445534 0.266667
0.445631 0.266667
0.445728 0.266667
0.445826 0.266667
0.445923 0.266667
0.446021 0.266667
0.446118 0.266667
0.446215 0.266667
0.446313 0.266667
0.446410 0.266667
0.446507 0.266667
0.446605 0.266667
0.446702 0.266667
0.446799 0.266667
0.446897 0.266667
0.446994 0.266667
0.447091 0.266667
0.447189 0.266667
0.447286 0.266667
0.447384 0.266667
0.447481 0.266667
0.447578 0.266667
0.447676 0.266667
0.447773 0.266667
0.447870 0.263889
0.447968 0.263889
0.448065 0.263889
0.448162 0.263889
0.448260 0.263889
0.448357 0.263889
0.448454 0.263889
0.448552 0.263889
0.448649 0.263889
0.448747 0.263889
0.448844 0.263889
0.448941 0.263889
0.449039 0.263889
0.449136 0.263889
0.449233 0.263889
0.449331 0.263889
0.449428 0.263889
0.449525 0.263889
0.449623 0.263889
0.449720 0.263889
0.449817 0.263889
0.449915 0.263889
0.450012 0.263889
0.450110 0.263889
0.450207 0.263889
0.450304 0.263889
0.450402 0.263889
0.450499 0.263889
0.450596 0.263889
0.450694 0.263889
0.450791 0.263889
0.450888 0.263889
0.450986 0.263889
0.451083 0.263889
0.451180 0.263889
0.451278 0.263889
0.451375 0.263889
0.451473 0.263889
0.451570 0.263889
0.451667 0.263889
0.451765 0.263889
0.451862 0.263889
0.451959 0.263889
0.452057 0.263889
0.452154 0.263889
0.452251 0.263889
0.452349 0.263889
0.452446 0.263889
0.452543 0.263889
0.452641 0.263889
0.452738 0.263889
0.452836 0.263889
0.452933 0.261111
0.453030 0.261111
0.453128 0.261111
0.453225 0.261111
0.453322 0.261111
0.453420 0.261111
0.453517 0.261111
0.453614 0.261111
0.453712 0.261111
0.453809 0.261111
0.453906 0.261111
0.454004 0.261111
0.454101 0.261111
0.454199 0.261111
0.454296 0.261111
0.454393 0.261111
0.454491 0.261111
0.454588 0.261111
0.454685 0.261111
0.454783 0.261111
0.454880 0.261111
0.454977 0.261111
0.455075 0.261111
0.455172 0.261111
0.455269 0.261111
0.455367 0.261111
0.455464 0.261111
0.455562 0.261111
0.455659 0.261111
0.455756 0.261111
0.455854 0.261111
0.455951 0.261111
0.456048 0.261111
0.456146 0.261111
0.456243 0.258333
0.456340 0.258333
0.456438 0.258333
0.456535 0.258333
0.456632 0.258333
0.456730 0.258333
0.456827 0.258333
0.456925 0.258333
0.457022 0.258333
0.457119 0.258333
0.457217 0.258333
0.457314 0.258333
0.457411 0.258333
0.457509 0.258333
0.457606 0.258333
0.457703 0.258333
0.457801 0.258333
0.457898 0.258333
0.457995 0.258333
0.458093 0.258333
0.458190 0.258333
0.458288 0.258333
0.458385 0.258333
0.458482 0.258333
0.458580 0.258333
0.458677 0.258333
0.458774 0.258333
0.458872 0.258333
0.458969 0.258333
0.459066 0.258333
0.459164 0.258333
0.459261 0.258333
0.459358 0.258333
0.459456 0.258333
0.459553 0.258333
0.459651 0.258333
0.459748 0.258333
0.459845 0.258333
0.459943 0.258333
0.460040 0.258333
0.460137 0.258333
0.460235 0.258333
0.460332 0.258333
0.460429 0.258333
0.460527 0.258333
0.460624 0.255556
0.460721 0.255556
0.460819 0.255556
0.460916 0.255556
0.461014 0.255556
0.461111 0.255556
0.461208 0.255556
0.461306 0.255556
0.461403 0.255556
0.461500 0.255556
0.461598 0.255556
0.461695 0.255556
0.461792 0.255556
0.461890 0.255556
0.461987 0.255556
0.462084 0.255556
0.462182 0.255556
0.462279 0.255556
0.462377 0.255556
0.462474 0.255556
0.462571 0.255556
0.462669 0.255556
0.462766 0.255556
0.462863 0.255556
0.462961 0.255556
0.463058 0.255556
0.463155 0.255556
0.463253 0.255556
0.463350 0.255556
0.463447 0.255556
0.463545 0.255556
0.463642 0.255556
0.463740 0.255556
0.463837 0.255556
0.463934 0.255556
0.464032 0.255556
0.464129 0.255556
0.464226 0.255556
0.464324 0.255556
0.464421 0.252778
0.464518 0.252778
0.464616 0.252778
0.464713 0.252778
0.464810 0.252778
0.464908 0.252778
0.465005 0.252778
0.465103 0.252778
0.465200 0.252778
0.465297 0.252778
0.465395 0.252778
0.465492 0.252778
0.465589 0.252778
0.465687 0.252778
0.465784 0.252778
0.465881 0.252778
0.465979 0.252778
0.466076 0.252778
0.466173 0.252778
0.466271 0.252778
0.466368 0.252778
0.466466 0.252778
0.466563 0.252778
0.466660 0.252778
0.466758 0.252778
0.466855 0.252778
0.466952 0.252778
0.467050 0.252778
0.467147 0.252778
0.467244 0.252778
0.467342 0.252778
0.467439 0.252778
0.467536 0.252778
0.467634 0.252778
0.467731 0.252778
0.467829 0.252778
0.467926 0.252778
0.468023 0.252778
0.468121 0.252778
0.468218 0.252778
0.468315 0.252778
0.468413 0.252778
0.468510 0.252778
0.468607 0.252778
0.468705 0.252778
0.468802 0.252778
0.468900 0.252778
0.468997 0.252778
0.469094 0.252778
0.469192 0.252778
0.469289 0.252778
0.469386 0.250000
0.469484 0.250000
0.469581 0.250000
0.469678 0.250000
0.469776 0.250000
0.469873 0.250000
0.469970 0.250000
0.470068 0.250000
0.470165 0.250000
0.470263 0.250000
0.470360 0.250000
0.470457 0.250000
0.470555 0.250000
0.470652 0.250000
0.470749 0.250000
0.470847 0.250000
0.470944 0.250000
0.471041 0.250000
0.471139 0.250000
0.471236 0.250000
0.471333 0.250000
0.471431 0.250000
0.471528 0.250000
0.471626 0.250000
0.471723 0.250000
0.471820 0.250000
0.471918 0.250000
0.472015 0.250000
0.472112 0.250000
0.472210 0.250000
0.472307 0.250000
0.472404 0.250000
0.472502 0.250000
0.472599 0.247222
0.472696 0.244444
0.472794 0.244444
0.472891 0.244444
0.472989 0.241667
0.473086 0.241667
0.473183 0.241667
0.473281 0.241667
0.473378 0.241667
0.473475 0.241667
0.473573 0.241667
0.473670 0.241667
0.473767 0.241667
0.473865 0.241667
0.473962 0.241667
0.474059 0.241667
0.474157 0.241667
0.474254 0.241667
0.474352 0.241667
0.474449 0.241667
0.474546 0.241667
0.474644 0.241667
0.474741 0.241667
0.474838 0.241667
0.474936 0.241667
0.475033 0.241667
0.475130 0.241667
0.475228 0.241667
0.475325 0.241667
0.475422 0.241667
0.475520 0.241667
0.475617 0.241667
0.475715 0.241667
0.475812 0.241667
0.475909 0.241667
0.476007 0.241667
0.476104 0.241667
0.476201 0.241667
0.476299 0.241667
0.476396 0.241667
0.476493 0.241667
0.476591 0.241667
0.476688 0.241667
0.476785 0.241667
0.476883 0.241667
0.476980 0.241667
0.477078 0.241667
0.477175 0.241667
0.477272 0.241667
0.477370 0.241667
0.477467 0.241667
0.477564 0.241667
0.477662 0.241667
0.477759 0.241667
0.477856 0.241667
0.477954 0.241667
0.478051 0.241667
0.478148 0.241667
0.478246 0.241667
0.478343 0.241667
0.478441 0.241667
0.478538 0.241667
0.478635 0.241667
0.478733 0.241667
0.478830 0.241667
0.478927 0.241667
0.479025 0.241667
0.479122 0.241667
0.479219 0.241667
0.479317 0.241667
0.479414 0.241667
0.479511 0.241667
0.479609 0.241667
0.479706 0.241667
0.479804 0.241667
0.479901 0.241667
0.479998 0.241667
0.480096 0.241667
0.480193 0.241667
0.480290 0.238889
0.480388 0.238889
0.480485 0.238889
0.480582 0.238889
0.480680 0.238889
0.480777 0.238889
0.480874 0.238889
0.480972 0.238889
0.481069 0.238889
0.481167 0.236111
0.481264 0.236111
0.481361 0.236111
0.481459 0.236111
0.481556 0.236111
0.481653 0.236111
0.481751 0.236111
0.481848 0.236111
0.481945 0.236111
0.482043 0.236111
0.482140 0.236111
0.482237 0.233333
0.482335 0.233333
0.482432 0.233333
0.482530 0.233333
0.482627 0.233333
0.482724 0.233333
0.482822 0.233333
0.482919 0.233333
0.483016 0.233333
0.483114 0.233333
0.483211 0.233333
0.483308 0.233333
0.483406 0.233333
0.483503 0.233333
0.483600 0.233333
0.483698 0.233333
0.483795 0.233333
0.483893 0.233333
0.483990 0.233333
0.484087 0.230556
0.484185 0.230556
0.484282 0.230556
0.484379 0.230556
0.484477 0.230556
0.484574 0.230556
0.484671 0.230556
0.484769 0.230556
0.484866 0.230556
0.484963 0.230556
0.485061 0.227778
0.485158 0.227778
0.485256 0.227778
0.485353 0.227778
0.485450 0.227778
0.485548 0.227778
0.485645 0.227778
0.485742 0.227778
0.485840 0.227778
0.485937 0.227778
0.486034 0.227778
0.486132 0.227778
0.486229 0.227778
0.486326 0.227778
0.486424 0.227778
0.486521 0.227778
0.486619 0.227778
0.486716 0.227778
0.486813 0.227778
0.486911 0.227778
0.487008 0.227778
0.487105 0.227778
0.487203 0.227778
0.487300 0.227778
0.487397 0.227778
0.487495 0.227778
0.487592 0.227778
0.487689 0.227778
0.487787 0.227778
0.487884 0.227778
0.487982 0.227778
0.488079 0.227778
0.488176 0.225000
0.488274 0.225000
0.488371 0.225000
0.488468 0.225000
0.488566 0.225000
0.488663 0.225000
0.488760 0.225000
0.488858 0.225000
0.488955 0.225000
0.489052 0.225000
0.489150 0.225000
0.489247 0.225000
0.489345 0.225000
0.489442 0.225000
0.489539 0.225000
0.489637 0.225000
0.489734 0.225000
0.489831 0.225000
0.489929 0.225000
0.490026 0.225000
0.490123 0.225000
0.490221 0.225000
0.490318 0.225000
0.490415 0.225000
0.490513 0.225000
0.490610 0.225000
0.490708 0.225000
0.490805 0.225000
0.490902 0.225000
0.491000 0.225000
0.491097 0.225000
0.491194 0.225000
0.491292 0.225000
0.491389 0.225000
0.491486 0.225000
0.491584 0.225000
0.491681 0.225000
0.491778 0.225000
0.491876 0.225000
0.491973 0.225000
0.492071 0.225000
0.492168 0.225000
0.492265 0.225000
0.492363 0.225000
0.492460 0.225000
0.492557 0.225000
0.492655 0.225000
0.492752 0.225000
0.492849 0.225000
0.492947 0.225000
0.493044 0.225000
0.493141 0.225000
0.493239 0.225000
0.493336 0.225000
0.493434 0.225000
0.493531 0.225000
0.493628 0.225000
0.493726 0.225000
0.493823 0.225000
0.493920 0.225000
0.494018 0.225000
0.494115 0.225000
0.494212 0.225000
0.494310 0.225000
0.494407 0.225000
0.494504 0.225000
0.494602 0.225000
0.494699 0.225000
0.494797 0.225000
0.494894 0.225000
0.494991 0.225000
0.495089 0.225000
0.495186 0.225000
0.495283 0.225000
0.495381 0.225000
0.495478 0.225000
0.495575 0.225000
0.495673 0.225000
0.495770 0.225000
0.495867 0.225000
0.495965 0.225000
0.496062 0.225000
0.496160 0.225000
0.496257 0.225000
0.496354 0.225000
0.496452 0.225000
0.496549 0.225000
0.496646 0.225000
0.496744 0.225000
0.496841 0.225000
0.496938 0.225000
0.497036 0.225000
0.497133 0.225000
0.497230 0.225000
0.497328 0.225000
0.497425 0.225000
0.497523 0.225000
0.497620 0.225000
0.497717 0.225000
0.497815 0.225000
0.497912 0.225000
0.498009 0.222222
0.498107 0.222222
0.498204 0.222222
0.498301 0.222222
0.498399 0.222222
0.498496 0.222222
0.498593 0.222222
0.498691 0.222222
0.498788 0.222222
0.498886 0.222222
0.498983 0.222222
0.499080 0.222222
0.499178 0.222222
0.499275 0.222222
0.499372 0.219444
0.499470 0.219444
0.499567 0.219444
0.499664 0.219444
0.499762 0.219444
0.499859 0.219444
0.499956 0.219444
0.500054 0.219444
0.500151 0.219444
0.500249 0.219444
0.500346 0.219444
0.500443 0.219444
0.500541 0.219444
0.500638 0.219444
0.500735 0.219444
0.500833 0.219444
0.500930 0.219444
0.501027 0.219444
0.501125 0.219444
0.501222 0.219444
0.501319 0.219444
0.501417 0.219444
0.501514 0.219444
0.501612 0.219444
0.501709 0.219444
0.501806 0.219444
0.501904 0.219444
0.502001 0.219444
0.502098 0.219444
0.502196 0.219444
0.502293 0.219444
0.502390 0.219444
0.502488 0.219444
0.502585 0.219444
0.502682 0.219444
0.502780 0.219444
0.502877 0.219444
0.502975 0.219444
0.503072 0.219444
0.503169 0.219444
0.503267 0.219444
0.503364 0.219444
0.503461 0.219444
0.503559 0.219444
0.503656 0.216667
0.503753 0.216667
0.503851 0.216667
0.503948 0.216667
0.504045 0.216667
0.504143 0.213889
0.504240 0.213889
0.504338 0.213889
0.504435 0.213889
0.504532 0.213889
0.504630 0.213889
0.504727 0.213889
0.504824 0.213889
0.504922 0.213889
0.505019 0.213889
0.505116 0.213889
0.505214 0.213889
0.505311 0.213889
0.505408 0.213889
0.505506 0.213889
0.505603 0.213889
0.505701 0.213889
0.505798 0.213889
0.505895 0.213889
0.505993 0.213889
0.506090 0.213889
0.506187 0.213889
0.506285 0.213889
0.506382 0.211111
0.506479 0.211111
0.506577 0.211111
0.506674 0.211111
0.506772 0.211111
0.506869 0.211111
0.506966 0.211111
0.507064 0.211111
0.507161 0.211111
0.507258 0.211111
0.507356 0.211111
0.507453 0.211111
0.507550 0.211111
0.507648 0.211111
0.507745 0.211111
0.507842 0.211111
0.507940 0.211111
0.508037 0.211111
0.508135 0.211111
0.508232 0.211111
0.508329 0.211111
0.508427 0.211111
0.508524 0.208333
0.508621 0.208333
0.508719 0.208333
0.508816 0.208333
0.508913 0.208333
0.509011 0.208333
0.509108 0.208333
0.509205 0.208333
0.509303 0.208333
0.509400 0.208333
0.509498 0.208333
0.509595 0.208333
0.509692 0.208333
0.509790 0.208333
0.509887 0.208333
0.509984 0.208333
0.510082 0.208333
0.510179 0.208333
0.510276 0.208333
0.510374 0.205556
0.510471 0.205556
0.510568 0.205556
0.510666 0.205556
0.510763 0.205556
0.510861 0.205556
0.510958 0.205556
0.511055 0.205556
0.511153 0.205556
0.511250 0.205556
0.511347 0.205556
0.511445 0.205556
0.511542 0.205556
0.511639 0.205556
0.511737 0.205556
0.511834 0.205556
0.511931 0.202778
0.512029 0.202778
0.512126 0.202778
0.512224 0.202778
0.512321 0.202778
0.512418 0.202778
0.512516 0.200000
0.512613 0.200000
0.512710 0.200000
0.512808 0.200000
0.512905 0.200000
0.513002 0.200000
0.513100 0.200000
0.513197 0.200000
0.513294 0.200000
0.513392 0.200000
0.513489 0.200000
0.513587 0.200000
0.513684 0.200000
0.513781 0.200000
0.513879 0.200000
0.513976 0.200000
0.514073 0.200000
0.514171 0.200000
0.514268 0.200000
0.514365 0.200000
0.514463 0.200000
0.514560 0.200000
0.514657 0.200000
0.514755 0.200000
0.514852 0.200000
0.514950 0.200000
0.515047 0.200000
0.515144 0.200000
0.515242 0.200000
0.515339 0.200000
0.515436 0.197222
0.515534 0.197222
0.515631 0.197222
0.515728 0.197222
0.515826 0.197222
0.515923 0.197222
0.516020 0.197222
0.516118 0.197222
0.516215 0.197222
0.516313 0.197222
0.516410 0.197222
0.516507 0.197222
0.516605 0.197222
0.516702 0.197222
0.516799 0.197222
0.516897 0.197222
0.516994 0.197222
0.517091 0.197222
0.517189 0.197222
0.517286 0.197222
0.517383 0.194444
0.517481 0.194444
0.517578 0.194444
0.517676 0.194444
0.517773 0.194444
0.517870 0.194444
0.517968 0.194444
0.518065 0.194444
0.518162 0.194444
0.518260 0.194444
0.518357 0.194444
0.518454 0.194444
0.518552 0.194444
0.518649 0.191667
0.518746 0.191667
0.518844 0.191667
0.518941 0.191667
0.519039 0.191667
0.519136 0.191667
0.519233 0.191667
0.519331 0.191667
0.519428 0.191667
0.519525 0.191667
0.519623 0.191667
0.519720 0.191667
0.519817 0.191667
0.519915 0.191667
0.520012 0.191667
0.520109 0.191667
0.520207 0.191667
0.520304 0.191667
0.520402 0.191667
0.520499 0.191667
0.520596 0.191667
0.520694 0.191667
0.520791 0.191667
0.520888 0.191667
0.520986 0.191667
0.521083 0.191667
0.521180 0.191667
0.521278 0.191667
0.521375 0.191667
0.521472 0.191667
0.521570 0.191667
0.521667 0.191667
0.521765 0.191667
0.521862 0.191667
0.521959 0.191667
0.522057 0.191667
0.522154 0.191667
0.522251 0.191667
0.522349 0.191667
0.522446 0.191667
0.522543 0.191667
0.522641 0.191667
0.522738 0.191667
0.522835 0.191667
0.522933 0.191667
0.523030 0.191667
0.523128 0.191667
0.523225 0.191667
0.523322 0.191667
0.523420 0.191667
0.523517 0.191667
0.523614 0.191667
0.523712 0.191667
0.523809 0.191667
0.523906 0.191667
0.524004 0.191667
0.524101 0.191667
0.524198 0.191667
0.524296 0.191667
0.524393 0.191667
0.524491 0.191667
0.524588 0.191667
0.524685 0.191667
0.524783 0.191667
0.524880 0.191667
0.524977 0.191667
0.525075 0.191667
0.525172 0.188889
0.525269 0.188889
0.525367 0.188889
0.525464 0.188889
0.525561 0.188889
0.525659 0.188889
0.525756 0.188889
0.525854 0.188889
0.525951 0.188889
0.526048 0.188889
0.526146 0.188889
0.526243 0.188889
0.526340 0.188889
0.526438 0.188889
0.526535 0.188889
0.526632 0.188889
0.526730 0.188889
0.526827 0.188889
0.526924 0.188889
0.527022 0.188889
0.527119 0.188889
0.527217 0.188889
0.527314 0.188889
0.527411 0.186111
0.527509 0.186111
0.527606 0.186111
0.527703 0.186111
0.527801 0.183333
0.527898 0.183333
0.527995 0.180556
0.528093 0.180556
0.528190 0.180556
0.528287 0.180556
0.528385 0.180556
0.528482 0.180556
0.528580 0.180556
0.528677 0.180556
0.528774 0.180556
0.528872 0.180556
0.528969 0.180556
0.529066 0.180556
0.529164 0.180556
0.529261 0.180556
0.529358 0.180556
0.529456 0.180556
0.529553 0.180556
0.529650 0.180556
0.529748 0.180556
0.529845 0.180556
0.529943 0.180556
0.530040 0.180556
0.530137 0.180556
0.530235 0.180556
0.530332 0.180556
0.530429 0.180556
0.530527 0.180556
0.530624 0.180556
0.530721 0.180556
0.530819 0.180556
0.530916 0.180556
0.531013 0.180556
0.531111 0.180556
0.531208 0.180556
0.531306 0.180556
0.531403 0.180556
0.531500 0.180556
0.531598 0.180556
0.531695 0.180556
0.531792 0.180556
0.531890 0.180556
0.531987 0.180556
0.532084 0.180556
0.532182 0.180556
0.532279 0.180556
0.532376 0.180556
0.532474 0.180556
0.532571 0.180556
0.532669 0.180556
0.532766 0.180556
0.532863 0.180556
0.532961 0.180556
0.533058 0.180556
0.533155 0.180556
0.533253 0.180556
0.533350 0.180556
0.533447 0.180556
0.533545 0.180556
0.533642 0.180556
0.533739 0.180556
0.533837 0.180556
0.533934 0.180556
0.534032 0.180556
0.534129 0.180556
0.534226 0.180556
0.534324 0.180556
0.534421 0.180556
0.534518 0.180556
0.534616 0.180556
0.534713 0.180556
0.534810 0.180556
0.534908 0.180556
0.535005 0.180556
0.535102 0.180556
0.535200 0.180556
0.535297 0.180556
0.535395 0.180556
0.535492 0.180556
0.535589 0.180556
0.535687 0.180556
0.535784 0.180556
0.535881 0.180556
0.535979 0.180556
0.536076 0.180556
0.536173 0.180556
0.536271 0.180556
0.536368 0.180556
0.536465 0.180556
0.536563 0.180556
0.536660 0.180556
0.536758 0.180556
0.536855 0.180556
0.536952 0.177778
0.537050 0.177778
0.537147 0.177778
0.537244 0.175000
0.537342 0.175000
0.537439 0.175000
0.537536 0.175000
0.537634 0.175000
0.537731 0.175000
0.537828 0.175000
0.537926 0.175000
0.538023 0.172222
0.538121 0.172222
0.538218 0.172222
0.538315 0.172222
0.538413 0.172222
0.538510 0.172222
0.538607 0.172222
0.538705 0.172222
0.538802 0.172222
0.538899 0.172222
0.538997 0.172222
0.539094 0.172222
0.539191 0.172222
0.539289 0.172222
0.539386 0.172222
0.539484 0.172222
0.539581 0.172222
0.539678 0.172222
0.539776 0.172222
0.539873 0.172222
0.539970 0.172222
0.540068 0.172222
0.540165 0.172222
0.540262 0.172222
0.540360 0.172222
0.540457 0.172222
0.540554 0.172222
0.540652 0.172222
0.540749 0.172222
0.540847 0.172222
0.540944 0.172222
0.541041 0.172222
0.541139 0.172222
0.541236 0.172222
0.541333 0.172222
0.541431 0.172222
0.541528 0.172222
0.541625 0.172222
0.541723 0.172222
0.541820 0.172222
0.541917 0.172222
0.542015 0.172222
0.542112 0.172222
0.542210 0.172222
0.542307 0.172222
0.542404 0.172222
0.542502 0.172222
0.542599 0.172222
0.542696 0.169444
0.542794 0.169444
0.542891 0.169444
0.542988 0.169444
0.543086 0.169444
0.543183 0.169444
0.543280 0.169444
0.543378 0.169444
0.543475 0.169444
0.543573 0.169444
0.543670 0.169444
0.543767 0.169444
0.543865 0.169444
0.543962 0.169444
0.544059 0.169444
0.544157 0.169444
0.544254 0.169444
0.544351 0.169444
0.544449 0.169444
0.544546 0.169444
0.544644 0.169444
0.544741 0.169444
0.544838 0.169444
0.544936 0.169444
0.545033 0.169444
0.545130 0.169444
0.545228 0.169444
0.545325 0.169444
0.545422 0.169444
0.545520 0.169444
0.545617 0.169444
0.545714 0.169444
0.545812 0.169444
0.545909 0.169444
0.546007 0.169444
0.546104 0.169444
0.546201 0.169444
0.546299 0.169444
0.546396 0.169444
0.546493 0.169444
0.546591 0.169444
0.546688 0.169444
0.546785 0.169444
0.546883 0.169444
0.546980 0.169444
0.547077 0.169444
0.547175 0.166667
0.547272 0.166667
0.547370 0.166667
0.547467 0.166667
0.547564 0.166667
0.547662 0.166667
0.547759 0.166667
0.547856 0.166667
0.547954 0.166667
0.548051 0.163889
0.548148 0.163889
0.548246 0.163889
0.548343 0.163889
0.548440 0.163889
0.548538 0.163889
0.548635 0.163889
0.548733 0.163889
0.548830 0.163889
0.548927 0.163889
0.549025 0.163889
0.549122 0.163889
0.549219 0.163889
0.549317 0.163889
0.549414 0.163889
0.549511 0.163889
0.549609 0.163889
0.549706 0.163889
0.549803 0.163889
0.549901 0.163889
0.549998 0.163889
0.550096 0.163889
0.550193 0.163889
0.550290 0.163889
0.550388 0.163889
0.550485 0.163889
0.550582 0.163889
0.550680 0.163889
0.550777 0.163889
0.550874 0.163889
0.550972 0.163889
0.551069 0.163889
0.551166 0.163889
0.551264 0.163889
0.551361 0.163889
0.551459 0.163889
0.551556 0.163889
0.551653 0.163889
0.551751 0.163889
0.551848 0.163889
0.551945 0.163889
0.552043 0.163889
0.552140 0.163889
0.552237 0.163889
0.552335 0.163889
0.552432 0.163889
0.552529 0.163889
0.552627 0.163889
0.552724 0.163889
0.552822 0.163889
0.552919 0.163889
0.553016 0.163889
0.553114 0.163889
0.553211 0.163889
0.553308 0.163889
0.553406 0.163889
0.553503 0.163889
0.553600 0.163889
0.553698 0.163889
0.553795 0.163889
0.553892 0.163889
0.553990 0.163889
0.554087 0.163889
0.554185 0.163889
0.554282 0.163889
0.554379 0.163889
0.554477 0.163889
0.554574 0.163889
0.554671 0.163889
0.554769 0.163889
0.554866 0.163889
0.554963 0.163889
0.555061 0.163889
0.555158 0.163889
0.555255 0.163889
0.555353 0.163889
0.555450 0.163889
0.555548 0.163889
0.555645 0.161111
0.555742 0.161111
0.555840 0.161111
0.555937 0.161111
0.556034 0.161111
0.556132 0.161111
0.556229 0.161111
0.556326 0.161111
0.556424 0.161111
0.556521 0.161111
0.556618 0.161111
0.556716 0.161111
0.556813 0.161111
0.556911 0.161111
0.557008 0.161111
0.557105 0.161111
0.557203 0.161111
0.557300 0.161111
0.557397 0.161111
0.557495 0.161111
0.557592 0.161111
0.557689 0.161111
0.557787 0.161111
0.557884 0.161111
0.557981 0.161111
0.558079 0.161111
0.558176 0.161111
0.558274 0.161111
0.558371 0.161111
0.558468 0.161111
0.558566 0.161111
0.558663 0.161111
0.558760 0.161111
0.558858 0.161111
0.558955 0.161111
0.559052 0.161111
0.559150 0.161111
0.559247 0.161111
0.559344 0.161111
0.559442 0.161111
0.559539 0.161111
0.559637 0.161111
0.559734 0.158333
0.559831 0.158333
0.559929 0.158333
0.560026 0.155556
0.560123 0.155556
0.560221 0.155556
0.560318 0.155556
0.560415 0.155556
0.560513 0.155556
0.560610 0.155556
0.560707 0.155556
0.560805 0.155556
0.560902 0.155556
0.561000 0.155556
0.561097 0.155556
0.561194 0.155556
0.561292 0.155556
0.561389 0.155556
0.561486 0.155556
0.561584 0.155556
0.561681 0.155556
0.561778 0.155556
0.561876 0.152778
0.561973 0.152778
0.562070 0.152778
0.562168 0.152778
0.562265 0.152778
0.562363 0.152778
0.562460 0.152778
0.562557 0.150000
0.562655 0.150000
0.562752 0.150000
0.562849 0.150000
0.562947 0.150000
0.563044 0.150000
0.563141 0.150000
0.563239 0.150000
0.563336 0.150000
0.563433 0.150000
0.563531 0.150000
0.563628 0.150000
0.563726 0.150000
0.563823 0.150000
0.563920 0.150000
0.564018 0.150000
0.564115 0.150000
0.564212 0.150000
0.564310 0.150000
0.564407 0.150000
0.564504 0.150000
0.564602 0.150000
0.564699 0.150000
0.564796 0.150000
0.564894 0.150000
0.564991 0.150000
0.565089 0.150000
0.565186 0.150000
0.565283 0.150000
0.565381 0.150000
0.565478 0.150000
0.565575 0.150000
0.565673 0.150000
0.565770 0.150000
0.565867 0.147222
0.565965 0.147222
0.566062 0.147222
0.566159 0.147222
0.566257 0.147222
0.566354 0.147222
0.566452 0.147222
0.566549 0.147222
0.566646 0.147222
0.566744 0.147222
0.566841 0.147222
0.566938 0.147222
0.567036 0.147222
0.567133 0.147222
0.567230 0.147222
0.567328 0.147222
0.567425 0.147222
0.567522 0.147222
0.567620 0.147222
0.567717 0.147222
0.567815 0.147222
0.567912 0.147222
0.568009 0.147222
0.568107 0.147222
0.568204 0.147222
0.568301 0.147222
0.568399 0.147222
0.568496 0.147222
0.568593 0.147222
0.568691 0.147222
0.568788 0.147222
0.568885 0.147222
0.568983 0.147222
0.569080 0.147222
0.569178 0.147222
0.569275 0.147222
0.569372 0.147222
0.569470 0.147222
0.569567 0.147222
0.569664 0.147222
0.569762 0.147222
0.569859 0.147222
0.569956 0.147222
0.570054 0.147222
0.570151 0.147222
0.570248 0.147222
0.570346 0.147222
0.570443 0.147222
0.570541 0.147222
0.570638 0.147222
0.570735 0.147222
0.570833 0.147222
0.570930 0.147222
0.571027 0.147222
0.571125 0.147222
0.571222 0.147222
0.571319 0.147222
0.571417 0.147222
0.571514 0.147222
0.571611 0.147222
0.571709 0.147222
0.571806 0.147222
0.571904 0.147222
0.572001 0.147222
0.572098 0.147222
0.572196 0.147222
0.572293 0.147222
0.572390 0.147222
0.572488 0.147222
0.572585 0.147222
0.572682 0.147222
0.572780 0.147222
0.572877 0.147222
0.572974 0.147222
0.573072 0.147222
0.573169 0.147222
0.573267 0.147222
0.573364 0.147222
0.573461 0.147222
0.573559 0.147222
0.573656 0.147222
0.573753 0.147222
0.573851 0.147222
0.573948 0.147222
0.574045 0.147222
0.574143 0.147222
0.574240 0.144444
0.574337 0.144444
0.574435 0.144444
0.574532 0.144444
0.574630 0.144444
0.574727 0.144444
0.574824 0.144444
0.574922 0.144444
0.575019 0.144444
0.575116 0.144444
0.575214 0.144444
0.575311 0.144444
0.575408 0.144444
0.575506 0.144444
0.575603 0.144444
0.575700 0.144444
0.575798 0.144444
0.575895 0.144444
0.575993 0.144444
0.576090 0.144444
0.576187 0.144444
0.576285 0.144444
0.576382 0.144444
0.576479 0.144444
0.576577 0.144444
0.576674 0.144444
0.576771 0.144444
0.576869 0.144444
0.576966 0.144444
0.577063 0.144444
0.577161 0.144444
0.577258 0.144444
0.577356 0.144444
0.577453 0.144444
0.577550 0.144444
0.577648 0.144444
0.577745 0.141667
0.577842 0.141667
0.577940 0.141667
0.578037 0.141667
0.578134 0.141667
0.578232 0.141667
0.578329 0.141667
0.578426 0.141667
0.578524 0.141667
0.578621 0.141667
0.578719 0.141667
0.578816 0.141667
0.578913 0.141667
0.579011 0.141667
0.579108 0.141667
0.579205 0.141667
0.579303 0.141667
0.579400 0.141667
0.579497 0.141667
0.579595 0.141667
0.579692 0.141667
0.579789 0.141667
0.579887 0.141667
0.579984 0.141667
0.580082 0.141667
0.580179 0.141667
0.580276 0.141667
0.580374 0.141667
0.580471 0.141667
0.580568 0.141667
0.580666 0.141667
0.580763 0.141667
0.580860 0.141667
0.580958 0.141667
0.581055 0.141667
0.581152 0.141667
0.581250 0.141667
0.581347 0.141667
0.581445 0.141667
0.581542 0.141667
0.581639 0.141667
0.581737 0.141667
0.581834 0.141667
0.581931 0.141667
0.582029 0.141667
0.582126 0.141667
0.582223 0.141667
0.582321 0.141667
0.582418 0.141667
0.582516 0.141667
0.582613 0.141667
0.582710 0.141667
0.582808 0.141667
0.582905 0.141667
0.583002 0.141667
0.583100 0.141667
0.583197 0.141667
0.583294 0.141667
0.583392 0.141667
0.583489 0.141667
0.583586 0.141667
0.583684 0.141667
0.583781 0.141667
0.583879 0.141667
0.583976 0.141667
0.584073 0.141667
0.584171 0.141667
0.584268 0.141667
0.584365 0.141667
0.584463 0.141667
0.584560 0.141667
0.584657 0.141667
0.584755 0.141667
0.584852 0.141667
0.584949 0.141667
0.585047 0.141667
0.585144 0.141667
0.585242 0.141667
0.585339 0.141667
0.585436 0.141667
0.585534 0.141667
0.585631 0.141667
0.585728 0.141667
0.585826 0.141667
0.585923 0.141667
0.586020 0.141667
0.586118 0.141667
0.586215 0.141667
0.586312 0.141667
0.586410 0.141667
0.586507 0.141667
0.586605 0.141667
0.586702 0.141667
0.586799 0.141667
0.586897 0.141667
0.586994 0.141667
0.587091 0.141667
0.587189 0.141667
0.587286 0.141667
0.587383 0.141667
0.587481 0.141667
0.587578 0.141667
0.587675 0.141667
0.587773 0.141667
0.587870 0.141667
0.587968 0.138889
0.588065 0.138889
0.588162 0.138889
0.588260 0.138889
0.588357 0.138889
0.588454 0.138889
0.588552 0.138889
0.588649 0.138889
0.588746 0.138889
0.588844 0.138889
0.588941 0.138889
0.589038 0.138889
0.589136 0.138889
0.589233 0.138889
0.589331 0.138889
0.589428 0.138889
0.589525 0.138889
0.589623 0.138889
0.589720 0.138889
0.589817 0.138889
0.589915 0.138889
0.590012 0.138889
0.590109 0.138889
0.590207 0.138889
0.590304 0.138889
0.590401 0.138889
0.590499 0.138889
0.590596 0.138889
0.590694 0.138889
0.590791 0.138889
0.590888 0.138889
0.590986 0.138889
0.591083 0.138889
0.591180 0.138889
0.591278 0.138889
0.591375 0.138889
0.591472 0.138889
0.591570 0.138889
0.591667 0.138889
0.591764 0.138889
0.591862 0.138889
0.591959 0.138889
0.592057 0.138889
0.592154 0.138889
0.592251 0.138889
0.592349 0.138889
0.592446 0.138889
0.592543 0.138889
0.592641 0.138889
0.592738 0.138889
0.592835 0.138889
0.592933 0.138889
0.593030 0.138889
0.593127 0.138889
0.593225 0.138889
0.593322 0.138889
0.593420 0.138889
0.593517 0.138889
0.593614 0.138889
0.593712 0.138889
0.593809 0.138889
0.593906 0.138889
0.594004 0.138889
0.594101 0.138889
0.594198 0.138889
0.594296 0.138889
0.594393 0.138889
0.594490 0.136111
0.594588 0.136111
0.594685 0.136111
0.594783 0.136111
0.594880 0.136111
0.594977 0.136111
0.595075 0.136111
0.595172 0.136111
0.595269 0.136111
0.595367 0.136111
0.595464 0.136111
0.595561 0.136111
0.595659 0.136111
0.595756 0.136111
0.595853 0.136111
0.595951 0.136111
0.596048 0.136111
0.596146 0.136111
0.596243 0.136111
0.596340 0.136111
0.596438 0.136111
0.596535 0.136111
0.596632 0.136111
0.596730 0.136111
0.596827 0.136111
0.596924 0.136111
0.597022 0.136111
0.597119 0.136111
0.597216 0.136111
0.597314 0.136111
0.597411 0.136111
0.597509 0.136111
0.597606 0.136111
0.597703 0.136111
0.597801 0.136111
0.597898 0.136111
0.597995 0.136111
0.598093 0.136111
0.598190 0.136111
0.598287 0.136111
0.598385 0.136111
0.598482 0.136111
0.598579 0.136111
0.598677 0.136111
0.598774 0.136111
0.598872 0.136111
0.598969 0.136111
0.599066 0.136111
0.599164 0.136111
0.599261 0.136111
0.599358 0.136111
0.599456 0.136111
0.599553 0.133333
0.599650 0.133333
0.599748 0.133333
0.599845 0.133333
0.599942 0.133333
0.600040 0.133333
0.600137 0.133333
0.600235 0.133333
0.600332 0.133333
0.600429 0.133333
0.600527 0.133333
0.600624 0.133333
0.600721 0.133333
0.600819 0.133333
0.600916 0.133333
0.601013 0.133333
0.601111 0.133333
0.601208 0.133333
0.601305 0.133333
0.601403 0.133333
0.601500 0.133333
0.601598 0.133333
0.601695 0.133333
0.601792 0.133333
0.601890 0.133333
0.601987 0.133333
0.602084 0.133333
0.602182 0.133333
0.602279 0.133333
0.602376 0.133333
0.602474 0.133333
0.602571 0.133333
0.602668 0.133333
0.602766 0.133333
0.602863 0.133333
0.602961 0.133333
0.603058 0.133333
0.603155 0.133333
0.603253 0.133333
0.603350 0.133333
0.603447 0.133333
0.603545 0.133333
0.603642 0.133333
0.603739 0.133333
0.603837 0.133333
0.603934 0.133333
0.604031 0.133333
0.604129 0.133333
0.604226 0.133333
0.604324 0.133333
0.604421 0.133333
0.604518 0.133333
0.604616 0.133333
0.604713 0.133333
0.604810 0.133333
0.604908 0.133333
0.605005 0.133333
0.605102 0.133333
0.605200 0.133333
0.605297 0.133333
0.605394 0.133333
0.605492 0.133333
0.605589 0.133333
0.605687 0.133333
0.605784 0.133333
0.605881 0.133333
0.605979 0.133333
0.606076 0.133333
0.606173 0.133333
0.606271 0.133333
0.606368 0.133333
0.606465 0.133333
0.606563 0.133333
0.606660 0.133333
0.606757 0.133333
0.606855 0.133333
0.606952 0.133333
0.607050 0.133333
0.607147 0.133333
0.607244 0.133333
0.607342 0.133333
0.607439 0.133333
0.607536 0.133333
0.607634 0.133333
0.607731 0.133333
0.607828 0.133333
0.607926 0.133333
0.608023 0.133333
0.608120 0.133333
0.608218 0.133333
0.608315 0.133333
0.608413 0.133333
0.608510 0.133333
0.608607 0.133333
0.608705 0.133333
0.608802 0.133333
0.608899 0.133333
0.608997 0.133333
0.609094 0.133333
0.609191 0.133333
0.609289 0.133333
0.609386 0.133333
0.609483 0.133333
0.609581 0.133333
0.609678 0.133333
0.609776 0.133333
0.609873 0.130556
0.609970 0.130556
0.610068 0.130556
0.610165 0.130556
0.610262 0.130556
0.610360 0.130556
0.610457 0.130556
0.610554 0.130556
0.610652 0.130556
0.610749 0.130556
0.610846 0.130556
0.610944 0.130556
0.611041 0.130556
0.611139 0.130556
0.611236 0.130556
0.611333 0.130556
0.611431 0.130556
0.611528 0.130556
0.611625 0.130556
0.611723 0.130556
0.611820 0.130556
0.611917 0.130556
0.612015 0.130556
0.612112 0.130556
0.612209 0.130556
0.612307 0.130556
0.612404 0.130556
0.612502 0.130556
0.612599 0.130556
0.612696 0.130556
0.612794 0.130556
0.612891 0.130556
0.612988 0.130556
0.613086 0.130556
0.613183 0.127778
0.613280 0.127778
0.613378 0.127778
0.613475 0.127778
0.613572 0.127778
0.613670 0.127778
0.613767 0.127778
0.613865 0.127778
0.613962 0.127778
0.614059 0.127778
0.614157 0.127778
0.614254 0.127778
0.614351 0.127778
0.614449 0.127778
0.614546 0.127778
0.614643 0.127778
0.614741 0.127778
0.614838 0.127778
0.614935 0.127778
0.615033 0.127778
0.615130 0.127778
0.615228 0.127778
0.615325 0.127778
0.615422 0.122222
0.615520 0.122222
0.615617 0.122222
0.615714 0.122222
0.615812 0.122222
0.615909 0.122222
0.616006 0.122222
0.616104 0.122222
0.616201 0.122222
0.616298 0.122222
0.616396 0.122222
0.616493 0.122222
0.616591 0.122222
0.616688 0.122222
0.616785 0.122222
0.616883 0.122222
0.616980 0.122222
0.617077 0.122222
0.617175 0.122222
0.617272 0.122222
0.617369 0.122222
0.617467 0.122222
0.617564 0.122222
0.617661 0.122222
0.617759 0.122222
0.617856 0.122222
0.617954 0.122222
0.618051 0.122222
0.618148 0.122222
0.618246 0.122222
0.618343 0.122222
0.618440 0.122222
0.618538 0.122222
0.618635 0.122222
0.618732 0.122222
0.618830 0.122222
0.618927 0.122222
0.619024 0.122222
0.619122 0.122222
0.619219 0.122222
0.619317 0.122222
0.619414 0.122222
0.619511 0.122222
0.619609 0.122222
0.619706 0.122222
0.619803 0.122222
0.619901 0.122222
0.619998 0.122222
0.620095 0.122222
0.620193 0.122222
0.620290 0.122222
0.620388 0.122222
0.620485 0.122222
0.620582 0.122222
0.620680 0.122222
0.620777 0.122222
0.620874 0.122222
0.620972 0.122222
0.621069 0.122222
0.621166 0.122222
0.621264 0.122222
0.621361 0.122222
0.621458 0.122222
0.621556 0.122222
0.621653 0.122222
0.621751 0.122222
0.621848 0.122222
0.621945 0.122222
0.622043 0.122222
0.622140 0.122222
0.622237 0.122222
0.622335 0.122222
0.622432 0.122222
0.622529 0.122222
0.622627 0.122222
0.622724 0.122222
0.622821 0.122222
0.622919 0.122222
0.623016 0.122222
0.623114 0.122222
0.623211 0.122222
0.623308 0.122222
0.623406 0.122222
0.623503 0.122222
0.623600 0.122222
0.623698 0.122222
0.623795 0.122222
0.623892 0.122222
0.623990 0.122222
0.624087 0.122222
0.624184 0.122222
0.624282 0.122222
0.624379 0.122222
0.624477 0.122222
0.624574 0.119444
0.624671 0.119444
0.624769 0.119444
0.624866 0.119444
0.624963 0.119444
0.625061 0.119444
0.625158 0.119444
0.625255 0.119444
0.625353 0.119444
0.625450 0.119444
0.625547 0.119444
0.625645 0.119444
0.625742 0.119444
0.625840 0.119444
0.625937 0.119444
0.626034 0.119444
0.626132 0.119444
0.626229 0.119444
0.626326 0.119444
0.626424 0.119444
0.626521 0.119444
0.626618 0.119444
0.626716 0.119444
0.626813 0.119444
0.626910 0.119444
0.627008 0.119444
0.627105 0.119444
0.627203 0.119444
0.627300 0.119444
0.627397 0.119444
0.627495 0.119444
0.627592 0.119444
0.627689 0.119444
0.627787 0.119444
0.627884 0.119444
0.627981 0.119444
0.628079 0.119444
0.628176 0.119444
0.628273 0.119444
0.628371 0.119444
0.628468 0.119444
0.628566 0.116667
0.628663 0.116667
0.628760 0.116667
0.628858 0.116667
0.628955 0.116667
0.629052 0.116667
0.629150 0.116667
0.629247 0.116667
0.629344 0.116667
0.629442 0.116667
0.629539 0.116667
0.629636 0.116667
0.629734 0.116667
0.629831 0.116667
0.629929 0.116667
0.630026 0.116667
0.630123 0.116667
0.630221 0.116667
0.630318 0.116667
0.630415 0.116667
0.630513 0.116667
0.630610 0.116667
0.630707 0.116667
0.630805 0.116667
0.630902 0.116667
0.630999 0.116667
0.631097 0.116667
0.631194 0.116667
0.631292 0.116667
0.631389 0.116667
0.631486 0.116667
0.631584 0.116667
0.631681 0.116667
0.631778 0.116667
0.631876 0.116667
0.631973 0.116667
0.632070 0.116667
0.632168 0.116667
0.632265 0.116667
0.632362 0.116667
0.632460 0.116667
0.632557 0.116667
0.632655 0.116667
0.632752 0.116667
0.632849 0.116667
0.632947 0.116667
0.633044 0.116667
0.633141 0.116667
0.633239 0.116667
0.633336 0.116667
0.633433 0.116667
0.633531 0.116667
0.633628 0.116667
0.633725 0.116667
0.633823 0.116667
0.633920 0.116667
0.634018 0.116667
0.634115 0.116667
0.634212 0.116667
0.634310 0.116667
0.634407 0.116667
0.634504 0.116667
0.634602 0.116667
0.634699 0.116667
0.634796 0.116667
0.634894 0.116667
0.634991 0.116667
0.635088 0.116667
0.635186 0.116667
0.635283 0.116667
0.635381 0.116667
0.635478 0.116667
0.635575 0.116667
0.635673 0.116667
0.635770 0.116667
0.635867 0.116667
0.635965 0.116667
0.636062 0.116667
0.636159 0.116667
0.636257 0.116667
0.636354 0.116667
0.636451 0.116667
0.636549 0.116667
0.636646 0.116667
0.636744 0.116667
0.636841 0.116667
0.636938 0.116667
0.637036 0.116667
0.637133 0.116667
0.637230 0.116667
0.637328 0.116667
0.637425 0.113889
0.637522 0.113889
0.637620 0.113889
0.637717 0.113889
0.637814 0.113889
0.637912 0.113889
0.638009 0.113889
0.638107 0.113889
0.638204 0.113889
0.638301 0.113889
0.638399 0.113889
0.638496 0.113889
0.638593 0.113889
0.638691 0.113889
0.638788 0.113889
0.638885 0.113889
0.638983 0.113889
0.639080 0.113889
0.639177 0.113889
0.639275 0.113889
0.639372 0.113889
0.639470 0.113889
0.639567 0.113889
0.639664 0.113889
0.639762 0.113889
0.639859 0.113889
0.639956 0.113889
0.640054 0.113889
0.640151 0.113889
0.640248 0.113889
0.640346 0.113889
0.640443 0.113889
0.640540 0.113889
0.640638 0.113889
0.640735 0.113889
0.640833 0.113889
0.640930 0.113889
0.641027 0.113889
0.641125 0.113889
0.641222 0.113889
0.641319 0.113889
0.641417 0.113889
0.641514 0.113889
0.641611 0.113889
0.641709 0.113889
0.641806 0.113889
0.641903 0.113889
0.642001 0.113889
0.642098 0.113889
0.642196 0.113889
0.642293 0.113889
0.642390 0.113889
0.642488 0.113889
0.642585 0.113889
0.642682 0.113889
0.642780 0.113889
0.642877 0.113889
0.642974 0.113889
0.643072 0.113889
0.643169 0.113889
0.643266 0.113889
0.643364 0.113889
0.643461 0.113889
0.643559 0.113889
0.643656 0.113889
0.643753 0.113889
0.643851 0.113889
0.643948 0.113889
0.644045 0.113889
0.644143 0.113889
0.644240 0.113889
0.644337 0.113889
0.644435 0.111111
0.644532 0.111111
0.644629 0.111111
0.644727 0.111111
0.644824 0.111111
0.644922 0.111111
0.645019 0.111111
0.645116 0.111111
0.645214 0.111111
0.645311 0.111111
0.645408 0.111111
0.645506 0.111111
0.645603 0.111111
0.645700 0.111111
0.645798 0.111111
0.645895 0.108333
0.645992 0.108333
0.646090 0.108333
0.646187 0.108333
0.646285 0.108333
0.646382 0.108333
0.646479 0.108333
0.646577 0.108333
0.646674 0.108333
0.646771 0.108333
0.646869 0.108333
0.646966 0.108333
0.647063 0.108333
0.647161 0.108333
0.647258 0.108333
0.647355 0.108333
0.647453 0.108333
0.647550 0.108333
0.647648 0.108333
0.647745 0.108333
0.647842 0.108333
0.647940 0.108333
0.648037 0.108333
0.648134 0.108333
0.648232 0.108333
0.648329 0.108333
0.648426 0.108333
0.648524 0.108333
0.648621 0.108333
0.648718 0.108333
0.648816 0.108333
0.648913 0.108333
0.649011 0.108333
0.649108 0.105556
0.649205 0.105556
0.649303 0.105556
0.649400 0.105556
0.649497 0.105556
0.649595 0.105556
0.649692 0.105556
0.649789 0.105556
0.649887 0.105556
0.649984 0.105556
0.650081 0.105556
0.650179 0.105556
0.650276 0.105556
0.650374 0.105556
0.650471 0.105556
0.650568 0.105556
0.650666 0.105556
0.650763 0.105556
0.650860 0.105556
0.650958 0.105556
0.651055 0.105556
0.651152 0.105556
0.651250 0.105556
0.651347 0.105556
0.651444 0.105556
0.651542 0.105556
0.651639 0.105556
0.651737 0.102778
0.651834 0.102778
0.651931 0.102778
0.652029 0.102778
0.652126 0.102778
0.652223 0.102778
0.652321 0.102778
0.652418 0.102778
0.652515 0.102778
0.652613 0.102778
0.652710 0.102778
0.652807 0.102778
0.652905 0.102778
0.653002 0.102778
0.653100 0.102778
0.653197 0.100000
0.653294 0.100000
0.653392 0.100000
0.653489 0.100000
0.653586 0.100000
0.653684 0.100000
0.653781 0.100000
0.653878 0.100000
0.653976 0.100000
0.654073 0.100000
0.654170 0.100000
0.654268 0.100000
0.654365 0.100000
0.654463 0.100000
0.654560 0.100000
0.654657 0.100000
0.654755 0.100000
0.654852 0.100000
0.654949 0.100000
0.655047 0.100000
0.655144 0.100000
0.655241 0.100000
0.655339 0.100000
0.655436 0.100000
0.655533 0.100000
0.655631 0.100000
0.655728 0.100000
0.655826 0.100000
0.655923 0.100000
0.656020 0.100000
0.656118 0.097222
0.656215 0.097222
0.656312 0.097222
0.656410 0.094444
0.656507 0.094444
0.656604 0.094444
0.656702 0.094444
0.656799 0.094444
0.656896 0.094444
0.656994 0.094444
0.657091 0.094444
0.657189 0.094444
0.657286 0.094444
0.657383 0.094444
0.657481 0.094444
0.657578 0.094444
0.657675 0.094444
0.657773 0.094444
0.657870 0.094444
0.657967 0.094444
0.658065 0.094444
0.658162 0.094444
0.658259 0.094444
0.658357 0.094444
0.658454 0.094444
0.658552 0.094444
0.658649 0.094444
0.658746 0.094444
0.658844 0.094444
0.658941 0.094444
0.659038 0.094444
0.659136 0.094444
0.659233 0.094444
0.659330 0.094444
0.659428 0.094444
0.659525 0.094444
0.659623 0.094444
0.659720 0.094444
0.659817 0.094444
0.659915 0.094444
0.660012 0.094444
0.660109 0.094444
0.660207 0.094444
0.660304 0.094444
0.660401 0.094444
0.660499 0.094444
0.660596 0.094444
0.660693 0.094444
0.660791 0.094444
0.660888 0.094444
0.660986 0.094444
0.661083 0.094444
0.661180 0.094444
0.661278 0.094444
0.661375 0.094444
0.661472 0.094444
0.661570 0.094444
0.661667 0.091667
0.661764 0.091667
0.661862 0.091667
0.661959 0.091667
0.662056 0.091667
0.662154 0.091667
0.662251 0.091667
0.662349 0.091667
0.662446 0.091667
0.662543 0.091667
0.662641 0.091667
0.662738 0.091667
0.662835 0.091667
0.662933 0.091667
0.663030 0.091667
0.663127 0.091667
0.663225 0.091667
0.663322 0.091667
0.663419 0.091667
0.663517 0.091667
0.663614 0.091667
0.663712 0.091667
0.663809 0.091667
0.663906 0.091667
0.664004 0.091667
0.664101 0.091667
0.664198 0.091667
0.664296 0.091667
0.664393 0.091667
0.664490 0.091667
0.664588 0.091667
0.664685 0.091667
0.664782 0.091667
0.664880 0.091667
0.664977 0.091667
0.665075 0.091667
0.665172 0.091667
0.665269 0.091667
0.665367 0.091667
0.665464 0.091667
0.665561 0.091667
0.665659 0.091667
0.665756 0.091667
0.665853 0.091667
0.665951 0.091667
0.666048 0.091667
0.666145 0.091667
0.666243 0.088889
0.666340 0.088889
0.666438 0.088889
0.666535 0.088889
0.666632 0.088889
0.666730 0.088889
0.666827 0.088889
0.666924 0.088889
0.667022 0.086111
0.667119 0.086111
0.667216 0.086111
0.667314 0.086111
0.667411 0.086111
0.667508 0.086111
0.667606 0.086111
0.667703 0.086111
0.667801 0.086111
0.667898 0.086111
0.667995 0.086111
0.668093 0.086111
0.668190 0.086111
0.668287 0.086111
0.668385 0.086111
0.668482 0.086111
0.668579 0.086111
0.668677 0.086111
0.668774 0.086111
0.668871 0.086111
0.668969 0.086111
0.669066 0.086111
0.669164 0.086111
0.669261 0.086111
0.669358 0.086111
0.669456 0.086111
0.669553 0.086111
0.669650 0.086111
0.669748 0.086111
0.669845 0.086111
0.669942 0.086111
0.670040 0.086111
0.670137 0.086111
0.670234 0.086111
0.670332 0.086111
0.670429 0.086111
0.670527 0.086111
0.670624 0.086111
0.670721 0.086111
0.670819 0.086111
0.670916 0.086111
0.671013 0.086111
0.671111 0.086111
0.671208 0.086111
0.671305 0.086111
0.671403 0.086111
0.671500 0.086111
0.671597 0.086111
0.671695 0.086111
0.671792 0.086111
0.671890 0.086111
0.671987 0.086111
0.672084 0.086111
0.672182 0.086111
0.672279 0.086111
0.672376 0.086111
0.672474 0.086111
0.672571 0.086111
0.672668 0.086111
0.672766 0.086111
0.672863 0.086111
0.672960 0.086111
0.673058 0.086111
0.673155 0.086111
0.673253 0.086111
0.673350 0.086111
0.673447 0.086111
0.673545 0.086111
0.673642 0.086111
0.673739 0.086111
0.673837 0.086111
0.673934 0.086111
0.674031 0.086111
0.674129 0.086111
0.674226 0.086111
0.674323 0.086111
0.674421 0.086111
0.674518 0.086111
0.674616 0.086111
0.674713 0.086111
0.674810 0.086111
0.674908 0.086111
0.675005 0.086111
0.675102 0.086111
0.675200 0.086111
0.675297 0.083333
0.675394 0.083333
0.675492 0.083333
0.675589 0.083333
0.675686 0.083333
0.675784 0.083333
0.675881 0.083333
0.675979 0.083333
0.676076 0.083333
0.676173 0.083333
0.676271 0.083333
0.676368 0.083333
0.676465 0.083333
0.676563 0.083333
0.676660 0.083333
0.676757 0.083333
0.676855 0.083333
0.676952 0.083333
0.677049 0.083333
0.677147 0.083333
0.677244 0.083333
0.677342 0.083333
0.677439 0.083333
0.677536 0.083333
0.677634 0.083333
0.677731 0.083333
0.677828 0.083333
0.677926 0.083333
0.678023 0.083333
0.678120 0.080556
0.678218 0.077778
0.678315 0.077778
0.678412 0.077778
0.678510 0.077778
0.678607 0.077778
0.678705 0.077778
0.678802 0.077778
0.678899 0.077778
0.678997 0.077778
0.679094 0.077778
0.679191 0.077778
0.679289 0.077778
0.679386 0.077778
0.679483 0.077778
0.679581 0.077778
0.679678 0.075000
0.679775 0.075000
0.679873 0.075000
0.679970 0.075000
0.680068 0.075000
0.680165 0.075000
0.680262 0.075000
0.680360 0.075000
0.680457 0.075000
0.680554 0.075000
0.680652 0.075000
0.680749 0.075000
0.680846 0.075000
0.680944 0.075000
0.681041 0.075000
0.681138 0.075000
0.681236 0.075000
0.681333 0.075000
0.681431 0.075000
0.681528 0.075000
0.681625 0.075000
0.681723 0.075000
0.681820 0.075000
0.681917 0.075000
0.682015 0.075000
0.682112 0.075000
0.682209 0.075000
0.682307 0.075000
0.682404 0.075000
0.682501 0.075000
0.682599 0.075000
0.682696 0.075000
0.682794 0.075000
0.682891 0.075000
0.682988 0.075000
0.683086 0.075000
0.683183 0.075000
0.683280 0.075000
0.683378 0.075000
0.683475 0.075000
0.683572 0.075000
0.683670 0.075000
0.683767 0.075000
0.683864 0.075000
0.683962 0.075000
0.684059 0.075000
0.684157 0.075000
0.684254 0.075000
0.684351 0.075000
0.684449 0.075000
0.684546 0.075000
0.684643 0.075000
0.684741 0.075000
0.684838 0.075000
0.684935 0.075000
0.685033 0.075000
0.685130 0.075000
0.685227 0.072222
0.685325 0.072222
0.685422 0.072222
0.685520 0.072222
0.685617 0.072222
0.685714 0.072222
0.685812 0.072222
0.685909 0.072222
0.686006 0.072222
0.686104 0.072222
0.686201 0.072222
0.686298 0.072222
0.686396 0.072222
0.686493 0.072222
0.686590 0.072222
0.686688 0.072222
0.686785 0.072222
0.686883 0.072222
0.686980 0.072222
0.687077 0.072222
0.687175 0.072222
0.687272 0.072222
0.687369 0.072222
0.687467 0.072222
0.687564 0.072222
0.687661 0.072222
0.687759 0.072222
0.687856 0.072222
0.687953 0.072222
0.688051 0.072222
0.688148 0.072222
0.688246 0.072222
0.688343 0.072222
0.688440 0.072222
0.688538 0.072222
0.688635 0.072222
0.688732 0.072222
0.688830 0.072222
0.688927 0.072222
0.689024 0.072222
0.689122 0.072222
0.689219 0.072222
0.689316 0.072222
0.689414 0.072222
0.689511 0.072222
0.689609 0.072222
0.689706 0.072222
0.689803 0.072222
0.689901 0.072222
0.689998 0.072222
0.690095 0.072222
0.690193 0.072222
0.690290 0.072222
0.690387 0.072222
0.690485 0.072222
0.690582 0.072222
0.690679 0.072222
0.690777 0.072222
0.690874 0.072222
0.690972 0.072222
0.691069 0.072222
0.691166 0.072222
0.691264 0.072222
0.691361 0.072222
0.691458 0.072222
0.691556 0.072222
0.691653 0.072222
0.691750 0.072222
0.691848 0.072222
0.691945 0.072222
0.692042 0.072222
0.692140 0.072222
0.692237 0.072222
0.692335 0.072222
0.692432 0.072222
0.692529 0.072222
0.692627 0.072222
0.692724 0.072222
0.692821 0.072222
0.692919 0.072222
0.693016 0.072222
0.693113 0.072222
0.693211 0.072222
0.693308 0.072222
0.693405 0.072222
0.693503 0.072222
0.693600 0.072222
0.693698 0.072222
0.693795 0.072222
0.693892 0.072222
0.693990 0.072222
0.694087 0.072222
0.694184 0.072222
0.694282 0.072222
0.694379 0.072222
0.694476 0.072222
0.694574 0.072222
0.694671 0.069444
0.694768 0.069444
0.694866 0.069444
0.694963 0.069444
0.695061 0.069444
0.695158 0.069444
0.695255 0.069444
0.695353 0.069444
0.695450 0.069444
0.695547 0.069444
0.695645 0.069444
0.695742 0.069444
0.695839 0.069444
0.695937 0.069444
0.696034 0.069444
0.696131 0.069444
0.696229 0.069444
0.696326 0.069444
0.696424 0.069444
0.696521 0.069444
0.696618 0.069444
0.696716 0.069444
0.696813 0.069444
0.696910 0.069444
0.697008 0.069444
0.697105 0.069444
0.697202 0.069444
0.697300 0.069444
0.697397 0.069444
0.697495 0.069444
0.697592 0.069444
0.697689 0.069444
0.697787 0.069444
0.697884 0.069444
0.697981 0.069444
0.698079 0.069444
0.698176 0.069444
0.698273 0.069444
0.698371 0.069444
0.698468 0.069444
0.698565 0.069444
0.698663 0.069444
0.698760 0.069444
0.698858 0.069444
0.698955 0.069444
0.699052 0.069444
0.699150 0.069444
0.699247 0.069444
0.699344 0.069444
0.699442 0.069444
0.699539 0.069444
0.699636 0.069444
0.699734 0.069444
0.699831 0.069444
0.699928 0.069444
0.700026 0.069444
0.700123 0.069444
0.700221 0.069444
0.700318 0.069444
0.700415 0.069444
0.700513 0.069444
0.700610 0.069444
0.700707 0.069444
0.700805 0.069444
0.700902 0.069444
0.700999 0.069444
0.701097 0.069444
0.701194 0.069444
0.701291 0.069444
0.701389 0.069444
0.701486 0.069444
0.701584 0.069444
0.701681 0.069444
0.701778 0.069444
0.701876 0.069444
0.701973 0.069444
0.702070 0.069444
0.702168 0.069444
0.702265 0.069444
0.702362 0.069444
0.702460 0.069444
0.702557 0.069444
0.702654 0.069444
0.702752 0.069444
0.702849 0.069444
0.702947 0.069444
0.703044 0.069444
0.703141 0.069444
0.703239 0.069444
0.703336 0.069444
0.703433 0.069444
0.703531 0.069444
0.703628 0.069444
0.703725 0.069444
0.703823 0.069444
0.703920 0.069444
0.704017 0.069444
0.704115 0.069444
0.704212 0.069444
0.704310 0.069444
0.704407 0.069444
0.704504 0.069444
0.704602 0.069444
0.704699 0.069444
0.704796 0.069444
0.704894 0.069444
0.704991 0.069444
0.705088 0.069444
0.705186 0.069444
0.705283 0.069444
0.705380 0.069444
0.705478 0.069444
0.705575 0.069444
0.705673 0.069444
0.705770 0.069444
0.705867 0.069444
0.705965 0.069444
0.706062 0.069444
0.706159 0.069444
0.706257 0.069444
0.706354 0.069444
0.706451 0.069444
0.706549 0.069444
0.706646 0.069444
0.706743 0.069444
0.706841 0.069444
0.706938 0.069444
0.707036 0.069444
0.707133 0.069444
0.707230 0.069444
0.707328 0.069444
0.707425 0.069444
0.707522 0.069444
0.707620 0.069444
0.707717 0.069444
0.707814 0.069444
0.707912 0.069444
0.708009 0.069444
0.708106 0.069444
0.708204 0.069444
0.708301 0.069444
0.708399 0.069444
0.708496 0.069444
0.708593 0.069444
0.708691 0.069444
0.708788 0.069444
0.708885 0.069444
0.708983 0.069444
0.709080 0.069444
0.709177 0.069444
0.709275 0.069444
0.709372 0.069444
0.709469 0.069444
0.709567 0.069444
0.709664 0.069444
0.709762 0.069444
0.709859 0.069444
0.709956 0.069444
0.710054 0.069444
0.710151 0.069444
0.710248 0.069444
0.710346 0.069444
0.710443 0.066667
0.710540 0.063889
0.710638 0.063889
0.710735 0.063889
0.710832 0.063889
0.710930 0.063889
0.711027 0.063889
0.711125 0.063889
0.711222 0.063889
0.711319 0.063889
0.711417 0.063889
0.711514 0.063889
0.711611 0.063889
0.711709 0.063889
0.711806 0.063889
0.711903 0.063889
0.712001 0.063889
0.712098 0.063889
0.712195 0.063889
0.712293 0.063889
0.712390 0.063889
0.712488 0.063889
0.712585 0.063889
0.712682 0.063889
0.712780 0.063889
0.712877 0.061111
0.712974 0.061111
0.713072 0.061111
0.713169 0.061111
0.713266 0.061111
0.713364 0.061111
0.713461 0.061111
0.713558 0.061111
0.713656 0.061111
0.713753 0.061111
0.713851 0.061111
0.713948 0.061111
0.714045 0.061111
0.714143 0.061111
0.714240 0.061111
0.714337 0.061111
0.714435 0.061111
0.714532 0.061111
0.714629 0.061111
0.714727 0.061111
0.714824 0.061111
0.714921 0.061111
0.715019 0.061111
0.715116 0.061111
0.715214 0.061111
0.715311 0.061111
0.715408 0.061111
0.715506 0.061111
0.715603 0.061111
0.715700 0.061111
0.715798 0.061111
0.715895 0.061111
0.715992 0.061111
0.716090 0.061111
0.716187 0.061111
0.716284 0.061111
0.716382 0.061111
0.716479 0.061111
0.716577 0.061111
0.716674 0.061111
0.716771 0.061111
0.716869 0.061111
0.716966 0.061111
0.717063 0.061111
0.717161 0.061111
0.717258 0.061111
0.717355 0.061111
0.717453 0.061111
0.717550 0.061111
0.717647 0.061111
0.717745 0.061111
0.717842 0.061111
0.717940 0.061111
0.718037 0.061111
0.718134 0.061111
0.718232 0.061111
0.718329 0.061111
0.718426 0.061111
0.718524 0.061111
0.718621 0.061111
0.718718 0.061111
0.718816 0.061111
0.718913 0.061111
0.719010 0.061111
0.719108 0.061111
0.719205 0.061111
0.719303 0.061111
0.719400 0.061111
0.719497 0.058333
0.719595 0.058333
0.719692 0.058333
0.719789 0.058333
0.719887 0.058333
0.719984 0.058333
0.720081 0.058333
0.720179 0.058333
0.720276 0.058333
0.720373 0.058333
0.720471 0.058333
0.720568 0.058333
0.720666 0.058333
0.720763 0.058333
0.720860 0.058333
0.720958 0.058333
0.721055 0.058333
0.721152 0.058333
0.721250 0.058333
0.721347 0.058333
0.721444 0.058333
0.721542 0.058333
0.721639 0.058333
0.721736 0.058333
0.721834 0.058333
0.721931 0.058333
0.722029 0.058333
0.722126 0.058333
0.722223 0.058333
0.722321 0.058333
0.722418 0.058333
0.722515 0.058333
0.722613 0.058333
0.722710 0.058333
0.722807 0.058333
0.722905 0.058333
0.723002 0.055556
0.723099 0.055556
0.723197 0.055556
0.723294 0.055556
0.723392 0.055556
0.723489 0.055556
0.723586 0.055556
0.723684 0.055556
0.723781 0.055556
0.723878 0.055556
0.723976 0.055556
0.724073 0.055556
0.724170 0.055556
0.724268 0.055556
0.724365 0.055556
0.724462 0.055556
0.724560 0.055556
0.724657 0.055556
0.724755 0.055556
0.724852 0.055556
0.724949 0.055556
0.725047 0.055556
0.725144 0.055556
0.725241 0.055556
0.725339 0.055556
0.725436 0.055556
0.725533 0.055556
0.725631 0.055556
0.725728 0.055556
0.725825 0.055556
0.725923 0.055556
0.726020 0.055556
0.726118 0.055556
0.726215 0.055556
0.726312 0.055556
0.726410 0.055556
0.726507 0.055556
0.726604 0.055556
0.726702 0.055556
0.726799 0.055556
0.726896 0.055556
0.726994 0.055556
0.727091 0.055556
0.727188 0.055556
0.727286 0.055556
0.727383 0.055556
0.727481 0.055556
0.727578 0.055556
0.727675 0.055556
0.727773 0.055556
0.727870 0.055556
0.727967 0.055556
0.728065 0.055556
0.728162 0.055556
0.728259 0.055556
0.728357 0.055556
0.728454 0.055556
0.728551 0.055556
0.728649 0.055556
0.728746 0.055556
0.728844 0.055556
0.728941 0.055556
0.729038 0.055556
0.729136 0.055556
0.729233 0.055556
0.729330 0.055556
0.729428 0.055556
0.729525 0.055556
0.729622 0.055556
0.729720 0.055556
0.729817 0.055556
0.729914 0.055556
0.730012 0.055556
0.730109 0.055556
0.730207 0.055556
0.730304 0.055556
0.730401 0.055556
0.730499 0.055556
0.730596 0.055556
0.730693 0.055556
0.730791 0.055556
0.730888 0.055556
0.730985 0.055556
0.731083 0.055556
0.731180 0.055556
0.731277 0.055556
0.731375 0.055556
0.731472 0.055556
0.731570 0.055556
0.731667 0.055556
0.731764 0.055556
0.731862 0.055556
0.731959 0.055556
0.732056 0.055556
0.732154 0.055556
0.732251 0.055556
0.732348 0.055556
0.732446 0.055556
0.732543 0.055556
0.732640 0.055556
0.732738 0.055556
0.732835 0.055556
0.732933 0.055556
0.733030 0.055556
0.733127 0.052778
0.733225 0.052778
0.733322 0.052778
0.733419 0.052778
0.733517 0.052778
0.733614 0.052778
0.733711 0.052778
0.733809 0.052778
0.733906 0.052778
0.734003 0.052778
0.734101 0.052778
0.734198 0.052778
0.734296 0.052778
0.734393 0.052778
0.734490 0.052778
0.734588 0.052778
0.734685 0.052778
0.734782 0.052778
0.734880 0.052778
0.734977 0.052778
0.735074 0.052778
0.735172 0.052778
0.735269 0.052778
0.735367 0.052778
0.735464 0.052778
0.735561 0.052778
0.735659 0.052778
0.735756 0.052778
0.735853 0.052778
0.735951 0.052778
0.736048 0.052778
0.736145 0.052778
0.736243 0.052778
0.736340 0.052778
0.736437 0.052778
0.736535 0.052778
0.736632 0.052778
0.736730 0.052778
0.736827 0.052778
0.736924 0.052778
0.737022 0.052778
0.737119 0.052778
0.737216 0.052778
0.737314 0.050000
0.737411 0.050000
0.737508 0.050000
0.737606 0.050000
0.737703 0.050000
0.737800 0.050000
0.737898 0.050000
0.737995 0.050000
0.738093 0.050000
0.738190 0.050000
0.738287 0.050000
0.738385 0.050000
0.738482 0.050000
0.738579 0.050000
0.738677 0.050000
0.738774 0.050000
0.738871 0.050000
0.738969 0.050000
0.739066 0.050000
0.739163 0.050000
0.739261 0.050000
0.739358 0.050000
0.739456 0.050000
0.739553 0.050000
0.739650 0.050000
0.739748 0.050000
0.739845 0.050000
0.739942 0.050000
0.740040 0.050000
0.740137 0.050000
0.740234 0.050000
0.740332 0.050000
0.740429 0.050000
0.740526 0.050000
0.740624 0.050000
0.740721 0.050000
0.740819 0.050000
0.740916 0.050000
0.741013 0.050000
0.741111 0.050000
0.741208 0.050000
0.741305 0.050000
0.741403 0.050000
0.741500 0.050000
0.741597 0.050000
0.741695 0.050000
0.741792 0.050000
0.741889 0.050000
0.741987 0.050000
0.742084 0.050000
0.742182 0.050000
0.742279 0.050000
0.742376 0.050000
0.742474 0.050000
0.742571 0.050000
0.742668 0.050000
0.742766 0.050000
0.742863 0.050000
0.742960 0.050000
0.743058 0.050000
0.743155 0.050000
0.743252 0.050000
0.743350 0.050000
0.743447 0.050000
0.743545 0.050000
0.743642 0.050000
0.743739 0.050000
0.743837 0.050000
0.743934 0.050000
0.744031 0.050000
0.744129 0.050000
0.744226 0.050000
0.744323 0.050000
0.744421 0.050000
0.744518 0.050000
0.744615 0.050000
0.744713 0.050000
0.744810 0.050000
0.744908 0.050000
0.745005 0.050000
0.745102 0.050000
0.745200 0.050000
0.745297 0.050000
0.745394 0.050000
0.745492 0.050000
0.745589 0.050000
0.745686 0.050000
0.745784 0.050000
0.745881 0.050000
0.745978 0.050000
0.746076 0.050000
0.746173 0.050000
0.746271 0.050000
0.746368 0.050000
0.746465 0.050000
0.746563 0.050000
0.746660 0.050000
0.746757 0.050000
0.746855 0.050000
0.746952 0.050000
0.747049 0.050000
0.747147 0.050000
0.747244 0.050000
0.747341 0.050000
0.747439 0.050000
0.747536 0.050000
0.747634 0.050000
0.747731 0.050000
0.747828 0.050000
0.747926 0.050000
0.748023 0.050000
0.748120 0.050000
0.748218 0.050000
0.748315 0.050000
0.748412 0.050000
0.748510 0.050000
0.748607 0.050000
0.748704 0.050000
0.748802 0.050000
0.748899 0.050000
0.748997 0.050000
0.749094 0.050000
0.749191 0.050000
0.749289 0.050000
0.749386 0.050000
0.749483 0.050000
0.749581 0.050000
0.749678 0.050000
0.749775 0.050000
0.749873 0.050000
0.749970 0.050000
0.750067 0.050000
0.750165 0.050000
0.750262 0.050000
0.750360 0.050000
0.750457 0.050000
0.750554 0.050000
0.750652 0.050000
0.750749 0.050000
0.750846 0.050000
0.750944 0.050000
0.751041 0.050000
0.751138 0.050000
0.751236 0.050000
0.751333 0.050000
0.751430 0.050000
0.751528 0.050000
0.751625 0.050000
0.751723 0.050000
0.751820 0.050000
0.751917 0.050000
0.752015 0.050000
0.752112 0.050000
0.752209 0.050000
0.752307 0.050000
0.752404 0.050000
0.752501 0.050000
0.752599 0.050000
0.752696 0.050000
0.752793 0.050000
0.752891 0.050000
0.752988 0.050000
0.753086 0.050000
0.753183 0.050000
0.753280 0.050000
0.753378 0.050000
0.753475 0.050000
0.753572 0.050000
0.753670 0.050000
0.753767 0.050000
0.753864 0.050000
0.753962 0.050000
0.754059 0.050000
0.754156 0.050000
0.754254 0.050000
0.754351 0.050000
0.754449 0.050000
0.754546 0.050000
0.754643 0.050000
0.754741 0.050000
0.754838 0.050000
0.754935 0.050000
0.755033 0.050000
0.755130 0.050000
0.755227 0.050000
0.755325 0.050000
0.755422 0.050000
0.755519 0.050000
0.755617 0.050000
0.755714 0.050000
0.755812 0.050000
0.755909 0.050000
0.756006 0.050000
0.756104 0.050000
0.756201 0.050000
0.756298 0.050000
0.756396 0.050000
0.756493 0.050000
0.756590 0.050000
0.756688 0.050000
0.756785 0.050000
0.756882 0.050000
0.756980 0.050000
0.757077 0.050000
0.757175 0.050000
0.757272 0.050000
0.757369 0.050000
0.757467 0.050000
0.757564 0.050000
0.757661 0.050000
0.757759 0.050000
0.757856 0.050000
0.757953 0.050000
0.758051 0.050000
0.758148 0.050000
0.758245 0.050000
0.758343 0.050000
0.758440 0.050000
0.758538 0.050000
0.758635 0.050000
0.758732 0.050000
0.758830 0.050000
0.758927 0.050000
0.759024 0.050000
0.759122 0.050000
0.759219 0.050000
0.759316 0.050000
0.759414 0.050000
0.759511 0.050000
0.759608 0.050000
0.759706 0.050000
0.759803 0.050000
0.759901 0.050000
0.759998 0.050000
0.760095 0.050000
0.760193 0.050000
0.760290 0.050000
0.760387 0.050000
0.760485 0.050000
0.760582 0.050000
0.760679 0.050000
0.760777 0.050000
0.760874 0.050000
0.760971 0.050000
0.761069 0.050000
0.761166 0.050000
0.761264 0.050000
0.761361 0.050000
0.761458 0.050000
0.761556 0.050000
0.761653 0.050000
0.761750 0.050000
0.761848 0.050000
0.761945 0.050000
0.762042 0.050000
0.762140 0.050000
0.762237 0.050000
0.762334 0.050000
0.762432 0.050000
0.762529 0.050000
0.762627 0.050000
0.762724 0.050000
0.762821 0.050000
0.762919 0.050000
0.763016 0.050000
0.763113 0.050000
0.763211 0.050000
0.763308 0.050000
0.763405 0.050000
0.763503 0.050000
0.763600 0.050000
0.763697 0.050000
0.763795 0.050000
0.763892 0.050000
0.763990 0.050000
0.764087 0.050000
0.764184 0.050000
0.764282 0.050000
0.764379 0.050000
0.764476 0.050000
0.764574 0.050000
0.764671 0.050000
0.764768 0.050000
0.764866 0.050000
0.764963 0.050000
0.765060 0.050000
0.765158 0.050000
0.765255 0.050000
0.765353 0.050000
0.765450 0.050000
0.765547 0.050000
0.765645 0.050000
0.765742 0.050000
0.765839 0.050000
0.765937 0.050000
0.766034 0.050000
0.766131 0.050000
0.766229 0.050000
0.766326 0.050000
0.766423 0.050000
0.766521 0.050000
0.766618 0.050000
0.766716 0.050000
0.766813 0.050000
0.766910 0.050000
0.767008 0.050000
0.767105 0.050000
0.767202 0.050000
0.767300 0.050000
0.767397 0.050000
0.767494 0.050000
0.767592 0.050000
0.767689 0.050000
0.767786 0.050000
0.767884 0.050000
0.767981 0.050000
0.768079 0.050000
0.768176 0.050000
0.768273 0.050000
0.768371 0.050000
0.768468 0.050000
0.768565 0.050000
0.768663 0.050000
0.768760 0.050000
0.768857 0.050000
0.768955 0.050000
0.769052 0.050000
0.769149 0.050000
0.769247 0.050000
0.769344 0.050000
0.769442 0.050000
0.769539 0.050000
0.769636 0.050000
0.769734 0.050000
0.769831 0.050000
0.769928 0.050000
0.770026 0.050000
0.770123 0.050000
0.770220 0.050000
0.770318 0.050000
0.770415 0.050000
0.770512 0.050000
0.770610 0.050000
0.770707 0.050000
0.770805 0.047222
0.770902 0.047222
0.770999 0.047222
0.771097 0.047222
0.771194 0.047222
0.771291 0.047222
0.771389 0.047222
0.771486 0.047222
0.771583 0.047222
0.771681 0.047222
0.771778 0.047222
0.771875 0.047222
0.771973 0.047222
0.772070 0.047222
0.772168 0.047222
0.772265 0.047222
0.772362 0.047222
0.772460 0.047222
0.772557 0.047222
0.772654 0.047222
0.772752 0.047222
0.772849 0.047222
0.772946 0.047222
0.773044 0.047222
0.773141 0.047222
0.773239 0.047222
0.773336 0.047222
0.773433 0.047222
0.773531 0.047222
0.773628 0.047222
0.773725 0.047222
0.773823 0.047222
0.773920 0.047222
0.774017 0.047222
0.774115 0.047222
0.774212 0.047222
0.774309 0.047222
0.774407 0.047222
0.774504 0.047222
0.774602 0.047222
0.774699 0.047222
0.774796 0.047222
0.774894 0.047222
0.774991 0.047222
0.775088 0.047222
0.775186 0.047222
0.775283 0.047222
0.775380 0.047222
0.775478 0.047222
0.775575 0.047222
0.775672 0.047222
0.775770 0.047222
0.775867 0.047222
0.775965 0.047222
0.776062 0.047222
0.776159 0.047222
0.776257 0.047222
0.776354 0.047222
0.776451 0.047222
0.776549 0.047222
0.776646 0.047222
0.776743 0.047222
0.776841 0.047222
0.776938 0.047222
0.777035 0.047222
0.777133 0.047222
0.777230 0.047222
0.777328 0.047222
0.777425 0.047222
0.777522 0.047222
0.777620 0.047222
0.777717 0.047222
0.777814 0.047222
0.777912 0.047222
0.778009 0.047222
0.778106 0.047222
0.778204 0.047222
0.778301 0.047222
0.778398 0.047222
0.778496 0.047222
0.778593 0.047222
0.778691 0.047222
0.778788 0.047222
0.778885 0.047222
0.778983 0.047222
0.779080 0.047222
0.779177 0.047222
0.779275 0.047222
0.779372 0.047222
0.779469 0.047222
0.779567 0.047222
0.779664 0.047222
0.779761 0.047222
0.779859 0.047222
0.779956 0.047222
0.780054 0.047222
0.780151 0.047222
0.780248 0.047222
0.780346 0.047222
0.780443 0.047222
0.780540 0.047222
0.780638 0.047222
0.780735 0.047222
0.780832 0.047222
0.780930 0.047222
0.781027 0.047222
0.781124 0.047222
0.781222 0.047222
0.781319 0.047222
0.781417 0.047222
0.781514 0.044444
0.781611 0.044444
0.781709 0.044444
0.781806 0.044444
0.781903 0.044444
0.782001 0.044444
0.782098 0.044444
0.782195 0.044444
0.782293 0.044444
0.782390 0.044444
0.782487 0.044444
0.782585 0.044444
0.782682 0.044444
0.782780 0.044444
0.782877 0.044444
0.782974 0.044444
0.783072 0.044444
0.783169 0.044444
0.783266 0.044444
0.783364 0.044444
0.783461 0.044444
0.783558 0.044444
0.783656 0.044444
0.783753 0.044444
0.783850 0.044444
0.783948 0.044444
0.784045 0.044444
0.784143 0.044444
0.784240 0.044444
0.784337 0.044444
0.784435 0.044444
0.784532 0.041667
0.784629 0.041667
0.784727 0.041667
0.784824 0.041667
0.784921 0.041667
0.785019 0.041667
0.785116 0.041667
0.785213 0.041667
0.785311 0.041667
0.785408 0.041667
0.785506 0.041667
0.785603 0.041667
0.785700 0.041667
0.785798 0.041667
0.785895 0.041667
0.785992 0.041667
0.786090 0.041667
0.786187 0.041667
0.786284 0.041667
0.786382 0.041667
0.786479 0.041667
0.786576 0.041667
0.786674 0.041667
0.786771 0.041667
0.786869 0.041667
0.786966 0.041667
0.787063 0.041667
0.787161 0.041667
0.787258 0.041667
0.787355 0.041667
0.787453 0.041667
0.787550 0.041667
0.787647 0.041667
0.787745 0.041667
0.787842 0.041667
0.787939 0.041667
0.788037 0.041667
0.788134 0.038889
0.788232 0.038889
0.788329 0.038889
0.788426 0.038889
0.788524 0.038889
0.788621 0.038889
0.788718 0.038889
0.788816 0.038889
0.788913 0.038889
0.789010 0.038889
0.789108 0.038889
0.789205 0.038889
0.789302 0.038889
0.789400 0.038889
0.789497 0.038889
0.789595 0.038889
0.789692 0.038889
0.789789 0.038889
0.789887 0.038889
0.789984 0.038889
0.790081 0.038889
0.790179 0.038889
0.790276 0.038889
0.790373 0.038889
0.790471 0.038889
0.790568 0.038889
0.790665 0.038889
0.790763 0.038889
0.790860 0.038889
0.790958 0.038889
0.791055 0.038889
0.791152 0.038889
0.791250 0.038889
0.791347 0.038889
0.791444 0.038889
0.791542 0.038889
0.791639 0.038889
0.791736 0.038889
0.791834 0.038889
0.791931 0.038889
0.792028 0.038889
0.792126 0.038889
0.792223 0.038889
0.792321 0.038889
0.792418 0.038889
0.792515 0.038889
0.792613 0.038889
0.792710 0.038889
0.792807 0.038889
0.792905 0.038889
0.793002 0.038889
0.793099 0.038889
0.793197 0.038889
0.793294 0.038889
0.793391 0.038889
0.793489 0.038889
0.793586 0.038889
0.793684 0.038889
0.793781 0.038889
0.793878 0.038889
0.793976 0.036111
0.794073 0.036111
0.794170 0.036111
0.794268 0.036111
0.794365 0.036111
0.794462 0.036111
0.794560 0.036111
0.794657 0.036111
0.794754 0.033333
0.794852 0.030556
0.794949 0.030556
0.795047 0.030556
0.795144 0.030556
0.795241 0.030556
0.795339 0.030556
0.795436 0.030556
0.795533 0.030556
0.795631 0.030556
0.795728 0.030556
0.795825 0.030556
0.795923 0.030556
0.796020 0.030556
0.796117 0.030556
0.796215 0.030556
0.796312 0.030556
0.796410 0.030556
0.796507 0.030556
0.796604 0.030556
0.796702 0.030556
0.796799 0.030556
0.796896 0.030556
0.796994 0.030556
0.797091 0.030556
0.797188 0.030556
0.797286 0.030556
0.797383 0.030556
0.797480 0.030556
0.797578 0.030556
0.797675 0.030556
0.797773 0.030556
0.797870 0.030556
0.797967 0.030556
0.798065 0.030556
0.798162 0.030556
0.798259 0.030556
0.798357 0.030556
0.798454 0.030556
0.798551 0.030556
0.798649 0.030556
0.798746 0.030556
0.798843 0.030556
0.798941 0.030556
0.799038 0.030556
0.799136 0.030556
0.799233 0.030556
0.799330 0.030556
0.799428 0.030556
0.799525 0.030556
0.799622 0.030556
0.799720 0.030556
0.799817 0.030556
0.799914 0.030556
0.800012 0.030556
0.800109 0.030556
0.800206 0.030556
0.800304 0.030556
0.800401 0.030556
0.800499 0.030556
0.800596 0.030556
0.800693 0.030556
0.800791 0.030556
0.800888 0.030556
0.800985 0.030556
0.801083 0.030556
0.801180 0.030556
0.801277 0.030556
0.801375 0.030556
0.801472 0.030556
0.801569 0.030556
0.801667 0.030556
0.801764 0.030556
0.801862 0.030556
0.801959 0.030556
0.802056 0.030556
0.802154 0.030556
0.802251 0.030556
0.802348 0.030556
0.802446 0.030556
0.802543 0.030556
0.802640 0.030556
0.802738 0.030556
0.802835 0.030556
0.802932 0.030556
0.803030 0.030556
0.803127 0.030556
0.803225 0.030556
0.803322 0.030556
0.803419 0.030556
0.803517 0.030556
0.803614 0.030556
0.803711 0.030556
0.803809 0.030556
0.803906 0.030556
0.804003 0.030556
0.804101 0.030556
0.804198 0.030556
0.804295 0.030556
0.804393 0.030556
0.804490 0.030556
0.804588 0.030556
0.804685 0.030556
0.804782 0.027778
0.804880 0.027778
0.804977 0.027778
0.805074 0.027778
0.805172 0.027778
0.805269 0.027778
0.805366 0.027778
0.805464 0.027778
0.805561 0.027778
0.805658 0.027778
0.805756 0.027778
0.805853 0.027778
0.805951 0.027778
0.806048 0.027778
0.806145 0.027778
0.806243 0.027778
0.806340 0.027778
0.806437 0.027778
0.806535 0.027778
0.806632 0.027778
0.806729 0.027778
0.806827 0.027778
0.806924 0.027778
0.807021 0.027778
0.807119 0.027778
0.807216 0.027778
0.807314 0.027778
0.807411 0.027778
0.807508 0.027778
0.807606 0.027778
0.807703 0.027778
0.807800 0.027778
0.807898 0.027778
0.807995 0.027778
0.808092 0.027778
0.808190 0.027778
0.808287 0.027778
0.808384 0.027778
0.808482 0.027778
0.808579 0.027778
0.808677 0.027778
0.808774 0.027778
0.808871 0.027778
0.808969 0.027778
0.809066 0.027778
0.809163 0.027778
0.809261 0.027778
0.809358 0.027778
0.809455 0.027778
0.809553 0.027778
0.809650 0.027778
0.809747 0.027778
0.809845 0.027778
0.809942 0.027778
0.810040 0.027778
0.810137 0.027778
0.810234 0.027778
0.810332 0.027778
0.810429 0.027778
0.810526 0.027778
0.810624 0.027778
0.810721 0.027778
0.810818 0.027778
0.810916 0.027778
0.811013 0.027778
0.811111 0.027778
0.811208 0.027778
0.811305 0.027778
0.811403 0.027778
0.811500 0.027778
0.811597 0.027778
0.811695 0.027778
0.811792 0.027778
0.811889 0.027778
0.811987 0.027778
0.812084 0.027778
0.812181 0.027778
0.812279 0.027778
0.812376 0.027778
0.812474 0.027778
0.812571 0.027778
0.812668 0.027778
0.812766 0.027778
0.812863 0.027778
0.812960 0.027778
0.813058 0.027778
0.813155 0.027778
0.813252 0.027778
0.813350 0.027778
0.813447 0.027778
0.813544 0.027778
0.813642 0.027778
0.813739 0.027778
0.813837 0.027778
0.813934 0.027778
0.814031 0.027778
0.814129 0.027778
0.814226 0.027778
0.814323 0.027778
0.814421 0.027778
0.814518 0.027778
0.814615 0.027778
0.814713 0.027778
0.814810 0.027778
0.814907 0.027778
0.815005 0.027778
0.815102 0.027778
0.815200 0.027778
0.815297 0.027778
0.815394 0.027778
0.815492 0.027778
0.815589 0.027778
0.815686 0.027778
0.815784 0.027778
0.815881 0.027778
0.815978 0.027778
0.816076 0.027778
0.816173 0.027778
0.816270 0.027778
0.816368 0.027778
0.816465 0.027778
0.816563 0.027778
0.816660 0.027778
0.816757 0.027778
0.816855 0.027778
0.816952 0.027778
0.817049 0.027778
0.817147 0.027778
0.817244 0.027778
0.817341 0.027778
0.817439 0.027778
0.817536 0.027778
0.817633 0.027778
0.817731 0.027778
0.817828 0.027778
0.817926 0.027778
0.818023 0.027778
0.818120 0.027778
0.818218 0.027778
0.818315 0.027778
0.818412 0.027778
0.818510 0.027778
0.818607 0.027778
0.818704 0.027778
0.818802 0.027778
0.818899 0.027778
0.818996 0.027778
0.819094 0.027778
0.819191 0.027778
0.819289 0.027778
0.819386 0.027778
0.819483 0.027778
0.819581 0.027778
0.819678 0.027778
0.819775 0.027778
0.819873 0.027778
0.819970 0.027778
0.820067 0.027778
0.820165 0.027778
0.820262 0.027778
0.820359 0.027778
0.820457 0.027778
0.820554 0.027778
0.820652 0.027778
0.820749 0.027778
0.820846 0.027778
0.820944 0.027778
0.821041 0.027778
0.821138 0.027778
0.821236 0.027778
0.821333 0.027778
0.821430 0.027778
0.821528 0.027778
0.821625 0.027778
0.821722 0.027778
0.821820 0.025000
0.821917 0.025000
0.822015 0.025000
0.822112 0.025000
0.822209 0.025000
0.822307 0.025000
0.822404 0.025000
0.822501 0.025000
0.822599 0.022222
0.822696 0.022222
0.822793 0.022222
0.822891 0.022222
0.822988 0.022222
0.823085 0.022222
0.823183 0.022222
0.823280 0.022222
0.823378 0.022222
0.823475 0.022222
0.823572 0.022222
0.823670 0.022222
0.823767 0.022222
0.823864 0.022222
0.823962 0.022222
0.824059 0.022222
0.824156 0.022222
0.824254 0.022222
0.824351 0.022222
0.824448 0.022222
0.824546 0.022222
0.824643 0.022222
0.824741 0.022222
0.824838 0.022222
0.824935 0.022222
0.825033 0.022222
0.825130 0.022222
0.825227 0.022222
0.825325 0.022222
0.825422 0.022222
0.825519 0.019444
0.825617 0.019444
0.825714 0.019444
0.825811 0.019444
0.825909 0.019444
0.826006 0.019444
0.826104 0.019444
0.826201 0.016667
0.826298 0.016667
0.826396 0.016667
0.826493 0.016667
0.826590 0.016667
0.826688 0.016667
0.826785 0.016667
0.826882 0.016667
0.826980 0.016667
0.827077 0.016667
0.827174 0.016667
0.827272 0.016667
0.827369 0.016667
0.827467 0.016667
0.827564 0.016667
0.827661 0.016667
0.827759 0.016667
0.827856 0.016667
0.827953 0.016667
0.828051 0.016667
0.828148 0.016667
0.828245 0.016667
0.828343 0.016667
0.828440 0.016667
0.828537 0.016667
0.828635 0.016667
0.828732 0.016667
0.828830 0.016667
0.828927 0.016667
0.829024 0.016667
0.829122 0.016667
0.829219 0.016667
0.829316 0.016667
0.829414 0.016667
0.829511 0.016667
0.829608 0.016667
0.829706 0.016667
0.829803 0.016667
0.829900 0.016667
0.829998 0.016667
0.830095 0.016667
0.830193 0.016667
0.830290 0.016667
0.830387 0.016667
0.830485 0.016667
0.830582 0.016667
0.830679 0.016667
0.830777 0.016667
0.830874 0.016667
0.830971 0.016667
0.831069 0.016667
0.831166 0.016667
0.831263 0.016667
0.831361 0.016667
0.831458 0.016667
0.831556 0.016667
0.831653 0.016667
0.831750 0.016667
0.831848 0.016667
0.831945 0.016667
0.832042 0.016667
0.832140 0.016667
0.832237 0.016667
0.832334 0.016667
0.832432 0.016667
0.832529 0.016667
0.832626 0.016667
0.832724 0.016667
0.832821 0.016667
0.832919 0.016667
0.833016 0.016667
0.833113 0.016667
0.833211 0.016667
0.833308 0.016667
0.833405 0.016667
0.833503 0.016667
0.833600 0.016667
0.833697 0.016667
0.833795 0.016667
0.833892 0.016667
0.833989 0.016667
0.834087 0.016667
0.834184 0.016667
0.834282 0.016667
0.834379 0.016667
0.834476 0.016667
0.834574 0.016667
0.834671 0.016667
0.834768 0.016667
0.834866 0.016667
0.834963 0.016667
0.835060 0.016667
0.835158 0.016667
0.835255 0.016667
0.835352 0.016667
0.835450 0.016667
0.835547 0.016667
0.835645 0.016667
0.835742 0.016667
0.835839 0.016667
0.835937 0.016667
0.836034 0.016667
0.836131 0.016667
0.836229 0.016667
0.836326 0.013889
0.836423 0.013889
0.836521 0.013889
0.836618 0.013889
0.836715 0.013889
0.836813 0.013889
0.836910 0.013889
0.837008 0.013889
0.837105 0.013889
0.837202 0.013889
0.837300 0.013889
0.837397 0.013889
0.837494 0.013889
0.837592 0.013889
0.837689 0.013889
0.837786 0.013889
0.837884 0.013889
0.837981 0.013889
0.838078 0.013889
0.838176 0.013889
0.838273 0.013889
0.838371 0.013889
0.838468 0.013889
0.838565 0.013889
0.838663 0.013889
0.838760 0.013889
0.838857 0.013889
0.838955 0.013889
0.839052 0.013889
0.839149 0.013889
0.839247 0.013889
0.839344 0.013889
0.839441 0.013889
0.839539 0.013889
0.839636 0.013889
0.839734 0.013889
0.839831 0.013889
0.839928 0.013889
0.840026 0.013889
0.840123 0.013889
0.840220 0.013889
0.840318 0.013889
0.840415 0.013889
0.840512 0.013889
0.840610 0.013889
0.840707 0.013889
0.840804 0.013889
0.840902 0.013889
0.840999 0.013889
0.841097 0.013889
0.841194 0.013889
0.841291 0.013889
0.841389 0.013889
0.841486 0.013889
0.841583 0.013889
0.841681 0.013889
0.841778 0.013889
0.841875 0.013889
0.841973 0.013889
0.842070 0.013889
0.842167 0.013889
0.842265 0.013889
0.842362 0.013889
0.842460 0.013889
0.842557 0.013889
0.842654 0.013889
0.842752 0.013889
0.842849 0.013889
0.842946 0.013889
0.843044 0.013889
0.843141 0.013889
0.843238 0.013889
0.843336 0.013889
0.843433 0.013889
0.843530 0.013889
0.843628 0.013889
0.843725 0.013889
0.843823 0.013889
0.843920 0.013889
0.844017 0.013889
0.844115 0.013889
0.844212 0.013889
0.844309 0.013889
0.844407 0.013889
0.844504 0.013889
0.844601 0.013889
0.844699 0.013889
0.844796 0.013889
0.844893 0.013889
0.844991 0.013889
0.845088 0.013889
0.845186 0.013889
0.845283 0.013889
0.845380 0.013889
0.845478 0.013889
0.845575 0.013889
0.845672 0.013889
0.845770 0.013889
0.845867 0.013889
0.845964 0.013889
0.846062 0.013889
0.846159 0.013889
0.846256 0.013889
0.846354 0.013889
0.846451 0.013889
0.846549 0.013889
0.846646 0.013889
0.846743 0.013889
0.846841 0.013889
0.846938 0.013889
0.847035 0.013889
0.847133 0.013889
0.847230 0.013889
0.847327 0.013889
0.847425 0.013889
0.847522 0.013889
0.847619 0.013889
0.847717 0.013889
0.847814 0.013889
0.847912 0.013889
0.848009 0.013889
0.848106 0.013889
0.848204 0.013889
0.848301 0.013889
0.848398 0.013889
0.848496 0.013889
0.848593 0.013889
0.848690 0.013889
0.848788 0.013889
0.848885 0.013889
0.848983 0.013889
0.849080 0.013889
0.849177 0.013889
0.849275 0.013889
0.849372 0.013889
0.849469 0.013889
0.849567 0.011111
0.849664 0.011111
0.849761 0.011111
0.849859 0.011111
0.849956 0.011111
0.850053 0.011111
0.850151 0.011111
0.850248 0.011111
0.850346 0.011111
0.850443 0.011111
0.850540 0.011111
0.850638 0.011111
0.850735 0.011111
0.850832 0.011111
0.850930 0.011111
0.851027 0.011111
0.851124 0.011111
0.851222 0.011111
0.851319 0.008333
0.851416 0.008333
0.851514 0.008333
0.851611 0.008333
0.851709 0.008333
0.851806 0.008333
0.851903 0.008333
0.852001 0.008333
0.852098 0.008333
0.852195 0.008333
0.852293 0.008333
0.852390 0.008333
0.852487 0.008333
0.852585 0.008333
0.852682 0.008333
0.852779 0.008333
0.852877 0.008333
0.852974 0.008333
0.853072 0.008333
0.853169 0.008333
0.853266 0.008333
0.853364 0.008333
0.853461 0.008333
0.853558 0.008333
0.853656 0.008333
0.853753 0.008333
0.853850 0.008333
0.853948 0.008333
0.854045 0.008333
0.854142 0.008333
0.854240 0.008333
0.854337 0.008333
0.854435 0.008333
0.854532 0.008333
0.854629 0.008333
0.854727 0.008333
0.854824 0.008333
0.854921 0.008333
0.855019 0.008333
0.855116 0.008333
0.855213 0.008333
0.855311 0.008333
0.855408 0.008333
0.855505 0.008333
0.855603 0.008333
0.855700 0.008333
0.855798 0.008333
0.855895 0.008333
0.855992 0.008333
0.856090 0.008333
0.856187 0.008333
0.856284 0.008333
0.856382 0.008333
0.856479 0.008333
0.856576 0.008333
0.856674 0.008333
0.856771 0.008333
0.856868 0.008333
0.856966 0.008333
0.857063 0.008333
0.857161 0.008333
0.857258 0.008333
0.857355 0.008333
0.857453 0.008333
0.857550 0.008333
0.857647 0.008333
0.857745 0.008333
0.857842 0.008333
0.857939 0.008333
0.858037 0.008333
0.858134 0.008333
0.858231 0.008333
0.858329 0.008333
0.858426 0.008333
0.858524 0.008333
0.858621 0.008333
0.858718 0.008333
0.858816 0.008333
0.858913 0.008333
0.859010 0.008333
0.859108 0.008333
0.859205 0.008333
0.859302 0.008333
0.859400 0.008333
0.859497 0.008333
0.859594 0.008333
0.859692 0.008333
0.859789 0.008333
0.859887 0.008333
0.859984 0.008333
0.860081 0.008333
0.860179 0.008333
0.860276 0.008333
0.860373 0.008333
0.860471 0.008333
0.860568 0.008333
0.860665 0.008333
0.860763 0.008333
0.860860 0.008333
0.860957 0.008333
0.861055 0.008333
0.861152 0.008333
0.861250 0.008333
0.861347 0.008333
0.861444 0.008333
0.861542 0.008333
0.861639 0.008333
0.861736 0.008333
0.861834 0.008333
0.861931 0.008333
0.862028 0.008333
0.862126 0.008333
0.862223 0.008333
0.862320 0.008333
0.862418 0.008333
0.862515 0.008333
0.862613 0.008333
0.862710 0.008333
0.862807 0.008333
0.862905 0.008333
0.863002 0.008333
0.863099 0.008333
0.863197 0.008333
0.863294 0.008333
0.863391 0.008333
0.863489 0.008333
0.863586 0.008333
0.863683 0.008333
0.863781 0.008333
0.863878 0.008333
0.863976 0.008333
0.864073 0.008333
0.864170 0.008333
0.864268 0.008333
0.864365 0.008333
0.864462 0.008333
0.864560 0.008333
0.864657 0.008333
0.864754 0.008333
0.864852 0.008333
0.864949 0.008333
0.865046 0.008333
0.865144 0.008333
0.865241 0.008333
0.865339 0.008333
0.865436 0.008333
0.865533 0.008333
0.865631 0.008333
0.865728 0.008333
0.865825 0.008333
0.865923 0.008333
0.866020 0.008333
0.866117 0.008333
0.866215 0.008333
0.866312 0.008333
0.866409 0.008333
0.866507 0.008333
0.866604 0.008333
0.866702 0.008333
0.866799 0.008333
0.866896 0.008333
0.866994 0.008333
0.867091 0.008333
0.867188 0.008333
0.867286 0.008333
0.867383 0.008333
0.867480 0.008333
0.867578 0.008333
0.867675 0.008333
0.867772 0.008333
0.867870 0.008333
0.867967 0.008333
0.868065 0.008333
0.868162 0.008333
0.868259 0.008333
0.868357 0.008333
0.868454 0.008333
0.868551 0.008333
0.868649 0.008333
0.868746 0.008333
0.868843 0.008333
0.868941 0.008333
0.869038 0.008333
0.869135 0.008333
0.869233 0.008333
0.869330 0.008333
0.869428 0.008333
0.869525 0.008333
0.869622 0.008333
0.869720 0.008333
0.869817 0.008333
0.869914 0.008333
0.870012 0.008333
0.870109 0.008333
0.870206 0.008333
0.870304 0.008333
0.870401 0.008333
0.870498 0.008333
0.870596 0.008333
0.870693 0.008333
0.870791 0.008333
0.870888 0.008333
0.870985 0.008333
0.871083 0.008333
0.871180 0.008333
0.871277 0.008333
0.871375 0.008333
0.871472 0.008333
0.871569 0.008333
0.871667 0.008333
0.871764 0.008333
0.871861 0.008333
0.871959 0.008333
0.872056 0.008333
0.872154 0.008333
0.872251 0.008333
0.872348 0.008333
0.872446 0.008333
0.872543 0.008333
0.872640 0.008333
0.872738 0.008333
0.872835 0.008333
0.872932 0.008333
0.873030 0.008333
0.873127 0.008333
0.873224 0.008333
0.873322 0.008333
0.873419 0.008333
0.873517 0.008333
0.873614 0.008333
0.873711 0.008333
0.873809 0.008333
0.873906 0.008333
0.874003 0.008333
0.874101 0.008333
0.874198 0.008333
0.874295 0.008333
0.874393 0.008333
0.874490 0.008333
0.874587 0.008333
0.874685 0.008333
0.874782 0.008333
0.874880 0.008333
0.874977 0.008333
0.875074 0.008333
0.875172 0.008333
0.875269 0.008333
0.875366 0.008333
0.875464 0.008333
0.875561 0.008333
0.875658 0.008333
0.875756 0.008333
0.875853 0.008333
0.875950 0.008333
0.876048 0.008333
0.876145 0.008333
0.876243 0.008333
0.876340 0.008333
0.876437 0.008333
0.876535 0.008333
0.876632 0.008333
0.876729 0.008333
0.876827 0.008333
0.876924 0.008333
0.877021 0.008333
0.877119 0.008333
0.877216 0.008333
0.877313 0.008333
0.877411 0.008333
0.877508 0.008333
0.877606 0.008333
0.877703 0.008333
0.877800 0.008333
0.877898 0.008333
0.877995 0.008333
0.878092 0.008333
0.878190 0.008333
0.878287 0.008333
0.878384 0.008333
0.878482 0.008333
0.878579 0.008333
0.878676 0.008333
0.878774 0.008333
0.878871 0.008333
0.878969 0.008333
0.879066 0.008333
0.879163 0.008333
0.879261 0.008333
0.879358 0.008333
0.879455 0.008333
0.879553 0.008333
0.879650 0.008333
0.879747 0.008333
0.879845 0.008333
0.879942 0.008333
0.880039 0.008333
0.880137 0.008333
0.880234 0.008333
0.880332 0.008333
0.880429 0.008333
0.880526 0.008333
0.880624 0.008333
0.880721 0.008333
0.880818 0.008333
0.880916 0.008333
0.881013 0.008333
0.881110 0.008333
0.881208 0.008333
0.881305 0.008333
0.881402 0.008333
0.881500 0.008333
0.881597 0.008333
0.881695 0.008333
0.881792 0.008333
0.881889 0.008333
0.881987 0.008333
0.882084 0.008333
0.882181 0.008333
0.882279 0.008333
0.882376 0.008333
0.882473 0.008333
0.882571 0.008333
0.882668 0.008333
0.882765 0.008333
0.882863 0.008333
0.882960 0.008333
0.883058 0.008333
0.883155 0.008333
0.883252 0.008333
0.883350 0.008333
0.883447 0.008333
0.883544 0.008333
0.883642 0.008333
0.883739 0.008333
0.883836 0.008333
0.883934 0.008333
0.884031 0.008333
0.884128 0.005556
0.884226 0.005556
0.884323 0.005556
0.884421 0.005556
0.884518 0.005556
0.884615 0.005556
0.884713 0.005556
0.884810 0.005556
0.884907 0.005556
0.885005 0.005556
0.885102 0.005556
0.885199 0.005556
0.885297 0.005556
0.885394 0.005556
0.885491 0.005556
0.885589 0.005556
0.885686 0.005556
0.885784 0.005556
0.885881 0.005556
0.885978 0.005556
0.886076 0.005556
0.886173 0.005556
0.886270 0.005556
0.886368 0.005556
0.886465 0.005556
0.886562 0.005556
0.886660 0.005556
0.886757 0.005556
0.886855 0.005556
0.886952 0.005556
0.887049 0.005556
0.887147 0.005556
0.887244 0.005556
0.887341 0.005556
0.887439 0.005556
0.887536 0.005556
0.887633 0.005556
0.887731 0.005556
0.887828 0.005556
0.887925 0.005556
0.888023 0.005556
0.888120 0.005556
0.888218 0.005556
0.888315 0.005556
0.888412 0.005556
0.888510 0.005556
0.888607 0.005556
0.888704 0.005556
0.888802 0.005556
0.888899 0.005556
0.888996 0.005556
0.889094 0.005556
0.889191 0.005556
0.889288 0.005556
0.889386 0.005556
0.889483 0.005556
0.889581 0.005556
0.889678 0.005556
0.889775 0.005556
0.889873 0.005556
0.889970 0.005556
0.890067 0.005556
0.890165 0.005556
0.890262 0.005556
0.890359 0.005556
0.890457 0.005556
0.890554 0.005556
0.890651 0.005556
0.890749 0.005556
0.890846 0.005556
0.890944 0.005556
0.891041 0.005556
0.891138 0.005556
0.891236 0.005556
0.891333 0.005556
0.891430 0.005556
0.891528 0.005556
0.891625 0.005556
0.891722 0.005556
0.891820 0.005556
0.891917 0.005556
0.892014 0.005556
0.892112 0.005556
0.892209 0.005556
0.892307 0.005556
0.892404 0.005556
0.892501 0.005556
0.892599 0.005556
0.892696 0.005556
0.892793 0.005556
0.892891 0.005556
0.892988 0.005556
0.893085 0.005556
0.893183 0.005556
0.893280 0.005556
0.893377 0.005556
0.893475 0.005556
0.893572 0.005556
0.893670 0.005556
0.893767 0.005556
0.893864 0.005556
0.893962 0.005556
0.894059 0.005556
0.894156 0.005556
0.894254 0.005556
0.894351 0.005556
0.894448 0.005556
0.894546 0.005556
0.894643 0.005556
0.894740 0.005556
0.894838 0.005556
0.894935 0.005556
0.895033 0.005556
0.895130 0.005556
0.895227 0.005556
0.895325 0.005556
0.895422 0.002778
0.895519 0.002778
0.895617 0.002778
0.895714 0.002778
0.895811 0.002778
0.895909 0.002778
0.896006 0.002778
0.896103 0.002778
0.896201 0.002778
0.896298 0.002778
0.896396 0.002778
0.896493 0.002778
0.896590 0.002778
0.896688 0.002778
0.896785 0.002778
0.896882 0.002778
0.896980 0.002778
0.897077 0.002778
0.897174 0.002778
0.897272 0.002778
0.897369 0.002778
0.897466 0.002778
0.897564 0.002778
0.897661 0.002778
0.897759 0.002778
0.897856 0.002778
0.897953 0.002778
0.898051 0.002778
0.898148 0.002778
0.898245 0.002778
0.898343 0.002778
0.898440 0.002778
0.898537 0.002778
0.898635 0.002778
0.898732 0.002778
0.898829 0.002778
0.898927 0.002778
0.899024 0.002778
0.899122 0.002778
0.899219 0.002778
0.899316 0.002778
0.899414 0.002778
0.899511 0.002778
0.899608 0.002778
0.899706 0.002778
0.899803 0.002778
0.899900 0.002778
0.899998 0.002778
0.900095 0.002778
0.900192 0.002778
0.900290 0.002778
0.900387 0.002778
0.900485 0.002778
0.900582 0.002778
0.900679 0.002778
0.900777 0.002778
0.900874 0.002778
0.900971 0.002778
0.901069 0.002778
0.901166 0.002778
0.901263 0.002778
0.901361 0.002778
0.901458 0.002778
0.901555 0.002778
0.901653 0.002778
0.901750 0.002778
0.901848 0.002778
0.901945 0.002778
0.902042 0.002778
0.902140 0.002778
0.902237 0.002778
0.902334 0.002778
0.902432 0.002778
0.902529 0.002778
0.902626 0.002778
0.902724 0.002778
0.902821 0.002778
0.902918 0.002778
0.903016 0.002778
0.903113 0.002778
0.903211 0.002778
0.903308 0.002778
0.903405 0.002778
0.903503 0.002778
0.903600 0.002778
0.903697 0.002778
0.903795 0.002778
0.903892 0.002778
0.903989 0.002778
0.904087 0.002778
0.904184 0.002778
0.904281 0.002778
0.904379 0.002778
0.904476 0.002778
0.904574 0.002778
0.904671 0.002778
0.904768 0.002778
0.904866 0.002778
0.904963 0.002778
0.905060 0.002778
0.905158 0.002778
0.905255 0.002778
0.905352 0.002778
0.905450 0.002778
0.905547 0.002778
0.905644 0.002778
0.905742 0.002778
0.905839 0.002778
0.905937 0.002778
0.906034 0.002778
0.906131 0.002778
0.906229 0.002778
0.906326 0.002778
0.906423 0.002778
0.906521 0.002778
0.906618 0.002778
0.906715 0.002778
0.906813 0.002778
0.906910 0.002778
0.907007 0.002778
0.907105 0.002778
0.907202 0.002778
0.907300 0.002778
0.907397 0.002778
0.907494 0.002778
0.907592 0.002778
0.907689 0.002778
0.907786 0.002778
0.907884 0.002778
0.907981 0.002778
0.908078 0.002778
0.908176 0.002778
0.908273 0.002778
0.908370 0.002778
0.908468 0.002778
0.908565 0.002778
0.908663 0.002778
0.908760 0.002778
0.908857 0.002778
0.908955 0.002778
0.909052 0.002778
0.909149 0.002778
0.909247 0.002778
0.909344 0.002778
0.909441 0.002778
0.909539 0.002778
0.909636 0.002778
0.909733 0.002778
0.909831 0.002778
0.909928 0.002778
0.910026 0.002778
0.910123 0.002778
0.910220 0.002778
0.910318 0.002778
0.910415 0.002778
0.910512 0.002778
0.910610 0.002778
0.910707 0.002778
0.910804 0.002778
0.910902 0.002778
0.910999 0.002778
0.911096 0.002778
0.911194 0.002778
0.911291 0.002778
0.911389 0.002778
0.911486 0.002778
0.911583 0.002778
0.911681 0.002778
0.911778 0.002778
0.911875 0.002778
0.911973 0.002778
0.912070 0.002778
0.912167 0.002778
0.912265 0.002778
0.912362 0.002778
0.912459 0.002778
0.912557 0.002778
0.912654 0.002778
0.912752 0.002778
0.912849 0.002778
0.912946 0.002778
0.913044 0.002778
0.913141 0.002778
0.913238 0.002778
0.913336 0.002778
0.913433 0.002778
0.913530 0.002778
0.913628 0.002778
0.913725 0.002778
0.913822 0.002778
0.913920 0.002778
0.914017 0.002778
0.914115 0.002778
0.914212 0.002778
0.914309 0.002778
0.914407 0.002778
0.914504 0.002778
0.914601 0.002778
0.914699 0.002778
0.914796 0.002778
0.914893 0.002778
0.914991 0.002778
0.915088 0.002778
0.915185 0.002778
0.915283 0.002778
0.915380 0.002778
0.915478 0.002778
0.915575 0.002778
0.915672 0.002778
0.915770 0.002778
0.915867 0.002778
0.915964 0.002778
0.916062 0.002778
0.916159 0.002778
0.916256 0.002778
0.916354 0.002778
0.916451 0.002778
0.916548 0.002778
0.916646 0.002778
0.916743 0.002778
0.916841 0.002778
0.916938 0.002778
0.917035 0.002778
0.917133 0.002778
0.917230 0.002778
0.917327 0.002778
0.917425 0.002778
0.917522 0.002778
0.917619 0.002778
0.917717 0.002778
0.917814 0.002778
0.917911 0.002778
0.918009 0.002778
0.918106 0.002778
0.918204 0.002778
0.918301 0.002778
0.918398 0.002778
0.918496 0.002778
0.918593 0.002778
0.918690 0.002778
0.918788 0.002778
0.918885 0.002778
0.918982 0.002778
0.919080 0.002778
0.919177 0.002778
0.919274 0.002778
0.919372 0.002778
0.919469 0.002778
0.919567 0.002778
0.919664 0.002778
0.919761 0.002778
0.919859 0.002778
0.919956 0.002778
0.920053 0.002778
0.920151 0.002778
0.920248 0.002778
0.920345 0.002778
0.920443 0.002778
0.920540 0.002778
0.920637 0.002778
0.920735 0.002778
0.920832 0.002778
0.920930 0.002778
0.921027 0.002778
0.921124 0.002778
0.921222 0.002778
0.921319 0.002778
0.921416 0.002778
0.921514 0.002778
0.921611 0.002778
0.921708 0.002778
0.921806 0.002778
0.921903 0.002778
0.922000 0.002778
0.922098 0.002778
0.922195 0.002778
0.922293 0.002778
0.922390 0.002778
0.922487 0.002778
0.922585 0.002778
0.922682 0.002778
0.922779 0.002778
0.922877 0.002778
0.922974 0.002778
0.923071 0.002778
0.923169 0.002778
0.923266 0.002778
0.923363 0.002778
0.923461 0.002778
0.923558 0.002778
0.923656 0.002778
0.923753 0.002778
0.923850 0.002778
0.923948 0.002778
0.924045 0.002778
0.924142 0.002778
0.924240 0.002778
0.924337 0.002778
0.924434 0.002778
0.924532 0.002778
0.924629 0.002778
0.924727 0.002778
0.924824 0.002778
0.924921 0.002778
0.925019 0.002778
0.925116 0.002778
0.925213 0.002778
0.925311 0.002778
0.925408 0.002778
0.925505 0.002778
0.925603 0.002778
0.925700 0.002778
0.925797 0.002778
0.925895 0.002778
0.925992 0.002778
0.926090 0.002778
0.926187 0.002778
0.926284 0.002778
0.926382 0.002778
0.926479 0.002778
0.926576 0.002778
0.926674 0.002778
0.926771 0.002778
0.926868 0.002778
0.926966 0.002778
0.927063 0.002778
0.927160 0.002778
0.927258 0.002778
0.927355 0.002778
0.927453 0.002778
0.927550 0.002778
0.927647 0.002778
0.927745 0.002778
0.927842 0.002778
0.927939 0.002778
0.928037 0.002778
0.928134 0.002778
0.928231 0.002778
0.928329 0.002778
0.928426 0.002778
0.928523 0.002778
0.928621 0.002778
0.928718 0.002778
0.928816 0.002778
0.928913 0.002778
0.929010 0.002778
0.929108 0.002778
0.929205 0.002778
0.929302 0.002778
0.929400 0.002778
0.929497 0.002778
0.929594 0.002778
0.929692 0.002778
0.929789 0.002778
0.929886 0.002778
0.929984 0.002778
0.930081 0.002778
0.930179 0.002778
0.930276 0.002778
0.930373 0.002778
0.930471 0.002778
0.930568 0.002778
0.930665 0.002778
0.930763 0.002778
0.930860 0.002778
0.930957 0.002778
0.931055 0.002778
0.931152 0.002778
0.931249 0.002778
0.931347 0.002778
0.931444 0.002778
0.931542 0.002778
0.931639 0.002778
0.931736 0.002778
0.931834 0.002778
0.931931 0.002778
0.932028 0.002778
0.932126 0.002778
0.932223 0.002778
0.932320 0.002778
0.932418 0.002778
0.932515 0.002778
0.932612 0.002778
0.932710 0.002778
0.932807 0.002778
0.932905 0.002778
0.933002 0.002778
0.933099 0.002778
0.933197 0.002778
0.933294 0.002778
0.933391 0.002778
0.933489 0.002778
0.933586 0.002778
0.933683 0.002778
0.933781 0.002778
0.933878 0.002778
0.933975 0.002778
0.934073 0.002778
0.934170 0.002778
0.934268 0.002778
0.934365 0.002778
0.934462 0.002778
0.934560 0.002778
0.934657 0.002778
0.934754 0.002778
0.934852 0.002778
0.934949 0.002778
0.935046 0.002778
0.935144 0.002778
0.935241 0.002778
0.935338 0.002778
0.935436 0.002778
0.935533 0.002778
0.935631 0.002778
0.935728 0.002778
0.935825 0.002778
0.935923 0.002778
0.936020 0.002778
0.936117 0.002778
0.936215 0.002778
0.936312 0.002778
0.936409 0.002778
0.936507 0.002778
0.936604 0.002778
0.936701 0.002778
0.936799 0.002778
0.936896 0.002778
0.936994 0.002778
0.937091 0.002778
0.937188 0.002778
0.937286 0.002778
0.937383 0.002778
0.937480 0.002778
0.937578 0.002778
0.937675 0.002778
0.937772 0.002778
0.937870 0.002778
0.937967 0.002778
0.938064 0.002778
0.938162 0.002778
0.938259 0.002778
0.938357 0.002778
0.938454 0.000000
0.938551 0.000000
0.938649 0.000000
0.938746 0.000000
0.938843 0.000000
0.938941 0.000000
0.939038 0.000000
0.939135 0.000000
0.939233 0.000000
0.939330 0.000000
0.939427 0.000000
0.939525 0.000000
0.939622 0.000000
0.939720 0.000000
0.939817 0.000000
0.939914 0.000000
0.940012 0.000000
0.940109 0.000000
0.940206 0.000000
0.940304 0.000000
0.940401 0.000000
0.940498 0.000000
0.940596 0.000000
0.940693 0.000000
0.940790 0.000000
0.940888 0.000000
0.940985 0.000000
0.941083 0.000000
0.941180 0.000000
0.941277 0.000000
0.941375 0.000000
0.941472 0.000000
0.941569 0.000000
0.941667 0.000000
0.941764 0.000000
0.941861 0.000000
0.941959 0.000000
0.942056 0.000000
0.942153 0.000000
0.942251 0.000000
0.942348 0.000000
0.942446 0.000000
0.942543 0.000000
0.942640 0.000000
0.942738 0.000000
0.942835 0.000000
0.942932 0.000000
0.943030 0.000000
0.943127 0.000000
0.943224 0.000000
0.943322 0.000000
0.943419 0.000000
0.943516 0.000000
0.943614 0.000000
0.943711 0.000000
0.943809 0.000000
0.943906 0.000000
0.944003 0.000000
0.944101 0.000000
0.944198 0.000000
0.944295 0.000000
0.944393 0.000000
0.944490 0.000000
0.944587 0.000000
0.944685 0.000000
0.944782 0.000000
0.944879 0.000000
0.944977 0.000000
0.945074 0.000000
0.945172 0.000000
0.945269 0.000000
0.945366 0.000000
0.945464 0.000000
0.945561 0.000000
0.945658 0.000000
0.945756 0.000000
0.945853 0.000000
0.945950 0.000000
0.946048 0.000000
0.946145 0.000000
0.946242 0.000000
0.946340 0.000000
0.946437 0.000000
0.946535 0.000000
0.946632 0.000000
0.946729 0.000000
0.946827 0.000000
0.946924 0.000000
0.947021 0.000000
0.947119 0.000000
0.947216 0.000000
0.947313 0.000000
0.947411 0.000000
0.947508 0.000000
0.947605 0.000000
0.947703 0.000000
0.947800 0.000000
0.947898 0.000000
0.947995 0.000000
0.948092 0.000000
0.948190 0.000000
0.948287 0.000000
0.948384 0.000000
0.948482 0.000000
0.948579 0.000000
0.948676 0.000000
0.948774 0.000000
0.948871 0.000000
0.948968 0.000000
0.949066 0.000000
0.949163 0.000000
0.949261 0.000000
0.949358 0.000000
0.949455 0.000000
0.949553 0.000000
0.949650 0.000000
0.949747 0.000000
0.949845 0.000000
0.949942 0.000000
0.950039 0.000000
0.950137 0.000000
0.950234 0.000000
0.950331 0.000000
0.950429 0.000000
0.950526 0.000000
0.950624 0.000000
0.950721 0.000000
0.950818 0.000000
0.950916 0.000000
0.951013 0.000000
0.951110 0.000000
0.951208 0.000000
0.951305 0.000000
0.951402 0.000000
0.951500 0.000000
0.951597 0.000000
0.951694 0.000000
0.951792 0.000000
0.951889 0.000000
0.951987 0.000000
0.952084 0.000000
0.952181 0.000000
0.952279 0.000000
0.952376 0.000000
0.952473 0.000000
0.952571 0.000000
0.952668 0.000000
0.952765 0.000000
0.952863 0.000000
0.952960 0.000000
0.953057 0.000000
0.953155 0.000000
0.953252 0.000000
0.953350 0.000000
0.953447 0.000000
0.953544 0.000000
0.953642 0.000000
0.953739 0.000000
0.953836 0.000000
0.953934 0.000000
0.954031 0.000000
0.954128 0.000000
0.954226 0.000000
0.954323 0.000000
0.954420 0.000000
0.954518 0.000000
0.954615 0.000000
0.954713 0.000000
0.954810 0.000000
0.954907 0.000000
0.955005 0.000000
0.955102 0.000000
0.955199 0.000000
0.955297 0.000000
0.955394 0.000000
0.955491 0.000000
0.955589 0.000000
0.955686 0.000000
0.955783 0.000000
0.955881 0.000000
0.955978 0.000000
0.956076 0.000000
0.956173 0.000000
0.956270 0.000000
0.956368 0.000000
0.956465 0.000000
0.956562 0.000000
0.956660 0.000000
0.956757 0.000000
0.956854 0.000000
0.956952 0.000000
0.957049 0.000000
0.957146 0.000000
0.957244 0.000000
0.957341 0.000000
0.957439 0.000000
0.957536 0.000000
0.957633 0.000000
0.957731 0.000000
0.957828 0.000000
0.957925 0.000000
0.958023 0.000000
0.958120 0.000000
0.958217 0.000000
0.958315 0.000000
0.958412 0.000000
0.958509 0.000000
0.958607 0.000000
0.958704 0.000000
0.958802 0.000000
0.958899 0.000000
0.958996 0.000000
0.959094 0.000000
0.959191 0.000000
0.959288 0.000000
0.959386 0.000000
0.959483 0.000000
0.959580 0.000000
0.959678 0.000000
0.959775 0.000000
0.959872 0.000000
0.959970 0.000000
0.960067 0.000000
0.960165 0.000000
0.960262 0.000000
0.960359 0.000000
0.960457 0.000000
0.960554 0.000000
0.960651 0.000000
0.960749 0.000000
0.960846 0.000000
0.960943 0.000000
0.961041 0.000000
0.961138 0.000000
0.961235 0.000000
0.961333 0.000000
0.961430 0.000000
0.961528 0.000000
0.961625 0.000000
0.961722 0.000000
0.961820 0.000000
0.961917 0.000000
0.962014 0.000000
0.962112 0.000000
0.962209 0.000000
0.962306 0.000000
0.962404 0.000000
0.962501 0.000000
0.962599 0.000000
0.962696 0.000000
0.962793 0.000000
0.962891 0.000000
0.962988 0.000000
0.963085 0.000000
0.963183 0.000000
0.963280 0.000000
0.963377 0.000000
0.963475 0.000000
0.963572 0.000000
0.963669 0.000000
0.963767 0.000000
0.963864 0.000000
0.963962 0.000000
0.964059 0.000000
0.964156 0.000000
0.964254 0.000000
0.964351 0.000000
0.964448 0.000000
0.964546 0.000000
0.964643 0.000000
0.964740 0.000000
0.964838 0.000000
0.964935 0.000000
0.965032 0.000000
0.965130 0.000000
0.965227 0.000000
0.965325 0.000000
0.965422 0.000000
0.965519 0.000000
0.965617 0.000000
0.965714 0.000000
0.965811 0.000000
0.965909 0.000000
0.966006 0.000000
0.966103 0.000000
0.966201 0.000000
0.966298 0.000000
0.966395 0.000000
0.966493 0.000000
0.966590 0.000000
0.966688 0.000000
0.966785 0.000000
0.966882 0.000000
0.966980 0.000000
0.967077 0.000000
0.967174 0.000000
0.967272 0.000000
0.967369 0.000000
0.967466 0.000000
0.967564 0.000000
0.967661 0.000000
0.967758 0.000000
0.967856 0.000000
0.967953 0.000000
0.968051 0.000000
0.968148 0.000000
0.968245 0.000000
0.968343 0.000000
0.968440 0.000000
0.968537 0.000000
0.968635 0.000000
0.968732 0.000000
0.968829 0.000000
0.968927 0.000000
0.969024 0.000000
0.969121 0.000000
0.969219 0.000000
0.969316 0.000000
0.969414 0.000000
0.969511 0.000000
0.969608 0.000000
0.969706 0.000000
0.969803 0.000000
0.969900 0.000000
0.969998 0.000000
0.970095 0.000000
0.970192 0.000000
0.970290 0.000000
0.970387 0.000000
0.970484 0.000000
0.970582 0.000000
0.970679 0.000000
0.970777 0.000000
0.970874 0.000000
0.970971 0.000000
0.971069 0.000000
0.971166 0.000000
0.971263 0.000000
0.971361 0.000000
0.971458 0.000000
0.971555 0.000000
0.971653 0.000000
0.971750 0.000000
0.971847 0.000000
0.971945 0.000000
0.972042 0.000000
0.972140 0.000000
0.972237 0.000000
0.972334 0.000000
0.972432 0.000000
0.972529 0.000000
0.972626 0.000000
0.972724 0.000000
0.972821 0.000000
0.972918 0.000000
0.973016 0.000000
0.973113 0.000000
0.973210 0.000000
0.973308 0.000000
0.973405 0.000000
0.973503 0.000000
0.973600 0.000000
0.973697 0.000000
0.973795 0.000000
0.973892 0.000000
0.973989 0.000000
0.974087 0.000000
0.974184 0.000000
0.974281 0.000000
0.974379 0.000000
0.974476 0.000000
0.974573 0.000000
0.974671 0.000000
0.974768 0.000000
0.974866 0.000000
0.974963 0.000000
0.975060 0.000000
0.975158 0.000000
0.975255 0.000000
0.975352 0.000000
0.975450 0.000000
0.975547 0.000000
0.975644 0.000000
0.975742 0.000000
0.975839 0.000000
0.975936 0.000000
0.976034 0.000000
0.976131 0.000000
0.976229 0.000000
0.976326 0.000000
0.976423 0.000000
0.976521 0.000000
