# Threshold Efficiency
0.003045 1.000000
0.003142 1.000000
0.003239 1.000000
0.003337 1.000000
0.003434 1.000000
0.003531 1.000000
0.003629 1.000000
0.003726 1.000000
0.003824 1.000000
0.003921 1.000000
0.004018 1.000000
0.004116 1.000000
0.004213 1.000000
0.004310 1.000000
0.004408 1.000000
0.004505 1.000000
0.004602 1.000000
0.004700 1.000000
0.004797 1.000000
0.004894 1.000000
0.004992 1.000000
0.005089 1.000000
0.005187 1.000000
0.005284 1.000000
0.005381 1.000000
0.005479 1.000000
0.005576 1.000000
0.005673 1.000000
0.005771 1.000000
0.005868 1.000000
0.005965 1.000000
0.006063 1.000000
0.006160 1.000000
0.006257 1.000000
0.006355 1.000000
0.006452 1.000000
0.006550 1.000000
0.006647 1.000000
0.006744 1.000000
0.006842 1.000000
0.006939 1.000000
0.007036 1.000000
0.007134 1.000000
0.007231 1.000000
0.007328 1.000000
0.007426 1.000000
0.007523 1.000000
0.007620 1.000000
0.007718 1.000000
0.007815 1.000000
0.007913 1.000000
0.008010 1.000000
0.008107 1.000000
0.008205 1.000000
0.008302 1.000000
0.008399 1.000000
0.008497 1.000000
0.008594 1.000000
0.008691 1.000000
0.008789 1.000000
0.008886 1.000000
0.008983 1.000000
0.009081 1.000000
0.009178 1.000000
0.009276 1.000000
0.009373 1.000000
0.009470 1.000000
0.009568 1.000000
0.009665 1.000000
0.009762 1.000000
0.009860 1.000000
0.009957 1.000000
0.010054 1.000000
0.010152 1.000000
0.010249 1.000000
0.010346 1.000000
0.010444 1.000000
0.010541 1.000000
0.010639 1.000000
0.010736 1.000000
0.010833 1.000000
0.010931 1.000000
0.011028 1.000000
0.011125 1.000000
0.011223 1.000000
0.011320 1.000000
0.011417 1.000000
0.011515 1.000000
0.011612 1.000000
0.011709 1.000000
0.011807 1.000000
0.011904 1.000000
0.012002 1.000000
0.012099 1.000000
0.012196 1.000000
0.012294 1.000000
0.012391 1.000000
0.012488 1.000000
0.012586 1.000000
0.012683 1.000000
0.012780 1.000000
0.012878 1.000000
0.012975 1.000000
0.013073 1.000000
0.013170 1.000000
0.013267 1.000000
0.013365 1.000000
0.013462 1.000000
0.013559 1.000000
0.013657 1.000000
0.013754 1.000000
0.013851 1.000000
0.013949 1.000000
0.014046 1.000000
0.014143 1.000000
0.014241 1.000000
0.014338 1.000000
0.014436 1.000000
0.014533 1.000000
0.014630 1.000000
0.014728 1.000000
0.014825 1.000000
0.014922 1.000000
0.015020 1.000000
0.015117 1.000000
0.015214 1.000000
0.015312 1.000000
0.015409 1.000000
0.015506 1.000000
0.015604 1.000000
0.015701 1.000000
0.015799 1.000000
0.015896 1.000000
0.015993 1.000000
0.016091 1.000000
0.016188 1.000000
0.016285 1.000000
0.016383 1.000000
0.016480 1.000000
0.016577 1.000000
0.016675 1.000000
0.016772 1.000000
0.016869 1.000000
0.016967 1.000000
0.017064 1.000000
0.017162 1.000000
0.017259 1.000000
0.017356 1.000000
0.017454 1.000000
0.017551 1.000000
0.017648 1.000000
0.017746 1.000000
0.017843 1.000000
0.017940 1.000000
0.018038 1.000000
0.018135 1.000000
0.018232 1.000000
0.018330 1.000000
0.018427 1.000000
0.018525 1.000000
0.018622 1.000000
0.018719 1.000000
0.018817 1.000000
0.018914 1.000000
0.019011 1.000000
0.019109 1.000000
0.019206 1.000000
0.019303 1.000000
0.019401 1.000000
0.019498 1.000000
0.019595 1.000000
0.019693 1.000000
0.019790 1.000000
0.019888 1.000000
0.019985 1.000000
0.020082 1.000000
0.020180 1.000000
0.020277 1.000000
0.020374 1.000000
0.020472 1.000000
0.020569 1.000000
0.020666 1.000000
0.020764 1.000000
0.020861 1.000000
0.020958 1.000000
0.021056 1.000000
0.021153 1.000000
0.021251 1.000000
0.021348 1.000000
0.021445 1.000000
0.021543 1.000000
0.021640 1.000000
0.021737 1.000000
0.021835 1.000000
0.021932 1.000000
0.022029 1.000000
0.022127 1.000000
0.022224 1.000000
0.022321 1.000000
0.022419 1.000000
0.022516 1.000000
0.022614 1.000000
0.022711 1.000000
0.022808 1.000000
0.022906 1.000000
0.023003 1.000000
0.023100 1.000000
0.023198 1.000000
0.023295 1.000000
0.023392 1.000000
0.023490 1.000000
0.023587 1.000000
0.023684 1.000000
0.023782 1.000000
0.023879 1.000000
0.023977 1.000000
0.024074 1.000000
0.024171 1.000000
0.024269 1.000000
0.024366 1.000000
0.024463 1.000000
0.024561 1.000000
0.024658 1.000000
0.024755 1.000000
0.024853 1.000000
0.024950 1.000000
0.025047 1.000000
0.025145 1.000000
0.025242 1.000000
0.025340 1.000000
0.025437 1.000000
0.025534 1.000000
0.025632 1.000000
0.025729 1.000000
0.025826 1.000000
0.025924 1.000000
0.026021 1.000000
0.026118 1.000000
0.026216 1.000000
0.026313 1.000000
0.026410 1.000000
0.026508 1.000000
0.026605 1.000000
0.026703 1.000000
0.026800 1.000000
0.026897 1.000000
0.026995 1.000000
0.027092 1.000000
0.027189 1.000000
0.027287 1.000000
0.027384 1.000000
0.027481 1.000000
0.027579 1.000000
0.027676 1.000000
0.027773 1.000000
0.027871 1.000000
0.027968 1.000000
0.028066 1.000000
0.028163 1.000000
0.028260 1.000000
0.028358 1.000000
0.028455 1.000000
0.028552 1.000000
0.028650 1.000000
0.028747 1.000000
0.028844 1.000000
0.028942 1.000000
0.029039 1.000000
0.029136 1.000000
0.029234 1.000000
0.029331 1.000000
0.029429 1.000000
0.029526 1.000000
0.029623 1.000000
0.029721 1.000000
0.029818 1.000000
0.029915 1.000000
0.030013 1.000000
0.030110 1.000000
0.030207 1.000000
0.030305 1.000000
0.030402 1.000000
0.030499 1.000000
0.030597 1.000000
0.030694 1.000000
0.030792 1.000000
0.030889 1.000000
0.030986 1.000000
0.031084 1.000000
0.031181 1.000000
0.031278 1.000000
0.031376 1.000000
0.031473 1.000000
0.031570 1.000000
0.031668 1.000000
0.031765 1.000000
0.031862 1.000000
0.031960 1.000000
0.032057 1.000000
0.032155 1.000000
0.032252 1.000000
0.032349 1.000000
0.032447 1.000000
0.032544 1.000000
0.032641 1.000000
0.032739 1.000000
0.032836 1.000000
0.032933 1.000000
0.033031 1.000000
0.033128 1.000000
0.033225 1.000000
0.033323 1.000000
0.033420 1.000000
0.033518 1.000000
0.033615 1.000000
0.033712 1.000000
0.033810 1.000000
0.033907 1.000000
0.034004 1.000000
0.034102 1.000000
0.034199 1.000000
0.034296 1.000000
0.034394 1.000000
0.034491 1.000000
0.034588 1.000000
0.034686 1.000000
0.034783 1.000000
0.034881 1.000000
0.034978 1.000000
0.035075 1.000000
0.035173 1.000000
0.035270 1.000000
0.035367 1.000000
0.035465 1.000000
0.035562 1.000000
0.035659 1.000000
0.035757 1.000000
0.035854 1.000000
0.035951 1.000000
0.036049 1.000000
0.036146 1.000000
0.036244 1.000000
0.036341 1.000000
0.036438 1.000000
0.036536 1.000000
0.036633 1.000000
0.036730 1.000000
0.036828 1.000000
0.036925 1.000000
0.037022 1.000000
0.037120 1.000000
0.037217 1.000000
0.037314 1.000000
0.037412 1.000000
0.037509 1.000000
0.037607 1.000000
0.037704 1.000000
0.037801 1.000000
0.037899 1.000000
0.037996 1.000000
0.038093 1.000000
0.038191 1.000000
0.038288 1.000000
0.038385 1.000000
0.038483 1.000000
0.038580 1.000000
0.038677 1.000000
0.038775 1.000000
0.038872 1.000000
0.038970 1.000000
0.039067 1.000000
0.039164 1.000000
0.039262 1.000000
0.039359 1.000000
0.039456 1.000000
0.039554 1.000000
0.039651 1.000000
0.039748 1.000000
0.039846 1.000000
0.039943 1.000000
0.040040 1.000000
0.040138 1.000000
0.040235 1.000000
0.040333 1.000000
0.040430 1.000000
0.040527 1.000000
0.040625 1.000000
0.040722 1.000000
0.040819 1.000000
0.040917 1.000000
0.041014 1.000000
0.041111 1.000000
0.041209 1.000000
0.041306 1.000000
0.041403 1.000000
0.041501 1.000000
0.041598 1.000000
0.041696 1.000000
0.041793 1.000000
0.041890 1.000000
0.041988 1.000000
0.042085 1.000000
0.042182 1.000000
0.042280 1.000000
0.042377 1.000000
0.042474 1.000000
0.042572 1.000000
0.042669 1.000000
0.042766 1.000000
0.042864 1.000000
0.042961 1.000000
0.043059 1.000000
0.043156 1.000000
0.043253 1.000000
0.043351 1.000000
0.043448 1.000000
0.043545 1.000000
0.043643 1.000000
0.043740 1.000000
0.043837 1.000000
0.043935 1.000000
0.044032 1.000000
0.044129 1.000000
0.044227 1.000000
0.044324 1.000000
0.044422 1.000000
0.044519 1.000000
0.044616 1.000000
0.044714 0.997442
0.044811 0.997442
0.044908 0.997442
0.045006 0.997442
0.045103 0.997442
0.045200 0.997442
0.045298 0.997442
0.045395 0.997442
0.045492 0.997442
0.045590 0.997442
0.045687 0.997442
0.045785 0.997442
0.045882 0.997442
0.045979 0.997442
0.046077 0.997442
0.046174 0.997442
0.046271 0.997442
0.046369 0.997442
0.046466 0.997442
0.046563 0.997442
0.046661 0.997442
0.046758 0.997442
0.046855 0.997442
0.046953 0.997442
0.047050 0.997442
0.047148 0.997442
0.047245 0.997442
0.047342 0.997442
0.047440 0.997442
0.047537 0.997442
0.047634 0.997442
0.047732 0.997442
0.047829 0.997442
0.047926 0.997442
0.048024 0.997442
0.048121 0.997442
0.048218 0.997442
0.048316 0.997442
0.048413 0.997442
0.048511 0.997442
0.048608 0.997442
0.048705 0.997442
0.048803 0.997442
0.048900 0.997442
0.048997 0.997442
0.049095 0.997442
0.049192 0.997442
0.049289 0.997442
0.049387 0.997442
0.049484 0.997442
0.049581 0.997442
0.049679 0.997442
0.049776 0.997442
0.049874 0.997442
0.049971 0.997442
0.050068 0.997442
0.050166 0.997442
0.050263 0.997442
0.050360 0.997442
0.050458 0.997442
0.050555 0.997442
0.050652 0.997442
0.050750 0.997442
0.050847 0.997442
0.050945 0.997442
0.051042 0.997442
0.051139 0.997442
0.051237 0.997442
0.051334 0.997442
0.051431 0.997442
0.051529 0.997442
0.051626 0.997442
0.051723 0.997442
0.051821 0.997442
0.051918 0.997442
0.052015 0.997442
0.052113 0.997442
0.052210 0.997442
0.052308 0.997442
0.052405 0.997442
0.052502 0.997442
0.052600 0.997442
0.052697 0.997442
0.052794 0.997442
0.052892 0.997442
0.052989 0.997442
0.053086 0.997442
0.053184 0.997442
0.053281 0.997442
0.053378 0.997442
0.053476 0.997442
0.053573 0.997442
0.053671 0.997442
0.053768 0.997442
0.053865 0.997442
0.053963 0.997442
0.054060 0.997442
0.054157 0.994885
0.054255 0.994885
0.054352 0.994885
0.054449 0.994885
0.054547 0.994885
0.054644 0.994885
0.054741 0.994885
0.054839 0.994885
0.054936 0.994885
0.055034 0.994885
0.055131 0.994885
0.055228 0.994885
0.055326 0.994885
0.055423 0.994885
0.055520 0.994885
0.055618 0.994885
0.055715 0.994885
0.055812 0.994885
0.055910 0.994885
0.056007 0.994885
0.056104 0.994885
0.056202 0.994885
0.056299 0.994885
0.056397 0.994885
0.056494 0.994885
0.056591 0.994885
0.056689 0.994885
0.056786 0.994885
0.056883 0.994885
0.056981 0.994885
0.057078 0.994885
0.057175 0.994885
0.057273 0.994885
0.057370 0.994885
0.057467 0.994885
0.057565 0.994885
0.057662 0.994885
0.057760 0.994885
0.057857 0.994885
0.057954 0.994885
0.058052 0.994885
0.058149 0.994885
0.058246 0.994885
0.058344 0.994885
0.058441 0.994885
0.058538 0.994885
0.058636 0.994885
0.058733 0.994885
0.058830 0.994885
0.058928 0.994885
0.059025 0.994885
0.059123 0.994885
0.059220 0.994885
0.059317 0.994885
0.059415 0.994885
0.059512 0.994885
0.059609 0.994885
0.059707 0.994885
0.059804 0.994885
0.059901 0.994885
0.059999 0.994885
0.060096 0.994885
0.060193 0.994885
0.060291 0.994885
0.060388 0.994885
0.060486 0.994885
0.060583 0.992327
0.060680 0.992327
0.060778 0.992327
0.060875 0.992327
0.060972 0.992327
0.061070 0.992327
0.061167 0.992327
0.061264 0.992327
0.061362 0.992327
0.061459 0.992327
0.061556 0.992327
0.061654 0.992327
0.061751 0.992327
0.061849 0.992327
0.061946 0.992327
0.062043 0.992327
0.062141 0.992327
0.062238 0.992327
0.062335 0.992327
0.062433 0.992327
0.062530 0.992327
0.062627 0.992327
0.062725 0.992327
0.062822 0.992327
0.062919 0.992327
0.063017 0.992327
0.063114 0.992327
0.063212 0.992327
0.063309 0.992327
0.063406 0.992327
0.063504 0.992327
0.063601 0.992327
0.063698 0.992327
0.063796 0.992327
0.063893 0.992327
0.063990 0.992327
0.064088 0.992327
0.064185 0.992327
0.064282 0.992327
0.064380 0.992327
0.064477 0.992327
0.064575 0.992327
0.064672 0.992327
0.064769 0.992327
0.064867 0.992327
0.064964 0.992327
0.065061 0.992327
0.065159 0.992327
0.065256 0.992327
0.065353 0.992327
0.065451 0.992327
0.065548 0.992327
0.065645 0.992327
0.065743 0.992327
0.065840 0.992327
0.065938 0.992327
0.066035 0.992327
0.066132 0.992327
0.066230 0.992327
0.066327 0.992327
0.066424 0.992327
0.066522 0.992327
0.066619 0.992327
0.066716 0.992327
0.066814 0.992327
0.066911 0.992327
0.067008 0.992327
0.067106 0.992327
0.067203 0.992327
0.067301 0.992327
0.067398 0.992327
0.067495 0.992327
0.067593 0.992327
0.067690 0.992327
0.067787 0.992327
0.067885 0.992327
0.067982 0.992327
0.068079 0.992327
0.068177 0.992327
0.068274 0.992327
0.068371 0.992327
0.068469 0.992327
0.068566 0.992327
0.068664 0.992327
0.068761 0.992327
0.068858 0.992327
0.068956 0.992327
0.069053 0.992327
0.069150 0.992327
0.069248 0.992327
0.069345 0.992327
0.069442 0.992327
0.069540 0.992327
0.069637 0.992327
0.069734 0.992327
0.069832 0.992327
0.069929 0.992327
0.070027 0.992327
0.070124 0.992327
0.070221 0.992327
0.070319 0.992327
0.070416 0.992327
0.070513 0.992327
0.070611 0.992327
0.070708 0.992327
0.070805 0.992327
0.070903 0.992327
0.071000 0.992327
0.071097 0.992327
0.071195 0.992327
0.071292 0.992327
0.071390 0.992327
0.071487 0.992327
0.071584 0.992327
0.071682 0.992327
0.071779 0.992327
0.071876 0.992327
0.071974 0.992327
0.072071 0.992327
0.072168 0.992327
0.072266 0.992327
0.072363 0.992327
0.072460 0.992327
0.072558 0.992327
0.072655 0.992327
0.072753 0.992327
0.072850 0.992327
0.072947 0.992327
0.073045 0.992327
0.073142 0.992327
0.073239 0.992327
0.073337 0.992327
0.073434 0.992327
0.073531 0.992327
0.073629 0.992327
0.073726 0.992327
0.073823 0.992327
0.073921 0.992327
0.074018 0.992327
0.074116 0.992327
0.074213 0.992327
0.074310 0.992327
0.074408 0.992327
0.074505 0.992327
0.074602 0.992327
0.074700 0.992327
0.074797 0.992327
0.074894 0.992327
0.074992 0.992327
0.075089 0.992327
0.075186 0.992327
0.075284 0.992327
0.075381 0.992327
0.075479 0.992327
0.075576 0.992327
0.075673 0.992327
0.075771 0.992327
0.075868 0.992327
0.075965 0.992327
0.076063 0.992327
0.076160 0.992327
0.076257 0.992327
0.076355 0.992327
0.076452 0.992327
0.076549 0.992327
0.076647 0.992327
0.076744 0.992327
0.076842 0.992327
0.076939 0.992327
0.077036 0.992327
0.077134 0.992327
0.077231 0.992327
0.077328 0.992327
0.077426 0.992327
0.077523 0.992327
0.077620 0.992327
0.077718 0.992327
0.077815 0.992327
0.077912 0.992327
0.078010 0.992327
0.078107 0.992327
0.078205 0.992327
0.078302 0.992327
0.078399 0.992327
0.078497 0.992327
0.078594 0.992327
0.078691 0.992327
0.078789 0.992327
0.078886 0.992327
0.078983 0.992327
0.079081 0.992327
0.079178 0.992327
0.079275 0.992327
0.079373 0.992327
0.079470 0.992327
0.079568 0.992327
0.079665 0.992327
0.079762 0.992327
0.079860 0.992327
0.079957 0.992327
0.080054 0.992327
0.080152 0.992327
0.080249 0.992327
0.080346 0.992327
0.080444 0.992327
0.080541 0.992327
0.080638 0.992327
0.080736 0.992327
0.080833 0.992327
0.080931 0.992327
0.081028 0.992327
0.081125 0.989770
0.081223 0.989770
0.081320 0.989770
0.081417 0.989770
0.081515 0.989770
0.081612 0.989770
0.081709 0.989770
0.081807 0.989770
0.081904 0.989770
0.082001 0.989770
0.082099 0.989770
0.082196 0.989770
0.082294 0.989770
0.082391 0.989770
0.082488 0.989770
0.082586 0.989770
0.082683 0.989770
0.082780 0.989770
0.082878 0.989770
0.082975 0.989770
0.083072 0.989770
0.083170 0.989770
0.083267 0.989770
0.083364 0.989770
0.083462 0.989770
0.083559 0.989770
0.083657 0.989770
0.083754 0.989770
0.083851 0.989770
0.083949 0.989770
0.084046 0.989770
0.084143 0.989770
0.084241 0.989770
0.084338 0.989770
0.084435 0.989770
0.084533 0.989770
0.084630 0.989770
0.084727 0.989770
0.084825 0.989770
0.084922 0.989770
0.085020 0.989770
0.085117 0.989770
0.085214 0.989770
0.085312 0.989770
0.085409 0.989770
0.085506 0.989770
0.085604 0.989770
0.085701 0.989770
0.085798 0.989770
0.085896 0.989770
0.085993 0.989770
0.086090 0.989770
0.086188 0.989770
0.086285 0.987212
0.086383 0.987212
0.086480 0.987212
0.086577 0.987212
0.086675 0.987212
0.086772 0.987212
0.086869 0.987212
0.086967 0.987212
0.087064 0.987212
0.087161 0.987212
0.087259 0.987212
0.087356 0.987212
0.087453 0.987212
0.087551 0.987212
0.087648 0.987212
0.087746 0.987212
0.087843 0.987212
0.087940 0.987212
0.088038 0.987212
0.088135 0.987212
0.088232 0.987212
0.088330 0.987212
0.088427 0.987212
0.088524 0.987212
0.088622 0.987212
0.088719 0.987212
0.088817 0.987212
0.088914 0.987212
0.089011 0.987212
0.089109 0.987212
0.089206 0.987212
0.089303 0.987212
0.089401 0.987212
0.089498 0.987212
0.089595 0.987212
0.089693 0.987212
0.089790 0.987212
0.089887 0.987212
0.089985 0.987212
0.090082 0.987212
0.090180 0.987212
0.090277 0.987212
0.090374 0.987212
0.090472 0.987212
0.090569 0.987212
0.090666 0.987212
0.090764 0.987212
0.090861 0.987212
0.090958 0.987212
0.091056 0.987212
0.091153 0.987212
0.091250 0.987212
0.091348 0.987212
0.091445 0.987212
0.091543 0.987212
0.091640 0.987212
0.091737 0.987212
0.091835 0.987212
0.091932 0.987212
0.092029 0.987212
0.092127 0.987212
0.092224 0.987212
0.092321 0.987212
0.092419 0.987212
0.092516 0.987212
0.092613 0.987212
0.092711 0.987212
0.092808 0.987212
0.092906 0.987212
0.093003 0.987212
0.093100 0.987212
0.093198 0.987212
0.093295 0.987212
0.093392 0.987212
0.093490 0.987212
0.093587 0.987212
0.093684 0.987212
0.093782 0.987212
0.093879 0.987212
0.093976 0.987212
0.094074 0.987212
0.094171 0.987212
0.094269 0.987212
0.094366 0.987212
0.094463 0.987212
0.094561 0.987212
0.094658 0.987212
0.094755 0.987212
0.094853 0.987212
0.094950 0.987212
0.095047 0.987212
0.095145 0.987212
0.095242 0.987212
0.095339 0.987212
0.095437 0.987212
0.095534 0.987212
0.095632 0.987212
0.095729 0.987212
0.095826 0.987212
0.095924 0.987212
0.096021 0.987212
0.096118 0.987212
0.096216 0.987212
0.096313 0.987212
0.096410 0.987212
0.096508 0.987212
0.096605 0.987212
0.096702 0.987212
0.096800 0.987212
0.096897 0.987212
0.096995 0.987212
0.097092 0.987212
0.097189 0.987212
0.097287 0.987212
0.097384 0.987212
0.097481 0.987212
0.097579 0.987212
0.097676 0.987212
0.097773 0.987212
0.097871 0.987212
0.097968 0.987212
0.098065 0.987212
0.098163 0.987212
0.098260 0.987212
0.098358 0.987212
0.098455 0.987212
0.098552 0.987212
0.098650 0.987212
0.098747 0.987212
0.098844 0.987212
0.098942 0.987212
0.099039 0.987212
0.099136 0.987212
0.099234 0.987212
0.099331 0.987212
0.099428 0.987212
0.099526 0.987212
0.099623 0.987212
0.099721 0.987212
0.099818 0.987212
0.099915 0.987212
0.100013 0.987212
0.100110 0.987212
0.100207 0.987212
0.100305 0.987212
0.100402 0.987212
0.100499 0.987212
0.100597 0.987212
0.100694 0.987212
0.100791 0.987212
0.100889 0.987212
0.100986 0.987212
0.101084 0.987212
0.101181 0.987212
0.101278 0.987212
0.101376 0.987212
0.101473 0.987212
0.101570 0.987212
0.101668 0.987212
0.101765 0.987212
0.101862 0.987212
0.101960 0.987212
0.102057 0.987212
0.102154 0.987212
0.102252 0.987212
0.102349 0.987212
0.102447 0.987212
0.102544 0.987212
0.102641 0.987212
0.102739 0.987212
0.102836 0.987212
0.102933 0.987212
0.103031 0.987212
0.103128 0.987212
0.103225 0.987212
0.103323 0.987212
0.103420 0.987212
0.103517 0.987212
0.103615 0.987212
0.103712 0.987212
0.103810 0.987212
0.103907 0.987212
0.104004 0.987212
0.104102 0.987212
0.104199 0.987212
0.104296 0.987212
0.104394 0.987212
0.104491 0.987212
0.104588 0.987212
0.104686 0.987212
0.104783 0.987212
0.104880 0.987212
0.104978 0.987212
0.105075 0.987212
0.105173 0.987212
0.105270 0.987212
0.105367 0.987212
0.105465 0.987212
0.105562 0.987212
0.105659 0.987212
0.105757 0.987212
0.105854 0.987212
0.105951 0.987212
0.106049 0.987212
0.106146 0.987212
0.106243 0.987212
0.106341 0.987212
0.106438 0.987212
0.106536 0.987212
0.106633 0.987212
0.106730 0.987212
0.106828 0.987212
0.106925 0.987212
0.107022 0.987212
0.107120 0.987212
0.107217 0.987212
0.107314 0.987212
0.107412 0.987212
0.107509 0.987212
0.107606 0.987212
0.107704 0.987212
0.107801 0.987212
0.107899 0.987212
0.107996 0.987212
0.108093 0.987212
0.108191 0.987212
0.108288 0.987212
0.108385 0.987212
0.108483 0.987212
0.108580 0.987212
0.108677 0.987212
0.108775 0.987212
0.108872 0.987212
0.108969 0.987212
0.109067 0.987212
0.109164 0.987212
0.109262 0.987212
0.109359 0.987212
0.109456 0.987212
0.109554 0.987212
0.109651 0.987212
0.109748 0.987212
0.109846 0.987212
0.109943 0.987212
0.110040 0.987212
0.110138 0.987212
0.110235 0.987212
0.110332 0.987212
0.110430 0.987212
0.110527 0.987212
0.110625 0.987212
0.110722 0.987212
0.110819 0.987212
0.110917 0.987212
0.111014 0.987212
0.111111 0.987212
0.111209 0.987212
0.111306 0.987212
0.111403 0.987212
0.111501 0.987212
0.111598 0.987212
0.111695 0.987212
0.111793 0.987212
0.111890 0.987212
0.111988 0.987212
0.112085 0.987212
0.112182 0.987212
0.112280 0.987212
0.112377 0.987212
0.112474 0.987212
0.112572 0.987212
0.112669 0.987212
0.112766 0.987212
0.112864 0.987212
0.112961 0.987212
0.113058 0.987212
0.113156 0.987212
0.113253 0.987212
0.113351 0.987212
0.113448 0.987212
0.113545 0.987212
0.113643 0.987212
0.113740 0.987212
0.113837 0.987212
0.113935 0.987212
0.114032 0.987212
0.114129 0.987212
0.114227 0.987212
0.114324 0.987212
0.114421 0.987212
0.114519 0.987212
0.114616 0.987212
0.114714 0.987212
0.114811 0.987212
0.114908 0.987212
0.115006 0.987212
0.115103 0.987212
0.115200 0.987212
0.115298 0.987212
0.115395 0.987212
0.115492 0.987212
0.115590 0.987212
0.115687 0.987212
0.115784 0.987212
0.115882 0.984655
0.115979 0.984655
0.116077 0.984655
0.116174 0.984655
0.116271 0.984655
0.116369 0.984655
0.116466 0.984655
0.116563 0.984655
0.116661 0.984655
0.116758 0.984655
0.116855 0.984655
0.116953 0.984655
0.117050 0.984655
0.117147 0.984655
0.117245 0.984655
0.117342 0.984655
0.117440 0.984655
0.117537 0.984655
0.117634 0.984655
0.117732 0.984655
0.117829 0.984655
0.117926 0.984655
0.118024 0.984655
0.118121 0.984655
0.118218 0.984655
0.118316 0.984655
0.118413 0.984655
0.118510 0.984655
0.118608 0.984655
0.118705 0.984655
0.118803 0.984655
0.118900 0.984655
0.118997 0.984655
0.119095 0.984655
0.119192 0.984655
0.119289 0.984655
0.119387 0.984655
0.119484 0.984655
0.119581 0.984655
0.119679 0.984655
0.119776 0.984655
0.119873 0.984655
0.119971 0.984655
0.120068 0.984655
0.120166 0.984655
0.120263 0.984655
0.120360 0.984655
0.120458 0.984655
0.120555 0.984655
0.120652 0.984655
0.120750 0.984655
0.120847 0.984655
0.120944 0.984655
0.121042 0.984655
0.121139 0.984655
0.121236 0.984655
0.121334 0.984655
0.121431 0.984655
0.121529 0.984655
0.121626 0.984655
0.121723 0.984655
0.121821 0.984655
0.121918 0.984655
0.122015 0.984655
0.122113 0.984655
0.122210 0.984655
0.122307 0.984655
0.122405 0.984655
0.122502 0.984655
0.122599 0.984655
0.122697 0.984655
0.122794 0.984655
0.122892 0.984655
0.122989 0.984655
0.123086 0.984655
0.123184 0.984655
0.123281 0.984655
0.123378 0.984655
0.123476 0.984655
0.123573 0.984655
0.123670 0.984655
0.123768 0.984655
0.123865 0.984655
0.123962 0.984655
0.124060 0.984655
0.124157 0.984655
0.124255 0.984655
0.124352 0.984655
0.124449 0.984655
0.124547 0.984655
0.124644 0.984655
0.124741 0.984655
0.124839 0.984655
0.124936 0.984655
0.125033 0.984655
0.125131 0.984655
0.125228 0.984655
0.125325 0.984655
0.125423 0.984655
0.125520 0.984655
0.125618 0.984655
0.125715 0.984655
0.125812 0.984655
0.125910 0.984655
0.126007 0.984655
0.126104 0.984655
0.126202 0.984655
0.126299 0.984655
0.126396 0.984655
0.126494 0.984655
0.126591 0.984655
0.126689 0.984655
0.126786 0.984655
0.126883 0.984655
0.126981 0.984655
0.127078 0.984655
0.127175 0.984655
0.127273 0.984655
0.127370 0.984655
0.127467 0.984655
0.127565 0.984655
0.127662 0.984655
0.127759 0.984655
0.127857 0.984655
0.127954 0.984655
0.128052 0.984655
0.128149 0.984655
0.128246 0.984655
0.128344 0.984655
0.128441 0.984655
0.128538 0.984655
0.128636 0.984655
0.128733 0.984655
0.128830 0.984655
0.128928 0.984655
0.129025 0.984655
0.129122 0.984655
0.129220 0.984655
0.129317 0.984655
0.129415 0.984655
0.129512 0.984655
0.129609 0.984655
0.129707 0.984655
0.129804 0.984655
0.129901 0.984655
0.129999 0.984655
0.130096 0.984655
0.130193 0.984655
0.130291 0.984655
0.130388 0.984655
0.130485 0.984655
0.130583 0.984655
0.130680 0.984655
0.130778 0.984655
0.130875 0.984655
0.130972 0.984655
0.131070 0.982097
0.131167 0.982097
0.131264 0.982097
0.131362 0.982097
0.131459 0.982097
0.131556 0.982097
0.131654 0.982097
0.131751 0.982097
0.131848 0.982097
0.131946 0.982097
0.132043 0.982097
0.132141 0.982097
0.132238 0.982097
0.132335 0.982097
0.132433 0.982097
0.132530 0.982097
0.132627 0.982097
0.132725 0.982097
0.132822 0.982097
0.132919 0.982097
0.133017 0.982097
0.133114 0.982097
0.133211 0.982097
0.133309 0.982097
0.133406 0.982097
0.133504 0.982097
0.133601 0.982097
0.133698 0.982097
0.133796 0.982097
0.133893 0.982097
0.133990 0.982097
0.134088 0.982097
0.134185 0.982097
0.134282 0.982097
0.134380 0.982097
0.134477 0.982097
0.134574 0.982097
0.134672 0.982097
0.134769 0.982097
0.134867 0.982097
0.134964 0.982097
0.135061 0.982097
0.135159 0.982097
0.135256 0.982097
0.135353 0.982097
0.135451 0.982097
0.135548 0.982097
0.135645 0.982097
0.135743 0.982097
0.135840 0.982097
0.135937 0.982097
0.136035 0.982097
0.136132 0.982097
0.136230 0.982097
0.136327 0.982097
0.136424 0.982097
0.136522 0.982097
0.136619 0.982097
0.136716 0.982097
0.136814 0.982097
0.136911 0.982097
0.137008 0.982097
0.137106 0.982097
0.137203 0.982097
0.137300 0.982097
0.137398 0.982097
0.137495 0.982097
0.137593 0.982097
0.137690 0.982097
0.137787 0.982097
0.137885 0.982097
0.137982 0.982097
0.138079 0.982097
0.138177 0.982097
0.138274 0.982097
0.138371 0.982097
0.138469 0.982097
0.138566 0.982097
0.138663 0.982097
0.138761 0.982097
0.138858 0.982097
0.138956 0.982097
0.139053 0.982097
0.139150 0.982097
0.139248 0.982097
0.139345 0.982097
0.139442 0.982097
0.139540 0.982097
0.139637 0.982097
0.139734 0.982097
0.139832 0.982097
0.139929 0.982097
0.140026 0.982097
0.140124 0.982097
0.140221 0.982097
0.140319 0.982097
0.140416 0.982097
0.140513 0.982097
0.140611 0.982097
0.140708 0.982097
0.140805 0.982097
0.140903 0.982097
0.141000 0.982097
0.141097 0.982097
0.141195 0.982097
0.141292 0.982097
0.141389 0.982097
0.141487 0.982097
0.141584 0.982097
0.141682 0.982097
0.141779 0.982097
0.141876 0.982097
0.141974 0.982097
0.142071 0.982097
0.142168 0.982097
0.142266 0.982097
0.142363 0.982097
0.142460 0.982097
0.142558 0.982097
0.142655 0.982097
0.142752 0.982097
0.142850 0.982097
0.142947 0.982097
0.143045 0.982097
0.143142 0.982097
0.143239 0.982097
0.143337 0.982097
0.143434 0.982097
0.143531 0.982097
0.143629 0.982097
0.143726 0.982097
0.143823 0.982097
0.143921 0.982097
0.144018 0.982097
0.144115 0.982097
0.144213 0.982097
0.144310 0.982097
0.144408 0.982097
0.144505 0.982097
0.144602 0.982097
0.144700 0.982097
0.144797 0.982097
0.144894 0.982097
0.144992 0.982097
0.145089 0.982097
0.145186 0.982097
0.145284 0.982097
0.145381 0.982097
0.145478 0.982097
0.145576 0.982097
0.145673 0.982097
0.145771 0.982097
0.145868 0.982097
0.145965 0.982097
0.146063 0.982097
0.146160 0.982097
0.146257 0.982097
0.146355 0.982097
0.146452 0.982097
0.146549 0.982097
0.146647 0.982097
0.146744 0.982097
0.146841 0.982097
0.146939 0.982097
0.147036 0.982097
0.147134 0.982097
0.147231 0.982097
0.147328 0.982097
0.147426 0.982097
0.147523 0.982097
0.147620 0.982097
0.147718 0.982097
0.147815 0.982097
0.147912 0.982097
0.148010 0.982097
0.148107 0.982097
0.148204 0.982097
0.148302 0.982097
0.148399 0.982097
0.148497 0.982097
0.148594 0.982097
0.148691 0.982097
0.148789 0.982097
0.148886 0.982097
0.148983 0.982097
0.149081 0.982097
0.149178 0.982097
0.149275 0.982097
0.149373 0.982097
0.149470 0.982097
0.149567 0.979540
0.149665 0.979540
0.149762 0.979540
0.149860 0.979540
0.149957 0.979540
0.150054 0.979540
0.150152 0.979540
0.150249 0.979540
0.150346 0.979540
0.150444 0.979540
0.150541 0.979540
0.150638 0.979540
0.150736 0.979540
0.150833 0.979540
0.150930 0.979540
0.151028 0.979540
0.151125 0.979540
0.151223 0.979540
0.151320 0.979540
0.151417 0.979540
0.151515 0.979540
0.151612 0.979540
0.151709 0.979540
0.151807 0.979540
0.151904 0.979540
0.152001 0.979540
0.152099 0.979540
0.152196 0.979540
0.152293 0.979540
0.152391 0.979540
0.152488 0.979540
0.152586 0.979540
0.152683 0.979540
0.152780 0.979540
0.152878 0.979540
0.152975 0.979540
0.153072 0.979540
0.153170 0.979540
0.153267 0.979540
0.153364 0.979540
0.153462 0.979540
0.153559 0.979540
0.153656 0.979540
0.153754 0.979540
0.153851 0.979540
0.153949 0.979540
0.154046 0.979540
0.154143 0.979540
0.154241 0.979540
0.154338 0.979540
0.154435 0.979540
0.154533 0.979540
0.154630 0.979540
0.154727 0.979540
0.154825 0.979540
0.154922 0.979540
0.155019 0.979540
0.155117 0.979540
0.155214 0.979540
0.155312 0.979540
0.155409 0.979540
0.155506 0.979540
0.155604 0.979540
0.155701 0.979540
0.155798 0.979540
0.155896 0.979540
0.155993 0.979540
0.156090 0.979540
0.156188 0.979540
0.156285 0.979540
0.156382 0.979540
0.156480 0.979540
0.156577 0.979540
0.156675 0.979540
0.156772 0.979540
0.156869 0.979540
0.156967 0.979540
0.157064 0.979540
0.157161 0.979540
0.157259 0.979540
0.157356 0.979540
0.157453 0.979540
0.157551 0.979540
0.157648 0.979540
0.157745 0.979540
0.157843 0.979540
0.157940 0.979540
0.158038 0.979540
0.158135 0.979540
0.158232 0.979540
0.158330 0.979540
0.158427 0.979540
0.158524 0.979540
0.158622 0.979540
0.158719 0.979540
0.158816 0.979540
0.158914 0.979540
0.159011 0.979540
0.159108 0.979540
0.159206 0.979540
0.159303 0.979540
0.159401 0.979540
0.159498 0.979540
0.159595 0.979540
0.159693 0.979540
0.159790 0.979540
0.159887 0.979540
0.159985 0.979540
0.160082 0.979540
0.160179 0.979540
0.160277 0.979540
0.160374 0.979540
0.160471 0.979540
0.160569 0.979540
0.160666 0.979540
0.160764 0.979540
0.160861 0.979540
0.160958 0.979540
0.161056 0.979540
0.161153 0.979540
0.161250 0.979540
0.161348 0.979540
0.161445 0.979540
0.161542 0.979540
0.161640 0.979540
0.161737 0.979540
0.161834 0.979540
0.161932 0.979540
0.162029 0.979540
0.162127 0.979540
0.162224 0.979540
0.162321 0.979540
0.162419 0.979540
0.162516 0.979540
0.162613 0.979540
0.162711 0.979540
0.162808 0.979540
0.162905 0.979540
0.163003 0.979540
0.163100 0.979540
0.163197 0.979540
0.163295 0.979540
0.163392 0.979540
0.163490 0.979540
0.163587 0.979540
0.163684 0.979540
0.163782 0.979540
0.163879 0.979540
0.163976 0.979540
0.164074 0.979540
0.164171 0.979540
0.164268 0.979540
0.164366 0.979540
0.164463 0.979540
0.164561 0.979540
0.164658 0.979540
0.164755 0.979540
0.164853 0.979540
0.164950 0.979540
0.165047 0.979540
0.165145 0.979540
0.165242 0.979540
0.165339 0.979540
0.165437 0.979540
0.165534 0.979540
0.165631 0.979540
0.165729 0.979540
0.165826 0.979540
0.165924 0.979540
0.166021 0.979540
0.166118 0.979540
0.166216 0.979540
0.166313 0.979540
0.166410 0.979540
0.166508 0.979540
0.166605 0.979540
0.166702 0.979540
0.166800 0.979540
0.166897 0.979540
0.166994 0.979540
0.167092 0.979540
0.167189 0.979540
0.167287 0.979540
0.167384 0.979540
0.167481 0.979540
0.167579 0.979540
0.167676 0.979540
0.167773 0.979540
0.167871 0.979540
0.167968 0.979540
0.168065 0.979540
0.168163 0.979540
0.168260 0.979540
0.168357 0.979540
0.168455 0.979540
0.168552 0.979540
0.168650 0.979540
0.168747 0.979540
0.168844 0.979540
0.168942 0.979540
0.169039 0.979540
0.169136 0.979540
0.169234 0.979540
0.169331 0.979540
0.169428 0.979540
0.169526 0.979540
0.169623 0.979540
0.169720 0.979540
0.169818 0.979540
0.169915 0.979540
0.170013 0.979540
0.170110 0.979540
0.170207 0.979540
0.170305 0.979540
0.170402 0.979540
0.170499 0.979540
0.170597 0.979540
0.170694 0.979540
0.170791 0.979540
0.170889 0.979540
0.170986 0.979540
0.171083 0.979540
0.171181 0.976982
0.171278 0.976982
0.171376 0.976982
0.171473 0.976982
0.171570 0.976982
0.171668 0.976982
0.171765 0.976982
0.171862 0.976982
0.171960 0.976982
0.172057 0.976982
0.172154 0.976982
0.172252 0.976982
0.172349 0.976982
0.172446 0.976982
0.172544 0.976982
0.172641 0.976982
0.172739 0.976982
0.172836 0.976982
0.172933 0.976982
0.173031 0.976982
0.173128 0.976982
0.173225 0.976982
0.173323 0.976982
0.173420 0.976982
0.173517 0.976982
0.173615 0.976982
0.173712 0.976982
0.173809 0.976982
0.173907 0.976982
0.174004 0.976982
0.174102 0.976982
0.174199 0.976982
0.174296 0.976982
0.174394 0.976982
0.174491 0.976982
0.174588 0.976982
0.174686 0.976982
0.174783 0.976982
0.174880 0.976982
0.174978 0.976982
0.175075 0.976982
0.175172 0.976982
0.175270 0.976982
0.175367 0.976982
0.175465 0.976982
0.175562 0.976982
0.175659 0.976982
0.175757 0.976982
0.175854 0.976982
0.175951 0.976982
0.176049 0.976982
0.176146 0.976982
0.176243 0.976982
0.176341 0.976982
0.176438 0.976982
0.176535 0.976982
0.176633 0.976982
0.176730 0.976982
0.176828 0.976982
0.176925 0.976982
0.177022 0.976982
0.177120 0.976982
0.177217 0.976982
0.177314 0.976982
0.177412 0.976982
0.177509 0.976982
0.177606 0.976982
0.177704 0.976982
0.177801 0.976982
0.177898 0.976982
0.177996 0.976982
0.178093 0.976982
0.178191 0.976982
0.178288 0.976982
0.178385 0.976982
0.178483 0.976982
0.178580 0.976982
0.178677 0.976982
0.178775 0.976982
0.178872 0.976982
0.178969 0.976982
0.179067 0.976982
0.179164 0.976982
0.179261 0.976982
0.179359 0.976982
0.179456 0.976982
0.179554 0.976982
0.179651 0.976982
0.179748 0.976982
0.179846 0.976982
0.179943 0.976982
0.180040 0.976982
0.180138 0.976982
0.180235 0.976982
0.180332 0.976982
0.180430 0.976982
0.180527 0.976982
0.180624 0.976982
0.180722 0.976982
0.180819 0.976982
0.180917 0.976982
0.181014 0.976982
0.181111 0.976982
0.181209 0.976982
0.181306 0.976982
0.181403 0.976982
0.181501 0.976982
0.181598 0.976982
0.181695 0.976982
0.181793 0.976982
0.181890 0.976982
0.181987 0.976982
0.182085 0.976982
0.182182 0.976982
0.182280 0.974425
0.182377 0.974425
0.182474 0.974425
0.182572 0.974425
0.182669 0.974425
0.182766 0.974425
0.182864 0.974425
0.182961 0.974425
0.183058 0.974425
0.183156 0.974425
0.183253 0.974425
0.183350 0.974425
0.183448 0.974425
0.183545 0.974425
0.183643 0.974425
0.183740 0.974425
0.183837 0.974425
0.183935 0.974425
0.184032 0.974425
0.184129 0.974425
0.184227 0.974425
0.184324 0.974425
0.184421 0.974425
0.184519 0.974425
0.184616 0.974425
0.184713 0.974425
0.184811 0.974425
0.184908 0.974425
0.185006 0.974425
0.185103 0.974425
0.185200 0.974425
0.185298 0.974425
0.185395 0.974425
0.185492 0.974425
0.185590 0.974425
0.185687 0.974425
0.185784 0.974425
0.185882 0.974425
0.185979 0.974425
0.186076 0.974425
0.186174 0.974425
0.186271 0.974425
0.186369 0.974425
0.186466 0.974425
0.186563 0.974425
0.186661 0.974425
0.186758 0.974425
0.186855 0.974425
0.186953 0.974425
0.187050 0.974425
0.187147 0.974425
0.187245 0.974425
0.187342 0.974425
0.187439 0.974425
0.187537 0.974425
0.187634 0.974425
0.187732 0.974425
0.187829 0.974425
0.187926 0.974425
0.188024 0.974425
0.188121 0.974425
0.188218 0.974425
0.188316 0.974425
0.188413 0.974425
0.188510 0.974425
0.188608 0.974425
0.188705 0.974425
0.188802 0.974425
0.188900 0.974425
0.188997 0.974425
0.189095 0.974425
0.189192 0.974425
0.189289 0.974425
0.189387 0.974425
0.189484 0.974425
0.189581 0.974425
0.189679 0.974425
0.189776 0.974425
0.189873 0.974425
0.189971 0.974425
0.190068 0.974425
0.190165 0.974425
0.190263 0.974425
0.190360 0.974425
0.190458 0.974425
0.190555 0.974425
0.190652 0.974425
0.190750 0.974425
0.190847 0.974425
0.190944 0.974425
0.191042 0.974425
0.191139 0.974425
0.191236 0.974425
0.191334 0.974425
0.191431 0.974425
0.191528 0.974425
0.191626 0.974425
0.191723 0.974425
0.191821 0.974425
0.191918 0.974425
0.192015 0.974425
0.192113 0.974425
0.192210 0.974425
0.192307 0.974425
0.192405 0.974425
0.192502 0.971867
0.192599 0.971867
0.192697 0.971867
0.192794 0.971867
0.192891 0.971867
0.192989 0.971867
0.193086 0.971867
0.193184 0.971867
0.193281 0.971867
0.193378 0.971867
0.193476 0.971867
0.193573 0.971867
0.193670 0.971867
0.193768 0.971867
0.193865 0.971867
0.193962 0.971867
0.194060 0.971867
0.194157 0.971867
0.194254 0.971867
0.194352 0.971867
0.194449 0.971867
0.194547 0.971867
0.194644 0.971867
0.194741 0.971867
0.194839 0.971867
0.194936 0.971867
0.195033 0.971867
0.195131 0.971867
0.195228 0.971867
0.195325 0.971867
0.195423 0.969309
0.195520 0.969309
0.195617 0.969309
0.195715 0.969309
0.195812 0.969309
0.195910 0.969309
0.196007 0.969309
0.196104 0.969309
0.196202 0.969309
0.196299 0.969309
0.196396 0.969309
0.196494 0.969309
0.196591 0.969309
0.196688 0.969309
0.196786 0.969309
0.196883 0.969309
0.196980 0.969309
0.197078 0.969309
0.197175 0.969309
0.197273 0.969309
0.197370 0.969309
0.197467 0.969309
0.197565 0.969309
0.197662 0.969309
0.197759 0.969309
0.197857 0.969309
0.197954 0.969309
0.198051 0.969309
0.198149 0.969309
0.198246 0.969309
0.198343 0.969309
0.198441 0.969309
0.198538 0.969309
0.198636 0.969309
0.198733 0.969309
0.198830 0.969309
0.198928 0.969309
0.199025 0.969309
0.199122 0.969309
0.199220 0.969309
0.199317 0.969309
0.199414 0.969309
0.199512 0.969309
0.199609 0.969309
0.199706 0.969309
0.199804 0.969309
0.199901 0.969309
0.199999 0.969309
0.200096 0.969309
0.200193 0.969309
0.200291 0.969309
0.200388 0.969309
0.200485 0.969309
0.200583 0.969309
0.200680 0.969309
0.200777 0.969309
0.200875 0.969309
0.200972 0.969309
0.201069 0.969309
0.201167 0.969309
0.201264 0.969309
0.201362 0.969309
0.201459 0.969309
0.201556 0.969309
0.201654 0.969309
0.201751 0.969309
0.201848 0.969309
0.201946 0.969309
0.202043 0.969309
0.202140 0.969309
0.202238 0.969309
0.202335 0.969309
0.202433 0.969309
0.202530 0.969309
0.202627 0.969309
0.202725 0.969309
0.202822 0.969309
0.202919 0.969309
0.203017 0.969309
0.203114 0.969309
0.203211 0.969309
0.203309 0.969309
0.203406 0.969309
0.203503 0.969309
0.203601 0.969309
0.203698 0.969309
0.203796 0.969309
0.203893 0.969309
0.203990 0.969309
0.204088 0.969309
0.204185 0.969309
0.204282 0.969309
0.204380 0.969309
0.204477 0.969309
0.204574 0.969309
0.204672 0.969309
0.204769 0.969309
0.204866 0.969309
0.204964 0.969309
0.205061 0.969309
0.205159 0.969309
0.205256 0.969309
0.205353 0.969309
0.205451 0.969309
0.205548 0.969309
0.205645 0.969309
0.205743 0.969309
0.205840 0.969309
0.205937 0.969309
0.206035 0.969309
0.206132 0.969309
0.206229 0.969309
0.206327 0.969309
0.206424 0.969309
0.206522 0.969309
0.206619 0.969309
0.206716 0.969309
0.206814 0.969309
0.206911 0.969309
0.207008 0.969309
0.207106 0.969309
0.207203 0.969309
0.207300 0.969309
0.207398 0.969309
0.207495 0.969309
0.207592 0.969309
0.207690 0.969309
0.207787 0.969309
0.207885 0.969309
0.207982 0.969309
0.208079 0.969309
0.208177 0.969309
0.208274 0.969309
0.208371 0.969309
0.208469 0.969309
0.208566 0.969309
0.208663 0.969309
0.208761 0.969309
0.208858 0.969309
0.208955 0.969309
0.209053 0.969309
0.209150 0.969309
0.209248 0.969309
0.209345 0.969309
0.209442 0.969309
0.209540 0.969309
0.209637 0.969309
0.209734 0.969309
0.209832 0.969309
0.209929 0.969309
0.210026 0.969309
0.210124 0.969309
0.210221 0.966752
0.210318 0.966752
0.210416 0.966752
0.210513 0.966752
0.210611 0.966752
0.210708 0.966752
0.210805 0.966752
0.210903 0.966752
0.211000 0.966752
0.211097 0.966752
0.211195 0.966752
0.211292 0.966752
0.211389 0.966752
0.211487 0.966752
0.211584 0.966752
0.211681 0.966752
0.211779 0.966752
0.211876 0.966752
0.211974 0.966752
0.212071 0.966752
0.212168 0.966752
0.212266 0.966752
0.212363 0.966752
0.212460 0.966752
0.212558 0.966752
0.212655 0.966752
0.212752 0.966752
0.212850 0.966752
0.212947 0.966752
0.213044 0.966752
0.213142 0.966752
0.213239 0.966752
0.213337 0.966752
0.213434 0.966752
0.213531 0.966752
0.213629 0.966752
0.213726 0.966752
0.213823 0.966752
0.213921 0.966752
0.214018 0.966752
0.214115 0.966752
0.214213 0.966752
0.214310 0.966752
0.214407 0.966752
0.214505 0.966752
0.214602 0.966752
0.214700 0.966752
0.214797 0.966752
0.214894 0.966752
0.214992 0.966752
0.215089 0.966752
0.215186 0.966752
0.215284 0.966752
0.215381 0.966752
0.215478 0.966752
0.215576 0.966752
0.215673 0.966752
0.215770 0.966752
0.215868 0.966752
0.215965 0.966752
0.216063 0.966752
0.216160 0.966752
0.216257 0.966752
0.216355 0.966752
0.216452 0.966752
0.216549 0.966752
0.216647 0.966752
0.216744 0.966752
0.216841 0.966752
0.216939 0.966752
0.217036 0.966752
0.217133 0.966752
0.217231 0.966752
0.217328 0.964194
0.217426 0.964194
0.217523 0.961637
0.217620 0.961637
0.217718 0.961637
0.217815 0.961637
0.217912 0.961637
0.218010 0.961637
0.218107 0.961637
0.218204 0.961637
0.218302 0.961637
0.218399 0.961637
0.218496 0.961637
0.218594 0.961637
0.218691 0.961637
0.218789 0.961637
0.218886 0.961637
0.218983 0.961637
0.219081 0.961637
0.219178 0.961637
0.219275 0.961637
0.219373 0.961637
0.219470 0.961637
0.219567 0.961637
0.219665 0.961637
0.219762 0.961637
0.219859 0.961637
0.219957 0.961637
0.220054 0.961637
0.220152 0.961637
0.220249 0.961637
0.220346 0.961637
0.220444 0.961637
0.220541 0.961637
0.220638 0.961637
0.220736 0.961637
0.220833 0.961637
0.220930 0.961637
0.221028 0.961637
0.221125 0.961637
0.221222 0.961637
0.221320 0.961637
0.221417 0.961637
0.221515 0.961637
0.221612 0.961637
0.221709 0.961637
0.221807 0.961637
0.221904 0.961637
0.222001 0.961637
0.222099 0.961637
0.222196 0.961637
0.222293 0.961637
0.222391 0.961637
0.222488 0.961637
0.222585 0.961637
0.222683 0.961637
0.222780 0.961637
0.222878 0.961637
0.222975 0.961637
0.223072 0.961637
0.223170 0.961637
0.223267 0.959079
0.223364 0.959079
0.223462 0.959079
0.223559 0.959079
0.223656 0.959079
0.223754 0.959079
0.223851 0.959079
0.223948 0.959079
0.224046 0.959079
0.224143 0.959079
0.224241 0.959079
0.224338 0.959079
0.224435 0.959079
0.224533 0.959079
0.224630 0.959079
0.224727 0.959079
0.224825 0.959079
0.224922 0.959079
0.225019 0.959079
0.225117 0.959079
0.225214 0.959079
0.225311 0.959079
0.225409 0.959079
0.225506 0.959079
0.225604 0.959079
0.225701 0.959079
0.225798 0.959079
0.225896 0.959079
0.225993 0.959079
0.226090 0.959079
0.226188 0.959079
0.226285 0.959079
0.226382 0.959079
0.226480 0.959079
0.226577 0.959079
0.226674 0.959079
0.226772 0.959079
0.226869 0.959079
0.226967 0.959079
0.227064 0.959079
0.227161 0.959079
0.227259 0.959079
0.227356 0.959079
0.227453 0.956522
0.227551 0.956522
0.227648 0.956522
0.227745 0.956522
0.227843 0.956522
0.227940 0.956522
0.228037 0.956522
0.228135 0.956522
0.228232 0.956522
0.228330 0.956522
0.228427 0.956522
0.228524 0.956522
0.228622 0.956522
0.228719 0.956522
0.228816 0.956522
0.228914 0.956522
0.229011 0.956522
0.229108 0.956522
0.229206 0.956522
0.229303 0.956522
0.229400 0.956522
0.229498 0.956522
0.229595 0.956522
0.229693 0.956522
0.229790 0.956522
0.229887 0.956522
0.229985 0.956522
0.230082 0.956522
0.230179 0.956522
0.230277 0.956522
0.230374 0.956522
0.230471 0.956522
0.230569 0.956522
0.230666 0.956522
0.230763 0.956522
0.230861 0.956522
0.230958 0.956522
0.231056 0.956522
0.231153 0.956522
0.231250 0.956522
0.231348 0.956522
0.231445 0.956522
0.231542 0.956522
0.231640 0.956522
0.231737 0.956522
0.231834 0.956522
0.231932 0.956522
0.232029 0.956522
0.232126 0.956522
0.232224 0.956522
0.232321 0.956522
0.232419 0.956522
0.232516 0.956522
0.232613 0.956522
0.232711 0.956522
0.232808 0.956522
0.232905 0.956522
0.233003 0.956522
0.233100 0.956522
0.233197 0.956522
0.233295 0.956522
0.233392 0.956522
0.233489 0.956522
0.233587 0.956522
0.233684 0.956522
0.233782 0.956522
0.233879 0.956522
0.233976 0.956522
0.234074 0.956522
0.234171 0.956522
0.234268 0.956522
0.234366 0.956522
0.234463 0.956522
0.234560 0.956522
0.234658 0.956522
0.234755 0.956522
0.234852 0.956522
0.234950 0.956522
0.235047 0.956522
0.235145 0.956522
0.235242 0.956522
0.235339 0.956522
0.235437 0.956522
0.235534 0.956522
0.235631 0.956522
0.235729 0.956522
0.235826 0.956522
0.235923 0.956522
0.236021 0.956522
0.236118 0.956522
0.236215 0.956522
0.236313 0.956522
0.236410 0.956522
0.236508 0.956522
0.236605 0.956522
0.236702 0.956522
0.236800 0.956522
0.236897 0.956522
0.236994 0.956522
0.237092 0.956522
0.237189 0.956522
0.237286 0.956522
0.237384 0.956522
0.237481 0.956522
0.237578 0.956522
0.237676 0.956522
0.237773 0.956522
0.237871 0.956522
0.237968 0.956522
0.238065 0.956522
0.238163 0.956522
0.238260 0.953964
0.238357 0.953964
0.238455 0.953964
0.238552 0.953964
0.238649 0.953964
0.238747 0.953964
0.238844 0.953964
0.238941 0.953964
0.239039 0.953964
0.239136 0.953964
0.239234 0.953964
0.239331 0.953964
0.239428 0.953964
0.239526 0.953964
0.239623 0.953964
0.239720 0.953964
0.239818 0.953964
0.239915 0.953964
0.240012 0.953964
0.240110 0.953964
0.240207 0.953964
0.240305 0.953964
0.240402 0.953964
0.240499 0.953964
0.240597 0.953964
0.240694 0.953964
0.240791 0.953964
0.240889 0.953964
0.240986 0.953964
0.241083 0.953964
0.241181 0.953964
0.241278 0.953964
0.241375 0.953964
0.241473 0.953964
0.241570 0.953964
0.241668 0.953964
0.241765 0.953964
0.241862 0.953964
0.241960 0.953964
0.242057 0.953964
0.242154 0.953964
0.242252 0.953964
0.242349 0.953964
0.242446 0.953964
0.242544 0.953964
0.242641 0.953964
0.242738 0.953964
0.242836 0.951407
0.242933 0.951407
0.243031 0.951407
0.243128 0.951407
0.243225 0.951407
0.243323 0.951407
0.243420 0.951407
0.243517 0.951407
0.243615 0.951407
0.243712 0.951407
0.243809 0.951407
0.243907 0.951407
0.244004 0.951407
0.244101 0.951407
0.244199 0.951407
0.244296 0.951407
0.244394 0.951407
0.244491 0.951407
0.244588 0.951407
0.244686 0.951407
0.244783 0.951407
0.244880 0.951407
0.244978 0.951407
0.245075 0.951407
0.245172 0.951407
0.245270 0.951407
0.245367 0.951407
0.245464 0.951407
0.245562 0.951407
0.245659 0.951407
0.245757 0.951407
0.245854 0.951407
0.245951 0.951407
0.246049 0.951407
0.246146 0.951407
0.246243 0.951407
0.246341 0.951407
0.246438 0.951407
0.246535 0.951407
0.246633 0.951407
0.246730 0.951407
0.246827 0.951407
0.246925 0.951407
0.247022 0.951407
0.247120 0.951407
0.247217 0.951407
0.247314 0.951407
0.247412 0.951407
0.247509 0.951407
0.247606 0.951407
0.247704 0.951407
0.247801 0.951407
0.247898 0.951407
0.247996 0.951407
0.248093 0.951407
0.248190 0.951407
0.248288 0.951407
0.248385 0.951407
0.248483 0.951407
0.248580 0.951407
0.248677 0.951407
0.248775 0.951407
0.248872 0.951407
0.248969 0.951407
0.249067 0.951407
0.249164 0.951407
0.249261 0.951407
0.249359 0.951407
0.249456 0.951407
0.249553 0.951407
0.249651 0.951407
0.249748 0.951407
0.249846 0.951407
0.249943 0.951407
0.250040 0.951407
0.250138 0.951407
0.250235 0.951407
0.250332 0.951407
0.250430 0.951407
0.250527 0.951407
0.250624 0.951407
0.250722 0.951407
0.250819 0.951407
0.250916 0.951407
0.251014 0.951407
0.251111 0.951407
0.251209 0.951407
0.251306 0.951407
0.251403 0.951407
0.251501 0.951407
0.251598 0.951407
0.251695 0.951407
0.251793 0.951407
0.251890 0.951407
0.251987 0.951407
0.252085 0.951407
0.252182 0.951407
0.252279 0.951407
0.252377 0.951407
0.252474 0.951407
0.252572 0.951407
0.252669 0.951407
0.252766 0.951407
0.252864 0.951407
0.252961 0.951407
0.253058 0.951407
0.253156 0.951407
0.253253 0.951407
0.253350 0.951407
0.253448 0.951407
0.253545 0.951407
0.253642 0.948849
0.253740 0.948849
0.253837 0.948849
0.253935 0.948849
0.254032 0.948849
0.254129 0.948849
0.254227 0.948849
0.254324 0.948849
0.254421 0.948849
0.254519 0.948849
0.254616 0.948849
0.254713 0.948849
0.254811 0.948849
0.254908 0.948849
0.255005 0.948849
0.255103 0.946292
0.255200 0.946292
0.255298 0.946292
0.255395 0.946292
0.255492 0.946292
0.255590 0.946292
0.255687 0.946292
0.255784 0.946292
0.255882 0.946292
0.255979 0.946292
0.256076 0.946292
0.256174 0.946292
0.256271 0.946292
0.256368 0.946292
0.256466 0.946292
0.256563 0.946292
0.256661 0.946292
0.256758 0.946292
0.256855 0.946292
0.256953 0.946292
0.257050 0.946292
0.257147 0.946292
0.257245 0.946292
0.257342 0.946292
0.257439 0.946292
0.257537 0.946292
0.257634 0.946292
0.257731 0.946292
0.257829 0.946292
0.257926 0.943734
0.258024 0.943734
0.258121 0.943734
0.258218 0.943734
0.258316 0.943734
0.258413 0.943734
0.258510 0.943734
0.258608 0.943734
0.258705 0.943734
0.258802 0.943734
0.258900 0.943734
0.258997 0.943734
0.259094 0.943734
0.259192 0.943734
0.259289 0.943734
0.259387 0.943734
0.259484 0.943734
0.259581 0.943734
0.259679 0.943734
0.259776 0.943734
0.259873 0.943734
0.259971 0.941176
0.260068 0.941176
0.260165 0.941176
0.260263 0.941176
0.260360 0.941176
0.260457 0.941176
0.260555 0.938619
0.260652 0.938619
0.260750 0.938619
0.260847 0.938619
0.260944 0.938619
0.261042 0.938619
0.261139 0.938619
0.261236 0.938619
0.261334 0.938619
0.261431 0.938619
0.261528 0.938619
0.261626 0.938619
0.261723 0.938619
0.261820 0.938619
0.261918 0.938619
0.262015 0.938619
0.262113 0.938619
0.262210 0.938619
0.262307 0.938619
0.262405 0.938619
0.262502 0.938619
0.262599 0.938619
0.262697 0.938619
0.262794 0.938619
0.262891 0.938619
0.262989 0.938619
0.263086 0.938619
0.263183 0.938619
0.263281 0.938619
0.263378 0.938619
0.263476 0.938619
0.263573 0.938619
0.263670 0.938619
0.263768 0.938619
0.263865 0.938619
0.263962 0.938619
0.264060 0.938619
0.264157 0.938619
0.264254 0.938619
0.264352 0.938619
0.264449 0.938619
0.264546 0.938619
0.264644 0.938619
0.264741 0.938619
0.264839 0.938619
0.264936 0.938619
0.265033 0.938619
0.265131 0.938619
0.265228 0.938619
0.265325 0.938619
0.265423 0.938619
0.265520 0.938619
0.265617 0.938619
0.265715 0.938619
0.265812 0.938619
0.265909 0.938619
0.266007 0.938619
0.266104 0.938619
0.266202 0.938619
0.266299 0.938619
0.266396 0.938619
0.266494 0.938619
0.266591 0.938619
0.266688 0.938619
0.266786 0.938619
0.266883 0.938619
0.266980 0.938619
0.267078 0.938619
0.267175 0.938619
0.267272 0.938619
0.267370 0.938619
0.267467 0.938619
0.267565 0.938619
0.267662 0.938619
0.267759 0.938619
0.267857 0.938619
0.267954 0.938619
0.268051 0.938619
0.268149 0.938619
0.268246 0.936061
0.268343 0.936061
0.268441 0.936061
0.268538 0.936061
0.268635 0.936061
0.268733 0.936061
0.268830 0.936061
0.268928 0.936061
0.269025 0.936061
0.269122 0.936061
0.269220 0.936061
0.269317 0.936061
0.269414 0.936061
0.269512 0.936061
0.269609 0.936061
0.269706 0.936061
0.269804 0.936061
0.269901 0.936061
0.269998 0.936061
0.270096 0.936061
0.270193 0.936061
0.270291 0.936061
0.270388 0.936061
0.270485 0.936061
0.270583 0.936061
0.270680 0.936061
0.270777 0.936061
0.270875 0.936061
0.270972 0.936061
0.271069 0.936061
0.271167 0.936061
0.271264 0.936061
0.271361 0.936061
0.271459 0.936061
0.271556 0.936061
0.271654 0.936061
0.271751 0.936061
0.271848 0.936061
0.271946 0.936061
0.272043 0.936061
0.272140 0.936061
0.272238 0.936061
0.272335 0.936061
0.272432 0.936061
0.272530 0.936061
0.272627 0.936061
0.272724 0.936061
0.272822 0.936061
0.272919 0.936061
0.273017 0.936061
0.273114 0.936061
0.273211 0.936061
0.273309 0.936061
0.273406 0.936061
0.273503 0.936061
0.273601 0.936061
0.273698 0.933504
0.273795 0.933504
0.273893 0.930946
0.273990 0.930946
0.274087 0.930946
0.274185 0.930946
0.274282 0.930946
0.274380 0.930946
0.274477 0.930946
0.274574 0.930946
0.274672 0.930946
0.274769 0.930946
0.274866 0.930946
0.274964 0.930946
0.275061 0.930946
0.275158 0.930946
0.275256 0.930946
0.275353 0.930946
0.275450 0.930946
0.275548 0.930946
0.275645 0.930946
0.275743 0.930946
0.275840 0.930946
0.275937 0.930946
0.276035 0.930946
0.276132 0.930946
0.276229 0.930946
0.276327 0.930946
0.276424 0.930946
0.276521 0.930946
0.276619 0.930946
0.276716 0.930946
0.276813 0.930946
0.276911 0.930946
0.277008 0.930946
0.277106 0.930946
0.277203 0.930946
0.277300 0.930946
0.277398 0.928389
0.277495 0.928389
0.277592 0.928389
0.277690 0.928389
0.277787 0.928389
0.277884 0.928389
0.277982 0.928389
0.278079 0.928389
0.278176 0.928389
0.278274 0.928389
0.278371 0.928389
0.278469 0.928389
0.278566 0.928389
0.278663 0.928389
0.278761 0.928389
0.278858 0.928389
0.278955 0.928389
0.279053 0.928389
0.279150 0.928389
0.279247 0.928389
0.279345 0.925831
0.279442 0.925831
0.279540 0.925831
0.279637 0.925831
0.279734 0.925831
0.279832 0.925831
0.279929 0.925831
0.280026 0.925831
0.280124 0.925831
0.280221 0.925831
0.280318 0.925831
0.280416 0.925831
0.280513 0.925831
0.280610 0.925831
0.280708 0.925831
0.280805 0.925831
0.280903 0.925831
0.281000 0.925831
0.281097 0.925831
0.281195 0.925831
0.281292 0.925831
0.281389 0.925831
0.281487 0.925831
0.281584 0.925831
0.281681 0.925831
0.281779 0.925831
0.281876 0.925831
0.281973 0.925831
0.282071 0.925831
0.282168 0.925831
0.282266 0.925831
0.282363 0.925831
0.282460 0.925831
0.282558 0.925831
0.282655 0.925831
0.282752 0.925831
0.282850 0.925831
0.282947 0.925831
0.283044 0.925831
0.283142 0.925831
0.283239 0.925831
0.283336 0.925831
0.283434 0.925831
0.283531 0.925831
0.283629 0.925831
0.283726 0.925831
0.283823 0.925831
0.283921 0.925831
0.284018 0.925831
0.284115 0.925831
0.284213 0.925831
0.284310 0.925831
0.284407 0.925831
0.284505 0.925831
0.284602 0.925831
0.284699 0.925831
0.284797 0.925831
0.284894 0.925831
0.284992 0.925831
0.285089 0.925831
0.285186 0.925831
0.285284 0.925831
0.285381 0.925831
0.285478 0.925831
0.285576 0.925831
0.285673 0.925831
0.285770 0.925831
0.285868 0.925831
0.285965 0.925831
0.286062 0.925831
0.286160 0.925831
0.286257 0.925831
0.286355 0.925831
0.286452 0.925831
0.286549 0.925831
0.286647 0.925831
0.286744 0.925831
0.286841 0.925831
0.286939 0.925831
0.287036 0.925831
0.287133 0.925831
0.287231 0.925831
0.287328 0.925831
0.287425 0.925831
0.287523 0.925831
0.287620 0.925831
0.287718 0.925831
0.287815 0.925831
0.287912 0.925831
0.288010 0.925831
0.288107 0.925831
0.288204 0.925831
0.288302 0.925831
0.288399 0.925831
0.288496 0.925831
0.288594 0.925831
0.288691 0.925831
0.288788 0.925831
0.288886 0.925831
0.288983 0.925831
0.289081 0.925831
0.289178 0.925831
0.289275 0.925831
0.289373 0.925831
0.289470 0.923274
0.289567 0.923274
0.289665 0.923274
0.289762 0.923274
0.289859 0.923274
0.289957 0.920716
0.290054 0.920716
0.290151 0.920716
0.290249 0.920716
0.290346 0.920716
0.290444 0.920716
0.290541 0.920716
0.290638 0.920716
0.290736 0.920716
0.290833 0.920716
0.290930 0.920716
0.291028 0.920716
0.291125 0.920716
0.291222 0.920716
0.291320 0.920716
0.291417 0.920716
0.291514 0.920716
0.291612 0.920716
0.291709 0.918159
0.291807 0.918159
0.291904 0.918159
0.292001 0.918159
0.292099 0.918159
0.292196 0.918159
0.292293 0.918159
0.292391 0.918159
0.292488 0.918159
0.292585 0.918159
0.292683 0.918159
0.292780 0.918159
0.292877 0.918159
0.292975 0.918159
0.293072 0.918159
0.293170 0.915601
0.293267 0.915601
0.293364 0.915601
0.293462 0.915601
0.293559 0.915601
0.293656 0.915601
0.293754 0.915601
0.293851 0.915601
0.293948 0.915601
0.294046 0.915601
0.294143 0.915601
0.294240 0.915601
0.294338 0.915601
0.294435 0.915601
0.294533 0.915601
0.294630 0.915601
0.294727 0.915601
0.294825 0.915601
0.294922 0.915601
0.295019 0.915601
0.295117 0.915601
0.295214 0.915601
0.295311 0.915601
0.295409 0.915601
0.295506 0.915601
0.295603 0.915601
0.295701 0.915601
0.295798 0.915601
0.295896 0.915601
0.295993 0.915601
0.296090 0.915601
0.296188 0.915601
0.296285 0.915601
0.296382 0.915601
0.296480 0.915601
0.296577 0.913043
0.296674 0.913043
0.296772 0.913043
0.296869 0.913043
0.296966 0.913043
0.297064 0.913043
0.297161 0.913043
0.297259 0.913043
0.297356 0.913043
0.297453 0.913043
0.297551 0.913043
0.297648 0.913043
0.297745 0.913043
0.297843 0.913043
0.297940 0.913043
0.298037 0.913043
0.298135 0.913043
0.298232 0.913043
0.298329 0.913043
0.298427 0.913043
0.298524 0.913043
0.298622 0.913043
0.298719 0.913043
0.298816 0.913043
0.298914 0.913043
0.299011 0.913043
0.299108 0.913043
0.299206 0.913043
0.299303 0.913043
0.299400 0.913043
0.299498 0.913043
0.299595 0.913043
0.299692 0.913043
0.299790 0.913043
0.299887 0.913043
0.299985 0.913043
0.300082 0.913043
0.300179 0.913043
0.300277 0.913043
0.300374 0.913043
0.300471 0.910486
0.300569 0.910486
0.300666 0.910486
0.300763 0.910486
0.300861 0.910486
0.300958 0.910486
0.301055 0.910486
0.301153 0.910486
0.301250 0.910486
0.301348 0.910486
0.301445 0.910486
0.301542 0.910486
0.301640 0.910486
0.301737 0.910486
0.301834 0.910486
0.301932 0.910486
0.302029 0.910486
0.302126 0.910486
0.302224 0.910486
0.302321 0.910486
0.302418 0.910486
0.302516 0.910486
0.302613 0.910486
0.302711 0.910486
0.302808 0.910486
0.302905 0.910486
0.303003 0.910486
0.303100 0.910486
0.303197 0.910486
0.303295 0.910486
0.303392 0.910486
0.303489 0.910486
0.303587 0.910486
0.303684 0.910486
0.303781 0.910486
0.303879 0.910486
0.303976 0.910486
0.304074 0.910486
0.304171 0.910486
0.304268 0.910486
0.304366 0.910486
0.304463 0.910486
0.304560 0.910486
0.304658 0.910486
0.304755 0.910486
0.304852 0.910486
0.304950 0.910486
0.305047 0.910486
0.305144 0.910486
0.305242 0.910486
0.305339 0.910486
0.305437 0.910486
0.305534 0.910486
0.305631 0.910486
0.305729 0.910486
0.305826 0.910486
0.305923 0.910486
0.306021 0.910486
0.306118 0.910486
0.306215 0.910486
0.306313 0.910486
0.306410 0.910486
0.306507 0.910486
0.306605 0.910486
0.306702 0.910486
0.306800 0.910486
0.306897 0.910486
0.306994 0.910486
0.307092 0.907928
0.307189 0.907928
0.307286 0.907928
0.307384 0.907928
0.307481 0.907928
0.307578 0.907928
0.307676 0.907928
0.307773 0.907928
0.307870 0.907928
0.307968 0.907928
0.308065 0.907928
0.308163 0.907928
0.308260 0.907928
0.308357 0.907928
0.308455 0.907928
0.308552 0.907928
0.308649 0.907928
0.308747 0.907928
0.308844 0.907928
0.308941 0.907928
0.309039 0.907928
0.309136 0.907928
0.309233 0.907928
0.309331 0.907928
0.309428 0.907928
0.309526 0.907928
0.309623 0.907928
0.309720 0.907928
0.309818 0.907928
0.309915 0.907928
0.310012 0.907928
0.310110 0.907928
0.310207 0.907928
0.310304 0.907928
0.310402 0.907928
0.310499 0.907928
0.310596 0.907928
0.310694 0.907928
0.310791 0.907928
0.310889 0.907928
0.310986 0.907928
0.311083 0.907928
0.311181 0.907928
0.311278 0.907928
0.311375 0.907928
0.311473 0.907928
0.311570 0.907928
0.311667 0.907928
0.311765 0.907928
0.311862 0.907928
0.311959 0.907928
0.312057 0.907928
0.312154 0.907928
0.312252 0.907928
0.312349 0.907928
0.312446 0.907928
0.312544 0.907928
0.312641 0.907928
0.312738 0.907928
0.312836 0.907928
0.312933 0.907928
0.313030 0.907928
0.313128 0.907928
0.313225 0.907928
0.313322 0.907928
0.313420 0.907928
0.313517 0.907928
0.313615 0.907928
0.313712 0.907928
0.313809 0.907928
0.313907 0.907928
0.314004 0.907928
0.314101 0.907928
0.314199 0.907928
0.314296 0.907928
0.314393 0.907928
0.314491 0.907928
0.314588 0.907928
0.314685 0.907928
0.314783 0.907928
0.314880 0.907928
0.314978 0.907928
0.315075 0.907928
0.315172 0.907928
0.315270 0.907928
0.315367 0.907928
0.315464 0.907928
0.315562 0.907928
0.315659 0.907928
0.315756 0.907928
0.315854 0.907928
0.315951 0.907928
0.316048 0.907928
0.316146 0.905371
0.316243 0.905371
0.316341 0.905371
0.316438 0.905371
0.316535 0.905371
0.316633 0.905371
0.316730 0.905371
0.316827 0.905371
0.316925 0.905371
0.317022 0.905371
0.317119 0.905371
0.317217 0.905371
0.317314 0.905371
0.317412 0.905371
0.317509 0.905371
0.317606 0.905371
0.317704 0.905371
0.317801 0.905371
0.317898 0.905371
0.317996 0.905371
0.318093 0.905371
0.318190 0.905371
0.318288 0.905371
0.318385 0.905371
0.318482 0.905371
0.318580 0.905371
0.318677 0.905371
0.318775 0.905371
0.318872 0.905371
0.318969 0.905371
0.319067 0.905371
0.319164 0.905371
0.319261 0.905371
0.319359 0.905371
0.319456 0.905371
0.319553 0.905371
0.319651 0.905371
0.319748 0.905371
0.319845 0.905371
0.319943 0.905371
0.320040 0.905371
0.320138 0.905371
0.320235 0.905371
0.320332 0.905371
0.320430 0.905371
0.320527 0.905371
0.320624 0.905371
0.320722 0.905371
0.320819 0.905371
0.320916 0.905371
0.321014 0.905371
0.321111 0.905371
0.321208 0.905371
0.321306 0.905371
0.321403 0.905371
0.321501 0.905371
0.321598 0.905371
0.321695 0.905371
0.321793 0.905371
0.321890 0.905371
0.321987 0.905371
0.322085 0.905371
0.322182 0.905371
0.322279 0.905371
0.322377 0.905371
0.322474 0.902813
0.322571 0.902813
0.322669 0.902813
0.322766 0.902813
0.322864 0.902813
0.322961 0.900256
0.323058 0.900256
0.323156 0.900256
0.323253 0.900256
0.323350 0.900256
0.323448 0.900256
0.323545 0.900256
0.323642 0.900256
0.323740 0.900256
0.323837 0.900256
0.323934 0.900256
0.324032 0.900256
0.324129 0.900256
0.324227 0.900256
0.324324 0.900256
0.324421 0.900256
0.324519 0.900256
0.324616 0.900256
0.324713 0.900256
0.324811 0.900256
0.324908 0.900256
0.325005 0.900256
0.325103 0.900256
0.325200 0.900256
0.325297 0.900256
0.325395 0.900256
0.325492 0.900256
0.325590 0.900256
0.325687 0.900256
0.325784 0.900256
0.325882 0.900256
0.325979 0.900256
0.326076 0.900256
0.326174 0.900256
0.326271 0.900256
0.326368 0.900256
0.326466 0.900256
0.326563 0.900256
0.326660 0.900256
0.326758 0.900256
0.326855 0.900256
0.326953 0.900256
0.327050 0.900256
0.327147 0.900256
0.327245 0.900256
0.327342 0.900256
0.327439 0.900256
0.327537 0.900256
0.327634 0.900256
0.327731 0.900256
0.327829 0.900256
0.327926 0.900256
0.328023 0.900256
0.328121 0.900256
0.328218 0.900256
0.328316 0.900256
0.328413 0.900256
0.328510 0.900256
0.328608 0.900256
0.328705 0.900256
0.328802 0.900256
0.328900 0.900256
0.328997 0.900256
0.329094 0.900256
0.329192 0.900256
0.329289 0.900256
0.329386 0.900256
0.329484 0.900256
0.329581 0.900256
0.329679 0.900256
0.329776 0.900256
0.329873 0.900256
0.329971 0.900256
0.330068 0.900256
0.330165 0.900256
0.330263 0.900256
0.330360 0.900256
0.330457 0.900256
0.330555 0.900256
0.330652 0.900256
0.330749 0.900256
0.330847 0.900256
0.330944 0.900256
0.331042 0.900256
0.331139 0.900256
0.331236 0.900256
0.331334 0.900256
0.331431 0.900256
0.331528 0.900256
0.331626 0.900256
0.331723 0.900256
0.331820 0.900256
0.331918 0.900256
0.332015 0.900256
0.332112 0.900256
0.332210 0.900256
0.332307 0.900256
0.332405 0.900256
0.332502 0.900256
0.332599 0.897698
0.332697 0.897698
0.332794 0.897698
0.332891 0.897698
0.332989 0.895141
0.333086 0.895141
0.333183 0.895141
0.333281 0.895141
0.333378 0.895141
0.333475 0.895141
0.333573 0.895141
0.333670 0.895141
0.333768 0.895141
0.333865 0.895141
0.333962 0.895141
0.334060 0.895141
0.334157 0.895141
0.334254 0.895141
0.334352 0.895141
0.334449 0.895141
0.334546 0.895141
0.334644 0.895141
0.334741 0.895141
0.334838 0.895141
0.334936 0.895141
0.335033 0.895141
0.335131 0.895141
0.335228 0.895141
0.335325 0.895141
0.335423 0.895141
0.335520 0.895141
0.335617 0.895141
0.335715 0.895141
0.335812 0.895141
0.335909 0.895141
0.336007 0.895141
0.336104 0.895141
0.336201 0.895141
0.336299 0.895141
0.336396 0.895141
0.336494 0.895141
0.336591 0.895141
0.336688 0.895141
0.336786 0.895141
0.336883 0.895141
0.336980 0.895141
0.337078 0.895141
0.337175 0.895141
0.337272 0.895141
0.337370 0.895141
0.337467 0.895141
0.337564 0.895141
0.337662 0.895141
0.337759 0.895141
0.337857 0.895141
0.337954 0.895141
0.338051 0.895141
0.338149 0.895141
0.338246 0.895141
0.338343 0.895141
0.338441 0.892583
0.338538 0.892583
0.338635 0.892583
0.338733 0.892583
0.338830 0.892583
0.338927 0.892583
0.339025 0.892583
0.339122 0.892583
0.339220 0.892583
0.339317 0.892583
0.339414 0.892583
0.339512 0.890026
0.339609 0.890026
0.339706 0.890026
0.339804 0.890026
0.339901 0.890026
0.339998 0.890026
0.340096 0.890026
0.340193 0.890026
0.340290 0.890026
0.340388 0.890026
0.340485 0.890026
0.340583 0.890026
0.340680 0.890026
0.340777 0.887468
0.340875 0.887468
0.340972 0.887468
0.341069 0.887468
0.341167 0.887468
0.341264 0.887468
0.341361 0.887468
0.341459 0.887468
0.341556 0.887468
0.341653 0.887468
0.341751 0.887468
0.341848 0.884910
0.341946 0.884910
0.342043 0.884910
0.342140 0.884910
0.342238 0.884910
0.342335 0.884910
0.342432 0.884910
0.342530 0.884910
0.342627 0.884910
0.342724 0.884910
0.342822 0.884910
0.342919 0.884910
0.343016 0.884910
0.343114 0.884910
0.343211 0.884910
0.343309 0.884910
0.343406 0.884910
0.343503 0.884910
0.343601 0.884910
0.343698 0.884910
0.343795 0.884910
0.343893 0.884910
0.343990 0.884910
0.344087 0.884910
0.344185 0.884910
0.344282 0.884910
0.344379 0.884910
0.344477 0.884910
0.344574 0.884910
0.344672 0.884910
0.344769 0.884910
0.344866 0.884910
0.344964 0.884910
0.345061 0.882353
0.345158 0.882353
0.345256 0.882353
0.345353 0.882353
0.345450 0.882353
0.345548 0.882353
0.345645 0.882353
0.345742 0.882353
0.345840 0.882353
0.345937 0.882353
0.346035 0.882353
0.346132 0.882353
0.346229 0.882353
0.346327 0.882353
0.346424 0.882353
0.346521 0.882353
0.346619 0.882353
0.346716 0.882353
0.346813 0.882353
0.346911 0.882353
0.347008 0.882353
0.347105 0.882353
0.347203 0.882353
0.347300 0.882353
0.347398 0.882353
0.347495 0.882353
0.347592 0.882353
0.347690 0.882353
0.347787 0.882353
0.347884 0.882353
0.347982 0.882353
0.348079 0.882353
0.348176 0.882353
0.348274 0.882353
0.348371 0.882353
0.348468 0.882353
0.348566 0.882353
0.348663 0.882353
0.348761 0.882353
0.348858 0.882353
0.348955 0.882353
0.349053 0.882353
0.349150 0.882353
0.349247 0.882353
0.349345 0.882353
0.349442 0.882353
0.349539 0.882353
0.349637 0.882353
0.349734 0.882353
0.349831 0.882353
0.349929 0.882353
0.350026 0.882353
0.350124 0.882353
0.350221 0.882353
0.350318 0.882353
0.350416 0.882353
0.350513 0.882353
0.350610 0.882353
0.350708 0.882353
0.350805 0.882353
0.350902 0.882353
0.351000 0.879795
0.351097 0.879795
0.351194 0.879795
0.351292 0.879795
0.351389 0.879795
0.351487 0.879795
0.351584 0.879795
0.351681 0.879795
0.351779 0.879795
0.351876 0.879795
0.351973 0.879795
0.352071 0.879795
0.352168 0.879795
0.352265 0.879795
0.352363 0.877238
0.352460 0.877238
0.352557 0.877238
0.352655 0.877238
0.352752 0.877238
0.352850 0.877238
0.352947 0.877238
0.353044 0.877238
0.353142 0.877238
0.353239 0.877238
0.353336 0.877238
0.353434 0.877238
0.353531 0.877238
0.353628 0.877238
0.353726 0.877238
0.353823 0.877238
0.353920 0.877238
0.354018 0.877238
0.354115 0.877238
0.354213 0.877238
0.354310 0.877238
0.354407 0.874680
0.354505 0.874680
0.354602 0.874680
0.354699 0.874680
0.354797 0.874680
0.354894 0.874680
0.354991 0.874680
0.355089 0.874680
0.355186 0.874680
0.355284 0.874680
0.355381 0.872123
0.355478 0.872123
0.355576 0.872123
0.355673 0.872123
0.355770 0.872123
0.355868 0.872123
0.355965 0.872123
0.356062 0.872123
0.356160 0.872123
0.356257 0.869565
0.356354 0.869565
0.356452 0.869565
0.356549 0.869565
0.356647 0.869565
0.356744 0.869565
0.356841 0.869565
0.356939 0.869565
0.357036 0.869565
0.357133 0.869565
0.357231 0.869565
0.357328 0.869565
0.357425 0.869565
0.357523 0.869565
0.357620 0.869565
0.357717 0.869565
0.357815 0.869565
0.357912 0.869565
0.358010 0.869565
0.358107 0.869565
0.358204 0.869565
0.358302 0.869565
0.358399 0.869565
0.358496 0.869565
0.358594 0.869565
0.358691 0.869565
0.358788 0.869565
0.358886 0.869565
0.358983 0.869565
0.359080 0.869565
0.359178 0.869565
0.359275 0.869565
0.359373 0.869565
0.359470 0.869565
0.359567 0.869565
0.359665 0.867008
0.359762 0.867008
0.359859 0.867008
0.359957 0.867008
0.360054 0.867008
0.360151 0.867008
0.360249 0.867008
0.360346 0.867008
0.360443 0.867008
0.360541 0.867008
0.360638 0.867008
0.360736 0.867008
0.360833 0.867008
0.360930 0.864450
0.361028 0.864450
0.361125 0.864450
0.361222 0.864450
0.361320 0.864450
0.361417 0.864450
0.361514 0.864450
0.361612 0.864450
0.361709 0.864450
0.361806 0.861893
0.361904 0.861893
0.362001 0.861893
0.362099 0.861893
0.362196 0.861893
0.362293 0.861893
0.362391 0.861893
0.362488 0.861893
0.362585 0.861893
0.362683 0.861893
0.362780 0.861893
0.362877 0.861893
0.362975 0.861893
0.363072 0.861893
0.363169 0.861893
0.363267 0.859335
0.363364 0.859335
0.363462 0.859335
0.363559 0.859335
0.363656 0.859335
0.363754 0.859335
0.363851 0.859335
0.363948 0.859335
0.364046 0.859335
0.364143 0.859335
0.364240 0.859335
0.364338 0.859335
0.364435 0.859335
0.364532 0.856777
0.364630 0.856777
0.364727 0.856777
0.364825 0.856777
0.364922 0.856777
0.365019 0.856777
0.365117 0.856777
0.365214 0.856777
0.365311 0.856777
0.365409 0.856777
0.365506 0.856777
0.365603 0.856777
0.365701 0.854220
0.365798 0.854220
0.365895 0.854220
0.365993 0.854220
0.366090 0.854220
0.366188 0.854220
0.366285 0.854220
0.366382 0.854220
0.366480 0.854220
0.366577 0.854220
0.366674 0.854220
0.366772 0.854220
0.366869 0.854220
0.366966 0.854220
0.367064 0.854220
0.367161 0.854220
0.367258 0.854220
0.367356 0.854220
0.367453 0.854220
0.367551 0.854220
0.367648 0.854220
0.367745 0.854220
0.367843 0.854220
0.367940 0.854220
0.368037 0.854220
0.368135 0.854220
0.368232 0.854220
0.368329 0.854220
0.368427 0.854220
0.368524 0.854220
0.368621 0.854220
0.368719 0.854220
0.368816 0.854220
0.368914 0.854220
0.369011 0.854220
0.369108 0.854220
0.369206 0.854220
0.369303 0.854220
0.369400 0.854220
0.369498 0.854220
0.369595 0.854220
0.369692 0.854220
0.369790 0.854220
0.369887 0.854220
0.369984 0.854220
0.370082 0.854220
0.370179 0.851662
0.370277 0.851662
0.370374 0.851662
0.370471 0.851662
0.370569 0.851662
0.370666 0.851662
0.370763 0.851662
0.370861 0.851662
0.370958 0.851662
0.371055 0.851662
0.371153 0.851662
0.371250 0.851662
0.371347 0.851662
0.371445 0.851662
0.371542 0.851662
0.371640 0.851662
0.371737 0.851662
0.371834 0.851662
0.371932 0.851662
0.372029 0.851662
0.372126 0.851662
0.372224 0.851662
0.372321 0.851662
0.372418 0.851662
0.372516 0.851662
0.372613 0.851662
0.372710 0.851662
0.372808 0.851662
0.372905 0.851662
0.373003 0.851662
0.373100 0.851662
0.373197 0.851662
0.373295 0.851662
0.373392 0.851662
0.373489 0.851662
0.373587 0.851662
0.373684 0.851662
0.373781 0.851662
0.373879 0.851662
0.373976 0.851662
0.374073 0.851662
0.374171 0.851662
0.374268 0.851662
0.374366 0.851662
0.374463 0.851662
0.374560 0.851662
0.374658 0.851662
0.374755 0.851662
0.374852 0.851662
0.374950 0.851662
0.375047 0.851662
0.375144 0.851662
0.375242 0.851662
0.375339 0.851662
0.375436 0.851662
0.375534 0.851662
0.375631 0.849105
0.375729 0.849105
0.375826 0.849105
0.375923 0.849105
0.376021 0.849105
0.376118 0.849105
0.376215 0.849105
0.376313 0.849105
0.376410 0.849105
0.376507 0.849105
0.376605 0.849105
0.376702 0.849105
0.376799 0.849105
0.376897 0.849105
0.376994 0.849105
0.377092 0.849105
0.377189 0.849105
0.377286 0.849105
0.377384 0.849105
0.377481 0.849105
0.377578 0.849105
0.377676 0.849105
0.377773 0.849105
0.377870 0.849105
0.377968 0.849105
0.378065 0.846547
0.378162 0.846547
0.378260 0.846547
0.378357 0.846547
0.378455 0.843990
0.378552 0.843990
0.378649 0.843990
0.378747 0.843990
0.378844 0.843990
0.378941 0.843990
0.379039 0.843990
0.379136 0.843990
0.379233 0.843990
0.379331 0.843990
0.379428 0.843990
0.379525 0.843990
0.379623 0.843990
0.379720 0.843990
0.379818 0.841432
0.379915 0.841432
0.380012 0.841432
0.380110 0.841432
0.380207 0.841432
0.380304 0.841432
0.380402 0.841432
0.380499 0.841432
0.380596 0.838875
0.380694 0.838875
0.380791 0.838875
0.380888 0.838875
0.380986 0.838875
0.381083 0.838875
0.381181 0.838875
0.381278 0.838875
0.381375 0.838875
0.381473 0.838875
0.381570 0.838875
0.381667 0.838875
0.381765 0.838875
0.381862 0.838875
0.381959 0.838875
0.382057 0.836317
0.382154 0.833760
0.382251 0.833760
0.382349 0.833760
0.382446 0.833760
0.382544 0.833760
0.382641 0.833760
0.382738 0.833760
0.382836 0.833760
0.382933 0.831202
0.383030 0.831202
0.383128 0.831202
0.383225 0.831202
0.383322 0.831202
0.383420 0.831202
0.383517 0.831202
0.383614 0.831202
0.383712 0.831202
0.383809 0.831202
0.383907 0.831202
0.384004 0.831202
0.384101 0.831202
0.384199 0.831202
0.384296 0.831202
0.384393 0.831202
0.384491 0.828645
0.384588 0.828645
0.384685 0.828645
0.384783 0.828645
0.384880 0.828645
0.384977 0.826087
0.385075 0.826087
0.385172 0.826087
0.385270 0.826087
0.385367 0.826087
0.385464 0.826087
0.385562 0.826087
0.385659 0.826087
0.385756 0.826087
0.385854 0.826087
0.385951 0.826087
0.386048 0.826087
0.386146 0.826087
0.386243 0.826087
0.386340 0.826087
0.386438 0.826087
0.386535 0.826087
0.386633 0.826087
0.386730 0.826087
0.386827 0.826087
0.386925 0.826087
0.387022 0.826087
0.387119 0.826087
0.387217 0.826087
0.387314 0.826087
0.387411 0.826087
0.387509 0.826087
0.387606 0.826087
0.387703 0.826087
0.387801 0.826087
0.387898 0.826087
0.387996 0.826087
0.388093 0.826087
0.388190 0.826087
0.388288 0.826087
0.388385 0.826087
0.388482 0.826087
0.388580 0.826087
0.388677 0.826087
0.388774 0.826087
0.388872 0.826087
0.388969 0.826087
0.389066 0.826087
0.389164 0.826087
0.389261 0.826087
0.389359 0.826087
0.389456 0.826087
0.389553 0.826087
0.389651 0.826087
0.389748 0.826087
0.389845 0.826087
0.389943 0.826087
0.390040 0.826087
0.390137 0.826087
0.390235 0.823529
0.390332 0.823529
0.390429 0.823529
0.390527 0.823529
0.390624 0.823529
0.390722 0.823529
0.390819 0.823529
0.390916 0.820972
0.391014 0.820972
0.391111 0.820972
0.391208 0.820972
0.391306 0.820972
0.391403 0.820972
0.391500 0.820972
0.391598 0.820972
0.391695 0.818414
0.391792 0.818414
0.391890 0.818414
0.391987 0.815857
0.392085 0.815857
0.392182 0.815857
0.392279 0.815857
0.392377 0.815857
0.392474 0.815857
0.392571 0.815857
0.392669 0.815857
0.392766 0.815857
0.392863 0.815857
0.392961 0.815857
0.393058 0.815857
0.393156 0.815857
0.393253 0.815857
0.393350 0.815857
0.393448 0.815857
0.393545 0.815857
0.393642 0.815857
0.393740 0.815857
0.393837 0.815857
0.393934 0.815857
0.394032 0.815857
0.394129 0.815857
0.394226 0.815857
0.394324 0.815857
0.394421 0.815857
0.394519 0.815857
0.394616 0.815857
0.394713 0.815857
0.394811 0.815857
0.394908 0.815857
0.395005 0.815857
0.395103 0.815857
0.395200 0.815857
0.395297 0.815857
0.395395 0.815857
0.395492 0.815857
0.395589 0.815857
0.395687 0.815857
0.395784 0.815857
0.395882 0.815857
0.395979 0.815857
0.396076 0.815857
0.396174 0.815857
0.396271 0.815857
0.396368 0.815857
0.396466 0.815857
0.396563 0.815857
0.396660 0.815857
0.396758 0.815857
0.396855 0.815857
0.396952 0.815857
0.397050 0.815857
0.397147 0.815857
0.397245 0.815857
0.397342 0.815857
0.397439 0.813299
0.397537 0.813299
0.397634 0.813299
0.397731 0.813299
0.397829 0.813299
0.397926 0.813299
0.398023 0.813299
0.398121 0.813299
0.398218 0.813299
0.398315 0.813299
0.398413 0.813299
0.398510 0.810742
0.398608 0.810742
0.398705 0.810742
0.398802 0.808184
0.398900 0.808184
0.398997 0.808184
0.399094 0.808184
0.399192 0.808184
0.399289 0.808184
0.399386 0.808184
0.399484 0.808184
0.399581 0.808184
0.399678 0.808184
0.399776 0.808184
0.399873 0.808184
0.399971 0.808184
0.400068 0.808184
0.400165 0.808184
0.400263 0.808184
0.400360 0.808184
0.400457 0.808184
0.400555 0.808184
0.400652 0.808184
0.400749 0.808184
0.400847 0.808184
0.400944 0.808184
0.401041 0.808184
0.401139 0.808184
0.401236 0.805627
0.401334 0.805627
0.401431 0.805627
0.401528 0.805627
0.401626 0.805627
0.401723 0.805627
0.401820 0.805627
0.401918 0.805627
0.402015 0.805627
0.402112 0.805627
0.402210 0.805627
0.402307 0.805627
0.402404 0.805627
0.402502 0.805627
0.402599 0.805627
0.402697 0.805627
0.402794 0.805627
0.402891 0.805627
0.402989 0.805627
0.403086 0.805627
0.403183 0.805627
0.403281 0.805627
0.403378 0.805627
0.403475 0.805627
0.403573 0.805627
0.403670 0.803069
0.403767 0.803069
0.403865 0.803069
0.403962 0.803069
0.404060 0.803069
0.404157 0.803069
0.404254 0.803069
0.404352 0.803069
0.404449 0.803069
0.404546 0.803069
0.404644 0.803069
0.404741 0.803069
0.404838 0.803069
0.404936 0.803069
0.405033 0.803069
0.405130 0.803069
0.405228 0.803069
0.405325 0.803069
0.405423 0.803069
0.405520 0.803069
0.405617 0.803069
0.405715 0.803069
0.405812 0.803069
0.405909 0.803069
0.406007 0.803069
0.406104 0.803069
0.406201 0.803069
0.406299 0.803069
0.406396 0.803069
0.406493 0.803069
0.406591 0.803069
0.406688 0.803069
0.406786 0.803069
0.406883 0.803069
0.406980 0.803069
0.407078 0.803069
0.407175 0.803069
0.407272 0.803069
0.407370 0.803069
0.407467 0.803069
0.407564 0.803069
0.407662 0.803069
0.407759 0.803069
0.407856 0.803069
0.407954 0.803069
0.408051 0.803069
0.408149 0.803069
0.408246 0.803069
0.408343 0.803069
0.408441 0.803069
0.408538 0.803069
0.408635 0.803069
0.408733 0.803069
0.408830 0.803069
0.408927 0.800512
0.409025 0.800512
0.409122 0.797954
0.409219 0.797954
0.409317 0.797954
0.409414 0.797954
0.409512 0.797954
0.409609 0.797954
0.409706 0.795396
0.409804 0.795396
0.409901 0.795396
0.409998 0.795396
0.410096 0.795396
0.410193 0.795396
0.410290 0.795396
0.410388 0.795396
0.410485 0.795396
0.410582 0.795396
0.410680 0.795396
0.410777 0.795396
0.410875 0.795396
0.410972 0.795396
0.411069 0.795396
0.411167 0.795396
0.411264 0.795396
0.411361 0.795396
0.411459 0.795396
0.411556 0.795396
0.411653 0.795396
0.411751 0.795396
0.411848 0.795396
0.411945 0.795396
0.412043 0.795396
0.412140 0.795396
0.412238 0.795396
0.412335 0.795396
0.412432 0.795396
0.412530 0.795396
0.412627 0.795396
0.412724 0.795396
0.412822 0.795396
0.412919 0.795396
0.413016 0.795396
0.413114 0.795396
0.413211 0.795396
0.413308 0.795396
0.413406 0.795396
0.413503 0.792839
0.413601 0.792839
0.413698 0.792839
0.413795 0.792839
0.413893 0.792839
0.413990 0.792839
0.414087 0.792839
0.414185 0.792839
0.414282 0.792839
0.414379 0.792839
0.414477 0.792839
0.414574 0.792839
0.414671 0.792839
0.414769 0.792839
0.414866 0.792839
0.414964 0.792839
0.415061 0.792839
0.415158 0.790281
0.415256 0.790281
0.415353 0.790281
0.415450 0.790281
0.415548 0.790281
0.415645 0.790281
0.415742 0.790281
0.415840 0.790281
0.415937 0.790281
0.416034 0.790281
0.416132 0.790281
0.416229 0.790281
0.416327 0.790281
0.416424 0.790281
0.416521 0.790281
0.416619 0.790281
0.416716 0.790281
0.416813 0.790281
0.416911 0.790281
0.417008 0.790281
0.417105 0.790281
0.417203 0.790281
0.417300 0.790281
0.417397 0.790281
0.417495 0.790281
0.417592 0.790281
0.417690 0.790281
0.417787 0.787724
0.417884 0.787724
0.417982 0.787724
0.418079 0.787724
0.418176 0.787724
0.418274 0.787724
0.418371 0.787724
0.418468 0.787724
0.418566 0.787724
0.418663 0.787724
0.418760 0.787724
0.418858 0.787724
0.418955 0.787724
0.419053 0.787724
0.419150 0.787724
0.419247 0.787724
0.419345 0.787724
0.419442 0.785166
0.419539 0.782609
0.419637 0.782609
0.419734 0.782609
0.419831 0.782609
0.419929 0.782609
0.420026 0.782609
0.420123 0.782609
0.420221 0.782609
0.420318 0.782609
0.420416 0.782609
0.420513 0.782609
0.420610 0.782609
0.420708 0.782609
0.420805 0.782609
0.420902 0.782609
0.421000 0.782609
0.421097 0.782609
0.421194 0.782609
0.421292 0.782609
0.421389 0.782609
0.421486 0.782609
0.421584 0.782609
0.421681 0.782609
0.421779 0.782609
0.421876 0.782609
0.421973 0.782609
0.422071 0.782609
0.422168 0.782609
0.422265 0.780051
0.422363 0.780051
0.422460 0.780051
0.422557 0.780051
0.422655 0.780051
0.422752 0.780051
0.422849 0.780051
0.422947 0.780051
0.423044 0.780051
0.423142 0.780051
0.423239 0.780051
0.423336 0.780051
0.423434 0.780051
0.423531 0.780051
0.423628 0.780051
0.423726 0.780051
0.423823 0.780051
0.423920 0.780051
0.424018 0.780051
0.424115 0.780051
0.424212 0.780051
0.424310 0.780051
0.424407 0.780051
0.424505 0.780051
0.424602 0.780051
0.424699 0.780051
0.424797 0.780051
0.424894 0.780051
0.424991 0.780051
0.425089 0.780051
0.425186 0.780051
0.425283 0.780051
0.425381 0.777494
0.425478 0.777494
0.425575 0.774936
0.425673 0.774936
0.425770 0.774936
0.425868 0.774936
0.425965 0.774936
0.426062 0.774936
0.426160 0.774936
0.426257 0.774936
0.426354 0.774936
0.426452 0.774936
0.426549 0.774936
0.426646 0.774936
0.426744 0.774936
0.426841 0.774936
0.426938 0.774936
0.427036 0.774936
0.427133 0.774936
0.427231 0.772379
0.427328 0.772379
0.427425 0.772379
0.427523 0.772379
0.427620 0.772379
0.427717 0.772379
0.427815 0.772379
0.427912 0.772379
0.428009 0.772379
0.428107 0.772379
0.428204 0.772379
0.428301 0.772379
0.428399 0.772379
0.428496 0.772379
0.428594 0.772379
0.428691 0.772379
0.428788 0.772379
0.428886 0.772379
0.428983 0.772379
0.429080 0.772379
0.429178 0.772379
0.429275 0.772379
0.429372 0.772379
0.429470 0.772379
0.429567 0.772379
0.429664 0.769821
0.429762 0.769821
0.429859 0.769821
0.429957 0.769821
0.430054 0.769821
0.430151 0.769821
0.430249 0.769821
0.430346 0.769821
0.430443 0.769821
0.430541 0.769821
0.430638 0.767263
0.430735 0.767263
0.430833 0.767263
0.430930 0.767263
0.431028 0.767263
0.431125 0.767263
0.431222 0.767263
0.431320 0.767263
0.431417 0.767263
0.431514 0.767263
0.431612 0.767263
0.431709 0.767263
0.431806 0.767263
0.431904 0.767263
0.432001 0.767263
0.432098 0.767263
0.432196 0.767263
0.432293 0.767263
0.432391 0.767263
0.432488 0.767263
0.432585 0.767263
0.432683 0.767263
0.432780 0.767263
0.432877 0.767263
0.432975 0.767263
0.433072 0.767263
0.433169 0.767263
0.433267 0.767263
0.433364 0.767263
0.433461 0.767263
0.433559 0.767263
0.433656 0.767263
0.433754 0.767263
0.433851 0.767263
0.433948 0.767263
0.434046 0.767263
0.434143 0.767263
0.434240 0.767263
0.434338 0.764706
0.434435 0.764706
0.434532 0.764706
0.434630 0.764706
0.434727 0.764706
0.434824 0.764706
0.434922 0.764706
0.435019 0.764706
0.435117 0.764706
0.435214 0.764706
0.435311 0.764706
0.435409 0.764706
0.435506 0.764706
0.435603 0.762148
0.435701 0.762148
0.435798 0.762148
0.435895 0.762148
0.435993 0.762148
0.436090 0.762148
0.436187 0.762148
0.436285 0.762148
0.436382 0.762148
0.436480 0.762148
0.436577 0.762148
0.436674 0.762148
0.436772 0.762148
0.436869 0.762148
0.436966 0.762148
0.437064 0.759591
0.437161 0.759591
0.437258 0.759591
0.437356 0.759591
0.437453 0.759591
0.437550 0.759591
0.437648 0.759591
0.437745 0.759591
0.437843 0.759591
0.437940 0.759591
0.438037 0.759591
0.438135 0.759591
0.438232 0.759591
0.438329 0.759591
0.438427 0.759591
0.438524 0.759591
0.438621 0.759591
0.438719 0.759591
0.438816 0.759591
0.438913 0.759591
0.439011 0.759591
0.439108 0.759591
0.439206 0.759591
0.439303 0.759591
0.439400 0.759591
0.439498 0.759591
0.439595 0.759591
0.439692 0.759591
0.439790 0.759591
0.439887 0.759591
0.439984 0.759591
0.440082 0.759591
0.440179 0.759591
0.440276 0.759591
0.440374 0.759591
0.440471 0.759591
0.440569 0.759591
0.440666 0.759591
0.440763 0.759591
0.440861 0.759591
0.440958 0.759591
0.441055 0.759591
0.441153 0.759591
0.441250 0.759591
0.441347 0.759591
0.441445 0.759591
0.441542 0.759591
0.441639 0.759591
0.441737 0.759591
0.441834 0.759591
0.441932 0.759591
0.442029 0.759591
0.442126 0.759591
0.442224 0.759591
0.442321 0.759591
0.442418 0.759591
0.442516 0.759591
0.442613 0.759591
0.442710 0.759591
0.442808 0.759591
0.442905 0.759591
0.443002 0.759591
0.443100 0.759591
0.443197 0.759591
0.443295 0.759591
0.443392 0.759591
0.443489 0.759591
0.443587 0.759591
0.443684 0.759591
0.443781 0.759591
0.443879 0.759591
0.443976 0.759591
0.444073 0.759591
0.444171 0.759591
0.444268 0.759591
0.444365 0.759591
0.444463 0.759591
0.444560 0.759591
0.444658 0.757033
0.444755 0.757033
0.444852 0.757033
0.444950 0.757033
0.445047 0.757033
0.445144 0.757033
0.445242 0.757033
0.445339 0.757033
0.445436 0.757033
0.445534 0.757033
0.445631 0.757033
0.445728 0.757033
0.445826 0.757033
0.445923 0.757033
0.446021 0.757033
0.446118 0.757033
0.446215 0.757033
0.446313 0.757033
0.446410 0.757033
0.446507 0.757033
0.446605 0.757033
0.446702 0.757033
0.446799 0.757033
0.446897 0.757033
0.446994 0.757033
0.447091 0.757033
0.447189 0.757033
0.447286 0.757033
0.447384 0.757033
0.447481 0.757033
0.447578 0.757033
0.447676 0.757033
0.447773 0.757033
0.447870 0.757033
0.447968 0.757033
0.448065 0.757033
0.448162 0.757033
0.448260 0.757033
0.448357 0.757033
0.448454 0.757033
0.448552 0.757033
0.448649 0.757033
0.448747 0.757033
0.448844 0.757033
0.448941 0.757033
0.449039 0.757033
0.449136 0.757033
0.449233 0.754476
0.449331 0.754476
0.449428 0.754476
0.449525 0.754476
0.449623 0.754476
0.449720 0.754476
0.449817 0.754476
0.449915 0.754476
0.450012 0.754476
0.450110 0.754476
0.450207 0.754476
0.450304 0.754476
0.450402 0.754476
0.450499 0.754476
0.450596 0.754476
0.450694 0.754476
0.450791 0.754476
0.450888 0.754476
0.450986 0.754476
0.451083 0.754476
0.451180 0.754476
0.451278 0.754476
0.451375 0.751918
0.451473 0.751918
0.451570 0.751918
0.451667 0.751918
0.451765 0.751918
0.451862 0.751918
0.451959 0.751918
0.452057 0.751918
0.452154 0.751918
0.452251 0.751918
0.452349 0.751918
0.452446 0.751918
0.452543 0.751918
0.452641 0.749361
0.452738 0.749361
0.452836 0.749361
0.452933 0.749361
0.453030 0.749361
0.453128 0.749361
0.453225 0.749361
0.453322 0.749361
0.453420 0.749361
0.453517 0.749361
0.453614 0.749361
0.453712 0.749361
0.453809 0.749361
0.453906 0.749361
0.454004 0.749361
0.454101 0.749361
0.454199 0.749361
0.454296 0.749361
0.454393 0.749361
0.454491 0.749361
0.454588 0.749361
0.454685 0.746803
0.454783 0.746803
0.454880 0.746803
0.454977 0.746803
0.455075 0.746803
0.455172 0.746803
0.455269 0.746803
0.455367 0.746803
0.455464 0.746803
0.455562 0.746803
0.455659 0.746803
0.455756 0.746803
0.455854 0.746803
0.455951 0.746803
0.456048 0.746803
0.456146 0.746803
0.456243 0.746803
0.456340 0.746803
0.456438 0.746803
0.456535 0.746803
0.456632 0.746803
0.456730 0.746803
0.456827 0.746803
0.456925 0.746803
0.457022 0.746803
0.457119 0.746803
0.457217 0.746803
0.457314 0.746803
0.457411 0.746803
0.457509 0.746803
0.457606 0.746803
0.457703 0.746803
0.457801 0.746803
0.457898 0.746803
0.457995 0.746803
0.458093 0.746803
0.458190 0.744246
0.458288 0.744246
0.458385 0.744246
0.458482 0.744246
0.458580 0.744246
0.458677 0.744246
0.458774 0.744246
0.458872 0.744246
0.458969 0.744246
0.459066 0.741688
0.459164 0.741688
0.459261 0.741688
0.459358 0.741688
0.459456 0.741688
0.459553 0.741688
0.459651 0.741688
0.459748 0.741688
0.459845 0.741688
0.459943 0.741688
0.460040 0.741688
0.460137 0.741688
0.460235 0.741688
0.460332 0.741688
0.460429 0.741688
0.460527 0.741688
0.460624 0.741688
0.460721 0.741688
0.460819 0.741688
0.460916 0.741688
0.461014 0.741688
0.461111 0.741688
0.461208 0.741688
0.461306 0.741688
0.461403 0.741688
0.461500 0.741688
0.461598 0.741688
0.461695 0.741688
0.461792 0.741688
0.461890 0.741688
0.461987 0.741688
0.462084 0.741688
0.462182 0.741688
0.462279 0.741688
0.462377 0.741688
0.462474 0.741688
0.462571 0.741688
0.462669 0.741688
0.462766 0.741688
0.462863 0.741688
0.462961 0.741688
0.463058 0.739130
0.463155 0.739130
0.463253 0.739130
0.463350 0.739130
0.463447 0.739130
0.463545 0.739130
0.463642 0.739130
0.463740 0.739130
0.463837 0.739130
0.463934 0.739130
0.464032 0.739130
0.464129 0.739130
0.464226 0.739130
0.464324 0.739130
0.464421 0.739130
0.464518 0.739130
0.464616 0.739130
0.464713 0.739130
0.464810 0.739130
0.464908 0.739130
0.465005 0.739130
0.465103 0.739130
0.465200 0.739130
0.465297 0.739130
0.465395 0.739130
0.465492 0.739130
0.465589 0.739130
0.465687 0.739130
0.465784 0.739130
0.465881 0.736573
0.465979 0.736573
0.466076 0.736573
0.466173 0.736573
0.466271 0.736573
0.466368 0.736573
0.466466 0.736573
0.466563 0.736573
0.466660 0.736573
0.466758 0.736573
0.466855 0.736573
0.466952 0.736573
0.467050 0.736573
0.467147 0.736573
0.467244 0.736573
0.467342 0.736573
0.467439 0.736573
0.467536 0.736573
0.467634 0.736573
0.467731 0.736573
0.467829 0.736573
0.467926 0.736573
0.468023 0.736573
0.468121 0.736573
0.468218 0.736573
0.468315 0.736573
0.468413 0.736573
0.468510 0.736573
0.468607 0.736573
0.468705 0.736573
0.468802 0.736573
0.468900 0.734015
0.468997 0.734015
0.469094 0.734015
0.469192 0.734015
0.469289 0.734015
0.469386 0.734015
0.469484 0.734015
0.469581 0.734015
0.469678 0.734015
0.469776 0.734015
0.469873 0.734015
0.469970 0.734015
0.470068 0.734015
0.470165 0.734015
0.470263 0.734015
0.470360 0.734015
0.470457 0.734015
0.470555 0.734015
0.470652 0.734015
0.470749 0.734015
0.470847 0.734015
0.470944 0.734015
0.471041 0.734015
0.471139 0.734015
0.471236 0.734015
0.471333 0.734015
0.471431 0.731458
0.471528 0.731458
0.471626 0.731458
0.471723 0.731458
0.471820 0.731458
0.471918 0.731458
0.472015 0.731458
0.472112 0.731458
0.472210 0.731458
0.472307 0.731458
0.472404 0.731458
0.472502 0.731458
0.472599 0.731458
0.472696 0.728900
0.472794 0.728900
0.472891 0.728900
0.472989 0.728900
0.473086 0.728900
0.473183 0.728900
0.473281 0.728900
0.473378 0.728900
0.473475 0.728900
0.473573 0.728900
0.473670 0.728900
0.473767 0.728900
0.473865 0.728900
0.473962 0.728900
0.474059 0.728900
0.474157 0.728900
0.474254 0.728900
0.474352 0.728900
0.474449 0.728900
0.474546 0.728900
0.474644 0.728900
0.474741 0.728900
0.474838 0.728900
0.474936 0.728900
0.475033 0.728900
0.475130 0.728900
0.475228 0.728900
0.475325 0.728900
0.475422 0.728900
0.475520 0.728900
0.475617 0.728900
0.475715 0.728900
0.475812 0.728900
0.475909 0.728900
0.476007 0.728900
0.476104 0.728900
0.476201 0.728900
0.476299 0.728900
0.476396 0.728900
0.476493 0.728900
0.476591 0.728900
0.476688 0.728900
0.476785 0.728900
0.476883 0.728900
0.476980 0.728900
0.477078 0.728900
0.477175 0.728900
0.477272 0.728900
0.477370 0.728900
0.477467 0.728900
0.477564 0.728900
0.477662 0.728900
0.477759 0.728900
0.477856 0.728900
0.477954 0.728900
0.478051 0.728900
0.478148 0.728900
0.478246 0.728900
0.478343 0.728900
0.478441 0.728900
0.478538 0.728900
0.478635 0.728900
0.478733 0.728900
0.478830 0.728900
0.478927 0.728900
0.479025 0.728900
0.479122 0.728900
0.479219 0.728900
0.479317 0.728900
0.479414 0.726343
0.479511 0.726343
0.479609 0.726343
0.479706 0.726343
0.479804 0.726343
0.479901 0.726343
0.479998 0.726343
0.480096 0.726343
0.480193 0.726343
0.480290 0.726343
0.480388 0.726343
0.480485 0.726343
0.480582 0.726343
0.480680 0.726343
0.480777 0.726343
0.480874 0.726343
0.480972 0.726343
0.481069 0.726343
0.481167 0.726343
0.481264 0.726343
0.481361 0.726343
0.481459 0.726343
0.481556 0.726343
0.481653 0.726343
0.481751 0.726343
0.481848 0.726343
0.481945 0.726343
0.482043 0.726343
0.482140 0.726343
0.482237 0.726343
0.482335 0.726343
0.482432 0.726343
0.482530 0.726343
0.482627 0.726343
0.482724 0.726343
0.482822 0.726343
0.482919 0.726343
0.483016 0.726343
0.483114 0.726343
0.483211 0.726343
0.483308 0.726343
0.483406 0.726343
0.483503 0.726343
0.483600 0.726343
0.483698 0.726343
0.483795 0.726343
0.483893 0.726343
0.483990 0.726343
0.484087 0.726343
0.484185 0.726343
0.484282 0.726343
0.484379 0.726343
0.484477 0.726343
0.484574 0.726343
0.484671 0.726343
0.484769 0.726343
0.484866 0.726343
0.484963 0.726343
0.485061 0.726343
0.485158 0.726343
0.485256 0.726343
0.485353 0.726343
0.485450 0.726343
0.485548 0.726343
0.485645 0.726343
0.485742 0.726343
0.485840 0.726343
0.485937 0.726343
0.486034 0.726343
0.486132 0.726343
0.486229 0.726343
0.486326 0.726343
0.486424 0.726343
0.486521 0.726343
0.486619 0.726343
0.486716 0.726343
0.486813 0.726343
0.486911 0.726343
0.487008 0.726343
0.487105 0.726343
0.487203 0.726343
0.487300 0.726343
0.487397 0.726343
0.487495 0.726343
0.487592 0.726343
0.487689 0.726343
0.487787 0.726343
0.487884 0.726343
0.487982 0.726343
0.488079 0.726343
0.488176 0.726343
0.488274 0.726343
0.488371 0.726343
0.488468 0.726343
0.488566 0.726343
0.488663 0.726343
0.488760 0.726343
0.488858 0.726343
0.488955 0.726343
0.489052 0.726343
0.489150 0.726343
0.489247 0.726343
0.489345 0.726343
0.489442 0.726343
0.489539 0.726343
0.489637 0.726343
0.489734 0.726343
0.489831 0.726343
0.489929 0.726343
0.490026 0.726343
0.490123 0.726343
0.490221 0.726343
0.490318 0.726343
0.490415 0.726343
0.490513 0.726343
0.490610 0.726343
0.490708 0.726343
0.490805 0.726343
0.490902 0.726343
0.491000 0.726343
0.491097 0.726343
0.491194 0.726343
0.491292 0.726343
0.491389 0.726343
0.491486 0.726343
0.491584 0.726343
0.491681 0.726343
0.491778 0.726343
0.491876 0.726343
0.491973 0.726343
0.492071 0.726343
0.492168 0.726343
0.492265 0.726343
0.492363 0.726343
0.492460 0.726343
0.492557 0.726343
0.492655 0.726343
0.492752 0.723785
0.492849 0.723785
0.492947 0.723785
0.493044 0.723785
0.493141 0.723785
0.493239 0.721228
0.493336 0.721228
0.493434 0.721228
0.493531 0.721228
0.493628 0.721228
0.493726 0.721228
0.493823 0.721228
0.493920 0.721228
0.494018 0.721228
0.494115 0.721228
0.494212 0.721228
0.494310 0.721228
0.494407 0.721228
0.494504 0.721228
0.494602 0.721228
0.494699 0.721228
0.494797 0.721228
0.494894 0.721228
0.494991 0.718670
0.495089 0.716113
0.495186 0.716113
0.495283 0.716113
0.495381 0.716113
0.495478 0.716113
0.495575 0.716113
0.495673 0.716113
0.495770 0.716113
0.495867 0.716113
0.495965 0.716113
0.496062 0.716113
0.496160 0.716113
0.496257 0.716113
0.496354 0.716113
0.496452 0.716113
0.496549 0.716113
0.496646 0.716113
0.496744 0.716113
0.496841 0.716113
0.496938 0.716113
0.497036 0.716113
0.497133 0.716113
0.497230 0.716113
0.497328 0.716113
0.497425 0.716113
0.497523 0.716113
0.497620 0.716113
0.497717 0.716113
0.497815 0.716113
0.497912 0.716113
0.498009 0.716113
0.498107 0.716113
0.498204 0.716113
0.498301 0.716113
0.498399 0.716113
0.498496 0.716113
0.498593 0.713555
0.498691 0.713555
0.498788 0.713555
0.498886 0.713555
0.498983 0.713555
0.499080 0.713555
0.499178 0.713555
0.499275 0.713555
0.499372 0.713555
0.499470 0.713555
0.499567 0.713555
0.499664 0.713555
0.499762 0.713555
0.499859 0.713555
0.499956 0.713555
0.500054 0.713555
0.500151 0.713555
0.500249 0.713555
0.500346 0.713555
0.500443 0.713555
0.500541 0.713555
0.500638 0.713555
0.500735 0.713555
0.500833 0.710997
0.500930 0.710997
0.501027 0.710997
0.501125 0.710997
0.501222 0.710997
0.501319 0.710997
0.501417 0.710997
0.501514 0.708440
0.501612 0.708440
0.501709 0.708440
0.501806 0.708440
0.501904 0.708440
0.502001 0.708440
0.502098 0.708440
0.502196 0.708440
0.502293 0.708440
0.502390 0.708440
0.502488 0.708440
0.502585 0.708440
0.502682 0.708440
0.502780 0.708440
0.502877 0.708440
0.502975 0.708440
0.503072 0.708440
0.503169 0.708440
0.503267 0.708440
0.503364 0.708440
0.503461 0.708440
0.503559 0.708440
0.503656 0.708440
0.503753 0.708440
0.503851 0.708440
0.503948 0.708440
0.504045 0.708440
0.504143 0.708440
0.504240 0.708440
0.504338 0.708440
0.504435 0.708440
0.504532 0.708440
0.504630 0.708440
0.504727 0.708440
0.504824 0.708440
0.504922 0.708440
0.505019 0.708440
0.505116 0.708440
0.505214 0.708440
0.505311 0.708440
0.505408 0.708440
0.505506 0.708440
0.505603 0.708440
0.505701 0.708440
0.505798 0.708440
0.505895 0.708440
0.505993 0.708440
0.506090 0.708440
0.506187 0.708440
0.506285 0.708440
0.506382 0.708440
0.506479 0.708440
0.506577 0.708440
0.506674 0.708440
0.506772 0.708440
0.506869 0.708440
0.506966 0.708440
0.507064 0.708440
0.507161 0.705882
0.507258 0.705882
0.507356 0.705882
0.507453 0.705882
0.507550 0.705882
0.507648 0.705882
0.507745 0.705882
0.507842 0.705882
0.507940 0.705882
0.508037 0.705882
0.508135 0.705882
0.508232 0.705882
0.508329 0.705882
0.508427 0.705882
0.508524 0.705882
0.508621 0.705882
0.508719 0.705882
0.508816 0.705882
0.508913 0.705882
0.509011 0.705882
0.509108 0.705882
0.509205 0.703325
0.509303 0.703325
0.509400 0.703325
0.509498 0.703325
0.509595 0.703325
0.509692 0.703325
0.509790 0.703325
0.509887 0.703325
0.509984 0.703325
0.510082 0.703325
0.510179 0.703325
0.510276 0.703325
0.510374 0.703325
0.510471 0.703325
0.510568 0.703325
0.510666 0.703325
0.510763 0.703325
0.510861 0.703325
0.510958 0.703325
0.511055 0.703325
0.511153 0.703325
0.511250 0.703325
0.511347 0.703325
0.511445 0.703325
0.511542 0.703325
0.511639 0.703325
0.511737 0.703325
0.511834 0.703325
0.511931 0.703325
0.512029 0.703325
0.512126 0.703325
0.512224 0.703325
0.512321 0.703325
0.512418 0.703325
0.512516 0.703325
0.512613 0.703325
0.512710 0.703325
0.512808 0.703325
0.512905 0.703325
0.513002 0.703325
0.513100 0.703325
0.513197 0.703325
0.513294 0.703325
0.513392 0.703325
0.513489 0.703325
0.513587 0.703325
0.513684 0.703325
0.513781 0.703325
0.513879 0.703325
0.513976 0.703325
0.514073 0.703325
0.514171 0.703325
0.514268 0.703325
0.514365 0.703325
0.514463 0.703325
0.514560 0.703325
0.514657 0.703325
0.514755 0.703325
0.514852 0.700767
0.514950 0.700767
0.515047 0.700767
0.515144 0.700767
0.515242 0.700767
0.515339 0.700767
0.515436 0.700767
0.515534 0.700767
0.515631 0.700767
0.515728 0.700767
0.515826 0.700767
0.515923 0.700767
0.516020 0.700767
0.516118 0.700767
0.516215 0.700767
0.516313 0.700767
0.516410 0.700767
0.516507 0.700767
0.516605 0.700767
0.516702 0.700767
0.516799 0.700767
0.516897 0.700767
0.516994 0.700767
0.517091 0.700767
0.517189 0.700767
0.517286 0.700767
0.517383 0.700767
0.517481 0.700767
0.517578 0.700767
0.517676 0.700767
0.517773 0.700767
0.517870 0.700767
0.517968 0.700767
0.518065 0.700767
0.518162 0.700767
0.518260 0.700767
0.518357 0.700767
0.518454 0.700767
0.518552 0.700767
0.518649 0.700767
0.518746 0.700767
0.518844 0.700767
0.518941 0.700767
0.519039 0.700767
0.519136 0.700767
0.519233 0.700767
0.519331 0.700767
0.519428 0.700767
0.519525 0.700767
0.519623 0.700767
0.519720 0.700767
0.519817 0.700767
0.519915 0.700767
0.520012 0.700767
0.520109 0.700767
0.520207 0.700767
0.520304 0.700767
0.520402 0.700767
0.520499 0.700767
0.520596 0.700767
0.520694 0.700767
0.520791 0.700767
0.520888 0.700767
0.520986 0.700767
0.521083 0.700767
0.521180 0.700767
0.521278 0.700767
0.521375 0.700767
0.521472 0.700767
0.521570 0.700767
0.521667 0.700767
0.521765 0.700767
0.521862 0.700767
0.521959 0.700767
0.522057 0.700767
0.522154 0.700767
0.522251 0.700767
0.522349 0.700767
0.522446 0.700767
0.522543 0.700767
0.522641 0.700767
0.522738 0.700767
0.522835 0.698210
0.522933 0.698210
0.523030 0.698210
0.523128 0.695652
0.523225 0.695652
0.523322 0.695652
0.523420 0.695652
0.523517 0.695652
0.523614 0.695652
0.523712 0.695652
0.523809 0.695652
0.523906 0.695652
0.524004 0.695652
0.524101 0.695652
0.524198 0.695652
0.524296 0.695652
0.524393 0.695652
0.524491 0.695652
0.524588 0.695652
0.524685 0.693095
0.524783 0.693095
0.524880 0.693095
0.524977 0.693095
0.525075 0.693095
0.525172 0.693095
0.525269 0.693095
0.525367 0.693095
0.525464 0.693095
0.525561 0.693095
0.525659 0.693095
0.525756 0.693095
0.525854 0.693095
0.525951 0.693095
0.526048 0.693095
0.526146 0.693095
0.526243 0.693095
0.526340 0.693095
0.526438 0.693095
0.526535 0.693095
0.526632 0.693095
0.526730 0.693095
0.526827 0.693095
0.526924 0.693095
0.527022 0.693095
0.527119 0.693095
0.527217 0.693095
0.527314 0.693095
0.527411 0.693095
0.527509 0.690537
0.527606 0.690537
0.527703 0.690537
0.527801 0.690537
0.527898 0.690537
0.527995 0.690537
0.528093 0.690537
0.528190 0.690537
0.528287 0.690537
0.528385 0.690537
0.528482 0.690537
0.528580 0.690537
0.528677 0.690537
0.528774 0.690537
0.528872 0.690537
0.528969 0.690537
0.529066 0.690537
0.529164 0.690537
0.529261 0.690537
0.529358 0.690537
0.529456 0.690537
0.529553 0.690537
0.529650 0.690537
0.529748 0.690537
0.529845 0.690537
0.529943 0.690537
0.530040 0.690537
0.530137 0.690537
0.530235 0.690537
0.530332 0.690537
0.530429 0.690537
0.530527 0.690537
0.530624 0.690537
0.530721 0.690537
0.530819 0.690537
0.530916 0.690537
0.531013 0.690537
0.531111 0.690537
0.531208 0.690537
0.531306 0.690537
0.531403 0.690537
0.531500 0.690537
0.531598 0.690537
0.531695 0.690537
0.531792 0.690537
0.531890 0.690537
0.531987 0.690537
0.532084 0.690537
0.532182 0.690537
0.532279 0.690537
0.532376 0.690537
0.532474 0.690537
0.532571 0.690537
0.532669 0.690537
0.532766 0.690537
0.532863 0.690537
0.532961 0.690537
0.533058 0.690537
0.533155 0.690537
0.533253 0.690537
0.533350 0.690537
0.533447 0.690537
0.533545 0.690537
0.533642 0.690537
0.533739 0.690537
0.533837 0.690537
0.533934 0.690537
0.534032 0.690537
0.534129 0.690537
0.534226 0.690537
0.534324 0.690537
0.534421 0.690537
0.534518 0.690537
0.534616 0.690537
0.534713 0.690537
0.534810 0.690537
0.534908 0.690537
0.535005 0.690537
0.535102 0.690537
0.535200 0.690537
0.535297 0.690537
0.535395 0.690537
0.535492 0.690537
0.535589 0.690537
0.535687 0.690537
0.535784 0.690537
0.535881 0.690537
0.535979 0.690537
0.536076 0.690537
0.536173 0.690537
0.536271 0.690537
0.536368 0.690537
0.536465 0.690537
0.536563 0.690537
0.536660 0.690537
0.536758 0.690537
0.536855 0.690537
0.536952 0.690537
0.537050 0.690537
0.537147 0.690537
0.537244 0.690537
0.537342 0.690537
0.537439 0.690537
0.537536 0.690537
0.537634 0.690537
0.537731 0.690537
0.537828 0.690537
0.537926 0.690537
0.538023 0.690537
0.538121 0.690537
0.538218 0.690537
0.538315 0.690537
0.538413 0.687980
0.538510 0.685422
0.538607 0.685422
0.538705 0.685422
0.538802 0.685422
0.538899 0.682864
0.538997 0.682864
0.539094 0.682864
0.539191 0.682864
0.539289 0.682864
0.539386 0.682864
0.539484 0.682864
0.539581 0.680307
0.539678 0.680307
0.539776 0.680307
0.539873 0.680307
0.539970 0.680307
0.540068 0.680307
0.540165 0.680307
0.540262 0.680307
0.540360 0.680307
0.540457 0.680307
0.540554 0.680307
0.540652 0.680307
0.540749 0.680307
0.540847 0.680307
0.540944 0.680307
0.541041 0.680307
0.541139 0.680307
0.541236 0.680307
0.541333 0.680307
0.541431 0.680307
0.541528 0.680307
0.541625 0.680307
0.541723 0.680307
0.541820 0.680307
0.541917 0.680307
0.542015 0.680307
0.542112 0.680307
0.542210 0.680307
0.542307 0.680307
0.542404 0.680307
0.542502 0.680307
0.542599 0.680307
0.542696 0.680307
0.542794 0.680307
0.542891 0.680307
0.542988 0.680307
0.543086 0.680307
0.543183 0.680307
0.543280 0.680307
0.543378 0.680307
0.543475 0.680307
0.543573 0.680307
0.543670 0.680307
0.543767 0.680307
0.543865 0.680307
0.543962 0.680307
0.544059 0.680307
0.544157 0.680307
0.544254 0.680307
0.544351 0.680307
0.544449 0.680307
0.544546 0.680307
0.544644 0.680307
0.544741 0.680307
0.544838 0.680307
0.544936 0.680307
0.545033 0.680307
0.545130 0.680307
0.545228 0.680307
0.545325 0.680307
0.545422 0.680307
0.545520 0.680307
0.545617 0.680307
0.545714 0.680307
0.545812 0.680307
0.545909 0.680307
0.546007 0.680307
0.546104 0.680307
0.546201 0.680307
0.546299 0.680307
0.546396 0.680307
0.546493 0.680307
0.546591 0.680307
0.546688 0.680307
0.546785 0.680307
0.546883 0.680307
0.546980 0.680307
0.547077 0.680307
0.547175 0.680307
0.547272 0.677749
0.547370 0.677749
0.547467 0.677749
0.547564 0.677749
0.547662 0.677749
0.547759 0.677749
0.547856 0.677749
0.547954 0.677749
0.548051 0.677749
0.548148 0.677749
0.548246 0.677749
0.548343 0.677749
0.548440 0.677749
0.548538 0.677749
0.548635 0.677749
0.548733 0.677749
0.548830 0.677749
0.548927 0.677749
0.549025 0.675192
0.549122 0.675192
0.549219 0.675192
0.549317 0.675192
0.549414 0.675192
0.549511 0.675192
0.549609 0.675192
0.549706 0.675192
0.549803 0.675192
0.549901 0.675192
0.549998 0.675192
0.550096 0.675192
0.550193 0.675192
0.550290 0.675192
0.550388 0.675192
0.550485 0.675192
0.550582 0.675192
0.550680 0.675192
0.550777 0.675192
0.550874 0.675192
0.550972 0.675192
0.551069 0.675192
0.551166 0.675192
0.551264 0.675192
0.551361 0.675192
0.551459 0.675192
0.551556 0.675192
0.551653 0.675192
0.551751 0.672634
0.551848 0.672634
0.551945 0.672634
0.552043 0.672634
0.552140 0.672634
0.552237 0.672634
0.552335 0.672634
0.552432 0.672634
0.552529 0.672634
0.552627 0.670077
0.552724 0.670077
0.552822 0.670077
0.552919 0.670077
0.553016 0.670077
0.553114 0.670077
0.553211 0.670077
0.553308 0.670077
0.553406 0.670077
0.553503 0.670077
0.553600 0.670077
0.553698 0.670077
0.553795 0.670077
0.553892 0.670077
0.553990 0.670077
0.554087 0.670077
0.554185 0.670077
0.554282 0.670077
0.554379 0.670077
0.554477 0.667519
0.554574 0.667519
0.554671 0.667519
0.554769 0.667519
0.554866 0.667519
0.554963 0.667519
0.555061 0.667519
0.555158 0.667519
0.555255 0.667519
0.555353 0.667519
0.555450 0.667519
0.555548 0.667519
0.555645 0.667519
0.555742 0.667519
0.555840 0.667519
0.555937 0.667519
0.556034 0.667519
0.556132 0.667519
0.556229 0.667519
0.556326 0.667519
0.556424 0.667519
0.556521 0.667519
0.556618 0.667519
0.556716 0.667519
0.556813 0.667519
0.556911 0.667519
0.557008 0.667519
0.557105 0.667519
0.557203 0.667519
0.557300 0.667519
0.557397 0.667519
0.557495 0.667519
0.557592 0.667519
0.557689 0.667519
0.557787 0.667519
0.557884 0.667519
0.557981 0.667519
0.558079 0.667519
0.558176 0.667519
0.558274 0.667519
0.558371 0.667519
0.558468 0.667519
0.558566 0.667519
0.558663 0.667519
0.558760 0.667519
0.558858 0.667519
0.558955 0.667519
0.559052 0.667519
0.559150 0.667519
0.559247 0.667519
0.559344 0.667519
0.559442 0.667519
0.559539 0.667519
0.559637 0.667519
0.559734 0.667519
0.559831 0.667519
0.559929 0.667519
0.560026 0.667519
0.560123 0.667519
0.560221 0.667519
0.560318 0.667519
0.560415 0.667519
0.560513 0.667519
0.560610 0.667519
0.560707 0.667519
0.560805 0.667519
0.560902 0.667519
0.561000 0.667519
0.561097 0.667519
0.561194 0.667519
0.561292 0.667519
0.561389 0.664962
0.561486 0.664962
0.561584 0.664962
0.561681 0.664962
0.561778 0.664962
0.561876 0.664962
0.561973 0.664962
0.562070 0.664962
0.562168 0.664962
0.562265 0.664962
0.562363 0.664962
0.562460 0.664962
0.562557 0.664962
0.562655 0.664962
0.562752 0.664962
0.562849 0.664962
0.562947 0.664962
0.563044 0.664962
0.563141 0.664962
0.563239 0.664962
0.563336 0.664962
0.563433 0.664962
0.563531 0.664962
0.563628 0.664962
0.563726 0.664962
0.563823 0.664962
0.563920 0.664962
0.564018 0.662404
0.564115 0.662404
0.564212 0.662404
0.564310 0.662404
0.564407 0.659847
0.564504 0.659847
0.564602 0.659847
0.564699 0.659847
0.564796 0.659847
0.564894 0.659847
0.564991 0.659847
0.565089 0.659847
0.565186 0.659847
0.565283 0.657289
0.565381 0.657289
0.565478 0.657289
0.565575 0.657289
0.565673 0.657289
0.565770 0.657289
0.565867 0.657289
0.565965 0.657289
0.566062 0.657289
0.566159 0.657289
0.566257 0.657289
0.566354 0.657289
0.566452 0.657289
0.566549 0.657289
0.566646 0.657289
0.566744 0.657289
0.566841 0.657289
0.566938 0.657289
0.567036 0.657289
0.567133 0.657289
0.567230 0.657289
0.567328 0.657289
0.567425 0.657289
0.567522 0.657289
0.567620 0.657289
0.567717 0.657289
0.567815 0.657289
0.567912 0.657289
0.568009 0.657289
0.568107 0.657289
0.568204 0.657289
0.568301 0.657289
0.568399 0.657289
0.568496 0.657289
0.568593 0.657289
0.568691 0.657289
0.568788 0.657289
0.568885 0.657289
0.568983 0.654731
0.569080 0.654731
0.569178 0.654731
0.569275 0.654731
0.569372 0.654731
0.569470 0.652174
0.569567 0.652174
0.569664 0.652174
0.569762 0.652174
0.569859 0.649616
0.569956 0.649616
0.570054 0.649616
0.570151 0.649616
0.570248 0.649616
0.570346 0.649616
0.570443 0.649616
0.570541 0.649616
0.570638 0.649616
0.570735 0.647059
0.570833 0.647059
0.570930 0.647059
0.571027 0.647059
0.571125 0.647059
0.571222 0.647059
0.571319 0.647059
0.571417 0.647059
0.571514 0.647059
0.571611 0.647059
0.571709 0.647059
0.571806 0.647059
0.571904 0.647059
0.572001 0.647059
0.572098 0.647059
0.572196 0.647059
0.572293 0.647059
0.572390 0.647059
0.572488 0.647059
0.572585 0.647059
0.572682 0.647059
0.572780 0.647059
0.572877 0.647059
0.572974 0.647059
0.573072 0.647059
0.573169 0.647059
0.573267 0.647059
0.573364 0.647059
0.573461 0.647059
0.573559 0.647059
0.573656 0.647059
0.573753 0.647059
0.573851 0.647059
0.573948 0.647059
0.574045 0.647059
0.574143 0.647059
0.574240 0.647059
0.574337 0.647059
0.574435 0.647059
0.574532 0.647059
0.574630 0.647059
0.574727 0.647059
0.574824 0.647059
0.574922 0.647059
0.575019 0.647059
0.575116 0.647059
0.575214 0.647059
0.575311 0.647059
0.575408 0.647059
0.575506 0.647059
0.575603 0.647059
0.575700 0.647059
0.575798 0.647059
0.575895 0.647059
0.575993 0.647059
0.576090 0.647059
0.576187 0.644501
0.576285 0.644501
0.576382 0.644501
0.576479 0.644501
0.576577 0.644501
0.576674 0.644501
0.576771 0.644501
0.576869 0.644501
0.576966 0.644501
0.577063 0.644501
0.577161 0.644501
0.577258 0.644501
0.577356 0.644501
0.577453 0.644501
0.577550 0.644501
0.577648 0.644501
0.577745 0.644501
0.577842 0.644501
0.577940 0.644501
0.578037 0.644501
0.578134 0.644501
0.578232 0.644501
0.578329 0.644501
0.578426 0.644501
0.578524 0.644501
0.578621 0.644501
0.578719 0.644501
0.578816 0.644501
0.578913 0.644501
0.579011 0.644501
0.579108 0.644501
0.579205 0.644501
0.579303 0.644501
0.579400 0.644501
0.579497 0.644501
0.579595 0.644501
0.579692 0.644501
0.579789 0.644501
0.579887 0.644501
0.579984 0.644501
0.580082 0.644501
0.580179 0.644501
0.580276 0.644501
0.580374 0.644501
0.580471 0.644501
0.580568 0.644501
0.580666 0.644501
0.580763 0.644501
0.580860 0.644501
0.580958 0.644501
0.581055 0.644501
0.581152 0.644501
0.581250 0.644501
0.581347 0.644501
0.581445 0.644501
0.581542 0.644501
0.581639 0.644501
0.581737 0.644501
0.581834 0.644501
0.581931 0.644501
0.582029 0.644501
0.582126 0.644501
0.582223 0.644501
0.582321 0.644501
0.582418 0.644501
0.582516 0.644501
0.582613 0.644501
0.582710 0.644501
0.582808 0.644501
0.582905 0.644501
0.583002 0.641944
0.583100 0.641944
0.583197 0.641944
0.583294 0.641944
0.583392 0.641944
0.583489 0.641944
0.583586 0.641944
0.583684 0.641944
0.583781 0.641944
0.583879 0.641944
0.583976 0.641944
0.584073 0.641944
0.584171 0.641944
0.584268 0.641944
0.584365 0.641944
0.584463 0.641944
0.584560 0.641944
0.584657 0.641944
0.584755 0.641944
0.584852 0.641944
0.584949 0.641944
0.585047 0.641944
0.585144 0.641944
0.585242 0.641944
0.585339 0.641944
0.585436 0.639386
0.585534 0.639386
0.585631 0.636829
0.585728 0.634271
0.585826 0.634271
0.585923 0.634271
0.586020 0.634271
0.586118 0.634271
0.586215 0.634271
0.586312 0.634271
0.586410 0.634271
0.586507 0.634271
0.586605 0.634271
0.586702 0.634271
0.586799 0.634271
0.586897 0.634271
0.586994 0.634271
0.587091 0.634271
0.587189 0.634271
0.587286 0.634271
0.587383 0.634271
0.587481 0.634271
0.587578 0.634271
0.587675 0.634271
0.587773 0.634271
0.587870 0.634271
0.587968 0.634271
0.588065 0.634271
0.588162 0.634271
0.588260 0.634271
0.588357 0.634271
0.588454 0.634271
0.588552 0.634271
0.588649 0.631714
0.588746 0.631714
0.588844 0.631714
0.588941 0.631714
0.589038 0.629156
0.589136 0.629156
0.589233 0.629156
0.589331 0.629156
0.589428 0.629156
0.589525 0.629156
0.589623 0.629156
0.589720 0.629156
0.589817 0.629156
0.589915 0.629156
0.590012 0.629156
0.590109 0.629156
0.590207 0.629156
0.590304 0.629156
0.590401 0.629156
0.590499 0.629156
0.590596 0.629156
0.590694 0.629156
0.590791 0.629156
0.590888 0.629156
0.590986 0.629156
0.591083 0.629156
0.591180 0.629156
0.591278 0.629156
0.591375 0.629156
0.591472 0.629156
0.591570 0.629156
0.591667 0.629156
0.591764 0.629156
0.591862 0.629156
0.591959 0.629156
0.592057 0.629156
0.592154 0.629156
0.592251 0.626598
0.592349 0.626598
0.592446 0.626598
0.592543 0.626598
0.592641 0.624041
0.592738 0.624041
0.592835 0.624041
0.592933 0.624041
0.593030 0.624041
0.593127 0.624041
0.593225 0.624041
0.593322 0.621483
0.593420 0.618926
0.593517 0.618926
0.593614 0.618926
0.593712 0.618926
0.593809 0.618926
0.593906 0.618926
0.594004 0.618926
0.594101 0.618926
0.594198 0.618926
0.594296 0.618926
0.594393 0.618926
0.594490 0.618926
0.594588 0.618926
0.594685 0.618926
0.594783 0.616368
0.594880 0.616368
0.594977 0.616368
0.595075 0.616368
0.595172 0.616368
0.595269 0.616368
0.595367 0.616368
0.595464 0.616368
0.595561 0.616368
0.595659 0.616368
0.595756 0.616368
0.595853 0.616368
0.595951 0.616368
0.596048 0.616368
0.596146 0.616368
0.596243 0.616368
0.596340 0.616368
0.596438 0.616368
0.596535 0.616368
0.596632 0.616368
0.596730 0.616368
0.596827 0.616368
0.596924 0.616368
0.597022 0.616368
0.597119 0.616368
0.597216 0.616368
0.597314 0.616368
0.597411 0.616368
0.597509 0.616368
0.597606 0.616368
0.597703 0.616368
0.597801 0.616368
0.597898 0.616368
0.597995 0.616368
0.598093 0.616368
0.598190 0.616368
0.598287 0.616368
0.598385 0.616368
0.598482 0.616368
0.598579 0.616368
0.598677 0.616368
0.598774 0.616368
0.598872 0.616368
0.598969 0.616368
0.599066 0.616368
0.599164 0.616368
0.599261 0.616368
0.599358 0.616368
0.599456 0.616368
0.599553 0.616368
0.599650 0.616368
0.599748 0.616368
0.599845 0.616368
0.599942 0.616368
0.600040 0.616368
0.600137 0.616368
0.600235 0.616368
0.600332 0.616368
0.600429 0.616368
0.600527 0.616368
0.600624 0.616368
0.600721 0.616368
0.600819 0.616368
0.600916 0.616368
0.601013 0.616368
0.601111 0.616368
0.601208 0.613811
0.601305 0.613811
0.601403 0.613811
0.601500 0.613811
0.601598 0.613811
0.601695 0.613811
0.601792 0.613811
0.601890 0.613811
0.601987 0.611253
0.602084 0.611253
0.602182 0.611253
0.602279 0.611253
0.602376 0.611253
0.602474 0.611253
0.602571 0.611253
0.602668 0.611253
0.602766 0.611253
0.602863 0.611253
0.602961 0.611253
0.603058 0.611253
0.603155 0.611253
0.603253 0.611253
0.603350 0.611253
0.603447 0.611253
0.603545 0.611253
0.603642 0.611253
0.603739 0.611253
0.603837 0.611253
0.603934 0.611253
0.604031 0.611253
0.604129 0.611253
0.604226 0.611253
0.604324 0.611253
0.604421 0.611253
0.604518 0.611253
0.604616 0.611253
0.604713 0.611253
0.604810 0.611253
0.604908 0.611253
0.605005 0.611253
0.605102 0.611253
0.605200 0.611253
0.605297 0.611253
0.605394 0.611253
0.605492 0.611253
0.605589 0.611253
0.605687 0.611253
0.605784 0.611253
0.605881 0.611253
0.605979 0.611253
0.606076 0.611253
0.606173 0.611253
0.606271 0.611253
0.606368 0.611253
0.606465 0.611253
0.606563 0.611253
0.606660 0.611253
0.606757 0.611253
0.606855 0.611253
0.606952 0.611253
0.607050 0.611253
0.607147 0.611253
0.607244 0.611253
0.607342 0.611253
0.607439 0.611253
0.607536 0.611253
0.607634 0.611253
0.607731 0.611253
0.607828 0.611253
0.607926 0.611253
0.608023 0.611253
0.608120 0.611253
0.608218 0.611253
0.608315 0.611253
0.608413 0.611253
0.608510 0.611253
0.608607 0.611253
0.608705 0.611253
0.608802 0.611253
0.608899 0.611253
0.608997 0.611253
0.609094 0.611253
0.609191 0.611253
0.609289 0.611253
0.609386 0.611253
0.609483 0.611253
0.609581 0.611253
0.609678 0.611253
0.609776 0.611253
0.609873 0.611253
0.609970 0.611253
0.610068 0.611253
0.610165 0.611253
0.610262 0.611253
0.610360 0.611253
0.610457 0.611253
0.610554 0.611253
0.610652 0.611253
0.610749 0.611253
0.610846 0.611253
0.610944 0.611253
0.611041 0.611253
0.611139 0.611253
0.611236 0.611253
0.611333 0.611253
0.611431 0.611253
0.611528 0.611253
0.611625 0.611253
0.611723 0.608696
0.611820 0.608696
0.611917 0.608696
0.612015 0.608696
0.612112 0.608696
0.612209 0.608696
0.612307 0.608696
0.612404 0.608696
0.612502 0.608696
0.612599 0.608696
0.612696 0.606138
0.612794 0.603581
0.612891 0.603581
0.612988 0.603581
0.613086 0.603581
0.613183 0.603581
0.613280 0.603581
0.613378 0.603581
0.613475 0.603581
0.613572 0.603581
0.613670 0.603581
0.613767 0.603581
0.613865 0.603581
0.613962 0.603581
0.614059 0.603581
0.614157 0.603581
0.614254 0.603581
0.614351 0.603581
0.614449 0.603581
0.614546 0.603581
0.614643 0.603581
0.614741 0.603581
0.614838 0.603581
0.614935 0.603581
0.615033 0.603581
0.615130 0.603581
0.615228 0.603581
0.615325 0.603581
0.615422 0.603581
0.615520 0.603581
0.615617 0.603581
0.615714 0.603581
0.615812 0.603581
0.615909 0.603581
0.616006 0.603581
0.616104 0.603581
0.616201 0.603581
0.616298 0.603581
0.616396 0.603581
0.616493 0.603581
0.616591 0.603581
0.616688 0.603581
0.616785 0.603581
0.616883 0.603581
0.616980 0.603581
0.617077 0.603581
0.617175 0.603581
0.617272 0.603581
0.617369 0.603581
0.617467 0.603581
0.617564 0.603581
0.617661 0.601023
0.617759 0.601023
0.617856 0.601023
0.617954 0.598465
0.618051 0.598465
0.618148 0.598465
0.618246 0.598465
0.618343 0.598465
0.618440 0.598465
0.618538 0.598465
0.618635 0.598465
0.618732 0.598465
0.618830 0.598465
0.618927 0.598465
0.619024 0.598465
0.619122 0.598465
0.619219 0.598465
0.619317 0.598465
0.619414 0.598465
0.619511 0.598465
0.619609 0.598465
0.619706 0.598465
0.619803 0.598465
0.619901 0.598465
0.619998 0.598465
0.620095 0.598465
0.620193 0.598465
0.620290 0.598465
0.620388 0.598465
0.620485 0.598465
0.620582 0.598465
0.620680 0.598465
0.620777 0.598465
0.620874 0.598465
0.620972 0.598465
0.621069 0.595908
0.621166 0.595908
0.621264 0.595908
0.621361 0.595908
0.621458 0.595908
0.621556 0.595908
0.621653 0.595908
0.621751 0.595908
0.621848 0.595908
0.621945 0.595908
0.622043 0.595908
0.622140 0.593350
0.622237 0.593350
0.622335 0.593350
0.622432 0.593350
0.622529 0.593350
0.622627 0.593350
0.622724 0.593350
0.622821 0.593350
0.622919 0.593350
0.623016 0.593350
0.623114 0.593350
0.623211 0.593350
0.623308 0.593350
0.623406 0.593350
0.623503 0.593350
0.623600 0.593350
0.623698 0.593350
0.623795 0.593350
0.623892 0.593350
0.623990 0.593350
0.624087 0.593350
0.624184 0.593350
0.624282 0.590793
0.624379 0.590793
0.624477 0.590793
0.624574 0.590793
0.624671 0.590793
0.624769 0.590793
0.624866 0.590793
0.624963 0.590793
0.625061 0.590793
0.625158 0.590793
0.625255 0.590793
0.625353 0.590793
0.625450 0.590793
0.625547 0.590793
0.625645 0.588235
0.625742 0.588235
0.625840 0.588235
0.625937 0.588235
0.626034 0.588235
0.626132 0.588235
0.626229 0.588235
0.626326 0.588235
0.626424 0.588235
0.626521 0.588235
0.626618 0.588235
0.626716 0.588235
0.626813 0.588235
0.626910 0.588235
0.627008 0.588235
0.627105 0.588235
0.627203 0.588235
0.627300 0.588235
0.627397 0.588235
0.627495 0.588235
0.627592 0.588235
0.627689 0.588235
0.627787 0.588235
0.627884 0.588235
0.627981 0.588235
0.628079 0.588235
0.628176 0.588235
0.628273 0.588235
0.628371 0.588235
0.628468 0.588235
0.628566 0.588235
0.628663 0.588235
0.628760 0.588235
0.628858 0.588235
0.628955 0.588235
0.629052 0.588235
0.629150 0.588235
0.629247 0.588235
0.629344 0.588235
0.629442 0.588235
0.629539 0.588235
0.629636 0.588235
0.629734 0.588235
0.629831 0.588235
0.629929 0.588235
0.630026 0.588235
0.630123 0.588235
0.630221 0.588235
0.630318 0.588235
0.630415 0.588235
0.630513 0.588235
0.630610 0.588235
0.630707 0.588235
0.630805 0.588235
0.630902 0.588235
0.630999 0.588235
0.631097 0.588235
0.631194 0.588235
0.631292 0.588235
0.631389 0.588235
0.631486 0.588235
0.631584 0.588235
0.631681 0.588235
0.631778 0.588235
0.631876 0.588235
0.631973 0.588235
0.632070 0.588235
0.632168 0.588235
0.632265 0.588235
0.632362 0.588235
0.632460 0.588235
0.632557 0.588235
0.632655 0.588235
0.632752 0.588235
0.632849 0.588235
0.632947 0.588235
0.633044 0.588235
0.633141 0.588235
0.633239 0.588235
0.633336 0.588235
0.633433 0.588235
0.633531 0.588235
0.633628 0.588235
0.633725 0.588235
0.633823 0.588235
0.633920 0.588235
0.634018 0.588235
0.634115 0.588235
0.634212 0.588235
0.634310 0.588235
0.634407 0.588235
0.634504 0.588235
0.634602 0.588235
0.634699 0.588235
0.634796 0.588235
0.634894 0.588235
0.634991 0.588235
0.635088 0.588235
0.635186 0.588235
0.635283 0.588235
0.635381 0.588235
0.635478 0.588235
0.635575 0.588235
0.635673 0.588235
0.635770 0.588235
0.635867 0.588235
0.635965 0.588235
0.636062 0.588235
0.636159 0.588235
0.636257 0.588235
0.636354 0.588235
0.636451 0.588235
0.636549 0.588235
0.636646 0.588235
0.636744 0.588235
0.636841 0.588235
0.636938 0.588235
0.637036 0.588235
0.637133 0.588235
0.637230 0.588235
0.637328 0.588235
0.637425 0.588235
0.637522 0.588235
0.637620 0.588235
0.637717 0.588235
0.637814 0.588235
0.637912 0.588235
0.638009 0.588235
0.638107 0.588235
0.638204 0.588235
0.638301 0.588235
0.638399 0.588235
0.638496 0.588235
0.638593 0.588235
0.638691 0.588235
0.638788 0.588235
0.638885 0.588235
0.638983 0.588235
0.639080 0.588235
0.639177 0.588235
0.639275 0.585678
0.639372 0.585678
0.639470 0.585678
0.639567 0.585678
0.639664 0.585678
0.639762 0.585678
0.639859 0.585678
0.639956 0.585678
0.640054 0.585678
0.640151 0.585678
0.640248 0.585678
0.640346 0.585678
0.640443 0.585678
0.640540 0.585678
0.640638 0.585678
0.640735 0.585678
0.640833 0.585678
0.640930 0.585678
0.641027 0.585678
0.641125 0.585678
0.641222 0.585678
0.641319 0.585678
0.641417 0.585678
0.641514 0.585678
0.641611 0.585678
0.641709 0.585678
0.641806 0.583120
0.641903 0.583120
0.642001 0.583120
0.642098 0.583120
0.642196 0.583120
0.642293 0.583120
0.642390 0.580563
0.642488 0.578005
0.642585 0.578005
0.642682 0.578005
0.642780 0.575448
0.642877 0.575448
0.642974 0.575448
0.643072 0.575448
0.643169 0.575448
0.643266 0.575448
0.643364 0.575448
0.643461 0.572890
0.643559 0.572890
0.643656 0.572890
0.643753 0.572890
0.643851 0.572890
0.643948 0.572890
0.644045 0.572890
0.644143 0.572890
0.644240 0.572890
0.644337 0.572890
0.644435 0.572890
0.644532 0.572890
0.644629 0.572890
0.644727 0.572890
0.644824 0.572890
0.644922 0.572890
0.645019 0.572890
0.645116 0.572890
0.645214 0.572890
0.645311 0.572890
0.645408 0.572890
0.645506 0.572890
0.645603 0.572890
0.645700 0.572890
0.645798 0.572890
0.645895 0.570332
0.645992 0.570332
0.646090 0.567775
0.646187 0.567775
0.646285 0.567775
0.646382 0.565217
0.646479 0.565217
0.646577 0.565217
0.646674 0.565217
0.646771 0.565217
0.646869 0.565217
0.646966 0.565217
0.647063 0.565217
0.647161 0.565217
0.647258 0.565217
0.647355 0.565217
0.647453 0.565217
0.647550 0.565217
0.647648 0.565217
0.647745 0.565217
0.647842 0.565217
0.647940 0.565217
0.648037 0.562660
0.648134 0.562660
0.648232 0.562660
0.648329 0.562660
0.648426 0.562660
0.648524 0.562660
0.648621 0.562660
0.648718 0.562660
0.648816 0.562660
0.648913 0.562660
0.649011 0.562660
0.649108 0.562660
0.649205 0.562660
0.649303 0.562660
0.649400 0.560102
0.649497 0.560102
0.649595 0.560102
0.649692 0.560102
0.649789 0.560102
0.649887 0.560102
0.649984 0.560102
0.650081 0.560102
0.650179 0.560102
0.650276 0.557545
0.650374 0.557545
0.650471 0.557545
0.650568 0.557545
0.650666 0.557545
0.650763 0.557545
0.650860 0.557545
0.650958 0.557545
0.651055 0.557545
0.651152 0.557545
0.651250 0.557545
0.651347 0.557545
0.651444 0.557545
0.651542 0.557545
0.651639 0.557545
0.651737 0.557545
0.651834 0.557545
0.651931 0.557545
0.652029 0.557545
0.652126 0.557545
0.652223 0.557545
0.652321 0.557545
0.652418 0.557545
0.652515 0.557545
0.652613 0.557545
0.652710 0.557545
0.652807 0.554987
0.652905 0.554987
0.653002 0.554987
0.653100 0.554987
0.653197 0.554987
0.653294 0.552430
0.653392 0.552430
0.653489 0.552430
0.653586 0.552430
0.653684 0.552430
0.653781 0.552430
0.653878 0.552430
0.653976 0.552430
0.654073 0.552430
0.654170 0.552430
0.654268 0.552430
0.654365 0.552430
0.654463 0.552430
0.654560 0.552430
0.654657 0.552430
0.654755 0.549872
0.654852 0.549872
0.654949 0.549872
0.655047 0.549872
0.655144 0.549872
0.655241 0.549872
0.655339 0.549872
0.655436 0.549872
0.655533 0.549872
0.655631 0.549872
0.655728 0.549872
0.655826 0.549872
0.655923 0.549872
0.656020 0.549872
0.656118 0.549872
0.656215 0.549872
0.656312 0.549872
0.656410 0.549872
0.656507 0.549872
0.656604 0.549872
0.656702 0.549872
0.656799 0.549872
0.656896 0.549872
0.656994 0.549872
0.657091 0.549872
0.657189 0.549872
0.657286 0.549872
0.657383 0.549872
0.657481 0.549872
0.657578 0.549872
0.657675 0.549872
0.657773 0.549872
0.657870 0.549872
0.657967 0.549872
0.658065 0.549872
0.658162 0.549872
0.658259 0.549872
0.658357 0.549872
0.658454 0.549872
0.658552 0.549872
0.658649 0.549872
0.658746 0.549872
0.658844 0.549872
0.658941 0.549872
0.659038 0.549872
0.659136 0.549872
0.659233 0.549872
0.659330 0.549872
0.659428 0.549872
0.659525 0.549872
0.659623 0.549872
0.659720 0.549872
0.659817 0.549872
0.659915 0.547315
0.660012 0.547315
0.660109 0.547315
0.660207 0.547315
0.660304 0.547315
0.660401 0.547315
0.660499 0.547315
0.660596 0.547315
0.660693 0.547315
0.660791 0.547315
0.660888 0.547315
0.660986 0.547315
0.661083 0.547315
0.661180 0.547315
0.661278 0.544757
0.661375 0.544757
0.661472 0.544757
0.661570 0.544757
0.661667 0.544757
0.661764 0.544757
0.661862 0.544757
0.661959 0.544757
0.662056 0.544757
0.662154 0.544757
0.662251 0.544757
0.662349 0.544757
0.662446 0.544757
0.662543 0.544757
0.662641 0.544757
0.662738 0.544757
0.662835 0.544757
0.662933 0.544757
0.663030 0.544757
0.663127 0.544757
0.663225 0.544757
0.663322 0.544757
0.663419 0.544757
0.663517 0.544757
0.663614 0.544757
0.663712 0.544757
0.663809 0.544757
0.663906 0.544757
0.664004 0.544757
0.664101 0.544757
0.664198 0.544757
0.664296 0.544757
0.664393 0.544757
0.664490 0.544757
0.664588 0.542199
0.664685 0.542199
0.664782 0.542199
0.664880 0.542199
0.664977 0.542199
0.665075 0.542199
0.665172 0.542199
0.665269 0.542199
0.665367 0.542199
0.665464 0.542199
0.665561 0.542199
0.665659 0.542199
0.665756 0.539642
0.665853 0.539642
0.665951 0.539642
0.666048 0.539642
0.666145 0.539642
0.666243 0.539642
0.666340 0.539642
0.666438 0.539642
0.666535 0.539642
0.666632 0.539642
0.666730 0.539642
0.666827 0.539642
0.666924 0.539642
0.667022 0.539642
0.667119 0.539642
0.667216 0.539642
0.667314 0.539642
0.667411 0.539642
0.667508 0.539642
0.667606 0.539642
0.667703 0.539642
0.667801 0.539642
0.667898 0.539642
0.667995 0.539642
0.668093 0.539642
0.668190 0.539642
0.668287 0.539642
0.668385 0.539642
0.668482 0.539642
0.668579 0.539642
0.668677 0.539642
0.668774 0.539642
0.668871 0.539642
0.668969 0.539642
0.669066 0.539642
0.669164 0.539642
0.669261 0.539642
0.669358 0.539642
0.669456 0.539642
0.669553 0.539642
0.669650 0.537084
0.669748 0.537084
0.669845 0.534527
0.669942 0.534527
0.670040 0.534527
0.670137 0.534527
0.670234 0.534527
0.670332 0.534527
0.670429 0.534527
0.670527 0.534527
0.670624 0.534527
0.670721 0.534527
0.670819 0.534527
0.670916 0.534527
0.671013 0.534527
0.671111 0.534527
0.671208 0.534527
0.671305 0.534527
0.671403 0.534527
0.671500 0.534527
0.671597 0.534527
0.671695 0.534527
0.671792 0.534527
0.671890 0.534527
0.671987 0.534527
0.672084 0.534527
0.672182 0.534527
0.672279 0.534527
0.672376 0.534527
0.672474 0.534527
0.672571 0.534527
0.672668 0.534527
0.672766 0.534527
0.672863 0.534527
0.672960 0.534527
0.673058 0.534527
0.673155 0.534527
0.673253 0.534527
0.673350 0.531969
0.673447 0.531969
0.673545 0.531969
0.673642 0.531969
0.673739 0.531969
0.673837 0.531969
0.673934 0.531969
0.674031 0.531969
0.674129 0.531969
0.674226 0.531969
0.674323 0.531969
0.674421 0.531969
0.674518 0.529412
0.674616 0.529412
0.674713 0.529412
0.674810 0.529412
0.674908 0.529412
0.675005 0.529412
0.675102 0.529412
0.675200 0.529412
0.675297 0.529412
0.675394 0.529412
0.675492 0.529412
0.675589 0.529412
0.675686 0.529412
0.675784 0.529412
0.675881 0.529412
0.675979 0.529412
0.676076 0.529412
0.676173 0.529412
0.676271 0.529412
0.676368 0.529412
0.676465 0.529412
0.676563 0.529412
0.676660 0.529412
0.676757 0.529412
0.676855 0.529412
0.676952 0.529412
0.677049 0.529412
0.677147 0.529412
0.677244 0.529412
0.677342 0.529412
0.677439 0.529412
0.677536 0.529412
0.677634 0.529412
0.677731 0.529412
0.677828 0.529412
0.677926 0.529412
0.678023 0.526854
0.678120 0.526854
0.678218 0.526854
0.678315 0.526854
0.678412 0.526854
0.678510 0.526854
0.678607 0.526854
0.678705 0.526854
0.678802 0.526854
0.678899 0.526854
0.678997 0.526854
0.679094 0.526854
0.679191 0.526854
0.679289 0.526854
0.679386 0.526854
0.679483 0.524297
0.679581 0.524297
0.679678 0.524297
0.679775 0.521739
0.679873 0.521739
0.679970 0.521739
0.680068 0.521739
0.680165 0.521739
0.680262 0.521739
0.680360 0.521739
0.680457 0.521739
0.680554 0.521739
0.680652 0.521739
0.680749 0.521739
0.680846 0.521739
0.680944 0.521739
0.681041 0.521739
0.681138 0.521739
0.681236 0.521739
0.681333 0.521739
0.681431 0.521739
0.681528 0.521739
0.681625 0.521739
0.681723 0.521739
0.681820 0.521739
0.681917 0.521739
0.682015 0.521739
0.682112 0.521739
0.682209 0.521739
0.682307 0.521739
0.682404 0.521739
0.682501 0.521739
0.682599 0.521739
0.682696 0.521739
0.682794 0.521739
0.682891 0.521739
0.682988 0.521739
0.683086 0.521739
0.683183 0.521739
0.683280 0.521739
0.683378 0.521739
0.683475 0.521739
0.683572 0.521739
0.683670 0.521739
0.683767 0.521739
0.683864 0.521739
0.683962 0.521739
0.684059 0.521739
0.684157 0.521739
0.684254 0.521739
0.684351 0.521739
0.684449 0.521739
0.684546 0.521739
0.684643 0.521739
0.684741 0.521739
0.684838 0.521739
0.684935 0.521739
0.685033 0.521739
0.685130 0.521739
0.685227 0.521739
0.685325 0.521739
0.685422 0.521739
0.685520 0.521739
0.685617 0.521739
0.685714 0.521739
0.685812 0.521739
0.685909 0.521739
0.686006 0.521739
0.686104 0.521739
0.686201 0.521739
0.686298 0.521739
0.686396 0.521739
0.686493 0.521739
0.686590 0.521739
0.686688 0.521739
0.686785 0.521739
0.686883 0.521739
0.686980 0.521739
0.687077 0.521739
0.687175 0.521739
0.687272 0.521739
0.687369 0.521739
0.687467 0.521739
0.687564 0.521739
0.687661 0.521739
0.687759 0.521739
0.687856 0.521739
0.687953 0.521739
0.688051 0.521739
0.688148 0.521739
0.688246 0.521739
0.688343 0.521739
0.688440 0.521739
0.688538 0.521739
0.688635 0.521739
0.688732 0.519182
0.688830 0.519182
0.688927 0.519182
0.689024 0.519182
0.689122 0.519182
0.689219 0.519182
0.689316 0.519182
0.689414 0.519182
0.689511 0.519182
0.689609 0.519182
0.689706 0.519182
0.689803 0.519182
0.689901 0.519182
0.689998 0.516624
0.690095 0.516624
0.690193 0.514066
0.690290 0.511509
0.690387 0.511509
0.690485 0.511509
0.690582 0.511509
0.690679 0.511509
0.690777 0.511509
0.690874 0.511509
0.690972 0.511509
0.691069 0.511509
0.691166 0.511509
0.691264 0.508951
0.691361 0.508951
0.691458 0.508951
0.691556 0.508951
0.691653 0.508951
0.691750 0.508951
0.691848 0.508951
0.691945 0.508951
0.692042 0.508951
0.692140 0.508951
0.692237 0.508951
0.692335 0.508951
0.692432 0.508951
0.692529 0.508951
0.692627 0.508951
0.692724 0.508951
0.692821 0.508951
0.692919 0.508951
0.693016 0.508951
0.693113 0.508951
0.693211 0.508951
0.693308 0.508951
0.693405 0.506394
0.693503 0.506394
0.693600 0.506394
0.693698 0.506394
0.693795 0.506394
0.693892 0.503836
0.693990 0.503836
0.694087 0.503836
0.694184 0.503836
0.694282 0.503836
0.694379 0.503836
0.694476 0.503836
0.694574 0.501279
0.694671 0.501279
0.694768 0.501279
0.694866 0.501279
0.694963 0.501279
0.695061 0.501279
0.695158 0.501279
0.695255 0.501279
0.695353 0.501279
0.695450 0.501279
0.695547 0.501279
0.695645 0.501279
0.695742 0.501279
0.695839 0.501279
0.695937 0.501279
0.696034 0.498721
0.696131 0.496164
0.696229 0.496164
0.696326 0.496164
0.696424 0.496164
0.696521 0.496164
0.696618 0.496164
0.696716 0.496164
0.696813 0.496164
0.696910 0.496164
0.697008 0.496164
0.697105 0.496164
0.697202 0.496164
0.697300 0.496164
0.697397 0.496164
0.697495 0.496164
0.697592 0.496164
0.697689 0.496164
0.697787 0.496164
0.697884 0.496164
0.697981 0.496164
0.698079 0.496164
0.698176 0.496164
0.698273 0.496164
0.698371 0.496164
0.698468 0.496164
0.698565 0.493606
0.698663 0.491049
0.698760 0.491049
0.698858 0.491049
0.698955 0.491049
0.699052 0.491049
0.699150 0.491049
0.699247 0.491049
0.699344 0.491049
0.699442 0.491049
0.699539 0.491049
0.699636 0.491049
0.699734 0.491049
0.699831 0.491049
0.699928 0.491049
0.700026 0.491049
0.700123 0.491049
0.700221 0.491049
0.700318 0.491049
0.700415 0.491049
0.700513 0.491049
0.700610 0.491049
0.700707 0.491049
0.700805 0.491049
0.700902 0.491049
0.700999 0.491049
0.701097 0.491049
0.701194 0.491049
0.701291 0.491049
0.701389 0.491049
0.701486 0.491049
0.701584 0.491049
0.701681 0.491049
0.701778 0.491049
0.701876 0.491049
0.701973 0.491049
0.702070 0.491049
0.702168 0.491049
0.702265 0.491049
0.702362 0.491049
0.702460 0.491049
0.702557 0.491049
0.702654 0.491049
0.702752 0.491049
0.702849 0.491049
0.702947 0.491049
0.703044 0.491049
0.703141 0.491049
0.703239 0.491049
0.703336 0.491049
0.703433 0.491049
0.703531 0.491049
0.703628 0.491049
0.703725 0.491049
0.703823 0.491049
0.703920 0.491049
0.704017 0.491049
0.704115 0.491049
0.704212 0.491049
0.704310 0.491049
0.704407 0.491049
0.704504 0.491049
0.704602 0.491049
0.704699 0.491049
0.704796 0.491049
0.704894 0.491049
0.704991 0.491049
0.705088 0.491049
0.705186 0.491049
0.705283 0.491049
0.705380 0.491049
0.705478 0.491049
0.705575 0.491049
0.705673 0.491049
0.705770 0.491049
0.705867 0.491049
0.705965 0.491049
0.706062 0.491049
0.706159 0.491049
0.706257 0.491049
0.706354 0.491049
0.706451 0.491049
0.706549 0.491049
0.706646 0.491049
0.706743 0.491049
0.706841 0.491049
0.706938 0.491049
0.707036 0.491049
0.707133 0.488491
0.707230 0.488491
0.707328 0.488491
0.707425 0.488491
0.707522 0.488491
0.707620 0.488491
0.707717 0.488491
0.707814 0.488491
0.707912 0.488491
0.708009 0.488491
0.708106 0.488491
0.708204 0.488491
0.708301 0.485934
0.708399 0.485934
0.708496 0.485934
0.708593 0.485934
0.708691 0.485934
0.708788 0.485934
0.708885 0.485934
0.708983 0.485934
0.709080 0.485934
0.709177 0.485934
0.709275 0.485934
0.709372 0.485934
0.709469 0.485934
0.709567 0.485934
0.709664 0.485934
0.709762 0.485934
0.709859 0.483376
0.709956 0.483376
0.710054 0.483376
0.710151 0.483376
0.710248 0.483376
0.710346 0.480818
0.710443 0.480818
0.710540 0.480818
0.710638 0.480818
0.710735 0.480818
0.710832 0.480818
0.710930 0.480818
0.711027 0.480818
0.711125 0.480818
0.711222 0.480818
0.711319 0.478261
0.711417 0.478261
0.711514 0.478261
0.711611 0.478261
0.711709 0.478261
0.711806 0.478261
0.711903 0.478261
0.712001 0.478261
0.712098 0.478261
0.712195 0.478261
0.712293 0.478261
0.712390 0.475703
0.712488 0.473146
0.712585 0.473146
0.712682 0.473146
0.712780 0.473146
0.712877 0.473146
0.712974 0.473146
0.713072 0.473146
0.713169 0.473146
0.713266 0.473146
0.713364 0.473146
0.713461 0.473146
0.713558 0.473146
0.713656 0.473146
0.713753 0.473146
0.713851 0.473146
0.713948 0.473146
0.714045 0.473146
0.714143 0.473146
0.714240 0.473146
0.714337 0.473146
0.714435 0.473146
0.714532 0.473146
0.714629 0.473146
0.714727 0.473146
0.714824 0.473146
0.714921 0.473146
0.715019 0.473146
0.715116 0.473146
0.715214 0.473146
0.715311 0.473146
0.715408 0.473146
0.715506 0.473146
0.715603 0.473146
0.715700 0.473146
0.715798 0.473146
0.715895 0.473146
0.715992 0.473146
0.716090 0.473146
0.716187 0.473146
0.716284 0.473146
0.716382 0.473146
0.716479 0.473146
0.716577 0.473146
0.716674 0.473146
0.716771 0.473146
0.716869 0.473146
0.716966 0.473146
0.717063 0.473146
0.717161 0.473146
0.717258 0.470588
0.717355 0.470588
0.717453 0.470588
0.717550 0.470588
0.717647 0.470588
0.717745 0.470588
0.717842 0.470588
0.717940 0.470588
0.718037 0.468031
0.718134 0.468031
0.718232 0.468031
0.718329 0.468031
0.718426 0.468031
0.718524 0.468031
0.718621 0.468031
0.718718 0.468031
0.718816 0.468031
0.718913 0.468031
0.719010 0.468031
0.719108 0.468031
0.719205 0.468031
0.719303 0.465473
0.719400 0.465473
0.719497 0.465473
0.719595 0.465473
0.719692 0.465473
0.719789 0.462916
0.719887 0.462916
0.719984 0.462916
0.720081 0.462916
0.720179 0.462916
0.720276 0.462916
0.720373 0.462916
0.720471 0.462916
0.720568 0.462916
0.720666 0.462916
0.720763 0.462916
0.720860 0.462916
0.720958 0.462916
0.721055 0.462916
0.721152 0.462916
0.721250 0.460358
0.721347 0.460358
0.721444 0.460358
0.721542 0.460358
0.721639 0.460358
0.721736 0.460358
0.721834 0.460358
0.721931 0.460358
0.722029 0.460358
0.722126 0.460358
0.722223 0.460358
0.722321 0.457801
0.722418 0.457801
0.722515 0.457801
0.722613 0.457801
0.722710 0.457801
0.722807 0.457801
0.722905 0.457801
0.723002 0.457801
0.723099 0.457801
0.723197 0.457801
0.723294 0.457801
0.723392 0.457801
0.723489 0.457801
0.723586 0.457801
0.723684 0.457801
0.723781 0.457801
0.723878 0.457801
0.723976 0.457801
0.724073 0.457801
0.724170 0.457801
0.724268 0.457801
0.724365 0.457801
0.724462 0.457801
0.724560 0.457801
0.724657 0.457801
0.724755 0.457801
0.724852 0.457801
0.724949 0.457801
0.725047 0.457801
0.725144 0.457801
0.725241 0.457801
0.725339 0.457801
0.725436 0.457801
0.725533 0.457801
0.725631 0.457801
0.725728 0.457801
0.725825 0.457801
0.725923 0.457801
0.726020 0.457801
0.726118 0.457801
0.726215 0.457801
0.726312 0.457801
0.726410 0.457801
0.726507 0.457801
0.726604 0.455243
0.726702 0.455243
0.726799 0.455243
0.726896 0.455243
0.726994 0.455243
0.727091 0.455243
0.727188 0.455243
0.727286 0.455243
0.727383 0.452685
0.727481 0.452685
0.727578 0.452685
0.727675 0.452685
0.727773 0.452685
0.727870 0.452685
0.727967 0.452685
0.728065 0.452685
0.728162 0.452685
0.728259 0.452685
0.728357 0.452685
0.728454 0.452685
0.728551 0.452685
0.728649 0.452685
0.728746 0.452685
0.728844 0.452685
0.728941 0.452685
0.729038 0.452685
0.729136 0.452685
0.729233 0.452685
0.729330 0.452685
0.729428 0.452685
0.729525 0.452685
0.729622 0.452685
0.729720 0.452685
0.729817 0.452685
0.729914 0.452685
0.730012 0.452685
0.730109 0.452685
0.730207 0.452685
0.730304 0.452685
0.730401 0.452685
0.730499 0.452685
0.730596 0.452685
0.730693 0.452685
0.730791 0.452685
0.730888 0.452685
0.730985 0.452685
0.731083 0.452685
0.731180 0.452685
0.731277 0.452685
0.731375 0.452685
0.731472 0.452685
0.731570 0.452685
0.731667 0.452685
0.731764 0.452685
0.731862 0.452685
0.731959 0.452685
0.732056 0.452685
0.732154 0.452685
0.732251 0.452685
0.732348 0.452685
0.732446 0.452685
0.732543 0.452685
0.732640 0.452685
0.732738 0.452685
0.732835 0.452685
0.732933 0.452685
0.733030 0.452685
0.733127 0.452685
0.733225 0.452685
0.733322 0.452685
0.733419 0.452685
0.733517 0.452685
0.733614 0.452685
0.733711 0.452685
0.733809 0.452685
0.733906 0.452685
0.734003 0.452685
0.734101 0.452685
0.734198 0.452685
0.734296 0.452685
0.734393 0.452685
0.734490 0.452685
0.734588 0.452685
0.734685 0.452685
0.734782 0.452685
0.734880 0.452685
0.734977 0.452685
0.735074 0.452685
0.735172 0.450128
0.735269 0.450128
0.735367 0.450128
0.735464 0.450128
0.735561 0.450128
0.735659 0.450128
0.735756 0.450128
0.735853 0.450128
0.735951 0.450128
0.736048 0.450128
0.736145 0.450128
0.736243 0.450128
0.736340 0.450128
0.736437 0.450128
0.736535 0.450128
0.736632 0.450128
0.736730 0.450128
0.736827 0.450128
0.736924 0.450128
0.737022 0.450128
0.737119 0.450128
0.737216 0.450128
0.737314 0.450128
0.737411 0.450128
0.737508 0.450128
0.737606 0.450128
0.737703 0.450128
0.737800 0.450128
0.737898 0.450128
0.737995 0.450128
0.738093 0.450128
0.738190 0.450128
0.738287 0.450128
0.738385 0.450128
0.738482 0.450128
0.738579 0.450128
0.738677 0.450128
0.738774 0.450128
0.738871 0.450128
0.738969 0.450128
0.739066 0.450128
0.739163 0.450128
0.739261 0.450128
0.739358 0.447570
0.739456 0.447570
0.739553 0.447570
0.739650 0.447570
0.739748 0.447570
0.739845 0.447570
0.739942 0.447570
0.740040 0.447570
0.740137 0.447570
0.740234 0.447570
0.740332 0.447570
0.740429 0.447570
0.740526 0.445013
0.740624 0.445013
0.740721 0.445013
0.740819 0.445013
0.740916 0.445013
0.741013 0.445013
0.741111 0.445013
0.741208 0.445013
0.741305 0.445013
0.741403 0.445013
0.741500 0.442455
0.741597 0.442455
0.741695 0.442455
0.741792 0.439898
0.741889 0.437340
0.741987 0.437340
0.742084 0.434783
0.742182 0.434783
0.742279 0.434783
0.742376 0.434783
0.742474 0.434783
0.742571 0.434783
0.742668 0.434783
0.742766 0.434783
0.742863 0.434783
0.742960 0.434783
0.743058 0.434783
0.743155 0.434783
0.743252 0.434783
0.743350 0.434783
0.743447 0.434783
0.743545 0.434783
0.743642 0.434783
0.743739 0.434783
0.743837 0.434783
0.743934 0.434783
0.744031 0.434783
0.744129 0.434783
0.744226 0.434783
0.744323 0.434783
0.744421 0.434783
0.744518 0.434783
0.744615 0.434783
0.744713 0.434783
0.744810 0.434783
0.744908 0.434783
0.745005 0.434783
0.745102 0.434783
0.745200 0.434783
0.745297 0.434783
0.745394 0.434783
0.745492 0.434783
0.745589 0.434783
0.745686 0.434783
0.745784 0.434783
0.745881 0.434783
0.745978 0.434783
0.746076 0.434783
0.746173 0.434783
0.746271 0.434783
0.746368 0.432225
0.746465 0.432225
0.746563 0.432225
0.746660 0.432225
0.746757 0.432225
0.746855 0.432225
0.746952 0.432225
0.747049 0.432225
0.747147 0.432225
0.747244 0.432225
0.747341 0.432225
0.747439 0.432225
0.747536 0.432225
0.747634 0.432225
0.747731 0.432225
0.747828 0.432225
0.747926 0.432225
0.748023 0.432225
0.748120 0.432225
0.748218 0.432225
0.748315 0.429668
0.748412 0.429668
0.748510 0.429668
0.748607 0.429668
0.748704 0.429668
0.748802 0.429668
0.748899 0.429668
0.748997 0.429668
0.749094 0.429668
0.749191 0.429668
0.749289 0.429668
0.749386 0.429668
0.749483 0.429668
0.749581 0.429668
0.749678 0.429668
0.749775 0.429668
0.749873 0.429668
0.749970 0.429668
0.750067 0.429668
0.750165 0.429668
0.750262 0.429668
0.750360 0.429668
0.750457 0.429668
0.750554 0.429668
0.750652 0.429668
0.750749 0.429668
0.750846 0.429668
0.750944 0.429668
0.751041 0.429668
0.751138 0.429668
0.751236 0.429668
0.751333 0.429668
0.751430 0.429668
0.751528 0.429668
0.751625 0.429668
0.751723 0.429668
0.751820 0.429668
0.751917 0.429668
0.752015 0.429668
0.752112 0.429668
0.752209 0.429668
0.752307 0.429668
0.752404 0.429668
0.752501 0.429668
0.752599 0.429668
0.752696 0.429668
0.752793 0.429668
0.752891 0.429668
0.752988 0.429668
0.753086 0.429668
0.753183 0.429668
0.753280 0.429668
0.753378 0.429668
0.753475 0.429668
0.753572 0.429668
0.753670 0.429668
0.753767 0.429668
0.753864 0.429668
0.753962 0.429668
0.754059 0.429668
0.754156 0.429668
0.754254 0.427110
0.754351 0.427110
0.754449 0.427110
0.754546 0.427110
0.754643 0.427110
0.754741 0.427110
0.754838 0.427110
0.754935 0.427110
0.755033 0.427110
0.755130 0.427110
0.755227 0.427110
0.755325 0.427110
0.755422 0.427110
0.755519 0.427110
0.755617 0.427110
0.755714 0.427110
0.755812 0.427110
0.755909 0.427110
0.756006 0.427110
0.756104 0.427110
0.756201 0.427110
0.756298 0.427110
0.756396 0.427110
0.756493 0.427110
0.756590 0.427110
0.756688 0.427110
0.756785 0.427110
0.756882 0.427110
0.756980 0.427110
0.757077 0.427110
0.757175 0.427110
0.757272 0.427110
0.757369 0.427110
0.757467 0.427110
0.757564 0.427110
0.757661 0.427110
0.757759 0.427110
0.757856 0.427110
0.757953 0.427110
0.758051 0.427110
0.758148 0.427110
0.758245 0.424552
0.758343 0.424552
0.758440 0.424552
0.758538 0.424552
0.758635 0.424552
0.758732 0.421995
0.758830 0.419437
0.758927 0.419437
0.759024 0.419437
0.759122 0.419437
0.759219 0.419437
0.759316 0.419437
0.759414 0.419437
0.759511 0.419437
0.759608 0.419437
0.759706 0.419437
0.759803 0.419437
0.759901 0.419437
0.759998 0.419437
0.760095 0.419437
0.760193 0.419437
0.760290 0.419437
0.760387 0.419437
0.760485 0.419437
0.760582 0.419437
0.760679 0.419437
0.760777 0.419437
0.760874 0.419437
0.760971 0.419437
0.761069 0.419437
0.761166 0.419437
0.761264 0.419437
0.761361 0.419437
0.761458 0.419437
0.761556 0.419437
0.761653 0.419437
0.761750 0.419437
0.761848 0.419437
0.761945 0.419437
0.762042 0.419437
0.762140 0.419437
0.762237 0.419437
0.762334 0.419437
0.762432 0.419437
0.762529 0.419437
0.762627 0.419437
0.762724 0.419437
0.762821 0.419437
0.762919 0.419437
0.763016 0.419437
0.763113 0.419437
0.763211 0.419437
0.763308 0.419437
0.763405 0.419437
0.763503 0.419437
0.763600 0.416880
0.763697 0.416880
0.763795 0.414322
0.763892 0.414322
0.763990 0.414322
0.764087 0.414322
0.764184 0.414322
0.764282 0.414322
0.764379 0.414322
0.764476 0.414322
0.764574 0.414322
0.764671 0.414322
0.764768 0.414322
0.764866 0.414322
0.764963 0.414322
0.765060 0.414322
0.765158 0.414322
0.765255 0.414322
0.765353 0.414322
0.765450 0.414322
0.765547 0.414322
0.765645 0.414322
0.765742 0.411765
0.765839 0.411765
0.765937 0.411765
0.766034 0.411765
0.766131 0.411765
0.766229 0.411765
0.766326 0.411765
0.766423 0.411765
0.766521 0.411765
0.766618 0.411765
0.766716 0.411765
0.766813 0.411765
0.766910 0.411765
0.767008 0.411765
0.767105 0.411765
0.767202 0.411765
0.767300 0.411765
0.767397 0.411765
0.767494 0.411765
0.767592 0.409207
0.767689 0.409207
0.767786 0.409207
0.767884 0.409207
0.767981 0.409207
0.768079 0.409207
0.768176 0.409207
0.768273 0.409207
0.768371 0.409207
0.768468 0.409207
0.768565 0.409207
0.768663 0.409207
0.768760 0.409207
0.768857 0.409207
0.768955 0.409207
0.769052 0.409207
0.769149 0.409207
0.769247 0.409207
0.769344 0.409207
0.769442 0.409207
0.769539 0.409207
0.769636 0.409207
0.769734 0.409207
0.769831 0.409207
0.769928 0.409207
0.770026 0.409207
0.770123 0.409207
0.770220 0.409207
0.770318 0.409207
0.770415 0.409207
0.770512 0.409207
0.770610 0.409207
0.770707 0.409207
0.770805 0.409207
0.770902 0.409207
0.770999 0.409207
0.771097 0.409207
0.771194 0.409207
0.771291 0.409207
0.771389 0.409207
0.771486 0.409207
0.771583 0.409207
0.771681 0.409207
0.771778 0.409207
0.771875 0.409207
0.771973 0.409207
0.772070 0.409207
0.772168 0.409207
0.772265 0.409207
0.772362 0.409207
0.772460 0.409207
0.772557 0.406650
0.772654 0.406650
0.772752 0.406650
0.772849 0.406650
0.772946 0.406650
0.773044 0.406650
0.773141 0.406650
0.773239 0.406650
0.773336 0.406650
0.773433 0.406650
0.773531 0.406650
0.773628 0.406650
0.773725 0.406650
0.773823 0.406650
0.773920 0.406650
0.774017 0.406650
0.774115 0.406650
0.774212 0.406650
0.774309 0.406650
0.774407 0.404092
0.774504 0.404092
0.774602 0.404092
0.774699 0.404092
0.774796 0.404092
0.774894 0.404092
0.774991 0.404092
0.775088 0.404092
0.775186 0.404092
0.775283 0.404092
0.775380 0.404092
0.775478 0.404092
0.775575 0.404092
0.775672 0.404092
0.775770 0.404092
0.775867 0.404092
0.775965 0.404092
0.776062 0.404092
0.776159 0.404092
0.776257 0.404092
0.776354 0.404092
0.776451 0.404092
0.776549 0.404092
0.776646 0.404092
0.776743 0.404092
0.776841 0.404092
0.776938 0.404092
0.777035 0.404092
0.777133 0.404092
0.777230 0.404092
0.777328 0.404092
0.777425 0.404092
0.777522 0.404092
0.777620 0.404092
0.777717 0.404092
0.777814 0.404092
0.777912 0.404092
0.778009 0.404092
0.778106 0.404092
0.778204 0.404092
0.778301 0.404092
0.778398 0.404092
0.778496 0.404092
0.778593 0.404092
0.778691 0.404092
0.778788 0.404092
0.778885 0.404092
0.778983 0.404092
0.779080 0.404092
0.779177 0.404092
0.779275 0.404092
0.779372 0.404092
0.779469 0.404092
0.779567 0.404092
0.779664 0.404092
0.779761 0.404092
0.779859 0.404092
0.779956 0.404092
0.780054 0.404092
0.780151 0.401535
0.780248 0.401535
0.780346 0.401535
0.780443 0.401535
0.780540 0.401535
0.780638 0.401535
0.780735 0.401535
0.780832 0.401535
0.780930 0.401535
0.781027 0.401535
0.781124 0.401535
0.781222 0.401535
0.781319 0.401535
0.781417 0.401535
0.781514 0.401535
0.781611 0.401535
0.781709 0.401535
0.781806 0.401535
0.781903 0.401535
0.782001 0.401535
0.782098 0.401535
0.782195 0.401535
0.782293 0.401535
0.782390 0.401535
0.782487 0.401535
0.782585 0.401535
0.782682 0.401535
0.782780 0.401535
0.782877 0.401535
0.782974 0.401535
0.783072 0.401535
0.783169 0.401535
0.783266 0.401535
0.783364 0.401535
0.783461 0.401535
0.783558 0.401535
0.783656 0.401535
0.783753 0.401535
0.783850 0.401535
0.783948 0.401535
0.784045 0.401535
0.784143 0.401535
0.784240 0.401535
0.784337 0.401535
0.784435 0.401535
0.784532 0.401535
0.784629 0.401535
0.784727 0.401535
0.784824 0.401535
0.784921 0.401535
0.785019 0.401535
0.785116 0.401535
0.785213 0.401535
0.785311 0.401535
0.785408 0.401535
0.785506 0.401535
0.785603 0.396419
0.785700 0.396419
0.785798 0.396419
0.785895 0.396419
0.785992 0.396419
0.786090 0.396419
0.786187 0.396419
0.786284 0.396419
0.786382 0.396419
0.786479 0.396419
0.786576 0.396419
0.786674 0.396419
0.786771 0.396419
0.786869 0.396419
0.786966 0.396419
0.787063 0.396419
0.787161 0.396419
0.787258 0.396419
0.787355 0.396419
0.787453 0.396419
0.787550 0.396419
0.787647 0.396419
0.787745 0.396419
0.787842 0.396419
0.787939 0.396419
0.788037 0.396419
0.788134 0.396419
0.788232 0.396419
0.788329 0.396419
0.788426 0.396419
0.788524 0.396419
0.788621 0.396419
0.788718 0.396419
0.788816 0.396419
0.788913 0.396419
0.789010 0.396419
0.789108 0.396419
0.789205 0.396419
0.789302 0.396419
0.789400 0.396419
0.789497 0.396419
0.789595 0.396419
0.789692 0.396419
0.789789 0.396419
0.789887 0.396419
0.789984 0.396419
0.790081 0.396419
0.790179 0.396419
0.790276 0.396419
0.790373 0.396419
0.790471 0.396419
0.790568 0.396419
0.790665 0.396419
0.790763 0.396419
0.790860 0.396419
0.790958 0.396419
0.791055 0.396419
0.791152 0.396419
0.791250 0.396419
0.791347 0.396419
0.791444 0.396419
0.791542 0.396419
0.791639 0.396419
0.791736 0.396419
0.791834 0.396419
0.791931 0.396419
0.792028 0.396419
0.792126 0.396419
0.792223 0.396419
0.792321 0.396419
0.792418 0.396419
0.792515 0.396419
0.792613 0.396419
0.792710 0.396419
0.792807 0.393862
0.792905 0.393862
0.793002 0.393862
0.793099 0.393862
0.793197 0.393862
0.793294 0.393862
0.793391 0.393862
0.793489 0.393862
0.793586 0.393862
0.793684 0.393862
0.793781 0.393862
0.793878 0.393862
0.793976 0.393862
0.794073 0.393862
0.794170 0.393862
0.794268 0.393862
0.794365 0.393862
0.794462 0.393862
0.794560 0.393862
0.794657 0.393862
0.794754 0.391304
0.794852 0.391304
0.794949 0.391304
0.795047 0.391304
0.795144 0.391304
0.795241 0.391304
0.795339 0.391304
0.795436 0.391304
0.795533 0.391304
0.795631 0.391304
0.795728 0.391304
0.795825 0.391304
0.795923 0.391304
0.796020 0.388747
0.796117 0.388747
0.796215 0.388747
0.796312 0.388747
0.796410 0.388747
0.796507 0.388747
0.796604 0.388747
0.796702 0.388747
0.796799 0.388747
0.796896 0.388747
0.796994 0.388747
0.797091 0.388747
0.797188 0.388747
0.797286 0.388747
0.797383 0.388747
0.797480 0.388747
0.797578 0.388747
0.797675 0.388747
0.797773 0.388747
0.797870 0.388747
0.797967 0.388747
0.798065 0.388747
0.798162 0.388747
0.798259 0.388747
0.798357 0.388747
0.798454 0.388747
0.798551 0.388747
0.798649 0.386189
0.798746 0.386189
0.798843 0.386189
0.798941 0.386189
0.799038 0.386189
0.799136 0.386189
0.799233 0.386189
0.799330 0.386189
0.799428 0.386189
0.799525 0.386189
0.799622 0.386189
0.799720 0.386189
0.799817 0.386189
0.799914 0.386189
0.800012 0.386189
0.800109 0.386189
0.800206 0.386189
0.800304 0.386189
0.800401 0.386189
0.800499 0.386189
0.800596 0.386189
0.800693 0.386189
0.800791 0.386189
0.800888 0.386189
0.800985 0.386189
0.801083 0.383632
0.801180 0.383632
0.801277 0.381074
0.801375 0.381074
0.801472 0.381074
0.801569 0.381074
0.801667 0.381074
0.801764 0.381074
0.801862 0.381074
0.801959 0.381074
0.802056 0.381074
0.802154 0.381074
0.802251 0.381074
0.802348 0.381074
0.802446 0.381074
0.802543 0.381074
0.802640 0.381074
0.802738 0.381074
0.802835 0.381074
0.802932 0.381074
0.803030 0.381074
0.803127 0.378517
0.803225 0.378517
0.803322 0.378517
0.803419 0.378517
0.803517 0.378517
0.803614 0.378517
0.803711 0.378517
0.803809 0.378517
0.803906 0.378517
0.804003 0.375959
0.804101 0.375959
0.804198 0.375959
0.804295 0.375959
0.804393 0.375959
0.804490 0.375959
0.804588 0.375959
0.804685 0.375959
0.804782 0.375959
0.804880 0.375959
0.804977 0.375959
0.805074 0.375959
0.805172 0.375959
0.805269 0.375959
0.805366 0.375959
0.805464 0.375959
0.805561 0.375959
0.805658 0.375959
0.805756 0.375959
0.805853 0.375959
0.805951 0.375959
0.806048 0.375959
0.806145 0.375959
0.806243 0.375959
0.806340 0.375959
0.806437 0.375959
0.806535 0.375959
0.806632 0.375959
0.806729 0.375959
0.806827 0.375959
0.806924 0.375959
0.807021 0.375959
0.807119 0.375959
0.807216 0.375959
0.807314 0.375959
0.807411 0.375959
0.807508 0.375959
0.807606 0.375959
0.807703 0.375959
0.807800 0.375959
0.807898 0.375959
0.807995 0.375959
0.808092 0.375959
0.808190 0.375959
0.808287 0.375959
0.808384 0.375959
0.808482 0.375959
0.808579 0.375959
0.808677 0.375959
0.808774 0.375959
0.808871 0.375959
0.808969 0.375959
0.809066 0.375959
0.809163 0.375959
0.809261 0.375959
0.809358 0.375959
0.809455 0.375959
0.809553 0.375959
0.809650 0.375959
0.809747 0.375959
0.809845 0.375959
0.809942 0.375959
0.810040 0.375959
0.810137 0.375959
0.810234 0.375959
0.810332 0.375959
0.810429 0.375959
0.810526 0.375959
0.810624 0.375959
0.810721 0.375959
0.810818 0.375959
0.810916 0.375959
0.811013 0.375959
0.811111 0.375959
0.811208 0.375959
0.811305 0.375959
0.811403 0.373402
0.811500 0.373402
0.811597 0.370844
0.811695 0.370844
0.811792 0.370844
0.811889 0.370844
0.811987 0.370844
0.812084 0.370844
0.812181 0.370844
0.812279 0.370844
0.812376 0.370844
0.812474 0.370844
0.812571 0.370844
0.812668 0.370844
0.812766 0.370844
0.812863 0.370844
0.812960 0.370844
0.813058 0.370844
0.813155 0.370844
0.813252 0.370844
0.813350 0.370844
0.813447 0.370844
0.813544 0.370844
0.813642 0.370844
0.813739 0.370844
0.813837 0.370844
0.813934 0.370844
0.814031 0.370844
0.814129 0.370844
0.814226 0.370844
0.814323 0.370844
0.814421 0.370844
0.814518 0.368286
0.814615 0.368286
0.814713 0.368286
0.814810 0.368286
0.814907 0.368286
0.815005 0.368286
0.815102 0.368286
0.815200 0.368286
0.815297 0.368286
0.815394 0.368286
0.815492 0.368286
0.815589 0.368286
0.815686 0.368286
0.815784 0.368286
0.815881 0.368286
0.815978 0.368286
0.816076 0.368286
0.816173 0.368286
0.816270 0.368286
0.816368 0.368286
0.816465 0.368286
0.816563 0.368286
0.816660 0.368286
0.816757 0.368286
0.816855 0.368286
0.816952 0.368286
0.817049 0.368286
0.817147 0.368286
0.817244 0.368286
0.817341 0.368286
0.817439 0.368286
0.817536 0.368286
0.817633 0.368286
0.817731 0.368286
0.817828 0.368286
0.817926 0.368286
0.818023 0.368286
0.818120 0.368286
0.818218 0.368286
0.818315 0.365729
0.818412 0.365729
0.818510 0.365729
0.818607 0.363171
0.818704 0.363171
0.818802 0.363171
0.818899 0.363171
0.818996 0.360614
0.819094 0.360614
0.819191 0.360614
0.819289 0.360614
0.819386 0.360614
0.819483 0.360614
0.819581 0.360614
0.819678 0.360614
0.819775 0.360614
0.819873 0.360614
0.819970 0.360614
0.820067 0.360614
0.820165 0.360614
0.820262 0.360614
0.820359 0.360614
0.820457 0.360614
0.820554 0.360614
0.820652 0.360614
0.820749 0.360614
0.820846 0.358056
0.820944 0.358056
0.821041 0.358056
0.821138 0.358056
0.821236 0.358056
0.821333 0.358056
0.821430 0.358056
0.821528 0.358056
0.821625 0.358056
0.821722 0.358056
0.821820 0.358056
0.821917 0.358056
0.822015 0.358056
0.822112 0.358056
0.822209 0.358056
0.822307 0.358056
0.822404 0.358056
0.822501 0.358056
0.822599 0.358056
0.822696 0.358056
0.822793 0.358056
0.822891 0.358056
0.822988 0.358056
0.823085 0.358056
0.823183 0.358056
0.823280 0.358056
0.823378 0.358056
0.823475 0.358056
0.823572 0.358056
0.823670 0.358056
0.823767 0.358056
0.823864 0.358056
0.823962 0.358056
0.824059 0.358056
0.824156 0.358056
0.824254 0.358056
0.824351 0.358056
0.824448 0.358056
0.824546 0.358056
0.824643 0.358056
0.824741 0.358056
0.824838 0.358056
0.824935 0.358056
0.825033 0.358056
0.825130 0.358056
0.825227 0.358056
0.825325 0.358056
0.825422 0.355499
0.825519 0.355499
0.825617 0.355499
0.825714 0.355499
0.825811 0.355499
0.825909 0.355499
0.826006 0.355499
0.826104 0.355499
0.826201 0.355499
0.826298 0.355499
0.826396 0.355499
0.826493 0.355499
0.826590 0.355499
0.826688 0.355499
0.826785 0.355499
0.826882 0.352941
0.826980 0.352941
0.827077 0.352941
0.827174 0.352941
0.827272 0.352941
0.827369 0.352941
0.827467 0.352941
0.827564 0.352941
0.827661 0.352941
0.827759 0.352941
0.827856 0.352941
0.827953 0.352941
0.828051 0.352941
0.828148 0.352941
0.828245 0.352941
0.828343 0.352941
0.828440 0.352941
0.828537 0.352941
0.828635 0.352941
0.828732 0.352941
0.828830 0.352941
0.828927 0.352941
0.829024 0.352941
0.829122 0.350384
0.829219 0.350384
0.829316 0.350384
0.829414 0.350384
0.829511 0.350384
0.829608 0.350384
0.829706 0.350384
0.829803 0.350384
0.829900 0.350384
0.829998 0.350384
0.830095 0.350384
0.830193 0.347826
0.830290 0.347826
0.830387 0.347826
0.830485 0.347826
0.830582 0.347826
0.830679 0.347826
0.830777 0.347826
0.830874 0.347826
0.830971 0.347826
0.831069 0.347826
0.831166 0.347826
0.831263 0.347826
0.831361 0.347826
0.831458 0.347826
0.831556 0.347826
0.831653 0.347826
0.831750 0.347826
0.831848 0.347826
0.831945 0.347826
0.832042 0.347826
0.832140 0.347826
0.832237 0.347826
0.832334 0.347826
0.832432 0.347826
0.832529 0.347826
0.832626 0.347826
0.832724 0.347826
0.832821 0.345269
0.832919 0.345269
0.833016 0.345269
0.833113 0.345269
0.833211 0.345269
0.833308 0.345269
0.833405 0.345269
0.833503 0.345269
0.833600 0.345269
0.833697 0.345269
0.833795 0.345269
0.833892 0.345269
0.833989 0.345269
0.834087 0.345269
0.834184 0.345269
0.834282 0.345269
0.834379 0.345269
0.834476 0.345269
0.834574 0.345269
0.834671 0.345269
0.834768 0.345269
0.834866 0.345269
0.834963 0.345269
0.835060 0.345269
0.835158 0.345269
0.835255 0.345269
0.835352 0.345269
0.835450 0.345269
0.835547 0.345269
0.835645 0.345269
0.835742 0.345269
0.835839 0.340153
0.835937 0.340153
0.836034 0.340153
0.836131 0.340153
0.836229 0.340153
0.836326 0.340153
0.836423 0.340153
0.836521 0.340153
0.836618 0.340153
0.836715 0.340153
0.836813 0.340153
0.836910 0.337596
0.837008 0.337596
0.837105 0.332481
0.837202 0.332481
0.837300 0.332481
0.837397 0.332481
0.837494 0.332481
0.837592 0.332481
0.837689 0.332481
0.837786 0.332481
0.837884 0.329923
0.837981 0.329923
0.838078 0.329923
0.838176 0.329923
0.838273 0.329923
0.838371 0.329923
0.838468 0.329923
0.838565 0.329923
0.838663 0.329923
0.838760 0.329923
0.838857 0.329923
0.838955 0.329923
0.839052 0.329923
0.839149 0.329923
0.839247 0.329923
0.839344 0.329923
0.839441 0.329923
0.839539 0.329923
0.839636 0.329923
0.839734 0.329923
0.839831 0.329923
0.839928 0.329923
0.840026 0.329923
0.840123 0.329923
0.840220 0.329923
0.840318 0.329923
0.840415 0.329923
0.840512 0.329923
0.840610 0.329923
0.840707 0.329923
0.840804 0.329923
0.840902 0.329923
0.840999 0.329923
0.841097 0.329923
0.841194 0.329923
0.841291 0.329923
0.841389 0.329923
0.841486 0.329923
0.841583 0.329923
0.841681 0.329923
0.841778 0.329923
0.841875 0.329923
0.841973 0.329923
0.842070 0.329923
0.842167 0.329923
0.842265 0.329923
0.842362 0.329923
0.842460 0.329923
0.842557 0.329923
0.842654 0.329923
0.842752 0.329923
0.842849 0.329923
0.842946 0.329923
0.843044 0.329923
0.843141 0.329923
0.843238 0.329923
0.843336 0.329923
0.843433 0.329923
0.843530 0.329923
0.843628 0.329923
0.843725 0.329923
0.843823 0.329923
0.843920 0.329923
0.844017 0.329923
0.844115 0.329923
0.844212 0.329923
0.844309 0.327366
0.844407 0.327366
0.844504 0.327366
0.844601 0.327366
0.844699 0.327366
0.844796 0.327366
0.844893 0.327366
0.844991 0.327366
0.845088 0.327366
0.845186 0.327366
0.845283 0.327366
0.845380 0.327366
0.845478 0.327366
0.845575 0.327366
0.845672 0.327366
0.845770 0.327366
0.845867 0.327366
0.845964 0.327366
0.846062 0.327366
0.846159 0.327366
0.846256 0.324808
0.846354 0.324808
0.846451 0.324808
0.846549 0.324808
0.846646 0.324808
0.846743 0.322251
0.846841 0.322251
0.846938 0.322251
0.847035 0.322251
0.847133 0.322251
0.847230 0.322251
0.847327 0.322251
0.847425 0.319693
0.847522 0.319693
0.847619 0.319693
0.847717 0.317136
0.847814 0.317136
0.847912 0.317136
0.848009 0.317136
0.848106 0.317136
0.848204 0.317136
0.848301 0.317136
0.848398 0.317136
0.848496 0.317136
0.848593 0.314578
0.848690 0.314578
0.848788 0.314578
0.848885 0.314578
0.848983 0.314578
0.849080 0.314578
0.849177 0.314578
0.849275 0.314578
0.849372 0.314578
0.849469 0.314578
0.849567 0.312020
0.849664 0.312020
0.849761 0.312020
0.849859 0.312020
0.849956 0.312020
0.850053 0.309463
0.850151 0.309463
0.850248 0.309463
0.850346 0.309463
0.850443 0.309463
0.850540 0.309463
0.850638 0.309463
0.850735 0.309463
0.850832 0.309463
0.850930 0.309463
0.851027 0.309463
0.851124 0.306905
0.851222 0.306905
0.851319 0.306905
0.851416 0.306905
0.851514 0.306905
0.851611 0.306905
0.851709 0.306905
0.851806 0.306905
0.851903 0.306905
0.852001 0.306905
0.852098 0.306905
0.852195 0.306905
0.852293 0.306905
0.852390 0.306905
0.852487 0.306905
0.852585 0.306905
0.852682 0.306905
0.852779 0.306905
0.852877 0.306905
0.852974 0.306905
0.853072 0.306905
0.853169 0.306905
0.853266 0.306905
0.853364 0.306905
0.853461 0.306905
0.853558 0.306905
0.853656 0.306905
0.853753 0.306905
0.853850 0.306905
0.853948 0.306905
0.854045 0.306905
0.854142 0.306905
0.854240 0.306905
0.854337 0.306905
0.854435 0.306905
0.854532 0.306905
0.854629 0.306905
0.854727 0.306905
0.854824 0.306905
0.854921 0.306905
0.855019 0.306905
0.855116 0.306905
0.855213 0.306905
0.855311 0.304348
0.855408 0.304348
0.855505 0.304348
0.855603 0.304348
0.855700 0.304348
0.855798 0.301790
0.855895 0.299233
0.855992 0.299233
0.856090 0.299233
0.856187 0.296675
0.856284 0.296675
0.856382 0.296675
0.856479 0.296675
0.856576 0.296675
0.856674 0.296675
0.856771 0.296675
0.856868 0.296675
0.856966 0.296675
0.857063 0.296675
0.857161 0.296675
0.857258 0.296675
0.857355 0.296675
0.857453 0.296675
0.857550 0.296675
0.857647 0.296675
0.857745 0.296675
0.857842 0.296675
0.857939 0.296675
0.858037 0.296675
0.858134 0.296675
0.858231 0.296675
0.858329 0.296675
0.858426 0.296675
0.858524 0.296675
0.858621 0.296675
0.858718 0.296675
0.858816 0.296675
0.858913 0.296675
0.859010 0.296675
0.859108 0.296675
0.859205 0.296675
0.859302 0.296675
0.859400 0.296675
0.859497 0.296675
0.859594 0.296675
0.859692 0.296675
0.859789 0.296675
0.859887 0.296675
0.859984 0.296675
0.860081 0.296675
0.860179 0.296675
0.860276 0.296675
0.860373 0.296675
0.860471 0.296675
0.860568 0.296675
0.860665 0.296675
0.860763 0.296675
0.860860 0.296675
0.860957 0.296675
0.861055 0.296675
0.861152 0.296675
0.861250 0.296675
0.861347 0.296675
0.861444 0.296675
0.861542 0.296675
0.861639 0.296675
0.861736 0.296675
0.861834 0.296675
0.861931 0.296675
0.862028 0.296675
0.862126 0.294118
0.862223 0.294118
0.862320 0.294118
0.862418 0.291560
0.862515 0.291560
0.862613 0.291560
0.862710 0.291560
0.862807 0.291560
0.862905 0.291560
0.863002 0.289003
0.863099 0.289003
0.863197 0.289003
0.863294 0.289003
0.863391 0.289003
0.863489 0.289003
0.863586 0.289003
0.863683 0.289003
0.863781 0.289003
0.863878 0.289003
0.863976 0.289003
0.864073 0.289003
0.864170 0.289003
0.864268 0.289003
0.864365 0.289003
0.864462 0.286445
0.864560 0.286445
0.864657 0.283887
0.864754 0.283887
0.864852 0.283887
0.864949 0.283887
0.865046 0.283887
0.865144 0.283887
0.865241 0.283887
0.865339 0.281330
0.865436 0.281330
0.865533 0.281330
0.865631 0.281330
0.865728 0.281330
0.865825 0.281330
0.865923 0.281330
0.866020 0.281330
0.866117 0.281330
0.866215 0.281330
0.866312 0.281330
0.866409 0.281330
0.866507 0.281330
0.866604 0.281330
0.866702 0.281330
0.866799 0.281330
0.866896 0.281330
0.866994 0.281330
0.867091 0.281330
0.867188 0.281330
0.867286 0.281330
0.867383 0.281330
0.867480 0.281330
0.867578 0.281330
0.867675 0.281330
0.867772 0.281330
0.867870 0.281330
0.867967 0.281330
0.868065 0.281330
0.868162 0.281330
0.868259 0.281330
0.868357 0.281330
0.868454 0.281330
0.868551 0.281330
0.868649 0.281330
0.868746 0.281330
0.868843 0.281330
0.868941 0.281330
0.869038 0.281330
0.869135 0.281330
0.869233 0.281330
0.869330 0.281330
0.869428 0.278772
0.869525 0.278772
0.869622 0.278772
0.869720 0.278772
0.869817 0.278772
0.869914 0.278772
0.870012 0.278772
0.870109 0.276215
0.870206 0.276215
0.870304 0.276215
0.870401 0.276215
0.870498 0.276215
0.870596 0.276215
0.870693 0.273657
0.870791 0.273657
0.870888 0.273657
0.870985 0.273657
0.871083 0.273657
0.871180 0.273657
0.871277 0.273657
0.871375 0.273657
0.871472 0.273657
0.871569 0.273657
0.871667 0.273657
0.871764 0.273657
0.871861 0.273657
0.871959 0.273657
0.872056 0.273657
0.872154 0.273657
0.872251 0.273657
0.872348 0.273657
0.872446 0.273657
0.872543 0.273657
0.872640 0.273657
0.872738 0.273657
0.872835 0.273657
0.872932 0.273657
0.873030 0.273657
0.873127 0.273657
0.873224 0.273657
0.873322 0.273657
0.873419 0.273657
0.873517 0.273657
0.873614 0.273657
0.873711 0.273657
0.873809 0.273657
0.873906 0.273657
0.874003 0.273657
0.874101 0.273657
0.874198 0.273657
0.874295 0.273657
0.874393 0.273657
0.874490 0.273657
0.874587 0.273657
0.874685 0.273657
0.874782 0.273657
0.874880 0.273657
0.874977 0.273657
0.875074 0.273657
0.875172 0.273657
0.875269 0.273657
0.875366 0.273657
0.875464 0.273657
0.875561 0.273657
0.875658 0.273657
0.875756 0.273657
0.875853 0.273657
0.875950 0.273657
0.876048 0.273657
0.876145 0.273657
0.876243 0.273657
0.876340 0.273657
0.876437 0.273657
0.876535 0.271100
0.876632 0.271100
0.876729 0.271100
0.876827 0.268542
0.876924 0.268542
0.877021 0.268542
0.877119 0.268542
0.877216 0.268542
0.877313 0.268542
0.877411 0.268542
0.877508 0.268542
0.877606 0.268542
0.877703 0.268542
0.877800 0.268542
0.877898 0.268542
0.877995 0.268542
0.878092 0.268542
0.878190 0.268542
0.878287 0.268542
0.878384 0.268542
0.878482 0.268542
0.878579 0.268542
0.878676 0.268542
0.878774 0.268542
0.878871 0.268542
0.878969 0.268542
0.879066 0.268542
0.879163 0.268542
0.879261 0.268542
0.879358 0.268542
0.879455 0.268542
0.879553 0.265985
0.879650 0.265985
0.879747 0.265985
0.879845 0.265985
0.879942 0.265985
0.880039 0.260870
0.880137 0.260870
0.880234 0.260870
0.880332 0.260870
0.880429 0.260870
0.880526 0.260870
0.880624 0.260870
0.880721 0.260870
0.880818 0.260870
0.880916 0.260870
0.881013 0.260870
0.881110 0.260870
0.881208 0.260870
0.881305 0.260870
0.881402 0.260870
0.881500 0.260870
0.881597 0.260870
0.881695 0.260870
0.881792 0.260870
0.881889 0.260870
0.881987 0.260870
0.882084 0.260870
0.882181 0.260870
0.882279 0.260870
0.882376 0.260870
0.882473 0.260870
0.882571 0.260870
0.882668 0.260870
0.882765 0.260870
0.882863 0.260870
0.882960 0.260870
0.883058 0.260870
0.883155 0.260870
0.883252 0.260870
0.883350 0.260870
0.883447 0.260870
0.883544 0.260870
0.883642 0.260870
0.883739 0.260870
0.883836 0.260870
0.883934 0.260870
0.884031 0.258312
0.884128 0.258312
0.884226 0.258312
0.884323 0.258312
0.884421 0.258312
0.884518 0.258312
0.884615 0.255754
0.884713 0.255754
0.884810 0.255754
0.884907 0.255754
0.885005 0.255754
0.885102 0.255754
0.885199 0.255754
0.885297 0.255754
0.885394 0.255754
0.885491 0.255754
0.885589 0.255754
0.885686 0.255754
0.885784 0.255754
0.885881 0.255754
0.885978 0.255754
0.886076 0.255754
0.886173 0.253197
0.886270 0.253197
0.886368 0.253197
0.886465 0.253197
0.886562 0.253197
0.886660 0.250639
0.886757 0.250639
0.886855 0.250639
0.886952 0.250639
0.887049 0.250639
0.887147 0.250639
0.887244 0.250639
0.887341 0.250639
0.887439 0.250639
0.887536 0.250639
0.887633 0.250639
0.887731 0.250639
0.887828 0.250639
0.887925 0.250639
0.888023 0.250639
0.888120 0.250639
0.888218 0.250639
0.888315 0.250639
0.888412 0.250639
0.888510 0.250639
0.888607 0.250639
0.888704 0.250639
0.888802 0.250639
0.888899 0.250639
0.888996 0.250639
0.889094 0.250639
0.889191 0.250639
0.889288 0.250639
0.889386 0.250639
0.889483 0.250639
0.889581 0.250639
0.889678 0.250639
0.889775 0.250639
0.889873 0.250639
0.889970 0.250639
0.890067 0.250639
0.890165 0.250639
0.890262 0.250639
0.890359 0.250639
0.890457 0.250639
0.890554 0.250639
0.890651 0.248082
0.890749 0.248082
0.890846 0.248082
0.890944 0.248082
0.891041 0.248082
0.891138 0.248082
0.891236 0.248082
0.891333 0.248082
0.891430 0.248082
0.891528 0.248082
0.891625 0.248082
0.891722 0.245524
0.891820 0.245524
0.891917 0.245524
0.892014 0.245524
0.892112 0.245524
0.892209 0.245524
0.892307 0.245524
0.892404 0.245524
0.892501 0.245524
0.892599 0.245524
0.892696 0.245524
0.892793 0.245524
0.892891 0.245524
0.892988 0.242967
0.893085 0.242967
0.893183 0.242967
0.893280 0.242967
0.893377 0.242967
0.893475 0.242967
0.893572 0.242967
0.893670 0.242967
0.893767 0.242967
0.893864 0.240409
0.893962 0.240409
0.894059 0.240409
0.894156 0.240409
0.894254 0.240409
0.894351 0.240409
0.894448 0.240409
0.894546 0.240409
0.894643 0.240409
0.894740 0.237852
0.894838 0.237852
0.894935 0.237852
0.895033 0.237852
0.895130 0.237852
0.895227 0.237852
0.895325 0.235294
0.895422 0.235294
0.895519 0.235294
0.895617 0.235294
0.895714 0.235294
0.895811 0.235294
0.895909 0.235294
0.896006 0.235294
0.896103 0.235294
0.896201 0.232737
0.896298 0.232737
0.896396 0.232737
0.896493 0.232737
0.896590 0.232737
0.896688 0.232737
0.896785 0.232737
0.896882 0.232737
0.896980 0.232737
0.897077 0.232737
0.897174 0.232737
0.897272 0.232737
0.897369 0.232737
0.897466 0.232737
0.897564 0.232737
0.897661 0.232737
0.897759 0.232737
0.897856 0.230179
0.897953 0.230179
0.898051 0.230179
0.898148 0.227621
0.898245 0.227621
0.898343 0.227621
0.898440 0.227621
0.898537 0.225064
0.898635 0.225064
0.898732 0.225064
0.898829 0.225064
0.898927 0.225064
0.899024 0.225064
0.899122 0.225064
0.899219 0.222506
0.899316 0.219949
0.899414 0.219949
0.899511 0.219949
0.899608 0.219949
0.899706 0.217391
0.899803 0.217391
0.899900 0.217391
0.899998 0.217391
0.900095 0.217391
0.900192 0.217391
0.900290 0.217391
0.900387 0.217391
0.900485 0.217391
0.900582 0.217391
0.900679 0.217391
0.900777 0.217391
0.900874 0.217391
0.900971 0.217391
0.901069 0.217391
0.901166 0.217391
0.901263 0.217391
0.901361 0.217391
0.901458 0.214834
0.901555 0.214834
0.901653 0.214834
0.901750 0.214834
0.901848 0.214834
0.901945 0.214834
0.902042 0.214834
0.902140 0.214834
0.902237 0.214834
0.902334 0.214834
0.902432 0.214834
0.902529 0.214834
0.902626 0.214834
0.902724 0.212276
0.902821 0.212276
0.902918 0.212276
0.903016 0.212276
0.903113 0.212276
0.903211 0.212276
0.903308 0.212276
0.903405 0.212276
0.903503 0.209719
0.903600 0.209719
0.903697 0.209719
0.903795 0.209719
0.903892 0.209719
0.903989 0.209719
0.904087 0.209719
0.904184 0.209719
0.904281 0.209719
0.904379 0.209719
0.904476 0.209719
0.904574 0.209719
0.904671 0.209719
0.904768 0.209719
0.904866 0.209719
0.904963 0.209719
0.905060 0.207161
0.905158 0.207161
0.905255 0.207161
0.905352 0.207161
0.905450 0.207161
0.905547 0.207161
0.905644 0.207161
0.905742 0.207161
0.905839 0.207161
0.905937 0.207161
0.906034 0.207161
0.906131 0.207161
0.906229 0.207161
0.906326 0.207161
0.906423 0.207161
0.906521 0.207161
0.906618 0.207161
0.906715 0.207161
0.906813 0.207161
0.906910 0.207161
0.907007 0.207161
0.907105 0.207161
0.907202 0.207161
0.907300 0.207161
0.907397 0.204604
0.907494 0.204604
0.907592 0.204604
0.907689 0.204604
0.907786 0.204604
0.907884 0.204604
0.907981 0.204604
0.908078 0.204604
0.908176 0.204604
0.908273 0.204604
0.908370 0.204604
0.908468 0.204604
0.908565 0.202046
0.908663 0.202046
0.908760 0.202046
0.908857 0.202046
0.908955 0.202046
0.909052 0.202046
0.909149 0.202046
0.909247 0.202046
0.909344 0.202046
0.909441 0.199488
0.909539 0.199488
0.909636 0.199488
0.909733 0.199488
0.909831 0.199488
0.909928 0.199488
0.910026 0.199488
0.910123 0.199488
0.910220 0.199488
0.910318 0.199488
0.910415 0.199488
0.910512 0.199488
0.910610 0.199488
0.910707 0.199488
0.910804 0.199488
0.910902 0.199488
0.910999 0.199488
0.911096 0.199488
0.911194 0.199488
0.911291 0.199488
0.911389 0.199488
0.911486 0.199488
0.911583 0.199488
0.911681 0.196931
0.911778 0.196931
0.911875 0.196931
0.911973 0.196931
0.912070 0.196931
0.912167 0.196931
0.912265 0.196931
0.912362 0.196931
0.912459 0.196931
0.912557 0.196931
0.912654 0.196931
0.912752 0.196931
0.912849 0.196931
0.912946 0.196931
0.913044 0.196931
0.913141 0.196931
0.913238 0.194373
0.913336 0.194373
0.913433 0.194373
0.913530 0.194373
0.913628 0.194373
0.913725 0.194373
0.913822 0.194373
0.913920 0.191816
0.914017 0.191816
0.914115 0.191816
0.914212 0.191816
0.914309 0.191816
0.914407 0.191816
0.914504 0.191816
0.914601 0.191816
0.914699 0.191816
0.914796 0.189258
0.914893 0.189258
0.914991 0.189258
0.915088 0.189258
0.915185 0.189258
0.915283 0.189258
0.915380 0.189258
0.915478 0.189258
0.915575 0.189258
0.915672 0.189258
0.915770 0.189258
0.915867 0.189258
0.915964 0.189258
0.916062 0.189258
0.916159 0.189258
0.916256 0.189258
0.916354 0.184143
0.916451 0.184143
0.916548 0.184143
0.916646 0.184143
0.916743 0.184143
0.916841 0.181586
0.916938 0.181586
0.917035 0.181586
0.917133 0.181586
0.917230 0.181586
0.917327 0.181586
0.917425 0.181586
0.917522 0.181586
0.917619 0.181586
0.917717 0.181586
0.917814 0.181586
0.917911 0.181586
0.918009 0.181586
0.918106 0.181586
0.918204 0.179028
0.918301 0.179028
0.918398 0.179028
0.918496 0.179028
0.918593 0.179028
0.918690 0.176471
0.918788 0.176471
0.918885 0.176471
0.918982 0.176471
0.919080 0.176471
0.919177 0.176471
0.919274 0.176471
0.919372 0.176471
0.919469 0.176471
0.919567 0.176471
0.919664 0.176471
0.919761 0.176471
0.919859 0.176471
0.919956 0.176471
0.920053 0.176471
0.920151 0.176471
0.920248 0.176471
0.920345 0.176471
0.920443 0.176471
0.920540 0.176471
0.920637 0.176471
0.920735 0.176471
0.920832 0.176471
0.920930 0.176471
0.921027 0.176471
0.921124 0.176471
0.921222 0.176471
0.921319 0.176471
0.921416 0.176471
0.921514 0.176471
0.921611 0.176471
0.921708 0.176471
0.921806 0.176471
0.921903 0.176471
0.922000 0.176471
0.922098 0.176471
0.922195 0.176471
0.922293 0.176471
0.922390 0.176471
0.922487 0.176471
0.922585 0.176471
0.922682 0.173913
0.922779 0.173913
0.922877 0.173913
0.922974 0.173913
0.923071 0.173913
0.923169 0.173913
0.923266 0.173913
0.923363 0.173913
0.923461 0.173913
0.923558 0.173913
0.923656 0.171355
0.923753 0.171355
0.923850 0.171355
0.923948 0.171355
0.924045 0.168798
0.924142 0.168798
0.924240 0.168798
0.924337 0.168798
0.924434 0.166240
0.924532 0.166240
0.924629 0.166240
0.924727 0.166240
0.924824 0.166240
0.924921 0.166240
0.925019 0.166240
0.925116 0.166240
0.925213 0.166240
0.925311 0.166240
0.925408 0.166240
0.925505 0.161125
0.925603 0.161125
0.925700 0.161125
0.925797 0.161125
0.925895 0.161125
0.925992 0.161125
0.926090 0.161125
0.926187 0.158568
0.926284 0.158568
0.926382 0.158568
0.926479 0.158568
0.926576 0.158568
0.926674 0.158568
0.926771 0.158568
0.926868 0.158568
0.926966 0.158568
0.927063 0.158568
0.927160 0.156010
0.927258 0.156010
0.927355 0.156010
0.927453 0.156010
0.927550 0.156010
0.927647 0.156010
0.927745 0.156010
0.927842 0.156010
0.927939 0.153453
0.928037 0.153453
0.928134 0.153453
0.928231 0.153453
0.928329 0.153453
0.928426 0.153453
0.928523 0.153453
0.928621 0.153453
0.928718 0.153453
0.928816 0.153453
0.928913 0.153453
0.929010 0.153453
0.929108 0.153453
0.929205 0.153453
0.929302 0.153453
0.929400 0.153453
0.929497 0.153453
0.929594 0.153453
0.929692 0.153453
0.929789 0.153453
0.929886 0.153453
0.929984 0.153453
0.930081 0.153453
0.930179 0.153453
0.930276 0.153453
0.930373 0.153453
0.930471 0.153453
0.930568 0.153453
0.930665 0.153453
0.930763 0.153453
0.930860 0.153453
0.930957 0.153453
0.931055 0.153453
0.931152 0.153453
0.931249 0.153453
0.931347 0.153453
0.931444 0.153453
0.931542 0.153453
0.931639 0.153453
0.931736 0.153453
0.931834 0.150895
0.931931 0.150895
0.932028 0.150895
0.932126 0.150895
0.932223 0.150895
0.932320 0.150895
0.932418 0.150895
0.932515 0.150895
0.932612 0.150895
0.932710 0.148338
0.932807 0.148338
0.932905 0.148338
0.933002 0.143223
0.933099 0.143223
0.933197 0.143223
0.933294 0.143223
0.933391 0.143223
0.933489 0.143223
0.933586 0.143223
0.933683 0.143223
0.933781 0.143223
0.933878 0.143223
0.933975 0.143223
0.934073 0.143223
0.934170 0.143223
0.934268 0.143223
0.934365 0.143223
0.934462 0.143223
0.934560 0.143223
0.934657 0.143223
0.934754 0.143223
0.934852 0.143223
0.934949 0.143223
0.935046 0.143223
0.935144 0.143223
0.935241 0.143223
0.935338 0.143223
0.935436 0.143223
0.935533 0.143223
0.935631 0.143223
0.935728 0.143223
0.935825 0.143223
0.935923 0.143223
0.936020 0.143223
0.936117 0.143223
0.936215 0.140665
0.936312 0.138107
0.936409 0.138107
0.936507 0.138107
0.936604 0.138107
0.936701 0.138107
0.936799 0.138107
0.936896 0.138107
0.936994 0.138107
0.937091 0.138107
0.937188 0.138107
0.937286 0.138107
0.937383 0.138107
0.937480 0.138107
0.937578 0.138107
0.937675 0.138107
0.937772 0.138107
0.937870 0.138107
0.937967 0.138107
0.938064 0.138107
0.938162 0.138107
0.938259 0.135550
0.938357 0.135550
0.938454 0.135550
0.938551 0.135550
0.938649 0.135550
0.938746 0.135550
0.938843 0.135550
0.938941 0.135550
0.939038 0.135550
0.939135 0.135550
0.939233 0.135550
0.939330 0.135550
0.939427 0.135550
0.939525 0.135550
0.939622 0.135550
0.939720 0.135550
0.939817 0.135550
0.939914 0.135550
0.940012 0.135550
0.940109 0.135550
0.940206 0.135550
0.940304 0.135550
0.940401 0.135550
0.940498 0.135550
0.940596 0.135550
0.940693 0.135550
0.940790 0.135550
0.940888 0.132992
0.940985 0.130435
0.941083 0.130435
0.941180 0.130435
0.941277 0.130435
0.941375 0.130435
0.941472 0.130435
0.941569 0.130435
0.941667 0.130435
0.941764 0.130435
0.941861 0.130435
0.941959 0.130435
0.942056 0.130435
0.942153 0.130435
0.942251 0.130435
0.942348 0.125320
0.942446 0.125320
0.942543 0.125320
0.942640 0.125320
0.942738 0.125320
0.942835 0.125320
0.942932 0.125320
0.943030 0.125320
0.943127 0.120205
0.943224 0.120205
0.943322 0.120205
0.943419 0.120205
0.943516 0.120205
0.943614 0.120205
0.943711 0.120205
0.943809 0.120205
0.943906 0.120205
0.944003 0.120205
0.944101 0.120205
0.944198 0.120205
0.944295 0.120205
0.944393 0.120205
0.944490 0.120205
0.944587 0.120205
0.944685 0.120205
0.944782 0.120205
0.944879 0.120205
0.944977 0.120205
0.945074 0.120205
0.945172 0.120205
0.945269 0.120205
0.945366 0.117647
0.945464 0.117647
0.945561 0.117647
0.945658 0.117647
0.945756 0.117647
0.945853 0.117647
0.945950 0.117647
0.946048 0.117647
0.946145 0.117647
0.946242 0.117647
0.946340 0.117647
0.946437 0.117647
0.946535 0.117647
0.946632 0.117647
0.946729 0.117647
0.946827 0.117647
0.946924 0.117647
0.947021 0.117647
0.947119 0.117647
0.947216 0.117647
0.947313 0.117647
0.947411 0.117647
0.947508 0.117647
0.947605 0.117647
0.947703 0.117647
0.947800 0.115090
0.947898 0.115090
0.947995 0.115090
0.948092 0.115090
0.948190 0.115090
0.948287 0.112532
0.948384 0.112532
0.948482 0.112532
0.948579 0.109974
0.948676 0.107417
0.948774 0.107417
0.948871 0.107417
0.948968 0.104859
0.949066 0.104859
0.949163 0.104859
0.949261 0.102302
0.949358 0.102302
0.949455 0.099744
0.949553 0.099744
0.949650 0.099744
0.949747 0.099744
0.949845 0.099744
0.949942 0.099744
0.950039 0.099744
0.950137 0.099744
0.950234 0.099744
0.950331 0.099744
0.950429 0.099744
0.950526 0.099744
0.950624 0.099744
0.950721 0.099744
0.950818 0.099744
0.950916 0.099744
0.951013 0.099744
0.951110 0.099744
0.951208 0.099744
0.951305 0.097187
0.951402 0.097187
0.951500 0.097187
0.951597 0.097187
0.951694 0.097187
0.951792 0.097187
0.951889 0.097187
0.951987 0.097187
0.952084 0.094629
0.952181 0.094629
0.952279 0.094629
0.952376 0.094629
0.952473 0.094629
0.952571 0.094629
0.952668 0.094629
0.952765 0.094629
0.952863 0.092072
0.952960 0.092072
0.953057 0.092072
0.953155 0.089514
0.953252 0.086957
0.953350 0.084399
0.953447 0.084399
0.953544 0.084399
0.953642 0.084399
0.953739 0.084399
0.953836 0.084399
0.953934 0.084399
0.954031 0.084399
0.954128 0.084399
0.954226 0.084399
0.954323 0.081841
0.954420 0.081841
0.954518 0.081841
0.954615 0.081841
0.954713 0.081841
0.954810 0.081841
0.954907 0.081841
0.955005 0.079284
0.955102 0.079284
0.955199 0.079284
0.955297 0.079284
0.955394 0.079284
0.955491 0.079284
0.955589 0.079284
0.955686 0.076726
0.955783 0.076726
0.955881 0.076726
0.955978 0.076726
0.956076 0.076726
0.956173 0.076726
0.956270 0.076726
0.956368 0.074169
0.956465 0.074169
0.956562 0.071611
0.956660 0.071611
0.956757 0.071611
0.956854 0.071611
0.956952 0.071611
0.957049 0.071611
0.957146 0.071611
0.957244 0.071611
0.957341 0.071611
0.957439 0.071611
0.957536 0.071611
0.957633 0.069054
0.957731 0.066496
0.957828 0.066496
0.957925 0.066496
0.958023 0.063939
0.958120 0.063939
0.958217 0.063939
0.958315 0.063939
0.958412 0.061381
0.958509 0.061381
0.958607 0.061381
0.958704 0.056266
0.958802 0.056266
0.958899 0.056266
0.958996 0.056266
0.959094 0.053708
0.959191 0.053708
0.959288 0.051151
0.959386 0.051151
0.959483 0.051151
0.959580 0.051151
0.959678 0.051151
0.959775 0.051151
0.959872 0.051151
0.959970 0.051151
0.960067 0.051151
0.960165 0.048593
0.960262 0.048593
0.960359 0.048593
0.960457 0.048593
0.960554 0.048593
0.960651 0.046036
0.960749 0.046036
0.960846 0.046036
0.960943 0.043478
0.961041 0.043478
0.961138 0.040921
0.961235 0.040921
0.961333 0.040921
0.961430 0.040921
0.961528 0.035806
0.961625 0.035806
0.961722 0.035806
0.961820 0.035806
0.961917 0.035806
0.962014 0.033248
0.962112 0.033248
0.962209 0.033248
0.962306 0.033248
0.962404 0.033248
0.962501 0.033248
0.962599 0.033248
0.962696 0.033248
0.962793 0.033248
0.962891 0.033248
0.962988 0.033248
0.963085 0.033248
0.963183 0.033248
0.963280 0.033248
0.963377 0.033248
0.963475 0.033248
0.963572 0.033248
0.963669 0.033248
0.963767 0.033248
0.963864 0.030691
0.963962 0.030691
0.964059 0.030691
0.964156 0.030691
0.964254 0.030691
0.964351 0.030691
0.964448 0.028133
0.964546 0.025575
0.964643 0.025575
0.964740 0.025575
0.964838 0.025575
0.964935 0.025575
0.965032 0.025575
0.965130 0.025575
0.965227 0.025575
0.965325 0.025575
0.965422 0.025575
0.965519 0.025575
0.965617 0.025575
0.965714 0.025575
0.965811 0.025575
0.965909 0.025575
0.966006 0.023018
0.966103 0.023018
0.966201 0.023018
0.966298 0.023018
0.966395 0.023018
0.966493 0.023018
0.966590 0.023018
0.966688 0.023018
0.966785 0.023018
0.966882 0.023018
0.966980 0.020460
0.967077 0.020460
0.967174 0.020460
0.967272 0.020460
0.967369 0.020460
0.967466 0.020460
0.967564 0.020460
0.967661 0.020460
0.967758 0.020460
0.967856 0.020460
0.967953 0.020460
0.968051 0.020460
0.968148 0.020460
0.968245 0.020460
0.968343 0.020460
0.968440 0.020460
0.968537 0.020460
0.968635 0.020460
0.968732 0.020460
0.968829 0.020460
0.968927 0.020460
0.969024 0.020460
0.969121 0.012788
0.969219 0.012788
0.969316 0.012788
0.969414 0.012788
0.969511 0.012788
0.969608 0.012788
0.969706 0.012788
0.969803 0.012788
0.969900 0.012788
0.969998 0.012788
0.970095 0.012788
0.970192 0.012788
0.970290 0.012788
0.970387 0.012788
0.970484 0.012788
0.970582 0.012788
0.970679 0.012788
0.970777 0.012788
0.970874 0.010230
0.970971 0.010230
0.971069 0.010230
0.971166 0.007673
0.971263 0.007673
0.971361 0.007673
0.971458 0.007673
0.971555 0.007673
0.971653 0.007673
0.971750 0.007673
0.971847 0.007673
0.971945 0.007673
0.972042 0.007673
0.972140 0.007673
0.972237 0.007673
0.972334 0.007673
0.972432 0.007673
0.972529 0.005115
0.972626 0.005115
0.972724 0.005115
0.972821 0.005115
0.972918 0.005115
0.973016 0.005115
0.973113 0.005115
0.973210 0.005115
0.973308 0.005115
0.973405 0.005115
0.973503 0.005115
0.973600 0.005115
0.973697 0.005115
0.973795 0.005115
0.973892 0.005115
0.973989 0.005115
0.974087 0.005115
0.974184 0.005115
0.974281 0.005115
0.974379 0.005115
0.974476 0.005115
0.974573 0.005115
0.974671 0.002558
0.974768 0.002558
0.974866 0.002558
0.974963 0.002558
0.975060 0.002558
0.975158 0.002558
0.975255 0.002558
0.975352 0.002558
0.975450 0.002558
0.975547 0.002558
0.975644 0.002558
0.975742 0.002558
0.975839 0.002558
0.975936 0.002558
0.976034 0.002558
0.976131 0.002558
0.976229 0.002558
0.976326 0.002558
0.976423 0.002558
0.976521 0.000000
