# Threshold Efficiency
0.001695 0.999697
0.001794 0.999090
0.001893 0.999090
0.001992 0.999090
0.002091 0.998484
0.002190 0.997878
0.002289 0.997574
0.002388 0.997574
0.002487 0.996968
0.002586 0.996058
0.002685 0.995755
0.002784 0.995452
0.002883 0.994542
0.002982 0.994542
0.003081 0.993936
0.003180 0.992420
0.003279 0.992116
0.003378 0.991510
0.003477 0.990297
0.003576 0.989994
0.003675 0.988781
0.003774 0.988175
0.003873 0.987265
0.003972 0.986962
0.004071 0.986659
0.004170 0.986052
0.004269 0.986052
0.004368 0.985143
0.004466 0.984536
0.004565 0.983626
0.004664 0.982414
0.004763 0.981807
0.004862 0.981201
0.004961 0.981201
0.005060 0.980594
0.005159 0.979685
0.005258 0.979685
0.005357 0.979381
0.005456 0.978472
0.005555 0.978169
0.005654 0.977562
0.005753 0.977259
0.005852 0.977259
0.005951 0.977259
0.006050 0.976349
0.006149 0.976349
0.006248 0.975440
0.006347 0.975440
0.006446 0.975440
0.006545 0.975136
0.006644 0.974833
0.006743 0.974530
0.006842 0.973924
0.006941 0.973014
0.007040 0.972104
0.007139 0.971801
0.007238 0.971801
0.007337 0.970891
0.007436 0.970588
0.007535 0.969679
0.007634 0.969375
0.007733 0.969375
0.007832 0.969072
0.007931 0.969072
0.008030 0.968466
0.008129 0.968163
0.008228 0.967253
0.008327 0.966950
0.008426 0.966040
0.008525 0.966040
0.008624 0.966040
0.008723 0.966040
0.008822 0.965434
0.008921 0.965130
0.009020 0.965130
0.009119 0.964827
0.009218 0.964524
0.009317 0.963311
0.009416 0.963311
0.009515 0.962401
0.009614 0.962098
0.009713 0.961795
0.009812 0.961795
0.009911 0.961795
0.010010 0.961492
0.010109 0.960885
0.010208 0.960885
0.010307 0.960885
0.010406 0.960279
0.010505 0.960279
0.010604 0.959066
0.010703 0.958156
0.010802 0.957247
0.010901 0.957247
0.011000 0.957247
0.011099 0.956640
0.011198 0.955428
0.011297 0.954821
0.011396 0.954215
0.011495 0.953911
0.011594 0.953911
0.011693 0.953608
0.011792 0.953608
0.011891 0.953002
0.011990 0.952092
0.012089 0.952092
0.012188 0.951486
0.012287 0.951183
0.012386 0.950879
0.012485 0.950879
0.012584 0.950576
0.012683 0.950576
0.012782 0.950273
0.012881 0.949363
0.012980 0.949060
0.013079 0.949060
0.013178 0.948150
0.013277 0.948150
0.013376 0.947847
0.013475 0.947241
0.013574 0.946938
0.013673 0.946331
0.013772 0.946028
0.013871 0.945725
0.013970 0.945421
0.014069 0.944815
0.014168 0.943905
0.014267 0.943299
0.014366 0.942693
0.014465 0.942389
0.014564 0.941783
0.014663 0.941783
0.014762 0.941783
0.014861 0.941480
0.014960 0.940873
0.015059 0.940267
0.015157 0.940267
0.015256 0.940267
0.015355 0.939964
0.015454 0.939964
0.015553 0.939357
0.015652 0.939357
0.015751 0.938751
0.015850 0.938448
0.015949 0.938448
0.016048 0.938144
0.016147 0.938144
0.016246 0.937841
0.016345 0.937235
0.016444 0.936628
0.016543 0.936325
0.016642 0.936325
0.016741 0.936325
0.016840 0.935719
0.016939 0.935719
0.017038 0.935719
0.017137 0.935415
0.017236 0.935112
0.017335 0.935112
0.017434 0.934506
0.017533 0.932686
0.017632 0.932383
0.017731 0.932383
0.017830 0.932080
0.017929 0.932080
0.018028 0.931777
0.018127 0.931777
0.018226 0.931474
0.018325 0.931474
0.018424 0.931170
0.018523 0.931170
0.018622 0.930867
0.018721 0.930867
0.018820 0.930564
0.018919 0.930564
0.019018 0.930564
0.019117 0.929048
0.019216 0.928745
0.019315 0.928138
0.019414 0.928138
0.019513 0.927835
0.019612 0.927835
0.019711 0.927835
0.019810 0.926925
0.019909 0.926319
0.020008 0.926016
0.020107 0.926016
0.020206 0.925713
0.020305 0.925713
0.020404 0.924500
0.020503 0.923893
0.020602 0.923893
0.020701 0.923893
0.020800 0.923893
0.020899 0.923893
0.020998 0.923893
0.021097 0.923893
0.021196 0.922680
0.021295 0.922680
0.021394 0.922377
0.021493 0.922074
0.021592 0.922074
0.021691 0.922074
0.021790 0.922074
0.021889 0.921771
0.021988 0.921771
0.022087 0.921771
0.022186 0.921164
0.022285 0.921164
0.022384 0.921164
0.022483 0.921164
0.022582 0.921164
0.022681 0.920861
0.022780 0.920558
0.022879 0.920255
0.022978 0.919648
0.023077 0.919648
0.023176 0.919042
0.023275 0.919042
0.023374 0.919042
0.023473 0.919042
0.023572 0.918739
0.023671 0.918739
0.023770 0.918435
0.023869 0.917829
0.023968 0.917829
0.024067 0.917829
0.024166 0.917829
0.024265 0.916919
0.024364 0.916616
0.024463 0.916616
0.024562 0.916616
0.024661 0.916313
0.024760 0.916313
0.024859 0.916010
0.024958 0.915706
0.025057 0.915100
0.025156 0.915100
0.025255 0.914797
0.025354 0.914797
0.025453 0.914797
0.025552 0.914494
0.025651 0.914494
0.025750 0.914190
0.025848 0.914190
0.025947 0.913887
0.026046 0.913281
0.026145 0.913281
0.026244 0.913281
0.026343 0.912978
0.026442 0.912674
0.026541 0.912674
0.026640 0.912371
0.026739 0.912068
0.026838 0.911765
0.026937 0.911765
0.027036 0.911461
0.027135 0.910855
0.027234 0.910552
0.027333 0.910552
0.027432 0.909945
0.027531 0.909642
0.027630 0.909339
0.027729 0.909036
0.027828 0.909036
0.027927 0.909036
0.028026 0.908733
0.028125 0.908733
0.028224 0.908733
0.028323 0.908429
0.028422 0.908429
0.028521 0.908429
0.028620 0.908126
0.028719 0.908126
0.028818 0.907823
0.028917 0.907823
0.029016 0.907823
0.029115 0.907823
0.029214 0.907520
0.029313 0.906913
0.029412 0.906610
0.029511 0.906610
0.029610 0.906004
0.029709 0.906004
0.029808 0.906004
0.029907 0.905700
0.030006 0.904488
0.030105 0.904184
0.030204 0.903881
0.030303 0.903881
0.030402 0.903881
0.030501 0.903881
0.030600 0.903881
0.030699 0.903578
0.030798 0.903578
0.030897 0.903578
0.030996 0.903578
0.031095 0.903275
0.031194 0.902971
0.031293 0.902971
0.031392 0.902971
0.031491 0.902971
0.031590 0.902365
0.031689 0.902062
0.031788 0.901759
0.031887 0.901455
0.031986 0.900849
0.032085 0.900849
0.032184 0.900849
0.032283 0.900849
0.032382 0.900849
0.032481 0.900243
0.032580 0.899939
0.032679 0.899636
0.032778 0.899636
0.032877 0.899030
0.032976 0.899030
0.033075 0.899030
0.033174 0.899030
0.033273 0.899030
0.033372 0.899030
0.033471 0.898727
0.033570 0.898423
0.033669 0.898120
0.033768 0.898120
0.033867 0.898120
0.033966 0.898120
0.034065 0.898120
0.034164 0.898120
0.034263 0.897817
0.034362 0.897817
0.034461 0.897514
0.034560 0.897514
0.034659 0.897514
0.034758 0.897514
0.034857 0.897210
0.034956 0.896604
0.035055 0.896301
0.035154 0.896301
0.035253 0.895998
0.035352 0.895694
0.035451 0.895694
0.035550 0.895694
0.035649 0.895694
0.035748 0.895694
0.035847 0.895694
0.035946 0.895391
0.036045 0.895391
0.036144 0.895391
0.036243 0.895088
0.036342 0.895088
0.036441 0.895088
0.036539 0.894785
0.036638 0.894785
0.036737 0.894178
0.036836 0.894178
0.036935 0.893875
0.037034 0.893875
0.037133 0.893269
0.037232 0.892965
0.037331 0.892662
0.037430 0.892662
0.037529 0.892662
0.037628 0.892662
0.037727 0.892359
0.037826 0.892056
0.037925 0.891753
0.038024 0.891449
0.038123 0.891146
0.038222 0.890843
0.038321 0.890843
0.038420 0.890540
0.038519 0.890237
0.038618 0.890237
0.038717 0.890237
0.038816 0.890237
0.038915 0.889933
0.039014 0.889630
0.039113 0.889327
0.039212 0.888417
0.039311 0.888114
0.039410 0.888114
0.039509 0.887508
0.039608 0.886598
0.039707 0.886295
0.039806 0.885992
0.039905 0.885688
0.040004 0.885385
0.040103 0.885385
0.040202 0.885082
0.040301 0.885082
0.040400 0.885082
0.040499 0.884779
0.040598 0.884779
0.040697 0.884475
0.040796 0.884475
0.040895 0.884172
0.040994 0.883869
0.041093 0.883566
0.041192 0.883566
0.041291 0.883566
0.041390 0.883566
0.041489 0.883263
0.041588 0.883263
0.041687 0.883263
0.041786 0.883263
0.041885 0.882959
0.041984 0.882656
0.042083 0.882050
0.042182 0.881747
0.042281 0.881747
0.042380 0.881747
0.042479 0.881747
0.042578 0.881443
0.042677 0.881443
0.042776 0.881443
0.042875 0.881443
0.042974 0.881140
0.043073 0.880837
0.043172 0.880534
0.043271 0.880230
0.043370 0.879927
0.043469 0.879927
0.043568 0.879927
0.043667 0.879927
0.043766 0.879624
0.043865 0.879624
0.043964 0.879321
0.044063 0.879321
0.044162 0.879321
0.044261 0.879018
0.044360 0.879018
0.044459 0.879018
0.044558 0.879018
0.044657 0.878714
0.044756 0.878714
0.044855 0.878411
0.044954 0.878411
0.045053 0.877805
0.045152 0.877805
0.045251 0.877805
0.045350 0.877502
0.045449 0.877502
0.045548 0.877198
0.045647 0.876895
0.045746 0.876289
0.045845 0.875682
0.045944 0.875682
0.046043 0.875682
0.046142 0.875682
0.046241 0.875682
0.046340 0.875682
0.046439 0.875682
0.046538 0.875076
0.046637 0.875076
0.046736 0.875076
0.046835 0.874469
0.046934 0.874469
0.047033 0.874469
0.047132 0.874469
0.047230 0.874469
0.047329 0.874469
0.047428 0.874469
0.047527 0.874469
0.047626 0.874166
0.047725 0.874166
0.047824 0.874166
0.047923 0.873863
0.048022 0.873863
0.048121 0.873560
0.048220 0.872953
0.048319 0.872953
0.048418 0.872953
0.048517 0.872650
0.048616 0.872347
0.048715 0.872347
0.048814 0.872347
0.048913 0.872347
0.049012 0.872044
0.049111 0.871740
0.049210 0.871740
0.049309 0.871740
0.049408 0.871134
0.049507 0.871134
0.049606 0.870831
0.049705 0.870831
0.049804 0.870831
0.049903 0.870528
0.050002 0.870224
0.050101 0.870224
0.050200 0.870224
0.050299 0.869921
0.050398 0.869921
0.050497 0.869921
0.050596 0.869618
0.050695 0.869618
0.050794 0.869618
0.050893 0.869315
0.050992 0.869315
0.051091 0.869315
0.051190 0.869012
0.051289 0.868708
0.051388 0.868102
0.051487 0.867192
0.051586 0.867192
0.051685 0.866889
0.051784 0.866889
0.051883 0.866889
0.051982 0.866586
0.052081 0.866283
0.052180 0.865676
0.052279 0.865373
0.052378 0.864767
0.052477 0.864463
0.052576 0.864463
0.052675 0.864463
0.052774 0.864463
0.052873 0.864160
0.052972 0.863857
0.053071 0.863857
0.053170 0.863857
0.053269 0.863554
0.053368 0.863250
0.053467 0.862947
0.053566 0.862947
0.053665 0.862644
0.053764 0.862341
0.053863 0.862341
0.053962 0.862341
0.054061 0.862341
0.054160 0.862341
0.054259 0.862341
0.054358 0.862038
0.054457 0.861734
0.054556 0.861431
0.054655 0.861431
0.054754 0.861128
0.054853 0.861128
0.054952 0.860825
0.055051 0.860522
0.055150 0.859915
0.055249 0.859915
0.055348 0.859612
0.055447 0.859309
0.055546 0.859309
0.055645 0.859309
0.055744 0.859005
0.055843 0.859005
0.055942 0.858399
0.056041 0.858399
0.056140 0.858399
0.056239 0.858399
0.056338 0.858096
0.056437 0.858096
0.056536 0.858096
0.056635 0.857489
0.056734 0.857489
0.056833 0.857489
0.056932 0.856883
0.057031 0.856883
0.057130 0.856883
0.057229 0.856580
0.057328 0.856580
0.057427 0.856580
0.057526 0.856580
0.057625 0.856277
0.057724 0.856277
0.057822 0.856277
0.057921 0.855973
0.058020 0.855670
0.058119 0.855367
0.058218 0.855367
0.058317 0.855367
0.058416 0.855367
0.058515 0.855367
0.058614 0.855367
0.058713 0.855367
0.058812 0.855064
0.058911 0.854457
0.059010 0.854457
0.059109 0.854154
0.059208 0.854154
0.059307 0.854154
0.059406 0.853851
0.059505 0.853851
0.059604 0.853851
0.059703 0.853548
0.059802 0.853244
0.059901 0.852941
0.060000 0.852941
0.060099 0.852941
0.060198 0.852941
0.060297 0.852638
0.060396 0.852335
0.060495 0.852335
0.060594 0.852335
0.060693 0.852335
0.060792 0.852335
0.060891 0.852335
0.060990 0.852032
0.061089 0.852032
0.061188 0.852032
0.061287 0.852032
0.061386 0.852032
0.061485 0.851728
0.061584 0.851425
0.061683 0.851425
0.061782 0.851425
0.061881 0.851122
0.061980 0.851122
0.062079 0.850819
0.062178 0.850819
0.062277 0.850819
0.062376 0.850819
0.062475 0.850819
0.062574 0.850819
0.062673 0.850819
0.062772 0.850819
0.062871 0.850515
0.062970 0.850212
0.063069 0.850212
0.063168 0.850212
0.063267 0.848999
0.063366 0.848696
0.063465 0.848393
0.063564 0.847787
0.063663 0.847787
0.063762 0.847483
0.063861 0.847180
0.063960 0.846270
0.064059 0.846270
0.064158 0.845664
0.064257 0.844754
0.064356 0.844451
0.064455 0.844451
0.064554 0.844451
0.064653 0.844148
0.064752 0.843845
0.064851 0.843845
0.064950 0.843845
0.065049 0.843542
0.065148 0.843542
0.065247 0.843238
0.065346 0.843238
0.065445 0.843238
0.065544 0.842935
0.065643 0.842935
0.065742 0.842025
0.065841 0.842025
0.065940 0.841722
0.066039 0.841722
0.066138 0.841722
0.066237 0.841722
0.066336 0.841419
0.066435 0.841116
0.066534 0.840509
0.066633 0.840509
0.066732 0.840509
0.066831 0.839903
0.066930 0.839600
0.067029 0.839600
0.067128 0.839600
0.067227 0.839600
0.067326 0.839600
0.067425 0.839600
0.067524 0.839600
0.067623 0.838993
0.067722 0.838993
0.067821 0.838993
0.067920 0.838993
0.068019 0.838993
0.068118 0.838690
0.068217 0.838387
0.068316 0.838084
0.068415 0.838084
0.068513 0.838084
0.068612 0.838084
0.068711 0.838084
0.068810 0.837477
0.068909 0.837174
0.069008 0.837174
0.069107 0.836871
0.069206 0.836568
0.069305 0.836568
0.069404 0.836568
0.069503 0.836264
0.069602 0.835961
0.069701 0.835961
0.069800 0.835355
0.069899 0.835355
0.069998 0.835355
0.070097 0.835355
0.070196 0.835052
0.070295 0.835052
0.070394 0.835052
0.070493 0.835052
0.070592 0.835052
0.070691 0.834748
0.070790 0.834748
0.070889 0.834445
0.070988 0.833839
0.071087 0.833535
0.071186 0.833232
0.071285 0.832929
0.071384 0.832626
0.071483 0.832626
0.071582 0.832626
0.071681 0.832626
0.071780 0.832323
0.071879 0.832019
0.071978 0.831716
0.072077 0.831716
0.072176 0.831413
0.072275 0.831110
0.072374 0.830200
0.072473 0.830200
0.072572 0.829594
0.072671 0.829594
0.072770 0.829594
0.072869 0.829594
0.072968 0.829594
0.073067 0.829594
0.073166 0.829290
0.073265 0.829290
0.073364 0.829290
0.073463 0.829290
0.073562 0.828684
0.073661 0.828078
0.073760 0.828078
0.073859 0.827774
0.073958 0.826865
0.074057 0.826865
0.074156 0.826562
0.074255 0.826258
0.074354 0.826258
0.074453 0.826258
0.074552 0.825652
0.074651 0.825349
0.074750 0.825045
0.074849 0.825045
0.074948 0.825045
0.075047 0.825045
0.075146 0.824742
0.075245 0.824742
0.075344 0.824439
0.075443 0.824136
0.075542 0.823833
0.075641 0.823529
0.075740 0.823529
0.075839 0.823226
0.075938 0.822923
0.076037 0.822013
0.076136 0.822013
0.076235 0.822013
0.076334 0.822013
0.076433 0.821710
0.076532 0.821407
0.076631 0.821104
0.076730 0.820497
0.076829 0.820194
0.076928 0.820194
0.077027 0.820194
0.077126 0.820194
0.077225 0.820194
0.077324 0.819891
0.077423 0.819588
0.077522 0.819284
0.077621 0.818678
0.077720 0.818678
0.077819 0.818375
0.077918 0.818375
0.078017 0.818072
0.078116 0.817768
0.078215 0.817768
0.078314 0.817768
0.078413 0.817162
0.078512 0.816859
0.078611 0.816859
0.078710 0.816859
0.078809 0.816859
0.078908 0.816859
0.079007 0.816859
0.079106 0.816859
0.079204 0.816859
0.079303 0.816555
0.079402 0.816555
0.079501 0.816252
0.079600 0.816252
0.079699 0.816252
0.079798 0.815949
0.079897 0.815949
0.079996 0.815646
0.080095 0.815343
0.080194 0.814433
0.080293 0.814130
0.080392 0.814130
0.080491 0.814130
0.080590 0.814130
0.080689 0.813827
0.080788 0.813523
0.080887 0.813220
0.080986 0.813220
0.081085 0.813220
0.081184 0.813220
0.081283 0.813220
0.081382 0.813220
0.081481 0.812917
0.081580 0.812917
0.081679 0.812917
0.081778 0.812614
0.081877 0.812310
0.081976 0.811704
0.082075 0.811704
0.082174 0.811704
0.082273 0.811704
0.082372 0.811401
0.082471 0.811401
0.082570 0.811401
0.082669 0.811401
0.082768 0.811401
0.082867 0.811098
0.082966 0.810794
0.083065 0.810491
0.083164 0.810491
0.083263 0.810188
0.083362 0.810188
0.083461 0.809885
0.083560 0.809885
0.083659 0.809582
0.083758 0.809582
0.083857 0.809278
0.083956 0.808975
0.084055 0.808975
0.084154 0.808975
0.084253 0.808672
0.084352 0.808369
0.084451 0.808065
0.084550 0.807762
0.084649 0.807762
0.084748 0.807762
0.084847 0.807762
0.084946 0.807762
0.085045 0.807762
0.085144 0.807762
0.085243 0.807459
0.085342 0.806853
0.085441 0.806549
0.085540 0.806549
0.085639 0.806549
0.085738 0.806246
0.085837 0.805943
0.085936 0.805943
0.086035 0.805640
0.086134 0.805337
0.086233 0.805033
0.086332 0.805033
0.086431 0.805033
0.086530 0.805033
0.086629 0.805033
0.086728 0.805033
0.086827 0.805033
0.086926 0.805033
0.087025 0.805033
0.087124 0.804730
0.087223 0.804730
0.087322 0.804730
0.087421 0.804730
0.087520 0.804730
0.087619 0.804427
0.087718 0.804124
0.087817 0.804124
0.087916 0.803820
0.088015 0.803820
0.088114 0.803214
0.088213 0.803214
0.088312 0.803214
0.088411 0.802911
0.088510 0.802911
0.088609 0.802608
0.088708 0.802608
0.088807 0.802304
0.088906 0.802001
0.089005 0.801395
0.089104 0.801395
0.089203 0.801092
0.089302 0.800788
0.089401 0.800788
0.089500 0.800788
0.089599 0.800788
0.089698 0.800788
0.089797 0.800788
0.089895 0.800788
0.089994 0.800788
0.090093 0.800788
0.090192 0.800788
0.090291 0.800485
0.090390 0.800485
0.090489 0.800485
0.090588 0.800485
0.090687 0.800485
0.090786 0.800485
0.090885 0.799879
0.090984 0.799879
0.091083 0.799879
0.091182 0.799272
0.091281 0.798969
0.091380 0.798666
0.091479 0.798666
0.091578 0.798666
0.091677 0.798666
0.091776 0.798363
0.091875 0.798363
0.091974 0.798363
0.092073 0.798059
0.092172 0.798059
0.092271 0.798059
0.092370 0.797756
0.092469 0.797756
0.092568 0.797756
0.092667 0.797756
0.092766 0.797756
0.092865 0.797756
0.092964 0.797756
0.093063 0.797756
0.093162 0.797756
0.093261 0.797453
0.093360 0.797453
0.093459 0.797453
0.093558 0.797453
0.093657 0.797453
0.093756 0.797150
0.093855 0.796847
0.093954 0.796240
0.094053 0.796240
0.094152 0.795937
0.094251 0.795937
0.094350 0.795634
0.094449 0.795331
0.094548 0.795331
0.094647 0.795331
0.094746 0.795331
0.094845 0.795027
0.094944 0.795027
0.095043 0.795027
0.095142 0.794724
0.095241 0.794421
0.095340 0.794421
0.095439 0.794118
0.095538 0.794118
0.095637 0.794118
0.095736 0.793511
0.095835 0.793208
0.095934 0.792905
0.096033 0.792905
0.096132 0.792905
0.096231 0.792905
0.096330 0.792602
0.096429 0.791995
0.096528 0.791995
0.096627 0.791692
0.096726 0.791692
0.096825 0.791389
0.096924 0.791086
0.097023 0.791086
0.097122 0.791086
0.097221 0.791086
0.097320 0.791086
0.097419 0.790782
0.097518 0.790176
0.097617 0.790176
0.097716 0.789873
0.097815 0.789873
0.097914 0.789873
0.098013 0.789266
0.098112 0.789266
0.098211 0.789266
0.098310 0.789266
0.098409 0.788963
0.098508 0.788660
0.098607 0.788660
0.098706 0.788660
0.098805 0.788660
0.098904 0.788660
0.099003 0.788660
0.099102 0.788660
0.099201 0.788660
0.099300 0.787750
0.099399 0.787750
0.099498 0.787750
0.099597 0.787447
0.099696 0.787447
0.099795 0.787144
0.099894 0.787144
0.099993 0.787144
0.100092 0.787144
0.100191 0.786841
0.100290 0.786841
0.100389 0.786841
0.100488 0.786234
0.100586 0.785931
0.100685 0.785931
0.100784 0.785324
0.100883 0.785021
0.100982 0.784718
0.101081 0.784718
0.101180 0.784415
0.101279 0.784112
0.101378 0.783808
0.101477 0.783808
0.101576 0.783505
0.101675 0.783505
0.101774 0.783202
0.101873 0.782292
0.101972 0.781686
0.102071 0.781383
0.102170 0.781383
0.102269 0.780776
0.102368 0.780170
0.102467 0.780170
0.102566 0.780170
0.102665 0.780170
0.102764 0.780170
0.102863 0.780170
0.102962 0.779867
0.103061 0.779563
0.103160 0.779563
0.103259 0.779260
0.103358 0.779260
0.103457 0.779260
0.103556 0.779260
0.103655 0.778957
0.103754 0.778654
0.103853 0.778654
0.103952 0.778351
0.104051 0.778351
0.104150 0.778351
0.104249 0.778351
0.104348 0.778047
0.104447 0.777744
0.104546 0.777744
0.104645 0.777744
0.104744 0.777744
0.104843 0.777744
0.104942 0.777138
0.105041 0.776834
0.105140 0.776531
0.105239 0.776228
0.105338 0.776228
0.105437 0.776228
0.105536 0.776228
0.105635 0.776228
0.105734 0.775925
0.105833 0.775925
0.105932 0.775622
0.106031 0.775015
0.106130 0.775015
0.106229 0.775015
0.106328 0.774712
0.106427 0.774712
0.106526 0.774712
0.106625 0.774712
0.106724 0.774712
0.106823 0.774712
0.106922 0.774409
0.107021 0.774106
0.107120 0.773802
0.107219 0.773499
0.107318 0.773499
0.107417 0.773196
0.107516 0.773196
0.107615 0.772589
0.107714 0.772589
0.107813 0.772286
0.107912 0.771680
0.108011 0.771377
0.108110 0.771377
0.108209 0.771073
0.108308 0.771073
0.108407 0.771073
0.108506 0.770467
0.108605 0.770164
0.108704 0.769861
0.108803 0.769557
0.108902 0.768951
0.109001 0.768951
0.109100 0.768344
0.109199 0.768344
0.109298 0.768041
0.109397 0.767435
0.109496 0.767435
0.109595 0.767132
0.109694 0.767132
0.109793 0.766525
0.109892 0.766525
0.109991 0.766222
0.110090 0.766222
0.110189 0.765919
0.110288 0.765919
0.110387 0.765919
0.110486 0.765919
0.110585 0.765919
0.110684 0.765919
0.110783 0.765919
0.110882 0.765919
0.110981 0.765919
0.111080 0.765919
0.111178 0.765616
0.111277 0.765312
0.111376 0.765009
0.111475 0.765009
0.111574 0.765009
0.111673 0.764706
0.111772 0.764706
0.111871 0.764099
0.111970 0.763493
0.112069 0.763493
0.112168 0.763493
0.112267 0.763190
0.112366 0.763190
0.112465 0.762887
0.112564 0.762280
0.112663 0.762280
0.112762 0.762280
0.112861 0.762280
0.112960 0.762280
0.113059 0.761977
0.113158 0.761977
0.113257 0.761371
0.113356 0.761371
0.113455 0.761067
0.113554 0.760461
0.113653 0.760461
0.113752 0.759854
0.113851 0.759854
0.113950 0.759551
0.114049 0.758945
0.114148 0.758945
0.114247 0.758642
0.114346 0.758642
0.114445 0.758642
0.114544 0.758338
0.114643 0.758338
0.114742 0.758338
0.114841 0.758338
0.114940 0.758035
0.115039 0.757732
0.115138 0.757732
0.115237 0.757732
0.115336 0.757126
0.115435 0.757126
0.115534 0.757126
0.115633 0.756822
0.115732 0.756822
0.115831 0.756822
0.115930 0.756822
0.116029 0.756519
0.116128 0.756519
0.116227 0.756216
0.116326 0.756216
0.116425 0.756216
0.116524 0.756216
0.116623 0.755913
0.116722 0.755913
0.116821 0.755609
0.116920 0.755609
0.117019 0.755609
0.117118 0.755609
0.117217 0.755609
0.117316 0.755609
0.117415 0.755306
0.117514 0.755306
0.117613 0.755003
0.117712 0.755003
0.117811 0.754397
0.117910 0.754397
0.118009 0.754397
0.118108 0.754093
0.118207 0.754093
0.118306 0.753790
0.118405 0.753790
0.118504 0.753790
0.118603 0.753790
0.118702 0.753790
0.118801 0.753184
0.118900 0.753184
0.118999 0.753184
0.119098 0.752881
0.119197 0.752577
0.119296 0.752577
0.119395 0.752577
0.119494 0.752577
0.119593 0.752577
0.119692 0.752577
0.119791 0.752577
0.119890 0.752274
0.119989 0.752274
0.120088 0.751971
0.120187 0.751668
0.120286 0.751364
0.120385 0.751364
0.120484 0.751061
0.120583 0.751061
0.120682 0.750152
0.120781 0.749545
0.120880 0.748939
0.120979 0.748029
0.121078 0.748029
0.121177 0.748029
0.121276 0.747726
0.121375 0.747726
0.121474 0.747423
0.121573 0.747423
0.121672 0.747423
0.121771 0.747423
0.121869 0.747119
0.121968 0.746816
0.122067 0.746816
0.122166 0.746513
0.122265 0.746513
0.122364 0.746513
0.122463 0.746210
0.122562 0.746210
0.122661 0.746210
0.122760 0.746210
0.122859 0.746210
0.122958 0.746210
0.123057 0.746210
0.123156 0.745603
0.123255 0.745300
0.123354 0.745300
0.123453 0.745300
0.123552 0.745300
0.123651 0.744997
0.123750 0.744391
0.123849 0.744391
0.123948 0.744391
0.124047 0.744391
0.124146 0.744391
0.124245 0.744087
0.124344 0.743784
0.124443 0.743178
0.124542 0.742571
0.124641 0.742571
0.124740 0.742571
0.124839 0.742571
0.124938 0.742571
0.125037 0.742571
0.125136 0.742571
0.125235 0.742571
0.125334 0.742571
0.125433 0.742268
0.125532 0.741965
0.125631 0.741965
0.125730 0.741965
0.125829 0.741662
0.125928 0.741055
0.126027 0.739842
0.126126 0.739842
0.126225 0.739539
0.126324 0.739539
0.126423 0.739539
0.126522 0.739236
0.126621 0.739236
0.126720 0.739236
0.126819 0.738933
0.126918 0.738933
0.127017 0.738629
0.127116 0.738629
0.127215 0.738629
0.127314 0.738629
0.127413 0.738629
0.127512 0.738629
0.127611 0.738629
0.127710 0.738326
0.127809 0.738326
0.127908 0.738326
0.128007 0.738326
0.128106 0.737720
0.128205 0.737417
0.128304 0.737417
0.128403 0.737113
0.128502 0.736810
0.128601 0.736810
0.128700 0.736507
0.128799 0.736204
0.128898 0.736204
0.128997 0.736204
0.129096 0.736204
0.129195 0.736204
0.129294 0.735901
0.129393 0.735901
0.129492 0.735901
0.129591 0.735597
0.129690 0.735597
0.129789 0.735294
0.129888 0.735294
0.129987 0.735294
0.130086 0.735294
0.130185 0.735294
0.130284 0.735294
0.130383 0.735294
0.130482 0.735294
0.130581 0.734384
0.130680 0.734384
0.130779 0.733778
0.130878 0.733778
0.130977 0.733172
0.131076 0.732868
0.131175 0.732565
0.131274 0.732262
0.131373 0.732262
0.131472 0.732262
0.131571 0.732262
0.131670 0.731656
0.131769 0.731656
0.131868 0.731656
0.131967 0.731656
0.132066 0.731656
0.132165 0.731352
0.132264 0.731352
0.132363 0.731049
0.132462 0.731049
0.132560 0.731049
0.132659 0.730746
0.132758 0.730746
0.132857 0.730139
0.132956 0.729836
0.133055 0.729836
0.133154 0.729836
0.133253 0.729836
0.133352 0.729533
0.133451 0.729533
0.133550 0.729533
0.133649 0.729533
0.133748 0.729533
0.133847 0.729230
0.133946 0.728320
0.134045 0.728320
0.134144 0.728320
0.134243 0.728320
0.134342 0.728320
0.134441 0.728320
0.134540 0.728320
0.134639 0.728320
0.134738 0.728017
0.134837 0.728017
0.134936 0.728017
0.135035 0.728017
0.135134 0.727714
0.135233 0.727107
0.135332 0.727107
0.135431 0.727107
0.135530 0.727107
0.135629 0.726804
0.135728 0.726198
0.135827 0.725894
0.135926 0.725894
0.136025 0.725591
0.136124 0.725591
0.136223 0.725591
0.136322 0.725591
0.136421 0.725591
0.136520 0.725591
0.136619 0.725288
0.136718 0.725288
0.136817 0.724985
0.136916 0.724985
0.137015 0.724985
0.137114 0.724985
0.137213 0.724378
0.137312 0.724378
0.137411 0.724075
0.137510 0.723772
0.137609 0.723772
0.137708 0.723772
0.137807 0.723772
0.137906 0.723772
0.138005 0.723772
0.138104 0.723166
0.138203 0.723166
0.138302 0.722862
0.138401 0.722559
0.138500 0.722256
0.138599 0.722256
0.138698 0.722256
0.138797 0.722256
0.138896 0.721649
0.138995 0.721649
0.139094 0.721043
0.139193 0.721043
0.139292 0.721043
0.139391 0.720437
0.139490 0.719830
0.139589 0.719527
0.139688 0.719527
0.139787 0.719527
0.139886 0.719527
0.139985 0.719527
0.140084 0.719527
0.140183 0.719224
0.140282 0.718921
0.140381 0.718921
0.140480 0.718617
0.140579 0.718314
0.140678 0.718011
0.140777 0.718011
0.140876 0.718011
0.140975 0.718011
0.141074 0.718011
0.141173 0.718011
0.141272 0.718011
0.141371 0.718011
0.141470 0.717404
0.141569 0.717404
0.141668 0.717404
0.141767 0.717404
0.141866 0.717404
0.141965 0.717404
0.142064 0.717101
0.142163 0.717101
0.142262 0.717101
0.142361 0.716798
0.142460 0.716798
0.142559 0.716798
0.142658 0.716798
0.142757 0.716798
0.142856 0.716495
0.142955 0.716495
0.143054 0.716495
0.143153 0.716192
0.143251 0.715585
0.143350 0.715585
0.143449 0.715585
0.143548 0.715282
0.143647 0.714979
0.143746 0.714676
0.143845 0.714372
0.143944 0.714069
0.144043 0.714069
0.144142 0.714069
0.144241 0.714069
0.144340 0.714069
0.144439 0.714069
0.144538 0.713766
0.144637 0.713766
0.144736 0.713766
0.144835 0.713463
0.144934 0.712856
0.145033 0.712856
0.145132 0.712856
0.145231 0.712856
0.145330 0.712856
0.145429 0.712856
0.145528 0.712553
0.145627 0.712553
0.145726 0.712553
0.145825 0.712553
0.145924 0.711947
0.146023 0.711947
0.146122 0.711947
0.146221 0.711947
0.146320 0.711643
0.146419 0.711643
0.146518 0.711340
0.146617 0.711340
0.146716 0.711340
0.146815 0.711037
0.146914 0.710734
0.147013 0.710734
0.147112 0.710127
0.147211 0.709521
0.147310 0.709218
0.147409 0.708914
0.147508 0.708914
0.147607 0.708611
0.147706 0.708611
0.147805 0.708611
0.147904 0.708005
0.148003 0.708005
0.148102 0.708005
0.148201 0.708005
0.148300 0.707398
0.148399 0.707095
0.148498 0.707095
0.148597 0.707095
0.148696 0.707095
0.148795 0.707095
0.148894 0.707095
0.148993 0.706489
0.149092 0.706489
0.149191 0.706489
0.149290 0.706489
0.149389 0.706489
0.149488 0.706489
0.149587 0.706186
0.149686 0.706186
0.149785 0.706186
0.149884 0.706186
0.149983 0.706186
0.150082 0.706186
0.150181 0.704973
0.150280 0.704669
0.150379 0.704669
0.150478 0.704669
0.150577 0.704669
0.150676 0.704669
0.150775 0.704063
0.150874 0.704063
0.150973 0.704063
0.151072 0.704063
0.151171 0.704063
0.151270 0.703760
0.151369 0.703457
0.151468 0.703457
0.151567 0.703457
0.151666 0.703457
0.151765 0.702850
0.151864 0.702850
0.151963 0.702547
0.152062 0.702244
0.152161 0.701941
0.152260 0.701637
0.152359 0.701637
0.152458 0.701637
0.152557 0.701637
0.152656 0.701334
0.152755 0.701031
0.152854 0.700728
0.152953 0.700728
0.153052 0.700728
0.153151 0.700728
0.153250 0.699818
0.153349 0.699515
0.153448 0.699212
0.153547 0.699212
0.153646 0.698908
0.153745 0.698908
0.153844 0.698302
0.153942 0.698302
0.154041 0.697999
0.154140 0.697392
0.154239 0.697392
0.154338 0.697392
0.154437 0.697392
0.154536 0.697089
0.154635 0.697089
0.154734 0.696786
0.154833 0.696483
0.154932 0.696483
0.155031 0.695876
0.155130 0.695573
0.155229 0.695573
0.155328 0.695573
0.155427 0.695573
0.155526 0.695270
0.155625 0.695270
0.155724 0.694967
0.155823 0.694967
0.155922 0.694967
0.156021 0.694967
0.156120 0.694967
0.156219 0.694663
0.156318 0.694057
0.156417 0.693754
0.156516 0.693147
0.156615 0.693147
0.156714 0.693147
0.156813 0.692844
0.156912 0.692844
0.157011 0.692844
0.157110 0.692844
0.157209 0.692238
0.157308 0.692238
0.157407 0.691631
0.157506 0.691328
0.157605 0.691328
0.157704 0.691328
0.157803 0.691025
0.157902 0.691025
0.158001 0.691025
0.158100 0.691025
0.158199 0.691025
0.158298 0.691025
0.158397 0.691025
0.158496 0.691025
0.158595 0.691025
0.158694 0.691025
0.158793 0.691025
0.158892 0.691025
0.158991 0.691025
0.159090 0.690722
0.159189 0.690418
0.159288 0.690115
0.159387 0.689812
0.159486 0.689812
0.159585 0.689812
0.159684 0.689812
0.159783 0.689812
0.159882 0.689509
0.159981 0.689509
0.160080 0.689509
0.160179 0.689206
0.160278 0.688599
0.160377 0.688599
0.160476 0.688296
0.160575 0.687993
0.160674 0.687386
0.160773 0.687386
0.160872 0.687386
0.160971 0.687386
0.161070 0.687083
0.161169 0.687083
0.161268 0.687083
0.161367 0.687083
0.161466 0.686477
0.161565 0.686173
0.161664 0.685870
0.161763 0.685567
0.161862 0.685567
0.161961 0.685567
0.162060 0.685567
0.162159 0.684961
0.162258 0.684961
0.162357 0.684961
0.162456 0.684961
0.162555 0.684961
0.162654 0.684657
0.162753 0.684354
0.162852 0.684354
0.162951 0.684354
0.163050 0.684354
0.163149 0.684051
0.163248 0.684051
0.163347 0.684051
0.163446 0.683748
0.163545 0.683445
0.163644 0.683445
0.163743 0.683445
0.163842 0.683445
0.163941 0.683141
0.164040 0.683141
0.164139 0.682838
0.164238 0.682838
0.164337 0.682535
0.164436 0.682232
0.164534 0.682232
0.164633 0.682232
0.164732 0.682232
0.164831 0.682232
0.164930 0.682232
0.165029 0.682232
0.165128 0.682232
0.165227 0.682232
0.165326 0.682232
0.165425 0.682232
0.165524 0.682232
0.165623 0.682232
0.165722 0.681928
0.165821 0.681625
0.165920 0.681625
0.166019 0.681625
0.166118 0.681625
0.166217 0.681322
0.166316 0.681322
0.166415 0.681019
0.166514 0.681019
0.166613 0.681019
0.166712 0.680716
0.166811 0.680716
0.166910 0.680716
0.167009 0.680716
0.167108 0.680716
0.167207 0.680412
0.167306 0.680109
0.167405 0.680109
0.167504 0.679806
0.167603 0.679806
0.167702 0.679806
0.167801 0.679503
0.167900 0.679503
0.167999 0.679503
0.168098 0.678593
0.168197 0.678593
0.168296 0.678593
0.168395 0.678593
0.168494 0.678290
0.168593 0.678290
0.168692 0.677683
0.168791 0.677380
0.168890 0.677380
0.168989 0.677380
0.169088 0.677077
0.169187 0.676774
0.169286 0.676774
0.169385 0.676167
0.169484 0.675561
0.169583 0.675561
0.169682 0.674955
0.169781 0.674955
0.169880 0.674651
0.169979 0.674348
0.170078 0.674045
0.170177 0.674045
0.170276 0.674045
0.170375 0.673742
0.170474 0.673742
0.170573 0.673438
0.170672 0.673438
0.170771 0.673135
0.170870 0.673135
0.170969 0.672529
0.171068 0.672529
0.171167 0.672226
0.171266 0.672226
0.171365 0.672226
0.171464 0.671316
0.171563 0.671013
0.171662 0.671013
0.171761 0.671013
0.171860 0.671013
0.171959 0.671013
0.172058 0.671013
0.172157 0.670710
0.172256 0.670710
0.172355 0.670710
0.172454 0.670406
0.172553 0.670406
0.172652 0.670406
0.172751 0.670406
0.172850 0.670406
0.172949 0.669800
0.173048 0.669800
0.173147 0.669800
0.173246 0.669497
0.173345 0.669193
0.173444 0.668890
0.173543 0.668587
0.173642 0.668284
0.173741 0.668284
0.173840 0.668284
0.173939 0.668284
0.174038 0.667981
0.174137 0.667981
0.174236 0.667677
0.174335 0.667374
0.174434 0.667374
0.174533 0.667071
0.174632 0.666768
0.174731 0.666768
0.174830 0.666465
0.174929 0.666465
0.175028 0.666161
0.175127 0.666161
0.175225 0.666161
0.175324 0.665858
0.175423 0.665858
0.175522 0.665858
0.175621 0.665858
0.175720 0.665858
0.175819 0.665858
0.175918 0.665555
0.176017 0.665555
0.176116 0.665555
0.176215 0.665252
0.176314 0.664948
0.176413 0.664039
0.176512 0.664039
0.176611 0.663432
0.176710 0.663432
0.176809 0.663129
0.176908 0.662220
0.177007 0.662220
0.177106 0.661916
0.177205 0.661916
0.177304 0.661916
0.177403 0.661310
0.177502 0.661310
0.177601 0.661310
0.177700 0.661007
0.177799 0.660703
0.177898 0.660703
0.177997 0.660703
0.178096 0.660703
0.178195 0.660400
0.178294 0.660097
0.178393 0.660097
0.178492 0.660097
0.178591 0.660097
0.178690 0.659491
0.178789 0.659187
0.178888 0.658884
0.178987 0.658884
0.179086 0.658884
0.179185 0.658581
0.179284 0.658581
0.179383 0.658278
0.179482 0.658278
0.179581 0.658278
0.179680 0.658278
0.179779 0.657671
0.179878 0.657671
0.179977 0.657671
0.180076 0.657671
0.180175 0.657368
0.180274 0.657368
0.180373 0.657065
0.180472 0.656762
0.180571 0.656458
0.180670 0.656155
0.180769 0.655852
0.180868 0.655549
0.180967 0.655549
0.181066 0.655246
0.181165 0.655246
0.181264 0.654942
0.181363 0.654639
0.181462 0.654639
0.181561 0.654639
0.181660 0.654336
0.181759 0.653730
0.181858 0.653730
0.181957 0.653426
0.182056 0.653426
0.182155 0.653426
0.182254 0.653426
0.182353 0.653123
0.182452 0.653123
0.182551 0.653123
0.182650 0.652820
0.182749 0.652517
0.182848 0.652517
0.182947 0.652213
0.183046 0.652213
0.183145 0.651607
0.183244 0.651607
0.183343 0.651607
0.183442 0.651607
0.183541 0.651001
0.183640 0.651001
0.183739 0.651001
0.183838 0.651001
0.183937 0.650697
0.184036 0.650697
0.184135 0.650697
0.184234 0.650394
0.184333 0.650394
0.184432 0.650394
0.184531 0.650394
0.184630 0.649485
0.184729 0.649485
0.184828 0.649485
0.184927 0.649181
0.185026 0.648878
0.185125 0.648878
0.185224 0.648878
0.185323 0.648878
0.185422 0.648878
0.185521 0.648575
0.185620 0.648272
0.185719 0.648272
0.185818 0.648272
0.185916 0.648272
0.186015 0.647968
0.186114 0.647665
0.186213 0.647059
0.186312 0.647059
0.186411 0.646756
0.186510 0.646452
0.186609 0.646452
0.186708 0.645846
0.186807 0.645846
0.186906 0.645543
0.187005 0.645543
0.187104 0.645543
0.187203 0.645240
0.187302 0.645240
0.187401 0.645240
0.187500 0.644936
0.187599 0.644633
0.187698 0.644027
0.187797 0.644027
0.187896 0.643723
0.187995 0.643420
0.188094 0.643420
0.188193 0.643117
0.188292 0.643117
0.188391 0.642814
0.188490 0.642511
0.188589 0.642511
0.188688 0.642511
0.188787 0.642511
0.188886 0.641904
0.188985 0.641904
0.189084 0.641904
0.189183 0.641298
0.189282 0.641298
0.189381 0.641298
0.189480 0.641298
0.189579 0.641298
0.189678 0.640691
0.189777 0.640691
0.189876 0.640085
0.189975 0.639782
0.190074 0.639782
0.190173 0.639782
0.190272 0.639782
0.190371 0.639782
0.190470 0.639782
0.190569 0.639478
0.190668 0.639175
0.190767 0.639175
0.190866 0.638266
0.190965 0.638266
0.191064 0.638266
0.191163 0.637962
0.191262 0.637962
0.191361 0.637962
0.191460 0.637962
0.191559 0.637356
0.191658 0.637356
0.191757 0.637053
0.191856 0.637053
0.191955 0.637053
0.192054 0.637053
0.192153 0.636750
0.192252 0.636750
0.192351 0.636750
0.192450 0.636750
0.192549 0.636750
0.192648 0.636750
0.192747 0.636750
0.192846 0.636750
0.192945 0.636446
0.193044 0.636446
0.193143 0.635840
0.193242 0.635233
0.193341 0.634930
0.193440 0.634627
0.193539 0.634627
0.193638 0.634324
0.193737 0.634021
0.193836 0.633717
0.193935 0.633414
0.194034 0.633111
0.194133 0.633111
0.194232 0.632808
0.194331 0.632505
0.194430 0.632505
0.194529 0.632505
0.194628 0.632505
0.194727 0.632505
0.194826 0.632505
0.194925 0.632505
0.195024 0.632201
0.195123 0.630988
0.195222 0.630988
0.195321 0.630988
0.195420 0.630685
0.195519 0.630382
0.195618 0.630382
0.195717 0.630382
0.195816 0.630382
0.195915 0.630382
0.196014 0.630079
0.196113 0.629776
0.196212 0.629776
0.196311 0.629472
0.196410 0.629472
0.196509 0.629472
0.196607 0.628866
0.196706 0.628866
0.196805 0.628866
0.196904 0.628866
0.197003 0.628866
0.197102 0.628563
0.197201 0.628563
0.197300 0.628260
0.197399 0.627653
0.197498 0.627350
0.197597 0.627350
0.197696 0.627350
0.197795 0.627047
0.197894 0.626743
0.197993 0.626440
0.198092 0.626440
0.198191 0.626440
0.198290 0.626440
0.198389 0.626440
0.198488 0.626440
0.198587 0.626440
0.198686 0.625834
0.198785 0.625834
0.198884 0.625531
0.198983 0.625531
0.199082 0.625531
0.199181 0.625227
0.199280 0.624924
0.199379 0.624924
0.199478 0.624924
0.199577 0.624318
0.199676 0.624015
0.199775 0.624015
0.199874 0.623711
0.199973 0.623711
0.200072 0.623711
0.200171 0.623711
0.200270 0.623711
0.200369 0.623711
0.200468 0.623408
0.200567 0.623408
0.200666 0.623105
0.200765 0.623105
0.200864 0.623105
0.200963 0.622802
0.201062 0.622802
0.201161 0.622802
0.201260 0.622498
0.201359 0.622195
0.201458 0.622195
0.201557 0.622195
0.201656 0.622195
0.201755 0.622195
0.201854 0.622195
0.201953 0.622195
0.202052 0.621892
0.202151 0.621589
0.202250 0.621286
0.202349 0.621286
0.202448 0.620982
0.202547 0.620376
0.202646 0.620376
0.202745 0.620073
0.202844 0.620073
0.202943 0.619770
0.203042 0.619466
0.203141 0.619466
0.203240 0.619163
0.203339 0.619163
0.203438 0.619163
0.203537 0.619163
0.203636 0.618860
0.203735 0.618860
0.203834 0.618860
0.203933 0.618860
0.204032 0.618557
0.204131 0.618557
0.204230 0.618557
0.204329 0.618557
0.204428 0.618557
0.204527 0.618557
0.204626 0.618557
0.204725 0.618253
0.204824 0.618253
0.204923 0.617950
0.205022 0.617950
0.205121 0.617647
0.205220 0.617647
0.205319 0.617647
0.205418 0.617041
0.205517 0.616737
0.205616 0.616737
0.205715 0.616434
0.205814 0.616434
0.205913 0.616434
0.206012 0.616434
0.206111 0.616434
0.206210 0.616434
0.206309 0.616434
0.206408 0.616434
0.206507 0.616434
0.206606 0.616434
0.206705 0.616434
0.206804 0.616131
0.206903 0.615828
0.207002 0.615828
0.207101 0.615828
0.207200 0.615525
0.207298 0.615525
0.207397 0.615525
0.207496 0.614918
0.207595 0.614918
0.207694 0.614615
0.207793 0.614615
0.207892 0.614312
0.207991 0.614008
0.208090 0.613099
0.208189 0.612796
0.208288 0.612492
0.208387 0.612189
0.208486 0.612189
0.208585 0.611886
0.208684 0.611583
0.208783 0.611280
0.208882 0.611280
0.208981 0.611280
0.209080 0.610976
0.209179 0.610976
0.209278 0.610976
0.209377 0.610673
0.209476 0.610673
0.209575 0.610673
0.209674 0.610067
0.209773 0.610067
0.209872 0.610067
0.209971 0.610067
0.210070 0.610067
0.210169 0.610067
0.210268 0.609157
0.210367 0.608854
0.210466 0.608854
0.210565 0.608551
0.210664 0.608247
0.210763 0.608247
0.210862 0.607944
0.210961 0.607944
0.211060 0.607641
0.211159 0.607641
0.211258 0.607641
0.211357 0.607338
0.211456 0.606428
0.211555 0.606125
0.211654 0.605215
0.211753 0.604912
0.211852 0.604306
0.211951 0.604002
0.212050 0.603699
0.212149 0.603699
0.212248 0.603093
0.212347 0.602790
0.212446 0.602486
0.212545 0.601577
0.212644 0.601273
0.212743 0.600970
0.212842 0.600970
0.212941 0.600667
0.213040 0.600667
0.213139 0.600364
0.213238 0.600364
0.213337 0.600061
0.213436 0.599757
0.213535 0.599757
0.213634 0.599757
0.213733 0.599757
0.213832 0.599757
0.213931 0.599757
0.214030 0.599454
0.214129 0.599151
0.214228 0.598545
0.214327 0.598241
0.214426 0.598241
0.214525 0.597938
0.214624 0.597938
0.214723 0.597938
0.214822 0.597938
0.214921 0.597332
0.215020 0.596725
0.215119 0.596725
0.215218 0.596725
0.215317 0.596725
0.215416 0.596725
0.215515 0.596119
0.215614 0.595816
0.215713 0.595816
0.215812 0.595512
0.215911 0.595512
0.216010 0.595512
0.216109 0.595512
0.216208 0.595512
0.216307 0.595512
0.216406 0.594906
0.216505 0.594300
0.216604 0.593996
0.216703 0.593693
0.216802 0.593693
0.216901 0.593693
0.217000 0.593693
0.217099 0.593390
0.217198 0.593390
0.217297 0.593087
0.217396 0.593087
0.217495 0.593087
0.217594 0.592784
0.217693 0.592784
0.217792 0.592480
0.217890 0.592177
0.217989 0.591874
0.218088 0.591874
0.218187 0.591571
0.218286 0.590964
0.218385 0.590661
0.218484 0.590661
0.218583 0.590661
0.218682 0.590661
0.218781 0.590661
0.218880 0.590661
0.218979 0.590661
0.219078 0.590661
0.219177 0.590661
0.219276 0.589751
0.219375 0.589751
0.219474 0.589751
0.219573 0.589751
0.219672 0.589751
0.219771 0.589751
0.219870 0.589751
0.219969 0.589751
0.220068 0.589448
0.220167 0.589145
0.220266 0.589145
0.220365 0.588842
0.220464 0.588842
0.220563 0.588539
0.220662 0.588539
0.220761 0.588539
0.220860 0.588539
0.220959 0.588235
0.221058 0.587932
0.221157 0.587629
0.221256 0.587326
0.221355 0.587326
0.221454 0.587326
0.221553 0.587022
0.221652 0.587022
0.221751 0.587022
0.221850 0.587022
0.221949 0.587022
0.222048 0.587022
0.222147 0.587022
0.222246 0.587022
0.222345 0.587022
0.222444 0.586416
0.222543 0.586113
0.222642 0.585810
0.222741 0.585810
0.222840 0.585203
0.222939 0.585203
0.223038 0.585203
0.223137 0.585203
0.223236 0.585203
0.223335 0.585203
0.223434 0.585203
0.223533 0.585203
0.223632 0.585203
0.223731 0.585203
0.223830 0.585203
0.223929 0.585203
0.224028 0.585203
0.224127 0.585203
0.224226 0.585203
0.224325 0.584900
0.224424 0.584597
0.224523 0.584597
0.224622 0.584597
0.224721 0.584597
0.224820 0.584597
0.224919 0.584294
0.225018 0.584294
0.225117 0.584294
0.225216 0.583687
0.225315 0.583687
0.225414 0.583384
0.225513 0.583081
0.225612 0.583081
0.225711 0.583081
0.225810 0.583081
0.225909 0.582777
0.226008 0.582777
0.226107 0.582777
0.226206 0.582777
0.226305 0.582777
0.226404 0.582474
0.226503 0.582474
0.226602 0.582171
0.226701 0.581868
0.226800 0.581868
0.226899 0.581868
0.226998 0.581565
0.227097 0.581565
0.227196 0.580958
0.227295 0.580655
0.227394 0.580655
0.227493 0.580352
0.227592 0.580352
0.227691 0.580049
0.227790 0.580049
0.227889 0.579745
0.227988 0.579442
0.228087 0.579442
0.228186 0.579442
0.228285 0.579139
0.228384 0.579139
0.228483 0.579139
0.228581 0.579139
0.228680 0.579139
0.228779 0.579139
0.228878 0.578836
0.228977 0.578836
0.229076 0.578836
0.229175 0.578532
0.229274 0.577926
0.229373 0.577926
0.229472 0.577623
0.229571 0.577623
0.229670 0.577320
0.229769 0.577016
0.229868 0.577016
0.229967 0.577016
0.230066 0.577016
0.230165 0.577016
0.230264 0.577016
0.230363 0.577016
0.230462 0.576713
0.230561 0.576713
0.230660 0.576713
0.230759 0.576713
0.230858 0.576410
0.230957 0.576410
0.231056 0.576410
0.231155 0.576410
0.231254 0.576410
0.231353 0.576410
0.231452 0.576410
0.231551 0.576410
0.231650 0.576410
0.231749 0.576410
0.231848 0.576107
0.231947 0.575804
0.232046 0.575500
0.232145 0.575500
0.232244 0.575500
0.232343 0.575500
0.232442 0.574894
0.232541 0.574894
0.232640 0.574894
0.232739 0.574591
0.232838 0.574591
0.232937 0.574287
0.233036 0.574287
0.233135 0.574287
0.233234 0.573984
0.233333 0.573984
0.233432 0.573681
0.233531 0.573075
0.233630 0.572771
0.233729 0.572468
0.233828 0.571862
0.233927 0.571559
0.234026 0.570952
0.234125 0.570952
0.234224 0.570952
0.234323 0.570952
0.234422 0.570952
0.234521 0.570952
0.234620 0.570952
0.234719 0.570952
0.234818 0.570042
0.234917 0.570042
0.235016 0.570042
0.235115 0.570042
0.235214 0.570042
0.235313 0.570042
0.235412 0.569739
0.235511 0.569436
0.235610 0.569133
0.235709 0.569133
0.235808 0.569133
0.235907 0.568526
0.236006 0.567617
0.236105 0.567617
0.236204 0.567314
0.236303 0.567314
0.236402 0.567314
0.236501 0.567010
0.236600 0.567010
0.236699 0.567010
0.236798 0.567010
0.236897 0.566404
0.236996 0.566404
0.237095 0.565797
0.237194 0.565494
0.237293 0.564888
0.237392 0.564888
0.237491 0.564585
0.237590 0.564585
0.237689 0.564585
0.237788 0.563978
0.237887 0.563675
0.237986 0.563675
0.238085 0.563675
0.238184 0.563675
0.238283 0.563675
0.238382 0.563675
0.238481 0.563675
0.238580 0.563372
0.238679 0.562765
0.238778 0.562462
0.238877 0.562462
0.238976 0.562462
0.239075 0.562462
0.239174 0.562159
0.239272 0.561856
0.239371 0.560946
0.239470 0.560946
0.239569 0.560946
0.239668 0.560946
0.239767 0.560946
0.239866 0.560946
0.239965 0.560643
0.240064 0.560643
0.240163 0.560643
0.240262 0.560643
0.240361 0.560643
0.240460 0.560340
0.240559 0.560340
0.240658 0.560036
0.240757 0.560036
0.240856 0.559733
0.240955 0.559733
0.241054 0.559733
0.241153 0.559733
0.241252 0.559430
0.241351 0.559430
0.241450 0.559430
0.241549 0.559127
0.241648 0.559127
0.241747 0.559127
0.241846 0.558520
0.241945 0.558520
0.242044 0.558520
0.242143 0.558520
0.242242 0.558520
0.242341 0.558520
0.242440 0.558520
0.242539 0.558520
0.242638 0.558217
0.242737 0.558217
0.242836 0.558217
0.242935 0.557914
0.243034 0.557914
0.243133 0.557914
0.243232 0.557914
0.243331 0.557611
0.243430 0.557611
0.243529 0.557307
0.243628 0.557307
0.243727 0.557307
0.243826 0.557004
0.243925 0.556701
0.244024 0.556398
0.244123 0.556398
0.244222 0.555791
0.244321 0.555791
0.244420 0.555791
0.244519 0.555488
0.244618 0.555488
0.244717 0.555488
0.244816 0.555488
0.244915 0.554882
0.245014 0.554882
0.245113 0.554579
0.245212 0.554275
0.245311 0.554275
0.245410 0.554275
0.245509 0.554275
0.245608 0.554275
0.245707 0.554275
0.245806 0.554275
0.245905 0.553972
0.246004 0.553972
0.246103 0.553972
0.246202 0.553972
0.246301 0.553062
0.246400 0.552759
0.246499 0.552759
0.246598 0.552759
0.246697 0.552456
0.246796 0.552456
0.246895 0.552456
0.246994 0.552153
0.247093 0.552153
0.247192 0.551850
0.247291 0.551546
0.247390 0.551546
0.247489 0.551546
0.247588 0.551546
0.247687 0.551243
0.247786 0.551243
0.247885 0.551243
0.247984 0.551243
0.248083 0.551243
0.248182 0.550940
0.248281 0.550940
0.248380 0.550334
0.248479 0.550334
0.248578 0.549727
0.248677 0.549727
0.248776 0.549424
0.248875 0.549424
0.248974 0.549424
0.249073 0.549121
0.249172 0.549121
0.249271 0.549121
0.249370 0.547605
0.249469 0.547301
0.249568 0.546695
0.249667 0.546695
0.249766 0.546695
0.249865 0.546695
0.249963 0.546695
0.250062 0.546695
0.250161 0.546392
0.250260 0.546392
0.250359 0.546089
0.250458 0.545785
0.250557 0.545785
0.250656 0.545785
0.250755 0.545482
0.250854 0.545179
0.250953 0.544876
0.251052 0.544876
0.251151 0.544572
0.251250 0.544269
0.251349 0.544269
0.251448 0.543966
0.251547 0.543663
0.251646 0.543663
0.251745 0.543360
0.251844 0.543360
0.251943 0.543360
0.252042 0.543360
0.252141 0.543360
0.252240 0.543056
0.252339 0.542450
0.252438 0.542147
0.252537 0.541540
0.252636 0.541540
0.252735 0.541540
0.252834 0.541540
0.252933 0.541540
0.253032 0.541237
0.253131 0.540934
0.253230 0.540934
0.253329 0.540934
0.253428 0.540631
0.253527 0.540631
0.253626 0.540327
0.253725 0.540327
0.253824 0.540327
0.253923 0.540327
0.254022 0.540024
0.254121 0.539418
0.254220 0.539418
0.254319 0.539115
0.254418 0.539115
0.254517 0.539115
0.254616 0.539115
0.254715 0.538811
0.254814 0.538811
0.254913 0.538811
0.255012 0.538811
0.255111 0.538811
0.255210 0.538811
0.255309 0.538508
0.255408 0.537902
0.255507 0.537295
0.255606 0.536992
0.255705 0.536689
0.255804 0.536386
0.255903 0.536082
0.256002 0.535779
0.256101 0.535779
0.256200 0.534566
0.256299 0.534566
0.256398 0.534566
0.256497 0.534566
0.256596 0.534566
0.256695 0.533960
0.256794 0.533657
0.256893 0.533657
0.256992 0.533657
0.257091 0.533657
0.257190 0.533657
0.257289 0.532747
0.257388 0.532747
0.257487 0.532747
0.257586 0.532444
0.257685 0.532444
0.257784 0.532444
0.257883 0.532444
0.257982 0.532444
0.258081 0.532444
0.258180 0.532141
0.258279 0.532141
0.258378 0.532141
0.258477 0.532141
0.258576 0.532141
0.258675 0.532141
0.258774 0.532141
0.258873 0.532141
0.258972 0.532141
0.259071 0.532141
0.259170 0.532141
0.259269 0.531837
0.259368 0.531837
0.259467 0.531837
0.259566 0.531534
0.259665 0.531534
0.259764 0.531231
0.259863 0.531231
0.259962 0.531231
0.260061 0.530928
0.260160 0.530625
0.260259 0.530321
0.260358 0.530321
0.260457 0.530321
0.260556 0.530018
0.260654 0.530018
0.260753 0.529715
0.260852 0.529715
0.260951 0.529715
0.261050 0.528805
0.261149 0.528805
0.261248 0.528502
0.261347 0.528502
0.261446 0.528502
0.261545 0.528199
0.261644 0.528199
0.261743 0.527896
0.261842 0.527896
0.261941 0.527592
0.262040 0.527289
0.262139 0.527289
0.262238 0.526986
0.262337 0.526683
0.262436 0.526380
0.262535 0.526076
0.262634 0.525773
0.262733 0.525470
0.262832 0.525167
0.262931 0.524864
0.263030 0.524864
0.263129 0.524864
0.263228 0.524864
0.263327 0.524864
0.263426 0.524864
0.263525 0.524864
0.263624 0.524560
0.263723 0.524257
0.263822 0.524257
0.263921 0.523954
0.264020 0.523651
0.264119 0.523651
0.264218 0.523651
0.264317 0.523651
0.264416 0.523347
0.264515 0.523044
0.264614 0.522741
0.264713 0.522135
0.264812 0.522135
0.264911 0.522135
0.265010 0.522135
0.265109 0.521528
0.265208 0.521528
0.265307 0.521528
0.265406 0.521225
0.265505 0.520619
0.265604 0.520012
0.265703 0.519406
0.265802 0.519102
0.265901 0.519102
0.266000 0.519102
0.266099 0.518799
0.266198 0.518496
0.266297 0.518496
0.266396 0.518496
0.266495 0.517890
0.266594 0.517283
0.266693 0.517283
0.266792 0.517283
0.266891 0.517283
0.266990 0.517283
0.267089 0.517283
0.267188 0.517283
0.267287 0.516980
0.267386 0.516980
0.267485 0.516677
0.267584 0.516677
0.267683 0.516677
0.267782 0.516677
0.267881 0.516677
0.267980 0.516374
0.268079 0.516374
0.268178 0.516070
0.268277 0.515767
0.268376 0.515161
0.268475 0.514857
0.268574 0.514857
0.268673 0.514554
0.268772 0.514554
0.268871 0.514554
0.268970 0.514251
0.269069 0.514251
0.269168 0.513645
0.269267 0.513341
0.269366 0.513341
0.269465 0.513341
0.269564 0.513341
0.269663 0.513341
0.269762 0.513038
0.269861 0.513038
0.269960 0.512735
0.270059 0.512735
0.270158 0.512432
0.270257 0.512432
0.270356 0.512129
0.270455 0.512129
0.270554 0.512129
0.270653 0.512129
0.270752 0.511825
0.270851 0.511825
0.270950 0.511522
0.271049 0.511522
0.271148 0.511522
0.271246 0.511522
0.271345 0.511522
0.271444 0.511522
0.271543 0.511522
0.271642 0.511522
0.271741 0.511219
0.271840 0.511219
0.271939 0.511219
0.272038 0.511219
0.272137 0.510612
0.272236 0.510309
0.272335 0.510309
0.272434 0.510309
0.272533 0.510309
0.272632 0.510309
0.272731 0.510309
0.272830 0.510309
0.272929 0.510006
0.273028 0.510006
0.273127 0.510006
0.273226 0.510006
0.273325 0.510006
0.273424 0.510006
0.273523 0.510006
0.273622 0.510006
0.273721 0.510006
0.273820 0.510006
0.273919 0.510006
0.274018 0.509400
0.274117 0.509400
0.274216 0.509096
0.274315 0.509096
0.274414 0.509096
0.274513 0.509096
0.274612 0.509096
0.274711 0.509096
0.274810 0.509096
0.274909 0.508793
0.275008 0.508793
0.275107 0.508793
0.275206 0.508793
0.275305 0.508490
0.275404 0.508490
0.275503 0.508490
0.275602 0.508187
0.275701 0.508187
0.275800 0.507884
0.275899 0.507580
0.275998 0.507580
0.276097 0.507580
0.276196 0.507277
0.276295 0.507277
0.276394 0.507277
0.276493 0.507277
0.276592 0.507277
0.276691 0.507277
0.276790 0.506671
0.276889 0.506367
0.276988 0.505761
0.277087 0.505761
0.277186 0.505761
0.277285 0.505458
0.277384 0.505458
0.277483 0.505155
0.277582 0.504851
0.277681 0.504851
0.277780 0.504851
0.277879 0.504851
0.277978 0.504851
0.278077 0.504851
0.278176 0.504851
0.278275 0.504245
0.278374 0.503942
0.278473 0.503942
0.278572 0.503942
0.278671 0.503942
0.278770 0.503942
0.278869 0.503639
0.278968 0.503639
0.279067 0.503335
0.279166 0.503335
0.279265 0.503335
0.279364 0.503335
0.279463 0.502729
0.279562 0.502426
0.279661 0.502426
0.279760 0.502426
0.279859 0.502122
0.279958 0.502122
0.280057 0.502122
0.280156 0.502122
0.280255 0.502122
0.280354 0.501819
0.280453 0.500910
0.280552 0.500606
0.280651 0.500606
0.280750 0.500606
0.280849 0.500000
0.280948 0.499394
0.281047 0.499394
0.281146 0.498787
0.281245 0.498181
0.281344 0.497574
0.281443 0.497574
0.281542 0.497574
0.281641 0.497271
0.281740 0.496968
0.281839 0.496968
0.281937 0.496968
0.282036 0.496968
0.282135 0.496665
0.282234 0.496665
0.282333 0.496665
0.282432 0.496361
0.282531 0.496361
0.282630 0.496361
0.282729 0.496361
0.282828 0.496361
0.282927 0.496361
0.283026 0.496361
0.283125 0.496058
0.283224 0.496058
0.283323 0.495755
0.283422 0.495149
0.283521 0.495149
0.283620 0.495149
0.283719 0.495149
0.283818 0.495149
0.283917 0.494845
0.284016 0.494845
0.284115 0.494845
0.284214 0.494542
0.284313 0.494542
0.284412 0.494542
0.284511 0.493936
0.284610 0.493936
0.284709 0.493936
0.284808 0.493633
0.284907 0.493633
0.285006 0.493329
0.285105 0.493329
0.285204 0.493329
0.285303 0.493026
0.285402 0.493026
0.285501 0.493026
0.285600 0.492723
0.285699 0.492116
0.285798 0.492116
0.285897 0.491813
0.285996 0.491813
0.286095 0.491207
0.286194 0.491207
0.286293 0.491207
0.286392 0.491207
0.286491 0.491207
0.286590 0.490600
0.286689 0.490600
0.286788 0.490600
0.286887 0.490600
0.286986 0.490600
0.287085 0.490600
0.287184 0.490600
0.287283 0.489994
0.287382 0.489994
0.287481 0.489994
0.287580 0.489691
0.287679 0.489691
0.287778 0.489084
0.287877 0.489084
0.287976 0.488781
0.288075 0.488478
0.288174 0.488478
0.288273 0.488478
0.288372 0.488478
0.288471 0.488478
0.288570 0.488478
0.288669 0.488478
0.288768 0.488478
0.288867 0.488478
0.288966 0.488478
0.289065 0.488478
0.289164 0.488478
0.289263 0.488478
0.289362 0.488175
0.289461 0.488175
0.289560 0.488175
0.289659 0.488175
0.289758 0.487568
0.289857 0.487568
0.289956 0.487568
0.290055 0.487568
0.290154 0.487568
0.290253 0.487568
0.290352 0.487568
0.290451 0.487568
0.290550 0.487265
0.290649 0.487265
0.290748 0.486659
0.290847 0.486659
0.290946 0.486355
0.291045 0.486355
0.291144 0.486052
0.291243 0.486052
0.291342 0.486052
0.291441 0.486052
0.291540 0.485749
0.291639 0.485749
0.291738 0.485749
0.291837 0.485749
0.291936 0.485749
0.292035 0.485749
0.292134 0.485749
0.292233 0.485749
0.292332 0.485446
0.292431 0.485143
0.292530 0.484839
0.292628 0.484839
0.292727 0.484536
0.292826 0.484233
0.292925 0.483930
0.293024 0.483323
0.293123 0.483323
0.293222 0.483020
0.293321 0.482717
0.293420 0.482717
0.293519 0.482414
0.293618 0.482414
0.293717 0.482110
0.293816 0.482110
0.293915 0.482110
0.294014 0.481504
0.294113 0.481201
0.294212 0.481201
0.294311 0.480594
0.294410 0.480594
0.294509 0.480594
0.294608 0.479988
0.294707 0.479988
0.294806 0.479988
0.294905 0.479685
0.295004 0.479685
0.295103 0.479078
0.295202 0.479078
0.295301 0.479078
0.295400 0.479078
0.295499 0.479078
0.295598 0.479078
0.295697 0.479078
0.295796 0.478775
0.295895 0.478472
0.295994 0.478169
0.296093 0.478169
0.296192 0.477865
0.296291 0.477562
0.296390 0.477562
0.296489 0.477259
0.296588 0.477259
0.296687 0.477259
0.296786 0.477259
0.296885 0.476956
0.296984 0.476956
0.297083 0.476653
0.297182 0.476653
0.297281 0.476653
0.297380 0.476349
0.297479 0.476046
0.297578 0.476046
0.297677 0.475743
0.297776 0.475743
0.297875 0.475440
0.297974 0.475136
0.298073 0.474833
0.298172 0.474530
0.298271 0.473924
0.298370 0.473924
0.298469 0.473317
0.298568 0.473317
0.298667 0.473317
0.298766 0.472711
0.298865 0.472711
0.298964 0.472711
0.299063 0.472711
0.299162 0.472408
0.299261 0.472104
0.299360 0.472104
0.299459 0.472104
0.299558 0.472104
0.299657 0.472104
0.299756 0.471801
0.299855 0.471801
0.299954 0.471801
0.300053 0.471801
0.300152 0.471801
0.300251 0.471801
0.300350 0.471801
0.300449 0.471801
0.300548 0.471801
0.300647 0.471498
0.300746 0.471498
0.300845 0.471195
0.300944 0.470588
0.301043 0.470588
0.301142 0.470285
0.301241 0.469982
0.301340 0.469982
0.301439 0.469679
0.301538 0.469679
0.301637 0.469072
0.301736 0.469072
0.301835 0.468769
0.301934 0.468769
0.302033 0.468769
0.302132 0.468769
0.302231 0.468769
0.302330 0.468769
0.302429 0.468769
0.302528 0.468466
0.302627 0.468163
0.302726 0.468163
0.302825 0.468163
0.302924 0.468163
0.303023 0.468163
0.303122 0.468163
0.303221 0.468163
0.303319 0.467859
0.303418 0.467556
0.303517 0.467253
0.303616 0.466950
0.303715 0.466646
0.303814 0.466646
0.303913 0.466646
0.304012 0.466646
0.304111 0.466646
0.304210 0.466646
0.304309 0.466343
0.304408 0.466343
0.304507 0.466343
0.304606 0.465737
0.304705 0.465737
0.304804 0.465737
0.304903 0.465737
0.305002 0.465737
0.305101 0.465434
0.305200 0.465434
0.305299 0.465130
0.305398 0.464827
0.305497 0.464827
0.305596 0.464524
0.305695 0.464221
0.305794 0.464221
0.305893 0.464221
0.305992 0.463918
0.306091 0.463918
0.306190 0.463918
0.306289 0.463918
0.306388 0.463918
0.306487 0.463918
0.306586 0.463918
0.306685 0.463918
0.306784 0.463918
0.306883 0.463614
0.306982 0.463614
0.307081 0.463311
0.307180 0.463311
0.307279 0.463311
0.307378 0.463008
0.307477 0.462401
0.307576 0.462098
0.307675 0.461795
0.307774 0.461492
0.307873 0.461492
0.307972 0.461492
0.308071 0.461189
0.308170 0.460885
0.308269 0.460885
0.308368 0.460885
0.308467 0.460885
0.308566 0.460582
0.308665 0.460582
0.308764 0.460582
0.308863 0.460582
0.308962 0.460279
0.309061 0.460279
0.309160 0.459976
0.309259 0.459976
0.309358 0.459369
0.309457 0.458763
0.309556 0.458156
0.309655 0.457853
0.309754 0.457550
0.309853 0.457550
0.309952 0.457550
0.310051 0.457550
0.310150 0.457550
0.310249 0.457550
0.310348 0.457550
0.310447 0.457247
0.310546 0.457247
0.310645 0.457247
0.310744 0.457247
0.310843 0.457247
0.310942 0.456944
0.311041 0.456944
0.311140 0.456640
0.311239 0.456034
0.311338 0.456034
0.311437 0.455428
0.311536 0.455428
0.311635 0.455428
0.311734 0.455124
0.311833 0.454821
0.311932 0.454518
0.312031 0.454518
0.312130 0.454518
0.312229 0.454215
0.312328 0.454215
0.312427 0.454215
0.312526 0.454215
0.312625 0.454215
0.312724 0.453608
0.312823 0.453608
0.312922 0.453608
0.313021 0.453305
0.313120 0.453305
0.313219 0.453305
0.313318 0.453305
0.313417 0.453002
0.313516 0.452395
0.313615 0.452395
0.313714 0.452092
0.313813 0.451486
0.313911 0.451486
0.314010 0.451183
0.314109 0.451183
0.314208 0.450879
0.314307 0.450879
0.314406 0.450879
0.314505 0.450576
0.314604 0.450273
0.314703 0.450273
0.314802 0.450273
0.314901 0.450273
0.315000 0.449666
0.315099 0.449666
0.315198 0.449666
0.315297 0.449363
0.315396 0.449060
0.315495 0.449060
0.315594 0.449060
0.315693 0.449060
0.315792 0.449060
0.315891 0.448757
0.315990 0.448454
0.316089 0.448150
0.316188 0.447847
0.316287 0.447847
0.316386 0.447847
0.316485 0.447847
0.316584 0.447544
0.316683 0.447544
0.316782 0.447544
0.316881 0.447544
0.316980 0.447544
0.317079 0.447241
0.317178 0.447241
0.317277 0.447241
0.317376 0.446634
0.317475 0.446331
0.317574 0.446331
0.317673 0.446331
0.317772 0.446331
0.317871 0.446331
0.317970 0.446331
0.318069 0.446331
0.318168 0.446028
0.318267 0.446028
0.318366 0.446028
0.318465 0.446028
0.318564 0.446028
0.318663 0.446028
0.318762 0.445725
0.318861 0.445725
0.318960 0.445421
0.319059 0.445421
0.319158 0.445421
0.319257 0.444815
0.319356 0.444815
0.319455 0.444512
0.319554 0.444209
0.319653 0.444209
0.319752 0.443905
0.319851 0.443905
0.319950 0.443905
0.320049 0.443905
0.320148 0.443602
0.320247 0.443602
0.320346 0.443299
0.320445 0.442996
0.320544 0.442389
0.320643 0.442389
0.320742 0.441783
0.320841 0.441783
0.320940 0.441783
0.321039 0.441783
0.321138 0.441783
0.321237 0.441480
0.321336 0.441480
0.321435 0.441176
0.321534 0.441176
0.321633 0.441176
0.321732 0.441176
0.321831 0.441176
0.321930 0.441176
0.322029 0.440873
0.322128 0.440570
0.322227 0.440570
0.322326 0.440267
0.322425 0.440267
0.322524 0.439964
0.322623 0.439964
0.322722 0.439964
0.322821 0.439964
0.322920 0.439964
0.323019 0.439964
0.323118 0.439964
0.323217 0.439964
0.323316 0.439964
0.323415 0.439660
0.323514 0.439660
0.323613 0.439660
0.323712 0.439357
0.323811 0.439054
0.323910 0.438751
0.324009 0.438448
0.324108 0.438448
0.324207 0.438448
0.324306 0.438448
0.324405 0.438448
0.324504 0.438448
0.324602 0.438448
0.324701 0.438448
0.324800 0.437538
0.324899 0.437235
0.324998 0.437235
0.325097 0.437235
0.325196 0.437235
0.325295 0.436628
0.325394 0.436628
0.325493 0.436628
0.325592 0.436022
0.325691 0.435112
0.325790 0.434809
0.325889 0.434203
0.325988 0.434203
0.326087 0.433596
0.326186 0.433596
0.326285 0.433596
0.326384 0.433596
0.326483 0.433596
0.326582 0.433596
0.326681 0.433596
0.326780 0.433596
0.326879 0.433596
0.326978 0.433596
0.327077 0.433596
0.327176 0.433596
0.327275 0.433596
0.327374 0.433293
0.327473 0.433293
0.327572 0.433293
0.327671 0.433293
0.327770 0.433293
0.327869 0.432686
0.327968 0.432686
0.328067 0.432686
0.328166 0.432383
0.328265 0.432383
0.328364 0.432383
0.328463 0.432080
0.328562 0.431474
0.328661 0.431170
0.328760 0.431170
0.328859 0.431170
0.328958 0.430867
0.329057 0.430261
0.329156 0.430261
0.329255 0.429958
0.329354 0.429958
0.329453 0.429958
0.329552 0.429958
0.329651 0.429958
0.329750 0.429654
0.329849 0.429351
0.329948 0.429351
0.330047 0.429351
0.330146 0.429351
0.330245 0.429351
0.330344 0.429351
0.330443 0.429351
0.330542 0.429351
0.330641 0.429351
0.330740 0.429351
0.330839 0.429048
0.330938 0.428745
0.331037 0.428745
0.331136 0.428745
0.331235 0.428441
0.331334 0.428441
0.331433 0.428441
0.331532 0.428441
0.331631 0.428441
0.331730 0.428441
0.331829 0.427835
0.331928 0.427229
0.332027 0.427229
0.332126 0.427229
0.332225 0.427229
0.332324 0.427229
0.332423 0.427229
0.332522 0.426925
0.332621 0.426622
0.332720 0.426319
0.332819 0.426319
0.332918 0.426016
0.333017 0.426016
0.333116 0.425713
0.333215 0.425713
0.333314 0.425713
0.333413 0.425409
0.333512 0.425409
0.333611 0.425409
0.333710 0.425106
0.333809 0.424803
0.333908 0.424803
0.334007 0.424803
0.334106 0.424803
0.334205 0.424803
0.334304 0.424803
0.334403 0.424500
0.334502 0.424500
0.334601 0.424500
0.334700 0.423893
0.334799 0.423893
0.334898 0.423590
0.334997 0.422984
0.335096 0.422984
0.335195 0.422680
0.335293 0.422377
0.335392 0.422377
0.335491 0.422074
0.335590 0.421771
0.335689 0.421468
0.335788 0.421164
0.335887 0.421164
0.335986 0.420861
0.336085 0.420558
0.336184 0.420255
0.336283 0.419951
0.336382 0.419951
0.336481 0.419951
0.336580 0.419951
0.336679 0.419648
0.336778 0.419648
0.336877 0.419648
0.336976 0.419648
0.337075 0.419648
0.337174 0.419648
0.337273 0.419648
0.337372 0.419648
0.337471 0.419648
0.337570 0.419042
0.337669 0.419042
0.337768 0.419042
0.337867 0.419042
0.337966 0.418739
0.338065 0.418132
0.338164 0.418132
0.338263 0.418132
0.338362 0.417829
0.338461 0.417526
0.338560 0.416919
0.338659 0.416919
0.338758 0.416919
0.338857 0.416919
0.338956 0.416919
0.339055 0.416919
0.339154 0.416919
0.339253 0.416919
0.339352 0.416919
0.339451 0.416919
0.339550 0.416313
0.339649 0.415706
0.339748 0.415706
0.339847 0.415706
0.339946 0.415403
0.340045 0.415100
0.340144 0.414797
0.340243 0.414494
0.340342 0.414494
0.340441 0.414190
0.340540 0.414190
0.340639 0.414190
0.340738 0.413887
0.340837 0.413584
0.340936 0.413281
0.341035 0.413281
0.341134 0.412978
0.341233 0.412674
0.341332 0.412674
0.341431 0.412674
0.341530 0.412371
0.341629 0.412371
0.341728 0.411765
0.341827 0.411765
0.341926 0.411158
0.342025 0.411158
0.342124 0.411158
0.342223 0.411158
0.342322 0.411158
0.342421 0.411158
0.342520 0.410855
0.342619 0.410552
0.342718 0.410552
0.342817 0.410249
0.342916 0.410249
0.343015 0.410249
0.343114 0.410249
0.343213 0.410249
0.343312 0.410249
0.343411 0.410249
0.343510 0.410249
0.343609 0.409642
0.343708 0.409642
0.343807 0.409642
0.343906 0.409642
0.344005 0.409339
0.344104 0.409339
0.344203 0.409339
0.344302 0.409339
0.344401 0.409339
0.344500 0.409339
0.344599 0.409339
0.344698 0.409036
0.344797 0.409036
0.344896 0.408733
0.344995 0.408733
0.345094 0.408733
0.345193 0.408733
0.345292 0.408429
0.345391 0.408429
0.345490 0.408429
0.345589 0.408429
0.345688 0.408429
0.345787 0.408126
0.345886 0.408126
0.345984 0.408126
0.346083 0.408126
0.346182 0.408126
0.346281 0.407520
0.346380 0.407520
0.346479 0.407520
0.346578 0.407520
0.346677 0.407520
0.346776 0.407520
0.346875 0.407520
0.346974 0.407520
0.347073 0.407520
0.347172 0.407216
0.347271 0.407216
0.347370 0.407216
0.347469 0.406913
0.347568 0.406307
0.347667 0.406004
0.347766 0.405700
0.347865 0.405700
0.347964 0.405397
0.348063 0.405397
0.348162 0.405094
0.348261 0.404791
0.348360 0.404488
0.348459 0.404488
0.348558 0.404488
0.348657 0.404184
0.348756 0.404184
0.348855 0.404184
0.348954 0.403881
0.349053 0.403881
0.349152 0.403881
0.349251 0.403881
0.349350 0.403578
0.349449 0.403578
0.349548 0.403578
0.349647 0.403578
0.349746 0.403578
0.349845 0.403578
0.349944 0.403578
0.350043 0.403578
0.350142 0.403275
0.350241 0.402668
0.350340 0.402668
0.350439 0.402365
0.350538 0.402365
0.350637 0.402365
0.350736 0.402365
0.350835 0.402365
0.350934 0.402365
0.351033 0.402365
0.351132 0.402365
0.351231 0.402365
0.351330 0.402365
0.351429 0.402365
0.351528 0.402365
0.351627 0.402365
0.351726 0.402365
0.351825 0.402365
0.351924 0.402365
0.352023 0.402365
0.352122 0.402365
0.352221 0.402365
0.352320 0.402365
0.352419 0.402365
0.352518 0.402365
0.352617 0.402365
0.352716 0.402062
0.352815 0.402062
0.352914 0.401759
0.353013 0.401759
0.353112 0.400849
0.353211 0.400849
0.353310 0.400546
0.353409 0.400243
0.353508 0.400243
0.353607 0.400243
0.353706 0.400243
0.353805 0.400243
0.353904 0.399939
0.354003 0.399939
0.354102 0.399939
0.354201 0.399636
0.354300 0.399636
0.354399 0.399636
0.354498 0.399636
0.354597 0.399636
0.354696 0.399636
0.354795 0.399636
0.354894 0.399636
0.354993 0.399636
0.355092 0.399636
0.355191 0.399636
0.355290 0.399333
0.355389 0.399030
0.355488 0.399030
0.355587 0.398727
0.355686 0.398727
0.355785 0.398423
0.355884 0.398120
0.355983 0.398120
0.356082 0.397817
0.356181 0.397817
0.356280 0.397817
0.356379 0.397817
0.356478 0.397514
0.356577 0.397210
0.356675 0.396907
0.356774 0.396907
0.356873 0.396907
0.356972 0.396907
0.357071 0.396907
0.357170 0.396301
0.357269 0.396301
0.357368 0.396301
0.357467 0.395998
0.357566 0.395998
0.357665 0.395998
0.357764 0.395998
0.357863 0.395998
0.357962 0.395694
0.358061 0.395694
0.358160 0.395694
0.358259 0.394785
0.358358 0.393875
0.358457 0.393875
0.358556 0.393572
0.358655 0.393572
0.358754 0.393572
0.358853 0.393572
0.358952 0.393572
0.359051 0.393572
0.359150 0.393269
0.359249 0.393269
0.359348 0.393269
0.359447 0.392965
0.359546 0.392965
0.359645 0.392965
0.359744 0.392965
0.359843 0.392965
0.359942 0.392965
0.360041 0.392965
0.360140 0.392965
0.360239 0.392965
0.360338 0.392662
0.360437 0.392662
0.360536 0.392662
0.360635 0.392662
0.360734 0.392359
0.360833 0.392359
0.360932 0.392359
0.361031 0.392056
0.361130 0.392056
0.361229 0.392056
0.361328 0.392056
0.361427 0.392056
0.361526 0.392056
0.361625 0.392056
0.361724 0.392056
0.361823 0.391753
0.361922 0.391753
0.362021 0.391753
0.362120 0.391753
0.362219 0.391753
0.362318 0.391753
0.362417 0.391753
0.362516 0.391753
0.362615 0.391753
0.362714 0.391753
0.362813 0.391753
0.362912 0.391449
0.363011 0.391449
0.363110 0.391146
0.363209 0.390843
0.363308 0.390540
0.363407 0.390237
0.363506 0.390237
0.363605 0.390237
0.363704 0.389933
0.363803 0.389933
0.363902 0.389933
0.364001 0.389933
0.364100 0.389933
0.364199 0.389933
0.364298 0.389327
0.364397 0.389024
0.364496 0.389024
0.364595 0.389024
0.364694 0.389024
0.364793 0.389024
0.364892 0.389024
0.364991 0.389024
0.365090 0.389024
0.365189 0.388720
0.365288 0.388720
0.365387 0.388417
0.365486 0.388417
0.365585 0.388417
0.365684 0.387508
0.365783 0.386901
0.365882 0.386901
0.365981 0.386901
0.366080 0.386901
0.366179 0.386901
0.366278 0.386598
0.366377 0.386295
0.366476 0.386295
0.366575 0.386295
0.366674 0.385688
0.366773 0.385385
0.366872 0.385385
0.366971 0.385385
0.367070 0.385385
0.367169 0.385385
0.367267 0.385385
0.367366 0.385385
0.367465 0.385385
0.367564 0.385385
0.367663 0.385385
0.367762 0.384475
0.367861 0.384172
0.367960 0.384172
0.368059 0.384172
0.368158 0.384172
0.368257 0.383869
0.368356 0.383566
0.368455 0.383566
0.368554 0.383566
0.368653 0.383566
0.368752 0.383566
0.368851 0.383263
0.368950 0.382959
0.369049 0.382050
0.369148 0.382050
0.369247 0.382050
0.369346 0.382050
0.369445 0.382050
0.369544 0.382050
0.369643 0.382050
0.369742 0.381747
0.369841 0.381747
0.369940 0.381747
0.370039 0.381140
0.370138 0.380837
0.370237 0.380837
0.370336 0.380837
0.370435 0.380837
0.370534 0.380837
0.370633 0.380837
0.370732 0.380837
0.370831 0.380534
0.370930 0.380534
0.371029 0.380230
0.371128 0.380230
0.371227 0.380230
0.371326 0.379927
0.371425 0.379927
0.371524 0.379927
0.371623 0.379927
0.371722 0.379927
0.371821 0.379927
0.371920 0.379321
0.372019 0.379321
0.372118 0.379321
0.372217 0.379321
0.372316 0.379321
0.372415 0.379321
0.372514 0.379321
0.372613 0.379018
0.372712 0.379018
0.372811 0.378714
0.372910 0.378714
0.373009 0.378714
0.373108 0.378411
0.373207 0.378411
0.373306 0.378411
0.373405 0.377805
0.373504 0.377198
0.373603 0.377198
0.373702 0.377198
0.373801 0.377198
0.373900 0.377198
0.373999 0.377198
0.374098 0.377198
0.374197 0.376895
0.374296 0.376895
0.374395 0.376592
0.374494 0.376289
0.374593 0.376289
0.374692 0.375682
0.374791 0.375379
0.374890 0.375076
0.374989 0.374773
0.375088 0.374469
0.375187 0.374469
0.375286 0.374166
0.375385 0.374166
0.375484 0.374166
0.375583 0.374166
0.375682 0.374166
0.375781 0.373863
0.375880 0.373863
0.375979 0.373257
0.376078 0.372953
0.376177 0.372953
0.376276 0.372953
0.376375 0.372650
0.376474 0.372650
0.376573 0.372650
0.376672 0.372650
0.376771 0.372650
0.376870 0.372650
0.376969 0.372650
0.377068 0.372650
0.377167 0.372650
0.377266 0.372650
0.377365 0.372347
0.377464 0.372347
0.377563 0.372044
0.377662 0.372044
0.377761 0.372044
0.377860 0.372044
0.377958 0.371437
0.378057 0.371437
0.378156 0.371134
0.378255 0.371134
0.378354 0.370831
0.378453 0.370831
0.378552 0.370831
0.378651 0.370831
0.378750 0.370831
0.378849 0.370831
0.378948 0.370528
0.379047 0.370528
0.379146 0.370528
0.379245 0.370528
0.379344 0.370528
0.379443 0.370224
0.379542 0.370224
0.379641 0.370224
0.379740 0.370224
0.379839 0.370224
0.379938 0.369921
0.380037 0.369921
0.380136 0.369921
0.380235 0.369618
0.380334 0.369618
0.380433 0.369618
0.380532 0.369618
0.380631 0.369315
0.380730 0.369315
0.380829 0.369012
0.380928 0.368708
0.381027 0.368708
0.381126 0.368405
0.381225 0.368102
0.381324 0.367799
0.381423 0.367495
0.381522 0.367495
0.381621 0.367192
0.381720 0.367192
0.381819 0.366889
0.381918 0.366889
0.382017 0.366889
0.382116 0.366586
0.382215 0.366586
0.382314 0.366586
0.382413 0.366586
0.382512 0.366586
0.382611 0.366283
0.382710 0.366283
0.382809 0.366283
0.382908 0.366283
0.383007 0.366283
0.383106 0.365979
0.383205 0.365979
0.383304 0.365979
0.383403 0.365979
0.383502 0.365979
0.383601 0.365979
0.383700 0.365676
0.383799 0.365676
0.383898 0.365676
0.383997 0.365676
0.384096 0.365676
0.384195 0.365373
0.384294 0.365373
0.384393 0.365373
0.384492 0.365070
0.384591 0.365070
0.384690 0.364767
0.384789 0.364767
0.384888 0.364767
0.384987 0.364767
0.385086 0.364767
0.385185 0.364767
0.385284 0.364767
0.385383 0.364767
0.385482 0.364767
0.385581 0.364767
0.385680 0.364463
0.385779 0.364160
0.385878 0.364160
0.385977 0.364160
0.386076 0.364160
0.386175 0.364160
0.386274 0.364160
0.386373 0.364160
0.386472 0.363857
0.386571 0.362644
0.386670 0.362644
0.386769 0.362644
0.386868 0.362341
0.386967 0.362341
0.387066 0.362038
0.387165 0.361734
0.387264 0.361734
0.387363 0.361431
0.387462 0.360522
0.387561 0.360522
0.387660 0.360522
0.387759 0.360522
0.387858 0.360218
0.387957 0.360218
0.388056 0.360218
0.388155 0.359915
0.388254 0.359612
0.388353 0.359612
0.388452 0.359612
0.388551 0.359309
0.388649 0.359309
0.388748 0.359309
0.388847 0.359309
0.388946 0.359005
0.389045 0.359005
0.389144 0.359005
0.389243 0.358702
0.389342 0.358399
0.389441 0.358096
0.389540 0.358096
0.389639 0.358096
0.389738 0.358096
0.389837 0.357793
0.389936 0.357793
0.390035 0.357489
0.390134 0.357489
0.390233 0.357489
0.390332 0.357489
0.390431 0.357489
0.390530 0.357489
0.390629 0.357489
0.390728 0.357186
0.390827 0.357186
0.390926 0.357186
0.391025 0.357186
0.391124 0.357186
0.391223 0.357186
0.391322 0.356883
0.391421 0.356580
0.391520 0.356580
0.391619 0.356277
0.391718 0.356277
0.391817 0.356277
0.391916 0.356277
0.392015 0.356277
0.392114 0.355973
0.392213 0.355973
0.392312 0.355670
0.392411 0.355367
0.392510 0.355367
0.392609 0.355367
0.392708 0.355064
0.392807 0.355064
0.392906 0.355064
0.393005 0.354457
0.393104 0.354457
0.393203 0.354457
0.393302 0.354457
0.393401 0.354457
0.393500 0.354457
0.393599 0.354154
0.393698 0.354154
0.393797 0.353851
0.393896 0.353548
0.393995 0.352941
0.394094 0.352638
0.394193 0.352335
0.394292 0.352032
0.394391 0.352032
0.394490 0.352032
0.394589 0.352032
0.394688 0.351728
0.394787 0.351425
0.394886 0.351425
0.394985 0.351425
0.395084 0.351425
0.395183 0.351425
0.395282 0.351425
0.395381 0.351425
0.395480 0.351425
0.395579 0.351425
0.395678 0.351425
0.395777 0.351122
0.395876 0.350515
0.395975 0.350212
0.396074 0.350212
0.396173 0.350212
0.396272 0.349909
0.396371 0.349909
0.396470 0.349909
0.396569 0.349909
0.396668 0.349909
0.396767 0.349606
0.396866 0.349606
0.396965 0.349303
0.397064 0.348696
0.397163 0.348393
0.397262 0.347787
0.397361 0.347787
0.397460 0.347787
0.397559 0.347787
0.397658 0.347483
0.397757 0.347483
0.397856 0.347483
0.397955 0.347483
0.398054 0.347180
0.398153 0.346270
0.398252 0.346270
0.398351 0.345967
0.398450 0.345664
0.398549 0.345664
0.398648 0.345058
0.398747 0.345058
0.398846 0.345058
0.398945 0.345058
0.399044 0.344754
0.399143 0.344451
0.399242 0.344451
0.399340 0.344148
0.399439 0.344148
0.399538 0.343542
0.399637 0.343542
0.399736 0.343542
0.399835 0.343542
0.399934 0.343542
0.400033 0.343542
0.400132 0.343542
0.400231 0.343542
0.400330 0.343542
0.400429 0.343542
0.400528 0.342935
0.400627 0.342935
0.400726 0.342935
0.400825 0.342935
0.400924 0.342935
0.401023 0.342935
0.401122 0.342935
0.401221 0.342935
0.401320 0.342329
0.401419 0.342329
0.401518 0.342329
0.401617 0.342329
0.401716 0.342025
0.401815 0.341722
0.401914 0.341116
0.402013 0.340813
0.402112 0.340509
0.402211 0.339600
0.402310 0.339600
0.402409 0.339297
0.402508 0.339297
0.402607 0.338993
0.402706 0.338993
0.402805 0.338993
0.402904 0.338690
0.403003 0.338387
0.403102 0.338084
0.403201 0.338084
0.403300 0.337477
0.403399 0.337174
0.403498 0.337174
0.403597 0.336871
0.403696 0.336871
0.403795 0.336871
0.403894 0.336871
0.403993 0.336568
0.404092 0.336568
0.404191 0.336568
0.404290 0.336264
0.404389 0.335961
0.404488 0.335355
0.404587 0.335355
0.404686 0.335355
0.404785 0.335355
0.404884 0.335355
0.404983 0.335355
0.405082 0.335052
0.405181 0.335052
0.405280 0.335052
0.405379 0.334748
0.405478 0.334748
0.405577 0.334142
0.405676 0.333839
0.405775 0.333535
0.405874 0.333535
0.405973 0.333535
0.406072 0.333535
0.406171 0.333232
0.406270 0.333232
0.406369 0.333232
0.406468 0.333232
0.406567 0.333232
0.406666 0.332929
0.406765 0.332929
0.406864 0.332929
0.406963 0.332626
0.407062 0.332626
0.407161 0.332626
0.407260 0.332323
0.407359 0.332323
0.407458 0.332323
0.407557 0.332323
0.407656 0.332323
0.407755 0.332323
0.407854 0.332019
0.407953 0.332019
0.408052 0.331716
0.408151 0.331716
0.408250 0.331413
0.408349 0.331110
0.408448 0.331110
0.408547 0.330807
0.408646 0.330807
0.408745 0.330807
0.408844 0.330807
0.408943 0.330807
0.409042 0.330807
0.409141 0.330503
0.409240 0.330503
0.409339 0.330503
0.409438 0.330200
0.409537 0.330200
0.409636 0.329897
0.409735 0.329897
0.409834 0.329897
0.409933 0.329897
0.410031 0.329897
0.410130 0.329897
0.410229 0.329897
0.410328 0.329594
0.410427 0.329594
0.410526 0.329594
0.410625 0.329594
0.410724 0.329594
0.410823 0.329594
0.410922 0.329594
0.411021 0.329594
0.411120 0.329594
0.411219 0.329594
0.411318 0.329290
0.411417 0.329290
0.411516 0.328684
0.411615 0.328684
0.411714 0.328684
0.411813 0.328684
0.411912 0.328381
0.412011 0.328381
0.412110 0.328078
0.412209 0.327774
0.412308 0.327774
0.412407 0.327774
0.412506 0.327774
0.412605 0.326865
0.412704 0.326865
0.412803 0.326865
0.412902 0.326258
0.413001 0.326258
0.413100 0.326258
0.413199 0.325955
0.413298 0.325955
0.413397 0.325955
0.413496 0.325955
0.413595 0.325349
0.413694 0.325045
0.413793 0.325045
0.413892 0.324742
0.413991 0.324439
0.414090 0.324439
0.414189 0.324439
0.414288 0.324439
0.414387 0.324439
0.414486 0.324439
0.414585 0.324439
0.414684 0.324439
0.414783 0.324439
0.414882 0.324136
0.414981 0.324136
0.415080 0.324136
0.415179 0.323833
0.415278 0.323833
0.415377 0.323529
0.415476 0.323529
0.415575 0.323529
0.415674 0.323226
0.415773 0.323226
0.415872 0.322923
0.415971 0.322620
0.416070 0.322620
0.416169 0.322620
0.416268 0.322620
0.416367 0.322620
0.416466 0.322620
0.416565 0.322620
0.416664 0.321710
0.416763 0.321710
0.416862 0.321407
0.416961 0.321407
0.417060 0.321407
0.417159 0.321407
0.417258 0.321407
0.417357 0.320800
0.417456 0.320497
0.417555 0.320497
0.417654 0.320194
0.417753 0.320194
0.417852 0.320194
0.417951 0.320194
0.418050 0.320194
0.418149 0.320194
0.418248 0.320194
0.418347 0.320194
0.418446 0.320194
0.418545 0.320194
0.418644 0.320194
0.418743 0.319588
0.418842 0.319588
0.418941 0.319588
0.419040 0.319284
0.419139 0.319284
0.419238 0.319284
0.419337 0.319284
0.419436 0.318981
0.419535 0.318678
0.419634 0.318678
0.419733 0.318678
0.419832 0.318678
0.419931 0.318678
0.420030 0.318678
0.420129 0.318375
0.420228 0.318072
0.420327 0.317768
0.420426 0.317768
0.420525 0.317768
0.420623 0.317768
0.420722 0.317768
0.420821 0.317768
0.420920 0.317768
0.421019 0.317768
0.421118 0.317162
0.421217 0.316859
0.421316 0.316859
0.421415 0.316859
0.421514 0.316859
0.421613 0.316859
0.421712 0.316859
0.421811 0.316555
0.421910 0.316252
0.422009 0.316252
0.422108 0.316252
0.422207 0.316252
0.422306 0.316252
0.422405 0.316252
0.422504 0.316252
0.422603 0.315949
0.422702 0.315949
0.422801 0.315949
0.422900 0.315646
0.422999 0.315343
0.423098 0.315039
0.423197 0.315039
0.423296 0.315039
0.423395 0.315039
0.423494 0.315039
0.423593 0.315039
0.423692 0.315039
0.423791 0.315039
0.423890 0.314736
0.423989 0.314433
0.424088 0.314433
0.424187 0.314433
0.424286 0.314130
0.424385 0.314130
0.424484 0.314130
0.424583 0.313827
0.424682 0.313827
0.424781 0.313827
0.424880 0.313523
0.424979 0.313523
0.425078 0.313523
0.425177 0.313220
0.425276 0.312917
0.425375 0.312917
0.425474 0.312917
0.425573 0.312917
0.425672 0.312917
0.425771 0.312917
0.425870 0.312917
0.425969 0.312917
0.426068 0.312917
0.426167 0.312614
0.426266 0.312310
0.426365 0.312310
0.426464 0.312007
0.426563 0.312007
0.426662 0.312007
0.426761 0.312007
0.426860 0.311401
0.426959 0.311401
0.427058 0.311401
0.427157 0.311401
0.427256 0.311401
0.427355 0.311401
0.427454 0.311098
0.427553 0.311098
0.427652 0.311098
0.427751 0.311098
0.427850 0.310794
0.427949 0.310794
0.428048 0.310794
0.428147 0.310794
0.428246 0.310794
0.428345 0.310794
0.428444 0.310794
0.428543 0.310794
0.428642 0.310794
0.428741 0.310794
0.428840 0.310188
0.428939 0.309885
0.429038 0.309885
0.429137 0.309582
0.429236 0.309582
0.429335 0.309582
0.429434 0.309278
0.429533 0.308975
0.429632 0.308975
0.429731 0.308672
0.429830 0.308369
0.429929 0.307762
0.430028 0.307762
0.430127 0.307762
0.430226 0.307459
0.430325 0.307459
0.430424 0.307459
0.430523 0.307156
0.430622 0.306853
0.430721 0.306853
0.430820 0.306853
0.430919 0.306853
0.431018 0.306246
0.431117 0.306246
0.431216 0.306246
0.431314 0.305943
0.431413 0.305943
0.431512 0.305640
0.431611 0.305640
0.431710 0.305640
0.431809 0.305640
0.431908 0.305640
0.432007 0.305337
0.432106 0.305033
0.432205 0.305033
0.432304 0.305033
0.432403 0.305033
0.432502 0.305033
0.432601 0.304427
0.432700 0.304427
0.432799 0.303820
0.432898 0.303517
0.432997 0.303517
0.433096 0.303517
0.433195 0.303214
0.433294 0.303214
0.433393 0.302911
0.433492 0.302911
0.433591 0.302911
0.433690 0.302911
0.433789 0.302608
0.433888 0.302608
0.433987 0.302608
0.434086 0.302608
0.434185 0.302608
0.434284 0.302608
0.434383 0.302608
0.434482 0.302608
0.434581 0.302608
0.434680 0.302608
0.434779 0.302608
0.434878 0.302608
0.434977 0.302608
0.435076 0.302001
0.435175 0.302001
0.435274 0.302001
0.435373 0.301698
0.435472 0.301395
0.435571 0.301395
0.435670 0.301092
0.435769 0.301092
0.435868 0.301092
0.435967 0.301092
0.436066 0.301092
0.436165 0.300485
0.436264 0.300182
0.436363 0.300182
0.436462 0.300182
0.436561 0.300182
0.436660 0.300182
0.436759 0.300182
0.436858 0.300182
0.436957 0.300182
0.437056 0.300182
0.437155 0.300182
0.437254 0.300182
0.437353 0.300182
0.437452 0.300182
0.437551 0.300182
0.437650 0.300182
0.437749 0.299879
0.437848 0.299576
0.437947 0.299576
0.438046 0.299576
0.438145 0.299576
0.438244 0.299576
0.438343 0.299272
0.438442 0.299272
0.438541 0.299272
0.438640 0.298969
0.438739 0.298969
0.438838 0.298969
0.438937 0.298666
0.439036 0.298363
0.439135 0.297756
0.439234 0.297756
0.439333 0.297453
0.439432 0.297150
0.439531 0.297150
0.439630 0.296847
0.439729 0.296847
0.439828 0.296240
0.439927 0.296240
0.440026 0.295937
0.440125 0.295634
0.440224 0.295634
0.440323 0.295634
0.440422 0.295634
0.440521 0.295634
0.440620 0.295634
0.440719 0.295634
0.440818 0.295634
0.440917 0.295634
0.441016 0.295331
0.441115 0.295331
0.441214 0.295027
0.441313 0.295027
0.441412 0.295027
0.441511 0.295027
0.441610 0.295027
0.441709 0.295027
0.441808 0.295027
0.441907 0.295027
0.442005 0.294724
0.442104 0.294421
0.442203 0.294421
0.442302 0.294421
0.442401 0.294118
0.442500 0.294118
0.442599 0.293814
0.442698 0.293814
0.442797 0.293814
0.442896 0.293814
0.442995 0.293814
0.443094 0.293511
0.443193 0.293208
0.443292 0.293208
0.443391 0.293208
0.443490 0.293208
0.443589 0.293208
0.443688 0.293208
0.443787 0.292905
0.443886 0.292298
0.443985 0.292298
0.444084 0.292298
0.444183 0.291692
0.444282 0.291692
0.444381 0.291389
0.444480 0.291389
0.444579 0.291086
0.444678 0.291086
0.444777 0.291086
0.444876 0.291086
0.444975 0.290782
0.445074 0.290479
0.445173 0.290176
0.445272 0.290176
0.445371 0.289873
0.445470 0.289873
0.445569 0.289873
0.445668 0.289873
0.445767 0.289873
0.445866 0.289266
0.445965 0.289266
0.446064 0.288963
0.446163 0.288660
0.446262 0.288660
0.446361 0.288660
0.446460 0.288357
0.446559 0.288053
0.446658 0.288053
0.446757 0.287750
0.446856 0.287750
0.446955 0.287750
0.447054 0.287447
0.447153 0.287447
0.447252 0.287447
0.447351 0.287447
0.447450 0.287447
0.447549 0.287447
0.447648 0.287144
0.447747 0.287144
0.447846 0.287144
0.447945 0.287144
0.448044 0.287144
0.448143 0.287144
0.448242 0.286841
0.448341 0.286841
0.448440 0.286841
0.448539 0.286841
0.448638 0.286537
0.448737 0.286234
0.448836 0.286234
0.448935 0.286234
0.449034 0.286234
0.449133 0.286234
0.449232 0.285931
0.449331 0.285931
0.449430 0.285931
0.449529 0.285931
0.449628 0.285931
0.449727 0.285931
0.449826 0.285931
0.449925 0.285628
0.450024 0.285628
0.450123 0.285628
0.450222 0.285628
0.450321 0.285628
0.450420 0.285628
0.450519 0.285628
0.450618 0.285324
0.450717 0.285324
0.450816 0.285021
0.450915 0.285021
0.451014 0.285021
0.451113 0.284718
0.451212 0.284718
0.451311 0.284415
0.451410 0.284415
0.451509 0.284415
0.451608 0.284415
0.451707 0.284415
0.451806 0.284112
0.451905 0.283808
0.452004 0.283505
0.452103 0.283505
0.452202 0.283505
0.452301 0.283505
0.452400 0.283505
0.452499 0.283505
0.452598 0.283202
0.452696 0.283202
0.452795 0.283202
0.452894 0.282899
0.452993 0.282899
0.453092 0.282596
0.453191 0.282596
0.453290 0.282596
0.453389 0.282596
0.453488 0.282596
0.453587 0.282596
0.453686 0.282596
0.453785 0.282292
0.453884 0.282292
0.453983 0.282292
0.454082 0.282292
0.454181 0.281989
0.454280 0.281989
0.454379 0.281686
0.454478 0.281686
0.454577 0.281686
0.454676 0.281686
0.454775 0.281686
0.454874 0.281686
0.454973 0.281383
0.455072 0.281383
0.455171 0.280776
0.455270 0.280776
0.455369 0.280776
0.455468 0.280776
0.455567 0.280776
0.455666 0.280170
0.455765 0.280170
0.455864 0.280170
0.455963 0.279867
0.456062 0.279867
0.456161 0.279867
0.456260 0.279867
0.456359 0.279867
0.456458 0.279867
0.456557 0.279867
0.456656 0.279867
0.456755 0.279563
0.456854 0.279563
0.456953 0.279260
0.457052 0.279260
0.457151 0.278957
0.457250 0.278957
0.457349 0.278957
0.457448 0.278957
0.457547 0.278957
0.457646 0.278654
0.457745 0.278351
0.457844 0.278047
0.457943 0.278047
0.458042 0.278047
0.458141 0.278047
0.458240 0.277744
0.458339 0.277744
0.458438 0.277744
0.458537 0.277744
0.458636 0.277744
0.458735 0.277744
0.458834 0.277441
0.458933 0.277138
0.459032 0.276834
0.459131 0.276531
0.459230 0.276531
0.459329 0.276228
0.459428 0.276228
0.459527 0.276228
0.459626 0.275925
0.459725 0.275925
0.459824 0.275925
0.459923 0.275622
0.460022 0.275622
0.460121 0.275622
0.460220 0.275622
0.460319 0.275318
0.460418 0.275015
0.460517 0.275015
0.460616 0.275015
0.460715 0.275015
0.460814 0.275015
0.460913 0.275015
0.461012 0.275015
0.461111 0.275015
0.461210 0.274712
0.461309 0.274712
0.461408 0.274712
0.461507 0.274712
0.461606 0.274409
0.461705 0.274409
0.461804 0.274409
0.461903 0.274409
0.462002 0.274409
0.462101 0.274106
0.462200 0.274106
0.462299 0.273802
0.462398 0.273802
0.462497 0.273499
0.462596 0.273499
0.462695 0.273499
0.462794 0.273499
0.462893 0.273196
0.462992 0.273196
0.463091 0.273196
0.463190 0.273196
0.463289 0.273196
0.463387 0.272589
0.463486 0.272589
0.463585 0.272286
0.463684 0.271983
0.463783 0.271983
0.463882 0.271983
0.463981 0.271680
0.464080 0.271680
0.464179 0.271680
0.464278 0.271377
0.464377 0.271377
0.464476 0.271377
0.464575 0.271377
0.464674 0.271377
0.464773 0.271377
0.464872 0.271377
0.464971 0.271377
0.465070 0.271377
0.465169 0.271377
0.465268 0.271377
0.465367 0.271073
0.465466 0.271073
0.465565 0.271073
0.465664 0.271073
0.465763 0.271073
0.465862 0.270770
0.465961 0.270770
0.466060 0.270467
0.466159 0.270467
0.466258 0.270467
0.466357 0.270467
0.466456 0.270164
0.466555 0.270164
0.466654 0.270164
0.466753 0.270164
0.466852 0.269861
0.466951 0.269861
0.467050 0.269861
0.467149 0.269861
0.467248 0.269861
0.467347 0.269861
0.467446 0.269557
0.467545 0.268951
0.467644 0.268951
0.467743 0.268951
0.467842 0.268951
0.467941 0.268951
0.468040 0.268951
0.468139 0.268951
0.468238 0.268951
0.468337 0.268951
0.468436 0.268951
0.468535 0.268951
0.468634 0.268951
0.468733 0.268951
0.468832 0.268344
0.468931 0.268344
0.469030 0.268344
0.469129 0.268344
0.469228 0.268344
0.469327 0.268344
0.469426 0.268344
0.469525 0.268041
0.469624 0.268041
0.469723 0.268041
0.469822 0.268041
0.469921 0.268041
0.470020 0.268041
0.470119 0.268041
0.470218 0.268041
0.470317 0.267738
0.470416 0.267738
0.470515 0.267738
0.470614 0.267435
0.470713 0.267435
0.470812 0.267435
0.470911 0.267435
0.471010 0.267435
0.471109 0.267435
0.471208 0.267435
0.471307 0.267435
0.471406 0.267435
0.471505 0.267132
0.471604 0.267132
0.471703 0.266828
0.471802 0.266828
0.471901 0.266525
0.472000 0.266525
0.472099 0.266525
0.472198 0.266222
0.472297 0.265616
0.472396 0.265616
0.472495 0.265616
0.472594 0.265616
0.472693 0.265616
0.472792 0.265616
0.472891 0.265616
0.472990 0.265616
0.473089 0.265616
0.473188 0.265616
0.473287 0.265616
0.473386 0.265312
0.473485 0.265312
0.473584 0.265312
0.473683 0.265312
0.473782 0.265312
0.473881 0.265312
0.473979 0.265312
0.474078 0.264706
0.474177 0.264706
0.474276 0.264706
0.474375 0.264706
0.474474 0.264706
0.474573 0.264706
0.474672 0.264706
0.474771 0.264706
0.474870 0.264706
0.474969 0.264706
0.475068 0.264706
0.475167 0.264706
0.475266 0.264706
0.475365 0.264706
0.475464 0.264403
0.475563 0.264099
0.475662 0.264099
0.475761 0.263796
0.475860 0.263493
0.475959 0.263493
0.476058 0.263493
0.476157 0.263493
0.476256 0.263493
0.476355 0.263493
0.476454 0.263190
0.476553 0.263190
0.476652 0.263190
0.476751 0.263190
0.476850 0.263190
0.476949 0.262887
0.477048 0.262887
0.477147 0.262887
0.477246 0.262887
0.477345 0.262583
0.477444 0.262583
0.477543 0.262583
0.477642 0.262583
0.477741 0.262583
0.477840 0.262583
0.477939 0.262583
0.478038 0.262583
0.478137 0.262583
0.478236 0.262280
0.478335 0.262280
0.478434 0.261977
0.478533 0.261977
0.478632 0.261977
0.478731 0.261977
0.478830 0.261977
0.478929 0.261674
0.479028 0.261674
0.479127 0.261674
0.479226 0.261674
0.479325 0.261674
0.479424 0.261674
0.479523 0.261371
0.479622 0.261067
0.479721 0.261067
0.479820 0.261067
0.479919 0.261067
0.480018 0.260461
0.480117 0.260461
0.480216 0.260461
0.480315 0.260461
0.480414 0.260461
0.480513 0.260461
0.480612 0.260461
0.480711 0.260461
0.480810 0.260158
0.480909 0.260158
0.481008 0.260158
0.481107 0.260158
0.481206 0.260158
0.481305 0.259854
0.481404 0.259854
0.481503 0.259854
0.481602 0.259551
0.481701 0.259248
0.481800 0.259248
0.481899 0.258945
0.481998 0.258945
0.482097 0.258945
0.482196 0.258642
0.482295 0.258642
0.482394 0.258338
0.482493 0.258338
0.482592 0.258338
0.482691 0.258035
0.482790 0.257732
0.482889 0.257732
0.482988 0.257429
0.483087 0.257126
0.483186 0.257126
0.483285 0.257126
0.483384 0.256822
0.483483 0.256822
0.483582 0.256216
0.483681 0.255609
0.483780 0.255003
0.483879 0.255003
0.483978 0.254397
0.484077 0.254093
0.484176 0.254093
0.484275 0.253790
0.484374 0.253790
0.484473 0.253487
0.484572 0.253487
0.484670 0.253487
0.484769 0.253487
0.484868 0.253487
0.484967 0.253487
0.485066 0.253487
0.485165 0.252881
0.485264 0.252881
0.485363 0.252274
0.485462 0.252274
0.485561 0.252274
0.485660 0.251971
0.485759 0.251971
0.485858 0.251971
0.485957 0.251971
0.486056 0.251668
0.486155 0.251364
0.486254 0.251364
0.486353 0.251364
0.486452 0.251364
0.486551 0.251364
0.486650 0.251364
0.486749 0.251364
0.486848 0.251364
0.486947 0.251364
0.487046 0.251364
0.487145 0.251364
0.487244 0.251061
0.487343 0.250758
0.487442 0.250758
0.487541 0.250455
0.487640 0.250455
0.487739 0.250455
0.487838 0.250455
0.487937 0.250455
0.488036 0.250152
0.488135 0.249848
0.488234 0.249848
0.488333 0.249545
0.488432 0.249545
0.488531 0.249545
0.488630 0.249545
0.488729 0.249545
0.488828 0.249545
0.488927 0.249545
0.489026 0.249242
0.489125 0.249242
0.489224 0.249242
0.489323 0.249242
0.489422 0.249242
0.489521 0.249242
0.489620 0.248939
0.489719 0.248636
0.489818 0.248636
0.489917 0.248636
0.490016 0.248636
0.490115 0.248636
0.490214 0.248636
0.490313 0.248636
0.490412 0.248636
0.490511 0.248636
0.490610 0.248636
0.490709 0.248636
0.490808 0.248636
0.490907 0.248332
0.491006 0.248332
0.491105 0.248029
0.491204 0.248029
0.491303 0.248029
0.491402 0.247726
0.491501 0.247726
0.491600 0.247423
0.491699 0.247423
0.491798 0.246816
0.491897 0.246816
0.491996 0.246210
0.492095 0.246210
0.492194 0.246210
0.492293 0.245907
0.492392 0.245603
0.492491 0.245603
0.492590 0.245603
0.492689 0.245603
0.492788 0.245300
0.492887 0.244997
0.492986 0.244997
0.493085 0.244997
0.493184 0.244694
0.493283 0.244694
0.493382 0.244694
0.493481 0.244391
0.493580 0.244391
0.493679 0.244087
0.493778 0.243784
0.493877 0.243784
0.493976 0.243481
0.494075 0.243481
0.494174 0.243481
0.494273 0.243178
0.494372 0.242874
0.494471 0.242874
0.494570 0.242874
0.494669 0.242874
0.494768 0.242874
0.494867 0.242571
0.494966 0.241965
0.495065 0.241662
0.495164 0.241662
0.495263 0.241662
0.495361 0.241662
0.495460 0.241662
0.495559 0.241662
0.495658 0.241662
0.495757 0.241662
0.495856 0.241662
0.495955 0.241662
0.496054 0.241358
0.496153 0.241358
0.496252 0.241358
0.496351 0.241358
0.496450 0.241358
0.496549 0.241358
0.496648 0.241358
0.496747 0.241358
0.496846 0.241055
0.496945 0.241055
0.497044 0.241055
0.497143 0.240752
0.497242 0.240449
0.497341 0.240449
0.497440 0.240449
0.497539 0.240449
0.497638 0.240146
0.497737 0.240146
0.497836 0.240146
0.497935 0.240146
0.498034 0.239842
0.498133 0.239842
0.498232 0.239842
0.498331 0.239842
0.498430 0.239842
0.498529 0.239842
0.498628 0.239842
0.498727 0.239842
0.498826 0.239842
0.498925 0.239842
0.499024 0.239539
0.499123 0.239539
0.499222 0.239539
0.499321 0.239539
0.499420 0.239539
0.499519 0.239539
0.499618 0.239539
0.499717 0.238933
0.499816 0.238933
0.499915 0.238933
0.500014 0.238933
0.500113 0.238933
0.500212 0.238933
0.500311 0.238933
0.500410 0.238326
0.500509 0.238326
0.500608 0.238326
0.500707 0.238326
0.500806 0.238023
0.500905 0.238023
0.501004 0.238023
0.501103 0.237720
0.501202 0.237417
0.501301 0.237417
0.501400 0.237417
0.501499 0.237417
0.501598 0.237417
0.501697 0.237113
0.501796 0.236810
0.501895 0.236810
0.501994 0.236810
0.502093 0.236810
0.502192 0.236507
0.502291 0.236204
0.502390 0.235901
0.502489 0.235597
0.502588 0.235597
0.502687 0.235597
0.502786 0.235597
0.502885 0.235294
0.502984 0.235294
0.503083 0.235294
0.503182 0.234991
0.503281 0.234991
0.503380 0.234991
0.503479 0.234991
0.503578 0.234991
0.503677 0.234991
0.503776 0.234688
0.503875 0.234688
0.503974 0.234688
0.504073 0.234384
0.504172 0.234081
0.504271 0.234081
0.504370 0.234081
0.504469 0.234081
0.504568 0.234081
0.504667 0.234081
0.504766 0.233778
0.504865 0.233475
0.504964 0.233172
0.505063 0.233172
0.505162 0.233172
0.505261 0.232868
0.505360 0.231959
0.505459 0.231656
0.505558 0.231656
0.505657 0.231656
0.505756 0.231656
0.505855 0.231656
0.505954 0.231656
0.506052 0.231656
0.506151 0.231656
0.506250 0.231352
0.506349 0.231049
0.506448 0.231049
0.506547 0.231049
0.506646 0.231049
0.506745 0.230746
0.506844 0.230443
0.506943 0.230443
0.507042 0.230443
0.507141 0.230443
0.507240 0.230443
0.507339 0.229836
0.507438 0.229836
0.507537 0.229836
0.507636 0.229836
0.507735 0.229533
0.507834 0.229230
0.507933 0.229230
0.508032 0.229230
0.508131 0.229230
0.508230 0.229230
0.508329 0.229230
0.508428 0.228927
0.508527 0.228623
0.508626 0.228320
0.508725 0.228320
0.508824 0.228320
0.508923 0.228320
0.509022 0.228320
0.509121 0.228320
0.509220 0.228017
0.509319 0.227714
0.509418 0.227714
0.509517 0.227714
0.509616 0.227411
0.509715 0.227411
0.509814 0.227411
0.509913 0.227411
0.510012 0.227411
0.510111 0.227411
0.510210 0.227107
0.510309 0.227107
0.510408 0.227107
0.510507 0.227107
0.510606 0.227107
0.510705 0.226804
0.510804 0.226804
0.510903 0.226804
0.511002 0.226804
0.511101 0.226804
0.511200 0.226804
0.511299 0.226501
0.511398 0.226501
0.511497 0.226501
0.511596 0.226501
0.511695 0.226501
0.511794 0.226501
0.511893 0.226501
0.511992 0.226501
0.512091 0.226501
0.512190 0.226198
0.512289 0.225894
0.512388 0.225894
0.512487 0.225591
0.512586 0.225288
0.512685 0.225288
0.512784 0.225288
0.512883 0.225288
0.512982 0.224985
0.513081 0.224682
0.513180 0.224378
0.513279 0.224075
0.513378 0.224075
0.513477 0.224075
0.513576 0.224075
0.513675 0.224075
0.513774 0.224075
0.513873 0.224075
0.513972 0.223772
0.514071 0.223772
0.514170 0.223772
0.514269 0.223166
0.514368 0.223166
0.514467 0.222862
0.514566 0.222862
0.514665 0.222862
0.514764 0.222862
0.514863 0.222862
0.514962 0.222862
0.515061 0.222559
0.515160 0.222559
0.515259 0.222256
0.515358 0.221953
0.515457 0.221953
0.515556 0.221953
0.515655 0.221953
0.515754 0.221953
0.515853 0.221953
0.515952 0.221953
0.516051 0.221953
0.516150 0.221953
0.516249 0.221953
0.516348 0.221649
0.516447 0.221649
0.516546 0.221649
0.516645 0.221649
0.516743 0.221649
0.516842 0.221649
0.516941 0.221649
0.517040 0.221649
0.517139 0.221346
0.517238 0.221346
0.517337 0.221346
0.517436 0.221346
0.517535 0.221346
0.517634 0.221346
0.517733 0.221043
0.517832 0.221043
0.517931 0.220437
0.518030 0.220133
0.518129 0.220133
0.518228 0.220133
0.518327 0.220133
0.518426 0.220133
0.518525 0.220133
0.518624 0.220133
0.518723 0.220133
0.518822 0.219830
0.518921 0.219527
0.519020 0.219224
0.519119 0.219224
0.519218 0.218617
0.519317 0.218617
0.519416 0.218314
0.519515 0.218314
0.519614 0.218011
0.519713 0.218011
0.519812 0.218011
0.519911 0.218011
0.520010 0.218011
0.520109 0.218011
0.520208 0.218011
0.520307 0.218011
0.520406 0.217708
0.520505 0.217404
0.520604 0.217404
0.520703 0.217404
0.520802 0.217404
0.520901 0.217404
0.521000 0.217404
0.521099 0.217101
0.521198 0.217101
0.521297 0.216798
0.521396 0.216798
0.521495 0.216798
0.521594 0.216798
0.521693 0.216798
0.521792 0.216798
0.521891 0.216798
0.521990 0.216798
0.522089 0.216495
0.522188 0.216192
0.522287 0.216192
0.522386 0.216192
0.522485 0.216192
0.522584 0.215888
0.522683 0.215585
0.522782 0.215585
0.522881 0.215585
0.522980 0.215282
0.523079 0.215282
0.523178 0.215282
0.523277 0.215282
0.523376 0.215282
0.523475 0.214979
0.523574 0.214979
0.523673 0.214979
0.523772 0.214979
0.523871 0.214979
0.523970 0.214676
0.524069 0.214372
0.524168 0.214372
0.524267 0.214069
0.524366 0.214069
0.524465 0.214069
0.524564 0.214069
0.524663 0.214069
0.524762 0.214069
0.524861 0.213766
0.524960 0.213766
0.525059 0.213463
0.525158 0.213463
0.525257 0.213159
0.525356 0.212856
0.525455 0.212553
0.525554 0.212553
0.525653 0.211947
0.525752 0.211947
0.525851 0.211947
0.525950 0.211643
0.526049 0.211643
0.526148 0.211643
0.526247 0.211643
0.526346 0.211643
0.526445 0.211340
0.526544 0.210734
0.526643 0.210431
0.526742 0.210127
0.526841 0.210127
0.526940 0.210127
0.527039 0.210127
0.527138 0.210127
0.527237 0.210127
0.527335 0.209824
0.527434 0.209824
0.527533 0.209824
0.527632 0.209521
0.527731 0.209218
0.527830 0.209218
0.527929 0.209218
0.528028 0.209218
0.528127 0.208914
0.528226 0.208611
0.528325 0.208611
0.528424 0.208611
0.528523 0.208611
0.528622 0.208611
0.528721 0.208611
0.528820 0.208611
0.528919 0.208611
0.529018 0.208611
0.529117 0.208308
0.529216 0.208308
0.529315 0.208005
0.529414 0.208005
0.529513 0.208005
0.529612 0.208005
0.529711 0.208005
0.529810 0.207702
0.529909 0.207702
0.530008 0.207398
0.530107 0.207398
0.530206 0.207398
0.530305 0.207398
0.530404 0.207398
0.530503 0.207398
0.530602 0.207398
0.530701 0.207095
0.530800 0.206792
0.530899 0.206489
0.530998 0.206489
0.531097 0.206489
0.531196 0.206489
0.531295 0.206489
0.531394 0.206489
0.531493 0.205882
0.531592 0.205882
0.531691 0.205579
0.531790 0.205579
0.531889 0.205579
0.531988 0.205579
0.532087 0.205579
0.532186 0.205579
0.532285 0.205579
0.532384 0.205276
0.532483 0.204973
0.532582 0.204669
0.532681 0.204669
0.532780 0.204669
0.532879 0.204669
0.532978 0.204366
0.533077 0.204063
0.533176 0.204063
0.533275 0.204063
0.533374 0.203760
0.533473 0.203760
0.533572 0.203457
0.533671 0.203457
0.533770 0.203153
0.533869 0.203153
0.533968 0.203153
0.534067 0.203153
0.534166 0.203153
0.534265 0.203153
0.534364 0.202850
0.534463 0.202850
0.534562 0.202850
0.534661 0.202850
0.534760 0.202850
0.534859 0.202850
0.534958 0.202850
0.535057 0.202850
0.535156 0.202850
0.535255 0.202547
0.535354 0.202547
0.535453 0.201941
0.535552 0.201941
0.535651 0.201941
0.535750 0.201637
0.535849 0.201637
0.535948 0.201637
0.536047 0.201637
0.536146 0.201637
0.536245 0.201637
0.536344 0.201334
0.536443 0.201334
0.536542 0.201334
0.536641 0.201334
0.536740 0.201031
0.536839 0.201031
0.536938 0.200424
0.537037 0.200424
0.537136 0.199818
0.537235 0.199818
0.537334 0.199818
0.537433 0.199818
0.537532 0.199818
0.537631 0.199515
0.537730 0.199515
0.537829 0.199515
0.537928 0.199515
0.538026 0.199515
0.538125 0.199212
0.538224 0.199212
0.538323 0.198908
0.538422 0.198605
0.538521 0.198605
0.538620 0.198302
0.538719 0.197999
0.538818 0.197999
0.538917 0.197392
0.539016 0.197089
0.539115 0.197089
0.539214 0.197089
0.539313 0.197089
0.539412 0.196483
0.539511 0.196483
0.539610 0.196180
0.539709 0.196180
0.539808 0.195876
0.539907 0.195876
0.540006 0.195573
0.540105 0.195270
0.540204 0.195270
0.540303 0.195270
0.540402 0.195270
0.540501 0.194967
0.540600 0.194663
0.540699 0.194663
0.540798 0.194663
0.540897 0.194663
0.540996 0.194663
0.541095 0.194360
0.541194 0.194057
0.541293 0.194057
0.541392 0.194057
0.541491 0.194057
0.541590 0.193754
0.541689 0.193754
0.541788 0.193754
0.541887 0.193754
0.541986 0.193754
0.542085 0.193754
0.542184 0.193754
0.542283 0.193754
0.542382 0.193754
0.542481 0.193451
0.542580 0.193451
0.542679 0.193451
0.542778 0.193451
0.542877 0.193147
0.542976 0.192844
0.543075 0.192844
0.543174 0.192844
0.543273 0.192844
0.543372 0.192541
0.543471 0.192541
0.543570 0.192238
0.543669 0.192238
0.543768 0.191935
0.543867 0.191935
0.543966 0.191935
0.544065 0.191935
0.544164 0.191631
0.544263 0.191631
0.544362 0.191631
0.544461 0.191631
0.544560 0.191631
0.544659 0.191328
0.544758 0.191025
0.544857 0.191025
0.544956 0.191025
0.545055 0.191025
0.545154 0.191025
0.545253 0.191025
0.545352 0.191025
0.545451 0.190722
0.545550 0.190722
0.545649 0.190722
0.545748 0.190722
0.545847 0.190722
0.545946 0.190722
0.546045 0.190418
0.546144 0.190418
0.546243 0.190418
0.546342 0.190418
0.546441 0.190418
0.546540 0.190418
0.546639 0.190418
0.546738 0.190418
0.546837 0.190418
0.546936 0.190418
0.547035 0.190418
0.547134 0.190115
0.547233 0.190115
0.547332 0.190115
0.547431 0.189812
0.547530 0.189812
0.547629 0.189812
0.547728 0.189206
0.547827 0.189206
0.547926 0.189206
0.548025 0.189206
0.548124 0.188599
0.548223 0.188599
0.548322 0.188296
0.548421 0.188296
0.548520 0.188296
0.548619 0.188296
0.548717 0.187993
0.548816 0.187993
0.548915 0.187993
0.549014 0.187993
0.549113 0.187993
0.549212 0.187993
0.549311 0.187690
0.549410 0.187690
0.549509 0.187690
0.549608 0.187690
0.549707 0.187690
0.549806 0.187690
0.549905 0.187690
0.550004 0.187690
0.550103 0.187690
0.550202 0.187690
0.550301 0.187690
0.550400 0.187690
0.550499 0.187690
0.550598 0.187690
0.550697 0.187690
0.550796 0.187690
0.550895 0.187690
0.550994 0.187690
0.551093 0.187690
0.551192 0.187690
0.551291 0.187690
0.551390 0.187690
0.551489 0.187386
0.551588 0.187386
0.551687 0.187386
0.551786 0.187386
0.551885 0.187083
0.551984 0.187083
0.552083 0.187083
0.552182 0.186780
0.552281 0.186780
0.552380 0.186477
0.552479 0.186477
0.552578 0.186477
0.552677 0.186173
0.552776 0.185870
0.552875 0.185870
0.552974 0.185870
0.553073 0.185567
0.553172 0.185264
0.553271 0.184961
0.553370 0.184961
0.553469 0.184961
0.553568 0.184961
0.553667 0.184961
0.553766 0.184961
0.553865 0.184961
0.553964 0.184961
0.554063 0.184961
0.554162 0.184961
0.554261 0.184961
0.554360 0.184961
0.554459 0.184961
0.554558 0.184657
0.554657 0.184657
0.554756 0.184657
0.554855 0.184657
0.554954 0.184657
0.555053 0.184657
0.555152 0.184657
0.555251 0.184657
0.555350 0.184657
0.555449 0.184657
0.555548 0.184657
0.555647 0.184657
0.555746 0.184657
0.555845 0.184354
0.555944 0.184051
0.556043 0.183748
0.556142 0.183748
0.556241 0.183748
0.556340 0.183445
0.556439 0.183445
0.556538 0.183445
0.556637 0.183141
0.556736 0.183141
0.556835 0.183141
0.556934 0.182838
0.557033 0.182535
0.557132 0.182232
0.557231 0.182232
0.557330 0.182232
0.557429 0.182232
0.557528 0.182232
0.557627 0.182232
0.557726 0.181625
0.557825 0.181625
0.557924 0.181322
0.558023 0.181322
0.558122 0.181019
0.558221 0.180716
0.558320 0.180412
0.558419 0.180109
0.558518 0.180109
0.558617 0.180109
0.558716 0.180109
0.558815 0.180109
0.558914 0.180109
0.559013 0.179806
0.559112 0.179806
0.559211 0.179806
0.559310 0.179806
0.559408 0.179806
0.559507 0.179806
0.559606 0.179503
0.559705 0.179503
0.559804 0.179503
0.559903 0.179503
0.560002 0.179503
0.560101 0.179503
0.560200 0.179503
0.560299 0.179503
0.560398 0.179503
0.560497 0.179503
0.560596 0.179503
0.560695 0.179503
0.560794 0.179503
0.560893 0.178896
0.560992 0.178896
0.561091 0.178896
0.561190 0.178896
0.561289 0.178896
0.561388 0.178896
0.561487 0.178896
0.561586 0.178593
0.561685 0.178593
0.561784 0.178593
0.561883 0.177987
0.561982 0.177987
0.562081 0.177380
0.562180 0.177380
0.562279 0.177380
0.562378 0.177380
0.562477 0.177380
0.562576 0.177380
0.562675 0.177077
0.562774 0.177077
0.562873 0.177077
0.562972 0.177077
0.563071 0.177077
0.563170 0.177077
0.563269 0.177077
0.563368 0.177077
0.563467 0.176774
0.563566 0.176774
0.563665 0.176774
0.563764 0.176471
0.563863 0.176471
0.563962 0.176471
0.564061 0.176167
0.564160 0.176167
0.564259 0.175864
0.564358 0.175864
0.564457 0.175864
0.564556 0.175864
0.564655 0.175864
0.564754 0.175864
0.564853 0.175864
0.564952 0.175864
0.565051 0.175864
0.565150 0.175864
0.565249 0.175864
0.565348 0.175864
0.565447 0.175864
0.565546 0.175561
0.565645 0.175561
0.565744 0.175258
0.565843 0.174651
0.565942 0.174348
0.566041 0.174348
0.566140 0.174348
0.566239 0.174348
0.566338 0.174348
0.566437 0.174348
0.566536 0.174348
0.566635 0.173742
0.566734 0.173742
0.566833 0.173438
0.566932 0.173438
0.567031 0.173438
0.567130 0.173135
0.567229 0.173135
0.567328 0.173135
0.567427 0.173135
0.567526 0.173135
0.567625 0.173135
0.567724 0.173135
0.567823 0.173135
0.567922 0.173135
0.568021 0.173135
0.568120 0.173135
0.568219 0.173135
0.568318 0.173135
0.568417 0.173135
0.568516 0.173135
0.568615 0.173135
0.568714 0.173135
0.568813 0.173135
0.568912 0.173135
0.569011 0.173135
0.569110 0.172832
0.569209 0.172832
0.569308 0.172832
0.569407 0.172832
0.569506 0.172529
0.569605 0.172226
0.569704 0.172226
0.569803 0.172226
0.569902 0.172226
0.570001 0.172226
0.570099 0.172226
0.570198 0.172226
0.570297 0.172226
0.570396 0.172226
0.570495 0.172226
0.570594 0.172226
0.570693 0.172226
0.570792 0.172226
0.570891 0.171922
0.570990 0.171922
0.571089 0.171922
0.571188 0.171922
0.571287 0.171922
0.571386 0.171922
0.571485 0.171922
0.571584 0.171922
0.571683 0.171922
0.571782 0.171922
0.571881 0.171922
0.571980 0.171619
0.572079 0.171619
0.572178 0.171619
0.572277 0.171619
0.572376 0.171619
0.572475 0.171619
0.572574 0.171619
0.572673 0.171316
0.572772 0.171316
0.572871 0.171316
0.572970 0.171316
0.573069 0.171316
0.573168 0.171316
0.573267 0.171316
0.573366 0.170710
0.573465 0.170710
0.573564 0.170710
0.573663 0.170710
0.573762 0.170710
0.573861 0.170710
0.573960 0.170406
0.574059 0.170103
0.574158 0.170103
0.574257 0.170103
0.574356 0.170103
0.574455 0.170103
0.574554 0.170103
0.574653 0.168890
0.574752 0.168890
0.574851 0.168890
0.574950 0.168284
0.575049 0.167981
0.575148 0.167981
0.575247 0.167981
0.575346 0.167981
0.575445 0.167981
0.575544 0.167981
0.575643 0.167981
0.575742 0.167677
0.575841 0.167677
0.575940 0.167677
0.576039 0.167677
0.576138 0.167677
0.576237 0.167677
0.576336 0.167374
0.576435 0.167374
0.576534 0.167374
0.576633 0.167374
0.576732 0.166768
0.576831 0.166768
0.576930 0.166768
0.577029 0.166161
0.577128 0.166161
0.577227 0.166161
0.577326 0.166161
0.577425 0.166161
0.577524 0.165858
0.577623 0.165858
0.577722 0.165858
0.577821 0.165858
0.577920 0.165858
0.578019 0.165858
0.578118 0.165858
0.578217 0.165858
0.578316 0.165252
0.578415 0.165252
0.578514 0.165252
0.578613 0.165252
0.578712 0.165252
0.578811 0.164948
0.578910 0.164645
0.579009 0.164645
0.579108 0.164645
0.579207 0.164645
0.579306 0.164645
0.579405 0.164645
0.579504 0.164645
0.579603 0.164645
0.579702 0.164342
0.579801 0.164039
0.579900 0.164039
0.579999 0.164039
0.580098 0.164039
0.580197 0.164039
0.580296 0.164039
0.580395 0.164039
0.580494 0.164039
0.580593 0.164039
0.580691 0.164039
0.580790 0.164039
0.580889 0.163736
0.580988 0.163432
0.581087 0.163432
0.581186 0.163432
0.581285 0.163432
0.581384 0.163432
0.581483 0.163432
0.581582 0.163432
0.581681 0.163432
0.581780 0.163432
0.581879 0.163129
0.581978 0.162523
0.582077 0.162220
0.582176 0.161916
0.582275 0.161916
0.582374 0.161916
0.582473 0.161916
0.582572 0.161613
0.582671 0.161613
0.582770 0.161613
0.582869 0.161613
0.582968 0.161310
0.583067 0.161007
0.583166 0.161007
0.583265 0.161007
0.583364 0.161007
0.583463 0.161007
0.583562 0.160400
0.583661 0.160400
0.583760 0.160400
0.583859 0.160400
0.583958 0.160400
0.584057 0.160400
0.584156 0.160097
0.584255 0.160097
0.584354 0.160097
0.584453 0.160097
0.584552 0.159794
0.584651 0.159794
0.584750 0.159794
0.584849 0.159491
0.584948 0.159491
0.585047 0.159491
0.585146 0.159491
0.585245 0.159491
0.585344 0.159491
0.585443 0.159491
0.585542 0.159187
0.585641 0.159187
0.585740 0.159187
0.585839 0.159187
0.585938 0.158884
0.586037 0.158884
0.586136 0.158884
0.586235 0.158581
0.586334 0.158581
0.586433 0.158278
0.586532 0.158278
0.586631 0.158278
0.586730 0.157975
0.586829 0.157975
0.586928 0.157975
0.587027 0.157975
0.587126 0.157975
0.587225 0.157975
0.587324 0.157975
0.587423 0.157975
0.587522 0.157671
0.587621 0.157065
0.587720 0.157065
0.587819 0.157065
0.587918 0.156762
0.588017 0.156762
0.588116 0.156762
0.588215 0.156458
0.588314 0.156458
0.588413 0.156458
0.588512 0.156458
0.588611 0.156458
0.588710 0.155852
0.588809 0.155852
0.588908 0.155852
0.589007 0.155852
0.589106 0.155852
0.589205 0.155852
0.589304 0.155852
0.589403 0.155549
0.589502 0.155246
0.589601 0.154942
0.589700 0.154942
0.589799 0.154942
0.589898 0.154942
0.589997 0.154942
0.590096 0.154942
0.590195 0.154639
0.590294 0.154639
0.590393 0.154639
0.590492 0.154639
0.590591 0.154336
0.590690 0.154336
0.590789 0.154336
0.590888 0.154033
0.590987 0.154033
0.591086 0.154033
0.591185 0.154033
0.591284 0.154033
0.591382 0.154033
0.591481 0.154033
0.591580 0.154033
0.591679 0.154033
0.591778 0.154033
0.591877 0.154033
0.591976 0.154033
0.592075 0.153730
0.592174 0.153730
0.592273 0.153730
0.592372 0.153426
0.592471 0.153426
0.592570 0.153426
0.592669 0.153426
0.592768 0.153426
0.592867 0.153123
0.592966 0.152820
0.593065 0.152820
0.593164 0.152820
0.593263 0.152820
0.593362 0.152820
0.593461 0.152820
0.593560 0.152820
0.593659 0.152820
0.593758 0.152820
0.593857 0.152820
0.593956 0.152517
0.594055 0.152213
0.594154 0.152213
0.594253 0.151910
0.594352 0.151910
0.594451 0.151910
0.594550 0.151910
0.594649 0.151910
0.594748 0.151910
0.594847 0.151910
0.594946 0.151607
0.595045 0.151607
0.595144 0.151607
0.595243 0.151607
0.595342 0.151607
0.595441 0.151607
0.595540 0.151304
0.595639 0.151304
0.595738 0.151304
0.595837 0.151304
0.595936 0.151304
0.596035 0.151304
0.596134 0.151304
0.596233 0.151304
0.596332 0.151304
0.596431 0.151304
0.596530 0.151001
0.596629 0.151001
0.596728 0.151001
0.596827 0.151001
0.596926 0.151001
0.597025 0.151001
0.597124 0.150697
0.597223 0.150697
0.597322 0.150091
0.597421 0.149788
0.597520 0.149788
0.597619 0.149788
0.597718 0.149788
0.597817 0.149788
0.597916 0.149788
0.598015 0.149788
0.598114 0.149788
0.598213 0.149485
0.598312 0.149485
0.598411 0.149485
0.598510 0.149485
0.598609 0.149485
0.598708 0.149485
0.598807 0.149485
0.598906 0.149485
0.599005 0.149485
0.599104 0.149485
0.599203 0.149485
0.599302 0.149485
0.599401 0.149485
0.599500 0.149181
0.599599 0.149181
0.599698 0.149181
0.599797 0.149181
0.599896 0.149181
0.599995 0.149181
0.600094 0.149181
0.600193 0.148878
0.600292 0.148575
0.600391 0.148575
0.600490 0.148575
0.600589 0.148575
0.600688 0.148575
0.600787 0.148575
0.600886 0.147968
0.600985 0.147968
0.601084 0.147968
0.601183 0.147665
0.601282 0.147665
0.601381 0.147362
0.601480 0.146756
0.601579 0.146756
0.601678 0.146756
0.601777 0.146756
0.601876 0.146756
0.601975 0.146756
0.602073 0.146756
0.602172 0.146756
0.602271 0.146756
0.602370 0.146452
0.602469 0.146452
0.602568 0.146149
0.602667 0.146149
0.602766 0.146149
0.602865 0.146149
0.602964 0.146149
0.603063 0.146149
0.603162 0.146149
0.603261 0.146149
0.603360 0.146149
0.603459 0.146149
0.603558 0.146149
0.603657 0.146149
0.603756 0.146149
0.603855 0.146149
0.603954 0.146149
0.604053 0.146149
0.604152 0.145846
0.604251 0.145543
0.604350 0.145543
0.604449 0.145543
0.604548 0.145240
0.604647 0.144936
0.604746 0.144936
0.604845 0.144936
0.604944 0.144633
0.605043 0.144633
0.605142 0.144330
0.605241 0.144330
0.605340 0.144330
0.605439 0.144330
0.605538 0.144330
0.605637 0.144027
0.605736 0.144027
0.605835 0.144027
0.605934 0.144027
0.606033 0.144027
0.606132 0.143420
0.606231 0.143420
0.606330 0.143420
0.606429 0.143420
0.606528 0.143420
0.606627 0.143420
0.606726 0.143420
0.606825 0.143420
0.606924 0.143420
0.607023 0.143117
0.607122 0.143117
0.607221 0.142814
0.607320 0.142814
0.607419 0.142814
0.607518 0.142814
0.607617 0.142814
0.607716 0.142814
0.607815 0.142511
0.607914 0.142511
0.608013 0.142511
0.608112 0.142207
0.608211 0.142207
0.608310 0.142207
0.608409 0.142207
0.608508 0.142207
0.608607 0.141904
0.608706 0.141904
0.608805 0.141601
0.608904 0.141601
0.609003 0.141601
0.609102 0.141601
0.609201 0.141601
0.609300 0.141601
0.609399 0.141601
0.609498 0.141298
0.609597 0.141298
0.609696 0.141298
0.609795 0.140995
0.609894 0.140995
0.609993 0.140995
0.610092 0.140995
0.610191 0.140995
0.610290 0.140995
0.610389 0.140995
0.610488 0.140995
0.610587 0.140691
0.610686 0.140691
0.610785 0.140691
0.610884 0.140388
0.610983 0.140388
0.611082 0.140388
0.611181 0.140388
0.611280 0.140388
0.611379 0.140085
0.611478 0.140085
0.611577 0.140085
0.611676 0.139782
0.611775 0.139782
0.611874 0.139782
0.611973 0.139478
0.612072 0.139478
0.612171 0.139478
0.612270 0.139175
0.612369 0.138872
0.612468 0.138872
0.612567 0.138872
0.612666 0.138872
0.612764 0.138569
0.612863 0.138569
0.612962 0.138569
0.613061 0.138569
0.613160 0.138569
0.613259 0.138266
0.613358 0.138266
0.613457 0.137962
0.613556 0.137962
0.613655 0.137962
0.613754 0.137962
0.613853 0.137962
0.613952 0.137962
0.614051 0.137659
0.614150 0.137659
0.614249 0.137659
0.614348 0.137659
0.614447 0.137659
0.614546 0.137659
0.614645 0.137659
0.614744 0.137659
0.614843 0.137659
0.614942 0.137659
0.615041 0.137659
0.615140 0.137659
0.615239 0.137659
0.615338 0.137659
0.615437 0.137659
0.615536 0.137659
0.615635 0.137659
0.615734 0.137659
0.615833 0.137659
0.615932 0.137659
0.616031 0.137659
0.616130 0.137659
0.616229 0.137659
0.616328 0.137659
0.616427 0.137659
0.616526 0.137659
0.616625 0.137659
0.616724 0.137659
0.616823 0.137659
0.616922 0.137659
0.617021 0.137659
0.617120 0.137659
0.617219 0.137659
0.617318 0.137356
0.617417 0.137356
0.617516 0.137356
0.617615 0.137356
0.617714 0.137053
0.617813 0.137053
0.617912 0.137053
0.618011 0.137053
0.618110 0.137053
0.618209 0.137053
0.618308 0.137053
0.618407 0.137053
0.618506 0.137053
0.618605 0.136750
0.618704 0.136446
0.618803 0.136446
0.618902 0.136446
0.619001 0.135840
0.619100 0.135840
0.619199 0.135840
0.619298 0.135840
0.619397 0.135840
0.619496 0.135840
0.619595 0.135840
0.619694 0.135840
0.619793 0.135840
0.619892 0.135537
0.619991 0.135537
0.620090 0.135537
0.620189 0.135537
0.620288 0.135233
0.620387 0.135233
0.620486 0.135233
0.620585 0.135233
0.620684 0.135233
0.620783 0.135233
0.620882 0.135233
0.620981 0.135233
0.621080 0.134930
0.621179 0.134930
0.621278 0.134627
0.621377 0.134627
0.621476 0.134324
0.621575 0.134324
0.621674 0.134324
0.621773 0.134324
0.621872 0.134324
0.621971 0.134324
0.622070 0.134324
0.622169 0.134021
0.622268 0.134021
0.622367 0.134021
0.622466 0.134021
0.622565 0.134021
0.622664 0.133717
0.622763 0.133717
0.622862 0.133717
0.622961 0.133717
0.623060 0.133717
0.623159 0.133717
0.623258 0.133717
0.623357 0.133717
0.623455 0.133414
0.623554 0.133414
0.623653 0.133414
0.623752 0.133414
0.623851 0.132808
0.623950 0.132505
0.624049 0.132505
0.624148 0.132201
0.624247 0.132201
0.624346 0.132201
0.624445 0.131898
0.624544 0.131898
0.624643 0.131595
0.624742 0.131595
0.624841 0.131595
0.624940 0.131292
0.625039 0.131292
0.625138 0.131292
0.625237 0.131292
0.625336 0.131292
0.625435 0.131292
0.625534 0.131292
0.625633 0.131292
0.625732 0.131292
0.625831 0.131292
0.625930 0.131292
0.626029 0.130988
0.626128 0.130685
0.626227 0.130382
0.626326 0.130382
0.626425 0.130382
0.626524 0.130382
0.626623 0.130382
0.626722 0.130079
0.626821 0.129776
0.626920 0.129776
0.627019 0.129776
0.627118 0.129776
0.627217 0.129776
0.627316 0.129472
0.627415 0.129472
0.627514 0.129472
0.627613 0.129472
0.627712 0.129472
0.627811 0.129169
0.627910 0.129169
0.628009 0.129169
0.628108 0.129169
0.628207 0.129169
0.628306 0.129169
0.628405 0.129169
0.628504 0.129169
0.628603 0.129169
0.628702 0.129169
0.628801 0.129169
0.628900 0.129169
0.628999 0.129169
0.629098 0.129169
0.629197 0.129169
0.629296 0.128866
0.629395 0.128866
0.629494 0.128866
0.629593 0.128563
0.629692 0.128260
0.629791 0.128260
0.629890 0.128260
0.629989 0.128260
0.630088 0.127653
0.630187 0.127653
0.630286 0.127653
0.630385 0.127653
0.630484 0.127350
0.630583 0.127350
0.630682 0.127350
0.630781 0.127350
0.630880 0.127350
0.630979 0.127047
0.631078 0.127047
0.631177 0.127047
0.631276 0.127047
0.631375 0.126743
0.631474 0.126743
0.631573 0.126743
0.631672 0.126743
0.631771 0.126440
0.631870 0.126440
0.631969 0.126440
0.632068 0.126440
0.632167 0.126440
0.632266 0.126440
0.632365 0.126137
0.632464 0.126137
0.632563 0.126137
0.632662 0.125834
0.632761 0.125834
0.632860 0.125834
0.632959 0.125834
0.633058 0.125531
0.633157 0.125227
0.633256 0.125227
0.633355 0.125227
0.633454 0.124924
0.633553 0.124318
0.633652 0.124318
0.633751 0.124318
0.633850 0.124318
0.633949 0.124015
0.634047 0.124015
0.634146 0.123711
0.634245 0.123711
0.634344 0.123711
0.634443 0.123711
0.634542 0.123711
0.634641 0.123711
0.634740 0.123711
0.634839 0.123711
0.634938 0.123711
0.635037 0.123711
0.635136 0.123711
0.635235 0.123711
0.635334 0.123711
0.635433 0.123408
0.635532 0.123408
0.635631 0.123105
0.635730 0.123105
0.635829 0.123105
0.635928 0.122802
0.636027 0.122802
0.636126 0.122802
0.636225 0.122802
0.636324 0.122498
0.636423 0.122195
0.636522 0.122195
0.636621 0.122195
0.636720 0.122195
0.636819 0.121892
0.636918 0.121892
0.637017 0.121892
0.637116 0.121892
0.637215 0.121589
0.637314 0.120982
0.637413 0.120982
0.637512 0.120982
0.637611 0.120982
0.637710 0.120982
0.637809 0.120679
0.637908 0.120679
0.638007 0.120376
0.638106 0.120376
0.638205 0.120376
0.638304 0.120376
0.638403 0.120376
0.638502 0.120376
0.638601 0.119770
0.638700 0.119466
0.638799 0.119163
0.638898 0.118557
0.638997 0.118253
0.639096 0.118253
0.639195 0.118253
0.639294 0.118253
0.639393 0.118253
0.639492 0.117950
0.639591 0.117950
0.639690 0.117950
0.639789 0.117950
0.639888 0.117950
0.639987 0.117950
0.640086 0.117950
0.640185 0.117950
0.640284 0.117950
0.640383 0.117950
0.640482 0.117950
0.640581 0.117950
0.640680 0.117647
0.640779 0.117647
0.640878 0.117647
0.640977 0.117647
0.641076 0.117647
0.641175 0.117344
0.641274 0.117344
0.641373 0.117344
0.641472 0.117344
0.641571 0.117344
0.641670 0.117344
0.641769 0.117344
0.641868 0.117344
0.641967 0.117041
0.642066 0.117041
0.642165 0.117041
0.642264 0.117041
0.642363 0.117041
0.642462 0.116737
0.642561 0.116737
0.642660 0.116737
0.642759 0.116737
0.642858 0.116434
0.642957 0.116131
0.643056 0.116131
0.643155 0.116131
0.643254 0.115525
0.643353 0.115525
0.643452 0.115525
0.643551 0.114918
0.643650 0.114312
0.643749 0.114312
0.643848 0.114008
0.643947 0.113705
0.644046 0.113099
0.644145 0.113099
0.644244 0.113099
0.644343 0.113099
0.644442 0.113099
0.644541 0.113099
0.644640 0.113099
0.644738 0.113099
0.644837 0.113099
0.644936 0.113099
0.645035 0.112796
0.645134 0.112796
0.645233 0.112796
0.645332 0.112796
0.645431 0.112796
0.645530 0.112796
0.645629 0.112796
0.645728 0.112796
0.645827 0.112492
0.645926 0.112189
0.646025 0.112189
0.646124 0.112189
0.646223 0.112189
0.646322 0.112189
0.646421 0.111886
0.646520 0.111583
0.646619 0.111583
0.646718 0.111583
0.646817 0.111583
0.646916 0.111583
0.647015 0.111583
0.647114 0.111583
0.647213 0.111583
0.647312 0.111583
0.647411 0.111280
0.647510 0.111280
0.647609 0.111280
0.647708 0.111280
0.647807 0.111280
0.647906 0.111280
0.648005 0.111280
0.648104 0.110673
0.648203 0.110673
0.648302 0.110673
0.648401 0.110370
0.648500 0.110370
0.648599 0.110370
0.648698 0.110370
0.648797 0.110067
0.648896 0.110067
0.648995 0.109763
0.649094 0.109763
0.649193 0.109460
0.649292 0.109460
0.649391 0.109157
0.649490 0.109157
0.649589 0.108854
0.649688 0.108854
0.649787 0.108854
0.649886 0.108854
0.649985 0.108854
0.650084 0.108854
0.650183 0.108854
0.650282 0.108854
0.650381 0.108854
0.650480 0.108854
0.650579 0.108854
0.650678 0.108854
0.650777 0.108854
0.650876 0.108854
0.650975 0.108854
0.651074 0.108854
0.651173 0.108854
0.651272 0.108551
0.651371 0.108551
0.651470 0.108551
0.651569 0.108551
0.651668 0.108551
0.651767 0.108551
0.651866 0.108551
0.651965 0.108551
0.652064 0.108551
0.652163 0.108551
0.652262 0.108551
0.652361 0.108551
0.652460 0.108551
0.652559 0.108551
0.652658 0.107944
0.652757 0.107944
0.652856 0.107944
0.652955 0.107944
0.653054 0.107944
0.653153 0.107944
0.653252 0.107944
0.653351 0.107944
0.653450 0.107944
0.653549 0.107944
0.653648 0.107944
0.653747 0.107944
0.653846 0.107944
0.653945 0.107944
0.654044 0.107641
0.654143 0.107338
0.654242 0.107338
0.654341 0.107338
0.654440 0.107338
0.654539 0.107035
0.654638 0.107035
0.654737 0.107035
0.654836 0.107035
0.654935 0.107035
0.655034 0.107035
0.655133 0.106428
0.655232 0.106428
0.655331 0.106428
0.655429 0.106428
0.655528 0.106428
0.655627 0.106428
0.655726 0.106125
0.655825 0.106125
0.655924 0.106125
0.656023 0.106125
0.656122 0.106125
0.656221 0.106125
0.656320 0.106125
0.656419 0.106125
0.656518 0.106125
0.656617 0.106125
0.656716 0.106125
0.656815 0.105822
0.656914 0.105822
0.657013 0.105822
0.657112 0.105518
0.657211 0.105518
0.657310 0.105518
0.657409 0.105518
0.657508 0.105215
0.657607 0.105215
0.657706 0.105215
0.657805 0.105215
0.657904 0.105215
0.658003 0.105215
0.658102 0.105215
0.658201 0.105215
0.658300 0.105215
0.658399 0.105215
0.658498 0.105215
0.658597 0.105215
0.658696 0.105215
0.658795 0.104912
0.658894 0.104912
0.658993 0.104912
0.659092 0.104912
0.659191 0.104912
0.659290 0.104912
0.659389 0.104912
0.659488 0.104912
0.659587 0.104912
0.659686 0.104912
0.659785 0.104912
0.659884 0.104912
0.659983 0.104609
0.660082 0.104609
0.660181 0.104306
0.660280 0.104306
0.660379 0.104306
0.660478 0.104002
0.660577 0.104002
0.660676 0.103396
0.660775 0.103396
0.660874 0.103396
0.660973 0.103396
0.661072 0.103396
0.661171 0.103396
0.661270 0.103396
0.661369 0.102790
0.661468 0.102790
0.661567 0.102790
0.661666 0.102790
0.661765 0.102790
0.661864 0.102790
0.661963 0.102790
0.662062 0.102486
0.662161 0.102486
0.662260 0.102486
0.662359 0.102183
0.662458 0.102183
0.662557 0.101880
0.662656 0.101577
0.662755 0.101577
0.662854 0.101577
0.662953 0.101577
0.663052 0.101577
0.663151 0.101577
0.663250 0.101577
0.663349 0.101577
0.663448 0.101577
0.663547 0.101577
0.663646 0.101577
0.663745 0.101577
0.663844 0.101577
0.663943 0.101577
0.664042 0.101577
0.664141 0.101577
0.664240 0.101577
0.664339 0.101577
0.664438 0.101577
0.664537 0.101577
0.664636 0.101577
0.664735 0.101577
0.664834 0.101577
0.664933 0.101273
0.665032 0.101273
0.665131 0.101273
0.665230 0.101273
0.665329 0.101273
0.665428 0.101273
0.665527 0.101273
0.665626 0.101273
0.665725 0.101273
0.665824 0.100970
0.665923 0.100667
0.666022 0.100667
0.666120 0.100364
0.666219 0.100364
0.666318 0.100364
0.666417 0.100364
0.666516 0.100364
0.666615 0.100364
0.666714 0.100364
0.666813 0.100364
0.666912 0.100364
0.667011 0.100364
0.667110 0.100364
0.667209 0.100364
0.667308 0.100364
0.667407 0.100364
0.667506 0.100364
0.667605 0.100364
0.667704 0.100364
0.667803 0.100061
0.667902 0.100061
0.668001 0.099757
0.668100 0.099454
0.668199 0.099151
0.668298 0.099151
0.668397 0.099151
0.668496 0.099151
0.668595 0.098848
0.668694 0.098848
0.668793 0.098848
0.668892 0.098848
0.668991 0.098848
0.669090 0.098848
0.669189 0.098848
0.669288 0.098545
0.669387 0.098545
0.669486 0.098545
0.669585 0.098545
0.669684 0.098545
0.669783 0.098545
0.669882 0.098545
0.669981 0.098241
0.670080 0.098241
0.670179 0.098241
0.670278 0.098241
0.670377 0.098241
0.670476 0.097938
0.670575 0.097938
0.670674 0.097938
0.670773 0.097938
0.670872 0.097938
0.670971 0.097635
0.671070 0.097635
0.671169 0.097635
0.671268 0.097635
0.671367 0.097635
0.671466 0.097635
0.671565 0.097635
0.671664 0.097635
0.671763 0.097635
0.671862 0.097635
0.671961 0.097332
0.672060 0.097332
0.672159 0.097332
0.672258 0.097332
0.672357 0.097332
0.672456 0.097029
0.672555 0.097029
0.672654 0.097029
0.672753 0.096725
0.672852 0.096725
0.672951 0.096725
0.673050 0.096725
0.673149 0.096725
0.673248 0.096422
0.673347 0.096422
0.673446 0.096422
0.673545 0.096422
0.673644 0.096422
0.673743 0.096422
0.673842 0.096422
0.673941 0.096422
0.674040 0.096422
0.674139 0.096422
0.674238 0.096422
0.674337 0.096422
0.674436 0.096422
0.674535 0.096422
0.674634 0.096422
0.674733 0.096422
0.674832 0.096422
0.674931 0.096422
0.675030 0.096119
0.675129 0.095816
0.675228 0.095816
0.675327 0.095512
0.675426 0.095512
0.675525 0.095512
0.675624 0.095512
0.675723 0.095512
0.675822 0.095512
0.675921 0.095512
0.676020 0.095512
0.676119 0.095209
0.676218 0.095209
0.676317 0.095209
0.676416 0.095209
0.676515 0.095209
0.676614 0.095209
0.676713 0.095209
0.676811 0.095209
0.676910 0.094906
0.677009 0.094906
0.677108 0.094906
0.677207 0.094906
0.677306 0.094906
0.677405 0.094603
0.677504 0.094603
0.677603 0.094300
0.677702 0.093996
0.677801 0.093996
0.677900 0.093693
0.677999 0.093693
0.678098 0.093693
0.678197 0.093693
0.678296 0.093693
0.678395 0.093390
0.678494 0.093390
0.678593 0.093390
0.678692 0.093390
0.678791 0.093390
0.678890 0.093390
0.678989 0.093390
0.679088 0.093390
0.679187 0.093390
0.679286 0.093390
0.679385 0.093390
0.679484 0.093390
0.679583 0.093390
0.679682 0.093390
0.679781 0.093390
0.679880 0.093390
0.679979 0.093390
0.680078 0.093390
0.680177 0.093390
0.680276 0.093390
0.680375 0.093390
0.680474 0.093390
0.680573 0.093087
0.680672 0.093087
0.680771 0.093087
0.680870 0.093087
0.680969 0.092480
0.681068 0.092480
0.681167 0.092480
0.681266 0.092480
0.681365 0.092480
0.681464 0.092480
0.681563 0.092480
0.681662 0.092480
0.681761 0.092480
0.681860 0.092480
0.681959 0.092177
0.682058 0.092177
0.682157 0.092177
0.682256 0.092177
0.682355 0.092177
0.682454 0.092177
0.682553 0.092177
0.682652 0.092177
0.682751 0.092177
0.682850 0.092177
0.682949 0.092177
0.683048 0.092177
0.683147 0.092177
0.683246 0.091571
0.683345 0.091571
0.683444 0.091571
0.683543 0.091571
0.683642 0.091571
0.683741 0.091571
0.683840 0.091571
0.683939 0.091571
0.684038 0.091571
0.684137 0.091267
0.684236 0.091267
0.684335 0.091267
0.684434 0.091267
0.684533 0.091267
0.684632 0.091267
0.684731 0.091267
0.684830 0.091267
0.684929 0.091267
0.685028 0.091267
0.685127 0.091267
0.685226 0.091267
0.685325 0.091267
0.685424 0.090964
0.685523 0.090964
0.685622 0.090964
0.685721 0.090964
0.685820 0.090661
0.685919 0.090661
0.686018 0.090661
0.686117 0.090661
0.686216 0.090661
0.686315 0.090661
0.686414 0.090661
0.686513 0.090661
0.686612 0.090661
0.686711 0.090661
0.686810 0.090661
0.686909 0.090661
0.687008 0.090661
0.687107 0.090661
0.687206 0.090358
0.687305 0.090358
0.687403 0.090358
0.687502 0.090358
0.687601 0.090358
0.687700 0.090358
0.687799 0.090358
0.687898 0.090358
0.687997 0.090358
0.688096 0.090055
0.688195 0.090055
0.688294 0.089751
0.688393 0.089751
0.688492 0.089751
0.688591 0.089145
0.688690 0.089145
0.688789 0.089145
0.688888 0.089145
0.688987 0.089145
0.689086 0.089145
0.689185 0.089145
0.689284 0.088842
0.689383 0.088842
0.689482 0.088842
0.689581 0.088842
0.689680 0.088842
0.689779 0.088842
0.689878 0.088539
0.689977 0.088539
0.690076 0.088539
0.690175 0.088539
0.690274 0.088539
0.690373 0.088539
0.690472 0.088539
0.690571 0.088539
0.690670 0.088539
0.690769 0.088539
0.690868 0.088539
0.690967 0.088539
0.691066 0.088539
0.691165 0.088539
0.691264 0.088539
0.691363 0.088539
0.691462 0.088539
0.691561 0.088539
0.691660 0.088539
0.691759 0.088539
0.691858 0.088539
0.691957 0.088539
0.692056 0.088539
0.692155 0.088539
0.692254 0.088539
0.692353 0.088539
0.692452 0.088539
0.692551 0.088539
0.692650 0.088539
0.692749 0.088539
0.692848 0.088539
0.692947 0.088235
0.693046 0.088235
0.693145 0.088235
0.693244 0.088235
0.693343 0.088235
0.693442 0.088235
0.693541 0.088235
0.693640 0.088235
0.693739 0.088235
0.693838 0.088235
0.693937 0.088235
0.694036 0.088235
0.694135 0.088235
0.694234 0.088235
0.694333 0.088235
0.694432 0.088235
0.694531 0.087932
0.694630 0.087932
0.694729 0.087326
0.694828 0.087022
0.694927 0.087022
0.695026 0.087022
0.695125 0.087022
0.695224 0.087022
0.695323 0.087022
0.695422 0.087022
0.695521 0.087022
0.695620 0.087022
0.695719 0.086719
0.695818 0.086719
0.695917 0.086719
0.696016 0.086719
0.696115 0.086719
0.696214 0.086719
0.696313 0.086719
0.696412 0.086719
0.696511 0.086719
0.696610 0.086719
0.696709 0.086719
0.696808 0.086719
0.696907 0.086719
0.697006 0.086719
0.697105 0.086719
0.697204 0.086719
0.697303 0.086719
0.697402 0.086416
0.697501 0.086416
0.697600 0.086416
0.697699 0.086416
0.697798 0.086416
0.697897 0.086416
0.697996 0.086416
0.698094 0.086416
0.698193 0.086416
0.698292 0.086416
0.698391 0.086416
0.698490 0.086416
0.698589 0.086416
0.698688 0.086416
0.698787 0.085810
0.698886 0.085810
0.698985 0.085810
0.699084 0.085810
0.699183 0.085506
0.699282 0.085506
0.699381 0.085506
0.699480 0.085506
0.699579 0.085506
0.699678 0.085203
0.699777 0.084597
0.699876 0.084597
0.699975 0.084597
0.700074 0.084597
0.700173 0.084597
0.700272 0.084597
0.700371 0.084294
0.700470 0.084294
0.700569 0.084294
0.700668 0.083990
0.700767 0.083687
0.700866 0.083687
0.700965 0.083687
0.701064 0.083687
0.701163 0.083687
0.701262 0.083384
0.701361 0.083384
0.701460 0.083384
0.701559 0.083384
0.701658 0.083384
0.701757 0.083081
0.701856 0.083081
0.701955 0.083081
0.702054 0.083081
0.702153 0.083081
0.702252 0.083081
0.702351 0.083081
0.702450 0.082777
0.702549 0.082777
0.702648 0.082777
0.702747 0.082777
0.702846 0.082777
0.702945 0.082474
0.703044 0.082474
0.703143 0.082474
0.703242 0.082171
0.703341 0.082171
0.703440 0.082171
0.703539 0.081868
0.703638 0.081868
0.703737 0.081868
0.703836 0.081868
0.703935 0.081868
0.704034 0.081868
0.704133 0.081868
0.704232 0.081868
0.704331 0.081565
0.704430 0.081565
0.704529 0.081565
0.704628 0.081565
0.704727 0.081565
0.704826 0.081565
0.704925 0.081565
0.705024 0.081565
0.705123 0.081565
0.705222 0.081565
0.705321 0.081565
0.705420 0.081565
0.705519 0.081565
0.705618 0.081565
0.705717 0.081565
0.705816 0.081565
0.705915 0.081565
0.706014 0.081565
0.706113 0.081565
0.706212 0.081261
0.706311 0.081261
0.706410 0.081261
0.706509 0.081261
0.706608 0.081261
0.706707 0.081261
0.706806 0.081261
0.706905 0.080655
0.707004 0.080655
0.707103 0.080352
0.707202 0.080352
0.707301 0.080352
0.707400 0.080352
0.707499 0.080352
0.707598 0.080352
0.707697 0.080049
0.707796 0.080049
0.707895 0.080049
0.707994 0.079745
0.708093 0.079745
0.708192 0.079442
0.708291 0.079442
0.708390 0.079442
0.708489 0.078836
0.708588 0.078836
0.708687 0.078836
0.708785 0.078532
0.708884 0.078532
0.708983 0.078532
0.709082 0.078532
0.709181 0.078532
0.709280 0.078532
0.709379 0.078532
0.709478 0.078532
0.709577 0.077926
0.709676 0.077926
0.709775 0.077926
0.709874 0.077926
0.709973 0.077926
0.710072 0.077926
0.710171 0.077926
0.710270 0.077926
0.710369 0.077623
0.710468 0.077623
0.710567 0.077623
0.710666 0.077623
0.710765 0.077623
0.710864 0.077623
0.710963 0.077623
0.711062 0.077623
0.711161 0.077623
0.711260 0.077623
0.711359 0.077320
0.711458 0.077320
0.711557 0.077320
0.711656 0.077016
0.711755 0.077016
0.711854 0.077016
0.711953 0.077016
0.712052 0.077016
0.712151 0.077016
0.712250 0.077016
0.712349 0.077016
0.712448 0.077016
0.712547 0.077016
0.712646 0.076713
0.712745 0.076713
0.712844 0.076713
0.712943 0.076713
0.713042 0.076410
0.713141 0.076410
0.713240 0.076410
0.713339 0.076107
0.713438 0.075804
0.713537 0.075500
0.713636 0.075500
0.713735 0.075500
0.713834 0.075500
0.713933 0.075500
0.714032 0.075500
0.714131 0.075500
0.714230 0.075500
0.714329 0.075500
0.714428 0.075500
0.714527 0.075500
0.714626 0.075500
0.714725 0.075500
0.714824 0.075500
0.714923 0.075500
0.715022 0.075500
0.715121 0.075500
0.715220 0.075500
0.715319 0.075500
0.715418 0.075500
0.715517 0.075197
0.715616 0.075197
0.715715 0.075197
0.715814 0.075197
0.715913 0.075197
0.716012 0.075197
0.716111 0.075197
0.716210 0.075197
0.716309 0.075197
0.716408 0.074591
0.716507 0.074591
0.716606 0.074591
0.716705 0.074287
0.716804 0.073984
0.716903 0.073984
0.717002 0.073378
0.717101 0.073075
0.717200 0.073075
0.717299 0.073075
0.717398 0.073075
0.717497 0.073075
0.717596 0.073075
0.717695 0.073075
0.717794 0.073075
0.717893 0.073075
0.717992 0.073075
0.718091 0.073075
0.718190 0.072771
0.718289 0.072771
0.718388 0.072771
0.718487 0.072771
0.718586 0.072771
0.718685 0.072771
0.718784 0.072771
0.718883 0.072771
0.718982 0.072771
0.719081 0.072771
0.719180 0.072771
0.719279 0.072771
0.719378 0.072468
0.719476 0.072468
0.719575 0.072165
0.719674 0.072165
0.719773 0.072165
0.719872 0.071862
0.719971 0.071862
0.720070 0.071862
0.720169 0.071862
0.720268 0.071862
0.720367 0.071862
0.720466 0.071559
0.720565 0.071559
0.720664 0.071559
0.720763 0.071559
0.720862 0.071559
0.720961 0.071559
0.721060 0.071559
0.721159 0.071559
0.721258 0.071559
0.721357 0.071255
0.721456 0.071255
0.721555 0.071255
0.721654 0.071255
0.721753 0.071255
0.721852 0.071255
0.721951 0.071255
0.722050 0.071255
0.722149 0.071255
0.722248 0.071255
0.722347 0.071255
0.722446 0.071255
0.722545 0.071255
0.722644 0.071255
0.722743 0.071255
0.722842 0.071255
0.722941 0.071255
0.723040 0.071255
0.723139 0.071255
0.723238 0.071255
0.723337 0.071255
0.723436 0.071255
0.723535 0.071255
0.723634 0.071255
0.723733 0.071255
0.723832 0.071255
0.723931 0.070952
0.724030 0.070649
0.724129 0.070649
0.724228 0.070649
0.724327 0.070649
0.724426 0.070649
0.724525 0.070649
0.724624 0.070649
0.724723 0.070649
0.724822 0.070346
0.724921 0.070346
0.725020 0.070042
0.725119 0.070042
0.725218 0.070042
0.725317 0.070042
0.725416 0.070042
0.725515 0.070042
0.725614 0.070042
0.725713 0.070042
0.725812 0.069739
0.725911 0.069739
0.726010 0.069739
0.726109 0.069739
0.726208 0.069436
0.726307 0.069436
0.726406 0.069436
0.726505 0.069436
0.726604 0.069436
0.726703 0.069133
0.726802 0.069133
0.726901 0.069133
0.727000 0.069133
0.727099 0.068830
0.727198 0.068830
0.727297 0.068830
0.727396 0.068830
0.727495 0.068830
0.727594 0.068830
0.727693 0.068526
0.727792 0.068526
0.727891 0.068526
0.727990 0.068526
0.728089 0.068526
0.728188 0.068526
0.728287 0.068223
0.728386 0.068223
0.728485 0.068223
0.728584 0.068223
0.728683 0.068223
0.728782 0.068223
0.728881 0.068223
0.728980 0.068223
0.729079 0.068223
0.729178 0.068223
0.729277 0.068223
0.729376 0.068223
0.729475 0.068223
0.729574 0.068223
0.729673 0.068223
0.729772 0.068223
0.729871 0.068223
0.729970 0.068223
0.730069 0.068223
0.730167 0.067920
0.730266 0.067920
0.730365 0.067617
0.730464 0.067617
0.730563 0.067617
0.730662 0.067617
0.730761 0.067617
0.730860 0.067617
0.730959 0.067617
0.731058 0.067617
0.731157 0.067617
0.731256 0.067617
0.731355 0.067314
0.731454 0.067314
0.731553 0.067010
0.731652 0.067010
0.731751 0.067010
0.731850 0.066707
0.731949 0.066707
0.732048 0.066404
0.732147 0.066404
0.732246 0.066404
0.732345 0.066404
0.732444 0.066404
0.732543 0.066101
0.732642 0.066101
0.732741 0.066101
0.732840 0.066101
0.732939 0.065797
0.733038 0.065797
0.733137 0.065797
0.733236 0.065797
0.733335 0.065797
0.733434 0.065797
0.733533 0.065797
0.733632 0.065797
0.733731 0.065797
0.733830 0.065797
0.733929 0.065797
0.734028 0.065797
0.734127 0.065797
0.734226 0.065797
0.734325 0.065797
0.734424 0.065797
0.734523 0.065797
0.734622 0.065797
0.734721 0.065797
0.734820 0.065797
0.734919 0.065797
0.735018 0.065797
0.735117 0.065797
0.735216 0.065797
0.735315 0.065797
0.735414 0.065797
0.735513 0.065797
0.735612 0.065797
0.735711 0.065797
0.735810 0.065797
0.735909 0.065494
0.736008 0.065494
0.736107 0.065494
0.736206 0.065494
0.736305 0.065494
0.736404 0.065494
0.736503 0.065494
0.736602 0.065494
0.736701 0.065494
0.736800 0.065494
0.736899 0.065494
0.736998 0.065494
0.737097 0.065494
0.737196 0.065494
0.737295 0.065494
0.737394 0.065494
0.737493 0.065494
0.737592 0.065494
0.737691 0.065494
0.737790 0.065494
0.737889 0.065494
0.737988 0.065494
0.738087 0.065494
0.738186 0.065191
0.738285 0.064888
0.738384 0.064888
0.738483 0.064888
0.738582 0.064888
0.738681 0.064888
0.738780 0.064888
0.738879 0.064888
0.738978 0.064585
0.739077 0.064585
0.739176 0.064585
0.739275 0.064281
0.739374 0.064281
0.739473 0.064281
0.739572 0.064281
0.739671 0.064281
0.739770 0.064281
0.739869 0.064281
0.739968 0.064281
0.740067 0.063978
0.740166 0.063978
0.740265 0.063978
0.740364 0.063675
0.740463 0.063675
0.740562 0.063675
0.740661 0.063675
0.740759 0.063675
0.740858 0.063675
0.740957 0.063675
0.741056 0.063675
0.741155 0.063675
0.741254 0.063675
0.741353 0.063675
0.741452 0.063372
0.741551 0.063372
0.741650 0.063372
0.741749 0.063372
0.741848 0.063372
0.741947 0.063372
0.742046 0.063372
0.742145 0.063372
0.742244 0.063372
0.742343 0.063372
0.742442 0.063372
0.742541 0.063372
0.742640 0.063372
0.742739 0.063069
0.742838 0.063069
0.742937 0.063069
0.743036 0.063069
0.743135 0.063069
0.743234 0.063069
0.743333 0.063069
0.743432 0.063069
0.743531 0.062765
0.743630 0.062765
0.743729 0.062765
0.743828 0.062765
0.743927 0.062765
0.744026 0.062765
0.744125 0.062159
0.744224 0.062159
0.744323 0.062159
0.744422 0.062159
0.744521 0.062159
0.744620 0.062159
0.744719 0.062159
0.744818 0.062159
0.744917 0.062159
0.745016 0.062159
0.745115 0.062159
0.745214 0.061552
0.745313 0.061552
0.745412 0.061552
0.745511 0.061552
0.745610 0.061552
0.745709 0.060946
0.745808 0.060946
0.745907 0.060946
0.746006 0.060946
0.746105 0.060643
0.746204 0.060643
0.746303 0.060643
0.746402 0.060643
0.746501 0.060643
0.746600 0.060643
0.746699 0.060643
0.746798 0.060643
0.746897 0.060340
0.746996 0.060340
0.747095 0.060340
0.747194 0.060340
0.747293 0.060340
0.747392 0.060340
0.747491 0.060340
0.747590 0.060340
0.747689 0.060036
0.747788 0.060036
0.747887 0.060036
0.747986 0.060036
0.748085 0.060036
0.748184 0.060036
0.748283 0.060036
0.748382 0.060036
0.748481 0.060036
0.748580 0.060036
0.748679 0.060036
0.748778 0.060036
0.748877 0.060036
0.748976 0.060036
0.749075 0.060036
0.749174 0.060036
0.749273 0.060036
0.749372 0.060036
0.749471 0.060036
0.749570 0.060036
0.749669 0.060036
0.749768 0.059733
0.749867 0.059430
0.749966 0.059127
0.750065 0.059127
0.750164 0.059127
0.750263 0.059127
0.750362 0.059127
0.750461 0.059127
0.750560 0.059127
0.750659 0.059127
0.750758 0.059127
0.750857 0.059127
0.750956 0.059127
0.751055 0.059127
0.751154 0.059127
0.751253 0.059127
0.751352 0.059127
0.751450 0.059127
0.751549 0.059127
0.751648 0.059127
0.751747 0.059127
0.751846 0.059127
0.751945 0.059127
0.752044 0.059127
0.752143 0.059127
0.752242 0.059127
0.752341 0.059127
0.752440 0.059127
0.752539 0.059127
0.752638 0.059127
0.752737 0.059127
0.752836 0.059127
0.752935 0.059127
0.753034 0.059127
0.753133 0.059127
0.753232 0.058824
0.753331 0.058824
0.753430 0.058824
0.753529 0.058824
0.753628 0.058824
0.753727 0.058824
0.753826 0.058824
0.753925 0.058824
0.754024 0.058520
0.754123 0.058520
0.754222 0.058520
0.754321 0.058520
0.754420 0.058520
0.754519 0.058520
0.754618 0.058520
0.754717 0.058520
0.754816 0.058520
0.754915 0.058520
0.755014 0.058217
0.755113 0.058217
0.755212 0.058217
0.755311 0.058217
0.755410 0.058217
0.755509 0.057914
0.755608 0.057914
0.755707 0.057914
0.755806 0.057611
0.755905 0.057611
0.756004 0.057611
0.756103 0.057611
0.756202 0.057611
0.756301 0.057611
0.756400 0.057611
0.756499 0.057611
0.756598 0.057611
0.756697 0.057611
0.756796 0.057611
0.756895 0.057611
0.756994 0.057611
0.757093 0.057611
0.757192 0.057611
0.757291 0.057611
0.757390 0.057611
0.757489 0.057611
0.757588 0.057307
0.757687 0.057307
0.757786 0.057307
0.757885 0.057307
0.757984 0.057307
0.758083 0.057307
0.758182 0.057307
0.758281 0.057307
0.758380 0.057307
0.758479 0.057307
0.758578 0.057004
0.758677 0.057004
0.758776 0.057004
0.758875 0.057004
0.758974 0.056701
0.759073 0.056701
0.759172 0.056701
0.759271 0.056701
0.759370 0.056701
0.759469 0.056398
0.759568 0.056398
0.759667 0.056398
0.759766 0.056095
0.759865 0.056095
0.759964 0.056095
0.760063 0.056095
0.760162 0.056095
0.760261 0.056095
0.760360 0.056095
0.760459 0.056095
0.760558 0.056095
0.760657 0.056095
0.760756 0.056095
0.760855 0.056095
0.760954 0.056095
0.761053 0.056095
0.761152 0.056095
0.761251 0.056095
0.761350 0.056095
0.761449 0.056095
0.761548 0.056095
0.761647 0.056095
0.761746 0.055791
0.761845 0.055488
0.761944 0.055488
0.762043 0.055488
0.762141 0.055185
0.762240 0.055185
0.762339 0.055185
0.762438 0.055185
0.762537 0.055185
0.762636 0.055185
0.762735 0.055185
0.762834 0.055185
0.762933 0.055185
0.763032 0.055185
0.763131 0.054882
0.763230 0.054882
0.763329 0.054882
0.763428 0.054882
0.763527 0.054579
0.763626 0.054579
0.763725 0.054579
0.763824 0.054579
0.763923 0.054579
0.764022 0.054579
0.764121 0.054579
0.764220 0.054579
0.764319 0.054579
0.764418 0.054579
0.764517 0.054579
0.764616 0.054579
0.764715 0.054579
0.764814 0.054275
0.764913 0.054275
0.765012 0.054275
0.765111 0.054275
0.765210 0.054275
0.765309 0.054275
0.765408 0.054275
0.765507 0.054275
0.765606 0.054275
0.765705 0.054275
0.765804 0.053972
0.765903 0.053972
0.766002 0.053972
0.766101 0.053972
0.766200 0.053972
0.766299 0.053972
0.766398 0.053972
0.766497 0.053972
0.766596 0.053972
0.766695 0.053972
0.766794 0.053972
0.766893 0.053669
0.766992 0.053366
0.767091 0.053366
0.767190 0.053062
0.767289 0.053062
0.767388 0.053062
0.767487 0.053062
0.767586 0.053062
0.767685 0.053062
0.767784 0.053062
0.767883 0.053062
0.767982 0.053062
0.768081 0.053062
0.768180 0.052759
0.768279 0.052759
0.768378 0.052759
0.768477 0.052759
0.768576 0.052759
0.768675 0.052759
0.768774 0.052759
0.768873 0.052759
0.768972 0.052759
0.769071 0.052759
0.769170 0.052456
0.769269 0.052456
0.769368 0.052456
0.769467 0.052456
0.769566 0.052456
0.769665 0.052456
0.769764 0.052456
0.769863 0.052456
0.769962 0.052456
0.770061 0.052456
0.770160 0.052456
0.770259 0.052456
0.770358 0.052456
0.770457 0.052456
0.770556 0.052456
0.770655 0.052456
0.770754 0.052456
0.770853 0.051850
0.770952 0.051850
0.771051 0.051850
0.771150 0.051850
0.771249 0.051850
0.771348 0.051850
0.771447 0.051850
0.771546 0.051850
0.771645 0.051850
0.771744 0.051850
0.771843 0.051850
0.771942 0.051850
0.772041 0.051850
0.772140 0.051850
0.772239 0.051850
0.772338 0.051850
0.772437 0.051850
0.772536 0.051850
0.772635 0.051850
0.772734 0.051850
0.772832 0.051850
0.772931 0.051850
0.773030 0.051850
0.773129 0.051850
0.773228 0.051850
0.773327 0.051850
0.773426 0.051850
0.773525 0.051850
0.773624 0.051850
0.773723 0.051850
0.773822 0.051850
0.773921 0.051850
0.774020 0.051850
0.774119 0.051850
0.774218 0.051850
0.774317 0.051850
0.774416 0.051850
0.774515 0.051850
0.774614 0.051546
0.774713 0.051546
0.774812 0.051546
0.774911 0.051546
0.775010 0.051546
0.775109 0.051546
0.775208 0.051546
0.775307 0.051546
0.775406 0.051546
0.775505 0.051546
0.775604 0.051546
0.775703 0.051546
0.775802 0.051546
0.775901 0.051546
0.776000 0.051546
0.776099 0.051546
0.776198 0.051546
0.776297 0.051546
0.776396 0.051546
0.776495 0.051546
0.776594 0.051546
0.776693 0.051546
0.776792 0.051546
0.776891 0.051546
0.776990 0.051546
0.777089 0.051546
0.777188 0.051546
0.777287 0.051546
0.777386 0.051546
0.777485 0.051546
0.777584 0.051546
0.777683 0.051546
0.777782 0.051546
0.777881 0.051546
0.777980 0.051546
0.778079 0.051546
0.778178 0.051243
0.778277 0.051243
0.778376 0.051243
0.778475 0.051243
0.778574 0.051243
0.778673 0.051243
0.778772 0.051243
0.778871 0.051243
0.778970 0.051243
0.779069 0.051243
0.779168 0.051243
0.779267 0.050940
0.779366 0.050637
0.779465 0.050030
0.779564 0.050030
0.779663 0.050030
0.779762 0.050030
0.779861 0.050030
0.779960 0.050030
0.780059 0.049727
0.780158 0.049727
0.780257 0.049727
0.780356 0.049727
0.780455 0.049727
0.780554 0.049727
0.780653 0.049727
0.780752 0.049727
0.780851 0.049727
0.780950 0.049727
0.781049 0.049727
0.781148 0.049727
0.781247 0.049727
0.781346 0.049727
0.781445 0.049727
0.781544 0.049727
0.781643 0.049727
0.781742 0.049727
0.781841 0.049727
0.781940 0.049727
0.782039 0.049727
0.782138 0.049727
0.782237 0.049424
0.782336 0.049121
0.782435 0.049121
0.782534 0.049121
0.782633 0.049121
0.782732 0.049121
0.782831 0.049121
0.782930 0.049121
0.783029 0.049121
0.783128 0.049121
0.783227 0.049121
0.783326 0.049121
0.783425 0.049121
0.783523 0.049121
0.783622 0.048817
0.783721 0.048514
0.783820 0.047908
0.783919 0.047908
0.784018 0.047605
0.784117 0.047605
0.784216 0.047605
0.784315 0.047605
0.784414 0.047605
0.784513 0.047605
0.784612 0.047605
0.784711 0.047605
0.784810 0.047605
0.784909 0.047605
0.785008 0.047605
0.785107 0.047605
0.785206 0.047605
0.785305 0.047605
0.785404 0.047605
0.785503 0.047605
0.785602 0.047605
0.785701 0.047605
0.785800 0.047605
0.785899 0.047605
0.785998 0.047605
0.786097 0.047605
0.786196 0.047605
0.786295 0.047605
0.786394 0.047605
0.786493 0.047605
0.786592 0.047605
0.786691 0.047605
0.786790 0.047605
0.786889 0.047605
0.786988 0.047605
0.787087 0.047605
0.787186 0.047605
0.787285 0.046998
0.787384 0.046998
0.787483 0.046695
0.787582 0.046695
0.787681 0.046695
0.787780 0.046695
0.787879 0.046695
0.787978 0.046695
0.788077 0.046695
0.788176 0.046695
0.788275 0.046695
0.788374 0.046695
0.788473 0.046695
0.788572 0.046695
0.788671 0.046695
0.788770 0.046695
0.788869 0.046392
0.788968 0.046392
0.789067 0.046392
0.789166 0.046392
0.789265 0.046392
0.789364 0.046392
0.789463 0.046392
0.789562 0.046392
0.789661 0.046392
0.789760 0.046392
0.789859 0.046392
0.789958 0.046392
0.790057 0.046392
0.790156 0.046392
0.790255 0.046392
0.790354 0.046089
0.790453 0.046089
0.790552 0.046089
0.790651 0.045785
0.790750 0.045785
0.790849 0.045785
0.790948 0.045785
0.791047 0.045785
0.791146 0.045785
0.791245 0.045785
0.791344 0.045785
0.791443 0.045482
0.791542 0.045179
0.791641 0.044876
0.791740 0.044876
0.791839 0.044876
0.791938 0.044572
0.792037 0.044269
0.792136 0.044269
0.792235 0.044269
0.792334 0.044269
0.792433 0.044269
0.792532 0.044269
0.792631 0.044269
0.792730 0.043966
0.792829 0.043966
0.792928 0.043966
0.793027 0.043966
0.793126 0.043966
0.793225 0.043966
0.793324 0.043966
0.793423 0.043663
0.793522 0.043663
0.793621 0.043663
0.793720 0.043663
0.793819 0.043663
0.793918 0.043056
0.794017 0.043056
0.794115 0.043056
0.794214 0.043056
0.794313 0.043056
0.794412 0.043056
0.794511 0.043056
0.794610 0.043056
0.794709 0.043056
0.794808 0.043056
0.794907 0.043056
0.795006 0.043056
0.795105 0.043056
0.795204 0.043056
0.795303 0.043056
0.795402 0.043056
0.795501 0.043056
0.795600 0.043056
0.795699 0.043056
0.795798 0.043056
0.795897 0.043056
0.795996 0.043056
0.796095 0.043056
0.796194 0.043056
0.796293 0.043056
0.796392 0.043056
0.796491 0.042753
0.796590 0.042753
0.796689 0.042753
0.796788 0.042753
0.796887 0.042753
0.796986 0.042753
0.797085 0.042753
0.797184 0.042753
0.797283 0.042753
0.797382 0.042450
0.797481 0.042450
0.797580 0.042450
0.797679 0.042450
0.797778 0.042450
0.797877 0.042147
0.797976 0.042147
0.798075 0.042147
0.798174 0.042147
0.798273 0.041844
0.798372 0.041844
0.798471 0.041844
0.798570 0.041844
0.798669 0.041844
0.798768 0.041844
0.798867 0.041844
0.798966 0.041844
0.799065 0.041844
0.799164 0.041844
0.799263 0.041844
0.799362 0.041844
0.799461 0.041540
0.799560 0.041237
0.799659 0.040934
0.799758 0.040934
0.799857 0.040934
0.799956 0.040934
0.800055 0.040934
0.800154 0.040934
0.800253 0.040934
0.800352 0.040934
0.800451 0.040934
0.800550 0.040934
0.800649 0.040934
0.800748 0.040631
0.800847 0.040631
0.800946 0.040631
0.801045 0.040631
0.801144 0.040631
0.801243 0.040631
0.801342 0.040327
0.801441 0.040327
0.801540 0.040327
0.801639 0.040327
0.801738 0.040327
0.801837 0.040327
0.801936 0.040327
0.802035 0.040327
0.802134 0.040327
0.802233 0.040327
0.802332 0.040327
0.802431 0.040327
0.802530 0.040327
0.802629 0.040327
0.802728 0.040327
0.802827 0.040327
0.802926 0.040327
0.803025 0.040327
0.803124 0.040327
0.803223 0.040327
0.803322 0.040327
0.803421 0.040327
0.803520 0.040327
0.803619 0.040327
0.803718 0.040024
0.803817 0.040024
0.803916 0.040024
0.804015 0.040024
0.804114 0.040024
0.804213 0.040024
0.804312 0.039721
0.804411 0.039721
0.804510 0.039721
0.804609 0.039721
0.804708 0.039721
0.804806 0.039721
0.804905 0.039721
0.805004 0.039721
0.805103 0.039721
0.805202 0.039418
0.805301 0.039418
0.805400 0.039418
0.805499 0.039418
0.805598 0.039418
0.805697 0.039418
0.805796 0.039418
0.805895 0.039418
0.805994 0.039418
0.806093 0.039418
0.806192 0.039418
0.806291 0.039115
0.806390 0.039115
0.806489 0.038811
0.806588 0.038811
0.806687 0.038811
0.806786 0.038811
0.806885 0.038811
0.806984 0.038811
0.807083 0.038811
0.807182 0.038811
0.807281 0.038811
0.807380 0.038811
0.807479 0.038811
0.807578 0.038811
0.807677 0.038811
0.807776 0.038811
0.807875 0.038508
0.807974 0.038508
0.808073 0.038508
0.808172 0.038508
0.808271 0.038205
0.808370 0.038205
0.808469 0.038205
0.808568 0.038205
0.808667 0.038205
0.808766 0.038205
0.808865 0.038205
0.808964 0.038205
0.809063 0.038205
0.809162 0.038205
0.809261 0.037902
0.809360 0.037902
0.809459 0.037902
0.809558 0.037902
0.809657 0.037902
0.809756 0.037902
0.809855 0.037902
0.809954 0.037902
0.810053 0.037902
0.810152 0.037902
0.810251 0.037902
0.810350 0.037902
0.810449 0.037902
0.810548 0.037902
0.810647 0.037902
0.810746 0.037902
0.810845 0.037902
0.810944 0.037902
0.811043 0.037902
0.811142 0.037902
0.811241 0.037599
0.811340 0.037599
0.811439 0.037599
0.811538 0.037599
0.811637 0.037599
0.811736 0.037599
0.811835 0.037599
0.811934 0.037599
0.812033 0.037599
0.812132 0.037599
0.812231 0.037599
0.812330 0.037599
0.812429 0.037599
0.812528 0.037599
0.812627 0.037599
0.812726 0.037599
0.812825 0.037599
0.812924 0.037599
0.813023 0.037599
0.813122 0.037599
0.813221 0.037599
0.813320 0.037599
0.813419 0.037295
0.813518 0.037295
0.813617 0.037295
0.813716 0.037295
0.813815 0.037295
0.813914 0.037295
0.814013 0.037295
0.814112 0.037295
0.814211 0.036992
0.814310 0.036992
0.814409 0.036992
0.814508 0.036689
0.814607 0.036689
0.814706 0.036689
0.814805 0.036689
0.814904 0.036689
0.815003 0.036689
0.815102 0.036689
0.815201 0.036386
0.815300 0.036386
0.815399 0.036386
0.815497 0.036386
0.815596 0.036386
0.815695 0.036082
0.815794 0.035779
0.815893 0.035779
0.815992 0.035779
0.816091 0.035779
0.816190 0.035779
0.816289 0.035779
0.816388 0.035779
0.816487 0.035779
0.816586 0.035779
0.816685 0.035779
0.816784 0.035779
0.816883 0.035779
0.816982 0.035779
0.817081 0.035779
0.817180 0.035779
0.817279 0.035779
0.817378 0.035779
0.817477 0.035779
0.817576 0.035779
0.817675 0.035779
0.817774 0.035779
0.817873 0.035779
0.817972 0.035779
0.818071 0.035779
0.818170 0.035476
0.818269 0.035476
0.818368 0.035476
0.818467 0.035476
0.818566 0.035476
0.818665 0.035476
0.818764 0.035476
0.818863 0.035476
0.818962 0.035476
0.819061 0.035476
0.819160 0.035476
0.819259 0.035476
0.819358 0.035476
0.819457 0.035476
0.819556 0.035476
0.819655 0.035476
0.819754 0.035173
0.819853 0.035173
0.819952 0.035173
0.820051 0.035173
0.820150 0.034870
0.820249 0.034870
0.820348 0.034870
0.820447 0.034870
0.820546 0.034566
0.820645 0.034566
0.820744 0.034566
0.820843 0.034263
0.820942 0.034263
0.821041 0.034263
0.821140 0.034263
0.821239 0.034263
0.821338 0.034263
0.821437 0.034263
0.821536 0.034263
0.821635 0.034263
0.821734 0.034263
0.821833 0.034263
0.821932 0.034263
0.822031 0.034263
0.822130 0.034263
0.822229 0.034263
0.822328 0.033960
0.822427 0.033960
0.822526 0.033960
0.822625 0.033960
0.822724 0.033960
0.822823 0.033960
0.822922 0.033657
0.823021 0.033657
0.823120 0.033657
0.823219 0.033657
0.823318 0.033354
0.823417 0.033354
0.823516 0.033354
0.823615 0.033354
0.823714 0.033354
0.823813 0.033354
0.823912 0.033354
0.824011 0.033354
0.824110 0.033354
0.824209 0.033050
0.824308 0.033050
0.824407 0.033050
0.824506 0.033050
0.824605 0.033050
0.824704 0.033050
0.824803 0.033050
0.824902 0.033050
0.825001 0.033050
0.825100 0.033050
0.825199 0.033050
0.825298 0.032747
0.825397 0.032747
0.825496 0.032747
0.825595 0.032747
0.825694 0.032747
0.825793 0.032747
0.825892 0.032747
0.825991 0.032747
0.826090 0.032747
0.826188 0.032747
0.826287 0.032747
0.826386 0.032747
0.826485 0.032747
0.826584 0.032747
0.826683 0.032747
0.826782 0.032747
0.826881 0.032747
0.826980 0.032747
0.827079 0.032747
0.827178 0.032747
0.827277 0.032747
0.827376 0.032747
0.827475 0.032747
0.827574 0.032444
0.827673 0.032141
0.827772 0.032141
0.827871 0.032141
0.827970 0.032141
0.828069 0.032141
0.828168 0.032141
0.828267 0.032141
0.828366 0.032141
0.828465 0.032141
0.828564 0.032141
0.828663 0.031837
0.828762 0.031837
0.828861 0.031837
0.828960 0.031231
0.829059 0.031231
0.829158 0.031231
0.829257 0.031231
0.829356 0.031231
0.829455 0.031231
0.829554 0.031231
0.829653 0.031231
0.829752 0.031231
0.829851 0.031231
0.829950 0.031231
0.830049 0.031231
0.830148 0.031231
0.830247 0.031231
0.830346 0.031231
0.830445 0.031231
0.830544 0.031231
0.830643 0.031231
0.830742 0.031231
0.830841 0.031231
0.830940 0.031231
0.831039 0.031231
0.831138 0.031231
0.831237 0.031231
0.831336 0.030928
0.831435 0.030928
0.831534 0.030928
0.831633 0.030625
0.831732 0.030625
0.831831 0.030625
0.831930 0.030625
0.832029 0.030625
0.832128 0.030625
0.832227 0.030625
0.832326 0.030625
0.832425 0.030625
0.832524 0.030625
0.832623 0.030625
0.832722 0.030625
0.832821 0.030625
0.832920 0.030625
0.833019 0.030625
0.833118 0.030625
0.833217 0.030625
0.833316 0.030321
0.833415 0.030321
0.833514 0.030321
0.833613 0.030321
0.833712 0.030321
0.833811 0.030321
0.833910 0.030321
0.834009 0.030321
0.834108 0.030321
0.834207 0.030321
0.834306 0.030321
0.834405 0.030321
0.834504 0.030321
0.834603 0.030321
0.834702 0.030321
0.834801 0.030321
0.834900 0.030321
0.834999 0.030321
0.835098 0.030321
0.835197 0.030321
0.835296 0.030321
0.835395 0.030321
0.835494 0.030321
0.835593 0.030321
0.835692 0.030321
0.835791 0.030321
0.835890 0.030321
0.835989 0.030321
0.836088 0.030321
0.836187 0.030321
0.836286 0.030018
0.836385 0.030018
0.836484 0.030018
0.836583 0.030018
0.836682 0.029715
0.836780 0.029715
0.836879 0.029715
0.836978 0.029715
0.837077 0.029715
0.837176 0.029715
0.837275 0.029715
0.837374 0.029715
0.837473 0.029715
0.837572 0.029715
0.837671 0.029715
0.837770 0.029715
0.837869 0.029715
0.837968 0.029715
0.838067 0.029715
0.838166 0.029715
0.838265 0.029715
0.838364 0.029715
0.838463 0.029715
0.838562 0.029715
0.838661 0.029715
0.838760 0.029715
0.838859 0.029715
0.838958 0.029715
0.839057 0.029715
0.839156 0.029715
0.839255 0.029715
0.839354 0.029715
0.839453 0.029715
0.839552 0.029715
0.839651 0.029715
0.839750 0.029715
0.839849 0.029715
0.839948 0.029715
0.840047 0.029715
0.840146 0.029715
0.840245 0.029715
0.840344 0.029715
0.840443 0.029715
0.840542 0.029715
0.840641 0.029412
0.840740 0.029412
0.840839 0.029412
0.840938 0.029412
0.841037 0.029412
0.841136 0.029412
0.841235 0.029109
0.841334 0.029109
0.841433 0.028805
0.841532 0.028805
0.841631 0.028805
0.841730 0.028805
0.841829 0.028805
0.841928 0.028805
0.842027 0.028805
0.842126 0.028805
0.842225 0.028805
0.842324 0.028805
0.842423 0.028805
0.842522 0.028805
0.842621 0.028805
0.842720 0.028805
0.842819 0.028805
0.842918 0.028805
0.843017 0.028805
0.843116 0.028805
0.843215 0.028805
0.843314 0.028805
0.843413 0.028502
0.843512 0.028199
0.843611 0.028199
0.843710 0.028199
0.843809 0.028199
0.843908 0.028199
0.844007 0.028199
0.844106 0.028199
0.844205 0.028199
0.844304 0.028199
0.844403 0.028199
0.844502 0.028199
0.844601 0.028199
0.844700 0.028199
0.844799 0.028199
0.844898 0.028199
0.844997 0.028199
0.845096 0.028199
0.845195 0.028199
0.845294 0.028199
0.845393 0.028199
0.845492 0.028199
0.845591 0.028199
0.845690 0.028199
0.845789 0.028199
0.845888 0.028199
0.845987 0.028199
0.846086 0.028199
0.846185 0.028199
0.846284 0.028199
0.846383 0.028199
0.846482 0.028199
0.846581 0.028199
0.846680 0.028199
0.846779 0.028199
0.846878 0.028199
0.846977 0.028199
0.847076 0.028199
0.847175 0.028199
0.847274 0.028199
0.847373 0.027896
0.847471 0.027592
0.847570 0.027592
0.847669 0.027592
0.847768 0.027592
0.847867 0.027592
0.847966 0.027592
0.848065 0.027592
0.848164 0.027592
0.848263 0.027592
0.848362 0.027592
0.848461 0.027592
0.848560 0.027592
0.848659 0.027592
0.848758 0.027592
0.848857 0.027592
0.848956 0.027592
0.849055 0.027592
0.849154 0.027592
0.849253 0.027592
0.849352 0.027592
0.849451 0.027592
0.849550 0.027592
0.849649 0.027592
0.849748 0.027592
0.849847 0.027592
0.849946 0.027592
0.850045 0.027592
0.850144 0.027592
0.850243 0.027592
0.850342 0.027592
0.850441 0.027592
0.850540 0.027592
0.850639 0.027592
0.850738 0.027289
0.850837 0.027289
0.850936 0.026986
0.851035 0.026986
0.851134 0.026986
0.851233 0.026986
0.851332 0.026986
0.851431 0.026986
0.851530 0.026986
0.851629 0.026986
0.851728 0.026986
0.851827 0.026683
0.851926 0.026683
0.852025 0.026683
0.852124 0.026683
0.852223 0.026683
0.852322 0.026683
0.852421 0.026683
0.852520 0.026683
0.852619 0.026683
0.852718 0.026683
0.852817 0.026683
0.852916 0.026683
0.853015 0.026380
0.853114 0.026380
0.853213 0.026380
0.853312 0.026380
0.853411 0.026380
0.853510 0.026380
0.853609 0.026380
0.853708 0.026380
0.853807 0.026380
0.853906 0.026380
0.854005 0.026380
0.854104 0.026380
0.854203 0.026380
0.854302 0.026380
0.854401 0.026380
0.854500 0.026380
0.854599 0.026076
0.854698 0.026076
0.854797 0.026076
0.854896 0.026076
0.854995 0.026076
0.855094 0.026076
0.855193 0.026076
0.855292 0.025773
0.855391 0.025470
0.855490 0.025470
0.855589 0.025470
0.855688 0.025470
0.855787 0.025470
0.855886 0.025470
0.855985 0.025470
0.856084 0.025470
0.856183 0.025470
0.856282 0.025470
0.856381 0.025470
0.856480 0.025470
0.856579 0.025470
0.856678 0.025470
0.856777 0.025470
0.856876 0.025470
0.856975 0.025470
0.857074 0.025470
0.857173 0.025470
0.857272 0.025470
0.857371 0.025470
0.857470 0.025470
0.857569 0.025470
0.857668 0.025470
0.857767 0.025470
0.857866 0.025470
0.857965 0.025470
0.858064 0.025470
0.858162 0.025167
0.858261 0.025167
0.858360 0.025167
0.858459 0.024864
0.858558 0.024864
0.858657 0.024864
0.858756 0.024864
0.858855 0.024560
0.858954 0.024560
0.859053 0.024257
0.859152 0.024257
0.859251 0.024257
0.859350 0.023954
0.859449 0.023954
0.859548 0.023954
0.859647 0.023954
0.859746 0.023954
0.859845 0.023954
0.859944 0.023954
0.860043 0.023651
0.860142 0.023651
0.860241 0.023651
0.860340 0.023651
0.860439 0.023651
0.860538 0.023651
0.860637 0.023651
0.860736 0.023651
0.860835 0.023651
0.860934 0.023651
0.861033 0.023651
0.861132 0.023651
0.861231 0.023651
0.861330 0.023651
0.861429 0.023651
0.861528 0.023651
0.861627 0.023651
0.861726 0.023651
0.861825 0.023651
0.861924 0.023651
0.862023 0.023651
0.862122 0.023651
0.862221 0.023651
0.862320 0.023651
0.862419 0.023651
0.862518 0.023651
0.862617 0.023651
0.862716 0.023651
0.862815 0.023651
0.862914 0.023651
0.863013 0.023651
0.863112 0.023651
0.863211 0.023651
0.863310 0.023651
0.863409 0.023651
0.863508 0.023651
0.863607 0.023347
0.863706 0.023347
0.863805 0.023347
0.863904 0.023347
0.864003 0.023347
0.864102 0.023347
0.864201 0.023347
0.864300 0.023347
0.864399 0.023347
0.864498 0.023347
0.864597 0.023347
0.864696 0.023347
0.864795 0.023347
0.864894 0.023044
0.864993 0.023044
0.865092 0.023044
0.865191 0.023044
0.865290 0.023044
0.865389 0.023044
0.865488 0.023044
0.865587 0.023044
0.865686 0.023044
0.865785 0.023044
0.865884 0.022741
0.865983 0.022741
0.866082 0.022741
0.866181 0.022741
0.866280 0.022741
0.866379 0.022741
0.866478 0.022741
0.866577 0.022741
0.866676 0.022741
0.866775 0.022741
0.866874 0.022741
0.866973 0.022741
0.867072 0.022741
0.867171 0.022438
0.867270 0.022438
0.867369 0.022438
0.867468 0.022438
0.867567 0.022438
0.867666 0.022438
0.867765 0.022438
0.867864 0.022135
0.867963 0.022135
0.868062 0.022135
0.868161 0.022135
0.868260 0.022135
0.868359 0.021831
0.868458 0.021831
0.868557 0.021831
0.868656 0.021831
0.868755 0.021831
0.868853 0.021831
0.868952 0.021831
0.869051 0.021831
0.869150 0.021831
0.869249 0.021831
0.869348 0.021831
0.869447 0.021831
0.869546 0.021528
0.869645 0.021528
0.869744 0.021528
0.869843 0.021528
0.869942 0.021528
0.870041 0.021528
0.870140 0.021225
0.870239 0.021225
0.870338 0.021225
0.870437 0.021225
0.870536 0.021225
0.870635 0.021225
0.870734 0.021225
0.870833 0.021225
0.870932 0.021225
0.871031 0.021225
0.871130 0.021225
0.871229 0.021225
0.871328 0.021225
0.871427 0.021225
0.871526 0.021225
0.871625 0.021225
0.871724 0.021225
0.871823 0.021225
0.871922 0.021225
0.872021 0.020922
0.872120 0.020922
0.872219 0.020922
0.872318 0.020922
0.872417 0.020922
0.872516 0.020922
0.872615 0.020922
0.872714 0.020922
0.872813 0.020922
0.872912 0.020922
0.873011 0.020922
0.873110 0.020922
0.873209 0.020922
0.873308 0.020619
0.873407 0.020619
0.873506 0.020619
0.873605 0.020619
0.873704 0.020619
0.873803 0.020619
0.873902 0.020619
0.874001 0.020619
0.874100 0.020619
0.874199 0.020619
0.874298 0.020619
0.874397 0.020619
0.874496 0.020619
0.874595 0.020619
0.874694 0.020619
0.874793 0.020315
0.874892 0.020315
0.874991 0.020315
0.875090 0.020315
0.875189 0.020315
0.875288 0.020012
0.875387 0.020012
0.875486 0.020012
0.875585 0.019709
0.875684 0.019709
0.875783 0.019709
0.875882 0.019709
0.875981 0.019709
0.876080 0.019709
0.876179 0.019709
0.876278 0.019709
0.876377 0.019709
0.876476 0.019406
0.876575 0.019406
0.876674 0.019406
0.876773 0.019406
0.876872 0.019406
0.876971 0.019406
0.877070 0.019406
0.877169 0.019406
0.877268 0.019406
0.877367 0.019406
0.877466 0.019406
0.877565 0.019406
0.877664 0.019406
0.877763 0.019406
0.877862 0.019406
0.877961 0.019406
0.878060 0.019406
0.878159 0.019406
0.878258 0.019406
0.878357 0.019406
0.878456 0.019406
0.878555 0.019406
0.878654 0.019406
0.878753 0.019406
0.878852 0.019406
0.878951 0.019406
0.879050 0.019406
0.879149 0.019406
0.879248 0.019406
0.879347 0.019406
0.879446 0.019406
0.879544 0.019406
0.879643 0.019406
0.879742 0.019406
0.879841 0.019406
0.879940 0.019406
0.880039 0.019406
0.880138 0.019406
0.880237 0.019406
0.880336 0.019406
0.880435 0.019406
0.880534 0.019406
0.880633 0.019406
0.880732 0.019406
0.880831 0.019406
0.880930 0.019406
0.881029 0.019406
0.881128 0.019406
0.881227 0.019406
0.881326 0.019406
0.881425 0.019406
0.881524 0.019406
0.881623 0.019406
0.881722 0.019406
0.881821 0.019406
0.881920 0.019406
0.882019 0.019102
0.882118 0.019102
0.882217 0.019102
0.882316 0.019102
0.882415 0.019102
0.882514 0.019102
0.882613 0.019102
0.882712 0.018799
0.882811 0.018799
0.882910 0.018799
0.883009 0.018799
0.883108 0.018799
0.883207 0.018799
0.883306 0.018799
0.883405 0.018799
0.883504 0.018799
0.883603 0.018799
0.883702 0.018799
0.883801 0.018799
0.883900 0.018496
0.883999 0.018496
0.884098 0.018496
0.884197 0.018496
0.884296 0.018496
0.884395 0.018496
0.884494 0.018496
0.884593 0.018496
0.884692 0.018496
0.884791 0.018496
0.884890 0.018496
0.884989 0.018496
0.885088 0.018193
0.885187 0.018193
0.885286 0.018193
0.885385 0.018193
0.885484 0.018193
0.885583 0.018193
0.885682 0.018193
0.885781 0.018193
0.885880 0.018193
0.885979 0.018193
0.886078 0.018193
0.886177 0.018193
0.886276 0.018193
0.886375 0.018193
0.886474 0.018193
0.886573 0.018193
0.886672 0.018193
0.886771 0.018193
0.886870 0.018193
0.886969 0.018193
0.887068 0.018193
0.887167 0.018193
0.887266 0.018193
0.887365 0.018193
0.887464 0.018193
0.887563 0.018193
0.887662 0.018193
0.887761 0.018193
0.887860 0.018193
0.887959 0.018193
0.888058 0.018193
0.888157 0.018193
0.888256 0.018193
0.888355 0.018193
0.888454 0.018193
0.888553 0.018193
0.888652 0.018193
0.888751 0.018193
0.888850 0.018193
0.888949 0.018193
0.889048 0.018193
0.889147 0.018193
0.889246 0.018193
0.889345 0.018193
0.889444 0.018193
0.889543 0.018193
0.889642 0.018193
0.889741 0.018193
0.889840 0.018193
0.889939 0.018193
0.890038 0.018193
0.890136 0.017890
0.890235 0.017890
0.890334 0.017586
0.890433 0.017586
0.890532 0.017586
0.890631 0.017586
0.890730 0.017586
0.890829 0.017586
0.890928 0.017586
0.891027 0.017586
0.891126 0.017586
0.891225 0.017586
0.891324 0.017586
0.891423 0.017586
0.891522 0.017586
0.891621 0.017586
0.891720 0.017586
0.891819 0.017586
0.891918 0.017586
0.892017 0.017586
0.892116 0.017586
0.892215 0.017586
0.892314 0.017586
0.892413 0.017586
0.892512 0.017586
0.892611 0.017586
0.892710 0.017586
0.892809 0.017586
0.892908 0.017586
0.893007 0.017586
0.893106 0.017586
0.893205 0.017586
0.893304 0.017586
0.893403 0.017586
0.893502 0.017586
0.893601 0.017586
0.893700 0.017586
0.893799 0.017586
0.893898 0.017283
0.893997 0.017283
0.894096 0.017283
0.894195 0.017283
0.894294 0.017283
0.894393 0.017283
0.894492 0.017283
0.894591 0.017283
0.894690 0.017283
0.894789 0.017283
0.894888 0.017283
0.894987 0.016677
0.895086 0.016374
0.895185 0.016374
0.895284 0.016374
0.895383 0.016374
0.895482 0.016374
0.895581 0.016374
0.895680 0.016374
0.895779 0.016374
0.895878 0.016374
0.895977 0.016374
0.896076 0.016070
0.896175 0.016070
0.896274 0.016070
0.896373 0.016070
0.896472 0.016070
0.896571 0.016070
0.896670 0.016070
0.896769 0.016070
0.896868 0.016070
0.896967 0.016070
0.897066 0.015767
0.897165 0.015767
0.897264 0.015767
0.897363 0.015767
0.897462 0.015767
0.897561 0.015464
0.897660 0.015464
0.897759 0.015464
0.897858 0.015464
0.897957 0.015464
0.898056 0.015464
0.898155 0.015464
0.898254 0.015464
0.898353 0.015464
0.898452 0.015464
0.898551 0.015464
0.898650 0.015161
0.898749 0.015161
0.898848 0.015161
0.898947 0.015161
0.899046 0.015161
0.899145 0.015161
0.899244 0.015161
0.899343 0.015161
0.899442 0.015161
0.899541 0.014857
0.899640 0.014857
0.899739 0.014554
0.899838 0.014554
0.899937 0.014554
0.900036 0.014554
0.900135 0.014554
0.900234 0.014554
0.900333 0.014554
0.900432 0.014554
0.900531 0.014554
0.900630 0.014554
0.900729 0.014554
0.900827 0.014554
0.900926 0.014554
0.901025 0.014554
0.901124 0.014554
0.901223 0.014554
0.901322 0.014554
0.901421 0.014251
0.901520 0.014251
0.901619 0.014251
0.901718 0.013948
0.901817 0.013948
0.901916 0.013948
0.902015 0.013948
0.902114 0.013948
0.902213 0.013948
0.902312 0.013948
0.902411 0.013948
0.902510 0.013948
0.902609 0.013948
0.902708 0.013948
0.902807 0.013948
0.902906 0.013948
0.903005 0.013948
0.903104 0.013948
0.903203 0.013645
0.903302 0.013645
0.903401 0.013645
0.903500 0.013645
0.903599 0.013645
0.903698 0.013645
0.903797 0.013645
0.903896 0.013645
0.903995 0.013645
0.904094 0.013645
0.904193 0.013645
0.904292 0.013645
0.904391 0.013645
0.904490 0.013645
0.904589 0.013645
0.904688 0.013645
0.904787 0.013645
0.904886 0.013645
0.904985 0.013645
0.905084 0.013645
0.905183 0.013645
0.905282 0.013645
0.905381 0.013645
0.905480 0.013645
0.905579 0.013645
0.905678 0.013645
0.905777 0.013645
0.905876 0.013645
0.905975 0.013645
0.906074 0.013645
0.906173 0.013645
0.906272 0.013645
0.906371 0.013645
0.906470 0.013645
0.906569 0.013341
0.906668 0.013341
0.906767 0.013038
0.906866 0.013038
0.906965 0.013038
0.907064 0.013038
0.907163 0.013038
0.907262 0.013038
0.907361 0.013038
0.907460 0.013038
0.907559 0.013038
0.907658 0.012735
0.907757 0.012735
0.907856 0.012735
0.907955 0.012735
0.908054 0.012735
0.908153 0.012432
0.908252 0.012432
0.908351 0.012432
0.908450 0.012432
0.908549 0.012432
0.908648 0.012432
0.908747 0.012432
0.908846 0.012432
0.908945 0.012432
0.909044 0.012432
0.909143 0.012432
0.909242 0.012432
0.909341 0.012432
0.909440 0.012432
0.909539 0.012432
0.909638 0.012432
0.909737 0.012432
0.909836 0.012432
0.909935 0.012129
0.910034 0.012129
0.910133 0.012129
0.910232 0.012129
0.910331 0.012129
0.910430 0.012129
0.910529 0.012129
0.910628 0.012129
0.910727 0.012129
0.910826 0.012129
0.910925 0.012129
0.911024 0.012129
0.911123 0.012129
0.911222 0.012129
0.911321 0.012129
0.911420 0.012129
0.911518 0.012129
0.911617 0.012129
0.911716 0.012129
0.911815 0.012129
0.911914 0.012129
0.912013 0.012129
0.912112 0.012129
0.912211 0.012129
0.912310 0.011825
0.912409 0.011825
0.912508 0.011825
0.912607 0.011825
0.912706 0.011825
0.912805 0.011825
0.912904 0.011825
0.913003 0.011825
0.913102 0.011825
0.913201 0.011825
0.913300 0.011825
0.913399 0.011825
0.913498 0.011825
0.913597 0.011825
0.913696 0.011825
0.913795 0.011825
0.913894 0.011825
0.913993 0.011825
0.914092 0.011825
0.914191 0.011825
0.914290 0.011825
0.914389 0.011825
0.914488 0.011522
0.914587 0.011522
0.914686 0.011522
0.914785 0.011219
0.914884 0.011219
0.914983 0.011219
0.915082 0.011219
0.915181 0.010916
0.915280 0.010916
0.915379 0.010916
0.915478 0.010916
0.915577 0.010916
0.915676 0.010916
0.915775 0.010916
0.915874 0.010916
0.915973 0.010916
0.916072 0.010916
0.916171 0.010916
0.916270 0.010916
0.916369 0.010916
0.916468 0.010916
0.916567 0.010916
0.916666 0.010916
0.916765 0.010916
0.916864 0.010916
0.916963 0.010916
0.917062 0.010916
0.917161 0.010916
0.917260 0.010916
0.917359 0.010916
0.917458 0.010916
0.917557 0.010916
0.917656 0.010916
0.917755 0.010916
0.917854 0.010612
0.917953 0.010612
0.918052 0.010612
0.918151 0.010612
0.918250 0.010612
0.918349 0.010612
0.918448 0.010612
0.918547 0.010612
0.918646 0.010309
0.918745 0.010309
0.918844 0.010309
0.918943 0.010309
0.919042 0.010309
0.919141 0.010006
0.919240 0.010006
0.919339 0.010006
0.919438 0.010006
0.919537 0.010006
0.919636 0.010006
0.919735 0.010006
0.919834 0.010006
0.919933 0.010006
0.920032 0.010006
0.920131 0.010006
0.920230 0.010006
0.920329 0.010006
0.920428 0.010006
0.920527 0.010006
0.920626 0.010006
0.920725 0.009703
0.920824 0.009703
0.920923 0.009703
0.921022 0.009096
0.921121 0.009096
0.921220 0.009096
0.921319 0.009096
0.921418 0.009096
0.921517 0.009096
0.921616 0.009096
0.921715 0.009096
0.921814 0.009096
0.921913 0.009096
0.922012 0.009096
0.922111 0.009096
0.922209 0.009096
0.922308 0.008793
0.922407 0.008793
0.922506 0.008793
0.922605 0.008793
0.922704 0.008793
0.922803 0.008793
0.922902 0.008490
0.923001 0.008490
0.923100 0.008490
0.923199 0.008490
0.923298 0.008490
0.923397 0.008490
0.923496 0.008490
0.923595 0.008490
0.923694 0.008490
0.923793 0.008490
0.923892 0.008490
0.923991 0.008490
0.924090 0.008490
0.924189 0.008490
0.924288 0.008490
0.924387 0.008490
0.924486 0.008490
0.924585 0.008490
0.924684 0.008490
0.924783 0.008490
0.924882 0.008490
0.924981 0.008490
0.925080 0.008187
0.925179 0.008187
0.925278 0.008187
0.925377 0.008187
0.925476 0.008187
0.925575 0.008187
0.925674 0.008187
0.925773 0.008187
0.925872 0.008187
0.925971 0.008187
0.926070 0.008187
0.926169 0.008187
0.926268 0.008187
0.926367 0.008187
0.926466 0.007884
0.926565 0.007884
0.926664 0.007884
0.926763 0.007884
0.926862 0.007884
0.926961 0.007884
0.927060 0.007884
0.927159 0.007884
0.927258 0.007884
0.927357 0.007884
0.927456 0.007884
0.927555 0.007884
0.927654 0.007884
0.927753 0.007884
0.927852 0.007884
0.927951 0.007884
0.928050 0.007884
0.928149 0.007884
0.928248 0.007884
0.928347 0.007884
0.928446 0.007884
0.928545 0.007884
0.928644 0.007884
0.928743 0.007884
0.928842 0.007884
0.928941 0.007884
0.929040 0.007884
0.929139 0.007884
0.929238 0.007884
0.929337 0.007884
0.929436 0.007884
0.929535 0.007884
0.929634 0.007884
0.929733 0.007884
0.929832 0.007884
0.929931 0.007884
0.930030 0.007884
0.930129 0.007884
0.930228 0.007884
0.930327 0.007884
0.930426 0.007884
0.930525 0.007884
0.930624 0.007884
0.930723 0.007884
0.930822 0.007884
0.930921 0.007884
0.931020 0.007884
0.931119 0.007884
0.931218 0.007884
0.931317 0.007884
0.931416 0.007580
0.931515 0.007580
0.931614 0.007580
0.931713 0.007580
0.931812 0.007580
0.931911 0.007580
0.932010 0.007580
0.932109 0.007580
0.932208 0.007580
0.932307 0.007580
0.932406 0.007580
0.932505 0.007580
0.932604 0.007580
0.932703 0.007580
0.932802 0.007277
0.932900 0.007277
0.932999 0.007277
0.933098 0.007277
0.933197 0.007277
0.933296 0.007277
0.933395 0.007277
0.933494 0.007277
0.933593 0.007277
0.933692 0.006974
0.933791 0.006974
0.933890 0.006974
0.933989 0.006671
0.934088 0.006671
0.934187 0.006367
0.934286 0.006367
0.934385 0.006367
0.934484 0.006367
0.934583 0.006367
0.934682 0.006367
0.934781 0.006367
0.934880 0.006367
0.934979 0.006367
0.935078 0.006064
0.935177 0.006064
0.935276 0.006064
0.935375 0.006064
0.935474 0.006064
0.935573 0.006064
0.935672 0.006064
0.935771 0.006064
0.935870 0.006064
0.935969 0.006064
0.936068 0.006064
0.936167 0.006064
0.936266 0.006064
0.936365 0.006064
0.936464 0.005761
0.936563 0.005761
0.936662 0.005761
0.936761 0.005761
0.936860 0.005761
0.936959 0.005761
0.937058 0.005761
0.937157 0.005761
0.937256 0.005761
0.937355 0.005761
0.937454 0.005761
0.937553 0.005761
0.937652 0.005761
0.937751 0.005761
0.937850 0.005761
0.937949 0.005761
0.938048 0.005761
0.938147 0.005761
0.938246 0.005761
0.938345 0.005761
0.938444 0.005761
0.938543 0.005761
0.938642 0.005761
0.938741 0.005761
0.938840 0.005761
0.938939 0.005761
0.939038 0.005761
0.939137 0.005761
0.939236 0.005761
0.939335 0.005761
0.939434 0.005761
0.939533 0.005761
0.939632 0.005761
0.939731 0.005761
0.939830 0.005761
0.939929 0.005761
0.940028 0.005761
0.940127 0.005761
0.940226 0.005761
0.940325 0.005761
0.940424 0.005761
0.940523 0.005761
0.940622 0.005761
0.940721 0.005761
0.940820 0.005761
0.940919 0.005761
0.941018 0.005761
0.941117 0.005761
0.941216 0.005761
0.941315 0.005761
0.941414 0.005458
0.941513 0.005458
0.941612 0.005458
0.941711 0.005458
0.941810 0.005458
0.941909 0.005458
0.942008 0.005458
0.942107 0.005458
0.942206 0.005458
0.942305 0.005458
0.942404 0.005458
0.942503 0.005458
0.942602 0.005458
0.942701 0.005458
0.942800 0.005458
0.942899 0.005458
0.942998 0.005458
0.943097 0.005458
0.943196 0.005458
0.943295 0.005458
0.943394 0.005458
0.943492 0.005458
0.943591 0.005458
0.943690 0.005458
0.943789 0.005458
0.943888 0.005458
0.943987 0.005155
0.944086 0.005155
0.944185 0.005155
0.944284 0.005155
0.944383 0.005155
0.944482 0.005155
0.944581 0.005155
0.944680 0.005155
0.944779 0.005155
0.944878 0.005155
0.944977 0.005155
0.945076 0.005155
0.945175 0.005155
0.945274 0.005155
0.945373 0.005155
0.945472 0.005155
0.945571 0.005155
0.945670 0.005155
0.945769 0.005155
0.945868 0.005155
0.945967 0.005155
0.946066 0.005155
0.946165 0.005155
0.946264 0.005155
0.946363 0.005155
0.946462 0.005155
0.946561 0.005155
0.946660 0.005155
0.946759 0.005155
0.946858 0.005155
0.946957 0.005155
0.947056 0.005155
0.947155 0.005155
0.947254 0.004851
0.947353 0.004851
0.947452 0.004851
0.947551 0.004851
0.947650 0.004851
0.947749 0.004851
0.947848 0.004851
0.947947 0.004851
0.948046 0.004851
0.948145 0.004851
0.948244 0.004851
0.948343 0.004851
0.948442 0.004851
0.948541 0.004548
0.948640 0.004548
0.948739 0.004548
0.948838 0.004548
0.948937 0.004548
0.949036 0.004548
0.949135 0.004245
0.949234 0.004245
0.949333 0.004245
0.949432 0.004245
0.949531 0.004245
0.949630 0.004245
0.949729 0.004245
0.949828 0.004245
0.949927 0.004245
0.950026 0.004245
0.950125 0.003942
0.950224 0.003942
0.950323 0.003942
0.950422 0.003639
0.950521 0.003639
0.950620 0.003639
0.950719 0.003639
0.950818 0.003639
0.950917 0.003639
0.951016 0.003639
0.951115 0.003639
0.951214 0.003639
0.951313 0.003639
0.951412 0.003639
0.951511 0.003639
0.951610 0.003335
0.951709 0.003335
0.951808 0.003335
0.951907 0.003335
0.952006 0.003335
0.952105 0.003335
0.952204 0.003335
0.952303 0.003335
0.952402 0.003032
0.952501 0.003032
0.952600 0.003032
0.952699 0.003032
0.952798 0.003032
0.952897 0.003032
0.952996 0.003032
0.953095 0.003032
0.953194 0.003032
0.953293 0.003032
0.953392 0.003032
0.953491 0.003032
0.953590 0.003032
0.953689 0.003032
0.953788 0.003032
0.953887 0.003032
0.953986 0.003032
0.954085 0.003032
0.954183 0.003032
0.954282 0.003032
0.954381 0.003032
0.954480 0.003032
0.954579 0.003032
0.954678 0.002729
0.954777 0.002729
0.954876 0.002729
0.954975 0.002729
0.955074 0.002729
0.955173 0.002729
0.955272 0.002729
0.955371 0.002729
0.955470 0.002729
0.955569 0.002729
0.955668 0.002729
0.955767 0.002729
0.955866 0.002729
0.955965 0.002729
0.956064 0.002729
0.956163 0.002729
0.956262 0.002729
0.956361 0.002729
0.956460 0.002729
0.956559 0.002729
0.956658 0.002729
0.956757 0.002729
0.956856 0.002729
0.956955 0.002729
0.957054 0.002426
0.957153 0.002426
0.957252 0.002426
0.957351 0.002426
0.957450 0.002426
0.957549 0.002426
0.957648 0.002426
0.957747 0.002426
0.957846 0.002426
0.957945 0.002426
0.958044 0.002426
0.958143 0.002426
0.958242 0.002426
0.958341 0.002426
0.958440 0.002426
0.958539 0.002426
0.958638 0.002122
0.958737 0.002122
0.958836 0.002122
0.958935 0.002122
0.959034 0.002122
0.959133 0.002122
0.959232 0.002122
0.959331 0.002122
0.959430 0.002122
0.959529 0.002122
0.959628 0.002122
0.959727 0.002122
0.959826 0.002122
0.959925 0.002122
0.960024 0.002122
0.960123 0.002122
0.960222 0.002122
0.960321 0.002122
0.960420 0.002122
0.960519 0.002122
0.960618 0.002122
0.960717 0.002122
0.960816 0.002122
0.960915 0.002122
0.961014 0.002122
0.961113 0.002122
0.961212 0.002122
0.961311 0.002122
0.961410 0.002122
0.961509 0.002122
0.961608 0.002122
0.961707 0.002122
0.961806 0.002122
0.961905 0.001819
0.962004 0.001819
0.962103 0.001819
0.962202 0.001819
0.962301 0.001819
0.962400 0.001819
0.962499 0.001819
0.962598 0.001819
0.962697 0.001819
0.962796 0.001819
0.962895 0.001819
0.962994 0.001819
0.963093 0.001819
0.963192 0.001819
0.963291 0.001819
0.963390 0.001819
0.963489 0.001819
0.963588 0.001819
0.963687 0.001819
0.963786 0.001819
0.963885 0.001819
0.963984 0.001819
0.964083 0.001819
0.964182 0.001819
0.964281 0.001819
0.964380 0.001819
0.964479 0.001819
0.964578 0.001819
0.964677 0.001819
0.964776 0.001819
0.964874 0.001819
0.964973 0.001819
0.965072 0.001819
0.965171 0.001516
0.965270 0.001516
0.965369 0.001516
0.965468 0.001516
0.965567 0.001516
0.965666 0.001213
0.965765 0.001213
0.965864 0.001213
0.965963 0.001213
0.966062 0.001213
0.966161 0.001213
0.966260 0.001213
0.966359 0.000910
0.966458 0.000910
0.966557 0.000910
0.966656 0.000910
0.966755 0.000910
0.966854 0.000910
0.966953 0.000910
0.967052 0.000910
0.967151 0.000910
0.967250 0.000910
0.967349 0.000910
0.967448 0.000910
0.967547 0.000910
0.967646 0.000910
0.967745 0.000910
0.967844 0.000910
0.967943 0.000910
0.968042 0.000910
0.968141 0.000910
0.968240 0.000910
0.968339 0.000910
0.968438 0.000910
0.968537 0.000910
0.968636 0.000910
0.968735 0.000910
0.968834 0.000910
0.968933 0.000910
0.969032 0.000910
0.969131 0.000910
0.969230 0.000910
0.969329 0.000910
0.969428 0.000910
0.969527 0.000910
0.969626 0.000910
0.969725 0.000606
0.969824 0.000606
0.969923 0.000606
0.970022 0.000606
0.970121 0.000606
0.970220 0.000606
0.970319 0.000606
0.970418 0.000606
0.970517 0.000606
0.970616 0.000606
0.970715 0.000606
0.970814 0.000606
0.970913 0.000606
0.971012 0.000606
0.971111 0.000606
0.971210 0.000303
0.971309 0.000303
0.971408 0.000303
0.971507 0.000303
0.971606 0.000303
0.971705 0.000303
0.971804 0.000303
0.971903 0.000303
0.972002 0.000303
0.972101 0.000303
0.972200 0.000303
0.972299 0.000303
0.972398 0.000303
0.972497 0.000303
0.972596 0.000303
0.972695 0.000303
0.972794 0.000303
0.972893 0.000303
0.972992 0.000303
0.973091 0.000303
0.973190 0.000303
0.973289 0.000303
0.973388 0.000303
0.973487 0.000303
0.973586 0.000303
0.973685 0.000303
0.973784 0.000303
0.973883 0.000303
0.973982 0.000303
0.974081 0.000303
0.974180 0.000303
0.974279 0.000303
0.974378 0.000303
0.974477 0.000000
0.974576 0.000000
0.974675 0.000000
0.974774 0.000000
0.974873 0.000000
0.974972 0.000000
0.975071 0.000000
0.975170 0.000000
0.975269 0.000000
0.975368 0.000000
0.975467 0.000000
0.975565 0.000000
0.975664 0.000000
0.975763 0.000000
0.975862 0.000000
0.975961 0.000000
0.976060 0.000000
0.976159 0.000000
0.976258 0.000000
0.976357 0.000000
0.976456 0.000000
0.976555 0.000000
0.976654 0.000000
0.976753 0.000000
0.976852 0.000000
0.976951 0.000000
0.977050 0.000000
0.977149 0.000000
0.977248 0.000000
0.977347 0.000000
0.977446 0.000000
0.977545 0.000000
0.977644 0.000000
0.977743 0.000000
0.977842 0.000000
0.977941 0.000000
0.978040 0.000000
0.978139 0.000000
0.978238 0.000000
0.978337 0.000000
0.978436 0.000000
0.978535 0.000000
0.978634 0.000000
0.978733 0.000000
0.978832 0.000000
0.978931 0.000000
0.979030 0.000000
0.979129 0.000000
0.979228 0.000000
0.979327 0.000000
0.979426 0.000000
0.979525 0.000000
0.979624 0.000000
0.979723 0.000000
0.979822 0.000000
0.979921 0.000000
0.980020 0.000000
0.980119 0.000000
0.980218 0.000000
0.980317 0.000000
0.980416 0.000000
0.980515 0.000000
0.980614 0.000000
0.980713 0.000000
0.980812 0.000000
0.980911 0.000000
0.981010 0.000000
0.981109 0.000000
0.981208 0.000000
0.981307 0.000000
0.981406 0.000000
0.981505 0.000000
0.981604 0.000000
0.981703 0.000000
0.981802 0.000000
0.981901 0.000000
0.982000 0.000000
0.982099 0.000000
0.982198 0.000000
0.982297 0.000000
0.982396 0.000000
0.982495 0.000000
0.982594 0.000000
0.982693 0.000000
0.982792 0.000000
0.982891 0.000000
0.982990 0.000000
0.983089 0.000000
0.983188 0.000000
0.983287 0.000000
0.983386 0.000000
0.983485 0.000000
0.983584 0.000000
0.983683 0.000000
0.983782 0.000000
0.983881 0.000000
0.983980 0.000000
0.984079 0.000000
0.984178 0.000000
0.984277 0.000000
0.984376 0.000000
0.984475 0.000000
0.984574 0.000000
0.984673 0.000000
0.984772 0.000000
0.984871 0.000000
0.984970 0.000000
0.985069 0.000000
0.985168 0.000000
0.985267 0.000000
0.985366 0.000000
0.985465 0.000000
0.985564 0.000000
0.985663 0.000000
0.985762 0.000000
0.985861 0.000000
0.985960 0.000000
0.986059 0.000000
0.986158 0.000000
0.986256 0.000000
0.986355 0.000000
0.986454 0.000000
0.986553 0.000000
0.986652 0.000000
0.986751 0.000000
0.986850 0.000000
0.986949 0.000000
0.987048 0.000000
0.987147 0.000000
0.987246 0.000000
0.987345 0.000000
0.987444 0.000000
0.987543 0.000000
0.987642 0.000000
0.987741 0.000000
0.987840 0.000000
0.987939 0.000000
0.988038 0.000000
0.988137 0.000000
0.988236 0.000000
0.988335 0.000000
0.988434 0.000000
0.988533 0.000000
0.988632 0.000000
0.988731 0.000000
0.988830 0.000000
0.988929 0.000000
0.989028 0.000000
0.989127 0.000000
0.989226 0.000000
0.989325 0.000000
0.989424 0.000000
0.989523 0.000000
0.989622 0.000000
0.989721 0.000000
0.989820 0.000000
0.989919 0.000000
0.990018 0.000000
0.990117 0.000000
0.990216 0.000000
0.990315 0.000000
0.990414 0.000000
0.990513 0.000000
0.990612 0.000000
0.990711 0.000000
0.990810 0.000000
0.990909 0.000000
0.991008 0.000000
0.991107 0.000000
0.991206 0.000000
0.991305 0.000000
0.991404 0.000000
0.991503 0.000000
