# Threshold Efficiency
0.000343 1.000000
0.000442 1.000000
0.000542 1.000000
0.000641 1.000000
0.000740 1.000000
0.000840 1.000000
0.000939 1.000000
0.001039 1.000000
0.001138 1.000000
0.001237 1.000000
0.001337 1.000000
0.001436 1.000000
0.001536 1.000000
0.001635 1.000000
0.001734 1.000000
0.001834 1.000000
0.001933 1.000000
0.002033 1.000000
0.002132 1.000000
0.002231 1.000000
0.002331 1.000000
0.002430 1.000000
0.002529 1.000000
0.002629 1.000000
0.002728 1.000000
0.002828 1.000000
0.002927 1.000000
0.003026 1.000000
0.003126 1.000000
0.003225 1.000000
0.003325 1.000000
0.003424 1.000000
0.003523 1.000000
0.003623 1.000000
0.003722 1.000000
0.003822 1.000000
0.003921 1.000000
0.004020 1.000000
0.004120 1.000000
0.004219 1.000000
0.004319 1.000000
0.004418 1.000000
0.004517 1.000000
0.004617 1.000000
0.004716 1.000000
0.004816 1.000000
0.004915 1.000000
0.005014 1.000000
0.005114 1.000000
0.005213 1.000000
0.005313 1.000000
0.005412 1.000000
0.005511 1.000000
0.005611 1.000000
0.005710 1.000000
0.005810 1.000000
0.005909 1.000000
0.006008 1.000000
0.006108 1.000000
0.006207 1.000000
0.006307 1.000000
0.006406 1.000000
0.006505 1.000000
0.006605 1.000000
0.006704 1.000000
0.006804 1.000000
0.006903 1.000000
0.007002 1.000000
0.007102 1.000000
0.007201 1.000000
0.007301 1.000000
0.007400 1.000000
0.007499 1.000000
0.007599 1.000000
0.007698 1.000000
0.007798 1.000000
0.007897 1.000000
0.007996 1.000000
0.008096 1.000000
0.008195 1.000000
0.008295 1.000000
0.008394 1.000000
0.008493 1.000000
0.008593 1.000000
0.008692 1.000000
0.008792 1.000000
0.008891 1.000000
0.008990 1.000000
0.009090 1.000000
0.009189 1.000000
0.009289 1.000000
0.009388 1.000000
0.009487 1.000000
0.009587 1.000000
0.009686 1.000000
0.009785 1.000000
0.009885 1.000000
0.009984 1.000000
0.010084 1.000000
0.010183 1.000000
0.010282 1.000000
0.010382 1.000000
0.010481 1.000000
0.010581 1.000000
0.010680 1.000000
0.010779 1.000000
0.010879 1.000000
0.010978 1.000000
0.011078 1.000000
0.011177 1.000000
0.011276 1.000000
0.011376 1.000000
0.011475 1.000000
0.011575 1.000000
0.011674 1.000000
0.011773 1.000000
0.011873 1.000000
0.011972 1.000000
0.012072 1.000000
0.012171 1.000000
0.012270 1.000000
0.012370 1.000000
0.012469 1.000000
0.012569 1.000000
0.012668 1.000000
0.012767 1.000000
0.012867 0.999373
0.012966 0.999373
0.013066 0.999373
0.013165 0.999373
0.013264 0.999373
0.013364 0.999373
0.013463 0.999373
0.013563 0.999373
0.013662 0.999373
0.013761 0.999373
0.013861 0.999373
0.013960 0.999373
0.014060 0.999373
0.014159 0.999373
0.014258 0.999373
0.014358 0.999373
0.014457 0.999373
0.014557 0.999373
0.014656 0.999373
0.014755 0.999373
0.014855 0.999373
0.014954 0.999373
0.015054 0.999373
0.015153 0.999373
0.015252 0.999373
0.015352 0.999373
0.015451 0.999373
0.015551 0.999373
0.015650 0.999373
0.015749 0.999373
0.015849 0.999373
0.015948 0.999373
0.016048 0.999373
0.016147 0.999373
0.016246 0.999373
0.016346 0.999373
0.016445 0.999373
0.016545 0.999373
0.016644 0.999373
0.016743 0.999373
0.016843 0.999373
0.016942 0.999373
0.017041 0.999373
0.017141 0.999373
0.017240 0.999373
0.017340 0.999373
0.017439 0.999373
0.017538 0.999373
0.017638 0.999373
0.017737 0.999373
0.017837 0.999373
0.017936 0.999373
0.018035 0.999373
0.018135 0.999373
0.018234 0.999373
0.018334 0.999373
0.018433 0.999373
0.018532 0.999373
0.018632 0.999373
0.018731 0.999373
0.018831 0.999373
0.018930 0.999373
0.019029 0.999373
0.019129 0.999373
0.019228 0.999373
0.019328 0.999373
0.019427 0.999373
0.019526 0.999373
0.019626 0.999373
0.019725 0.999373
0.019825 0.999373
0.019924 0.999373
0.020023 0.999373
0.020123 0.999373
0.020222 0.999373
0.020322 0.999373
0.020421 0.999373
0.020520 0.999373
0.020620 0.999373
0.020719 0.999373
0.020819 0.999373
0.020918 0.999373
0.021017 0.999373
0.021117 0.999373
0.021216 0.999373
0.021316 0.999373
0.021415 0.999373
0.021514 0.999373
0.021614 0.999373
0.021713 0.999373
0.021813 0.999373
0.021912 0.999373
0.022011 0.999373
0.022111 0.999373
0.022210 0.999373
0.022310 0.999373
0.022409 0.999373
0.022508 0.999373
0.022608 0.999373
0.022707 0.999373
0.022807 0.999373
0.022906 0.999373
0.023005 0.999373
0.023105 0.999373
0.023204 0.999373
0.023304 0.999373
0.023403 0.999373
0.023502 0.999373
0.023602 0.999373
0.023701 0.999373
0.023801 0.999373
0.023900 0.999373
0.023999 0.999373
0.024099 0.999373
0.024198 0.999373
0.024297 0.999373
0.024397 0.999373
0.024496 0.999373
0.024596 0.999373
0.024695 0.999373
0.024794 0.999373
0.024894 0.999373
0.024993 0.999373
0.025093 0.999373
0.025192 0.999373
0.025291 0.999373
0.025391 0.999373
0.025490 0.999373
0.025590 0.999373
0.025689 0.999373
0.025788 0.999373
0.025888 0.999373
0.025987 0.999373
0.026087 0.999373
0.026186 0.999373
0.026285 0.999373
0.026385 0.999373
0.026484 0.999373
0.026584 0.999373
0.026683 0.999373
0.026782 0.999373
0.026882 0.999373
0.026981 0.999373
0.027081 0.999373
0.027180 0.999373
0.027279 0.999373
0.027379 0.999373
0.027478 0.999373
0.027578 0.999373
0.027677 0.999373
0.027776 0.999373
0.027876 0.999373
0.027975 0.999373
0.028075 0.999373
0.028174 0.999373
0.028273 0.999373
0.028373 0.999373
0.028472 0.998747
0.028572 0.998747
0.028671 0.998747
0.028770 0.998747
0.028870 0.998747
0.028969 0.998747
0.029069 0.998747
0.029168 0.998747
0.029267 0.998747
0.029367 0.998747
0.029466 0.998747
0.029566 0.998747
0.029665 0.998747
0.029764 0.998747
0.029864 0.998747
0.029963 0.998747
0.030063 0.998747
0.030162 0.998747
0.030261 0.998747
0.030361 0.998747
0.030460 0.998747
0.030560 0.998747
0.030659 0.998747
0.030758 0.998747
0.030858 0.998747
0.030957 0.998747
0.031057 0.998747
0.031156 0.998747
0.031255 0.998747
0.031355 0.998747
0.031454 0.998747
0.031553 0.998747
0.031653 0.998747
0.031752 0.998747
0.031852 0.998747
0.031951 0.998747
0.032050 0.998747
0.032150 0.998747
0.032249 0.998747
0.032349 0.998747
0.032448 0.998747
0.032547 0.998747
0.032647 0.998747
0.032746 0.998747
0.032846 0.998747
0.032945 0.998747
0.033044 0.998747
0.033144 0.998747
0.033243 0.998747
0.033343 0.998747
0.033442 0.998120
0.033541 0.998120
0.033641 0.998120
0.033740 0.998120
0.033840 0.998120
0.033939 0.998120
0.034038 0.998120
0.034138 0.998120
0.034237 0.998120
0.034337 0.998120
0.034436 0.998120
0.034535 0.998120
0.034635 0.998120
0.034734 0.998120
0.034834 0.998120
0.034933 0.998120
0.035032 0.998120
0.035132 0.997494
0.035231 0.997494
0.035331 0.997494
0.035430 0.997494
0.035529 0.997494
0.035629 0.997494
0.035728 0.997494
0.035828 0.997494
0.035927 0.997494
0.036026 0.997494
0.036126 0.997494
0.036225 0.997494
0.036325 0.997494
0.036424 0.997494
0.036523 0.997494
0.036623 0.997494
0.036722 0.997494
0.036822 0.997494
0.036921 0.997494
0.037020 0.997494
0.037120 0.997494
0.037219 0.997494
0.037319 0.997494
0.037418 0.997494
0.037517 0.997494
0.037617 0.997494
0.037716 0.997494
0.037816 0.997494
0.037915 0.997494
0.038014 0.997494
0.038114 0.997494
0.038213 0.997494
0.038312 0.997494
0.038412 0.997494
0.038511 0.997494
0.038611 0.997494
0.038710 0.997494
0.038809 0.997494
0.038909 0.997494
0.039008 0.997494
0.039108 0.997494
0.039207 0.997494
0.039306 0.997494
0.039406 0.997494
0.039505 0.997494
0.039605 0.997494
0.039704 0.997494
0.039803 0.997494
0.039903 0.997494
0.040002 0.997494
0.040102 0.997494
0.040201 0.997494
0.040300 0.997494
0.040400 0.997494
0.040499 0.997494
0.040599 0.997494
0.040698 0.997494
0.040797 0.997494
0.040897 0.997494
0.040996 0.997494
0.041096 0.997494
0.041195 0.997494
0.041294 0.997494
0.041394 0.997494
0.041493 0.997494
0.041593 0.997494
0.041692 0.997494
0.041791 0.997494
0.041891 0.997494
0.041990 0.997494
0.042090 0.997494
0.042189 0.997494
0.042288 0.997494
0.042388 0.997494
0.042487 0.997494
0.042587 0.997494
0.042686 0.997494
0.042785 0.997494
0.042885 0.997494
0.042984 0.997494
0.043084 0.997494
0.043183 0.997494
0.043282 0.997494
0.043382 0.997494
0.043481 0.997494
0.043581 0.996867
0.043680 0.996867
0.043779 0.996867
0.043879 0.996867
0.043978 0.996867
0.044078 0.996867
0.044177 0.996867
0.044276 0.996867
0.044376 0.996867
0.044475 0.996867
0.044575 0.996867
0.044674 0.996867
0.044773 0.996867
0.044873 0.996867
0.044972 0.996867
0.045072 0.996867
0.045171 0.996867
0.045270 0.996867
0.045370 0.996867
0.045469 0.996241
0.045568 0.996241
0.045668 0.996241
0.045767 0.996241
0.045867 0.996241
0.045966 0.996241
0.046065 0.996241
0.046165 0.996241
0.046264 0.996241
0.046364 0.996241
0.046463 0.996241
0.046562 0.996241
0.046662 0.996241
0.046761 0.996241
0.046861 0.996241
0.046960 0.996241
0.047059 0.996241
0.047159 0.996241
0.047258 0.996241
0.047358 0.996241
0.047457 0.996241
0.047556 0.996241
0.047656 0.996241
0.047755 0.996241
0.047855 0.996241
0.047954 0.995614
0.048053 0.995614
0.048153 0.995614
0.048252 0.995614
0.048352 0.995614
0.048451 0.995614
0.048550 0.995614
0.048650 0.995614
0.048749 0.995614
0.048849 0.995614
0.048948 0.994987
0.049047 0.994987
0.049147 0.994987
0.049246 0.994987
0.049346 0.994987
0.049445 0.994987
0.049544 0.994987
0.049644 0.994987
0.049743 0.994987
0.049843 0.994987
0.049942 0.994987
0.050041 0.994987
0.050141 0.994987
0.050240 0.994987
0.050340 0.994987
0.050439 0.994987
0.050538 0.994987
0.050638 0.994987
0.050737 0.994987
0.050837 0.994987
0.050936 0.994987
0.051035 0.994987
0.051135 0.994987
0.051234 0.994987
0.051334 0.994987
0.051433 0.994987
0.051532 0.994987
0.051632 0.994987
0.051731 0.994987
0.051831 0.994987
0.051930 0.994987
0.052029 0.994987
0.052129 0.994987
0.052228 0.994987
0.052328 0.994987
0.052427 0.994987
0.052526 0.994987
0.052626 0.994987
0.052725 0.994987
0.052824 0.994987
0.052924 0.994987
0.053023 0.994987
0.053123 0.994987
0.053222 0.994987
0.053321 0.994987
0.053421 0.994987
0.053520 0.994987
0.053620 0.994987
0.053719 0.994987
0.053818 0.994987
0.053918 0.994361
0.054017 0.994361
0.054117 0.994361
0.054216 0.994361
0.054315 0.994361
0.054415 0.994361
0.054514 0.994361
0.054614 0.993734
0.054713 0.993734
0.054812 0.993734
0.054912 0.993734
0.055011 0.993734
0.055111 0.993734
0.055210 0.993734
0.055309 0.993734
0.055409 0.993734
0.055508 0.993734
0.055608 0.993734
0.055707 0.993734
0.055806 0.993734
0.055906 0.993734
0.056005 0.993734
0.056105 0.993734
0.056204 0.993734
0.056303 0.993734
0.056403 0.993734
0.056502 0.993734
0.056602 0.993734
0.056701 0.993734
0.056800 0.993734
0.056900 0.993734
0.056999 0.993734
0.057099 0.993734
0.057198 0.993734
0.057297 0.993734
0.057397 0.993734
0.057496 0.993734
0.057596 0.993734
0.057695 0.993734
0.057794 0.993734
0.057894 0.993734
0.057993 0.993734
0.058093 0.993734
0.058192 0.993734
0.058291 0.993734
0.058391 0.993734
0.058490 0.993734
0.058590 0.993734
0.058689 0.993734
0.058788 0.993734
0.058888 0.993734
0.058987 0.993734
0.059087 0.993734
0.059186 0.993734
0.059285 0.993734
0.059385 0.993734
0.059484 0.993108
0.059584 0.993108
0.059683 0.993108
0.059782 0.993108
0.059882 0.993108
0.059981 0.993108
0.060080 0.993108
0.060180 0.993108
0.060279 0.993108
0.060379 0.993108
0.060478 0.993108
0.060577 0.992481
0.060677 0.992481
0.060776 0.992481
0.060876 0.992481
0.060975 0.992481
0.061074 0.992481
0.061174 0.992481
0.061273 0.992481
0.061373 0.992481
0.061472 0.992481
0.061571 0.992481
0.061671 0.992481
0.061770 0.992481
0.061870 0.992481
0.061969 0.992481
0.062068 0.992481
0.062168 0.992481
0.062267 0.992481
0.062367 0.992481
0.062466 0.992481
0.062565 0.992481
0.062665 0.992481
0.062764 0.992481
0.062864 0.992481
0.062963 0.992481
0.063062 0.992481
0.063162 0.992481
0.063261 0.992481
0.063361 0.992481
0.063460 0.992481
0.063559 0.992481
0.063659 0.992481
0.063758 0.992481
0.063858 0.992481
0.063957 0.992481
0.064056 0.991855
0.064156 0.991855
0.064255 0.991855
0.064355 0.991855
0.064454 0.991855
0.064553 0.991855
0.064653 0.991855
0.064752 0.991855
0.064852 0.991855
0.064951 0.991855
0.065050 0.991228
0.065150 0.991228
0.065249 0.991228
0.065349 0.991228
0.065448 0.991228
0.065547 0.991228
0.065647 0.991228
0.065746 0.991228
0.065846 0.991228
0.065945 0.991228
0.066044 0.991228
0.066144 0.991228
0.066243 0.991228
0.066343 0.991228
0.066442 0.991228
0.066541 0.991228
0.066641 0.991228
0.066740 0.991228
0.066839 0.991228
0.066939 0.991228
0.067038 0.990602
0.067138 0.990602
0.067237 0.990602
0.067336 0.990602
0.067436 0.990602
0.067535 0.990602
0.067635 0.990602
0.067734 0.990602
0.067833 0.990602
0.067933 0.990602
0.068032 0.990602
0.068132 0.990602
0.068231 0.990602
0.068330 0.990602
0.068430 0.990602
0.068529 0.990602
0.068629 0.990602
0.068728 0.990602
0.068827 0.990602
0.068927 0.990602
0.069026 0.990602
0.069126 0.990602
0.069225 0.990602
0.069324 0.990602
0.069424 0.990602
0.069523 0.990602
0.069623 0.990602
0.069722 0.990602
0.069821 0.990602
0.069921 0.990602
0.070020 0.990602
0.070120 0.990602
0.070219 0.990602
0.070318 0.990602
0.070418 0.990602
0.070517 0.990602
0.070617 0.990602
0.070716 0.989975
0.070815 0.989975
0.070915 0.989975
0.071014 0.989975
0.071114 0.989975
0.071213 0.989975
0.071312 0.989975
0.071412 0.989975
0.071511 0.989975
0.071611 0.989975
0.071710 0.989975
0.071809 0.989975
0.071909 0.989975
0.072008 0.989975
0.072108 0.989975
0.072207 0.989975
0.072306 0.989975
0.072406 0.989975
0.072505 0.989975
0.072605 0.989975
0.072704 0.989975
0.072803 0.989975
0.072903 0.989975
0.073002 0.989975
0.073102 0.989348
0.073201 0.989348
0.073300 0.989348
0.073400 0.989348
0.073499 0.988722
0.073599 0.988722
0.073698 0.988722
0.073797 0.988722
0.073897 0.988722
0.073996 0.988722
0.074095 0.988722
0.074195 0.988722
0.074294 0.988722
0.074394 0.988722
0.074493 0.988722
0.074592 0.988722
0.074692 0.988722
0.074791 0.988722
0.074891 0.988722
0.074990 0.988095
0.075089 0.988095
0.075189 0.988095
0.075288 0.988095
0.075388 0.988095
0.075487 0.988095
0.075586 0.988095
0.075686 0.987469
0.075785 0.987469
0.075885 0.987469
0.075984 0.987469
0.076083 0.986842
0.076183 0.986842
0.076282 0.986842
0.076382 0.986842
0.076481 0.986842
0.076580 0.986842
0.076680 0.986842
0.076779 0.986842
0.076879 0.986842
0.076978 0.986842
0.077077 0.986842
0.077177 0.986842
0.077276 0.986842
0.077376 0.986842
0.077475 0.986842
0.077574 0.986842
0.077674 0.986842
0.077773 0.986842
0.077873 0.986842
0.077972 0.986842
0.078071 0.986842
0.078171 0.986842
0.078270 0.986842
0.078370 0.986842
0.078469 0.986842
0.078568 0.986842
0.078668 0.986842
0.078767 0.986842
0.078867 0.986842
0.078966 0.986842
0.079065 0.986842
0.079165 0.986842
0.079264 0.986842
0.079364 0.986842
0.079463 0.986842
0.079562 0.986842
0.079662 0.986842
0.079761 0.986216
0.079861 0.986216
0.079960 0.986216
0.080059 0.986216
0.080159 0.986216
0.080258 0.985589
0.080358 0.985589
0.080457 0.985589
0.080556 0.985589
0.080656 0.985589
0.080755 0.985589
0.080855 0.985589
0.080954 0.985589
0.081053 0.985589
0.081153 0.985589
0.081252 0.985589
0.081351 0.985589
0.081451 0.985589
0.081550 0.985589
0.081650 0.985589
0.081749 0.985589
0.081848 0.985589
0.081948 0.985589
0.082047 0.985589
0.082147 0.985589
0.082246 0.984962
0.082345 0.984962
0.082445 0.984962
0.082544 0.984962
0.082644 0.984962
0.082743 0.984962
0.082842 0.984962
0.082942 0.984962
0.083041 0.984962
0.083141 0.984336
0.083240 0.984336
0.083339 0.984336
0.083439 0.984336
0.083538 0.983709
0.083638 0.983709
0.083737 0.983709
0.083836 0.983709
0.083936 0.983709
0.084035 0.983709
0.084135 0.983709
0.084234 0.983709
0.084333 0.983709
0.084433 0.983083
0.084532 0.983083
0.084632 0.983083
0.084731 0.983083
0.084830 0.983083
0.084930 0.983083
0.085029 0.982456
0.085129 0.982456
0.085228 0.982456
0.085327 0.982456
0.085427 0.982456
0.085526 0.982456
0.085626 0.982456
0.085725 0.982456
0.085824 0.982456
0.085924 0.982456
0.086023 0.982456
0.086123 0.982456
0.086222 0.982456
0.086321 0.982456
0.086421 0.982456
0.086520 0.982456
0.086620 0.982456
0.086719 0.982456
0.086818 0.982456
0.086918 0.982456
0.087017 0.982456
0.087117 0.982456
0.087216 0.982456
0.087315 0.981830
0.087415 0.981830
0.087514 0.981830
0.087614 0.981830
0.087713 0.981830
0.087812 0.981830
0.087912 0.981830
0.088011 0.981830
0.088111 0.981830
0.088210 0.981830
0.088309 0.981830
0.088409 0.981830
0.088508 0.981830
0.088607 0.981203
0.088707 0.981203
0.088806 0.981203
0.088906 0.981203
0.089005 0.981203
0.089104 0.981203
0.089204 0.979950
0.089303 0.979950
0.089403 0.979950
0.089502 0.979950
0.089601 0.979950
0.089701 0.979950
0.089800 0.979323
0.089900 0.979323
0.089999 0.979323
0.090098 0.979323
0.090198 0.979323
0.090297 0.979323
0.090397 0.979323
0.090496 0.979323
0.090595 0.979323
0.090695 0.979323
0.090794 0.979323
0.090894 0.979323
0.090993 0.979323
0.091092 0.979323
0.091192 0.978697
0.091291 0.978697
0.091391 0.978697
0.091490 0.978697
0.091589 0.978697
0.091689 0.978697
0.091788 0.978697
0.091888 0.978697
0.091987 0.978697
0.092086 0.978697
0.092186 0.978697
0.092285 0.978697
0.092385 0.978697
0.092484 0.978697
0.092583 0.978697
0.092683 0.978697
0.092782 0.978697
0.092882 0.978697
0.092981 0.978697
0.093080 0.978070
0.093180 0.978070
0.093279 0.978070
0.093379 0.978070
0.093478 0.977444
0.093577 0.977444
0.093677 0.977444
0.093776 0.977444
0.093876 0.977444
0.093975 0.977444
0.094074 0.976817
0.094174 0.976817
0.094273 0.976817
0.094373 0.976817
0.094472 0.976817
0.094571 0.976817
0.094671 0.976817
0.094770 0.976817
0.094870 0.976817
0.094969 0.976817
0.095068 0.976190
0.095168 0.976190
0.095267 0.975564
0.095367 0.975564
0.095466 0.975564
0.095565 0.975564
0.095665 0.975564
0.095764 0.975564
0.095863 0.975564
0.095963 0.975564
0.096062 0.974937
0.096162 0.974937
0.096261 0.974937
0.096360 0.974937
0.096460 0.974937
0.096559 0.974937
0.096659 0.974937
0.096758 0.974937
0.096857 0.974937
0.096957 0.974937
0.097056 0.974311
0.097156 0.974311
0.097255 0.974311
0.097354 0.974311
0.097454 0.974311
0.097553 0.974311
0.097653 0.974311
0.097752 0.974311
0.097851 0.974311
0.097951 0.973684
0.098050 0.973684
0.098150 0.973684
0.098249 0.973684
0.098348 0.973684
0.098448 0.973684
0.098547 0.973684
0.098647 0.973684
0.098746 0.973684
0.098845 0.973684
0.098945 0.973684
0.099044 0.973684
0.099144 0.973684
0.099243 0.973684
0.099342 0.973684
0.099442 0.973058
0.099541 0.972431
0.099641 0.972431
0.099740 0.972431
0.099839 0.972431
0.099939 0.972431
0.100038 0.972431
0.100138 0.972431
0.100237 0.972431
0.100336 0.972431
0.100436 0.972431
0.100535 0.972431
0.100635 0.972431
0.100734 0.972431
0.100833 0.971805
0.100933 0.971805
0.101032 0.971805
0.101132 0.971805
0.101231 0.971178
0.101330 0.971178
0.101430 0.971178
0.101529 0.971178
0.101629 0.971178
0.101728 0.971178
0.101827 0.971178
0.101927 0.971178
0.102026 0.971178
0.102126 0.971178
0.102225 0.971178
0.102324 0.971178
0.102424 0.971178
0.102523 0.971178
0.102622 0.971178
0.102722 0.971178
0.102821 0.971178
0.102921 0.971178
0.103020 0.971178
0.103119 0.970551
0.103219 0.970551
0.103318 0.970551
0.103418 0.970551
0.103517 0.970551
0.103616 0.970551
0.103716 0.970551
0.103815 0.970551
0.103915 0.970551
0.104014 0.970551
0.104113 0.970551
0.104213 0.970551
0.104312 0.970551
0.104412 0.970551
0.104511 0.970551
0.104610 0.970551
0.104710 0.970551
0.104809 0.970551
0.104909 0.970551
0.105008 0.970551
0.105107 0.970551
0.105207 0.970551
0.105306 0.970551
0.105406 0.970551
0.105505 0.970551
0.105604 0.970551
0.105704 0.969925
0.105803 0.969925
0.105903 0.969925
0.106002 0.969925
0.106101 0.969925
0.106201 0.969925
0.106300 0.969925
0.106400 0.969925
0.106499 0.969925
0.106598 0.969925
0.106698 0.969925
0.106797 0.969925
0.106897 0.969925
0.106996 0.969925
0.107095 0.969925
0.107195 0.969925
0.107294 0.969925
0.107394 0.969925
0.107493 0.969925
0.107592 0.969925
0.107692 0.969925
0.107791 0.969925
0.107891 0.969925
0.107990 0.969925
0.108089 0.969925
0.108189 0.969925
0.108288 0.969925
0.108388 0.969925
0.108487 0.969925
0.108586 0.969925
0.108686 0.969925
0.108785 0.969925
0.108885 0.969925
0.108984 0.969925
0.109083 0.969925
0.109183 0.969925
0.109282 0.969925
0.109382 0.969925
0.109481 0.969925
0.109580 0.968672
0.109680 0.968672
0.109779 0.968672
0.109878 0.968672
0.109978 0.968672
0.110077 0.968672
0.110177 0.968045
0.110276 0.968045
0.110375 0.968045
0.110475 0.968045
0.110574 0.968045
0.110674 0.968045
0.110773 0.968045
0.110872 0.968045
0.110972 0.968045
0.111071 0.968045
0.111171 0.968045
0.111270 0.968045
0.111369 0.968045
0.111469 0.968045
0.111568 0.968045
0.111668 0.968045
0.111767 0.968045
0.111866 0.968045
0.111966 0.968045
0.112065 0.968045
0.112165 0.968045
0.112264 0.968045
0.112363 0.968045
0.112463 0.968045
0.112562 0.968045
0.112662 0.968045
0.112761 0.967419
0.112860 0.967419
0.112960 0.966792
0.113059 0.966165
0.113159 0.966165
0.113258 0.966165
0.113357 0.966165
0.113457 0.966165
0.113556 0.965539
0.113656 0.965539
0.113755 0.965539
0.113854 0.965539
0.113954 0.965539
0.114053 0.965539
0.114153 0.965539
0.114252 0.965539
0.114351 0.965539
0.114451 0.965539
0.114550 0.965539
0.114650 0.965539
0.114749 0.965539
0.114848 0.965539
0.114948 0.965539
0.115047 0.965539
0.115147 0.965539
0.115246 0.965539
0.115345 0.965539
0.115445 0.965539
0.115544 0.965539
0.115644 0.965539
0.115743 0.965539
0.115842 0.965539
0.115942 0.965539
0.116041 0.965539
0.116141 0.965539
0.116240 0.965539
0.116339 0.965539
0.116439 0.965539
0.116538 0.965539
0.116638 0.965539
0.116737 0.965539
0.116836 0.965539
0.116936 0.965539
0.117035 0.965539
0.117134 0.965539
0.117234 0.965539
0.117333 0.965539
0.117433 0.965539
0.117532 0.965539
0.117631 0.965539
0.117731 0.965539
0.117830 0.965539
0.117930 0.965539
0.118029 0.965539
0.118128 0.965539
0.118228 0.965539
0.118327 0.965539
0.118427 0.965539
0.118526 0.965539
0.118625 0.965539
0.118725 0.965539
0.118824 0.964286
0.118924 0.964286
0.119023 0.964286
0.119122 0.964286
0.119222 0.964286
0.119321 0.964286
0.119421 0.964286
0.119520 0.964286
0.119619 0.964286
0.119719 0.963659
0.119818 0.963659
0.119918 0.962406
0.120017 0.962406
0.120116 0.962406
0.120216 0.962406
0.120315 0.962406
0.120415 0.961779
0.120514 0.961779
0.120613 0.961779
0.120713 0.961779
0.120812 0.961779
0.120912 0.961779
0.121011 0.961779
0.121110 0.961779
0.121210 0.961779
0.121309 0.961779
0.121409 0.961779
0.121508 0.961779
0.121607 0.961779
0.121707 0.961779
0.121806 0.961779
0.121906 0.961779
0.122005 0.961779
0.122104 0.961779
0.122204 0.961779
0.122303 0.961779
0.122403 0.961779
0.122502 0.961779
0.122601 0.961779
0.122701 0.961779
0.122800 0.961779
0.122900 0.961779
0.122999 0.961779
0.123098 0.961779
0.123198 0.961779
0.123297 0.961779
0.123397 0.961779
0.123496 0.961779
0.123595 0.961779
0.123695 0.961779
0.123794 0.961779
0.123894 0.961779
0.123993 0.961779
0.124092 0.961779
0.124192 0.961779
0.124291 0.961779
0.124390 0.961779
0.124490 0.961779
0.124589 0.961779
0.124689 0.961779
0.124788 0.961779
0.124887 0.961779
0.124987 0.961779
0.125086 0.961779
0.125186 0.961779
0.125285 0.961153
0.125384 0.961153
0.125484 0.961153
0.125583 0.961153
0.125683 0.961153
0.125782 0.961153
0.125881 0.961153
0.125981 0.961153
0.126080 0.961153
0.126180 0.961153
0.126279 0.961153
0.126378 0.961153
0.126478 0.961153
0.126577 0.961153
0.126677 0.961153
0.126776 0.961153
0.126875 0.960526
0.126975 0.960526
0.127074 0.960526
0.127174 0.959900
0.127273 0.959900
0.127372 0.959273
0.127472 0.959273
0.127571 0.959273
0.127671 0.959273
0.127770 0.958647
0.127869 0.958020
0.127969 0.958020
0.128068 0.958020
0.128168 0.958020
0.128267 0.958020
0.128366 0.958020
0.128466 0.958020
0.128565 0.958020
0.128665 0.958020
0.128764 0.958020
0.128863 0.958020
0.128963 0.958020
0.129062 0.958020
0.129162 0.958020
0.129261 0.958020
0.129360 0.958020
0.129460 0.958020
0.129559 0.958020
0.129659 0.958020
0.129758 0.958020
0.129857 0.958020
0.129957 0.958020
0.130056 0.958020
0.130156 0.957393
0.130255 0.957393
0.130354 0.957393
0.130454 0.957393
0.130553 0.957393
0.130653 0.957393
0.130752 0.956767
0.130851 0.956767
0.130951 0.956767
0.131050 0.956767
0.131150 0.956767
0.131249 0.956140
0.131348 0.956140
0.131448 0.956140
0.131547 0.956140
0.131646 0.956140
0.131746 0.956140
0.131845 0.956140
0.131945 0.956140
0.132044 0.956140
0.132143 0.956140
0.132243 0.956140
0.132342 0.956140
0.132442 0.956140
0.132541 0.956140
0.132640 0.956140
0.132740 0.956140
0.132839 0.956140
0.132939 0.956140
0.133038 0.956140
0.133137 0.956140
0.133237 0.956140
0.133336 0.956140
0.133436 0.956140
0.133535 0.956140
0.133634 0.956140
0.133734 0.956140
0.133833 0.955514
0.133933 0.955514
0.134032 0.955514
0.134131 0.955514
0.134231 0.955514
0.134330 0.955514
0.134430 0.955514
0.134529 0.955514
0.134628 0.955514
0.134728 0.955514
0.134827 0.955514
0.134927 0.955514
0.135026 0.955514
0.135125 0.955514
0.135225 0.955514
0.135324 0.955514
0.135424 0.955514
0.135523 0.955514
0.135622 0.955514
0.135722 0.955514
0.135821 0.955514
0.135921 0.955514
0.136020 0.955514
0.136119 0.955514
0.136219 0.955514
0.136318 0.955514
0.136418 0.955514
0.136517 0.955514
0.136616 0.955514
0.136716 0.955514
0.136815 0.955514
0.136915 0.955514
0.137014 0.955514
0.137113 0.955514
0.137213 0.954887
0.137312 0.954887
0.137412 0.954261
0.137511 0.954261
0.137610 0.954261
0.137710 0.954261
0.137809 0.954261
0.137909 0.953634
0.138008 0.953634
0.138107 0.953634
0.138207 0.953634
0.138306 0.953634
0.138405 0.953634
0.138505 0.953634
0.138604 0.953634
0.138704 0.953634
0.138803 0.953008
0.138902 0.953008
0.139002 0.953008
0.139101 0.953008
0.139201 0.953008
0.139300 0.953008
0.139399 0.953008
0.139499 0.953008
0.139598 0.953008
0.139698 0.953008
0.139797 0.953008
0.139896 0.953008
0.139996 0.953008
0.140095 0.953008
0.140195 0.953008
0.140294 0.953008
0.140393 0.953008
0.140493 0.953008
0.140592 0.953008
0.140692 0.953008
0.140791 0.953008
0.140890 0.953008
0.140990 0.953008
0.141089 0.953008
0.141189 0.952381
0.141288 0.952381
0.141387 0.952381
0.141487 0.952381
0.141586 0.952381
0.141686 0.952381
0.141785 0.952381
0.141884 0.952381
0.141984 0.952381
0.142083 0.952381
0.142183 0.952381
0.142282 0.952381
0.142381 0.952381
0.142481 0.952381
0.142580 0.952381
0.142680 0.952381
0.142779 0.952381
0.142878 0.952381
0.142978 0.952381
0.143077 0.952381
0.143177 0.952381
0.143276 0.951754
0.143375 0.951754
0.143475 0.951754
0.143574 0.951754
0.143674 0.951754
0.143773 0.951754
0.143872 0.951754
0.143972 0.951754
0.144071 0.951754
0.144171 0.951754
0.144270 0.951754
0.144369 0.951754
0.144469 0.951754
0.144568 0.951128
0.144668 0.951128
0.144767 0.951128
0.144866 0.951128
0.144966 0.951128
0.145065 0.950501
0.145165 0.950501
0.145264 0.950501
0.145363 0.950501
0.145463 0.950501
0.145562 0.950501
0.145661 0.950501
0.145761 0.950501
0.145860 0.950501
0.145960 0.950501
0.146059 0.950501
0.146158 0.949875
0.146258 0.949875
0.146357 0.949875
0.146457 0.949875
0.146556 0.949875
0.146655 0.949875
0.146755 0.949875
0.146854 0.949875
0.146954 0.949875
0.147053 0.949875
0.147152 0.949875
0.147252 0.949875
0.147351 0.949875
0.147451 0.949875
0.147550 0.949875
0.147649 0.949875
0.147749 0.949875
0.147848 0.949875
0.147948 0.949875
0.148047 0.949248
0.148146 0.949248
0.148246 0.949248
0.148345 0.949248
0.148445 0.949248
0.148544 0.949248
0.148643 0.949248
0.148743 0.949248
0.148842 0.949248
0.148942 0.949248
0.149041 0.949248
0.149140 0.949248
0.149240 0.949248
0.149339 0.949248
0.149439 0.949248
0.149538 0.949248
0.149637 0.949248
0.149737 0.949248
0.149836 0.949248
0.149936 0.949248
0.150035 0.949248
0.150134 0.949248
0.150234 0.948622
0.150333 0.948622
0.150433 0.948622
0.150532 0.948622
0.150631 0.948622
0.150731 0.948622
0.150830 0.948622
0.150930 0.947995
0.151029 0.947995
0.151128 0.947995
0.151228 0.947995
0.151327 0.947995
0.151427 0.947995
0.151526 0.947995
0.151625 0.947995
0.151725 0.947995
0.151824 0.947995
0.151924 0.947995
0.152023 0.947995
0.152122 0.947995
0.152222 0.947995
0.152321 0.947995
0.152421 0.947995
0.152520 0.947368
0.152619 0.947368
0.152719 0.947368
0.152818 0.947368
0.152917 0.947368
0.153017 0.947368
0.153116 0.947368
0.153216 0.947368
0.153315 0.947368
0.153414 0.947368
0.153514 0.947368
0.153613 0.947368
0.153713 0.947368
0.153812 0.947368
0.153911 0.947368
0.154011 0.947368
0.154110 0.946742
0.154210 0.946742
0.154309 0.946742
0.154408 0.946742
0.154508 0.946742
0.154607 0.946742
0.154707 0.946742
0.154806 0.946742
0.154905 0.946742
0.155005 0.946742
0.155104 0.946742
0.155204 0.946742
0.155303 0.946115
0.155402 0.946115
0.155502 0.946115
0.155601 0.946115
0.155701 0.946115
0.155800 0.945489
0.155899 0.945489
0.155999 0.945489
0.156098 0.945489
0.156198 0.945489
0.156297 0.945489
0.156396 0.945489
0.156496 0.945489
0.156595 0.944862
0.156695 0.944862
0.156794 0.944862
0.156893 0.944862
0.156993 0.944862
0.157092 0.944862
0.157192 0.944862
0.157291 0.944862
0.157390 0.944862
0.157490 0.944862
0.157589 0.944862
0.157689 0.944862
0.157788 0.944862
0.157887 0.944862
0.157987 0.944862
0.158086 0.944862
0.158186 0.944862
0.158285 0.944862
0.158384 0.944862
0.158484 0.944862
0.158583 0.944862
0.158683 0.944862
0.158782 0.944862
0.158881 0.944862
0.158981 0.944862
0.159080 0.944862
0.159180 0.944862
0.159279 0.944862
0.159378 0.944862
0.159478 0.944862
0.159577 0.944862
0.159677 0.944862
0.159776 0.944862
0.159875 0.944862
0.159975 0.944236
0.160074 0.944236
0.160173 0.944236
0.160273 0.944236
0.160372 0.944236
0.160472 0.944236
0.160571 0.944236
0.160670 0.944236
0.160770 0.943609
0.160869 0.943609
0.160969 0.943609
0.161068 0.943609
0.161167 0.943609
0.161267 0.942982
0.161366 0.942982
0.161466 0.942982
0.161565 0.942982
0.161664 0.942982
0.161764 0.942982
0.161863 0.942356
0.161963 0.942356
0.162062 0.942356
0.162161 0.942356
0.162261 0.942356
0.162360 0.942356
0.162460 0.942356
0.162559 0.942356
0.162658 0.942356
0.162758 0.942356
0.162857 0.942356
0.162957 0.942356
0.163056 0.942356
0.163155 0.942356
0.163255 0.942356
0.163354 0.942356
0.163454 0.942356
0.163553 0.942356
0.163652 0.942356
0.163752 0.942356
0.163851 0.942356
0.163951 0.942356
0.164050 0.942356
0.164149 0.942356
0.164249 0.942356
0.164348 0.942356
0.164448 0.942356
0.164547 0.942356
0.164646 0.942356
0.164746 0.942356
0.164845 0.942356
0.164945 0.941729
0.165044 0.941729
0.165143 0.941729
0.165243 0.941729
0.165342 0.941729
0.165442 0.941729
0.165541 0.941729
0.165640 0.941729
0.165740 0.941729
0.165839 0.941729
0.165939 0.941729
0.166038 0.941729
0.166137 0.941729
0.166237 0.941729
0.166336 0.941729
0.166436 0.941729
0.166535 0.941729
0.166634 0.941729
0.166734 0.941729
0.166833 0.941103
0.166932 0.941103
0.167032 0.941103
0.167131 0.941103
0.167231 0.941103
0.167330 0.941103
0.167429 0.941103
0.167529 0.941103
0.167628 0.941103
0.167728 0.941103
0.167827 0.941103
0.167926 0.941103
0.168026 0.941103
0.168125 0.941103
0.168225 0.941103
0.168324 0.941103
0.168423 0.941103
0.168523 0.941103
0.168622 0.941103
0.168722 0.941103
0.168821 0.941103
0.168920 0.941103
0.169020 0.941103
0.169119 0.941103
0.169219 0.941103
0.169318 0.941103
0.169417 0.941103
0.169517 0.941103
0.169616 0.941103
0.169716 0.941103
0.169815 0.941103
0.169914 0.941103
0.170014 0.941103
0.170113 0.941103
0.170213 0.941103
0.170312 0.941103
0.170411 0.941103
0.170511 0.941103
0.170610 0.941103
0.170710 0.941103
0.170809 0.941103
0.170908 0.941103
0.171008 0.941103
0.171107 0.941103
0.171207 0.941103
0.171306 0.941103
0.171405 0.941103
0.171505 0.941103
0.171604 0.941103
0.171704 0.941103
0.171803 0.941103
0.171902 0.941103
0.172002 0.941103
0.172101 0.941103
0.172201 0.941103
0.172300 0.941103
0.172399 0.941103
0.172499 0.941103
0.172598 0.941103
0.172698 0.941103
0.172797 0.941103
0.172896 0.941103
0.172996 0.940476
0.173095 0.939223
0.173195 0.939223
0.173294 0.939223
0.173393 0.939223
0.173493 0.939223
0.173592 0.939223
0.173692 0.939223
0.173791 0.939223
0.173890 0.939223
0.173990 0.939223
0.174089 0.938596
0.174188 0.938596
0.174288 0.937970
0.174387 0.937970
0.174487 0.937970
0.174586 0.937970
0.174685 0.937970
0.174785 0.937970
0.174884 0.937970
0.174984 0.937970
0.175083 0.937970
0.175182 0.937970
0.175282 0.937970
0.175381 0.937970
0.175481 0.937970
0.175580 0.937343
0.175679 0.937343
0.175779 0.937343
0.175878 0.937343
0.175978 0.937343
0.176077 0.937343
0.176176 0.937343
0.176276 0.937343
0.176375 0.937343
0.176475 0.937343
0.176574 0.937343
0.176673 0.937343
0.176773 0.937343
0.176872 0.937343
0.176972 0.937343
0.177071 0.937343
0.177170 0.937343
0.177270 0.937343
0.177369 0.937343
0.177469 0.936717
0.177568 0.936717
0.177667 0.936717
0.177767 0.936717
0.177866 0.936717
0.177966 0.936717
0.178065 0.936717
0.178164 0.936717
0.178264 0.936090
0.178363 0.936090
0.178463 0.936090
0.178562 0.936090
0.178661 0.936090
0.178761 0.936090
0.178860 0.936090
0.178960 0.936090
0.179059 0.936090
0.179158 0.936090
0.179258 0.936090
0.179357 0.936090
0.179457 0.936090
0.179556 0.936090
0.179655 0.936090
0.179755 0.936090
0.179854 0.936090
0.179954 0.936090
0.180053 0.935464
0.180152 0.935464
0.180252 0.935464
0.180351 0.935464
0.180451 0.935464
0.180550 0.935464
0.180649 0.935464
0.180749 0.935464
0.180848 0.935464
0.180948 0.935464
0.181047 0.935464
0.181146 0.935464
0.181246 0.935464
0.181345 0.935464
0.181444 0.935464
0.181544 0.935464
0.181643 0.935464
0.181743 0.935464
0.181842 0.935464
0.181941 0.935464
0.182041 0.935464
0.182140 0.934837
0.182240 0.934837
0.182339 0.934837
0.182438 0.934837
0.182538 0.934837
0.182637 0.934837
0.182737 0.934837
0.182836 0.934837
0.182935 0.934837
0.183035 0.934837
0.183134 0.934837
0.183234 0.934837
0.183333 0.934837
0.183432 0.934837
0.183532 0.934837
0.183631 0.934837
0.183731 0.934837
0.183830 0.934837
0.183929 0.934837
0.184029 0.934837
0.184128 0.934837
0.184228 0.934837
0.184327 0.934837
0.184426 0.934837
0.184526 0.934837
0.184625 0.934837
0.184725 0.934837
0.184824 0.934837
0.184923 0.934837
0.185023 0.934837
0.185122 0.934837
0.185222 0.934837
0.185321 0.934837
0.185420 0.934837
0.185520 0.934837
0.185619 0.934211
0.185719 0.934211
0.185818 0.934211
0.185917 0.934211
0.186017 0.934211
0.186116 0.934211
0.186216 0.934211
0.186315 0.934211
0.186414 0.934211
0.186514 0.934211
0.186613 0.934211
0.186713 0.934211
0.186812 0.934211
0.186911 0.934211
0.187011 0.934211
0.187110 0.934211
0.187210 0.933584
0.187309 0.932957
0.187408 0.932957
0.187508 0.932957
0.187607 0.932957
0.187707 0.932957
0.187806 0.932957
0.187905 0.932957
0.188005 0.932957
0.188104 0.932957
0.188204 0.932957
0.188303 0.932957
0.188402 0.932957
0.188502 0.932957
0.188601 0.932957
0.188700 0.932957
0.188800 0.932957
0.188899 0.932957
0.188999 0.932957
0.189098 0.932957
0.189197 0.932957
0.189297 0.932957
0.189396 0.932957
0.189496 0.932957
0.189595 0.932957
0.189694 0.932957
0.189794 0.932957
0.189893 0.932957
0.189993 0.932957
0.190092 0.932957
0.190191 0.932957
0.190291 0.932957
0.190390 0.932957
0.190490 0.932957
0.190589 0.932957
0.190688 0.932957
0.190788 0.932957
0.190887 0.932957
0.190987 0.932957
0.191086 0.932957
0.191185 0.932331
0.191285 0.932331
0.191384 0.932331
0.191484 0.932331
0.191583 0.932331
0.191682 0.932331
0.191782 0.932331
0.191881 0.932331
0.191981 0.932331
0.192080 0.932331
0.192179 0.932331
0.192279 0.932331
0.192378 0.932331
0.192478 0.932331
0.192577 0.932331
0.192676 0.932331
0.192776 0.932331
0.192875 0.932331
0.192975 0.932331
0.193074 0.932331
0.193173 0.932331
0.193273 0.932331
0.193372 0.932331
0.193472 0.932331
0.193571 0.932331
0.193670 0.932331
0.193770 0.932331
0.193869 0.932331
0.193969 0.932331
0.194068 0.932331
0.194167 0.932331
0.194267 0.932331
0.194366 0.932331
0.194466 0.932331
0.194565 0.932331
0.194664 0.932331
0.194764 0.932331
0.194863 0.932331
0.194963 0.932331
0.195062 0.932331
0.195161 0.932331
0.195261 0.932331
0.195360 0.932331
0.195460 0.932331
0.195559 0.932331
0.195658 0.932331
0.195758 0.932331
0.195857 0.931704
0.195956 0.931704
0.196056 0.931704
0.196155 0.931704
0.196255 0.931704
0.196354 0.931704
0.196453 0.931704
0.196553 0.931704
0.196652 0.931704
0.196752 0.931704
0.196851 0.931704
0.196950 0.931078
0.197050 0.931078
0.197149 0.931078
0.197249 0.931078
0.197348 0.931078
0.197447 0.931078
0.197547 0.931078
0.197646 0.931078
0.197746 0.931078
0.197845 0.931078
0.197944 0.931078
0.198044 0.931078
0.198143 0.930451
0.198243 0.930451
0.198342 0.929825
0.198441 0.929825
0.198541 0.929825
0.198640 0.929825
0.198740 0.929825
0.198839 0.929825
0.198938 0.929198
0.199038 0.929198
0.199137 0.929198
0.199237 0.929198
0.199336 0.929198
0.199435 0.928571
0.199535 0.927945
0.199634 0.927945
0.199734 0.927945
0.199833 0.927945
0.199932 0.927945
0.200032 0.927945
0.200131 0.927945
0.200231 0.927945
0.200330 0.927945
0.200429 0.927945
0.200529 0.927945
0.200628 0.927945
0.200728 0.927945
0.200827 0.927945
0.200926 0.927945
0.201026 0.927945
0.201125 0.927945
0.201225 0.927945
0.201324 0.927945
0.201423 0.927945
0.201523 0.927945
0.201622 0.927318
0.201722 0.927318
0.201821 0.927318
0.201920 0.927318
0.202020 0.927318
0.202119 0.927318
0.202219 0.927318
0.202318 0.927318
0.202417 0.927318
0.202517 0.926692
0.202616 0.926692
0.202715 0.926692
0.202815 0.926692
0.202914 0.926692
0.203014 0.926692
0.203113 0.926692
0.203212 0.926692
0.203312 0.926692
0.203411 0.926692
0.203511 0.926692
0.203610 0.926692
0.203709 0.926692
0.203809 0.926692
0.203908 0.926065
0.204008 0.926065
0.204107 0.926065
0.204206 0.926065
0.204306 0.926065
0.204405 0.926065
0.204505 0.926065
0.204604 0.925439
0.204703 0.925439
0.204803 0.925439
0.204902 0.925439
0.205002 0.925439
0.205101 0.925439
0.205200 0.925439
0.205300 0.924812
0.205399 0.924185
0.205499 0.924185
0.205598 0.924185
0.205697 0.924185
0.205797 0.924185
0.205896 0.924185
0.205996 0.924185
0.206095 0.924185
0.206194 0.924185
0.206294 0.924185
0.206393 0.923559
0.206493 0.923559
0.206592 0.923559
0.206691 0.923559
0.206791 0.923559
0.206890 0.923559
0.206990 0.922932
0.207089 0.922932
0.207188 0.922932
0.207288 0.922932
0.207387 0.922306
0.207487 0.922306
0.207586 0.922306
0.207685 0.922306
0.207785 0.922306
0.207884 0.922306
0.207984 0.922306
0.208083 0.922306
0.208182 0.922306
0.208282 0.922306
0.208381 0.922306
0.208481 0.922306
0.208580 0.922306
0.208679 0.922306
0.208779 0.922306
0.208878 0.922306
0.208978 0.922306
0.209077 0.922306
0.209176 0.921679
0.209276 0.921679
0.209375 0.921679
0.209475 0.921679
0.209574 0.921679
0.209673 0.921679
0.209773 0.921679
0.209872 0.921679
0.209971 0.921053
0.210071 0.921053
0.210170 0.921053
0.210270 0.921053
0.210369 0.921053
0.210468 0.921053
0.210568 0.921053
0.210667 0.921053
0.210767 0.921053
0.210866 0.921053
0.210965 0.921053
0.211065 0.921053
0.211164 0.921053
0.211264 0.920426
0.211363 0.919799
0.211462 0.919799
0.211562 0.919799
0.211661 0.919799
0.211761 0.919799
0.211860 0.919799
0.211959 0.919799
0.212059 0.919173
0.212158 0.919173
0.212258 0.919173
0.212357 0.919173
0.212456 0.919173
0.212556 0.919173
0.212655 0.919173
0.212755 0.919173
0.212854 0.919173
0.212953 0.919173
0.213053 0.919173
0.213152 0.919173
0.213252 0.919173
0.213351 0.919173
0.213450 0.919173
0.213550 0.919173
0.213649 0.919173
0.213749 0.919173
0.213848 0.919173
0.213947 0.918546
0.214047 0.918546
0.214146 0.918546
0.214246 0.918546
0.214345 0.918546
0.214444 0.918546
0.214544 0.918546
0.214643 0.918546
0.214743 0.918546
0.214842 0.918546
0.214941 0.918546
0.215041 0.917920
0.215140 0.917920
0.215240 0.917920
0.215339 0.917920
0.215438 0.917920
0.215538 0.917920
0.215637 0.917920
0.215737 0.917920
0.215836 0.917920
0.215935 0.917920
0.216035 0.917920
0.216134 0.917920
0.216234 0.917920
0.216333 0.917920
0.216432 0.917920
0.216532 0.917920
0.216631 0.917920
0.216731 0.917920
0.216830 0.917920
0.216929 0.917920
0.217029 0.917920
0.217128 0.917920
0.217227 0.917920
0.217327 0.917920
0.217426 0.917920
0.217526 0.917920
0.217625 0.917920
0.217724 0.917920
0.217824 0.917920
0.217923 0.917920
0.218023 0.917920
0.218122 0.917920
0.218221 0.917920
0.218321 0.917920
0.218420 0.917920
0.218520 0.917920
0.218619 0.917920
0.218718 0.917920
0.218818 0.917920
0.218917 0.917920
0.219017 0.917920
0.219116 0.917920
0.219215 0.917920
0.219315 0.917920
0.219414 0.917920
0.219514 0.917920
0.219613 0.917920
0.219712 0.917293
0.219812 0.917293
0.219911 0.917293
0.220011 0.917293
0.220110 0.917293
0.220209 0.917293
0.220309 0.917293
0.220408 0.917293
0.220508 0.916667
0.220607 0.916667
0.220706 0.916040
0.220806 0.916040
0.220905 0.916040
0.221005 0.916040
0.221104 0.916040
0.221203 0.916040
0.221303 0.916040
0.221402 0.916040
0.221502 0.916040
0.221601 0.915414
0.221700 0.915414
0.221800 0.915414
0.221899 0.915414
0.221999 0.915414
0.222098 0.915414
0.222197 0.915414
0.222297 0.915414
0.222396 0.915414
0.222496 0.915414
0.222595 0.915414
0.222694 0.915414
0.222794 0.915414
0.222893 0.915414
0.222993 0.915414
0.223092 0.915414
0.223191 0.914787
0.223291 0.914787
0.223390 0.914787
0.223490 0.914160
0.223589 0.914160
0.223688 0.914160
0.223788 0.914160
0.223887 0.914160
0.223987 0.914160
0.224086 0.914160
0.224185 0.914160
0.224285 0.914160
0.224384 0.914160
0.224483 0.914160
0.224583 0.914160
0.224682 0.914160
0.224782 0.914160
0.224881 0.914160
0.224980 0.913534
0.225080 0.913534
0.225179 0.913534
0.225279 0.913534
0.225378 0.913534
0.225477 0.913534
0.225577 0.913534
0.225676 0.913534
0.225776 0.913534
0.225875 0.913534
0.225974 0.913534
0.226074 0.913534
0.226173 0.913534
0.226273 0.913534
0.226372 0.913534
0.226471 0.913534
0.226571 0.913534
0.226670 0.912907
0.226770 0.912907
0.226869 0.912281
0.226968 0.912281
0.227068 0.912281
0.227167 0.912281
0.227267 0.911654
0.227366 0.911654
0.227465 0.911654
0.227565 0.911654
0.227664 0.911654
0.227764 0.911654
0.227863 0.911654
0.227962 0.911654
0.228062 0.911654
0.228161 0.911654
0.228261 0.911654
0.228360 0.911028
0.228459 0.911028
0.228559 0.911028
0.228658 0.911028
0.228758 0.911028
0.228857 0.911028
0.228956 0.911028
0.229056 0.911028
0.229155 0.911028
0.229255 0.911028
0.229354 0.911028
0.229453 0.911028
0.229553 0.911028
0.229652 0.911028
0.229752 0.911028
0.229851 0.909774
0.229950 0.909774
0.230050 0.909774
0.230149 0.909148
0.230249 0.908521
0.230348 0.907895
0.230447 0.907895
0.230547 0.907268
0.230646 0.907268
0.230746 0.907268
0.230845 0.907268
0.230944 0.907268
0.231044 0.907268
0.231143 0.907268
0.231242 0.907268
0.231342 0.907268
0.231441 0.907268
0.231541 0.907268
0.231640 0.907268
0.231739 0.907268
0.231839 0.906642
0.231938 0.906642
0.232038 0.906642
0.232137 0.906642
0.232236 0.906642
0.232336 0.906642
0.232435 0.906642
0.232535 0.906642
0.232634 0.906642
0.232733 0.906642
0.232833 0.906642
0.232932 0.906642
0.233032 0.906642
0.233131 0.906015
0.233230 0.906015
0.233330 0.906015
0.233429 0.906015
0.233529 0.906015
0.233628 0.906015
0.233727 0.905388
0.233827 0.905388
0.233926 0.905388
0.234026 0.905388
0.234125 0.905388
0.234224 0.905388
0.234324 0.905388
0.234423 0.905388
0.234523 0.905388
0.234622 0.905388
0.234721 0.905388
0.234821 0.905388
0.234920 0.904762
0.235020 0.904762
0.235119 0.904135
0.235218 0.903509
0.235318 0.903509
0.235417 0.903509
0.235517 0.903509
0.235616 0.903509
0.235715 0.903509
0.235815 0.903509
0.235914 0.903509
0.236014 0.903509
0.236113 0.903509
0.236212 0.903509
0.236312 0.903509
0.236411 0.903509
0.236511 0.903509
0.236610 0.903509
0.236709 0.903509
0.236809 0.903509
0.236908 0.903509
0.237008 0.903509
0.237107 0.903509
0.237206 0.903509
0.237306 0.903509
0.237405 0.903509
0.237505 0.903509
0.237604 0.903509
0.237703 0.902882
0.237803 0.902882
0.237902 0.902882
0.238002 0.902882
0.238101 0.902882
0.238200 0.902882
0.238300 0.902882
0.238399 0.902882
0.238498 0.902882
0.238598 0.902882
0.238697 0.902882
0.238797 0.902882
0.238896 0.902882
0.238995 0.902882
0.239095 0.902882
0.239194 0.902882
0.239294 0.902882
0.239393 0.902882
0.239492 0.902882
0.239592 0.902882
0.239691 0.902882
0.239791 0.902256
0.239890 0.901629
0.239989 0.901629
0.240089 0.901629
0.240188 0.901629
0.240288 0.901629
0.240387 0.901629
0.240486 0.901629
0.240586 0.901629
0.240685 0.901629
0.240785 0.901629
0.240884 0.901629
0.240983 0.901003
0.241083 0.901003
0.241182 0.901003
0.241282 0.901003
0.241381 0.901003
0.241480 0.901003
0.241580 0.901003
0.241679 0.901003
0.241779 0.901003
0.241878 0.901003
0.241977 0.901003
0.242077 0.901003
0.242176 0.901003
0.242276 0.901003
0.242375 0.901003
0.242474 0.901003
0.242574 0.901003
0.242673 0.901003
0.242773 0.901003
0.242872 0.901003
0.242971 0.901003
0.243071 0.901003
0.243170 0.901003
0.243270 0.901003
0.243369 0.901003
0.243468 0.901003
0.243568 0.900376
0.243667 0.900376
0.243767 0.900376
0.243866 0.900376
0.243965 0.900376
0.244065 0.900376
0.244164 0.900376
0.244264 0.900376
0.244363 0.900376
0.244462 0.900376
0.244562 0.900376
0.244661 0.899749
0.244761 0.899749
0.244860 0.899749
0.244959 0.899749
0.245059 0.899749
0.245158 0.899749
0.245258 0.899749
0.245357 0.899123
0.245456 0.899123
0.245556 0.899123
0.245655 0.899123
0.245754 0.899123
0.245854 0.899123
0.245953 0.899123
0.246053 0.899123
0.246152 0.899123
0.246251 0.899123
0.246351 0.899123
0.246450 0.899123
0.246550 0.899123
0.246649 0.899123
0.246748 0.899123
0.246848 0.899123
0.246947 0.899123
0.247047 0.899123
0.247146 0.899123
0.247245 0.899123
0.247345 0.899123
0.247444 0.899123
0.247544 0.899123
0.247643 0.899123
0.247742 0.899123
0.247842 0.899123
0.247941 0.897870
0.248041 0.897870
0.248140 0.897870
0.248239 0.897870
0.248339 0.897870
0.248438 0.897243
0.248538 0.897243
0.248637 0.897243
0.248736 0.897243
0.248836 0.897243
0.248935 0.897243
0.249035 0.897243
0.249134 0.897243
0.249233 0.897243
0.249333 0.897243
0.249432 0.897243
0.249532 0.897243
0.249631 0.897243
0.249730 0.897243
0.249830 0.897243
0.249929 0.897243
0.250029 0.897243
0.250128 0.897243
0.250227 0.897243
0.250327 0.897243
0.250426 0.897243
0.250526 0.897243
0.250625 0.897243
0.250724 0.896617
0.250824 0.896617
0.250923 0.896617
0.251023 0.896617
0.251122 0.896617
0.251221 0.896617
0.251321 0.896617
0.251420 0.896617
0.251520 0.896617
0.251619 0.896617
0.251718 0.896617
0.251818 0.896617
0.251917 0.896617
0.252017 0.896617
0.252116 0.896617
0.252215 0.896617
0.252315 0.896617
0.252414 0.896617
0.252514 0.896617
0.252613 0.896617
0.252712 0.896617
0.252812 0.896617
0.252911 0.896617
0.253010 0.896617
0.253110 0.896617
0.253209 0.896617
0.253309 0.896617
0.253408 0.896617
0.253507 0.896617
0.253607 0.896617
0.253706 0.896617
0.253806 0.896617
0.253905 0.896617
0.254004 0.896617
0.254104 0.895990
0.254203 0.895990
0.254303 0.895990
0.254402 0.895363
0.254501 0.895363
0.254601 0.895363
0.254700 0.895363
0.254800 0.895363
0.254899 0.895363
0.254998 0.895363
0.255098 0.895363
0.255197 0.895363
0.255297 0.895363
0.255396 0.895363
0.255495 0.895363
0.255595 0.895363
0.255694 0.895363
0.255794 0.895363
0.255893 0.895363
0.255992 0.895363
0.256092 0.895363
0.256191 0.895363
0.256291 0.895363
0.256390 0.895363
0.256489 0.895363
0.256589 0.895363
0.256688 0.895363
0.256788 0.895363
0.256887 0.895363
0.256986 0.895363
0.257086 0.895363
0.257185 0.895363
0.257285 0.895363
0.257384 0.895363
0.257483 0.895363
0.257583 0.895363
0.257682 0.895363
0.257782 0.895363
0.257881 0.895363
0.257980 0.895363
0.258080 0.894737
0.258179 0.894737
0.258279 0.894737
0.258378 0.894737
0.258477 0.894737
0.258577 0.894737
0.258676 0.894737
0.258776 0.894110
0.258875 0.894110
0.258974 0.894110
0.259074 0.893484
0.259173 0.893484
0.259273 0.893484
0.259372 0.893484
0.259471 0.893484
0.259571 0.893484
0.259670 0.893484
0.259770 0.893484
0.259869 0.893484
0.259968 0.893484
0.260068 0.892231
0.260167 0.892231
0.260266 0.892231
0.260366 0.892231
0.260465 0.892231
0.260565 0.892231
0.260664 0.892231
0.260763 0.892231
0.260863 0.892231
0.260962 0.892231
0.261062 0.892231
0.261161 0.892231
0.261260 0.892231
0.261360 0.892231
0.261459 0.891604
0.261559 0.891604
0.261658 0.891604
0.261757 0.891604
0.261857 0.891604
0.261956 0.891604
0.262056 0.891604
0.262155 0.891604
0.262254 0.891604
0.262354 0.891604
0.262453 0.891604
0.262553 0.891604
0.262652 0.891604
0.262751 0.891604
0.262851 0.891604
0.262950 0.891604
0.263050 0.891604
0.263149 0.890977
0.263248 0.890977
0.263348 0.890977
0.263447 0.890977
0.263547 0.890977
0.263646 0.890977
0.263745 0.890351
0.263845 0.890351
0.263944 0.889724
0.264044 0.889098
0.264143 0.888471
0.264242 0.888471
0.264342 0.887845
0.264441 0.887845
0.264541 0.887218
0.264640 0.887218
0.264739 0.887218
0.264839 0.887218
0.264938 0.887218
0.265038 0.887218
0.265137 0.886591
0.265236 0.886591
0.265336 0.886591
0.265435 0.886591
0.265535 0.886591
0.265634 0.886591
0.265733 0.886591
0.265833 0.886591
0.265932 0.886591
0.266032 0.886591
0.266131 0.886591
0.266230 0.886591
0.266330 0.886591
0.266429 0.886591
0.266529 0.886591
0.266628 0.886591
0.266727 0.886591
0.266827 0.886591
0.266926 0.886591
0.267025 0.886591
0.267125 0.886591
0.267224 0.886591
0.267324 0.886591
0.267423 0.886591
0.267522 0.886591
0.267622 0.886591
0.267721 0.886591
0.267821 0.886591
0.267920 0.886591
0.268019 0.886591
0.268119 0.886591
0.268218 0.886591
0.268318 0.886591
0.268417 0.886591
0.268516 0.886591
0.268616 0.886591
0.268715 0.886591
0.268815 0.886591
0.268914 0.886591
0.269013 0.886591
0.269113 0.886591
0.269212 0.886591
0.269312 0.886591
0.269411 0.886591
0.269510 0.886591
0.269610 0.886591
0.269709 0.886591
0.269809 0.886591
0.269908 0.886591
0.270007 0.886591
0.270107 0.886591
0.270206 0.886591
0.270306 0.886591
0.270405 0.886591
0.270504 0.886591
0.270604 0.886591
0.270703 0.886591
0.270803 0.886591
0.270902 0.886591
0.271001 0.886591
0.271101 0.886591
0.271200 0.886591
0.271300 0.885965
0.271399 0.885965
0.271498 0.885965
0.271598 0.885965
0.271697 0.885965
0.271797 0.885965
0.271896 0.885965
0.271995 0.885965
0.272095 0.885965
0.272194 0.885965
0.272294 0.885965
0.272393 0.885965
0.272492 0.885338
0.272592 0.885338
0.272691 0.885338
0.272791 0.885338
0.272890 0.885338
0.272989 0.885338
0.273089 0.885338
0.273188 0.885338
0.273288 0.885338
0.273387 0.885338
0.273486 0.885338
0.273586 0.885338
0.273685 0.885338
0.273785 0.885338
0.273884 0.885338
0.273983 0.885338
0.274083 0.885338
0.274182 0.885338
0.274281 0.885338
0.274381 0.885338
0.274480 0.885338
0.274580 0.885338
0.274679 0.885338
0.274778 0.885338
0.274878 0.885338
0.274977 0.885338
0.275077 0.885338
0.275176 0.885338
0.275275 0.885338
0.275375 0.885338
0.275474 0.885338
0.275574 0.885338
0.275673 0.885338
0.275772 0.884712
0.275872 0.884712
0.275971 0.884712
0.276071 0.884712
0.276170 0.884712
0.276269 0.884712
0.276369 0.884712
0.276468 0.884712
0.276568 0.884712
0.276667 0.884712
0.276766 0.884712
0.276866 0.884085
0.276965 0.884085
0.277065 0.884085
0.277164 0.884085
0.277263 0.884085
0.277363 0.884085
0.277462 0.884085
0.277562 0.883459
0.277661 0.883459
0.277760 0.883459
0.277860 0.883459
0.277959 0.883459
0.278059 0.883459
0.278158 0.883459
0.278257 0.883459
0.278357 0.883459
0.278456 0.882832
0.278556 0.882206
0.278655 0.881579
0.278754 0.881579
0.278854 0.881579
0.278953 0.881579
0.279053 0.881579
0.279152 0.881579
0.279251 0.881579
0.279351 0.881579
0.279450 0.881579
0.279550 0.881579
0.279649 0.881579
0.279748 0.881579
0.279848 0.881579
0.279947 0.881579
0.280047 0.881579
0.280146 0.881579
0.280245 0.881579
0.280345 0.881579
0.280444 0.881579
0.280544 0.881579
0.280643 0.881579
0.280742 0.881579
0.280842 0.881579
0.280941 0.881579
0.281041 0.881579
0.281140 0.881579
0.281239 0.881579
0.281339 0.881579
0.281438 0.881579
0.281537 0.881579
0.281637 0.881579
0.281736 0.881579
0.281836 0.881579
0.281935 0.881579
0.282034 0.881579
0.282134 0.881579
0.282233 0.881579
0.282333 0.881579
0.282432 0.881579
0.282531 0.881579
0.282631 0.880952
0.282730 0.880326
0.282830 0.880326
0.282929 0.880326
0.283028 0.879699
0.283128 0.879699
0.283227 0.879699
0.283327 0.879699
0.283426 0.879699
0.283525 0.879699
0.283625 0.879699
0.283724 0.879699
0.283824 0.879699
0.283923 0.879699
0.284022 0.879699
0.284122 0.879073
0.284221 0.879073
0.284321 0.879073
0.284420 0.879073
0.284519 0.879073
0.284619 0.879073
0.284718 0.879073
0.284818 0.879073
0.284917 0.879073
0.285016 0.879073
0.285116 0.878446
0.285215 0.878446
0.285315 0.878446
0.285414 0.878446
0.285513 0.878446
0.285613 0.878446
0.285712 0.878446
0.285812 0.878446
0.285911 0.878446
0.286010 0.878446
0.286110 0.878446
0.286209 0.878446
0.286309 0.878446
0.286408 0.878446
0.286507 0.878446
0.286607 0.878446
0.286706 0.878446
0.286806 0.878446
0.286905 0.877820
0.287004 0.877820
0.287104 0.877820
0.287203 0.877820
0.287303 0.877820
0.287402 0.877820
0.287501 0.877820
0.287601 0.877820
0.287700 0.877820
0.287800 0.877820
0.287899 0.877820
0.287998 0.877820
0.288098 0.877820
0.288197 0.877820
0.288297 0.877820
0.288396 0.877820
0.288495 0.877820
0.288595 0.877820
0.288694 0.877820
0.288793 0.877820
0.288893 0.877820
0.288992 0.877820
0.289092 0.877193
0.289191 0.877193
0.289290 0.877193
0.289390 0.877193
0.289489 0.877193
0.289589 0.877193
0.289688 0.877193
0.289787 0.877193
0.289887 0.877193
0.289986 0.877193
0.290086 0.876566
0.290185 0.876566
0.290284 0.876566
0.290384 0.876566
0.290483 0.876566
0.290583 0.876566
0.290682 0.876566
0.290781 0.876566
0.290881 0.876566
0.290980 0.876566
0.291080 0.876566
0.291179 0.875940
0.291278 0.875940
0.291378 0.875940
0.291477 0.875940
0.291577 0.875940
0.291676 0.875940
0.291775 0.875940
0.291875 0.875940
0.291974 0.875940
0.292074 0.875940
0.292173 0.875940
0.292272 0.875940
0.292372 0.875940
0.292471 0.875940
0.292571 0.875940
0.292670 0.875940
0.292769 0.875940
0.292869 0.875940
0.292968 0.875940
0.293068 0.875940
0.293167 0.875940
0.293266 0.875940
0.293366 0.875940
0.293465 0.875313
0.293565 0.875313
0.293664 0.875313
0.293763 0.875313
0.293863 0.875313
0.293962 0.875313
0.294062 0.875313
0.294161 0.875313
0.294260 0.875313
0.294360 0.875313
0.294459 0.875313
0.294559 0.875313
0.294658 0.875313
0.294757 0.875313
0.294857 0.875313
0.294956 0.875313
0.295056 0.875313
0.295155 0.875313
0.295254 0.875313
0.295354 0.875313
0.295453 0.875313
0.295552 0.875313
0.295652 0.875313
0.295751 0.875313
0.295851 0.875313
0.295950 0.875313
0.296049 0.875313
0.296149 0.875313
0.296248 0.875313
0.296348 0.875313
0.296447 0.875313
0.296546 0.875313
0.296646 0.875313
0.296745 0.875313
0.296845 0.875313
0.296944 0.875313
0.297043 0.875313
0.297143 0.875313
0.297242 0.875313
0.297342 0.875313
0.297441 0.875313
0.297540 0.875313
0.297640 0.875313
0.297739 0.875313
0.297839 0.875313
0.297938 0.875313
0.298037 0.875313
0.298137 0.875313
0.298236 0.875313
0.298336 0.875313
0.298435 0.875313
0.298534 0.875313
0.298634 0.875313
0.298733 0.875313
0.298833 0.875313
0.298932 0.875313
0.299031 0.875313
0.299131 0.875313
0.299230 0.875313
0.299330 0.875313
0.299429 0.875313
0.299528 0.875313
0.299628 0.875313
0.299727 0.875313
0.299827 0.875313
0.299926 0.875313
0.300025 0.875313
0.300125 0.875313
0.300224 0.875313
0.300324 0.875313
0.300423 0.874687
0.300522 0.874687
0.300622 0.874687
0.300721 0.874687
0.300821 0.874687
0.300920 0.874060
0.301019 0.874060
0.301119 0.873434
0.301218 0.873434
0.301318 0.873434
0.301417 0.873434
0.301516 0.873434
0.301616 0.873434
0.301715 0.873434
0.301815 0.873434
0.301914 0.873434
0.302013 0.873434
0.302113 0.873434
0.302212 0.873434
0.302312 0.873434
0.302411 0.873434
0.302510 0.873434
0.302610 0.873434
0.302709 0.873434
0.302808 0.873434
0.302908 0.873434
0.303007 0.873434
0.303107 0.873434
0.303206 0.873434
0.303305 0.873434
0.303405 0.873434
0.303504 0.873434
0.303604 0.873434
0.303703 0.873434
0.303802 0.872807
0.303902 0.872807
0.304001 0.872807
0.304101 0.872807
0.304200 0.872807
0.304299 0.872807
0.304399 0.872807
0.304498 0.872807
0.304598 0.872807
0.304697 0.872807
0.304796 0.872807
0.304896 0.872807
0.304995 0.872807
0.305095 0.872807
0.305194 0.872807
0.305293 0.872807
0.305393 0.872180
0.305492 0.872180
0.305592 0.872180
0.305691 0.872180
0.305790 0.871554
0.305890 0.871554
0.305989 0.871554
0.306089 0.871554
0.306188 0.871554
0.306287 0.871554
0.306387 0.870927
0.306486 0.870927
0.306586 0.870927
0.306685 0.870927
0.306784 0.870927
0.306884 0.870927
0.306983 0.870927
0.307083 0.870927
0.307182 0.870927
0.307281 0.870927
0.307381 0.870927
0.307480 0.870927
0.307580 0.870927
0.307679 0.870927
0.307778 0.870927
0.307878 0.870927
0.307977 0.870927
0.308077 0.870927
0.308176 0.870927
0.308275 0.870927
0.308375 0.870927
0.308474 0.870927
0.308574 0.870927
0.308673 0.870927
0.308772 0.870927
0.308872 0.870927
0.308971 0.870301
0.309071 0.870301
0.309170 0.870301
0.309269 0.870301
0.309369 0.870301
0.309468 0.870301
0.309568 0.870301
0.309667 0.870301
0.309766 0.870301
0.309866 0.870301
0.309965 0.870301
0.310064 0.870301
0.310164 0.870301
0.310263 0.870301
0.310363 0.870301
0.310462 0.870301
0.310561 0.870301
0.310661 0.870301
0.310760 0.870301
0.310860 0.870301
0.310959 0.870301
0.311058 0.870301
0.311158 0.870301
0.311257 0.870301
0.311357 0.870301
0.311456 0.870301
0.311555 0.870301
0.311655 0.870301
0.311754 0.870301
0.311854 0.870301
0.311953 0.870301
0.312052 0.870301
0.312152 0.870301
0.312251 0.870301
0.312351 0.870301
0.312450 0.870301
0.312549 0.870301
0.312649 0.870301
0.312748 0.870301
0.312848 0.870301
0.312947 0.870301
0.313046 0.870301
0.313146 0.870301
0.313245 0.870301
0.313345 0.870301
0.313444 0.870301
0.313543 0.870301
0.313643 0.869674
0.313742 0.869674
0.313842 0.869674
0.313941 0.869674
0.314040 0.869674
0.314140 0.869674
0.314239 0.869674
0.314339 0.869674
0.314438 0.869674
0.314537 0.869674
0.314637 0.869674
0.314736 0.869674
0.314836 0.869674
0.314935 0.869674
0.315034 0.869674
0.315134 0.869674
0.315233 0.869674
0.315333 0.869048
0.315432 0.868421
0.315531 0.868421
0.315631 0.868421
0.315730 0.868421
0.315830 0.868421
0.315929 0.868421
0.316028 0.867794
0.316128 0.867794
0.316227 0.867168
0.316327 0.867168
0.316426 0.867168
0.316525 0.867168
0.316625 0.867168
0.316724 0.867168
0.316824 0.867168
0.316923 0.867168
0.317022 0.867168
0.317122 0.867168
0.317221 0.867168
0.317320 0.866541
0.317420 0.866541
0.317519 0.866541
0.317619 0.866541
0.317718 0.866541
0.317817 0.866541
0.317917 0.866541
0.318016 0.866541
0.318116 0.866541
0.318215 0.866541
0.318314 0.866541
0.318414 0.866541
0.318513 0.866541
0.318613 0.866541
0.318712 0.866541
0.318811 0.866541
0.318911 0.866541
0.319010 0.866541
0.319110 0.866541
0.319209 0.866541
0.319308 0.866541
0.319408 0.866541
0.319507 0.866541
0.319607 0.866541
0.319706 0.866541
0.319805 0.866541
0.319905 0.866541
0.320004 0.866541
0.320104 0.866541
0.320203 0.865915
0.320302 0.865915
0.320402 0.865915
0.320501 0.865915
0.320601 0.865915
0.320700 0.865915
0.320799 0.865915
0.320899 0.865915
0.320998 0.865915
0.321098 0.865915
0.321197 0.865915
0.321296 0.865915
0.321396 0.865915
0.321495 0.865915
0.321595 0.865915
0.321694 0.865915
0.321793 0.865915
0.321893 0.865915
0.321992 0.865915
0.322092 0.865915
0.322191 0.865915
0.322290 0.865288
0.322390 0.865288
0.322489 0.865288
0.322589 0.865288
0.322688 0.865288
0.322787 0.865288
0.322887 0.865288
0.322986 0.865288
0.323086 0.865288
0.323185 0.865288
0.323284 0.865288
0.323384 0.865288
0.323483 0.865288
0.323583 0.865288
0.323682 0.865288
0.323781 0.865288
0.323881 0.865288
0.323980 0.865288
0.324080 0.865288
0.324179 0.865288
0.324278 0.865288
0.324378 0.865288
0.324477 0.865288
0.324576 0.865288
0.324676 0.865288
0.324775 0.864662
0.324875 0.864662
0.324974 0.864662
0.325073 0.864662
0.325173 0.864662
0.325272 0.864662
0.325372 0.864662
0.325471 0.864662
0.325570 0.864662
0.325670 0.864662
0.325769 0.864662
0.325869 0.864662
0.325968 0.864662
0.326067 0.864662
0.326167 0.864662
0.326266 0.864662
0.326366 0.864662
0.326465 0.864662
0.326564 0.864662
0.326664 0.864662
0.326763 0.864662
0.326863 0.864662
0.326962 0.864662
0.327061 0.864662
0.327161 0.864662
0.327260 0.864662
0.327360 0.864662
0.327459 0.864662
0.327558 0.864662
0.327658 0.864662
0.327757 0.864662
0.327857 0.864035
0.327956 0.864035
0.328055 0.864035
0.328155 0.864035
0.328254 0.864035
0.328354 0.864035
0.328453 0.864035
0.328552 0.864035
0.328652 0.864035
0.328751 0.864035
0.328851 0.864035
0.328950 0.864035
0.329049 0.864035
0.329149 0.864035
0.329248 0.864035
0.329348 0.864035
0.329447 0.864035
0.329546 0.863409
0.329646 0.863409
0.329745 0.862782
0.329845 0.862782
0.329944 0.862782
0.330043 0.862782
0.330143 0.862782
0.330242 0.862782
0.330342 0.862782
0.330441 0.862782
0.330540 0.862782
0.330640 0.862782
0.330739 0.862782
0.330839 0.862782
0.330938 0.862782
0.331037 0.862782
0.331137 0.862782
0.331236 0.862782
0.331335 0.862782
0.331435 0.862782
0.331534 0.862782
0.331634 0.862782
0.331733 0.862782
0.331832 0.862782
0.331932 0.862782
0.332031 0.862782
0.332131 0.862155
0.332230 0.862155
0.332329 0.862155
0.332429 0.862155
0.332528 0.862155
0.332628 0.862155
0.332727 0.862155
0.332826 0.862155
0.332926 0.862155
0.333025 0.862155
0.333125 0.862155
0.333224 0.862155
0.333323 0.862155
0.333423 0.862155
0.333522 0.862155
0.333622 0.862155
0.333721 0.862155
0.333820 0.862155
0.333920 0.862155
0.334019 0.861529
0.334119 0.861529
0.334218 0.861529
0.334317 0.861529
0.334417 0.861529
0.334516 0.861529
0.334616 0.861529
0.334715 0.861529
0.334814 0.861529
0.334914 0.861529
0.335013 0.861529
0.335113 0.861529
0.335212 0.861529
0.335311 0.861529
0.335411 0.861529
0.335510 0.861529
0.335610 0.861529
0.335709 0.861529
0.335808 0.861529
0.335908 0.861529
0.336007 0.860902
0.336107 0.860902
0.336206 0.860902
0.336305 0.860902
0.336405 0.860902
0.336504 0.860902
0.336604 0.860902
0.336703 0.860902
0.336802 0.860902
0.336902 0.860902
0.337001 0.860902
0.337101 0.860902
0.337200 0.860902
0.337299 0.860902
0.337399 0.859649
0.337498 0.859649
0.337598 0.859023
0.337697 0.859023
0.337796 0.859023
0.337896 0.859023
0.337995 0.859023
0.338095 0.859023
0.338194 0.859023
0.338293 0.859023
0.338393 0.859023
0.338492 0.859023
0.338591 0.859023
0.338691 0.859023
0.338790 0.858396
0.338890 0.858396
0.338989 0.858396
0.339088 0.858396
0.339188 0.858396
0.339287 0.858396
0.339387 0.858396
0.339486 0.858396
0.339585 0.858396
0.339685 0.858396
0.339784 0.858396
0.339884 0.858396
0.339983 0.858396
0.340082 0.857769
0.340182 0.857769
0.340281 0.857769
0.340381 0.857769
0.340480 0.857769
0.340579 0.857769
0.340679 0.857769
0.340778 0.857769
0.340878 0.857769
0.340977 0.857769
0.341076 0.857769
0.341176 0.857769
0.341275 0.857769
0.341375 0.857769
0.341474 0.857769
0.341573 0.857769
0.341673 0.857769
0.341772 0.857143
0.341872 0.857143
0.341971 0.857143
0.342070 0.857143
0.342170 0.857143
0.342269 0.856516
0.342369 0.856516
0.342468 0.856516
0.342567 0.856516
0.342667 0.855890
0.342766 0.855890
0.342866 0.855890
0.342965 0.855890
0.343064 0.855890
0.343164 0.855890
0.343263 0.855890
0.343363 0.855890
0.343462 0.855890
0.343561 0.855890
0.343661 0.855890
0.343760 0.855263
0.343860 0.855263
0.343959 0.855263
0.344058 0.855263
0.344158 0.855263
0.344257 0.855263
0.344357 0.855263
0.344456 0.855263
0.344555 0.855263
0.344655 0.855263
0.344754 0.855263
0.344854 0.855263
0.344953 0.855263
0.345052 0.855263
0.345152 0.855263
0.345251 0.855263
0.345351 0.855263
0.345450 0.855263
0.345549 0.855263
0.345649 0.855263
0.345748 0.855263
0.345847 0.855263
0.345947 0.855263
0.346046 0.855263
0.346146 0.855263
0.346245 0.854637
0.346344 0.854637
0.346444 0.854637
0.346543 0.854637
0.346643 0.854637
0.346742 0.854637
0.346841 0.854637
0.346941 0.854637
0.347040 0.854637
0.347140 0.854637
0.347239 0.854637
0.347338 0.854637
0.347438 0.854637
0.347537 0.854637
0.347637 0.854637
0.347736 0.854637
0.347835 0.854637
0.347935 0.854637
0.348034 0.854637
0.348134 0.854637
0.348233 0.854637
0.348332 0.854637
0.348432 0.854637
0.348531 0.854637
0.348631 0.854637
0.348730 0.854010
0.348829 0.854010
0.348929 0.854010
0.349028 0.853383
0.349128 0.853383
0.349227 0.853383
0.349326 0.853383
0.349426 0.853383
0.349525 0.853383
0.349625 0.853383
0.349724 0.852757
0.349823 0.852757
0.349923 0.852757
0.350022 0.852757
0.350122 0.852757
0.350221 0.852757
0.350320 0.852757
0.350420 0.852757
0.350519 0.852757
0.350619 0.852757
0.350718 0.852757
0.350817 0.852757
0.350917 0.852757
0.351016 0.852757
0.351116 0.852757
0.351215 0.852757
0.351314 0.852757
0.351414 0.852757
0.351513 0.852757
0.351613 0.852757
0.351712 0.852757
0.351811 0.852757
0.351911 0.852757
0.352010 0.852757
0.352110 0.852757
0.352209 0.852757
0.352308 0.852757
0.352408 0.852757
0.352507 0.852130
0.352607 0.852130
0.352706 0.852130
0.352805 0.852130
0.352905 0.851504
0.353004 0.851504
0.353103 0.851504
0.353203 0.851504
0.353302 0.851504
0.353402 0.851504
0.353501 0.851504
0.353600 0.851504
0.353700 0.851504
0.353799 0.851504
0.353899 0.851504
0.353998 0.851504
0.354097 0.851504
0.354197 0.851504
0.354296 0.851504
0.354396 0.851504
0.354495 0.851504
0.354594 0.851504
0.354694 0.851504
0.354793 0.851504
0.354893 0.851504
0.354992 0.851504
0.355091 0.851504
0.355191 0.851504
0.355290 0.851504
0.355390 0.851504
0.355489 0.851504
0.355588 0.850877
0.355688 0.850877
0.355787 0.850877
0.355887 0.850877
0.355986 0.850877
0.356085 0.850877
0.356185 0.850251
0.356284 0.850251
0.356384 0.850251
0.356483 0.850251
0.356582 0.850251
0.356682 0.850251
0.356781 0.850251
0.356881 0.850251
0.356980 0.850251
0.357079 0.850251
0.357179 0.850251
0.357278 0.850251
0.357378 0.850251
0.357477 0.850251
0.357576 0.850251
0.357676 0.850251
0.357775 0.850251
0.357875 0.850251
0.357974 0.850251
0.358073 0.850251
0.358173 0.849624
0.358272 0.849624
0.358372 0.848997
0.358471 0.848997
0.358570 0.848371
0.358670 0.848371
0.358769 0.847744
0.358869 0.847744
0.358968 0.847744
0.359067 0.847744
0.359167 0.847744
0.359266 0.847744
0.359366 0.847744
0.359465 0.847744
0.359564 0.847744
0.359664 0.847744
0.359763 0.847744
0.359862 0.847744
0.359962 0.847744
0.360061 0.847744
0.360161 0.847744
0.360260 0.847744
0.360359 0.847744
0.360459 0.847744
0.360558 0.847744
0.360658 0.847744
0.360757 0.847744
0.360856 0.847744
0.360956 0.847744
0.361055 0.847744
0.361155 0.847744
0.361254 0.847744
0.361353 0.847744
0.361453 0.847744
0.361552 0.847744
0.361652 0.847744
0.361751 0.847744
0.361850 0.847744
0.361950 0.847744
0.362049 0.847118
0.362149 0.847118
0.362248 0.847118
0.362347 0.846491
0.362447 0.846491
0.362546 0.846491
0.362646 0.846491
0.362745 0.846491
0.362844 0.845865
0.362944 0.845865
0.363043 0.845865
0.363143 0.845865
0.363242 0.845865
0.363341 0.845865
0.363441 0.845865
0.363540 0.845865
0.363640 0.845238
0.363739 0.845238
0.363838 0.845238
0.363938 0.844612
0.364037 0.844612
0.364137 0.843985
0.364236 0.843985
0.364335 0.843985
0.364435 0.843985
0.364534 0.843985
0.364634 0.843985
0.364733 0.843985
0.364832 0.843358
0.364932 0.843358
0.365031 0.843358
0.365131 0.843358
0.365230 0.843358
0.365329 0.843358
0.365429 0.843358
0.365528 0.842732
0.365628 0.842732
0.365727 0.842732
0.365826 0.842105
0.365926 0.842105
0.366025 0.842105
0.366125 0.842105
0.366224 0.842105
0.366323 0.842105
0.366423 0.842105
0.366522 0.842105
0.366622 0.842105
0.366721 0.842105
0.366820 0.842105
0.366920 0.842105
0.367019 0.842105
0.367118 0.842105
0.367218 0.842105
0.367317 0.841479
0.367417 0.840226
0.367516 0.840226
0.367615 0.840226
0.367715 0.840226
0.367814 0.840226
0.367914 0.840226
0.368013 0.840226
0.368112 0.840226
0.368212 0.840226
0.368311 0.840226
0.368411 0.840226
0.368510 0.840226
0.368609 0.840226
0.368709 0.840226
0.368808 0.840226
0.368908 0.840226
0.369007 0.840226
0.369106 0.840226
0.369206 0.840226
0.369305 0.840226
0.369405 0.840226
0.369504 0.840226
0.369603 0.840226
0.369703 0.840226
0.369802 0.840226
0.369902 0.840226
0.370001 0.840226
0.370100 0.840226
0.370200 0.840226
0.370299 0.840226
0.370399 0.840226
0.370498 0.840226
0.370597 0.840226
0.370697 0.840226
0.370796 0.840226
0.370896 0.840226
0.370995 0.840226
0.371094 0.840226
0.371194 0.840226
0.371293 0.840226
0.371393 0.840226
0.371492 0.840226
0.371591 0.840226
0.371691 0.840226
0.371790 0.840226
0.371890 0.840226
0.371989 0.840226
0.372088 0.840226
0.372188 0.840226
0.372287 0.840226
0.372387 0.840226
0.372486 0.840226
0.372585 0.840226
0.372685 0.840226
0.372784 0.840226
0.372884 0.840226
0.372983 0.840226
0.373082 0.840226
0.373182 0.840226
0.373281 0.840226
0.373381 0.839599
0.373480 0.839599
0.373579 0.839599
0.373679 0.839599
0.373778 0.839599
0.373878 0.839599
0.373977 0.839599
0.374076 0.839599
0.374176 0.839599
0.374275 0.839599
0.374374 0.839599
0.374474 0.839599
0.374573 0.839599
0.374673 0.839599
0.374772 0.839599
0.374871 0.839599
0.374971 0.839599
0.375070 0.839599
0.375170 0.839599
0.375269 0.839599
0.375368 0.839599
0.375468 0.839599
0.375567 0.838972
0.375667 0.838972
0.375766 0.838972
0.375865 0.838972
0.375965 0.838346
0.376064 0.838346
0.376164 0.838346
0.376263 0.838346
0.376362 0.838346
0.376462 0.838346
0.376561 0.838346
0.376661 0.838346
0.376760 0.838346
0.376859 0.838346
0.376959 0.838346
0.377058 0.838346
0.377158 0.838346
0.377257 0.838346
0.377356 0.838346
0.377456 0.838346
0.377555 0.838346
0.377655 0.838346
0.377754 0.838346
0.377853 0.838346
0.377953 0.838346
0.378052 0.838346
0.378152 0.838346
0.378251 0.838346
0.378350 0.838346
0.378450 0.838346
0.378549 0.838346
0.378649 0.838346
0.378748 0.838346
0.378847 0.838346
0.378947 0.838346
0.379046 0.838346
0.379146 0.838346
0.379245 0.837719
0.379344 0.837719
0.379444 0.837719
0.379543 0.837093
0.379643 0.837093
0.379742 0.837093
0.379841 0.836466
0.379941 0.836466
0.380040 0.836466
0.380140 0.836466
0.380239 0.836466
0.380338 0.836466
0.380438 0.836466
0.380537 0.835840
0.380637 0.835840
0.380736 0.835840
0.380835 0.835840
0.380935 0.835840
0.381034 0.835840
0.381134 0.835840
0.381233 0.835840
0.381332 0.835840
0.381432 0.835840
0.381531 0.835840
0.381630 0.835840
0.381730 0.835840
0.381829 0.835213
0.381929 0.835213
0.382028 0.835213
0.382127 0.835213
0.382227 0.835213
0.382326 0.835213
0.382426 0.835213
0.382525 0.835213
0.382624 0.835213
0.382724 0.835213
0.382823 0.835213
0.382923 0.835213
0.383022 0.835213
0.383121 0.835213
0.383221 0.835213
0.383320 0.835213
0.383420 0.835213
0.383519 0.835213
0.383618 0.835213
0.383718 0.834586
0.383817 0.834586
0.383917 0.834586
0.384016 0.834586
0.384115 0.834586
0.384215 0.834586
0.384314 0.834586
0.384414 0.834586
0.384513 0.834586
0.384612 0.834586
0.384712 0.834586
0.384811 0.834586
0.384911 0.834586
0.385010 0.834586
0.385109 0.834586
0.385209 0.834586
0.385308 0.834586
0.385408 0.834586
0.385507 0.834586
0.385606 0.834586
0.385706 0.834586
0.385805 0.834586
0.385905 0.834586
0.386004 0.834586
0.386103 0.834586
0.386203 0.834586
0.386302 0.834586
0.386402 0.834586
0.386501 0.834586
0.386600 0.833960
0.386700 0.833333
0.386799 0.833333
0.386899 0.833333
0.386998 0.833333
0.387097 0.833333
0.387197 0.833333
0.387296 0.833333
0.387396 0.833333
0.387495 0.833333
0.387594 0.833333
0.387694 0.832707
0.387793 0.832707
0.387893 0.832707
0.387992 0.832707
0.388091 0.832707
0.388191 0.832707
0.388290 0.832707
0.388390 0.832707
0.388489 0.832707
0.388588 0.832707
0.388688 0.832707
0.388787 0.832707
0.388886 0.832707
0.388986 0.832707
0.389085 0.832707
0.389185 0.832707
0.389284 0.832707
0.389383 0.832707
0.389483 0.832707
0.389582 0.832707
0.389682 0.832707
0.389781 0.832707
0.389880 0.832707
0.389980 0.832707
0.390079 0.832707
0.390179 0.832707
0.390278 0.832707
0.390377 0.832707
0.390477 0.832707
0.390576 0.832707
0.390676 0.832707
0.390775 0.832707
0.390874 0.832707
0.390974 0.832080
0.391073 0.832080
0.391173 0.832080
0.391272 0.832080
0.391371 0.831454
0.391471 0.831454
0.391570 0.831454
0.391670 0.831454
0.391769 0.831454
0.391868 0.831454
0.391968 0.831454
0.392067 0.831454
0.392167 0.831454
0.392266 0.831454
0.392365 0.831454
0.392465 0.831454
0.392564 0.831454
0.392664 0.831454
0.392763 0.831454
0.392862 0.831454
0.392962 0.831454
0.393061 0.831454
0.393161 0.831454
0.393260 0.831454
0.393359 0.831454
0.393459 0.831454
0.393558 0.831454
0.393658 0.830827
0.393757 0.830827
0.393856 0.830827
0.393956 0.830827
0.394055 0.830827
0.394155 0.830827
0.394254 0.830827
0.394353 0.830827
0.394453 0.830827
0.394552 0.830201
0.394652 0.830201
0.394751 0.830201
0.394850 0.829574
0.394950 0.829574
0.395049 0.829574
0.395149 0.829574
0.395248 0.829574
0.395347 0.828947
0.395447 0.828947
0.395546 0.828947
0.395645 0.828947
0.395745 0.828947
0.395844 0.828947
0.395944 0.828947
0.396043 0.828947
0.396142 0.828321
0.396242 0.828321
0.396341 0.828321
0.396441 0.828321
0.396540 0.828321
0.396639 0.828321
0.396739 0.828321
0.396838 0.828321
0.396938 0.828321
0.397037 0.828321
0.397136 0.828321
0.397236 0.828321
0.397335 0.828321
0.397435 0.828321
0.397534 0.827694
0.397633 0.827694
0.397733 0.827694
0.397832 0.827694
0.397932 0.827694
0.398031 0.827694
0.398130 0.827694
0.398230 0.827694
0.398329 0.827694
0.398429 0.827694
0.398528 0.827694
0.398627 0.827694
0.398727 0.827694
0.398826 0.827694
0.398926 0.827694
0.399025 0.827694
0.399124 0.827694
0.399224 0.827694
0.399323 0.827694
0.399423 0.827694
0.399522 0.827694
0.399621 0.827694
0.399721 0.827694
0.399820 0.827694
0.399920 0.827694
0.400019 0.827694
0.400118 0.827694
0.400218 0.827694
0.400317 0.827694
0.400417 0.827694
0.400516 0.827694
0.400615 0.827068
0.400715 0.827068
0.400814 0.827068
0.400914 0.827068
0.401013 0.827068
0.401112 0.827068
0.401212 0.827068
0.401311 0.827068
0.401411 0.827068
0.401510 0.827068
0.401609 0.827068
0.401709 0.827068
0.401808 0.827068
0.401908 0.827068
0.402007 0.827068
0.402106 0.826441
0.402206 0.826441
0.402305 0.826441
0.402405 0.826441
0.402504 0.826441
0.402603 0.826441
0.402703 0.826441
0.402802 0.826441
0.402901 0.826441
0.403001 0.826441
0.403100 0.826441
0.403200 0.826441
0.403299 0.826441
0.403398 0.826441
0.403498 0.826441
0.403597 0.826441
0.403697 0.826441
0.403796 0.826441
0.403895 0.826441
0.403995 0.826441
0.404094 0.826441
0.404194 0.826441
0.404293 0.825815
0.404392 0.825815
0.404492 0.825815
0.404591 0.825815
0.404691 0.825815
0.404790 0.825815
0.404889 0.825815
0.404989 0.825188
0.405088 0.825188
0.405188 0.824561
0.405287 0.824561
0.405386 0.824561
0.405486 0.824561
0.405585 0.824561
0.405685 0.824561
0.405784 0.824561
0.405883 0.823935
0.405983 0.823935
0.406082 0.823935
0.406182 0.823935
0.406281 0.823935
0.406380 0.823935
0.406480 0.823935
0.406579 0.823935
0.406679 0.823935
0.406778 0.823935
0.406877 0.823935
0.406977 0.823308
0.407076 0.823308
0.407176 0.823308
0.407275 0.823308
0.407374 0.823308
0.407474 0.822682
0.407573 0.822682
0.407673 0.822682
0.407772 0.822682
0.407871 0.822682
0.407971 0.822682
0.408070 0.822682
0.408170 0.822682
0.408269 0.822682
0.408368 0.822682
0.408468 0.822682
0.408567 0.822682
0.408667 0.822682
0.408766 0.822682
0.408865 0.822055
0.408965 0.822055
0.409064 0.822055
0.409164 0.822055
0.409263 0.822055
0.409362 0.822055
0.409462 0.822055
0.409561 0.822055
0.409661 0.822055
0.409760 0.822055
0.409859 0.821429
0.409959 0.820802
0.410058 0.820802
0.410157 0.820802
0.410257 0.820802
0.410356 0.820802
0.410456 0.820802
0.410555 0.820802
0.410654 0.820802
0.410754 0.820802
0.410853 0.820802
0.410953 0.820802
0.411052 0.820802
0.411151 0.820802
0.411251 0.820175
0.411350 0.820175
0.411450 0.820175
0.411549 0.820175
0.411648 0.820175
0.411748 0.820175
0.411847 0.820175
0.411947 0.820175
0.412046 0.820175
0.412145 0.820175
0.412245 0.819549
0.412344 0.819549
0.412444 0.819549
0.412543 0.819549
0.412642 0.818922
0.412742 0.818922
0.412841 0.818922
0.412941 0.818922
0.413040 0.818296
0.413139 0.818296
0.413239 0.818296
0.413338 0.818296
0.413438 0.818296
0.413537 0.818296
0.413636 0.818296
0.413736 0.818296
0.413835 0.818296
0.413935 0.818296
0.414034 0.818296
0.414133 0.818296
0.414233 0.818296
0.414332 0.818296
0.414432 0.818296
0.414531 0.818296
0.414630 0.818296
0.414730 0.818296
0.414829 0.818296
0.414929 0.818296
0.415028 0.818296
0.415127 0.818296
0.415227 0.818296
0.415326 0.818296
0.415426 0.818296
0.415525 0.818296
0.415624 0.818296
0.415724 0.818296
0.415823 0.818296
0.415923 0.818296
0.416022 0.818296
0.416121 0.818296
0.416221 0.818296
0.416320 0.818296
0.416420 0.818296
0.416519 0.818296
0.416618 0.818296
0.416718 0.818296
0.416817 0.818296
0.416917 0.818296
0.417016 0.818296
0.417115 0.818296
0.417215 0.818296
0.417314 0.818296
0.417413 0.818296
0.417513 0.818296
0.417612 0.818296
0.417712 0.818296
0.417811 0.818296
0.417910 0.818296
0.418010 0.818296
0.418109 0.818296
0.418209 0.818296
0.418308 0.818296
0.418407 0.818296
0.418507 0.818296
0.418606 0.818296
0.418706 0.818296
0.418805 0.818296
0.418904 0.818296
0.419004 0.818296
0.419103 0.818296
0.419203 0.818296
0.419302 0.818296
0.419401 0.818296
0.419501 0.818296
0.419600 0.818296
0.419700 0.818296
0.419799 0.818296
0.419898 0.818296
0.419998 0.818296
0.420097 0.818296
0.420197 0.818296
0.420296 0.818296
0.420395 0.818296
0.420495 0.818296
0.420594 0.818296
0.420694 0.818296
0.420793 0.818296
0.420892 0.818296
0.420992 0.818296
0.421091 0.818296
0.421191 0.818296
0.421290 0.818296
0.421389 0.818296
0.421489 0.818296
0.421588 0.818296
0.421688 0.818296
0.421787 0.818296
0.421886 0.818296
0.421986 0.818296
0.422085 0.818296
0.422185 0.818296
0.422284 0.818296
0.422383 0.818296
0.422483 0.818296
0.422582 0.818296
0.422682 0.818296
0.422781 0.818296
0.422880 0.818296
0.422980 0.818296
0.423079 0.818296
0.423179 0.818296
0.423278 0.817669
0.423377 0.817669
0.423477 0.817669
0.423576 0.817669
0.423676 0.817669
0.423775 0.817669
0.423874 0.817669
0.423974 0.817669
0.424073 0.817043
0.424173 0.816416
0.424272 0.816416
0.424371 0.816416
0.424471 0.816416
0.424570 0.816416
0.424669 0.816416
0.424769 0.816416
0.424868 0.816416
0.424968 0.816416
0.425067 0.816416
0.425166 0.816416
0.425266 0.816416
0.425365 0.815789
0.425465 0.815163
0.425564 0.815163
0.425663 0.814536
0.425763 0.814536
0.425862 0.814536
0.425962 0.814536
0.426061 0.814536
0.426160 0.814536
0.426260 0.814536
0.426359 0.814536
0.426459 0.814536
0.426558 0.813910
0.426657 0.813910
0.426757 0.813910
0.426856 0.813910
0.426956 0.813910
0.427055 0.813910
0.427154 0.813910
0.427254 0.813283
0.427353 0.813283
0.427453 0.813283
0.427552 0.813283
0.427651 0.813283
0.427751 0.813283
0.427850 0.813283
0.427950 0.813283
0.428049 0.813283
0.428148 0.813283
0.428248 0.813283
0.428347 0.813283
0.428447 0.813283
0.428546 0.813283
0.428645 0.813283
0.428745 0.813283
0.428844 0.813283
0.428944 0.813283
0.429043 0.813283
0.429142 0.813283
0.429242 0.813283
0.429341 0.813283
0.429441 0.813283
0.429540 0.813283
0.429639 0.813283
0.429739 0.813283
0.429838 0.813283
0.429938 0.812657
0.430037 0.812657
0.430136 0.812657
0.430236 0.812030
0.430335 0.812030
0.430435 0.812030
0.430534 0.812030
0.430633 0.812030
0.430733 0.812030
0.430832 0.812030
0.430932 0.812030
0.431031 0.812030
0.431130 0.812030
0.431230 0.812030
0.431329 0.811404
0.431428 0.811404
0.431528 0.811404
0.431627 0.810777
0.431727 0.810777
0.431826 0.810777
0.431925 0.810777
0.432025 0.810777
0.432124 0.810777
0.432224 0.810777
0.432323 0.810777
0.432422 0.810777
0.432522 0.810777
0.432621 0.810777
0.432721 0.810777
0.432820 0.810777
0.432919 0.810777
0.433019 0.810777
0.433118 0.810777
0.433218 0.810777
0.433317 0.810777
0.433416 0.810777
0.433516 0.810777
0.433615 0.810777
0.433715 0.810777
0.433814 0.810777
0.433913 0.810777
0.434013 0.810777
0.434112 0.810777
0.434212 0.810777
0.434311 0.810777
0.434410 0.810777
0.434510 0.810777
0.434609 0.810777
0.434709 0.810777
0.434808 0.810777
0.434907 0.810777
0.435007 0.810777
0.435106 0.810777
0.435206 0.810777
0.435305 0.810777
0.435404 0.810777
0.435504 0.810777
0.435603 0.810777
0.435703 0.810777
0.435802 0.810777
0.435901 0.810777
0.436001 0.810777
0.436100 0.810777
0.436200 0.810777
0.436299 0.810777
0.436398 0.810777
0.436498 0.810777
0.436597 0.810777
0.436697 0.810777
0.436796 0.810777
0.436895 0.810777
0.436995 0.810777
0.437094 0.810777
0.437194 0.810777
0.437293 0.810777
0.437392 0.810777
0.437492 0.810777
0.437591 0.810777
0.437691 0.810150
0.437790 0.810150
0.437889 0.810150
0.437989 0.810150
0.438088 0.810150
0.438188 0.810150
0.438287 0.810150
0.438386 0.810150
0.438486 0.810150
0.438585 0.810150
0.438684 0.810150
0.438784 0.810150
0.438883 0.810150
0.438983 0.810150
0.439082 0.810150
0.439181 0.810150
0.439281 0.809524
0.439380 0.809524
0.439480 0.809524
0.439579 0.809524
0.439678 0.809524
0.439778 0.809524
0.439877 0.808897
0.439977 0.808897
0.440076 0.808897
0.440175 0.808897
0.440275 0.808897
0.440374 0.808897
0.440474 0.808897
0.440573 0.808897
0.440672 0.808897
0.440772 0.808897
0.440871 0.808897
0.440971 0.808897
0.441070 0.808897
0.441169 0.808897
0.441269 0.808897
0.441368 0.808897
0.441468 0.808897
0.441567 0.808897
0.441666 0.808897
0.441766 0.808897
0.441865 0.808897
0.441965 0.808897
0.442064 0.808897
0.442163 0.808897
0.442263 0.808897
0.442362 0.808897
0.442462 0.808897
0.442561 0.808897
0.442660 0.808897
0.442760 0.808897
0.442859 0.808897
0.442959 0.808897
0.443058 0.808897
0.443157 0.808897
0.443257 0.808897
0.443356 0.808897
0.443456 0.808897
0.443555 0.808897
0.443654 0.808897
0.443754 0.808897
0.443853 0.808897
0.443953 0.808897
0.444052 0.808897
0.444151 0.808897
0.444251 0.808897
0.444350 0.808897
0.444450 0.808897
0.444549 0.808897
0.444648 0.808897
0.444748 0.808897
0.444847 0.808897
0.444947 0.808897
0.445046 0.808897
0.445145 0.808897
0.445245 0.808271
0.445344 0.808271
0.445444 0.808271
0.445543 0.808271
0.445642 0.808271
0.445742 0.808271
0.445841 0.808271
0.445940 0.808271
0.446040 0.808271
0.446139 0.807644
0.446239 0.807018
0.446338 0.807018
0.446437 0.807018
0.446537 0.807018
0.446636 0.806391
0.446736 0.806391
0.446835 0.806391
0.446934 0.806391
0.447034 0.806391
0.447133 0.806391
0.447233 0.806391
0.447332 0.806391
0.447431 0.806391
0.447531 0.806391
0.447630 0.806391
0.447730 0.806391
0.447829 0.806391
0.447928 0.806391
0.448028 0.806391
0.448127 0.806391
0.448227 0.806391
0.448326 0.806391
0.448425 0.806391
0.448525 0.806391
0.448624 0.806391
0.448724 0.806391
0.448823 0.806391
0.448922 0.806391
0.449022 0.806391
0.449121 0.806391
0.449221 0.806391
0.449320 0.806391
0.449419 0.806391
0.449519 0.806391
0.449618 0.806391
0.449718 0.806391
0.449817 0.806391
0.449916 0.806391
0.450016 0.805764
0.450115 0.805764
0.450215 0.805764
0.450314 0.805764
0.450413 0.805764
0.450513 0.805764
0.450612 0.805138
0.450712 0.805138
0.450811 0.805138
0.450910 0.805138
0.451010 0.805138
0.451109 0.805138
0.451209 0.805138
0.451308 0.805138
0.451407 0.804511
0.451507 0.804511
0.451606 0.804511
0.451706 0.804511
0.451805 0.804511
0.451904 0.804511
0.452004 0.804511
0.452103 0.804511
0.452203 0.804511
0.452302 0.804511
0.452401 0.804511
0.452501 0.804511
0.452600 0.804511
0.452700 0.804511
0.452799 0.804511
0.452898 0.804511
0.452998 0.804511
0.453097 0.804511
0.453196 0.804511
0.453296 0.804511
0.453395 0.804511
0.453495 0.804511
0.453594 0.804511
0.453693 0.804511
0.453793 0.804511
0.453892 0.804511
0.453992 0.804511
0.454091 0.804511
0.454190 0.804511
0.454290 0.804511
0.454389 0.804511
0.454489 0.804511
0.454588 0.804511
0.454687 0.804511
0.454787 0.804511
0.454886 0.804511
0.454986 0.804511
0.455085 0.804511
0.455184 0.804511
0.455284 0.804511
0.455383 0.804511
0.455483 0.804511
0.455582 0.804511
0.455681 0.804511
0.455781 0.804511
0.455880 0.804511
0.455980 0.804511
0.456079 0.804511
0.456178 0.803885
0.456278 0.803885
0.456377 0.803258
0.456477 0.802632
0.456576 0.802632
0.456675 0.802632
0.456775 0.802632
0.456874 0.802632
0.456974 0.802632
0.457073 0.802005
0.457172 0.802005
0.457272 0.802005
0.457371 0.802005
0.457471 0.801378
0.457570 0.801378
0.457669 0.801378
0.457769 0.801378
0.457868 0.801378
0.457968 0.801378
0.458067 0.800752
0.458166 0.800752
0.458266 0.800752
0.458365 0.800752
0.458465 0.800752
0.458564 0.800752
0.458663 0.800752
0.458763 0.800125
0.458862 0.800125
0.458962 0.800125
0.459061 0.800125
0.459160 0.800125
0.459260 0.800125
0.459359 0.800125
0.459459 0.800125
0.459558 0.800125
0.459657 0.800125
0.459757 0.800125
0.459856 0.800125
0.459955 0.800125
0.460055 0.800125
0.460154 0.800125
0.460254 0.800125
0.460353 0.800125
0.460452 0.800125
0.460552 0.799499
0.460651 0.799499
0.460751 0.799499
0.460850 0.799499
0.460949 0.799499
0.461049 0.799499
0.461148 0.799499
0.461248 0.799499
0.461347 0.799499
0.461446 0.798872
0.461546 0.798872
0.461645 0.798872
0.461745 0.798872
0.461844 0.798872
0.461943 0.798872
0.462043 0.798872
0.462142 0.798872
0.462242 0.798872
0.462341 0.798872
0.462440 0.798872
0.462540 0.798872
0.462639 0.798872
0.462739 0.798246
0.462838 0.798246
0.462937 0.798246
0.463037 0.798246
0.463136 0.798246
0.463236 0.798246
0.463335 0.798246
0.463434 0.798246
0.463534 0.798246
0.463633 0.798246
0.463733 0.798246
0.463832 0.798246
0.463931 0.797619
0.464031 0.797619
0.464130 0.797619
0.464230 0.797619
0.464329 0.797619
0.464428 0.797619
0.464528 0.797619
0.464627 0.797619
0.464727 0.797619
0.464826 0.797619
0.464925 0.797619
0.465025 0.797619
0.465124 0.797619
0.465224 0.797619
0.465323 0.797619
0.465422 0.797619
0.465522 0.797619
0.465621 0.797619
0.465721 0.797619
0.465820 0.797619
0.465919 0.797619
0.466019 0.797619
0.466118 0.797619
0.466218 0.797619
0.466317 0.797619
0.466416 0.797619
0.466516 0.797619
0.466615 0.797619
0.466715 0.797619
0.466814 0.797619
0.466913 0.797619
0.467013 0.797619
0.467112 0.796992
0.467211 0.796992
0.467311 0.796992
0.467410 0.796992
0.467510 0.796992
0.467609 0.796992
0.467708 0.796992
0.467808 0.796992
0.467907 0.796992
0.468007 0.796992
0.468106 0.796992
0.468205 0.796992
0.468305 0.796992
0.468404 0.796992
0.468504 0.796992
0.468603 0.796992
0.468702 0.796992
0.468802 0.796992
0.468901 0.796992
0.469001 0.796992
0.469100 0.796992
0.469199 0.796992
0.469299 0.796366
0.469398 0.796366
0.469498 0.796366
0.469597 0.795739
0.469696 0.795739
0.469796 0.795739
0.469895 0.795739
0.469995 0.795739
0.470094 0.795739
0.470193 0.795739
0.470293 0.795739
0.470392 0.795739
0.470492 0.795739
0.470591 0.795739
0.470690 0.795739
0.470790 0.795739
0.470889 0.795739
0.470989 0.795739
0.471088 0.795739
0.471187 0.795739
0.471287 0.795739
0.471386 0.795739
0.471486 0.795739
0.471585 0.795739
0.471684 0.795113
0.471784 0.795113
0.471883 0.795113
0.471983 0.795113
0.472082 0.795113
0.472181 0.795113
0.472281 0.795113
0.472380 0.795113
0.472480 0.795113
0.472579 0.795113
0.472678 0.795113
0.472778 0.795113
0.472877 0.795113
0.472977 0.795113
0.473076 0.795113
0.473175 0.795113
0.473275 0.795113
0.473374 0.795113
0.473474 0.795113
0.473573 0.795113
0.473672 0.795113
0.473772 0.795113
0.473871 0.795113
0.473971 0.795113
0.474070 0.794486
0.474169 0.794486
0.474269 0.794486
0.474368 0.793860
0.474467 0.793860
0.474567 0.793233
0.474666 0.793233
0.474766 0.793233
0.474865 0.793233
0.474964 0.792607
0.475064 0.792607
0.475163 0.792607
0.475263 0.792607
0.475362 0.792607
0.475461 0.792607
0.475561 0.792607
0.475660 0.792607
0.475760 0.792607
0.475859 0.792607
0.475958 0.792607
0.476058 0.792607
0.476157 0.792607
0.476257 0.792607
0.476356 0.792607
0.476455 0.792607
0.476555 0.792607
0.476654 0.792607
0.476754 0.792607
0.476853 0.792607
0.476952 0.792607
0.477052 0.792607
0.477151 0.792607
0.477251 0.792607
0.477350 0.792607
0.477449 0.792607
0.477549 0.792607
0.477648 0.792607
0.477748 0.792607
0.477847 0.792607
0.477946 0.792607
0.478046 0.792607
0.478145 0.792607
0.478245 0.792607
0.478344 0.792607
0.478443 0.792607
0.478543 0.792607
0.478642 0.792607
0.478742 0.791980
0.478841 0.791980
0.478940 0.791980
0.479040 0.791980
0.479139 0.791980
0.479239 0.791353
0.479338 0.791353
0.479437 0.791353
0.479537 0.791353
0.479636 0.791353
0.479736 0.791353
0.479835 0.791353
0.479934 0.791353
0.480034 0.791353
0.480133 0.791353
0.480233 0.791353
0.480332 0.791353
0.480431 0.790727
0.480531 0.790727
0.480630 0.790727
0.480730 0.790727
0.480829 0.790727
0.480928 0.790727
0.481028 0.790727
0.481127 0.790727
0.481227 0.790727
0.481326 0.790727
0.481425 0.790727
0.481525 0.790727
0.481624 0.790727
0.481723 0.790727
0.481823 0.790100
0.481922 0.790100
0.482022 0.790100
0.482121 0.790100
0.482220 0.789474
0.482320 0.789474
0.482419 0.789474
0.482519 0.789474
0.482618 0.789474
0.482717 0.789474
0.482817 0.789474
0.482916 0.789474
0.483016 0.789474
0.483115 0.788847
0.483214 0.788847
0.483314 0.788847
0.483413 0.788847
0.483513 0.788847
0.483612 0.788221
0.483711 0.788221
0.483811 0.788221
0.483910 0.788221
0.484010 0.788221
0.484109 0.788221
0.484208 0.788221
0.484308 0.788221
0.484407 0.788221
0.484507 0.788221
0.484606 0.788221
0.484705 0.788221
0.484805 0.788221
0.484904 0.788221
0.485004 0.788221
0.485103 0.788221
0.485202 0.788221
0.485302 0.788221
0.485401 0.788221
0.485501 0.788221
0.485600 0.787594
0.485699 0.787594
0.485799 0.787594
0.485898 0.787594
0.485998 0.787594
0.486097 0.787594
0.486196 0.787594
0.486296 0.787594
0.486395 0.787594
0.486495 0.787594
0.486594 0.787594
0.486693 0.787594
0.486793 0.787594
0.486892 0.786967
0.486992 0.786967
0.487091 0.786967
0.487190 0.786967
0.487290 0.786967
0.487389 0.786967
0.487489 0.786967
0.487588 0.786967
0.487687 0.786967
0.487787 0.786967
0.487886 0.786967
0.487986 0.786967
0.488085 0.786967
0.488184 0.786967
0.488284 0.786967
0.488383 0.786341
0.488483 0.786341
0.488582 0.786341
0.488681 0.786341
0.488781 0.786341
0.488880 0.786341
0.488979 0.786341
0.489079 0.786341
0.489178 0.786341
0.489278 0.786341
0.489377 0.786341
0.489476 0.786341
0.489576 0.786341
0.489675 0.786341
0.489775 0.786341
0.489874 0.786341
0.489973 0.786341
0.490073 0.786341
0.490172 0.785714
0.490272 0.785714
0.490371 0.785714
0.490470 0.785714
0.490570 0.785714
0.490669 0.785714
0.490769 0.785714
0.490868 0.785714
0.490967 0.785714
0.491067 0.785714
0.491166 0.785714
0.491266 0.785714
0.491365 0.785714
0.491464 0.785714
0.491564 0.785714
0.491663 0.785714
0.491763 0.785714
0.491862 0.785714
0.491961 0.785714
0.492061 0.785714
0.492160 0.785714
0.492260 0.785714
0.492359 0.785714
0.492458 0.785714
0.492558 0.785714
0.492657 0.785714
0.492757 0.785714
0.492856 0.785714
0.492955 0.785714
0.493055 0.785714
0.493154 0.785714
0.493254 0.785714
0.493353 0.785714
0.493452 0.785714
0.493552 0.785714
0.493651 0.785714
0.493751 0.785088
0.493850 0.785088
0.493949 0.785088
0.494049 0.785088
0.494148 0.785088
0.494248 0.785088
0.494347 0.785088
0.494446 0.785088
0.494546 0.785088
0.494645 0.785088
0.494745 0.785088
0.494844 0.785088
0.494943 0.785088
0.495043 0.785088
0.495142 0.785088
0.495242 0.785088
0.495341 0.785088
0.495440 0.785088
0.495540 0.785088
0.495639 0.785088
0.495738 0.785088
0.495838 0.785088
0.495937 0.785088
0.496037 0.785088
0.496136 0.785088
0.496235 0.785088
0.496335 0.785088
0.496434 0.785088
0.496534 0.785088
0.496633 0.785088
0.496732 0.785088
0.496832 0.785088
0.496931 0.785088
0.497031 0.785088
0.497130 0.785088
0.497229 0.785088
0.497329 0.785088
0.497428 0.785088
0.497528 0.785088
0.497627 0.785088
0.497726 0.785088
0.497826 0.785088
0.497925 0.785088
0.498025 0.785088
0.498124 0.785088
0.498223 0.785088
0.498323 0.785088
0.498422 0.785088
0.498522 0.785088
0.498621 0.785088
0.498720 0.785088
0.498820 0.785088
0.498919 0.785088
0.499019 0.785088
0.499118 0.785088
0.499217 0.785088
0.499317 0.785088
0.499416 0.785088
0.499516 0.785088
0.499615 0.785088
0.499714 0.785088
0.499814 0.785088
0.499913 0.785088
0.500013 0.785088
0.500112 0.784461
0.500211 0.784461
0.500311 0.784461
0.500410 0.784461
0.500510 0.784461
0.500609 0.783835
0.500708 0.783835
0.500808 0.783835
0.500907 0.783835
0.501007 0.783835
0.501106 0.783835
0.501205 0.783835
0.501305 0.783835
0.501404 0.783835
0.501504 0.783835
0.501603 0.783835
0.501702 0.783835
0.501802 0.783835
0.501901 0.783835
0.502001 0.783835
0.502100 0.783835
0.502199 0.783835
0.502299 0.783835
0.502398 0.783835
0.502498 0.783835
0.502597 0.783835
0.502696 0.783835
0.502796 0.783835
0.502895 0.783835
0.502994 0.783835
0.503094 0.783835
0.503193 0.783835
0.503293 0.783835
0.503392 0.783208
0.503491 0.783208
0.503591 0.783208
0.503690 0.783208
0.503790 0.783208
0.503889 0.783208
0.503988 0.783208
0.504088 0.783208
0.504187 0.783208
0.504287 0.783208
0.504386 0.783208
0.504485 0.783208
0.504585 0.783208
0.504684 0.783208
0.504784 0.783208
0.504883 0.783208
0.504982 0.783208
0.505082 0.783208
0.505181 0.783208
0.505281 0.783208
0.505380 0.783208
0.505479 0.783208
0.505579 0.783208
0.505678 0.783208
0.505778 0.783208
0.505877 0.783208
0.505976 0.783208
0.506076 0.782581
0.506175 0.781955
0.506275 0.781955
0.506374 0.781955
0.506473 0.781955
0.506573 0.781955
0.506672 0.781955
0.506772 0.781955
0.506871 0.781955
0.506970 0.781955
0.507070 0.781955
0.507169 0.781955
0.507269 0.781955
0.507368 0.781955
0.507467 0.781328
0.507567 0.781328
0.507666 0.781328
0.507766 0.781328
0.507865 0.781328
0.507964 0.781328
0.508064 0.781328
0.508163 0.781328
0.508263 0.781328
0.508362 0.781328
0.508461 0.781328
0.508561 0.781328
0.508660 0.781328
0.508760 0.781328
0.508859 0.781328
0.508958 0.781328
0.509058 0.781328
0.509157 0.781328
0.509257 0.781328
0.509356 0.781328
0.509455 0.781328
0.509555 0.781328
0.509654 0.781328
0.509754 0.781328
0.509853 0.781328
0.509952 0.781328
0.510052 0.781328
0.510151 0.781328
0.510250 0.781328
0.510350 0.781328
0.510449 0.781328
0.510549 0.781328
0.510648 0.780075
0.510747 0.780075
0.510847 0.780075
0.510946 0.780075
0.511046 0.780075
0.511145 0.780075
0.511244 0.779449
0.511344 0.779449
0.511443 0.779449
0.511543 0.779449
0.511642 0.779449
0.511741 0.779449
0.511841 0.779449
0.511940 0.779449
0.512040 0.779449
0.512139 0.778822
0.512238 0.778195
0.512338 0.778195
0.512437 0.778195
0.512537 0.778195
0.512636 0.778195
0.512735 0.777569
0.512835 0.777569
0.512934 0.777569
0.513034 0.777569
0.513133 0.777569
0.513232 0.777569
0.513332 0.777569
0.513431 0.777569
0.513531 0.776942
0.513630 0.776316
0.513729 0.776316
0.513829 0.776316
0.513928 0.776316
0.514028 0.776316
0.514127 0.776316
0.514226 0.776316
0.514326 0.776316
0.514425 0.776316
0.514525 0.776316
0.514624 0.776316
0.514723 0.776316
0.514823 0.776316
0.514922 0.776316
0.515022 0.776316
0.515121 0.776316
0.515220 0.775689
0.515320 0.775689
0.515419 0.775689
0.515519 0.775689
0.515618 0.775689
0.515717 0.775689
0.515817 0.775689
0.515916 0.775063
0.516016 0.775063
0.516115 0.775063
0.516214 0.775063
0.516314 0.775063
0.516413 0.775063
0.516513 0.775063
0.516612 0.775063
0.516711 0.775063
0.516811 0.775063
0.516910 0.775063
0.517010 0.775063
0.517109 0.775063
0.517208 0.775063
0.517308 0.775063
0.517407 0.775063
0.517506 0.775063
0.517606 0.775063
0.517705 0.775063
0.517805 0.775063
0.517904 0.775063
0.518003 0.775063
0.518103 0.775063
0.518202 0.775063
0.518302 0.775063
0.518401 0.775063
0.518500 0.774436
0.518600 0.774436
0.518699 0.774436
0.518799 0.774436
0.518898 0.774436
0.518997 0.774436
0.519097 0.773810
0.519196 0.773810
0.519296 0.773810
0.519395 0.773183
0.519494 0.773183
0.519594 0.772556
0.519693 0.772556
0.519793 0.772556
0.519892 0.772556
0.519991 0.772556
0.520091 0.772556
0.520190 0.772556
0.520290 0.772556
0.520389 0.772556
0.520488 0.772556
0.520588 0.772556
0.520687 0.772556
0.520787 0.772556
0.520886 0.772556
0.520985 0.771930
0.521085 0.771930
0.521184 0.771930
0.521284 0.771930
0.521383 0.771303
0.521482 0.771303
0.521582 0.771303
0.521681 0.771303
0.521781 0.771303
0.521880 0.771303
0.521979 0.771303
0.522079 0.771303
0.522178 0.771303
0.522278 0.770677
0.522377 0.770677
0.522476 0.770677
0.522576 0.770050
0.522675 0.770050
0.522775 0.770050
0.522874 0.770050
0.522973 0.770050
0.523073 0.770050
0.523172 0.770050
0.523272 0.770050
0.523371 0.770050
0.523470 0.770050
0.523570 0.770050
0.523669 0.770050
0.523769 0.770050
0.523868 0.769424
0.523967 0.769424
0.524067 0.769424
0.524166 0.769424
0.524265 0.769424
0.524365 0.769424
0.524464 0.769424
0.524564 0.769424
0.524663 0.769424
0.524762 0.768797
0.524862 0.768797
0.524961 0.768797
0.525061 0.768797
0.525160 0.768170
0.525259 0.768170
0.525359 0.768170
0.525458 0.768170
0.525558 0.768170
0.525657 0.768170
0.525756 0.768170
0.525856 0.768170
0.525955 0.767544
0.526055 0.767544
0.526154 0.767544
0.526253 0.767544
0.526353 0.767544
0.526452 0.767544
0.526552 0.767544
0.526651 0.767544
0.526750 0.767544
0.526850 0.767544
0.526949 0.766917
0.527049 0.766917
0.527148 0.766917
0.527247 0.766917
0.527347 0.766917
0.527446 0.766917
0.527546 0.766917
0.527645 0.766917
0.527744 0.766291
0.527844 0.766291
0.527943 0.765664
0.528043 0.765664
0.528142 0.765664
0.528241 0.765664
0.528341 0.765664
0.528440 0.765038
0.528540 0.764411
0.528639 0.764411
0.528738 0.763784
0.528838 0.763784
0.528937 0.763784
0.529037 0.763784
0.529136 0.763784
0.529235 0.763784
0.529335 0.763784
0.529434 0.763784
0.529534 0.763784
0.529633 0.763784
0.529732 0.763784
0.529832 0.763784
0.529931 0.763158
0.530031 0.763158
0.530130 0.763158
0.530229 0.763158
0.530329 0.763158
0.530428 0.763158
0.530528 0.763158
0.530627 0.763158
0.530726 0.763158
0.530826 0.763158
0.530925 0.763158
0.531025 0.763158
0.531124 0.763158
0.531223 0.763158
0.531323 0.763158
0.531422 0.763158
0.531521 0.763158
0.531621 0.763158
0.531720 0.762531
0.531820 0.762531
0.531919 0.762531
0.532018 0.762531
0.532118 0.762531
0.532217 0.762531
0.532317 0.762531
0.532416 0.762531
0.532515 0.762531
0.532615 0.762531
0.532714 0.762531
0.532814 0.761905
0.532913 0.761905
0.533012 0.761905
0.533112 0.761278
0.533211 0.761278
0.533311 0.761278
0.533410 0.761278
0.533509 0.761278
0.533609 0.761278
0.533708 0.761278
0.533808 0.761278
0.533907 0.761278
0.534006 0.761278
0.534106 0.761278
0.534205 0.761278
0.534305 0.761278
0.534404 0.761278
0.534503 0.761278
0.534603 0.761278
0.534702 0.761278
0.534802 0.760652
0.534901 0.760652
0.535000 0.760652
0.535100 0.760652
0.535199 0.760652
0.535299 0.760652
0.535398 0.760652
0.535497 0.760025
0.535597 0.760025
0.535696 0.760025
0.535796 0.759398
0.535895 0.759398
0.535994 0.759398
0.536094 0.759398
0.536193 0.759398
0.536293 0.759398
0.536392 0.759398
0.536491 0.759398
0.536591 0.759398
0.536690 0.759398
0.536790 0.759398
0.536889 0.759398
0.536988 0.759398
0.537088 0.759398
0.537187 0.759398
0.537287 0.759398
0.537386 0.759398
0.537485 0.759398
0.537585 0.759398
0.537684 0.759398
0.537784 0.759398
0.537883 0.759398
0.537982 0.759398
0.538082 0.759398
0.538181 0.759398
0.538281 0.759398
0.538380 0.759398
0.538479 0.759398
0.538579 0.759398
0.538678 0.759398
0.538777 0.759398
0.538877 0.758772
0.538976 0.758772
0.539076 0.758145
0.539175 0.758145
0.539274 0.758145
0.539374 0.758145
0.539473 0.758145
0.539573 0.758145
0.539672 0.758145
0.539771 0.758145
0.539871 0.758145
0.539970 0.758145
0.540070 0.758145
0.540169 0.758145
0.540268 0.758145
0.540368 0.758145
0.540467 0.758145
0.540567 0.758145
0.540666 0.758145
0.540765 0.758145
0.540865 0.758145
0.540964 0.758145
0.541064 0.758145
0.541163 0.758145
0.541262 0.758145
0.541362 0.758145
0.541461 0.758145
0.541561 0.758145
0.541660 0.758145
0.541759 0.758145
0.541859 0.758145
0.541958 0.758145
0.542058 0.758145
0.542157 0.758145
0.542256 0.758145
0.542356 0.758145
0.542455 0.758145
0.542555 0.758145
0.542654 0.758145
0.542753 0.758145
0.542853 0.757519
0.542952 0.757519
0.543052 0.757519
0.543151 0.757519
0.543250 0.757519
0.543350 0.757519
0.543449 0.757519
0.543549 0.757519
0.543648 0.756892
0.543747 0.756892
0.543847 0.756892
0.543946 0.756892
0.544046 0.756892
0.544145 0.756266
0.544244 0.756266
0.544344 0.756266
0.544443 0.756266
0.544543 0.756266
0.544642 0.756266
0.544741 0.756266
0.544841 0.756266
0.544940 0.756266
0.545040 0.756266
0.545139 0.755639
0.545238 0.755639
0.545338 0.755639
0.545437 0.755639
0.545537 0.755013
0.545636 0.755013
0.545735 0.755013
0.545835 0.755013
0.545934 0.755013
0.546033 0.755013
0.546133 0.755013
0.546232 0.755013
0.546332 0.755013
0.546431 0.755013
0.546530 0.755013
0.546630 0.755013
0.546729 0.755013
0.546829 0.755013
0.546928 0.755013
0.547027 0.755013
0.547127 0.755013
0.547226 0.754386
0.547326 0.754386
0.547425 0.754386
0.547524 0.754386
0.547624 0.754386
0.547723 0.754386
0.547823 0.754386
0.547922 0.754386
0.548021 0.754386
0.548121 0.754386
0.548220 0.754386
0.548320 0.754386
0.548419 0.754386
0.548518 0.754386
0.548618 0.754386
0.548717 0.754386
0.548817 0.754386
0.548916 0.754386
0.549015 0.754386
0.549115 0.754386
0.549214 0.754386
0.549314 0.754386
0.549413 0.754386
0.549512 0.754386
0.549612 0.753759
0.549711 0.753759
0.549811 0.753759
0.549910 0.753759
0.550009 0.753759
0.550109 0.753759
0.550208 0.753759
0.550308 0.753759
0.550407 0.753759
0.550506 0.753759
0.550606 0.753759
0.550705 0.753759
0.550805 0.753759
0.550904 0.753759
0.551003 0.753759
0.551103 0.753759
0.551202 0.753759
0.551302 0.753759
0.551401 0.753759
0.551500 0.753133
0.551600 0.753133
0.551699 0.753133
0.551799 0.753133
0.551898 0.753133
0.551997 0.752506
0.552097 0.752506
0.552196 0.752506
0.552296 0.752506
0.552395 0.752506
0.552494 0.751880
0.552594 0.751880
0.552693 0.751253
0.552793 0.751253
0.552892 0.751253
0.552991 0.751253
0.553091 0.751253
0.553190 0.751253
0.553289 0.751253
0.553389 0.750627
0.553488 0.750000
0.553588 0.750000
0.553687 0.750000
0.553786 0.750000
0.553886 0.749373
0.553985 0.749373
0.554085 0.749373
0.554184 0.749373
0.554283 0.749373
0.554383 0.749373
0.554482 0.749373
0.554582 0.749373
0.554681 0.749373
0.554780 0.749373
0.554880 0.749373
0.554979 0.749373
0.555079 0.749373
0.555178 0.748747
0.555277 0.748747
0.555377 0.748747
0.555476 0.748747
0.555576 0.748747
0.555675 0.748120
0.555774 0.748120
0.555874 0.748120
0.555973 0.748120
0.556073 0.748120
0.556172 0.748120
0.556271 0.748120
0.556371 0.748120
0.556470 0.748120
0.556570 0.748120
0.556669 0.748120
0.556768 0.748120
0.556868 0.748120
0.556967 0.748120
0.557067 0.747494
0.557166 0.747494
0.557265 0.746867
0.557365 0.746867
0.557464 0.746867
0.557564 0.746867
0.557663 0.746867
0.557762 0.746241
0.557862 0.746241
0.557961 0.746241
0.558061 0.746241
0.558160 0.746241
0.558259 0.745614
0.558359 0.745614
0.558458 0.745614
0.558558 0.745614
0.558657 0.745614
0.558756 0.745614
0.558856 0.744987
0.558955 0.744987
0.559055 0.744987
0.559154 0.744987
0.559253 0.744987
0.559353 0.744987
0.559452 0.744361
0.559552 0.744361
0.559651 0.744361
0.559750 0.744361
0.559850 0.744361
0.559949 0.744361
0.560048 0.744361
0.560148 0.744361
0.560247 0.744361
0.560347 0.744361
0.560446 0.744361
0.560545 0.744361
0.560645 0.744361
0.560744 0.744361
0.560844 0.744361
0.560943 0.744361
0.561042 0.744361
0.561142 0.744361
0.561241 0.744361
0.561341 0.744361
0.561440 0.744361
0.561539 0.744361
0.561639 0.744361
0.561738 0.743734
0.561838 0.743734
0.561937 0.743734
0.562036 0.743734
0.562136 0.743734
0.562235 0.743734
0.562335 0.743734
0.562434 0.743734
0.562533 0.743734
0.562633 0.743734
0.562732 0.743734
0.562832 0.743734
0.562931 0.743734
0.563030 0.743734
0.563130 0.743734
0.563229 0.743734
0.563329 0.743108
0.563428 0.743108
0.563527 0.743108
0.563627 0.743108
0.563726 0.743108
0.563826 0.743108
0.563925 0.743108
0.564024 0.743108
0.564124 0.743108
0.564223 0.743108
0.564323 0.743108
0.564422 0.743108
0.564521 0.743108
0.564621 0.743108
0.564720 0.743108
0.564820 0.743108
0.564919 0.743108
0.565018 0.743108
0.565118 0.742481
0.565217 0.741855
0.565317 0.741228
0.565416 0.741228
0.565515 0.740602
0.565615 0.740602
0.565714 0.740602
0.565814 0.740602
0.565913 0.740602
0.566012 0.740602
0.566112 0.740602
0.566211 0.740602
0.566311 0.739975
0.566410 0.739975
0.566509 0.739975
0.566609 0.739975
0.566708 0.739975
0.566808 0.739975
0.566907 0.739975
0.567006 0.739975
0.567106 0.739975
0.567205 0.739975
0.567304 0.739975
0.567404 0.739975
0.567503 0.739975
0.567603 0.739975
0.567702 0.739975
0.567801 0.739975
0.567901 0.739975
0.568000 0.739348
0.568100 0.739348
0.568199 0.738095
0.568298 0.738095
0.568398 0.738095
0.568497 0.737469
0.568597 0.737469
0.568696 0.737469
0.568795 0.737469
0.568895 0.737469
0.568994 0.737469
0.569094 0.737469
0.569193 0.737469
0.569292 0.737469
0.569392 0.737469
0.569491 0.737469
0.569591 0.736842
0.569690 0.736842
0.569789 0.736842
0.569889 0.736842
0.569988 0.736842
0.570088 0.736842
0.570187 0.736842
0.570286 0.736842
0.570386 0.736842
0.570485 0.736842
0.570585 0.736842
0.570684 0.736842
0.570783 0.736842
0.570883 0.736216
0.570982 0.736216
0.571082 0.736216
0.571181 0.736216
0.571280 0.736216
0.571380 0.736216
0.571479 0.736216
0.571579 0.736216
0.571678 0.734962
0.571777 0.734962
0.571877 0.734962
0.571976 0.734336
0.572076 0.734336
0.572175 0.733709
0.572274 0.733709
0.572374 0.733709
0.572473 0.733709
0.572573 0.733709
0.572672 0.733709
0.572771 0.733709
0.572871 0.733709
0.572970 0.733709
0.573070 0.733709
0.573169 0.733709
0.573268 0.733709
0.573368 0.733083
0.573467 0.733083
0.573567 0.733083
0.573666 0.733083
0.573765 0.733083
0.573865 0.733083
0.573964 0.733083
0.574064 0.733083
0.574163 0.733083
0.574262 0.733083
0.574362 0.733083
0.574461 0.733083
0.574560 0.733083
0.574660 0.732456
0.574759 0.732456
0.574859 0.732456
0.574958 0.732456
0.575057 0.732456
0.575157 0.731830
0.575256 0.731830
0.575356 0.731830
0.575455 0.731830
0.575554 0.731830
0.575654 0.731830
0.575753 0.731830
0.575853 0.731830
0.575952 0.731830
0.576051 0.731830
0.576151 0.731830
0.576250 0.731830
0.576350 0.731203
0.576449 0.731203
0.576548 0.731203
0.576648 0.731203
0.576747 0.731203
0.576847 0.731203
0.576946 0.731203
0.577045 0.731203
0.577145 0.731203
0.577244 0.731203
0.577344 0.731203
0.577443 0.731203
0.577542 0.731203
0.577642 0.731203
0.577741 0.731203
0.577841 0.731203
0.577940 0.731203
0.578039 0.731203
0.578139 0.731203
0.578238 0.731203
0.578338 0.730576
0.578437 0.730576
0.578536 0.730576
0.578636 0.730576
0.578735 0.730576
0.578835 0.730576
0.578934 0.729950
0.579033 0.729950
0.579133 0.729950
0.579232 0.729323
0.579332 0.729323
0.579431 0.729323
0.579530 0.729323
0.579630 0.729323
0.579729 0.729323
0.579829 0.729323
0.579928 0.729323
0.580027 0.729323
0.580127 0.729323
0.580226 0.729323
0.580326 0.729323
0.580425 0.729323
0.580524 0.729323
0.580624 0.729323
0.580723 0.729323
0.580823 0.729323
0.580922 0.729323
0.581021 0.729323
0.581121 0.729323
0.581220 0.729323
0.581320 0.729323
0.581419 0.729323
0.581518 0.729323
0.581618 0.729323
0.581717 0.729323
0.581816 0.728697
0.581916 0.727444
0.582015 0.727444
0.582115 0.727444
0.582214 0.727444
0.582313 0.727444
0.582413 0.727444
0.582512 0.726817
0.582612 0.726817
0.582711 0.726817
0.582810 0.726190
0.582910 0.726190
0.583009 0.726190
0.583109 0.725564
0.583208 0.725564
0.583307 0.725564
0.583407 0.725564
0.583506 0.725564
0.583606 0.725564
0.583705 0.724937
0.583804 0.724937
0.583904 0.724311
0.584003 0.723684
0.584103 0.723684
0.584202 0.723058
0.584301 0.723058
0.584401 0.723058
0.584500 0.722431
0.584600 0.722431
0.584699 0.722431
0.584798 0.722431
0.584898 0.722431
0.584997 0.722431
0.585097 0.722431
0.585196 0.722431
0.585295 0.722431
0.585395 0.722431
0.585494 0.722431
0.585594 0.722431
0.585693 0.722431
0.585792 0.722431
0.585892 0.722431
0.585991 0.722431
0.586091 0.722431
0.586190 0.722431
0.586289 0.722431
0.586389 0.722431
0.586488 0.721805
0.586588 0.721805
0.586687 0.720551
0.586786 0.719925
0.586886 0.719298
0.586985 0.719298
0.587085 0.719298
0.587184 0.719298
0.587283 0.719298
0.587383 0.718672
0.587482 0.718672
0.587582 0.718045
0.587681 0.718045
0.587780 0.718045
0.587880 0.718045
0.587979 0.718045
0.588079 0.718045
0.588178 0.718045
0.588277 0.718045
0.588377 0.718045
0.588476 0.718045
0.588575 0.718045
0.588675 0.718045
0.588774 0.718045
0.588874 0.718045
0.588973 0.718045
0.589072 0.718045
0.589172 0.718045
0.589271 0.718045
0.589371 0.718045
0.589470 0.718045
0.589569 0.718045
0.589669 0.718045
0.589768 0.718045
0.589868 0.718045
0.589967 0.718045
0.590066 0.718045
0.590166 0.718045
0.590265 0.718045
0.590365 0.718045
0.590464 0.718045
0.590563 0.717419
0.590663 0.717419
0.590762 0.717419
0.590862 0.717419
0.590961 0.717419
0.591060 0.717419
0.591160 0.717419
0.591259 0.717419
0.591359 0.717419
0.591458 0.717419
0.591557 0.717419
0.591657 0.717419
0.591756 0.717419
0.591856 0.717419
0.591955 0.717419
0.592054 0.717419
0.592154 0.716792
0.592253 0.716792
0.592353 0.716792
0.592452 0.716792
0.592551 0.716792
0.592651 0.716792
0.592750 0.716792
0.592850 0.716792
0.592949 0.716792
0.593048 0.716165
0.593148 0.716165
0.593247 0.716165
0.593347 0.716165
0.593446 0.716165
0.593545 0.716165
0.593645 0.716165
0.593744 0.716165
0.593844 0.716165
0.593943 0.716165
0.594042 0.716165
0.594142 0.716165
0.594241 0.716165
0.594341 0.716165
0.594440 0.716165
0.594539 0.716165
0.594639 0.716165
0.594738 0.716165
0.594838 0.716165
0.594937 0.716165
0.595036 0.716165
0.595136 0.716165
0.595235 0.716165
0.595335 0.716165
0.595434 0.716165
0.595533 0.716165
0.595633 0.716165
0.595732 0.715539
0.595831 0.715539
0.595931 0.715539
0.596030 0.715539
0.596130 0.715539
0.596229 0.715539
0.596328 0.715539
0.596428 0.715539
0.596527 0.715539
0.596627 0.715539
0.596726 0.715539
0.596825 0.715539
0.596925 0.715539
0.597024 0.715539
0.597124 0.715539
0.597223 0.715539
0.597322 0.715539
0.597422 0.715539
0.597521 0.715539
0.597621 0.715539
0.597720 0.715539
0.597819 0.715539
0.597919 0.715539
0.598018 0.715539
0.598118 0.715539
0.598217 0.715539
0.598316 0.715539
0.598416 0.715539
0.598515 0.715539
0.598615 0.715539
0.598714 0.715539
0.598813 0.715539
0.598913 0.715539
0.599012 0.715539
0.599112 0.715539
0.599211 0.715539
0.599310 0.714912
0.599410 0.714912
0.599509 0.714912
0.599609 0.714912
0.599708 0.714912
0.599807 0.714912
0.599907 0.714912
0.600006 0.714912
0.600106 0.714286
0.600205 0.714286
0.600304 0.714286
0.600404 0.714286
0.600503 0.714286
0.600603 0.713659
0.600702 0.713659
0.600801 0.713659
0.600901 0.713033
0.601000 0.713033
0.601100 0.713033
0.601199 0.713033
0.601298 0.713033
0.601398 0.713033
0.601497 0.713033
0.601597 0.713033
0.601696 0.713033
0.601795 0.713033
0.601895 0.713033
0.601994 0.713033
0.602094 0.713033
0.602193 0.713033
0.602292 0.713033
0.602392 0.713033
0.602491 0.713033
0.602591 0.713033
0.602690 0.713033
0.602789 0.713033
0.602889 0.713033
0.602988 0.713033
0.603087 0.713033
0.603187 0.711779
0.603286 0.711779
0.603386 0.711779
0.603485 0.711153
0.603584 0.711153
0.603684 0.711153
0.603783 0.711153
0.603883 0.711153
0.603982 0.711153
0.604081 0.711153
0.604181 0.710526
0.604280 0.710526
0.604380 0.710526
0.604479 0.710526
0.604578 0.710526
0.604678 0.710526
0.604777 0.710526
0.604877 0.710526
0.604976 0.710526
0.605075 0.710526
0.605175 0.710526
0.605274 0.710526
0.605374 0.710526
0.605473 0.710526
0.605572 0.710526
0.605672 0.710526
0.605771 0.709900
0.605871 0.709900
0.605970 0.709900
0.606069 0.709273
0.606169 0.709273
0.606268 0.708647
0.606368 0.708647
0.606467 0.708647
0.606566 0.708647
0.606666 0.708647
0.606765 0.708020
0.606865 0.708020
0.606964 0.708020
0.607063 0.708020
0.607163 0.708020
0.607262 0.708020
0.607362 0.708020
0.607461 0.708020
0.607560 0.708020
0.607660 0.708020
0.607759 0.708020
0.607859 0.708020
0.607958 0.708020
0.608057 0.708020
0.608157 0.708020
0.608256 0.708020
0.608356 0.707393
0.608455 0.707393
0.608554 0.707393
0.608654 0.707393
0.608753 0.707393
0.608853 0.707393
0.608952 0.707393
0.609051 0.706767
0.609151 0.706767
0.609250 0.706767
0.609350 0.706767
0.609449 0.706767
0.609548 0.706767
0.609648 0.706767
0.609747 0.706767
0.609847 0.706767
0.609946 0.706140
0.610045 0.706140
0.610145 0.706140
0.610244 0.706140
0.610343 0.706140
0.610443 0.706140
0.610542 0.706140
0.610642 0.706140
0.610741 0.706140
0.610840 0.706140
0.610940 0.706140
0.611039 0.706140
0.611139 0.706140
0.611238 0.706140
0.611337 0.706140
0.611437 0.706140
0.611536 0.706140
0.611636 0.706140
0.611735 0.705514
0.611834 0.705514
0.611934 0.704887
0.612033 0.704887
0.612133 0.704261
0.612232 0.704261
0.612331 0.704261
0.612431 0.704261
0.612530 0.704261
0.612630 0.704261
0.612729 0.703634
0.612828 0.703634
0.612928 0.703634
0.613027 0.703634
0.613127 0.703634
0.613226 0.703634
0.613325 0.703634
0.613425 0.703634
0.613524 0.703634
0.613624 0.703634
0.613723 0.703634
0.613822 0.703634
0.613922 0.703634
0.614021 0.703634
0.614121 0.703634
0.614220 0.703634
0.614319 0.703634
0.614419 0.703634
0.614518 0.703634
0.614618 0.703008
0.614717 0.702381
0.614816 0.702381
0.614916 0.702381
0.615015 0.702381
0.615115 0.702381
0.615214 0.702381
0.615313 0.702381
0.615413 0.702381
0.615512 0.702381
0.615612 0.702381
0.615711 0.702381
0.615810 0.702381
0.615910 0.702381
0.616009 0.702381
0.616109 0.702381
0.616208 0.702381
0.616307 0.702381
0.616407 0.702381
0.616506 0.702381
0.616606 0.702381
0.616705 0.701754
0.616804 0.701128
0.616904 0.701128
0.617003 0.701128
0.617103 0.701128
0.617202 0.701128
0.617301 0.701128
0.617401 0.701128
0.617500 0.701128
0.617599 0.700501
0.617699 0.700501
0.617798 0.700501
0.617898 0.700501
0.617997 0.700501
0.618096 0.699875
0.618196 0.699875
0.618295 0.699875
0.618395 0.699875
0.618494 0.699248
0.618593 0.699248
0.618693 0.699248
0.618792 0.699248
0.618892 0.699248
0.618991 0.699248
0.619090 0.699248
0.619190 0.699248
0.619289 0.699248
0.619389 0.699248
0.619488 0.699248
0.619587 0.699248
0.619687 0.699248
0.619786 0.699248
0.619886 0.699248
0.619985 0.699248
0.620084 0.699248
0.620184 0.699248
0.620283 0.699248
0.620383 0.699248
0.620482 0.699248
0.620581 0.699248
0.620681 0.699248
0.620780 0.699248
0.620880 0.699248
0.620979 0.699248
0.621078 0.698622
0.621178 0.698622
0.621277 0.698622
0.621377 0.698622
0.621476 0.698622
0.621575 0.698622
0.621675 0.698622
0.621774 0.698622
0.621874 0.698622
0.621973 0.698622
0.622072 0.698622
0.622172 0.698622
0.622271 0.698622
0.622371 0.698622
0.622470 0.698622
0.622569 0.698622
0.622669 0.698622
0.622768 0.697995
0.622868 0.697995
0.622967 0.697995
0.623066 0.697995
0.623166 0.697995
0.623265 0.697995
0.623365 0.697995
0.623464 0.697995
0.623563 0.697995
0.623663 0.697995
0.623762 0.697995
0.623862 0.697995
0.623961 0.697995
0.624060 0.697995
0.624160 0.697995
0.624259 0.697995
0.624358 0.697995
0.624458 0.697995
0.624557 0.697995
0.624657 0.697995
0.624756 0.697995
0.624855 0.697995
0.624955 0.697995
0.625054 0.697995
0.625154 0.697995
0.625253 0.697995
0.625352 0.697995
0.625452 0.697995
0.625551 0.697995
0.625651 0.697995
0.625750 0.697995
0.625849 0.697995
0.625949 0.697995
0.626048 0.697995
0.626148 0.697995
0.626247 0.697368
0.626346 0.697368
0.626446 0.697368
0.626545 0.697368
0.626645 0.697368
0.626744 0.697368
0.626843 0.697368
0.626943 0.697368
0.627042 0.696742
0.627142 0.696742
0.627241 0.696742
0.627340 0.696742
0.627440 0.696742
0.627539 0.696742
0.627639 0.696742
0.627738 0.696742
0.627837 0.696742
0.627937 0.696742
0.628036 0.696742
0.628136 0.696115
0.628235 0.696115
0.628334 0.696115
0.628434 0.696115
0.628533 0.696115
0.628633 0.696115
0.628732 0.695489
0.628831 0.694862
0.628931 0.694862
0.629030 0.694862
0.629130 0.694862
0.629229 0.694862
0.629328 0.694862
0.629428 0.694862
0.629527 0.694862
0.629627 0.694862
0.629726 0.694862
0.629825 0.694862
0.629925 0.694862
0.630024 0.694862
0.630124 0.694862
0.630223 0.694862
0.630322 0.694236
0.630422 0.694236
0.630521 0.694236
0.630621 0.694236
0.630720 0.694236
0.630819 0.693609
0.630919 0.693609
0.631018 0.693609
0.631118 0.693609
0.631217 0.693609
0.631316 0.692982
0.631416 0.692982
0.631515 0.692982
0.631614 0.692982
0.631714 0.692982
0.631813 0.692982
0.631913 0.692982
0.632012 0.692982
0.632111 0.692982
0.632211 0.692982
0.632310 0.692982
0.632410 0.692982
0.632509 0.692982
0.632608 0.692982
0.632708 0.692982
0.632807 0.692982
0.632907 0.692982
0.633006 0.692982
0.633105 0.692982
0.633205 0.692982
0.633304 0.692982
0.633404 0.692356
0.633503 0.692356
0.633602 0.692356
0.633702 0.692356
0.633801 0.692356
0.633901 0.692356
0.634000 0.692356
0.634099 0.692356
0.634199 0.692356
0.634298 0.692356
0.634398 0.692356
0.634497 0.692356
0.634596 0.691729
0.634696 0.691729
0.634795 0.691729
0.634895 0.691729
0.634994 0.691729
0.635093 0.691729
0.635193 0.691729
0.635292 0.691729
0.635392 0.691729
0.635491 0.691729
0.635590 0.691729
0.635690 0.691729
0.635789 0.691729
0.635889 0.691729
0.635988 0.691729
0.636087 0.691729
0.636187 0.691103
0.636286 0.691103
0.636386 0.690476
0.636485 0.690476
0.636584 0.690476
0.636684 0.689850
0.636783 0.689223
0.636883 0.689223
0.636982 0.689223
0.637081 0.689223
0.637181 0.689223
0.637280 0.688596
0.637380 0.688596
0.637479 0.688596
0.637578 0.688596
0.637678 0.688596
0.637777 0.687970
0.637877 0.687970
0.637976 0.687970
0.638075 0.687970
0.638175 0.687343
0.638274 0.687343
0.638374 0.687343
0.638473 0.687343
0.638572 0.687343
0.638672 0.687343
0.638771 0.687343
0.638870 0.687343
0.638970 0.687343
0.639069 0.687343
0.639169 0.687343
0.639268 0.687343
0.639367 0.687343
0.639467 0.687343
0.639566 0.687343
0.639666 0.687343
0.639765 0.687343
0.639864 0.687343
0.639964 0.687343
0.640063 0.687343
0.640163 0.686717
0.640262 0.686717
0.640361 0.686717
0.640461 0.686717
0.640560 0.686717
0.640660 0.686717
0.640759 0.686717
0.640858 0.686717
0.640958 0.686717
0.641057 0.686717
0.641157 0.686717
0.641256 0.686717
0.641355 0.686717
0.641455 0.686717
0.641554 0.686717
0.641654 0.686717
0.641753 0.686717
0.641852 0.686717
0.641952 0.686717
0.642051 0.686717
0.642151 0.686717
0.642250 0.686717
0.642349 0.686717
0.642449 0.686717
0.642548 0.686717
0.642648 0.686717
0.642747 0.686090
0.642846 0.686090
0.642946 0.686090
0.643045 0.686090
0.643145 0.685464
0.643244 0.685464
0.643343 0.685464
0.643443 0.684837
0.643542 0.684837
0.643642 0.684837
0.643741 0.684837
0.643840 0.684837
0.643940 0.684837
0.644039 0.684837
0.644139 0.684837
0.644238 0.684837
0.644337 0.684837
0.644437 0.684837
0.644536 0.684837
0.644636 0.684837
0.644735 0.684837
0.644834 0.684837
0.644934 0.684837
0.645033 0.684837
0.645133 0.684837
0.645232 0.684211
0.645331 0.684211
0.645431 0.684211
0.645530 0.682957
0.645630 0.682957
0.645729 0.682331
0.645828 0.682331
0.645928 0.682331
0.646027 0.682331
0.646126 0.682331
0.646226 0.682331
0.646325 0.682331
0.646425 0.682331
0.646524 0.682331
0.646623 0.682331
0.646723 0.682331
0.646822 0.681704
0.646922 0.681704
0.647021 0.681704
0.647120 0.681704
0.647220 0.681704
0.647319 0.681704
0.647419 0.681704
0.647518 0.681704
0.647617 0.681704
0.647717 0.681704
0.647816 0.681704
0.647916 0.681704
0.648015 0.681704
0.648114 0.681704
0.648214 0.681704
0.648313 0.681078
0.648413 0.681078
0.648512 0.681078
0.648611 0.681078
0.648711 0.681078
0.648810 0.681078
0.648910 0.681078
0.649009 0.681078
0.649108 0.681078
0.649208 0.680451
0.649307 0.680451
0.649407 0.679825
0.649506 0.679198
0.649605 0.679198
0.649705 0.679198
0.649804 0.679198
0.649904 0.679198
0.650003 0.678571
0.650102 0.678571
0.650202 0.678571
0.650301 0.677945
0.650401 0.677318
0.650500 0.676065
0.650599 0.676065
0.650699 0.676065
0.650798 0.675439
0.650898 0.675439
0.650997 0.675439
0.651096 0.675439
0.651196 0.675439
0.651295 0.674812
0.651395 0.674185
0.651494 0.674185
0.651593 0.674185
0.651693 0.674185
0.651792 0.674185
0.651892 0.674185
0.651991 0.674185
0.652090 0.674185
0.652190 0.674185
0.652289 0.674185
0.652389 0.674185
0.652488 0.674185
0.652587 0.674185
0.652687 0.674185
0.652786 0.673559
0.652885 0.673559
0.652985 0.673559
0.653084 0.673559
0.653184 0.673559
0.653283 0.673559
0.653382 0.673559
0.653482 0.673559
0.653581 0.673559
0.653681 0.673559
0.653780 0.672932
0.653879 0.672932
0.653979 0.672932
0.654078 0.672932
0.654178 0.672932
0.654277 0.672932
0.654376 0.672306
0.654476 0.672306
0.654575 0.672306
0.654675 0.672306
0.654774 0.672306
0.654873 0.672306
0.654973 0.672306
0.655072 0.671679
0.655172 0.671679
0.655271 0.671679
0.655370 0.671679
0.655470 0.671679
0.655569 0.671679
0.655669 0.671679
0.655768 0.671679
0.655867 0.671679
0.655967 0.671679
0.656066 0.671679
0.656166 0.671679
0.656265 0.671679
0.656364 0.671679
0.656464 0.671679
0.656563 0.671679
0.656663 0.671679
0.656762 0.671679
0.656861 0.671679
0.656961 0.671053
0.657060 0.671053
0.657160 0.671053
0.657259 0.671053
0.657358 0.671053
0.657458 0.671053
0.657557 0.671053
0.657657 0.671053
0.657756 0.671053
0.657855 0.671053
0.657955 0.671053
0.658054 0.671053
0.658154 0.671053
0.658253 0.671053
0.658352 0.671053
0.658452 0.671053
0.658551 0.671053
0.658651 0.671053
0.658750 0.670426
0.658849 0.670426
0.658949 0.670426
0.659048 0.670426
0.659148 0.670426
0.659247 0.670426
0.659346 0.669799
0.659446 0.669799
0.659545 0.669173
0.659645 0.669173
0.659744 0.669173
0.659843 0.669173
0.659943 0.669173
0.660042 0.669173
0.660141 0.669173
0.660241 0.669173
0.660340 0.669173
0.660440 0.668546
0.660539 0.667920
0.660638 0.667920
0.660738 0.667920
0.660837 0.667920
0.660937 0.667920
0.661036 0.667293
0.661135 0.667293
0.661235 0.667293
0.661334 0.667293
0.661434 0.667293
0.661533 0.667293
0.661632 0.667293
0.661732 0.667293
0.661831 0.667293
0.661931 0.667293
0.662030 0.667293
0.662129 0.667293
0.662229 0.667293
0.662328 0.667293
0.662428 0.667293
0.662527 0.667293
0.662626 0.667293
0.662726 0.667293
0.662825 0.667293
0.662925 0.667293
0.663024 0.667293
0.663123 0.667293
0.663223 0.667293
0.663322 0.667293
0.663422 0.667293
0.663521 0.667293
0.663620 0.666667
0.663720 0.666667
0.663819 0.666667
0.663919 0.666667
0.664018 0.666667
0.664117 0.666667
0.664217 0.666667
0.664316 0.666667
0.664416 0.666667
0.664515 0.666667
0.664614 0.666667
0.664714 0.666667
0.664813 0.666667
0.664913 0.666667
0.665012 0.666667
0.665111 0.666040
0.665211 0.666040
0.665310 0.666040
0.665410 0.666040
0.665509 0.666040
0.665608 0.666040
0.665708 0.666040
0.665807 0.665414
0.665907 0.665414
0.666006 0.665414
0.666105 0.665414
0.666205 0.665414
0.666304 0.665414
0.666404 0.665414
0.666503 0.665414
0.666602 0.664787
0.666702 0.664787
0.666801 0.664787
0.666901 0.664787
0.667000 0.664160
0.667099 0.664160
0.667199 0.663534
0.667298 0.663534
0.667397 0.662907
0.667497 0.662907
0.667596 0.662907
0.667696 0.662907
0.667795 0.662907
0.667894 0.662907
0.667994 0.662907
0.668093 0.662907
0.668193 0.662907
0.668292 0.662907
0.668391 0.661654
0.668491 0.661654
0.668590 0.661654
0.668690 0.661654
0.668789 0.661654
0.668888 0.661654
0.668988 0.661654
0.669087 0.661654
0.669187 0.661654
0.669286 0.661028
0.669385 0.660401
0.669485 0.660401
0.669584 0.660401
0.669684 0.660401
0.669783 0.660401
0.669882 0.660401
0.669982 0.660401
0.670081 0.660401
0.670181 0.660401
0.670280 0.660401
0.670379 0.659774
0.670479 0.659148
0.670578 0.659148
0.670678 0.658521
0.670777 0.658521
0.670876 0.658521
0.670976 0.658521
0.671075 0.658521
0.671175 0.657268
0.671274 0.657268
0.671373 0.657268
0.671473 0.657268
0.671572 0.657268
0.671672 0.657268
0.671771 0.657268
0.671870 0.657268
0.671970 0.657268
0.672069 0.656642
0.672169 0.656642
0.672268 0.656642
0.672367 0.656642
0.672467 0.656642
0.672566 0.656642
0.672666 0.656015
0.672765 0.656015
0.672864 0.656015
0.672964 0.656015
0.673063 0.656015
0.673163 0.656015
0.673262 0.656015
0.673361 0.656015
0.673461 0.656015
0.673560 0.656015
0.673660 0.656015
0.673759 0.656015
0.673858 0.656015
0.673958 0.656015
0.674057 0.656015
0.674157 0.656015
0.674256 0.656015
0.674355 0.656015
0.674455 0.656015
0.674554 0.656015
0.674653 0.654135
0.674753 0.654135
0.674852 0.654135
0.674952 0.654135
0.675051 0.654135
0.675150 0.654135
0.675250 0.653509
0.675349 0.653509
0.675449 0.653509
0.675548 0.653509
0.675647 0.653509
0.675747 0.653509
0.675846 0.653509
0.675946 0.653509
0.676045 0.653509
0.676144 0.653509
0.676244 0.652256
0.676343 0.652256
0.676443 0.652256
0.676542 0.652256
0.676641 0.651629
0.676741 0.651629
0.676840 0.651629
0.676940 0.651629
0.677039 0.651629
0.677138 0.651629
0.677238 0.651629
0.677337 0.651629
0.677437 0.651003
0.677536 0.651003
0.677635 0.651003
0.677735 0.651003
0.677834 0.651003
0.677934 0.651003
0.678033 0.651003
0.678132 0.651003
0.678232 0.651003
0.678331 0.651003
0.678431 0.651003
0.678530 0.651003
0.678629 0.651003
0.678729 0.651003
0.678828 0.651003
0.678928 0.651003
0.679027 0.651003
0.679126 0.651003
0.679226 0.651003
0.679325 0.651003
0.679425 0.651003
0.679524 0.650376
0.679623 0.650376
0.679723 0.650376
0.679822 0.650376
0.679922 0.650376
0.680021 0.650376
0.680120 0.650376
0.680220 0.650376
0.680319 0.650376
0.680419 0.650376
0.680518 0.650376
0.680617 0.649749
0.680717 0.649749
0.680816 0.649749
0.680916 0.649749
0.681015 0.649749
0.681114 0.649749
0.681214 0.649123
0.681313 0.649123
0.681413 0.649123
0.681512 0.649123
0.681611 0.649123
0.681711 0.649123
0.681810 0.649123
0.681909 0.649123
0.682009 0.649123
0.682108 0.649123
0.682208 0.649123
0.682307 0.649123
0.682406 0.649123
0.682506 0.649123
0.682605 0.649123
0.682705 0.649123
0.682804 0.649123
0.682903 0.649123
0.683003 0.648496
0.683102 0.648496
0.683202 0.648496
0.683301 0.648496
0.683400 0.647870
0.683500 0.647870
0.683599 0.647870
0.683699 0.647870
0.683798 0.647870
0.683897 0.647243
0.683997 0.647243
0.684096 0.647243
0.684196 0.646617
0.684295 0.646617
0.684394 0.646617
0.684494 0.646617
0.684593 0.646617
0.684693 0.646617
0.684792 0.646617
0.684891 0.646617
0.684991 0.646617
0.685090 0.645990
0.685190 0.645990
0.685289 0.645990
0.685388 0.645990
0.685488 0.645990
0.685587 0.645990
0.685687 0.645363
0.685786 0.645363
0.685885 0.645363
0.685985 0.645363
0.686084 0.645363
0.686184 0.645363
0.686283 0.645363
0.686382 0.645363
0.686482 0.645363
0.686581 0.645363
0.686681 0.645363
0.686780 0.645363
0.686879 0.645363
0.686979 0.645363
0.687078 0.645363
0.687178 0.644737
0.687277 0.644737
0.687376 0.644737
0.687476 0.644737
0.687575 0.644737
0.687675 0.644737
0.687774 0.644737
0.687873 0.644737
0.687973 0.644737
0.688072 0.644737
0.688172 0.644737
0.688271 0.644737
0.688370 0.644737
0.688470 0.644110
0.688569 0.644110
0.688668 0.644110
0.688768 0.644110
0.688867 0.644110
0.688967 0.644110
0.689066 0.644110
0.689165 0.644110
0.689265 0.643484
0.689364 0.643484
0.689464 0.643484
0.689563 0.643484
0.689662 0.643484
0.689762 0.643484
0.689861 0.642857
0.689961 0.642857
0.690060 0.642857
0.690159 0.641604
0.690259 0.641604
0.690358 0.641604
0.690458 0.641604
0.690557 0.641604
0.690656 0.641604
0.690756 0.641604
0.690855 0.640977
0.690955 0.640977
0.691054 0.640977
0.691153 0.640977
0.691253 0.640977
0.691352 0.640351
0.691452 0.640351
0.691551 0.640351
0.691650 0.640351
0.691750 0.640351
0.691849 0.640351
0.691949 0.640351
0.692048 0.640351
0.692147 0.640351
0.692247 0.640351
0.692346 0.640351
0.692446 0.640351
0.692545 0.640351
0.692644 0.640351
0.692744 0.639724
0.692843 0.639724
0.692943 0.639724
0.693042 0.639724
0.693141 0.639724
0.693241 0.639724
0.693340 0.639724
0.693440 0.639724
0.693539 0.639724
0.693638 0.639098
0.693738 0.639098
0.693837 0.639098
0.693937 0.639098
0.694036 0.638471
0.694135 0.638471
0.694235 0.638471
0.694334 0.638471
0.694434 0.638471
0.694533 0.638471
0.694632 0.638471
0.694732 0.638471
0.694831 0.638471
0.694931 0.638471
0.695030 0.638471
0.695129 0.637845
0.695229 0.637845
0.695328 0.637845
0.695428 0.637845
0.695527 0.637845
0.695626 0.637845
0.695726 0.637845
0.695825 0.637845
0.695924 0.637845
0.696024 0.637845
0.696123 0.637845
0.696223 0.637845
0.696322 0.637845
0.696421 0.637845
0.696521 0.637845
0.696620 0.637845
0.696720 0.637845
0.696819 0.637845
0.696918 0.637845
0.697018 0.637845
0.697117 0.637845
0.697217 0.637845
0.697316 0.637845
0.697415 0.637845
0.697515 0.637845
0.697614 0.637845
0.697714 0.637845
0.697813 0.637845
0.697912 0.637845
0.698012 0.637845
0.698111 0.637845
0.698211 0.637845
0.698310 0.637845
0.698409 0.637845
0.698509 0.637845
0.698608 0.637845
0.698708 0.637845
0.698807 0.637218
0.698906 0.637218
0.699006 0.637218
0.699105 0.636591
0.699205 0.636591
0.699304 0.636591
0.699403 0.636591
0.699503 0.636591
0.699602 0.636591
0.699702 0.636591
0.699801 0.636591
0.699900 0.636591
0.700000 0.636591
0.700099 0.636591
0.700199 0.636591
0.700298 0.636591
0.700397 0.636591
0.700497 0.635338
0.700596 0.635338
0.700696 0.635338
0.700795 0.635338
0.700894 0.635338
0.700994 0.635338
0.701093 0.634712
0.701193 0.634712
0.701292 0.634712
0.701391 0.634712
0.701491 0.634712
0.701590 0.634712
0.701690 0.634712
0.701789 0.634712
0.701888 0.634712
0.701988 0.634712
0.702087 0.634712
0.702187 0.634712
0.702286 0.634712
0.702385 0.634712
0.702485 0.634712
0.702584 0.634712
0.702684 0.634712
0.702783 0.634712
0.702882 0.634712
0.702982 0.634712
0.703081 0.634712
0.703180 0.634712
0.703280 0.634712
0.703379 0.634712
0.703479 0.634712
0.703578 0.634712
0.703677 0.634085
0.703777 0.634085
0.703876 0.633459
0.703976 0.633459
0.704075 0.633459
0.704174 0.633459
0.704274 0.633459
0.704373 0.633459
0.704473 0.633459
0.704572 0.633459
0.704671 0.633459
0.704771 0.633459
0.704870 0.633459
0.704970 0.633459
0.705069 0.633459
0.705168 0.633459
0.705268 0.633459
0.705367 0.632832
0.705467 0.632832
0.705566 0.632832
0.705665 0.632832
0.705765 0.631579
0.705864 0.631579
0.705964 0.631579
0.706063 0.631579
0.706162 0.631579
0.706262 0.631579
0.706361 0.631579
0.706461 0.630952
0.706560 0.630952
0.706659 0.630952
0.706759 0.630952
0.706858 0.630952
0.706958 0.630326
0.707057 0.630326
0.707156 0.630326
0.707256 0.630326
0.707355 0.630326
0.707455 0.630326
0.707554 0.630326
0.707653 0.630326
0.707753 0.630326
0.707852 0.630326
0.707952 0.629699
0.708051 0.629699
0.708150 0.629699
0.708250 0.629699
0.708349 0.629699
0.708449 0.629073
0.708548 0.629073
0.708647 0.629073
0.708747 0.629073
0.708846 0.629073
0.708946 0.629073
0.709045 0.629073
0.709144 0.629073
0.709244 0.629073
0.709343 0.629073
0.709443 0.629073
0.709542 0.628446
0.709641 0.628446
0.709741 0.628446
0.709840 0.628446
0.709940 0.628446
0.710039 0.628446
0.710138 0.627820
0.710238 0.627193
0.710337 0.627193
0.710436 0.627193
0.710536 0.626566
0.710635 0.626566
0.710735 0.626566
0.710834 0.626566
0.710933 0.626566
0.711033 0.626566
0.711132 0.626566
0.711232 0.625940
0.711331 0.625940
0.711430 0.625940
0.711530 0.625940
0.711629 0.625940
0.711729 0.625940
0.711828 0.625940
0.711927 0.625940
0.712027 0.625940
0.712126 0.625313
0.712226 0.624687
0.712325 0.623434
0.712424 0.623434
0.712524 0.623434
0.712623 0.623434
0.712723 0.623434
0.712822 0.622807
0.712921 0.622807
0.713021 0.622807
0.713120 0.622807
0.713220 0.622807
0.713319 0.622807
0.713418 0.622180
0.713518 0.622180
0.713617 0.622180
0.713717 0.622180
0.713816 0.622180
0.713915 0.622180
0.714015 0.622180
0.714114 0.622180
0.714214 0.622180
0.714313 0.622180
0.714412 0.622180
0.714512 0.622180
0.714611 0.622180
0.714711 0.622180
0.714810 0.622180
0.714909 0.622180
0.715009 0.622180
0.715108 0.622180
0.715208 0.622180
0.715307 0.622180
0.715406 0.622180
0.715506 0.622180
0.715605 0.622180
0.715705 0.622180
0.715804 0.622180
0.715903 0.622180
0.716003 0.622180
0.716102 0.622180
0.716202 0.622180
0.716301 0.622180
0.716400 0.622180
0.716500 0.621554
0.716599 0.621554
0.716699 0.620927
0.716798 0.620927
0.716897 0.620927
0.716997 0.620927
0.717096 0.620927
0.717196 0.620927
0.717295 0.620927
0.717394 0.620927
0.717494 0.620927
0.717593 0.620927
0.717692 0.620927
0.717792 0.620927
0.717891 0.620927
0.717991 0.620927
0.718090 0.620927
0.718189 0.620927
0.718289 0.620927
0.718388 0.620927
0.718488 0.620301
0.718587 0.620301
0.718686 0.620301
0.718786 0.620301
0.718885 0.620301
0.718985 0.619674
0.719084 0.619674
0.719183 0.619048
0.719283 0.618421
0.719382 0.617794
0.719482 0.617168
0.719581 0.617168
0.719680 0.617168
0.719780 0.617168
0.719879 0.617168
0.719979 0.617168
0.720078 0.616541
0.720177 0.616541
0.720277 0.616541
0.720376 0.616541
0.720476 0.616541
0.720575 0.616541
0.720674 0.616541
0.720774 0.616541
0.720873 0.616541
0.720973 0.616541
0.721072 0.616541
0.721171 0.616541
0.721271 0.615915
0.721370 0.615915
0.721470 0.615915
0.721569 0.615915
0.721668 0.615915
0.721768 0.615915
0.721867 0.615915
0.721967 0.615915
0.722066 0.615915
0.722165 0.615915
0.722265 0.615288
0.722364 0.615288
0.722464 0.615288
0.722563 0.615288
0.722662 0.615288
0.722762 0.615288
0.722861 0.615288
0.722961 0.615288
0.723060 0.615288
0.723159 0.615288
0.723259 0.615288
0.723358 0.615288
0.723458 0.615288
0.723557 0.614662
0.723656 0.614662
0.723756 0.614035
0.723855 0.614035
0.723955 0.614035
0.724054 0.614035
0.724153 0.614035
0.724253 0.614035
0.724352 0.614035
0.724451 0.614035
0.724551 0.614035
0.724650 0.614035
0.724750 0.614035
0.724849 0.614035
0.724948 0.614035
0.725048 0.614035
0.725147 0.614035
0.725247 0.614035
0.725346 0.614035
0.725445 0.613409
0.725545 0.613409
0.725644 0.613409
0.725744 0.612782
0.725843 0.612782
0.725942 0.612782
0.726042 0.612782
0.726141 0.612155
0.726241 0.611529
0.726340 0.611529
0.726439 0.611529
0.726539 0.611529
0.726638 0.611529
0.726738 0.611529
0.726837 0.610902
0.726936 0.610902
0.727036 0.610902
0.727135 0.610902
0.727235 0.610902
0.727334 0.610902
0.727433 0.610902
0.727533 0.610902
0.727632 0.610276
0.727732 0.610276
0.727831 0.610276
0.727930 0.610276
0.728030 0.610276
0.728129 0.610276
0.728229 0.610276
0.728328 0.610276
0.728427 0.610276
0.728527 0.610276
0.728626 0.610276
0.728726 0.610276
0.728825 0.610276
0.728924 0.610276
0.729024 0.610276
0.729123 0.610276
0.729223 0.610276
0.729322 0.610276
0.729421 0.610276
0.729521 0.610276
0.729620 0.610276
0.729720 0.610276
0.729819 0.610276
0.729918 0.610276
0.730018 0.610276
0.730117 0.610276
0.730217 0.610276
0.730316 0.610276
0.730415 0.610276
0.730515 0.610276
0.730614 0.610276
0.730714 0.610276
0.730813 0.610276
0.730912 0.610276
0.731012 0.610276
0.731111 0.610276
0.731211 0.610276
0.731310 0.610276
0.731409 0.609649
0.731509 0.609649
0.731608 0.609649
0.731707 0.609649
0.731807 0.609649
0.731906 0.609649
0.732006 0.609649
0.732105 0.609649
0.732204 0.609649
0.732304 0.608396
0.732403 0.608396
0.732503 0.607769
0.732602 0.607769
0.732701 0.607769
0.732801 0.607769
0.732900 0.607769
0.733000 0.607769
0.733099 0.607769
0.733198 0.607769
0.733298 0.607769
0.733397 0.607769
0.733497 0.607769
0.733596 0.607769
0.733695 0.607769
0.733795 0.607769
0.733894 0.607769
0.733994 0.607769
0.734093 0.607769
0.734192 0.607769
0.734292 0.607769
0.734391 0.607769
0.734491 0.607769
0.734590 0.607769
0.734689 0.607769
0.734789 0.607143
0.734888 0.607143
0.734988 0.607143
0.735087 0.607143
0.735186 0.607143
0.735286 0.607143
0.735385 0.606516
0.735485 0.606516
0.735584 0.606516
0.735683 0.606516
0.735783 0.606516
0.735882 0.606516
0.735982 0.606516
0.736081 0.606516
0.736180 0.606516
0.736280 0.606516
0.736379 0.606516
0.736479 0.606516
0.736578 0.605890
0.736677 0.605890
0.736777 0.605890
0.736876 0.605890
0.736976 0.605890
0.737075 0.605890
0.737174 0.605890
0.737274 0.605890
0.737373 0.605890
0.737473 0.605890
0.737572 0.605890
0.737671 0.605890
0.737771 0.605890
0.737870 0.605890
0.737970 0.605890
0.738069 0.605263
0.738168 0.605263
0.738268 0.604637
0.738367 0.604637
0.738467 0.604637
0.738566 0.604637
0.738665 0.604010
0.738765 0.604010
0.738864 0.604010
0.738963 0.604010
0.739063 0.604010
0.739162 0.604010
0.739262 0.602757
0.739361 0.602757
0.739460 0.602130
0.739560 0.602130
0.739659 0.601504
0.739759 0.600877
0.739858 0.600251
0.739957 0.600251
0.740057 0.600251
0.740156 0.600251
0.740256 0.599624
0.740355 0.599624
0.740454 0.599624
0.740554 0.599624
0.740653 0.599624
0.740753 0.599624
0.740852 0.599624
0.740951 0.599624
0.741051 0.599624
0.741150 0.599624
0.741250 0.599624
0.741349 0.599624
0.741448 0.599624
0.741548 0.599624
0.741647 0.599624
0.741747 0.599624
0.741846 0.599624
0.741945 0.599624
0.742045 0.599624
0.742144 0.599624
0.742244 0.599624
0.742343 0.599624
0.742442 0.599624
0.742542 0.599624
0.742641 0.599624
0.742741 0.599624
0.742840 0.599624
0.742939 0.599624
0.743039 0.599624
0.743138 0.599624
0.743238 0.599624
0.743337 0.599624
0.743436 0.599624
0.743536 0.599624
0.743635 0.599624
0.743735 0.599624
0.743834 0.599624
0.743933 0.598997
0.744033 0.598997
0.744132 0.598997
0.744232 0.598997
0.744331 0.598997
0.744430 0.598997
0.744530 0.598997
0.744629 0.598997
0.744729 0.598371
0.744828 0.598371
0.744927 0.598371
0.745027 0.598371
0.745126 0.598371
0.745226 0.597744
0.745325 0.597744
0.745424 0.597744
0.745524 0.597744
0.745623 0.597744
0.745723 0.597744
0.745822 0.597744
0.745921 0.597744
0.746021 0.597118
0.746120 0.597118
0.746219 0.597118
0.746319 0.596491
0.746418 0.596491
0.746518 0.596491
0.746617 0.596491
0.746716 0.595865
0.746816 0.595865
0.746915 0.595865
0.747015 0.595865
0.747114 0.595238
0.747213 0.595238
0.747313 0.595238
0.747412 0.594612
0.747512 0.594612
0.747611 0.594612
0.747710 0.593985
0.747810 0.593985
0.747909 0.593985
0.748009 0.593985
0.748108 0.593985
0.748207 0.593985
0.748307 0.593985
0.748406 0.593985
0.748506 0.593985
0.748605 0.593985
0.748704 0.593985
0.748804 0.593985
0.748903 0.593985
0.749003 0.593985
0.749102 0.593985
0.749201 0.593985
0.749301 0.593985
0.749400 0.593985
0.749500 0.593985
0.749599 0.593985
0.749698 0.593985
0.749798 0.593985
0.749897 0.593985
0.749997 0.593985
0.750096 0.593985
0.750195 0.593985
0.750295 0.593985
0.750394 0.593985
0.750494 0.593985
0.750593 0.593985
0.750692 0.593358
0.750792 0.593358
0.750891 0.593358
0.750991 0.593358
0.751090 0.593358
0.751189 0.592732
0.751289 0.592732
0.751388 0.592732
0.751488 0.592732
0.751587 0.592732
0.751686 0.592732
0.751786 0.592732
0.751885 0.592732
0.751985 0.592732
0.752084 0.592732
0.752183 0.592732
0.752283 0.592732
0.752382 0.592732
0.752482 0.592732
0.752581 0.592105
0.752680 0.591479
0.752780 0.591479
0.752879 0.591479
0.752978 0.591479
0.753078 0.591479
0.753177 0.591479
0.753277 0.591479
0.753376 0.591479
0.753475 0.591479
0.753575 0.591479
0.753674 0.591479
0.753774 0.591479
0.753873 0.591479
0.753972 0.590852
0.754072 0.590852
0.754171 0.590852
0.754271 0.590852
0.754370 0.590852
0.754469 0.590852
0.754569 0.590852
0.754668 0.590852
0.754768 0.590852
0.754867 0.590852
0.754966 0.590852
0.755066 0.590852
0.755165 0.590852
0.755265 0.590852
0.755364 0.590852
0.755463 0.590852
0.755563 0.590226
0.755662 0.590226
0.755762 0.590226
0.755861 0.590226
0.755960 0.590226
0.756060 0.590226
0.756159 0.590226
0.756259 0.590226
0.756358 0.590226
0.756457 0.590226
0.756557 0.589599
0.756656 0.589599
0.756756 0.589599
0.756855 0.589599
0.756954 0.589599
0.757054 0.589599
0.757153 0.589599
0.757253 0.589599
0.757352 0.589599
0.757451 0.588972
0.757551 0.588972
0.757650 0.588346
0.757750 0.588346
0.757849 0.588346
0.757948 0.587719
0.758048 0.587093
0.758147 0.587093
0.758247 0.587093
0.758346 0.587093
0.758445 0.587093
0.758545 0.587093
0.758644 0.586466
0.758744 0.586466
0.758843 0.586466
0.758942 0.586466
0.759042 0.586466
0.759141 0.586466
0.759241 0.586466
0.759340 0.586466
0.759439 0.586466
0.759539 0.586466
0.759638 0.585840
0.759738 0.585840
0.759837 0.585840
0.759936 0.585840
0.760036 0.585840
0.760135 0.585840
0.760234 0.585840
0.760334 0.585840
0.760433 0.585840
0.760533 0.584586
0.760632 0.583960
0.760731 0.583333
0.760831 0.583333
0.760930 0.583333
0.761030 0.583333
0.761129 0.583333
0.761228 0.583333
0.761328 0.583333
0.761427 0.583333
0.761527 0.583333
0.761626 0.583333
0.761725 0.583333
0.761825 0.583333
0.761924 0.583333
0.762024 0.583333
0.762123 0.583333
0.762222 0.583333
0.762322 0.582707
0.762421 0.582707
0.762521 0.582707
0.762620 0.582707
0.762719 0.582707
0.762819 0.582707
0.762918 0.582707
0.763018 0.582707
0.763117 0.582707
0.763216 0.582707
0.763316 0.582707
0.763415 0.582707
0.763515 0.582707
0.763614 0.582707
0.763713 0.582707
0.763813 0.582707
0.763912 0.582080
0.764012 0.582080
0.764111 0.581454
0.764210 0.581454
0.764310 0.581454
0.764409 0.581454
0.764509 0.581454
0.764608 0.581454
0.764707 0.581454
0.764807 0.581454
0.764906 0.581454
0.765006 0.581454
0.765105 0.581454
0.765204 0.581454
0.765304 0.581454
0.765403 0.581454
0.765503 0.581454
0.765602 0.581454
0.765701 0.581454
0.765801 0.581454
0.765900 0.581454
0.766000 0.581454
0.766099 0.581454
0.766198 0.581454
0.766298 0.580827
0.766397 0.580827
0.766497 0.580827
0.766596 0.580827
0.766695 0.580827
0.766795 0.580827
0.766894 0.580827
0.766994 0.580827
0.767093 0.580827
0.767192 0.580827
0.767292 0.580827
0.767391 0.580827
0.767490 0.580827
0.767590 0.579574
0.767689 0.579574
0.767789 0.579574
0.767888 0.579574
0.767987 0.579574
0.768087 0.579574
0.768186 0.579574
0.768286 0.578947
0.768385 0.578947
0.768484 0.578947
0.768584 0.578947
0.768683 0.578947
0.768783 0.578321
0.768882 0.578321
0.768981 0.578321
0.769081 0.578321
0.769180 0.578321
0.769280 0.578321
0.769379 0.578321
0.769478 0.578321
0.769578 0.578321
0.769677 0.578321
0.769777 0.577068
0.769876 0.577068
0.769975 0.577068
0.770075 0.576441
0.770174 0.576441
0.770274 0.576441
0.770373 0.576441
0.770472 0.576441
0.770572 0.576441
0.770671 0.576441
0.770771 0.576441
0.770870 0.576441
0.770969 0.576441
0.771069 0.575815
0.771168 0.575815
0.771268 0.575815
0.771367 0.575188
0.771466 0.575188
0.771566 0.575188
0.771665 0.575188
0.771765 0.575188
0.771864 0.575188
0.771963 0.575188
0.772063 0.575188
0.772162 0.575188
0.772262 0.575188
0.772361 0.575188
0.772460 0.575188
0.772560 0.575188
0.772659 0.575188
0.772759 0.575188
0.772858 0.574561
0.772957 0.574561
0.773057 0.574561
0.773156 0.574561
0.773256 0.574561
0.773355 0.574561
0.773454 0.574561
0.773554 0.574561
0.773653 0.574561
0.773753 0.574561
0.773852 0.574561
0.773951 0.574561
0.774051 0.574561
0.774150 0.574561
0.774250 0.573935
0.774349 0.573935
0.774448 0.573308
0.774548 0.573308
0.774647 0.572682
0.774746 0.572055
0.774846 0.572055
0.774945 0.572055
0.775045 0.572055
0.775144 0.572055
0.775243 0.572055
0.775343 0.572055
0.775442 0.572055
0.775542 0.571429
0.775641 0.571429
0.775740 0.571429
0.775840 0.571429
0.775939 0.571429
0.776039 0.570802
0.776138 0.570175
0.776237 0.570175
0.776337 0.570175
0.776436 0.570175
0.776536 0.570175
0.776635 0.570175
0.776734 0.570175
0.776834 0.570175
0.776933 0.570175
0.777033 0.570175
0.777132 0.569549
0.777231 0.569549
0.777331 0.569549
0.777430 0.569549
0.777530 0.569549
0.777629 0.569549
0.777728 0.568922
0.777828 0.568922
0.777927 0.568922
0.778027 0.568296
0.778126 0.568296
0.778225 0.568296
0.778325 0.568296
0.778424 0.567669
0.778524 0.567043
0.778623 0.566416
0.778722 0.566416
0.778822 0.566416
0.778921 0.566416
0.779021 0.566416
0.779120 0.566416
0.779219 0.566416
0.779319 0.566416
0.779418 0.566416
0.779518 0.566416
0.779617 0.566416
0.779716 0.566416
0.779816 0.566416
0.779915 0.565789
0.780015 0.565789
0.780114 0.565789
0.780213 0.565789
0.780313 0.565789
0.780412 0.565789
0.780512 0.565789
0.780611 0.565789
0.780710 0.565789
0.780810 0.565789
0.780909 0.565789
0.781009 0.565789
0.781108 0.565789
0.781207 0.565789
0.781307 0.565789
0.781406 0.565789
0.781506 0.565789
0.781605 0.565789
0.781704 0.565789
0.781804 0.565163
0.781903 0.564536
0.782002 0.564536
0.782102 0.564536
0.782201 0.564536
0.782301 0.564536
0.782400 0.564536
0.782499 0.564536
0.782599 0.564536
0.782698 0.564536
0.782798 0.563910
0.782897 0.563910
0.782996 0.563910
0.783096 0.563910
0.783195 0.563283
0.783295 0.562657
0.783394 0.562657
0.783493 0.562657
0.783593 0.562657
0.783692 0.562657
0.783792 0.562657
0.783891 0.562657
0.783990 0.562657
0.784090 0.562657
0.784189 0.562657
0.784289 0.562657
0.784388 0.562657
0.784487 0.562657
0.784587 0.562657
0.784686 0.562657
0.784786 0.562657
0.784885 0.562657
0.784984 0.562657
0.785084 0.562657
0.785183 0.562657
0.785283 0.561404
0.785382 0.561404
0.785481 0.561404
0.785581 0.561404
0.785680 0.561404
0.785780 0.561404
0.785879 0.561404
0.785978 0.561404
0.786078 0.561404
0.786177 0.561404
0.786277 0.561404
0.786376 0.561404
0.786475 0.561404
0.786575 0.561404
0.786674 0.561404
0.786774 0.561404
0.786873 0.561404
0.786972 0.561404
0.787072 0.561404
0.787171 0.561404
0.787271 0.561404
0.787370 0.561404
0.787469 0.560777
0.787569 0.560777
0.787668 0.560777
0.787768 0.560777
0.787867 0.560777
0.787966 0.560777
0.788066 0.560777
0.788165 0.560777
0.788265 0.560777
0.788364 0.560777
0.788463 0.560150
0.788563 0.559524
0.788662 0.559524
0.788761 0.559524
0.788861 0.559524
0.788960 0.559524
0.789060 0.559524
0.789159 0.558897
0.789258 0.558897
0.789358 0.558897
0.789457 0.558897
0.789557 0.558897
0.789656 0.558897
0.789755 0.558897
0.789855 0.558897
0.789954 0.558897
0.790054 0.558897
0.790153 0.558897
0.790252 0.558897
0.790352 0.558897
0.790451 0.558897
0.790551 0.558897
0.790650 0.558897
0.790749 0.558271
0.790849 0.558271
0.790948 0.558271
0.791048 0.558271
0.791147 0.557644
0.791246 0.557644
0.791346 0.557644
0.791445 0.557644
0.791545 0.557644
0.791644 0.557644
0.791743 0.557644
0.791843 0.557644
0.791942 0.557644
0.792042 0.557018
0.792141 0.557018
0.792240 0.557018
0.792340 0.556391
0.792439 0.556391
0.792539 0.556391
0.792638 0.556391
0.792737 0.556391
0.792837 0.556391
0.792936 0.556391
0.793036 0.556391
0.793135 0.556391
0.793234 0.556391
0.793334 0.556391
0.793433 0.556391
0.793533 0.556391
0.793632 0.556391
0.793731 0.556391
0.793831 0.556391
0.793930 0.556391
0.794030 0.555764
0.794129 0.555764
0.794228 0.555764
0.794328 0.555764
0.794427 0.555764
0.794527 0.555764
0.794626 0.555764
0.794725 0.555138
0.794825 0.554511
0.794924 0.554511
0.795024 0.553885
0.795123 0.553885
0.795222 0.553885
0.795322 0.553885
0.795421 0.553885
0.795521 0.553885
0.795620 0.553885
0.795719 0.553885
0.795819 0.553885
0.795918 0.553885
0.796017 0.553885
0.796117 0.553885
0.796216 0.553885
0.796316 0.553885
0.796415 0.553258
0.796514 0.553258
0.796614 0.553258
0.796713 0.553258
0.796813 0.552632
0.796912 0.552632
0.797011 0.552632
0.797111 0.552005
0.797210 0.552005
0.797310 0.552005
0.797409 0.552005
0.797508 0.552005
0.797608 0.552005
0.797707 0.552005
0.797807 0.552005
0.797906 0.552005
0.798005 0.552005
0.798105 0.552005
0.798204 0.550752
0.798304 0.550752
0.798403 0.549499
0.798502 0.549499
0.798602 0.549499
0.798701 0.549499
0.798801 0.549499
0.798900 0.549499
0.798999 0.548872
0.799099 0.548246
0.799198 0.548246
0.799298 0.548246
0.799397 0.548246
0.799496 0.548246
0.799596 0.548246
0.799695 0.548246
0.799795 0.548246
0.799894 0.548246
0.799993 0.548246
0.800093 0.548246
0.800192 0.548246
0.800292 0.548246
0.800391 0.548246
0.800490 0.548246
0.800590 0.548246
0.800689 0.548246
0.800789 0.548246
0.800888 0.548246
0.800987 0.548246
0.801087 0.546992
0.801186 0.546992
0.801286 0.546992
0.801385 0.546992
0.801484 0.546992
0.801584 0.546992
0.801683 0.546992
0.801783 0.546992
0.801882 0.546992
0.801981 0.546992
0.802081 0.546366
0.802180 0.546366
0.802280 0.545739
0.802379 0.545739
0.802478 0.545739
0.802578 0.545739
0.802677 0.545739
0.802777 0.545739
0.802876 0.545113
0.802975 0.545113
0.803075 0.544486
0.803174 0.544486
0.803273 0.544486
0.803373 0.544486
0.803472 0.544486
0.803572 0.544486
0.803671 0.544486
0.803770 0.544486
0.803870 0.544486
0.803969 0.543860
0.804069 0.543860
0.804168 0.543860
0.804267 0.543233
0.804367 0.543233
0.804466 0.543233
0.804566 0.543233
0.804665 0.543233
0.804764 0.542607
0.804864 0.541980
0.804963 0.541980
0.805063 0.541980
0.805162 0.541980
0.805261 0.541980
0.805361 0.541980
0.805460 0.541980
0.805560 0.541980
0.805659 0.541980
0.805758 0.541980
0.805858 0.540727
0.805957 0.540100
0.806057 0.539474
0.806156 0.539474
0.806255 0.539474
0.806355 0.539474
0.806454 0.539474
0.806554 0.538847
0.806653 0.538847
0.806752 0.538221
0.806852 0.538221
0.806951 0.538221
0.807051 0.538221
0.807150 0.538221
0.807249 0.538221
0.807349 0.538221
0.807448 0.538221
0.807548 0.538221
0.807647 0.538221
0.807746 0.538221
0.807846 0.538221
0.807945 0.538221
0.808045 0.538221
0.808144 0.537594
0.808243 0.537594
0.808343 0.536967
0.808442 0.536967
0.808542 0.536967
0.808641 0.536341
0.808740 0.536341
0.808840 0.535714
0.808939 0.535088
0.809039 0.535088
0.809138 0.535088
0.809237 0.535088
0.809337 0.535088
0.809436 0.534461
0.809536 0.534461
0.809635 0.534461
0.809734 0.534461
0.809834 0.534461
0.809933 0.534461
0.810033 0.533208
0.810132 0.533208
0.810231 0.533208
0.810331 0.533208
0.810430 0.533208
0.810529 0.533208
0.810629 0.533208
0.810728 0.533208
0.810828 0.533208
0.810927 0.533208
0.811026 0.533208
0.811126 0.533208
0.811225 0.533208
0.811325 0.533208
0.811424 0.533208
0.811523 0.533208
0.811623 0.533208
0.811722 0.533208
0.811822 0.532581
0.811921 0.532581
0.812020 0.532581
0.812120 0.532581
0.812219 0.532581
0.812319 0.531955
0.812418 0.531955
0.812517 0.531955
0.812617 0.531955
0.812716 0.531328
0.812816 0.531328
0.812915 0.531328
0.813014 0.531328
0.813114 0.531328
0.813213 0.531328
0.813313 0.531328
0.813412 0.531328
0.813511 0.531328
0.813611 0.530075
0.813710 0.530075
0.813810 0.529449
0.813909 0.528822
0.814008 0.528822
0.814108 0.528822
0.814207 0.528822
0.814307 0.528822
0.814406 0.528822
0.814505 0.528822
0.814605 0.528822
0.814704 0.528822
0.814804 0.528822
0.814903 0.527569
0.815002 0.527569
0.815102 0.527569
0.815201 0.527569
0.815301 0.526942
0.815400 0.526942
0.815499 0.526942
0.815599 0.526942
0.815698 0.526942
0.815798 0.526942
0.815897 0.526942
0.815996 0.526942
0.816096 0.526316
0.816195 0.526316
0.816295 0.526316
0.816394 0.526316
0.816493 0.525063
0.816593 0.525063
0.816692 0.525063
0.816792 0.525063
0.816891 0.525063
0.816990 0.525063
0.817090 0.525063
0.817189 0.525063
0.817288 0.525063
0.817388 0.525063
0.817487 0.525063
0.817587 0.525063
0.817686 0.525063
0.817785 0.525063
0.817885 0.525063
0.817984 0.525063
0.818084 0.524436
0.818183 0.524436
0.818282 0.524436
0.818382 0.524436
0.818481 0.524436
0.818581 0.524436
0.818680 0.524436
0.818779 0.524436
0.818879 0.524436
0.818978 0.523810
0.819078 0.523810
0.819177 0.523810
0.819276 0.523810
0.819376 0.523183
0.819475 0.523183
0.819575 0.522556
0.819674 0.522556
0.819773 0.522556
0.819873 0.522556
0.819972 0.521303
0.820072 0.520677
0.820171 0.520050
0.820270 0.520050
0.820370 0.520050
0.820469 0.520050
0.820569 0.520050
0.820668 0.520050
0.820767 0.520050
0.820867 0.519424
0.820966 0.519424
0.821066 0.519424
0.821165 0.519424
0.821264 0.519424
0.821364 0.519424
0.821463 0.519424
0.821563 0.519424
0.821662 0.519424
0.821761 0.519424
0.821861 0.519424
0.821960 0.518797
0.822060 0.518170
0.822159 0.518170
0.822258 0.518170
0.822358 0.518170
0.822457 0.518170
0.822557 0.518170
0.822656 0.518170
0.822755 0.518170
0.822855 0.517544
0.822954 0.517544
0.823054 0.517544
0.823153 0.517544
0.823252 0.517544
0.823352 0.517544
0.823451 0.517544
0.823551 0.516917
0.823650 0.516291
0.823749 0.515664
0.823849 0.515664
0.823948 0.515664
0.824048 0.515038
0.824147 0.515038
0.824246 0.515038
0.824346 0.515038
0.824445 0.515038
0.824544 0.515038
0.824644 0.514411
0.824743 0.514411
0.824843 0.514411
0.824942 0.514411
0.825041 0.514411
0.825141 0.514411
0.825240 0.514411
0.825340 0.514411
0.825439 0.514411
0.825538 0.514411
0.825638 0.513784
0.825737 0.513784
0.825837 0.513784
0.825936 0.513784
0.826035 0.513784
0.826135 0.513784
0.826234 0.513784
0.826334 0.513784
0.826433 0.513784
0.826532 0.513158
0.826632 0.513158
0.826731 0.513158
0.826831 0.513158
0.826930 0.513158
0.827029 0.513158
0.827129 0.513158
0.827228 0.512531
0.827328 0.512531
0.827427 0.512531
0.827526 0.512531
0.827626 0.512531
0.827725 0.512531
0.827825 0.512531
0.827924 0.511905
0.828023 0.511278
0.828123 0.511278
0.828222 0.511278
0.828322 0.511278
0.828421 0.511278
0.828520 0.511278
0.828620 0.511278
0.828719 0.511278
0.828819 0.511278
0.828918 0.511278
0.829017 0.511278
0.829117 0.511278
0.829216 0.511278
0.829316 0.511278
0.829415 0.511278
0.829514 0.511278
0.829614 0.511278
0.829713 0.511278
0.829813 0.511278
0.829912 0.511278
0.830011 0.511278
0.830111 0.511278
0.830210 0.511278
0.830310 0.510652
0.830409 0.510652
0.830508 0.510652
0.830608 0.510652
0.830707 0.510025
0.830807 0.510025
0.830906 0.510025
0.831005 0.510025
0.831105 0.508772
0.831204 0.508772
0.831304 0.508772
0.831403 0.508772
0.831502 0.508145
0.831602 0.507519
0.831701 0.507519
0.831800 0.507519
0.831900 0.506892
0.831999 0.506892
0.832099 0.506892
0.832198 0.506892
0.832297 0.506892
0.832397 0.506892
0.832496 0.506892
0.832596 0.506266
0.832695 0.506266
0.832794 0.506266
0.832894 0.505639
0.832993 0.505639
0.833093 0.505639
0.833192 0.505639
0.833291 0.505013
0.833391 0.505013
0.833490 0.505013
0.833590 0.505013
0.833689 0.505013
0.833788 0.505013
0.833888 0.504386
0.833987 0.504386
0.834087 0.504386
0.834186 0.504386
0.834285 0.503759
0.834385 0.503759
0.834484 0.503759
0.834584 0.502506
0.834683 0.502506
0.834782 0.502506
0.834882 0.502506
0.834981 0.502506
0.835081 0.502506
0.835180 0.502506
0.835279 0.502506
0.835379 0.502506
0.835478 0.502506
0.835578 0.502506
0.835677 0.502506
0.835776 0.502506
0.835876 0.502506
0.835975 0.501880
0.836075 0.501880
0.836174 0.501880
0.836273 0.501880
0.836373 0.501880
0.836472 0.501880
0.836572 0.501880
0.836671 0.501880
0.836770 0.501880
0.836870 0.501880
0.836969 0.501880
0.837069 0.501880
0.837168 0.501253
0.837267 0.501253
0.837367 0.501253
0.837466 0.501253
0.837566 0.500627
0.837665 0.500627
0.837764 0.500627
0.837864 0.500627
0.837963 0.500627
0.838063 0.500627
0.838162 0.500627
0.838261 0.500627
0.838361 0.500627
0.838460 0.500627
0.838560 0.500627
0.838659 0.500627
0.838758 0.500627
0.838858 0.500627
0.838957 0.500627
0.839056 0.500000
0.839156 0.500000
0.839255 0.500000
0.839355 0.500000
0.839454 0.500000
0.839553 0.500000
0.839653 0.500000
0.839752 0.500000
0.839852 0.500000
0.839951 0.500000
0.840050 0.500000
0.840150 0.500000
0.840249 0.500000
0.840349 0.500000
0.840448 0.500000
0.840547 0.500000
0.840647 0.500000
0.840746 0.500000
0.840846 0.500000
0.840945 0.500000
0.841044 0.500000
0.841144 0.500000
0.841243 0.500000
0.841343 0.499373
0.841442 0.499373
0.841541 0.499373
0.841641 0.499373
0.841740 0.498747
0.841840 0.498747
0.841939 0.498747
0.842038 0.498747
0.842138 0.498747
0.842237 0.498747
0.842337 0.498747
0.842436 0.498120
0.842535 0.496867
0.842635 0.496867
0.842734 0.496867
0.842834 0.496867
0.842933 0.496867
0.843032 0.496867
0.843132 0.496867
0.843231 0.496867
0.843331 0.496867
0.843430 0.496867
0.843529 0.496241
0.843629 0.496241
0.843728 0.496241
0.843828 0.496241
0.843927 0.496241
0.844026 0.496241
0.844126 0.496241
0.844225 0.496241
0.844325 0.495614
0.844424 0.495614
0.844523 0.495614
0.844623 0.494987
0.844722 0.494987
0.844822 0.494361
0.844921 0.494361
0.845020 0.493734
0.845120 0.493734
0.845219 0.493734
0.845319 0.493734
0.845418 0.493734
0.845517 0.493734
0.845617 0.493734
0.845716 0.493734
0.845816 0.493734
0.845915 0.493734
0.846014 0.493734
0.846114 0.493734
0.846213 0.493734
0.846312 0.493734
0.846412 0.493734
0.846511 0.493734
0.846611 0.493734
0.846710 0.493108
0.846809 0.492481
0.846909 0.491855
0.847008 0.490602
0.847108 0.489348
0.847207 0.489348
0.847306 0.489348
0.847406 0.489348
0.847505 0.489348
0.847605 0.488095
0.847704 0.488095
0.847803 0.488095
0.847903 0.488095
0.848002 0.488095
0.848102 0.487469
0.848201 0.487469
0.848300 0.487469
0.848400 0.487469
0.848499 0.487469
0.848599 0.487469
0.848698 0.487469
0.848797 0.487469
0.848897 0.487469
0.848996 0.487469
0.849096 0.487469
0.849195 0.487469
0.849294 0.487469
0.849394 0.487469
0.849493 0.487469
0.849593 0.487469
0.849692 0.487469
0.849791 0.487469
0.849891 0.487469
0.849990 0.487469
0.850090 0.487469
0.850189 0.486842
0.850288 0.486842
0.850388 0.486842
0.850487 0.486842
0.850587 0.486842
0.850686 0.486842
0.850785 0.486842
0.850885 0.486842
0.850984 0.486842
0.851084 0.486842
0.851183 0.486216
0.851282 0.486216
0.851382 0.486216
0.851481 0.486216
0.851581 0.486216
0.851680 0.486216
0.851779 0.486216
0.851879 0.486216
0.851978 0.485589
0.852078 0.485589
0.852177 0.485589
0.852276 0.484962
0.852376 0.484336
0.852475 0.484336
0.852575 0.484336
0.852674 0.484336
0.852773 0.484336
0.852873 0.484336
0.852972 0.484336
0.853071 0.484336
0.853171 0.484336
0.853270 0.484336
0.853370 0.483709
0.853469 0.483709
0.853568 0.483709
0.853668 0.483083
0.853767 0.483083
0.853867 0.483083
0.853966 0.483083
0.854065 0.483083
0.854165 0.483083
0.854264 0.483083
0.854364 0.483083
0.854463 0.483083
0.854562 0.483083
0.854662 0.483083
0.854761 0.483083
0.854861 0.483083
0.854960 0.483083
0.855059 0.483083
0.855159 0.483083
0.855258 0.483083
0.855358 0.483083
0.855457 0.483083
0.855556 0.483083
0.855656 0.483083
0.855755 0.483083
0.855855 0.483083
0.855954 0.483083
0.856053 0.483083
0.856153 0.483083
0.856252 0.483083
0.856352 0.483083
0.856451 0.482456
0.856550 0.482456
0.856650 0.482456
0.856749 0.482456
0.856849 0.482456
0.856948 0.482456
0.857047 0.482456
0.857147 0.482456
0.857246 0.482456
0.857346 0.481830
0.857445 0.481830
0.857544 0.481830
0.857644 0.481830
0.857743 0.481830
0.857843 0.481830
0.857942 0.481830
0.858041 0.481830
0.858141 0.481830
0.858240 0.481830
0.858340 0.481830
0.858439 0.481203
0.858538 0.481203
0.858638 0.481203
0.858737 0.481203
0.858837 0.481203
0.858936 0.480576
0.859035 0.479950
0.859135 0.479950
0.859234 0.479950
0.859334 0.479950
0.859433 0.479950
0.859532 0.479950
0.859632 0.479950
0.859731 0.479950
0.859831 0.479950
0.859930 0.479323
0.860029 0.479323
0.860129 0.479323
0.860228 0.478697
0.860327 0.478697
0.860427 0.478697
0.860526 0.478697
0.860626 0.478070
0.860725 0.478070
0.860824 0.478070
0.860924 0.478070
0.861023 0.478070
0.861123 0.478070
0.861222 0.478070
0.861321 0.478070
0.861421 0.477444
0.861520 0.477444
0.861620 0.477444
0.861719 0.477444
0.861818 0.477444
0.861918 0.477444
0.862017 0.477444
0.862117 0.477444
0.862216 0.477444
0.862315 0.477444
0.862415 0.477444
0.862514 0.476817
0.862614 0.476190
0.862713 0.476190
0.862812 0.475564
0.862912 0.475564
0.863011 0.474937
0.863111 0.474311
0.863210 0.474311
0.863309 0.474311
0.863409 0.474311
0.863508 0.474311
0.863608 0.474311
0.863707 0.474311
0.863806 0.473684
0.863906 0.473684
0.864005 0.473684
0.864105 0.473684
0.864204 0.473684
0.864303 0.473058
0.864403 0.473058
0.864502 0.473058
0.864602 0.473058
0.864701 0.473058
0.864800 0.471805
0.864900 0.471805
0.864999 0.471805
0.865099 0.471178
0.865198 0.470551
0.865297 0.470551
0.865397 0.470551
0.865496 0.470551
0.865596 0.470551
0.865695 0.469925
0.865794 0.469925
0.865894 0.469925
0.865993 0.469925
0.866093 0.469925
0.866192 0.469298
0.866291 0.469298
0.866391 0.469298
0.866490 0.469298
0.866590 0.468672
0.866689 0.468672
0.866788 0.468045
0.866888 0.468045
0.866987 0.468045
0.867087 0.468045
0.867186 0.468045
0.867285 0.468045
0.867385 0.468045
0.867484 0.468045
0.867583 0.468045
0.867683 0.467419
0.867782 0.467419
0.867882 0.466792
0.867981 0.466792
0.868080 0.466792
0.868180 0.466792
0.868279 0.466792
0.868379 0.466792
0.868478 0.466792
0.868577 0.466165
0.868677 0.465539
0.868776 0.465539
0.868876 0.465539
0.868975 0.465539
0.869074 0.465539
0.869174 0.464912
0.869273 0.464912
0.869373 0.464286
0.869472 0.464286
0.869571 0.464286
0.869671 0.464286
0.869770 0.464286
0.869870 0.463659
0.869969 0.463033
0.870068 0.463033
0.870168 0.463033
0.870267 0.463033
0.870367 0.463033
0.870466 0.463033
0.870565 0.463033
0.870665 0.462406
0.870764 0.461779
0.870864 0.461779
0.870963 0.461779
0.871062 0.461779
0.871162 0.461153
0.871261 0.461153
0.871361 0.461153
0.871460 0.461153
0.871559 0.460526
0.871659 0.459900
0.871758 0.459900
0.871858 0.459900
0.871957 0.459900
0.872056 0.459900
0.872156 0.459900
0.872255 0.459273
0.872355 0.459273
0.872454 0.459273
0.872553 0.459273
0.872653 0.459273
0.872752 0.459273
0.872852 0.458020
0.872951 0.458020
0.873050 0.458020
0.873150 0.458020
0.873249 0.458020
0.873349 0.457393
0.873448 0.456140
0.873547 0.456140
0.873647 0.456140
0.873746 0.454887
0.873846 0.454887
0.873945 0.454887
0.874044 0.454887
0.874144 0.454887
0.874243 0.454887
0.874343 0.454261
0.874442 0.454261
0.874541 0.454261
0.874641 0.454261
0.874740 0.453634
0.874839 0.453008
0.874939 0.453008
0.875038 0.453008
0.875138 0.453008
0.875237 0.453008
0.875336 0.453008
0.875436 0.452381
0.875535 0.452381
0.875635 0.452381
0.875734 0.452381
0.875833 0.452381
0.875933 0.452381
0.876032 0.452381
0.876132 0.452381
0.876231 0.451754
0.876330 0.451128
0.876430 0.451128
0.876529 0.451128
0.876629 0.451128
0.876728 0.451128
0.876827 0.451128
0.876927 0.451128
0.877026 0.451128
0.877126 0.451128
0.877225 0.450501
0.877324 0.450501
0.877424 0.449875
0.877523 0.449875
0.877623 0.449875
0.877722 0.449248
0.877821 0.449248
0.877921 0.449248
0.878020 0.449248
0.878120 0.449248
0.878219 0.449248
0.878318 0.448622
0.878418 0.448622
0.878517 0.448622
0.878617 0.448622
0.878716 0.447368
0.878815 0.447368
0.878915 0.446742
0.879014 0.446742
0.879114 0.446115
0.879213 0.446115
0.879312 0.445489
0.879412 0.445489
0.879511 0.445489
0.879611 0.444862
0.879710 0.444236
0.879809 0.444236
0.879909 0.443609
0.880008 0.443609
0.880108 0.443609
0.880207 0.442982
0.880306 0.442982
0.880406 0.442982
0.880505 0.442982
0.880605 0.442982
0.880704 0.442982
0.880803 0.442982
0.880903 0.442982
0.881002 0.442356
0.881102 0.442356
0.881201 0.442356
0.881300 0.442356
0.881400 0.442356
0.881499 0.441729
0.881598 0.441729
0.881698 0.441729
0.881797 0.441729
0.881897 0.441729
0.881996 0.441729
0.882095 0.441729
0.882195 0.441103
0.882294 0.441103
0.882394 0.441103
0.882493 0.441103
0.882592 0.441103
0.882692 0.441103
0.882791 0.441103
0.882891 0.441103
0.882990 0.441103
0.883089 0.440476
0.883189 0.439850
0.883288 0.439223
0.883388 0.439223
0.883487 0.439223
0.883586 0.438596
0.883686 0.437970
0.883785 0.437970
0.883885 0.437343
0.883984 0.437343
0.884083 0.436717
0.884183 0.436717
0.884282 0.436090
0.884382 0.436090
0.884481 0.435464
0.884580 0.435464
0.884680 0.435464
0.884779 0.434837
0.884879 0.434837
0.884978 0.434837
0.885077 0.434837
0.885177 0.434211
0.885276 0.434211
0.885376 0.434211
0.885475 0.433584
0.885574 0.433584
0.885674 0.433584
0.885773 0.433584
0.885873 0.433584
0.885972 0.432957
0.886071 0.432331
0.886171 0.431704
0.886270 0.431704
0.886370 0.431704
0.886469 0.431704
0.886568 0.431078
0.886668 0.431078
0.886767 0.431078
0.886867 0.431078
0.886966 0.431078
0.887065 0.430451
0.887165 0.429198
0.887264 0.429198
0.887364 0.429198
0.887463 0.429198
0.887562 0.429198
0.887662 0.428571
0.887761 0.428571
0.887861 0.428571
0.887960 0.427945
0.888059 0.427945
0.888159 0.427945
0.888258 0.427945
0.888358 0.427945
0.888457 0.427945
0.888556 0.427945
0.888656 0.427945
0.888755 0.427945
0.888854 0.427945
0.888954 0.427945
0.889053 0.427945
0.889153 0.427945
0.889252 0.427945
0.889351 0.427945
0.889451 0.427945
0.889550 0.427945
0.889650 0.427945
0.889749 0.427945
0.889848 0.427945
0.889948 0.427945
0.890047 0.426692
0.890147 0.426065
0.890246 0.426065
0.890345 0.426065
0.890445 0.426065
0.890544 0.426065
0.890644 0.426065
0.890743 0.425439
0.890842 0.425439
0.890942 0.425439
0.891041 0.425439
0.891141 0.425439
0.891240 0.425439
0.891339 0.425439
0.891439 0.425439
0.891538 0.425439
0.891638 0.424185
0.891737 0.423559
0.891836 0.423559
0.891936 0.423559
0.892035 0.422932
0.892135 0.422932
0.892234 0.422932
0.892333 0.422932
0.892433 0.422932
0.892532 0.422306
0.892632 0.422306
0.892731 0.422306
0.892830 0.421679
0.892930 0.421679
0.893029 0.421679
0.893129 0.421679
0.893228 0.421053
0.893327 0.421053
0.893427 0.420426
0.893526 0.420426
0.893626 0.420426
0.893725 0.420426
0.893824 0.420426
0.893924 0.420426
0.894023 0.420426
0.894123 0.420426
0.894222 0.419799
0.894321 0.419173
0.894421 0.419173
0.894520 0.418546
0.894620 0.418546
0.894719 0.418546
0.894818 0.418546
0.894918 0.418546
0.895017 0.418546
0.895117 0.418546
0.895216 0.417920
0.895315 0.416667
0.895415 0.416667
0.895514 0.416040
0.895614 0.416040
0.895713 0.416040
0.895812 0.415414
0.895912 0.415414
0.896011 0.415414
0.896110 0.415414
0.896210 0.415414
0.896309 0.415414
0.896409 0.414160
0.896508 0.414160
0.896607 0.414160
0.896707 0.414160
0.896806 0.413534
0.896906 0.413534
0.897005 0.413534
0.897104 0.413534
0.897204 0.412281
0.897303 0.411654
0.897403 0.411654
0.897502 0.411654
0.897601 0.411028
0.897701 0.411028
0.897800 0.410401
0.897900 0.410401
0.897999 0.410401
0.898098 0.410401
0.898198 0.410401
0.898297 0.410401
0.898397 0.410401
0.898496 0.410401
0.898595 0.409774
0.898695 0.409148
0.898794 0.409148
0.898894 0.409148
0.898993 0.407895
0.899092 0.407895
0.899192 0.407268
0.899291 0.407268
0.899391 0.406642
0.899490 0.406015
0.899589 0.406015
0.899689 0.406015
0.899788 0.406015
0.899888 0.406015
0.899987 0.406015
0.900086 0.406015
0.900186 0.405388
0.900285 0.405388
0.900385 0.405388
0.900484 0.405388
0.900583 0.405388
0.900683 0.404762
0.900782 0.404135
0.900882 0.404135
0.900981 0.403509
0.901080 0.402882
0.901180 0.402882
0.901279 0.402256
0.901379 0.402256
0.901478 0.402256
0.901577 0.402256
0.901677 0.402256
0.901776 0.402256
0.901876 0.401629
0.901975 0.401629
0.902074 0.401629
0.902174 0.400376
0.902273 0.400376
0.902373 0.399749
0.902472 0.399123
0.902571 0.399123
0.902671 0.398496
0.902770 0.398496
0.902870 0.396617
0.902969 0.395990
0.903068 0.395990
0.903168 0.395990
0.903267 0.395990
0.903366 0.395990
0.903466 0.395990
0.903565 0.395990
0.903665 0.395990
0.903764 0.395363
0.903863 0.394737
0.903963 0.394110
0.904062 0.394110
0.904162 0.394110
0.904261 0.393484
0.904360 0.393484
0.904460 0.392857
0.904559 0.392857
0.904659 0.392857
0.904758 0.392231
0.904857 0.392231
0.904957 0.392231
0.905056 0.392231
0.905156 0.391604
0.905255 0.391604
0.905354 0.390977
0.905454 0.390977
0.905553 0.390351
0.905653 0.390351
0.905752 0.388471
0.905851 0.388471
0.905951 0.388471
0.906050 0.387845
0.906150 0.387845
0.906249 0.386591
0.906348 0.386591
0.906448 0.386591
0.906547 0.386591
0.906647 0.386591
0.906746 0.386591
0.906845 0.386591
0.906945 0.386591
0.907044 0.386591
0.907144 0.386591
0.907243 0.386591
0.907342 0.386591
0.907442 0.386591
0.907541 0.386591
0.907641 0.385965
0.907740 0.385965
0.907839 0.385965
0.907939 0.385965
0.908038 0.385338
0.908138 0.385338
0.908237 0.385338
0.908336 0.385338
0.908436 0.384712
0.908535 0.383459
0.908635 0.383459
0.908734 0.383459
0.908833 0.383459
0.908933 0.382832
0.909032 0.382832
0.909132 0.381579
0.909231 0.381579
0.909330 0.381579
0.909430 0.381579
0.909529 0.380952
0.909629 0.380952
0.909728 0.380952
0.909827 0.380952
0.909927 0.380326
0.910026 0.380326
0.910126 0.380326
0.910225 0.379699
0.910324 0.379699
0.910424 0.379699
0.910523 0.379699
0.910622 0.379699
0.910722 0.379073
0.910821 0.379073
0.910921 0.377820
0.911020 0.377820
0.911119 0.377820
0.911219 0.377193
0.911318 0.375940
0.911418 0.375940
0.911517 0.375940
0.911616 0.375940
0.911716 0.375940
0.911815 0.375940
0.911915 0.375940
0.912014 0.375313
0.912113 0.375313
0.912213 0.375313
0.912312 0.374687
0.912412 0.374687
0.912511 0.374687
0.912610 0.374060
0.912710 0.374060
0.912809 0.374060
0.912909 0.374060
0.913008 0.374060
0.913107 0.374060
0.913207 0.374060
0.913306 0.374060
0.913406 0.374060
0.913505 0.374060
0.913604 0.374060
0.913704 0.373434
0.913803 0.372807
0.913903 0.372807
0.914002 0.372807
0.914101 0.372807
0.914201 0.372807
0.914300 0.372807
0.914400 0.372807
0.914499 0.372807
0.914598 0.372180
0.914698 0.372180
0.914797 0.371554
0.914897 0.371554
0.914996 0.370927
0.915095 0.370301
0.915195 0.370301
0.915294 0.370301
0.915394 0.370301
0.915493 0.370301
0.915592 0.370301
0.915692 0.370301
0.915791 0.370301
0.915891 0.370301
0.915990 0.370301
0.916089 0.370301
0.916189 0.369674
0.916288 0.369048
0.916388 0.369048
0.916487 0.369048
0.916586 0.368421
0.916686 0.367794
0.916785 0.367794
0.916885 0.367794
0.916984 0.367794
0.917083 0.367168
0.917183 0.367168
0.917282 0.366541
0.917381 0.366541
0.917481 0.366541
0.917580 0.366541
0.917680 0.366541
0.917779 0.365915
0.917878 0.365915
0.917978 0.365915
0.918077 0.365288
0.918177 0.365288
0.918276 0.365288
0.918375 0.365288
0.918475 0.365288
0.918574 0.365288
0.918674 0.365288
0.918773 0.365288
0.918872 0.365288
0.918972 0.365288
0.919071 0.364662
0.919171 0.364662
0.919270 0.363409
0.919369 0.362782
0.919469 0.362782
0.919568 0.361529
0.919668 0.361529
0.919767 0.361529
0.919866 0.361529
0.919966 0.360902
0.920065 0.360276
0.920165 0.360276
0.920264 0.359649
0.920363 0.359649
0.920463 0.359649
0.920562 0.359649
0.920662 0.359649
0.920761 0.359023
0.920860 0.358396
0.920960 0.358396
0.921059 0.357769
0.921159 0.357769
0.921258 0.357769
0.921357 0.357769
0.921457 0.357143
0.921556 0.356516
0.921656 0.356516
0.921755 0.356516
0.921854 0.355890
0.921954 0.355890
0.922053 0.355890
0.922153 0.355890
0.922252 0.355890
0.922351 0.355263
0.922451 0.354637
0.922550 0.354637
0.922650 0.354637
0.922749 0.354010
0.922848 0.354010
0.922948 0.354010
0.923047 0.354010
0.923147 0.354010
0.923246 0.353383
0.923345 0.353383
0.923445 0.353383
0.923544 0.353383
0.923644 0.353383
0.923743 0.353383
0.923842 0.353383
0.923942 0.352130
0.924041 0.351504
0.924141 0.350877
0.924240 0.350877
0.924339 0.350877
0.924439 0.350877
0.924538 0.350877
0.924637 0.350877
0.924737 0.350877
0.924836 0.350877
0.924936 0.350877
0.925035 0.350877
0.925134 0.350251
0.925234 0.350251
0.925333 0.350251
0.925433 0.350251
0.925532 0.350251
0.925631 0.350251
0.925731 0.350251
0.925830 0.348997
0.925930 0.348997
0.926029 0.348997
0.926128 0.348997
0.926228 0.348371
0.926327 0.348371
0.926427 0.348371
0.926526 0.347744
0.926625 0.347744
0.926725 0.347744
0.926824 0.347744
0.926924 0.347118
0.927023 0.347118
0.927122 0.347118
0.927222 0.346491
0.927321 0.346491
0.927421 0.346491
0.927520 0.346491
0.927619 0.346491
0.927719 0.346491
0.927818 0.346491
0.927918 0.345865
0.928017 0.344612
0.928116 0.344612
0.928216 0.344612
0.928315 0.344612
0.928415 0.344612
0.928514 0.344612
0.928613 0.344612
0.928713 0.344612
0.928812 0.344612
0.928912 0.343985
0.929011 0.343358
0.929110 0.342105
0.929210 0.342105
0.929309 0.342105
0.929409 0.342105
0.929508 0.341479
0.929607 0.341479
0.929707 0.341479
0.929806 0.341479
0.929906 0.340226
0.930005 0.340226
0.930104 0.339599
0.930204 0.338972
0.930303 0.338972
0.930403 0.338346
0.930502 0.338346
0.930601 0.338346
0.930701 0.338346
0.930800 0.338346
0.930900 0.338346
0.930999 0.338346
0.931098 0.338346
0.931198 0.338346
0.931297 0.338346
0.931397 0.338346
0.931496 0.337093
0.931595 0.336466
0.931695 0.336466
0.931794 0.336466
0.931893 0.335840
0.931993 0.335213
0.932092 0.335213
0.932192 0.334586
0.932291 0.333960
0.932390 0.333333
0.932490 0.333333
0.932589 0.332707
0.932689 0.332707
0.932788 0.332707
0.932887 0.332080
0.932987 0.332080
0.933086 0.332080
0.933186 0.330201
0.933285 0.330201
0.933384 0.330201
0.933484 0.330201
0.933583 0.330201
0.933683 0.330201
0.933782 0.330201
0.933881 0.330201
0.933981 0.330201
0.934080 0.329574
0.934180 0.329574
0.934279 0.328947
0.934378 0.328947
0.934478 0.328947
0.934577 0.328947
0.934677 0.328947
0.934776 0.328947
0.934875 0.328947
0.934975 0.328947
0.935074 0.328947
0.935174 0.328947
0.935273 0.328947
0.935372 0.327694
0.935472 0.327068
0.935571 0.325815
0.935671 0.325815
0.935770 0.324561
0.935869 0.324561
0.935969 0.324561
0.936068 0.324561
0.936168 0.324561
0.936267 0.324561
0.936366 0.323935
0.936466 0.323308
0.936565 0.322682
0.936665 0.322682
0.936764 0.322682
0.936863 0.322055
0.936963 0.321429
0.937062 0.321429
0.937162 0.321429
0.937261 0.320802
0.937360 0.320175
0.937460 0.320175
0.937559 0.318922
0.937659 0.317669
0.937758 0.317669
0.937857 0.317043
0.937957 0.316416
0.938056 0.316416
0.938156 0.316416
0.938255 0.316416
0.938354 0.316416
0.938454 0.315789
0.938553 0.315163
0.938653 0.315163
0.938752 0.315163
0.938851 0.315163
0.938951 0.314536
0.939050 0.314536
0.939149 0.313910
0.939249 0.313910
0.939348 0.313910
0.939448 0.313910
0.939547 0.313283
0.939646 0.313283
0.939746 0.312657
0.939845 0.312657
0.939945 0.312657
0.940044 0.312030
0.940143 0.312030
0.940243 0.311404
0.940342 0.311404
0.940442 0.310777
0.940541 0.310777
0.940640 0.310777
0.940740 0.310150
0.940839 0.310150
0.940939 0.310150
0.941038 0.309524
0.941137 0.308897
0.941237 0.308897
0.941336 0.308897
0.941436 0.308897
0.941535 0.308271
0.941634 0.308271
0.941734 0.308271
0.941833 0.308271
0.941933 0.308271
0.942032 0.308271
0.942131 0.307644
0.942231 0.307018
0.942330 0.306391
0.942430 0.305138
0.942529 0.303885
0.942628 0.303258
0.942728 0.302632
0.942827 0.302632
0.942927 0.302632
0.943026 0.302005
0.943125 0.301378
0.943225 0.301378
0.943324 0.300752
0.943424 0.300125
0.943523 0.300125
0.943622 0.300125
0.943722 0.300125
0.943821 0.300125
0.943921 0.298246
0.944020 0.298246
0.944119 0.297619
0.944219 0.296366
0.944318 0.296366
0.944418 0.295739
0.944517 0.295739
0.944616 0.293233
0.944716 0.293233
0.944815 0.292607
0.944915 0.292607
0.945014 0.291353
0.945113 0.291353
0.945213 0.290727
0.945312 0.290727
0.945412 0.290100
0.945511 0.289474
0.945610 0.288847
0.945710 0.288847
0.945809 0.288847
0.945908 0.288847
0.946008 0.288847
0.946107 0.287594
0.946207 0.287594
0.946306 0.287594
0.946405 0.287594
0.946505 0.286967
0.946604 0.286341
0.946704 0.285714
0.946803 0.285714
0.946902 0.285714
0.947002 0.285714
0.947101 0.284461
0.947201 0.283835
0.947300 0.283835
0.947399 0.283835
0.947499 0.283208
0.947598 0.283208
0.947698 0.283208
0.947797 0.283208
0.947896 0.283208
0.947996 0.283208
0.948095 0.283208
0.948195 0.283208
0.948294 0.283208
0.948393 0.283208
0.948493 0.283208
0.948592 0.282581
0.948692 0.281955
0.948791 0.281955
0.948890 0.281955
0.948990 0.281955
0.949089 0.280702
0.949189 0.280702
0.949288 0.280702
0.949387 0.280702
0.949487 0.280075
0.949586 0.279449
0.949686 0.278195
0.949785 0.277569
0.949884 0.276942
0.949984 0.276316
0.950083 0.274436
0.950183 0.274436
0.950282 0.274436
0.950381 0.273810
0.950481 0.273810
0.950580 0.273810
0.950680 0.273183
0.950779 0.273183
0.950878 0.273183
0.950978 0.273183
0.951077 0.272556
0.951177 0.272556
0.951276 0.272556
0.951375 0.272556
0.951475 0.272556
0.951574 0.272556
0.951674 0.272556
0.951773 0.271930
0.951872 0.271303
0.951972 0.271303
0.952071 0.271303
0.952171 0.270677
0.952270 0.270677
0.952369 0.268797
0.952469 0.267544
0.952568 0.266917
0.952668 0.266917
0.952767 0.265038
0.952866 0.265038
0.952966 0.265038
0.953065 0.264411
0.953164 0.264411
0.953264 0.263158
0.953363 0.263158
0.953463 0.263158
0.953562 0.263158
0.953661 0.262531
0.953761 0.261278
0.953860 0.261278
0.953960 0.261278
0.954059 0.260652
0.954158 0.260652
0.954258 0.259398
0.954357 0.258772
0.954457 0.258772
0.954556 0.258772
0.954655 0.258772
0.954755 0.258772
0.954854 0.258772
0.954954 0.258772
0.955053 0.257519
0.955152 0.256266
0.955252 0.256266
0.955351 0.255639
0.955451 0.255639
0.955550 0.255013
0.955649 0.255013
0.955749 0.253133
0.955848 0.253133
0.955948 0.252506
0.956047 0.252506
0.956146 0.251880
0.956246 0.250627
0.956345 0.250627
0.956445 0.250000
0.956544 0.250000
0.956643 0.250000
0.956743 0.249373
0.956842 0.248120
0.956942 0.248120
0.957041 0.248120
0.957140 0.248120
0.957240 0.248120
0.957339 0.248120
0.957439 0.247494
0.957538 0.246867
0.957637 0.246241
0.957737 0.245614
0.957836 0.245614
0.957936 0.245614
0.958035 0.244987
0.958134 0.244987
0.958234 0.244987
0.958333 0.244987
0.958433 0.244361
0.958532 0.243734
0.958631 0.243734
0.958731 0.243734
0.958830 0.243108
0.958930 0.243108
0.959029 0.243108
0.959128 0.241855
0.959228 0.241855
0.959327 0.241228
0.959427 0.240602
0.959526 0.239975
0.959625 0.239348
0.959725 0.238722
0.959824 0.237469
0.959924 0.237469
0.960023 0.237469
0.960122 0.237469
0.960222 0.237469
0.960321 0.237469
0.960420 0.237469
0.960520 0.237469
0.960619 0.237469
0.960719 0.237469
0.960818 0.237469
0.960917 0.235589
0.961017 0.234962
0.961116 0.234962
0.961216 0.234336
0.961315 0.234336
0.961414 0.234336
0.961514 0.234336
0.961613 0.233083
0.961713 0.233083
0.961812 0.232456
0.961911 0.231203
0.962011 0.230576
0.962110 0.230576
0.962210 0.229950
0.962309 0.229950
0.962408 0.228697
0.962508 0.228070
0.962607 0.226817
0.962707 0.226190
0.962806 0.226190
0.962905 0.225564
0.963005 0.224311
0.963104 0.223684
0.963204 0.223058
0.963303 0.223058
0.963402 0.222431
0.963502 0.222431
0.963601 0.220551
0.963701 0.219925
0.963800 0.219298
0.963899 0.218672
0.963999 0.218045
0.964098 0.218045
0.964198 0.218045
0.964297 0.217419
0.964396 0.216792
0.964496 0.216165
0.964595 0.214912
0.964695 0.214912
0.964794 0.214912
0.964893 0.213659
0.964993 0.213659
0.965092 0.213659
0.965192 0.213659
0.965291 0.212406
0.965390 0.212406
0.965490 0.211153
0.965589 0.210526
0.965689 0.209900
0.965788 0.208647
0.965887 0.208020
0.965987 0.207393
0.966086 0.207393
0.966186 0.207393
0.966285 0.207393
0.966384 0.206767
0.966484 0.206767
0.966583 0.206767
0.966683 0.204887
0.966782 0.204887
0.966881 0.204261
0.966981 0.203634
0.967080 0.203008
0.967180 0.203008
0.967279 0.203008
0.967378 0.200501
0.967478 0.200501
0.967577 0.199875
0.967676 0.199875
0.967776 0.199875
0.967875 0.199875
0.967975 0.198622
0.968074 0.197995
0.968173 0.197995
0.968273 0.196742
0.968372 0.196115
0.968472 0.195489
0.968571 0.194862
0.968670 0.192982
0.968770 0.192356
0.968869 0.191729
0.968969 0.191103
0.969068 0.191103
0.969167 0.191103
0.969267 0.191103
0.969366 0.189850
0.969466 0.188596
0.969565 0.187970
0.969664 0.187343
0.969764 0.186090
0.969863 0.185464
0.969963 0.185464
0.970062 0.184837
0.970161 0.184211
0.970261 0.182957
0.970360 0.182957
0.970460 0.181704
0.970559 0.181704
0.970658 0.181078
0.970758 0.178571
0.970857 0.177945
0.970957 0.177318
0.971056 0.177318
0.971155 0.176065
0.971255 0.175439
0.971354 0.175439
0.971454 0.174185
0.971553 0.173559
0.971652 0.172932
0.971752 0.172306
0.971851 0.172306
0.971951 0.172306
0.972050 0.172306
0.972149 0.171679
0.972249 0.170426
0.972348 0.169173
0.972448 0.169173
0.972547 0.168546
0.972646 0.168546
0.972746 0.167293
0.972845 0.166667
0.972945 0.166040
0.973044 0.164160
0.973143 0.163534
0.973243 0.162907
0.973342 0.161654
0.973442 0.160401
0.973541 0.159148
0.973640 0.159148
0.973740 0.159148
0.973839 0.159148
0.973939 0.159148
0.974038 0.159148
0.974137 0.157895
0.974237 0.157895
0.974336 0.157268
0.974436 0.156015
0.974535 0.155388
0.974634 0.154135
0.974734 0.153509
0.974833 0.153509
0.974932 0.152882
0.975032 0.152256
0.975131 0.151629
0.975231 0.151003
0.975330 0.149749
0.975429 0.148496
0.975529 0.148496
0.975628 0.148496
0.975728 0.147870
0.975827 0.147870
0.975926 0.147243
0.976026 0.147243
0.976125 0.147243
0.976225 0.147243
0.976324 0.145990
0.976423 0.145363
0.976523 0.144110
0.976622 0.142857
0.976722 0.140977
0.976821 0.139098
0.976920 0.137218
0.977020 0.135965
0.977119 0.135338
0.977219 0.134712
0.977318 0.134712
0.977417 0.134712
0.977517 0.134712
0.977616 0.134712
0.977716 0.134085
0.977815 0.133459
0.977914 0.132832
0.978014 0.132832
0.978113 0.132206
0.978213 0.130952
0.978312 0.130326
0.978411 0.129073
0.978511 0.128446
0.978610 0.127820
0.978710 0.127820
0.978809 0.126566
0.978908 0.125940
0.979008 0.123434
0.979107 0.122807
0.979207 0.120301
0.979306 0.119674
0.979405 0.117794
0.979505 0.116541
0.979604 0.115288
0.979704 0.115288
0.979803 0.114662
0.979902 0.114662
0.980002 0.112155
0.980101 0.112155
0.980201 0.110902
0.980300 0.109649
0.980399 0.108396
0.980499 0.107769
0.980598 0.106516
0.980698 0.104637
0.980797 0.102130
0.980896 0.101504
0.980996 0.100877
0.981095 0.100251
0.981195 0.098371
0.981294 0.098371
0.981393 0.098371
0.981493 0.098371
0.981592 0.095865
0.981691 0.094612
0.981791 0.093358
0.981890 0.092105
0.981990 0.090852
0.982089 0.090226
0.982188 0.090226
0.982288 0.088346
0.982387 0.088346
0.982487 0.087093
0.982586 0.087093
0.982685 0.086466
0.982785 0.085840
0.982884 0.085213
0.982984 0.083333
0.983083 0.082707
0.983182 0.082080
0.983282 0.082080
0.983381 0.082080
0.983481 0.082080
0.983580 0.080201
0.983679 0.080201
0.983779 0.077068
0.983878 0.075815
0.983978 0.073308
0.984077 0.071429
0.984176 0.068922
0.984276 0.068922
0.984375 0.068922
0.984475 0.068922
0.984574 0.068296
0.984673 0.067043
0.984773 0.065163
0.984872 0.063283
0.984972 0.062657
0.985071 0.062657
0.985170 0.061404
0.985270 0.060150
0.985369 0.059524
0.985469 0.059524
0.985568 0.058271
0.985667 0.057018
0.985767 0.056391
0.985866 0.056391
0.985966 0.055138
0.986065 0.054511
0.986164 0.053258
0.986264 0.051378
0.986363 0.050752
0.986463 0.050752
0.986562 0.050752
0.986661 0.048872
0.986761 0.048246
0.986860 0.046366
0.986960 0.045113
0.987059 0.042607
0.987158 0.042607
0.987258 0.041980
0.987357 0.039474
0.987457 0.036967
0.987556 0.035714
0.987655 0.035714
0.987755 0.034461
0.987854 0.034461
0.987954 0.033835
0.988053 0.033835
0.988152 0.032581
0.988252 0.031955
0.988351 0.030702
0.988451 0.030702
0.988550 0.030075
0.988649 0.030075
0.988749 0.030075
0.988848 0.029449
0.988947 0.028195
0.989047 0.028195
0.989146 0.028195
0.989246 0.028195
0.989345 0.028195
0.989444 0.026942
0.989544 0.026316
0.989643 0.025689
0.989743 0.025689
0.989842 0.025063
0.989941 0.025063
0.990041 0.025063
0.990140 0.023810
0.990240 0.022556
0.990339 0.022556
0.990438 0.021303
0.990538 0.020677
0.990637 0.020050
0.990737 0.018170
0.990836 0.017544
0.990935 0.016291
0.991035 0.015664
0.991134 0.015038
0.991234 0.015038
0.991333 0.014411
0.991432 0.013158
0.991532 0.011905
0.991631 0.011278
0.991731 0.010025
0.991830 0.008145
0.991929 0.007519
0.992029 0.007519
0.992128 0.007519
0.992228 0.007519
0.992327 0.006892
0.992426 0.006892
0.992526 0.006266
0.992625 0.005639
0.992725 0.005639
0.992824 0.005013
0.992923 0.004386
0.993023 0.003759
0.993122 0.003759
0.993222 0.003133
0.993321 0.003133
0.993420 0.003133
0.993520 0.002506
0.993619 0.001880
0.993719 0.001253
0.993818 0.000627
0.993917 0.000627
0.994017 0.000627
0.994116 0.000627
0.994216 0.000000
