# Threshold Efficiency
0.000343 0.999382
0.000442 0.999382
0.000542 0.999382
0.000641 0.999382
0.000740 0.999382
0.000840 0.999382
0.000939 0.999382
0.001039 0.999382
0.001138 0.999382
0.001237 0.999382
0.001337 0.999382
0.001436 0.999382
0.001536 0.999382
0.001635 0.999382
0.001734 0.999382
0.001834 0.999382
0.001933 0.999382
0.002033 0.999382
0.002132 0.999382
0.002231 0.999382
0.002331 0.999382
0.002430 0.999382
0.002529 0.999382
0.002629 0.999382
0.002728 0.998763
0.002828 0.998145
0.002927 0.997526
0.003026 0.997526
0.003126 0.997526
0.003225 0.996908
0.003325 0.996908
0.003424 0.996908
0.003523 0.996908
0.003623 0.996908
0.003722 0.996908
0.003822 0.996908
0.003921 0.996908
0.004020 0.996908
0.004120 0.996908
0.004219 0.996908
0.004319 0.996908
0.004418 0.996908
0.004517 0.996908
0.004617 0.996289
0.004716 0.996289
0.004816 0.996289
0.004915 0.995671
0.005014 0.995671
0.005114 0.995671
0.005213 0.995671
0.005313 0.995671
0.005412 0.995671
0.005511 0.995671
0.005611 0.995671
0.005710 0.995671
0.005810 0.995053
0.005909 0.995053
0.006008 0.995053
0.006108 0.995053
0.006207 0.995053
0.006307 0.995053
0.006406 0.995053
0.006505 0.995053
0.006605 0.994434
0.006704 0.994434
0.006804 0.994434
0.006903 0.994434
0.007002 0.994434
0.007102 0.994434
0.007201 0.993816
0.007301 0.993816
0.007400 0.993197
0.007499 0.993197
0.007599 0.993197
0.007698 0.993197
0.007798 0.993197
0.007897 0.993197
0.007996 0.993197
0.008096 0.993197
0.008195 0.993197
0.008295 0.992579
0.008394 0.992579
0.008493 0.992579
0.008593 0.992579
0.008692 0.992579
0.008792 0.992579
0.008891 0.992579
0.008990 0.992579
0.009090 0.992579
0.009189 0.992579
0.009289 0.992579
0.009388 0.992579
0.009487 0.992579
0.009587 0.992579
0.009686 0.992579
0.009785 0.991960
0.009885 0.991960
0.009984 0.991960
0.010084 0.991342
0.010183 0.990724
0.010282 0.990724
0.010382 0.990724
0.010481 0.990724
0.010581 0.990724
0.010680 0.990724
0.010779 0.990724
0.010879 0.990724
0.010978 0.990724
0.011078 0.990724
0.011177 0.990724
0.011276 0.990724
0.011376 0.990105
0.011475 0.990105
0.011575 0.990105
0.011674 0.990105
0.011773 0.990105
0.011873 0.990105
0.011972 0.990105
0.012072 0.989487
0.012171 0.989487
0.012270 0.989487
0.012370 0.989487
0.012469 0.989487
0.012569 0.989487
0.012668 0.989487
0.012767 0.989487
0.012867 0.989487
0.012966 0.989487
0.013066 0.988868
0.013165 0.988250
0.013264 0.988250
0.013364 0.988250
0.013463 0.988250
0.013563 0.988250
0.013662 0.987631
0.013761 0.987013
0.013861 0.987013
0.013960 0.987013
0.014060 0.987013
0.014159 0.987013
0.014258 0.987013
0.014358 0.987013
0.014457 0.987013
0.014557 0.987013
0.014656 0.987013
0.014755 0.987013
0.014855 0.987013
0.014954 0.987013
0.015054 0.987013
0.015153 0.987013
0.015252 0.986395
0.015352 0.985776
0.015451 0.985158
0.015551 0.985158
0.015650 0.985158
0.015749 0.985158
0.015849 0.985158
0.015948 0.985158
0.016048 0.985158
0.016147 0.985158
0.016246 0.985158
0.016346 0.983921
0.016445 0.983921
0.016545 0.983921
0.016644 0.983921
0.016743 0.983921
0.016843 0.983921
0.016942 0.983921
0.017041 0.983921
0.017141 0.983921
0.017240 0.983921
0.017340 0.983302
0.017439 0.983302
0.017538 0.983302
0.017638 0.983302
0.017737 0.983302
0.017837 0.983302
0.017936 0.983302
0.018035 0.983302
0.018135 0.982684
0.018234 0.982684
0.018334 0.982684
0.018433 0.982684
0.018532 0.982684
0.018632 0.982066
0.018731 0.981447
0.018831 0.981447
0.018930 0.981447
0.019029 0.981447
0.019129 0.981447
0.019228 0.981447
0.019328 0.981447
0.019427 0.981447
0.019526 0.981447
0.019626 0.981447
0.019725 0.981447
0.019825 0.980829
0.019924 0.980210
0.020023 0.978973
0.020123 0.978973
0.020222 0.978973
0.020322 0.978973
0.020421 0.978973
0.020520 0.978973
0.020620 0.978355
0.020719 0.978355
0.020819 0.978355
0.020918 0.978355
0.021017 0.978355
0.021117 0.978355
0.021216 0.978355
0.021316 0.977737
0.021415 0.977737
0.021514 0.977737
0.021614 0.977737
0.021713 0.977118
0.021813 0.976500
0.021912 0.976500
0.022011 0.976500
0.022111 0.976500
0.022210 0.975881
0.022310 0.975881
0.022409 0.975263
0.022508 0.974644
0.022608 0.974644
0.022707 0.974644
0.022807 0.974644
0.022906 0.974644
0.023005 0.974644
0.023105 0.974644
0.023204 0.974644
0.023304 0.974644
0.023403 0.974644
0.023502 0.974026
0.023602 0.974026
0.023701 0.973408
0.023801 0.973408
0.023900 0.973408
0.023999 0.973408
0.024099 0.973408
0.024198 0.973408
0.024297 0.973408
0.024397 0.973408
0.024496 0.972789
0.024596 0.972789
0.024695 0.972789
0.024794 0.972789
0.024894 0.972789
0.024993 0.972789
0.025093 0.972789
0.025192 0.972789
0.025291 0.972171
0.025391 0.971552
0.025490 0.971552
0.025590 0.971552
0.025689 0.971552
0.025788 0.970315
0.025888 0.970315
0.025987 0.970315
0.026087 0.970315
0.026186 0.970315
0.026285 0.970315
0.026385 0.970315
0.026484 0.970315
0.026584 0.969697
0.026683 0.969697
0.026782 0.969697
0.026882 0.969079
0.026981 0.968460
0.027081 0.968460
0.027180 0.968460
0.027279 0.968460
0.027379 0.968460
0.027478 0.968460
0.027578 0.968460
0.027677 0.968460
0.027776 0.968460
0.027876 0.968460
0.027975 0.968460
0.028075 0.967842
0.028174 0.967223
0.028273 0.965986
0.028373 0.965986
0.028472 0.965986
0.028572 0.965368
0.028671 0.964750
0.028770 0.964750
0.028870 0.964750
0.028969 0.964750
0.029069 0.964750
0.029168 0.964750
0.029267 0.964131
0.029367 0.964131
0.029466 0.964131
0.029566 0.964131
0.029665 0.964131
0.029764 0.962894
0.029864 0.962276
0.029963 0.962276
0.030063 0.962276
0.030162 0.962276
0.030261 0.962276
0.030361 0.962276
0.030460 0.962276
0.030560 0.962276
0.030659 0.962276
0.030758 0.962276
0.030858 0.962276
0.030957 0.961657
0.031057 0.961657
0.031156 0.961657
0.031255 0.961657
0.031355 0.961657
0.031454 0.961657
0.031553 0.961657
0.031653 0.961039
0.031752 0.961039
0.031852 0.960421
0.031951 0.960421
0.032050 0.959802
0.032150 0.959802
0.032249 0.959802
0.032349 0.959802
0.032448 0.959802
0.032547 0.959802
0.032647 0.959802
0.032746 0.959184
0.032846 0.959184
0.032945 0.958565
0.033044 0.958565
0.033144 0.958565
0.033243 0.958565
0.033343 0.958565
0.033442 0.958565
0.033541 0.957947
0.033641 0.957328
0.033740 0.956092
0.033840 0.955473
0.033939 0.955473
0.034038 0.954236
0.034138 0.953618
0.034237 0.953618
0.034337 0.953618
0.034436 0.953618
0.034535 0.953618
0.034635 0.953618
0.034734 0.953618
0.034834 0.953618
0.034933 0.952999
0.035032 0.952999
0.035132 0.952381
0.035231 0.952381
0.035331 0.952381
0.035430 0.952381
0.035529 0.951144
0.035629 0.950526
0.035728 0.950526
0.035828 0.950526
0.035927 0.949907
0.036026 0.949907
0.036126 0.949907
0.036225 0.949289
0.036325 0.949289
0.036424 0.948670
0.036523 0.948670
0.036623 0.948052
0.036722 0.947434
0.036822 0.946815
0.036921 0.946197
0.037020 0.945578
0.037120 0.944960
0.037219 0.944960
0.037319 0.944341
0.037418 0.944341
0.037517 0.944341
0.037617 0.944341
0.037716 0.944341
0.037816 0.944341
0.037915 0.944341
0.038014 0.944341
0.038114 0.944341
0.038213 0.944341
0.038312 0.944341
0.038412 0.944341
0.038511 0.943105
0.038611 0.943105
0.038710 0.943105
0.038809 0.943105
0.038909 0.943105
0.039008 0.943105
0.039108 0.942486
0.039207 0.942486
0.039306 0.941868
0.039406 0.941868
0.039505 0.941868
0.039605 0.941868
0.039704 0.941868
0.039803 0.941868
0.039903 0.941868
0.040002 0.941868
0.040102 0.941868
0.040201 0.940631
0.040300 0.940012
0.040400 0.940012
0.040499 0.938776
0.040599 0.938776
0.040698 0.938776
0.040797 0.938157
0.040897 0.937539
0.040996 0.936920
0.041096 0.936302
0.041195 0.936302
0.041294 0.936302
0.041394 0.935683
0.041493 0.935683
0.041593 0.935065
0.041692 0.935065
0.041791 0.935065
0.041891 0.935065
0.041990 0.934447
0.042090 0.934447
0.042189 0.934447
0.042288 0.934447
0.042388 0.933210
0.042487 0.932591
0.042587 0.932591
0.042686 0.931973
0.042785 0.931973
0.042885 0.931973
0.042984 0.931973
0.043084 0.931354
0.043183 0.931354
0.043282 0.931354
0.043382 0.930736
0.043481 0.930736
0.043581 0.930118
0.043680 0.929499
0.043779 0.929499
0.043879 0.929499
0.043978 0.928881
0.044078 0.928881
0.044177 0.928881
0.044276 0.928881
0.044376 0.928881
0.044475 0.928881
0.044575 0.928881
0.044674 0.928262
0.044773 0.928262
0.044873 0.928262
0.044972 0.928262
0.045072 0.927644
0.045171 0.927644
0.045270 0.927644
0.045370 0.927025
0.045469 0.927025
0.045568 0.926407
0.045668 0.926407
0.045767 0.925788
0.045867 0.925170
0.045966 0.925170
0.046065 0.925170
0.046165 0.925170
0.046264 0.925170
0.046364 0.925170
0.046463 0.924552
0.046562 0.923315
0.046662 0.922696
0.046761 0.922078
0.046861 0.921459
0.046960 0.921459
0.047059 0.921459
0.047159 0.921459
0.047258 0.921459
0.047358 0.920841
0.047457 0.920841
0.047556 0.920841
0.047656 0.920841
0.047755 0.920841
0.047855 0.920223
0.047954 0.919604
0.048053 0.918986
0.048153 0.918986
0.048252 0.918367
0.048352 0.917749
0.048451 0.917130
0.048550 0.916512
0.048650 0.916512
0.048749 0.916512
0.048849 0.916512
0.048948 0.915894
0.049047 0.915894
0.049147 0.915275
0.049246 0.914657
0.049346 0.914038
0.049445 0.913420
0.049544 0.913420
0.049644 0.912801
0.049743 0.912801
0.049843 0.912183
0.049942 0.912183
0.050041 0.912183
0.050141 0.911565
0.050240 0.911565
0.050340 0.910946
0.050439 0.910946
0.050538 0.910328
0.050638 0.910328
0.050737 0.910328
0.050837 0.910328
0.050936 0.910328
0.051035 0.909709
0.051135 0.909709
0.051234 0.909709
0.051334 0.909709
0.051433 0.909091
0.051532 0.908472
0.051632 0.908472
0.051731 0.908472
0.051831 0.907854
0.051930 0.907236
0.052029 0.906617
0.052129 0.905999
0.052228 0.905999
0.052328 0.905999
0.052427 0.905999
0.052526 0.905999
0.052626 0.905380
0.052725 0.905380
0.052824 0.904762
0.052924 0.904143
0.053023 0.904143
0.053123 0.902907
0.053222 0.902907
0.053321 0.902907
0.053421 0.902907
0.053520 0.902907
0.053620 0.901670
0.053719 0.901670
0.053818 0.901051
0.053918 0.901051
0.054017 0.900433
0.054117 0.899196
0.054216 0.899196
0.054315 0.899196
0.054415 0.899196
0.054514 0.897959
0.054614 0.897959
0.054713 0.897959
0.054812 0.897959
0.054912 0.897341
0.055011 0.897341
0.055111 0.897341
0.055210 0.897341
0.055309 0.897341
0.055409 0.897341
0.055508 0.897341
0.055608 0.897341
0.055707 0.897341
0.055806 0.896722
0.055906 0.896722
0.056005 0.896104
0.056105 0.896104
0.056204 0.895485
0.056303 0.895485
0.056403 0.894867
0.056502 0.894867
0.056602 0.894249
0.056701 0.893630
0.056800 0.893630
0.056900 0.892393
0.056999 0.892393
0.057099 0.891775
0.057198 0.891156
0.057297 0.891156
0.057397 0.890538
0.057496 0.890538
0.057596 0.889920
0.057695 0.889920
0.057794 0.889301
0.057894 0.889301
0.057993 0.889301
0.058093 0.888683
0.058192 0.888064
0.058291 0.887446
0.058391 0.886827
0.058490 0.886827
0.058590 0.886827
0.058689 0.885591
0.058788 0.885591
0.058888 0.884354
0.058987 0.884354
0.059087 0.883735
0.059186 0.883735
0.059285 0.883117
0.059385 0.883117
0.059484 0.883117
0.059584 0.883117
0.059683 0.883117
0.059782 0.882498
0.059882 0.881262
0.059981 0.880643
0.060080 0.880643
0.060180 0.880643
0.060279 0.880025
0.060379 0.880025
0.060478 0.880025
0.060577 0.880025
0.060677 0.879406
0.060776 0.878788
0.060876 0.878169
0.060975 0.878169
0.061074 0.876314
0.061174 0.876314
0.061273 0.876314
0.061373 0.876314
0.061472 0.875696
0.061571 0.875077
0.061671 0.875077
0.061770 0.875077
0.061870 0.873840
0.061969 0.872604
0.062068 0.871985
0.062168 0.871985
0.062267 0.871985
0.062367 0.871367
0.062466 0.871367
0.062565 0.871367
0.062665 0.868893
0.062764 0.868893
0.062864 0.868275
0.062963 0.868275
0.063062 0.868275
0.063162 0.867656
0.063261 0.867656
0.063361 0.867038
0.063460 0.866419
0.063559 0.866419
0.063659 0.865801
0.063758 0.865801
0.063858 0.865801
0.063957 0.864564
0.064056 0.864564
0.064156 0.864564
0.064255 0.864564
0.064355 0.863946
0.064454 0.863946
0.064553 0.863946
0.064653 0.863946
0.064752 0.863327
0.064852 0.862709
0.064951 0.862709
0.065050 0.862090
0.065150 0.862090
0.065249 0.861472
0.065349 0.860853
0.065448 0.860853
0.065547 0.860853
0.065647 0.860235
0.065746 0.860235
0.065846 0.860235
0.065945 0.860235
0.066044 0.859617
0.066144 0.859617
0.066243 0.858998
0.066343 0.858998
0.066442 0.858998
0.066541 0.858380
0.066641 0.858380
0.066740 0.858380
0.066839 0.858380
0.066939 0.858380
0.067038 0.858380
0.067138 0.857761
0.067237 0.857761
0.067336 0.857761
0.067436 0.857761
0.067535 0.857761
0.067635 0.857761
0.067734 0.857761
0.067833 0.857761
0.067933 0.857143
0.068032 0.856524
0.068132 0.856524
0.068231 0.856524
0.068330 0.855288
0.068430 0.855288
0.068529 0.854669
0.068629 0.854669
0.068728 0.854669
0.068827 0.854669
0.068927 0.854669
0.069026 0.854669
0.069126 0.852195
0.069225 0.852195
0.069324 0.851577
0.069424 0.850959
0.069523 0.849722
0.069623 0.848485
0.069722 0.848485
0.069821 0.848485
0.069921 0.848485
0.070020 0.848485
0.070120 0.847866
0.070219 0.847248
0.070318 0.845393
0.070418 0.845393
0.070517 0.845393
0.070617 0.845393
0.070716 0.845393
0.070815 0.845393
0.070915 0.844774
0.071014 0.843537
0.071114 0.843537
0.071213 0.841682
0.071312 0.841682
0.071412 0.841682
0.071511 0.841064
0.071611 0.840445
0.071710 0.840445
0.071809 0.840445
0.071909 0.839208
0.072008 0.839208
0.072108 0.839208
0.072207 0.839208
0.072306 0.838590
0.072406 0.838590
0.072505 0.838590
0.072605 0.837353
0.072704 0.836116
0.072803 0.836116
0.072903 0.836116
0.073002 0.836116
0.073102 0.836116
0.073201 0.835498
0.073300 0.835498
0.073400 0.835498
0.073499 0.835498
0.073599 0.835498
0.073698 0.835498
0.073797 0.835498
0.073897 0.834879
0.073996 0.834879
0.074095 0.834261
0.074195 0.833643
0.074294 0.833643
0.074394 0.833643
0.074493 0.833024
0.074592 0.833024
0.074692 0.831169
0.074791 0.830550
0.074891 0.830550
0.074990 0.830550
0.075089 0.830550
0.075189 0.830550
0.075288 0.830550
0.075388 0.830550
0.075487 0.830550
0.075586 0.828695
0.075686 0.826840
0.075785 0.826840
0.075885 0.826221
0.075984 0.825603
0.076083 0.824985
0.076183 0.824366
0.076282 0.823748
0.076382 0.823748
0.076481 0.823129
0.076580 0.822511
0.076680 0.821892
0.076779 0.821892
0.076879 0.820656
0.076978 0.820656
0.077077 0.819419
0.077177 0.817563
0.077276 0.816945
0.077376 0.815708
0.077475 0.815708
0.077574 0.815090
0.077674 0.813853
0.077773 0.813853
0.077873 0.813234
0.077972 0.812616
0.078071 0.811998
0.078171 0.811379
0.078270 0.809524
0.078370 0.809524
0.078469 0.808905
0.078568 0.808905
0.078668 0.808905
0.078767 0.808905
0.078867 0.808905
0.078966 0.808905
0.079065 0.808905
0.079165 0.808905
0.079264 0.808905
0.079364 0.808287
0.079463 0.807669
0.079562 0.807669
0.079662 0.807050
0.079761 0.806432
0.079861 0.806432
0.079960 0.806432
0.080059 0.805195
0.080159 0.804576
0.080258 0.803958
0.080358 0.803958
0.080457 0.802721
0.080556 0.802721
0.080656 0.802721
0.080755 0.802721
0.080855 0.802721
0.080954 0.802721
0.081053 0.802721
0.081153 0.802721
0.081252 0.802721
0.081351 0.802721
0.081451 0.802103
0.081550 0.802103
0.081650 0.802103
0.081749 0.801484
0.081848 0.800247
0.081948 0.800247
0.082047 0.800247
0.082147 0.799629
0.082246 0.799629
0.082345 0.799011
0.082445 0.797774
0.082544 0.797774
0.082644 0.797774
0.082743 0.797774
0.082842 0.796537
0.082942 0.795300
0.083041 0.795300
0.083141 0.794682
0.083240 0.794682
0.083339 0.794682
0.083439 0.794063
0.083538 0.793445
0.083638 0.793445
0.083737 0.793445
0.083836 0.792826
0.083936 0.792208
0.084035 0.792208
0.084135 0.791589
0.084234 0.791589
0.084333 0.791589
0.084433 0.789734
0.084532 0.789734
0.084632 0.789734
0.084731 0.788497
0.084830 0.787260
0.084930 0.786642
0.085029 0.786024
0.085129 0.785405
0.085228 0.785405
0.085327 0.785405
0.085427 0.784787
0.085526 0.784787
0.085626 0.784787
0.085725 0.783550
0.085824 0.783550
0.085924 0.783550
0.086023 0.783550
0.086123 0.782931
0.086222 0.782931
0.086321 0.782931
0.086421 0.782313
0.086520 0.781076
0.086620 0.780458
0.086719 0.779839
0.086818 0.779839
0.086918 0.779839
0.087017 0.779839
0.087117 0.779221
0.087216 0.779221
0.087315 0.779221
0.087415 0.779221
0.087514 0.779221
0.087614 0.779221
0.087713 0.779221
0.087812 0.779221
0.087912 0.779221
0.088011 0.778602
0.088111 0.778602
0.088210 0.778602
0.088309 0.778602
0.088409 0.778602
0.088508 0.778602
0.088607 0.778602
0.088707 0.778602
0.088806 0.778602
0.088906 0.778602
0.089005 0.777365
0.089104 0.777365
0.089204 0.776747
0.089303 0.776129
0.089403 0.776129
0.089502 0.776129
0.089601 0.776129
0.089701 0.775510
0.089800 0.774273
0.089900 0.774273
0.089999 0.773655
0.090098 0.773036
0.090198 0.773036
0.090297 0.772418
0.090397 0.772418
0.090496 0.772418
0.090595 0.772418
0.090695 0.771181
0.090794 0.771181
0.090894 0.771181
0.090993 0.771181
0.091092 0.770563
0.091192 0.770563
0.091291 0.769944
0.091391 0.769326
0.091490 0.769326
0.091589 0.769326
0.091689 0.769326
0.091788 0.769326
0.091888 0.769326
0.091987 0.769326
0.092086 0.768707
0.092186 0.768707
0.092285 0.768089
0.092385 0.768089
0.092484 0.768089
0.092583 0.768089
0.092683 0.767471
0.092782 0.766852
0.092882 0.766852
0.092981 0.766852
0.093080 0.766852
0.093180 0.766234
0.093279 0.764997
0.093379 0.764378
0.093478 0.763760
0.093577 0.763760
0.093677 0.763760
0.093776 0.763142
0.093876 0.763142
0.093975 0.761905
0.094074 0.760668
0.094174 0.760049
0.094273 0.759431
0.094373 0.759431
0.094472 0.759431
0.094571 0.759431
0.094671 0.758194
0.094770 0.757576
0.094870 0.757576
0.094969 0.757576
0.095068 0.757576
0.095168 0.756957
0.095267 0.756957
0.095367 0.756957
0.095466 0.756957
0.095565 0.755720
0.095665 0.755720
0.095764 0.755720
0.095863 0.755720
0.095963 0.755720
0.096062 0.755720
0.096162 0.755102
0.096261 0.754484
0.096360 0.754484
0.096460 0.753865
0.096559 0.753865
0.096659 0.753247
0.096758 0.753247
0.096857 0.752010
0.096957 0.751391
0.097056 0.751391
0.097156 0.751391
0.097255 0.751391
0.097354 0.751391
0.097454 0.751391
0.097553 0.749536
0.097653 0.748918
0.097752 0.747681
0.097851 0.747062
0.097951 0.746444
0.098050 0.746444
0.098150 0.745826
0.098249 0.745826
0.098348 0.745826
0.098448 0.745207
0.098547 0.745207
0.098647 0.744589
0.098746 0.744589
0.098845 0.743970
0.098945 0.742733
0.099044 0.742733
0.099144 0.742733
0.099243 0.742733
0.099342 0.742733
0.099442 0.742733
0.099541 0.742733
0.099641 0.742733
0.099740 0.742733
0.099839 0.742733
0.099939 0.742115
0.100038 0.742115
0.100138 0.742115
0.100237 0.741497
0.100336 0.741497
0.100436 0.740878
0.100535 0.739641
0.100635 0.739641
0.100734 0.739023
0.100833 0.738404
0.100933 0.737786
0.101032 0.737168
0.101132 0.737168
0.101231 0.737168
0.101330 0.736549
0.101430 0.735931
0.101529 0.735312
0.101629 0.735312
0.101728 0.734694
0.101827 0.734694
0.101927 0.734075
0.102026 0.733457
0.102126 0.733457
0.102225 0.733457
0.102324 0.732839
0.102424 0.732220
0.102523 0.732220
0.102622 0.732220
0.102722 0.730365
0.102821 0.729746
0.102921 0.728510
0.103020 0.728510
0.103119 0.727891
0.103219 0.727891
0.103318 0.727273
0.103418 0.727273
0.103517 0.727273
0.103616 0.726654
0.103716 0.726036
0.103815 0.726036
0.103915 0.724799
0.104014 0.724181
0.104113 0.724181
0.104213 0.724181
0.104312 0.723562
0.104412 0.723562
0.104511 0.722944
0.104610 0.722944
0.104710 0.722944
0.104809 0.722944
0.104909 0.722325
0.105008 0.721707
0.105107 0.721707
0.105207 0.721088
0.105306 0.721088
0.105406 0.721088
0.105505 0.721088
0.105604 0.720470
0.105704 0.720470
0.105803 0.720470
0.105903 0.720470
0.106002 0.719852
0.106101 0.719852
0.106201 0.719852
0.106300 0.719852
0.106400 0.718615
0.106499 0.718615
0.106598 0.717378
0.106698 0.717378
0.106797 0.716759
0.106897 0.716141
0.106996 0.716141
0.107095 0.716141
0.107195 0.715523
0.107294 0.715523
0.107394 0.715523
0.107493 0.714904
0.107592 0.714904
0.107692 0.714904
0.107791 0.714286
0.107891 0.714286
0.107990 0.714286
0.108089 0.713667
0.108189 0.713667
0.108288 0.713667
0.108388 0.713667
0.108487 0.713667
0.108586 0.713667
0.108686 0.713667
0.108785 0.713667
0.108885 0.713049
0.108984 0.711812
0.109083 0.711194
0.109183 0.711194
0.109282 0.711194
0.109382 0.711194
0.109481 0.710575
0.109580 0.710575
0.109680 0.709957
0.109779 0.709338
0.109878 0.708720
0.109978 0.708101
0.110077 0.708101
0.110177 0.707483
0.110276 0.707483
0.110375 0.707483
0.110475 0.707483
0.110574 0.706865
0.110674 0.706865
0.110773 0.706865
0.110872 0.706865
0.110972 0.706865
0.111071 0.706865
0.111171 0.706865
0.111270 0.705628
0.111369 0.705628
0.111469 0.705628
0.111568 0.705009
0.111668 0.705009
0.111767 0.704391
0.111866 0.704391
0.111966 0.704391
0.112065 0.703154
0.112165 0.702536
0.112264 0.702536
0.112363 0.702536
0.112463 0.702536
0.112562 0.702536
0.112662 0.702536
0.112761 0.702536
0.112860 0.702536
0.112960 0.701299
0.113059 0.701299
0.113159 0.701299
0.113258 0.700680
0.113357 0.700680
0.113457 0.700680
0.113556 0.700680
0.113656 0.700680
0.113755 0.700680
0.113854 0.700680
0.113954 0.700062
0.114053 0.699443
0.114153 0.698207
0.114252 0.698207
0.114351 0.698207
0.114451 0.698207
0.114550 0.697588
0.114650 0.697588
0.114749 0.697588
0.114848 0.696970
0.114948 0.696351
0.115047 0.696351
0.115147 0.696351
0.115246 0.696351
0.115345 0.695733
0.115445 0.695114
0.115544 0.694496
0.115644 0.693878
0.115743 0.693878
0.115842 0.693878
0.115942 0.693878
0.116041 0.693259
0.116141 0.693259
0.116240 0.693259
0.116339 0.693259
0.116439 0.692641
0.116538 0.692641
0.116638 0.692641
0.116737 0.692022
0.116836 0.692022
0.116936 0.692022
0.117035 0.690785
0.117134 0.690785
0.117234 0.690167
0.117333 0.690167
0.117433 0.690167
0.117532 0.689549
0.117631 0.688312
0.117731 0.688312
0.117830 0.688312
0.117930 0.688312
0.118029 0.688312
0.118128 0.688312
0.118228 0.688312
0.118327 0.687693
0.118427 0.687693
0.118526 0.687693
0.118625 0.687693
0.118725 0.687075
0.118824 0.687075
0.118924 0.685838
0.119023 0.685838
0.119122 0.685838
0.119222 0.685838
0.119321 0.685220
0.119421 0.684601
0.119520 0.684601
0.119619 0.684601
0.119719 0.683983
0.119818 0.683364
0.119918 0.683364
0.120017 0.683364
0.120116 0.682746
0.120216 0.682127
0.120315 0.681509
0.120415 0.681509
0.120514 0.681509
0.120613 0.681509
0.120713 0.680891
0.120812 0.679654
0.120912 0.679654
0.121011 0.679654
0.121110 0.679654
0.121210 0.679654
0.121309 0.678417
0.121409 0.678417
0.121508 0.678417
0.121607 0.678417
0.121707 0.678417
0.121806 0.678417
0.121906 0.678417
0.122005 0.678417
0.122104 0.678417
0.122204 0.678417
0.122303 0.677180
0.122403 0.676562
0.122502 0.676562
0.122601 0.675943
0.122701 0.675325
0.122800 0.675325
0.122900 0.674706
0.122999 0.674088
0.123098 0.674088
0.123198 0.674088
0.123297 0.673469
0.123397 0.672851
0.123496 0.672851
0.123595 0.672851
0.123695 0.672851
0.123794 0.672233
0.123894 0.672233
0.123993 0.671614
0.124092 0.671614
0.124192 0.671614
0.124291 0.671614
0.124390 0.670377
0.124490 0.670377
0.124589 0.669759
0.124689 0.669140
0.124788 0.668522
0.124887 0.668522
0.124987 0.668522
0.125086 0.668522
0.125186 0.668522
0.125285 0.667904
0.125384 0.667904
0.125484 0.667904
0.125583 0.667285
0.125683 0.666667
0.125782 0.666048
0.125881 0.665430
0.125981 0.664811
0.126080 0.664811
0.126180 0.664193
0.126279 0.662956
0.126378 0.662338
0.126478 0.662338
0.126577 0.662338
0.126677 0.661719
0.126776 0.661101
0.126875 0.660482
0.126975 0.660482
0.127074 0.660482
0.127174 0.660482
0.127273 0.660482
0.127372 0.659864
0.127472 0.659864
0.127571 0.658627
0.127671 0.658627
0.127770 0.658009
0.127869 0.658009
0.127969 0.657390
0.128068 0.656772
0.128168 0.656772
0.128267 0.656153
0.128366 0.656153
0.128466 0.655535
0.128565 0.655535
0.128665 0.655535
0.128764 0.654298
0.128863 0.653061
0.128963 0.653061
0.129062 0.653061
0.129162 0.652443
0.129261 0.652443
0.129360 0.652443
0.129460 0.652443
0.129559 0.652443
0.129659 0.650588
0.129758 0.650588
0.129857 0.650588
0.129957 0.650588
0.130056 0.649351
0.130156 0.649351
0.130255 0.648114
0.130354 0.647495
0.130454 0.647495
0.130553 0.647495
0.130653 0.646877
0.130752 0.646259
0.130851 0.646259
0.130951 0.646259
0.131050 0.646259
0.131150 0.645640
0.131249 0.645022
0.131348 0.645022
0.131448 0.645022
0.131547 0.645022
0.131646 0.644403
0.131746 0.643785
0.131845 0.643785
0.131945 0.643785
0.132044 0.643785
0.132143 0.643785
0.132243 0.643166
0.132342 0.642548
0.132442 0.642548
0.132541 0.642548
0.132640 0.642548
0.132740 0.642548
0.132839 0.642548
0.132939 0.642548
0.133038 0.642548
0.133137 0.641929
0.133237 0.641929
0.133336 0.640074
0.133436 0.640074
0.133535 0.639456
0.133634 0.639456
0.133734 0.638837
0.133833 0.638837
0.133933 0.638837
0.134032 0.638837
0.134131 0.638837
0.134231 0.638837
0.134330 0.638837
0.134430 0.638837
0.134529 0.638837
0.134628 0.638219
0.134728 0.636982
0.134827 0.636364
0.134927 0.636364
0.135026 0.635127
0.135125 0.635127
0.135225 0.635127
0.135324 0.633890
0.135424 0.632653
0.135523 0.632653
0.135622 0.631416
0.135722 0.631416
0.135821 0.631416
0.135921 0.631416
0.136020 0.631416
0.136119 0.630798
0.136219 0.630798
0.136318 0.630179
0.136418 0.630179
0.136517 0.628942
0.136616 0.627706
0.136716 0.627087
0.136815 0.627087
0.136915 0.627087
0.137014 0.627087
0.137113 0.627087
0.137213 0.626469
0.137312 0.626469
0.137412 0.626469
0.137511 0.626469
0.137610 0.626469
0.137710 0.626469
0.137809 0.625850
0.137909 0.625850
0.138008 0.625850
0.138107 0.625850
0.138207 0.625850
0.138306 0.625232
0.138405 0.625232
0.138505 0.624613
0.138604 0.624613
0.138704 0.624613
0.138803 0.623995
0.138902 0.623377
0.139002 0.623377
0.139101 0.623377
0.139201 0.623377
0.139300 0.622758
0.139399 0.622140
0.139499 0.621521
0.139598 0.621521
0.139698 0.621521
0.139797 0.620903
0.139896 0.620903
0.139996 0.620903
0.140095 0.620903
0.140195 0.620903
0.140294 0.620284
0.140393 0.620284
0.140493 0.619666
0.140592 0.619666
0.140692 0.619666
0.140791 0.619048
0.140890 0.619048
0.140990 0.618429
0.141089 0.617811
0.141189 0.617811
0.141288 0.617192
0.141387 0.617192
0.141487 0.616574
0.141586 0.615955
0.141686 0.615955
0.141785 0.615337
0.141884 0.614719
0.141984 0.614719
0.142083 0.614100
0.142183 0.612863
0.142282 0.612245
0.142381 0.611626
0.142481 0.611626
0.142580 0.610390
0.142680 0.609771
0.142779 0.609771
0.142878 0.609771
0.142978 0.608534
0.143077 0.606679
0.143177 0.606061
0.143276 0.606061
0.143375 0.606061
0.143475 0.605442
0.143574 0.605442
0.143674 0.605442
0.143773 0.605442
0.143872 0.605442
0.143972 0.605442
0.144071 0.604824
0.144171 0.604205
0.144270 0.603587
0.144369 0.603587
0.144469 0.603587
0.144568 0.603587
0.144668 0.603587
0.144767 0.603587
0.144866 0.602968
0.144966 0.602968
0.145065 0.602968
0.145165 0.602968
0.145264 0.602968
0.145363 0.602968
0.145463 0.602968
0.145562 0.602968
0.145661 0.602968
0.145761 0.602968
0.145860 0.602968
0.145960 0.602350
0.146059 0.602350
0.146158 0.602350
0.146258 0.602350
0.146357 0.602350
0.146457 0.601732
0.146556 0.601732
0.146655 0.599258
0.146755 0.598021
0.146854 0.597403
0.146954 0.597403
0.147053 0.596784
0.147152 0.596784
0.147252 0.596166
0.147351 0.596166
0.147451 0.596166
0.147550 0.594929
0.147649 0.594929
0.147749 0.594310
0.147848 0.594310
0.147948 0.594310
0.148047 0.594310
0.148146 0.593692
0.148246 0.593692
0.148345 0.593074
0.148445 0.593074
0.148544 0.593074
0.148643 0.593074
0.148743 0.591837
0.148842 0.591218
0.148942 0.591218
0.149041 0.591218
0.149140 0.591218
0.149240 0.590600
0.149339 0.590600
0.149439 0.590600
0.149538 0.589981
0.149637 0.589363
0.149737 0.589363
0.149836 0.589363
0.149936 0.588745
0.150035 0.588745
0.150134 0.588745
0.150234 0.586889
0.150333 0.586271
0.150433 0.586271
0.150532 0.586271
0.150631 0.586271
0.150731 0.585652
0.150830 0.585034
0.150930 0.584416
0.151029 0.584416
0.151128 0.584416
0.151228 0.583797
0.151327 0.583797
0.151427 0.583797
0.151526 0.583179
0.151625 0.583179
0.151725 0.583179
0.151824 0.583179
0.151924 0.583179
0.152023 0.582560
0.152122 0.581323
0.152222 0.581323
0.152321 0.581323
0.152421 0.580705
0.152520 0.580087
0.152619 0.580087
0.152719 0.580087
0.152818 0.580087
0.152917 0.580087
0.153017 0.579468
0.153116 0.579468
0.153216 0.579468
0.153315 0.579468
0.153414 0.579468
0.153514 0.579468
0.153613 0.579468
0.153713 0.578850
0.153812 0.578850
0.153911 0.578850
0.154011 0.578850
0.154110 0.578850
0.154210 0.578850
0.154309 0.578850
0.154408 0.578231
0.154508 0.577613
0.154607 0.577613
0.154707 0.577613
0.154806 0.577613
0.154905 0.577613
0.155005 0.576994
0.155104 0.576994
0.155204 0.575758
0.155303 0.575758
0.155402 0.575139
0.155502 0.575139
0.155601 0.574521
0.155701 0.573902
0.155800 0.573902
0.155899 0.573902
0.155999 0.573902
0.156098 0.573284
0.156198 0.573284
0.156297 0.573284
0.156396 0.573284
0.156496 0.573284
0.156595 0.572665
0.156695 0.572665
0.156794 0.571429
0.156893 0.571429
0.156993 0.571429
0.157092 0.571429
0.157192 0.571429
0.157291 0.571429
0.157390 0.570192
0.157490 0.570192
0.157589 0.570192
0.157689 0.570192
0.157788 0.569573
0.157887 0.569573
0.157987 0.569573
0.158086 0.569573
0.158186 0.569573
0.158285 0.569573
0.158384 0.569573
0.158484 0.569573
0.158583 0.568955
0.158683 0.568336
0.158782 0.568336
0.158881 0.568336
0.158981 0.567718
0.159080 0.567100
0.159180 0.567100
0.159279 0.567100
0.159378 0.567100
0.159478 0.567100
0.159577 0.567100
0.159677 0.567100
0.159776 0.567100
0.159875 0.567100
0.159975 0.567100
0.160074 0.567100
0.160173 0.567100
0.160273 0.566481
0.160372 0.566481
0.160472 0.566481
0.160571 0.566481
0.160670 0.566481
0.160770 0.566481
0.160869 0.566481
0.160969 0.566481
0.161068 0.566481
0.161167 0.566481
0.161267 0.566481
0.161366 0.566481
0.161466 0.566481
0.161565 0.566481
0.161664 0.566481
0.161764 0.565863
0.161863 0.565863
0.161963 0.565863
0.162062 0.565244
0.162161 0.565244
0.162261 0.565244
0.162360 0.565244
0.162460 0.564007
0.162559 0.564007
0.162658 0.564007
0.162758 0.564007
0.162857 0.564007
0.162957 0.562771
0.163056 0.562771
0.163155 0.562771
0.163255 0.562771
0.163354 0.562771
0.163454 0.562771
0.163553 0.562771
0.163652 0.562771
0.163752 0.562771
0.163851 0.562152
0.163951 0.562152
0.164050 0.562152
0.164149 0.562152
0.164249 0.562152
0.164348 0.562152
0.164448 0.562152
0.164547 0.562152
0.164646 0.562152
0.164746 0.561534
0.164845 0.561534
0.164945 0.561534
0.165044 0.561534
0.165143 0.560915
0.165243 0.560915
0.165342 0.560915
0.165442 0.560297
0.165541 0.560297
0.165640 0.560297
0.165740 0.560297
0.165839 0.559678
0.165939 0.558442
0.166038 0.557823
0.166137 0.557823
0.166237 0.557205
0.166336 0.557205
0.166436 0.557205
0.166535 0.556586
0.166634 0.556586
0.166734 0.556586
0.166833 0.555349
0.166932 0.555349
0.167032 0.555349
0.167131 0.555349
0.167231 0.555349
0.167330 0.555349
0.167429 0.554731
0.167529 0.554113
0.167628 0.554113
0.167728 0.554113
0.167827 0.554113
0.167926 0.554113
0.168026 0.553494
0.168125 0.552257
0.168225 0.552257
0.168324 0.551639
0.168423 0.551020
0.168523 0.551020
0.168622 0.551020
0.168722 0.550402
0.168821 0.550402
0.168920 0.550402
0.169020 0.550402
0.169119 0.550402
0.169219 0.550402
0.169318 0.549784
0.169417 0.548547
0.169517 0.547928
0.169616 0.546073
0.169716 0.545455
0.169815 0.545455
0.169914 0.544836
0.170014 0.544218
0.170113 0.544218
0.170213 0.544218
0.170312 0.544218
0.170411 0.544218
0.170511 0.544218
0.170610 0.542362
0.170710 0.541744
0.170809 0.541744
0.170908 0.541126
0.171008 0.541126
0.171107 0.541126
0.171207 0.539889
0.171306 0.539270
0.171405 0.539270
0.171505 0.538033
0.171604 0.538033
0.171704 0.537415
0.171803 0.537415
0.171902 0.537415
0.172002 0.537415
0.172101 0.535560
0.172201 0.535560
0.172300 0.534941
0.172399 0.534323
0.172499 0.534323
0.172598 0.534323
0.172698 0.533704
0.172797 0.533704
0.172896 0.532468
0.172996 0.532468
0.173095 0.532468
0.173195 0.531849
0.173294 0.531849
0.173393 0.531849
0.173493 0.530612
0.173592 0.530612
0.173692 0.529994
0.173791 0.529994
0.173890 0.529375
0.173990 0.528757
0.174089 0.528139
0.174188 0.528139
0.174288 0.528139
0.174387 0.528139
0.174487 0.527520
0.174586 0.527520
0.174685 0.527520
0.174785 0.527520
0.174884 0.527520
0.174984 0.526902
0.175083 0.526902
0.175182 0.526902
0.175282 0.526283
0.175381 0.525665
0.175481 0.525665
0.175580 0.525665
0.175679 0.525046
0.175779 0.525046
0.175878 0.525046
0.175978 0.525046
0.176077 0.525046
0.176176 0.525046
0.176276 0.525046
0.176375 0.523810
0.176475 0.523191
0.176574 0.523191
0.176673 0.523191
0.176773 0.523191
0.176872 0.521954
0.176972 0.521954
0.177071 0.521336
0.177170 0.520717
0.177270 0.520099
0.177369 0.520099
0.177469 0.520099
0.177568 0.519481
0.177667 0.519481
0.177767 0.519481
0.177866 0.519481
0.177966 0.519481
0.178065 0.519481
0.178164 0.519481
0.178264 0.519481
0.178363 0.518862
0.178463 0.518862
0.178562 0.518862
0.178661 0.518862
0.178761 0.518862
0.178860 0.517007
0.178960 0.517007
0.179059 0.517007
0.179158 0.517007
0.179258 0.517007
0.179357 0.516388
0.179457 0.516388
0.179556 0.516388
0.179655 0.515770
0.179755 0.515770
0.179854 0.515770
0.179954 0.515770
0.180053 0.515152
0.180152 0.515152
0.180252 0.514533
0.180351 0.514533
0.180451 0.514533
0.180550 0.514533
0.180649 0.514533
0.180749 0.514533
0.180848 0.514533
0.180948 0.513915
0.181047 0.513915
0.181146 0.513915
0.181246 0.513915
0.181345 0.512678
0.181444 0.512678
0.181544 0.512678
0.181643 0.512059
0.181743 0.512059
0.181842 0.512059
0.181941 0.512059
0.182041 0.512059
0.182140 0.511441
0.182240 0.511441
0.182339 0.510823
0.182438 0.510823
0.182538 0.510823
0.182637 0.510823
0.182737 0.510823
0.182836 0.510823
0.182935 0.510823
0.183035 0.509586
0.183134 0.509586
0.183234 0.508967
0.183333 0.508349
0.183432 0.508349
0.183532 0.508349
0.183631 0.507730
0.183731 0.506494
0.183830 0.506494
0.183929 0.506494
0.184029 0.505875
0.184128 0.505257
0.184228 0.505257
0.184327 0.505257
0.184426 0.505257
0.184526 0.504638
0.184625 0.504638
0.184725 0.504638
0.184824 0.504020
0.184923 0.504020
0.185023 0.504020
0.185122 0.503401
0.185222 0.503401
0.185321 0.503401
0.185420 0.502783
0.185520 0.502165
0.185619 0.501546
0.185719 0.500928
0.185818 0.500928
0.185917 0.500309
0.186017 0.500309
0.186116 0.500309
0.186216 0.500309
0.186315 0.500309
0.186414 0.500309
0.186514 0.500309
0.186613 0.499691
0.186713 0.499072
0.186812 0.499072
0.186911 0.499072
0.187011 0.498454
0.187110 0.498454
0.187210 0.498454
0.187309 0.497835
0.187408 0.497835
0.187508 0.497835
0.187607 0.497835
0.187707 0.497835
0.187806 0.497835
0.187905 0.497835
0.188005 0.497835
0.188104 0.497217
0.188204 0.495980
0.188303 0.495980
0.188402 0.495980
0.188502 0.495980
0.188601 0.495980
0.188700 0.495362
0.188800 0.495362
0.188899 0.495362
0.188999 0.495362
0.189098 0.495362
0.189197 0.495362
0.189297 0.495362
0.189396 0.495362
0.189496 0.494743
0.189595 0.494743
0.189694 0.494743
0.189794 0.493506
0.189893 0.493506
0.189993 0.493506
0.190092 0.493506
0.190191 0.492888
0.190291 0.492270
0.190390 0.491651
0.190490 0.491651
0.190589 0.491651
0.190688 0.491651
0.190788 0.490414
0.190887 0.490414
0.190987 0.490414
0.191086 0.490414
0.191185 0.490414
0.191285 0.490414
0.191384 0.489796
0.191484 0.488559
0.191583 0.488559
0.191682 0.488559
0.191782 0.488559
0.191881 0.488559
0.191981 0.488559
0.192080 0.487941
0.192179 0.487322
0.192279 0.486704
0.192378 0.486704
0.192478 0.486704
0.192577 0.486085
0.192676 0.485467
0.192776 0.484848
0.192875 0.484848
0.192975 0.484848
0.193074 0.484848
0.193173 0.484848
0.193273 0.484848
0.193372 0.484848
0.193472 0.483612
0.193571 0.483612
0.193670 0.483612
0.193770 0.483612
0.193869 0.483612
0.193969 0.483612
0.194068 0.482993
0.194167 0.482993
0.194267 0.482993
0.194366 0.482375
0.194466 0.482375
0.194565 0.482375
0.194664 0.482375
0.194764 0.482375
0.194863 0.481756
0.194963 0.481756
0.195062 0.481756
0.195161 0.481756
0.195261 0.481756
0.195360 0.481756
0.195460 0.481756
0.195559 0.481756
0.195658 0.481756
0.195758 0.481756
0.195857 0.481138
0.195956 0.481138
0.196056 0.481138
0.196155 0.480519
0.196255 0.479901
0.196354 0.479283
0.196453 0.479283
0.196553 0.479283
0.196652 0.479283
0.196752 0.479283
0.196851 0.479283
0.196950 0.478664
0.197050 0.478664
0.197149 0.478664
0.197249 0.478664
0.197348 0.478664
0.197447 0.478664
0.197547 0.478046
0.197646 0.478046
0.197746 0.478046
0.197845 0.478046
0.197944 0.478046
0.198044 0.478046
0.198143 0.478046
0.198243 0.478046
0.198342 0.478046
0.198441 0.478046
0.198541 0.477427
0.198640 0.476809
0.198740 0.476190
0.198839 0.476190
0.198938 0.476190
0.199038 0.476190
0.199137 0.476190
0.199237 0.475572
0.199336 0.474954
0.199435 0.474954
0.199535 0.474954
0.199634 0.474954
0.199734 0.474954
0.199833 0.474954
0.199932 0.474954
0.200032 0.473717
0.200131 0.473098
0.200231 0.473098
0.200330 0.473098
0.200429 0.473098
0.200529 0.473098
0.200628 0.473098
0.200728 0.473098
0.200827 0.473098
0.200926 0.473098
0.201026 0.473098
0.201125 0.473098
0.201225 0.473098
0.201324 0.472480
0.201423 0.472480
0.201523 0.472480
0.201622 0.471861
0.201722 0.471861
0.201821 0.471861
0.201920 0.471861
0.202020 0.471861
0.202119 0.471243
0.202219 0.471243
0.202318 0.471243
0.202417 0.470006
0.202517 0.470006
0.202616 0.470006
0.202715 0.470006
0.202815 0.469388
0.202914 0.469388
0.203014 0.469388
0.203113 0.469388
0.203212 0.469388
0.203312 0.469388
0.203411 0.469388
0.203511 0.469388
0.203610 0.468151
0.203709 0.467532
0.203809 0.467532
0.203908 0.467532
0.204008 0.466914
0.204107 0.466296
0.204206 0.466296
0.204306 0.465677
0.204405 0.465677
0.204505 0.465677
0.204604 0.465677
0.204703 0.465059
0.204803 0.465059
0.204902 0.465059
0.205002 0.465059
0.205101 0.464440
0.205200 0.464440
0.205300 0.464440
0.205399 0.463822
0.205499 0.463822
0.205598 0.463822
0.205697 0.463822
0.205797 0.463822
0.205896 0.463822
0.205996 0.463822
0.206095 0.463822
0.206194 0.463822
0.206294 0.463203
0.206393 0.461967
0.206493 0.461967
0.206592 0.461348
0.206691 0.461348
0.206791 0.461348
0.206890 0.461348
0.206990 0.460730
0.207089 0.460730
0.207188 0.460730
0.207288 0.460730
0.207387 0.460730
0.207487 0.460730
0.207586 0.460111
0.207685 0.460111
0.207785 0.459493
0.207884 0.459493
0.207984 0.459493
0.208083 0.459493
0.208182 0.459493
0.208282 0.459493
0.208381 0.459493
0.208481 0.459493
0.208580 0.459493
0.208679 0.459493
0.208779 0.459493
0.208878 0.459493
0.208978 0.459493
0.209077 0.459493
0.209176 0.459493
0.209276 0.459493
0.209375 0.458874
0.209475 0.458874
0.209574 0.458256
0.209673 0.457019
0.209773 0.457019
0.209872 0.457019
0.209971 0.457019
0.210071 0.456401
0.210170 0.455782
0.210270 0.455782
0.210369 0.455782
0.210468 0.455164
0.210568 0.454545
0.210667 0.454545
0.210767 0.454545
0.210866 0.454545
0.210965 0.454545
0.211065 0.454545
0.211164 0.454545
0.211264 0.454545
0.211363 0.454545
0.211462 0.454545
0.211562 0.454545
0.211661 0.454545
0.211761 0.454545
0.211860 0.454545
0.211959 0.454545
0.212059 0.454545
0.212158 0.454545
0.212258 0.454545
0.212357 0.454545
0.212456 0.454545
0.212556 0.453927
0.212655 0.453927
0.212755 0.453927
0.212854 0.453927
0.212953 0.453309
0.213053 0.452690
0.213152 0.452690
0.213252 0.452072
0.213351 0.451453
0.213450 0.451453
0.213550 0.450835
0.213649 0.450835
0.213749 0.450835
0.213848 0.450835
0.213947 0.450835
0.214047 0.450835
0.214146 0.450835
0.214246 0.450835
0.214345 0.450216
0.214444 0.450216
0.214544 0.449598
0.214643 0.449598
0.214743 0.449598
0.214842 0.449598
0.214941 0.449598
0.215041 0.448980
0.215140 0.448980
0.215240 0.448361
0.215339 0.448361
0.215438 0.448361
0.215538 0.448361
0.215637 0.448361
0.215737 0.448361
0.215836 0.448361
0.215935 0.448361
0.216035 0.447743
0.216134 0.447743
0.216234 0.447124
0.216333 0.447124
0.216432 0.447124
0.216532 0.447124
0.216631 0.445269
0.216731 0.444651
0.216830 0.444651
0.216929 0.444651
0.217029 0.444651
0.217128 0.444651
0.217227 0.444651
0.217327 0.444651
0.217426 0.444651
0.217526 0.444032
0.217625 0.444032
0.217724 0.444032
0.217824 0.443414
0.217923 0.443414
0.218023 0.443414
0.218122 0.443414
0.218221 0.443414
0.218321 0.443414
0.218420 0.443414
0.218520 0.442795
0.218619 0.442177
0.218718 0.442177
0.218818 0.441558
0.218917 0.441558
0.219017 0.441558
0.219116 0.441558
0.219215 0.441558
0.219315 0.441558
0.219414 0.441558
0.219514 0.441558
0.219613 0.441558
0.219712 0.441558
0.219812 0.441558
0.219911 0.440940
0.220011 0.440940
0.220110 0.440940
0.220209 0.440940
0.220309 0.440322
0.220408 0.440322
0.220508 0.440322
0.220607 0.440322
0.220706 0.440322
0.220806 0.440322
0.220905 0.440322
0.221005 0.440322
0.221104 0.440322
0.221203 0.439703
0.221303 0.439703
0.221402 0.439085
0.221502 0.439085
0.221601 0.438466
0.221700 0.437848
0.221800 0.437848
0.221899 0.437229
0.221999 0.437229
0.222098 0.437229
0.222197 0.437229
0.222297 0.437229
0.222396 0.437229
0.222496 0.437229
0.222595 0.437229
0.222694 0.437229
0.222794 0.437229
0.222893 0.437229
0.222993 0.437229
0.223092 0.437229
0.223191 0.436611
0.223291 0.435993
0.223390 0.435993
0.223490 0.435374
0.223589 0.435374
0.223688 0.435374
0.223788 0.435374
0.223887 0.434756
0.223987 0.434137
0.224086 0.433519
0.224185 0.433519
0.224285 0.432900
0.224384 0.432900
0.224483 0.432900
0.224583 0.432900
0.224682 0.432900
0.224782 0.432282
0.224881 0.431664
0.224980 0.431664
0.225080 0.431045
0.225179 0.430427
0.225279 0.430427
0.225378 0.430427
0.225477 0.430427
0.225577 0.429808
0.225676 0.429808
0.225776 0.429808
0.225875 0.429808
0.225974 0.429808
0.226074 0.429190
0.226173 0.429190
0.226273 0.429190
0.226372 0.428571
0.226471 0.428571
0.226571 0.427953
0.226670 0.427953
0.226770 0.427953
0.226869 0.427953
0.226968 0.427953
0.227068 0.427335
0.227167 0.427335
0.227267 0.427335
0.227366 0.427335
0.227465 0.427335
0.227565 0.427335
0.227664 0.427335
0.227764 0.426098
0.227863 0.426098
0.227962 0.426098
0.228062 0.426098
0.228161 0.426098
0.228261 0.426098
0.228360 0.426098
0.228459 0.424861
0.228559 0.424861
0.228658 0.424242
0.228758 0.424242
0.228857 0.424242
0.228956 0.424242
0.229056 0.423624
0.229155 0.423624
0.229255 0.423006
0.229354 0.423006
0.229453 0.422387
0.229553 0.422387
0.229652 0.422387
0.229752 0.422387
0.229851 0.422387
0.229950 0.421769
0.230050 0.421769
0.230149 0.421769
0.230249 0.421769
0.230348 0.421769
0.230447 0.421150
0.230547 0.420532
0.230646 0.420532
0.230746 0.420532
0.230845 0.420532
0.230944 0.420532
0.231044 0.419295
0.231143 0.418677
0.231242 0.418677
0.231342 0.418677
0.231441 0.418677
0.231541 0.418677
0.231640 0.418677
0.231739 0.417440
0.231839 0.417440
0.231938 0.417440
0.232038 0.417440
0.232137 0.417440
0.232236 0.417440
0.232336 0.416821
0.232435 0.416821
0.232535 0.416821
0.232634 0.416203
0.232733 0.416203
0.232833 0.415584
0.232932 0.415584
0.233032 0.415584
0.233131 0.415584
0.233230 0.415584
0.233330 0.415584
0.233429 0.415584
0.233529 0.415584
0.233628 0.415584
0.233727 0.415584
0.233827 0.415584
0.233926 0.414966
0.234026 0.414348
0.234125 0.414348
0.234224 0.413729
0.234324 0.413729
0.234423 0.413729
0.234523 0.412492
0.234622 0.412492
0.234721 0.412492
0.234821 0.412492
0.234920 0.412492
0.235020 0.412492
0.235119 0.412492
0.235218 0.412492
0.235318 0.411874
0.235417 0.411874
0.235517 0.411874
0.235616 0.411874
0.235715 0.411874
0.235815 0.411255
0.235914 0.411255
0.236014 0.410637
0.236113 0.410637
0.236212 0.410637
0.236312 0.410637
0.236411 0.410637
0.236511 0.410637
0.236610 0.410637
0.236709 0.410637
0.236809 0.410637
0.236908 0.410637
0.237008 0.410637
0.237107 0.410637
0.237206 0.410637
0.237306 0.410637
0.237405 0.410637
0.237505 0.410637
0.237604 0.410637
0.237703 0.410019
0.237803 0.410019
0.237902 0.410019
0.238002 0.410019
0.238101 0.410019
0.238200 0.410019
0.238300 0.410019
0.238399 0.410019
0.238498 0.409400
0.238598 0.409400
0.238697 0.409400
0.238797 0.409400
0.238896 0.408782
0.238995 0.408782
0.239095 0.408163
0.239194 0.408163
0.239294 0.408163
0.239393 0.408163
0.239492 0.408163
0.239592 0.408163
0.239691 0.408163
0.239791 0.407545
0.239890 0.407545
0.239989 0.407545
0.240089 0.406926
0.240188 0.406308
0.240288 0.406308
0.240387 0.406308
0.240486 0.406308
0.240586 0.406308
0.240685 0.406308
0.240785 0.406308
0.240884 0.406308
0.240983 0.406308
0.241083 0.406308
0.241182 0.406308
0.241282 0.405690
0.241381 0.405690
0.241480 0.405690
0.241580 0.405071
0.241679 0.405071
0.241779 0.404453
0.241878 0.404453
0.241977 0.404453
0.242077 0.404453
0.242176 0.404453
0.242276 0.404453
0.242375 0.404453
0.242474 0.403834
0.242574 0.403834
0.242673 0.403834
0.242773 0.403834
0.242872 0.403216
0.242971 0.402597
0.243071 0.401979
0.243170 0.401979
0.243270 0.401979
0.243369 0.401979
0.243468 0.401361
0.243568 0.401361
0.243667 0.401361
0.243767 0.401361
0.243866 0.400742
0.243965 0.400742
0.244065 0.400742
0.244164 0.400742
0.244264 0.400742
0.244363 0.400742
0.244462 0.399505
0.244562 0.398887
0.244661 0.398268
0.244761 0.397650
0.244860 0.397650
0.244959 0.397032
0.245059 0.397032
0.245158 0.397032
0.245258 0.397032
0.245357 0.396413
0.245456 0.396413
0.245556 0.396413
0.245655 0.396413
0.245754 0.396413
0.245854 0.396413
0.245953 0.396413
0.246053 0.396413
0.246152 0.396413
0.246251 0.396413
0.246351 0.396413
0.246450 0.396413
0.246550 0.396413
0.246649 0.396413
0.246748 0.396413
0.246848 0.396413
0.246947 0.396413
0.247047 0.396413
0.247146 0.395795
0.247245 0.395795
0.247345 0.395795
0.247444 0.395795
0.247544 0.395795
0.247643 0.395795
0.247742 0.395795
0.247842 0.395176
0.247941 0.395176
0.248041 0.394558
0.248140 0.393321
0.248239 0.393321
0.248339 0.393321
0.248438 0.393321
0.248538 0.392703
0.248637 0.392703
0.248736 0.392703
0.248836 0.392703
0.248935 0.392084
0.249035 0.392084
0.249134 0.391466
0.249233 0.390847
0.249333 0.390847
0.249432 0.390847
0.249532 0.390847
0.249631 0.390847
0.249730 0.390847
0.249830 0.390847
0.249929 0.390847
0.250029 0.390847
0.250128 0.390847
0.250227 0.390847
0.250327 0.390847
0.250426 0.390847
0.250526 0.390847
0.250625 0.390847
0.250724 0.390229
0.250824 0.390229
0.250923 0.389610
0.251023 0.389610
0.251122 0.389610
0.251221 0.389610
0.251321 0.389610
0.251420 0.389610
0.251520 0.389610
0.251619 0.389610
0.251718 0.389610
0.251818 0.388992
0.251917 0.388992
0.252017 0.388992
0.252116 0.388992
0.252215 0.388992
0.252315 0.388992
0.252414 0.388374
0.252514 0.388374
0.252613 0.388374
0.252712 0.388374
0.252812 0.387755
0.252911 0.387137
0.253010 0.387137
0.253110 0.387137
0.253209 0.387137
0.253309 0.387137
0.253408 0.387137
0.253507 0.386518
0.253607 0.386518
0.253706 0.386518
0.253806 0.386518
0.253905 0.386518
0.254004 0.386518
0.254104 0.386518
0.254203 0.385900
0.254303 0.385900
0.254402 0.385900
0.254501 0.385900
0.254601 0.385900
0.254700 0.385900
0.254800 0.385900
0.254899 0.385900
0.254998 0.385900
0.255098 0.385900
0.255197 0.385900
0.255297 0.385281
0.255396 0.385281
0.255495 0.384663
0.255595 0.384663
0.255694 0.384663
0.255794 0.384663
0.255893 0.384663
0.255992 0.384663
0.256092 0.384663
0.256191 0.384045
0.256291 0.383426
0.256390 0.383426
0.256489 0.383426
0.256589 0.383426
0.256688 0.382808
0.256788 0.382189
0.256887 0.382189
0.256986 0.382189
0.257086 0.381571
0.257185 0.381571
0.257285 0.381571
0.257384 0.381571
0.257483 0.381571
0.257583 0.381571
0.257682 0.381571
0.257782 0.380952
0.257881 0.380334
0.257980 0.380334
0.258080 0.380334
0.258179 0.380334
0.258279 0.380334
0.258378 0.380334
0.258477 0.380334
0.258577 0.380334
0.258676 0.380334
0.258776 0.379716
0.258875 0.379097
0.258974 0.379097
0.259074 0.378479
0.259173 0.378479
0.259273 0.377860
0.259372 0.377242
0.259471 0.377242
0.259571 0.377242
0.259670 0.377242
0.259770 0.377242
0.259869 0.377242
0.259968 0.377242
0.260068 0.377242
0.260167 0.376623
0.260266 0.376623
0.260366 0.376623
0.260465 0.376623
0.260565 0.376623
0.260664 0.376623
0.260763 0.376005
0.260863 0.376005
0.260962 0.375387
0.261062 0.375387
0.261161 0.375387
0.261260 0.375387
0.261360 0.375387
0.261459 0.374150
0.261559 0.373531
0.261658 0.373531
0.261757 0.373531
0.261857 0.372913
0.261956 0.372913
0.262056 0.372294
0.262155 0.372294
0.262254 0.372294
0.262354 0.372294
0.262453 0.372294
0.262553 0.372294
0.262652 0.372294
0.262751 0.372294
0.262851 0.372294
0.262950 0.371676
0.263050 0.371058
0.263149 0.371058
0.263248 0.371058
0.263348 0.371058
0.263447 0.371058
0.263547 0.371058
0.263646 0.371058
0.263745 0.371058
0.263845 0.371058
0.263944 0.371058
0.264044 0.371058
0.264143 0.371058
0.264242 0.371058
0.264342 0.371058
0.264441 0.371058
0.264541 0.371058
0.264640 0.371058
0.264739 0.371058
0.264839 0.371058
0.264938 0.371058
0.265038 0.371058
0.265137 0.371058
0.265236 0.370439
0.265336 0.370439
0.265435 0.370439
0.265535 0.370439
0.265634 0.370439
0.265733 0.370439
0.265833 0.370439
0.265932 0.370439
0.266032 0.370439
0.266131 0.369821
0.266230 0.369821
0.266330 0.369821
0.266429 0.369821
0.266529 0.369821
0.266628 0.369202
0.266727 0.369202
0.266827 0.369202
0.266926 0.369202
0.267025 0.369202
0.267125 0.369202
0.267224 0.369202
0.267324 0.369202
0.267423 0.369202
0.267522 0.368584
0.267622 0.368584
0.267721 0.368584
0.267821 0.368584
0.267920 0.368584
0.268019 0.367965
0.268119 0.367965
0.268218 0.367965
0.268318 0.367965
0.268417 0.367965
0.268516 0.367965
0.268616 0.367965
0.268715 0.367347
0.268815 0.367347
0.268914 0.367347
0.269013 0.367347
0.269113 0.366729
0.269212 0.366729
0.269312 0.366110
0.269411 0.366110
0.269510 0.366110
0.269610 0.366110
0.269709 0.366110
0.269809 0.366110
0.269908 0.366110
0.270007 0.366110
0.270107 0.366110
0.270206 0.366110
0.270306 0.366110
0.270405 0.366110
0.270504 0.366110
0.270604 0.366110
0.270703 0.366110
0.270803 0.365492
0.270902 0.365492
0.271001 0.365492
0.271101 0.365492
0.271200 0.365492
0.271300 0.364873
0.271399 0.363636
0.271498 0.363636
0.271598 0.363018
0.271697 0.363018
0.271797 0.363018
0.271896 0.363018
0.271995 0.362400
0.272095 0.362400
0.272194 0.362400
0.272294 0.362400
0.272393 0.361163
0.272492 0.361163
0.272592 0.361163
0.272691 0.361163
0.272791 0.361163
0.272890 0.361163
0.272989 0.361163
0.273089 0.361163
0.273188 0.360544
0.273288 0.360544
0.273387 0.360544
0.273486 0.360544
0.273586 0.360544
0.273685 0.360544
0.273785 0.359926
0.273884 0.359307
0.273983 0.359307
0.274083 0.359307
0.274182 0.359307
0.274281 0.359307
0.274381 0.359307
0.274480 0.359307
0.274580 0.359307
0.274679 0.359307
0.274778 0.359307
0.274878 0.359307
0.274977 0.359307
0.275077 0.359307
0.275176 0.359307
0.275275 0.359307
0.275375 0.359307
0.275474 0.359307
0.275574 0.359307
0.275673 0.358689
0.275772 0.358689
0.275872 0.358689
0.275971 0.358689
0.276071 0.358071
0.276170 0.357452
0.276269 0.357452
0.276369 0.357452
0.276468 0.357452
0.276568 0.357452
0.276667 0.357452
0.276766 0.357452
0.276866 0.357452
0.276965 0.356834
0.277065 0.356215
0.277164 0.355597
0.277263 0.355597
0.277363 0.355597
0.277462 0.355597
0.277562 0.354978
0.277661 0.354978
0.277760 0.354978
0.277860 0.354978
0.277959 0.354360
0.278059 0.354360
0.278158 0.354360
0.278257 0.353741
0.278357 0.353741
0.278456 0.353741
0.278556 0.353741
0.278655 0.353123
0.278754 0.352505
0.278854 0.352505
0.278953 0.352505
0.279053 0.352505
0.279152 0.351886
0.279251 0.351886
0.279351 0.351268
0.279450 0.351268
0.279550 0.351268
0.279649 0.351268
0.279748 0.350649
0.279848 0.350649
0.279947 0.350649
0.280047 0.350649
0.280146 0.350649
0.280245 0.350031
0.280345 0.349412
0.280444 0.349412
0.280544 0.349412
0.280643 0.349412
0.280742 0.349412
0.280842 0.349412
0.280941 0.349412
0.281041 0.349412
0.281140 0.349412
0.281239 0.349412
0.281339 0.349412
0.281438 0.348794
0.281537 0.348794
0.281637 0.348794
0.281736 0.348794
0.281836 0.348794
0.281935 0.348794
0.282034 0.348794
0.282134 0.348794
0.282233 0.348794
0.282333 0.348794
0.282432 0.348794
0.282531 0.348794
0.282631 0.348794
0.282730 0.348794
0.282830 0.348794
0.282929 0.348176
0.283028 0.347557
0.283128 0.347557
0.283227 0.347557
0.283327 0.347557
0.283426 0.347557
0.283525 0.347557
0.283625 0.347557
0.283724 0.347557
0.283824 0.347557
0.283923 0.347557
0.284022 0.347557
0.284122 0.347557
0.284221 0.347557
0.284321 0.347557
0.284420 0.347557
0.284519 0.347557
0.284619 0.347557
0.284718 0.347557
0.284818 0.347557
0.284917 0.347557
0.285016 0.346320
0.285116 0.345083
0.285215 0.344465
0.285315 0.344465
0.285414 0.344465
0.285513 0.344465
0.285613 0.344465
0.285712 0.344465
0.285812 0.344465
0.285911 0.343847
0.286010 0.343847
0.286110 0.343847
0.286209 0.343847
0.286309 0.343847
0.286408 0.343847
0.286507 0.343228
0.286607 0.343228
0.286706 0.343228
0.286806 0.342610
0.286905 0.342610
0.287004 0.342610
0.287104 0.342610
0.287203 0.342610
0.287303 0.342610
0.287402 0.342610
0.287501 0.342610
0.287601 0.342610
0.287700 0.342610
0.287800 0.342610
0.287899 0.342610
0.287998 0.342610
0.288098 0.342610
0.288197 0.341991
0.288297 0.341991
0.288396 0.341991
0.288495 0.341373
0.288595 0.341373
0.288694 0.341373
0.288793 0.340754
0.288893 0.340136
0.288992 0.340136
0.289092 0.340136
0.289191 0.340136
0.289290 0.340136
0.289390 0.340136
0.289489 0.340136
0.289589 0.340136
0.289688 0.340136
0.289787 0.340136
0.289887 0.340136
0.289986 0.340136
0.290086 0.340136
0.290185 0.340136
0.290284 0.340136
0.290384 0.340136
0.290483 0.339518
0.290583 0.339518
0.290682 0.339518
0.290781 0.339518
0.290881 0.338899
0.290980 0.338899
0.291080 0.338899
0.291179 0.338899
0.291278 0.338899
0.291378 0.338281
0.291477 0.337662
0.291577 0.337662
0.291676 0.336425
0.291775 0.336425
0.291875 0.335807
0.291974 0.335807
0.292074 0.335807
0.292173 0.335807
0.292272 0.335189
0.292372 0.335189
0.292471 0.335189
0.292571 0.335189
0.292670 0.335189
0.292769 0.335189
0.292869 0.334570
0.292968 0.334570
0.293068 0.333952
0.293167 0.333333
0.293266 0.332715
0.293366 0.332715
0.293465 0.332096
0.293565 0.332096
0.293664 0.331478
0.293763 0.331478
0.293863 0.331478
0.293962 0.331478
0.294062 0.331478
0.294161 0.331478
0.294260 0.331478
0.294360 0.331478
0.294459 0.331478
0.294559 0.331478
0.294658 0.331478
0.294757 0.331478
0.294857 0.331478
0.294956 0.331478
0.295056 0.331478
0.295155 0.331478
0.295254 0.331478
0.295354 0.330860
0.295453 0.330860
0.295552 0.330860
0.295652 0.330241
0.295751 0.330241
0.295851 0.330241
0.295950 0.330241
0.296049 0.329623
0.296149 0.329623
0.296248 0.329623
0.296348 0.329623
0.296447 0.329623
0.296546 0.329623
0.296646 0.329623
0.296745 0.329623
0.296845 0.329623
0.296944 0.329623
0.297043 0.329623
0.297143 0.329623
0.297242 0.329004
0.297342 0.329004
0.297441 0.328386
0.297540 0.328386
0.297640 0.328386
0.297739 0.328386
0.297839 0.328386
0.297938 0.328386
0.298037 0.328386
0.298137 0.328386
0.298236 0.328386
0.298336 0.328386
0.298435 0.328386
0.298534 0.327767
0.298634 0.327767
0.298733 0.327767
0.298833 0.327767
0.298932 0.327767
0.299031 0.327149
0.299131 0.327149
0.299230 0.327149
0.299330 0.327149
0.299429 0.326531
0.299528 0.326531
0.299628 0.325912
0.299727 0.325912
0.299827 0.325294
0.299926 0.325294
0.300025 0.325294
0.300125 0.325294
0.300224 0.325294
0.300324 0.325294
0.300423 0.325294
0.300522 0.325294
0.300622 0.325294
0.300721 0.325294
0.300821 0.325294
0.300920 0.324675
0.301019 0.324057
0.301119 0.324057
0.301218 0.324057
0.301318 0.324057
0.301417 0.324057
0.301516 0.324057
0.301616 0.324057
0.301715 0.324057
0.301815 0.324057
0.301914 0.324057
0.302013 0.324057
0.302113 0.324057
0.302212 0.324057
0.302312 0.323438
0.302411 0.323438
0.302510 0.323438
0.302610 0.323438
0.302709 0.323438
0.302808 0.323438
0.302908 0.322820
0.303007 0.322820
0.303107 0.322820
0.303206 0.322820
0.303305 0.322202
0.303405 0.322202
0.303504 0.322202
0.303604 0.321583
0.303703 0.320965
0.303802 0.320965
0.303902 0.320965
0.304001 0.320965
0.304101 0.320965
0.304200 0.320346
0.304299 0.320346
0.304399 0.320346
0.304498 0.320346
0.304598 0.320346
0.304697 0.320346
0.304796 0.320346
0.304896 0.320346
0.304995 0.320346
0.305095 0.320346
0.305194 0.319728
0.305293 0.319728
0.305393 0.319728
0.305492 0.319109
0.305592 0.319109
0.305691 0.319109
0.305790 0.317873
0.305890 0.317873
0.305989 0.317873
0.306089 0.317873
0.306188 0.317873
0.306287 0.317254
0.306387 0.317254
0.306486 0.317254
0.306586 0.317254
0.306685 0.317254
0.306784 0.317254
0.306884 0.317254
0.306983 0.317254
0.307083 0.317254
0.307182 0.316636
0.307281 0.316636
0.307381 0.316017
0.307480 0.316017
0.307580 0.316017
0.307679 0.316017
0.307778 0.315399
0.307878 0.315399
0.307977 0.315399
0.308077 0.315399
0.308176 0.314780
0.308275 0.314780
0.308375 0.314780
0.308474 0.314780
0.308574 0.314780
0.308673 0.314780
0.308772 0.314780
0.308872 0.314780
0.308971 0.314780
0.309071 0.314780
0.309170 0.314780
0.309269 0.314780
0.309369 0.314780
0.309468 0.314780
0.309568 0.314780
0.309667 0.314162
0.309766 0.314162
0.309866 0.314162
0.309965 0.314162
0.310064 0.314162
0.310164 0.314162
0.310263 0.314162
0.310363 0.314162
0.310462 0.314162
0.310561 0.314162
0.310661 0.314162
0.310760 0.313544
0.310860 0.313544
0.310959 0.313544
0.311058 0.313544
0.311158 0.313544
0.311257 0.313544
0.311357 0.312925
0.311456 0.312925
0.311555 0.312925
0.311655 0.312307
0.311754 0.312307
0.311854 0.312307
0.311953 0.311688
0.312052 0.311688
0.312152 0.311688
0.312251 0.311070
0.312351 0.311070
0.312450 0.311070
0.312549 0.311070
0.312649 0.311070
0.312748 0.310451
0.312848 0.310451
0.312947 0.310451
0.313046 0.310451
0.313146 0.309833
0.313245 0.309833
0.313345 0.309833
0.313444 0.309833
0.313543 0.309833
0.313643 0.309833
0.313742 0.309833
0.313842 0.309833
0.313941 0.309833
0.314040 0.309833
0.314140 0.309833
0.314239 0.309833
0.314339 0.309833
0.314438 0.309833
0.314537 0.309833
0.314637 0.309833
0.314736 0.309833
0.314836 0.309215
0.314935 0.309215
0.315034 0.309215
0.315134 0.309215
0.315233 0.309215
0.315333 0.309215
0.315432 0.309215
0.315531 0.309215
0.315631 0.308596
0.315730 0.308596
0.315830 0.308596
0.315929 0.308596
0.316028 0.308596
0.316128 0.308596
0.316227 0.307978
0.316327 0.307978
0.316426 0.307978
0.316525 0.307359
0.316625 0.307359
0.316724 0.307359
0.316824 0.307359
0.316923 0.306741
0.317022 0.306122
0.317122 0.306122
0.317221 0.306122
0.317320 0.306122
0.317420 0.306122
0.317519 0.305504
0.317619 0.305504
0.317718 0.305504
0.317817 0.305504
0.317917 0.305504
0.318016 0.305504
0.318116 0.305504
0.318215 0.304886
0.318314 0.304886
0.318414 0.304267
0.318513 0.304267
0.318613 0.304267
0.318712 0.304267
0.318811 0.304267
0.318911 0.304267
0.319010 0.304267
0.319110 0.304267
0.319209 0.304267
0.319308 0.304267
0.319408 0.304267
0.319507 0.304267
0.319607 0.303649
0.319706 0.302412
0.319805 0.301793
0.319905 0.301793
0.320004 0.301793
0.320104 0.301793
0.320203 0.301793
0.320302 0.301793
0.320402 0.301793
0.320501 0.301793
0.320601 0.301175
0.320700 0.301175
0.320799 0.300557
0.320899 0.300557
0.320998 0.300557
0.321098 0.300557
0.321197 0.299938
0.321296 0.299938
0.321396 0.299938
0.321495 0.299938
0.321595 0.299938
0.321694 0.299320
0.321793 0.299320
0.321893 0.299320
0.321992 0.299320
0.322092 0.299320
0.322191 0.299320
0.322290 0.299320
0.322390 0.299320
0.322489 0.299320
0.322589 0.299320
0.322688 0.299320
0.322787 0.299320
0.322887 0.299320
0.322986 0.299320
0.323086 0.299320
0.323185 0.299320
0.323284 0.299320
0.323384 0.299320
0.323483 0.299320
0.323583 0.299320
0.323682 0.298701
0.323781 0.298701
0.323881 0.298701
0.323980 0.298083
0.324080 0.297464
0.324179 0.297464
0.324278 0.297464
0.324378 0.297464
0.324477 0.297464
0.324576 0.296846
0.324676 0.296846
0.324775 0.296846
0.324875 0.296846
0.324974 0.296846
0.325073 0.296228
0.325173 0.296228
0.325272 0.295609
0.325372 0.295609
0.325471 0.295609
0.325570 0.294372
0.325670 0.294372
0.325769 0.294372
0.325869 0.294372
0.325968 0.294372
0.326067 0.294372
0.326167 0.294372
0.326266 0.294372
0.326366 0.294372
0.326465 0.293754
0.326564 0.293754
0.326664 0.293754
0.326763 0.293754
0.326863 0.293754
0.326962 0.293754
0.327061 0.293754
0.327161 0.293754
0.327260 0.293754
0.327360 0.293754
0.327459 0.293754
0.327558 0.293754
0.327658 0.293754
0.327757 0.293754
0.327857 0.293754
0.327956 0.293135
0.328055 0.293135
0.328155 0.293135
0.328254 0.293135
0.328354 0.293135
0.328453 0.292517
0.328552 0.292517
0.328652 0.291899
0.328751 0.291899
0.328851 0.291899
0.328950 0.291899
0.329049 0.291280
0.329149 0.291280
0.329248 0.290043
0.329348 0.290043
0.329447 0.290043
0.329546 0.290043
0.329646 0.290043
0.329745 0.290043
0.329845 0.290043
0.329944 0.290043
0.330043 0.290043
0.330143 0.290043
0.330242 0.289425
0.330342 0.288806
0.330441 0.288806
0.330540 0.288806
0.330640 0.288188
0.330739 0.288188
0.330839 0.288188
0.330938 0.288188
0.331037 0.288188
0.331137 0.288188
0.331236 0.288188
0.331335 0.288188
0.331435 0.288188
0.331534 0.288188
0.331634 0.287570
0.331733 0.287570
0.331832 0.287570
0.331932 0.287570
0.332031 0.287570
0.332131 0.287570
0.332230 0.287570
0.332329 0.287570
0.332429 0.287570
0.332528 0.287570
0.332628 0.286951
0.332727 0.286951
0.332826 0.286951
0.332926 0.286951
0.333025 0.285714
0.333125 0.285714
0.333224 0.285714
0.333323 0.285714
0.333423 0.285714
0.333522 0.285714
0.333622 0.285096
0.333721 0.285096
0.333820 0.285096
0.333920 0.285096
0.334019 0.285096
0.334119 0.283859
0.334218 0.283859
0.334317 0.283859
0.334417 0.283859
0.334516 0.283859
0.334616 0.283859
0.334715 0.283241
0.334814 0.282622
0.334914 0.282622
0.335013 0.282622
0.335113 0.282622
0.335212 0.282622
0.335311 0.282622
0.335411 0.282622
0.335510 0.282622
0.335610 0.282622
0.335709 0.282622
0.335808 0.282622
0.335908 0.282622
0.336007 0.282004
0.336107 0.282004
0.336206 0.282004
0.336305 0.282004
0.336405 0.281385
0.336504 0.281385
0.336604 0.280767
0.336703 0.280767
0.336802 0.280148
0.336902 0.280148
0.337001 0.280148
0.337101 0.280148
0.337200 0.280148
0.337299 0.280148
0.337399 0.280148
0.337498 0.280148
0.337598 0.280148
0.337697 0.280148
0.337796 0.280148
0.337896 0.278912
0.337995 0.278912
0.338095 0.278912
0.338194 0.278912
0.338293 0.278912
0.338393 0.278912
0.338492 0.278912
0.338591 0.278912
0.338691 0.278912
0.338790 0.278293
0.338890 0.278293
0.338989 0.278293
0.339088 0.278293
0.339188 0.278293
0.339287 0.278293
0.339387 0.277675
0.339486 0.277675
0.339585 0.277675
0.339685 0.277675
0.339784 0.277675
0.339884 0.277675
0.339983 0.277675
0.340082 0.277675
0.340182 0.277675
0.340281 0.277056
0.340381 0.277056
0.340480 0.277056
0.340579 0.277056
0.340679 0.277056
0.340778 0.277056
0.340878 0.277056
0.340977 0.277056
0.341076 0.277056
0.341176 0.277056
0.341275 0.277056
0.341375 0.277056
0.341474 0.277056
0.341573 0.276438
0.341673 0.276438
0.341772 0.276438
0.341872 0.275819
0.341971 0.275819
0.342070 0.275819
0.342170 0.275819
0.342269 0.275819
0.342369 0.275819
0.342468 0.275819
0.342567 0.275819
0.342667 0.275819
0.342766 0.275819
0.342866 0.275201
0.342965 0.275201
0.343064 0.275201
0.343164 0.275201
0.343263 0.275201
0.343363 0.275201
0.343462 0.275201
0.343561 0.275201
0.343661 0.275201
0.343760 0.275201
0.343860 0.275201
0.343959 0.273964
0.344058 0.273964
0.344158 0.273964
0.344257 0.273964
0.344357 0.273964
0.344456 0.273964
0.344555 0.273964
0.344655 0.273964
0.344754 0.273964
0.344854 0.273964
0.344953 0.273964
0.345052 0.273964
0.345152 0.273964
0.345251 0.273964
0.345351 0.273964
0.345450 0.272727
0.345549 0.272727
0.345649 0.272727
0.345748 0.272727
0.345847 0.272727
0.345947 0.272727
0.346046 0.272727
0.346146 0.272727
0.346245 0.272727
0.346344 0.272727
0.346444 0.272727
0.346543 0.272109
0.346643 0.272109
0.346742 0.271490
0.346841 0.271490
0.346941 0.271490
0.347040 0.271490
0.347140 0.270872
0.347239 0.270872
0.347338 0.270872
0.347438 0.270872
0.347537 0.270872
0.347637 0.270254
0.347736 0.270254
0.347835 0.270254
0.347935 0.270254
0.348034 0.270254
0.348134 0.270254
0.348233 0.269635
0.348332 0.269635
0.348432 0.269635
0.348531 0.269635
0.348631 0.269017
0.348730 0.269017
0.348829 0.269017
0.348929 0.269017
0.349028 0.268398
0.349128 0.268398
0.349227 0.268398
0.349326 0.268398
0.349426 0.268398
0.349525 0.268398
0.349625 0.268398
0.349724 0.268398
0.349823 0.268398
0.349923 0.268398
0.350022 0.268398
0.350122 0.268398
0.350221 0.268398
0.350320 0.267780
0.350420 0.267161
0.350519 0.267161
0.350619 0.267161
0.350718 0.267161
0.350817 0.267161
0.350917 0.267161
0.351016 0.267161
0.351116 0.267161
0.351215 0.267161
0.351314 0.267161
0.351414 0.267161
0.351513 0.267161
0.351613 0.267161
0.351712 0.267161
0.351811 0.267161
0.351911 0.267161
0.352010 0.267161
0.352110 0.267161
0.352209 0.267161
0.352308 0.267161
0.352408 0.267161
0.352507 0.267161
0.352607 0.267161
0.352706 0.267161
0.352805 0.267161
0.352905 0.267161
0.353004 0.266543
0.353103 0.266543
0.353203 0.266543
0.353302 0.266543
0.353402 0.266543
0.353501 0.266543
0.353600 0.266543
0.353700 0.266543
0.353799 0.266543
0.353899 0.266543
0.353998 0.266543
0.354097 0.266543
0.354197 0.266543
0.354296 0.266543
0.354396 0.266543
0.354495 0.266543
0.354594 0.265925
0.354694 0.265925
0.354793 0.265925
0.354893 0.265925
0.354992 0.265925
0.355091 0.265925
0.355191 0.265925
0.355290 0.265925
0.355390 0.265306
0.355489 0.265306
0.355588 0.265306
0.355688 0.265306
0.355787 0.265306
0.355887 0.265306
0.355986 0.265306
0.356085 0.265306
0.356185 0.265306
0.356284 0.265306
0.356384 0.265306
0.356483 0.265306
0.356582 0.265306
0.356682 0.264688
0.356781 0.264688
0.356881 0.264688
0.356980 0.264688
0.357079 0.264069
0.357179 0.264069
0.357278 0.264069
0.357378 0.264069
0.357477 0.264069
0.357576 0.263451
0.357676 0.263451
0.357775 0.263451
0.357875 0.263451
0.357974 0.263451
0.358073 0.263451
0.358173 0.263451
0.358272 0.263451
0.358372 0.263451
0.358471 0.263451
0.358570 0.263451
0.358670 0.263451
0.358769 0.263451
0.358869 0.263451
0.358968 0.263451
0.359067 0.262214
0.359167 0.262214
0.359266 0.262214
0.359366 0.261596
0.359465 0.261596
0.359564 0.261596
0.359664 0.261596
0.359763 0.261596
0.359862 0.261596
0.359962 0.260977
0.360061 0.260359
0.360161 0.260359
0.360260 0.260359
0.360359 0.260359
0.360459 0.260359
0.360558 0.260359
0.360658 0.259740
0.360757 0.259740
0.360856 0.259740
0.360956 0.259740
0.361055 0.259740
0.361155 0.259740
0.361254 0.259122
0.361353 0.259122
0.361453 0.258503
0.361552 0.258503
0.361652 0.258503
0.361751 0.257885
0.361850 0.257267
0.361950 0.257267
0.362049 0.257267
0.362149 0.257267
0.362248 0.257267
0.362347 0.256648
0.362447 0.256648
0.362546 0.256648
0.362646 0.256648
0.362745 0.256648
0.362844 0.256648
0.362944 0.256648
0.363043 0.256648
0.363143 0.256648
0.363242 0.256648
0.363341 0.256648
0.363441 0.256648
0.363540 0.256648
0.363640 0.256648
0.363739 0.256648
0.363838 0.256030
0.363938 0.256030
0.364037 0.255411
0.364137 0.255411
0.364236 0.255411
0.364335 0.255411
0.364435 0.255411
0.364534 0.255411
0.364634 0.255411
0.364733 0.255411
0.364832 0.255411
0.364932 0.255411
0.365031 0.255411
0.365131 0.255411
0.365230 0.255411
0.365329 0.255411
0.365429 0.255411
0.365528 0.255411
0.365628 0.255411
0.365727 0.255411
0.365826 0.255411
0.365926 0.255411
0.366025 0.255411
0.366125 0.255411
0.366224 0.255411
0.366323 0.255411
0.366423 0.255411
0.366522 0.255411
0.366622 0.255411
0.366721 0.255411
0.366820 0.255411
0.366920 0.255411
0.367019 0.255411
0.367118 0.255411
0.367218 0.255411
0.367317 0.254793
0.367417 0.254793
0.367516 0.254174
0.367615 0.254174
0.367715 0.254174
0.367814 0.254174
0.367914 0.254174
0.368013 0.254174
0.368112 0.254174
0.368212 0.253556
0.368311 0.253556
0.368411 0.253556
0.368510 0.253556
0.368609 0.253556
0.368709 0.253556
0.368808 0.253556
0.368908 0.253556
0.369007 0.253556
0.369106 0.253556
0.369206 0.253556
0.369305 0.253556
0.369405 0.253556
0.369504 0.253556
0.369603 0.253556
0.369703 0.253556
0.369802 0.253556
0.369902 0.253556
0.370001 0.253556
0.370100 0.253556
0.370200 0.253556
0.370299 0.252938
0.370399 0.252938
0.370498 0.252938
0.370597 0.252938
0.370697 0.252938
0.370796 0.252938
0.370896 0.252938
0.370995 0.252938
0.371094 0.252938
0.371194 0.252938
0.371293 0.252938
0.371393 0.252938
0.371492 0.252938
0.371591 0.252319
0.371691 0.252319
0.371790 0.252319
0.371890 0.252319
0.371989 0.252319
0.372088 0.251701
0.372188 0.251082
0.372287 0.250464
0.372387 0.250464
0.372486 0.250464
0.372585 0.250464
0.372685 0.250464
0.372784 0.250464
0.372884 0.250464
0.372983 0.250464
0.373082 0.250464
0.373182 0.250464
0.373281 0.250464
0.373381 0.249845
0.373480 0.249845
0.373579 0.249845
0.373679 0.249227
0.373778 0.249227
0.373878 0.249227
0.373977 0.249227
0.374076 0.249227
0.374176 0.249227
0.374275 0.249227
0.374374 0.248609
0.374474 0.247372
0.374573 0.247372
0.374673 0.247372
0.374772 0.247372
0.374871 0.247372
0.374971 0.247372
0.375070 0.247372
0.375170 0.246753
0.375269 0.246753
0.375368 0.246753
0.375468 0.246753
0.375567 0.246753
0.375667 0.246753
0.375766 0.246135
0.375865 0.246135
0.375965 0.246135
0.376064 0.245516
0.376164 0.245516
0.376263 0.244898
0.376362 0.244898
0.376462 0.244898
0.376561 0.244898
0.376661 0.244898
0.376760 0.244898
0.376859 0.244898
0.376959 0.244898
0.377058 0.244898
0.377158 0.244898
0.377257 0.244898
0.377356 0.244898
0.377456 0.244280
0.377555 0.244280
0.377655 0.244280
0.377754 0.243661
0.377853 0.243661
0.377953 0.243043
0.378052 0.243043
0.378152 0.242424
0.378251 0.242424
0.378350 0.242424
0.378450 0.242424
0.378549 0.242424
0.378649 0.242424
0.378748 0.242424
0.378847 0.242424
0.378947 0.242424
0.379046 0.242424
0.379146 0.242424
0.379245 0.242424
0.379344 0.242424
0.379444 0.242424
0.379543 0.242424
0.379643 0.242424
0.379742 0.242424
0.379841 0.241806
0.379941 0.241806
0.380040 0.241806
0.380140 0.241806
0.380239 0.241806
0.380338 0.241806
0.380438 0.241806
0.380537 0.241806
0.380637 0.241806
0.380736 0.241806
0.380835 0.241806
0.380935 0.241806
0.381034 0.240569
0.381134 0.240569
0.381233 0.240569
0.381332 0.240569
0.381432 0.240569
0.381531 0.240569
0.381630 0.240569
0.381730 0.240569
0.381829 0.240569
0.381929 0.240569
0.382028 0.240569
0.382127 0.240569
0.382227 0.240569
0.382326 0.240569
0.382426 0.240569
0.382525 0.240569
0.382624 0.240569
0.382724 0.239951
0.382823 0.239332
0.382923 0.239332
0.383022 0.239332
0.383121 0.239332
0.383221 0.239332
0.383320 0.239332
0.383420 0.239332
0.383519 0.239332
0.383618 0.239332
0.383718 0.239332
0.383817 0.238714
0.383917 0.238714
0.384016 0.238714
0.384115 0.238714
0.384215 0.238714
0.384314 0.238714
0.384414 0.238714
0.384513 0.238714
0.384612 0.238714
0.384712 0.238714
0.384811 0.238714
0.384911 0.238095
0.385010 0.238095
0.385109 0.238095
0.385209 0.238095
0.385308 0.238095
0.385408 0.238095
0.385507 0.238095
0.385606 0.238095
0.385706 0.238095
0.385805 0.238095
0.385905 0.238095
0.386004 0.238095
0.386103 0.238095
0.386203 0.238095
0.386302 0.238095
0.386402 0.237477
0.386501 0.237477
0.386600 0.237477
0.386700 0.237477
0.386799 0.237477
0.386899 0.236858
0.386998 0.236240
0.387097 0.236240
0.387197 0.236240
0.387296 0.235622
0.387396 0.235622
0.387495 0.235622
0.387594 0.235622
0.387694 0.235622
0.387793 0.235622
0.387893 0.235622
0.387992 0.235622
0.388091 0.235622
0.388191 0.235622
0.388290 0.235622
0.388390 0.235622
0.388489 0.235622
0.388588 0.235622
0.388688 0.235622
0.388787 0.235622
0.388886 0.235622
0.388986 0.235622
0.389085 0.235622
0.389185 0.235622
0.389284 0.235622
0.389383 0.235622
0.389483 0.235622
0.389582 0.235622
0.389682 0.235622
0.389781 0.235622
0.389880 0.235622
0.389980 0.235622
0.390079 0.235622
0.390179 0.235622
0.390278 0.235622
0.390377 0.235622
0.390477 0.235622
0.390576 0.235622
0.390676 0.235622
0.390775 0.235622
0.390874 0.235622
0.390974 0.235622
0.391073 0.235622
0.391173 0.235622
0.391272 0.235622
0.391371 0.235622
0.391471 0.235622
0.391570 0.235622
0.391670 0.235003
0.391769 0.235003
0.391868 0.235003
0.391968 0.235003
0.392067 0.235003
0.392167 0.235003
0.392266 0.235003
0.392365 0.235003
0.392465 0.235003
0.392564 0.235003
0.392664 0.235003
0.392763 0.235003
0.392862 0.235003
0.392962 0.235003
0.393061 0.235003
0.393161 0.235003
0.393260 0.235003
0.393359 0.235003
0.393459 0.235003
0.393558 0.235003
0.393658 0.235003
0.393757 0.235003
0.393856 0.235003
0.393956 0.234385
0.394055 0.234385
0.394155 0.234385
0.394254 0.234385
0.394353 0.234385
0.394453 0.234385
0.394552 0.234385
0.394652 0.234385
0.394751 0.234385
0.394850 0.234385
0.394950 0.233766
0.395049 0.233766
0.395149 0.233766
0.395248 0.233766
0.395347 0.233766
0.395447 0.233766
0.395546 0.232529
0.395645 0.231911
0.395745 0.231911
0.395844 0.231911
0.395944 0.231911
0.396043 0.231911
0.396142 0.231911
0.396242 0.231911
0.396341 0.231911
0.396441 0.231911
0.396540 0.231911
0.396639 0.231911
0.396739 0.231293
0.396838 0.231293
0.396938 0.231293
0.397037 0.231293
0.397136 0.231293
0.397236 0.231293
0.397335 0.231293
0.397435 0.230674
0.397534 0.230674
0.397633 0.230674
0.397733 0.230674
0.397832 0.230674
0.397932 0.230674
0.398031 0.230674
0.398130 0.230674
0.398230 0.230674
0.398329 0.230674
0.398429 0.230674
0.398528 0.230674
0.398627 0.230674
0.398727 0.230056
0.398826 0.230056
0.398926 0.230056
0.399025 0.230056
0.399124 0.230056
0.399224 0.230056
0.399323 0.230056
0.399423 0.230056
0.399522 0.230056
0.399621 0.230056
0.399721 0.230056
0.399820 0.230056
0.399920 0.230056
0.400019 0.229437
0.400118 0.229437
0.400218 0.229437
0.400317 0.229437
0.400417 0.229437
0.400516 0.229437
0.400615 0.229437
0.400715 0.229437
0.400814 0.229437
0.400914 0.229437
0.401013 0.229437
0.401112 0.229437
0.401212 0.228819
0.401311 0.228819
0.401411 0.228819
0.401510 0.228819
0.401609 0.228819
0.401709 0.228819
0.401808 0.228819
0.401908 0.228819
0.402007 0.228819
0.402106 0.228819
0.402206 0.228819
0.402305 0.228819
0.402405 0.228819
0.402504 0.228819
0.402603 0.228819
0.402703 0.228819
0.402802 0.228819
0.402901 0.228819
0.403001 0.228819
0.403100 0.228200
0.403200 0.228200
0.403299 0.228200
0.403398 0.228200
0.403498 0.228200
0.403597 0.228200
0.403697 0.228200
0.403796 0.228200
0.403895 0.226964
0.403995 0.226964
0.404094 0.226964
0.404194 0.226964
0.404293 0.226964
0.404392 0.226345
0.404492 0.226345
0.404591 0.226345
0.404691 0.225727
0.404790 0.225727
0.404889 0.225727
0.404989 0.225108
0.405088 0.225108
0.405188 0.225108
0.405287 0.225108
0.405386 0.225108
0.405486 0.225108
0.405585 0.225108
0.405685 0.224490
0.405784 0.224490
0.405883 0.224490
0.405983 0.224490
0.406082 0.224490
0.406182 0.224490
0.406281 0.224490
0.406380 0.224490
0.406480 0.224490
0.406579 0.224490
0.406679 0.224490
0.406778 0.224490
0.406877 0.223253
0.406977 0.223253
0.407076 0.223253
0.407176 0.223253
0.407275 0.223253
0.407374 0.223253
0.407474 0.222016
0.407573 0.222016
0.407673 0.222016
0.407772 0.222016
0.407871 0.221398
0.407971 0.221398
0.408070 0.221398
0.408170 0.221398
0.408269 0.221398
0.408368 0.221398
0.408468 0.220161
0.408567 0.220161
0.408667 0.220161
0.408766 0.220161
0.408865 0.220161
0.408965 0.220161
0.409064 0.220161
0.409164 0.220161
0.409263 0.220161
0.409362 0.220161
0.409462 0.220161
0.409561 0.220161
0.409661 0.220161
0.409760 0.220161
0.409859 0.220161
0.409959 0.220161
0.410058 0.220161
0.410157 0.220161
0.410257 0.220161
0.410356 0.219542
0.410456 0.219542
0.410555 0.219542
0.410654 0.219542
0.410754 0.219542
0.410853 0.219542
0.410953 0.219542
0.411052 0.219542
0.411151 0.219542
0.411251 0.219542
0.411350 0.219542
0.411450 0.219542
0.411549 0.219542
0.411648 0.219542
0.411748 0.219542
0.411847 0.219542
0.411947 0.219542
0.412046 0.218924
0.412145 0.218924
0.412245 0.218924
0.412344 0.218924
0.412444 0.218924
0.412543 0.218924
0.412642 0.218924
0.412742 0.218924
0.412841 0.218924
0.412941 0.218924
0.413040 0.218924
0.413139 0.218924
0.413239 0.218924
0.413338 0.218306
0.413438 0.217687
0.413537 0.217687
0.413636 0.217687
0.413736 0.217687
0.413835 0.217687
0.413935 0.217687
0.414034 0.217687
0.414133 0.217687
0.414233 0.217687
0.414332 0.217687
0.414432 0.217687
0.414531 0.217069
0.414630 0.217069
0.414730 0.217069
0.414829 0.217069
0.414929 0.217069
0.415028 0.217069
0.415127 0.217069
0.415227 0.217069
0.415326 0.217069
0.415426 0.217069
0.415525 0.216450
0.415624 0.216450
0.415724 0.216450
0.415823 0.216450
0.415923 0.215832
0.416022 0.215832
0.416121 0.215832
0.416221 0.215832
0.416320 0.215832
0.416420 0.215213
0.416519 0.215213
0.416618 0.215213
0.416718 0.215213
0.416817 0.215213
0.416917 0.215213
0.417016 0.215213
0.417115 0.215213
0.417215 0.215213
0.417314 0.215213
0.417413 0.215213
0.417513 0.215213
0.417612 0.214595
0.417712 0.214595
0.417811 0.214595
0.417910 0.214595
0.418010 0.214595
0.418109 0.214595
0.418209 0.214595
0.418308 0.214595
0.418407 0.214595
0.418507 0.214595
0.418606 0.214595
0.418706 0.214595
0.418805 0.213976
0.418904 0.213976
0.419004 0.213976
0.419103 0.213976
0.419203 0.213976
0.419302 0.212740
0.419401 0.212740
0.419501 0.212740
0.419600 0.212740
0.419700 0.212740
0.419799 0.212121
0.419898 0.211503
0.419998 0.211503
0.420097 0.211503
0.420197 0.211503
0.420296 0.211503
0.420395 0.211503
0.420495 0.211503
0.420594 0.211503
0.420694 0.211503
0.420793 0.211503
0.420892 0.211503
0.420992 0.211503
0.421091 0.211503
0.421191 0.211503
0.421290 0.211503
0.421389 0.211503
0.421489 0.211503
0.421588 0.211503
0.421688 0.211503
0.421787 0.211503
0.421886 0.211503
0.421986 0.211503
0.422085 0.211503
0.422185 0.211503
0.422284 0.211503
0.422383 0.210884
0.422483 0.210884
0.422582 0.210884
0.422682 0.210884
0.422781 0.210266
0.422880 0.210266
0.422980 0.210266
0.423079 0.210266
0.423179 0.210266
0.423278 0.210266
0.423377 0.210266
0.423477 0.210266
0.423576 0.210266
0.423676 0.210266
0.423775 0.210266
0.423874 0.210266
0.423974 0.210266
0.424073 0.210266
0.424173 0.210266
0.424272 0.210266
0.424371 0.210266
0.424471 0.210266
0.424570 0.210266
0.424669 0.210266
0.424769 0.210266
0.424868 0.210266
0.424968 0.210266
0.425067 0.210266
0.425166 0.210266
0.425266 0.210266
0.425365 0.210266
0.425465 0.210266
0.425564 0.210266
0.425663 0.209647
0.425763 0.209647
0.425862 0.209647
0.425962 0.209647
0.426061 0.209647
0.426160 0.209647
0.426260 0.209647
0.426359 0.209647
0.426459 0.209029
0.426558 0.209029
0.426657 0.209029
0.426757 0.209029
0.426856 0.209029
0.426956 0.209029
0.427055 0.209029
0.427154 0.209029
0.427254 0.209029
0.427353 0.209029
0.427453 0.209029
0.427552 0.209029
0.427651 0.209029
0.427751 0.209029
0.427850 0.209029
0.427950 0.209029
0.428049 0.209029
0.428148 0.209029
0.428248 0.209029
0.428347 0.209029
0.428447 0.209029
0.428546 0.209029
0.428645 0.208411
0.428745 0.208411
0.428844 0.208411
0.428944 0.208411
0.429043 0.207792
0.429142 0.207792
0.429242 0.207792
0.429341 0.207174
0.429441 0.207174
0.429540 0.207174
0.429639 0.207174
0.429739 0.207174
0.429838 0.207174
0.429938 0.205937
0.430037 0.204700
0.430136 0.204082
0.430236 0.204082
0.430335 0.204082
0.430435 0.204082
0.430534 0.204082
0.430633 0.204082
0.430733 0.204082
0.430832 0.203463
0.430932 0.203463
0.431031 0.203463
0.431130 0.203463
0.431230 0.203463
0.431329 0.203463
0.431428 0.203463
0.431528 0.203463
0.431627 0.203463
0.431727 0.203463
0.431826 0.203463
0.431925 0.203463
0.432025 0.203463
0.432124 0.203463
0.432224 0.203463
0.432323 0.203463
0.432422 0.203463
0.432522 0.202845
0.432621 0.202845
0.432721 0.202845
0.432820 0.202226
0.432919 0.201608
0.433019 0.201608
0.433118 0.201608
0.433218 0.200371
0.433317 0.200371
0.433416 0.200371
0.433516 0.200371
0.433615 0.200371
0.433715 0.199753
0.433814 0.199753
0.433913 0.199753
0.434013 0.199753
0.434112 0.199134
0.434212 0.199134
0.434311 0.199134
0.434410 0.199134
0.434510 0.199134
0.434609 0.199134
0.434709 0.199134
0.434808 0.199134
0.434907 0.199134
0.435007 0.199134
0.435106 0.199134
0.435206 0.199134
0.435305 0.199134
0.435404 0.199134
0.435504 0.199134
0.435603 0.199134
0.435703 0.199134
0.435802 0.199134
0.435901 0.199134
0.436001 0.199134
0.436100 0.199134
0.436200 0.198516
0.436299 0.198516
0.436398 0.198516
0.436498 0.197897
0.436597 0.197897
0.436697 0.197897
0.436796 0.197897
0.436895 0.197897
0.436995 0.197897
0.437094 0.197897
0.437194 0.197897
0.437293 0.197897
0.437392 0.197897
0.437492 0.197897
0.437591 0.197897
0.437691 0.197897
0.437790 0.197897
0.437889 0.197897
0.437989 0.197279
0.438088 0.197279
0.438188 0.197279
0.438287 0.197279
0.438386 0.196660
0.438486 0.196660
0.438585 0.196660
0.438684 0.196660
0.438784 0.196660
0.438883 0.196660
0.438983 0.196660
0.439082 0.196660
0.439181 0.196660
0.439281 0.196660
0.439380 0.196042
0.439480 0.196042
0.439579 0.195424
0.439678 0.195424
0.439778 0.195424
0.439877 0.195424
0.439977 0.195424
0.440076 0.195424
0.440175 0.195424
0.440275 0.195424
0.440374 0.195424
0.440474 0.195424
0.440573 0.195424
0.440672 0.195424
0.440772 0.195424
0.440871 0.195424
0.440971 0.194805
0.441070 0.194805
0.441169 0.194805
0.441269 0.194805
0.441368 0.194805
0.441468 0.194805
0.441567 0.194805
0.441666 0.194805
0.441766 0.194805
0.441865 0.194805
0.441965 0.194805
0.442064 0.194805
0.442163 0.194805
0.442263 0.194805
0.442362 0.194187
0.442462 0.193568
0.442561 0.193568
0.442660 0.193568
0.442760 0.193568
0.442859 0.193568
0.442959 0.193568
0.443058 0.193568
0.443157 0.193568
0.443257 0.193568
0.443356 0.193568
0.443456 0.193568
0.443555 0.193568
0.443654 0.193568
0.443754 0.193568
0.443853 0.193568
0.443953 0.193568
0.444052 0.193568
0.444151 0.193568
0.444251 0.193568
0.444350 0.193568
0.444450 0.193568
0.444549 0.193568
0.444648 0.193568
0.444748 0.193568
0.444847 0.193568
0.444947 0.193568
0.445046 0.193568
0.445145 0.193568
0.445245 0.193568
0.445344 0.193568
0.445444 0.193568
0.445543 0.193568
0.445642 0.193568
0.445742 0.193568
0.445841 0.193568
0.445940 0.193568
0.446040 0.193568
0.446139 0.193568
0.446239 0.193568
0.446338 0.193568
0.446437 0.192950
0.446537 0.192950
0.446636 0.192331
0.446736 0.192331
0.446835 0.192331
0.446934 0.192331
0.447034 0.192331
0.447133 0.192331
0.447233 0.192331
0.447332 0.191713
0.447431 0.191713
0.447531 0.191713
0.447630 0.191713
0.447730 0.191713
0.447829 0.191713
0.447928 0.191713
0.448028 0.191713
0.448127 0.191095
0.448227 0.191095
0.448326 0.191095
0.448425 0.191095
0.448525 0.191095
0.448624 0.191095
0.448724 0.191095
0.448823 0.191095
0.448922 0.191095
0.449022 0.191095
0.449121 0.191095
0.449221 0.191095
0.449320 0.191095
0.449419 0.191095
0.449519 0.191095
0.449618 0.191095
0.449718 0.191095
0.449817 0.191095
0.449916 0.191095
0.450016 0.191095
0.450115 0.191095
0.450215 0.191095
0.450314 0.190476
0.450413 0.190476
0.450513 0.189239
0.450612 0.189239
0.450712 0.189239
0.450811 0.189239
0.450910 0.189239
0.451010 0.189239
0.451109 0.189239
0.451209 0.189239
0.451308 0.189239
0.451407 0.189239
0.451507 0.189239
0.451606 0.189239
0.451706 0.189239
0.451805 0.189239
0.451904 0.189239
0.452004 0.188621
0.452103 0.188621
0.452203 0.188002
0.452302 0.188002
0.452401 0.188002
0.452501 0.188002
0.452600 0.188002
0.452700 0.188002
0.452799 0.188002
0.452898 0.188002
0.452998 0.188002
0.453097 0.187384
0.453196 0.187384
0.453296 0.187384
0.453395 0.186766
0.453495 0.186766
0.453594 0.186147
0.453693 0.186147
0.453793 0.186147
0.453892 0.186147
0.453992 0.186147
0.454091 0.186147
0.454190 0.186147
0.454290 0.186147
0.454389 0.186147
0.454489 0.186147
0.454588 0.186147
0.454687 0.186147
0.454787 0.186147
0.454886 0.186147
0.454986 0.186147
0.455085 0.186147
0.455184 0.185529
0.455284 0.185529
0.455383 0.185529
0.455483 0.185529
0.455582 0.185529
0.455681 0.185529
0.455781 0.185529
0.455880 0.184910
0.455980 0.184910
0.456079 0.184910
0.456178 0.184910
0.456278 0.184910
0.456377 0.184910
0.456477 0.184910
0.456576 0.184910
0.456675 0.184910
0.456775 0.184910
0.456874 0.184910
0.456974 0.184910
0.457073 0.184910
0.457172 0.184910
0.457272 0.184910
0.457371 0.184910
0.457471 0.184910
0.457570 0.184910
0.457669 0.184910
0.457769 0.184910
0.457868 0.184910
0.457968 0.184910
0.458067 0.184910
0.458166 0.184910
0.458266 0.184910
0.458365 0.184910
0.458465 0.184910
0.458564 0.184910
0.458663 0.184910
0.458763 0.184910
0.458862 0.184910
0.458962 0.184910
0.459061 0.184910
0.459160 0.184910
0.459260 0.184910
0.459359 0.184910
0.459459 0.184292
0.459558 0.184292
0.459657 0.184292
0.459757 0.184292
0.459856 0.184292
0.459955 0.184292
0.460055 0.184292
0.460154 0.184292
0.460254 0.184292
0.460353 0.184292
0.460452 0.184292
0.460552 0.184292
0.460651 0.184292
0.460751 0.184292
0.460850 0.184292
0.460949 0.184292
0.461049 0.184292
0.461148 0.183673
0.461248 0.183673
0.461347 0.183673
0.461446 0.183673
0.461546 0.183055
0.461645 0.183055
0.461745 0.183055
0.461844 0.183055
0.461943 0.182437
0.462043 0.182437
0.462142 0.182437
0.462242 0.182437
0.462341 0.182437
0.462440 0.182437
0.462540 0.182437
0.462639 0.182437
0.462739 0.182437
0.462838 0.182437
0.462937 0.181818
0.463037 0.181818
0.463136 0.181200
0.463236 0.181200
0.463335 0.181200
0.463434 0.180581
0.463534 0.180581
0.463633 0.180581
0.463733 0.180581
0.463832 0.180581
0.463931 0.180581
0.464031 0.180581
0.464130 0.180581
0.464230 0.179963
0.464329 0.179963
0.464428 0.179963
0.464528 0.179963
0.464627 0.179963
0.464727 0.179963
0.464826 0.179963
0.464925 0.179963
0.465025 0.178726
0.465124 0.178726
0.465224 0.178726
0.465323 0.178726
0.465422 0.178726
0.465522 0.178726
0.465621 0.178726
0.465721 0.178726
0.465820 0.178726
0.465919 0.178726
0.466019 0.178726
0.466118 0.178726
0.466218 0.178726
0.466317 0.178726
0.466416 0.178726
0.466516 0.178108
0.466615 0.178108
0.466715 0.178108
0.466814 0.178108
0.466913 0.178108
0.467013 0.178108
0.467112 0.178108
0.467211 0.178108
0.467311 0.178108
0.467410 0.178108
0.467510 0.178108
0.467609 0.178108
0.467708 0.178108
0.467808 0.177489
0.467907 0.177489
0.468007 0.177489
0.468106 0.177489
0.468205 0.177489
0.468305 0.177489
0.468404 0.177489
0.468504 0.177489
0.468603 0.177489
0.468702 0.177489
0.468802 0.177489
0.468901 0.177489
0.469001 0.177489
0.469100 0.177489
0.469199 0.177489
0.469299 0.177489
0.469398 0.176871
0.469498 0.176871
0.469597 0.176871
0.469696 0.176871
0.469796 0.176871
0.469895 0.176871
0.469995 0.176871
0.470094 0.176871
0.470193 0.176871
0.470293 0.176871
0.470392 0.176871
0.470492 0.176871
0.470591 0.176871
0.470690 0.176871
0.470790 0.176871
0.470889 0.176871
0.470989 0.176871
0.471088 0.176871
0.471187 0.176871
0.471287 0.176871
0.471386 0.176871
0.471486 0.176871
0.471585 0.176871
0.471684 0.176871
0.471784 0.176871
0.471883 0.176871
0.471983 0.176871
0.472082 0.176871
0.472181 0.176871
0.472281 0.176871
0.472380 0.176871
0.472480 0.176871
0.472579 0.176871
0.472678 0.176871
0.472778 0.176871
0.472877 0.176871
0.472977 0.176871
0.473076 0.176871
0.473175 0.176871
0.473275 0.176871
0.473374 0.176871
0.473474 0.176871
0.473573 0.176871
0.473672 0.176871
0.473772 0.176252
0.473871 0.176252
0.473971 0.176252
0.474070 0.176252
0.474169 0.176252
0.474269 0.175634
0.474368 0.175634
0.474467 0.175634
0.474567 0.175634
0.474666 0.175634
0.474766 0.175634
0.474865 0.175634
0.474964 0.175634
0.475064 0.175634
0.475163 0.175634
0.475263 0.175634
0.475362 0.175634
0.475461 0.175634
0.475561 0.175634
0.475660 0.175634
0.475760 0.175634
0.475859 0.175634
0.475958 0.175634
0.476058 0.175634
0.476157 0.175634
0.476257 0.175634
0.476356 0.175634
0.476455 0.175634
0.476555 0.175634
0.476654 0.175634
0.476754 0.175634
0.476853 0.175634
0.476952 0.175634
0.477052 0.175015
0.477151 0.175015
0.477251 0.175015
0.477350 0.174397
0.477449 0.174397
0.477549 0.174397
0.477648 0.174397
0.477748 0.174397
0.477847 0.174397
0.477946 0.174397
0.478046 0.174397
0.478145 0.174397
0.478245 0.174397
0.478344 0.174397
0.478443 0.174397
0.478543 0.174397
0.478642 0.174397
0.478742 0.174397
0.478841 0.174397
0.478940 0.174397
0.479040 0.174397
0.479139 0.174397
0.479239 0.174397
0.479338 0.174397
0.479437 0.174397
0.479537 0.174397
0.479636 0.174397
0.479736 0.174397
0.479835 0.174397
0.479934 0.173779
0.480034 0.173779
0.480133 0.173160
0.480233 0.173160
0.480332 0.173160
0.480431 0.173160
0.480531 0.173160
0.480630 0.173160
0.480730 0.173160
0.480829 0.173160
0.480928 0.173160
0.481028 0.172542
0.481127 0.172542
0.481227 0.172542
0.481326 0.171923
0.481425 0.171923
0.481525 0.171923
0.481624 0.171305
0.481723 0.171305
0.481823 0.170686
0.481922 0.170686
0.482022 0.170686
0.482121 0.170686
0.482220 0.170686
0.482320 0.170686
0.482419 0.170686
0.482519 0.170686
0.482618 0.170686
0.482717 0.170686
0.482817 0.170686
0.482916 0.170686
0.483016 0.170686
0.483115 0.170686
0.483214 0.170686
0.483314 0.170686
0.483413 0.170686
0.483513 0.170686
0.483612 0.170686
0.483711 0.170686
0.483811 0.170686
0.483910 0.170686
0.484010 0.170686
0.484109 0.170686
0.484208 0.170686
0.484308 0.170686
0.484407 0.170686
0.484507 0.170686
0.484606 0.170068
0.484705 0.170068
0.484805 0.170068
0.484904 0.170068
0.485004 0.170068
0.485103 0.170068
0.485202 0.170068
0.485302 0.170068
0.485401 0.170068
0.485501 0.170068
0.485600 0.170068
0.485699 0.170068
0.485799 0.170068
0.485898 0.170068
0.485998 0.170068
0.486097 0.170068
0.486196 0.170068
0.486296 0.170068
0.486395 0.170068
0.486495 0.170068
0.486594 0.170068
0.486693 0.170068
0.486793 0.169450
0.486892 0.169450
0.486992 0.169450
0.487091 0.169450
0.487190 0.169450
0.487290 0.169450
0.487389 0.169450
0.487489 0.169450
0.487588 0.169450
0.487687 0.168831
0.487787 0.168831
0.487886 0.168831
0.487986 0.168831
0.488085 0.168831
0.488184 0.168831
0.488284 0.168831
0.488383 0.168831
0.488483 0.168831
0.488582 0.168831
0.488681 0.168213
0.488781 0.168213
0.488880 0.168213
0.488979 0.168213
0.489079 0.168213
0.489178 0.168213
0.489278 0.168213
0.489377 0.168213
0.489476 0.168213
0.489576 0.168213
0.489675 0.168213
0.489775 0.168213
0.489874 0.168213
0.489973 0.168213
0.490073 0.168213
0.490172 0.168213
0.490272 0.168213
0.490371 0.168213
0.490470 0.168213
0.490570 0.168213
0.490669 0.168213
0.490769 0.168213
0.490868 0.167594
0.490967 0.167594
0.491067 0.166976
0.491166 0.166976
0.491266 0.166976
0.491365 0.166976
0.491464 0.166976
0.491564 0.166976
0.491663 0.166976
0.491763 0.166976
0.491862 0.166976
0.491961 0.166976
0.492061 0.166976
0.492160 0.166976
0.492260 0.166976
0.492359 0.166976
0.492458 0.166976
0.492558 0.166976
0.492657 0.166976
0.492757 0.166976
0.492856 0.166976
0.492955 0.166976
0.493055 0.166976
0.493154 0.166976
0.493254 0.166357
0.493353 0.166357
0.493452 0.166357
0.493552 0.166357
0.493651 0.166357
0.493751 0.166357
0.493850 0.165739
0.493949 0.165739
0.494049 0.165739
0.494148 0.165739
0.494248 0.165739
0.494347 0.165739
0.494446 0.165739
0.494546 0.165739
0.494645 0.165739
0.494745 0.165739
0.494844 0.165739
0.494943 0.165739
0.495043 0.165121
0.495142 0.165121
0.495242 0.165121
0.495341 0.165121
0.495440 0.165121
0.495540 0.165121
0.495639 0.165121
0.495738 0.165121
0.495838 0.165121
0.495937 0.165121
0.496037 0.165121
0.496136 0.165121
0.496235 0.165121
0.496335 0.165121
0.496434 0.165121
0.496534 0.165121
0.496633 0.165121
0.496732 0.165121
0.496832 0.165121
0.496931 0.165121
0.497031 0.165121
0.497130 0.165121
0.497229 0.165121
0.497329 0.164502
0.497428 0.164502
0.497528 0.163884
0.497627 0.163884
0.497726 0.163884
0.497826 0.162647
0.497925 0.162647
0.498025 0.162647
0.498124 0.162647
0.498223 0.162647
0.498323 0.162647
0.498422 0.162647
0.498522 0.162647
0.498621 0.162647
0.498720 0.162647
0.498820 0.162647
0.498919 0.162647
0.499019 0.162647
0.499118 0.162647
0.499217 0.162028
0.499317 0.162028
0.499416 0.162028
0.499516 0.162028
0.499615 0.162028
0.499714 0.162028
0.499814 0.162028
0.499913 0.162028
0.500013 0.162028
0.500112 0.162028
0.500211 0.162028
0.500311 0.162028
0.500410 0.162028
0.500510 0.162028
0.500609 0.162028
0.500708 0.161410
0.500808 0.161410
0.500907 0.161410
0.501007 0.161410
0.501106 0.161410
0.501205 0.161410
0.501305 0.161410
0.501404 0.161410
0.501504 0.161410
0.501603 0.161410
0.501702 0.161410
0.501802 0.161410
0.501901 0.161410
0.502001 0.161410
0.502100 0.161410
0.502199 0.161410
0.502299 0.161410
0.502398 0.161410
0.502498 0.161410
0.502597 0.161410
0.502696 0.161410
0.502796 0.161410
0.502895 0.161410
0.502994 0.161410
0.503094 0.161410
0.503193 0.160173
0.503293 0.160173
0.503392 0.160173
0.503491 0.160173
0.503591 0.160173
0.503690 0.160173
0.503790 0.159555
0.503889 0.159555
0.503988 0.159555
0.504088 0.158936
0.504187 0.158936
0.504287 0.158936
0.504386 0.158936
0.504485 0.158318
0.504585 0.158318
0.504684 0.158318
0.504784 0.158318
0.504883 0.158318
0.504982 0.158318
0.505082 0.158318
0.505181 0.158318
0.505281 0.157699
0.505380 0.157699
0.505479 0.157699
0.505579 0.157699
0.505678 0.157699
0.505778 0.157081
0.505877 0.157081
0.505976 0.157081
0.506076 0.157081
0.506175 0.157081
0.506275 0.157081
0.506374 0.157081
0.506473 0.157081
0.506573 0.157081
0.506672 0.157081
0.506772 0.157081
0.506871 0.156463
0.506970 0.156463
0.507070 0.156463
0.507169 0.156463
0.507269 0.155844
0.507368 0.155844
0.507467 0.155844
0.507567 0.155844
0.507666 0.155844
0.507766 0.155844
0.507865 0.155844
0.507964 0.155844
0.508064 0.155844
0.508163 0.155844
0.508263 0.155844
0.508362 0.155844
0.508461 0.155844
0.508561 0.155226
0.508660 0.154607
0.508760 0.154607
0.508859 0.154607
0.508958 0.154607
0.509058 0.154607
0.509157 0.154607
0.509257 0.154607
0.509356 0.153989
0.509455 0.153989
0.509555 0.153989
0.509654 0.153989
0.509754 0.153989
0.509853 0.153989
0.509952 0.153989
0.510052 0.153989
0.510151 0.153989
0.510250 0.153989
0.510350 0.153989
0.510449 0.153989
0.510549 0.153989
0.510648 0.153370
0.510747 0.153370
0.510847 0.153370
0.510946 0.153370
0.511046 0.153370
0.511145 0.153370
0.511244 0.153370
0.511344 0.153370
0.511443 0.153370
0.511543 0.153370
0.511642 0.153370
0.511741 0.153370
0.511841 0.153370
0.511940 0.153370
0.512040 0.153370
0.512139 0.153370
0.512238 0.153370
0.512338 0.153370
0.512437 0.153370
0.512537 0.152752
0.512636 0.152752
0.512735 0.152752
0.512835 0.152752
0.512934 0.152752
0.513034 0.152752
0.513133 0.152752
0.513232 0.152752
0.513332 0.152752
0.513431 0.152752
0.513531 0.152752
0.513630 0.152752
0.513729 0.152752
0.513829 0.152752
0.513928 0.152752
0.514028 0.152752
0.514127 0.152752
0.514226 0.152752
0.514326 0.152752
0.514425 0.152752
0.514525 0.152752
0.514624 0.152752
0.514723 0.152752
0.514823 0.152752
0.514922 0.152752
0.515022 0.152752
0.515121 0.152752
0.515220 0.152752
0.515320 0.152752
0.515419 0.152134
0.515519 0.152134
0.515618 0.152134
0.515717 0.152134
0.515817 0.152134
0.515916 0.152134
0.516016 0.152134
0.516115 0.152134
0.516214 0.152134
0.516314 0.152134
0.516413 0.152134
0.516513 0.151515
0.516612 0.151515
0.516711 0.151515
0.516811 0.151515
0.516910 0.151515
0.517010 0.151515
0.517109 0.151515
0.517208 0.151515
0.517308 0.151515
0.517407 0.151515
0.517506 0.151515
0.517606 0.151515
0.517705 0.151515
0.517805 0.151515
0.517904 0.151515
0.518003 0.151515
0.518103 0.151515
0.518202 0.151515
0.518302 0.151515
0.518401 0.151515
0.518500 0.151515
0.518600 0.151515
0.518699 0.151515
0.518799 0.150897
0.518898 0.150897
0.518997 0.150897
0.519097 0.150897
0.519196 0.150897
0.519296 0.150897
0.519395 0.150897
0.519494 0.150897
0.519594 0.150897
0.519693 0.150897
0.519793 0.150278
0.519892 0.150278
0.519991 0.150278
0.520091 0.150278
0.520190 0.149660
0.520290 0.149660
0.520389 0.149660
0.520488 0.149660
0.520588 0.149660
0.520687 0.149660
0.520787 0.149660
0.520886 0.149660
0.520985 0.149660
0.521085 0.149660
0.521184 0.149660
0.521284 0.149660
0.521383 0.149660
0.521482 0.149660
0.521582 0.149041
0.521681 0.149041
0.521781 0.149041
0.521880 0.149041
0.521979 0.149041
0.522079 0.149041
0.522178 0.149041
0.522278 0.149041
0.522377 0.149041
0.522476 0.149041
0.522576 0.149041
0.522675 0.149041
0.522775 0.149041
0.522874 0.148423
0.522973 0.148423
0.523073 0.148423
0.523172 0.148423
0.523272 0.148423
0.523371 0.148423
0.523470 0.148423
0.523570 0.148423
0.523669 0.148423
0.523769 0.148423
0.523868 0.147805
0.523967 0.147186
0.524067 0.147186
0.524166 0.147186
0.524265 0.147186
0.524365 0.147186
0.524464 0.147186
0.524564 0.147186
0.524663 0.147186
0.524762 0.147186
0.524862 0.147186
0.524961 0.147186
0.525061 0.147186
0.525160 0.146568
0.525259 0.145949
0.525359 0.145949
0.525458 0.145331
0.525558 0.145331
0.525657 0.145331
0.525756 0.145331
0.525856 0.145331
0.525955 0.145331
0.526055 0.145331
0.526154 0.145331
0.526253 0.145331
0.526353 0.145331
0.526452 0.145331
0.526552 0.144712
0.526651 0.144712
0.526750 0.144712
0.526850 0.144094
0.526949 0.144094
0.527049 0.144094
0.527148 0.144094
0.527247 0.144094
0.527347 0.144094
0.527446 0.144094
0.527546 0.144094
0.527645 0.144094
0.527744 0.144094
0.527844 0.144094
0.527943 0.144094
0.528043 0.144094
0.528142 0.143476
0.528241 0.143476
0.528341 0.143476
0.528440 0.143476
0.528540 0.143476
0.528639 0.143476
0.528738 0.143476
0.528838 0.143476
0.528937 0.143476
0.529037 0.143476
0.529136 0.143476
0.529235 0.143476
0.529335 0.143476
0.529434 0.143476
0.529534 0.143476
0.529633 0.143476
0.529732 0.142857
0.529832 0.142857
0.529931 0.142857
0.530031 0.142857
0.530130 0.141620
0.530229 0.141620
0.530329 0.141620
0.530428 0.141002
0.530528 0.141002
0.530627 0.141002
0.530726 0.141002
0.530826 0.141002
0.530925 0.141002
0.531025 0.141002
0.531124 0.141002
0.531223 0.141002
0.531323 0.141002
0.531422 0.141002
0.531521 0.141002
0.531621 0.141002
0.531720 0.141002
0.531820 0.141002
0.531919 0.140383
0.532018 0.140383
0.532118 0.140383
0.532217 0.140383
0.532317 0.140383
0.532416 0.140383
0.532515 0.140383
0.532615 0.140383
0.532714 0.140383
0.532814 0.140383
0.532913 0.140383
0.533012 0.140383
0.533112 0.140383
0.533211 0.140383
0.533311 0.140383
0.533410 0.140383
0.533509 0.140383
0.533609 0.140383
0.533708 0.140383
0.533808 0.140383
0.533907 0.140383
0.534006 0.140383
0.534106 0.140383
0.534205 0.140383
0.534305 0.140383
0.534404 0.140383
0.534503 0.140383
0.534603 0.140383
0.534702 0.139765
0.534802 0.139765
0.534901 0.139765
0.535000 0.139765
0.535100 0.139147
0.535199 0.139147
0.535299 0.139147
0.535398 0.139147
0.535497 0.139147
0.535597 0.139147
0.535696 0.139147
0.535796 0.139147
0.535895 0.139147
0.535994 0.139147
0.536094 0.138528
0.536193 0.138528
0.536293 0.138528
0.536392 0.138528
0.536491 0.138528
0.536591 0.138528
0.536690 0.138528
0.536790 0.138528
0.536889 0.138528
0.536988 0.138528
0.537088 0.138528
0.537187 0.138528
0.537287 0.138528
0.537386 0.138528
0.537485 0.138528
0.537585 0.138528
0.537684 0.137910
0.537784 0.137910
0.537883 0.137910
0.537982 0.137291
0.538082 0.137291
0.538181 0.137291
0.538281 0.137291
0.538380 0.137291
0.538479 0.137291
0.538579 0.137291
0.538678 0.137291
0.538777 0.137291
0.538877 0.137291
0.538976 0.137291
0.539076 0.137291
0.539175 0.137291
0.539274 0.137291
0.539374 0.137291
0.539473 0.137291
0.539573 0.137291
0.539672 0.137291
0.539771 0.136673
0.539871 0.136673
0.539970 0.136673
0.540070 0.136673
0.540169 0.136673
0.540268 0.136673
0.540368 0.136673
0.540467 0.136673
0.540567 0.136673
0.540666 0.136673
0.540765 0.136054
0.540865 0.136054
0.540964 0.136054
0.541064 0.135436
0.541163 0.135436
0.541262 0.134818
0.541362 0.134818
0.541461 0.134818
0.541561 0.134818
0.541660 0.134818
0.541759 0.134818
0.541859 0.134818
0.541958 0.134818
0.542058 0.134818
0.542157 0.134818
0.542256 0.134818
0.542356 0.134818
0.542455 0.134818
0.542555 0.134818
0.542654 0.134818
0.542753 0.134818
0.542853 0.134199
0.542952 0.134199
0.543052 0.134199
0.543151 0.134199
0.543250 0.134199
0.543350 0.134199
0.543449 0.134199
0.543549 0.134199
0.543648 0.134199
0.543747 0.134199
0.543847 0.134199
0.543946 0.134199
0.544046 0.133581
0.544145 0.133581
0.544244 0.133581
0.544344 0.133581
0.544443 0.133581
0.544543 0.133581
0.544642 0.132962
0.544741 0.132962
0.544841 0.132962
0.544940 0.132962
0.545040 0.132344
0.545139 0.132344
0.545238 0.132344
0.545338 0.132344
0.545437 0.132344
0.545537 0.132344
0.545636 0.132344
0.545735 0.132344
0.545835 0.132344
0.545934 0.132344
0.546033 0.132344
0.546133 0.132344
0.546232 0.132344
0.546332 0.132344
0.546431 0.132344
0.546530 0.132344
0.546630 0.132344
0.546729 0.132344
0.546829 0.132344
0.546928 0.132344
0.547027 0.132344
0.547127 0.132344
0.547226 0.132344
0.547326 0.132344
0.547425 0.132344
0.547524 0.132344
0.547624 0.132344
0.547723 0.132344
0.547823 0.132344
0.547922 0.132344
0.548021 0.132344
0.548121 0.132344
0.548220 0.132344
0.548320 0.132344
0.548419 0.132344
0.548518 0.131725
0.548618 0.131725
0.548717 0.131725
0.548817 0.131725
0.548916 0.131725
0.549015 0.131725
0.549115 0.131725
0.549214 0.131725
0.549314 0.131725
0.549413 0.131725
0.549512 0.131725
0.549612 0.131725
0.549711 0.131725
0.549811 0.131725
0.549910 0.131725
0.550009 0.131725
0.550109 0.131725
0.550208 0.131725
0.550308 0.131725
0.550407 0.131725
0.550506 0.131725
0.550606 0.131725
0.550705 0.131725
0.550805 0.131725
0.550904 0.131725
0.551003 0.131725
0.551103 0.131725
0.551202 0.131725
0.551302 0.131725
0.551401 0.131725
0.551500 0.131725
0.551600 0.131725
0.551699 0.131725
0.551799 0.131725
0.551898 0.131725
0.551997 0.131725
0.552097 0.131725
0.552196 0.131725
0.552296 0.131725
0.552395 0.131725
0.552494 0.131725
0.552594 0.131725
0.552693 0.131725
0.552793 0.131725
0.552892 0.131725
0.552991 0.131107
0.553091 0.131107
0.553190 0.131107
0.553289 0.131107
0.553389 0.131107
0.553488 0.131107
0.553588 0.130489
0.553687 0.130489
0.553786 0.130489
0.553886 0.130489
0.553985 0.130489
0.554085 0.129870
0.554184 0.129870
0.554283 0.129870
0.554383 0.129870
0.554482 0.129870
0.554582 0.129870
0.554681 0.129870
0.554780 0.129870
0.554880 0.129870
0.554979 0.129870
0.555079 0.129870
0.555178 0.129870
0.555277 0.129870
0.555377 0.129870
0.555476 0.129870
0.555576 0.129252
0.555675 0.129252
0.555774 0.129252
0.555874 0.129252
0.555973 0.129252
0.556073 0.129252
0.556172 0.129252
0.556271 0.129252
0.556371 0.129252
0.556470 0.129252
0.556570 0.129252
0.556669 0.129252
0.556768 0.129252
0.556868 0.129252
0.556967 0.128633
0.557067 0.128633
0.557166 0.128633
0.557265 0.128633
0.557365 0.128633
0.557464 0.128633
0.557564 0.128633
0.557663 0.128015
0.557762 0.128015
0.557862 0.128015
0.557961 0.128015
0.558061 0.128015
0.558160 0.128015
0.558259 0.128015
0.558359 0.128015
0.558458 0.127396
0.558558 0.127396
0.558657 0.127396
0.558756 0.127396
0.558856 0.127396
0.558955 0.127396
0.559055 0.127396
0.559154 0.127396
0.559253 0.127396
0.559353 0.127396
0.559452 0.127396
0.559552 0.127396
0.559651 0.127396
0.559750 0.127396
0.559850 0.127396
0.559949 0.127396
0.560048 0.127396
0.560148 0.126778
0.560247 0.126778
0.560347 0.126778
0.560446 0.126778
0.560545 0.126778
0.560645 0.126778
0.560744 0.126778
0.560844 0.126778
0.560943 0.126778
0.561042 0.126778
0.561142 0.126778
0.561241 0.126778
0.561341 0.126778
0.561440 0.126778
0.561539 0.126778
0.561639 0.126778
0.561738 0.126778
0.561838 0.126778
0.561937 0.126778
0.562036 0.126778
0.562136 0.126778
0.562235 0.126778
0.562335 0.126778
0.562434 0.126778
0.562533 0.126160
0.562633 0.126160
0.562732 0.126160
0.562832 0.125541
0.562931 0.125541
0.563030 0.125541
0.563130 0.125541
0.563229 0.125541
0.563329 0.125541
0.563428 0.125541
0.563527 0.125541
0.563627 0.125541
0.563726 0.125541
0.563826 0.125541
0.563925 0.125541
0.564024 0.125541
0.564124 0.124923
0.564223 0.124923
0.564323 0.124923
0.564422 0.124923
0.564521 0.124923
0.564621 0.124923
0.564720 0.124923
0.564820 0.124923
0.564919 0.124923
0.565018 0.124923
0.565118 0.124923
0.565217 0.124923
0.565317 0.124923
0.565416 0.124923
0.565515 0.124923
0.565615 0.124923
0.565714 0.124923
0.565814 0.124923
0.565913 0.124923
0.566012 0.124923
0.566112 0.124304
0.566211 0.123686
0.566311 0.123686
0.566410 0.123686
0.566509 0.123686
0.566609 0.123686
0.566708 0.123686
0.566808 0.123686
0.566907 0.123686
0.567006 0.123686
0.567106 0.123686
0.567205 0.123686
0.567304 0.123686
0.567404 0.123686
0.567503 0.123686
0.567603 0.123686
0.567702 0.123686
0.567801 0.123686
0.567901 0.123686
0.568000 0.123686
0.568100 0.123686
0.568199 0.123686
0.568298 0.123686
0.568398 0.123686
0.568497 0.123686
0.568597 0.123686
0.568696 0.123686
0.568795 0.123686
0.568895 0.123686
0.568994 0.123686
0.569094 0.123686
0.569193 0.123686
0.569292 0.123686
0.569392 0.123686
0.569491 0.123686
0.569591 0.123686
0.569690 0.123686
0.569789 0.123686
0.569889 0.123686
0.569988 0.123686
0.570088 0.123686
0.570187 0.123686
0.570286 0.123686
0.570386 0.123686
0.570485 0.123686
0.570585 0.123686
0.570684 0.123067
0.570783 0.123067
0.570883 0.123067
0.570982 0.123067
0.571082 0.123067
0.571181 0.123067
0.571280 0.123067
0.571380 0.123067
0.571479 0.123067
0.571579 0.122449
0.571678 0.122449
0.571777 0.122449
0.571877 0.122449
0.571976 0.122449
0.572076 0.122449
0.572175 0.122449
0.572274 0.122449
0.572374 0.122449
0.572473 0.122449
0.572573 0.122449
0.572672 0.121831
0.572771 0.121831
0.572871 0.121831
0.572970 0.121831
0.573070 0.121831
0.573169 0.121831
0.573268 0.121831
0.573368 0.121831
0.573467 0.121831
0.573567 0.121831
0.573666 0.121831
0.573765 0.121831
0.573865 0.121212
0.573964 0.121212
0.574064 0.121212
0.574163 0.121212
0.574262 0.121212
0.574362 0.121212
0.574461 0.121212
0.574560 0.121212
0.574660 0.121212
0.574759 0.121212
0.574859 0.121212
0.574958 0.121212
0.575057 0.121212
0.575157 0.121212
0.575256 0.121212
0.575356 0.121212
0.575455 0.121212
0.575554 0.121212
0.575654 0.121212
0.575753 0.121212
0.575853 0.121212
0.575952 0.121212
0.576051 0.120594
0.576151 0.120594
0.576250 0.120594
0.576350 0.120594
0.576449 0.120594
0.576548 0.120594
0.576648 0.120594
0.576747 0.120594
0.576847 0.120594
0.576946 0.120594
0.577045 0.120594
0.577145 0.120594
0.577244 0.120594
0.577344 0.120594
0.577443 0.120594
0.577542 0.120594
0.577642 0.120594
0.577741 0.120594
0.577841 0.120594
0.577940 0.120594
0.578039 0.120594
0.578139 0.120594
0.578238 0.120594
0.578338 0.120594
0.578437 0.120594
0.578536 0.120594
0.578636 0.120594
0.578735 0.120594
0.578835 0.120594
0.578934 0.120594
0.579033 0.120594
0.579133 0.120594
0.579232 0.120594
0.579332 0.120594
0.579431 0.120594
0.579530 0.120594
0.579630 0.120594
0.579729 0.120594
0.579829 0.120594
0.579928 0.120594
0.580027 0.120594
0.580127 0.120594
0.580226 0.120594
0.580326 0.120594
0.580425 0.120594
0.580524 0.120594
0.580624 0.120594
0.580723 0.120594
0.580823 0.120594
0.580922 0.119975
0.581021 0.119975
0.581121 0.119975
0.581220 0.119975
0.581320 0.119975
0.581419 0.119975
0.581518 0.119357
0.581618 0.119357
0.581717 0.119357
0.581816 0.119357
0.581916 0.119357
0.582015 0.119357
0.582115 0.119357
0.582214 0.119357
0.582313 0.119357
0.582413 0.119357
0.582512 0.119357
0.582612 0.119357
0.582711 0.119357
0.582810 0.119357
0.582910 0.119357
0.583009 0.119357
0.583109 0.119357
0.583208 0.119357
0.583307 0.119357
0.583407 0.119357
0.583506 0.119357
0.583606 0.119357
0.583705 0.119357
0.583804 0.119357
0.583904 0.118120
0.584003 0.118120
0.584103 0.118120
0.584202 0.118120
0.584301 0.118120
0.584401 0.117502
0.584500 0.117502
0.584600 0.117502
0.584699 0.117502
0.584798 0.117502
0.584898 0.117502
0.584997 0.116883
0.585097 0.116883
0.585196 0.116883
0.585295 0.116883
0.585395 0.116883
0.585494 0.116883
0.585594 0.116883
0.585693 0.116883
0.585792 0.116883
0.585892 0.116883
0.585991 0.116883
0.586091 0.116883
0.586190 0.116883
0.586289 0.116883
0.586389 0.116883
0.586488 0.116883
0.586588 0.116883
0.586687 0.116883
0.586786 0.116883
0.586886 0.116883
0.586985 0.116883
0.587085 0.116883
0.587184 0.116883
0.587283 0.116883
0.587383 0.116883
0.587482 0.116883
0.587582 0.116265
0.587681 0.116265
0.587780 0.116265
0.587880 0.116265
0.587979 0.116265
0.588079 0.116265
0.588178 0.116265
0.588277 0.116265
0.588377 0.116265
0.588476 0.116265
0.588575 0.116265
0.588675 0.116265
0.588774 0.116265
0.588874 0.116265
0.588973 0.116265
0.589072 0.116265
0.589172 0.116265
0.589271 0.116265
0.589371 0.116265
0.589470 0.116265
0.589569 0.116265
0.589669 0.116265
0.589768 0.116265
0.589868 0.116265
0.589967 0.116265
0.590066 0.115646
0.590166 0.115646
0.590265 0.115646
0.590365 0.115646
0.590464 0.115646
0.590563 0.115646
0.590663 0.115028
0.590762 0.115028
0.590862 0.115028
0.590961 0.115028
0.591060 0.115028
0.591160 0.115028
0.591259 0.115028
0.591359 0.115028
0.591458 0.115028
0.591557 0.115028
0.591657 0.115028
0.591756 0.115028
0.591856 0.115028
0.591955 0.115028
0.592054 0.115028
0.592154 0.115028
0.592253 0.115028
0.592353 0.115028
0.592452 0.115028
0.592551 0.115028
0.592651 0.115028
0.592750 0.115028
0.592850 0.115028
0.592949 0.115028
0.593048 0.115028
0.593148 0.115028
0.593247 0.115028
0.593347 0.114409
0.593446 0.114409
0.593545 0.114409
0.593645 0.114409
0.593744 0.114409
0.593844 0.114409
0.593943 0.114409
0.594042 0.113791
0.594142 0.113791
0.594241 0.113791
0.594341 0.113791
0.594440 0.113791
0.594539 0.113791
0.594639 0.113791
0.594738 0.113791
0.594838 0.113791
0.594937 0.113791
0.595036 0.113791
0.595136 0.113791
0.595235 0.113791
0.595335 0.113791
0.595434 0.113791
0.595533 0.113791
0.595633 0.113791
0.595732 0.113791
0.595831 0.113791
0.595931 0.113791
0.596030 0.113791
0.596130 0.113791
0.596229 0.113791
0.596328 0.113791
0.596428 0.113791
0.596527 0.113791
0.596627 0.113791
0.596726 0.113791
0.596825 0.113791
0.596925 0.113791
0.597024 0.113173
0.597124 0.113173
0.597223 0.113173
0.597322 0.113173
0.597422 0.113173
0.597521 0.113173
0.597621 0.113173
0.597720 0.113173
0.597819 0.113173
0.597919 0.113173
0.598018 0.113173
0.598118 0.113173
0.598217 0.113173
0.598316 0.113173
0.598416 0.113173
0.598515 0.113173
0.598615 0.113173
0.598714 0.113173
0.598813 0.113173
0.598913 0.113173
0.599012 0.113173
0.599112 0.113173
0.599211 0.113173
0.599310 0.113173
0.599410 0.113173
0.599509 0.112554
0.599609 0.112554
0.599708 0.112554
0.599807 0.112554
0.599907 0.112554
0.600006 0.112554
0.600106 0.112554
0.600205 0.112554
0.600304 0.112554
0.600404 0.112554
0.600503 0.112554
0.600603 0.112554
0.600702 0.112554
0.600801 0.112554
0.600901 0.112554
0.601000 0.111936
0.601100 0.111936
0.601199 0.111936
0.601298 0.111317
0.601398 0.111317
0.601497 0.111317
0.601597 0.111317
0.601696 0.110699
0.601795 0.110699
0.601895 0.110699
0.601994 0.110699
0.602094 0.110699
0.602193 0.110699
0.602292 0.110699
0.602392 0.110699
0.602491 0.110080
0.602591 0.110080
0.602690 0.110080
0.602789 0.110080
0.602889 0.110080
0.602988 0.110080
0.603087 0.110080
0.603187 0.110080
0.603286 0.110080
0.603386 0.110080
0.603485 0.110080
0.603584 0.110080
0.603684 0.109462
0.603783 0.109462
0.603883 0.109462
0.603982 0.109462
0.604081 0.109462
0.604181 0.109462
0.604280 0.109462
0.604380 0.109462
0.604479 0.109462
0.604578 0.109462
0.604678 0.109462
0.604777 0.109462
0.604877 0.109462
0.604976 0.109462
0.605075 0.109462
0.605175 0.109462
0.605274 0.109462
0.605374 0.109462
0.605473 0.109462
0.605572 0.109462
0.605672 0.109462
0.605771 0.109462
0.605871 0.109462
0.605970 0.109462
0.606069 0.109462
0.606169 0.109462
0.606268 0.109462
0.606368 0.109462
0.606467 0.109462
0.606566 0.109462
0.606666 0.109462
0.606765 0.109462
0.606865 0.109462
0.606964 0.109462
0.607063 0.109462
0.607163 0.109462
0.607262 0.109462
0.607362 0.109462
0.607461 0.109462
0.607560 0.109462
0.607660 0.109462
0.607759 0.108844
0.607859 0.108844
0.607958 0.108844
0.608057 0.108844
0.608157 0.108844
0.608256 0.108225
0.608356 0.108225
0.608455 0.108225
0.608554 0.108225
0.608654 0.108225
0.608753 0.108225
0.608853 0.108225
0.608952 0.108225
0.609051 0.108225
0.609151 0.108225
0.609250 0.108225
0.609350 0.108225
0.609449 0.108225
0.609548 0.108225
0.609648 0.108225
0.609747 0.108225
0.609847 0.108225
0.609946 0.108225
0.610045 0.107607
0.610145 0.107607
0.610244 0.107607
0.610343 0.107607
0.610443 0.107607
0.610542 0.106988
0.610642 0.106988
0.610741 0.106988
0.610840 0.106988
0.610940 0.106988
0.611039 0.106988
0.611139 0.106988
0.611238 0.106988
0.611337 0.106988
0.611437 0.106988
0.611536 0.106988
0.611636 0.106988
0.611735 0.106370
0.611834 0.106370
0.611934 0.106370
0.612033 0.106370
0.612133 0.106370
0.612232 0.106370
0.612331 0.105751
0.612431 0.105751
0.612530 0.105751
0.612630 0.105133
0.612729 0.105133
0.612828 0.105133
0.612928 0.105133
0.613027 0.105133
0.613127 0.105133
0.613226 0.105133
0.613325 0.105133
0.613425 0.105133
0.613524 0.105133
0.613624 0.104515
0.613723 0.104515
0.613822 0.104515
0.613922 0.104515
0.614021 0.104515
0.614121 0.104515
0.614220 0.104515
0.614319 0.103896
0.614419 0.103896
0.614518 0.103896
0.614618 0.103896
0.614717 0.103896
0.614816 0.103896
0.614916 0.103896
0.615015 0.103896
0.615115 0.103896
0.615214 0.103896
0.615313 0.103278
0.615413 0.103278
0.615512 0.103278
0.615612 0.102659
0.615711 0.102659
0.615810 0.102659
0.615910 0.102659
0.616009 0.102659
0.616109 0.102659
0.616208 0.102659
0.616307 0.102659
0.616407 0.102659
0.616506 0.102041
0.616606 0.102041
0.616705 0.102041
0.616804 0.102041
0.616904 0.102041
0.617003 0.102041
0.617103 0.102041
0.617202 0.102041
0.617301 0.102041
0.617401 0.102041
0.617500 0.102041
0.617599 0.102041
0.617699 0.102041
0.617798 0.101422
0.617898 0.101422
0.617997 0.101422
0.618096 0.101422
0.618196 0.100804
0.618295 0.100804
0.618395 0.100186
0.618494 0.100186
0.618593 0.100186
0.618693 0.100186
0.618792 0.099567
0.618892 0.099567
0.618991 0.099567
0.619090 0.099567
0.619190 0.098949
0.619289 0.098949
0.619389 0.098949
0.619488 0.098330
0.619587 0.098330
0.619687 0.098330
0.619786 0.098330
0.619886 0.098330
0.619985 0.098330
0.620084 0.098330
0.620184 0.098330
0.620283 0.098330
0.620383 0.098330
0.620482 0.098330
0.620581 0.098330
0.620681 0.098330
0.620780 0.098330
0.620880 0.098330
0.620979 0.098330
0.621078 0.098330
0.621178 0.098330
0.621277 0.098330
0.621377 0.098330
0.621476 0.098330
0.621575 0.098330
0.621675 0.098330
0.621774 0.098330
0.621874 0.098330
0.621973 0.098330
0.622072 0.098330
0.622172 0.098330
0.622271 0.098330
0.622371 0.098330
0.622470 0.098330
0.622569 0.098330
0.622669 0.098330
0.622768 0.098330
0.622868 0.098330
0.622967 0.098330
0.623066 0.098330
0.623166 0.098330
0.623265 0.098330
0.623365 0.098330
0.623464 0.098330
0.623563 0.098330
0.623663 0.098330
0.623762 0.098330
0.623862 0.098330
0.623961 0.098330
0.624060 0.098330
0.624160 0.098330
0.624259 0.098330
0.624358 0.098330
0.624458 0.098330
0.624557 0.097712
0.624657 0.097712
0.624756 0.097712
0.624855 0.097712
0.624955 0.097712
0.625054 0.097712
0.625154 0.097712
0.625253 0.097712
0.625352 0.097712
0.625452 0.097712
0.625551 0.097093
0.625651 0.097093
0.625750 0.096475
0.625849 0.096475
0.625949 0.096475
0.626048 0.096475
0.626148 0.096475
0.626247 0.096475
0.626346 0.096475
0.626446 0.096475
0.626545 0.096475
0.626645 0.096475
0.626744 0.096475
0.626843 0.096475
0.626943 0.096475
0.627042 0.096475
0.627142 0.096475
0.627241 0.096475
0.627340 0.095857
0.627440 0.095857
0.627539 0.095857
0.627639 0.095857
0.627738 0.095857
0.627837 0.095238
0.627937 0.095238
0.628036 0.095238
0.628136 0.095238
0.628235 0.095238
0.628334 0.095238
0.628434 0.094620
0.628533 0.094620
0.628633 0.094620
0.628732 0.094620
0.628831 0.094620
0.628931 0.094620
0.629030 0.094620
0.629130 0.094620
0.629229 0.094620
0.629328 0.094620
0.629428 0.094620
0.629527 0.094620
0.629627 0.094620
0.629726 0.094620
0.629825 0.094620
0.629925 0.094620
0.630024 0.094620
0.630124 0.094620
0.630223 0.094620
0.630322 0.094620
0.630422 0.094620
0.630521 0.094620
0.630621 0.094620
0.630720 0.094620
0.630819 0.094620
0.630919 0.094620
0.631018 0.094620
0.631118 0.094620
0.631217 0.094620
0.631316 0.094620
0.631416 0.094620
0.631515 0.094620
0.631614 0.094620
0.631714 0.094620
0.631813 0.094620
0.631913 0.094620
0.632012 0.094620
0.632111 0.094620
0.632211 0.094620
0.632310 0.094620
0.632410 0.094620
0.632509 0.094620
0.632608 0.094001
0.632708 0.094001
0.632807 0.094001
0.632907 0.094001
0.633006 0.094001
0.633105 0.094001
0.633205 0.094001
0.633304 0.094001
0.633404 0.094001
0.633503 0.094001
0.633602 0.094001
0.633702 0.094001
0.633801 0.094001
0.633901 0.093383
0.634000 0.093383
0.634099 0.093383
0.634199 0.093383
0.634298 0.092764
0.634398 0.092764
0.634497 0.092146
0.634596 0.092146
0.634696 0.092146
0.634795 0.092146
0.634895 0.092146
0.634994 0.092146
0.635093 0.092146
0.635193 0.092146
0.635292 0.092146
0.635392 0.092146
0.635491 0.092146
0.635590 0.092146
0.635690 0.092146
0.635789 0.092146
0.635889 0.092146
0.635988 0.092146
0.636087 0.092146
0.636187 0.091528
0.636286 0.091528
0.636386 0.091528
0.636485 0.091528
0.636584 0.091528
0.636684 0.091528
0.636783 0.091528
0.636883 0.090909
0.636982 0.090909
0.637081 0.090909
0.637181 0.090909
0.637280 0.090909
0.637380 0.090909
0.637479 0.090909
0.637578 0.090909
0.637678 0.090909
0.637777 0.090909
0.637877 0.090909
0.637976 0.090909
0.638075 0.090909
0.638175 0.090909
0.638274 0.090909
0.638374 0.090909
0.638473 0.090909
0.638572 0.090909
0.638672 0.090909
0.638771 0.090909
0.638870 0.090909
0.638970 0.090909
0.639069 0.090909
0.639169 0.090909
0.639268 0.090909
0.639367 0.090909
0.639467 0.090909
0.639566 0.090909
0.639666 0.090909
0.639765 0.090909
0.639864 0.090909
0.639964 0.090909
0.640063 0.090909
0.640163 0.090909
0.640262 0.090909
0.640361 0.090909
0.640461 0.090909
0.640560 0.090291
0.640660 0.090291
0.640759 0.090291
0.640858 0.090291
0.640958 0.090291
0.641057 0.090291
0.641157 0.090291
0.641256 0.090291
0.641355 0.090291
0.641455 0.090291
0.641554 0.090291
0.641654 0.090291
0.641753 0.090291
0.641852 0.090291
0.641952 0.090291
0.642051 0.090291
0.642151 0.090291
0.642250 0.090291
0.642349 0.090291
0.642449 0.090291
0.642548 0.090291
0.642648 0.090291
0.642747 0.090291
0.642846 0.090291
0.642946 0.090291
0.643045 0.090291
0.643145 0.090291
0.643244 0.090291
0.643343 0.089672
0.643443 0.089672
0.643542 0.089672
0.643642 0.089672
0.643741 0.089672
0.643840 0.089672
0.643940 0.089672
0.644039 0.089672
0.644139 0.089672
0.644238 0.089672
0.644337 0.089672
0.644437 0.089672
0.644536 0.089672
0.644636 0.089672
0.644735 0.089672
0.644834 0.089672
0.644934 0.089672
0.645033 0.089672
0.645133 0.089672
0.645232 0.089672
0.645331 0.089672
0.645431 0.089672
0.645530 0.089672
0.645630 0.089672
0.645729 0.089672
0.645828 0.089672
0.645928 0.089672
0.646027 0.089672
0.646126 0.089054
0.646226 0.089054
0.646325 0.089054
0.646425 0.089054
0.646524 0.089054
0.646623 0.089054
0.646723 0.089054
0.646822 0.089054
0.646922 0.089054
0.647021 0.089054
0.647120 0.089054
0.647220 0.089054
0.647319 0.089054
0.647419 0.089054
0.647518 0.089054
0.647617 0.089054
0.647717 0.089054
0.647816 0.089054
0.647916 0.089054
0.648015 0.089054
0.648114 0.089054
0.648214 0.089054
0.648313 0.089054
0.648413 0.089054
0.648512 0.089054
0.648611 0.089054
0.648711 0.089054
0.648810 0.089054
0.648910 0.089054
0.649009 0.089054
0.649108 0.089054
0.649208 0.089054
0.649307 0.089054
0.649407 0.089054
0.649506 0.089054
0.649605 0.087817
0.649705 0.087199
0.649804 0.087199
0.649904 0.087199
0.650003 0.087199
0.650102 0.087199
0.650202 0.087199
0.650301 0.087199
0.650401 0.087199
0.650500 0.087199
0.650599 0.087199
0.650699 0.087199
0.650798 0.087199
0.650898 0.086580
0.650997 0.086580
0.651096 0.086580
0.651196 0.086580
0.651295 0.086580
0.651395 0.086580
0.651494 0.086580
0.651593 0.086580
0.651693 0.086580
0.651792 0.086580
0.651892 0.086580
0.651991 0.086580
0.652090 0.086580
0.652190 0.086580
0.652289 0.086580
0.652389 0.086580
0.652488 0.086580
0.652587 0.086580
0.652687 0.086580
0.652786 0.086580
0.652885 0.086580
0.652985 0.086580
0.653084 0.086580
0.653184 0.086580
0.653283 0.085962
0.653382 0.085962
0.653482 0.085962
0.653581 0.085962
0.653681 0.085962
0.653780 0.085962
0.653879 0.085962
0.653979 0.085962
0.654078 0.085962
0.654178 0.085962
0.654277 0.085962
0.654376 0.085962
0.654476 0.085962
0.654575 0.085962
0.654675 0.085962
0.654774 0.085962
0.654873 0.085962
0.654973 0.085962
0.655072 0.085962
0.655172 0.085962
0.655271 0.085962
0.655370 0.085962
0.655470 0.085962
0.655569 0.085962
0.655669 0.085962
0.655768 0.085962
0.655867 0.085962
0.655967 0.085962
0.656066 0.085962
0.656166 0.085962
0.656265 0.085962
0.656364 0.085962
0.656464 0.085962
0.656563 0.085962
0.656663 0.085962
0.656762 0.085962
0.656861 0.085962
0.656961 0.085962
0.657060 0.085962
0.657160 0.085962
0.657259 0.085962
0.657358 0.085962
0.657458 0.085962
0.657557 0.085962
0.657657 0.085962
0.657756 0.085962
0.657855 0.085962
0.657955 0.085962
0.658054 0.085962
0.658154 0.085962
0.658253 0.085962
0.658352 0.085962
0.658452 0.085962
0.658551 0.085962
0.658651 0.085962
0.658750 0.085343
0.658849 0.085343
0.658949 0.085343
0.659048 0.085343
0.659148 0.085343
0.659247 0.085343
0.659346 0.085343
0.659446 0.085343
0.659545 0.085343
0.659645 0.085343
0.659744 0.084725
0.659843 0.084725
0.659943 0.084725
0.660042 0.084725
0.660141 0.084725
0.660241 0.084725
0.660340 0.084725
0.660440 0.084725
0.660539 0.084725
0.660638 0.084725
0.660738 0.084725
0.660837 0.084725
0.660937 0.084725
0.661036 0.084725
0.661135 0.084725
0.661235 0.084725
0.661334 0.084725
0.661434 0.084725
0.661533 0.084725
0.661632 0.084725
0.661732 0.084725
0.661831 0.084725
0.661931 0.084725
0.662030 0.084725
0.662129 0.084725
0.662229 0.084725
0.662328 0.084725
0.662428 0.084725
0.662527 0.084725
0.662626 0.084725
0.662726 0.084725
0.662825 0.084725
0.662925 0.084725
0.663024 0.084725
0.663123 0.084725
0.663223 0.084725
0.663322 0.084725
0.663422 0.084725
0.663521 0.084725
0.663620 0.084725
0.663720 0.084106
0.663819 0.084106
0.663919 0.084106
0.664018 0.084106
0.664117 0.084106
0.664217 0.084106
0.664316 0.084106
0.664416 0.084106
0.664515 0.084106
0.664614 0.084106
0.664714 0.084106
0.664813 0.084106
0.664913 0.084106
0.665012 0.084106
0.665111 0.084106
0.665211 0.084106
0.665310 0.084106
0.665410 0.084106
0.665509 0.084106
0.665608 0.084106
0.665708 0.084106
0.665807 0.084106
0.665907 0.084106
0.666006 0.084106
0.666105 0.084106
0.666205 0.084106
0.666304 0.084106
0.666404 0.084106
0.666503 0.084106
0.666602 0.084106
0.666702 0.084106
0.666801 0.084106
0.666901 0.084106
0.667000 0.084106
0.667099 0.084106
0.667199 0.084106
0.667298 0.084106
0.667397 0.084106
0.667497 0.084106
0.667596 0.084106
0.667696 0.084106
0.667795 0.084106
0.667894 0.084106
0.667994 0.084106
0.668093 0.084106
0.668193 0.084106
0.668292 0.084106
0.668391 0.084106
0.668491 0.084106
0.668590 0.084106
0.668690 0.084106
0.668789 0.084106
0.668888 0.084106
0.668988 0.084106
0.669087 0.084106
0.669187 0.084106
0.669286 0.084106
0.669385 0.084106
0.669485 0.084106
0.669584 0.083488
0.669684 0.083488
0.669783 0.083488
0.669882 0.083488
0.669982 0.083488
0.670081 0.083488
0.670181 0.083488
0.670280 0.083488
0.670379 0.082870
0.670479 0.082870
0.670578 0.082251
0.670678 0.082251
0.670777 0.082251
0.670876 0.082251
0.670976 0.082251
0.671075 0.082251
0.671175 0.082251
0.671274 0.082251
0.671373 0.081633
0.671473 0.081014
0.671572 0.081014
0.671672 0.081014
0.671771 0.081014
0.671870 0.081014
0.671970 0.081014
0.672069 0.081014
0.672169 0.081014
0.672268 0.081014
0.672367 0.081014
0.672467 0.081014
0.672566 0.081014
0.672666 0.081014
0.672765 0.081014
0.672864 0.081014
0.672964 0.081014
0.673063 0.081014
0.673163 0.081014
0.673262 0.081014
0.673361 0.081014
0.673461 0.081014
0.673560 0.081014
0.673660 0.081014
0.673759 0.081014
0.673858 0.081014
0.673958 0.081014
0.674057 0.081014
0.674157 0.081014
0.674256 0.081014
0.674355 0.081014
0.674455 0.081014
0.674554 0.080396
0.674653 0.080396
0.674753 0.080396
0.674852 0.080396
0.674952 0.080396
0.675051 0.080396
0.675150 0.080396
0.675250 0.080396
0.675349 0.080396
0.675449 0.080396
0.675548 0.080396
0.675647 0.080396
0.675747 0.080396
0.675846 0.080396
0.675946 0.080396
0.676045 0.080396
0.676144 0.080396
0.676244 0.080396
0.676343 0.080396
0.676443 0.080396
0.676542 0.080396
0.676641 0.080396
0.676741 0.080396
0.676840 0.080396
0.676940 0.080396
0.677039 0.080396
0.677138 0.080396
0.677238 0.080396
0.677337 0.080396
0.677437 0.080396
0.677536 0.080396
0.677635 0.080396
0.677735 0.080396
0.677834 0.080396
0.677934 0.080396
0.678033 0.080396
0.678132 0.080396
0.678232 0.080396
0.678331 0.080396
0.678431 0.080396
0.678530 0.080396
0.678629 0.080396
0.678729 0.080396
0.678828 0.080396
0.678928 0.080396
0.679027 0.080396
0.679126 0.080396
0.679226 0.080396
0.679325 0.080396
0.679425 0.080396
0.679524 0.080396
0.679623 0.080396
0.679723 0.080396
0.679822 0.080396
0.679922 0.079777
0.680021 0.079777
0.680120 0.079777
0.680220 0.079777
0.680319 0.079777
0.680419 0.079777
0.680518 0.079777
0.680617 0.079777
0.680717 0.079777
0.680816 0.079777
0.680916 0.079777
0.681015 0.079777
0.681114 0.079777
0.681214 0.079777
0.681313 0.079777
0.681413 0.079777
0.681512 0.079777
0.681611 0.078541
0.681711 0.078541
0.681810 0.077922
0.681909 0.077922
0.682009 0.077922
0.682108 0.077922
0.682208 0.077922
0.682307 0.077304
0.682406 0.076685
0.682506 0.076685
0.682605 0.076685
0.682705 0.076685
0.682804 0.076685
0.682903 0.076685
0.683003 0.076685
0.683102 0.076685
0.683202 0.076685
0.683301 0.076685
0.683400 0.076685
0.683500 0.076685
0.683599 0.076685
0.683699 0.076685
0.683798 0.076685
0.683897 0.076685
0.683997 0.076685
0.684096 0.076685
0.684196 0.076685
0.684295 0.076685
0.684394 0.076685
0.684494 0.076685
0.684593 0.076067
0.684693 0.076067
0.684792 0.076067
0.684891 0.076067
0.684991 0.076067
0.685090 0.076067
0.685190 0.076067
0.685289 0.076067
0.685388 0.076067
0.685488 0.076067
0.685587 0.076067
0.685687 0.076067
0.685786 0.076067
0.685885 0.076067
0.685985 0.076067
0.686084 0.076067
0.686184 0.075448
0.686283 0.075448
0.686382 0.075448
0.686482 0.075448
0.686581 0.075448
0.686681 0.075448
0.686780 0.075448
0.686879 0.075448
0.686979 0.075448
0.687078 0.075448
0.687178 0.075448
0.687277 0.075448
0.687376 0.075448
0.687476 0.075448
0.687575 0.075448
0.687675 0.075448
0.687774 0.075448
0.687873 0.075448
0.687973 0.074830
0.688072 0.074830
0.688172 0.074830
0.688271 0.074830
0.688370 0.074830
0.688470 0.074830
0.688569 0.074830
0.688668 0.074830
0.688768 0.074830
0.688867 0.074830
0.688967 0.074830
0.689066 0.074830
0.689165 0.074830
0.689265 0.074830
0.689364 0.074830
0.689464 0.074830
0.689563 0.074830
0.689662 0.074830
0.689762 0.074830
0.689861 0.074212
0.689961 0.074212
0.690060 0.074212
0.690159 0.074212
0.690259 0.074212
0.690358 0.074212
0.690458 0.073593
0.690557 0.073593
0.690656 0.073593
0.690756 0.073593
0.690855 0.073593
0.690955 0.073593
0.691054 0.073593
0.691153 0.073593
0.691253 0.073593
0.691352 0.073593
0.691452 0.073593
0.691551 0.073593
0.691650 0.073593
0.691750 0.073593
0.691849 0.073593
0.691949 0.073593
0.692048 0.073593
0.692147 0.073593
0.692247 0.073593
0.692346 0.073593
0.692446 0.073593
0.692545 0.073593
0.692644 0.073593
0.692744 0.073593
0.692843 0.073593
0.692943 0.073593
0.693042 0.073593
0.693141 0.073593
0.693241 0.073593
0.693340 0.073593
0.693440 0.073593
0.693539 0.073593
0.693638 0.072975
0.693738 0.072975
0.693837 0.072975
0.693937 0.072975
0.694036 0.072975
0.694135 0.072975
0.694235 0.072975
0.694334 0.072975
0.694434 0.072356
0.694533 0.071738
0.694632 0.071738
0.694732 0.071738
0.694831 0.071738
0.694931 0.071738
0.695030 0.071738
0.695129 0.071738
0.695229 0.071738
0.695328 0.071738
0.695428 0.071738
0.695527 0.071738
0.695626 0.071738
0.695726 0.071738
0.695825 0.071738
0.695924 0.071738
0.696024 0.071738
0.696123 0.071738
0.696223 0.071738
0.696322 0.071738
0.696421 0.071738
0.696521 0.071738
0.696620 0.071738
0.696720 0.071738
0.696819 0.071738
0.696918 0.071738
0.697018 0.071738
0.697117 0.071738
0.697217 0.071738
0.697316 0.071738
0.697415 0.071738
0.697515 0.071738
0.697614 0.071738
0.697714 0.071738
0.697813 0.071738
0.697912 0.071738
0.698012 0.071738
0.698111 0.071738
0.698211 0.071738
0.698310 0.071738
0.698409 0.071738
0.698509 0.071738
0.698608 0.071738
0.698708 0.071738
0.698807 0.071738
0.698906 0.071738
0.699006 0.071738
0.699105 0.071738
0.699205 0.071738
0.699304 0.071738
0.699403 0.071738
0.699503 0.071738
0.699602 0.071738
0.699702 0.071738
0.699801 0.071738
0.699900 0.071738
0.700000 0.071738
0.700099 0.071738
0.700199 0.071738
0.700298 0.071738
0.700397 0.071738
0.700497 0.071738
0.700596 0.071738
0.700696 0.071738
0.700795 0.071738
0.700894 0.071738
0.700994 0.071738
0.701093 0.071738
0.701193 0.071738
0.701292 0.071738
0.701391 0.071738
0.701491 0.071738
0.701590 0.071738
0.701690 0.071738
0.701789 0.071738
0.701888 0.071738
0.701988 0.071738
0.702087 0.071738
0.702187 0.071738
0.702286 0.071738
0.702385 0.071119
0.702485 0.071119
0.702584 0.071119
0.702684 0.071119
0.702783 0.071119
0.702882 0.071119
0.702982 0.071119
0.703081 0.071119
0.703180 0.071119
0.703280 0.071119
0.703379 0.071119
0.703479 0.071119
0.703578 0.071119
0.703677 0.071119
0.703777 0.071119
0.703876 0.071119
0.703976 0.071119
0.704075 0.071119
0.704174 0.071119
0.704274 0.070501
0.704373 0.070501
0.704473 0.070501
0.704572 0.070501
0.704671 0.070501
0.704771 0.070501
0.704870 0.070501
0.704970 0.070501
0.705069 0.070501
0.705168 0.070501
0.705268 0.070501
0.705367 0.070501
0.705467 0.070501
0.705566 0.070501
0.705665 0.070501
0.705765 0.070501
0.705864 0.070501
0.705964 0.070501
0.706063 0.070501
0.706162 0.070501
0.706262 0.070501
0.706361 0.070501
0.706461 0.069882
0.706560 0.069882
0.706659 0.069882
0.706759 0.069882
0.706858 0.069882
0.706958 0.069882
0.707057 0.069882
0.707156 0.069882
0.707256 0.069882
0.707355 0.069882
0.707455 0.069882
0.707554 0.069882
0.707653 0.069882
0.707753 0.069882
0.707852 0.069882
0.707952 0.069882
0.708051 0.069264
0.708150 0.069264
0.708250 0.069264
0.708349 0.069264
0.708449 0.069264
0.708548 0.069264
0.708647 0.069264
0.708747 0.069264
0.708846 0.069264
0.708946 0.069264
0.709045 0.069264
0.709144 0.069264
0.709244 0.069264
0.709343 0.069264
0.709443 0.069264
0.709542 0.069264
0.709641 0.069264
0.709741 0.069264
0.709840 0.069264
0.709940 0.069264
0.710039 0.069264
0.710138 0.069264
0.710238 0.069264
0.710337 0.069264
0.710436 0.068646
0.710536 0.068646
0.710635 0.068646
0.710735 0.068646
0.710834 0.068646
0.710933 0.068646
0.711033 0.068646
0.711132 0.068646
0.711232 0.068646
0.711331 0.068646
0.711430 0.068646
0.711530 0.068646
0.711629 0.068646
0.711729 0.068646
0.711828 0.068646
0.711927 0.068646
0.712027 0.068646
0.712126 0.068646
0.712226 0.068646
0.712325 0.068646
0.712424 0.068646
0.712524 0.068646
0.712623 0.068646
0.712723 0.068646
0.712822 0.068646
0.712921 0.068646
0.713021 0.068646
0.713120 0.068646
0.713220 0.068646
0.713319 0.068646
0.713418 0.068646
0.713518 0.068646
0.713617 0.068646
0.713717 0.068646
0.713816 0.068646
0.713915 0.068646
0.714015 0.068646
0.714114 0.068646
0.714214 0.068646
0.714313 0.068646
0.714412 0.068646
0.714512 0.068646
0.714611 0.068646
0.714711 0.068646
0.714810 0.068646
0.714909 0.068646
0.715009 0.068646
0.715108 0.068646
0.715208 0.068646
0.715307 0.068646
0.715406 0.068646
0.715506 0.068646
0.715605 0.068646
0.715705 0.068646
0.715804 0.068646
0.715903 0.068646
0.716003 0.068027
0.716102 0.067409
0.716202 0.067409
0.716301 0.067409
0.716400 0.067409
0.716500 0.067409
0.716599 0.067409
0.716699 0.067409
0.716798 0.067409
0.716897 0.067409
0.716997 0.066790
0.717096 0.066790
0.717196 0.066790
0.717295 0.066790
0.717394 0.066790
0.717494 0.066790
0.717593 0.066790
0.717692 0.066790
0.717792 0.066790
0.717891 0.066790
0.717991 0.066790
0.718090 0.066790
0.718189 0.066790
0.718289 0.066790
0.718388 0.066790
0.718488 0.066790
0.718587 0.066172
0.718686 0.066172
0.718786 0.066172
0.718885 0.066172
0.718985 0.066172
0.719084 0.066172
0.719183 0.066172
0.719283 0.066172
0.719382 0.066172
0.719482 0.066172
0.719581 0.066172
0.719680 0.066172
0.719780 0.066172
0.719879 0.066172
0.719979 0.065553
0.720078 0.065553
0.720177 0.065553
0.720277 0.065553
0.720376 0.065553
0.720476 0.065553
0.720575 0.065553
0.720674 0.065553
0.720774 0.065553
0.720873 0.065553
0.720973 0.065553
0.721072 0.065553
0.721171 0.065553
0.721271 0.065553
0.721370 0.065553
0.721470 0.065553
0.721569 0.065553
0.721668 0.065553
0.721768 0.065553
0.721867 0.065553
0.721967 0.065553
0.722066 0.065553
0.722165 0.065553
0.722265 0.064935
0.722364 0.064935
0.722464 0.064935
0.722563 0.064935
0.722662 0.064935
0.722762 0.064935
0.722861 0.064935
0.722961 0.064935
0.723060 0.064935
0.723159 0.064935
0.723259 0.064935
0.723358 0.064935
0.723458 0.064935
0.723557 0.064935
0.723656 0.064935
0.723756 0.064935
0.723855 0.064935
0.723955 0.064935
0.724054 0.064935
0.724153 0.064935
0.724253 0.064935
0.724352 0.064935
0.724451 0.064935
0.724551 0.064317
0.724650 0.064317
0.724750 0.064317
0.724849 0.064317
0.724948 0.064317
0.725048 0.064317
0.725147 0.064317
0.725247 0.064317
0.725346 0.064317
0.725445 0.064317
0.725545 0.064317
0.725644 0.064317
0.725744 0.064317
0.725843 0.063698
0.725942 0.063698
0.726042 0.063698
0.726141 0.063698
0.726241 0.063698
0.726340 0.063698
0.726439 0.063698
0.726539 0.063698
0.726638 0.063698
0.726738 0.063698
0.726837 0.063698
0.726936 0.063698
0.727036 0.063698
0.727135 0.063698
0.727235 0.063698
0.727334 0.063698
0.727433 0.063698
0.727533 0.062461
0.727632 0.062461
0.727732 0.062461
0.727831 0.062461
0.727930 0.062461
0.728030 0.062461
0.728129 0.061843
0.728229 0.061843
0.728328 0.061843
0.728427 0.061843
0.728527 0.061843
0.728626 0.061224
0.728726 0.061224
0.728825 0.060606
0.728924 0.060606
0.729024 0.060606
0.729123 0.060606
0.729223 0.060606
0.729322 0.060606
0.729421 0.060606
0.729521 0.060606
0.729620 0.060606
0.729720 0.060606
0.729819 0.060606
0.729918 0.060606
0.730018 0.060606
0.730117 0.060606
0.730217 0.060606
0.730316 0.060606
0.730415 0.060606
0.730515 0.060606
0.730614 0.060606
0.730714 0.060606
0.730813 0.060606
0.730912 0.060606
0.731012 0.060606
0.731111 0.059988
0.731211 0.059988
0.731310 0.059988
0.731409 0.059988
0.731509 0.059988
0.731608 0.059988
0.731707 0.059988
0.731807 0.059988
0.731906 0.059988
0.732006 0.059988
0.732105 0.059369
0.732204 0.059369
0.732304 0.059369
0.732403 0.059369
0.732503 0.059369
0.732602 0.059369
0.732701 0.059369
0.732801 0.059369
0.732900 0.059369
0.733000 0.059369
0.733099 0.059369
0.733198 0.059369
0.733298 0.059369
0.733397 0.059369
0.733497 0.059369
0.733596 0.059369
0.733695 0.059369
0.733795 0.059369
0.733894 0.059369
0.733994 0.059369
0.734093 0.059369
0.734192 0.059369
0.734292 0.059369
0.734391 0.059369
0.734491 0.058751
0.734590 0.058751
0.734689 0.058751
0.734789 0.058751
0.734888 0.058751
0.734988 0.058751
0.735087 0.058132
0.735186 0.058132
0.735286 0.058132
0.735385 0.058132
0.735485 0.058132
0.735584 0.058132
0.735683 0.058132
0.735783 0.058132
0.735882 0.058132
0.735982 0.058132
0.736081 0.058132
0.736180 0.058132
0.736280 0.058132
0.736379 0.058132
0.736479 0.058132
0.736578 0.058132
0.736677 0.058132
0.736777 0.058132
0.736876 0.058132
0.736976 0.058132
0.737075 0.058132
0.737174 0.058132
0.737274 0.058132
0.737373 0.058132
0.737473 0.058132
0.737572 0.058132
0.737671 0.058132
0.737771 0.058132
0.737870 0.058132
0.737970 0.058132
0.738069 0.058132
0.738168 0.058132
0.738268 0.058132
0.738367 0.058132
0.738467 0.058132
0.738566 0.058132
0.738665 0.058132
0.738765 0.058132
0.738864 0.058132
0.738963 0.058132
0.739063 0.058132
0.739162 0.058132
0.739262 0.058132
0.739361 0.058132
0.739460 0.058132
0.739560 0.058132
0.739659 0.058132
0.739759 0.058132
0.739858 0.058132
0.739957 0.058132
0.740057 0.058132
0.740156 0.058132
0.740256 0.058132
0.740355 0.058132
0.740454 0.058132
0.740554 0.058132
0.740653 0.058132
0.740753 0.058132
0.740852 0.058132
0.740951 0.058132
0.741051 0.058132
0.741150 0.058132
0.741250 0.058132
0.741349 0.058132
0.741448 0.058132
0.741548 0.058132
0.741647 0.058132
0.741747 0.058132
0.741846 0.057514
0.741945 0.057514
0.742045 0.057514
0.742144 0.057514
0.742244 0.057514
0.742343 0.057514
0.742442 0.057514
0.742542 0.057514
0.742641 0.057514
0.742741 0.057514
0.742840 0.057514
0.742939 0.057514
0.743039 0.057514
0.743138 0.057514
0.743238 0.057514
0.743337 0.057514
0.743436 0.057514
0.743536 0.057514
0.743635 0.057514
0.743735 0.056277
0.743834 0.056277
0.743933 0.056277
0.744033 0.056277
0.744132 0.056277
0.744232 0.056277
0.744331 0.056277
0.744430 0.056277
0.744530 0.056277
0.744629 0.056277
0.744729 0.056277
0.744828 0.056277
0.744927 0.056277
0.745027 0.056277
0.745126 0.056277
0.745226 0.056277
0.745325 0.056277
0.745424 0.056277
0.745524 0.056277
0.745623 0.056277
0.745723 0.056277
0.745822 0.056277
0.745921 0.056277
0.746021 0.056277
0.746120 0.055659
0.746219 0.055659
0.746319 0.055659
0.746418 0.055040
0.746518 0.055040
0.746617 0.055040
0.746716 0.055040
0.746816 0.055040
0.746915 0.055040
0.747015 0.055040
0.747114 0.055040
0.747213 0.055040
0.747313 0.055040
0.747412 0.055040
0.747512 0.055040
0.747611 0.055040
0.747710 0.055040
0.747810 0.055040
0.747909 0.055040
0.748009 0.055040
0.748108 0.055040
0.748207 0.054422
0.748307 0.054422
0.748406 0.054422
0.748506 0.054422
0.748605 0.054422
0.748704 0.054422
0.748804 0.054422
0.748903 0.054422
0.749003 0.054422
0.749102 0.054422
0.749201 0.054422
0.749301 0.054422
0.749400 0.054422
0.749500 0.054422
0.749599 0.054422
0.749698 0.054422
0.749798 0.054422
0.749897 0.054422
0.749997 0.054422
0.750096 0.054422
0.750195 0.054422
0.750295 0.054422
0.750394 0.054422
0.750494 0.054422
0.750593 0.054422
0.750692 0.054422
0.750792 0.054422
0.750891 0.054422
0.750991 0.053803
0.751090 0.053803
0.751189 0.053803
0.751289 0.053803
0.751388 0.053803
0.751488 0.053803
0.751587 0.053803
0.751686 0.053803
0.751786 0.053803
0.751885 0.053803
0.751985 0.053803
0.752084 0.053803
0.752183 0.053803
0.752283 0.053803
0.752382 0.053803
0.752482 0.053803
0.752581 0.053803
0.752680 0.053803
0.752780 0.053803
0.752879 0.053803
0.752978 0.053803
0.753078 0.053803
0.753177 0.053803
0.753277 0.053803
0.753376 0.053803
0.753475 0.053803
0.753575 0.053803
0.753674 0.053803
0.753774 0.053803
0.753873 0.053803
0.753972 0.053803
0.754072 0.053803
0.754171 0.053803
0.754271 0.053803
0.754370 0.053803
0.754469 0.053803
0.754569 0.053803
0.754668 0.053803
0.754768 0.053803
0.754867 0.053803
0.754966 0.053803
0.755066 0.053803
0.755165 0.053803
0.755265 0.053803
0.755364 0.053803
0.755463 0.053803
0.755563 0.053803
0.755662 0.053803
0.755762 0.053803
0.755861 0.053803
0.755960 0.053803
0.756060 0.053803
0.756159 0.053803
0.756259 0.053185
0.756358 0.053185
0.756457 0.053185
0.756557 0.053185
0.756656 0.053185
0.756756 0.053185
0.756855 0.053185
0.756954 0.053185
0.757054 0.053185
0.757153 0.053185
0.757253 0.053185
0.757352 0.053185
0.757451 0.053185
0.757551 0.053185
0.757650 0.053185
0.757750 0.053185
0.757849 0.053185
0.757948 0.053185
0.758048 0.052566
0.758147 0.052566
0.758247 0.052566
0.758346 0.052566
0.758445 0.052566
0.758545 0.052566
0.758644 0.052566
0.758744 0.052566
0.758843 0.052566
0.758942 0.052566
0.759042 0.052566
0.759141 0.052566
0.759241 0.052566
0.759340 0.052566
0.759439 0.052566
0.759539 0.052566
0.759638 0.052566
0.759738 0.052566
0.759837 0.052566
0.759936 0.052566
0.760036 0.052566
0.760135 0.052566
0.760234 0.052566
0.760334 0.052566
0.760433 0.052566
0.760533 0.052566
0.760632 0.052566
0.760731 0.052566
0.760831 0.052566
0.760930 0.052566
0.761030 0.052566
0.761129 0.052566
0.761228 0.052566
0.761328 0.051948
0.761427 0.051948
0.761527 0.051948
0.761626 0.051948
0.761725 0.051948
0.761825 0.051948
0.761924 0.051948
0.762024 0.051948
0.762123 0.051948
0.762222 0.051948
0.762322 0.051948
0.762421 0.051948
0.762521 0.051948
0.762620 0.051948
0.762719 0.051948
0.762819 0.051948
0.762918 0.051948
0.763018 0.051948
0.763117 0.051948
0.763216 0.051948
0.763316 0.051948
0.763415 0.051948
0.763515 0.051948
0.763614 0.051948
0.763713 0.051948
0.763813 0.051948
0.763912 0.051948
0.764012 0.051948
0.764111 0.051948
0.764210 0.051948
0.764310 0.051948
0.764409 0.051948
0.764509 0.051948
0.764608 0.051948
0.764707 0.051948
0.764807 0.051948
0.764906 0.051948
0.765006 0.051948
0.765105 0.051948
0.765204 0.051948
0.765304 0.051948
0.765403 0.051948
0.765503 0.051948
0.765602 0.051948
0.765701 0.051948
0.765801 0.051948
0.765900 0.051948
0.766000 0.051948
0.766099 0.051948
0.766198 0.051948
0.766298 0.051948
0.766397 0.051948
0.766497 0.051948
0.766596 0.051948
0.766695 0.051948
0.766795 0.051948
0.766894 0.051948
0.766994 0.051330
0.767093 0.051330
0.767192 0.051330
0.767292 0.051330
0.767391 0.051330
0.767490 0.051330
0.767590 0.051330
0.767689 0.051330
0.767789 0.051330
0.767888 0.051330
0.767987 0.051330
0.768087 0.051330
0.768186 0.051330
0.768286 0.051330
0.768385 0.051330
0.768484 0.051330
0.768584 0.051330
0.768683 0.050711
0.768783 0.050711
0.768882 0.050711
0.768981 0.050711
0.769081 0.050711
0.769180 0.050711
0.769280 0.050711
0.769379 0.050711
0.769478 0.050711
0.769578 0.050711
0.769677 0.050711
0.769777 0.050711
0.769876 0.050711
0.769975 0.050711
0.770075 0.050711
0.770174 0.050711
0.770274 0.050711
0.770373 0.050711
0.770472 0.050711
0.770572 0.050711
0.770671 0.050711
0.770771 0.050711
0.770870 0.050711
0.770969 0.050711
0.771069 0.050711
0.771168 0.050711
0.771268 0.050711
0.771367 0.050711
0.771466 0.050711
0.771566 0.050711
0.771665 0.050711
0.771765 0.050711
0.771864 0.050711
0.771963 0.050711
0.772063 0.050711
0.772162 0.050711
0.772262 0.050711
0.772361 0.050711
0.772460 0.050711
0.772560 0.050711
0.772659 0.050711
0.772759 0.050711
0.772858 0.050093
0.772957 0.050093
0.773057 0.050093
0.773156 0.050093
0.773256 0.050093
0.773355 0.049474
0.773454 0.049474
0.773554 0.048856
0.773653 0.048856
0.773753 0.048856
0.773852 0.048856
0.773951 0.048856
0.774051 0.048856
0.774150 0.048856
0.774250 0.048237
0.774349 0.048237
0.774448 0.048237
0.774548 0.048237
0.774647 0.048237
0.774746 0.048237
0.774846 0.048237
0.774945 0.048237
0.775045 0.048237
0.775144 0.048237
0.775243 0.048237
0.775343 0.048237
0.775442 0.048237
0.775542 0.048237
0.775641 0.048237
0.775740 0.048237
0.775840 0.048237
0.775939 0.048237
0.776039 0.048237
0.776138 0.048237
0.776237 0.048237
0.776337 0.048237
0.776436 0.048237
0.776536 0.048237
0.776635 0.048237
0.776734 0.048237
0.776834 0.048237
0.776933 0.048237
0.777033 0.048237
0.777132 0.048237
0.777231 0.048237
0.777331 0.048237
0.777430 0.048237
0.777530 0.048237
0.777629 0.048237
0.777728 0.048237
0.777828 0.048237
0.777927 0.048237
0.778027 0.048237
0.778126 0.048237
0.778225 0.048237
0.778325 0.048237
0.778424 0.048237
0.778524 0.048237
0.778623 0.048237
0.778722 0.048237
0.778822 0.048237
0.778921 0.048237
0.779021 0.048237
0.779120 0.048237
0.779219 0.048237
0.779319 0.048237
0.779418 0.048237
0.779518 0.048237
0.779617 0.048237
0.779716 0.048237
0.779816 0.048237
0.779915 0.048237
0.780015 0.048237
0.780114 0.048237
0.780213 0.048237
0.780313 0.048237
0.780412 0.048237
0.780512 0.048237
0.780611 0.048237
0.780710 0.048237
0.780810 0.048237
0.780909 0.048237
0.781009 0.048237
0.781108 0.048237
0.781207 0.048237
0.781307 0.048237
0.781406 0.048237
0.781506 0.048237
0.781605 0.047619
0.781704 0.047619
0.781804 0.047619
0.781903 0.047619
0.782002 0.047619
0.782102 0.047619
0.782201 0.047619
0.782301 0.047619
0.782400 0.047619
0.782499 0.047619
0.782599 0.047619
0.782698 0.047001
0.782798 0.047001
0.782897 0.047001
0.782996 0.047001
0.783096 0.047001
0.783195 0.047001
0.783295 0.047001
0.783394 0.047001
0.783493 0.047001
0.783593 0.047001
0.783692 0.047001
0.783792 0.047001
0.783891 0.047001
0.783990 0.047001
0.784090 0.047001
0.784189 0.047001
0.784289 0.047001
0.784388 0.047001
0.784487 0.047001
0.784587 0.047001
0.784686 0.047001
0.784786 0.047001
0.784885 0.047001
0.784984 0.047001
0.785084 0.047001
0.785183 0.047001
0.785283 0.047001
0.785382 0.047001
0.785481 0.047001
0.785581 0.047001
0.785680 0.047001
0.785780 0.047001
0.785879 0.047001
0.785978 0.047001
0.786078 0.046382
0.786177 0.046382
0.786277 0.046382
0.786376 0.046382
0.786475 0.046382
0.786575 0.046382
0.786674 0.046382
0.786774 0.046382
0.786873 0.046382
0.786972 0.046382
0.787072 0.046382
0.787171 0.046382
0.787271 0.046382
0.787370 0.046382
0.787469 0.045764
0.787569 0.045764
0.787668 0.045764
0.787768 0.045764
0.787867 0.045764
0.787966 0.045764
0.788066 0.045764
0.788165 0.045764
0.788265 0.045764
0.788364 0.045764
0.788463 0.045764
0.788563 0.045764
0.788662 0.045764
0.788761 0.045764
0.788861 0.045764
0.788960 0.045764
0.789060 0.045764
0.789159 0.045145
0.789258 0.045145
0.789358 0.045145
0.789457 0.045145
0.789557 0.045145
0.789656 0.045145
0.789755 0.045145
0.789855 0.045145
0.789954 0.045145
0.790054 0.045145
0.790153 0.045145
0.790252 0.045145
0.790352 0.045145
0.790451 0.044527
0.790551 0.044527
0.790650 0.043908
0.790749 0.043908
0.790849 0.043908
0.790948 0.043908
0.791048 0.043908
0.791147 0.043908
0.791246 0.043908
0.791346 0.043908
0.791445 0.043908
0.791545 0.043908
0.791644 0.043908
0.791743 0.043908
0.791843 0.043908
0.791942 0.043908
0.792042 0.043908
0.792141 0.043908
0.792240 0.043908
0.792340 0.043908
0.792439 0.043908
0.792539 0.043908
0.792638 0.043908
0.792737 0.043908
0.792837 0.043908
0.792936 0.043908
0.793036 0.043908
0.793135 0.043908
0.793234 0.043908
0.793334 0.043908
0.793433 0.043290
0.793533 0.043290
0.793632 0.043290
0.793731 0.043290
0.793831 0.043290
0.793930 0.043290
0.794030 0.043290
0.794129 0.043290
0.794228 0.043290
0.794328 0.043290
0.794427 0.043290
0.794527 0.043290
0.794626 0.043290
0.794725 0.043290
0.794825 0.043290
0.794924 0.043290
0.795024 0.042672
0.795123 0.042672
0.795222 0.042053
0.795322 0.042053
0.795421 0.042053
0.795521 0.042053
0.795620 0.042053
0.795719 0.042053
0.795819 0.042053
0.795918 0.042053
0.796017 0.042053
0.796117 0.042053
0.796216 0.042053
0.796316 0.042053
0.796415 0.041435
0.796514 0.041435
0.796614 0.041435
0.796713 0.040816
0.796813 0.040816
0.796912 0.040816
0.797011 0.040816
0.797111 0.040816
0.797210 0.040816
0.797310 0.040816
0.797409 0.040816
0.797508 0.040816
0.797608 0.040816
0.797707 0.040816
0.797807 0.040816
0.797906 0.040816
0.798005 0.040816
0.798105 0.040816
0.798204 0.040816
0.798304 0.040198
0.798403 0.040198
0.798502 0.040198
0.798602 0.040198
0.798701 0.040198
0.798801 0.040198
0.798900 0.040198
0.798999 0.040198
0.799099 0.039579
0.799198 0.039579
0.799298 0.039579
0.799397 0.039579
0.799496 0.039579
0.799596 0.039579
0.799695 0.039579
0.799795 0.039579
0.799894 0.039579
0.799993 0.038961
0.800093 0.038961
0.800192 0.038343
0.800292 0.038343
0.800391 0.038343
0.800490 0.038343
0.800590 0.038343
0.800689 0.038343
0.800789 0.038343
0.800888 0.038343
0.800987 0.037724
0.801087 0.037724
0.801186 0.037724
0.801286 0.037724
0.801385 0.037724
0.801484 0.037724
0.801584 0.037724
0.801683 0.037724
0.801783 0.037724
0.801882 0.037724
0.801981 0.037724
0.802081 0.037724
0.802180 0.037106
0.802280 0.037106
0.802379 0.037106
0.802478 0.037106
0.802578 0.037106
0.802677 0.037106
0.802777 0.037106
0.802876 0.037106
0.802975 0.037106
0.803075 0.037106
0.803174 0.037106
0.803273 0.036487
0.803373 0.036487
0.803472 0.036487
0.803572 0.036487
0.803671 0.036487
0.803770 0.036487
0.803870 0.036487
0.803969 0.036487
0.804069 0.036487
0.804168 0.036487
0.804267 0.036487
0.804367 0.036487
0.804466 0.036487
0.804566 0.036487
0.804665 0.036487
0.804764 0.036487
0.804864 0.036487
0.804963 0.036487
0.805063 0.036487
0.805162 0.035869
0.805261 0.035869
0.805361 0.035869
0.805460 0.035869
0.805560 0.035869
0.805659 0.035869
0.805758 0.035869
0.805858 0.035869
0.805957 0.035869
0.806057 0.035869
0.806156 0.035869
0.806255 0.035869
0.806355 0.035869
0.806454 0.035869
0.806554 0.035869
0.806653 0.035869
0.806752 0.035869
0.806852 0.035250
0.806951 0.035250
0.807051 0.035250
0.807150 0.035250
0.807249 0.035250
0.807349 0.035250
0.807448 0.035250
0.807548 0.035250
0.807647 0.035250
0.807746 0.035250
0.807846 0.035250
0.807945 0.035250
0.808045 0.035250
0.808144 0.035250
0.808243 0.035250
0.808343 0.035250
0.808442 0.035250
0.808542 0.035250
0.808641 0.035250
0.808740 0.035250
0.808840 0.035250
0.808939 0.035250
0.809039 0.035250
0.809138 0.035250
0.809237 0.035250
0.809337 0.035250
0.809436 0.035250
0.809536 0.035250
0.809635 0.035250
0.809734 0.035250
0.809834 0.035250
0.809933 0.035250
0.810033 0.035250
0.810132 0.035250
0.810231 0.035250
0.810331 0.035250
0.810430 0.035250
0.810529 0.035250
0.810629 0.035250
0.810728 0.035250
0.810828 0.035250
0.810927 0.035250
0.811026 0.035250
0.811126 0.035250
0.811225 0.035250
0.811325 0.035250
0.811424 0.035250
0.811523 0.035250
0.811623 0.035250
0.811722 0.035250
0.811822 0.035250
0.811921 0.035250
0.812020 0.035250
0.812120 0.035250
0.812219 0.035250
0.812319 0.035250
0.812418 0.035250
0.812517 0.035250
0.812617 0.035250
0.812716 0.035250
0.812816 0.035250
0.812915 0.035250
0.813014 0.035250
0.813114 0.035250
0.813213 0.035250
0.813313 0.035250
0.813412 0.035250
0.813511 0.035250
0.813611 0.035250
0.813710 0.035250
0.813810 0.035250
0.813909 0.035250
0.814008 0.035250
0.814108 0.035250
0.814207 0.035250
0.814307 0.035250
0.814406 0.035250
0.814505 0.035250
0.814605 0.035250
0.814704 0.035250
0.814804 0.035250
0.814903 0.035250
0.815002 0.035250
0.815102 0.035250
0.815201 0.035250
0.815301 0.035250
0.815400 0.035250
0.815499 0.035250
0.815599 0.035250
0.815698 0.035250
0.815798 0.035250
0.815897 0.035250
0.815996 0.035250
0.816096 0.035250
0.816195 0.035250
0.816295 0.034632
0.816394 0.034632
0.816493 0.034632
0.816593 0.034632
0.816692 0.034632
0.816792 0.034632
0.816891 0.034632
0.816990 0.034632
0.817090 0.034632
0.817189 0.034632
0.817288 0.034632
0.817388 0.034632
0.817487 0.034632
0.817587 0.034632
0.817686 0.034632
0.817785 0.034632
0.817885 0.034632
0.817984 0.034632
0.818084 0.034632
0.818183 0.034632
0.818282 0.034632
0.818382 0.034632
0.818481 0.034632
0.818581 0.034632
0.818680 0.034632
0.818779 0.034632
0.818879 0.034632
0.818978 0.034632
0.819078 0.034632
0.819177 0.034632
0.819276 0.034632
0.819376 0.034632
0.819475 0.034632
0.819575 0.034632
0.819674 0.034632
0.819773 0.034632
0.819873 0.034632
0.819972 0.034632
0.820072 0.034632
0.820171 0.034632
0.820270 0.034632
0.820370 0.034014
0.820469 0.033395
0.820569 0.033395
0.820668 0.033395
0.820767 0.033395
0.820867 0.033395
0.820966 0.033395
0.821066 0.033395
0.821165 0.033395
0.821264 0.033395
0.821364 0.033395
0.821463 0.033395
0.821563 0.033395
0.821662 0.033395
0.821761 0.033395
0.821861 0.033395
0.821960 0.033395
0.822060 0.033395
0.822159 0.033395
0.822258 0.033395
0.822358 0.033395
0.822457 0.033395
0.822557 0.032158
0.822656 0.032158
0.822755 0.032158
0.822855 0.032158
0.822954 0.032158
0.823054 0.032158
0.823153 0.032158
0.823252 0.032158
0.823352 0.032158
0.823451 0.032158
0.823551 0.032158
0.823650 0.032158
0.823749 0.032158
0.823849 0.032158
0.823948 0.032158
0.824048 0.032158
0.824147 0.032158
0.824246 0.032158
0.824346 0.032158
0.824445 0.032158
0.824544 0.032158
0.824644 0.032158
0.824743 0.032158
0.824843 0.032158
0.824942 0.032158
0.825041 0.032158
0.825141 0.032158
0.825240 0.032158
0.825340 0.032158
0.825439 0.032158
0.825538 0.032158
0.825638 0.032158
0.825737 0.032158
0.825837 0.032158
0.825936 0.032158
0.826035 0.032158
0.826135 0.032158
0.826234 0.032158
0.826334 0.032158
0.826433 0.031540
0.826532 0.031540
0.826632 0.031540
0.826731 0.031540
0.826831 0.030921
0.826930 0.030921
0.827029 0.030921
0.827129 0.030921
0.827228 0.030921
0.827328 0.030921
0.827427 0.030921
0.827526 0.030921
0.827626 0.030921
0.827725 0.030921
0.827825 0.030921
0.827924 0.030921
0.828023 0.030921
0.828123 0.030921
0.828222 0.030921
0.828322 0.030921
0.828421 0.030921
0.828520 0.030921
0.828620 0.030921
0.828719 0.030921
0.828819 0.030921
0.828918 0.030921
0.829017 0.030921
0.829117 0.030921
0.829216 0.030921
0.829316 0.030921
0.829415 0.030921
0.829514 0.030921
0.829614 0.030921
0.829713 0.030921
0.829813 0.030921
0.829912 0.030921
0.830011 0.030921
0.830111 0.030921
0.830210 0.030921
0.830310 0.030921
0.830409 0.030921
0.830508 0.030921
0.830608 0.030921
0.830707 0.030921
0.830807 0.030921
0.830906 0.030921
0.831005 0.030921
0.831105 0.030921
0.831204 0.030303
0.831304 0.030303
0.831403 0.030303
0.831502 0.030303
0.831602 0.030303
0.831701 0.030303
0.831800 0.030303
0.831900 0.030303
0.831999 0.030303
0.832099 0.030303
0.832198 0.030303
0.832297 0.030303
0.832397 0.030303
0.832496 0.030303
0.832596 0.030303
0.832695 0.030303
0.832794 0.030303
0.832894 0.030303
0.832993 0.030303
0.833093 0.030303
0.833192 0.030303
0.833291 0.030303
0.833391 0.029685
0.833490 0.029685
0.833590 0.029685
0.833689 0.029685
0.833788 0.029685
0.833888 0.029685
0.833987 0.029685
0.834087 0.029685
0.834186 0.029685
0.834285 0.029685
0.834385 0.029685
0.834484 0.029685
0.834584 0.029685
0.834683 0.029685
0.834782 0.029685
0.834882 0.029685
0.834981 0.029685
0.835081 0.029685
0.835180 0.029685
0.835279 0.029685
0.835379 0.029685
0.835478 0.029685
0.835578 0.029685
0.835677 0.029685
0.835776 0.029685
0.835876 0.029685
0.835975 0.029685
0.836075 0.029685
0.836174 0.029685
0.836273 0.029685
0.836373 0.029685
0.836472 0.029685
0.836572 0.029685
0.836671 0.029685
0.836770 0.029685
0.836870 0.029685
0.836969 0.029685
0.837069 0.029685
0.837168 0.029685
0.837267 0.029066
0.837367 0.029066
0.837466 0.029066
0.837566 0.029066
0.837665 0.029066
0.837764 0.029066
0.837864 0.029066
0.837963 0.029066
0.838063 0.029066
0.838162 0.029066
0.838261 0.029066
0.838361 0.029066
0.838460 0.029066
0.838560 0.029066
0.838659 0.029066
0.838758 0.029066
0.838858 0.029066
0.838957 0.029066
0.839056 0.029066
0.839156 0.029066
0.839255 0.028448
0.839355 0.028448
0.839454 0.028448
0.839553 0.027829
0.839653 0.027829
0.839752 0.027829
0.839852 0.027829
0.839951 0.027829
0.840050 0.027829
0.840150 0.027829
0.840249 0.027829
0.840349 0.027829
0.840448 0.027829
0.840547 0.027829
0.840647 0.027829
0.840746 0.027829
0.840846 0.027829
0.840945 0.027829
0.841044 0.027829
0.841144 0.027211
0.841243 0.027211
0.841343 0.027211
0.841442 0.027211
0.841541 0.027211
0.841641 0.027211
0.841740 0.027211
0.841840 0.027211
0.841939 0.027211
0.842038 0.027211
0.842138 0.027211
0.842237 0.027211
0.842337 0.027211
0.842436 0.027211
0.842535 0.026592
0.842635 0.026592
0.842734 0.026592
0.842834 0.026592
0.842933 0.026592
0.843032 0.026592
0.843132 0.026592
0.843231 0.026592
0.843331 0.026592
0.843430 0.026592
0.843529 0.026592
0.843629 0.026592
0.843728 0.026592
0.843828 0.026592
0.843927 0.026592
0.844026 0.026592
0.844126 0.026592
0.844225 0.026592
0.844325 0.026592
0.844424 0.026592
0.844523 0.026592
0.844623 0.026592
0.844722 0.025974
0.844822 0.025974
0.844921 0.025974
0.845020 0.025974
0.845120 0.025974
0.845219 0.025974
0.845319 0.025974
0.845418 0.025974
0.845517 0.025974
0.845617 0.025974
0.845716 0.025974
0.845816 0.025974
0.845915 0.025974
0.846014 0.025974
0.846114 0.025974
0.846213 0.025974
0.846312 0.025974
0.846412 0.025974
0.846511 0.025974
0.846611 0.025974
0.846710 0.025974
0.846809 0.025974
0.846909 0.025974
0.847008 0.025974
0.847108 0.025974
0.847207 0.025974
0.847306 0.025974
0.847406 0.025356
0.847505 0.025356
0.847605 0.025356
0.847704 0.025356
0.847803 0.025356
0.847903 0.025356
0.848002 0.025356
0.848102 0.025356
0.848201 0.025356
0.848300 0.025356
0.848400 0.025356
0.848499 0.025356
0.848599 0.025356
0.848698 0.025356
0.848797 0.025356
0.848897 0.025356
0.848996 0.025356
0.849096 0.025356
0.849195 0.025356
0.849294 0.025356
0.849394 0.025356
0.849493 0.025356
0.849593 0.025356
0.849692 0.025356
0.849791 0.025356
0.849891 0.025356
0.849990 0.025356
0.850090 0.025356
0.850189 0.025356
0.850288 0.025356
0.850388 0.025356
0.850487 0.025356
0.850587 0.025356
0.850686 0.025356
0.850785 0.025356
0.850885 0.025356
0.850984 0.025356
0.851084 0.025356
0.851183 0.025356
0.851282 0.025356
0.851382 0.025356
0.851481 0.025356
0.851581 0.025356
0.851680 0.025356
0.851779 0.025356
0.851879 0.025356
0.851978 0.025356
0.852078 0.025356
0.852177 0.025356
0.852276 0.025356
0.852376 0.025356
0.852475 0.025356
0.852575 0.025356
0.852674 0.025356
0.852773 0.025356
0.852873 0.025356
0.852972 0.025356
0.853071 0.025356
0.853171 0.025356
0.853270 0.025356
0.853370 0.025356
0.853469 0.025356
0.853568 0.025356
0.853668 0.025356
0.853767 0.025356
0.853867 0.025356
0.853966 0.025356
0.854065 0.025356
0.854165 0.025356
0.854264 0.025356
0.854364 0.025356
0.854463 0.025356
0.854562 0.025356
0.854662 0.025356
0.854761 0.025356
0.854861 0.025356
0.854960 0.025356
0.855059 0.025356
0.855159 0.025356
0.855258 0.025356
0.855358 0.025356
0.855457 0.025356
0.855556 0.025356
0.855656 0.025356
0.855755 0.025356
0.855855 0.024737
0.855954 0.024737
0.856053 0.024737
0.856153 0.024737
0.856252 0.024737
0.856352 0.024737
0.856451 0.024737
0.856550 0.024737
0.856650 0.024737
0.856749 0.024737
0.856849 0.024737
0.856948 0.024737
0.857047 0.024737
0.857147 0.024737
0.857246 0.024737
0.857346 0.024737
0.857445 0.024737
0.857544 0.024737
0.857644 0.024119
0.857743 0.024119
0.857843 0.024119
0.857942 0.024119
0.858041 0.024119
0.858141 0.024119
0.858240 0.024119
0.858340 0.024119
0.858439 0.024119
0.858538 0.024119
0.858638 0.024119
0.858737 0.024119
0.858837 0.024119
0.858936 0.024119
0.859035 0.024119
0.859135 0.024119
0.859234 0.024119
0.859334 0.024119
0.859433 0.024119
0.859532 0.024119
0.859632 0.024119
0.859731 0.024119
0.859831 0.024119
0.859930 0.024119
0.860029 0.024119
0.860129 0.024119
0.860228 0.024119
0.860327 0.024119
0.860427 0.024119
0.860526 0.024119
0.860626 0.024119
0.860725 0.024119
0.860824 0.024119
0.860924 0.024119
0.861023 0.024119
0.861123 0.024119
0.861222 0.023500
0.861321 0.023500
0.861421 0.023500
0.861520 0.023500
0.861620 0.023500
0.861719 0.023500
0.861818 0.023500
0.861918 0.023500
0.862017 0.022882
0.862117 0.022882
0.862216 0.022882
0.862315 0.022882
0.862415 0.022882
0.862514 0.022882
0.862614 0.022882
0.862713 0.022882
0.862812 0.022882
0.862912 0.022882
0.863011 0.022882
0.863111 0.022882
0.863210 0.022882
0.863309 0.022882
0.863409 0.022882
0.863508 0.022882
0.863608 0.022882
0.863707 0.022882
0.863806 0.022882
0.863906 0.022882
0.864005 0.022263
0.864105 0.022263
0.864204 0.022263
0.864303 0.022263
0.864403 0.022263
0.864502 0.022263
0.864602 0.022263
0.864701 0.022263
0.864800 0.022263
0.864900 0.022263
0.864999 0.022263
0.865099 0.022263
0.865198 0.022263
0.865297 0.022263
0.865397 0.022263
0.865496 0.022263
0.865596 0.022263
0.865695 0.021645
0.865794 0.021645
0.865894 0.021645
0.865993 0.021645
0.866093 0.021645
0.866192 0.021645
0.866291 0.021645
0.866391 0.021645
0.866490 0.021645
0.866590 0.021645
0.866689 0.021027
0.866788 0.021027
0.866888 0.021027
0.866987 0.020408
0.867087 0.020408
0.867186 0.019790
0.867285 0.019790
0.867385 0.019790
0.867484 0.019790
0.867583 0.019790
0.867683 0.019790
0.867782 0.019790
0.867882 0.019790
0.867981 0.019790
0.868080 0.019790
0.868180 0.019790
0.868279 0.019790
0.868379 0.019790
0.868478 0.019790
0.868577 0.019790
0.868677 0.019790
0.868776 0.019790
0.868876 0.019790
0.868975 0.019790
0.869074 0.019790
0.869174 0.019790
0.869273 0.019790
0.869373 0.019790
0.869472 0.019790
0.869571 0.019790
0.869671 0.019790
0.869770 0.019790
0.869870 0.019790
0.869969 0.019790
0.870068 0.019790
0.870168 0.019790
0.870267 0.019790
0.870367 0.019790
0.870466 0.019790
0.870565 0.019790
0.870665 0.019790
0.870764 0.019790
0.870864 0.019790
0.870963 0.019790
0.871062 0.019790
0.871162 0.019790
0.871261 0.019171
0.871361 0.019171
0.871460 0.019171
0.871559 0.019171
0.871659 0.019171
0.871758 0.019171
0.871858 0.019171
0.871957 0.019171
0.872056 0.019171
0.872156 0.019171
0.872255 0.019171
0.872355 0.019171
0.872454 0.019171
0.872553 0.019171
0.872653 0.018553
0.872752 0.018553
0.872852 0.018553
0.872951 0.018553
0.873050 0.018553
0.873150 0.017934
0.873249 0.017934
0.873349 0.017316
0.873448 0.017316
0.873547 0.017316
0.873647 0.017316
0.873746 0.017316
0.873846 0.017316
0.873945 0.017316
0.874044 0.017316
0.874144 0.017316
0.874243 0.017316
0.874343 0.017316
0.874442 0.017316
0.874541 0.017316
0.874641 0.017316
0.874740 0.017316
0.874839 0.017316
0.874939 0.017316
0.875038 0.017316
0.875138 0.017316
0.875237 0.017316
0.875336 0.017316
0.875436 0.017316
0.875535 0.017316
0.875635 0.017316
0.875734 0.017316
0.875833 0.017316
0.875933 0.017316
0.876032 0.017316
0.876132 0.017316
0.876231 0.017316
0.876330 0.017316
0.876430 0.017316
0.876529 0.017316
0.876629 0.017316
0.876728 0.017316
0.876827 0.017316
0.876927 0.017316
0.877026 0.017316
0.877126 0.017316
0.877225 0.017316
0.877324 0.017316
0.877424 0.017316
0.877523 0.017316
0.877623 0.017316
0.877722 0.017316
0.877821 0.017316
0.877921 0.017316
0.878020 0.017316
0.878120 0.017316
0.878219 0.017316
0.878318 0.017316
0.878418 0.017316
0.878517 0.017316
0.878617 0.017316
0.878716 0.017316
0.878815 0.017316
0.878915 0.017316
0.879014 0.017316
0.879114 0.017316
0.879213 0.017316
0.879312 0.016698
0.879412 0.016698
0.879511 0.016698
0.879611 0.016698
0.879710 0.016698
0.879809 0.016698
0.879909 0.016698
0.880008 0.016698
0.880108 0.016698
0.880207 0.016698
0.880306 0.016079
0.880406 0.016079
0.880505 0.016079
0.880605 0.016079
0.880704 0.016079
0.880803 0.016079
0.880903 0.016079
0.881002 0.016079
0.881102 0.016079
0.881201 0.016079
0.881300 0.016079
0.881400 0.016079
0.881499 0.016079
0.881598 0.016079
0.881698 0.016079
0.881797 0.016079
0.881897 0.016079
0.881996 0.016079
0.882095 0.016079
0.882195 0.016079
0.882294 0.016079
0.882394 0.016079
0.882493 0.016079
0.882592 0.016079
0.882692 0.016079
0.882791 0.016079
0.882891 0.016079
0.882990 0.016079
0.883089 0.016079
0.883189 0.016079
0.883288 0.016079
0.883388 0.016079
0.883487 0.016079
0.883586 0.016079
0.883686 0.016079
0.883785 0.016079
0.883885 0.016079
0.883984 0.016079
0.884083 0.016079
0.884183 0.016079
0.884282 0.016079
0.884382 0.016079
0.884481 0.016079
0.884580 0.016079
0.884680 0.016079
0.884779 0.016079
0.884879 0.016079
0.884978 0.016079
0.885077 0.016079
0.885177 0.016079
0.885276 0.016079
0.885376 0.016079
0.885475 0.016079
0.885574 0.016079
0.885674 0.016079
0.885773 0.016079
0.885873 0.016079
0.885972 0.016079
0.886071 0.016079
0.886171 0.016079
0.886270 0.016079
0.886370 0.016079
0.886469 0.016079
0.886568 0.016079
0.886668 0.016079
0.886767 0.016079
0.886867 0.016079
0.886966 0.016079
0.887065 0.016079
0.887165 0.016079
0.887264 0.016079
0.887364 0.016079
0.887463 0.016079
0.887562 0.016079
0.887662 0.016079
0.887761 0.016079
0.887861 0.016079
0.887960 0.016079
0.888059 0.016079
0.888159 0.016079
0.888258 0.016079
0.888358 0.016079
0.888457 0.016079
0.888556 0.016079
0.888656 0.016079
0.888755 0.016079
0.888854 0.016079
0.888954 0.016079
0.889053 0.016079
0.889153 0.016079
0.889252 0.016079
0.889351 0.016079
0.889451 0.016079
0.889550 0.016079
0.889650 0.016079
0.889749 0.016079
0.889848 0.016079
0.889948 0.016079
0.890047 0.015461
0.890147 0.015461
0.890246 0.015461
0.890345 0.015461
0.890445 0.015461
0.890544 0.015461
0.890644 0.015461
0.890743 0.015461
0.890842 0.015461
0.890942 0.015461
0.891041 0.015461
0.891141 0.015461
0.891240 0.015461
0.891339 0.015461
0.891439 0.015461
0.891538 0.015461
0.891638 0.015461
0.891737 0.015461
0.891836 0.015461
0.891936 0.015461
0.892035 0.015461
0.892135 0.015461
0.892234 0.015461
0.892333 0.015461
0.892433 0.015461
0.892532 0.015461
0.892632 0.015461
0.892731 0.015461
0.892830 0.015461
0.892930 0.015461
0.893029 0.015461
0.893129 0.015461
0.893228 0.015461
0.893327 0.015461
0.893427 0.015461
0.893526 0.015461
0.893626 0.015461
0.893725 0.015461
0.893824 0.014842
0.893924 0.014842
0.894023 0.014842
0.894123 0.014842
0.894222 0.014842
0.894321 0.014842
0.894421 0.014842
0.894520 0.014842
0.894620 0.014842
0.894719 0.014842
0.894818 0.014842
0.894918 0.014842
0.895017 0.014842
0.895117 0.014842
0.895216 0.014842
0.895315 0.014842
0.895415 0.014842
0.895514 0.014842
0.895614 0.014842
0.895713 0.014842
0.895812 0.014842
0.895912 0.014842
0.896011 0.014842
0.896110 0.014842
0.896210 0.014842
0.896309 0.014842
0.896409 0.014842
0.896508 0.014842
0.896607 0.014842
0.896707 0.014842
0.896806 0.014842
0.896906 0.014842
0.897005 0.014842
0.897104 0.014842
0.897204 0.014842
0.897303 0.014842
0.897403 0.014842
0.897502 0.014842
0.897601 0.014842
0.897701 0.014842
0.897800 0.014842
0.897900 0.014842
0.897999 0.014842
0.898098 0.014842
0.898198 0.014842
0.898297 0.014842
0.898397 0.014842
0.898496 0.014842
0.898595 0.014842
0.898695 0.014842
0.898794 0.014842
0.898894 0.014842
0.898993 0.014842
0.899092 0.014842
0.899192 0.014842
0.899291 0.014842
0.899391 0.014842
0.899490 0.014842
0.899589 0.014842
0.899689 0.014842
0.899788 0.014842
0.899888 0.014842
0.899987 0.014224
0.900086 0.014224
0.900186 0.014224
0.900285 0.014224
0.900385 0.014224
0.900484 0.014224
0.900583 0.014224
0.900683 0.014224
0.900782 0.014224
0.900882 0.014224
0.900981 0.014224
0.901080 0.014224
0.901180 0.014224
0.901279 0.014224
0.901379 0.014224
0.901478 0.014224
0.901577 0.014224
0.901677 0.014224
0.901776 0.014224
0.901876 0.014224
0.901975 0.014224
0.902074 0.014224
0.902174 0.014224
0.902273 0.014224
0.902373 0.014224
0.902472 0.014224
0.902571 0.014224
0.902671 0.014224
0.902770 0.014224
0.902870 0.014224
0.902969 0.014224
0.903068 0.014224
0.903168 0.014224
0.903267 0.014224
0.903366 0.014224
0.903466 0.014224
0.903565 0.014224
0.903665 0.013605
0.903764 0.013605
0.903863 0.013605
0.903963 0.013605
0.904062 0.013605
0.904162 0.013605
0.904261 0.013605
0.904360 0.013605
0.904460 0.013605
0.904559 0.013605
0.904659 0.013605
0.904758 0.013605
0.904857 0.013605
0.904957 0.013605
0.905056 0.013605
0.905156 0.013605
0.905255 0.013605
0.905354 0.013605
0.905454 0.013605
0.905553 0.013605
0.905653 0.013605
0.905752 0.013605
0.905851 0.013605
0.905951 0.013605
0.906050 0.013605
0.906150 0.013605
0.906249 0.013605
0.906348 0.013605
0.906448 0.013605
0.906547 0.013605
0.906647 0.013605
0.906746 0.013605
0.906845 0.013605
0.906945 0.013605
0.907044 0.013605
0.907144 0.013605
0.907243 0.013605
0.907342 0.013605
0.907442 0.013605
0.907541 0.013605
0.907641 0.013605
0.907740 0.013605
0.907839 0.013605
0.907939 0.013605
0.908038 0.013605
0.908138 0.013605
0.908237 0.013605
0.908336 0.013605
0.908436 0.013605
0.908535 0.013605
0.908635 0.013605
0.908734 0.012987
0.908833 0.012987
0.908933 0.012987
0.909032 0.012987
0.909132 0.012987
0.909231 0.012987
0.909330 0.012987
0.909430 0.012987
0.909529 0.012987
0.909629 0.012987
0.909728 0.012987
0.909827 0.012369
0.909927 0.012369
0.910026 0.012369
0.910126 0.012369
0.910225 0.012369
0.910324 0.012369
0.910424 0.012369
0.910523 0.012369
0.910622 0.012369
0.910722 0.012369
0.910821 0.012369
0.910921 0.012369
0.911020 0.012369
0.911119 0.012369
0.911219 0.012369
0.911318 0.012369
0.911418 0.012369
0.911517 0.012369
0.911616 0.012369
0.911716 0.012369
0.911815 0.012369
0.911915 0.012369
0.912014 0.012369
0.912113 0.012369
0.912213 0.012369
0.912312 0.012369
0.912412 0.012369
0.912511 0.012369
0.912610 0.012369
0.912710 0.012369
0.912809 0.012369
0.912909 0.011750
0.913008 0.011750
0.913107 0.011750
0.913207 0.011750
0.913306 0.011750
0.913406 0.011750
0.913505 0.011750
0.913604 0.011750
0.913704 0.011750
0.913803 0.011750
0.913903 0.011750
0.914002 0.011750
0.914101 0.011750
0.914201 0.011750
0.914300 0.011750
0.914400 0.011750
0.914499 0.011750
0.914598 0.011750
0.914698 0.011750
0.914797 0.011750
0.914897 0.011750
0.914996 0.011750
0.915095 0.011750
0.915195 0.011750
0.915294 0.011750
0.915394 0.011750
0.915493 0.011750
0.915592 0.011750
0.915692 0.011750
0.915791 0.011750
0.915891 0.011750
0.915990 0.011750
0.916089 0.011750
0.916189 0.011750
0.916288 0.011132
0.916388 0.011132
0.916487 0.011132
0.916586 0.011132
0.916686 0.011132
0.916785 0.011132
0.916885 0.011132
0.916984 0.011132
0.917083 0.011132
0.917183 0.011132
0.917282 0.011132
0.917381 0.011132
0.917481 0.011132
0.917580 0.011132
0.917680 0.011132
0.917779 0.011132
0.917878 0.011132
0.917978 0.011132
0.918077 0.011132
0.918177 0.011132
0.918276 0.011132
0.918375 0.011132
0.918475 0.011132
0.918574 0.011132
0.918674 0.011132
0.918773 0.011132
0.918872 0.011132
0.918972 0.011132
0.919071 0.011132
0.919171 0.011132
0.919270 0.011132
0.919369 0.011132
0.919469 0.011132
0.919568 0.011132
0.919668 0.011132
0.919767 0.011132
0.919866 0.011132
0.919966 0.011132
0.920065 0.011132
0.920165 0.011132
0.920264 0.011132
0.920363 0.011132
0.920463 0.011132
0.920562 0.011132
0.920662 0.011132
0.920761 0.011132
0.920860 0.011132
0.920960 0.011132
0.921059 0.011132
0.921159 0.010513
0.921258 0.010513
0.921357 0.010513
0.921457 0.010513
0.921556 0.010513
0.921656 0.010513
0.921755 0.010513
0.921854 0.010513
0.921954 0.010513
0.922053 0.010513
0.922153 0.010513
0.922252 0.010513
0.922351 0.010513
0.922451 0.010513
0.922550 0.010513
0.922650 0.010513
0.922749 0.010513
0.922848 0.010513
0.922948 0.010513
0.923047 0.010513
0.923147 0.010513
0.923246 0.010513
0.923345 0.010513
0.923445 0.010513
0.923544 0.010513
0.923644 0.010513
0.923743 0.010513
0.923842 0.010513
0.923942 0.010513
0.924041 0.010513
0.924141 0.010513
0.924240 0.010513
0.924339 0.010513
0.924439 0.010513
0.924538 0.010513
0.924637 0.010513
0.924737 0.010513
0.924836 0.010513
0.924936 0.010513
0.925035 0.010513
0.925134 0.010513
0.925234 0.010513
0.925333 0.010513
0.925433 0.010513
0.925532 0.010513
0.925631 0.010513
0.925731 0.010513
0.925830 0.010513
0.925930 0.010513
0.926029 0.010513
0.926128 0.010513
0.926228 0.010513
0.926327 0.010513
0.926427 0.010513
0.926526 0.010513
0.926625 0.010513
0.926725 0.010513
0.926824 0.010513
0.926924 0.010513
0.927023 0.010513
0.927122 0.010513
0.927222 0.010513
0.927321 0.010513
0.927421 0.010513
0.927520 0.010513
0.927619 0.010513
0.927719 0.010513
0.927818 0.009895
0.927918 0.009895
0.928017 0.009895
0.928116 0.009895
0.928216 0.009895
0.928315 0.009895
0.928415 0.009895
0.928514 0.009895
0.928613 0.009895
0.928713 0.009895
0.928812 0.009895
0.928912 0.009895
0.929011 0.009895
0.929110 0.009895
0.929210 0.009895
0.929309 0.009895
0.929409 0.009895
0.929508 0.009895
0.929607 0.009895
0.929707 0.009895
0.929806 0.009895
0.929906 0.009895
0.930005 0.009895
0.930104 0.009895
0.930204 0.009276
0.930303 0.009276
0.930403 0.009276
0.930502 0.009276
0.930601 0.009276
0.930701 0.009276
0.930800 0.009276
0.930900 0.009276
0.930999 0.009276
0.931098 0.009276
0.931198 0.009276
0.931297 0.009276
0.931397 0.009276
0.931496 0.009276
0.931595 0.009276
0.931695 0.009276
0.931794 0.009276
0.931893 0.009276
0.931993 0.009276
0.932092 0.009276
0.932192 0.009276
0.932291 0.009276
0.932390 0.009276
0.932490 0.009276
0.932589 0.009276
0.932689 0.009276
0.932788 0.009276
0.932887 0.009276
0.932987 0.009276
0.933086 0.009276
0.933186 0.009276
0.933285 0.009276
0.933384 0.009276
0.933484 0.009276
0.933583 0.009276
0.933683 0.009276
0.933782 0.009276
0.933881 0.009276
0.933981 0.009276
0.934080 0.009276
0.934180 0.009276
0.934279 0.009276
0.934378 0.009276
0.934478 0.009276
0.934577 0.009276
0.934677 0.009276
0.934776 0.009276
0.934875 0.009276
0.934975 0.009276
0.935074 0.009276
0.935174 0.009276
0.935273 0.009276
0.935372 0.009276
0.935472 0.009276
0.935571 0.009276
0.935671 0.009276
0.935770 0.009276
0.935869 0.009276
0.935969 0.009276
0.936068 0.009276
0.936168 0.009276
0.936267 0.009276
0.936366 0.009276
0.936466 0.009276
0.936565 0.009276
0.936665 0.009276
0.936764 0.009276
0.936863 0.008658
0.936963 0.008658
0.937062 0.008658
0.937162 0.008658
0.937261 0.008658
0.937360 0.008658
0.937460 0.008658
0.937559 0.008658
0.937659 0.008658
0.937758 0.008658
0.937857 0.008658
0.937957 0.008658
0.938056 0.008658
0.938156 0.008658
0.938255 0.008658
0.938354 0.008658
0.938454 0.008658
0.938553 0.008658
0.938653 0.008658
0.938752 0.008658
0.938851 0.008658
0.938951 0.008658
0.939050 0.008658
0.939149 0.008658
0.939249 0.008658
0.939348 0.008658
0.939448 0.008658
0.939547 0.008658
0.939646 0.008658
0.939746 0.008658
0.939845 0.008658
0.939945 0.008658
0.940044 0.008658
0.940143 0.008658
0.940243 0.008658
0.940342 0.008658
0.940442 0.008658
0.940541 0.008658
0.940640 0.008658
0.940740 0.008658
0.940839 0.008658
0.940939 0.008658
0.941038 0.008658
0.941137 0.008658
0.941237 0.008658
0.941336 0.008658
0.941436 0.008658
0.941535 0.008658
0.941634 0.008658
0.941734 0.008658
0.941833 0.008658
0.941933 0.008658
0.942032 0.008658
0.942131 0.008658
0.942231 0.008658
0.942330 0.008658
0.942430 0.008658
0.942529 0.008658
0.942628 0.008658
0.942728 0.008658
0.942827 0.008658
0.942927 0.008658
0.943026 0.008658
0.943125 0.008658
0.943225 0.008658
0.943324 0.008658
0.943424 0.008658
0.943523 0.008658
0.943622 0.008658
0.943722 0.008658
0.943821 0.008658
0.943921 0.008658
0.944020 0.008658
0.944119 0.008658
0.944219 0.008658
0.944318 0.008658
0.944418 0.008658
0.944517 0.008658
0.944616 0.008658
0.944716 0.008658
0.944815 0.008658
0.944915 0.008658
0.945014 0.008658
0.945113 0.008658
0.945213 0.008658
0.945312 0.008658
0.945412 0.008658
0.945511 0.008658
0.945610 0.008658
0.945710 0.008040
0.945809 0.008040
0.945908 0.008040
0.946008 0.008040
0.946107 0.008040
0.946207 0.008040
0.946306 0.008040
0.946405 0.008040
0.946505 0.008040
0.946604 0.007421
0.946704 0.007421
0.946803 0.007421
0.946902 0.007421
0.947002 0.007421
0.947101 0.007421
0.947201 0.007421
0.947300 0.007421
0.947399 0.007421
0.947499 0.007421
0.947598 0.007421
0.947698 0.007421
0.947797 0.006803
0.947896 0.006803
0.947996 0.006803
0.948095 0.006803
0.948195 0.006803
0.948294 0.006803
0.948393 0.006803
0.948493 0.006803
0.948592 0.006184
0.948692 0.006184
0.948791 0.006184
0.948890 0.006184
0.948990 0.006184
0.949089 0.006184
0.949189 0.006184
0.949288 0.006184
0.949387 0.006184
0.949487 0.006184
0.949586 0.006184
0.949686 0.006184
0.949785 0.006184
0.949884 0.006184
0.949984 0.006184
0.950083 0.006184
0.950183 0.006184
0.950282 0.006184
0.950381 0.006184
0.950481 0.006184
0.950580 0.006184
0.950680 0.006184
0.950779 0.006184
0.950878 0.006184
0.950978 0.006184
0.951077 0.006184
0.951177 0.006184
0.951276 0.006184
0.951375 0.006184
0.951475 0.006184
0.951574 0.006184
0.951674 0.006184
0.951773 0.006184
0.951872 0.006184
0.951972 0.006184
0.952071 0.006184
0.952171 0.006184
0.952270 0.006184
0.952369 0.006184
0.952469 0.006184
0.952568 0.006184
0.952668 0.006184
0.952767 0.006184
0.952866 0.005566
0.952966 0.005566
0.953065 0.005566
0.953164 0.005566
0.953264 0.005566
0.953363 0.005566
0.953463 0.005566
0.953562 0.005566
0.953661 0.005566
0.953761 0.005566
0.953860 0.005566
0.953960 0.005566
0.954059 0.005566
0.954158 0.005566
0.954258 0.005566
0.954357 0.005566
0.954457 0.005566
0.954556 0.005566
0.954655 0.005566
0.954755 0.005566
0.954854 0.005566
0.954954 0.005566
0.955053 0.005566
0.955152 0.005566
0.955252 0.005566
0.955351 0.005566
0.955451 0.005566
0.955550 0.005566
0.955649 0.005566
0.955749 0.005566
0.955848 0.005566
0.955948 0.005566
0.956047 0.005566
0.956146 0.005566
0.956246 0.005566
0.956345 0.005566
0.956445 0.005566
0.956544 0.005566
0.956643 0.005566
0.956743 0.005566
0.956842 0.005566
0.956942 0.005566
0.957041 0.005566
0.957140 0.005566
0.957240 0.005566
0.957339 0.005566
0.957439 0.005566
0.957538 0.005566
0.957637 0.005566
0.957737 0.005566
0.957836 0.005566
0.957936 0.005566
0.958035 0.005566
0.958134 0.005566
0.958234 0.005566
0.958333 0.005566
0.958433 0.005566
0.958532 0.005566
0.958631 0.005566
0.958731 0.005566
0.958830 0.005566
0.958930 0.005566
0.959029 0.005566
0.959128 0.005566
0.959228 0.005566
0.959327 0.005566
0.959427 0.005566
0.959526 0.005566
0.959625 0.004947
0.959725 0.004947
0.959824 0.004947
0.959924 0.004947
0.960023 0.004947
0.960122 0.004947
0.960222 0.004947
0.960321 0.004947
0.960420 0.004947
0.960520 0.004947
0.960619 0.004947
0.960719 0.004329
0.960818 0.004329
0.960917 0.004329
0.961017 0.004329
0.961116 0.004329
0.961216 0.004329
0.961315 0.004329
0.961414 0.004329
0.961514 0.004329
0.961613 0.004329
0.961713 0.004329
0.961812 0.004329
0.961911 0.004329
0.962011 0.004329
0.962110 0.004329
0.962210 0.004329
0.962309 0.004329
0.962408 0.004329
0.962508 0.004329
0.962607 0.004329
0.962707 0.004329
0.962806 0.004329
0.962905 0.004329
0.963005 0.004329
0.963104 0.004329
0.963204 0.004329
0.963303 0.004329
0.963402 0.004329
0.963502 0.004329
0.963601 0.004329
0.963701 0.004329
0.963800 0.004329
0.963899 0.004329
0.963999 0.004329
0.964098 0.004329
0.964198 0.004329
0.964297 0.004329
0.964396 0.003711
0.964496 0.003711
0.964595 0.003711
0.964695 0.003711
0.964794 0.003711
0.964893 0.003711
0.964993 0.003711
0.965092 0.003711
0.965192 0.003711
0.965291 0.003711
0.965390 0.003711
0.965490 0.003711
0.965589 0.003711
0.965689 0.003711
0.965788 0.003711
0.965887 0.003711
0.965987 0.003711
0.966086 0.003711
0.966186 0.003711
0.966285 0.003711
0.966384 0.003711
0.966484 0.003711
0.966583 0.003711
0.966683 0.003711
0.966782 0.003711
0.966881 0.003711
0.966981 0.003711
0.967080 0.003092
0.967180 0.003092
0.967279 0.003092
0.967378 0.003092
0.967478 0.003092
0.967577 0.003092
0.967676 0.003092
0.967776 0.003092
0.967875 0.003092
0.967975 0.003092
0.968074 0.002474
0.968173 0.002474
0.968273 0.002474
0.968372 0.002474
0.968472 0.002474
0.968571 0.002474
0.968670 0.002474
0.968770 0.002474
0.968869 0.002474
0.968969 0.002474
0.969068 0.002474
0.969167 0.002474
0.969267 0.002474
0.969366 0.002474
0.969466 0.002474
0.969565 0.002474
0.969664 0.002474
0.969764 0.002474
0.969863 0.002474
0.969963 0.002474
0.970062 0.002474
0.970161 0.002474
0.970261 0.002474
0.970360 0.002474
0.970460 0.002474
0.970559 0.002474
0.970658 0.002474
0.970758 0.002474
0.970857 0.002474
0.970957 0.002474
0.971056 0.002474
0.971155 0.002474
0.971255 0.002474
0.971354 0.002474
0.971454 0.002474
0.971553 0.002474
0.971652 0.002474
0.971752 0.002474
0.971851 0.002474
0.971951 0.002474
0.972050 0.002474
0.972149 0.002474
0.972249 0.002474
0.972348 0.002474
0.972448 0.002474
0.972547 0.002474
0.972646 0.002474
0.972746 0.002474
0.972845 0.002474
0.972945 0.002474
0.973044 0.002474
0.973143 0.001855
0.973243 0.001855
0.973342 0.001855
0.973442 0.001855
0.973541 0.001855
0.973640 0.001855
0.973740 0.001855
0.973839 0.001855
0.973939 0.001855
0.974038 0.001855
0.974137 0.001855
0.974237 0.001855
0.974336 0.001855
0.974436 0.001855
0.974535 0.001855
0.974634 0.001855
0.974734 0.001855
0.974833 0.001855
0.974932 0.001855
0.975032 0.001855
0.975131 0.001855
0.975231 0.001855
0.975330 0.001237
0.975429 0.001237
0.975529 0.001237
0.975628 0.001237
0.975728 0.001237
0.975827 0.001237
0.975926 0.001237
0.976026 0.001237
0.976125 0.001237
0.976225 0.001237
0.976324 0.001237
0.976423 0.001237
0.976523 0.001237
0.976622 0.001237
0.976722 0.001237
0.976821 0.001237
0.976920 0.001237
0.977020 0.001237
0.977119 0.001237
0.977219 0.001237
0.977318 0.001237
0.977417 0.001237
0.977517 0.001237
0.977616 0.001237
0.977716 0.001237
0.977815 0.001237
0.977914 0.001237
0.978014 0.001237
0.978113 0.001237
0.978213 0.001237
0.978312 0.001237
0.978411 0.000618
0.978511 0.000618
0.978610 0.000618
0.978710 0.000618
0.978809 0.000618
0.978908 0.000618
0.979008 0.000618
0.979107 0.000618
0.979207 0.000618
0.979306 0.000618
0.979405 0.000618
0.979505 0.000618
0.979604 0.000618
0.979704 0.000618
0.979803 0.000618
0.979902 0.000618
0.980002 0.000618
0.980101 0.000618
0.980201 0.000618
0.980300 0.000618
0.980399 0.000618
0.980499 0.000618
0.980598 0.000618
0.980698 0.000618
0.980797 0.000618
0.980896 0.000618
0.980996 0.000618
0.981095 0.000618
0.981195 0.000618
0.981294 0.000618
0.981393 0.000618
0.981493 0.000618
0.981592 0.000618
0.981691 0.000618
0.981791 0.000618
0.981890 0.000618
0.981990 0.000618
0.982089 0.000618
0.982188 0.000618
0.982288 0.000618
0.982387 0.000618
0.982487 0.000618
0.982586 0.000618
0.982685 0.000618
0.982785 0.000618
0.982884 0.000618
0.982984 0.000618
0.983083 0.000618
0.983182 0.000618
0.983282 0.000618
0.983381 0.000618
0.983481 0.000618
0.983580 0.000618
0.983679 0.000618
0.983779 0.000618
0.983878 0.000618
0.983978 0.000618
0.984077 0.000618
0.984176 0.000618
0.984276 0.000618
0.984375 0.000618
0.984475 0.000618
0.984574 0.000618
0.984673 0.000618
0.984773 0.000618
0.984872 0.000618
0.984972 0.000618
0.985071 0.000618
0.985170 0.000000
0.985270 0.000000
0.985369 0.000000
0.985469 0.000000
0.985568 0.000000
0.985667 0.000000
0.985767 0.000000
0.985866 0.000000
0.985966 0.000000
0.986065 0.000000
0.986164 0.000000
0.986264 0.000000
0.986363 0.000000
0.986463 0.000000
0.986562 0.000000
0.986661 0.000000
0.986761 0.000000
0.986860 0.000000
0.986960 0.000000
0.987059 0.000000
0.987158 0.000000
0.987258 0.000000
0.987357 0.000000
0.987457 0.000000
0.987556 0.000000
0.987655 0.000000
0.987755 0.000000
0.987854 0.000000
0.987954 0.000000
0.988053 0.000000
0.988152 0.000000
0.988252 0.000000
0.988351 0.000000
0.988451 0.000000
0.988550 0.000000
0.988649 0.000000
0.988749 0.000000
0.988848 0.000000
0.988947 0.000000
0.989047 0.000000
0.989146 0.000000
0.989246 0.000000
0.989345 0.000000
0.989444 0.000000
0.989544 0.000000
0.989643 0.000000
0.989743 0.000000
0.989842 0.000000
0.989941 0.000000
0.990041 0.000000
0.990140 0.000000
0.990240 0.000000
0.990339 0.000000
0.990438 0.000000
0.990538 0.000000
0.990637 0.000000
0.990737 0.000000
0.990836 0.000000
0.990935 0.000000
0.991035 0.000000
0.991134 0.000000
0.991234 0.000000
0.991333 0.000000
0.991432 0.000000
0.991532 0.000000
0.991631 0.000000
0.991731 0.000000
0.991830 0.000000
0.991929 0.000000
0.992029 0.000000
0.992128 0.000000
0.992228 0.000000
0.992327 0.000000
0.992426 0.000000
0.992526 0.000000
0.992625 0.000000
0.992725 0.000000
0.992824 0.000000
0.992923 0.000000
0.993023 0.000000
0.993122 0.000000
0.993222 0.000000
0.993321 0.000000
0.993420 0.000000
0.993520 0.000000
0.993619 0.000000
0.993719 0.000000
0.993818 0.000000
0.993917 0.000000
0.994017 0.000000
0.994116 0.000000
0.994216 0.000000
