# Threshold Efficiency
0.021985 0.992647
0.022077 0.992647
0.022168 0.992647
0.022260 0.992647
0.022351 0.992647
0.022443 0.992647
0.022535 0.985294
0.022626 0.985294
0.022718 0.985294
0.022809 0.985294
0.022901 0.985294
0.022993 0.985294
0.023084 0.985294
0.023176 0.985294
0.023267 0.985294
0.023359 0.985294
0.023450 0.977941
0.023542 0.977941
0.023634 0.977941
0.023725 0.970588
0.023817 0.970588
0.023908 0.970588
0.024000 0.970588
0.024092 0.970588
0.024183 0.970588
0.024275 0.970588
0.024366 0.963235
0.024458 0.963235
0.024550 0.963235
0.024641 0.963235
0.024733 0.963235
0.024824 0.963235
0.024916 0.963235
0.025007 0.963235
0.025099 0.963235
0.025191 0.963235
0.025282 0.963235
0.025374 0.963235
0.025465 0.963235
0.025557 0.963235
0.025649 0.963235
0.025740 0.963235
0.025832 0.963235
0.025923 0.963235
0.026015 0.963235
0.026106 0.963235
0.026198 0.963235
0.026290 0.963235
0.026381 0.963235
0.026473 0.963235
0.026564 0.963235
0.026656 0.963235
0.026748 0.963235
0.026839 0.963235
0.026931 0.963235
0.027022 0.963235
0.027114 0.963235
0.027205 0.963235
0.027297 0.963235
0.027389 0.963235
0.027480 0.963235
0.027572 0.963235
0.027663 0.963235
0.027755 0.963235
0.027847 0.963235
0.027938 0.963235
0.028030 0.963235
0.028121 0.963235
0.028213 0.963235
0.028304 0.963235
0.028396 0.963235
0.028488 0.963235
0.028579 0.963235
0.028671 0.963235
0.028762 0.963235
0.028854 0.963235
0.028946 0.963235
0.029037 0.963235
0.029129 0.963235
0.029220 0.963235
0.029312 0.963235
0.029403 0.963235
0.029495 0.963235
0.029587 0.963235
0.029678 0.963235
0.029770 0.963235
0.029861 0.963235
0.029953 0.963235
0.030045 0.963235
0.030136 0.963235
0.030228 0.963235
0.030319 0.963235
0.030411 0.963235
0.030502 0.963235
0.030594 0.963235
0.030686 0.963235
0.030777 0.963235
0.030869 0.963235
0.030960 0.963235
0.031052 0.963235
0.031144 0.963235
0.031235 0.963235
0.031327 0.963235
0.031418 0.963235
0.031510 0.963235
0.031601 0.963235
0.031693 0.955882
0.031785 0.955882
0.031876 0.955882
0.031968 0.955882
0.032059 0.955882
0.032151 0.955882
0.032243 0.955882
0.032334 0.955882
0.032426 0.955882
0.032517 0.955882
0.032609 0.955882
0.032700 0.955882
0.032792 0.955882
0.032884 0.955882
0.032975 0.955882
0.033067 0.955882
0.033158 0.955882
0.033250 0.955882
0.033342 0.955882
0.033433 0.955882
0.033525 0.955882
0.033616 0.955882
0.033708 0.955882
0.033799 0.955882
0.033891 0.955882
0.033983 0.955882
0.034074 0.955882
0.034166 0.955882
0.034257 0.955882
0.034349 0.955882
0.034441 0.955882
0.034532 0.955882
0.034624 0.955882
0.034715 0.955882
0.034807 0.955882
0.034898 0.955882
0.034990 0.955882
0.035082 0.955882
0.035173 0.955882
0.035265 0.955882
0.035356 0.955882
0.035448 0.948529
0.035540 0.948529
0.035631 0.948529
0.035723 0.948529
0.035814 0.948529
0.035906 0.948529
0.035998 0.948529
0.036089 0.948529
0.036181 0.948529
0.036272 0.941176
0.036364 0.941176
0.036455 0.941176
0.036547 0.941176
0.036639 0.941176
0.036730 0.941176
0.036822 0.941176
0.036913 0.941176
0.037005 0.933824
0.037097 0.933824
0.037188 0.933824
0.037280 0.933824
0.037371 0.933824
0.037463 0.933824
0.037554 0.933824
0.037646 0.933824
0.037738 0.933824
0.037829 0.933824
0.037921 0.933824
0.038012 0.933824
0.038104 0.933824
0.038196 0.933824
0.038287 0.933824
0.038379 0.926471
0.038470 0.926471
0.038562 0.926471
0.038653 0.926471
0.038745 0.926471
0.038837 0.926471
0.038928 0.926471
0.039020 0.926471
0.039111 0.919118
0.039203 0.919118
0.039295 0.919118
0.039386 0.911765
0.039478 0.911765
0.039569 0.911765
0.039661 0.911765
0.039752 0.911765
0.039844 0.911765
0.039936 0.911765
0.040027 0.911765
0.040119 0.911765
0.040210 0.911765
0.040302 0.911765
0.040394 0.911765
0.040485 0.911765
0.040577 0.911765
0.040668 0.911765
0.040760 0.911765
0.040851 0.911765
0.040943 0.911765
0.041035 0.911765
0.041126 0.911765
0.041218 0.911765
0.041309 0.911765
0.041401 0.911765
0.041493 0.904412
0.041584 0.904412
0.041676 0.904412
0.041767 0.904412
0.041859 0.904412
0.041950 0.904412
0.042042 0.904412
0.042134 0.904412
0.042225 0.904412
0.042317 0.904412
0.042408 0.904412
0.042500 0.904412
0.042592 0.904412
0.042683 0.904412
0.042775 0.904412
0.042866 0.904412
0.042958 0.904412
0.043049 0.904412
0.043141 0.904412
0.043233 0.904412
0.043324 0.904412
0.043416 0.904412
0.043507 0.904412
0.043599 0.904412
0.043691 0.904412
0.043782 0.904412
0.043874 0.904412
0.043965 0.904412
0.044057 0.904412
0.044148 0.897059
0.044240 0.897059
0.044332 0.897059
0.044423 0.897059
0.044515 0.897059
0.044606 0.897059
0.044698 0.889706
0.044790 0.889706
0.044881 0.889706
0.044973 0.889706
0.045064 0.889706
0.045156 0.889706
0.045247 0.889706
0.045339 0.889706
0.045431 0.889706
0.045522 0.889706
0.045614 0.889706
0.045705 0.889706
0.045797 0.889706
0.045889 0.889706
0.045980 0.889706
0.046072 0.889706
0.046163 0.889706
0.046255 0.889706
0.046347 0.889706
0.046438 0.882353
0.046530 0.882353
0.046621 0.882353
0.046713 0.882353
0.046804 0.882353
0.046896 0.882353
0.046988 0.882353
0.047079 0.882353
0.047171 0.882353
0.047262 0.882353
0.047354 0.882353
0.047446 0.882353
0.047537 0.882353
0.047629 0.882353
0.047720 0.882353
0.047812 0.882353
0.047903 0.882353
0.047995 0.882353
0.048087 0.882353
0.048178 0.882353
0.048270 0.882353
0.048361 0.882353
0.048453 0.882353
0.048545 0.882353
0.048636 0.882353
0.048728 0.875000
0.048819 0.875000
0.048911 0.875000
0.049002 0.875000
0.049094 0.875000
0.049186 0.875000
0.049277 0.875000
0.049369 0.875000
0.049460 0.875000
0.049552 0.875000
0.049644 0.875000
0.049735 0.875000
0.049827 0.875000
0.049918 0.875000
0.050010 0.875000
0.050101 0.875000
0.050193 0.875000
0.050285 0.875000
0.050376 0.875000
0.050468 0.875000
0.050559 0.875000
0.050651 0.875000
0.050743 0.875000
0.050834 0.875000
0.050926 0.867647
0.051017 0.867647
0.051109 0.867647
0.051200 0.867647
0.051292 0.867647
0.051384 0.867647
0.051475 0.867647
0.051567 0.867647
0.051658 0.867647
0.051750 0.867647
0.051842 0.867647
0.051933 0.867647
0.052025 0.867647
0.052116 0.867647
0.052208 0.867647
0.052299 0.867647
0.052391 0.867647
0.052483 0.867647
0.052574 0.867647
0.052666 0.867647
0.052757 0.867647
0.052849 0.867647
0.052941 0.867647
0.053032 0.867647
0.053124 0.867647
0.053215 0.867647
0.053307 0.867647
0.053398 0.867647
0.053490 0.867647
0.053582 0.867647
0.053673 0.867647
0.053765 0.867647
0.053856 0.867647
0.053948 0.867647
0.054040 0.867647
0.054131 0.867647
0.054223 0.867647
0.054314 0.867647
0.054406 0.860294
0.054497 0.860294
0.054589 0.860294
0.054681 0.860294
0.054772 0.860294
0.054864 0.860294
0.054955 0.860294
0.055047 0.860294
0.055139 0.852941
0.055230 0.852941
0.055322 0.852941
0.055413 0.852941
0.055505 0.852941
0.055596 0.852941
0.055688 0.852941
0.055780 0.852941
0.055871 0.852941
0.055963 0.852941
0.056054 0.852941
0.056146 0.852941
0.056238 0.852941
0.056329 0.852941
0.056421 0.852941
0.056512 0.852941
0.056604 0.845588
0.056695 0.845588
0.056787 0.845588
0.056879 0.845588
0.056970 0.845588
0.057062 0.845588
0.057153 0.845588
0.057245 0.845588
0.057337 0.845588
0.057428 0.838235
0.057520 0.838235
0.057611 0.838235
0.057703 0.838235
0.057795 0.838235
0.057886 0.838235
0.057978 0.838235
0.058069 0.838235
0.058161 0.838235
0.058252 0.838235
0.058344 0.838235
0.058436 0.838235
0.058527 0.838235
0.058619 0.838235
0.058710 0.838235
0.058802 0.838235
0.058894 0.838235
0.058985 0.838235
0.059077 0.838235
0.059168 0.838235
0.059260 0.838235
0.059351 0.838235
0.059443 0.838235
0.059535 0.838235
0.059626 0.838235
0.059718 0.838235
0.059809 0.838235
0.059901 0.838235
0.059993 0.838235
0.060084 0.838235
0.060176 0.838235
0.060267 0.838235
0.060359 0.838235
0.060450 0.838235
0.060542 0.838235
0.060634 0.830882
0.060725 0.830882
0.060817 0.830882
0.060908 0.830882
0.061000 0.830882
0.061092 0.830882
0.061183 0.830882
0.061275 0.830882
0.061366 0.830882
0.061458 0.830882
0.061549 0.830882
0.061641 0.830882
0.061733 0.830882
0.061824 0.830882
0.061916 0.830882
0.062007 0.830882
0.062099 0.830882
0.062191 0.830882
0.062282 0.830882
0.062374 0.830882
0.062465 0.830882
0.062557 0.830882
0.062648 0.830882
0.062740 0.830882
0.062832 0.830882
0.062923 0.830882
0.063015 0.830882
0.063106 0.830882
0.063198 0.830882
0.063290 0.830882
0.063381 0.830882
0.063473 0.830882
0.063564 0.830882
0.063656 0.830882
0.063747 0.830882
0.063839 0.830882
0.063931 0.830882
0.064022 0.830882
0.064114 0.830882
0.064205 0.830882
0.064297 0.830882
0.064389 0.830882
0.064480 0.830882
0.064572 0.830882
0.064663 0.830882
0.064755 0.830882
0.064846 0.830882
0.064938 0.830882
0.065030 0.830882
0.065121 0.830882
0.065213 0.830882
0.065304 0.830882
0.065396 0.830882
0.065488 0.830882
0.065579 0.830882
0.065671 0.830882
0.065762 0.830882
0.065854 0.830882
0.065945 0.830882
0.066037 0.830882
0.066129 0.830882
0.066220 0.830882
0.066312 0.830882
0.066403 0.830882
0.066495 0.830882
0.066587 0.830882
0.066678 0.830882
0.066770 0.830882
0.066861 0.830882
0.066953 0.830882
0.067044 0.830882
0.067136 0.830882
0.067228 0.830882
0.067319 0.830882
0.067411 0.830882
0.067502 0.830882
0.067594 0.830882
0.067686 0.830882
0.067777 0.830882
0.067869 0.830882
0.067960 0.823529
0.068052 0.823529
0.068143 0.823529
0.068235 0.823529
0.068327 0.823529
0.068418 0.823529
0.068510 0.823529
0.068601 0.823529
0.068693 0.823529
0.068785 0.823529
0.068876 0.823529
0.068968 0.823529
0.069059 0.823529
0.069151 0.823529
0.069243 0.823529
0.069334 0.823529
0.069426 0.823529
0.069517 0.823529
0.069609 0.823529
0.069700 0.823529
0.069792 0.823529
0.069884 0.823529
0.069975 0.823529
0.070067 0.823529
0.070158 0.823529
0.070250 0.823529
0.070342 0.823529
0.070433 0.823529
0.070525 0.823529
0.070616 0.823529
0.070708 0.823529
0.070799 0.823529
0.070891 0.823529
0.070983 0.823529
0.071074 0.823529
0.071166 0.823529
0.071257 0.823529
0.071349 0.823529
0.071441 0.823529
0.071532 0.823529
0.071624 0.823529
0.071715 0.823529
0.071807 0.823529
0.071898 0.808824
0.071990 0.808824
0.072082 0.808824
0.072173 0.808824
0.072265 0.808824
0.072356 0.801471
0.072448 0.801471
0.072540 0.794118
0.072631 0.794118
0.072723 0.794118
0.072814 0.794118
0.072906 0.794118
0.072997 0.794118
0.073089 0.794118
0.073181 0.794118
0.073272 0.794118
0.073364 0.794118
0.073455 0.794118
0.073547 0.794118
0.073639 0.794118
0.073730 0.794118
0.073822 0.794118
0.073913 0.794118
0.074005 0.794118
0.074096 0.794118
0.074188 0.794118
0.074280 0.794118
0.074371 0.794118
0.074463 0.794118
0.074554 0.794118
0.074646 0.794118
0.074738 0.794118
0.074829 0.794118
0.074921 0.794118
0.075012 0.794118
0.075104 0.794118
0.075195 0.794118
0.075287 0.794118
0.075379 0.794118
0.075470 0.794118
0.075562 0.794118
0.075653 0.794118
0.075745 0.794118
0.075837 0.794118
0.075928 0.794118
0.076020 0.794118
0.076111 0.794118
0.076203 0.794118
0.076294 0.794118
0.076386 0.794118
0.076478 0.794118
0.076569 0.794118
0.076661 0.794118
0.076752 0.794118
0.076844 0.786765
0.076936 0.786765
0.077027 0.786765
0.077119 0.786765
0.077210 0.786765
0.077302 0.786765
0.077393 0.786765
0.077485 0.786765
0.077577 0.786765
0.077668 0.786765
0.077760 0.786765
0.077851 0.786765
0.077943 0.786765
0.078035 0.786765
0.078126 0.786765
0.078218 0.786765
0.078309 0.786765
0.078401 0.786765
0.078492 0.786765
0.078584 0.786765
0.078676 0.786765
0.078767 0.786765
0.078859 0.786765
0.078950 0.786765
0.079042 0.779412
0.079134 0.779412
0.079225 0.772059
0.079317 0.772059
0.079408 0.772059
0.079500 0.772059
0.079592 0.772059
0.079683 0.772059
0.079775 0.772059
0.079866 0.764706
0.079958 0.764706
0.080049 0.764706
0.080141 0.764706
0.080233 0.764706
0.080324 0.764706
0.080416 0.764706
0.080507 0.757353
0.080599 0.757353
0.080691 0.757353
0.080782 0.757353
0.080874 0.757353
0.080965 0.757353
0.081057 0.757353
0.081148 0.757353
0.081240 0.757353
0.081332 0.757353
0.081423 0.750000
0.081515 0.750000
0.081606 0.750000
0.081698 0.750000
0.081790 0.750000
0.081881 0.750000
0.081973 0.750000
0.082064 0.750000
0.082156 0.750000
0.082247 0.750000
0.082339 0.750000
0.082431 0.750000
0.082522 0.750000
0.082614 0.750000
0.082705 0.750000
0.082797 0.750000
0.082889 0.750000
0.082980 0.750000
0.083072 0.750000
0.083163 0.750000
0.083255 0.750000
0.083346 0.750000
0.083438 0.750000
0.083530 0.750000
0.083621 0.750000
0.083713 0.750000
0.083804 0.750000
0.083896 0.750000
0.083988 0.750000
0.084079 0.750000
0.084171 0.750000
0.084262 0.750000
0.084354 0.750000
0.084445 0.750000
0.084537 0.750000
0.084629 0.750000
0.084720 0.750000
0.084812 0.750000
0.084903 0.750000
0.084995 0.750000
0.085087 0.750000
0.085178 0.750000
0.085270 0.750000
0.085361 0.750000
0.085453 0.750000
0.085544 0.750000
0.085636 0.750000
0.085728 0.750000
0.085819 0.750000
0.085911 0.750000
0.086002 0.750000
0.086094 0.750000
0.086186 0.750000
0.086277 0.750000
0.086369 0.750000
0.086460 0.750000
0.086552 0.750000
0.086643 0.750000
0.086735 0.750000
0.086827 0.750000
0.086918 0.750000
0.087010 0.750000
0.087101 0.750000
0.087193 0.750000
0.087285 0.750000
0.087376 0.750000
0.087468 0.750000
0.087559 0.750000
0.087651 0.742647
0.087742 0.742647
0.087834 0.742647
0.087926 0.742647
0.088017 0.742647
0.088109 0.742647
0.088200 0.742647
0.088292 0.742647
0.088384 0.742647
0.088475 0.742647
0.088567 0.735294
0.088658 0.735294
0.088750 0.735294
0.088841 0.735294
0.088933 0.727941
0.089025 0.727941
0.089116 0.727941
0.089208 0.727941
0.089299 0.727941
0.089391 0.727941
0.089483 0.727941
0.089574 0.727941
0.089666 0.727941
0.089757 0.727941
0.089849 0.727941
0.089940 0.727941
0.090032 0.727941
0.090124 0.727941
0.090215 0.727941
0.090307 0.727941
0.090398 0.727941
0.090490 0.727941
0.090582 0.727941
0.090673 0.727941
0.090765 0.727941
0.090856 0.727941
0.090948 0.727941
0.091040 0.727941
0.091131 0.727941
0.091223 0.727941
0.091314 0.727941
0.091406 0.727941
0.091497 0.727941
0.091589 0.727941
0.091681 0.727941
0.091772 0.727941
0.091864 0.727941
0.091955 0.727941
0.092047 0.727941
0.092139 0.727941
0.092230 0.727941
0.092322 0.727941
0.092413 0.727941
0.092505 0.727941
0.092596 0.727941
0.092688 0.727941
0.092780 0.727941
0.092871 0.727941
0.092963 0.727941
0.093054 0.727941
0.093146 0.727941
0.093238 0.727941
0.093329 0.727941
0.093421 0.727941
0.093512 0.727941
0.093604 0.727941
0.093695 0.727941
0.093787 0.727941
0.093879 0.727941
0.093970 0.727941
0.094062 0.727941
0.094153 0.727941
0.094245 0.727941
0.094337 0.727941
0.094428 0.727941
0.094520 0.727941
0.094611 0.727941
0.094703 0.727941
0.094794 0.727941
0.094886 0.727941
0.094978 0.727941
0.095069 0.727941
0.095161 0.727941
0.095252 0.727941
0.095344 0.727941
0.095436 0.727941
0.095527 0.727941
0.095619 0.727941
0.095710 0.727941
0.095802 0.727941
0.095893 0.727941
0.095985 0.727941
0.096077 0.727941
0.096168 0.727941
0.096260 0.727941
0.096351 0.727941
0.096443 0.727941
0.096535 0.727941
0.096626 0.727941
0.096718 0.727941
0.096809 0.727941
0.096901 0.727941
0.096992 0.727941
0.097084 0.727941
0.097176 0.727941
0.097267 0.727941
0.097359 0.727941
0.097450 0.727941
0.097542 0.727941
0.097634 0.727941
0.097725 0.727941
0.097817 0.727941
0.097908 0.727941
0.098000 0.727941
0.098091 0.727941
0.098183 0.727941
0.098275 0.727941
0.098366 0.727941
0.098458 0.727941
0.098549 0.727941
0.098641 0.727941
0.098733 0.727941
0.098824 0.727941
0.098916 0.727941
0.099007 0.727941
0.099099 0.727941
0.099190 0.727941
0.099282 0.727941
0.099374 0.727941
0.099465 0.727941
0.099557 0.727941
0.099648 0.727941
0.099740 0.727941
0.099832 0.727941
0.099923 0.727941
0.100015 0.720588
0.100106 0.720588
0.100198 0.720588
0.100289 0.720588
0.100381 0.720588
0.100473 0.720588
0.100564 0.720588
0.100656 0.720588
0.100747 0.720588
0.100839 0.720588
0.100931 0.720588
0.101022 0.720588
0.101114 0.720588
0.101205 0.713235
0.101297 0.713235
0.101388 0.713235
0.101480 0.705882
0.101572 0.705882
0.101663 0.705882
0.101755 0.705882
0.101846 0.705882
0.101938 0.705882
0.102030 0.705882
0.102121 0.705882
0.102213 0.705882
0.102304 0.705882
0.102396 0.705882
0.102488 0.705882
0.102579 0.705882
0.102671 0.705882
0.102762 0.698529
0.102854 0.698529
0.102945 0.698529
0.103037 0.698529
0.103129 0.698529
0.103220 0.698529
0.103312 0.698529
0.103403 0.698529
0.103495 0.698529
0.103587 0.698529
0.103678 0.698529
0.103770 0.698529
0.103861 0.691176
0.103953 0.691176
0.104044 0.691176
0.104136 0.691176
0.104228 0.683824
0.104319 0.683824
0.104411 0.683824
0.104502 0.683824
0.104594 0.683824
0.104686 0.683824
0.104777 0.683824
0.104869 0.683824
0.104960 0.683824
0.105052 0.683824
0.105143 0.683824
0.105235 0.683824
0.105327 0.683824
0.105418 0.683824
0.105510 0.683824
0.105601 0.683824
0.105693 0.683824
0.105785 0.683824
0.105876 0.683824
0.105968 0.683824
0.106059 0.683824
0.106151 0.683824
0.106242 0.683824
0.106334 0.683824
0.106426 0.683824
0.106517 0.683824
0.106609 0.683824
0.106700 0.683824
0.106792 0.683824
0.106884 0.683824
0.106975 0.683824
0.107067 0.683824
0.107158 0.683824
0.107250 0.683824
0.107341 0.683824
0.107433 0.683824
0.107525 0.683824
0.107616 0.683824
0.107708 0.683824
0.107799 0.683824
0.107891 0.683824
0.107983 0.683824
0.108074 0.683824
0.108166 0.683824
0.108257 0.683824
0.108349 0.683824
0.108440 0.683824
0.108532 0.683824
0.108624 0.683824
0.108715 0.683824
0.108807 0.683824
0.108898 0.676471
0.108990 0.676471
0.109082 0.676471
0.109173 0.676471
0.109265 0.676471
0.109356 0.676471
0.109448 0.676471
0.109539 0.676471
0.109631 0.676471
0.109723 0.676471
0.109814 0.676471
0.109906 0.676471
0.109997 0.676471
0.110089 0.676471
0.110181 0.676471
0.110272 0.676471
0.110364 0.676471
0.110455 0.676471
0.110547 0.676471
0.110638 0.676471
0.110730 0.676471
0.110822 0.676471
0.110913 0.676471
0.111005 0.676471
0.111096 0.676471
0.111188 0.676471
0.111280 0.676471
0.111371 0.676471
0.111463 0.676471
0.111554 0.676471
0.111646 0.676471
0.111737 0.676471
0.111829 0.676471
0.111921 0.676471
0.112012 0.676471
0.112104 0.676471
0.112195 0.676471
0.112287 0.676471
0.112379 0.676471
0.112470 0.676471
0.112562 0.676471
0.112653 0.676471
0.112745 0.676471
0.112837 0.669118
0.112928 0.669118
0.113020 0.669118
0.113111 0.669118
0.113203 0.669118
0.113294 0.669118
0.113386 0.669118
0.113478 0.669118
0.113569 0.669118
0.113661 0.669118
0.113752 0.669118
0.113844 0.669118
0.113936 0.669118
0.114027 0.669118
0.114119 0.669118
0.114210 0.669118
0.114302 0.669118
0.114393 0.669118
0.114485 0.669118
0.114577 0.669118
0.114668 0.669118
0.114760 0.669118
0.114851 0.669118
0.114943 0.669118
0.115035 0.669118
0.115126 0.669118
0.115218 0.669118
0.115309 0.669118
0.115401 0.669118
0.115492 0.669118
0.115584 0.669118
0.115676 0.669118
0.115767 0.669118
0.115859 0.669118
0.115950 0.669118
0.116042 0.669118
0.116134 0.669118
0.116225 0.669118
0.116317 0.669118
0.116408 0.669118
0.116500 0.669118
0.116591 0.669118
0.116683 0.669118
0.116775 0.669118
0.116866 0.669118
0.116958 0.669118
0.117049 0.669118
0.117141 0.669118
0.117233 0.669118
0.117324 0.669118
0.117416 0.669118
0.117507 0.669118
0.117599 0.669118
0.117690 0.669118
0.117782 0.669118
0.117874 0.661765
0.117965 0.661765
0.118057 0.661765
0.118148 0.661765
0.118240 0.661765
0.118332 0.661765
0.118423 0.661765
0.118515 0.661765
0.118606 0.661765
0.118698 0.661765
0.118789 0.661765
0.118881 0.661765
0.118973 0.661765
0.119064 0.661765
0.119156 0.661765
0.119247 0.661765
0.119339 0.661765
0.119431 0.661765
0.119522 0.661765
0.119614 0.661765
0.119705 0.661765
0.119797 0.661765
0.119888 0.661765
0.119980 0.661765
0.120072 0.661765
0.120163 0.661765
0.120255 0.661765
0.120346 0.661765
0.120438 0.661765
0.120530 0.661765
0.120621 0.661765
0.120713 0.654412
0.120804 0.654412
0.120896 0.654412
0.120987 0.654412
0.121079 0.654412
0.121171 0.654412
0.121262 0.654412
0.121354 0.654412
0.121445 0.654412
0.121537 0.654412
0.121629 0.654412
0.121720 0.654412
0.121812 0.654412
0.121903 0.654412
0.121995 0.654412
0.122086 0.654412
0.122178 0.654412
0.122270 0.654412
0.122361 0.654412
0.122453 0.654412
0.122544 0.647059
0.122636 0.647059
0.122728 0.647059
0.122819 0.647059
0.122911 0.647059
0.123002 0.647059
0.123094 0.647059
0.123185 0.647059
0.123277 0.647059
0.123369 0.647059
0.123460 0.647059
0.123552 0.647059
0.123643 0.647059
0.123735 0.647059
0.123827 0.647059
0.123918 0.647059
0.124010 0.647059
0.124101 0.647059
0.124193 0.647059
0.124285 0.647059
0.124376 0.647059
0.124468 0.647059
0.124559 0.647059
0.124651 0.647059
0.124742 0.647059
0.124834 0.647059
0.124926 0.647059
0.125017 0.647059
0.125109 0.647059
0.125200 0.647059
0.125292 0.647059
0.125384 0.647059
0.125475 0.647059
0.125567 0.647059
0.125658 0.647059
0.125750 0.647059
0.125841 0.647059
0.125933 0.647059
0.126025 0.647059
0.126116 0.639706
0.126208 0.639706
0.126299 0.639706
0.126391 0.639706
0.126483 0.639706
0.126574 0.639706
0.126666 0.639706
0.126757 0.639706
0.126849 0.639706
0.126940 0.639706
0.127032 0.639706
0.127124 0.639706
0.127215 0.639706
0.127307 0.639706
0.127398 0.639706
0.127490 0.639706
0.127582 0.639706
0.127673 0.639706
0.127765 0.639706
0.127856 0.639706
0.127948 0.639706
0.128039 0.639706
0.128131 0.639706
0.128223 0.639706
0.128314 0.639706
0.128406 0.639706
0.128497 0.639706
0.128589 0.639706
0.128681 0.639706
0.128772 0.639706
0.128864 0.639706
0.128955 0.639706
0.129047 0.639706
0.129138 0.639706
0.129230 0.639706
0.129322 0.639706
0.129413 0.639706
0.129505 0.639706
0.129596 0.639706
0.129688 0.639706
0.129780 0.639706
0.129871 0.639706
0.129963 0.639706
0.130054 0.639706
0.130146 0.639706
0.130237 0.639706
0.130329 0.639706
0.130421 0.639706
0.130512 0.639706
0.130604 0.639706
0.130695 0.639706
0.130787 0.639706
0.130879 0.639706
0.130970 0.639706
0.131062 0.639706
0.131153 0.639706
0.131245 0.639706
0.131336 0.639706
0.131428 0.639706
0.131520 0.639706
0.131611 0.639706
0.131703 0.639706
0.131794 0.639706
0.131886 0.639706
0.131978 0.639706
0.132069 0.639706
0.132161 0.639706
0.132252 0.639706
0.132344 0.639706
0.132435 0.639706
0.132527 0.639706
0.132619 0.639706
0.132710 0.639706
0.132802 0.639706
0.132893 0.639706
0.132985 0.639706
0.133077 0.639706
0.133168 0.639706
0.133260 0.639706
0.133351 0.639706
0.133443 0.639706
0.133534 0.639706
0.133626 0.639706
0.133718 0.639706
0.133809 0.639706
0.133901 0.639706
0.133992 0.639706
0.134084 0.639706
0.134176 0.639706
0.134267 0.639706
0.134359 0.639706
0.134450 0.639706
0.134542 0.639706
0.134633 0.632353
0.134725 0.625000
0.134817 0.625000
0.134908 0.625000
0.135000 0.625000
0.135091 0.625000
0.135183 0.625000
0.135275 0.625000
0.135366 0.625000
0.135458 0.625000
0.135549 0.625000
0.135641 0.617647
0.135733 0.617647
0.135824 0.617647
0.135916 0.617647
0.136007 0.617647
0.136099 0.617647
0.136190 0.617647
0.136282 0.617647
0.136374 0.617647
0.136465 0.617647
0.136557 0.617647
0.136648 0.617647
0.136740 0.617647
0.136832 0.617647
0.136923 0.617647
0.137015 0.617647
0.137106 0.617647
0.137198 0.617647
0.137289 0.617647
0.137381 0.617647
0.137473 0.617647
0.137564 0.617647
0.137656 0.617647
0.137747 0.617647
0.137839 0.617647
0.137931 0.617647
0.138022 0.617647
0.138114 0.617647
0.138205 0.617647
0.138297 0.617647
0.138388 0.617647
0.138480 0.617647
0.138572 0.617647
0.138663 0.617647
0.138755 0.617647
0.138846 0.617647
0.138938 0.617647
0.139030 0.617647
0.139121 0.617647
0.139213 0.617647
0.139304 0.617647
0.139396 0.617647
0.139487 0.617647
0.139579 0.617647
0.139671 0.617647
0.139762 0.617647
0.139854 0.617647
0.139945 0.617647
0.140037 0.617647
0.140129 0.617647
0.140220 0.617647
0.140312 0.617647
0.140403 0.617647
0.140495 0.617647
0.140586 0.617647
0.140678 0.617647
0.140770 0.617647
0.140861 0.617647
0.140953 0.617647
0.141044 0.617647
0.141136 0.617647
0.141228 0.617647
0.141319 0.617647
0.141411 0.617647
0.141502 0.617647
0.141594 0.617647
0.141685 0.617647
0.141777 0.617647
0.141869 0.617647
0.141960 0.617647
0.142052 0.617647
0.142143 0.617647
0.142235 0.617647
0.142327 0.617647
0.142418 0.617647
0.142510 0.617647
0.142601 0.617647
0.142693 0.617647
0.142784 0.617647
0.142876 0.617647
0.142968 0.617647
0.143059 0.617647
0.143151 0.617647
0.143242 0.617647
0.143334 0.617647
0.143426 0.610294
0.143517 0.610294
0.143609 0.610294
0.143700 0.610294
0.143792 0.610294
0.143883 0.610294
0.143975 0.610294
0.144067 0.610294
0.144158 0.610294
0.144250 0.610294
0.144341 0.610294
0.144433 0.610294
0.144525 0.610294
0.144616 0.610294
0.144708 0.610294
0.144799 0.610294
0.144891 0.610294
0.144982 0.610294
0.145074 0.610294
0.145166 0.610294
0.145257 0.610294
0.145349 0.610294
0.145440 0.610294
0.145532 0.610294
0.145624 0.610294
0.145715 0.610294
0.145807 0.602941
0.145898 0.602941
0.145990 0.602941
0.146081 0.602941
0.146173 0.602941
0.146265 0.602941
0.146356 0.602941
0.146448 0.602941
0.146539 0.602941
0.146631 0.602941
0.146723 0.602941
0.146814 0.602941
0.146906 0.595588
0.146997 0.595588
0.147089 0.595588
0.147181 0.595588
0.147272 0.595588
0.147364 0.595588
0.147455 0.595588
0.147547 0.595588
0.147638 0.595588
0.147730 0.595588
0.147822 0.595588
0.147913 0.595588
0.148005 0.595588
0.148096 0.595588
0.148188 0.595588
0.148280 0.595588
0.148371 0.595588
0.148463 0.595588
0.148554 0.595588
0.148646 0.595588
0.148737 0.595588
0.148829 0.595588
0.148921 0.588235
0.149012 0.588235
0.149104 0.588235
0.149195 0.588235
0.149287 0.588235
0.149379 0.588235
0.149470 0.588235
0.149562 0.588235
0.149653 0.588235
0.149745 0.573529
0.149836 0.573529
0.149928 0.573529
0.150020 0.573529
0.150111 0.573529
0.150203 0.573529
0.150294 0.573529
0.150386 0.573529
0.150478 0.566176
0.150569 0.566176
0.150661 0.566176
0.150752 0.566176
0.150844 0.566176
0.150935 0.566176
0.151027 0.566176
0.151119 0.566176
0.151210 0.566176
0.151302 0.566176
0.151393 0.558824
0.151485 0.558824
0.151577 0.558824
0.151668 0.558824
0.151760 0.558824
0.151851 0.558824
0.151943 0.558824
0.152034 0.558824
0.152126 0.558824
0.152218 0.558824
0.152309 0.558824
0.152401 0.558824
0.152492 0.558824
0.152584 0.558824
0.152676 0.558824
0.152767 0.558824
0.152859 0.558824
0.152950 0.558824
0.153042 0.558824
0.153133 0.558824
0.153225 0.558824
0.153317 0.558824
0.153408 0.558824
0.153500 0.558824
0.153591 0.558824
0.153683 0.558824
0.153775 0.558824
0.153866 0.558824
0.153958 0.558824
0.154049 0.558824
0.154141 0.558824
0.154232 0.558824
0.154324 0.558824
0.154416 0.558824
0.154507 0.558824
0.154599 0.558824
0.154690 0.558824
0.154782 0.558824
0.154874 0.558824
0.154965 0.558824
0.155057 0.558824
0.155148 0.558824
0.155240 0.558824
0.155331 0.558824
0.155423 0.558824
0.155515 0.558824
0.155606 0.558824
0.155698 0.558824
0.155789 0.558824
0.155881 0.558824
0.155973 0.558824
0.156064 0.558824
0.156156 0.558824
0.156247 0.558824
0.156339 0.558824
0.156430 0.558824
0.156522 0.558824
0.156614 0.558824
0.156705 0.558824
0.156797 0.558824
0.156888 0.558824
0.156980 0.558824
0.157072 0.558824
0.157163 0.558824
0.157255 0.558824
0.157346 0.558824
0.157438 0.558824
0.157530 0.558824
0.157621 0.551471
0.157713 0.551471
0.157804 0.551471
0.157896 0.551471
0.157987 0.551471
0.158079 0.551471
0.158171 0.551471
0.158262 0.551471
0.158354 0.544118
0.158445 0.544118
0.158537 0.544118
0.158629 0.544118
0.158720 0.544118
0.158812 0.544118
0.158903 0.544118
0.158995 0.544118
0.159086 0.544118
0.159178 0.544118
0.159270 0.544118
0.159361 0.544118
0.159453 0.544118
0.159544 0.544118
0.159636 0.544118
0.159728 0.544118
0.159819 0.544118
0.159911 0.544118
0.160002 0.544118
0.160094 0.544118
0.160185 0.544118
0.160277 0.544118
0.160369 0.544118
0.160460 0.544118
0.160552 0.544118
0.160643 0.544118
0.160735 0.544118
0.160827 0.544118
0.160918 0.544118
0.161010 0.544118
0.161101 0.544118
0.161193 0.544118
0.161284 0.544118
0.161376 0.544118
0.161468 0.544118
0.161559 0.544118
0.161651 0.544118
0.161742 0.544118
0.161834 0.544118
0.161926 0.544118
0.162017 0.544118
0.162109 0.544118
0.162200 0.544118
0.162292 0.544118
0.162383 0.544118
0.162475 0.544118
0.162567 0.544118
0.162658 0.544118
0.162750 0.544118
0.162841 0.544118
0.162933 0.544118
0.163025 0.544118
0.163116 0.544118
0.163208 0.544118
0.163299 0.544118
0.163391 0.544118
0.163482 0.544118
0.163574 0.544118
0.163666 0.544118
0.163757 0.544118
0.163849 0.544118
0.163940 0.544118
0.164032 0.544118
0.164124 0.544118
0.164215 0.544118
0.164307 0.544118
0.164398 0.544118
0.164490 0.544118
0.164581 0.544118
0.164673 0.544118
0.164765 0.544118
0.164856 0.544118
0.164948 0.544118
0.165039 0.544118
0.165131 0.544118
0.165223 0.544118
0.165314 0.544118
0.165406 0.544118
0.165497 0.544118
0.165589 0.544118
0.165680 0.544118
0.165772 0.544118
0.165864 0.544118
0.165955 0.544118
0.166047 0.536765
0.166138 0.536765
0.166230 0.536765
0.166322 0.536765
0.166413 0.536765
0.166505 0.536765
0.166596 0.536765
0.166688 0.536765
0.166779 0.536765
0.166871 0.536765
0.166963 0.536765
0.167054 0.536765
0.167146 0.536765
0.167237 0.536765
0.167329 0.536765
0.167421 0.536765
0.167512 0.536765
0.167604 0.536765
0.167695 0.536765
0.167787 0.536765
0.167878 0.529412
0.167970 0.529412
0.168062 0.529412
0.168153 0.529412
0.168245 0.529412
0.168336 0.529412
0.168428 0.529412
0.168520 0.529412
0.168611 0.529412
0.168703 0.529412
0.168794 0.529412
0.168886 0.529412
0.168978 0.529412
0.169069 0.529412
0.169161 0.529412
0.169252 0.529412
0.169344 0.529412
0.169435 0.529412
0.169527 0.529412
0.169619 0.529412
0.169710 0.529412
0.169802 0.529412
0.169893 0.529412
0.169985 0.529412
0.170077 0.529412
0.170168 0.529412
0.170260 0.529412
0.170351 0.529412
0.170443 0.522059
0.170534 0.522059
0.170626 0.522059
0.170718 0.522059
0.170809 0.522059
0.170901 0.522059
0.170992 0.522059
0.171084 0.522059
0.171176 0.522059
0.171267 0.522059
0.171359 0.522059
0.171450 0.522059
0.171542 0.522059
0.171633 0.522059
0.171725 0.522059
0.171817 0.522059
0.171908 0.522059
0.172000 0.522059
0.172091 0.522059
0.172183 0.522059
0.172275 0.522059
0.172366 0.522059
0.172458 0.522059
0.172549 0.522059
0.172641 0.522059
0.172732 0.522059
0.172824 0.522059
0.172916 0.522059
0.173007 0.522059
0.173099 0.522059
0.173190 0.522059
0.173282 0.522059
0.173374 0.522059
0.173465 0.514706
0.173557 0.514706
0.173648 0.514706
0.173740 0.514706
0.173831 0.514706
0.173923 0.514706
0.174015 0.514706
0.174106 0.514706
0.174198 0.514706
0.174289 0.514706
0.174381 0.514706
0.174473 0.514706
0.174564 0.514706
0.174656 0.514706
0.174747 0.514706
0.174839 0.514706
0.174930 0.514706
0.175022 0.514706
0.175114 0.514706
0.175205 0.514706
0.175297 0.514706
0.175388 0.514706
0.175480 0.514706
0.175572 0.514706
0.175663 0.514706
0.175755 0.514706
0.175846 0.514706
0.175938 0.514706
0.176029 0.514706
0.176121 0.514706
0.176213 0.514706
0.176304 0.514706
0.176396 0.514706
0.176487 0.514706
0.176579 0.514706
0.176671 0.514706
0.176762 0.514706
0.176854 0.514706
0.176945 0.514706
0.177037 0.514706
0.177128 0.514706
0.177220 0.514706
0.177312 0.514706
0.177403 0.514706
0.177495 0.507353
0.177586 0.507353
0.177678 0.507353
0.177770 0.507353
0.177861 0.507353
0.177953 0.507353
0.178044 0.507353
0.178136 0.507353
0.178227 0.507353
0.178319 0.507353
0.178411 0.507353
0.178502 0.507353
0.178594 0.507353
0.178685 0.507353
0.178777 0.507353
0.178869 0.507353
0.178960 0.507353
0.179052 0.507353
0.179143 0.507353
0.179235 0.507353
0.179326 0.507353
0.179418 0.507353
0.179510 0.507353
0.179601 0.507353
0.179693 0.507353
0.179784 0.507353
0.179876 0.507353
0.179968 0.507353
0.180059 0.507353
0.180151 0.507353
0.180242 0.507353
0.180334 0.507353
0.180426 0.507353
0.180517 0.507353
0.180609 0.507353
0.180700 0.507353
0.180792 0.507353
0.180883 0.507353
0.180975 0.507353
0.181067 0.507353
0.181158 0.507353
0.181250 0.507353
0.181341 0.507353
0.181433 0.507353
0.181525 0.507353
0.181616 0.507353
0.181708 0.507353
0.181799 0.507353
0.181891 0.507353
0.181982 0.507353
0.182074 0.507353
0.182166 0.507353
0.182257 0.507353
0.182349 0.507353
0.182440 0.507353
0.182532 0.507353
0.182624 0.507353
0.182715 0.507353
0.182807 0.507353
0.182898 0.507353
0.182990 0.500000
0.183081 0.492647
0.183173 0.492647
0.183265 0.492647
0.183356 0.492647
0.183448 0.492647
0.183539 0.492647
0.183631 0.492647
0.183723 0.492647
0.183814 0.492647
0.183906 0.492647
0.183997 0.492647
0.184089 0.492647
0.184180 0.492647
0.184272 0.492647
0.184364 0.492647
0.184455 0.492647
0.184547 0.492647
0.184638 0.492647
0.184730 0.492647
0.184822 0.492647
0.184913 0.492647
0.185005 0.492647
0.185096 0.492647
0.185188 0.492647
0.185279 0.492647
0.185371 0.492647
0.185463 0.492647
0.185554 0.492647
0.185646 0.492647
0.185737 0.492647
0.185829 0.492647
0.185921 0.492647
0.186012 0.492647
0.186104 0.492647
0.186195 0.492647
0.186287 0.492647
0.186378 0.492647
0.186470 0.492647
0.186562 0.492647
0.186653 0.492647
0.186745 0.492647
0.186836 0.492647
0.186928 0.492647
0.187020 0.492647
0.187111 0.492647
0.187203 0.492647
0.187294 0.492647
0.187386 0.492647
0.187477 0.492647
0.187569 0.492647
0.187661 0.492647
0.187752 0.492647
0.187844 0.492647
0.187935 0.492647
0.188027 0.492647
0.188119 0.492647
0.188210 0.492647
0.188302 0.492647
0.188393 0.492647
0.188485 0.492647
0.188576 0.492647
0.188668 0.492647
0.188760 0.492647
0.188851 0.492647
0.188943 0.492647
0.189034 0.492647
0.189126 0.492647
0.189218 0.492647
0.189309 0.492647
0.189401 0.492647
0.189492 0.492647
0.189584 0.492647
0.189675 0.492647
0.189767 0.492647
0.189859 0.492647
0.189950 0.492647
0.190042 0.485294
0.190133 0.485294
0.190225 0.485294
0.190317 0.485294
0.190408 0.485294
0.190500 0.485294
0.190591 0.485294
0.190683 0.485294
0.190775 0.485294
0.190866 0.485294
0.190958 0.485294
0.191049 0.485294
0.191141 0.485294
0.191232 0.485294
0.191324 0.485294
0.191416 0.485294
0.191507 0.485294
0.191599 0.485294
0.191690 0.485294
0.191782 0.485294
0.191874 0.485294
0.191965 0.485294
0.192057 0.485294
0.192148 0.485294
0.192240 0.485294
0.192331 0.485294
0.192423 0.485294
0.192515 0.485294
0.192606 0.485294
0.192698 0.485294
0.192789 0.485294
0.192881 0.485294
0.192973 0.485294
0.193064 0.485294
0.193156 0.485294
0.193247 0.485294
0.193339 0.485294
0.193430 0.485294
0.193522 0.485294
0.193614 0.485294
0.193705 0.485294
0.193797 0.485294
0.193888 0.485294
0.193980 0.485294
0.194072 0.485294
0.194163 0.485294
0.194255 0.485294
0.194346 0.485294
0.194438 0.485294
0.194529 0.485294
0.194621 0.485294
0.194713 0.485294
0.194804 0.485294
0.194896 0.485294
0.194987 0.485294
0.195079 0.485294
0.195171 0.485294
0.195262 0.485294
0.195354 0.485294
0.195445 0.485294
0.195537 0.485294
0.195628 0.485294
0.195720 0.485294
0.195812 0.485294
0.195903 0.485294
0.195995 0.485294
0.196086 0.485294
0.196178 0.485294
0.196270 0.485294
0.196361 0.485294
0.196453 0.485294
0.196544 0.485294
0.196636 0.485294
0.196727 0.485294
0.196819 0.485294
0.196911 0.485294
0.197002 0.485294
0.197094 0.485294
0.197185 0.485294
0.197277 0.485294
0.197369 0.485294
0.197460 0.485294
0.197552 0.485294
0.197643 0.485294
0.197735 0.485294
0.197826 0.485294
0.197918 0.485294
0.198010 0.485294
0.198101 0.485294
0.198193 0.485294
0.198284 0.485294
0.198376 0.485294
0.198468 0.485294
0.198559 0.485294
0.198651 0.485294
0.198742 0.485294
0.198834 0.485294
0.198925 0.485294
0.199017 0.485294
0.199109 0.485294
0.199200 0.485294
0.199292 0.485294
0.199383 0.485294
0.199475 0.485294
0.199567 0.485294
0.199658 0.485294
0.199750 0.485294
0.199841 0.485294
0.199933 0.485294
0.200024 0.485294
0.200116 0.485294
0.200208 0.485294
0.200299 0.485294
0.200391 0.485294
0.200482 0.485294
0.200574 0.485294
0.200666 0.485294
0.200757 0.485294
0.200849 0.485294
0.200940 0.477941
0.201032 0.477941
0.201123 0.477941
0.201215 0.477941
0.201307 0.477941
0.201398 0.477941
0.201490 0.477941
0.201581 0.477941
0.201673 0.470588
0.201765 0.470588
0.201856 0.470588
0.201948 0.470588
0.202039 0.470588
0.202131 0.470588
0.202223 0.470588
0.202314 0.470588
0.202406 0.470588
0.202497 0.470588
0.202589 0.470588
0.202680 0.470588
0.202772 0.470588
0.202864 0.470588
0.202955 0.470588
0.203047 0.470588
0.203138 0.470588
0.203230 0.455882
0.203322 0.455882
0.203413 0.455882
0.203505 0.455882
0.203596 0.455882
0.203688 0.455882
0.203779 0.455882
0.203871 0.455882
0.203963 0.455882
0.204054 0.455882
0.204146 0.455882
0.204237 0.455882
0.204329 0.455882
0.204421 0.455882
0.204512 0.455882
0.204604 0.455882
0.204695 0.455882
0.204787 0.455882
0.204878 0.455882
0.204970 0.455882
0.205062 0.455882
0.205153 0.455882
0.205245 0.455882
0.205336 0.455882
0.205428 0.455882
0.205520 0.455882
0.205611 0.455882
0.205703 0.455882
0.205794 0.455882
0.205886 0.455882
0.205977 0.455882
0.206069 0.455882
0.206161 0.455882
0.206252 0.455882
0.206344 0.455882
0.206435 0.455882
0.206527 0.455882
0.206619 0.455882
0.206710 0.455882
0.206802 0.455882
0.206893 0.455882
0.206985 0.455882
0.207076 0.455882
0.207168 0.455882
0.207260 0.455882
0.207351 0.455882
0.207443 0.455882
0.207534 0.455882
0.207626 0.455882
0.207718 0.455882
0.207809 0.455882
0.207901 0.455882
0.207992 0.448529
0.208084 0.448529
0.208175 0.448529
0.208267 0.448529
0.208359 0.448529
0.208450 0.448529
0.208542 0.448529
0.208633 0.448529
0.208725 0.448529
0.208817 0.448529
0.208908 0.448529
0.209000 0.448529
0.209091 0.448529
0.209183 0.448529
0.209274 0.448529
0.209366 0.448529
0.209458 0.448529
0.209549 0.448529
0.209641 0.448529
0.209732 0.448529
0.209824 0.448529
0.209916 0.448529
0.210007 0.448529
0.210099 0.448529
0.210190 0.448529
0.210282 0.448529
0.210373 0.448529
0.210465 0.448529
0.210557 0.448529
0.210648 0.448529
0.210740 0.448529
0.210831 0.448529
0.210923 0.448529
0.211015 0.448529
0.211106 0.448529
0.211198 0.448529
0.211289 0.441176
0.211381 0.441176
0.211472 0.441176
0.211564 0.441176
0.211656 0.441176
0.211747 0.441176
0.211839 0.441176
0.211930 0.441176
0.212022 0.441176
0.212114 0.441176
0.212205 0.441176
0.212297 0.441176
0.212388 0.441176
0.212480 0.441176
0.212571 0.441176
0.212663 0.441176
0.212755 0.441176
0.212846 0.441176
0.212938 0.441176
0.213029 0.441176
0.213121 0.441176
0.213213 0.441176
0.213304 0.441176
0.213396 0.441176
0.213487 0.441176
0.213579 0.441176
0.213671 0.441176
0.213762 0.441176
0.213854 0.441176
0.213945 0.441176
0.214037 0.441176
0.214128 0.441176
0.214220 0.441176
0.214312 0.441176
0.214403 0.441176
0.214495 0.441176
0.214586 0.441176
0.214678 0.441176
0.214770 0.441176
0.214861 0.441176
0.214953 0.441176
0.215044 0.441176
0.215136 0.441176
0.215227 0.441176
0.215319 0.441176
0.215411 0.441176
0.215502 0.441176
0.215594 0.441176
0.215685 0.441176
0.215777 0.441176
0.215869 0.441176
0.215960 0.441176
0.216052 0.441176
0.216143 0.441176
0.216235 0.441176
0.216326 0.441176
0.216418 0.441176
0.216510 0.441176
0.216601 0.441176
0.216693 0.441176
0.216784 0.441176
0.216876 0.441176
0.216968 0.441176
0.217059 0.441176
0.217151 0.441176
0.217242 0.441176
0.217334 0.441176
0.217425 0.441176
0.217517 0.441176
0.217609 0.441176
0.217700 0.441176
0.217792 0.441176
0.217883 0.441176
0.217975 0.441176
0.218067 0.433824
0.218158 0.433824
0.218250 0.433824
0.218341 0.433824
0.218433 0.433824
0.218524 0.426471
0.218616 0.426471
0.218708 0.426471
0.218799 0.426471
0.218891 0.426471
0.218982 0.426471
0.219074 0.426471
0.219166 0.426471
0.219257 0.426471
0.219349 0.426471
0.219440 0.426471
0.219532 0.426471
0.219623 0.426471
0.219715 0.426471
0.219807 0.426471
0.219898 0.426471
0.219990 0.426471
0.220081 0.426471
0.220173 0.426471
0.220265 0.426471
0.220356 0.426471
0.220448 0.426471
0.220539 0.426471
0.220631 0.426471
0.220722 0.426471
0.220814 0.426471
0.220906 0.426471
0.220997 0.426471
0.221089 0.426471
0.221180 0.426471
0.221272 0.426471
0.221364 0.426471
0.221455 0.426471
0.221547 0.426471
0.221638 0.426471
0.221730 0.426471
0.221821 0.419118
0.221913 0.419118
0.222005 0.419118
0.222096 0.419118
0.222188 0.419118
0.222279 0.419118
0.222371 0.419118
0.222463 0.419118
0.222554 0.419118
0.222646 0.419118
0.222737 0.419118
0.222829 0.419118
0.222920 0.419118
0.223012 0.411765
0.223104 0.411765
0.223195 0.411765
0.223287 0.411765
0.223378 0.411765
0.223470 0.411765
0.223562 0.411765
0.223653 0.411765
0.223745 0.411765
0.223836 0.411765
0.223928 0.411765
0.224020 0.411765
0.224111 0.411765
0.224203 0.411765
0.224294 0.411765
0.224386 0.411765
0.224477 0.411765
0.224569 0.411765
0.224661 0.411765
0.224752 0.411765
0.224844 0.411765
0.224935 0.411765
0.225027 0.411765
0.225119 0.411765
0.225210 0.411765
0.225302 0.411765
0.225393 0.411765
0.225485 0.411765
0.225576 0.411765
0.225668 0.411765
0.225760 0.411765
0.225851 0.411765
0.225943 0.411765
0.226034 0.411765
0.226126 0.411765
0.226218 0.411765
0.226309 0.411765
0.226401 0.411765
0.226492 0.411765
0.226584 0.411765
0.226675 0.411765
0.226767 0.411765
0.226859 0.411765
0.226950 0.411765
0.227042 0.411765
0.227133 0.411765
0.227225 0.411765
0.227317 0.411765
0.227408 0.411765
0.227500 0.411765
0.227591 0.411765
0.227683 0.411765
0.227774 0.411765
0.227866 0.411765
0.227958 0.411765
0.228049 0.411765
0.228141 0.404412
0.228232 0.404412
0.228324 0.404412
0.228416 0.404412
0.228507 0.404412
0.228599 0.404412
0.228690 0.404412
0.228782 0.404412
0.228873 0.404412
0.228965 0.404412
0.229057 0.404412
0.229148 0.404412
0.229240 0.404412
0.229331 0.404412
0.229423 0.404412
0.229515 0.404412
0.229606 0.404412
0.229698 0.404412
0.229789 0.404412
0.229881 0.404412
0.229972 0.404412
0.230064 0.404412
0.230156 0.404412
0.230247 0.404412
0.230339 0.404412
0.230430 0.404412
0.230522 0.404412
0.230614 0.404412
0.230705 0.404412
0.230797 0.404412
0.230888 0.404412
0.230980 0.404412
0.231071 0.404412
0.231163 0.404412
0.231255 0.404412
0.231346 0.404412
0.231438 0.404412
0.231529 0.404412
0.231621 0.397059
0.231713 0.397059
0.231804 0.397059
0.231896 0.397059
0.231987 0.397059
0.232079 0.397059
0.232170 0.397059
0.232262 0.397059
0.232354 0.397059
0.232445 0.397059
0.232537 0.397059
0.232628 0.397059
0.232720 0.397059
0.232812 0.397059
0.232903 0.397059
0.232995 0.397059
0.233086 0.397059
0.233178 0.397059
0.233269 0.397059
0.233361 0.397059
0.233453 0.397059
0.233544 0.397059
0.233636 0.397059
0.233727 0.397059
0.233819 0.397059
0.233911 0.397059
0.234002 0.397059
0.234094 0.397059
0.234185 0.397059
0.234277 0.397059
0.234368 0.397059
0.234460 0.397059
0.234552 0.397059
0.234643 0.397059
0.234735 0.397059
0.234826 0.397059
0.234918 0.397059
0.235010 0.397059
0.235101 0.397059
0.235193 0.397059
0.235284 0.397059
0.235376 0.397059
0.235468 0.397059
0.235559 0.397059
0.235651 0.397059
0.235742 0.397059
0.235834 0.397059
0.235925 0.397059
0.236017 0.397059
0.236109 0.397059
0.236200 0.397059
0.236292 0.397059
0.236383 0.397059
0.236475 0.397059
0.236567 0.397059
0.236658 0.397059
0.236750 0.397059
0.236841 0.397059
0.236933 0.397059
0.237024 0.397059
0.237116 0.397059
0.237208 0.397059
0.237299 0.397059
0.237391 0.397059
0.237482 0.397059
0.237574 0.397059
0.237666 0.397059
0.237757 0.389706
0.237849 0.382353
0.237940 0.382353
0.238032 0.382353
0.238123 0.382353
0.238215 0.382353
0.238307 0.382353
0.238398 0.382353
0.238490 0.375000
0.238581 0.375000
0.238673 0.375000
0.238765 0.375000
0.238856 0.375000
0.238948 0.375000
0.239039 0.375000
0.239131 0.375000
0.239222 0.375000
0.239314 0.375000
0.239406 0.375000
0.239497 0.375000
0.239589 0.375000
0.239680 0.375000
0.239772 0.375000
0.239864 0.375000
0.239955 0.375000
0.240047 0.375000
0.240138 0.375000
0.240230 0.375000
0.240321 0.375000
0.240413 0.367647
0.240505 0.367647
0.240596 0.367647
0.240688 0.367647
0.240779 0.367647
0.240871 0.367647
0.240963 0.367647
0.241054 0.367647
0.241146 0.367647
0.241237 0.367647
0.241329 0.367647
0.241420 0.367647
0.241512 0.367647
0.241604 0.367647
0.241695 0.367647
0.241787 0.367647
0.241878 0.367647
0.241970 0.367647
0.242062 0.367647
0.242153 0.367647
0.242245 0.367647
0.242336 0.367647
0.242428 0.367647
0.242519 0.367647
0.242611 0.367647
0.242703 0.367647
0.242794 0.367647
0.242886 0.367647
0.242977 0.367647
0.243069 0.367647
0.243161 0.367647
0.243252 0.367647
0.243344 0.367647
0.243435 0.367647
0.243527 0.367647
0.243618 0.367647
0.243710 0.367647
0.243802 0.367647
0.243893 0.367647
0.243985 0.367647
0.244076 0.367647
0.244168 0.367647
0.244260 0.367647
0.244351 0.367647
0.244443 0.367647
0.244534 0.367647
0.244626 0.367647
0.244717 0.367647
0.244809 0.367647
0.244901 0.367647
0.244992 0.367647
0.245084 0.367647
0.245175 0.367647
0.245267 0.367647
0.245359 0.367647
0.245450 0.367647
0.245542 0.367647
0.245633 0.367647
0.245725 0.367647
0.245816 0.367647
0.245908 0.367647
0.246000 0.367647
0.246091 0.367647
0.246183 0.367647
0.246274 0.367647
0.246366 0.367647
0.246458 0.367647
0.246549 0.367647
0.246641 0.367647
0.246732 0.367647
0.246824 0.367647
0.246916 0.367647
0.247007 0.367647
0.247099 0.367647
0.247190 0.367647
0.247282 0.367647
0.247373 0.367647
0.247465 0.367647
0.247557 0.367647
0.247648 0.367647
0.247740 0.367647
0.247831 0.367647
0.247923 0.367647
0.248015 0.367647
0.248106 0.367647
0.248198 0.367647
0.248289 0.367647
0.248381 0.367647
0.248472 0.367647
0.248564 0.367647
0.248656 0.367647
0.248747 0.367647
0.248839 0.367647
0.248930 0.367647
0.249022 0.367647
0.249114 0.367647
0.249205 0.367647
0.249297 0.367647
0.249388 0.367647
0.249480 0.367647
0.249571 0.367647
0.249663 0.367647
0.249755 0.367647
0.249846 0.367647
0.249938 0.367647
0.250029 0.367647
0.250121 0.367647
0.250213 0.367647
0.250304 0.367647
0.250396 0.367647
0.250487 0.367647
0.250579 0.367647
0.250670 0.367647
0.250762 0.367647
0.250854 0.367647
0.250945 0.367647
0.251037 0.367647
0.251128 0.367647
0.251220 0.367647
0.251312 0.367647
0.251403 0.367647
0.251495 0.367647
0.251586 0.367647
0.251678 0.367647
0.251769 0.367647
0.251861 0.367647
0.251953 0.367647
0.252044 0.367647
0.252136 0.367647
0.252227 0.367647
0.252319 0.367647
0.252411 0.367647
0.252502 0.367647
0.252594 0.367647
0.252685 0.367647
0.252777 0.367647
0.252868 0.367647
0.252960 0.367647
0.253052 0.367647
0.253143 0.367647
0.253235 0.367647
0.253326 0.367647
0.253418 0.367647
0.253510 0.367647
0.253601 0.367647
0.253693 0.367647
0.253784 0.360294
0.253876 0.360294
0.253967 0.360294
0.254059 0.360294
0.254151 0.360294
0.254242 0.360294
0.254334 0.360294
0.254425 0.360294
0.254517 0.360294
0.254609 0.360294
0.254700 0.360294
0.254792 0.360294
0.254883 0.360294
0.254975 0.360294
0.255066 0.360294
0.255158 0.360294
0.255250 0.360294
0.255341 0.360294
0.255433 0.360294
0.255524 0.360294
0.255616 0.360294
0.255708 0.360294
0.255799 0.360294
0.255891 0.360294
0.255982 0.360294
0.256074 0.360294
0.256165 0.360294
0.256257 0.360294
0.256349 0.360294
0.256440 0.360294
0.256532 0.352941
0.256623 0.352941
0.256715 0.352941
0.256807 0.352941
0.256898 0.352941
0.256990 0.352941
0.257081 0.352941
0.257173 0.352941
0.257265 0.352941
0.257356 0.352941
0.257448 0.352941
0.257539 0.352941
0.257631 0.352941
0.257722 0.352941
0.257814 0.352941
0.257906 0.352941
0.257997 0.352941
0.258089 0.352941
0.258180 0.352941
0.258272 0.352941
0.258364 0.352941
0.258455 0.352941
0.258547 0.352941
0.258638 0.352941
0.258730 0.352941
0.258821 0.352941
0.258913 0.352941
0.259005 0.352941
0.259096 0.352941
0.259188 0.352941
0.259279 0.352941
0.259371 0.352941
0.259463 0.352941
0.259554 0.352941
0.259646 0.352941
0.259737 0.352941
0.259829 0.352941
0.259920 0.352941
0.260012 0.345588
0.260104 0.345588
0.260195 0.345588
0.260287 0.345588
0.260378 0.345588
0.260470 0.345588
0.260562 0.345588
0.260653 0.345588
0.260745 0.345588
0.260836 0.345588
0.260928 0.345588
0.261019 0.345588
0.261111 0.345588
0.261203 0.345588
0.261294 0.345588
0.261386 0.345588
0.261477 0.345588
0.261569 0.345588
0.261661 0.345588
0.261752 0.345588
0.261844 0.345588
0.261935 0.345588
0.262027 0.345588
0.262118 0.345588
0.262210 0.345588
0.262302 0.345588
0.262393 0.345588
0.262485 0.345588
0.262576 0.345588
0.262668 0.345588
0.262760 0.345588
0.262851 0.345588
0.262943 0.345588
0.263034 0.345588
0.263126 0.345588
0.263217 0.345588
0.263309 0.345588
0.263401 0.345588
0.263492 0.345588
0.263584 0.345588
0.263675 0.345588
0.263767 0.345588
0.263859 0.345588
0.263950 0.345588
0.264042 0.345588
0.264133 0.345588
0.264225 0.345588
0.264316 0.345588
0.264408 0.345588
0.264500 0.345588
0.264591 0.345588
0.264683 0.345588
0.264774 0.345588
0.264866 0.345588
0.264958 0.345588
0.265049 0.345588
0.265141 0.345588
0.265232 0.345588
0.265324 0.338235
0.265415 0.338235
0.265507 0.338235
0.265599 0.338235
0.265690 0.338235
0.265782 0.338235
0.265873 0.338235
0.265965 0.338235
0.266057 0.338235
0.266148 0.338235
0.266240 0.338235
0.266331 0.338235
0.266423 0.338235
0.266514 0.338235
0.266606 0.338235
0.266698 0.338235
0.266789 0.338235
0.266881 0.338235
0.266972 0.338235
0.267064 0.338235
0.267156 0.338235
0.267247 0.338235
0.267339 0.338235
0.267430 0.338235
0.267522 0.338235
0.267613 0.338235
0.267705 0.338235
0.267797 0.338235
0.267888 0.338235
0.267980 0.338235
0.268071 0.338235
0.268163 0.338235
0.268255 0.338235
0.268346 0.338235
0.268438 0.338235
0.268529 0.338235
0.268621 0.338235
0.268713 0.338235
0.268804 0.338235
0.268896 0.338235
0.268987 0.338235
0.269079 0.338235
0.269170 0.338235
0.269262 0.338235
0.269354 0.338235
0.269445 0.338235
0.269537 0.338235
0.269628 0.338235
0.269720 0.338235
0.269812 0.338235
0.269903 0.330882
0.269995 0.330882
0.270086 0.330882
0.270178 0.330882
0.270269 0.330882
0.270361 0.330882
0.270453 0.330882
0.270544 0.330882
0.270636 0.330882
0.270727 0.330882
0.270819 0.330882
0.270911 0.330882
0.271002 0.330882
0.271094 0.330882
0.271185 0.330882
0.271277 0.330882
0.271368 0.330882
0.271460 0.330882
0.271552 0.330882
0.271643 0.330882
0.271735 0.330882
0.271826 0.330882
0.271918 0.330882
0.272010 0.330882
0.272101 0.330882
0.272193 0.330882
0.272284 0.330882
0.272376 0.330882
0.272467 0.330882
0.272559 0.330882
0.272651 0.330882
0.272742 0.330882
0.272834 0.330882
0.272925 0.330882
0.273017 0.330882
0.273109 0.330882
0.273200 0.330882
0.273292 0.330882
0.273383 0.330882
0.273475 0.330882
0.273566 0.330882
0.273658 0.330882
0.273750 0.330882
0.273841 0.330882
0.273933 0.330882
0.274024 0.330882
0.274116 0.330882
0.274208 0.330882
0.274299 0.330882
0.274391 0.330882
0.274482 0.330882
0.274574 0.330882
0.274665 0.330882
0.274757 0.330882
0.274849 0.330882
0.274940 0.330882
0.275032 0.330882
0.275123 0.330882
0.275215 0.330882
0.275307 0.330882
0.275398 0.330882
0.275490 0.330882
0.275581 0.330882
0.275673 0.330882
0.275764 0.330882
0.275856 0.330882
0.275948 0.330882
0.276039 0.330882
0.276131 0.330882
0.276222 0.330882
0.276314 0.330882
0.276406 0.330882
0.276497 0.330882
0.276589 0.330882
0.276680 0.330882
0.276772 0.330882
0.276863 0.330882
0.276955 0.330882
0.277047 0.330882
0.277138 0.330882
0.277230 0.330882
0.277321 0.330882
0.277413 0.330882
0.277505 0.330882
0.277596 0.323529
0.277688 0.323529
0.277779 0.323529
0.277871 0.323529
0.277962 0.323529
0.278054 0.323529
0.278146 0.323529
0.278237 0.323529
0.278329 0.323529
0.278420 0.323529
0.278512 0.323529
0.278604 0.323529
0.278695 0.323529
0.278787 0.323529
0.278878 0.323529
0.278970 0.323529
0.279061 0.323529
0.279153 0.323529
0.279245 0.323529
0.279336 0.323529
0.279428 0.323529
0.279519 0.323529
0.279611 0.323529
0.279703 0.323529
0.279794 0.323529
0.279886 0.323529
0.279977 0.323529
0.280069 0.323529
0.280161 0.323529
0.280252 0.323529
0.280344 0.323529
0.280435 0.323529
0.280527 0.323529
0.280618 0.323529
0.280710 0.323529
0.280802 0.323529
0.280893 0.323529
0.280985 0.323529
0.281076 0.323529
0.281168 0.323529
0.281260 0.323529
0.281351 0.323529
0.281443 0.323529
0.281534 0.323529
0.281626 0.323529
0.281717 0.323529
0.281809 0.323529
0.281901 0.323529
0.281992 0.323529
0.282084 0.323529
0.282175 0.316176
0.282267 0.316176
0.282359 0.316176
0.282450 0.316176
0.282542 0.316176
0.282633 0.316176
0.282725 0.316176
0.282816 0.316176
0.282908 0.316176
0.283000 0.316176
0.283091 0.316176
0.283183 0.316176
0.283274 0.316176
0.283366 0.316176
0.283458 0.316176
0.283549 0.316176
0.283641 0.316176
0.283732 0.316176
0.283824 0.316176
0.283915 0.316176
0.284007 0.316176
0.284099 0.316176
0.284190 0.316176
0.284282 0.316176
0.284373 0.316176
0.284465 0.316176
0.284557 0.316176
0.284648 0.316176
0.284740 0.316176
0.284831 0.316176
0.284923 0.316176
0.285014 0.316176
0.285106 0.316176
0.285198 0.316176
0.285289 0.316176
0.285381 0.316176
0.285472 0.316176
0.285564 0.316176
0.285656 0.316176
0.285747 0.316176
0.285839 0.316176
0.285930 0.316176
0.286022 0.316176
0.286113 0.316176
0.286205 0.316176
0.286297 0.316176
0.286388 0.316176
0.286480 0.316176
0.286571 0.316176
0.286663 0.316176
0.286755 0.316176
0.286846 0.316176
0.286938 0.316176
0.287029 0.316176
0.287121 0.316176
0.287212 0.316176
0.287304 0.316176
0.287396 0.316176
0.287487 0.316176
0.287579 0.316176
0.287670 0.316176
0.287762 0.316176
0.287854 0.316176
0.287945 0.316176
0.288037 0.316176
0.288128 0.316176
0.288220 0.316176
0.288311 0.316176
0.288403 0.316176
0.288495 0.316176
0.288586 0.316176
0.288678 0.316176
0.288769 0.316176
0.288861 0.316176
0.288953 0.316176
0.289044 0.316176
0.289136 0.316176
0.289227 0.316176
0.289319 0.316176
0.289410 0.316176
0.289502 0.316176
0.289594 0.316176
0.289685 0.316176
0.289777 0.316176
0.289868 0.316176
0.289960 0.316176
0.290052 0.316176
0.290143 0.316176
0.290235 0.316176
0.290326 0.316176
0.290418 0.316176
0.290509 0.316176
0.290601 0.316176
0.290693 0.316176
0.290784 0.316176
0.290876 0.316176
0.290967 0.316176
0.291059 0.316176
0.291151 0.316176
0.291242 0.316176
0.291334 0.316176
0.291425 0.316176
0.291517 0.316176
0.291609 0.316176
0.291700 0.316176
0.291792 0.316176
0.291883 0.316176
0.291975 0.316176
0.292066 0.316176
0.292158 0.316176
0.292250 0.316176
0.292341 0.316176
0.292433 0.316176
0.292524 0.316176
0.292616 0.316176
0.292708 0.316176
0.292799 0.316176
0.292891 0.316176
0.292982 0.316176
0.293074 0.316176
0.293165 0.316176
0.293257 0.316176
0.293349 0.316176
0.293440 0.316176
0.293532 0.316176
0.293623 0.316176
0.293715 0.316176
0.293807 0.316176
0.293898 0.316176
0.293990 0.316176
0.294081 0.316176
0.294173 0.316176
0.294264 0.316176
0.294356 0.316176
0.294448 0.316176
0.294539 0.316176
0.294631 0.316176
0.294722 0.316176
0.294814 0.316176
0.294906 0.316176
0.294997 0.316176
0.295089 0.316176
0.295180 0.316176
0.295272 0.316176
0.295363 0.316176
0.295455 0.316176
0.295547 0.316176
0.295638 0.316176
0.295730 0.316176
0.295821 0.316176
0.295913 0.316176
0.296005 0.316176
0.296096 0.316176
0.296188 0.316176
0.296279 0.316176
0.296371 0.316176
0.296462 0.316176
0.296554 0.316176
0.296646 0.316176
0.296737 0.316176
0.296829 0.316176
0.296920 0.316176
0.297012 0.316176
0.297104 0.316176
0.297195 0.316176
0.297287 0.316176
0.297378 0.316176
0.297470 0.316176
0.297561 0.316176
0.297653 0.316176
0.297745 0.316176
0.297836 0.316176
0.297928 0.316176
0.298019 0.316176
0.298111 0.316176
0.298203 0.316176
0.298294 0.316176
0.298386 0.316176
0.298477 0.316176
0.298569 0.316176
0.298660 0.316176
0.298752 0.316176
0.298844 0.308824
0.298935 0.308824
0.299027 0.308824
0.299118 0.308824
0.299210 0.308824
0.299302 0.308824
0.299393 0.308824
0.299485 0.308824
0.299576 0.308824
0.299668 0.308824
0.299759 0.308824
0.299851 0.308824
0.299943 0.308824
0.300034 0.308824
0.300126 0.308824
0.300217 0.308824
0.300309 0.308824
0.300401 0.308824
0.300492 0.308824
0.300584 0.308824
0.300675 0.308824
0.300767 0.308824
0.300858 0.308824
0.300950 0.308824
0.301042 0.308824
0.301133 0.308824
0.301225 0.308824
0.301316 0.308824
0.301408 0.308824
0.301500 0.308824
0.301591 0.308824
0.301683 0.308824
0.301774 0.308824
0.301866 0.308824
0.301958 0.308824
0.302049 0.308824
0.302141 0.308824
0.302232 0.308824
0.302324 0.308824
0.302415 0.308824
0.302507 0.308824
0.302599 0.308824
0.302690 0.308824
0.302782 0.308824
0.302873 0.308824
0.302965 0.308824
0.303057 0.308824
0.303148 0.308824
0.303240 0.308824
0.303331 0.308824
0.303423 0.308824
0.303514 0.308824
0.303606 0.308824
0.303698 0.308824
0.303789 0.308824
0.303881 0.308824
0.303972 0.308824
0.304064 0.308824
0.304156 0.308824
0.304247 0.308824
0.304339 0.308824
0.304430 0.308824
0.304522 0.308824
0.304613 0.308824
0.304705 0.308824
0.304797 0.308824
0.304888 0.308824
0.304980 0.308824
0.305071 0.308824
0.305163 0.308824
0.305255 0.308824
0.305346 0.308824
0.305438 0.308824
0.305529 0.308824
0.305621 0.308824
0.305712 0.308824
0.305804 0.308824
0.305896 0.308824
0.305987 0.308824
0.306079 0.308824
0.306170 0.308824
0.306262 0.308824
0.306354 0.308824
0.306445 0.308824
0.306537 0.308824
0.306628 0.308824
0.306720 0.308824
0.306811 0.308824
0.306903 0.308824
0.306995 0.308824
0.307086 0.308824
0.307178 0.308824
0.307269 0.308824
0.307361 0.308824
0.307453 0.308824
0.307544 0.308824
0.307636 0.308824
0.307727 0.308824
0.307819 0.308824
0.307910 0.308824
0.308002 0.308824
0.308094 0.308824
0.308185 0.308824
0.308277 0.308824
0.308368 0.308824
0.308460 0.308824
0.308552 0.308824
0.308643 0.308824
0.308735 0.308824
0.308826 0.308824
0.308918 0.308824
0.309009 0.308824
0.309101 0.308824
0.309193 0.308824
0.309284 0.308824
0.309376 0.308824
0.309467 0.308824
0.309559 0.308824
0.309651 0.308824
0.309742 0.308824
0.309834 0.308824
0.309925 0.308824
0.310017 0.308824
0.310108 0.308824
0.310200 0.308824
0.310292 0.308824
0.310383 0.308824
0.310475 0.308824
0.310566 0.308824
0.310658 0.308824
0.310750 0.308824
0.310841 0.308824
0.310933 0.308824
0.311024 0.308824
0.311116 0.308824
0.311207 0.308824
0.311299 0.308824
0.311391 0.308824
0.311482 0.308824
0.311574 0.308824
0.311665 0.308824
0.311757 0.308824
0.311849 0.308824
0.311940 0.308824
0.312032 0.308824
0.312123 0.308824
0.312215 0.308824
0.312306 0.308824
0.312398 0.308824
0.312490 0.308824
0.312581 0.308824
0.312673 0.308824
0.312764 0.308824
0.312856 0.308824
0.312948 0.308824
0.313039 0.308824
0.313131 0.308824
0.313222 0.308824
0.313314 0.308824
0.313406 0.308824
0.313497 0.308824
0.313589 0.308824
0.313680 0.308824
0.313772 0.308824
0.313863 0.301471
0.313955 0.301471
0.314047 0.301471
0.314138 0.301471
0.314230 0.301471
0.314321 0.301471
0.314413 0.301471
0.314505 0.301471
0.314596 0.301471
0.314688 0.301471
0.314779 0.301471
0.314871 0.301471
0.314962 0.301471
0.315054 0.301471
0.315146 0.301471
0.315237 0.301471
0.315329 0.301471
0.315420 0.301471
0.315512 0.301471
0.315604 0.301471
0.315695 0.301471
0.315787 0.301471
0.315878 0.301471
0.315970 0.301471
0.316061 0.301471
0.316153 0.301471
0.316245 0.301471
0.316336 0.301471
0.316428 0.301471
0.316519 0.301471
0.316611 0.301471
0.316703 0.301471
0.316794 0.301471
0.316886 0.301471
0.316977 0.301471
0.317069 0.301471
0.317160 0.301471
0.317252 0.301471
0.317344 0.294118
0.317435 0.294118
0.317527 0.286765
0.317618 0.286765
0.317710 0.286765
0.317802 0.286765
0.317893 0.286765
0.317985 0.286765
0.318076 0.286765
0.318168 0.286765
0.318259 0.286765
0.318351 0.286765
0.318443 0.286765
0.318534 0.286765
0.318626 0.286765
0.318717 0.286765
0.318809 0.286765
0.318901 0.286765
0.318992 0.286765
0.319084 0.286765
0.319175 0.286765
0.319267 0.286765
0.319358 0.286765
0.319450 0.286765
0.319542 0.286765
0.319633 0.286765
0.319725 0.286765
0.319816 0.286765
0.319908 0.286765
0.320000 0.286765
0.320091 0.286765
0.320183 0.286765
0.320274 0.286765
0.320366 0.286765
0.320457 0.286765
0.320549 0.286765
0.320641 0.286765
0.320732 0.286765
0.320824 0.286765
0.320915 0.286765
0.321007 0.286765
0.321099 0.286765
0.321190 0.286765
0.321282 0.286765
0.321373 0.286765
0.321465 0.286765
0.321556 0.286765
0.321648 0.286765
0.321740 0.286765
0.321831 0.286765
0.321923 0.286765
0.322014 0.286765
0.322106 0.286765
0.322198 0.286765
0.322289 0.286765
0.322381 0.286765
0.322472 0.286765
0.322564 0.286765
0.322655 0.286765
0.322747 0.286765
0.322839 0.286765
0.322930 0.286765
0.323022 0.286765
0.323113 0.286765
0.323205 0.286765
0.323297 0.286765
0.323388 0.286765
0.323480 0.286765
0.323571 0.286765
0.323663 0.286765
0.323754 0.286765
0.323846 0.286765
0.323938 0.286765
0.324029 0.286765
0.324121 0.286765
0.324212 0.286765
0.324304 0.286765
0.324396 0.286765
0.324487 0.286765
0.324579 0.286765
0.324670 0.286765
0.324762 0.286765
0.324854 0.279412
0.324945 0.279412
0.325037 0.279412
0.325128 0.279412
0.325220 0.279412
0.325311 0.279412
0.325403 0.279412
0.325495 0.279412
0.325586 0.279412
0.325678 0.279412
0.325769 0.279412
0.325861 0.279412
0.325953 0.279412
0.326044 0.279412
0.326136 0.279412
0.326227 0.279412
0.326319 0.279412
0.326410 0.279412
0.326502 0.279412
0.326594 0.279412
0.326685 0.279412
0.326777 0.279412
0.326868 0.279412
0.326960 0.279412
0.327052 0.279412
0.327143 0.279412
0.327235 0.279412
0.327326 0.279412
0.327418 0.279412
0.327509 0.279412
0.327601 0.272059
0.327693 0.272059
0.327784 0.272059
0.327876 0.272059
0.327967 0.272059
0.328059 0.272059
0.328151 0.272059
0.328242 0.272059
0.328334 0.272059
0.328425 0.272059
0.328517 0.272059
0.328608 0.272059
0.328700 0.272059
0.328792 0.272059
0.328883 0.272059
0.328975 0.272059
0.329066 0.272059
0.329158 0.272059
0.329250 0.272059
0.329341 0.272059
0.329433 0.272059
0.329524 0.272059
0.329616 0.272059
0.329707 0.272059
0.329799 0.272059
0.329891 0.272059
0.329982 0.272059
0.330074 0.272059
0.330165 0.272059
0.330257 0.272059
0.330349 0.272059
0.330440 0.272059
0.330532 0.272059
0.330623 0.272059
0.330715 0.272059
0.330806 0.272059
0.330898 0.272059
0.330990 0.272059
0.331081 0.272059
0.331173 0.272059
0.331264 0.272059
0.331356 0.272059
0.331448 0.272059
0.331539 0.272059
0.331631 0.272059
0.331722 0.272059
0.331814 0.272059
0.331905 0.272059
0.331997 0.272059
0.332089 0.272059
0.332180 0.272059
0.332272 0.272059
0.332363 0.272059
0.332455 0.272059
0.332547 0.272059
0.332638 0.272059
0.332730 0.272059
0.332821 0.272059
0.332913 0.272059
0.333004 0.272059
0.333096 0.272059
0.333188 0.272059
0.333279 0.272059
0.333371 0.272059
0.333462 0.272059
0.333554 0.272059
0.333646 0.272059
0.333737 0.272059
0.333829 0.272059
0.333920 0.272059
0.334012 0.272059
0.334103 0.272059
0.334195 0.272059
0.334287 0.272059
0.334378 0.272059
0.334470 0.272059
0.334561 0.272059
0.334653 0.272059
0.334745 0.272059
0.334836 0.272059
0.334928 0.272059
0.335019 0.272059
0.335111 0.272059
0.335203 0.272059
0.335294 0.272059
0.335386 0.272059
0.335477 0.272059
0.335569 0.272059
0.335660 0.272059
0.335752 0.272059
0.335844 0.272059
0.335935 0.272059
0.336027 0.272059
0.336118 0.272059
0.336210 0.272059
0.336302 0.272059
0.336393 0.272059
0.336485 0.272059
0.336576 0.272059
0.336668 0.272059
0.336759 0.272059
0.336851 0.272059
0.336943 0.272059
0.337034 0.272059
0.337126 0.272059
0.337217 0.272059
0.337309 0.272059
0.337401 0.272059
0.337492 0.272059
0.337584 0.272059
0.337675 0.272059
0.337767 0.272059
0.337858 0.272059
0.337950 0.272059
0.338042 0.272059
0.338133 0.272059
0.338225 0.272059
0.338316 0.272059
0.338408 0.272059
0.338500 0.272059
0.338591 0.272059
0.338683 0.272059
0.338774 0.272059
0.338866 0.272059
0.338957 0.272059
0.339049 0.272059
0.339141 0.272059
0.339232 0.272059
0.339324 0.272059
0.339415 0.264706
0.339507 0.264706
0.339599 0.264706
0.339690 0.264706
0.339782 0.264706
0.339873 0.264706
0.339965 0.264706
0.340056 0.264706
0.340148 0.264706
0.340240 0.264706
0.340331 0.264706
0.340423 0.264706
0.340514 0.264706
0.340606 0.264706
0.340698 0.264706
0.340789 0.264706
0.340881 0.264706
0.340972 0.264706
0.341064 0.264706
0.341155 0.264706
0.341247 0.264706
0.341339 0.264706
0.341430 0.264706
0.341522 0.264706
0.341613 0.264706
0.341705 0.264706
0.341797 0.264706
0.341888 0.264706
0.341980 0.264706
0.342071 0.264706
0.342163 0.264706
0.342254 0.264706
0.342346 0.264706
0.342438 0.264706
0.342529 0.264706
0.342621 0.264706
0.342712 0.264706
0.342804 0.264706
0.342896 0.264706
0.342987 0.264706
0.343079 0.264706
0.343170 0.264706
0.343262 0.264706
0.343353 0.264706
0.343445 0.264706
0.343537 0.264706
0.343628 0.264706
0.343720 0.264706
0.343811 0.264706
0.343903 0.264706
0.343995 0.264706
0.344086 0.264706
0.344178 0.264706
0.344269 0.264706
0.344361 0.264706
0.344452 0.264706
0.344544 0.264706
0.344636 0.264706
0.344727 0.264706
0.344819 0.264706
0.344910 0.264706
0.345002 0.264706
0.345094 0.264706
0.345185 0.264706
0.345277 0.264706
0.345368 0.264706
0.345460 0.264706
0.345551 0.264706
0.345643 0.264706
0.345735 0.264706
0.345826 0.264706
0.345918 0.264706
0.346009 0.264706
0.346101 0.264706
0.346193 0.264706
0.346284 0.264706
0.346376 0.264706
0.346467 0.264706
0.346559 0.264706
0.346651 0.264706
0.346742 0.264706
0.346834 0.264706
0.346925 0.264706
0.347017 0.257353
0.347108 0.257353
0.347200 0.257353
0.347292 0.257353
0.347383 0.257353
0.347475 0.257353
0.347566 0.257353
0.347658 0.257353
0.347750 0.257353
0.347841 0.257353
0.347933 0.257353
0.348024 0.257353
0.348116 0.257353
0.348207 0.250000
0.348299 0.250000
0.348391 0.250000
0.348482 0.250000
0.348574 0.250000
0.348665 0.250000
0.348757 0.242647
0.348849 0.242647
0.348940 0.242647
0.349032 0.242647
0.349123 0.242647
0.349215 0.242647
0.349306 0.242647
0.349398 0.242647
0.349490 0.242647
0.349581 0.242647
0.349673 0.242647
0.349764 0.242647
0.349856 0.242647
0.349948 0.242647
0.350039 0.242647
0.350131 0.242647
0.350222 0.242647
0.350314 0.242647
0.350405 0.242647
0.350497 0.242647
0.350589 0.242647
0.350680 0.242647
0.350772 0.242647
0.350863 0.242647
0.350955 0.242647
0.351047 0.242647
0.351138 0.242647
0.351230 0.242647
0.351321 0.242647
0.351413 0.242647
0.351504 0.242647
0.351596 0.242647
0.351688 0.242647
0.351779 0.242647
0.351871 0.242647
0.351962 0.242647
0.352054 0.242647
0.352146 0.242647
0.352237 0.242647
0.352329 0.242647
0.352420 0.242647
0.352512 0.242647
0.352603 0.242647
0.352695 0.242647
0.352787 0.242647
0.352878 0.242647
0.352970 0.242647
0.353061 0.235294
0.353153 0.235294
0.353245 0.235294
0.353336 0.235294
0.353428 0.235294
0.353519 0.235294
0.353611 0.235294
0.353702 0.235294
0.353794 0.235294
0.353886 0.235294
0.353977 0.235294
0.354069 0.235294
0.354160 0.235294
0.354252 0.235294
0.354344 0.235294
0.354435 0.235294
0.354527 0.235294
0.354618 0.235294
0.354710 0.235294
0.354801 0.235294
0.354893 0.235294
0.354985 0.235294
0.355076 0.235294
0.355168 0.235294
0.355259 0.235294
0.355351 0.235294
0.355443 0.235294
0.355534 0.235294
0.355626 0.235294
0.355717 0.235294
0.355809 0.235294
0.355900 0.235294
0.355992 0.235294
0.356084 0.235294
0.356175 0.235294
0.356267 0.235294
0.356358 0.235294
0.356450 0.235294
0.356542 0.235294
0.356633 0.235294
0.356725 0.235294
0.356816 0.235294
0.356908 0.235294
0.356999 0.235294
0.357091 0.235294
0.357183 0.235294
0.357274 0.235294
0.357366 0.235294
0.357457 0.235294
0.357549 0.235294
0.357641 0.235294
0.357732 0.235294
0.357824 0.235294
0.357915 0.235294
0.358007 0.235294
0.358099 0.235294
0.358190 0.235294
0.358282 0.235294
0.358373 0.235294
0.358465 0.235294
0.358556 0.235294
0.358648 0.235294
0.358740 0.235294
0.358831 0.235294
0.358923 0.235294
0.359014 0.235294
0.359106 0.235294
0.359198 0.235294
0.359289 0.235294
0.359381 0.235294
0.359472 0.235294
0.359564 0.235294
0.359655 0.235294
0.359747 0.235294
0.359839 0.235294
0.359930 0.235294
0.360022 0.235294
0.360113 0.235294
0.360205 0.235294
0.360297 0.235294
0.360388 0.235294
0.360480 0.235294
0.360571 0.235294
0.360663 0.235294
0.360754 0.235294
0.360846 0.235294
0.360938 0.235294
0.361029 0.235294
0.361121 0.235294
0.361212 0.235294
0.361304 0.235294
0.361396 0.235294
0.361487 0.235294
0.361579 0.235294
0.361670 0.235294
0.361762 0.235294
0.361853 0.227941
0.361945 0.227941
0.362037 0.227941
0.362128 0.227941
0.362220 0.227941
0.362311 0.227941
0.362403 0.227941
0.362495 0.227941
0.362586 0.227941
0.362678 0.227941
0.362769 0.227941
0.362861 0.227941
0.362952 0.227941
0.363044 0.227941
0.363136 0.227941
0.363227 0.227941
0.363319 0.227941
0.363410 0.220588
0.363502 0.220588
0.363594 0.220588
0.363685 0.220588
0.363777 0.220588
0.363868 0.220588
0.363960 0.220588
0.364051 0.220588
0.364143 0.220588
0.364235 0.220588
0.364326 0.220588
0.364418 0.220588
0.364509 0.220588
0.364601 0.220588
0.364693 0.220588
0.364784 0.220588
0.364876 0.220588
0.364967 0.220588
0.365059 0.220588
0.365150 0.220588
0.365242 0.220588
0.365334 0.220588
0.365425 0.220588
0.365517 0.220588
0.365608 0.220588
0.365700 0.220588
0.365792 0.220588
0.365883 0.220588
0.365975 0.220588
0.366066 0.220588
0.366158 0.220588
0.366249 0.220588
0.366341 0.220588
0.366433 0.220588
0.366524 0.220588
0.366616 0.220588
0.366707 0.220588
0.366799 0.220588
0.366891 0.220588
0.366982 0.220588
0.367074 0.220588
0.367165 0.220588
0.367257 0.220588
0.367348 0.220588
0.367440 0.220588
0.367532 0.220588
0.367623 0.220588
0.367715 0.220588
0.367806 0.220588
0.367898 0.220588
0.367990 0.220588
0.368081 0.220588
0.368173 0.220588
0.368264 0.220588
0.368356 0.220588
0.368448 0.220588
0.368539 0.220588
0.368631 0.220588
0.368722 0.220588
0.368814 0.220588
0.368905 0.220588
0.368997 0.220588
0.369089 0.220588
0.369180 0.220588
0.369272 0.220588
0.369363 0.220588
0.369455 0.220588
0.369547 0.220588
0.369638 0.220588
0.369730 0.220588
0.369821 0.220588
0.369913 0.220588
0.370004 0.220588
0.370096 0.220588
0.370188 0.220588
0.370279 0.220588
0.370371 0.220588
0.370462 0.220588
0.370554 0.220588
0.370646 0.220588
0.370737 0.220588
0.370829 0.220588
0.370920 0.220588
0.371012 0.220588
0.371103 0.220588
0.371195 0.220588
0.371287 0.220588
0.371378 0.220588
0.371470 0.220588
0.371561 0.220588
0.371653 0.220588
0.371745 0.220588
0.371836 0.220588
0.371928 0.220588
0.372019 0.220588
0.372111 0.220588
0.372202 0.220588
0.372294 0.220588
0.372386 0.220588
0.372477 0.220588
0.372569 0.220588
0.372660 0.220588
0.372752 0.220588
0.372844 0.220588
0.372935 0.220588
0.373027 0.220588
0.373118 0.213235
0.373210 0.213235
0.373301 0.213235
0.373393 0.213235
0.373485 0.213235
0.373576 0.213235
0.373668 0.213235
0.373759 0.213235
0.373851 0.213235
0.373943 0.213235
0.374034 0.213235
0.374126 0.213235
0.374217 0.213235
0.374309 0.213235
0.374400 0.213235
0.374492 0.213235
0.374584 0.213235
0.374675 0.213235
0.374767 0.213235
0.374858 0.213235
0.374950 0.213235
0.375042 0.213235
0.375133 0.213235
0.375225 0.213235
0.375316 0.213235
0.375408 0.213235
0.375499 0.213235
0.375591 0.213235
0.375683 0.213235
0.375774 0.213235
0.375866 0.213235
0.375957 0.213235
0.376049 0.213235
0.376141 0.213235
0.376232 0.213235
0.376324 0.213235
0.376415 0.213235
0.376507 0.213235
0.376598 0.213235
0.376690 0.213235
0.376782 0.213235
0.376873 0.213235
0.376965 0.213235
0.377056 0.213235
0.377148 0.213235
0.377240 0.213235
0.377331 0.213235
0.377423 0.213235
0.377514 0.213235
0.377606 0.213235
0.377697 0.213235
0.377789 0.213235
0.377881 0.213235
0.377972 0.213235
0.378064 0.213235
0.378155 0.213235
0.378247 0.213235
0.378339 0.213235
0.378430 0.213235
0.378522 0.213235
0.378613 0.213235
0.378705 0.213235
0.378796 0.213235
0.378888 0.213235
0.378980 0.213235
0.379071 0.213235
0.379163 0.213235
0.379254 0.213235
0.379346 0.213235
0.379438 0.213235
0.379529 0.213235
0.379621 0.213235
0.379712 0.213235
0.379804 0.213235
0.379896 0.213235
0.379987 0.213235
0.380079 0.213235
0.380170 0.213235
0.380262 0.213235
0.380353 0.213235
0.380445 0.213235
0.380537 0.213235
0.380628 0.213235
0.380720 0.213235
0.380811 0.213235
0.380903 0.213235
0.380995 0.213235
0.381086 0.213235
0.381178 0.213235
0.381269 0.213235
0.381361 0.213235
0.381452 0.213235
0.381544 0.213235
0.381636 0.213235
0.381727 0.213235
0.381819 0.213235
0.381910 0.213235
0.382002 0.213235
0.382094 0.213235
0.382185 0.213235
0.382277 0.213235
0.382368 0.213235
0.382460 0.213235
0.382551 0.213235
0.382643 0.213235
0.382735 0.213235
0.382826 0.213235
0.382918 0.213235
0.383009 0.213235
0.383101 0.213235
0.383193 0.213235
0.383284 0.213235
0.383376 0.205882
0.383467 0.205882
0.383559 0.205882
0.383650 0.205882
0.383742 0.205882
0.383834 0.205882
0.383925 0.205882
0.384017 0.205882
0.384108 0.205882
0.384200 0.205882
0.384292 0.205882
0.384383 0.205882
0.384475 0.205882
0.384566 0.205882
0.384658 0.205882
0.384749 0.205882
0.384841 0.205882
0.384933 0.205882
0.385024 0.205882
0.385116 0.205882
0.385207 0.198529
0.385299 0.198529
0.385391 0.198529
0.385482 0.198529
0.385574 0.198529
0.385665 0.198529
0.385757 0.198529
0.385848 0.198529
0.385940 0.198529
0.386032 0.198529
0.386123 0.198529
0.386215 0.198529
0.386306 0.198529
0.386398 0.198529
0.386490 0.198529
0.386581 0.198529
0.386673 0.198529
0.386764 0.198529
0.386856 0.198529
0.386947 0.198529
0.387039 0.198529
0.387131 0.198529
0.387222 0.198529
0.387314 0.198529
0.387405 0.198529
0.387497 0.198529
0.387589 0.198529
0.387680 0.198529
0.387772 0.198529
0.387863 0.198529
0.387955 0.198529
0.388046 0.198529
0.388138 0.198529
0.388230 0.198529
0.388321 0.198529
0.388413 0.198529
0.388504 0.198529
0.388596 0.198529
0.388688 0.198529
0.388779 0.198529
0.388871 0.198529
0.388962 0.198529
0.389054 0.198529
0.389145 0.198529
0.389237 0.198529
0.389329 0.198529
0.389420 0.198529
0.389512 0.198529
0.389603 0.198529
0.389695 0.198529
0.389787 0.198529
0.389878 0.198529
0.389970 0.198529
0.390061 0.198529
0.390153 0.198529
0.390244 0.198529
0.390336 0.198529
0.390428 0.198529
0.390519 0.198529
0.390611 0.198529
0.390702 0.198529
0.390794 0.198529
0.390886 0.198529
0.390977 0.198529
0.391069 0.198529
0.391160 0.198529
0.391252 0.198529
0.391344 0.198529
0.391435 0.198529
0.391527 0.198529
0.391618 0.198529
0.391710 0.198529
0.391801 0.198529
0.391893 0.198529
0.391985 0.198529
0.392076 0.198529
0.392168 0.198529
0.392259 0.198529
0.392351 0.198529
0.392443 0.198529
0.392534 0.198529
0.392626 0.198529
0.392717 0.198529
0.392809 0.198529
0.392900 0.198529
0.392992 0.198529
0.393084 0.198529
0.393175 0.198529
0.393267 0.198529
0.393358 0.198529
0.393450 0.198529
0.393542 0.198529
0.393633 0.198529
0.393725 0.198529
0.393816 0.198529
0.393908 0.198529
0.393999 0.198529
0.394091 0.198529
0.394183 0.198529
0.394274 0.198529
0.394366 0.198529
0.394457 0.198529
0.394549 0.198529
0.394641 0.198529
0.394732 0.198529
0.394824 0.198529
0.394915 0.198529
0.395007 0.198529
0.395098 0.198529
0.395190 0.198529
0.395282 0.198529
0.395373 0.198529
0.395465 0.198529
0.395556 0.198529
0.395648 0.198529
0.395740 0.198529
0.395831 0.198529
0.395923 0.198529
0.396014 0.198529
0.396106 0.198529
0.396197 0.198529
0.396289 0.198529
0.396381 0.198529
0.396472 0.198529
0.396564 0.198529
0.396655 0.198529
0.396747 0.198529
0.396839 0.198529
0.396930 0.198529
0.397022 0.198529
0.397113 0.198529
0.397205 0.198529
0.397296 0.198529
0.397388 0.198529
0.397480 0.198529
0.397571 0.198529
0.397663 0.198529
0.397754 0.198529
0.397846 0.198529
0.397938 0.198529
0.398029 0.198529
0.398121 0.198529
0.398212 0.198529
0.398304 0.198529
0.398395 0.198529
0.398487 0.198529
0.398579 0.198529
0.398670 0.198529
0.398762 0.198529
0.398853 0.198529
0.398945 0.198529
0.399037 0.198529
0.399128 0.198529
0.399220 0.198529
0.399311 0.198529
0.399403 0.198529
0.399494 0.198529
0.399586 0.198529
0.399678 0.198529
0.399769 0.198529
0.399861 0.198529
0.399952 0.198529
0.400044 0.198529
0.400136 0.198529
0.400227 0.198529
0.400319 0.198529
0.400410 0.198529
0.400502 0.198529
0.400593 0.198529
0.400685 0.198529
0.400777 0.198529
0.400868 0.198529
0.400960 0.198529
0.401051 0.198529
0.401143 0.198529
0.401235 0.198529
0.401326 0.198529
0.401418 0.198529
0.401509 0.198529
0.401601 0.198529
0.401692 0.198529
0.401784 0.198529
0.401876 0.198529
0.401967 0.198529
0.402059 0.198529
0.402150 0.198529
0.402242 0.198529
0.402334 0.198529
0.402425 0.198529
0.402517 0.198529
0.402608 0.198529
0.402700 0.198529
0.402792 0.198529
0.402883 0.198529
0.402975 0.198529
0.403066 0.198529
0.403158 0.198529
0.403249 0.198529
0.403341 0.198529
0.403433 0.198529
0.403524 0.198529
0.403616 0.198529
0.403707 0.198529
0.403799 0.198529
0.403891 0.198529
0.403982 0.198529
0.404074 0.198529
0.404165 0.198529
0.404257 0.198529
0.404348 0.198529
0.404440 0.198529
0.404532 0.198529
0.404623 0.198529
0.404715 0.198529
0.404806 0.198529
0.404898 0.198529
0.404990 0.198529
0.405081 0.198529
0.405173 0.198529
0.405264 0.198529
0.405356 0.198529
0.405447 0.198529
0.405539 0.198529
0.405631 0.198529
0.405722 0.198529
0.405814 0.198529
0.405905 0.198529
0.405997 0.198529
0.406089 0.198529
0.406180 0.198529
0.406272 0.198529
0.406363 0.198529
0.406455 0.198529
0.406546 0.198529
0.406638 0.198529
0.406730 0.198529
0.406821 0.198529
0.406913 0.198529
0.407004 0.198529
0.407096 0.198529
0.407188 0.198529
0.407279 0.198529
0.407371 0.198529
0.407462 0.198529
0.407554 0.198529
0.407645 0.198529
0.407737 0.198529
0.407829 0.198529
0.407920 0.198529
0.408012 0.198529
0.408103 0.198529
0.408195 0.198529
0.408287 0.198529
0.408378 0.198529
0.408470 0.191176
0.408561 0.191176
0.408653 0.183824
0.408744 0.183824
0.408836 0.183824
0.408928 0.183824
0.409019 0.183824
0.409111 0.183824
0.409202 0.183824
0.409294 0.183824
0.409386 0.183824
0.409477 0.183824
0.409569 0.183824
0.409660 0.183824
0.409752 0.183824
0.409843 0.183824
0.409935 0.183824
0.410027 0.183824
0.410118 0.183824
0.410210 0.183824
0.410301 0.183824
0.410393 0.183824
0.410485 0.183824
0.410576 0.183824
0.410668 0.183824
0.410759 0.183824
0.410851 0.183824
0.410942 0.183824
0.411034 0.183824
0.411126 0.183824
0.411217 0.183824
0.411309 0.183824
0.411400 0.183824
0.411492 0.183824
0.411584 0.183824
0.411675 0.183824
0.411767 0.183824
0.411858 0.183824
0.411950 0.183824
0.412041 0.183824
0.412133 0.183824
0.412225 0.183824
0.412316 0.183824
0.412408 0.183824
0.412499 0.183824
0.412591 0.183824
0.412683 0.183824
0.412774 0.183824
0.412866 0.183824
0.412957 0.183824
0.413049 0.183824
0.413141 0.183824
0.413232 0.183824
0.413324 0.183824
0.413415 0.183824
0.413507 0.183824
0.413598 0.183824
0.413690 0.183824
0.413782 0.183824
0.413873 0.183824
0.413965 0.183824
0.414056 0.183824
0.414148 0.183824
0.414240 0.183824
0.414331 0.183824
0.414423 0.183824
0.414514 0.183824
0.414606 0.183824
0.414697 0.183824
0.414789 0.183824
0.414881 0.183824
0.414972 0.183824
0.415064 0.183824
0.415155 0.183824
0.415247 0.183824
0.415339 0.183824
0.415430 0.183824
0.415522 0.183824
0.415613 0.183824
0.415705 0.183824
0.415796 0.183824
0.415888 0.183824
0.415980 0.183824
0.416071 0.183824
0.416163 0.183824
0.416254 0.183824
0.416346 0.183824
0.416438 0.183824
0.416529 0.183824
0.416621 0.183824
0.416712 0.183824
0.416804 0.183824
0.416895 0.183824
0.416987 0.183824
0.417079 0.183824
0.417170 0.183824
0.417262 0.183824
0.417353 0.183824
0.417445 0.183824
0.417537 0.183824
0.417628 0.183824
0.417720 0.183824
0.417811 0.183824
0.417903 0.183824
0.417994 0.183824
0.418086 0.183824
0.418178 0.183824
0.418269 0.183824
0.418361 0.183824
0.418452 0.183824
0.418544 0.183824
0.418636 0.183824
0.418727 0.183824
0.418819 0.183824
0.418910 0.183824
0.419002 0.183824
0.419093 0.183824
0.419185 0.176471
0.419277 0.176471
0.419368 0.169118
0.419460 0.169118
0.419551 0.169118
0.419643 0.169118
0.419735 0.169118
0.419826 0.169118
0.419918 0.169118
0.420009 0.169118
0.420101 0.169118
0.420192 0.169118
0.420284 0.169118
0.420376 0.169118
0.420467 0.169118
0.420559 0.169118
0.420650 0.169118
0.420742 0.169118
0.420834 0.169118
0.420925 0.169118
0.421017 0.169118
0.421108 0.169118
0.421200 0.169118
0.421291 0.169118
0.421383 0.169118
0.421475 0.169118
0.421566 0.169118
0.421658 0.169118
0.421749 0.169118
0.421841 0.169118
0.421933 0.169118
0.422024 0.169118
0.422116 0.169118
0.422207 0.169118
0.422299 0.169118
0.422390 0.169118
0.422482 0.169118
0.422574 0.169118
0.422665 0.169118
0.422757 0.169118
0.422848 0.169118
0.422940 0.169118
0.423032 0.169118
0.423123 0.169118
0.423215 0.169118
0.423306 0.169118
0.423398 0.169118
0.423489 0.169118
0.423581 0.169118
0.423673 0.169118
0.423764 0.169118
0.423856 0.169118
0.423947 0.169118
0.424039 0.169118
0.424131 0.169118
0.424222 0.169118
0.424314 0.169118
0.424405 0.169118
0.424497 0.169118
0.424589 0.169118
0.424680 0.169118
0.424772 0.169118
0.424863 0.169118
0.424955 0.169118
0.425046 0.169118
0.425138 0.169118
0.425230 0.169118
0.425321 0.169118
0.425413 0.169118
0.425504 0.169118
0.425596 0.169118
0.425688 0.169118
0.425779 0.169118
0.425871 0.169118
0.425962 0.169118
0.426054 0.169118
0.426145 0.169118
0.426237 0.169118
0.426329 0.169118
0.426420 0.169118
0.426512 0.169118
0.426603 0.169118
0.426695 0.169118
0.426787 0.169118
0.426878 0.169118
0.426970 0.169118
0.427061 0.169118
0.427153 0.169118
0.427244 0.169118
0.427336 0.169118
0.427428 0.169118
0.427519 0.169118
0.427611 0.169118
0.427702 0.169118
0.427794 0.169118
0.427886 0.169118
0.427977 0.169118
0.428069 0.169118
0.428160 0.169118
0.428252 0.169118
0.428343 0.169118
0.428435 0.169118
0.428527 0.161765
0.428618 0.161765
0.428710 0.161765
0.428801 0.161765
0.428893 0.161765
0.428985 0.161765
0.429076 0.161765
0.429168 0.161765
0.429259 0.161765
0.429351 0.161765
0.429442 0.161765
0.429534 0.161765
0.429626 0.161765
0.429717 0.161765
0.429809 0.161765
0.429900 0.161765
0.429992 0.161765
0.430084 0.161765
0.430175 0.161765
0.430267 0.161765
0.430358 0.161765
0.430450 0.161765
0.430541 0.161765
0.430633 0.161765
0.430725 0.161765
0.430816 0.161765
0.430908 0.161765
0.430999 0.161765
0.431091 0.161765
0.431183 0.161765
0.431274 0.161765
0.431366 0.161765
0.431457 0.161765
0.431549 0.161765
0.431640 0.161765
0.431732 0.161765
0.431824 0.161765
0.431915 0.161765
0.432007 0.161765
0.432098 0.161765
0.432190 0.161765
0.432282 0.161765
0.432373 0.161765
0.432465 0.161765
0.432556 0.161765
0.432648 0.161765
0.432739 0.161765
0.432831 0.161765
0.432923 0.161765
0.433014 0.161765
0.433106 0.161765
0.433197 0.161765
0.433289 0.161765
0.433381 0.161765
0.433472 0.161765
0.433564 0.161765
0.433655 0.161765
0.433747 0.161765
0.433838 0.161765
0.433930 0.161765
0.434022 0.161765
0.434113 0.161765
0.434205 0.161765
0.434296 0.161765
0.434388 0.161765
0.434480 0.161765
0.434571 0.161765
0.434663 0.161765
0.434754 0.161765
0.434846 0.161765
0.434937 0.161765
0.435029 0.161765
0.435121 0.161765
0.435212 0.161765
0.435304 0.161765
0.435395 0.161765
0.435487 0.161765
0.435579 0.161765
0.435670 0.161765
0.435762 0.161765
0.435853 0.161765
0.435945 0.161765
0.436037 0.161765
0.436128 0.161765
0.436220 0.161765
0.436311 0.161765
0.436403 0.161765
0.436494 0.161765
0.436586 0.161765
0.436678 0.161765
0.436769 0.161765
0.436861 0.161765
0.436952 0.161765
0.437044 0.161765
0.437136 0.161765
0.437227 0.161765
0.437319 0.161765
0.437410 0.161765
0.437502 0.161765
0.437593 0.161765
0.437685 0.161765
0.437777 0.161765
0.437868 0.161765
0.437960 0.161765
0.438051 0.161765
0.438143 0.161765
0.438235 0.161765
0.438326 0.161765
0.438418 0.161765
0.438509 0.161765
0.438601 0.161765
0.438692 0.161765
0.438784 0.161765
0.438876 0.161765
0.438967 0.161765
0.439059 0.161765
0.439150 0.161765
0.439242 0.161765
0.439334 0.161765
0.439425 0.161765
0.439517 0.161765
0.439608 0.161765
0.439700 0.161765
0.439791 0.161765
0.439883 0.161765
0.439975 0.161765
0.440066 0.161765
0.440158 0.161765
0.440249 0.161765
0.440341 0.161765
0.440433 0.161765
0.440524 0.161765
0.440616 0.161765
0.440707 0.161765
0.440799 0.161765
0.440890 0.161765
0.440982 0.161765
0.441074 0.161765
0.441165 0.161765
0.441257 0.161765
0.441348 0.161765
0.441440 0.161765
0.441532 0.161765
0.441623 0.161765
0.441715 0.161765
0.441806 0.161765
0.441898 0.161765
0.441989 0.161765
0.442081 0.161765
0.442173 0.161765
0.442264 0.161765
0.442356 0.161765
0.442447 0.161765
0.442539 0.161765
0.442631 0.161765
0.442722 0.161765
0.442814 0.161765
0.442905 0.161765
0.442997 0.161765
0.443088 0.161765
0.443180 0.161765
0.443272 0.161765
0.443363 0.161765
0.443455 0.161765
0.443546 0.161765
0.443638 0.161765
0.443730 0.161765
0.443821 0.161765
0.443913 0.161765
0.444004 0.161765
0.444096 0.161765
0.444187 0.161765
0.444279 0.161765
0.444371 0.161765
0.444462 0.161765
0.444554 0.161765
0.444645 0.161765
0.444737 0.161765
0.444829 0.161765
0.444920 0.161765
0.445012 0.161765
0.445103 0.161765
0.445195 0.161765
0.445286 0.161765
0.445378 0.161765
0.445470 0.161765
0.445561 0.161765
0.445653 0.161765
0.445744 0.161765
0.445836 0.161765
0.445928 0.161765
0.446019 0.161765
0.446111 0.161765
0.446202 0.161765
0.446294 0.161765
0.446386 0.161765
0.446477 0.161765
0.446569 0.161765
0.446660 0.161765
0.446752 0.161765
0.446843 0.161765
0.446935 0.161765
0.447027 0.161765
0.447118 0.161765
0.447210 0.161765
0.447301 0.161765
0.447393 0.161765
0.447485 0.161765
0.447576 0.161765
0.447668 0.161765
0.447759 0.161765
0.447851 0.161765
0.447942 0.161765
0.448034 0.161765
0.448126 0.161765
0.448217 0.161765
0.448309 0.161765
0.448400 0.161765
0.448492 0.161765
0.448584 0.161765
0.448675 0.161765
0.448767 0.161765
0.448858 0.161765
0.448950 0.161765
0.449041 0.161765
0.449133 0.161765
0.449225 0.161765
0.449316 0.161765
0.449408 0.161765
0.449499 0.161765
0.449591 0.161765
0.449683 0.161765
0.449774 0.161765
0.449866 0.161765
0.449957 0.161765
0.450049 0.161765
0.450140 0.161765
0.450232 0.161765
0.450324 0.161765
0.450415 0.161765
0.450507 0.161765
0.450598 0.161765
0.450690 0.161765
0.450782 0.161765
0.450873 0.161765
0.450965 0.161765
0.451056 0.161765
0.451148 0.161765
0.451239 0.161765
0.451331 0.161765
0.451423 0.161765
0.451514 0.161765
0.451606 0.161765
0.451697 0.161765
0.451789 0.161765
0.451881 0.161765
0.451972 0.161765
0.452064 0.161765
0.452155 0.161765
0.452247 0.161765
0.452338 0.161765
0.452430 0.161765
0.452522 0.161765
0.452613 0.161765
0.452705 0.161765
0.452796 0.161765
0.452888 0.161765
0.452980 0.161765
0.453071 0.161765
0.453163 0.161765
0.453254 0.161765
0.453346 0.161765
0.453437 0.161765
0.453529 0.161765
0.453621 0.161765
0.453712 0.161765
0.453804 0.161765
0.453895 0.161765
0.453987 0.161765
0.454079 0.161765
0.454170 0.161765
0.454262 0.161765
0.454353 0.161765
0.454445 0.161765
0.454536 0.161765
0.454628 0.161765
0.454720 0.161765
0.454811 0.161765
0.454903 0.161765
0.454994 0.161765
0.455086 0.161765
0.455178 0.161765
0.455269 0.161765
0.455361 0.161765
0.455452 0.161765
0.455544 0.161765
0.455635 0.161765
0.455727 0.161765
0.455819 0.161765
0.455910 0.161765
0.456002 0.161765
0.456093 0.161765
0.456185 0.161765
0.456277 0.161765
0.456368 0.161765
0.456460 0.161765
0.456551 0.161765
0.456643 0.161765
0.456734 0.161765
0.456826 0.161765
0.456918 0.161765
0.457009 0.161765
0.457101 0.161765
0.457192 0.161765
0.457284 0.161765
0.457376 0.161765
0.457467 0.161765
0.457559 0.161765
0.457650 0.161765
0.457742 0.161765
0.457834 0.161765
0.457925 0.161765
0.458017 0.161765
0.458108 0.161765
0.458200 0.161765
0.458291 0.161765
0.458383 0.161765
0.458475 0.161765
0.458566 0.161765
0.458658 0.161765
0.458749 0.161765
0.458841 0.161765
0.458933 0.161765
0.459024 0.161765
0.459116 0.161765
0.459207 0.161765
0.459299 0.161765
0.459390 0.161765
0.459482 0.161765
0.459574 0.161765
0.459665 0.161765
0.459757 0.161765
0.459848 0.161765
0.459940 0.161765
0.460032 0.161765
0.460123 0.161765
0.460215 0.161765
0.460306 0.161765
0.460398 0.161765
0.460489 0.161765
0.460581 0.161765
0.460673 0.161765
0.460764 0.161765
0.460856 0.161765
0.460947 0.161765
0.461039 0.161765
0.461131 0.161765
0.461222 0.161765
0.461314 0.161765
0.461405 0.161765
0.461497 0.161765
0.461588 0.161765
0.461680 0.161765
0.461772 0.161765
0.461863 0.161765
0.461955 0.161765
0.462046 0.161765
0.462138 0.161765
0.462230 0.161765
0.462321 0.161765
0.462413 0.161765
0.462504 0.161765
0.462596 0.161765
0.462687 0.161765
0.462779 0.161765
0.462871 0.161765
0.462962 0.161765
0.463054 0.161765
0.463145 0.161765
0.463237 0.161765
0.463329 0.161765
0.463420 0.161765
0.463512 0.161765
0.463603 0.161765
0.463695 0.161765
0.463786 0.161765
0.463878 0.161765
0.463970 0.161765
0.464061 0.161765
0.464153 0.161765
0.464244 0.161765
0.464336 0.161765
0.464428 0.161765
0.464519 0.161765
0.464611 0.161765
0.464702 0.161765
0.464794 0.161765
0.464885 0.161765
0.464977 0.161765
0.465069 0.161765
0.465160 0.161765
0.465252 0.161765
0.465343 0.161765
0.465435 0.161765
0.465527 0.154412
0.465618 0.154412
0.465710 0.154412
0.465801 0.154412
0.465893 0.154412
0.465984 0.154412
0.466076 0.154412
0.466168 0.154412
0.466259 0.154412
0.466351 0.154412
0.466442 0.154412
0.466534 0.154412
0.466626 0.154412
0.466717 0.154412
0.466809 0.154412
0.466900 0.154412
0.466992 0.154412
0.467083 0.154412
0.467175 0.154412
0.467267 0.154412
0.467358 0.154412
0.467450 0.154412
0.467541 0.154412
0.467633 0.154412
0.467725 0.154412
0.467816 0.154412
0.467908 0.154412
0.467999 0.154412
0.468091 0.154412
0.468182 0.154412
0.468274 0.154412
0.468366 0.154412
0.468457 0.154412
0.468549 0.154412
0.468640 0.154412
0.468732 0.154412
0.468824 0.154412
0.468915 0.154412
0.469007 0.154412
0.469098 0.154412
0.469190 0.154412
0.469282 0.154412
0.469373 0.154412
0.469465 0.154412
0.469556 0.154412
0.469648 0.154412
0.469739 0.154412
0.469831 0.154412
0.469923 0.154412
0.470014 0.154412
0.470106 0.154412
0.470197 0.154412
0.470289 0.154412
0.470381 0.154412
0.470472 0.154412
0.470564 0.154412
0.470655 0.154412
0.470747 0.154412
0.470838 0.154412
0.470930 0.154412
0.471022 0.154412
0.471113 0.154412
0.471205 0.154412
0.471296 0.154412
0.471388 0.154412
0.471480 0.154412
0.471571 0.154412
0.471663 0.154412
0.471754 0.154412
0.471846 0.154412
0.471937 0.154412
0.472029 0.154412
0.472121 0.154412
0.472212 0.154412
0.472304 0.154412
0.472395 0.154412
0.472487 0.154412
0.472579 0.154412
0.472670 0.154412
0.472762 0.154412
0.472853 0.154412
0.472945 0.154412
0.473036 0.154412
0.473128 0.154412
0.473220 0.154412
0.473311 0.154412
0.473403 0.154412
0.473494 0.154412
0.473586 0.154412
0.473678 0.154412
0.473769 0.154412
0.473861 0.154412
0.473952 0.154412
0.474044 0.154412
0.474135 0.154412
0.474227 0.154412
0.474319 0.154412
0.474410 0.154412
0.474502 0.154412
0.474593 0.154412
0.474685 0.154412
0.474777 0.154412
0.474868 0.154412
0.474960 0.154412
0.475051 0.154412
0.475143 0.154412
0.475234 0.154412
0.475326 0.154412
0.475418 0.154412
0.475509 0.154412
0.475601 0.154412
0.475692 0.154412
0.475784 0.154412
0.475876 0.154412
0.475967 0.154412
0.476059 0.154412
0.476150 0.154412
0.476242 0.154412
0.476333 0.154412
0.476425 0.154412
0.476517 0.154412
0.476608 0.154412
0.476700 0.154412
0.476791 0.154412
0.476883 0.154412
0.476975 0.154412
0.477066 0.154412
0.477158 0.154412
0.477249 0.154412
0.477341 0.154412
0.477432 0.154412
0.477524 0.154412
0.477616 0.154412
0.477707 0.154412
0.477799 0.154412
0.477890 0.154412
0.477982 0.154412
0.478074 0.154412
0.478165 0.154412
0.478257 0.154412
0.478348 0.154412
0.478440 0.154412
0.478531 0.154412
0.478623 0.154412
0.478715 0.154412
0.478806 0.154412
0.478898 0.154412
0.478989 0.154412
0.479081 0.154412
0.479173 0.154412
0.479264 0.154412
0.479356 0.154412
0.479447 0.154412
0.479539 0.154412
0.479631 0.154412
0.479722 0.154412
0.479814 0.154412
0.479905 0.154412
0.479997 0.154412
0.480088 0.154412
0.480180 0.154412
0.480272 0.154412
0.480363 0.154412
0.480455 0.154412
0.480546 0.154412
0.480638 0.154412
0.480730 0.154412
0.480821 0.147059
0.480913 0.147059
0.481004 0.147059
0.481096 0.147059
0.481187 0.147059
0.481279 0.147059
0.481371 0.147059
0.481462 0.147059
0.481554 0.147059
0.481645 0.147059
0.481737 0.147059
0.481829 0.147059
0.481920 0.147059
0.482012 0.147059
0.482103 0.147059
0.482195 0.147059
0.482286 0.147059
0.482378 0.147059
0.482470 0.147059
0.482561 0.147059
0.482653 0.147059
0.482744 0.147059
0.482836 0.147059
0.482928 0.147059
0.483019 0.147059
0.483111 0.147059
0.483202 0.147059
0.483294 0.147059
0.483385 0.147059
0.483477 0.147059
0.483569 0.147059
0.483660 0.147059
0.483752 0.147059
0.483843 0.147059
0.483935 0.147059
0.484027 0.147059
0.484118 0.147059
0.484210 0.147059
0.484301 0.147059
0.484393 0.147059
0.484484 0.147059
0.484576 0.147059
0.484668 0.147059
0.484759 0.147059
0.484851 0.147059
0.484942 0.147059
0.485034 0.139706
0.485126 0.139706
0.485217 0.139706
0.485309 0.139706
0.485400 0.139706
0.485492 0.139706
0.485583 0.139706
0.485675 0.132353
0.485767 0.132353
0.485858 0.132353
0.485950 0.132353
0.486041 0.132353
0.486133 0.132353
0.486225 0.132353
0.486316 0.132353
0.486408 0.132353
0.486499 0.132353
0.486591 0.132353
0.486682 0.132353
0.486774 0.132353
0.486866 0.132353
0.486957 0.132353
0.487049 0.132353
0.487140 0.132353
0.487232 0.132353
0.487324 0.132353
0.487415 0.132353
0.487507 0.132353
0.487598 0.132353
0.487690 0.132353
0.487781 0.132353
0.487873 0.132353
0.487965 0.132353
0.488056 0.132353
0.488148 0.132353
0.488239 0.132353
0.488331 0.132353
0.488423 0.132353
0.488514 0.132353
0.488606 0.132353
0.488697 0.132353
0.488789 0.132353
0.488880 0.132353
0.488972 0.132353
0.489064 0.132353
0.489155 0.132353
0.489247 0.132353
0.489338 0.132353
0.489430 0.132353
0.489522 0.132353
0.489613 0.132353
0.489705 0.132353
0.489796 0.132353
0.489888 0.132353
0.489979 0.132353
0.490071 0.132353
0.490163 0.132353
0.490254 0.132353
0.490346 0.132353
0.490437 0.132353
0.490529 0.132353
0.490621 0.132353
0.490712 0.132353
0.490804 0.132353
0.490895 0.132353
0.490987 0.132353
0.491079 0.132353
0.491170 0.132353
0.491262 0.125000
0.491353 0.125000
0.491445 0.125000
0.491536 0.125000
0.491628 0.125000
0.491720 0.125000
0.491811 0.125000
0.491903 0.125000
0.491994 0.125000
0.492086 0.125000
0.492178 0.125000
0.492269 0.125000
0.492361 0.125000
0.492452 0.125000
0.492544 0.125000
0.492635 0.125000
0.492727 0.125000
0.492819 0.125000
0.492910 0.125000
0.493002 0.125000
0.493093 0.125000
0.493185 0.125000
0.493277 0.125000
0.493368 0.125000
0.493460 0.125000
0.493551 0.125000
0.493643 0.125000
0.493734 0.125000
0.493826 0.117647
0.493918 0.117647
0.494009 0.117647
0.494101 0.117647
0.494192 0.117647
0.494284 0.117647
0.494376 0.117647
0.494467 0.117647
0.494559 0.117647
0.494650 0.117647
0.494742 0.117647
0.494833 0.117647
0.494925 0.117647
0.495017 0.117647
0.495108 0.117647
0.495200 0.117647
0.495291 0.117647
0.495383 0.117647
0.495475 0.117647
0.495566 0.117647
0.495658 0.117647
0.495749 0.117647
0.495841 0.117647
0.495932 0.117647
0.496024 0.117647
0.496116 0.117647
0.496207 0.117647
0.496299 0.117647
0.496390 0.117647
0.496482 0.117647
0.496574 0.117647
0.496665 0.110294
0.496757 0.110294
0.496848 0.110294
0.496940 0.110294
0.497031 0.110294
0.497123 0.110294
0.497215 0.110294
0.497306 0.110294
0.497398 0.110294
0.497489 0.110294
0.497581 0.110294
0.497673 0.110294
0.497764 0.110294
0.497856 0.110294
0.497947 0.110294
0.498039 0.110294
0.498130 0.110294
0.498222 0.110294
0.498314 0.110294
0.498405 0.110294
0.498497 0.110294
0.498588 0.110294
0.498680 0.110294
0.498772 0.110294
0.498863 0.110294
0.498955 0.110294
0.499046 0.110294
0.499138 0.110294
0.499229 0.110294
0.499321 0.110294
0.499413 0.110294
0.499504 0.110294
0.499596 0.110294
0.499687 0.110294
0.499779 0.110294
0.499871 0.110294
0.499962 0.110294
0.500054 0.110294
0.500145 0.110294
0.500237 0.110294
0.500328 0.110294
0.500420 0.110294
0.500512 0.110294
0.500603 0.110294
0.500695 0.110294
0.500786 0.110294
0.500878 0.110294
0.500970 0.110294
0.501061 0.110294
0.501153 0.110294
0.501244 0.110294
0.501336 0.110294
0.501427 0.110294
0.501519 0.110294
0.501611 0.110294
0.501702 0.110294
0.501794 0.110294
0.501885 0.110294
0.501977 0.110294
0.502069 0.110294
0.502160 0.110294
0.502252 0.110294
0.502343 0.110294
0.502435 0.110294
0.502527 0.110294
0.502618 0.110294
0.502710 0.110294
0.502801 0.110294
0.502893 0.110294
0.502984 0.110294
0.503076 0.110294
0.503168 0.110294
0.503259 0.110294
0.503351 0.110294
0.503442 0.110294
0.503534 0.110294
0.503626 0.110294
0.503717 0.110294
0.503809 0.110294
0.503900 0.110294
0.503992 0.110294
0.504083 0.110294
0.504175 0.110294
0.504267 0.110294
0.504358 0.110294
0.504450 0.110294
0.504541 0.110294
0.504633 0.110294
0.504725 0.110294
0.504816 0.110294
0.504908 0.110294
0.504999 0.110294
0.505091 0.110294
0.505182 0.110294
0.505274 0.110294
0.505366 0.110294
0.505457 0.110294
0.505549 0.110294
0.505640 0.110294
0.505732 0.110294
0.505824 0.110294
0.505915 0.110294
0.506007 0.110294
0.506098 0.110294
0.506190 0.110294
0.506281 0.110294
0.506373 0.110294
0.506465 0.110294
0.506556 0.110294
0.506648 0.110294
0.506739 0.110294
0.506831 0.110294
0.506923 0.110294
0.507014 0.110294
0.507106 0.110294
0.507197 0.110294
0.507289 0.110294
0.507380 0.110294
0.507472 0.110294
0.507564 0.110294
0.507655 0.110294
0.507747 0.110294
0.507838 0.110294
0.507930 0.110294
0.508022 0.110294
0.508113 0.110294
0.508205 0.102941
0.508296 0.102941
0.508388 0.102941
0.508479 0.095588
0.508571 0.095588
0.508663 0.095588
0.508754 0.095588
0.508846 0.095588
0.508937 0.095588
0.509029 0.095588
0.509121 0.095588
0.509212 0.095588
0.509304 0.095588
0.509395 0.095588
0.509487 0.095588
0.509578 0.095588
0.509670 0.095588
0.509762 0.095588
0.509853 0.095588
0.509945 0.095588
0.510036 0.095588
0.510128 0.095588
0.510220 0.095588
0.510311 0.095588
0.510403 0.095588
0.510494 0.095588
0.510586 0.095588
0.510677 0.095588
0.510769 0.095588
0.510861 0.095588
0.510952 0.088235
0.511044 0.088235
0.511135 0.088235
0.511227 0.088235
0.511319 0.088235
0.511410 0.088235
0.511502 0.088235
0.511593 0.088235
0.511685 0.088235
0.511776 0.088235
0.511868 0.088235
0.511960 0.088235
0.512051 0.088235
0.512143 0.088235
0.512234 0.088235
0.512326 0.088235
0.512418 0.088235
0.512509 0.088235
0.512601 0.088235
0.512692 0.088235
0.512784 0.088235
0.512876 0.088235
0.512967 0.088235
0.513059 0.088235
0.513150 0.088235
0.513242 0.088235
0.513333 0.088235
0.513425 0.088235
0.513517 0.088235
0.513608 0.088235
0.513700 0.088235
0.513791 0.088235
0.513883 0.088235
0.513975 0.088235
0.514066 0.088235
0.514158 0.088235
0.514249 0.088235
0.514341 0.088235
0.514432 0.088235
0.514524 0.088235
0.514616 0.088235
0.514707 0.088235
0.514799 0.088235
0.514890 0.088235
0.514982 0.088235
0.515074 0.088235
0.515165 0.088235
0.515257 0.088235
0.515348 0.088235
0.515440 0.088235
0.515531 0.088235
0.515623 0.088235
0.515715 0.088235
0.515806 0.088235
0.515898 0.088235
0.515989 0.088235
0.516081 0.088235
0.516173 0.088235
0.516264 0.088235
0.516356 0.088235
0.516447 0.088235
0.516539 0.088235
0.516630 0.088235
0.516722 0.088235
0.516814 0.088235
0.516905 0.088235
0.516997 0.088235
0.517088 0.088235
0.517180 0.088235
0.517272 0.088235
0.517363 0.088235
0.517455 0.088235
0.517546 0.088235
0.517638 0.088235
0.517729 0.088235
0.517821 0.088235
0.517913 0.088235
0.518004 0.088235
0.518096 0.088235
0.518187 0.088235
0.518279 0.088235
0.518371 0.088235
0.518462 0.088235
0.518554 0.088235
0.518645 0.088235
0.518737 0.088235
0.518828 0.088235
0.518920 0.088235
0.519012 0.088235
0.519103 0.088235
0.519195 0.088235
0.519286 0.088235
0.519378 0.088235
0.519470 0.088235
0.519561 0.088235
0.519653 0.088235
0.519744 0.088235
0.519836 0.088235
0.519927 0.088235
0.520019 0.088235
0.520111 0.088235
0.520202 0.088235
0.520294 0.088235
0.520385 0.088235
0.520477 0.088235
0.520569 0.088235
0.520660 0.088235
0.520752 0.088235
0.520843 0.088235
0.520935 0.088235
0.521026 0.088235
0.521118 0.088235
0.521210 0.088235
0.521301 0.088235
0.521393 0.088235
0.521484 0.088235
0.521576 0.088235
0.521668 0.088235
0.521759 0.088235
0.521851 0.088235
0.521942 0.088235
0.522034 0.088235
0.522125 0.088235
0.522217 0.088235
0.522309 0.088235
0.522400 0.088235
0.522492 0.088235
0.522583 0.088235
0.522675 0.088235
0.522767 0.088235
0.522858 0.088235
0.522950 0.088235
0.523041 0.088235
0.523133 0.088235
0.523224 0.088235
0.523316 0.088235
0.523408 0.088235
0.523499 0.088235
0.523591 0.088235
0.523682 0.088235
0.523774 0.088235
0.523866 0.088235
0.523957 0.088235
0.524049 0.088235
0.524140 0.088235
0.524232 0.088235
0.524324 0.088235
0.524415 0.088235
0.524507 0.088235
0.524598 0.088235
0.524690 0.088235
0.524781 0.088235
0.524873 0.088235
0.524965 0.088235
0.525056 0.088235
0.525148 0.088235
0.525239 0.088235
0.525331 0.088235
0.525423 0.088235
0.525514 0.088235
0.525606 0.088235
0.525697 0.088235
0.525789 0.088235
0.525880 0.088235
0.525972 0.088235
0.526064 0.088235
0.526155 0.088235
0.526247 0.088235
0.526338 0.088235
0.526430 0.088235
0.526522 0.088235
0.526613 0.088235
0.526705 0.088235
0.526796 0.088235
0.526888 0.088235
0.526979 0.088235
0.527071 0.088235
0.527163 0.088235
0.527254 0.088235
0.527346 0.088235
0.527437 0.088235
0.527529 0.088235
0.527621 0.088235
0.527712 0.088235
0.527804 0.088235
0.527895 0.088235
0.527987 0.088235
0.528078 0.088235
0.528170 0.088235
0.528262 0.088235
0.528353 0.088235
0.528445 0.088235
0.528536 0.088235
0.528628 0.088235
0.528720 0.088235
0.528811 0.088235
0.528903 0.088235
0.528994 0.088235
0.529086 0.088235
0.529177 0.088235
0.529269 0.088235
0.529361 0.088235
0.529452 0.088235
0.529544 0.088235
0.529635 0.088235
0.529727 0.088235
0.529819 0.088235
0.529910 0.088235
0.530002 0.088235
0.530093 0.088235
0.530185 0.088235
0.530276 0.088235
0.530368 0.088235
0.530460 0.088235
0.530551 0.088235
0.530643 0.088235
0.530734 0.088235
0.530826 0.088235
0.530918 0.088235
0.531009 0.088235
0.531101 0.088235
0.531192 0.088235
0.531284 0.088235
0.531375 0.088235
0.531467 0.088235
0.531559 0.088235
0.531650 0.088235
0.531742 0.088235
0.531833 0.088235
0.531925 0.088235
0.532017 0.088235
0.532108 0.088235
0.532200 0.088235
0.532291 0.088235
0.532383 0.088235
0.532474 0.088235
0.532566 0.088235
0.532658 0.088235
0.532749 0.088235
0.532841 0.088235
0.532932 0.088235
0.533024 0.088235
0.533116 0.088235
0.533207 0.088235
0.533299 0.088235
0.533390 0.088235
0.533482 0.088235
0.533573 0.088235
0.533665 0.088235
0.533757 0.088235
0.533848 0.088235
0.533940 0.088235
0.534031 0.088235
0.534123 0.088235
0.534215 0.088235
0.534306 0.088235
0.534398 0.088235
0.534489 0.088235
0.534581 0.088235
0.534672 0.088235
0.534764 0.088235
0.534856 0.088235
0.534947 0.088235
0.535039 0.088235
0.535130 0.088235
0.535222 0.088235
0.535314 0.088235
0.535405 0.088235
0.535497 0.088235
0.535588 0.088235
0.535680 0.088235
0.535772 0.088235
0.535863 0.088235
0.535955 0.088235
0.536046 0.088235
0.536138 0.088235
0.536229 0.088235
0.536321 0.088235
0.536413 0.088235
0.536504 0.088235
0.536596 0.088235
0.536687 0.088235
0.536779 0.088235
0.536871 0.088235
0.536962 0.088235
0.537054 0.088235
0.537145 0.088235
0.537237 0.088235
0.537328 0.088235
0.537420 0.088235
0.537512 0.088235
0.537603 0.088235
0.537695 0.088235
0.537786 0.080882
0.537878 0.080882
0.537970 0.080882
0.538061 0.080882
0.538153 0.080882
0.538244 0.080882
0.538336 0.080882
0.538427 0.080882
0.538519 0.080882
0.538611 0.080882
0.538702 0.080882
0.538794 0.080882
0.538885 0.080882
0.538977 0.080882
0.539069 0.080882
0.539160 0.080882
0.539252 0.080882
0.539343 0.080882
0.539435 0.080882
0.539526 0.080882
0.539618 0.080882
0.539710 0.080882
0.539801 0.080882
0.539893 0.080882
0.539984 0.080882
0.540076 0.080882
0.540168 0.080882
0.540259 0.080882
0.540351 0.080882
0.540442 0.080882
0.540534 0.080882
0.540625 0.080882
0.540717 0.080882
0.540809 0.080882
0.540900 0.080882
0.540992 0.080882
0.541083 0.080882
0.541175 0.080882
0.541267 0.080882
0.541358 0.080882
0.541450 0.080882
0.541541 0.080882
0.541633 0.080882
0.541724 0.080882
0.541816 0.080882
0.541908 0.080882
0.541999 0.080882
0.542091 0.080882
0.542182 0.080882
0.542274 0.080882
0.542366 0.080882
0.542457 0.080882
0.542549 0.080882
0.542640 0.080882
0.542732 0.080882
0.542823 0.080882
0.542915 0.080882
0.543007 0.080882
0.543098 0.080882
0.543190 0.080882
0.543281 0.080882
0.543373 0.080882
0.543465 0.080882
0.543556 0.080882
0.543648 0.080882
0.543739 0.080882
0.543831 0.080882
0.543922 0.080882
0.544014 0.080882
0.544106 0.080882
0.544197 0.080882
0.544289 0.080882
0.544380 0.080882
0.544472 0.080882
0.544564 0.080882
0.544655 0.080882
0.544747 0.080882
0.544838 0.080882
0.544930 0.080882
0.545021 0.080882
0.545113 0.080882
0.545205 0.080882
0.545296 0.080882
0.545388 0.080882
0.545479 0.080882
0.545571 0.080882
0.545663 0.080882
0.545754 0.080882
0.545846 0.080882
0.545937 0.080882
0.546029 0.080882
0.546120 0.080882
0.546212 0.080882
0.546304 0.080882
0.546395 0.080882
0.546487 0.080882
0.546578 0.080882
0.546670 0.080882
0.546762 0.080882
0.546853 0.080882
0.546945 0.080882
0.547036 0.080882
0.547128 0.080882
0.547220 0.080882
0.547311 0.080882
0.547403 0.080882
0.547494 0.080882
0.547586 0.080882
0.547677 0.080882
0.547769 0.080882
0.547861 0.080882
0.547952 0.080882
0.548044 0.080882
0.548135 0.080882
0.548227 0.080882
0.548319 0.080882
0.548410 0.080882
0.548502 0.080882
0.548593 0.080882
0.548685 0.080882
0.548776 0.080882
0.548868 0.080882
0.548960 0.080882
0.549051 0.080882
0.549143 0.080882
0.549234 0.080882
0.549326 0.080882
0.549418 0.080882
0.549509 0.080882
0.549601 0.080882
0.549692 0.080882
0.549784 0.080882
0.549875 0.080882
0.549967 0.080882
0.550059 0.080882
0.550150 0.080882
0.550242 0.080882
0.550333 0.080882
0.550425 0.080882
0.550517 0.080882
0.550608 0.080882
0.550700 0.080882
0.550791 0.080882
0.550883 0.080882
0.550974 0.080882
0.551066 0.080882
0.551158 0.080882
0.551249 0.080882
0.551341 0.080882
0.551432 0.080882
0.551524 0.080882
0.551616 0.080882
0.551707 0.080882
0.551799 0.080882
0.551890 0.080882
0.551982 0.080882
0.552073 0.080882
0.552165 0.080882
0.552257 0.080882
0.552348 0.080882
0.552440 0.080882
0.552531 0.080882
0.552623 0.080882
0.552715 0.080882
0.552806 0.080882
0.552898 0.080882
0.552989 0.080882
0.553081 0.080882
0.553172 0.080882
0.553264 0.080882
0.553356 0.080882
0.553447 0.080882
0.553539 0.080882
0.553630 0.080882
0.553722 0.080882
0.553814 0.080882
0.553905 0.080882
0.553997 0.080882
0.554088 0.080882
0.554180 0.080882
0.554271 0.080882
0.554363 0.080882
0.554455 0.080882
0.554546 0.080882
0.554638 0.080882
0.554729 0.080882
0.554821 0.080882
0.554913 0.080882
0.555004 0.080882
0.555096 0.080882
0.555187 0.080882
0.555279 0.080882
0.555370 0.080882
0.555462 0.080882
0.555554 0.080882
0.555645 0.080882
0.555737 0.080882
0.555828 0.080882
0.555920 0.080882
0.556012 0.080882
0.556103 0.080882
0.556195 0.080882
0.556286 0.080882
0.556378 0.080882
0.556469 0.080882
0.556561 0.080882
0.556653 0.080882
0.556744 0.080882
0.556836 0.080882
0.556927 0.080882
0.557019 0.080882
0.557111 0.080882
0.557202 0.080882
0.557294 0.080882
0.557385 0.080882
0.557477 0.080882
0.557569 0.080882
0.557660 0.080882
0.557752 0.080882
0.557843 0.080882
0.557935 0.080882
0.558026 0.080882
0.558118 0.080882
0.558210 0.080882
0.558301 0.080882
0.558393 0.080882
0.558484 0.080882
0.558576 0.080882
0.558668 0.080882
0.558759 0.080882
0.558851 0.080882
0.558942 0.080882
0.559034 0.080882
0.559125 0.080882
0.559217 0.080882
0.559309 0.080882
0.559400 0.080882
0.559492 0.080882
0.559583 0.080882
0.559675 0.080882
0.559767 0.080882
0.559858 0.080882
0.559950 0.080882
0.560041 0.080882
0.560133 0.080882
0.560224 0.080882
0.560316 0.080882
0.560408 0.080882
0.560499 0.080882
0.560591 0.080882
0.560682 0.080882
0.560774 0.080882
0.560866 0.080882
0.560957 0.080882
0.561049 0.080882
0.561140 0.080882
0.561232 0.080882
0.561323 0.080882
0.561415 0.080882
0.561507 0.080882
0.561598 0.080882
0.561690 0.080882
0.561781 0.080882
0.561873 0.080882
0.561965 0.080882
0.562056 0.080882
0.562148 0.080882
0.562239 0.080882
0.562331 0.080882
0.562422 0.080882
0.562514 0.080882
0.562606 0.080882
0.562697 0.080882
0.562789 0.080882
0.562880 0.080882
0.562972 0.080882
0.563064 0.080882
0.563155 0.080882
0.563247 0.080882
0.563338 0.080882
0.563430 0.080882
0.563521 0.080882
0.563613 0.080882
0.563705 0.080882
0.563796 0.080882
0.563888 0.080882
0.563979 0.080882
0.564071 0.080882
0.564163 0.080882
0.564254 0.080882
0.564346 0.080882
0.564437 0.080882
0.564529 0.080882
0.564620 0.080882
0.564712 0.080882
0.564804 0.080882
0.564895 0.080882
0.564987 0.080882
0.565078 0.080882
0.565170 0.080882
0.565262 0.080882
0.565353 0.080882
0.565445 0.080882
0.565536 0.080882
0.565628 0.080882
0.565719 0.080882
0.565811 0.080882
0.565903 0.080882
0.565994 0.080882
0.566086 0.080882
0.566177 0.080882
0.566269 0.080882
0.566361 0.080882
0.566452 0.080882
0.566544 0.080882
0.566635 0.080882
0.566727 0.080882
0.566818 0.080882
0.566910 0.080882
0.567002 0.080882
0.567093 0.080882
0.567185 0.080882
0.567276 0.080882
0.567368 0.080882
0.567460 0.080882
0.567551 0.080882
0.567643 0.080882
0.567734 0.080882
0.567826 0.080882
0.567917 0.080882
0.568009 0.080882
0.568101 0.080882
0.568192 0.080882
0.568284 0.080882
0.568375 0.080882
0.568467 0.080882
0.568559 0.080882
0.568650 0.080882
0.568742 0.080882
0.568833 0.080882
0.568925 0.080882
0.569017 0.080882
0.569108 0.080882
0.569200 0.080882
0.569291 0.080882
0.569383 0.080882
0.569474 0.080882
0.569566 0.080882
0.569658 0.080882
0.569749 0.080882
0.569841 0.080882
0.569932 0.080882
0.570024 0.080882
0.570116 0.080882
0.570207 0.080882
0.570299 0.080882
0.570390 0.080882
0.570482 0.080882
0.570573 0.080882
0.570665 0.080882
0.570757 0.080882
0.570848 0.080882
0.570940 0.080882
0.571031 0.080882
0.571123 0.080882
0.571215 0.080882
0.571306 0.080882
0.571398 0.080882
0.571489 0.080882
0.571581 0.080882
0.571672 0.080882
0.571764 0.080882
0.571856 0.080882
0.571947 0.080882
0.572039 0.080882
0.572130 0.080882
0.572222 0.080882
0.572314 0.080882
0.572405 0.080882
0.572497 0.080882
0.572588 0.080882
0.572680 0.080882
0.572771 0.080882
0.572863 0.080882
0.572955 0.080882
0.573046 0.080882
0.573138 0.080882
0.573229 0.080882
0.573321 0.080882
0.573413 0.080882
0.573504 0.080882
0.573596 0.080882
0.573687 0.080882
0.573779 0.080882
0.573870 0.080882
0.573962 0.080882
0.574054 0.080882
0.574145 0.080882
0.574237 0.080882
0.574328 0.080882
0.574420 0.080882
0.574512 0.080882
0.574603 0.080882
0.574695 0.080882
0.574786 0.080882
0.574878 0.080882
0.574969 0.080882
0.575061 0.080882
0.575153 0.080882
0.575244 0.080882
0.575336 0.080882
0.575427 0.080882
0.575519 0.080882
0.575611 0.080882
0.575702 0.080882
0.575794 0.080882
0.575885 0.080882
0.575977 0.080882
0.576068 0.080882
0.576160 0.080882
0.576252 0.080882
0.576343 0.080882
0.576435 0.080882
0.576526 0.080882
0.576618 0.080882
0.576710 0.080882
0.576801 0.080882
0.576893 0.080882
0.576984 0.080882
0.577076 0.080882
0.577167 0.080882
0.577259 0.080882
0.577351 0.080882
0.577442 0.080882
0.577534 0.080882
0.577625 0.080882
0.577717 0.080882
0.577809 0.080882
0.577900 0.080882
0.577992 0.080882
0.578083 0.080882
0.578175 0.080882
0.578266 0.080882
0.578358 0.080882
0.578450 0.080882
0.578541 0.080882
0.578633 0.080882
0.578724 0.080882
0.578816 0.080882
0.578908 0.080882
0.578999 0.080882
0.579091 0.080882
0.579182 0.080882
0.579274 0.080882
0.579365 0.080882
0.579457 0.080882
0.579549 0.080882
0.579640 0.080882
0.579732 0.080882
0.579823 0.080882
0.579915 0.080882
0.580007 0.080882
0.580098 0.080882
0.580190 0.080882
0.580281 0.080882
0.580373 0.080882
0.580465 0.080882
0.580556 0.080882
0.580648 0.080882
0.580739 0.080882
0.580831 0.080882
0.580922 0.080882
0.581014 0.080882
0.581106 0.080882
0.581197 0.080882
0.581289 0.080882
0.581380 0.080882
0.581472 0.080882
0.581564 0.080882
0.581655 0.080882
0.581747 0.080882
0.581838 0.080882
0.581930 0.080882
0.582021 0.080882
0.582113 0.080882
0.582205 0.080882
0.582296 0.080882
0.582388 0.080882
0.582479 0.080882
0.582571 0.080882
0.582663 0.080882
0.582754 0.080882
0.582846 0.080882
0.582937 0.080882
0.583029 0.080882
0.583120 0.080882
0.583212 0.080882
0.583304 0.080882
0.583395 0.080882
0.583487 0.080882
0.583578 0.080882
0.583670 0.080882
0.583762 0.080882
0.583853 0.080882
0.583945 0.080882
0.584036 0.080882
0.584128 0.080882
0.584219 0.080882
0.584311 0.080882
0.584403 0.080882
0.584494 0.080882
0.584586 0.080882
0.584677 0.080882
0.584769 0.080882
0.584861 0.080882
0.584952 0.080882
0.585044 0.080882
0.585135 0.080882
0.585227 0.080882
0.585318 0.080882
0.585410 0.080882
0.585502 0.080882
0.585593 0.080882
0.585685 0.080882
0.585776 0.080882
0.585868 0.080882
0.585960 0.080882
0.586051 0.080882
0.586143 0.080882
0.586234 0.080882
0.586326 0.080882
0.586417 0.080882
0.586509 0.080882
0.586601 0.080882
0.586692 0.080882
0.586784 0.080882
0.586875 0.080882
0.586967 0.080882
0.587059 0.080882
0.587150 0.080882
0.587242 0.080882
0.587333 0.080882
0.587425 0.080882
0.587516 0.080882
0.587608 0.080882
0.587700 0.080882
0.587791 0.080882
0.587883 0.080882
0.587974 0.080882
0.588066 0.080882
0.588158 0.080882
0.588249 0.080882
0.588341 0.080882
0.588432 0.080882
0.588524 0.080882
0.588615 0.080882
0.588707 0.080882
0.588799 0.080882
0.588890 0.080882
0.588982 0.080882
0.589073 0.080882
0.589165 0.080882
0.589257 0.080882
0.589348 0.080882
0.589440 0.080882
0.589531 0.080882
0.589623 0.080882
0.589714 0.080882
0.589806 0.080882
0.589898 0.080882
0.589989 0.080882
0.590081 0.080882
0.590172 0.080882
0.590264 0.080882
0.590356 0.080882
0.590447 0.080882
0.590539 0.080882
0.590630 0.080882
0.590722 0.080882
0.590814 0.080882
0.590905 0.080882
0.590997 0.080882
0.591088 0.080882
0.591180 0.080882
0.591271 0.080882
0.591363 0.080882
0.591455 0.080882
0.591546 0.080882
0.591638 0.080882
0.591729 0.080882
0.591821 0.080882
0.591913 0.080882
0.592004 0.080882
0.592096 0.080882
0.592187 0.080882
0.592279 0.080882
0.592370 0.080882
0.592462 0.080882
0.592554 0.080882
0.592645 0.080882
0.592737 0.080882
0.592828 0.080882
0.592920 0.080882
0.593012 0.080882
0.593103 0.080882
0.593195 0.080882
0.593286 0.080882
0.593378 0.080882
0.593469 0.080882
0.593561 0.080882
0.593653 0.080882
0.593744 0.080882
0.593836 0.080882
0.593927 0.080882
0.594019 0.080882
0.594111 0.080882
0.594202 0.080882
0.594294 0.080882
0.594385 0.080882
0.594477 0.080882
0.594568 0.080882
0.594660 0.080882
0.594752 0.080882
0.594843 0.080882
0.594935 0.080882
0.595026 0.080882
0.595118 0.080882
0.595210 0.080882
0.595301 0.080882
0.595393 0.080882
0.595484 0.080882
0.595576 0.080882
0.595667 0.080882
0.595759 0.080882
0.595851 0.080882
0.595942 0.080882
0.596034 0.080882
0.596125 0.080882
0.596217 0.080882
0.596309 0.080882
0.596400 0.080882
0.596492 0.080882
0.596583 0.080882
0.596675 0.080882
0.596766 0.080882
0.596858 0.080882
0.596950 0.080882
0.597041 0.080882
0.597133 0.080882
0.597224 0.080882
0.597316 0.080882
0.597408 0.080882
0.597499 0.080882
0.597591 0.080882
0.597682 0.080882
0.597774 0.080882
0.597865 0.080882
0.597957 0.080882
0.598049 0.080882
0.598140 0.080882
0.598232 0.080882
0.598323 0.080882
0.598415 0.080882
0.598507 0.080882
0.598598 0.080882
0.598690 0.080882
0.598781 0.080882
0.598873 0.080882
0.598964 0.080882
0.599056 0.080882
0.599148 0.080882
0.599239 0.080882
0.599331 0.080882
0.599422 0.080882
0.599514 0.080882
0.599606 0.080882
0.599697 0.080882
0.599789 0.080882
0.599880 0.080882
0.599972 0.080882
0.600063 0.080882
0.600155 0.080882
0.600247 0.080882
0.600338 0.080882
0.600430 0.080882
0.600521 0.080882
0.600613 0.080882
0.600705 0.080882
0.600796 0.080882
0.600888 0.080882
0.600979 0.080882
0.601071 0.080882
0.601162 0.080882
0.601254 0.080882
0.601346 0.080882
0.601437 0.080882
0.601529 0.080882
0.601620 0.080882
0.601712 0.080882
0.601804 0.080882
0.601895 0.080882
0.601987 0.080882
0.602078 0.080882
0.602170 0.080882
0.602262 0.080882
0.602353 0.080882
0.602445 0.080882
0.602536 0.080882
0.602628 0.080882
0.602719 0.080882
0.602811 0.080882
0.602903 0.080882
0.602994 0.080882
0.603086 0.080882
0.603177 0.080882
0.603269 0.080882
0.603361 0.080882
0.603452 0.080882
0.603544 0.080882
0.603635 0.080882
0.603727 0.080882
0.603818 0.080882
0.603910 0.080882
0.604002 0.080882
0.604093 0.080882
0.604185 0.080882
0.604276 0.080882
0.604368 0.080882
0.604460 0.080882
0.604551 0.080882
0.604643 0.080882
0.604734 0.080882
0.604826 0.080882
0.604917 0.080882
0.605009 0.080882
0.605101 0.080882
0.605192 0.080882
0.605284 0.080882
0.605375 0.080882
0.605467 0.080882
0.605559 0.080882
0.605650 0.080882
0.605742 0.080882
0.605833 0.080882
0.605925 0.080882
0.606016 0.080882
0.606108 0.080882
0.606200 0.080882
0.606291 0.080882
0.606383 0.080882
0.606474 0.080882
0.606566 0.080882
0.606658 0.080882
0.606749 0.080882
0.606841 0.080882
0.606932 0.080882
0.607024 0.080882
0.607115 0.080882
0.607207 0.080882
0.607299 0.080882
0.607390 0.080882
0.607482 0.080882
0.607573 0.080882
0.607665 0.080882
0.607757 0.080882
0.607848 0.080882
0.607940 0.080882
0.608031 0.080882
0.608123 0.080882
0.608214 0.080882
0.608306 0.080882
0.608398 0.080882
0.608489 0.080882
0.608581 0.080882
0.608672 0.080882
0.608764 0.080882
0.608856 0.080882
0.608947 0.080882
0.609039 0.080882
0.609130 0.080882
0.609222 0.080882
0.609313 0.080882
0.609405 0.080882
0.609497 0.080882
0.609588 0.080882
0.609680 0.080882
0.609771 0.080882
0.609863 0.080882
0.609955 0.080882
0.610046 0.080882
0.610138 0.080882
0.610229 0.080882
0.610321 0.080882
0.610412 0.080882
0.610504 0.080882
0.610596 0.080882
0.610687 0.080882
0.610779 0.080882
0.610870 0.080882
0.610962 0.080882
0.611054 0.080882
0.611145 0.080882
0.611237 0.080882
0.611328 0.080882
0.611420 0.080882
0.611511 0.080882
0.611603 0.080882
0.611695 0.080882
0.611786 0.080882
0.611878 0.080882
0.611969 0.080882
0.612061 0.080882
0.612153 0.080882
0.612244 0.080882
0.612336 0.080882
0.612427 0.080882
0.612519 0.080882
0.612610 0.080882
0.612702 0.080882
0.612794 0.080882
0.612885 0.080882
0.612977 0.080882
0.613068 0.080882
0.613160 0.080882
0.613252 0.080882
0.613343 0.080882
0.613435 0.080882
0.613526 0.080882
0.613618 0.080882
0.613710 0.080882
0.613801 0.080882
0.613893 0.080882
0.613984 0.080882
0.614076 0.080882
0.614167 0.080882
0.614259 0.080882
0.614351 0.080882
0.614442 0.080882
0.614534 0.080882
0.614625 0.080882
0.614717 0.080882
0.614809 0.080882
0.614900 0.080882
0.614992 0.080882
0.615083 0.080882
0.615175 0.080882
0.615266 0.080882
0.615358 0.080882
0.615450 0.080882
0.615541 0.080882
0.615633 0.080882
0.615724 0.080882
0.615816 0.080882
0.615908 0.080882
0.615999 0.080882
0.616091 0.080882
0.616182 0.080882
0.616274 0.080882
0.616365 0.080882
0.616457 0.080882
0.616549 0.080882
0.616640 0.080882
0.616732 0.080882
0.616823 0.080882
0.616915 0.080882
0.617007 0.080882
0.617098 0.080882
0.617190 0.080882
0.617281 0.080882
0.617373 0.080882
0.617464 0.080882
0.617556 0.080882
0.617648 0.080882
0.617739 0.080882
0.617831 0.080882
0.617922 0.080882
0.618014 0.080882
0.618106 0.080882
0.618197 0.080882
0.618289 0.080882
0.618380 0.080882
0.618472 0.080882
0.618563 0.080882
0.618655 0.080882
0.618747 0.080882
0.618838 0.080882
0.618930 0.080882
0.619021 0.080882
0.619113 0.080882
0.619205 0.080882
0.619296 0.080882
0.619388 0.080882
0.619479 0.080882
0.619571 0.080882
0.619662 0.080882
0.619754 0.080882
0.619846 0.080882
0.619937 0.080882
0.620029 0.080882
0.620120 0.080882
0.620212 0.080882
0.620304 0.080882
0.620395 0.080882
0.620487 0.080882
0.620578 0.080882
0.620670 0.080882
0.620761 0.080882
0.620853 0.080882
0.620945 0.080882
0.621036 0.080882
0.621128 0.080882
0.621219 0.080882
0.621311 0.080882
0.621403 0.080882
0.621494 0.080882
0.621586 0.080882
0.621677 0.080882
0.621769 0.080882
0.621860 0.080882
0.621952 0.080882
0.622044 0.080882
0.622135 0.080882
0.622227 0.080882
0.622318 0.080882
0.622410 0.080882
0.622502 0.080882
0.622593 0.080882
0.622685 0.080882
0.622776 0.080882
0.622868 0.080882
0.622959 0.080882
0.623051 0.080882
0.623143 0.080882
0.623234 0.080882
0.623326 0.080882
0.623417 0.080882
0.623509 0.080882
0.623601 0.080882
0.623692 0.080882
0.623784 0.080882
0.623875 0.080882
0.623967 0.080882
0.624059 0.080882
0.624150 0.080882
0.624242 0.080882
0.624333 0.080882
0.624425 0.080882
0.624516 0.080882
0.624608 0.080882
0.624700 0.080882
0.624791 0.080882
0.624883 0.080882
0.624974 0.080882
0.625066 0.080882
0.625158 0.080882
0.625249 0.080882
0.625341 0.080882
0.625432 0.080882
0.625524 0.080882
0.625615 0.080882
0.625707 0.080882
0.625799 0.080882
0.625890 0.080882
0.625982 0.080882
0.626073 0.080882
0.626165 0.080882
0.626257 0.080882
0.626348 0.080882
0.626440 0.080882
0.626531 0.080882
0.626623 0.080882
0.626714 0.080882
0.626806 0.080882
0.626898 0.080882
0.626989 0.080882
0.627081 0.080882
0.627172 0.080882
0.627264 0.080882
0.627356 0.080882
0.627447 0.080882
0.627539 0.080882
0.627630 0.080882
0.627722 0.080882
0.627813 0.080882
0.627905 0.080882
0.627997 0.080882
0.628088 0.080882
0.628180 0.080882
0.628271 0.080882
0.628363 0.080882
0.628455 0.080882
0.628546 0.080882
0.628638 0.080882
0.628729 0.080882
0.628821 0.080882
0.628912 0.080882
0.629004 0.080882
0.629096 0.080882
0.629187 0.080882
0.629279 0.080882
0.629370 0.080882
0.629462 0.080882
0.629554 0.080882
0.629645 0.080882
0.629737 0.080882
0.629828 0.080882
0.629920 0.080882
0.630011 0.080882
0.630103 0.080882
0.630195 0.080882
0.630286 0.080882
0.630378 0.080882
0.630469 0.080882
0.630561 0.080882
0.630653 0.080882
0.630744 0.080882
0.630836 0.080882
0.630927 0.080882
0.631019 0.080882
0.631110 0.080882
0.631202 0.080882
0.631294 0.080882
0.631385 0.080882
0.631477 0.080882
0.631568 0.080882
0.631660 0.073529
0.631752 0.073529
0.631843 0.073529
0.631935 0.073529
0.632026 0.073529
0.632118 0.073529
0.632209 0.073529
0.632301 0.073529
0.632393 0.073529
0.632484 0.073529
0.632576 0.073529
0.632667 0.073529
0.632759 0.073529
0.632851 0.073529
0.632942 0.073529
0.633034 0.073529
0.633125 0.073529
0.633217 0.073529
0.633308 0.073529
0.633400 0.073529
0.633492 0.073529
0.633583 0.073529
0.633675 0.073529
0.633766 0.073529
0.633858 0.073529
0.633950 0.073529
0.634041 0.073529
0.634133 0.073529
0.634224 0.073529
0.634316 0.073529
0.634407 0.073529
0.634499 0.073529
0.634591 0.073529
0.634682 0.073529
0.634774 0.073529
0.634865 0.073529
0.634957 0.073529
0.635049 0.073529
0.635140 0.073529
0.635232 0.073529
0.635323 0.073529
0.635415 0.073529
0.635507 0.073529
0.635598 0.073529
0.635690 0.073529
0.635781 0.073529
0.635873 0.073529
0.635964 0.073529
0.636056 0.073529
0.636148 0.073529
0.636239 0.073529
0.636331 0.073529
0.636422 0.073529
0.636514 0.073529
0.636606 0.073529
0.636697 0.073529
0.636789 0.073529
0.636880 0.073529
0.636972 0.073529
0.637063 0.073529
0.637155 0.073529
0.637247 0.073529
0.637338 0.073529
0.637430 0.073529
0.637521 0.073529
0.637613 0.073529
0.637705 0.073529
0.637796 0.073529
0.637888 0.073529
0.637979 0.073529
0.638071 0.073529
0.638162 0.073529
0.638254 0.073529
0.638346 0.073529
0.638437 0.073529
0.638529 0.073529
0.638620 0.073529
0.638712 0.073529
0.638804 0.073529
0.638895 0.073529
0.638987 0.073529
0.639078 0.073529
0.639170 0.073529
0.639261 0.073529
0.639353 0.073529
0.639445 0.073529
0.639536 0.073529
0.639628 0.073529
0.639719 0.073529
0.639811 0.073529
0.639903 0.073529
0.639994 0.073529
0.640086 0.073529
0.640177 0.073529
0.640269 0.073529
0.640360 0.073529
0.640452 0.073529
0.640544 0.073529
0.640635 0.073529
0.640727 0.073529
0.640818 0.073529
0.640910 0.073529
0.641002 0.073529
0.641093 0.073529
0.641185 0.073529
0.641276 0.073529
0.641368 0.073529
0.641459 0.073529
0.641551 0.073529
0.641643 0.073529
0.641734 0.073529
0.641826 0.073529
0.641917 0.073529
0.642009 0.073529
0.642101 0.073529
0.642192 0.073529
0.642284 0.073529
0.642375 0.073529
0.642467 0.073529
0.642558 0.073529
0.642650 0.073529
0.642742 0.073529
0.642833 0.073529
0.642925 0.073529
0.643016 0.073529
0.643108 0.073529
0.643200 0.073529
0.643291 0.073529
0.643383 0.073529
0.643474 0.073529
0.643566 0.073529
0.643657 0.073529
0.643749 0.073529
0.643841 0.073529
0.643932 0.073529
0.644024 0.073529
0.644115 0.073529
0.644207 0.073529
0.644299 0.073529
0.644390 0.073529
0.644482 0.073529
0.644573 0.073529
0.644665 0.073529
0.644756 0.073529
0.644848 0.073529
0.644940 0.073529
0.645031 0.073529
0.645123 0.073529
0.645214 0.073529
0.645306 0.073529
0.645398 0.073529
0.645489 0.073529
0.645581 0.073529
0.645672 0.073529
0.645764 0.073529
0.645855 0.073529
0.645947 0.073529
0.646039 0.073529
0.646130 0.073529
0.646222 0.073529
0.646313 0.073529
0.646405 0.073529
0.646497 0.073529
0.646588 0.073529
0.646680 0.073529
0.646771 0.073529
0.646863 0.073529
0.646955 0.073529
0.647046 0.073529
0.647138 0.073529
0.647229 0.073529
0.647321 0.073529
0.647412 0.073529
0.647504 0.073529
0.647596 0.073529
0.647687 0.073529
0.647779 0.073529
0.647870 0.073529
0.647962 0.073529
0.648054 0.073529
0.648145 0.073529
0.648237 0.073529
0.648328 0.073529
0.648420 0.073529
0.648511 0.073529
0.648603 0.073529
0.648695 0.073529
0.648786 0.073529
0.648878 0.073529
0.648969 0.073529
0.649061 0.073529
0.649153 0.073529
0.649244 0.073529
0.649336 0.073529
0.649427 0.073529
0.649519 0.073529
0.649610 0.073529
0.649702 0.073529
0.649794 0.073529
0.649885 0.073529
0.649977 0.073529
0.650068 0.073529
0.650160 0.073529
0.650252 0.073529
0.650343 0.073529
0.650435 0.073529
0.650526 0.073529
0.650618 0.073529
0.650709 0.073529
0.650801 0.073529
0.650893 0.073529
0.650984 0.073529
0.651076 0.073529
0.651167 0.073529
0.651259 0.073529
0.651351 0.073529
0.651442 0.073529
0.651534 0.073529
0.651625 0.073529
0.651717 0.073529
0.651808 0.073529
0.651900 0.073529
0.651992 0.073529
0.652083 0.073529
0.652175 0.073529
0.652266 0.073529
0.652358 0.073529
0.652450 0.073529
0.652541 0.073529
0.652633 0.073529
0.652724 0.073529
0.652816 0.073529
0.652907 0.073529
0.652999 0.073529
0.653091 0.073529
0.653182 0.073529
0.653274 0.073529
0.653365 0.073529
0.653457 0.073529
0.653549 0.073529
0.653640 0.073529
0.653732 0.073529
0.653823 0.073529
0.653915 0.073529
0.654006 0.073529
0.654098 0.073529
0.654190 0.073529
0.654281 0.073529
0.654373 0.073529
0.654464 0.073529
0.654556 0.073529
0.654648 0.073529
0.654739 0.073529
0.654831 0.073529
0.654922 0.073529
0.655014 0.073529
0.655105 0.073529
0.655197 0.073529
0.655289 0.073529
0.655380 0.073529
0.655472 0.073529
0.655563 0.073529
0.655655 0.073529
0.655747 0.073529
0.655838 0.073529
0.655930 0.073529
0.656021 0.073529
0.656113 0.073529
0.656204 0.073529
0.656296 0.073529
0.656388 0.073529
0.656479 0.073529
0.656571 0.073529
0.656662 0.073529
0.656754 0.073529
0.656846 0.073529
0.656937 0.073529
0.657029 0.073529
0.657120 0.073529
0.657212 0.073529
0.657303 0.073529
0.657395 0.073529
0.657487 0.073529
0.657578 0.073529
0.657670 0.073529
0.657761 0.073529
0.657853 0.073529
0.657945 0.073529
0.658036 0.073529
0.658128 0.073529
0.658219 0.073529
0.658311 0.073529
0.658403 0.073529
0.658494 0.073529
0.658586 0.073529
0.658677 0.073529
0.658769 0.073529
0.658860 0.073529
0.658952 0.073529
0.659044 0.073529
0.659135 0.073529
0.659227 0.073529
0.659318 0.073529
0.659410 0.073529
0.659502 0.073529
0.659593 0.073529
0.659685 0.073529
0.659776 0.073529
0.659868 0.073529
0.659959 0.073529
0.660051 0.073529
0.660143 0.073529
0.660234 0.073529
0.660326 0.073529
0.660417 0.073529
0.660509 0.073529
0.660601 0.073529
0.660692 0.073529
0.660784 0.073529
0.660875 0.073529
0.660967 0.073529
0.661058 0.073529
0.661150 0.073529
0.661242 0.073529
0.661333 0.073529
0.661425 0.073529
0.661516 0.073529
0.661608 0.073529
0.661700 0.073529
0.661791 0.073529
0.661883 0.073529
0.661974 0.073529
0.662066 0.073529
0.662157 0.073529
0.662249 0.073529
0.662341 0.073529
0.662432 0.073529
0.662524 0.073529
0.662615 0.073529
0.662707 0.073529
0.662799 0.073529
0.662890 0.073529
0.662982 0.073529
0.663073 0.073529
0.663165 0.073529
0.663256 0.073529
0.663348 0.073529
0.663440 0.073529
0.663531 0.073529
0.663623 0.073529
0.663714 0.073529
0.663806 0.073529
0.663898 0.073529
0.663989 0.073529
0.664081 0.073529
0.664172 0.073529
0.664264 0.073529
0.664355 0.073529
0.664447 0.073529
0.664539 0.073529
0.664630 0.073529
0.664722 0.073529
0.664813 0.073529
0.664905 0.073529
0.664997 0.073529
0.665088 0.073529
0.665180 0.073529
0.665271 0.073529
0.665363 0.073529
0.665454 0.073529
0.665546 0.073529
0.665638 0.073529
0.665729 0.073529
0.665821 0.073529
0.665912 0.073529
0.666004 0.073529
0.666096 0.073529
0.666187 0.073529
0.666279 0.073529
0.666370 0.073529
0.666462 0.073529
0.666553 0.073529
0.666645 0.073529
0.666737 0.073529
0.666828 0.073529
0.666920 0.073529
0.667011 0.073529
0.667103 0.073529
0.667195 0.073529
0.667286 0.073529
0.667378 0.073529
0.667469 0.073529
0.667561 0.073529
0.667652 0.073529
0.667744 0.073529
0.667836 0.073529
0.667927 0.073529
0.668019 0.073529
0.668110 0.073529
0.668202 0.073529
0.668294 0.073529
0.668385 0.073529
0.668477 0.073529
0.668568 0.073529
0.668660 0.073529
0.668752 0.073529
0.668843 0.073529
0.668935 0.073529
0.669026 0.073529
0.669118 0.073529
0.669209 0.073529
0.669301 0.073529
0.669393 0.073529
0.669484 0.073529
0.669576 0.073529
0.669667 0.073529
0.669759 0.073529
0.669851 0.073529
0.669942 0.073529
0.670034 0.073529
0.670125 0.073529
0.670217 0.073529
0.670308 0.073529
0.670400 0.073529
0.670492 0.073529
0.670583 0.073529
0.670675 0.073529
0.670766 0.073529
0.670858 0.073529
0.670950 0.073529
0.671041 0.073529
0.671133 0.073529
0.671224 0.073529
0.671316 0.073529
0.671407 0.073529
0.671499 0.073529
0.671591 0.073529
0.671682 0.073529
0.671774 0.073529
0.671865 0.073529
0.671957 0.073529
0.672049 0.073529
0.672140 0.073529
0.672232 0.073529
0.672323 0.073529
0.672415 0.073529
0.672506 0.073529
0.672598 0.073529
0.672690 0.073529
0.672781 0.073529
0.672873 0.073529
0.672964 0.073529
0.673056 0.073529
0.673148 0.073529
0.673239 0.073529
0.673331 0.073529
0.673422 0.073529
0.673514 0.073529
0.673605 0.073529
0.673697 0.073529
0.673789 0.073529
0.673880 0.073529
0.673972 0.073529
0.674063 0.073529
0.674155 0.073529
0.674247 0.073529
0.674338 0.073529
0.674430 0.073529
0.674521 0.073529
0.674613 0.073529
0.674704 0.073529
0.674796 0.073529
0.674888 0.073529
0.674979 0.073529
0.675071 0.073529
0.675162 0.073529
0.675254 0.073529
0.675346 0.073529
0.675437 0.073529
0.675529 0.073529
0.675620 0.073529
0.675712 0.073529
0.675803 0.073529
0.675895 0.073529
0.675987 0.073529
0.676078 0.073529
0.676170 0.073529
0.676261 0.073529
0.676353 0.073529
0.676445 0.073529
0.676536 0.073529
0.676628 0.073529
0.676719 0.073529
0.676811 0.073529
0.676902 0.073529
0.676994 0.073529
0.677086 0.073529
0.677177 0.073529
0.677269 0.073529
0.677360 0.073529
0.677452 0.073529
0.677544 0.073529
0.677635 0.073529
0.677727 0.073529
0.677818 0.073529
0.677910 0.073529
0.678001 0.073529
0.678093 0.073529
0.678185 0.073529
0.678276 0.073529
0.678368 0.073529
0.678459 0.073529
0.678551 0.073529
0.678643 0.073529
0.678734 0.073529
0.678826 0.073529
0.678917 0.073529
0.679009 0.073529
0.679100 0.073529
0.679192 0.073529
0.679284 0.073529
0.679375 0.073529
0.679467 0.073529
0.679558 0.073529
0.679650 0.073529
0.679742 0.073529
0.679833 0.073529
0.679925 0.073529
0.680016 0.073529
0.680108 0.073529
0.680200 0.073529
0.680291 0.073529
0.680383 0.073529
0.680474 0.073529
0.680566 0.073529
0.680657 0.073529
0.680749 0.073529
0.680841 0.073529
0.680932 0.073529
0.681024 0.073529
0.681115 0.073529
0.681207 0.073529
0.681299 0.073529
0.681390 0.073529
0.681482 0.073529
0.681573 0.073529
0.681665 0.073529
0.681756 0.073529
0.681848 0.073529
0.681940 0.073529
0.682031 0.073529
0.682123 0.073529
0.682214 0.073529
0.682306 0.073529
0.682398 0.073529
0.682489 0.073529
0.682581 0.073529
0.682672 0.073529
0.682764 0.073529
0.682855 0.073529
0.682947 0.073529
0.683039 0.073529
0.683130 0.073529
0.683222 0.073529
0.683313 0.073529
0.683405 0.073529
0.683497 0.073529
0.683588 0.073529
0.683680 0.073529
0.683771 0.073529
0.683863 0.073529
0.683954 0.073529
0.684046 0.073529
0.684138 0.073529
0.684229 0.073529
0.684321 0.073529
0.684412 0.073529
0.684504 0.073529
0.684596 0.073529
0.684687 0.073529
0.684779 0.073529
0.684870 0.073529
0.684962 0.073529
0.685053 0.073529
0.685145 0.073529
0.685237 0.073529
0.685328 0.073529
0.685420 0.073529
0.685511 0.073529
0.685603 0.073529
0.685695 0.073529
0.685786 0.073529
0.685878 0.073529
0.685969 0.073529
0.686061 0.073529
0.686152 0.073529
0.686244 0.073529
0.686336 0.066176
0.686427 0.066176
0.686519 0.066176
0.686610 0.066176
0.686702 0.066176
0.686794 0.066176
0.686885 0.066176
0.686977 0.066176
0.687068 0.066176
0.687160 0.066176
0.687251 0.066176
0.687343 0.066176
0.687435 0.066176
0.687526 0.066176
0.687618 0.066176
0.687709 0.066176
0.687801 0.066176
0.687893 0.066176
0.687984 0.066176
0.688076 0.066176
0.688167 0.066176
0.688259 0.066176
0.688350 0.066176
0.688442 0.066176
0.688534 0.066176
0.688625 0.066176
0.688717 0.066176
0.688808 0.066176
0.688900 0.066176
0.688992 0.066176
0.689083 0.066176
0.689175 0.066176
0.689266 0.066176
0.689358 0.066176
0.689449 0.066176
0.689541 0.066176
0.689633 0.066176
0.689724 0.066176
0.689816 0.066176
0.689907 0.066176
0.689999 0.066176
0.690091 0.066176
0.690182 0.066176
0.690274 0.066176
0.690365 0.066176
0.690457 0.066176
0.690548 0.066176
0.690640 0.066176
0.690732 0.066176
0.690823 0.066176
0.690915 0.066176
0.691006 0.066176
0.691098 0.066176
0.691190 0.066176
0.691281 0.066176
0.691373 0.066176
0.691464 0.066176
0.691556 0.066176
0.691648 0.066176
0.691739 0.066176
0.691831 0.066176
0.691922 0.066176
0.692014 0.066176
0.692105 0.066176
0.692197 0.066176
0.692289 0.066176
0.692380 0.066176
0.692472 0.066176
0.692563 0.066176
0.692655 0.066176
0.692747 0.066176
0.692838 0.066176
0.692930 0.066176
0.693021 0.066176
0.693113 0.066176
0.693204 0.066176
0.693296 0.066176
0.693388 0.066176
0.693479 0.066176
0.693571 0.066176
0.693662 0.066176
0.693754 0.066176
0.693846 0.066176
0.693937 0.058824
0.694029 0.058824
0.694120 0.058824
0.694212 0.058824
0.694303 0.058824
0.694395 0.058824
0.694487 0.058824
0.694578 0.058824
0.694670 0.058824
0.694761 0.058824
0.694853 0.058824
0.694945 0.058824
0.695036 0.058824
0.695128 0.058824
0.695219 0.058824
0.695311 0.058824
0.695402 0.058824
0.695494 0.058824
0.695586 0.058824
0.695677 0.058824
0.695769 0.058824
0.695860 0.058824
0.695952 0.058824
0.696044 0.058824
0.696135 0.058824
0.696227 0.058824
0.696318 0.058824
0.696410 0.058824
0.696501 0.058824
0.696593 0.058824
0.696685 0.058824
0.696776 0.058824
0.696868 0.058824
0.696959 0.058824
0.697051 0.058824
0.697143 0.058824
0.697234 0.058824
0.697326 0.058824
0.697417 0.058824
0.697509 0.058824
0.697600 0.058824
0.697692 0.058824
0.697784 0.058824
0.697875 0.058824
0.697967 0.058824
0.698058 0.058824
0.698150 0.058824
0.698242 0.058824
0.698333 0.058824
0.698425 0.058824
0.698516 0.058824
0.698608 0.058824
0.698699 0.058824
0.698791 0.058824
0.698883 0.058824
0.698974 0.058824
0.699066 0.058824
0.699157 0.058824
0.699249 0.058824
0.699341 0.058824
0.699432 0.058824
0.699524 0.058824
0.699615 0.058824
0.699707 0.058824
0.699798 0.058824
0.699890 0.058824
0.699982 0.058824
0.700073 0.058824
0.700165 0.058824
0.700256 0.058824
0.700348 0.058824
0.700440 0.058824
0.700531 0.058824
0.700623 0.058824
0.700714 0.058824
0.700806 0.058824
0.700897 0.058824
0.700989 0.058824
0.701081 0.058824
0.701172 0.058824
0.701264 0.058824
0.701355 0.058824
0.701447 0.058824
0.701539 0.058824
0.701630 0.058824
0.701722 0.058824
0.701813 0.058824
0.701905 0.058824
0.701997 0.058824
0.702088 0.058824
0.702180 0.058824
0.702271 0.058824
0.702363 0.058824
0.702454 0.058824
0.702546 0.058824
0.702638 0.058824
0.702729 0.058824
0.702821 0.058824
0.702912 0.058824
0.703004 0.058824
0.703096 0.058824
0.703187 0.058824
0.703279 0.058824
0.703370 0.058824
0.703462 0.058824
0.703553 0.058824
0.703645 0.058824
0.703737 0.058824
0.703828 0.058824
0.703920 0.058824
0.704011 0.058824
0.704103 0.058824
0.704195 0.058824
0.704286 0.058824
0.704378 0.058824
0.704469 0.058824
0.704561 0.058824
0.704652 0.058824
0.704744 0.058824
0.704836 0.058824
0.704927 0.058824
0.705019 0.058824
0.705110 0.058824
0.705202 0.058824
0.705294 0.058824
0.705385 0.058824
0.705477 0.058824
0.705568 0.058824
0.705660 0.058824
0.705751 0.058824
0.705843 0.058824
0.705935 0.058824
0.706026 0.058824
0.706118 0.058824
0.706209 0.058824
0.706301 0.058824
0.706393 0.058824
0.706484 0.058824
0.706576 0.058824
0.706667 0.058824
0.706759 0.058824
0.706850 0.058824
0.706942 0.058824
0.707034 0.058824
0.707125 0.058824
0.707217 0.058824
0.707308 0.058824
0.707400 0.058824
0.707492 0.058824
0.707583 0.058824
0.707675 0.058824
0.707766 0.058824
0.707858 0.058824
0.707949 0.058824
0.708041 0.058824
0.708133 0.058824
0.708224 0.058824
0.708316 0.058824
0.708407 0.058824
0.708499 0.058824
0.708591 0.058824
0.708682 0.058824
0.708774 0.058824
0.708865 0.058824
0.708957 0.058824
0.709048 0.058824
0.709140 0.058824
0.709232 0.058824
0.709323 0.058824
0.709415 0.058824
0.709506 0.058824
0.709598 0.058824
0.709690 0.058824
0.709781 0.058824
0.709873 0.058824
0.709964 0.058824
0.710056 0.058824
0.710147 0.058824
0.710239 0.058824
0.710331 0.058824
0.710422 0.058824
0.710514 0.058824
0.710605 0.058824
0.710697 0.058824
0.710789 0.058824
0.710880 0.058824
0.710972 0.058824
0.711063 0.058824
0.711155 0.058824
0.711246 0.058824
0.711338 0.058824
0.711430 0.058824
0.711521 0.058824
0.711613 0.058824
0.711704 0.058824
0.711796 0.058824
0.711888 0.058824
0.711979 0.058824
0.712071 0.058824
0.712162 0.058824
0.712254 0.058824
0.712345 0.058824
0.712437 0.058824
0.712529 0.058824
0.712620 0.058824
0.712712 0.058824
0.712803 0.058824
0.712895 0.058824
0.712987 0.058824
0.713078 0.058824
0.713170 0.058824
0.713261 0.058824
0.713353 0.058824
0.713445 0.058824
0.713536 0.058824
0.713628 0.058824
0.713719 0.058824
0.713811 0.058824
0.713902 0.058824
0.713994 0.058824
0.714086 0.058824
0.714177 0.058824
0.714269 0.058824
0.714360 0.058824
0.714452 0.058824
0.714544 0.058824
0.714635 0.058824
0.714727 0.058824
0.714818 0.058824
0.714910 0.058824
0.715001 0.058824
0.715093 0.058824
0.715185 0.058824
0.715276 0.058824
0.715368 0.058824
0.715459 0.058824
0.715551 0.058824
0.715643 0.058824
0.715734 0.058824
0.715826 0.058824
0.715917 0.058824
0.716009 0.058824
0.716100 0.058824
0.716192 0.058824
0.716284 0.058824
0.716375 0.058824
0.716467 0.058824
0.716558 0.058824
0.716650 0.058824
0.716742 0.058824
0.716833 0.058824
0.716925 0.058824
0.717016 0.058824
0.717108 0.058824
0.717199 0.058824
0.717291 0.058824
0.717383 0.058824
0.717474 0.058824
0.717566 0.058824
0.717657 0.058824
0.717749 0.058824
0.717841 0.058824
0.717932 0.058824
0.718024 0.058824
0.718115 0.058824
0.718207 0.058824
0.718298 0.058824
0.718390 0.058824
0.718482 0.058824
0.718573 0.058824
0.718665 0.058824
0.718756 0.058824
0.718848 0.058824
0.718940 0.058824
0.719031 0.058824
0.719123 0.058824
0.719214 0.058824
0.719306 0.058824
0.719397 0.058824
0.719489 0.058824
0.719581 0.058824
0.719672 0.058824
0.719764 0.058824
0.719855 0.058824
0.719947 0.058824
0.720039 0.058824
0.720130 0.058824
0.720222 0.058824
0.720313 0.058824
0.720405 0.058824
0.720496 0.058824
0.720588 0.058824
0.720680 0.058824
0.720771 0.058824
0.720863 0.058824
0.720954 0.058824
0.721046 0.058824
0.721138 0.058824
0.721229 0.058824
0.721321 0.058824
0.721412 0.058824
0.721504 0.058824
0.721595 0.058824
0.721687 0.058824
0.721779 0.058824
0.721870 0.058824
0.721962 0.058824
0.722053 0.058824
0.722145 0.058824
0.722237 0.051471
0.722328 0.051471
0.722420 0.051471
0.722511 0.051471
0.722603 0.051471
0.722694 0.051471
0.722786 0.051471
0.722878 0.051471
0.722969 0.051471
0.723061 0.051471
0.723152 0.051471
0.723244 0.051471
0.723336 0.051471
0.723427 0.051471
0.723519 0.051471
0.723610 0.051471
0.723702 0.051471
0.723793 0.051471
0.723885 0.051471
0.723977 0.051471
0.724068 0.051471
0.724160 0.051471
0.724251 0.051471
0.724343 0.051471
0.724435 0.051471
0.724526 0.051471
0.724618 0.051471
0.724709 0.051471
0.724801 0.051471
0.724893 0.051471
0.724984 0.051471
0.725076 0.051471
0.725167 0.051471
0.725259 0.051471
0.725350 0.051471
0.725442 0.051471
0.725534 0.051471
0.725625 0.051471
0.725717 0.051471
0.725808 0.051471
0.725900 0.051471
0.725992 0.051471
0.726083 0.051471
0.726175 0.051471
0.726266 0.051471
0.726358 0.051471
0.726449 0.051471
0.726541 0.051471
0.726633 0.051471
0.726724 0.051471
0.726816 0.051471
0.726907 0.051471
0.726999 0.051471
0.727091 0.051471
0.727182 0.051471
0.727274 0.051471
0.727365 0.051471
0.727457 0.051471
0.727548 0.051471
0.727640 0.051471
0.727732 0.051471
0.727823 0.051471
0.727915 0.051471
0.728006 0.051471
0.728098 0.051471
0.728190 0.051471
0.728281 0.051471
0.728373 0.051471
0.728464 0.051471
0.728556 0.051471
0.728647 0.051471
0.728739 0.051471
0.728831 0.051471
0.728922 0.051471
0.729014 0.051471
0.729105 0.051471
0.729197 0.051471
0.729289 0.051471
0.729380 0.044118
0.729472 0.044118
0.729563 0.044118
0.729655 0.044118
0.729746 0.044118
0.729838 0.044118
0.729930 0.044118
0.730021 0.044118
0.730113 0.044118
0.730204 0.044118
0.730296 0.044118
0.730388 0.044118
0.730479 0.044118
0.730571 0.044118
0.730662 0.044118
0.730754 0.044118
0.730845 0.044118
0.730937 0.044118
0.731029 0.044118
0.731120 0.044118
0.731212 0.044118
0.731303 0.044118
0.731395 0.044118
0.731487 0.044118
0.731578 0.044118
0.731670 0.044118
0.731761 0.044118
0.731853 0.044118
0.731944 0.044118
0.732036 0.044118
0.732128 0.044118
0.732219 0.044118
0.732311 0.044118
0.732402 0.044118
0.732494 0.044118
0.732586 0.044118
0.732677 0.044118
0.732769 0.044118
0.732860 0.044118
0.732952 0.044118
0.733043 0.044118
0.733135 0.044118
0.733227 0.044118
0.733318 0.044118
0.733410 0.044118
0.733501 0.044118
0.733593 0.044118
0.733685 0.044118
0.733776 0.044118
0.733868 0.044118
0.733959 0.044118
0.734051 0.044118
0.734142 0.044118
0.734234 0.044118
0.734326 0.044118
0.734417 0.044118
0.734509 0.044118
0.734600 0.044118
0.734692 0.044118
0.734784 0.044118
0.734875 0.044118
0.734967 0.044118
0.735058 0.044118
0.735150 0.044118
0.735242 0.044118
0.735333 0.044118
0.735425 0.044118
0.735516 0.044118
0.735608 0.044118
0.735699 0.044118
0.735791 0.044118
0.735883 0.044118
0.735974 0.044118
0.736066 0.044118
0.736157 0.044118
0.736249 0.044118
0.736341 0.044118
0.736432 0.044118
0.736524 0.044118
0.736615 0.044118
0.736707 0.044118
0.736798 0.044118
0.736890 0.044118
0.736982 0.044118
0.737073 0.044118
0.737165 0.044118
0.737256 0.044118
0.737348 0.044118
0.737440 0.044118
0.737531 0.044118
0.737623 0.044118
0.737714 0.044118
0.737806 0.044118
0.737897 0.044118
0.737989 0.044118
0.738081 0.044118
0.738172 0.044118
0.738264 0.044118
0.738355 0.044118
0.738447 0.044118
0.738539 0.044118
0.738630 0.036765
0.738722 0.036765
0.738813 0.036765
0.738905 0.036765
0.738996 0.036765
0.739088 0.036765
0.739180 0.036765
0.739271 0.036765
0.739363 0.036765
0.739454 0.036765
0.739546 0.036765
0.739638 0.036765
0.739729 0.036765
0.739821 0.036765
0.739912 0.036765
0.740004 0.036765
0.740095 0.036765
0.740187 0.036765
0.740279 0.036765
0.740370 0.036765
0.740462 0.036765
0.740553 0.036765
0.740645 0.036765
0.740737 0.036765
0.740828 0.036765
0.740920 0.036765
0.741011 0.036765
0.741103 0.036765
0.741194 0.036765
0.741286 0.036765
0.741378 0.036765
0.741469 0.036765
0.741561 0.036765
0.741652 0.036765
0.741744 0.036765
0.741836 0.036765
0.741927 0.036765
0.742019 0.036765
0.742110 0.036765
0.742202 0.036765
0.742293 0.036765
0.742385 0.036765
0.742477 0.036765
0.742568 0.036765
0.742660 0.036765
0.742751 0.036765
0.742843 0.036765
0.742935 0.036765
0.743026 0.036765
0.743118 0.036765
0.743209 0.036765
0.743301 0.036765
0.743392 0.036765
0.743484 0.036765
0.743576 0.036765
0.743667 0.036765
0.743759 0.036765
0.743850 0.036765
0.743942 0.036765
0.744034 0.036765
0.744125 0.036765
0.744217 0.036765
0.744308 0.036765
0.744400 0.036765
0.744491 0.036765
0.744583 0.036765
0.744675 0.036765
0.744766 0.036765
0.744858 0.036765
0.744949 0.036765
0.745041 0.036765
0.745133 0.036765
0.745224 0.036765
0.745316 0.036765
0.745407 0.036765
0.745499 0.036765
0.745590 0.036765
0.745682 0.036765
0.745774 0.036765
0.745865 0.036765
0.745957 0.036765
0.746048 0.036765
0.746140 0.036765
0.746232 0.036765
0.746323 0.036765
0.746415 0.036765
0.746506 0.036765
0.746598 0.036765
0.746690 0.036765
0.746781 0.036765
0.746873 0.036765
0.746964 0.036765
0.747056 0.036765
0.747147 0.036765
0.747239 0.036765
0.747331 0.036765
0.747422 0.036765
0.747514 0.036765
0.747605 0.036765
0.747697 0.036765
0.747789 0.036765
0.747880 0.036765
0.747972 0.036765
0.748063 0.036765
0.748155 0.036765
0.748246 0.036765
0.748338 0.036765
0.748430 0.036765
0.748521 0.036765
0.748613 0.036765
0.748704 0.036765
0.748796 0.036765
0.748888 0.036765
0.748979 0.036765
0.749071 0.036765
0.749162 0.036765
0.749254 0.036765
0.749345 0.036765
0.749437 0.036765
0.749529 0.036765
0.749620 0.036765
0.749712 0.036765
0.749803 0.036765
0.749895 0.036765
0.749987 0.036765
0.750078 0.036765
0.750170 0.036765
0.750261 0.036765
0.750353 0.036765
0.750444 0.036765
0.750536 0.036765
0.750628 0.036765
0.750719 0.036765
0.750811 0.036765
0.750902 0.036765
0.750994 0.036765
0.751086 0.036765
0.751177 0.036765
0.751269 0.036765
0.751360 0.036765
0.751452 0.036765
0.751543 0.036765
0.751635 0.036765
0.751727 0.036765
0.751818 0.036765
0.751910 0.036765
0.752001 0.036765
0.752093 0.036765
0.752185 0.036765
0.752276 0.036765
0.752368 0.036765
0.752459 0.036765
0.752551 0.036765
0.752642 0.036765
0.752734 0.036765
0.752826 0.036765
0.752917 0.036765
0.753009 0.036765
0.753100 0.036765
0.753192 0.036765
0.753284 0.036765
0.753375 0.036765
0.753467 0.036765
0.753558 0.036765
0.753650 0.036765
0.753741 0.036765
0.753833 0.036765
0.753925 0.036765
0.754016 0.036765
0.754108 0.036765
0.754199 0.036765
0.754291 0.036765
0.754383 0.036765
0.754474 0.036765
0.754566 0.036765
0.754657 0.036765
0.754749 0.036765
0.754840 0.036765
0.754932 0.036765
0.755024 0.036765
0.755115 0.036765
0.755207 0.036765
0.755298 0.036765
0.755390 0.036765
0.755482 0.036765
0.755573 0.036765
0.755665 0.036765
0.755756 0.036765
0.755848 0.036765
0.755939 0.036765
0.756031 0.036765
0.756123 0.036765
0.756214 0.036765
0.756306 0.036765
0.756397 0.036765
0.756489 0.036765
0.756581 0.036765
0.756672 0.036765
0.756764 0.036765
0.756855 0.036765
0.756947 0.036765
0.757038 0.036765
0.757130 0.036765
0.757222 0.036765
0.757313 0.036765
0.757405 0.036765
0.757496 0.036765
0.757588 0.036765
0.757680 0.036765
0.757771 0.036765
0.757863 0.036765
0.757954 0.036765
0.758046 0.036765
0.758138 0.036765
0.758229 0.036765
0.758321 0.036765
0.758412 0.036765
0.758504 0.036765
0.758595 0.036765
0.758687 0.036765
0.758779 0.036765
0.758870 0.036765
0.758962 0.036765
0.759053 0.036765
0.759145 0.036765
0.759237 0.036765
0.759328 0.036765
0.759420 0.036765
0.759511 0.036765
0.759603 0.036765
0.759694 0.036765
0.759786 0.036765
0.759878 0.036765
0.759969 0.036765
0.760061 0.036765
0.760152 0.036765
0.760244 0.036765
0.760336 0.036765
0.760427 0.036765
0.760519 0.036765
0.760610 0.036765
0.760702 0.036765
0.760793 0.036765
0.760885 0.036765
0.760977 0.036765
0.761068 0.036765
0.761160 0.036765
0.761251 0.036765
0.761343 0.036765
0.761435 0.036765
0.761526 0.036765
0.761618 0.036765
0.761709 0.036765
0.761801 0.036765
0.761892 0.036765
0.761984 0.036765
0.762076 0.036765
0.762167 0.036765
0.762259 0.036765
0.762350 0.036765
0.762442 0.036765
0.762534 0.036765
0.762625 0.036765
0.762717 0.036765
0.762808 0.036765
0.762900 0.036765
0.762991 0.036765
0.763083 0.036765
0.763175 0.036765
0.763266 0.036765
0.763358 0.036765
0.763449 0.036765
0.763541 0.036765
0.763633 0.036765
0.763724 0.036765
0.763816 0.036765
0.763907 0.036765
0.763999 0.036765
0.764090 0.029412
0.764182 0.029412
0.764274 0.029412
0.764365 0.029412
0.764457 0.029412
0.764548 0.029412
0.764640 0.029412
0.764732 0.029412
0.764823 0.029412
0.764915 0.029412
0.765006 0.029412
0.765098 0.029412
0.765189 0.029412
0.765281 0.029412
0.765373 0.029412
0.765464 0.029412
0.765556 0.029412
0.765647 0.029412
0.765739 0.029412
0.765831 0.029412
0.765922 0.029412
0.766014 0.029412
0.766105 0.029412
0.766197 0.029412
0.766288 0.029412
0.766380 0.029412
0.766472 0.029412
0.766563 0.029412
0.766655 0.029412
0.766746 0.029412
0.766838 0.029412
0.766930 0.029412
0.767021 0.029412
0.767113 0.029412
0.767204 0.029412
0.767296 0.029412
0.767387 0.029412
0.767479 0.029412
0.767571 0.029412
0.767662 0.029412
0.767754 0.029412
0.767845 0.029412
0.767937 0.029412
0.768029 0.029412
0.768120 0.029412
0.768212 0.029412
0.768303 0.029412
0.768395 0.029412
0.768487 0.029412
0.768578 0.029412
0.768670 0.029412
0.768761 0.029412
0.768853 0.029412
0.768944 0.029412
0.769036 0.029412
0.769128 0.029412
0.769219 0.029412
0.769311 0.029412
0.769402 0.029412
0.769494 0.029412
0.769586 0.029412
0.769677 0.029412
0.769769 0.029412
0.769860 0.029412
0.769952 0.029412
0.770043 0.029412
0.770135 0.029412
0.770227 0.029412
0.770318 0.029412
0.770410 0.029412
0.770501 0.029412
0.770593 0.029412
0.770685 0.029412
0.770776 0.029412
0.770868 0.029412
0.770959 0.029412
0.771051 0.029412
0.771142 0.029412
0.771234 0.029412
0.771326 0.029412
0.771417 0.029412
0.771509 0.029412
0.771600 0.029412
0.771692 0.029412
0.771784 0.029412
0.771875 0.029412
0.771967 0.029412
0.772058 0.029412
0.772150 0.029412
0.772241 0.029412
0.772333 0.029412
0.772425 0.029412
0.772516 0.029412
0.772608 0.029412
0.772699 0.029412
0.772791 0.029412
0.772883 0.029412
0.772974 0.029412
0.773066 0.029412
0.773157 0.029412
0.773249 0.029412
0.773340 0.029412
0.773432 0.029412
0.773524 0.029412
0.773615 0.029412
0.773707 0.029412
0.773798 0.029412
0.773890 0.029412
0.773982 0.029412
0.774073 0.029412
0.774165 0.029412
0.774256 0.029412
0.774348 0.029412
0.774439 0.029412
0.774531 0.029412
0.774623 0.029412
0.774714 0.029412
0.774806 0.029412
0.774897 0.029412
0.774989 0.029412
0.775081 0.029412
0.775172 0.029412
0.775264 0.029412
0.775355 0.029412
0.775447 0.029412
0.775538 0.029412
0.775630 0.029412
0.775722 0.029412
0.775813 0.029412
0.775905 0.029412
0.775996 0.029412
0.776088 0.029412
0.776180 0.029412
0.776271 0.029412
0.776363 0.029412
0.776454 0.029412
0.776546 0.029412
0.776637 0.029412
0.776729 0.029412
0.776821 0.029412
0.776912 0.029412
0.777004 0.029412
0.777095 0.029412
0.777187 0.029412
0.777279 0.029412
0.777370 0.029412
0.777462 0.029412
0.777553 0.029412
0.777645 0.029412
0.777736 0.029412
0.777828 0.029412
0.777920 0.029412
0.778011 0.029412
0.778103 0.029412
0.778194 0.029412
0.778286 0.029412
0.778378 0.029412
0.778469 0.029412
0.778561 0.029412
0.778652 0.029412
0.778744 0.029412
0.778835 0.029412
0.778927 0.029412
0.779019 0.029412
0.779110 0.029412
0.779202 0.029412
0.779293 0.029412
0.779385 0.029412
0.779477 0.029412
0.779568 0.029412
0.779660 0.029412
0.779751 0.029412
0.779843 0.029412
0.779935 0.029412
0.780026 0.029412
0.780118 0.029412
0.780209 0.029412
0.780301 0.029412
0.780392 0.029412
0.780484 0.029412
0.780576 0.029412
0.780667 0.029412
0.780759 0.029412
0.780850 0.029412
0.780942 0.029412
0.781034 0.029412
0.781125 0.029412
0.781217 0.029412
0.781308 0.029412
0.781400 0.029412
0.781491 0.029412
0.781583 0.029412
0.781675 0.029412
0.781766 0.029412
0.781858 0.029412
0.781949 0.029412
0.782041 0.029412
0.782133 0.029412
0.782224 0.029412
0.782316 0.029412
0.782407 0.029412
0.782499 0.029412
0.782590 0.029412
0.782682 0.029412
0.782774 0.029412
0.782865 0.029412
0.782957 0.029412
0.783048 0.029412
0.783140 0.029412
0.783232 0.029412
0.783323 0.029412
0.783415 0.029412
0.783506 0.029412
0.783598 0.029412
0.783689 0.029412
0.783781 0.029412
0.783873 0.029412
0.783964 0.029412
0.784056 0.029412
0.784147 0.029412
0.784239 0.029412
0.784331 0.029412
0.784422 0.029412
0.784514 0.029412
0.784605 0.029412
0.784697 0.029412
0.784788 0.029412
0.784880 0.029412
0.784972 0.029412
0.785063 0.029412
0.785155 0.029412
0.785246 0.029412
0.785338 0.029412
0.785430 0.029412
0.785521 0.029412
0.785613 0.029412
0.785704 0.029412
0.785796 0.029412
0.785887 0.029412
0.785979 0.029412
0.786071 0.029412
0.786162 0.029412
0.786254 0.029412
0.786345 0.029412
0.786437 0.029412
0.786529 0.029412
0.786620 0.029412
0.786712 0.022059
0.786803 0.022059
0.786895 0.022059
0.786986 0.022059
0.787078 0.022059
0.787170 0.022059
0.787261 0.022059
0.787353 0.022059
0.787444 0.022059
0.787536 0.022059
0.787628 0.022059
0.787719 0.022059
0.787811 0.022059
0.787902 0.022059
0.787994 0.022059
0.788085 0.022059
0.788177 0.022059
0.788269 0.022059
0.788360 0.022059
0.788452 0.022059
0.788543 0.022059
0.788635 0.022059
0.788727 0.022059
0.788818 0.022059
0.788910 0.022059
0.789001 0.022059
0.789093 0.022059
0.789184 0.022059
0.789276 0.022059
0.789368 0.022059
0.789459 0.022059
0.789551 0.022059
0.789642 0.022059
0.789734 0.022059
0.789826 0.022059
0.789917 0.022059
0.790009 0.022059
0.790100 0.022059
0.790192 0.022059
0.790283 0.022059
0.790375 0.022059
0.790467 0.022059
0.790558 0.022059
0.790650 0.022059
0.790741 0.022059
0.790833 0.022059
0.790925 0.022059
0.791016 0.022059
0.791108 0.022059
0.791199 0.022059
0.791291 0.022059
0.791383 0.022059
0.791474 0.022059
0.791566 0.022059
0.791657 0.022059
0.791749 0.022059
0.791840 0.022059
0.791932 0.022059
0.792024 0.022059
0.792115 0.022059
0.792207 0.022059
0.792298 0.022059
0.792390 0.022059
0.792482 0.022059
0.792573 0.022059
0.792665 0.022059
0.792756 0.022059
0.792848 0.022059
0.792939 0.022059
0.793031 0.022059
0.793123 0.022059
0.793214 0.022059
0.793306 0.022059
0.793397 0.022059
0.793489 0.022059
0.793581 0.022059
0.793672 0.022059
0.793764 0.022059
0.793855 0.022059
0.793947 0.022059
0.794038 0.022059
0.794130 0.022059
0.794222 0.022059
0.794313 0.022059
0.794405 0.022059
0.794496 0.022059
0.794588 0.022059
0.794680 0.022059
0.794771 0.022059
0.794863 0.022059
0.794954 0.022059
0.795046 0.022059
0.795137 0.022059
0.795229 0.022059
0.795321 0.022059
0.795412 0.022059
0.795504 0.022059
0.795595 0.022059
0.795687 0.022059
0.795779 0.022059
0.795870 0.022059
0.795962 0.022059
0.796053 0.022059
0.796145 0.022059
0.796236 0.022059
0.796328 0.022059
0.796420 0.022059
0.796511 0.022059
0.796603 0.022059
0.796694 0.022059
0.796786 0.022059
0.796878 0.022059
0.796969 0.022059
0.797061 0.022059
0.797152 0.022059
0.797244 0.022059
0.797335 0.022059
0.797427 0.022059
0.797519 0.022059
0.797610 0.022059
0.797702 0.022059
0.797793 0.022059
0.797885 0.022059
0.797977 0.022059
0.798068 0.022059
0.798160 0.022059
0.798251 0.022059
0.798343 0.022059
0.798434 0.022059
0.798526 0.022059
0.798618 0.022059
0.798709 0.022059
0.798801 0.022059
0.798892 0.022059
0.798984 0.022059
0.799076 0.022059
0.799167 0.022059
0.799259 0.022059
0.799350 0.022059
0.799442 0.022059
0.799533 0.022059
0.799625 0.022059
0.799717 0.022059
0.799808 0.022059
0.799900 0.022059
0.799991 0.022059
0.800083 0.022059
0.800175 0.022059
0.800266 0.022059
0.800358 0.022059
0.800449 0.022059
0.800541 0.022059
0.800632 0.022059
0.800724 0.022059
0.800816 0.022059
0.800907 0.022059
0.800999 0.022059
0.801090 0.022059
0.801182 0.022059
0.801274 0.022059
0.801365 0.022059
0.801457 0.022059
0.801548 0.022059
0.801640 0.022059
0.801731 0.022059
0.801823 0.022059
0.801915 0.022059
0.802006 0.022059
0.802098 0.022059
0.802189 0.022059
0.802281 0.022059
0.802373 0.022059
0.802464 0.022059
0.802556 0.022059
0.802647 0.022059
0.802739 0.022059
0.802831 0.022059
0.802922 0.022059
0.803014 0.022059
0.803105 0.022059
0.803197 0.022059
0.803288 0.022059
0.803380 0.022059
0.803472 0.022059
0.803563 0.022059
0.803655 0.022059
0.803746 0.022059
0.803838 0.022059
0.803930 0.022059
0.804021 0.022059
0.804113 0.022059
0.804204 0.022059
0.804296 0.022059
0.804387 0.022059
0.804479 0.022059
0.804571 0.022059
0.804662 0.022059
0.804754 0.022059
0.804845 0.022059
0.804937 0.022059
0.805029 0.022059
0.805120 0.022059
0.805212 0.022059
0.805303 0.022059
0.805395 0.022059
0.805486 0.022059
0.805578 0.022059
0.805670 0.022059
0.805761 0.022059
0.805853 0.022059
0.805944 0.022059
0.806036 0.022059
0.806128 0.022059
0.806219 0.022059
0.806311 0.022059
0.806402 0.022059
0.806494 0.022059
0.806585 0.022059
0.806677 0.022059
0.806769 0.022059
0.806860 0.022059
0.806952 0.022059
0.807043 0.022059
0.807135 0.022059
0.807227 0.022059
0.807318 0.022059
0.807410 0.022059
0.807501 0.022059
0.807593 0.022059
0.807684 0.022059
0.807776 0.022059
0.807868 0.022059
0.807959 0.022059
0.808051 0.022059
0.808142 0.022059
0.808234 0.022059
0.808326 0.022059
0.808417 0.022059
0.808509 0.022059
0.808600 0.022059
0.808692 0.022059
0.808783 0.022059
0.808875 0.022059
0.808967 0.022059
0.809058 0.022059
0.809150 0.022059
0.809241 0.022059
0.809333 0.022059
0.809425 0.022059
0.809516 0.022059
0.809608 0.022059
0.809699 0.022059
0.809791 0.022059
0.809882 0.022059
0.809974 0.022059
0.810066 0.022059
0.810157 0.022059
0.810249 0.022059
0.810340 0.022059
0.810432 0.022059
0.810524 0.022059
0.810615 0.022059
0.810707 0.022059
0.810798 0.022059
0.810890 0.022059
0.810981 0.022059
0.811073 0.022059
0.811165 0.022059
0.811256 0.022059
0.811348 0.022059
0.811439 0.022059
0.811531 0.022059
0.811623 0.022059
0.811714 0.022059
0.811806 0.022059
0.811897 0.022059
0.811989 0.022059
0.812080 0.022059
0.812172 0.022059
0.812264 0.022059
0.812355 0.022059
0.812447 0.022059
0.812538 0.022059
0.812630 0.022059
0.812722 0.022059
0.812813 0.022059
0.812905 0.022059
0.812996 0.022059
0.813088 0.022059
0.813180 0.022059
0.813271 0.022059
0.813363 0.022059
0.813454 0.022059
0.813546 0.022059
0.813637 0.022059
0.813729 0.022059
0.813821 0.022059
0.813912 0.022059
0.814004 0.022059
0.814095 0.022059
0.814187 0.022059
0.814279 0.022059
0.814370 0.022059
0.814462 0.022059
0.814553 0.022059
0.814645 0.022059
0.814736 0.022059
0.814828 0.022059
0.814920 0.022059
0.815011 0.022059
0.815103 0.022059
0.815194 0.022059
0.815286 0.022059
0.815378 0.022059
0.815469 0.022059
0.815561 0.022059
0.815652 0.022059
0.815744 0.022059
0.815835 0.022059
0.815927 0.022059
0.816019 0.022059
0.816110 0.022059
0.816202 0.022059
0.816293 0.022059
0.816385 0.022059
0.816477 0.022059
0.816568 0.022059
0.816660 0.022059
0.816751 0.022059
0.816843 0.022059
0.816934 0.022059
0.817026 0.022059
0.817118 0.022059
0.817209 0.022059
0.817301 0.022059
0.817392 0.022059
0.817484 0.022059
0.817576 0.022059
0.817667 0.022059
0.817759 0.022059
0.817850 0.022059
0.817942 0.022059
0.818033 0.022059
0.818125 0.022059
0.818217 0.022059
0.818308 0.022059
0.818400 0.022059
0.818491 0.022059
0.818583 0.022059
0.818675 0.022059
0.818766 0.022059
0.818858 0.022059
0.818949 0.022059
0.819041 0.022059
0.819132 0.022059
0.819224 0.022059
0.819316 0.022059
0.819407 0.022059
0.819499 0.022059
0.819590 0.022059
0.819682 0.022059
0.819774 0.022059
0.819865 0.022059
0.819957 0.022059
0.820048 0.022059
0.820140 0.022059
0.820231 0.022059
0.820323 0.022059
0.820415 0.022059
0.820506 0.022059
0.820598 0.022059
0.820689 0.022059
0.820781 0.022059
0.820873 0.022059
0.820964 0.022059
0.821056 0.022059
0.821147 0.022059
0.821239 0.022059
0.821330 0.022059
0.821422 0.022059
0.821514 0.022059
0.821605 0.022059
0.821697 0.022059
0.821788 0.022059
0.821880 0.022059
0.821972 0.022059
0.822063 0.022059
0.822155 0.022059
0.822246 0.022059
0.822338 0.022059
0.822429 0.022059
0.822521 0.022059
0.822613 0.022059
0.822704 0.022059
0.822796 0.022059
0.822887 0.022059
0.822979 0.022059
0.823071 0.022059
0.823162 0.022059
0.823254 0.022059
0.823345 0.022059
0.823437 0.022059
0.823528 0.022059
0.823620 0.022059
0.823712 0.022059
0.823803 0.022059
0.823895 0.022059
0.823986 0.022059
0.824078 0.022059
0.824170 0.022059
0.824261 0.022059
0.824353 0.022059
0.824444 0.022059
0.824536 0.022059
0.824628 0.022059
0.824719 0.022059
0.824811 0.022059
0.824902 0.022059
0.824994 0.022059
0.825085 0.022059
0.825177 0.022059
0.825269 0.022059
0.825360 0.022059
0.825452 0.022059
0.825543 0.022059
0.825635 0.022059
0.825727 0.022059
0.825818 0.022059
0.825910 0.022059
0.826001 0.022059
0.826093 0.022059
0.826184 0.022059
0.826276 0.022059
0.826368 0.022059
0.826459 0.022059
0.826551 0.022059
0.826642 0.022059
0.826734 0.022059
0.826826 0.022059
0.826917 0.022059
0.827009 0.022059
0.827100 0.022059
0.827192 0.022059
0.827283 0.022059
0.827375 0.022059
0.827467 0.022059
0.827558 0.022059
0.827650 0.022059
0.827741 0.022059
0.827833 0.022059
0.827925 0.022059
0.828016 0.022059
0.828108 0.022059
0.828199 0.022059
0.828291 0.022059
0.828382 0.022059
0.828474 0.022059
0.828566 0.022059
0.828657 0.022059
0.828749 0.022059
0.828840 0.022059
0.828932 0.022059
0.829024 0.022059
0.829115 0.022059
0.829207 0.022059
0.829298 0.022059
0.829390 0.022059
0.829481 0.022059
0.829573 0.022059
0.829665 0.022059
0.829756 0.022059
0.829848 0.022059
0.829939 0.022059
0.830031 0.022059
0.830123 0.022059
0.830214 0.022059
0.830306 0.022059
0.830397 0.022059
0.830489 0.022059
0.830580 0.022059
0.830672 0.022059
0.830764 0.022059
0.830855 0.022059
0.830947 0.022059
0.831038 0.022059
0.831130 0.022059
0.831222 0.022059
0.831313 0.022059
0.831405 0.022059
0.831496 0.022059
0.831588 0.022059
0.831679 0.022059
0.831771 0.022059
0.831863 0.022059
0.831954 0.022059
0.832046 0.022059
0.832137 0.022059
0.832229 0.022059
0.832321 0.022059
0.832412 0.022059
0.832504 0.022059
0.832595 0.022059
0.832687 0.022059
0.832778 0.022059
0.832870 0.022059
0.832962 0.022059
0.833053 0.022059
0.833145 0.022059
0.833236 0.022059
0.833328 0.022059
0.833420 0.022059
0.833511 0.022059
0.833603 0.022059
0.833694 0.022059
0.833786 0.022059
0.833877 0.022059
0.833969 0.022059
0.834061 0.022059
0.834152 0.022059
0.834244 0.022059
0.834335 0.022059
0.834427 0.022059
0.834519 0.022059
0.834610 0.022059
0.834702 0.022059
0.834793 0.022059
0.834885 0.022059
0.834976 0.022059
0.835068 0.022059
0.835160 0.022059
0.835251 0.022059
0.835343 0.022059
0.835434 0.022059
0.835526 0.022059
0.835618 0.022059
0.835709 0.022059
0.835801 0.022059
0.835892 0.022059
0.835984 0.022059
0.836076 0.022059
0.836167 0.022059
0.836259 0.022059
0.836350 0.022059
0.836442 0.022059
0.836533 0.022059
0.836625 0.022059
0.836717 0.022059
0.836808 0.022059
0.836900 0.022059
0.836991 0.022059
0.837083 0.022059
0.837175 0.022059
0.837266 0.022059
0.837358 0.022059
0.837449 0.022059
0.837541 0.022059
0.837632 0.022059
0.837724 0.022059
0.837816 0.022059
0.837907 0.022059
0.837999 0.022059
0.838090 0.022059
0.838182 0.022059
0.838274 0.022059
0.838365 0.022059
0.838457 0.022059
0.838548 0.022059
0.838640 0.022059
0.838731 0.022059
0.838823 0.022059
0.838915 0.022059
0.839006 0.022059
0.839098 0.022059
0.839189 0.022059
0.839281 0.022059
0.839373 0.022059
0.839464 0.022059
0.839556 0.022059
0.839647 0.022059
0.839739 0.022059
0.839830 0.022059
0.839922 0.022059
0.840014 0.022059
0.840105 0.022059
0.840197 0.022059
0.840288 0.022059
0.840380 0.022059
0.840472 0.022059
0.840563 0.022059
0.840655 0.022059
0.840746 0.014706
0.840838 0.014706
0.840929 0.014706
0.841021 0.014706
0.841113 0.014706
0.841204 0.014706
0.841296 0.014706
0.841387 0.014706
0.841479 0.014706
0.841571 0.014706
0.841662 0.014706
0.841754 0.014706
0.841845 0.014706
0.841937 0.014706
0.842028 0.014706
0.842120 0.014706
0.842212 0.014706
0.842303 0.014706
0.842395 0.014706
0.842486 0.014706
0.842578 0.014706
0.842670 0.014706
0.842761 0.014706
0.842853 0.014706
0.842944 0.014706
0.843036 0.014706
0.843127 0.014706
0.843219 0.014706
0.843311 0.014706
0.843402 0.014706
0.843494 0.014706
0.843585 0.014706
0.843677 0.014706
0.843769 0.014706
0.843860 0.014706
0.843952 0.014706
0.844043 0.014706
0.844135 0.014706
0.844226 0.014706
0.844318 0.014706
0.844410 0.014706
0.844501 0.014706
0.844593 0.014706
0.844684 0.014706
0.844776 0.014706
0.844868 0.014706
0.844959 0.014706
0.845051 0.014706
0.845142 0.014706
0.845234 0.014706
0.845325 0.014706
0.845417 0.014706
0.845509 0.014706
0.845600 0.014706
0.845692 0.014706
0.845783 0.014706
0.845875 0.014706
0.845967 0.014706
0.846058 0.014706
0.846150 0.014706
0.846241 0.014706
0.846333 0.014706
0.846425 0.014706
0.846516 0.014706
0.846608 0.014706
0.846699 0.014706
0.846791 0.014706
0.846882 0.014706
0.846974 0.014706
0.847066 0.014706
0.847157 0.014706
0.847249 0.014706
0.847340 0.014706
0.847432 0.014706
0.847524 0.014706
0.847615 0.014706
0.847707 0.014706
0.847798 0.014706
0.847890 0.014706
0.847981 0.014706
0.848073 0.014706
0.848165 0.014706
0.848256 0.014706
0.848348 0.014706
0.848439 0.014706
0.848531 0.014706
0.848623 0.014706
0.848714 0.014706
0.848806 0.014706
0.848897 0.014706
0.848989 0.014706
0.849080 0.014706
0.849172 0.014706
0.849264 0.014706
0.849355 0.014706
0.849447 0.014706
0.849538 0.014706
0.849630 0.014706
0.849722 0.014706
0.849813 0.014706
0.849905 0.014706
0.849996 0.014706
0.850088 0.014706
0.850179 0.014706
0.850271 0.014706
0.850363 0.014706
0.850454 0.014706
0.850546 0.014706
0.850637 0.014706
0.850729 0.014706
0.850821 0.014706
0.850912 0.014706
0.851004 0.014706
0.851095 0.014706
0.851187 0.014706
0.851278 0.014706
0.851370 0.014706
0.851462 0.014706
0.851553 0.014706
0.851645 0.014706
0.851736 0.014706
0.851828 0.014706
0.851920 0.014706
0.852011 0.014706
0.852103 0.014706
0.852194 0.014706
0.852286 0.014706
0.852377 0.014706
0.852469 0.014706
0.852561 0.014706
0.852652 0.014706
0.852744 0.014706
0.852835 0.014706
0.852927 0.014706
0.853019 0.014706
0.853110 0.014706
0.853202 0.014706
0.853293 0.014706
0.853385 0.014706
0.853476 0.014706
0.853568 0.014706
0.853660 0.014706
0.853751 0.014706
0.853843 0.014706
0.853934 0.014706
0.854026 0.014706
0.854118 0.014706
0.854209 0.014706
0.854301 0.014706
0.854392 0.014706
0.854484 0.014706
0.854575 0.014706
0.854667 0.014706
0.854759 0.014706
0.854850 0.014706
0.854942 0.014706
0.855033 0.014706
0.855125 0.014706
0.855217 0.014706
0.855308 0.014706
0.855400 0.014706
0.855491 0.014706
0.855583 0.014706
0.855674 0.014706
0.855766 0.014706
0.855858 0.014706
0.855949 0.014706
0.856041 0.014706
0.856132 0.014706
0.856224 0.014706
0.856316 0.014706
0.856407 0.014706
0.856499 0.014706
0.856590 0.014706
0.856682 0.014706
0.856773 0.014706
0.856865 0.014706
0.856957 0.014706
0.857048 0.014706
0.857140 0.014706
0.857231 0.014706
0.857323 0.014706
0.857415 0.014706
0.857506 0.014706
0.857598 0.014706
0.857689 0.014706
0.857781 0.014706
0.857873 0.014706
0.857964 0.014706
0.858056 0.014706
0.858147 0.014706
0.858239 0.014706
0.858330 0.014706
0.858422 0.014706
0.858514 0.014706
0.858605 0.014706
0.858697 0.014706
0.858788 0.014706
0.858880 0.014706
0.858972 0.014706
0.859063 0.014706
0.859155 0.014706
0.859246 0.014706
0.859338 0.014706
0.859429 0.014706
0.859521 0.014706
0.859613 0.014706
0.859704 0.014706
0.859796 0.014706
0.859887 0.014706
0.859979 0.014706
0.860071 0.014706
0.860162 0.014706
0.860254 0.014706
0.860345 0.014706
0.860437 0.014706
0.860528 0.014706
0.860620 0.014706
0.860712 0.014706
0.860803 0.014706
0.860895 0.014706
0.860986 0.014706
0.861078 0.014706
0.861170 0.014706
0.861261 0.014706
0.861353 0.014706
0.861444 0.014706
0.861536 0.014706
0.861627 0.014706
0.861719 0.014706
0.861811 0.014706
0.861902 0.014706
0.861994 0.014706
0.862085 0.014706
0.862177 0.014706
0.862269 0.014706
0.862360 0.014706
0.862452 0.014706
0.862543 0.014706
0.862635 0.014706
0.862726 0.014706
0.862818 0.014706
0.862910 0.014706
0.863001 0.014706
0.863093 0.014706
0.863184 0.014706
0.863276 0.014706
0.863368 0.014706
0.863459 0.014706
0.863551 0.014706
0.863642 0.014706
0.863734 0.014706
0.863825 0.014706
0.863917 0.014706
0.864009 0.014706
0.864100 0.014706
0.864192 0.014706
0.864283 0.014706
0.864375 0.014706
0.864467 0.014706
0.864558 0.014706
0.864650 0.014706
0.864741 0.014706
0.864833 0.014706
0.864924 0.014706
0.865016 0.014706
0.865108 0.014706
0.865199 0.014706
0.865291 0.014706
0.865382 0.014706
0.865474 0.014706
0.865566 0.014706
0.865657 0.014706
0.865749 0.014706
0.865840 0.014706
0.865932 0.014706
0.866023 0.014706
0.866115 0.014706
0.866207 0.014706
0.866298 0.014706
0.866390 0.014706
0.866481 0.014706
0.866573 0.014706
0.866665 0.014706
0.866756 0.014706
0.866848 0.014706
0.866939 0.014706
0.867031 0.014706
0.867122 0.014706
0.867214 0.014706
0.867306 0.014706
0.867397 0.014706
0.867489 0.014706
0.867580 0.014706
0.867672 0.014706
0.867764 0.014706
0.867855 0.014706
0.867947 0.014706
0.868038 0.014706
0.868130 0.014706
0.868221 0.014706
0.868313 0.014706
0.868405 0.014706
0.868496 0.014706
0.868588 0.014706
0.868679 0.014706
0.868771 0.014706
0.868863 0.014706
0.868954 0.014706
0.869046 0.014706
0.869137 0.014706
0.869229 0.014706
0.869321 0.014706
0.869412 0.014706
0.869504 0.014706
0.869595 0.014706
0.869687 0.014706
0.869778 0.014706
0.869870 0.014706
0.869962 0.014706
0.870053 0.014706
0.870145 0.014706
0.870236 0.014706
0.870328 0.014706
0.870420 0.014706
0.870511 0.014706
0.870603 0.014706
0.870694 0.014706
0.870786 0.014706
0.870877 0.014706
0.870969 0.014706
0.871061 0.014706
0.871152 0.014706
0.871244 0.014706
0.871335 0.014706
0.871427 0.014706
0.871519 0.014706
0.871610 0.014706
0.871702 0.014706
0.871793 0.014706
0.871885 0.014706
0.871976 0.014706
0.872068 0.014706
0.872160 0.014706
0.872251 0.014706
0.872343 0.014706
0.872434 0.014706
0.872526 0.014706
0.872618 0.014706
0.872709 0.014706
0.872801 0.014706
0.872892 0.014706
0.872984 0.014706
0.873075 0.014706
0.873167 0.014706
0.873259 0.014706
0.873350 0.014706
0.873442 0.014706
0.873533 0.014706
0.873625 0.014706
0.873717 0.014706
0.873808 0.014706
0.873900 0.014706
0.873991 0.014706
0.874083 0.014706
0.874174 0.014706
0.874266 0.014706
0.874358 0.014706
0.874449 0.014706
0.874541 0.014706
0.874632 0.014706
0.874724 0.014706
0.874816 0.014706
0.874907 0.014706
0.874999 0.014706
0.875090 0.014706
0.875182 0.014706
0.875273 0.014706
0.875365 0.014706
0.875457 0.014706
0.875548 0.014706
0.875640 0.014706
0.875731 0.014706
0.875823 0.014706
0.875915 0.014706
0.876006 0.014706
0.876098 0.014706
0.876189 0.014706
0.876281 0.014706
0.876372 0.014706
0.876464 0.014706
0.876556 0.014706
0.876647 0.014706
0.876739 0.014706
0.876830 0.014706
0.876922 0.014706
0.877014 0.014706
0.877105 0.014706
0.877197 0.014706
0.877288 0.014706
0.877380 0.014706
0.877471 0.014706
0.877563 0.014706
0.877655 0.014706
0.877746 0.014706
0.877838 0.014706
0.877929 0.014706
0.878021 0.014706
0.878113 0.014706
0.878204 0.014706
0.878296 0.014706
0.878387 0.014706
0.878479 0.014706
0.878570 0.014706
0.878662 0.014706
0.878754 0.014706
0.878845 0.014706
0.878937 0.014706
0.879028 0.014706
0.879120 0.014706
0.879212 0.014706
0.879303 0.014706
0.879395 0.014706
0.879486 0.014706
0.879578 0.014706
0.879670 0.014706
0.879761 0.014706
0.879853 0.014706
0.879944 0.014706
0.880036 0.014706
0.880127 0.014706
0.880219 0.014706
0.880311 0.014706
0.880402 0.014706
0.880494 0.014706
0.880585 0.014706
0.880677 0.014706
0.880769 0.014706
0.880860 0.014706
0.880952 0.014706
0.881043 0.014706
0.881135 0.014706
0.881226 0.014706
0.881318 0.014706
0.881410 0.014706
0.881501 0.014706
0.881593 0.014706
0.881684 0.014706
0.881776 0.014706
0.881868 0.014706
0.881959 0.014706
0.882051 0.014706
0.882142 0.014706
0.882234 0.014706
0.882325 0.014706
0.882417 0.014706
0.882509 0.014706
0.882600 0.014706
0.882692 0.014706
0.882783 0.014706
0.882875 0.014706
0.882967 0.014706
0.883058 0.014706
0.883150 0.014706
0.883241 0.014706
0.883333 0.014706
0.883424 0.014706
0.883516 0.014706
0.883608 0.014706
0.883699 0.014706
0.883791 0.014706
0.883882 0.014706
0.883974 0.014706
0.884066 0.014706
0.884157 0.014706
0.884249 0.014706
0.884340 0.014706
0.884432 0.014706
0.884523 0.014706
0.884615 0.014706
0.884707 0.014706
0.884798 0.014706
0.884890 0.014706
0.884981 0.014706
0.885073 0.014706
0.885165 0.014706
0.885256 0.014706
0.885348 0.014706
0.885439 0.014706
0.885531 0.014706
0.885622 0.014706
0.885714 0.014706
0.885806 0.014706
0.885897 0.014706
0.885989 0.014706
0.886080 0.014706
0.886172 0.014706
0.886264 0.014706
0.886355 0.014706
0.886447 0.014706
0.886538 0.014706
0.886630 0.014706
0.886721 0.014706
0.886813 0.014706
0.886905 0.014706
0.886996 0.014706
0.887088 0.014706
0.887179 0.014706
0.887271 0.014706
0.887363 0.014706
0.887454 0.014706
0.887546 0.014706
0.887637 0.014706
0.887729 0.014706
0.887820 0.014706
0.887912 0.014706
0.888004 0.014706
0.888095 0.014706
0.888187 0.014706
0.888278 0.014706
0.888370 0.014706
0.888462 0.014706
0.888553 0.014706
0.888645 0.014706
0.888736 0.014706
0.888828 0.014706
0.888919 0.014706
0.889011 0.014706
0.889103 0.014706
0.889194 0.014706
0.889286 0.014706
0.889377 0.014706
0.889469 0.014706
0.889561 0.014706
0.889652 0.014706
0.889744 0.014706
0.889835 0.014706
0.889927 0.014706
0.890018 0.014706
0.890110 0.014706
0.890202 0.014706
0.890293 0.014706
0.890385 0.014706
0.890476 0.014706
0.890568 0.014706
0.890660 0.014706
0.890751 0.014706
0.890843 0.014706
0.890934 0.014706
0.891026 0.014706
0.891118 0.014706
0.891209 0.014706
0.891301 0.014706
0.891392 0.014706
0.891484 0.014706
0.891575 0.014706
0.891667 0.014706
0.891759 0.014706
0.891850 0.014706
0.891942 0.014706
0.892033 0.014706
0.892125 0.014706
0.892217 0.014706
0.892308 0.014706
0.892400 0.014706
0.892491 0.014706
0.892583 0.014706
0.892674 0.014706
0.892766 0.014706
0.892858 0.014706
0.892949 0.014706
0.893041 0.014706
0.893132 0.014706
0.893224 0.014706
0.893316 0.014706
0.893407 0.014706
0.893499 0.014706
0.893590 0.014706
0.893682 0.014706
0.893773 0.014706
0.893865 0.014706
0.893957 0.014706
0.894048 0.014706
0.894140 0.014706
0.894231 0.014706
0.894323 0.014706
0.894415 0.014706
0.894506 0.014706
0.894598 0.014706
0.894689 0.014706
0.894781 0.014706
0.894872 0.014706
0.894964 0.014706
0.895056 0.014706
0.895147 0.014706
0.895239 0.014706
0.895330 0.014706
0.895422 0.014706
0.895514 0.014706
0.895605 0.014706
0.895697 0.014706
0.895788 0.014706
0.895880 0.014706
0.895971 0.014706
0.896063 0.014706
0.896155 0.014706
0.896246 0.014706
0.896338 0.014706
0.896429 0.014706
0.896521 0.014706
0.896613 0.014706
0.896704 0.014706
0.896796 0.014706
0.896887 0.014706
0.896979 0.014706
0.897070 0.014706
0.897162 0.014706
0.897254 0.014706
0.897345 0.014706
0.897437 0.014706
0.897528 0.014706
0.897620 0.014706
0.897712 0.014706
0.897803 0.014706
0.897895 0.014706
0.897986 0.014706
0.898078 0.014706
0.898169 0.014706
0.898261 0.014706
0.898353 0.014706
0.898444 0.014706
0.898536 0.014706
0.898627 0.014706
0.898719 0.014706
0.898811 0.014706
0.898902 0.014706
0.898994 0.014706
0.899085 0.014706
0.899177 0.014706
0.899268 0.014706
0.899360 0.014706
0.899452 0.014706
0.899543 0.014706
0.899635 0.014706
0.899726 0.014706
0.899818 0.014706
0.899910 0.014706
0.900001 0.014706
0.900093 0.014706
0.900184 0.014706
0.900276 0.014706
0.900367 0.014706
0.900459 0.014706
0.900551 0.014706
0.900642 0.014706
0.900734 0.014706
0.900825 0.014706
0.900917 0.014706
0.901009 0.014706
0.901100 0.014706
0.901192 0.014706
0.901283 0.014706
0.901375 0.014706
0.901466 0.014706
0.901558 0.014706
0.901650 0.014706
0.901741 0.014706
0.901833 0.014706
0.901924 0.014706
0.902016 0.014706
0.902108 0.014706
0.902199 0.014706
0.902291 0.014706
0.902382 0.014706
0.902474 0.014706
0.902566 0.014706
0.902657 0.014706
0.902749 0.014706
0.902840 0.014706
0.902932 0.014706
0.903023 0.014706
0.903115 0.014706
0.903207 0.014706
0.903298 0.014706
0.903390 0.014706
0.903481 0.014706
0.903573 0.014706
0.903665 0.014706
0.903756 0.014706
0.903848 0.014706
0.903939 0.014706
0.904031 0.014706
0.904122 0.014706
0.904214 0.014706
0.904306 0.014706
0.904397 0.014706
0.904489 0.014706
0.904580 0.014706
0.904672 0.014706
0.904764 0.014706
0.904855 0.007353
0.904947 0.007353
0.905038 0.007353
0.905130 0.007353
0.905221 0.007353
0.905313 0.007353
0.905405 0.007353
0.905496 0.007353
0.905588 0.007353
0.905679 0.007353
0.905771 0.007353
0.905863 0.007353
0.905954 0.007353
0.906046 0.007353
0.906137 0.007353
0.906229 0.007353
0.906320 0.007353
0.906412 0.007353
0.906504 0.007353
0.906595 0.007353
0.906687 0.007353
0.906778 0.007353
0.906870 0.007353
0.906962 0.007353
0.907053 0.007353
0.907145 0.007353
0.907236 0.007353
0.907328 0.007353
0.907419 0.007353
0.907511 0.007353
0.907603 0.007353
0.907694 0.007353
0.907786 0.007353
0.907877 0.007353
0.907969 0.007353
0.908061 0.007353
0.908152 0.007353
0.908244 0.007353
0.908335 0.007353
0.908427 0.007353
0.908518 0.007353
0.908610 0.007353
0.908702 0.007353
0.908793 0.007353
0.908885 0.007353
0.908976 0.007353
0.909068 0.007353
0.909160 0.007353
0.909251 0.007353
0.909343 0.007353
0.909434 0.007353
0.909526 0.007353
0.909617 0.007353
0.909709 0.007353
0.909801 0.007353
0.909892 0.007353
0.909984 0.007353
0.910075 0.007353
0.910167 0.007353
0.910259 0.007353
0.910350 0.007353
0.910442 0.007353
0.910533 0.007353
0.910625 0.007353
0.910716 0.007353
0.910808 0.007353
0.910900 0.007353
0.910991 0.007353
0.911083 0.007353
0.911174 0.007353
0.911266 0.007353
0.911358 0.007353
0.911449 0.007353
0.911541 0.007353
0.911632 0.007353
0.911724 0.007353
0.911815 0.007353
0.911907 0.007353
0.911999 0.007353
0.912090 0.007353
0.912182 0.007353
0.912273 0.007353
0.912365 0.007353
0.912457 0.007353
0.912548 0.007353
0.912640 0.007353
0.912731 0.007353
0.912823 0.007353
0.912914 0.007353
0.913006 0.007353
0.913098 0.007353
0.913189 0.007353
0.913281 0.007353
0.913372 0.007353
0.913464 0.007353
0.913556 0.007353
0.913647 0.007353
0.913739 0.007353
0.913830 0.007353
0.913922 0.007353
0.914014 0.007353
0.914105 0.007353
0.914197 0.007353
0.914288 0.007353
0.914380 0.007353
0.914471 0.007353
0.914563 0.007353
0.914655 0.007353
0.914746 0.007353
0.914838 0.007353
0.914929 0.007353
0.915021 0.007353
0.915113 0.007353
0.915204 0.007353
0.915296 0.007353
0.915387 0.007353
0.915479 0.007353
0.915570 0.007353
0.915662 0.007353
0.915754 0.007353
0.915845 0.007353
0.915937 0.007353
0.916028 0.007353
0.916120 0.007353
0.916212 0.007353
0.916303 0.007353
0.916395 0.007353
0.916486 0.007353
0.916578 0.007353
0.916669 0.007353
0.916761 0.007353
0.916853 0.007353
0.916944 0.007353
0.917036 0.007353
0.917127 0.007353
0.917219 0.007353
0.917311 0.007353
0.917402 0.007353
0.917494 0.007353
0.917585 0.007353
0.917677 0.007353
0.917768 0.007353
0.917860 0.007353
0.917952 0.007353
0.918043 0.007353
0.918135 0.007353
0.918226 0.007353
0.918318 0.007353
0.918410 0.007353
0.918501 0.007353
0.918593 0.007353
0.918684 0.007353
0.918776 0.007353
0.918867 0.007353
0.918959 0.007353
0.919051 0.007353
0.919142 0.007353
0.919234 0.007353
0.919325 0.007353
0.919417 0.007353
0.919509 0.007353
0.919600 0.007353
0.919692 0.007353
0.919783 0.007353
0.919875 0.007353
0.919966 0.000000
0.920058 0.000000
0.920150 0.000000
0.920241 0.000000
0.920333 0.000000
0.920424 0.000000
0.920516 0.000000
0.920608 0.000000
0.920699 0.000000
0.920791 0.000000
0.920882 0.000000
0.920974 0.000000
0.921065 0.000000
0.921157 0.000000
0.921249 0.000000
0.921340 0.000000
0.921432 0.000000
0.921523 0.000000
0.921615 0.000000
0.921707 0.000000
0.921798 0.000000
0.921890 0.000000
0.921981 0.000000
0.922073 0.000000
0.922164 0.000000
0.922256 0.000000
0.922348 0.000000
0.922439 0.000000
0.922531 0.000000
0.922622 0.000000
0.922714 0.000000
0.922806 0.000000
0.922897 0.000000
0.922989 0.000000
0.923080 0.000000
0.923172 0.000000
0.923263 0.000000
0.923355 0.000000
0.923447 0.000000
0.923538 0.000000
0.923630 0.000000
0.923721 0.000000
0.923813 0.000000
0.923905 0.000000
0.923996 0.000000
0.924088 0.000000
0.924179 0.000000
0.924271 0.000000
0.924363 0.000000
0.924454 0.000000
0.924546 0.000000
0.924637 0.000000
0.924729 0.000000
0.924820 0.000000
0.924912 0.000000
0.925004 0.000000
0.925095 0.000000
0.925187 0.000000
0.925278 0.000000
0.925370 0.000000
0.925462 0.000000
0.925553 0.000000
0.925645 0.000000
0.925736 0.000000
0.925828 0.000000
0.925919 0.000000
0.926011 0.000000
0.926103 0.000000
0.926194 0.000000
0.926286 0.000000
0.926377 0.000000
0.926469 0.000000
0.926561 0.000000
0.926652 0.000000
0.926744 0.000000
0.926835 0.000000
0.926927 0.000000
0.927018 0.000000
0.927110 0.000000
0.927202 0.000000
0.927293 0.000000
0.927385 0.000000
0.927476 0.000000
0.927568 0.000000
0.927660 0.000000
0.927751 0.000000
0.927843 0.000000
0.927934 0.000000
0.928026 0.000000
0.928117 0.000000
0.928209 0.000000
0.928301 0.000000
0.928392 0.000000
0.928484 0.000000
0.928575 0.000000
0.928667 0.000000
0.928759 0.000000
0.928850 0.000000
0.928942 0.000000
0.929033 0.000000
0.929125 0.000000
0.929216 0.000000
0.929308 0.000000
0.929400 0.000000
0.929491 0.000000
0.929583 0.000000
0.929674 0.000000
0.929766 0.000000
0.929858 0.000000
0.929949 0.000000
0.930041 0.000000
0.930132 0.000000
0.930224 0.000000
0.930315 0.000000
0.930407 0.000000
0.930499 0.000000
0.930590 0.000000
0.930682 0.000000
0.930773 0.000000
0.930865 0.000000
0.930957 0.000000
0.931048 0.000000
0.931140 0.000000
0.931231 0.000000
0.931323 0.000000
0.931414 0.000000
0.931506 0.000000
0.931598 0.000000
0.931689 0.000000
0.931781 0.000000
0.931872 0.000000
0.931964 0.000000
0.932056 0.000000
0.932147 0.000000
0.932239 0.000000
0.932330 0.000000
0.932422 0.000000
0.932513 0.000000
0.932605 0.000000
0.932697 0.000000
0.932788 0.000000
0.932880 0.000000
0.932971 0.000000
0.933063 0.000000
0.933155 0.000000
0.933246 0.000000
0.933338 0.000000
0.933429 0.000000
0.933521 0.000000
0.933612 0.000000
0.933704 0.000000
0.933796 0.000000
0.933887 0.000000
0.933979 0.000000
0.934070 0.000000
0.934162 0.000000
0.934254 0.000000
0.934345 0.000000
0.934437 0.000000
0.934528 0.000000
0.934620 0.000000
0.934711 0.000000
0.934803 0.000000
0.934895 0.000000
0.934986 0.000000
0.935078 0.000000
0.935169 0.000000
0.935261 0.000000
0.935353 0.000000
0.935444 0.000000
0.935536 0.000000
0.935627 0.000000
0.935719 0.000000
0.935811 0.000000
0.935902 0.000000
0.935994 0.000000
0.936085 0.000000
0.936177 0.000000
0.936268 0.000000
0.936360 0.000000
0.936452 0.000000
0.936543 0.000000
0.936635 0.000000
0.936726 0.000000
0.936818 0.000000
0.936910 0.000000
0.937001 0.000000
0.937093 0.000000
0.937184 0.000000
0.937276 0.000000
0.937367 0.000000
0.937459 0.000000
0.937551 0.000000
0.937642 0.000000
0.937734 0.000000
