# Threshold Efficiency
0.006840 1.000000
0.006937 1.000000
0.007034 1.000000
0.007132 1.000000
0.007229 1.000000
0.007326 1.000000
0.007423 1.000000
0.007520 1.000000
0.007617 1.000000
0.007714 1.000000
0.007811 1.000000
0.007909 1.000000
0.008006 1.000000
0.008103 1.000000
0.008200 1.000000
0.008297 1.000000
0.008394 1.000000
0.008491 1.000000
0.008589 1.000000
0.008686 1.000000
0.008783 1.000000
0.008880 1.000000
0.008977 1.000000
0.009074 1.000000
0.009171 1.000000
0.009268 1.000000
0.009366 1.000000
0.009463 1.000000
0.009560 1.000000
0.009657 1.000000
0.009754 1.000000
0.009851 1.000000
0.009948 1.000000
0.010046 1.000000
0.010143 1.000000
0.010240 1.000000
0.010337 1.000000
0.010434 1.000000
0.010531 1.000000
0.010628 1.000000
0.010726 1.000000
0.010823 1.000000
0.010920 1.000000
0.011017 1.000000
0.011114 1.000000
0.011211 1.000000
0.011308 1.000000
0.011405 1.000000
0.011503 1.000000
0.011600 1.000000
0.011697 1.000000
0.011794 1.000000
0.011891 1.000000
0.011988 1.000000
0.012085 1.000000
0.012183 1.000000
0.012280 1.000000
0.012377 1.000000
0.012474 1.000000
0.012571 1.000000
0.012668 1.000000
0.012765 1.000000
0.012862 1.000000
0.012960 1.000000
0.013057 1.000000
0.013154 1.000000
0.013251 1.000000
0.013348 1.000000
0.013445 1.000000
0.013542 1.000000
0.013640 1.000000
0.013737 1.000000
0.013834 1.000000
0.013931 1.000000
0.014028 1.000000
0.014125 1.000000
0.014222 1.000000
0.014319 1.000000
0.014417 1.000000
0.014514 1.000000
0.014611 1.000000
0.014708 1.000000
0.014805 1.000000
0.014902 1.000000
0.014999 1.000000
0.015097 1.000000
0.015194 1.000000
0.015291 1.000000
0.015388 1.000000
0.015485 1.000000
0.015582 1.000000
0.015679 1.000000
0.015776 1.000000
0.015874 1.000000
0.015971 1.000000
0.016068 1.000000
0.016165 1.000000
0.016262 1.000000
0.016359 1.000000
0.016456 1.000000
0.016554 1.000000
0.016651 1.000000
0.016748 1.000000
0.016845 1.000000
0.016942 1.000000
0.017039 1.000000
0.017136 1.000000
0.017234 1.000000
0.017331 1.000000
0.017428 1.000000
0.017525 1.000000
0.017622 1.000000
0.017719 1.000000
0.017816 1.000000
0.017913 1.000000
0.018011 1.000000
0.018108 1.000000
0.018205 1.000000
0.018302 1.000000
0.018399 1.000000
0.018496 1.000000
0.018593 1.000000
0.018691 1.000000
0.018788 1.000000
0.018885 1.000000
0.018982 1.000000
0.019079 1.000000
0.019176 1.000000
0.019273 1.000000
0.019370 1.000000
0.019468 1.000000
0.019565 1.000000
0.019662 1.000000
0.019759 1.000000
0.019856 1.000000
0.019953 1.000000
0.020050 1.000000
0.020148 1.000000
0.020245 1.000000
0.020342 1.000000
0.020439 1.000000
0.020536 1.000000
0.020633 1.000000
0.020730 1.000000
0.020827 1.000000
0.020925 1.000000
0.021022 1.000000
0.021119 1.000000
0.021216 1.000000
0.021313 1.000000
0.021410 1.000000
0.021507 1.000000
0.021605 1.000000
0.021702 1.000000
0.021799 1.000000
0.021896 1.000000
0.021993 1.000000
0.022090 1.000000
0.022187 1.000000
0.022284 1.000000
0.022382 1.000000
0.022479 1.000000
0.022576 1.000000
0.022673 1.000000
0.022770 1.000000
0.022867 1.000000
0.022964 1.000000
0.023062 1.000000
0.023159 1.000000
0.023256 1.000000
0.023353 1.000000
0.023450 1.000000
0.023547 1.000000
0.023644 1.000000
0.023742 1.000000
0.023839 1.000000
0.023936 1.000000
0.024033 1.000000
0.024130 1.000000
0.024227 1.000000
0.024324 1.000000
0.024421 1.000000
0.024519 1.000000
0.024616 1.000000
0.024713 1.000000
0.024810 1.000000
0.024907 1.000000
0.025004 1.000000
0.025101 1.000000
0.025199 1.000000
0.025296 1.000000
0.025393 1.000000
0.025490 1.000000
0.025587 1.000000
0.025684 1.000000
0.025781 1.000000
0.025878 1.000000
0.025976 1.000000
0.026073 1.000000
0.026170 1.000000
0.026267 1.000000
0.026364 1.000000
0.026461 1.000000
0.026558 1.000000
0.026656 1.000000
0.026753 1.000000
0.026850 1.000000
0.026947 1.000000
0.027044 1.000000
0.027141 1.000000
0.027238 1.000000
0.027335 1.000000
0.027433 1.000000
0.027530 1.000000
0.027627 1.000000
0.027724 1.000000
0.027821 1.000000
0.027918 1.000000
0.028015 1.000000
0.028113 1.000000
0.028210 1.000000
0.028307 1.000000
0.028404 1.000000
0.028501 1.000000
0.028598 1.000000
0.028695 1.000000
0.028793 1.000000
0.028890 1.000000
0.028987 1.000000
0.029084 1.000000
0.029181 1.000000
0.029278 1.000000
0.029375 1.000000
0.029472 1.000000
0.029570 1.000000
0.029667 1.000000
0.029764 1.000000
0.029861 1.000000
0.029958 1.000000
0.030055 1.000000
0.030152 1.000000
0.030250 1.000000
0.030347 1.000000
0.030444 1.000000
0.030541 1.000000
0.030638 1.000000
0.030735 1.000000
0.030832 1.000000
0.030929 1.000000
0.031027 1.000000
0.031124 1.000000
0.031221 1.000000
0.031318 1.000000
0.031415 1.000000
0.031512 1.000000
0.031609 1.000000
0.031707 1.000000
0.031804 1.000000
0.031901 1.000000
0.031998 1.000000
0.032095 1.000000
0.032192 1.000000
0.032289 1.000000
0.032386 1.000000
0.032484 1.000000
0.032581 1.000000
0.032678 1.000000
0.032775 1.000000
0.032872 1.000000
0.032969 1.000000
0.033066 1.000000
0.033164 1.000000
0.033261 1.000000
0.033358 1.000000
0.033455 1.000000
0.033552 1.000000
0.033649 1.000000
0.033746 1.000000
0.033843 1.000000
0.033941 1.000000
0.034038 1.000000
0.034135 1.000000
0.034232 1.000000
0.034329 1.000000
0.034426 1.000000
0.034523 1.000000
0.034621 1.000000
0.034718 1.000000
0.034815 1.000000
0.034912 1.000000
0.035009 1.000000
0.035106 1.000000
0.035203 1.000000
0.035301 1.000000
0.035398 1.000000
0.035495 1.000000
0.035592 1.000000
0.035689 1.000000
0.035786 1.000000
0.035883 1.000000
0.035980 1.000000
0.036078 1.000000
0.036175 1.000000
0.036272 1.000000
0.036369 1.000000
0.036466 1.000000
0.036563 1.000000
0.036660 1.000000
0.036758 1.000000
0.036855 1.000000
0.036952 1.000000
0.037049 1.000000
0.037146 1.000000
0.037243 1.000000
0.037340 1.000000
0.037437 1.000000
0.037535 1.000000
0.037632 1.000000
0.037729 1.000000
0.037826 1.000000
0.037923 1.000000
0.038020 1.000000
0.038117 1.000000
0.038215 1.000000
0.038312 1.000000
0.038409 1.000000
0.038506 1.000000
0.038603 1.000000
0.038700 1.000000
0.038797 1.000000
0.038894 1.000000
0.038992 1.000000
0.039089 1.000000
0.039186 1.000000
0.039283 1.000000
0.039380 1.000000
0.039477 1.000000
0.039574 1.000000
0.039672 1.000000
0.039769 1.000000
0.039866 1.000000
0.039963 1.000000
0.040060 1.000000
0.040157 1.000000
0.040254 1.000000
0.040351 1.000000
0.040449 1.000000
0.040546 1.000000
0.040643 1.000000
0.040740 1.000000
0.040837 1.000000
0.040934 1.000000
0.041031 1.000000
0.041129 1.000000
0.041226 1.000000
0.041323 1.000000
0.041420 1.000000
0.041517 1.000000
0.041614 1.000000
0.041711 1.000000
0.041809 1.000000
0.041906 1.000000
0.042003 1.000000
0.042100 1.000000
0.042197 1.000000
0.042294 1.000000
0.042391 1.000000
0.042488 1.000000
0.042586 1.000000
0.042683 1.000000
0.042780 1.000000
0.042877 1.000000
0.042974 1.000000
0.043071 1.000000
0.043168 1.000000
0.043266 1.000000
0.043363 1.000000
0.043460 1.000000
0.043557 1.000000
0.043654 1.000000
0.043751 1.000000
0.043848 1.000000
0.043945 1.000000
0.044043 1.000000
0.044140 1.000000
0.044237 1.000000
0.044334 1.000000
0.044431 1.000000
0.044528 1.000000
0.044625 1.000000
0.044723 1.000000
0.044820 1.000000
0.044917 1.000000
0.045014 1.000000
0.045111 1.000000
0.045208 1.000000
0.045305 1.000000
0.045402 1.000000
0.045500 1.000000
0.045597 1.000000
0.045694 1.000000
0.045791 1.000000
0.045888 1.000000
0.045985 1.000000
0.046082 1.000000
0.046180 1.000000
0.046277 1.000000
0.046374 1.000000
0.046471 1.000000
0.046568 1.000000
0.046665 1.000000
0.046762 1.000000
0.046860 1.000000
0.046957 1.000000
0.047054 1.000000
0.047151 1.000000
0.047248 1.000000
0.047345 1.000000
0.047442 1.000000
0.047539 1.000000
0.047637 1.000000
0.047734 1.000000
0.047831 1.000000
0.047928 1.000000
0.048025 1.000000
0.048122 1.000000
0.048219 1.000000
0.048317 1.000000
0.048414 1.000000
0.048511 1.000000
0.048608 1.000000
0.048705 1.000000
0.048802 1.000000
0.048899 1.000000
0.048996 1.000000
0.049094 1.000000
0.049191 1.000000
0.049288 1.000000
0.049385 1.000000
0.049482 1.000000
0.049579 1.000000
0.049676 1.000000
0.049774 1.000000
0.049871 1.000000
0.049968 1.000000
0.050065 1.000000
0.050162 1.000000
0.050259 1.000000
0.050356 1.000000
0.050453 1.000000
0.050551 1.000000
0.050648 1.000000
0.050745 1.000000
0.050842 1.000000
0.050939 1.000000
0.051036 1.000000
0.051133 1.000000
0.051231 1.000000
0.051328 1.000000
0.051425 1.000000
0.051522 1.000000
0.051619 1.000000
0.051716 1.000000
0.051813 1.000000
0.051910 1.000000
0.052008 1.000000
0.052105 1.000000
0.052202 1.000000
0.052299 1.000000
0.052396 1.000000
0.052493 1.000000
0.052590 1.000000
0.052688 1.000000
0.052785 1.000000
0.052882 1.000000
0.052979 1.000000
0.053076 1.000000
0.053173 1.000000
0.053270 1.000000
0.053368 1.000000
0.053465 1.000000
0.053562 1.000000
0.053659 1.000000
0.053756 1.000000
0.053853 1.000000
0.053950 1.000000
0.054047 1.000000
0.054145 1.000000
0.054242 1.000000
0.054339 1.000000
0.054436 1.000000
0.054533 1.000000
0.054630 1.000000
0.054727 1.000000
0.054825 1.000000
0.054922 1.000000
0.055019 1.000000
0.055116 1.000000
0.055213 1.000000
0.055310 1.000000
0.055407 1.000000
0.055504 1.000000
0.055602 1.000000
0.055699 1.000000
0.055796 1.000000
0.055893 1.000000
0.055990 1.000000
0.056087 1.000000
0.056184 1.000000
0.056282 1.000000
0.056379 1.000000
0.056476 1.000000
0.056573 1.000000
0.056670 1.000000
0.056767 1.000000
0.056864 1.000000
0.056961 1.000000
0.057059 1.000000
0.057156 0.997442
0.057253 0.997442
0.057350 0.997442
0.057447 0.997442
0.057544 0.997442
0.057641 0.997442
0.057739 0.997442
0.057836 0.997442
0.057933 0.997442
0.058030 0.997442
0.058127 0.997442
0.058224 0.997442
0.058321 0.997442
0.058418 0.997442
0.058516 0.997442
0.058613 0.997442
0.058710 0.997442
0.058807 0.997442
0.058904 0.997442
0.059001 0.997442
0.059098 0.997442
0.059196 0.997442
0.059293 0.997442
0.059390 0.997442
0.059487 0.997442
0.059584 0.997442
0.059681 0.997442
0.059778 0.997442
0.059876 0.997442
0.059973 0.997442
0.060070 0.997442
0.060167 0.997442
0.060264 0.997442
0.060361 0.997442
0.060458 0.997442
0.060555 0.997442
0.060653 0.997442
0.060750 0.997442
0.060847 0.997442
0.060944 0.997442
0.061041 0.997442
0.061138 0.997442
0.061235 0.997442
0.061333 0.997442
0.061430 0.997442
0.061527 0.997442
0.061624 0.997442
0.061721 0.997442
0.061818 0.997442
0.061915 0.997442
0.062012 0.997442
0.062110 0.997442
0.062207 0.997442
0.062304 0.997442
0.062401 0.997442
0.062498 0.997442
0.062595 0.997442
0.062692 0.997442
0.062790 0.997442
0.062887 0.997442
0.062984 0.997442
0.063081 0.997442
0.063178 0.997442
0.063275 0.997442
0.063372 0.997442
0.063469 0.997442
0.063567 0.997442
0.063664 0.997442
0.063761 0.997442
0.063858 0.997442
0.063955 0.997442
0.064052 0.997442
0.064149 0.997442
0.064247 0.997442
0.064344 0.997442
0.064441 0.997442
0.064538 0.997442
0.064635 0.997442
0.064732 0.997442
0.064829 0.997442
0.064927 0.997442
0.065024 0.997442
0.065121 0.997442
0.065218 0.997442
0.065315 0.997442
0.065412 0.997442
0.065509 0.997442
0.065606 0.997442
0.065704 0.997442
0.065801 0.997442
0.065898 0.997442
0.065995 0.997442
0.066092 0.997442
0.066189 0.997442
0.066286 0.997442
0.066384 0.997442
0.066481 0.997442
0.066578 0.997442
0.066675 0.997442
0.066772 0.997442
0.066869 0.997442
0.066966 0.997442
0.067063 0.997442
0.067161 0.997442
0.067258 0.997442
0.067355 0.997442
0.067452 0.997442
0.067549 0.997442
0.067646 0.997442
0.067743 0.997442
0.067841 0.997442
0.067938 0.997442
0.068035 0.997442
0.068132 0.997442
0.068229 0.997442
0.068326 0.997442
0.068423 0.997442
0.068520 0.997442
0.068618 0.997442
0.068715 0.997442
0.068812 0.997442
0.068909 0.997442
0.069006 0.997442
0.069103 0.997442
0.069200 0.997442
0.069298 0.997442
0.069395 0.997442
0.069492 0.997442
0.069589 0.997442
0.069686 0.997442
0.069783 0.997442
0.069880 0.997442
0.069977 0.997442
0.070075 0.997442
0.070172 0.997442
0.070269 0.997442
0.070366 0.997442
0.070463 0.997442
0.070560 0.997442
0.070657 0.997442
0.070755 0.997442
0.070852 0.997442
0.070949 0.997442
0.071046 0.997442
0.071143 0.997442
0.071240 0.997442
0.071337 0.997442
0.071435 0.997442
0.071532 0.997442
0.071629 0.997442
0.071726 0.997442
0.071823 0.997442
0.071920 0.997442
0.072017 0.997442
0.072114 0.997442
0.072212 0.997442
0.072309 0.997442
0.072406 0.997442
0.072503 0.997442
0.072600 0.997442
0.072697 0.997442
0.072794 0.997442
0.072892 0.997442
0.072989 0.997442
0.073086 0.997442
0.073183 0.997442
0.073280 0.997442
0.073377 0.997442
0.073474 0.997442
0.073571 0.997442
0.073669 0.997442
0.073766 0.997442
0.073863 0.997442
0.073960 0.997442
0.074057 0.997442
0.074154 0.997442
0.074251 0.997442
0.074349 0.997442
0.074446 0.997442
0.074543 0.997442
0.074640 0.997442
0.074737 0.997442
0.074834 0.997442
0.074931 0.997442
0.075028 0.997442
0.075126 0.997442
0.075223 0.997442
0.075320 0.997442
0.075417 0.997442
0.075514 0.997442
0.075611 0.997442
0.075708 0.997442
0.075806 0.997442
0.075903 0.997442
0.076000 0.997442
0.076097 0.997442
0.076194 0.997442
0.076291 0.997442
0.076388 0.997442
0.076485 0.997442
0.076583 0.997442
0.076680 0.997442
0.076777 0.997442
0.076874 0.997442
0.076971 0.997442
0.077068 0.997442
0.077165 0.997442
0.077263 0.997442
0.077360 0.997442
0.077457 0.997442
0.077554 0.997442
0.077651 0.997442
0.077748 0.997442
0.077845 0.997442
0.077943 0.997442
0.078040 0.997442
0.078137 0.997442
0.078234 0.997442
0.078331 0.997442
0.078428 0.997442
0.078525 0.997442
0.078622 0.997442
0.078720 0.997442
0.078817 0.997442
0.078914 0.997442
0.079011 0.997442
0.079108 0.997442
0.079205 0.997442
0.079302 0.997442
0.079400 0.997442
0.079497 0.997442
0.079594 0.997442
0.079691 0.997442
0.079788 0.997442
0.079885 0.997442
0.079982 0.997442
0.080079 0.997442
0.080177 0.997442
0.080274 0.997442
0.080371 0.997442
0.080468 0.997442
0.080565 0.997442
0.080662 0.997442
0.080759 0.997442
0.080857 0.997442
0.080954 0.997442
0.081051 0.997442
0.081148 0.997442
0.081245 0.997442
0.081342 0.997442
0.081439 0.997442
0.081536 0.997442
0.081634 0.997442
0.081731 0.997442
0.081828 0.997442
0.081925 0.997442
0.082022 0.997442
0.082119 0.997442
0.082216 0.997442
0.082314 0.997442
0.082411 0.997442
0.082508 0.997442
0.082605 0.997442
0.082702 0.997442
0.082799 0.997442
0.082896 0.997442
0.082994 0.997442
0.083091 0.997442
0.083188 0.997442
0.083285 0.997442
0.083382 0.997442
0.083479 0.997442
0.083576 0.997442
0.083673 0.997442
0.083771 0.997442
0.083868 0.997442
0.083965 0.997442
0.084062 0.997442
0.084159 0.997442
0.084256 0.997442
0.084353 0.997442
0.084451 0.997442
0.084548 0.997442
0.084645 0.997442
0.084742 0.997442
0.084839 0.997442
0.084936 0.997442
0.085033 0.997442
0.085130 0.997442
0.085228 0.997442
0.085325 0.997442
0.085422 0.997442
0.085519 0.997442
0.085616 0.997442
0.085713 0.997442
0.085810 0.997442
0.085908 0.997442
0.086005 0.997442
0.086102 0.997442
0.086199 0.997442
0.086296 0.997442
0.086393 0.997442
0.086490 0.997442
0.086587 0.997442
0.086685 0.997442
0.086782 0.997442
0.086879 0.997442
0.086976 0.997442
0.087073 0.997442
0.087170 0.997442
0.087267 0.997442
0.087365 0.997442
0.087462 0.997442
0.087559 0.997442
0.087656 0.997442
0.087753 0.997442
0.087850 0.997442
0.087947 0.997442
0.088044 0.997442
0.088142 0.997442
0.088239 0.997442
0.088336 0.997442
0.088433 0.997442
0.088530 0.997442
0.088627 0.997442
0.088724 0.997442
0.088822 0.997442
0.088919 0.997442
0.089016 0.997442
0.089113 0.997442
0.089210 0.994885
0.089307 0.994885
0.089404 0.994885
0.089502 0.994885
0.089599 0.994885
0.089696 0.994885
0.089793 0.994885
0.089890 0.994885
0.089987 0.994885
0.090084 0.994885
0.090181 0.994885
0.090279 0.994885
0.090376 0.994885
0.090473 0.994885
0.090570 0.994885
0.090667 0.994885
0.090764 0.994885
0.090861 0.994885
0.090959 0.994885
0.091056 0.994885
0.091153 0.994885
0.091250 0.994885
0.091347 0.994885
0.091444 0.994885
0.091541 0.992327
0.091638 0.992327
0.091736 0.992327
0.091833 0.992327
0.091930 0.992327
0.092027 0.992327
0.092124 0.992327
0.092221 0.992327
0.092318 0.992327
0.092416 0.992327
0.092513 0.992327
0.092610 0.992327
0.092707 0.992327
0.092804 0.992327
0.092901 0.992327
0.092998 0.992327
0.093095 0.992327
0.093193 0.992327
0.093290 0.992327
0.093387 0.992327
0.093484 0.992327
0.093581 0.992327
0.093678 0.992327
0.093775 0.992327
0.093873 0.992327
0.093970 0.992327
0.094067 0.992327
0.094164 0.992327
0.094261 0.992327
0.094358 0.992327
0.094455 0.992327
0.094552 0.992327
0.094650 0.992327
0.094747 0.992327
0.094844 0.992327
0.094941 0.992327
0.095038 0.992327
0.095135 0.992327
0.095232 0.992327
0.095330 0.992327
0.095427 0.992327
0.095524 0.992327
0.095621 0.992327
0.095718 0.992327
0.095815 0.992327
0.095912 0.992327
0.096010 0.992327
0.096107 0.992327
0.096204 0.992327
0.096301 0.992327
0.096398 0.992327
0.096495 0.989770
0.096592 0.989770
0.096689 0.989770
0.096787 0.989770
0.096884 0.989770
0.096981 0.989770
0.097078 0.989770
0.097175 0.989770
0.097272 0.989770
0.097369 0.989770
0.097467 0.989770
0.097564 0.989770
0.097661 0.989770
0.097758 0.989770
0.097855 0.989770
0.097952 0.989770
0.098049 0.989770
0.098146 0.989770
0.098244 0.989770
0.098341 0.989770
0.098438 0.989770
0.098535 0.989770
0.098632 0.989770
0.098729 0.989770
0.098826 0.989770
0.098924 0.989770
0.099021 0.989770
0.099118 0.989770
0.099215 0.989770
0.099312 0.989770
0.099409 0.989770
0.099506 0.989770
0.099603 0.989770
0.099701 0.989770
0.099798 0.989770
0.099895 0.989770
0.099992 0.989770
0.100089 0.989770
0.100186 0.989770
0.100283 0.989770
0.100381 0.989770
0.100478 0.989770
0.100575 0.989770
0.100672 0.989770
0.100769 0.989770
0.100866 0.989770
0.100963 0.989770
0.101061 0.989770
0.101158 0.989770
0.101255 0.989770
0.101352 0.989770
0.101449 0.989770
0.101546 0.989770
0.101643 0.989770
0.101740 0.989770
0.101838 0.989770
0.101935 0.989770
0.102032 0.989770
0.102129 0.989770
0.102226 0.989770
0.102323 0.989770
0.102420 0.989770
0.102518 0.989770
0.102615 0.989770
0.102712 0.989770
0.102809 0.989770
0.102906 0.989770
0.103003 0.989770
0.103100 0.989770
0.103197 0.989770
0.103295 0.989770
0.103392 0.989770
0.103489 0.989770
0.103586 0.989770
0.103683 0.989770
0.103780 0.989770
0.103877 0.989770
0.103975 0.989770
0.104072 0.989770
0.104169 0.989770
0.104266 0.989770
0.104363 0.989770
0.104460 0.989770
0.104557 0.989770
0.104654 0.989770
0.104752 0.989770
0.104849 0.989770
0.104946 0.989770
0.105043 0.989770
0.105140 0.989770
0.105237 0.989770
0.105334 0.989770
0.105432 0.989770
0.105529 0.989770
0.105626 0.989770
0.105723 0.989770
0.105820 0.989770
0.105917 0.989770
0.106014 0.989770
0.106111 0.989770
0.106209 0.989770
0.106306 0.987212
0.106403 0.987212
0.106500 0.987212
0.106597 0.987212
0.106694 0.987212
0.106791 0.987212
0.106889 0.987212
0.106986 0.987212
0.107083 0.987212
0.107180 0.987212
0.107277 0.987212
0.107374 0.987212
0.107471 0.987212
0.107569 0.987212
0.107666 0.987212
0.107763 0.987212
0.107860 0.987212
0.107957 0.987212
0.108054 0.987212
0.108151 0.987212
0.108248 0.987212
0.108346 0.987212
0.108443 0.987212
0.108540 0.987212
0.108637 0.987212
0.108734 0.987212
0.108831 0.987212
0.108928 0.987212
0.109026 0.987212
0.109123 0.987212
0.109220 0.987212
0.109317 0.987212
0.109414 0.987212
0.109511 0.987212
0.109608 0.987212
0.109705 0.987212
0.109803 0.987212
0.109900 0.987212
0.109997 0.987212
0.110094 0.987212
0.110191 0.987212
0.110288 0.987212
0.110385 0.987212
0.110483 0.987212
0.110580 0.987212
0.110677 0.987212
0.110774 0.987212
0.110871 0.987212
0.110968 0.987212
0.111065 0.987212
0.111162 0.987212
0.111260 0.987212
0.111357 0.987212
0.111454 0.987212
0.111551 0.987212
0.111648 0.987212
0.111745 0.987212
0.111842 0.987212
0.111940 0.987212
0.112037 0.987212
0.112134 0.987212
0.112231 0.987212
0.112328 0.987212
0.112425 0.987212
0.112522 0.987212
0.112619 0.987212
0.112717 0.987212
0.112814 0.987212
0.112911 0.987212
0.113008 0.987212
0.113105 0.987212
0.113202 0.987212
0.113299 0.987212
0.113397 0.987212
0.113494 0.987212
0.113591 0.987212
0.113688 0.987212
0.113785 0.987212
0.113882 0.987212
0.113979 0.987212
0.114077 0.987212
0.114174 0.987212
0.114271 0.987212
0.114368 0.987212
0.114465 0.987212
0.114562 0.987212
0.114659 0.987212
0.114756 0.987212
0.114854 0.987212
0.114951 0.987212
0.115048 0.987212
0.115145 0.987212
0.115242 0.987212
0.115339 0.987212
0.115436 0.987212
0.115534 0.987212
0.115631 0.987212
0.115728 0.987212
0.115825 0.987212
0.115922 0.987212
0.116019 0.987212
0.116116 0.987212
0.116213 0.987212
0.116311 0.987212
0.116408 0.987212
0.116505 0.987212
0.116602 0.987212
0.116699 0.987212
0.116796 0.987212
0.116893 0.987212
0.116991 0.987212
0.117088 0.987212
0.117185 0.987212
0.117282 0.987212
0.117379 0.987212
0.117476 0.987212
0.117573 0.987212
0.117670 0.987212
0.117768 0.987212
0.117865 0.987212
0.117962 0.987212
0.118059 0.987212
0.118156 0.987212
0.118253 0.987212
0.118350 0.987212
0.118448 0.987212
0.118545 0.987212
0.118642 0.987212
0.118739 0.987212
0.118836 0.987212
0.118933 0.987212
0.119030 0.987212
0.119128 0.987212
0.119225 0.987212
0.119322 0.987212
0.119419 0.987212
0.119516 0.987212
0.119613 0.987212
0.119710 0.987212
0.119807 0.987212
0.119905 0.987212
0.120002 0.987212
0.120099 0.987212
0.120196 0.987212
0.120293 0.987212
0.120390 0.987212
0.120487 0.987212
0.120585 0.987212
0.120682 0.987212
0.120779 0.987212
0.120876 0.987212
0.120973 0.987212
0.121070 0.987212
0.121167 0.987212
0.121264 0.987212
0.121362 0.987212
0.121459 0.987212
0.121556 0.987212
0.121653 0.987212
0.121750 0.987212
0.121847 0.987212
0.121944 0.987212
0.122042 0.987212
0.122139 0.987212
0.122236 0.987212
0.122333 0.987212
0.122430 0.987212
0.122527 0.987212
0.122624 0.987212
0.122721 0.987212
0.122819 0.987212
0.122916 0.987212
0.123013 0.987212
0.123110 0.987212
0.123207 0.987212
0.123304 0.987212
0.123401 0.987212
0.123499 0.987212
0.123596 0.987212
0.123693 0.987212
0.123790 0.987212
0.123887 0.987212
0.123984 0.987212
0.124081 0.987212
0.124178 0.987212
0.124276 0.987212
0.124373 0.987212
0.124470 0.987212
0.124567 0.987212
0.124664 0.987212
0.124761 0.987212
0.124858 0.987212
0.124956 0.987212
0.125053 0.987212
0.125150 0.987212
0.125247 0.987212
0.125344 0.987212
0.125441 0.987212
0.125538 0.987212
0.125636 0.987212
0.125733 0.987212
0.125830 0.987212
0.125927 0.987212
0.126024 0.987212
0.126121 0.987212
0.126218 0.987212
0.126315 0.987212
0.126413 0.987212
0.126510 0.987212
0.126607 0.987212
0.126704 0.987212
0.126801 0.987212
0.126898 0.987212
0.126995 0.987212
0.127093 0.987212
0.127190 0.987212
0.127287 0.987212
0.127384 0.987212
0.127481 0.987212
0.127578 0.987212
0.127675 0.987212
0.127772 0.987212
0.127870 0.987212
0.127967 0.987212
0.128064 0.987212
0.128161 0.987212
0.128258 0.987212
0.128355 0.987212
0.128452 0.987212
0.128550 0.987212
0.128647 0.987212
0.128744 0.987212
0.128841 0.987212
0.128938 0.987212
0.129035 0.987212
0.129132 0.987212
0.129229 0.987212
0.129327 0.987212
0.129424 0.987212
0.129521 0.987212
0.129618 0.987212
0.129715 0.987212
0.129812 0.987212
0.129909 0.987212
0.130007 0.987212
0.130104 0.987212
0.130201 0.987212
0.130298 0.987212
0.130395 0.987212
0.130492 0.987212
0.130589 0.987212
0.130686 0.987212
0.130784 0.987212
0.130881 0.987212
0.130978 0.987212
0.131075 0.987212
0.131172 0.987212
0.131269 0.987212
0.131366 0.987212
0.131464 0.987212
0.131561 0.987212
0.131658 0.987212
0.131755 0.984655
0.131852 0.984655
0.131949 0.984655
0.132046 0.982097
0.132144 0.982097
0.132241 0.982097
0.132338 0.982097
0.132435 0.982097
0.132532 0.982097
0.132629 0.982097
0.132726 0.982097
0.132823 0.982097
0.132921 0.982097
0.133018 0.982097
0.133115 0.982097
0.133212 0.982097
0.133309 0.982097
0.133406 0.982097
0.133503 0.982097
0.133601 0.982097
0.133698 0.982097
0.133795 0.982097
0.133892 0.982097
0.133989 0.982097
0.134086 0.982097
0.134183 0.982097
0.134280 0.982097
0.134378 0.982097
0.134475 0.982097
0.134572 0.982097
0.134669 0.982097
0.134766 0.982097
0.134863 0.982097
0.134960 0.982097
0.135058 0.982097
0.135155 0.982097
0.135252 0.982097
0.135349 0.982097
0.135446 0.982097
0.135543 0.982097
0.135640 0.982097
0.135737 0.982097
0.135835 0.982097
0.135932 0.982097
0.136029 0.982097
0.136126 0.982097
0.136223 0.982097
0.136320 0.982097
0.136417 0.982097
0.136515 0.982097
0.136612 0.982097
0.136709 0.982097
0.136806 0.982097
0.136903 0.982097
0.137000 0.982097
0.137097 0.982097
0.137195 0.982097
0.137292 0.982097
0.137389 0.979540
0.137486 0.979540
0.137583 0.979540
0.137680 0.979540
0.137777 0.979540
0.137874 0.979540
0.137972 0.979540
0.138069 0.979540
0.138166 0.979540
0.138263 0.979540
0.138360 0.979540
0.138457 0.979540
0.138554 0.979540
0.138652 0.979540
0.138749 0.979540
0.138846 0.979540
0.138943 0.979540
0.139040 0.979540
0.139137 0.979540
0.139234 0.979540
0.139331 0.979540
0.139429 0.979540
0.139526 0.979540
0.139623 0.979540
0.139720 0.979540
0.139817 0.979540
0.139914 0.979540
0.140011 0.979540
0.140109 0.979540
0.140206 0.979540
0.140303 0.979540
0.140400 0.979540
0.140497 0.979540
0.140594 0.979540
0.140691 0.979540
0.140788 0.979540
0.140886 0.979540
0.140983 0.979540
0.141080 0.979540
0.141177 0.979540
0.141274 0.979540
0.141371 0.979540
0.141468 0.979540
0.141566 0.979540
0.141663 0.979540
0.141760 0.979540
0.141857 0.979540
0.141954 0.979540
0.142051 0.979540
0.142148 0.979540
0.142245 0.979540
0.142343 0.979540
0.142440 0.979540
0.142537 0.979540
0.142634 0.979540
0.142731 0.979540
0.142828 0.979540
0.142925 0.979540
0.143023 0.979540
0.143120 0.979540
0.143217 0.979540
0.143314 0.979540
0.143411 0.979540
0.143508 0.979540
0.143605 0.979540
0.143703 0.979540
0.143800 0.976982
0.143897 0.976982
0.143994 0.976982
0.144091 0.976982
0.144188 0.976982
0.144285 0.976982
0.144382 0.976982
0.144480 0.976982
0.144577 0.976982
0.144674 0.976982
0.144771 0.976982
0.144868 0.976982
0.144965 0.976982
0.145062 0.976982
0.145160 0.976982
0.145257 0.976982
0.145354 0.976982
0.145451 0.976982
0.145548 0.976982
0.145645 0.976982
0.145742 0.976982
0.145839 0.976982
0.145937 0.976982
0.146034 0.976982
0.146131 0.976982
0.146228 0.976982
0.146325 0.976982
0.146422 0.976982
0.146519 0.976982
0.146617 0.976982
0.146714 0.976982
0.146811 0.976982
0.146908 0.976982
0.147005 0.976982
0.147102 0.976982
0.147199 0.976982
0.147296 0.976982
0.147394 0.976982
0.147491 0.976982
0.147588 0.976982
0.147685 0.976982
0.147782 0.976982
0.147879 0.976982
0.147976 0.976982
0.148074 0.976982
0.148171 0.976982
0.148268 0.976982
0.148365 0.976982
0.148462 0.974425
0.148559 0.974425
0.148656 0.974425
0.148753 0.974425
0.148851 0.974425
0.148948 0.974425
0.149045 0.974425
0.149142 0.974425
0.149239 0.974425
0.149336 0.974425
0.149433 0.974425
0.149531 0.974425
0.149628 0.974425
0.149725 0.974425
0.149822 0.974425
0.149919 0.974425
0.150016 0.974425
0.150113 0.974425
0.150211 0.974425
0.150308 0.974425
0.150405 0.974425
0.150502 0.974425
0.150599 0.974425
0.150696 0.974425
0.150793 0.974425
0.150890 0.974425
0.150988 0.974425
0.151085 0.974425
0.151182 0.974425
0.151279 0.974425
0.151376 0.974425
0.151473 0.974425
0.151570 0.974425
0.151668 0.974425
0.151765 0.974425
0.151862 0.974425
0.151959 0.974425
0.152056 0.974425
0.152153 0.974425
0.152250 0.974425
0.152347 0.974425
0.152445 0.974425
0.152542 0.974425
0.152639 0.974425
0.152736 0.974425
0.152833 0.974425
0.152930 0.974425
0.153027 0.974425
0.153125 0.974425
0.153222 0.974425
0.153319 0.974425
0.153416 0.974425
0.153513 0.974425
0.153610 0.974425
0.153707 0.974425
0.153804 0.974425
0.153902 0.974425
0.153999 0.974425
0.154096 0.974425
0.154193 0.974425
0.154290 0.974425
0.154387 0.974425
0.154484 0.974425
0.154582 0.974425
0.154679 0.974425
0.154776 0.974425
0.154873 0.974425
0.154970 0.974425
0.155067 0.974425
0.155164 0.974425
0.155262 0.974425
0.155359 0.974425
0.155456 0.974425
0.155553 0.974425
0.155650 0.974425
0.155747 0.974425
0.155844 0.974425
0.155941 0.974425
0.156039 0.974425
0.156136 0.974425
0.156233 0.974425
0.156330 0.974425
0.156427 0.974425
0.156524 0.974425
0.156621 0.974425
0.156719 0.974425
0.156816 0.974425
0.156913 0.974425
0.157010 0.974425
0.157107 0.974425
0.157204 0.974425
0.157301 0.974425
0.157398 0.974425
0.157496 0.974425
0.157593 0.974425
0.157690 0.974425
0.157787 0.974425
0.157884 0.974425
0.157981 0.974425
0.158078 0.974425
0.158176 0.974425
0.158273 0.974425
0.158370 0.974425
0.158467 0.974425
0.158564 0.974425
0.158661 0.974425
0.158758 0.974425
0.158855 0.974425
0.158953 0.974425
0.159050 0.974425
0.159147 0.974425
0.159244 0.974425
0.159341 0.974425
0.159438 0.974425
0.159535 0.974425
0.159633 0.974425
0.159730 0.974425
0.159827 0.974425
0.159924 0.974425
0.160021 0.974425
0.160118 0.974425
0.160215 0.974425
0.160312 0.974425
0.160410 0.974425
0.160507 0.974425
0.160604 0.974425
0.160701 0.974425
0.160798 0.974425
0.160895 0.974425
0.160992 0.974425
0.161090 0.974425
0.161187 0.974425
0.161284 0.974425
0.161381 0.974425
0.161478 0.974425
0.161575 0.971867
0.161672 0.971867
0.161770 0.971867
0.161867 0.971867
0.161964 0.971867
0.162061 0.971867
0.162158 0.971867
0.162255 0.971867
0.162352 0.971867
0.162449 0.971867
0.162547 0.971867
0.162644 0.971867
0.162741 0.971867
0.162838 0.971867
0.162935 0.971867
0.163032 0.971867
0.163129 0.971867
0.163227 0.971867
0.163324 0.971867
0.163421 0.971867
0.163518 0.971867
0.163615 0.971867
0.163712 0.971867
0.163809 0.971867
0.163906 0.971867
0.164004 0.971867
0.164101 0.971867
0.164198 0.971867
0.164295 0.971867
0.164392 0.971867
0.164489 0.971867
0.164586 0.971867
0.164684 0.971867
0.164781 0.971867
0.164878 0.971867
0.164975 0.971867
0.165072 0.971867
0.165169 0.971867
0.165266 0.971867
0.165363 0.971867
0.165461 0.971867
0.165558 0.971867
0.165655 0.971867
0.165752 0.971867
0.165849 0.971867
0.165946 0.971867
0.166043 0.971867
0.166141 0.971867
0.166238 0.971867
0.166335 0.971867
0.166432 0.971867
0.166529 0.971867
0.166626 0.971867
0.166723 0.971867
0.166820 0.971867
0.166918 0.971867
0.167015 0.971867
0.167112 0.971867
0.167209 0.971867
0.167306 0.971867
0.167403 0.971867
0.167500 0.971867
0.167598 0.971867
0.167695 0.971867
0.167792 0.971867
0.167889 0.971867
0.167986 0.971867
0.168083 0.971867
0.168180 0.971867
0.168278 0.971867
0.168375 0.971867
0.168472 0.971867
0.168569 0.971867
0.168666 0.971867
0.168763 0.971867
0.168860 0.971867
0.168957 0.971867
0.169055 0.971867
0.169152 0.971867
0.169249 0.971867
0.169346 0.971867
0.169443 0.971867
0.169540 0.971867
0.169637 0.971867
0.169735 0.971867
0.169832 0.971867
0.169929 0.971867
0.170026 0.971867
0.170123 0.971867
0.170220 0.971867
0.170317 0.971867
0.170414 0.971867
0.170512 0.971867
0.170609 0.971867
0.170706 0.971867
0.170803 0.971867
0.170900 0.971867
0.170997 0.971867
0.171094 0.971867
0.171192 0.971867
0.171289 0.971867
0.171386 0.971867
0.171483 0.971867
0.171580 0.971867
0.171677 0.971867
0.171774 0.971867
0.171871 0.971867
0.171969 0.971867
0.172066 0.971867
0.172163 0.971867
0.172260 0.971867
0.172357 0.971867
0.172454 0.971867
0.172551 0.971867
0.172649 0.971867
0.172746 0.971867
0.172843 0.971867
0.172940 0.971867
0.173037 0.971867
0.173134 0.971867
0.173231 0.971867
0.173329 0.971867
0.173426 0.971867
0.173523 0.971867
0.173620 0.971867
0.173717 0.971867
0.173814 0.971867
0.173911 0.971867
0.174008 0.971867
0.174106 0.971867
0.174203 0.969309
0.174300 0.969309
0.174397 0.969309
0.174494 0.969309
0.174591 0.969309
0.174688 0.969309
0.174786 0.969309
0.174883 0.969309
0.174980 0.969309
0.175077 0.969309
0.175174 0.969309
0.175271 0.969309
0.175368 0.969309
0.175465 0.969309
0.175563 0.969309
0.175660 0.969309
0.175757 0.969309
0.175854 0.969309
0.175951 0.969309
0.176048 0.969309
0.176145 0.969309
0.176243 0.969309
0.176340 0.969309
0.176437 0.969309
0.176534 0.969309
0.176631 0.969309
0.176728 0.969309
0.176825 0.969309
0.176922 0.969309
0.177020 0.969309
0.177117 0.969309
0.177214 0.969309
0.177311 0.969309
0.177408 0.969309
0.177505 0.969309
0.177602 0.969309
0.177700 0.969309
0.177797 0.966752
0.177894 0.966752
0.177991 0.966752
0.178088 0.966752
0.178185 0.966752
0.178282 0.966752
0.178379 0.966752
0.178477 0.966752
0.178574 0.966752
0.178671 0.966752
0.178768 0.966752
0.178865 0.966752
0.178962 0.966752
0.179059 0.966752
0.179157 0.966752
0.179254 0.966752
0.179351 0.966752
0.179448 0.966752
0.179545 0.964194
0.179642 0.964194
0.179739 0.964194
0.179837 0.964194
0.179934 0.964194
0.180031 0.964194
0.180128 0.964194
0.180225 0.964194
0.180322 0.964194
0.180419 0.964194
0.180516 0.964194
0.180614 0.964194
0.180711 0.964194
0.180808 0.964194
0.180905 0.964194
0.181002 0.964194
0.181099 0.964194
0.181196 0.964194
0.181294 0.964194
0.181391 0.964194
0.181488 0.964194
0.181585 0.964194
0.181682 0.964194
0.181779 0.964194
0.181876 0.964194
0.181973 0.964194
0.182071 0.964194
0.182168 0.964194
0.182265 0.964194
0.182362 0.964194
0.182459 0.964194
0.182556 0.964194
0.182653 0.964194
0.182751 0.964194
0.182848 0.964194
0.182945 0.964194
0.183042 0.964194
0.183139 0.964194
0.183236 0.964194
0.183333 0.964194
0.183430 0.964194
0.183528 0.964194
0.183625 0.964194
0.183722 0.964194
0.183819 0.964194
0.183916 0.964194
0.184013 0.964194
0.184110 0.964194
0.184208 0.964194
0.184305 0.964194
0.184402 0.964194
0.184499 0.964194
0.184596 0.964194
0.184693 0.964194
0.184790 0.964194
0.184887 0.964194
0.184985 0.964194
0.185082 0.964194
0.185179 0.964194
0.185276 0.964194
0.185373 0.964194
0.185470 0.964194
0.185567 0.964194
0.185665 0.964194
0.185762 0.964194
0.185859 0.964194
0.185956 0.964194
0.186053 0.964194
0.186150 0.964194
0.186247 0.964194
0.186345 0.964194
0.186442 0.964194
0.186539 0.964194
0.186636 0.964194
0.186733 0.964194
0.186830 0.964194
0.186927 0.964194
0.187024 0.964194
0.187122 0.964194
0.187219 0.964194
0.187316 0.964194
0.187413 0.964194
0.187510 0.964194
0.187607 0.964194
0.187704 0.964194
0.187802 0.964194
0.187899 0.964194
0.187996 0.964194
0.188093 0.964194
0.188190 0.964194
0.188287 0.964194
0.188384 0.964194
0.188481 0.964194
0.188579 0.964194
0.188676 0.964194
0.188773 0.964194
0.188870 0.964194
0.188967 0.964194
0.189064 0.964194
0.189161 0.964194
0.189259 0.964194
0.189356 0.964194
0.189453 0.964194
0.189550 0.964194
0.189647 0.964194
0.189744 0.964194
0.189841 0.964194
0.189938 0.964194
0.190036 0.964194
0.190133 0.964194
0.190230 0.964194
0.190327 0.964194
0.190424 0.964194
0.190521 0.964194
0.190618 0.964194
0.190716 0.964194
0.190813 0.964194
0.190910 0.964194
0.191007 0.964194
0.191104 0.964194
0.191201 0.964194
0.191298 0.964194
0.191396 0.964194
0.191493 0.964194
0.191590 0.964194
0.191687 0.964194
0.191784 0.964194
0.191881 0.964194
0.191978 0.964194
0.192075 0.964194
0.192173 0.964194
0.192270 0.964194
0.192367 0.964194
0.192464 0.964194
0.192561 0.964194
0.192658 0.964194
0.192755 0.964194
0.192853 0.964194
0.192950 0.964194
0.193047 0.964194
0.193144 0.964194
0.193241 0.964194
0.193338 0.964194
0.193435 0.964194
0.193532 0.964194
0.193630 0.964194
0.193727 0.964194
0.193824 0.961637
0.193921 0.961637
0.194018 0.961637
0.194115 0.961637
0.194212 0.961637
0.194310 0.961637
0.194407 0.961637
0.194504 0.961637
0.194601 0.961637
0.194698 0.961637
0.194795 0.961637
0.194892 0.961637
0.194989 0.961637
0.195087 0.961637
0.195184 0.961637
0.195281 0.961637
0.195378 0.961637
0.195475 0.961637
0.195572 0.961637
0.195669 0.961637
0.195767 0.961637
0.195864 0.961637
0.195961 0.961637
0.196058 0.961637
0.196155 0.961637
0.196252 0.961637
0.196349 0.961637
0.196446 0.961637
0.196544 0.961637
0.196641 0.961637
0.196738 0.961637
0.196835 0.961637
0.196932 0.961637
0.197029 0.961637
0.197126 0.961637
0.197224 0.961637
0.197321 0.961637
0.197418 0.961637
0.197515 0.961637
0.197612 0.961637
0.197709 0.961637
0.197806 0.961637
0.197904 0.961637
0.198001 0.961637
0.198098 0.961637
0.198195 0.961637
0.198292 0.961637
0.198389 0.961637
0.198486 0.961637
0.198583 0.961637
0.198681 0.961637
0.198778 0.961637
0.198875 0.961637
0.198972 0.961637
0.199069 0.961637
0.199166 0.961637
0.199263 0.961637
0.199361 0.959079
0.199458 0.959079
0.199555 0.959079
0.199652 0.956522
0.199749 0.956522
0.199846 0.956522
0.199943 0.956522
0.200040 0.956522
0.200138 0.956522
0.200235 0.956522
0.200332 0.956522
0.200429 0.956522
0.200526 0.956522
0.200623 0.956522
0.200720 0.956522
0.200818 0.956522
0.200915 0.956522
0.201012 0.956522
0.201109 0.956522
0.201206 0.956522
0.201303 0.956522
0.201400 0.956522
0.201497 0.956522
0.201595 0.956522
0.201692 0.956522
0.201789 0.953964
0.201886 0.953964
0.201983 0.953964
0.202080 0.953964
0.202177 0.953964
0.202275 0.953964
0.202372 0.953964
0.202469 0.953964
0.202566 0.953964
0.202663 0.953964
0.202760 0.953964
0.202857 0.953964
0.202954 0.953964
0.203052 0.953964
0.203149 0.953964
0.203246 0.953964
0.203343 0.953964
0.203440 0.953964
0.203537 0.953964
0.203634 0.953964
0.203732 0.953964
0.203829 0.953964
0.203926 0.953964
0.204023 0.953964
0.204120 0.953964
0.204217 0.953964
0.204314 0.953964
0.204412 0.953964
0.204509 0.953964
0.204606 0.953964
0.204703 0.953964
0.204800 0.953964
0.204897 0.953964
0.204994 0.953964
0.205091 0.953964
0.205189 0.953964
0.205286 0.953964
0.205383 0.953964
0.205480 0.953964
0.205577 0.953964
0.205674 0.953964
0.205771 0.953964
0.205869 0.953964
0.205966 0.953964
0.206063 0.953964
0.206160 0.953964
0.206257 0.953964
0.206354 0.953964
0.206451 0.953964
0.206548 0.953964
0.206646 0.953964
0.206743 0.953964
0.206840 0.953964
0.206937 0.953964
0.207034 0.951407
0.207131 0.951407
0.207228 0.951407
0.207326 0.951407
0.207423 0.951407
0.207520 0.951407
0.207617 0.951407
0.207714 0.951407
0.207811 0.951407
0.207908 0.951407
0.208005 0.951407
0.208103 0.951407
0.208200 0.948849
0.208297 0.948849
0.208394 0.948849
0.208491 0.948849
0.208588 0.948849
0.208685 0.948849
0.208783 0.948849
0.208880 0.948849
0.208977 0.948849
0.209074 0.948849
0.209171 0.948849
0.209268 0.948849
0.209365 0.948849
0.209463 0.946292
0.209560 0.946292
0.209657 0.946292
0.209754 0.946292
0.209851 0.946292
0.209948 0.946292
0.210045 0.946292
0.210142 0.946292
0.210240 0.946292
0.210337 0.946292
0.210434 0.946292
0.210531 0.946292
0.210628 0.946292
0.210725 0.946292
0.210822 0.946292
0.210920 0.946292
0.211017 0.946292
0.211114 0.946292
0.211211 0.946292
0.211308 0.946292
0.211405 0.946292
0.211502 0.946292
0.211599 0.946292
0.211697 0.946292
0.211794 0.946292
0.211891 0.946292
0.211988 0.946292
0.212085 0.946292
0.212182 0.946292
0.212279 0.946292
0.212377 0.946292
0.212474 0.946292
0.212571 0.946292
0.212668 0.946292
0.212765 0.946292
0.212862 0.946292
0.212959 0.946292
0.213056 0.946292
0.213154 0.943734
0.213251 0.943734
0.213348 0.943734
0.213445 0.943734
0.213542 0.943734
0.213639 0.943734
0.213736 0.943734
0.213834 0.943734
0.213931 0.943734
0.214028 0.943734
0.214125 0.943734
0.214222 0.943734
0.214319 0.943734
0.214416 0.943734
0.214513 0.943734
0.214611 0.943734
0.214708 0.943734
0.214805 0.943734
0.214902 0.943734
0.214999 0.943734
0.215096 0.943734
0.215193 0.943734
0.215291 0.943734
0.215388 0.943734
0.215485 0.943734
0.215582 0.943734
0.215679 0.943734
0.215776 0.943734
0.215873 0.943734
0.215971 0.943734
0.216068 0.943734
0.216165 0.943734
0.216262 0.943734
0.216359 0.943734
0.216456 0.943734
0.216553 0.943734
0.216650 0.943734
0.216748 0.943734
0.216845 0.943734
0.216942 0.943734
0.217039 0.943734
0.217136 0.943734
0.217233 0.943734
0.217330 0.943734
0.217428 0.943734
0.217525 0.943734
0.217622 0.943734
0.217719 0.943734
0.217816 0.943734
0.217913 0.943734
0.218010 0.943734
0.218107 0.943734
0.218205 0.943734
0.218302 0.943734
0.218399 0.943734
0.218496 0.943734
0.218593 0.943734
0.218690 0.943734
0.218787 0.943734
0.218885 0.943734
0.218982 0.943734
0.219079 0.943734
0.219176 0.943734
0.219273 0.943734
0.219370 0.943734
0.219467 0.943734
0.219564 0.943734
0.219662 0.943734
0.219759 0.943734
0.219856 0.943734
0.219953 0.943734
0.220050 0.943734
0.220147 0.943734
0.220244 0.943734
0.220342 0.943734
0.220439 0.943734
0.220536 0.943734
0.220633 0.943734
0.220730 0.943734
0.220827 0.943734
0.220924 0.943734
0.221021 0.943734
0.221119 0.943734
0.221216 0.943734
0.221313 0.943734
0.221410 0.943734
0.221507 0.943734
0.221604 0.943734
0.221701 0.943734
0.221799 0.943734
0.221896 0.943734
0.221993 0.943734
0.222090 0.943734
0.222187 0.943734
0.222284 0.943734
0.222381 0.943734
0.222479 0.943734
0.222576 0.943734
0.222673 0.943734
0.222770 0.943734
0.222867 0.943734
0.222964 0.943734
0.223061 0.943734
0.223158 0.943734
0.223256 0.943734
0.223353 0.943734
0.223450 0.943734
0.223547 0.943734
0.223644 0.943734
0.223741 0.943734
0.223838 0.943734
0.223936 0.943734
0.224033 0.943734
0.224130 0.943734
0.224227 0.943734
0.224324 0.943734
0.224421 0.943734
0.224518 0.943734
0.224615 0.943734
0.224713 0.943734
0.224810 0.943734
0.224907 0.941176
0.225004 0.941176
0.225101 0.941176
0.225198 0.941176
0.225295 0.941176
0.225393 0.941176
0.225490 0.941176
0.225587 0.941176
0.225684 0.941176
0.225781 0.941176
0.225878 0.941176
0.225975 0.941176
0.226072 0.941176
0.226170 0.941176
0.226267 0.941176
0.226364 0.941176
0.226461 0.941176
0.226558 0.941176
0.226655 0.941176
0.226752 0.941176
0.226850 0.941176
0.226947 0.941176
0.227044 0.941176
0.227141 0.941176
0.227238 0.941176
0.227335 0.941176
0.227432 0.941176
0.227530 0.941176
0.227627 0.941176
0.227724 0.941176
0.227821 0.941176
0.227918 0.941176
0.228015 0.941176
0.228112 0.941176
0.228209 0.941176
0.228307 0.941176
0.228404 0.941176
0.228501 0.941176
0.228598 0.941176
0.228695 0.941176
0.228792 0.941176
0.228889 0.941176
0.228987 0.941176
0.229084 0.941176
0.229181 0.941176
0.229278 0.941176
0.229375 0.941176
0.229472 0.941176
0.229569 0.941176
0.229666 0.941176
0.229764 0.941176
0.229861 0.941176
0.229958 0.941176
0.230055 0.941176
0.230152 0.941176
0.230249 0.941176
0.230346 0.941176
0.230444 0.941176
0.230541 0.941176
0.230638 0.941176
0.230735 0.941176
0.230832 0.941176
0.230929 0.941176
0.231026 0.941176
0.231123 0.941176
0.231221 0.941176
0.231318 0.941176
0.231415 0.941176
0.231512 0.941176
0.231609 0.941176
0.231706 0.941176
0.231803 0.941176
0.231901 0.941176
0.231998 0.941176
0.232095 0.941176
0.232192 0.941176
0.232289 0.941176
0.232386 0.941176
0.232483 0.941176
0.232580 0.941176
0.232678 0.941176
0.232775 0.941176
0.232872 0.941176
0.232969 0.941176
0.233066 0.941176
0.233163 0.941176
0.233260 0.938619
0.233358 0.938619
0.233455 0.938619
0.233552 0.938619
0.233649 0.938619
0.233746 0.938619
0.233843 0.938619
0.233940 0.938619
0.234038 0.938619
0.234135 0.938619
0.234232 0.936061
0.234329 0.936061
0.234426 0.936061
0.234523 0.936061
0.234620 0.936061
0.234717 0.936061
0.234815 0.936061
0.234912 0.936061
0.235009 0.936061
0.235106 0.936061
0.235203 0.936061
0.235300 0.936061
0.235397 0.936061
0.235495 0.936061
0.235592 0.936061
0.235689 0.936061
0.235786 0.936061
0.235883 0.936061
0.235980 0.936061
0.236077 0.936061
0.236174 0.936061
0.236272 0.936061
0.236369 0.936061
0.236466 0.936061
0.236563 0.936061
0.236660 0.936061
0.236757 0.936061
0.236854 0.936061
0.236952 0.936061
0.237049 0.936061
0.237146 0.936061
0.237243 0.936061
0.237340 0.936061
0.237437 0.936061
0.237534 0.936061
0.237631 0.936061
0.237729 0.936061
0.237826 0.936061
0.237923 0.933504
0.238020 0.933504
0.238117 0.933504
0.238214 0.933504
0.238311 0.933504
0.238409 0.933504
0.238506 0.933504
0.238603 0.933504
0.238700 0.933504
0.238797 0.933504
0.238894 0.933504
0.238991 0.933504
0.239088 0.933504
0.239186 0.933504
0.239283 0.933504
0.239380 0.933504
0.239477 0.933504
0.239574 0.933504
0.239671 0.933504
0.239768 0.933504
0.239866 0.933504
0.239963 0.933504
0.240060 0.933504
0.240157 0.933504
0.240254 0.933504
0.240351 0.933504
0.240448 0.933504
0.240546 0.933504
0.240643 0.933504
0.240740 0.933504
0.240837 0.933504
0.240934 0.933504
0.241031 0.933504
0.241128 0.933504
0.241225 0.933504
0.241323 0.933504
0.241420 0.933504
0.241517 0.933504
0.241614 0.933504
0.241711 0.933504
0.241808 0.933504
0.241905 0.933504
0.242003 0.933504
0.242100 0.933504
0.242197 0.933504
0.242294 0.933504
0.242391 0.933504
0.242488 0.933504
0.242585 0.933504
0.242682 0.930946
0.242780 0.930946
0.242877 0.930946
0.242974 0.930946
0.243071 0.930946
0.243168 0.930946
0.243265 0.930946
0.243362 0.930946
0.243460 0.930946
0.243557 0.930946
0.243654 0.930946
0.243751 0.930946
0.243848 0.930946
0.243945 0.930946
0.244042 0.930946
0.244139 0.930946
0.244237 0.930946
0.244334 0.930946
0.244431 0.930946
0.244528 0.930946
0.244625 0.930946
0.244722 0.930946
0.244819 0.930946
0.244917 0.930946
0.245014 0.930946
0.245111 0.930946
0.245208 0.930946
0.245305 0.930946
0.245402 0.930946
0.245499 0.930946
0.245596 0.930946
0.245694 0.930946
0.245791 0.930946
0.245888 0.930946
0.245985 0.930946
0.246082 0.930946
0.246179 0.930946
0.246276 0.930946
0.246374 0.930946
0.246471 0.930946
0.246568 0.930946
0.246665 0.930946
0.246762 0.930946
0.246859 0.930946
0.246956 0.930946
0.247054 0.930946
0.247151 0.930946
0.247248 0.930946
0.247345 0.930946
0.247442 0.930946
0.247539 0.930946
0.247636 0.930946
0.247733 0.930946
0.247831 0.930946
0.247928 0.930946
0.248025 0.930946
0.248122 0.930946
0.248219 0.930946
0.248316 0.930946
0.248413 0.930946
0.248511 0.930946
0.248608 0.930946
0.248705 0.930946
0.248802 0.930946
0.248899 0.930946
0.248996 0.930946
0.249093 0.930946
0.249190 0.930946
0.249288 0.930946
0.249385 0.930946
0.249482 0.930946
0.249579 0.930946
0.249676 0.930946
0.249773 0.930946
0.249870 0.930946
0.249968 0.930946
0.250065 0.930946
0.250162 0.930946
0.250259 0.930946
0.250356 0.930946
0.250453 0.930946
0.250550 0.930946
0.250647 0.930946
0.250745 0.930946
0.250842 0.930946
0.250939 0.930946
0.251036 0.930946
0.251133 0.930946
0.251230 0.930946
0.251327 0.930946
0.251425 0.930946
0.251522 0.930946
0.251619 0.930946
0.251716 0.930946
0.251813 0.930946
0.251910 0.930946
0.252007 0.930946
0.252105 0.930946
0.252202 0.930946
0.252299 0.930946
0.252396 0.930946
0.252493 0.930946
0.252590 0.930946
0.252687 0.930946
0.252784 0.930946
0.252882 0.930946
0.252979 0.930946
0.253076 0.930946
0.253173 0.930946
0.253270 0.930946
0.253367 0.930946
0.253464 0.930946
0.253562 0.930946
0.253659 0.930946
0.253756 0.930946
0.253853 0.930946
0.253950 0.930946
0.254047 0.930946
0.254144 0.930946
0.254241 0.930946
0.254339 0.930946
0.254436 0.930946
0.254533 0.930946
0.254630 0.930946
0.254727 0.930946
0.254824 0.930946
0.254921 0.930946
0.255019 0.930946
0.255116 0.930946
0.255213 0.930946
0.255310 0.930946
0.255407 0.930946
0.255504 0.930946
0.255601 0.930946
0.255698 0.930946
0.255796 0.930946
0.255893 0.930946
0.255990 0.930946
0.256087 0.930946
0.256184 0.930946
0.256281 0.930946
0.256378 0.930946
0.256476 0.930946
0.256573 0.930946
0.256670 0.930946
0.256767 0.930946
0.256864 0.930946
0.256961 0.930946
0.257058 0.930946
0.257155 0.930946
0.257253 0.930946
0.257350 0.930946
0.257447 0.930946
0.257544 0.930946
0.257641 0.930946
0.257738 0.930946
0.257835 0.930946
0.257933 0.930946
0.258030 0.930946
0.258127 0.930946
0.258224 0.930946
0.258321 0.930946
0.258418 0.930946
0.258515 0.930946
0.258613 0.930946
0.258710 0.930946
0.258807 0.930946
0.258904 0.930946
0.259001 0.930946
0.259098 0.930946
0.259195 0.930946
0.259292 0.930946
0.259390 0.930946
0.259487 0.930946
0.259584 0.930946
0.259681 0.930946
0.259778 0.930946
0.259875 0.930946
0.259972 0.930946
0.260070 0.930946
0.260167 0.930946
0.260264 0.930946
0.260361 0.930946
0.260458 0.930946
0.260555 0.930946
0.260652 0.930946
0.260749 0.930946
0.260847 0.930946
0.260944 0.930946
0.261041 0.930946
0.261138 0.930946
0.261235 0.930946
0.261332 0.930946
0.261429 0.930946
0.261527 0.930946
0.261624 0.930946
0.261721 0.930946
0.261818 0.930946
0.261915 0.930946
0.262012 0.930946
0.262109 0.930946
0.262206 0.930946
0.262304 0.930946
0.262401 0.930946
0.262498 0.930946
0.262595 0.930946
0.262692 0.930946
0.262789 0.930946
0.262886 0.930946
0.262984 0.930946
0.263081 0.930946
0.263178 0.930946
0.263275 0.930946
0.263372 0.930946
0.263469 0.930946
0.263566 0.930946
0.263663 0.930946
0.263761 0.930946
0.263858 0.930946
0.263955 0.930946
0.264052 0.930946
0.264149 0.930946
0.264246 0.930946
0.264343 0.930946
0.264441 0.930946
0.264538 0.930946
0.264635 0.930946
0.264732 0.930946
0.264829 0.930946
0.264926 0.930946
0.265023 0.930946
0.265121 0.930946
0.265218 0.930946
0.265315 0.930946
0.265412 0.930946
0.265509 0.930946
0.265606 0.930946
0.265703 0.930946
0.265800 0.930946
0.265898 0.930946
0.265995 0.930946
0.266092 0.930946
0.266189 0.930946
0.266286 0.930946
0.266383 0.930946
0.266480 0.930946
0.266578 0.930946
0.266675 0.930946
0.266772 0.930946
0.266869 0.930946
0.266966 0.930946
0.267063 0.930946
0.267160 0.930946
0.267257 0.930946
0.267355 0.930946
0.267452 0.930946
0.267549 0.930946
0.267646 0.930946
0.267743 0.930946
0.267840 0.930946
0.267937 0.930946
0.268035 0.930946
0.268132 0.930946
0.268229 0.930946
0.268326 0.930946
0.268423 0.930946
0.268520 0.930946
0.268617 0.930946
0.268714 0.930946
0.268812 0.930946
0.268909 0.930946
0.269006 0.930946
0.269103 0.930946
0.269200 0.930946
0.269297 0.930946
0.269394 0.930946
0.269492 0.930946
0.269589 0.930946
0.269686 0.930946
0.269783 0.930946
0.269880 0.930946
0.269977 0.928389
0.270074 0.925831
0.270172 0.923274
0.270269 0.923274
0.270366 0.923274
0.270463 0.923274
0.270560 0.923274
0.270657 0.923274
0.270754 0.923274
0.270851 0.923274
0.270949 0.923274
0.271046 0.923274
0.271143 0.923274
0.271240 0.923274
0.271337 0.923274
0.271434 0.923274
0.271531 0.923274
0.271629 0.923274
0.271726 0.923274
0.271823 0.923274
0.271920 0.923274
0.272017 0.923274
0.272114 0.923274
0.272211 0.923274
0.272308 0.923274
0.272406 0.923274
0.272503 0.923274
0.272600 0.923274
0.272697 0.923274
0.272794 0.923274
0.272891 0.923274
0.272988 0.923274
0.273086 0.923274
0.273183 0.923274
0.273280 0.923274
0.273377 0.923274
0.273474 0.923274
0.273571 0.923274
0.273668 0.923274
0.273765 0.923274
0.273863 0.923274
0.273960 0.923274
0.274057 0.923274
0.274154 0.923274
0.274251 0.923274
0.274348 0.923274
0.274445 0.923274
0.274543 0.923274
0.274640 0.923274
0.274737 0.923274
0.274834 0.923274
0.274931 0.923274
0.275028 0.923274
0.275125 0.923274
0.275222 0.923274
0.275320 0.923274
0.275417 0.923274
0.275514 0.923274
0.275611 0.923274
0.275708 0.923274
0.275805 0.923274
0.275902 0.923274
0.276000 0.923274
0.276097 0.923274
0.276194 0.923274
0.276291 0.923274
0.276388 0.923274
0.276485 0.923274
0.276582 0.923274
0.276680 0.923274
0.276777 0.923274
0.276874 0.923274
0.276971 0.923274
0.277068 0.923274
0.277165 0.923274
0.277262 0.923274
0.277359 0.923274
0.277457 0.923274
0.277554 0.923274
0.277651 0.923274
0.277748 0.923274
0.277845 0.920716
0.277942 0.920716
0.278039 0.920716
0.278137 0.920716
0.278234 0.920716
0.278331 0.920716
0.278428 0.920716
0.278525 0.920716
0.278622 0.920716
0.278719 0.920716
0.278816 0.920716
0.278914 0.920716
0.279011 0.920716
0.279108 0.920716
0.279205 0.920716
0.279302 0.920716
0.279399 0.918159
0.279496 0.918159
0.279594 0.918159
0.279691 0.918159
0.279788 0.918159
0.279885 0.918159
0.279982 0.918159
0.280079 0.918159
0.280176 0.918159
0.280273 0.918159
0.280371 0.918159
0.280468 0.918159
0.280565 0.918159
0.280662 0.918159
0.280759 0.918159
0.280856 0.918159
0.280953 0.918159
0.281051 0.918159
0.281148 0.918159
0.281245 0.918159
0.281342 0.918159
0.281439 0.918159
0.281536 0.918159
0.281633 0.918159
0.281730 0.915601
0.281828 0.915601
0.281925 0.915601
0.282022 0.915601
0.282119 0.915601
0.282216 0.915601
0.282313 0.915601
0.282410 0.915601
0.282508 0.915601
0.282605 0.915601
0.282702 0.915601
0.282799 0.915601
0.282896 0.915601
0.282993 0.915601
0.283090 0.915601
0.283188 0.915601
0.283285 0.915601
0.283382 0.915601
0.283479 0.915601
0.283576 0.915601
0.283673 0.915601
0.283770 0.915601
0.283867 0.915601
0.283965 0.915601
0.284062 0.915601
0.284159 0.915601
0.284256 0.915601
0.284353 0.915601
0.284450 0.915601
0.284547 0.915601
0.284645 0.915601
0.284742 0.915601
0.284839 0.915601
0.284936 0.915601
0.285033 0.915601
0.285130 0.915601
0.285227 0.915601
0.285324 0.915601
0.285422 0.915601
0.285519 0.915601
0.285616 0.915601
0.285713 0.915601
0.285810 0.915601
0.285907 0.915601
0.286004 0.915601
0.286102 0.915601
0.286199 0.915601
0.286296 0.915601
0.286393 0.915601
0.286490 0.915601
0.286587 0.915601
0.286684 0.913043
0.286781 0.913043
0.286879 0.913043
0.286976 0.913043
0.287073 0.913043
0.287170 0.913043
0.287267 0.913043
0.287364 0.913043
0.287461 0.913043
0.287559 0.913043
0.287656 0.913043
0.287753 0.913043
0.287850 0.913043
0.287947 0.913043
0.288044 0.913043
0.288141 0.913043
0.288239 0.913043
0.288336 0.913043
0.288433 0.913043
0.288530 0.913043
0.288627 0.913043
0.288724 0.913043
0.288821 0.913043
0.288918 0.913043
0.289016 0.913043
0.289113 0.913043
0.289210 0.913043
0.289307 0.913043
0.289404 0.913043
0.289501 0.913043
0.289598 0.913043
0.289696 0.913043
0.289793 0.913043
0.289890 0.913043
0.289987 0.913043
0.290084 0.913043
0.290181 0.913043
0.290278 0.913043
0.290375 0.913043
0.290473 0.913043
0.290570 0.913043
0.290667 0.913043
0.290764 0.913043
0.290861 0.913043
0.290958 0.913043
0.291055 0.913043
0.291153 0.913043
0.291250 0.913043
0.291347 0.913043
0.291444 0.913043
0.291541 0.913043
0.291638 0.913043
0.291735 0.913043
0.291832 0.913043
0.291930 0.913043
0.292027 0.913043
0.292124 0.913043
0.292221 0.913043
0.292318 0.913043
0.292415 0.913043
0.292512 0.913043
0.292610 0.913043
0.292707 0.913043
0.292804 0.913043
0.292901 0.913043
0.292998 0.913043
0.293095 0.913043
0.293192 0.913043
0.293289 0.913043
0.293387 0.913043
0.293484 0.913043
0.293581 0.913043
0.293678 0.913043
0.293775 0.910486
0.293872 0.910486
0.293969 0.910486
0.294067 0.910486
0.294164 0.910486
0.294261 0.910486
0.294358 0.910486
0.294455 0.910486
0.294552 0.910486
0.294649 0.910486
0.294747 0.910486
0.294844 0.910486
0.294941 0.910486
0.295038 0.910486
0.295135 0.910486
0.295232 0.910486
0.295329 0.910486
0.295426 0.910486
0.295524 0.910486
0.295621 0.910486
0.295718 0.910486
0.295815 0.910486
0.295912 0.910486
0.296009 0.910486
0.296106 0.910486
0.296204 0.910486
0.296301 0.910486
0.296398 0.907928
0.296495 0.907928
0.296592 0.907928
0.296689 0.907928
0.296786 0.907928
0.296883 0.907928
0.296981 0.907928
0.297078 0.907928
0.297175 0.907928
0.297272 0.907928
0.297369 0.907928
0.297466 0.907928
0.297563 0.907928
0.297661 0.907928
0.297758 0.907928
0.297855 0.907928
0.297952 0.907928
0.298049 0.907928
0.298146 0.905371
0.298243 0.905371
0.298340 0.905371
0.298438 0.905371
0.298535 0.905371
0.298632 0.905371
0.298729 0.905371
0.298826 0.905371
0.298923 0.905371
0.299020 0.905371
0.299118 0.905371
0.299215 0.905371
0.299312 0.905371
0.299409 0.905371
0.299506 0.905371
0.299603 0.905371
0.299700 0.905371
0.299797 0.905371
0.299895 0.905371
0.299992 0.905371
0.300089 0.905371
0.300186 0.905371
0.300283 0.905371
0.300380 0.905371
0.300477 0.905371
0.300575 0.905371
0.300672 0.905371
0.300769 0.905371
0.300866 0.905371
0.300963 0.905371
0.301060 0.905371
0.301157 0.905371
0.301255 0.905371
0.301352 0.905371
0.301449 0.905371
0.301546 0.905371
0.301643 0.905371
0.301740 0.905371
0.301837 0.905371
0.301934 0.905371
0.302032 0.905371
0.302129 0.905371
0.302226 0.905371
0.302323 0.905371
0.302420 0.905371
0.302517 0.905371
0.302614 0.905371
0.302712 0.905371
0.302809 0.905371
0.302906 0.905371
0.303003 0.905371
0.303100 0.905371
0.303197 0.905371
0.303294 0.905371
0.303391 0.905371
0.303489 0.905371
0.303586 0.905371
0.303683 0.905371
0.303780 0.902813
0.303877 0.902813
0.303974 0.902813
0.304071 0.902813
0.304169 0.902813
0.304266 0.902813
0.304363 0.902813
0.304460 0.902813
0.304557 0.902813
0.304654 0.902813
0.304751 0.902813
0.304848 0.902813
0.304946 0.902813
0.305043 0.902813
0.305140 0.902813
0.305237 0.902813
0.305334 0.902813
0.305431 0.902813
0.305528 0.902813
0.305626 0.902813
0.305723 0.902813
0.305820 0.902813
0.305917 0.902813
0.306014 0.902813
0.306111 0.902813
0.306208 0.902813
0.306306 0.902813
0.306403 0.902813
0.306500 0.902813
0.306597 0.902813
0.306694 0.902813
0.306791 0.902813
0.306888 0.902813
0.306985 0.902813
0.307083 0.902813
0.307180 0.902813
0.307277 0.902813
0.307374 0.902813
0.307471 0.902813
0.307568 0.902813
0.307665 0.902813
0.307763 0.902813
0.307860 0.902813
0.307957 0.902813
0.308054 0.902813
0.308151 0.902813
0.308248 0.902813
0.308345 0.902813
0.308442 0.902813
0.308540 0.902813
0.308637 0.902813
0.308734 0.902813
0.308831 0.902813
0.308928 0.902813
0.309025 0.902813
0.309122 0.902813
0.309220 0.902813
0.309317 0.902813
0.309414 0.902813
0.309511 0.902813
0.309608 0.902813
0.309705 0.902813
0.309802 0.902813
0.309899 0.902813
0.309997 0.902813
0.310094 0.902813
0.310191 0.902813
0.310288 0.902813
0.310385 0.902813
0.310482 0.902813
0.310579 0.902813
0.310677 0.902813
0.310774 0.902813
0.310871 0.902813
0.310968 0.902813
0.311065 0.902813
0.311162 0.902813
0.311259 0.902813
0.311356 0.902813
0.311454 0.902813
0.311551 0.902813
0.311648 0.902813
0.311745 0.902813
0.311842 0.902813
0.311939 0.902813
0.312036 0.902813
0.312134 0.902813
0.312231 0.902813
0.312328 0.902813
0.312425 0.902813
0.312522 0.902813
0.312619 0.902813
0.312716 0.902813
0.312814 0.902813
0.312911 0.902813
0.313008 0.902813
0.313105 0.902813
0.313202 0.902813
0.313299 0.902813
0.313396 0.902813
0.313493 0.902813
0.313591 0.902813
0.313688 0.902813
0.313785 0.902813
0.313882 0.902813
0.313979 0.902813
0.314076 0.902813
0.314173 0.902813
0.314271 0.902813
0.314368 0.902813
0.314465 0.902813
0.314562 0.902813
0.314659 0.902813
0.314756 0.902813
0.314853 0.902813
0.314950 0.900256
0.315048 0.900256
0.315145 0.900256
0.315242 0.900256
0.315339 0.900256
0.315436 0.900256
0.315533 0.900256
0.315630 0.900256
0.315728 0.900256
0.315825 0.900256
0.315922 0.900256
0.316019 0.900256
0.316116 0.900256
0.316213 0.900256
0.316310 0.900256
0.316407 0.900256
0.316505 0.900256
0.316602 0.900256
0.316699 0.900256
0.316796 0.900256
0.316893 0.900256
0.316990 0.900256
0.317087 0.900256
0.317185 0.900256
0.317282 0.900256
0.317379 0.900256
0.317476 0.900256
0.317573 0.900256
0.317670 0.900256
0.317767 0.900256
0.317864 0.900256
0.317962 0.900256
0.318059 0.900256
0.318156 0.900256
0.318253 0.900256
0.318350 0.900256
0.318447 0.900256
0.318544 0.900256
0.318642 0.900256
0.318739 0.900256
0.318836 0.900256
0.318933 0.900256
0.319030 0.900256
0.319127 0.900256
0.319224 0.900256
0.319322 0.900256
0.319419 0.900256
0.319516 0.900256
0.319613 0.900256
0.319710 0.900256
0.319807 0.900256
0.319904 0.900256
0.320001 0.900256
0.320099 0.900256
0.320196 0.900256
0.320293 0.900256
0.320390 0.900256
0.320487 0.900256
0.320584 0.900256
0.320681 0.900256
0.320779 0.900256
0.320876 0.900256
0.320973 0.900256
0.321070 0.900256
0.321167 0.900256
0.321264 0.900256
0.321361 0.900256
0.321458 0.900256
0.321556 0.900256
0.321653 0.900256
0.321750 0.900256
0.321847 0.900256
0.321944 0.900256
0.322041 0.900256
0.322138 0.900256
0.322236 0.900256
0.322333 0.900256
0.322430 0.900256
0.322527 0.900256
0.322624 0.900256
0.322721 0.900256
0.322818 0.900256
0.322915 0.900256
0.323013 0.900256
0.323110 0.900256
0.323207 0.900256
0.323304 0.900256
0.323401 0.897698
0.323498 0.897698
0.323595 0.897698
0.323693 0.897698
0.323790 0.897698
0.323887 0.897698
0.323984 0.897698
0.324081 0.897698
0.324178 0.897698
0.324275 0.897698
0.324373 0.897698
0.324470 0.897698
0.324567 0.897698
0.324664 0.897698
0.324761 0.897698
0.324858 0.895141
0.324955 0.895141
0.325052 0.895141
0.325150 0.895141
0.325247 0.895141
0.325344 0.895141
0.325441 0.895141
0.325538 0.895141
0.325635 0.895141
0.325732 0.895141
0.325830 0.895141
0.325927 0.895141
0.326024 0.895141
0.326121 0.895141
0.326218 0.895141
0.326315 0.895141
0.326412 0.895141
0.326509 0.895141
0.326607 0.895141
0.326704 0.895141
0.326801 0.895141
0.326898 0.895141
0.326995 0.895141
0.327092 0.895141
0.327189 0.895141
0.327287 0.895141
0.327384 0.895141
0.327481 0.895141
0.327578 0.895141
0.327675 0.895141
0.327772 0.895141
0.327869 0.895141
0.327966 0.895141
0.328064 0.895141
0.328161 0.895141
0.328258 0.895141
0.328355 0.895141
0.328452 0.895141
0.328549 0.895141
0.328646 0.895141
0.328744 0.895141
0.328841 0.895141
0.328938 0.895141
0.329035 0.895141
0.329132 0.895141
0.329229 0.895141
0.329326 0.895141
0.329423 0.895141
0.329521 0.895141
0.329618 0.895141
0.329715 0.895141
0.329812 0.895141
0.329909 0.895141
0.330006 0.895141
0.330103 0.895141
0.330201 0.895141
0.330298 0.895141
0.330395 0.895141
0.330492 0.895141
0.330589 0.895141
0.330686 0.895141
0.330783 0.895141
0.330881 0.895141
0.330978 0.895141
0.331075 0.895141
0.331172 0.895141
0.331269 0.895141
0.331366 0.895141
0.331463 0.895141
0.331560 0.895141
0.331658 0.895141
0.331755 0.895141
0.331852 0.895141
0.331949 0.895141
0.332046 0.892583
0.332143 0.892583
0.332240 0.892583
0.332338 0.892583
0.332435 0.892583
0.332532 0.892583
0.332629 0.892583
0.332726 0.892583
0.332823 0.892583
0.332920 0.892583
0.333017 0.892583
0.333115 0.892583
0.333212 0.892583
0.333309 0.892583
0.333406 0.892583
0.333503 0.890026
0.333600 0.890026
0.333697 0.890026
0.333795 0.890026
0.333892 0.890026
0.333989 0.890026
0.334086 0.890026
0.334183 0.890026
0.334280 0.890026
0.334377 0.890026
0.334474 0.890026
0.334572 0.890026
0.334669 0.890026
0.334766 0.890026
0.334863 0.890026
0.334960 0.890026
0.335057 0.890026
0.335154 0.890026
0.335252 0.890026
0.335349 0.890026
0.335446 0.890026
0.335543 0.890026
0.335640 0.890026
0.335737 0.890026
0.335834 0.890026
0.335931 0.890026
0.336029 0.890026
0.336126 0.890026
0.336223 0.890026
0.336320 0.890026
0.336417 0.890026
0.336514 0.890026
0.336611 0.890026
0.336709 0.890026
0.336806 0.890026
0.336903 0.890026
0.337000 0.890026
0.337097 0.890026
0.337194 0.890026
0.337291 0.890026
0.337389 0.890026
0.337486 0.890026
0.337583 0.890026
0.337680 0.890026
0.337777 0.890026
0.337874 0.890026
0.337971 0.890026
0.338068 0.890026
0.338166 0.890026
0.338263 0.890026
0.338360 0.890026
0.338457 0.890026
0.338554 0.890026
0.338651 0.890026
0.338748 0.890026
0.338846 0.890026
0.338943 0.890026
0.339040 0.890026
0.339137 0.890026
0.339234 0.890026
0.339331 0.890026
0.339428 0.890026
0.339525 0.890026
0.339623 0.890026
0.339720 0.890026
0.339817 0.890026
0.339914 0.890026
0.340011 0.890026
0.340108 0.890026
0.340205 0.890026
0.340303 0.890026
0.340400 0.890026
0.340497 0.887468
0.340594 0.887468
0.340691 0.887468
0.340788 0.887468
0.340885 0.887468
0.340982 0.887468
0.341080 0.887468
0.341177 0.887468
0.341274 0.887468
0.341371 0.887468
0.341468 0.887468
0.341565 0.887468
0.341662 0.887468
0.341760 0.887468
0.341857 0.887468
0.341954 0.887468
0.342051 0.887468
0.342148 0.887468
0.342245 0.887468
0.342342 0.887468
0.342440 0.887468
0.342537 0.887468
0.342634 0.887468
0.342731 0.887468
0.342828 0.887468
0.342925 0.887468
0.343022 0.887468
0.343119 0.887468
0.343217 0.887468
0.343314 0.887468
0.343411 0.887468
0.343508 0.887468
0.343605 0.887468
0.343702 0.887468
0.343799 0.887468
0.343897 0.887468
0.343994 0.882353
0.344091 0.882353
0.344188 0.882353
0.344285 0.882353
0.344382 0.882353
0.344479 0.882353
0.344576 0.882353
0.344674 0.882353
0.344771 0.882353
0.344868 0.882353
0.344965 0.882353
0.345062 0.882353
0.345159 0.882353
0.345256 0.882353
0.345354 0.882353
0.345451 0.882353
0.345548 0.882353
0.345645 0.882353
0.345742 0.882353
0.345839 0.882353
0.345936 0.882353
0.346033 0.882353
0.346131 0.882353
0.346228 0.882353
0.346325 0.882353
0.346422 0.882353
0.346519 0.882353
0.346616 0.882353
0.346713 0.882353
0.346811 0.882353
0.346908 0.882353
0.347005 0.882353
0.347102 0.882353
0.347199 0.882353
0.347296 0.882353
0.347393 0.882353
0.347490 0.882353
0.347588 0.882353
0.347685 0.882353
0.347782 0.882353
0.347879 0.882353
0.347976 0.882353
0.348073 0.882353
0.348170 0.882353
0.348268 0.882353
0.348365 0.882353
0.348462 0.882353
0.348559 0.882353
0.348656 0.882353
0.348753 0.882353
0.348850 0.882353
0.348948 0.882353
0.349045 0.882353
0.349142 0.882353
0.349239 0.879795
0.349336 0.879795
0.349433 0.879795
0.349530 0.879795
0.349627 0.879795
0.349725 0.879795
0.349822 0.879795
0.349919 0.879795
0.350016 0.879795
0.350113 0.879795
0.350210 0.879795
0.350307 0.879795
0.350405 0.879795
0.350502 0.879795
0.350599 0.879795
0.350696 0.879795
0.350793 0.879795
0.350890 0.879795
0.350987 0.877238
0.351084 0.877238
0.351182 0.877238
0.351279 0.877238
0.351376 0.877238
0.351473 0.877238
0.351570 0.877238
0.351667 0.877238
0.351764 0.877238
0.351862 0.877238
0.351959 0.877238
0.352056 0.877238
0.352153 0.877238
0.352250 0.877238
0.352347 0.877238
0.352444 0.877238
0.352541 0.877238
0.352639 0.877238
0.352736 0.877238
0.352833 0.877238
0.352930 0.877238
0.353027 0.877238
0.353124 0.877238
0.353221 0.877238
0.353319 0.877238
0.353416 0.877238
0.353513 0.877238
0.353610 0.877238
0.353707 0.877238
0.353804 0.877238
0.353901 0.877238
0.353998 0.877238
0.354096 0.877238
0.354193 0.877238
0.354290 0.877238
0.354387 0.877238
0.354484 0.877238
0.354581 0.877238
0.354678 0.877238
0.354776 0.877238
0.354873 0.877238
0.354970 0.877238
0.355067 0.877238
0.355164 0.877238
0.355261 0.877238
0.355358 0.877238
0.355456 0.877238
0.355553 0.874680
0.355650 0.874680
0.355747 0.874680
0.355844 0.874680
0.355941 0.874680
0.356038 0.874680
0.356135 0.874680
0.356233 0.874680
0.356330 0.874680
0.356427 0.874680
0.356524 0.874680
0.356621 0.874680
0.356718 0.874680
0.356815 0.874680
0.356913 0.874680
0.357010 0.874680
0.357107 0.874680
0.357204 0.874680
0.357301 0.874680
0.357398 0.874680
0.357495 0.874680
0.357592 0.874680
0.357690 0.874680
0.357787 0.874680
0.357884 0.874680
0.357981 0.874680
0.358078 0.874680
0.358175 0.874680
0.358272 0.874680
0.358370 0.874680
0.358467 0.874680
0.358564 0.872123
0.358661 0.872123
0.358758 0.872123
0.358855 0.872123
0.358952 0.872123
0.359049 0.872123
0.359147 0.872123
0.359244 0.872123
0.359341 0.872123
0.359438 0.872123
0.359535 0.872123
0.359632 0.872123
0.359729 0.872123
0.359827 0.872123
0.359924 0.872123
0.360021 0.872123
0.360118 0.872123
0.360215 0.872123
0.360312 0.872123
0.360409 0.872123
0.360507 0.872123
0.360604 0.872123
0.360701 0.872123
0.360798 0.872123
0.360895 0.872123
0.360992 0.872123
0.361089 0.872123
0.361186 0.872123
0.361284 0.872123
0.361381 0.872123
0.361478 0.872123
0.361575 0.872123
0.361672 0.872123
0.361769 0.872123
0.361866 0.872123
0.361964 0.872123
0.362061 0.872123
0.362158 0.872123
0.362255 0.872123
0.362352 0.872123
0.362449 0.872123
0.362546 0.872123
0.362643 0.872123
0.362741 0.872123
0.362838 0.872123
0.362935 0.872123
0.363032 0.872123
0.363129 0.872123
0.363226 0.872123
0.363323 0.872123
0.363421 0.872123
0.363518 0.872123
0.363615 0.872123
0.363712 0.872123
0.363809 0.872123
0.363906 0.872123
0.364003 0.872123
0.364100 0.872123
0.364198 0.872123
0.364295 0.872123
0.364392 0.872123
0.364489 0.872123
0.364586 0.869565
0.364683 0.869565
0.364780 0.869565
0.364878 0.867008
0.364975 0.867008
0.365072 0.867008
0.365169 0.867008
0.365266 0.867008
0.365363 0.867008
0.365460 0.867008
0.365557 0.867008
0.365655 0.867008
0.365752 0.867008
0.365849 0.867008
0.365946 0.867008
0.366043 0.867008
0.366140 0.867008
0.366237 0.867008
0.366335 0.867008
0.366432 0.867008
0.366529 0.867008
0.366626 0.867008
0.366723 0.867008
0.366820 0.867008
0.366917 0.867008
0.367015 0.867008
0.367112 0.867008
0.367209 0.867008
0.367306 0.867008
0.367403 0.867008
0.367500 0.867008
0.367597 0.867008
0.367694 0.867008
0.367792 0.867008
0.367889 0.867008
0.367986 0.867008
0.368083 0.867008
0.368180 0.867008
0.368277 0.867008
0.368374 0.867008
0.368472 0.867008
0.368569 0.867008
0.368666 0.867008
0.368763 0.867008
0.368860 0.867008
0.368957 0.867008
0.369054 0.867008
0.369151 0.867008
0.369249 0.867008
0.369346 0.867008
0.369443 0.867008
0.369540 0.867008
0.369637 0.867008
0.369734 0.867008
0.369831 0.867008
0.369929 0.867008
0.370026 0.867008
0.370123 0.867008
0.370220 0.867008
0.370317 0.867008
0.370414 0.867008
0.370511 0.867008
0.370608 0.867008
0.370706 0.867008
0.370803 0.867008
0.370900 0.867008
0.370997 0.867008
0.371094 0.867008
0.371191 0.867008
0.371288 0.867008
0.371386 0.867008
0.371483 0.867008
0.371580 0.867008
0.371677 0.867008
0.371774 0.867008
0.371871 0.867008
0.371968 0.867008
0.372065 0.867008
0.372163 0.867008
0.372260 0.867008
0.372357 0.867008
0.372454 0.867008
0.372551 0.867008
0.372648 0.867008
0.372745 0.867008
0.372843 0.867008
0.372940 0.867008
0.373037 0.867008
0.373134 0.867008
0.373231 0.867008
0.373328 0.864450
0.373425 0.864450
0.373523 0.864450
0.373620 0.864450
0.373717 0.864450
0.373814 0.864450
0.373911 0.864450
0.374008 0.864450
0.374105 0.864450
0.374202 0.861893
0.374300 0.861893
0.374397 0.861893
0.374494 0.861893
0.374591 0.861893
0.374688 0.861893
0.374785 0.861893
0.374882 0.861893
0.374980 0.861893
0.375077 0.861893
0.375174 0.861893
0.375271 0.861893
0.375368 0.861893
0.375465 0.861893
0.375562 0.861893
0.375659 0.861893
0.375757 0.861893
0.375854 0.861893
0.375951 0.861893
0.376048 0.861893
0.376145 0.861893
0.376242 0.861893
0.376339 0.861893
0.376437 0.861893
0.376534 0.861893
0.376631 0.861893
0.376728 0.861893
0.376825 0.861893
0.376922 0.861893
0.377019 0.861893
0.377116 0.861893
0.377214 0.861893
0.377311 0.859335
0.377408 0.856777
0.377505 0.856777
0.377602 0.856777
0.377699 0.856777
0.377796 0.856777
0.377894 0.856777
0.377991 0.856777
0.378088 0.856777
0.378185 0.856777
0.378282 0.856777
0.378379 0.856777
0.378476 0.856777
0.378574 0.856777
0.378671 0.856777
0.378768 0.856777
0.378865 0.856777
0.378962 0.856777
0.379059 0.856777
0.379156 0.856777
0.379253 0.856777
0.379351 0.856777
0.379448 0.856777
0.379545 0.856777
0.379642 0.856777
0.379739 0.856777
0.379836 0.856777
0.379933 0.856777
0.380031 0.856777
0.380128 0.856777
0.380225 0.856777
0.380322 0.856777
0.380419 0.856777
0.380516 0.856777
0.380613 0.856777
0.380710 0.856777
0.380808 0.856777
0.380905 0.856777
0.381002 0.856777
0.381099 0.856777
0.381196 0.856777
0.381293 0.856777
0.381390 0.856777
0.381488 0.856777
0.381585 0.856777
0.381682 0.856777
0.381779 0.856777
0.381876 0.856777
0.381973 0.856777
0.382070 0.856777
0.382167 0.856777
0.382265 0.856777
0.382362 0.856777
0.382459 0.856777
0.382556 0.854220
0.382653 0.854220
0.382750 0.854220
0.382847 0.854220
0.382945 0.854220
0.383042 0.854220
0.383139 0.854220
0.383236 0.854220
0.383333 0.854220
0.383430 0.854220
0.383527 0.854220
0.383624 0.854220
0.383722 0.854220
0.383819 0.854220
0.383916 0.854220
0.384013 0.854220
0.384110 0.854220
0.384207 0.854220
0.384304 0.854220
0.384402 0.854220
0.384499 0.854220
0.384596 0.854220
0.384693 0.854220
0.384790 0.854220
0.384887 0.854220
0.384984 0.854220
0.385082 0.854220
0.385179 0.854220
0.385276 0.854220
0.385373 0.854220
0.385470 0.854220
0.385567 0.854220
0.385664 0.854220
0.385761 0.854220
0.385859 0.854220
0.385956 0.854220
0.386053 0.854220
0.386150 0.854220
0.386247 0.854220
0.386344 0.854220
0.386441 0.854220
0.386539 0.854220
0.386636 0.854220
0.386733 0.854220
0.386830 0.854220
0.386927 0.854220
0.387024 0.854220
0.387121 0.854220
0.387218 0.854220
0.387316 0.854220
0.387413 0.854220
0.387510 0.854220
0.387607 0.854220
0.387704 0.854220
0.387801 0.854220
0.387898 0.854220
0.387996 0.854220
0.388093 0.854220
0.388190 0.854220
0.388287 0.854220
0.388384 0.854220
0.388481 0.854220
0.388578 0.854220
0.388675 0.854220
0.388773 0.851662
0.388870 0.851662
0.388967 0.851662
0.389064 0.851662
0.389161 0.851662
0.389258 0.849105
0.389355 0.849105
0.389453 0.849105
0.389550 0.849105
0.389647 0.849105
0.389744 0.849105
0.389841 0.849105
0.389938 0.849105
0.390035 0.849105
0.390132 0.849105
0.390230 0.849105
0.390327 0.849105
0.390424 0.849105
0.390521 0.849105
0.390618 0.849105
0.390715 0.849105
0.390812 0.849105
0.390910 0.849105
0.391007 0.849105
0.391104 0.849105
0.391201 0.849105
0.391298 0.849105
0.391395 0.849105
0.391492 0.849105
0.391590 0.849105
0.391687 0.849105
0.391784 0.849105
0.391881 0.849105
0.391978 0.849105
0.392075 0.849105
0.392172 0.849105
0.392269 0.849105
0.392367 0.849105
0.392464 0.849105
0.392561 0.849105
0.392658 0.846547
0.392755 0.846547
0.392852 0.846547
0.392949 0.846547
0.393047 0.846547
0.393144 0.846547
0.393241 0.846547
0.393338 0.846547
0.393435 0.846547
0.393532 0.846547
0.393629 0.843990
0.393726 0.843990
0.393824 0.843990
0.393921 0.843990
0.394018 0.843990
0.394115 0.843990
0.394212 0.843990
0.394309 0.843990
0.394406 0.843990
0.394504 0.843990
0.394601 0.843990
0.394698 0.841432
0.394795 0.841432
0.394892 0.841432
0.394989 0.838875
0.395086 0.838875
0.395183 0.838875
0.395281 0.838875
0.395378 0.838875
0.395475 0.838875
0.395572 0.838875
0.395669 0.838875
0.395766 0.838875
0.395863 0.838875
0.395961 0.838875
0.396058 0.838875
0.396155 0.838875
0.396252 0.838875
0.396349 0.838875
0.396446 0.838875
0.396543 0.838875
0.396641 0.838875
0.396738 0.838875
0.396835 0.838875
0.396932 0.838875
0.397029 0.838875
0.397126 0.838875
0.397223 0.838875
0.397320 0.838875
0.397418 0.838875
0.397515 0.838875
0.397612 0.838875
0.397709 0.838875
0.397806 0.838875
0.397903 0.838875
0.398000 0.838875
0.398098 0.838875
0.398195 0.838875
0.398292 0.838875
0.398389 0.838875
0.398486 0.838875
0.398583 0.838875
0.398680 0.838875
0.398777 0.838875
0.398875 0.838875
0.398972 0.838875
0.399069 0.838875
0.399166 0.838875
0.399263 0.838875
0.399360 0.838875
0.399457 0.838875
0.399555 0.838875
0.399652 0.838875
0.399749 0.838875
0.399846 0.838875
0.399943 0.838875
0.400040 0.838875
0.400137 0.838875
0.400234 0.838875
0.400332 0.838875
0.400429 0.838875
0.400526 0.838875
0.400623 0.838875
0.400720 0.838875
0.400817 0.838875
0.400914 0.838875
0.401012 0.838875
0.401109 0.838875
0.401206 0.838875
0.401303 0.838875
0.401400 0.838875
0.401497 0.838875
0.401594 0.838875
0.401691 0.838875
0.401789 0.838875
0.401886 0.838875
0.401983 0.838875
0.402080 0.838875
0.402177 0.838875
0.402274 0.838875
0.402371 0.838875
0.402469 0.838875
0.402566 0.838875
0.402663 0.838875
0.402760 0.838875
0.402857 0.838875
0.402954 0.838875
0.403051 0.838875
0.403149 0.838875
0.403246 0.838875
0.403343 0.838875
0.403440 0.836317
0.403537 0.836317
0.403634 0.836317
0.403731 0.836317
0.403828 0.836317
0.403926 0.836317
0.404023 0.836317
0.404120 0.836317
0.404217 0.836317
0.404314 0.836317
0.404411 0.836317
0.404508 0.836317
0.404606 0.836317
0.404703 0.836317
0.404800 0.836317
0.404897 0.836317
0.404994 0.836317
0.405091 0.836317
0.405188 0.836317
0.405285 0.836317
0.405383 0.836317
0.405480 0.836317
0.405577 0.836317
0.405674 0.836317
0.405771 0.836317
0.405868 0.836317
0.405965 0.836317
0.406063 0.836317
0.406160 0.836317
0.406257 0.836317
0.406354 0.836317
0.406451 0.836317
0.406548 0.836317
0.406645 0.836317
0.406742 0.836317
0.406840 0.836317
0.406937 0.836317
0.407034 0.836317
0.407131 0.836317
0.407228 0.836317
0.407325 0.836317
0.407422 0.836317
0.407520 0.833760
0.407617 0.833760
0.407714 0.833760
0.407811 0.833760
0.407908 0.833760
0.408005 0.833760
0.408102 0.833760
0.408199 0.833760
0.408297 0.833760
0.408394 0.833760
0.408491 0.833760
0.408588 0.833760
0.408685 0.833760
0.408782 0.833760
0.408879 0.833760
0.408977 0.833760
0.409074 0.833760
0.409171 0.833760
0.409268 0.833760
0.409365 0.833760
0.409462 0.833760
0.409559 0.833760
0.409657 0.833760
0.409754 0.833760
0.409851 0.833760
0.409948 0.833760
0.410045 0.833760
0.410142 0.833760
0.410239 0.833760
0.410336 0.833760
0.410434 0.833760
0.410531 0.833760
0.410628 0.833760
0.410725 0.833760
0.410822 0.833760
0.410919 0.833760
0.411016 0.833760
0.411114 0.833760
0.411211 0.833760
0.411308 0.833760
0.411405 0.833760
0.411502 0.833760
0.411599 0.833760
0.411696 0.833760
0.411793 0.833760
0.411891 0.833760
0.411988 0.833760
0.412085 0.833760
0.412182 0.833760
0.412279 0.833760
0.412376 0.833760
0.412473 0.833760
0.412571 0.833760
0.412668 0.833760
0.412765 0.833760
0.412862 0.833760
0.412959 0.833760
0.413056 0.833760
0.413153 0.833760
0.413250 0.833760
0.413348 0.833760
0.413445 0.833760
0.413542 0.833760
0.413639 0.833760
0.413736 0.833760
0.413833 0.833760
0.413930 0.833760
0.414028 0.833760
0.414125 0.833760
0.414222 0.833760
0.414319 0.833760
0.414416 0.833760
0.414513 0.833760
0.414610 0.833760
0.414708 0.833760
0.414805 0.833760
0.414902 0.833760
0.414999 0.833760
0.415096 0.833760
0.415193 0.833760
0.415290 0.833760
0.415387 0.833760
0.415485 0.833760
0.415582 0.833760
0.415679 0.833760
0.415776 0.833760
0.415873 0.833760
0.415970 0.833760
0.416067 0.833760
0.416165 0.833760
0.416262 0.833760
0.416359 0.833760
0.416456 0.833760
0.416553 0.833760
0.416650 0.833760
0.416747 0.833760
0.416844 0.833760
0.416942 0.833760
0.417039 0.833760
0.417136 0.833760
0.417233 0.833760
0.417330 0.833760
0.417427 0.833760
0.417524 0.833760
0.417622 0.833760
0.417719 0.833760
0.417816 0.833760
0.417913 0.833760
0.418010 0.833760
0.418107 0.833760
0.418204 0.833760
0.418301 0.833760
0.418399 0.833760
0.418496 0.833760
0.418593 0.833760
0.418690 0.833760
0.418787 0.833760
0.418884 0.833760
0.418981 0.833760
0.419079 0.833760
0.419176 0.833760
0.419273 0.833760
0.419370 0.833760
0.419467 0.833760
0.419564 0.833760
0.419661 0.833760
0.419758 0.833760
0.419856 0.833760
0.419953 0.831202
0.420050 0.831202
0.420147 0.831202
0.420244 0.831202
0.420341 0.831202
0.420438 0.831202
0.420536 0.831202
0.420633 0.831202
0.420730 0.831202
0.420827 0.831202
0.420924 0.831202
0.421021 0.831202
0.421118 0.831202
0.421216 0.831202
0.421313 0.831202
0.421410 0.831202
0.421507 0.831202
0.421604 0.831202
0.421701 0.831202
0.421798 0.831202
0.421895 0.831202
0.421993 0.831202
0.422090 0.831202
0.422187 0.831202
0.422284 0.831202
0.422381 0.831202
0.422478 0.831202
0.422575 0.831202
0.422673 0.831202
0.422770 0.831202
0.422867 0.831202
0.422964 0.831202
0.423061 0.831202
0.423158 0.831202
0.423255 0.831202
0.423352 0.828645
0.423450 0.828645
0.423547 0.828645
0.423644 0.828645
0.423741 0.828645
0.423838 0.828645
0.423935 0.828645
0.424032 0.828645
0.424130 0.828645
0.424227 0.828645
0.424324 0.828645
0.424421 0.828645
0.424518 0.828645
0.424615 0.828645
0.424712 0.828645
0.424809 0.828645
0.424907 0.828645
0.425004 0.828645
0.425101 0.828645
0.425198 0.828645
0.425295 0.828645
0.425392 0.828645
0.425489 0.828645
0.425587 0.828645
0.425684 0.828645
0.425781 0.828645
0.425878 0.828645
0.425975 0.828645
0.426072 0.828645
0.426169 0.828645
0.426266 0.828645
0.426364 0.828645
0.426461 0.828645
0.426558 0.828645
0.426655 0.828645
0.426752 0.828645
0.426849 0.828645
0.426946 0.828645
0.427044 0.828645
0.427141 0.828645
0.427238 0.828645
0.427335 0.828645
0.427432 0.828645
0.427529 0.828645
0.427626 0.828645
0.427724 0.828645
0.427821 0.828645
0.427918 0.828645
0.428015 0.828645
0.428112 0.828645
0.428209 0.828645
0.428306 0.828645
0.428403 0.828645
0.428501 0.826087
0.428598 0.826087
0.428695 0.826087
0.428792 0.826087
0.428889 0.826087
0.428986 0.826087
0.429083 0.826087
0.429181 0.826087
0.429278 0.826087
0.429375 0.826087
0.429472 0.826087
0.429569 0.826087
0.429666 0.826087
0.429763 0.826087
0.429860 0.826087
0.429958 0.826087
0.430055 0.826087
0.430152 0.826087
0.430249 0.826087
0.430346 0.826087
0.430443 0.826087
0.430540 0.826087
0.430638 0.826087
0.430735 0.826087
0.430832 0.826087
0.430929 0.826087
0.431026 0.826087
0.431123 0.826087
0.431220 0.826087
0.431317 0.826087
0.431415 0.826087
0.431512 0.826087
0.431609 0.826087
0.431706 0.826087
0.431803 0.826087
0.431900 0.826087
0.431997 0.826087
0.432095 0.826087
0.432192 0.826087
0.432289 0.826087
0.432386 0.826087
0.432483 0.826087
0.432580 0.826087
0.432677 0.826087
0.432775 0.826087
0.432872 0.826087
0.432969 0.826087
0.433066 0.826087
0.433163 0.826087
0.433260 0.826087
0.433357 0.826087
0.433454 0.826087
0.433552 0.826087
0.433649 0.826087
0.433746 0.826087
0.433843 0.826087
0.433940 0.826087
0.434037 0.826087
0.434134 0.826087
0.434232 0.826087
0.434329 0.826087
0.434426 0.826087
0.434523 0.826087
0.434620 0.826087
0.434717 0.826087
0.434814 0.826087
0.434911 0.826087
0.435009 0.826087
0.435106 0.826087
0.435203 0.826087
0.435300 0.826087
0.435397 0.826087
0.435494 0.826087
0.435591 0.826087
0.435689 0.826087
0.435786 0.826087
0.435883 0.826087
0.435980 0.826087
0.436077 0.826087
0.436174 0.826087
0.436271 0.826087
0.436368 0.826087
0.436466 0.826087
0.436563 0.826087
0.436660 0.826087
0.436757 0.826087
0.436854 0.826087
0.436951 0.826087
0.437048 0.826087
0.437146 0.826087
0.437243 0.826087
0.437340 0.826087
0.437437 0.826087
0.437534 0.826087
0.437631 0.826087
0.437728 0.826087
0.437825 0.826087
0.437923 0.826087
0.438020 0.826087
0.438117 0.826087
0.438214 0.826087
0.438311 0.826087
0.438408 0.826087
0.438505 0.826087
0.438603 0.826087
0.438700 0.826087
0.438797 0.826087
0.438894 0.826087
0.438991 0.826087
0.439088 0.826087
0.439185 0.826087
0.439283 0.826087
0.439380 0.826087
0.439477 0.826087
0.439574 0.826087
0.439671 0.826087
0.439768 0.826087
0.439865 0.826087
0.439962 0.826087
0.440060 0.826087
0.440157 0.826087
0.440254 0.826087
0.440351 0.826087
0.440448 0.826087
0.440545 0.826087
0.440642 0.826087
0.440740 0.826087
0.440837 0.826087
0.440934 0.826087
0.441031 0.826087
0.441128 0.826087
0.441225 0.826087
0.441322 0.826087
0.441419 0.826087
0.441517 0.826087
0.441614 0.826087
0.441711 0.826087
0.441808 0.826087
0.441905 0.826087
0.442002 0.826087
0.442099 0.826087
0.442197 0.826087
0.442294 0.826087
0.442391 0.826087
0.442488 0.826087
0.442585 0.826087
0.442682 0.826087
0.442779 0.826087
0.442876 0.826087
0.442974 0.826087
0.443071 0.826087
0.443168 0.826087
0.443265 0.826087
0.443362 0.826087
0.443459 0.826087
0.443556 0.826087
0.443654 0.826087
0.443751 0.826087
0.443848 0.826087
0.443945 0.826087
0.444042 0.826087
0.444139 0.826087
0.444236 0.826087
0.444333 0.826087
0.444431 0.826087
0.444528 0.826087
0.444625 0.826087
0.444722 0.826087
0.444819 0.826087
0.444916 0.826087
0.445013 0.826087
0.445111 0.826087
0.445208 0.826087
0.445305 0.826087
0.445402 0.823529
0.445499 0.823529
0.445596 0.823529
0.445693 0.823529
0.445791 0.823529
0.445888 0.823529
0.445985 0.823529
0.446082 0.823529
0.446179 0.823529
0.446276 0.823529
0.446373 0.823529
0.446470 0.823529
0.446568 0.823529
0.446665 0.823529
0.446762 0.823529
0.446859 0.823529
0.446956 0.823529
0.447053 0.823529
0.447150 0.823529
0.447248 0.823529
0.447345 0.823529
0.447442 0.823529
0.447539 0.823529
0.447636 0.823529
0.447733 0.823529
0.447830 0.823529
0.447927 0.823529
0.448025 0.823529
0.448122 0.823529
0.448219 0.823529
0.448316 0.823529
0.448413 0.823529
0.448510 0.823529
0.448607 0.823529
0.448705 0.823529
0.448802 0.823529
0.448899 0.823529
0.448996 0.823529
0.449093 0.823529
0.449190 0.823529
0.449287 0.823529
0.449384 0.823529
0.449482 0.823529
0.449579 0.823529
0.449676 0.823529
0.449773 0.823529
0.449870 0.823529
0.449967 0.823529
0.450064 0.823529
0.450162 0.823529
0.450259 0.823529
0.450356 0.823529
0.450453 0.823529
0.450550 0.823529
0.450647 0.823529
0.450744 0.823529
0.450842 0.823529
0.450939 0.823529
0.451036 0.823529
0.451133 0.823529
0.451230 0.823529
0.451327 0.823529
0.451424 0.823529
0.451521 0.823529
0.451619 0.823529
0.451716 0.823529
0.451813 0.823529
0.451910 0.823529
0.452007 0.820972
0.452104 0.820972
0.452201 0.820972
0.452299 0.820972
0.452396 0.820972
0.452493 0.820972
0.452590 0.820972
0.452687 0.820972
0.452784 0.820972
0.452881 0.820972
0.452978 0.820972
0.453076 0.820972
0.453173 0.820972
0.453270 0.820972
0.453367 0.820972
0.453464 0.820972
0.453561 0.820972
0.453658 0.820972
0.453756 0.820972
0.453853 0.820972
0.453950 0.820972
0.454047 0.820972
0.454144 0.820972
0.454241 0.820972
0.454338 0.820972
0.454435 0.820972
0.454533 0.820972
0.454630 0.818414
0.454727 0.815857
0.454824 0.813299
0.454921 0.813299
0.455018 0.813299
0.455115 0.813299
0.455213 0.813299
0.455310 0.813299
0.455407 0.813299
0.455504 0.813299
0.455601 0.813299
0.455698 0.813299
0.455795 0.813299
0.455892 0.813299
0.455990 0.813299
0.456087 0.813299
0.456184 0.813299
0.456281 0.813299
0.456378 0.813299
0.456475 0.813299
0.456572 0.813299
0.456670 0.813299
0.456767 0.813299
0.456864 0.813299
0.456961 0.813299
0.457058 0.813299
0.457155 0.813299
0.457252 0.813299
0.457350 0.813299
0.457447 0.813299
0.457544 0.813299
0.457641 0.813299
0.457738 0.813299
0.457835 0.813299
0.457932 0.813299
0.458029 0.813299
0.458127 0.813299
0.458224 0.813299
0.458321 0.813299
0.458418 0.813299
0.458515 0.813299
0.458612 0.813299
0.458709 0.810742
0.458807 0.810742
0.458904 0.810742
0.459001 0.810742
0.459098 0.810742
0.459195 0.810742
0.459292 0.810742
0.459389 0.810742
0.459486 0.810742
0.459584 0.810742
0.459681 0.810742
0.459778 0.810742
0.459875 0.810742
0.459972 0.810742
0.460069 0.810742
0.460166 0.810742
0.460264 0.810742
0.460361 0.810742
0.460458 0.810742
0.460555 0.810742
0.460652 0.810742
0.460749 0.810742
0.460846 0.810742
0.460943 0.810742
0.461041 0.810742
0.461138 0.810742
0.461235 0.810742
0.461332 0.810742
0.461429 0.810742
0.461526 0.810742
0.461623 0.810742
0.461721 0.810742
0.461818 0.810742
0.461915 0.810742
0.462012 0.810742
0.462109 0.810742
0.462206 0.810742
0.462303 0.810742
0.462400 0.810742
0.462498 0.810742
0.462595 0.810742
0.462692 0.810742
0.462789 0.810742
0.462886 0.810742
0.462983 0.810742
0.463080 0.810742
0.463178 0.810742
0.463275 0.810742
0.463372 0.810742
0.463469 0.810742
0.463566 0.810742
0.463663 0.810742
0.463760 0.810742
0.463858 0.810742
0.463955 0.810742
0.464052 0.810742
0.464149 0.810742
0.464246 0.810742
0.464343 0.810742
0.464440 0.810742
0.464537 0.810742
0.464635 0.810742
0.464732 0.810742
0.464829 0.810742
0.464926 0.810742
0.465023 0.808184
0.465120 0.808184
0.465217 0.808184
0.465315 0.808184
0.465412 0.808184
0.465509 0.808184
0.465606 0.808184
0.465703 0.808184
0.465800 0.808184
0.465897 0.808184
0.465994 0.808184
0.466092 0.808184
0.466189 0.808184
0.466286 0.808184
0.466383 0.808184
0.466480 0.808184
0.466577 0.808184
0.466674 0.808184
0.466772 0.808184
0.466869 0.808184
0.466966 0.808184
0.467063 0.808184
0.467160 0.808184
0.467257 0.808184
0.467354 0.808184
0.467451 0.808184
0.467549 0.808184
0.467646 0.808184
0.467743 0.808184
0.467840 0.808184
0.467937 0.808184
0.468034 0.808184
0.468131 0.808184
0.468229 0.808184
0.468326 0.808184
0.468423 0.808184
0.468520 0.808184
0.468617 0.808184
0.468714 0.805627
0.468811 0.805627
0.468909 0.805627
0.469006 0.805627
0.469103 0.805627
0.469200 0.805627
0.469297 0.805627
0.469394 0.805627
0.469491 0.805627
0.469588 0.805627
0.469686 0.805627
0.469783 0.805627
0.469880 0.805627
0.469977 0.805627
0.470074 0.805627
0.470171 0.805627
0.470268 0.805627
0.470366 0.805627
0.470463 0.805627
0.470560 0.805627
0.470657 0.805627
0.470754 0.805627
0.470851 0.803069
0.470948 0.803069
0.471045 0.803069
0.471143 0.803069
0.471240 0.803069
0.471337 0.803069
0.471434 0.803069
0.471531 0.803069
0.471628 0.803069
0.471725 0.803069
0.471823 0.803069
0.471920 0.803069
0.472017 0.800512
0.472114 0.800512
0.472211 0.800512
0.472308 0.800512
0.472405 0.800512
0.472502 0.800512
0.472600 0.800512
0.472697 0.800512
0.472794 0.800512
0.472891 0.800512
0.472988 0.800512
0.473085 0.800512
0.473182 0.800512
0.473280 0.800512
0.473377 0.800512
0.473474 0.797954
0.473571 0.797954
0.473668 0.797954
0.473765 0.797954
0.473862 0.797954
0.473959 0.797954
0.474057 0.797954
0.474154 0.797954
0.474251 0.797954
0.474348 0.797954
0.474445 0.797954
0.474542 0.797954
0.474639 0.797954
0.474737 0.797954
0.474834 0.797954
0.474931 0.797954
0.475028 0.797954
0.475125 0.797954
0.475222 0.797954
0.475319 0.795396
0.475417 0.795396
0.475514 0.795396
0.475611 0.795396
0.475708 0.795396
0.475805 0.795396
0.475902 0.795396
0.475999 0.795396
0.476096 0.795396
0.476194 0.795396
0.476291 0.795396
0.476388 0.795396
0.476485 0.795396
0.476582 0.795396
0.476679 0.795396
0.476776 0.795396
0.476874 0.795396
0.476971 0.795396
0.477068 0.795396
0.477165 0.795396
0.477262 0.795396
0.477359 0.795396
0.477456 0.795396
0.477553 0.795396
0.477651 0.795396
0.477748 0.795396
0.477845 0.795396
0.477942 0.792839
0.478039 0.792839
0.478136 0.792839
0.478233 0.792839
0.478331 0.792839
0.478428 0.792839
0.478525 0.792839
0.478622 0.792839
0.478719 0.792839
0.478816 0.792839
0.478913 0.792839
0.479010 0.792839
0.479108 0.790281
0.479205 0.790281
0.479302 0.790281
0.479399 0.790281
0.479496 0.790281
0.479593 0.790281
0.479690 0.790281
0.479788 0.790281
0.479885 0.790281
0.479982 0.790281
0.480079 0.790281
0.480176 0.790281
0.480273 0.790281
0.480370 0.790281
0.480467 0.790281
0.480565 0.790281
0.480662 0.790281
0.480759 0.790281
0.480856 0.790281
0.480953 0.790281
0.481050 0.790281
0.481147 0.790281
0.481245 0.790281
0.481342 0.790281
0.481439 0.790281
0.481536 0.790281
0.481633 0.790281
0.481730 0.790281
0.481827 0.787724
0.481925 0.785166
0.482022 0.785166
0.482119 0.785166
0.482216 0.785166
0.482313 0.785166
0.482410 0.785166
0.482507 0.785166
0.482604 0.785166
0.482702 0.785166
0.482799 0.785166
0.482896 0.785166
0.482993 0.785166
0.483090 0.785166
0.483187 0.785166
0.483284 0.785166
0.483382 0.785166
0.483479 0.785166
0.483576 0.785166
0.483673 0.785166
0.483770 0.785166
0.483867 0.785166
0.483964 0.785166
0.484061 0.785166
0.484159 0.785166
0.484256 0.785166
0.484353 0.785166
0.484450 0.785166
0.484547 0.785166
0.484644 0.785166
0.484741 0.785166
0.484839 0.782609
0.484936 0.782609
0.485033 0.782609
0.485130 0.782609
0.485227 0.782609
0.485324 0.782609
0.485421 0.782609
0.485518 0.782609
0.485616 0.782609
0.485713 0.782609
0.485810 0.782609
0.485907 0.782609
0.486004 0.782609
0.486101 0.782609
0.486198 0.782609
0.486296 0.782609
0.486393 0.782609
0.486490 0.782609
0.486587 0.782609
0.486684 0.782609
0.486781 0.782609
0.486878 0.782609
0.486976 0.782609
0.487073 0.782609
0.487170 0.782609
0.487267 0.782609
0.487364 0.782609
0.487461 0.782609
0.487558 0.782609
0.487655 0.782609
0.487753 0.782609
0.487850 0.782609
0.487947 0.782609
0.488044 0.782609
0.488141 0.782609
0.488238 0.782609
0.488335 0.782609
0.488433 0.782609
0.488530 0.782609
0.488627 0.782609
0.488724 0.782609
0.488821 0.782609
0.488918 0.782609
0.489015 0.782609
0.489112 0.782609
0.489210 0.782609
0.489307 0.782609
0.489404 0.782609
0.489501 0.782609
0.489598 0.782609
0.489695 0.782609
0.489792 0.782609
0.489890 0.782609
0.489987 0.782609
0.490084 0.782609
0.490181 0.782609
0.490278 0.782609
0.490375 0.782609
0.490472 0.782609
0.490569 0.782609
0.490667 0.782609
0.490764 0.782609
0.490861 0.782609
0.490958 0.782609
0.491055 0.782609
0.491152 0.782609
0.491249 0.782609
0.491347 0.782609
0.491444 0.782609
0.491541 0.782609
0.491638 0.782609
0.491735 0.782609
0.491832 0.782609
0.491929 0.782609
0.492026 0.782609
0.492124 0.782609
0.492221 0.780051
0.492318 0.780051
0.492415 0.780051
0.492512 0.780051
0.492609 0.780051
0.492706 0.780051
0.492804 0.780051
0.492901 0.780051
0.492998 0.780051
0.493095 0.780051
0.493192 0.777494
0.493289 0.777494
0.493386 0.777494
0.493484 0.777494
0.493581 0.774936
0.493678 0.774936
0.493775 0.774936
0.493872 0.774936
0.493969 0.774936
0.494066 0.774936
0.494163 0.774936
0.494261 0.774936
0.494358 0.774936
0.494455 0.774936
0.494552 0.774936
0.494649 0.774936
0.494746 0.774936
0.494843 0.774936
0.494941 0.774936
0.495038 0.774936
0.495135 0.774936
0.495232 0.774936
0.495329 0.774936
0.495426 0.774936
0.495523 0.774936
0.495620 0.774936
0.495718 0.774936
0.495815 0.774936
0.495912 0.774936
0.496009 0.774936
0.496106 0.774936
0.496203 0.772379
0.496300 0.772379
0.496398 0.772379
0.496495 0.772379
0.496592 0.772379
0.496689 0.772379
0.496786 0.772379
0.496883 0.772379
0.496980 0.772379
0.497077 0.772379
0.497175 0.772379
0.497272 0.772379
0.497369 0.772379
0.497466 0.772379
0.497563 0.772379
0.497660 0.772379
0.497757 0.772379
0.497855 0.772379
0.497952 0.772379
0.498049 0.772379
0.498146 0.772379
0.498243 0.772379
0.498340 0.772379
0.498437 0.772379
0.498534 0.772379
0.498632 0.772379
0.498729 0.772379
0.498826 0.772379
0.498923 0.772379
0.499020 0.772379
0.499117 0.769821
0.499214 0.769821
0.499312 0.769821
0.499409 0.769821
0.499506 0.769821
0.499603 0.769821
0.499700 0.769821
0.499797 0.769821
0.499894 0.769821
0.499992 0.769821
0.500089 0.769821
0.500186 0.769821
0.500283 0.769821
0.500380 0.769821
0.500477 0.769821
0.500574 0.769821
0.500671 0.767263
0.500769 0.767263
0.500866 0.767263
0.500963 0.767263
0.501060 0.767263
0.501157 0.767263
0.501254 0.767263
0.501351 0.767263
0.501449 0.764706
0.501546 0.764706
0.501643 0.764706
0.501740 0.764706
0.501837 0.764706
0.501934 0.764706
0.502031 0.764706
0.502128 0.764706
0.502226 0.764706
0.502323 0.764706
0.502420 0.764706
0.502517 0.762148
0.502614 0.762148
0.502711 0.762148
0.502808 0.762148
0.502906 0.762148
0.503003 0.762148
0.503100 0.759591
0.503197 0.759591
0.503294 0.759591
0.503391 0.759591
0.503488 0.759591
0.503585 0.759591
0.503683 0.759591
0.503780 0.759591
0.503877 0.759591
0.503974 0.759591
0.504071 0.759591
0.504168 0.759591
0.504265 0.759591
0.504363 0.759591
0.504460 0.759591
0.504557 0.759591
0.504654 0.759591
0.504751 0.759591
0.504848 0.759591
0.504945 0.759591
0.505043 0.759591
0.505140 0.759591
0.505237 0.759591
0.505334 0.759591
0.505431 0.759591
0.505528 0.759591
0.505625 0.759591
0.505722 0.759591
0.505820 0.759591
0.505917 0.759591
0.506014 0.759591
0.506111 0.759591
0.506208 0.759591
0.506305 0.759591
0.506402 0.759591
0.506500 0.759591
0.506597 0.759591
0.506694 0.757033
0.506791 0.757033
0.506888 0.757033
0.506985 0.757033
0.507082 0.757033
0.507179 0.757033
0.507277 0.757033
0.507374 0.757033
0.507471 0.757033
0.507568 0.757033
0.507665 0.757033
0.507762 0.757033
0.507859 0.757033
0.507957 0.757033
0.508054 0.757033
0.508151 0.757033
0.508248 0.757033
0.508345 0.757033
0.508442 0.757033
0.508539 0.757033
0.508636 0.757033
0.508734 0.757033
0.508831 0.757033
0.508928 0.757033
0.509025 0.757033
0.509122 0.757033
0.509219 0.757033
0.509316 0.757033
0.509414 0.757033
0.509511 0.754476
0.509608 0.754476
0.509705 0.754476
0.509802 0.754476
0.509899 0.754476
0.509996 0.754476
0.510093 0.754476
0.510191 0.754476
0.510288 0.754476
0.510385 0.754476
0.510482 0.754476
0.510579 0.754476
0.510676 0.754476
0.510773 0.754476
0.510871 0.754476
0.510968 0.754476
0.511065 0.754476
0.511162 0.754476
0.511259 0.754476
0.511356 0.754476
0.511453 0.754476
0.511551 0.754476
0.511648 0.754476
0.511745 0.751918
0.511842 0.751918
0.511939 0.751918
0.512036 0.751918
0.512133 0.751918
0.512230 0.751918
0.512328 0.751918
0.512425 0.751918
0.512522 0.751918
0.512619 0.751918
0.512716 0.751918
0.512813 0.751918
0.512910 0.749361
0.513008 0.749361
0.513105 0.749361
0.513202 0.749361
0.513299 0.749361
0.513396 0.749361
0.513493 0.749361
0.513590 0.749361
0.513687 0.749361
0.513785 0.749361
0.513882 0.749361
0.513979 0.749361
0.514076 0.749361
0.514173 0.749361
0.514270 0.749361
0.514367 0.749361
0.514465 0.749361
0.514562 0.749361
0.514659 0.749361
0.514756 0.749361
0.514853 0.749361
0.514950 0.749361
0.515047 0.749361
0.515144 0.749361
0.515242 0.749361
0.515339 0.749361
0.515436 0.749361
0.515533 0.749361
0.515630 0.749361
0.515727 0.749361
0.515824 0.749361
0.515922 0.749361
0.516019 0.749361
0.516116 0.749361
0.516213 0.749361
0.516310 0.749361
0.516407 0.749361
0.516504 0.749361
0.516601 0.749361
0.516699 0.749361
0.516796 0.749361
0.516893 0.749361
0.516990 0.749361
0.517087 0.749361
0.517184 0.749361
0.517281 0.749361
0.517379 0.749361
0.517476 0.749361
0.517573 0.749361
0.517670 0.749361
0.517767 0.749361
0.517864 0.749361
0.517961 0.749361
0.518059 0.749361
0.518156 0.749361
0.518253 0.749361
0.518350 0.749361
0.518447 0.749361
0.518544 0.749361
0.518641 0.749361
0.518738 0.749361
0.518836 0.749361
0.518933 0.749361
0.519030 0.749361
0.519127 0.749361
0.519224 0.749361
0.519321 0.749361
0.519418 0.749361
0.519516 0.749361
0.519613 0.749361
0.519710 0.749361
0.519807 0.749361
0.519904 0.749361
0.520001 0.749361
0.520098 0.749361
0.520195 0.749361
0.520293 0.749361
0.520390 0.749361
0.520487 0.749361
0.520584 0.749361
0.520681 0.749361
0.520778 0.749361
0.520875 0.749361
0.520973 0.749361
0.521070 0.749361
0.521167 0.749361
0.521264 0.749361
0.521361 0.749361
0.521458 0.749361
0.521555 0.749361
0.521652 0.749361
0.521750 0.749361
0.521847 0.749361
0.521944 0.749361
0.522041 0.749361
0.522138 0.749361
0.522235 0.749361
0.522332 0.749361
0.522430 0.749361
0.522527 0.749361
0.522624 0.749361
0.522721 0.749361
0.522818 0.746803
0.522915 0.746803
0.523012 0.746803
0.523110 0.746803
0.523207 0.746803
0.523304 0.746803
0.523401 0.744246
0.523498 0.744246
0.523595 0.744246
0.523692 0.744246
0.523789 0.744246
0.523887 0.744246
0.523984 0.744246
0.524081 0.741688
0.524178 0.741688
0.524275 0.741688
0.524372 0.741688
0.524469 0.741688
0.524567 0.741688
0.524664 0.741688
0.524761 0.741688
0.524858 0.741688
0.524955 0.741688
0.525052 0.741688
0.525149 0.741688
0.525246 0.741688
0.525344 0.741688
0.525441 0.741688
0.525538 0.741688
0.525635 0.741688
0.525732 0.741688
0.525829 0.741688
0.525926 0.741688
0.526024 0.741688
0.526121 0.741688
0.526218 0.741688
0.526315 0.741688
0.526412 0.741688
0.526509 0.741688
0.526606 0.741688
0.526703 0.741688
0.526801 0.741688
0.526898 0.741688
0.526995 0.741688
0.527092 0.741688
0.527189 0.741688
0.527286 0.741688
0.527383 0.741688
0.527481 0.741688
0.527578 0.741688
0.527675 0.741688
0.527772 0.741688
0.527869 0.741688
0.527966 0.741688
0.528063 0.741688
0.528160 0.741688
0.528258 0.741688
0.528355 0.741688
0.528452 0.741688
0.528549 0.741688
0.528646 0.739130
0.528743 0.739130
0.528840 0.739130
0.528938 0.739130
0.529035 0.739130
0.529132 0.739130
0.529229 0.739130
0.529326 0.739130
0.529423 0.739130
0.529520 0.739130
0.529618 0.739130
0.529715 0.739130
0.529812 0.736573
0.529909 0.736573
0.530006 0.736573
0.530103 0.736573
0.530200 0.736573
0.530297 0.736573
0.530395 0.736573
0.530492 0.734015
0.530589 0.734015
0.530686 0.731458
0.530783 0.731458
0.530880 0.731458
0.530977 0.731458
0.531075 0.731458
0.531172 0.731458
0.531269 0.731458
0.531366 0.731458
0.531463 0.731458
0.531560 0.731458
0.531657 0.731458
0.531754 0.731458
0.531852 0.728900
0.531949 0.728900
0.532046 0.726343
0.532143 0.726343
0.532240 0.726343
0.532337 0.726343
0.532434 0.726343
0.532532 0.726343
0.532629 0.726343
0.532726 0.726343
0.532823 0.726343
0.532920 0.726343
0.533017 0.726343
0.533114 0.726343
0.533211 0.726343
0.533309 0.726343
0.533406 0.726343
0.533503 0.726343
0.533600 0.726343
0.533697 0.726343
0.533794 0.726343
0.533891 0.726343
0.533989 0.723785
0.534086 0.723785
0.534183 0.723785
0.534280 0.723785
0.534377 0.723785
0.534474 0.723785
0.534571 0.723785
0.534668 0.723785
0.534766 0.723785
0.534863 0.723785
0.534960 0.723785
0.535057 0.723785
0.535154 0.723785
0.535251 0.723785
0.535348 0.723785
0.535446 0.723785
0.535543 0.723785
0.535640 0.723785
0.535737 0.723785
0.535834 0.723785
0.535931 0.723785
0.536028 0.723785
0.536126 0.723785
0.536223 0.723785
0.536320 0.723785
0.536417 0.723785
0.536514 0.723785
0.536611 0.723785
0.536708 0.723785
0.536805 0.723785
0.536903 0.723785
0.537000 0.723785
0.537097 0.723785
0.537194 0.723785
0.537291 0.723785
0.537388 0.723785
0.537485 0.723785
0.537583 0.723785
0.537680 0.723785
0.537777 0.723785
0.537874 0.723785
0.537971 0.723785
0.538068 0.723785
0.538165 0.723785
0.538262 0.723785
0.538360 0.723785
0.538457 0.723785
0.538554 0.723785
0.538651 0.723785
0.538748 0.723785
0.538845 0.723785
0.538942 0.723785
0.539040 0.723785
0.539137 0.723785
0.539234 0.723785
0.539331 0.723785
0.539428 0.723785
0.539525 0.723785
0.539622 0.723785
0.539719 0.723785
0.539817 0.723785
0.539914 0.723785
0.540011 0.723785
0.540108 0.723785
0.540205 0.723785
0.540302 0.723785
0.540399 0.723785
0.540497 0.723785
0.540594 0.723785
0.540691 0.723785
0.540788 0.723785
0.540885 0.723785
0.540982 0.723785
0.541079 0.723785
0.541177 0.723785
0.541274 0.723785
0.541371 0.723785
0.541468 0.721228
0.541565 0.721228
0.541662 0.721228
0.541759 0.721228
0.541856 0.721228
0.541954 0.721228
0.542051 0.721228
0.542148 0.721228
0.542245 0.721228
0.542342 0.721228
0.542439 0.721228
0.542536 0.721228
0.542634 0.721228
0.542731 0.721228
0.542828 0.721228
0.542925 0.721228
0.543022 0.721228
0.543119 0.718670
0.543216 0.718670
0.543313 0.718670
0.543411 0.718670
0.543508 0.718670
0.543605 0.718670
0.543702 0.718670
0.543799 0.718670
0.543896 0.718670
0.543993 0.718670
0.544091 0.718670
0.544188 0.716113
0.544285 0.716113
0.544382 0.716113
0.544479 0.716113
0.544576 0.716113
0.544673 0.713555
0.544770 0.713555
0.544868 0.713555
0.544965 0.713555
0.545062 0.713555
0.545159 0.713555
0.545256 0.713555
0.545353 0.713555
0.545450 0.713555
0.545548 0.713555
0.545645 0.713555
0.545742 0.713555
0.545839 0.713555
0.545936 0.713555
0.546033 0.713555
0.546130 0.713555
0.546227 0.713555
0.546325 0.713555
0.546422 0.713555
0.546519 0.713555
0.546616 0.713555
0.546713 0.713555
0.546810 0.713555
0.546907 0.713555
0.547005 0.713555
0.547102 0.710997
0.547199 0.710997
0.547296 0.710997
0.547393 0.710997
0.547490 0.710997
0.547587 0.710997
0.547685 0.710997
0.547782 0.710997
0.547879 0.710997
0.547976 0.710997
0.548073 0.710997
0.548170 0.708440
0.548267 0.708440
0.548364 0.708440
0.548462 0.708440
0.548559 0.708440
0.548656 0.708440
0.548753 0.708440
0.548850 0.705882
0.548947 0.705882
0.549044 0.705882
0.549142 0.705882
0.549239 0.705882
0.549336 0.705882
0.549433 0.705882
0.549530 0.705882
0.549627 0.705882
0.549724 0.705882
0.549821 0.705882
0.549919 0.705882
0.550016 0.705882
0.550113 0.705882
0.550210 0.705882
0.550307 0.705882
0.550404 0.705882
0.550501 0.705882
0.550599 0.705882
0.550696 0.705882
0.550793 0.705882
0.550890 0.705882
0.550987 0.705882
0.551084 0.705882
0.551181 0.703325
0.551278 0.703325
0.551376 0.703325
0.551473 0.703325
0.551570 0.703325
0.551667 0.700767
0.551764 0.700767
0.551861 0.700767
0.551958 0.700767
0.552056 0.700767
0.552153 0.700767
0.552250 0.700767
0.552347 0.700767
0.552444 0.700767
0.552541 0.700767
0.552638 0.700767
0.552735 0.700767
0.552833 0.700767
0.552930 0.700767
0.553027 0.700767
0.553124 0.700767
0.553221 0.700767
0.553318 0.700767
0.553415 0.700767
0.553513 0.700767
0.553610 0.700767
0.553707 0.700767
0.553804 0.700767
0.553901 0.700767
0.553998 0.700767
0.554095 0.700767
0.554193 0.700767
0.554290 0.700767
0.554387 0.700767
0.554484 0.700767
0.554581 0.700767
0.554678 0.700767
0.554775 0.700767
0.554872 0.700767
0.554970 0.700767
0.555067 0.700767
0.555164 0.700767
0.555261 0.700767
0.555358 0.700767
0.555455 0.700767
0.555552 0.700767
0.555650 0.700767
0.555747 0.700767
0.555844 0.700767
0.555941 0.700767
0.556038 0.700767
0.556135 0.700767
0.556232 0.700767
0.556329 0.700767
0.556427 0.700767
0.556524 0.700767
0.556621 0.700767
0.556718 0.700767
0.556815 0.700767
0.556912 0.700767
0.557009 0.700767
0.557107 0.700767
0.557204 0.700767
0.557301 0.700767
0.557398 0.700767
0.557495 0.700767
0.557592 0.700767
0.557689 0.700767
0.557786 0.700767
0.557884 0.700767
0.557981 0.700767
0.558078 0.700767
0.558175 0.700767
0.558272 0.700767
0.558369 0.700767
0.558466 0.700767
0.558564 0.700767
0.558661 0.700767
0.558758 0.700767
0.558855 0.700767
0.558952 0.700767
0.559049 0.700767
0.559146 0.700767
0.559244 0.700767
0.559341 0.700767
0.559438 0.700767
0.559535 0.700767
0.559632 0.700767
0.559729 0.700767
0.559826 0.700767
0.559923 0.700767
0.560021 0.700767
0.560118 0.698210
0.560215 0.698210
0.560312 0.698210
0.560409 0.698210
0.560506 0.698210
0.560603 0.698210
0.560701 0.698210
0.560798 0.698210
0.560895 0.698210
0.560992 0.698210
0.561089 0.698210
0.561186 0.698210
0.561283 0.698210
0.561380 0.698210
0.561478 0.698210
0.561575 0.695652
0.561672 0.695652
0.561769 0.693095
0.561866 0.693095
0.561963 0.693095
0.562060 0.693095
0.562158 0.693095
0.562255 0.693095
0.562352 0.693095
0.562449 0.693095
0.562546 0.693095
0.562643 0.693095
0.562740 0.693095
0.562837 0.693095
0.562935 0.693095
0.563032 0.693095
0.563129 0.693095
0.563226 0.693095
0.563323 0.693095
0.563420 0.693095
0.563517 0.693095
0.563615 0.693095
0.563712 0.693095
0.563809 0.690537
0.563906 0.690537
0.564003 0.690537
0.564100 0.690537
0.564197 0.690537
0.564294 0.690537
0.564392 0.690537
0.564489 0.690537
0.564586 0.690537
0.564683 0.690537
0.564780 0.690537
0.564877 0.690537
0.564974 0.690537
0.565072 0.690537
0.565169 0.690537
0.565266 0.690537
0.565363 0.690537
0.565460 0.690537
0.565557 0.690537
0.565654 0.690537
0.565752 0.690537
0.565849 0.690537
0.565946 0.690537
0.566043 0.690537
0.566140 0.690537
0.566237 0.690537
0.566334 0.690537
0.566431 0.690537
0.566529 0.690537
0.566626 0.690537
0.566723 0.690537
0.566820 0.690537
0.566917 0.690537
0.567014 0.690537
0.567111 0.690537
0.567209 0.690537
0.567306 0.690537
0.567403 0.690537
0.567500 0.690537
0.567597 0.690537
0.567694 0.690537
0.567791 0.690537
0.567888 0.690537
0.567986 0.690537
0.568083 0.690537
0.568180 0.690537
0.568277 0.690537
0.568374 0.690537
0.568471 0.690537
0.568568 0.690537
0.568666 0.690537
0.568763 0.690537
0.568860 0.690537
0.568957 0.690537
0.569054 0.690537
0.569151 0.690537
0.569248 0.690537
0.569345 0.690537
0.569443 0.690537
0.569540 0.690537
0.569637 0.690537
0.569734 0.690537
0.569831 0.690537
0.569928 0.690537
0.570025 0.690537
0.570123 0.690537
0.570220 0.690537
0.570317 0.690537
0.570414 0.690537
0.570511 0.687980
0.570608 0.687980
0.570705 0.687980
0.570802 0.687980
0.570900 0.687980
0.570997 0.687980
0.571094 0.687980
0.571191 0.685422
0.571288 0.685422
0.571385 0.685422
0.571482 0.685422
0.571580 0.685422
0.571677 0.685422
0.571774 0.685422
0.571871 0.685422
0.571968 0.685422
0.572065 0.685422
0.572162 0.685422
0.572260 0.685422
0.572357 0.685422
0.572454 0.685422
0.572551 0.682864
0.572648 0.682864
0.572745 0.682864
0.572842 0.682864
0.572939 0.682864
0.573037 0.682864
0.573134 0.682864
0.573231 0.682864
0.573328 0.682864
0.573425 0.682864
0.573522 0.682864
0.573619 0.680307
0.573717 0.680307
0.573814 0.680307
0.573911 0.680307
0.574008 0.680307
0.574105 0.680307
0.574202 0.680307
0.574299 0.680307
0.574396 0.680307
0.574494 0.680307
0.574591 0.680307
0.574688 0.680307
0.574785 0.680307
0.574882 0.680307
0.574979 0.680307
0.575076 0.680307
0.575174 0.680307
0.575271 0.680307
0.575368 0.680307
0.575465 0.680307
0.575562 0.680307
0.575659 0.680307
0.575756 0.680307
0.575853 0.677749
0.575951 0.677749
0.576048 0.677749
0.576145 0.677749
0.576242 0.677749
0.576339 0.677749
0.576436 0.677749
0.576533 0.677749
0.576631 0.677749
0.576728 0.677749
0.576825 0.677749
0.576922 0.677749
0.577019 0.677749
0.577116 0.675192
0.577213 0.675192
0.577311 0.675192
0.577408 0.675192
0.577505 0.675192
0.577602 0.675192
0.577699 0.675192
0.577796 0.675192
0.577893 0.675192
0.577990 0.675192
0.578088 0.675192
0.578185 0.675192
0.578282 0.675192
0.578379 0.675192
0.578476 0.675192
0.578573 0.672634
0.578670 0.672634
0.578768 0.672634
0.578865 0.672634
0.578962 0.672634
0.579059 0.672634
0.579156 0.672634
0.579253 0.672634
0.579350 0.670077
0.579447 0.670077
0.579545 0.670077
0.579642 0.670077
0.579739 0.670077
0.579836 0.670077
0.579933 0.670077
0.580030 0.670077
0.580127 0.670077
0.580225 0.670077
0.580322 0.667519
0.580419 0.667519
0.580516 0.667519
0.580613 0.667519
0.580710 0.667519
0.580807 0.667519
0.580904 0.667519
0.581002 0.667519
0.581099 0.667519
0.581196 0.667519
0.581293 0.664962
0.581390 0.664962
0.581487 0.664962
0.581584 0.664962
0.581682 0.664962
0.581779 0.664962
0.581876 0.664962
0.581973 0.664962
0.582070 0.664962
0.582167 0.664962
0.582264 0.664962
0.582361 0.664962
0.582459 0.664962
0.582556 0.664962
0.582653 0.664962
0.582750 0.664962
0.582847 0.664962
0.582944 0.664962
0.583041 0.664962
0.583139 0.664962
0.583236 0.664962
0.583333 0.662404
0.583430 0.662404
0.583527 0.662404
0.583624 0.662404
0.583721 0.662404
0.583819 0.662404
0.583916 0.662404
0.584013 0.662404
0.584110 0.662404
0.584207 0.662404
0.584304 0.662404
0.584401 0.662404
0.584498 0.662404
0.584596 0.662404
0.584693 0.662404
0.584790 0.662404
0.584887 0.662404
0.584984 0.662404
0.585081 0.662404
0.585178 0.662404
0.585276 0.662404
0.585373 0.662404
0.585470 0.662404
0.585567 0.662404
0.585664 0.662404
0.585761 0.662404
0.585858 0.662404
0.585955 0.662404
0.586053 0.662404
0.586150 0.662404
0.586247 0.662404
0.586344 0.662404
0.586441 0.662404
0.586538 0.662404
0.586635 0.662404
0.586733 0.662404
0.586830 0.662404
0.586927 0.662404
0.587024 0.662404
0.587121 0.662404
0.587218 0.662404
0.587315 0.662404
0.587412 0.662404
0.587510 0.662404
0.587607 0.662404
0.587704 0.662404
0.587801 0.662404
0.587898 0.662404
0.587995 0.662404
0.588092 0.662404
0.588190 0.662404
0.588287 0.662404
0.588384 0.662404
0.588481 0.662404
0.588578 0.662404
0.588675 0.662404
0.588772 0.662404
0.588869 0.662404
0.588967 0.662404
0.589064 0.662404
0.589161 0.662404
0.589258 0.662404
0.589355 0.662404
0.589452 0.662404
0.589549 0.662404
0.589647 0.662404
0.589744 0.659847
0.589841 0.659847
0.589938 0.659847
0.590035 0.659847
0.590132 0.659847
0.590229 0.659847
0.590327 0.659847
0.590424 0.659847
0.590521 0.659847
0.590618 0.659847
0.590715 0.659847
0.590812 0.659847
0.590909 0.659847
0.591006 0.659847
0.591104 0.657289
0.591201 0.657289
0.591298 0.657289
0.591395 0.657289
0.591492 0.654731
0.591589 0.654731
0.591686 0.654731
0.591784 0.654731
0.591881 0.654731
0.591978 0.654731
0.592075 0.652174
0.592172 0.652174
0.592269 0.652174
0.592366 0.652174
0.592463 0.652174
0.592561 0.652174
0.592658 0.652174
0.592755 0.652174
0.592852 0.652174
0.592949 0.652174
0.593046 0.652174
0.593143 0.652174
0.593241 0.652174
0.593338 0.652174
0.593435 0.652174
0.593532 0.652174
0.593629 0.652174
0.593726 0.652174
0.593823 0.652174
0.593920 0.652174
0.594018 0.652174
0.594115 0.652174
0.594212 0.652174
0.594309 0.652174
0.594406 0.652174
0.594503 0.652174
0.594600 0.649616
0.594698 0.649616
0.594795 0.649616
0.594892 0.649616
0.594989 0.649616
0.595086 0.649616
0.595183 0.649616
0.595280 0.649616
0.595378 0.649616
0.595475 0.647059
0.595572 0.647059
0.595669 0.647059
0.595766 0.647059
0.595863 0.647059
0.595960 0.647059
0.596057 0.647059
0.596155 0.647059
0.596252 0.647059
0.596349 0.647059
0.596446 0.647059
0.596543 0.647059
0.596640 0.647059
0.596737 0.647059
0.596835 0.647059
0.596932 0.647059
0.597029 0.647059
0.597126 0.647059
0.597223 0.647059
0.597320 0.647059
0.597417 0.647059
0.597514 0.647059
0.597612 0.647059
0.597709 0.647059
0.597806 0.647059
0.597903 0.647059
0.598000 0.647059
0.598097 0.647059
0.598194 0.647059
0.598292 0.647059
0.598389 0.644501
0.598486 0.644501
0.598583 0.644501
0.598680 0.644501
0.598777 0.644501
0.598874 0.644501
0.598971 0.644501
0.599069 0.641944
0.599166 0.641944
0.599263 0.641944
0.599360 0.641944
0.599457 0.641944
0.599554 0.641944
0.599651 0.641944
0.599749 0.641944
0.599846 0.641944
0.599943 0.641944
0.600040 0.641944
0.600137 0.641944
0.600234 0.641944
0.600331 0.641944
0.600428 0.641944
0.600526 0.641944
0.600623 0.641944
0.600720 0.641944
0.600817 0.641944
0.600914 0.641944
0.601011 0.641944
0.601108 0.641944
0.601206 0.641944
0.601303 0.641944
0.601400 0.641944
0.601497 0.639386
0.601594 0.639386
0.601691 0.639386
0.601788 0.639386
0.601886 0.639386
0.601983 0.639386
0.602080 0.639386
0.602177 0.639386
0.602274 0.639386
0.602371 0.639386
0.602468 0.639386
0.602565 0.639386
0.602663 0.639386
0.602760 0.639386
0.602857 0.639386
0.602954 0.639386
0.603051 0.639386
0.603148 0.639386
0.603245 0.639386
0.603343 0.639386
0.603440 0.639386
0.603537 0.639386
0.603634 0.639386
0.603731 0.639386
0.603828 0.639386
0.603925 0.639386
0.604022 0.639386
0.604120 0.639386
0.604217 0.639386
0.604314 0.639386
0.604411 0.639386
0.604508 0.639386
0.604605 0.639386
0.604702 0.639386
0.604800 0.639386
0.604897 0.639386
0.604994 0.639386
0.605091 0.639386
0.605188 0.639386
0.605285 0.639386
0.605382 0.639386
0.605479 0.639386
0.605577 0.636829
0.605674 0.636829
0.605771 0.636829
0.605868 0.636829
0.605965 0.636829
0.606062 0.636829
0.606159 0.636829
0.606257 0.636829
0.606354 0.636829
0.606451 0.636829
0.606548 0.636829
0.606645 0.636829
0.606742 0.636829
0.606839 0.636829
0.606936 0.636829
0.607034 0.636829
0.607131 0.636829
0.607228 0.636829
0.607325 0.636829
0.607422 0.636829
0.607519 0.636829
0.607616 0.636829
0.607714 0.636829
0.607811 0.636829
0.607908 0.636829
0.608005 0.636829
0.608102 0.634271
0.608199 0.634271
0.608296 0.634271
0.608394 0.634271
0.608491 0.634271
0.608588 0.634271
0.608685 0.634271
0.608782 0.634271
0.608879 0.634271
0.608976 0.634271
0.609073 0.634271
0.609171 0.634271
0.609268 0.634271
0.609365 0.634271
0.609462 0.634271
0.609559 0.634271
0.609656 0.631714
0.609753 0.631714
0.609851 0.631714
0.609948 0.631714
0.610045 0.631714
0.610142 0.631714
0.610239 0.629156
0.610336 0.629156
0.610433 0.629156
0.610530 0.629156
0.610628 0.629156
0.610725 0.629156
0.610822 0.629156
0.610919 0.629156
0.611016 0.629156
0.611113 0.629156
0.611210 0.629156
0.611308 0.629156
0.611405 0.629156
0.611502 0.629156
0.611599 0.629156
0.611696 0.629156
0.611793 0.629156
0.611890 0.629156
0.611987 0.629156
0.612085 0.629156
0.612182 0.629156
0.612279 0.629156
0.612376 0.629156
0.612473 0.629156
0.612570 0.629156
0.612667 0.629156
0.612765 0.629156
0.612862 0.626598
0.612959 0.626598
0.613056 0.626598
0.613153 0.626598
0.613250 0.626598
0.613347 0.626598
0.613445 0.626598
0.613542 0.626598
0.613639 0.626598
0.613736 0.626598
0.613833 0.626598
0.613930 0.626598
0.614027 0.626598
0.614124 0.626598
0.614222 0.626598
0.614319 0.626598
0.614416 0.626598
0.614513 0.626598
0.614610 0.626598
0.614707 0.626598
0.614804 0.626598
0.614902 0.626598
0.614999 0.626598
0.615096 0.626598
0.615193 0.626598
0.615290 0.626598
0.615387 0.626598
0.615484 0.626598
0.615581 0.626598
0.615679 0.626598
0.615776 0.626598
0.615873 0.626598
0.615970 0.626598
0.616067 0.626598
0.616164 0.626598
0.616261 0.626598
0.616359 0.626598
0.616456 0.626598
0.616553 0.626598
0.616650 0.626598
0.616747 0.626598
0.616844 0.626598
0.616941 0.626598
0.617038 0.626598
0.617136 0.626598
0.617233 0.626598
0.617330 0.626598
0.617427 0.626598
0.617524 0.626598
0.617621 0.626598
0.617718 0.626598
0.617816 0.624041
0.617913 0.624041
0.618010 0.624041
0.618107 0.624041
0.618204 0.624041
0.618301 0.624041
0.618398 0.624041
0.618495 0.624041
0.618593 0.624041
0.618690 0.624041
0.618787 0.624041
0.618884 0.624041
0.618981 0.624041
0.619078 0.624041
0.619175 0.624041
0.619273 0.624041
0.619370 0.624041
0.619467 0.624041
0.619564 0.624041
0.619661 0.624041
0.619758 0.624041
0.619855 0.624041
0.619953 0.624041
0.620050 0.624041
0.620147 0.624041
0.620244 0.624041
0.620341 0.624041
0.620438 0.624041
0.620535 0.624041
0.620632 0.624041
0.620730 0.624041
0.620827 0.624041
0.620924 0.624041
0.621021 0.621483
0.621118 0.621483
0.621215 0.621483
0.621312 0.618926
0.621410 0.618926
0.621507 0.618926
0.621604 0.618926
0.621701 0.618926
0.621798 0.618926
0.621895 0.618926
0.621992 0.618926
0.622089 0.618926
0.622187 0.618926
0.622284 0.618926
0.622381 0.618926
0.622478 0.618926
0.622575 0.616368
0.622672 0.616368
0.622769 0.613811
0.622867 0.611253
0.622964 0.611253
0.623061 0.611253
0.623158 0.611253
0.623255 0.611253
0.623352 0.611253
0.623449 0.611253
0.623546 0.611253
0.623644 0.611253
0.623741 0.611253
0.623838 0.611253
0.623935 0.611253
0.624032 0.611253
0.624129 0.611253
0.624226 0.611253
0.624324 0.611253
0.624421 0.611253
0.624518 0.611253
0.624615 0.611253
0.624712 0.608696
0.624809 0.608696
0.624906 0.608696
0.625003 0.608696
0.625101 0.608696
0.625198 0.608696
0.625295 0.608696
0.625392 0.608696
0.625489 0.608696
0.625586 0.608696
0.625683 0.608696
0.625781 0.608696
0.625878 0.608696
0.625975 0.608696
0.626072 0.608696
0.626169 0.608696
0.626266 0.608696
0.626363 0.608696
0.626461 0.606138
0.626558 0.606138
0.626655 0.606138
0.626752 0.606138
0.626849 0.606138
0.626946 0.603581
0.627043 0.603581
0.627140 0.603581
0.627238 0.603581
0.627335 0.601023
0.627432 0.601023
0.627529 0.601023
0.627626 0.601023
0.627723 0.601023
0.627820 0.601023
0.627918 0.601023
0.628015 0.601023
0.628112 0.601023
0.628209 0.601023
0.628306 0.601023
0.628403 0.601023
0.628500 0.598465
0.628597 0.598465
0.628695 0.598465
0.628792 0.598465
0.628889 0.598465
0.628986 0.598465
0.629083 0.598465
0.629180 0.598465
0.629277 0.598465
0.629375 0.598465
0.629472 0.598465
0.629569 0.598465
0.629666 0.598465
0.629763 0.598465
0.629860 0.598465
0.629957 0.598465
0.630054 0.598465
0.630152 0.598465
0.630249 0.598465
0.630346 0.598465
0.630443 0.598465
0.630540 0.598465
0.630637 0.598465
0.630734 0.598465
0.630832 0.598465
0.630929 0.598465
0.631026 0.598465
0.631123 0.598465
0.631220 0.598465
0.631317 0.598465
0.631414 0.598465
0.631512 0.598465
0.631609 0.598465
0.631706 0.595908
0.631803 0.595908
0.631900 0.595908
0.631997 0.595908
0.632094 0.595908
0.632191 0.595908
0.632289 0.595908
0.632386 0.595908
0.632483 0.595908
0.632580 0.595908
0.632677 0.595908
0.632774 0.595908
0.632871 0.595908
0.632969 0.593350
0.633066 0.593350
0.633163 0.593350
0.633260 0.593350
0.633357 0.593350
0.633454 0.590793
0.633551 0.590793
0.633648 0.590793
0.633746 0.590793
0.633843 0.590793
0.633940 0.590793
0.634037 0.590793
0.634134 0.590793
0.634231 0.590793
0.634328 0.590793
0.634426 0.590793
0.634523 0.590793
0.634620 0.590793
0.634717 0.590793
0.634814 0.590793
0.634911 0.590793
0.635008 0.590793
0.635105 0.590793
0.635203 0.590793
0.635300 0.590793
0.635397 0.590793
0.635494 0.590793
0.635591 0.590793
0.635688 0.590793
0.635785 0.590793
0.635883 0.590793
0.635980 0.590793
0.636077 0.590793
0.636174 0.590793
0.636271 0.590793
0.636368 0.590793
0.636465 0.590793
0.636562 0.590793
0.636660 0.590793
0.636757 0.590793
0.636854 0.590793
0.636951 0.588235
0.637048 0.588235
0.637145 0.588235
0.637242 0.588235
0.637340 0.588235
0.637437 0.588235
0.637534 0.588235
0.637631 0.588235
0.637728 0.588235
0.637825 0.588235
0.637922 0.588235
0.638020 0.588235
0.638117 0.585678
0.638214 0.585678
0.638311 0.585678
0.638408 0.585678
0.638505 0.585678
0.638602 0.585678
0.638699 0.585678
0.638797 0.585678
0.638894 0.585678
0.638991 0.585678
0.639088 0.585678
0.639185 0.585678
0.639282 0.585678
0.639379 0.585678
0.639477 0.585678
0.639574 0.585678
0.639671 0.585678
0.639768 0.585678
0.639865 0.585678
0.639962 0.585678
0.640059 0.585678
0.640156 0.585678
0.640254 0.585678
0.640351 0.585678
0.640448 0.585678
0.640545 0.585678
0.640642 0.585678
0.640739 0.585678
0.640836 0.585678
0.640934 0.585678
0.641031 0.585678
0.641128 0.585678
0.641225 0.585678
0.641322 0.585678
0.641419 0.585678
0.641516 0.585678
0.641613 0.585678
0.641711 0.585678
0.641808 0.585678
0.641905 0.585678
0.642002 0.585678
0.642099 0.585678
0.642196 0.585678
0.642293 0.585678
0.642391 0.585678
0.642488 0.585678
0.642585 0.585678
0.642682 0.585678
0.642779 0.585678
0.642876 0.583120
0.642973 0.583120
0.643070 0.583120
0.643168 0.583120
0.643265 0.583120
0.643362 0.583120
0.643459 0.583120
0.643556 0.583120
0.643653 0.583120
0.643750 0.580563
0.643848 0.580563
0.643945 0.580563
0.644042 0.580563
0.644139 0.580563
0.644236 0.580563
0.644333 0.580563
0.644430 0.580563
0.644528 0.580563
0.644625 0.580563
0.644722 0.580563
0.644819 0.580563
0.644916 0.580563
0.645013 0.580563
0.645110 0.580563
0.645207 0.580563
0.645305 0.580563
0.645402 0.580563
0.645499 0.578005
0.645596 0.578005
0.645693 0.578005
0.645790 0.578005
0.645887 0.578005
0.645985 0.578005
0.646082 0.578005
0.646179 0.578005
0.646276 0.578005
0.646373 0.578005
0.646470 0.578005
0.646567 0.578005
0.646664 0.578005
0.646762 0.578005
0.646859 0.578005
0.646956 0.578005
0.647053 0.578005
0.647150 0.578005
0.647247 0.578005
0.647344 0.578005
0.647442 0.578005
0.647539 0.578005
0.647636 0.578005
0.647733 0.578005
0.647830 0.578005
0.647927 0.578005
0.648024 0.578005
0.648121 0.578005
0.648219 0.578005
0.648316 0.578005
0.648413 0.575448
0.648510 0.575448
0.648607 0.575448
0.648704 0.575448
0.648801 0.575448
0.648899 0.572890
0.648996 0.572890
0.649093 0.572890
0.649190 0.572890
0.649287 0.572890
0.649384 0.572890
0.649481 0.572890
0.649579 0.572890
0.649676 0.572890
0.649773 0.572890
0.649870 0.572890
0.649967 0.572890
0.650064 0.572890
0.650161 0.572890
0.650258 0.572890
0.650356 0.572890
0.650453 0.572890
0.650550 0.572890
0.650647 0.572890
0.650744 0.572890
0.650841 0.572890
0.650938 0.572890
0.651036 0.572890
0.651133 0.572890
0.651230 0.572890
0.651327 0.572890
0.651424 0.572890
0.651521 0.572890
0.651618 0.572890
0.651715 0.572890
0.651813 0.572890
0.651910 0.572890
0.652007 0.572890
0.652104 0.572890
0.652201 0.572890
0.652298 0.572890
0.652395 0.572890
0.652493 0.572890
0.652590 0.572890
0.652687 0.572890
0.652784 0.572890
0.652881 0.572890
0.652978 0.572890
0.653075 0.572890
0.653172 0.572890
0.653270 0.572890
0.653367 0.572890
0.653464 0.572890
0.653561 0.572890
0.653658 0.572890
0.653755 0.572890
0.653852 0.570332
0.653950 0.570332
0.654047 0.570332
0.654144 0.570332
0.654241 0.570332
0.654338 0.570332
0.654435 0.570332
0.654532 0.570332
0.654629 0.570332
0.654727 0.570332
0.654824 0.570332
0.654921 0.570332
0.655018 0.570332
0.655115 0.570332
0.655212 0.570332
0.655309 0.570332
0.655407 0.570332
0.655504 0.570332
0.655601 0.570332
0.655698 0.570332
0.655795 0.570332
0.655892 0.570332
0.655989 0.570332
0.656087 0.570332
0.656184 0.570332
0.656281 0.570332
0.656378 0.570332
0.656475 0.570332
0.656572 0.570332
0.656669 0.570332
0.656766 0.570332
0.656864 0.570332
0.656961 0.570332
0.657058 0.570332
0.657155 0.570332
0.657252 0.570332
0.657349 0.570332
0.657446 0.570332
0.657544 0.570332
0.657641 0.570332
0.657738 0.570332
0.657835 0.570332
0.657932 0.570332
0.658029 0.570332
0.658126 0.570332
0.658223 0.570332
0.658321 0.570332
0.658418 0.570332
0.658515 0.570332
0.658612 0.570332
0.658709 0.570332
0.658806 0.570332
0.658903 0.570332
0.659001 0.570332
0.659098 0.570332
0.659195 0.570332
0.659292 0.570332
0.659389 0.570332
0.659486 0.570332
0.659583 0.570332
0.659680 0.570332
0.659778 0.570332
0.659875 0.570332
0.659972 0.570332
0.660069 0.570332
0.660166 0.570332
0.660263 0.570332
0.660360 0.570332
0.660458 0.570332
0.660555 0.570332
0.660652 0.570332
0.660749 0.570332
0.660846 0.570332
0.660943 0.570332
0.661040 0.567775
0.661137 0.567775
0.661235 0.565217
0.661332 0.565217
0.661429 0.565217
0.661526 0.562660
0.661623 0.562660
0.661720 0.562660
0.661817 0.562660
0.661915 0.562660
0.662012 0.562660
0.662109 0.562660
0.662206 0.562660
0.662303 0.562660
0.662400 0.562660
0.662497 0.562660
0.662595 0.562660
0.662692 0.562660
0.662789 0.562660
0.662886 0.562660
0.662983 0.562660
0.663080 0.562660
0.663177 0.562660
0.663274 0.562660
0.663372 0.562660
0.663469 0.562660
0.663566 0.562660
0.663663 0.562660
0.663760 0.562660
0.663857 0.562660
0.663954 0.562660
0.664052 0.562660
0.664149 0.562660
0.664246 0.562660
0.664343 0.562660
0.664440 0.562660
0.664537 0.562660
0.664634 0.560102
0.664731 0.560102
0.664829 0.560102
0.664926 0.560102
0.665023 0.560102
0.665120 0.560102
0.665217 0.560102
0.665314 0.560102
0.665411 0.560102
0.665509 0.560102
0.665606 0.560102
0.665703 0.560102
0.665800 0.560102
0.665897 0.560102
0.665994 0.560102
0.666091 0.560102
0.666188 0.560102
0.666286 0.560102
0.666383 0.560102
0.666480 0.560102
0.666577 0.560102
0.666674 0.560102
0.666771 0.560102
0.666868 0.560102
0.666966 0.560102
0.667063 0.560102
0.667160 0.560102
0.667257 0.560102
0.667354 0.560102
0.667451 0.560102
0.667548 0.560102
0.667646 0.560102
0.667743 0.560102
0.667840 0.560102
0.667937 0.560102
0.668034 0.560102
0.668131 0.560102
0.668228 0.560102
0.668325 0.560102
0.668423 0.560102
0.668520 0.560102
0.668617 0.560102
0.668714 0.560102
0.668811 0.560102
0.668908 0.557545
0.669005 0.557545
0.669103 0.557545
0.669200 0.557545
0.669297 0.557545
0.669394 0.557545
0.669491 0.557545
0.669588 0.557545
0.669685 0.557545
0.669782 0.554987
0.669880 0.554987
0.669977 0.554987
0.670074 0.554987
0.670171 0.554987
0.670268 0.554987
0.670365 0.554987
0.670462 0.554987
0.670560 0.554987
0.670657 0.554987
0.670754 0.554987
0.670851 0.554987
0.670948 0.554987
0.671045 0.554987
0.671142 0.554987
0.671239 0.554987
0.671337 0.554987
0.671434 0.554987
0.671531 0.554987
0.671628 0.554987
0.671725 0.554987
0.671822 0.554987
0.671919 0.554987
0.672017 0.554987
0.672114 0.554987
0.672211 0.554987
0.672308 0.554987
0.672405 0.554987
0.672502 0.554987
0.672599 0.554987
0.672696 0.554987
0.672794 0.554987
0.672891 0.554987
0.672988 0.554987
0.673085 0.554987
0.673182 0.554987
0.673279 0.554987
0.673376 0.554987
0.673474 0.554987
0.673571 0.554987
0.673668 0.554987
0.673765 0.554987
0.673862 0.554987
0.673959 0.554987
0.674056 0.554987
0.674154 0.554987
0.674251 0.554987
0.674348 0.554987
0.674445 0.554987
0.674542 0.554987
0.674639 0.554987
0.674736 0.554987
0.674833 0.554987
0.674931 0.554987
0.675028 0.552430
0.675125 0.552430
0.675222 0.552430
0.675319 0.552430
0.675416 0.552430
0.675513 0.552430
0.675611 0.552430
0.675708 0.552430
0.675805 0.552430
0.675902 0.552430
0.675999 0.552430
0.676096 0.552430
0.676193 0.552430
0.676290 0.552430
0.676388 0.552430
0.676485 0.552430
0.676582 0.552430
0.676679 0.552430
0.676776 0.552430
0.676873 0.552430
0.676970 0.552430
0.677068 0.552430
0.677165 0.552430
0.677262 0.552430
0.677359 0.552430
0.677456 0.552430
0.677553 0.552430
0.677650 0.552430
0.677747 0.552430
0.677845 0.552430
0.677942 0.552430
0.678039 0.552430
0.678136 0.552430
0.678233 0.552430
0.678330 0.552430
0.678427 0.552430
0.678525 0.552430
0.678622 0.552430
0.678719 0.552430
0.678816 0.552430
0.678913 0.552430
0.679010 0.549872
0.679107 0.549872
0.679204 0.549872
0.679302 0.549872
0.679399 0.549872
0.679496 0.549872
0.679593 0.549872
0.679690 0.549872
0.679787 0.549872
0.679884 0.549872
0.679982 0.549872
0.680079 0.549872
0.680176 0.549872
0.680273 0.549872
0.680370 0.549872
0.680467 0.549872
0.680564 0.549872
0.680662 0.549872
0.680759 0.549872
0.680856 0.549872
0.680953 0.549872
0.681050 0.549872
0.681147 0.549872
0.681244 0.549872
0.681341 0.549872
0.681439 0.549872
0.681536 0.549872
0.681633 0.549872
0.681730 0.549872
0.681827 0.549872
0.681924 0.549872
0.682021 0.549872
0.682119 0.549872
0.682216 0.549872
0.682313 0.549872
0.682410 0.549872
0.682507 0.549872
0.682604 0.549872
0.682701 0.549872
0.682798 0.549872
0.682896 0.549872
0.682993 0.549872
0.683090 0.547315
0.683187 0.547315
0.683284 0.547315
0.683381 0.547315
0.683478 0.547315
0.683576 0.547315
0.683673 0.547315
0.683770 0.547315
0.683867 0.547315
0.683964 0.547315
0.684061 0.547315
0.684158 0.547315
0.684255 0.547315
0.684353 0.547315
0.684450 0.547315
0.684547 0.547315
0.684644 0.547315
0.684741 0.547315
0.684838 0.547315
0.684935 0.547315
0.685033 0.544757
0.685130 0.544757
0.685227 0.544757
0.685324 0.544757
0.685421 0.544757
0.685518 0.544757
0.685615 0.544757
0.685713 0.544757
0.685810 0.544757
0.685907 0.544757
0.686004 0.544757
0.686101 0.544757
0.686198 0.544757
0.686295 0.544757
0.686392 0.544757
0.686490 0.544757
0.686587 0.544757
0.686684 0.544757
0.686781 0.544757
0.686878 0.544757
0.686975 0.544757
0.687072 0.544757
0.687170 0.542199
0.687267 0.542199
0.687364 0.542199
0.687461 0.542199
0.687558 0.542199
0.687655 0.542199
0.687752 0.542199
0.687849 0.542199
0.687947 0.542199
0.688044 0.542199
0.688141 0.542199
0.688238 0.542199
0.688335 0.542199
0.688432 0.542199
0.688529 0.542199
0.688627 0.542199
0.688724 0.542199
0.688821 0.542199
0.688918 0.542199
0.689015 0.542199
0.689112 0.542199
0.689209 0.542199
0.689306 0.542199
0.689404 0.542199
0.689501 0.539642
0.689598 0.539642
0.689695 0.539642
0.689792 0.539642
0.689889 0.539642
0.689986 0.539642
0.690084 0.539642
0.690181 0.539642
0.690278 0.539642
0.690375 0.539642
0.690472 0.539642
0.690569 0.539642
0.690666 0.539642
0.690763 0.537084
0.690861 0.537084
0.690958 0.537084
0.691055 0.534527
0.691152 0.534527
0.691249 0.534527
0.691346 0.534527
0.691443 0.534527
0.691541 0.534527
0.691638 0.534527
0.691735 0.534527
0.691832 0.534527
0.691929 0.534527
0.692026 0.534527
0.692123 0.534527
0.692221 0.534527
0.692318 0.534527
0.692415 0.534527
0.692512 0.534527
0.692609 0.531969
0.692706 0.531969
0.692803 0.531969
0.692900 0.531969
0.692998 0.531969
0.693095 0.531969
0.693192 0.531969
0.693289 0.529412
0.693386 0.529412
0.693483 0.529412
0.693580 0.529412
0.693678 0.529412
0.693775 0.529412
0.693872 0.529412
0.693969 0.529412
0.694066 0.526854
0.694163 0.526854
0.694260 0.526854
0.694357 0.526854
0.694455 0.526854
0.694552 0.526854
0.694649 0.526854
0.694746 0.526854
0.694843 0.526854
0.694940 0.526854
0.695037 0.526854
0.695135 0.526854
0.695232 0.526854
0.695329 0.526854
0.695426 0.526854
0.695523 0.526854
0.695620 0.526854
0.695717 0.526854
0.695814 0.526854
0.695912 0.526854
0.696009 0.526854
0.696106 0.526854
0.696203 0.526854
0.696300 0.526854
0.696397 0.526854
0.696494 0.526854
0.696592 0.526854
0.696689 0.526854
0.696786 0.526854
0.696883 0.526854
0.696980 0.526854
0.697077 0.526854
0.697174 0.526854
0.697271 0.526854
0.697369 0.526854
0.697466 0.526854
0.697563 0.526854
0.697660 0.526854
0.697757 0.526854
0.697854 0.526854
0.697951 0.526854
0.698049 0.526854
0.698146 0.526854
0.698243 0.526854
0.698340 0.526854
0.698437 0.526854
0.698534 0.526854
0.698631 0.526854
0.698729 0.524297
0.698826 0.524297
0.698923 0.524297
0.699020 0.524297
0.699117 0.524297
0.699214 0.524297
0.699311 0.524297
0.699408 0.524297
0.699506 0.524297
0.699603 0.524297
0.699700 0.524297
0.699797 0.524297
0.699894 0.524297
0.699991 0.524297
0.700088 0.524297
0.700186 0.524297
0.700283 0.524297
0.700380 0.524297
0.700477 0.524297
0.700574 0.524297
0.700671 0.524297
0.700768 0.524297
0.700865 0.524297
0.700963 0.524297
0.701060 0.524297
0.701157 0.524297
0.701254 0.524297
0.701351 0.524297
0.701448 0.524297
0.701545 0.524297
0.701643 0.524297
0.701740 0.524297
0.701837 0.524297
0.701934 0.524297
0.702031 0.524297
0.702128 0.524297
0.702225 0.524297
0.702322 0.524297
0.702420 0.524297
0.702517 0.524297
0.702614 0.524297
0.702711 0.524297
0.702808 0.524297
0.702905 0.524297
0.703002 0.524297
0.703100 0.521739
0.703197 0.521739
0.703294 0.521739
0.703391 0.521739
0.703488 0.521739
0.703585 0.521739
0.703682 0.521739
0.703780 0.521739
0.703877 0.521739
0.703974 0.521739
0.704071 0.521739
0.704168 0.521739
0.704265 0.521739
0.704362 0.521739
0.704459 0.521739
0.704557 0.521739
0.704654 0.521739
0.704751 0.521739
0.704848 0.521739
0.704945 0.521739
0.705042 0.521739
0.705139 0.521739
0.705237 0.521739
0.705334 0.519182
0.705431 0.519182
0.705528 0.519182
0.705625 0.519182
0.705722 0.519182
0.705819 0.519182
0.705916 0.519182
0.706014 0.519182
0.706111 0.519182
0.706208 0.519182
0.706305 0.519182
0.706402 0.519182
0.706499 0.519182
0.706596 0.519182
0.706694 0.516624
0.706791 0.516624
0.706888 0.514066
0.706985 0.514066
0.707082 0.514066
0.707179 0.514066
0.707276 0.514066
0.707373 0.511509
0.707471 0.511509
0.707568 0.511509
0.707665 0.511509
0.707762 0.511509
0.707859 0.511509
0.707956 0.511509
0.708053 0.511509
0.708151 0.511509
0.708248 0.511509
0.708345 0.511509
0.708442 0.511509
0.708539 0.508951
0.708636 0.508951
0.708733 0.508951
0.708830 0.508951
0.708928 0.508951
0.709025 0.508951
0.709122 0.508951
0.709219 0.508951
0.709316 0.508951
0.709413 0.508951
0.709510 0.508951
0.709608 0.506394
0.709705 0.503836
0.709802 0.503836
0.709899 0.503836
0.709996 0.503836
0.710093 0.503836
0.710190 0.503836
0.710288 0.503836
0.710385 0.503836
0.710482 0.503836
0.710579 0.503836
0.710676 0.503836
0.710773 0.503836
0.710870 0.503836
0.710967 0.503836
0.711065 0.503836
0.711162 0.503836
0.711259 0.503836
0.711356 0.503836
0.711453 0.503836
0.711550 0.503836
0.711647 0.503836
0.711745 0.503836
0.711842 0.503836
0.711939 0.503836
0.712036 0.503836
0.712133 0.503836
0.712230 0.503836
0.712327 0.503836
0.712424 0.503836
0.712522 0.503836
0.712619 0.503836
0.712716 0.503836
0.712813 0.503836
0.712910 0.503836
0.713007 0.503836
0.713104 0.503836
0.713202 0.503836
0.713299 0.501279
0.713396 0.501279
0.713493 0.501279
0.713590 0.501279
0.713687 0.501279
0.713784 0.501279
0.713881 0.501279
0.713979 0.501279
0.714076 0.501279
0.714173 0.501279
0.714270 0.501279
0.714367 0.501279
0.714464 0.501279
0.714561 0.501279
0.714659 0.501279
0.714756 0.501279
0.714853 0.501279
0.714950 0.501279
0.715047 0.501279
0.715144 0.501279
0.715241 0.501279
0.715338 0.501279
0.715436 0.501279
0.715533 0.501279
0.715630 0.501279
0.715727 0.501279
0.715824 0.501279
0.715921 0.501279
0.716018 0.501279
0.716116 0.501279
0.716213 0.501279
0.716310 0.501279
0.716407 0.501279
0.716504 0.501279
0.716601 0.501279
0.716698 0.501279
0.716796 0.501279
0.716893 0.501279
0.716990 0.501279
0.717087 0.501279
0.717184 0.501279
0.717281 0.501279
0.717378 0.501279
0.717475 0.501279
0.717573 0.501279
0.717670 0.501279
0.717767 0.501279
0.717864 0.501279
0.717961 0.501279
0.718058 0.501279
0.718155 0.501279
0.718253 0.501279
0.718350 0.501279
0.718447 0.501279
0.718544 0.501279
0.718641 0.501279
0.718738 0.501279
0.718835 0.501279
0.718932 0.498721
0.719030 0.498721
0.719127 0.498721
0.719224 0.498721
0.719321 0.498721
0.719418 0.498721
0.719515 0.496164
0.719612 0.496164
0.719710 0.496164
0.719807 0.496164
0.719904 0.496164
0.720001 0.496164
0.720098 0.496164
0.720195 0.496164
0.720292 0.496164
0.720389 0.496164
0.720487 0.496164
0.720584 0.496164
0.720681 0.496164
0.720778 0.496164
0.720875 0.496164
0.720972 0.496164
0.721069 0.496164
0.721167 0.496164
0.721264 0.496164
0.721361 0.496164
0.721458 0.496164
0.721555 0.496164
0.721652 0.496164
0.721749 0.496164
0.721847 0.496164
0.721944 0.496164
0.722041 0.496164
0.722138 0.496164
0.722235 0.496164
0.722332 0.496164
0.722429 0.496164
0.722526 0.496164
0.722624 0.496164
0.722721 0.496164
0.722818 0.496164
0.722915 0.496164
0.723012 0.496164
0.723109 0.496164
0.723206 0.496164
0.723304 0.496164
0.723401 0.496164
0.723498 0.496164
0.723595 0.496164
0.723692 0.493606
0.723789 0.493606
0.723886 0.491049
0.723983 0.488491
0.724081 0.488491
0.724178 0.488491
0.724275 0.488491
0.724372 0.485934
0.724469 0.485934
0.724566 0.485934
0.724663 0.485934
0.724761 0.485934
0.724858 0.485934
0.724955 0.485934
0.725052 0.485934
0.725149 0.485934
0.725246 0.485934
0.725343 0.485934
0.725440 0.485934
0.725538 0.485934
0.725635 0.485934
0.725732 0.485934
0.725829 0.485934
0.725926 0.485934
0.726023 0.485934
0.726120 0.483376
0.726218 0.480818
0.726315 0.480818
0.726412 0.480818
0.726509 0.480818
0.726606 0.480818
0.726703 0.480818
0.726800 0.480818
0.726897 0.480818
0.726995 0.480818
0.727092 0.480818
0.727189 0.478261
0.727286 0.478261
0.727383 0.478261
0.727480 0.478261
0.727577 0.475703
0.727675 0.475703
0.727772 0.475703
0.727869 0.475703
0.727966 0.475703
0.728063 0.475703
0.728160 0.475703
0.728257 0.475703
0.728355 0.475703
0.728452 0.475703
0.728549 0.475703
0.728646 0.475703
0.728743 0.475703
0.728840 0.475703
0.728937 0.475703
0.729034 0.475703
0.729132 0.475703
0.729229 0.475703
0.729326 0.475703
0.729423 0.475703
0.729520 0.475703
0.729617 0.475703
0.729714 0.475703
0.729812 0.475703
0.729909 0.475703
0.730006 0.475703
0.730103 0.475703
0.730200 0.475703
0.730297 0.475703
0.730394 0.475703
0.730491 0.475703
0.730589 0.475703
0.730686 0.475703
0.730783 0.475703
0.730880 0.475703
0.730977 0.473146
0.731074 0.473146
0.731171 0.473146
0.731269 0.473146
0.731366 0.473146
0.731463 0.473146
0.731560 0.470588
0.731657 0.470588
0.731754 0.470588
0.731851 0.470588
0.731948 0.470588
0.732046 0.470588
0.732143 0.470588
0.732240 0.470588
0.732337 0.470588
0.732434 0.468031
0.732531 0.468031
0.732628 0.468031
0.732726 0.468031
0.732823 0.468031
0.732920 0.468031
0.733017 0.468031
0.733114 0.468031
0.733211 0.468031
0.733308 0.468031
0.733405 0.468031
0.733503 0.468031
0.733600 0.468031
0.733697 0.468031
0.733794 0.468031
0.733891 0.468031
0.733988 0.468031
0.734085 0.468031
0.734183 0.468031
0.734280 0.468031
0.734377 0.465473
0.734474 0.465473
0.734571 0.465473
0.734668 0.465473
0.734765 0.465473
0.734863 0.465473
0.734960 0.465473
0.735057 0.465473
0.735154 0.465473
0.735251 0.465473
0.735348 0.465473
0.735445 0.465473
0.735542 0.465473
0.735640 0.465473
0.735737 0.465473
0.735834 0.465473
0.735931 0.465473
0.736028 0.465473
0.736125 0.465473
0.736222 0.465473
0.736320 0.465473
0.736417 0.465473
0.736514 0.465473
0.736611 0.465473
0.736708 0.465473
0.736805 0.465473
0.736902 0.462916
0.736999 0.462916
0.737097 0.462916
0.737194 0.462916
0.737291 0.462916
0.737388 0.462916
0.737485 0.460358
0.737582 0.460358
0.737679 0.457801
0.737777 0.457801
0.737874 0.457801
0.737971 0.457801
0.738068 0.457801
0.738165 0.457801
0.738262 0.457801
0.738359 0.457801
0.738456 0.457801
0.738554 0.457801
0.738651 0.457801
0.738748 0.457801
0.738845 0.457801
0.738942 0.457801
0.739039 0.455243
0.739136 0.455243
0.739234 0.455243
0.739331 0.455243
0.739428 0.455243
0.739525 0.455243
0.739622 0.455243
0.739719 0.455243
0.739816 0.455243
0.739914 0.455243
0.740011 0.455243
0.740108 0.455243
0.740205 0.455243
0.740302 0.455243
0.740399 0.455243
0.740496 0.455243
0.740593 0.455243
0.740691 0.452685
0.740788 0.452685
0.740885 0.452685
0.740982 0.452685
0.741079 0.452685
0.741176 0.452685
0.741273 0.452685
0.741371 0.452685
0.741468 0.450128
0.741565 0.450128
0.741662 0.450128
0.741759 0.450128
0.741856 0.450128
0.741953 0.450128
0.742050 0.450128
0.742148 0.450128
0.742245 0.450128
0.742342 0.450128
0.742439 0.450128
0.742536 0.450128
0.742633 0.450128
0.742730 0.450128
0.742828 0.450128
0.742925 0.450128
0.743022 0.450128
0.743119 0.450128
0.743216 0.450128
0.743313 0.450128
0.743410 0.450128
0.743507 0.450128
0.743605 0.450128
0.743702 0.450128
0.743799 0.450128
0.743896 0.450128
0.743993 0.450128
0.744090 0.450128
0.744187 0.450128
0.744285 0.450128
0.744382 0.450128
0.744479 0.450128
0.744576 0.450128
0.744673 0.447570
0.744770 0.447570
0.744867 0.447570
0.744964 0.447570
0.745062 0.447570
0.745159 0.447570
0.745256 0.447570
0.745353 0.447570
0.745450 0.447570
0.745547 0.447570
0.745644 0.447570
0.745742 0.447570
0.745839 0.447570
0.745936 0.447570
0.746033 0.447570
0.746130 0.447570
0.746227 0.445013
0.746324 0.445013
0.746422 0.445013
0.746519 0.445013
0.746616 0.445013
0.746713 0.445013
0.746810 0.445013
0.746907 0.445013
0.747004 0.445013
0.747101 0.445013
0.747199 0.445013
0.747296 0.445013
0.747393 0.445013
0.747490 0.445013
0.747587 0.445013
0.747684 0.445013
0.747781 0.445013
0.747879 0.445013
0.747976 0.445013
0.748073 0.445013
0.748170 0.445013
0.748267 0.442455
0.748364 0.442455
0.748461 0.442455
0.748558 0.442455
0.748656 0.442455
0.748753 0.442455
0.748850 0.442455
0.748947 0.442455
0.749044 0.442455
0.749141 0.442455
0.749238 0.442455
0.749336 0.442455
0.749433 0.442455
0.749530 0.442455
0.749627 0.442455
0.749724 0.442455
0.749821 0.442455
0.749918 0.442455
0.750015 0.442455
0.750113 0.442455
0.750210 0.442455
0.750307 0.442455
0.750404 0.442455
0.750501 0.442455
0.750598 0.442455
0.750695 0.442455
0.750793 0.442455
0.750890 0.442455
0.750987 0.442455
0.751084 0.442455
0.751181 0.442455
0.751278 0.442455
0.751375 0.442455
0.751472 0.442455
0.751570 0.442455
0.751667 0.442455
0.751764 0.442455
0.751861 0.442455
0.751958 0.442455
0.752055 0.442455
0.752152 0.442455
0.752250 0.442455
0.752347 0.442455
0.752444 0.442455
0.752541 0.442455
0.752638 0.442455
0.752735 0.442455
0.752832 0.442455
0.752930 0.442455
0.753027 0.442455
0.753124 0.439898
0.753221 0.439898
0.753318 0.439898
0.753415 0.439898
0.753512 0.439898
0.753609 0.439898
0.753707 0.439898
0.753804 0.439898
0.753901 0.439898
0.753998 0.439898
0.754095 0.439898
0.754192 0.439898
0.754289 0.439898
0.754387 0.439898
0.754484 0.439898
0.754581 0.439898
0.754678 0.439898
0.754775 0.439898
0.754872 0.439898
0.754969 0.439898
0.755066 0.439898
0.755164 0.439898
0.755261 0.439898
0.755358 0.439898
0.755455 0.439898
0.755552 0.439898
0.755649 0.439898
0.755746 0.439898
0.755844 0.439898
0.755941 0.439898
0.756038 0.439898
0.756135 0.439898
0.756232 0.439898
0.756329 0.439898
0.756426 0.437340
0.756523 0.437340
0.756621 0.437340
0.756718 0.437340
0.756815 0.437340
0.756912 0.437340
0.757009 0.437340
0.757106 0.437340
0.757203 0.437340
0.757301 0.437340
0.757398 0.437340
0.757495 0.437340
0.757592 0.437340
0.757689 0.437340
0.757786 0.437340
0.757883 0.437340
0.757981 0.437340
0.758078 0.437340
0.758175 0.437340
0.758272 0.437340
0.758369 0.437340
0.758466 0.437340
0.758563 0.437340
0.758660 0.437340
0.758758 0.437340
0.758855 0.437340
0.758952 0.434783
0.759049 0.434783
0.759146 0.434783
0.759243 0.434783
0.759340 0.434783
0.759438 0.434783
0.759535 0.434783
0.759632 0.434783
0.759729 0.434783
0.759826 0.434783
0.759923 0.434783
0.760020 0.434783
0.760117 0.434783
0.760215 0.434783
0.760312 0.434783
0.760409 0.434783
0.760506 0.434783
0.760603 0.434783
0.760700 0.434783
0.760797 0.434783
0.760895 0.434783
0.760992 0.432225
0.761089 0.432225
0.761186 0.432225
0.761283 0.432225
0.761380 0.432225
0.761477 0.432225
0.761574 0.432225
0.761672 0.432225
0.761769 0.432225
0.761866 0.432225
0.761963 0.432225
0.762060 0.432225
0.762157 0.432225
0.762254 0.432225
0.762352 0.432225
0.762449 0.432225
0.762546 0.432225
0.762643 0.432225
0.762740 0.432225
0.762837 0.432225
0.762934 0.432225
0.763031 0.429668
0.763129 0.429668
0.763226 0.427110
0.763323 0.427110
0.763420 0.427110
0.763517 0.427110
0.763614 0.427110
0.763711 0.427110
0.763809 0.427110
0.763906 0.427110
0.764003 0.427110
0.764100 0.427110
0.764197 0.424552
0.764294 0.424552
0.764391 0.424552
0.764489 0.424552
0.764586 0.424552
0.764683 0.424552
0.764780 0.424552
0.764877 0.424552
0.764974 0.424552
0.765071 0.424552
0.765168 0.424552
0.765266 0.424552
0.765363 0.424552
0.765460 0.424552
0.765557 0.424552
0.765654 0.424552
0.765751 0.424552
0.765848 0.424552
0.765946 0.424552
0.766043 0.424552
0.766140 0.424552
0.766237 0.424552
0.766334 0.424552
0.766431 0.421995
0.766528 0.421995
0.766625 0.421995
0.766723 0.421995
0.766820 0.421995
0.766917 0.421995
0.767014 0.421995
0.767111 0.421995
0.767208 0.421995
0.767305 0.421995
0.767403 0.421995
0.767500 0.421995
0.767597 0.421995
0.767694 0.421995
0.767791 0.421995
0.767888 0.421995
0.767985 0.421995
0.768082 0.421995
0.768180 0.421995
0.768277 0.421995
0.768374 0.421995
0.768471 0.421995
0.768568 0.421995
0.768665 0.421995
0.768762 0.421995
0.768860 0.421995
0.768957 0.421995
0.769054 0.421995
0.769151 0.421995
0.769248 0.421995
0.769345 0.421995
0.769442 0.421995
0.769539 0.421995
0.769637 0.421995
0.769734 0.421995
0.769831 0.421995
0.769928 0.421995
0.770025 0.421995
0.770122 0.421995
0.770219 0.421995
0.770317 0.419437
0.770414 0.419437
0.770511 0.419437
0.770608 0.419437
0.770705 0.419437
0.770802 0.419437
0.770899 0.419437
0.770997 0.419437
0.771094 0.419437
0.771191 0.419437
0.771288 0.419437
0.771385 0.419437
0.771482 0.419437
0.771579 0.419437
0.771676 0.419437
0.771774 0.419437
0.771871 0.419437
0.771968 0.419437
0.772065 0.419437
0.772162 0.419437
0.772259 0.419437
0.772356 0.416880
0.772454 0.416880
0.772551 0.416880
0.772648 0.416880
0.772745 0.416880
0.772842 0.416880
0.772939 0.416880
0.773036 0.416880
0.773133 0.416880
0.773231 0.416880
0.773328 0.416880
0.773425 0.416880
0.773522 0.416880
0.773619 0.416880
0.773716 0.416880
0.773813 0.416880
0.773911 0.416880
0.774008 0.416880
0.774105 0.414322
0.774202 0.414322
0.774299 0.414322
0.774396 0.414322
0.774493 0.414322
0.774590 0.414322
0.774688 0.414322
0.774785 0.414322
0.774882 0.414322
0.774979 0.414322
0.775076 0.414322
0.775173 0.414322
0.775270 0.414322
0.775368 0.414322
0.775465 0.414322
0.775562 0.414322
0.775659 0.414322
0.775756 0.414322
0.775853 0.414322
0.775950 0.414322
0.776047 0.414322
0.776145 0.414322
0.776242 0.414322
0.776339 0.414322
0.776436 0.414322
0.776533 0.414322
0.776630 0.414322
0.776727 0.414322
0.776825 0.411765
0.776922 0.411765
0.777019 0.411765
0.777116 0.411765
0.777213 0.411765
0.777310 0.411765
0.777407 0.411765
0.777505 0.411765
0.777602 0.411765
0.777699 0.411765
0.777796 0.411765
0.777893 0.411765
0.777990 0.411765
0.778087 0.411765
0.778184 0.411765
0.778282 0.411765
0.778379 0.411765
0.778476 0.411765
0.778573 0.411765
0.778670 0.411765
0.778767 0.411765
0.778864 0.411765
0.778962 0.411765
0.779059 0.411765
0.779156 0.411765
0.779253 0.411765
0.779350 0.409207
0.779447 0.409207
0.779544 0.409207
0.779641 0.409207
0.779739 0.409207
0.779836 0.409207
0.779933 0.409207
0.780030 0.409207
0.780127 0.409207
0.780224 0.409207
0.780321 0.409207
0.780419 0.409207
0.780516 0.409207
0.780613 0.409207
0.780710 0.409207
0.780807 0.409207
0.780904 0.409207
0.781001 0.409207
0.781098 0.409207
0.781196 0.409207
0.781293 0.409207
0.781390 0.409207
0.781487 0.409207
0.781584 0.409207
0.781681 0.409207
0.781778 0.409207
0.781876 0.409207
0.781973 0.409207
0.782070 0.409207
0.782167 0.409207
0.782264 0.409207
0.782361 0.409207
0.782458 0.409207
0.782556 0.409207
0.782653 0.409207
0.782750 0.409207
0.782847 0.409207
0.782944 0.409207
0.783041 0.409207
0.783138 0.409207
0.783235 0.409207
0.783333 0.409207
0.783430 0.409207
0.783527 0.409207
0.783624 0.409207
0.783721 0.409207
0.783818 0.409207
0.783915 0.409207
0.784013 0.409207
0.784110 0.409207
0.784207 0.409207
0.784304 0.409207
0.784401 0.409207
0.784498 0.409207
0.784595 0.409207
0.784692 0.409207
0.784790 0.409207
0.784887 0.406650
0.784984 0.406650
0.785081 0.404092
0.785178 0.404092
0.785275 0.401535
0.785372 0.401535
0.785470 0.401535
0.785567 0.401535
0.785664 0.401535
0.785761 0.401535
0.785858 0.401535
0.785955 0.401535
0.786052 0.398977
0.786149 0.398977
0.786247 0.398977
0.786344 0.398977
0.786441 0.398977
0.786538 0.398977
0.786635 0.398977
0.786732 0.398977
0.786829 0.398977
0.786927 0.398977
0.787024 0.398977
0.787121 0.398977
0.787218 0.396419
0.787315 0.396419
0.787412 0.396419
0.787509 0.396419
0.787606 0.393862
0.787704 0.393862
0.787801 0.393862
0.787898 0.393862
0.787995 0.393862
0.788092 0.393862
0.788189 0.393862
0.788286 0.393862
0.788384 0.393862
0.788481 0.393862
0.788578 0.393862
0.788675 0.391304
0.788772 0.391304
0.788869 0.391304
0.788966 0.391304
0.789064 0.391304
0.789161 0.391304
0.789258 0.391304
0.789355 0.391304
0.789452 0.391304
0.789549 0.391304
0.789646 0.391304
0.789743 0.391304
0.789841 0.391304
0.789938 0.391304
0.790035 0.391304
0.790132 0.391304
0.790229 0.391304
0.790326 0.391304
0.790423 0.391304
0.790521 0.391304
0.790618 0.391304
0.790715 0.391304
0.790812 0.391304
0.790909 0.391304
0.791006 0.391304
0.791103 0.391304
0.791200 0.391304
0.791298 0.391304
0.791395 0.391304
0.791492 0.391304
0.791589 0.391304
0.791686 0.391304
0.791783 0.391304
0.791880 0.391304
0.791978 0.391304
0.792075 0.391304
0.792172 0.388747
0.792269 0.388747
0.792366 0.388747
0.792463 0.388747
0.792560 0.386189
0.792657 0.383632
0.792755 0.383632
0.792852 0.383632
0.792949 0.383632
0.793046 0.383632
0.793143 0.383632
0.793240 0.383632
0.793337 0.383632
0.793435 0.383632
0.793532 0.383632
0.793629 0.383632
0.793726 0.383632
0.793823 0.383632
0.793920 0.383632
0.794017 0.383632
0.794114 0.383632
0.794212 0.383632
0.794309 0.383632
0.794406 0.383632
0.794503 0.383632
0.794600 0.383632
0.794697 0.383632
0.794794 0.383632
0.794892 0.381074
0.794989 0.381074
0.795086 0.381074
0.795183 0.381074
0.795280 0.381074
0.795377 0.381074
0.795474 0.381074
0.795572 0.381074
0.795669 0.381074
0.795766 0.378517
0.795863 0.378517
0.795960 0.378517
0.796057 0.378517
0.796154 0.375959
0.796251 0.375959
0.796349 0.375959
0.796446 0.375959
0.796543 0.375959
0.796640 0.375959
0.796737 0.375959
0.796834 0.375959
0.796931 0.375959
0.797029 0.375959
0.797126 0.375959
0.797223 0.375959
0.797320 0.375959
0.797417 0.375959
0.797514 0.375959
0.797611 0.375959
0.797708 0.375959
0.797806 0.375959
0.797903 0.375959
0.798000 0.375959
0.798097 0.375959
0.798194 0.375959
0.798291 0.375959
0.798388 0.375959
0.798486 0.375959
0.798583 0.375959
0.798680 0.375959
0.798777 0.375959
0.798874 0.375959
0.798971 0.375959
0.799068 0.375959
0.799165 0.375959
0.799263 0.375959
0.799360 0.375959
0.799457 0.375959
0.799554 0.373402
0.799651 0.373402
0.799748 0.373402
0.799845 0.373402
0.799943 0.373402
0.800040 0.373402
0.800137 0.373402
0.800234 0.373402
0.800331 0.373402
0.800428 0.373402
0.800525 0.373402
0.800623 0.373402
0.800720 0.373402
0.800817 0.373402
0.800914 0.373402
0.801011 0.373402
0.801108 0.373402
0.801205 0.373402
0.801302 0.373402
0.801400 0.373402
0.801497 0.373402
0.801594 0.373402
0.801691 0.373402
0.801788 0.373402
0.801885 0.373402
0.801982 0.373402
0.802080 0.373402
0.802177 0.373402
0.802274 0.373402
0.802371 0.373402
0.802468 0.373402
0.802565 0.373402
0.802662 0.373402
0.802759 0.373402
0.802857 0.373402
0.802954 0.373402
0.803051 0.373402
0.803148 0.373402
0.803245 0.373402
0.803342 0.373402
0.803439 0.373402
0.803537 0.373402
0.803634 0.373402
0.803731 0.373402
0.803828 0.373402
0.803925 0.373402
0.804022 0.370844
0.804119 0.370844
0.804216 0.370844
0.804314 0.370844
0.804411 0.368286
0.804508 0.368286
0.804605 0.368286
0.804702 0.368286
0.804799 0.368286
0.804896 0.368286
0.804994 0.368286
0.805091 0.368286
0.805188 0.368286
0.805285 0.368286
0.805382 0.368286
0.805479 0.368286
0.805576 0.368286
0.805673 0.368286
0.805771 0.368286
0.805868 0.368286
0.805965 0.368286
0.806062 0.368286
0.806159 0.368286
0.806256 0.368286
0.806353 0.368286
0.806451 0.368286
0.806548 0.368286
0.806645 0.368286
0.806742 0.368286
0.806839 0.368286
0.806936 0.368286
0.807033 0.368286
0.807131 0.368286
0.807228 0.368286
0.807325 0.368286
0.807422 0.368286
0.807519 0.368286
0.807616 0.368286
0.807713 0.368286
0.807810 0.368286
0.807908 0.368286
0.808005 0.368286
0.808102 0.368286
0.808199 0.368286
0.808296 0.368286
0.808393 0.368286
0.808490 0.368286
0.808588 0.368286
0.808685 0.368286
0.808782 0.368286
0.808879 0.365729
0.808976 0.365729
0.809073 0.365729
0.809170 0.365729
0.809267 0.365729
0.809365 0.365729
0.809462 0.365729
0.809559 0.365729
0.809656 0.365729
0.809753 0.365729
0.809850 0.363171
0.809947 0.363171
0.810045 0.363171
0.810142 0.363171
0.810239 0.363171
0.810336 0.363171
0.810433 0.363171
0.810530 0.363171
0.810627 0.363171
0.810724 0.363171
0.810822 0.363171
0.810919 0.363171
0.811016 0.363171
0.811113 0.363171
0.811210 0.363171
0.811307 0.363171
0.811404 0.363171
0.811502 0.363171
0.811599 0.363171
0.811696 0.363171
0.811793 0.363171
0.811890 0.363171
0.811987 0.363171
0.812084 0.363171
0.812181 0.363171
0.812279 0.363171
0.812376 0.363171
0.812473 0.363171
0.812570 0.363171
0.812667 0.363171
0.812764 0.363171
0.812861 0.363171
0.812959 0.363171
0.813056 0.363171
0.813153 0.363171
0.813250 0.363171
0.813347 0.363171
0.813444 0.360614
0.813541 0.358056
0.813639 0.358056
0.813736 0.358056
0.813833 0.358056
0.813930 0.358056
0.814027 0.358056
0.814124 0.358056
0.814221 0.358056
0.814318 0.358056
0.814416 0.358056
0.814513 0.358056
0.814610 0.358056
0.814707 0.355499
0.814804 0.355499
0.814901 0.355499
0.814998 0.355499
0.815096 0.355499
0.815193 0.355499
0.815290 0.355499
0.815387 0.355499
0.815484 0.355499
0.815581 0.355499
0.815678 0.355499
0.815775 0.355499
0.815873 0.355499
0.815970 0.355499
0.816067 0.355499
0.816164 0.355499
0.816261 0.355499
0.816358 0.355499
0.816455 0.355499
0.816553 0.355499
0.816650 0.355499
0.816747 0.355499
0.816844 0.355499
0.816941 0.355499
0.817038 0.355499
0.817135 0.355499
0.817232 0.352941
0.817330 0.352941
0.817427 0.352941
0.817524 0.352941
0.817621 0.352941
0.817718 0.352941
0.817815 0.352941
0.817912 0.352941
0.818010 0.352941
0.818107 0.352941
0.818204 0.352941
0.818301 0.352941
0.818398 0.352941
0.818495 0.352941
0.818592 0.352941
0.818690 0.352941
0.818787 0.352941
0.818884 0.352941
0.818981 0.352941
0.819078 0.352941
0.819175 0.352941
0.819272 0.352941
0.819369 0.352941
0.819467 0.352941
0.819564 0.352941
0.819661 0.352941
0.819758 0.352941
0.819855 0.352941
0.819952 0.352941
0.820049 0.350384
0.820147 0.350384
0.820244 0.350384
0.820341 0.350384
0.820438 0.350384
0.820535 0.350384
0.820632 0.350384
0.820729 0.350384
0.820826 0.350384
0.820924 0.350384
0.821021 0.347826
0.821118 0.347826
0.821215 0.347826
0.821312 0.347826
0.821409 0.347826
0.821506 0.347826
0.821604 0.347826
0.821701 0.347826
0.821798 0.347826
0.821895 0.347826
0.821992 0.347826
0.822089 0.347826
0.822186 0.347826
0.822283 0.347826
0.822381 0.347826
0.822478 0.347826
0.822575 0.347826
0.822672 0.347826
0.822769 0.347826
0.822866 0.347826
0.822963 0.347826
0.823061 0.347826
0.823158 0.347826
0.823255 0.347826
0.823352 0.347826
0.823449 0.347826
0.823546 0.347826
0.823643 0.347826
0.823740 0.345269
0.823838 0.345269
0.823935 0.345269
0.824032 0.345269
0.824129 0.345269
0.824226 0.345269
0.824323 0.345269
0.824420 0.345269
0.824518 0.345269
0.824615 0.345269
0.824712 0.345269
0.824809 0.345269
0.824906 0.345269
0.825003 0.345269
0.825100 0.345269
0.825198 0.345269
0.825295 0.345269
0.825392 0.345269
0.825489 0.345269
0.825586 0.345269
0.825683 0.345269
0.825780 0.345269
0.825877 0.345269
0.825975 0.345269
0.826072 0.345269
0.826169 0.345269
0.826266 0.345269
0.826363 0.345269
0.826460 0.345269
0.826557 0.345269
0.826655 0.345269
0.826752 0.342711
0.826849 0.342711
0.826946 0.342711
0.827043 0.340153
0.827140 0.340153
0.827237 0.340153
0.827334 0.340153
0.827432 0.340153
0.827529 0.340153
0.827626 0.340153
0.827723 0.340153
0.827820 0.340153
0.827917 0.340153
0.828014 0.340153
0.828112 0.340153
0.828209 0.340153
0.828306 0.340153
0.828403 0.340153
0.828500 0.340153
0.828597 0.340153
0.828694 0.340153
0.828791 0.340153
0.828889 0.340153
0.828986 0.340153
0.829083 0.340153
0.829180 0.340153
0.829277 0.340153
0.829374 0.340153
0.829471 0.340153
0.829569 0.340153
0.829666 0.340153
0.829763 0.340153
0.829860 0.340153
0.829957 0.340153
0.830054 0.340153
0.830151 0.340153
0.830248 0.337596
0.830346 0.337596
0.830443 0.337596
0.830540 0.337596
0.830637 0.337596
0.830734 0.337596
0.830831 0.337596
0.830928 0.337596
0.831026 0.337596
0.831123 0.337596
0.831220 0.337596
0.831317 0.337596
0.831414 0.337596
0.831511 0.337596
0.831608 0.337596
0.831706 0.337596
0.831803 0.337596
0.831900 0.337596
0.831997 0.337596
0.832094 0.337596
0.832191 0.337596
0.832288 0.337596
0.832385 0.337596
0.832483 0.337596
0.832580 0.337596
0.832677 0.337596
0.832774 0.335038
0.832871 0.335038
0.832968 0.335038
0.833065 0.332481
0.833163 0.332481
0.833260 0.332481
0.833357 0.332481
0.833454 0.332481
0.833551 0.332481
0.833648 0.332481
0.833745 0.332481
0.833842 0.332481
0.833940 0.332481
0.834037 0.332481
0.834134 0.332481
0.834231 0.332481
0.834328 0.332481
0.834425 0.329923
0.834522 0.329923
0.834620 0.329923
0.834717 0.329923
0.834814 0.329923
0.834911 0.329923
0.835008 0.329923
0.835105 0.329923
0.835202 0.327366
0.835299 0.324808
0.835397 0.322251
0.835494 0.322251
0.835591 0.322251
0.835688 0.322251
0.835785 0.322251
0.835882 0.322251
0.835979 0.322251
0.836077 0.322251
0.836174 0.322251
0.836271 0.322251
0.836368 0.322251
0.836465 0.319693
0.836562 0.319693
0.836659 0.319693
0.836757 0.319693
0.836854 0.319693
0.836951 0.319693
0.837048 0.319693
0.837145 0.319693
0.837242 0.319693
0.837339 0.319693
0.837436 0.319693
0.837534 0.319693
0.837631 0.319693
0.837728 0.319693
0.837825 0.319693
0.837922 0.319693
0.838019 0.319693
0.838116 0.319693
0.838214 0.319693
0.838311 0.319693
0.838408 0.319693
0.838505 0.319693
0.838602 0.319693
0.838699 0.319693
0.838796 0.319693
0.838893 0.319693
0.838991 0.319693
0.839088 0.319693
0.839185 0.319693
0.839282 0.319693
0.839379 0.319693
0.839476 0.319693
0.839573 0.319693
0.839671 0.319693
0.839768 0.319693
0.839865 0.319693
0.839962 0.319693
0.840059 0.319693
0.840156 0.319693
0.840253 0.319693
0.840350 0.317136
0.840448 0.317136
0.840545 0.317136
0.840642 0.317136
0.840739 0.317136
0.840836 0.317136
0.840933 0.317136
0.841030 0.317136
0.841128 0.317136
0.841225 0.317136
0.841322 0.317136
0.841419 0.317136
0.841516 0.317136
0.841613 0.317136
0.841710 0.317136
0.841807 0.317136
0.841905 0.317136
0.842002 0.317136
0.842099 0.317136
0.842196 0.317136
0.842293 0.317136
0.842390 0.317136
0.842487 0.317136
0.842585 0.317136
0.842682 0.317136
0.842779 0.317136
0.842876 0.317136
0.842973 0.317136
0.843070 0.317136
0.843167 0.317136
0.843265 0.317136
0.843362 0.317136
0.843459 0.317136
0.843556 0.317136
0.843653 0.317136
0.843750 0.317136
0.843847 0.317136
0.843944 0.314578
0.844042 0.314578
0.844139 0.312020
0.844236 0.312020
0.844333 0.312020
0.844430 0.312020
0.844527 0.312020
0.844624 0.312020
0.844722 0.312020
0.844819 0.312020
0.844916 0.312020
0.845013 0.312020
0.845110 0.312020
0.845207 0.312020
0.845304 0.312020
0.845401 0.312020
0.845499 0.309463
0.845596 0.309463
0.845693 0.309463
0.845790 0.309463
0.845887 0.309463
0.845984 0.309463
0.846081 0.306905
0.846179 0.306905
0.846276 0.306905
0.846373 0.306905
0.846470 0.306905
0.846567 0.306905
0.846664 0.306905
0.846761 0.306905
0.846858 0.306905
0.846956 0.306905
0.847053 0.306905
0.847150 0.306905
0.847247 0.306905
0.847344 0.306905
0.847441 0.306905
0.847538 0.306905
0.847636 0.306905
0.847733 0.306905
0.847830 0.306905
0.847927 0.306905
0.848024 0.306905
0.848121 0.306905
0.848218 0.306905
0.848315 0.306905
0.848413 0.306905
0.848510 0.306905
0.848607 0.306905
0.848704 0.306905
0.848801 0.306905
0.848898 0.306905
0.848995 0.306905
0.849093 0.306905
0.849190 0.306905
0.849287 0.306905
0.849384 0.306905
0.849481 0.306905
0.849578 0.306905
0.849675 0.306905
0.849773 0.306905
0.849870 0.306905
0.849967 0.306905
0.850064 0.306905
0.850161 0.306905
0.850258 0.306905
0.850355 0.306905
0.850452 0.306905
0.850550 0.306905
0.850647 0.306905
0.850744 0.306905
0.850841 0.306905
0.850938 0.306905
0.851035 0.306905
0.851132 0.306905
0.851230 0.306905
0.851327 0.306905
0.851424 0.306905
0.851521 0.306905
0.851618 0.306905
0.851715 0.306905
0.851812 0.306905
0.851909 0.306905
0.852007 0.306905
0.852104 0.306905
0.852201 0.306905
0.852298 0.306905
0.852395 0.306905
0.852492 0.306905
0.852589 0.306905
0.852687 0.306905
0.852784 0.306905
0.852881 0.304348
0.852978 0.304348
0.853075 0.304348
0.853172 0.304348
0.853269 0.304348
0.853366 0.304348
0.853464 0.304348
0.853561 0.304348
0.853658 0.304348
0.853755 0.304348
0.853852 0.304348
0.853949 0.304348
0.854046 0.304348
0.854144 0.304348
0.854241 0.304348
0.854338 0.304348
0.854435 0.304348
0.854532 0.304348
0.854629 0.304348
0.854726 0.301790
0.854824 0.301790
0.854921 0.301790
0.855018 0.301790
0.855115 0.301790
0.855212 0.301790
0.855309 0.301790
0.855406 0.301790
0.855503 0.301790
0.855601 0.301790
0.855698 0.301790
0.855795 0.301790
0.855892 0.301790
0.855989 0.301790
0.856086 0.301790
0.856183 0.301790
0.856281 0.301790
0.856378 0.299233
0.856475 0.299233
0.856572 0.299233
0.856669 0.299233
0.856766 0.299233
0.856863 0.299233
0.856960 0.299233
0.857058 0.299233
0.857155 0.299233
0.857252 0.299233
0.857349 0.299233
0.857446 0.296675
0.857543 0.296675
0.857640 0.296675
0.857738 0.296675
0.857835 0.296675
0.857932 0.296675
0.858029 0.294118
0.858126 0.294118
0.858223 0.294118
0.858320 0.294118
0.858417 0.294118
0.858515 0.294118
0.858612 0.294118
0.858709 0.294118
0.858806 0.294118
0.858903 0.294118
0.859000 0.294118
0.859097 0.294118
0.859195 0.294118
0.859292 0.294118
0.859389 0.294118
0.859486 0.294118
0.859583 0.294118
0.859680 0.294118
0.859777 0.294118
0.859874 0.294118
0.859972 0.294118
0.860069 0.294118
0.860166 0.294118
0.860263 0.294118
0.860360 0.294118
0.860457 0.294118
0.860554 0.294118
0.860652 0.294118
0.860749 0.294118
0.860846 0.294118
0.860943 0.294118
0.861040 0.291560
0.861137 0.291560
0.861234 0.291560
0.861332 0.291560
0.861429 0.291560
0.861526 0.291560
0.861623 0.291560
0.861720 0.291560
0.861817 0.291560
0.861914 0.291560
0.862011 0.291560
0.862109 0.291560
0.862206 0.291560
0.862303 0.291560
0.862400 0.291560
0.862497 0.291560
0.862594 0.291560
0.862691 0.291560
0.862789 0.289003
0.862886 0.289003
0.862983 0.289003
0.863080 0.289003
0.863177 0.289003
0.863274 0.289003
0.863371 0.289003
0.863468 0.289003
0.863566 0.289003
0.863663 0.289003
0.863760 0.289003
0.863857 0.289003
0.863954 0.289003
0.864051 0.289003
0.864148 0.289003
0.864246 0.289003
0.864343 0.289003
0.864440 0.289003
0.864537 0.289003
0.864634 0.289003
0.864731 0.289003
0.864828 0.289003
0.864925 0.289003
0.865023 0.289003
0.865120 0.289003
0.865217 0.289003
0.865314 0.289003
0.865411 0.286445
0.865508 0.286445
0.865605 0.286445
0.865703 0.286445
0.865800 0.286445
0.865897 0.286445
0.865994 0.286445
0.866091 0.286445
0.866188 0.286445
0.866285 0.286445
0.866382 0.286445
0.866480 0.286445
0.866577 0.286445
0.866674 0.286445
0.866771 0.286445
0.866868 0.286445
0.866965 0.286445
0.867062 0.286445
0.867160 0.286445
0.867257 0.286445
0.867354 0.286445
0.867451 0.286445
0.867548 0.286445
0.867645 0.286445
0.867742 0.286445
0.867840 0.283887
0.867937 0.283887
0.868034 0.283887
0.868131 0.283887
0.868228 0.283887
0.868325 0.283887
0.868422 0.283887
0.868519 0.283887
0.868617 0.283887
0.868714 0.283887
0.868811 0.283887
0.868908 0.283887
0.869005 0.283887
0.869102 0.283887
0.869199 0.281330
0.869297 0.281330
0.869394 0.281330
0.869491 0.281330
0.869588 0.281330
0.869685 0.281330
0.869782 0.281330
0.869879 0.281330
0.869976 0.281330
0.870074 0.281330
0.870171 0.281330
0.870268 0.281330
0.870365 0.281330
0.870462 0.281330
0.870559 0.281330
0.870656 0.281330
0.870754 0.281330
0.870851 0.281330
0.870948 0.281330
0.871045 0.281330
0.871142 0.281330
0.871239 0.281330
0.871336 0.281330
0.871433 0.281330
0.871531 0.281330
0.871628 0.281330
0.871725 0.281330
0.871822 0.281330
0.871919 0.281330
0.872016 0.281330
0.872113 0.281330
0.872211 0.281330
0.872308 0.278772
0.872405 0.278772
0.872502 0.278772
0.872599 0.278772
0.872696 0.278772
0.872793 0.278772
0.872891 0.276215
0.872988 0.276215
0.873085 0.273657
0.873182 0.273657
0.873279 0.271100
0.873376 0.271100
0.873473 0.268542
0.873570 0.268542
0.873668 0.268542
0.873765 0.268542
0.873862 0.268542
0.873959 0.268542
0.874056 0.268542
0.874153 0.268542
0.874250 0.268542
0.874348 0.268542
0.874445 0.268542
0.874542 0.268542
0.874639 0.268542
0.874736 0.268542
0.874833 0.268542
0.874930 0.268542
0.875027 0.268542
0.875125 0.268542
0.875222 0.268542
0.875319 0.268542
0.875416 0.268542
0.875513 0.268542
0.875610 0.268542
0.875707 0.268542
0.875805 0.268542
0.875902 0.268542
0.875999 0.265985
0.876096 0.265985
0.876193 0.265985
0.876290 0.265985
0.876387 0.265985
0.876484 0.265985
0.876582 0.265985
0.876679 0.265985
0.876776 0.265985
0.876873 0.265985
0.876970 0.263427
0.877067 0.263427
0.877164 0.263427
0.877262 0.263427
0.877359 0.263427
0.877456 0.263427
0.877553 0.263427
0.877650 0.263427
0.877747 0.263427
0.877844 0.263427
0.877941 0.263427
0.878039 0.263427
0.878136 0.263427
0.878233 0.263427
0.878330 0.263427
0.878427 0.263427
0.878524 0.263427
0.878621 0.263427
0.878719 0.263427
0.878816 0.263427
0.878913 0.263427
0.879010 0.260870
0.879107 0.260870
0.879204 0.260870
0.879301 0.260870
0.879399 0.260870
0.879496 0.258312
0.879593 0.258312
0.879690 0.258312
0.879787 0.258312
0.879884 0.258312
0.879981 0.258312
0.880078 0.258312
0.880176 0.258312
0.880273 0.258312
0.880370 0.258312
0.880467 0.258312
0.880564 0.255754
0.880661 0.255754
0.880758 0.255754
0.880856 0.255754
0.880953 0.255754
0.881050 0.255754
0.881147 0.255754
0.881244 0.255754
0.881341 0.250639
0.881438 0.250639
0.881535 0.250639
0.881633 0.250639
0.881730 0.250639
0.881827 0.250639
0.881924 0.250639
0.882021 0.250639
0.882118 0.250639
0.882215 0.250639
0.882313 0.250639
0.882410 0.250639
0.882507 0.250639
0.882604 0.250639
0.882701 0.248082
0.882798 0.248082
0.882895 0.248082
0.882992 0.248082
0.883090 0.248082
0.883187 0.248082
0.883284 0.248082
0.883381 0.248082
0.883478 0.248082
0.883575 0.248082
0.883672 0.245524
0.883770 0.245524
0.883867 0.245524
0.883964 0.245524
0.884061 0.242967
0.884158 0.242967
0.884255 0.242967
0.884352 0.242967
0.884449 0.242967
0.884547 0.242967
0.884644 0.242967
0.884741 0.242967
0.884838 0.242967
0.884935 0.242967
0.885032 0.242967
0.885129 0.242967
0.885227 0.242967
0.885324 0.242967
0.885421 0.242967
0.885518 0.242967
0.885615 0.242967
0.885712 0.242967
0.885809 0.242967
0.885907 0.242967
0.886004 0.242967
0.886101 0.240409
0.886198 0.237852
0.886295 0.237852
0.886392 0.237852
0.886489 0.237852
0.886586 0.237852
0.886684 0.237852
0.886781 0.237852
0.886878 0.237852
0.886975 0.237852
0.887072 0.237852
0.887169 0.237852
0.887266 0.235294
0.887364 0.235294
0.887461 0.235294
0.887558 0.232737
0.887655 0.232737
0.887752 0.232737
0.887849 0.232737
0.887946 0.232737
0.888043 0.232737
0.888141 0.232737
0.888238 0.232737
0.888335 0.232737
0.888432 0.232737
0.888529 0.232737
0.888626 0.232737
0.888723 0.232737
0.888821 0.232737
0.888918 0.232737
0.889015 0.232737
0.889112 0.232737
0.889209 0.232737
0.889306 0.232737
0.889403 0.232737
0.889500 0.232737
0.889598 0.232737
0.889695 0.232737
0.889792 0.232737
0.889889 0.232737
0.889986 0.232737
0.890083 0.232737
0.890180 0.232737
0.890278 0.232737
0.890375 0.232737
0.890472 0.232737
0.890569 0.232737
0.890666 0.232737
0.890763 0.232737
0.890860 0.232737
0.890958 0.230179
0.891055 0.230179
0.891152 0.230179
0.891249 0.230179
0.891346 0.230179
0.891443 0.230179
0.891540 0.230179
0.891637 0.230179
0.891735 0.230179
0.891832 0.230179
0.891929 0.230179
0.892026 0.227621
0.892123 0.227621
0.892220 0.227621
0.892317 0.227621
0.892415 0.227621
0.892512 0.227621
0.892609 0.227621
0.892706 0.227621
0.892803 0.227621
0.892900 0.227621
0.892997 0.227621
0.893094 0.227621
0.893192 0.227621
0.893289 0.227621
0.893386 0.227621
0.893483 0.227621
0.893580 0.225064
0.893677 0.225064
0.893774 0.225064
0.893872 0.225064
0.893969 0.225064
0.894066 0.225064
0.894163 0.225064
0.894260 0.225064
0.894357 0.225064
0.894454 0.225064
0.894551 0.225064
0.894649 0.225064
0.894746 0.225064
0.894843 0.225064
0.894940 0.222506
0.895037 0.222506
0.895134 0.219949
0.895231 0.219949
0.895329 0.219949
0.895426 0.219949
0.895523 0.219949
0.895620 0.219949
0.895717 0.219949
0.895814 0.219949
0.895911 0.217391
0.896008 0.217391
0.896106 0.217391
0.896203 0.217391
0.896300 0.217391
0.896397 0.214834
0.896494 0.214834
0.896591 0.214834
0.896688 0.214834
0.896786 0.214834
0.896883 0.214834
0.896980 0.214834
0.897077 0.214834
0.897174 0.214834
0.897271 0.214834
0.897368 0.214834
0.897466 0.214834
0.897563 0.214834
0.897660 0.214834
0.897757 0.214834
0.897854 0.214834
0.897951 0.214834
0.898048 0.214834
0.898145 0.214834
0.898243 0.214834
0.898340 0.214834
0.898437 0.214834
0.898534 0.214834
0.898631 0.214834
0.898728 0.214834
0.898825 0.214834
0.898923 0.214834
0.899020 0.214834
0.899117 0.214834
0.899214 0.214834
0.899311 0.214834
0.899408 0.214834
0.899505 0.214834
0.899602 0.214834
0.899700 0.214834
0.899797 0.214834
0.899894 0.214834
0.899991 0.214834
0.900088 0.214834
0.900185 0.214834
0.900282 0.214834
0.900380 0.214834
0.900477 0.214834
0.900574 0.214834
0.900671 0.214834
0.900768 0.212276
0.900865 0.212276
0.900962 0.212276
0.901059 0.212276
0.901157 0.212276
0.901254 0.212276
0.901351 0.212276
0.901448 0.209719
0.901545 0.209719
0.901642 0.209719
0.901739 0.209719
0.901837 0.209719
0.901934 0.209719
0.902031 0.209719
0.902128 0.209719
0.902225 0.209719
0.902322 0.209719
0.902419 0.209719
0.902516 0.209719
0.902614 0.209719
0.902711 0.209719
0.902808 0.209719
0.902905 0.209719
0.903002 0.209719
0.903099 0.209719
0.903196 0.209719
0.903294 0.209719
0.903391 0.209719
0.903488 0.209719
0.903585 0.207161
0.903682 0.207161
0.903779 0.207161
0.903876 0.207161
0.903974 0.207161
0.904071 0.204604
0.904168 0.204604
0.904265 0.204604
0.904362 0.204604
0.904459 0.204604
0.904556 0.204604
0.904653 0.204604
0.904751 0.204604
0.904848 0.204604
0.904945 0.204604
0.905042 0.204604
0.905139 0.204604
0.905236 0.204604
0.905333 0.204604
0.905431 0.204604
0.905528 0.204604
0.905625 0.204604
0.905722 0.204604
0.905819 0.204604
0.905916 0.204604
0.906013 0.204604
0.906110 0.204604
0.906208 0.204604
0.906305 0.204604
0.906402 0.204604
0.906499 0.204604
0.906596 0.204604
0.906693 0.204604
0.906790 0.204604
0.906888 0.204604
0.906985 0.204604
0.907082 0.202046
0.907179 0.199488
0.907276 0.199488
0.907373 0.199488
0.907470 0.199488
0.907567 0.199488
0.907665 0.199488
0.907762 0.199488
0.907859 0.199488
0.907956 0.199488
0.908053 0.199488
0.908150 0.199488
0.908247 0.199488
0.908345 0.199488
0.908442 0.199488
0.908539 0.196931
0.908636 0.196931
0.908733 0.196931
0.908830 0.196931
0.908927 0.194373
0.909025 0.191816
0.909122 0.191816
0.909219 0.191816
0.909316 0.191816
0.909413 0.191816
0.909510 0.191816
0.909607 0.191816
0.909704 0.191816
0.909802 0.191816
0.909899 0.189258
0.909996 0.189258
0.910093 0.189258
0.910190 0.189258
0.910287 0.189258
0.910384 0.189258
0.910482 0.189258
0.910579 0.189258
0.910676 0.189258
0.910773 0.189258
0.910870 0.189258
0.910967 0.189258
0.911064 0.189258
0.911161 0.189258
0.911259 0.189258
0.911356 0.189258
0.911453 0.189258
0.911550 0.189258
0.911647 0.189258
0.911744 0.189258
0.911841 0.189258
0.911939 0.189258
0.912036 0.189258
0.912133 0.189258
0.912230 0.189258
0.912327 0.189258
0.912424 0.189258
0.912521 0.189258
0.912618 0.189258
0.912716 0.186701
0.912813 0.186701
0.912910 0.186701
0.913007 0.186701
0.913104 0.186701
0.913201 0.186701
0.913298 0.186701
0.913396 0.186701
0.913493 0.186701
0.913590 0.186701
0.913687 0.186701
0.913784 0.186701
0.913881 0.186701
0.913978 0.186701
0.914075 0.186701
0.914173 0.186701
0.914270 0.186701
0.914367 0.186701
0.914464 0.186701
0.914561 0.186701
0.914658 0.186701
0.914755 0.186701
0.914853 0.186701
0.914950 0.186701
0.915047 0.186701
0.915144 0.186701
0.915241 0.186701
0.915338 0.186701
0.915435 0.186701
0.915533 0.186701
0.915630 0.186701
0.915727 0.186701
0.915824 0.186701
0.915921 0.186701
0.916018 0.186701
0.916115 0.186701
0.916212 0.186701
0.916310 0.186701
0.916407 0.186701
0.916504 0.186701
0.916601 0.186701
0.916698 0.186701
0.916795 0.186701
0.916892 0.184143
0.916990 0.184143
0.917087 0.184143
0.917184 0.184143
0.917281 0.184143
0.917378 0.184143
0.917475 0.184143
0.917572 0.184143
0.917669 0.184143
0.917767 0.181586
0.917864 0.179028
0.917961 0.179028
0.918058 0.179028
0.918155 0.179028
0.918252 0.179028
0.918349 0.179028
0.918447 0.179028
0.918544 0.179028
0.918641 0.179028
0.918738 0.179028
0.918835 0.179028
0.918932 0.176471
0.919029 0.176471
0.919126 0.176471
0.919224 0.176471
0.919321 0.176471
0.919418 0.176471
0.919515 0.173913
0.919612 0.173913
0.919709 0.173913
0.919806 0.173913
0.919904 0.173913
0.920001 0.173913
0.920098 0.173913
0.920195 0.173913
0.920292 0.173913
0.920389 0.173913
0.920486 0.173913
0.920583 0.173913
0.920681 0.173913
0.920778 0.173913
0.920875 0.173913
0.920972 0.173913
0.921069 0.173913
0.921166 0.173913
0.921263 0.173913
0.921361 0.173913
0.921458 0.171355
0.921555 0.171355
0.921652 0.171355
0.921749 0.171355
0.921846 0.171355
0.921943 0.168798
0.922041 0.168798
0.922138 0.168798
0.922235 0.168798
0.922332 0.168798
0.922429 0.168798
0.922526 0.168798
0.922623 0.168798
0.922720 0.166240
0.922818 0.163683
0.922915 0.163683
0.923012 0.163683
0.923109 0.163683
0.923206 0.163683
0.923303 0.163683
0.923400 0.163683
0.923498 0.163683
0.923595 0.163683
0.923692 0.163683
0.923789 0.163683
0.923886 0.163683
0.923983 0.163683
0.924080 0.163683
0.924177 0.163683
0.924275 0.163683
0.924372 0.163683
0.924469 0.163683
0.924566 0.161125
0.924663 0.161125
0.924760 0.161125
0.924857 0.161125
0.924955 0.161125
0.925052 0.161125
0.925149 0.161125
0.925246 0.161125
0.925343 0.161125
0.925440 0.161125
0.925537 0.161125
0.925634 0.161125
0.925732 0.161125
0.925829 0.161125
0.925926 0.161125
0.926023 0.161125
0.926120 0.161125
0.926217 0.161125
0.926314 0.161125
0.926412 0.161125
0.926509 0.161125
0.926606 0.161125
0.926703 0.161125
0.926800 0.161125
0.926897 0.161125
0.926994 0.161125
0.927092 0.161125
0.927189 0.161125
0.927286 0.161125
0.927383 0.161125
0.927480 0.161125
0.927577 0.161125
0.927674 0.161125
0.927771 0.161125
0.927869 0.161125
0.927966 0.161125
0.928063 0.161125
0.928160 0.161125
0.928257 0.161125
0.928354 0.161125
0.928451 0.161125
0.928549 0.161125
0.928646 0.161125
0.928743 0.158568
0.928840 0.158568
0.928937 0.158568
0.929034 0.158568
0.929131 0.158568
0.929228 0.158568
0.929326 0.158568
0.929423 0.158568
0.929520 0.158568
0.929617 0.158568
0.929714 0.158568
0.929811 0.158568
0.929908 0.158568
0.930006 0.158568
0.930103 0.156010
0.930200 0.153453
0.930297 0.153453
0.930394 0.150895
0.930491 0.150895
0.930588 0.148338
0.930685 0.145780
0.930783 0.145780
0.930880 0.145780
0.930977 0.145780
0.931074 0.143223
0.931171 0.140665
0.931268 0.140665
0.931365 0.140665
0.931463 0.140665
0.931560 0.140665
0.931657 0.140665
0.931754 0.140665
0.931851 0.138107
0.931948 0.138107
0.932045 0.138107
0.932142 0.138107
0.932240 0.138107
0.932337 0.138107
0.932434 0.138107
0.932531 0.138107
0.932628 0.138107
0.932725 0.138107
0.932822 0.138107
0.932920 0.138107
0.933017 0.138107
0.933114 0.138107
0.933211 0.138107
0.933308 0.138107
0.933405 0.138107
0.933502 0.138107
0.933600 0.138107
0.933697 0.138107
0.933794 0.138107
0.933891 0.138107
0.933988 0.138107
0.934085 0.138107
0.934182 0.135550
0.934279 0.135550
0.934377 0.135550
0.934474 0.135550
0.934571 0.135550
0.934668 0.135550
0.934765 0.135550
0.934862 0.135550
0.934959 0.135550
0.935057 0.135550
0.935154 0.135550
0.935251 0.132992
0.935348 0.132992
0.935445 0.132992
0.935542 0.132992
0.935639 0.132992
0.935736 0.132992
0.935834 0.132992
0.935931 0.132992
0.936028 0.132992
0.936125 0.132992
0.936222 0.132992
0.936319 0.132992
0.936416 0.130435
0.936514 0.130435
0.936611 0.130435
0.936708 0.127877
0.936805 0.127877
0.936902 0.127877
0.936999 0.127877
0.937096 0.127877
0.937193 0.125320
0.937291 0.125320
0.937388 0.125320
0.937485 0.125320
0.937582 0.125320
0.937679 0.125320
0.937776 0.125320
0.937873 0.125320
0.937971 0.125320
0.938068 0.125320
0.938165 0.125320
0.938262 0.125320
0.938359 0.122762
0.938456 0.120205
0.938553 0.120205
0.938650 0.120205
0.938748 0.120205
0.938845 0.117647
0.938942 0.117647
0.939039 0.117647
0.939136 0.117647
0.939233 0.117647
0.939330 0.117647
0.939428 0.117647
0.939525 0.117647
0.939622 0.117647
0.939719 0.117647
0.939816 0.117647
0.939913 0.117647
0.940010 0.117647
0.940108 0.117647
0.940205 0.117647
0.940302 0.115090
0.940399 0.112532
0.940496 0.112532
0.940593 0.112532
0.940690 0.112532
0.940787 0.112532
0.940885 0.112532
0.940982 0.112532
0.941079 0.112532
0.941176 0.109974
0.941273 0.109974
0.941370 0.109974
0.941467 0.109974
0.941565 0.109974
0.941662 0.107417
0.941759 0.107417
0.941856 0.107417
0.941953 0.107417
0.942050 0.104859
0.942147 0.104859
0.942244 0.104859
0.942342 0.104859
0.942439 0.104859
0.942536 0.104859
0.942633 0.104859
0.942730 0.104859
0.942827 0.104859
0.942924 0.104859
0.943022 0.104859
0.943119 0.104859
0.943216 0.102302
0.943313 0.102302
0.943410 0.102302
0.943507 0.099744
0.943604 0.099744
0.943701 0.099744
0.943799 0.099744
0.943896 0.099744
0.943993 0.099744
0.944090 0.099744
0.944187 0.099744
0.944284 0.099744
0.944381 0.099744
0.944479 0.099744
0.944576 0.099744
0.944673 0.099744
0.944770 0.099744
0.944867 0.099744
0.944964 0.099744
0.945061 0.099744
0.945159 0.099744
0.945256 0.099744
0.945353 0.099744
0.945450 0.099744
0.945547 0.099744
0.945644 0.099744
0.945741 0.099744
0.945838 0.099744
0.945936 0.099744
0.946033 0.097187
0.946130 0.097187
0.946227 0.097187
0.946324 0.097187
0.946421 0.097187
0.946518 0.097187
0.946616 0.097187
0.946713 0.097187
0.946810 0.097187
0.946907 0.097187
0.947004 0.094629
0.947101 0.094629
0.947198 0.094629
0.947295 0.094629
0.947393 0.094629
0.947490 0.094629
0.947587 0.094629
0.947684 0.094629
0.947781 0.094629
0.947878 0.094629
0.947975 0.094629
0.948073 0.094629
0.948170 0.092072
0.948267 0.092072
0.948364 0.092072
0.948461 0.092072
0.948558 0.092072
0.948655 0.092072
0.948752 0.089514
0.948850 0.089514
0.948947 0.089514
0.949044 0.086957
0.949141 0.086957
0.949238 0.086957
0.949335 0.086957
0.949432 0.086957
0.949530 0.086957
0.949627 0.086957
0.949724 0.086957
0.949821 0.086957
0.949918 0.086957
0.950015 0.086957
0.950112 0.086957
0.950209 0.086957
0.950307 0.084399
0.950404 0.081841
0.950501 0.081841
0.950598 0.081841
0.950695 0.081841
0.950792 0.081841
0.950889 0.081841
0.950987 0.081841
0.951084 0.079284
0.951181 0.076726
0.951278 0.076726
0.951375 0.076726
0.951472 0.076726
0.951569 0.076726
0.951667 0.074169
0.951764 0.074169
0.951861 0.074169
0.951958 0.074169
0.952055 0.074169
0.952152 0.074169
0.952249 0.069054
0.952346 0.069054
0.952444 0.069054
0.952541 0.069054
0.952638 0.069054
0.952735 0.069054
0.952832 0.069054
0.952929 0.069054
0.953026 0.069054
0.953124 0.069054
0.953221 0.069054
0.953318 0.066496
0.953415 0.063939
0.953512 0.063939
0.953609 0.063939
0.953706 0.063939
0.953803 0.058824
0.953901 0.056266
0.953998 0.056266
0.954095 0.056266
0.954192 0.051151
0.954289 0.048593
0.954386 0.046036
0.954483 0.046036
0.954581 0.046036
0.954678 0.046036
0.954775 0.046036
0.954872 0.040921
0.954969 0.040921
0.955066 0.040921
0.955163 0.040921
0.955260 0.040921
0.955358 0.040921
0.955455 0.040921
0.955552 0.040921
0.955649 0.040921
0.955746 0.040921
0.955843 0.040921
0.955940 0.040921
0.956038 0.040921
0.956135 0.040921
0.956232 0.040921
0.956329 0.040921
0.956426 0.040921
0.956523 0.040921
0.956620 0.040921
0.956717 0.040921
0.956815 0.040921
0.956912 0.040921
0.957009 0.040921
0.957106 0.038363
0.957203 0.038363
0.957300 0.038363
0.957397 0.038363
0.957495 0.035806
0.957592 0.035806
0.957689 0.035806
0.957786 0.035806
0.957883 0.035806
0.957980 0.035806
0.958077 0.035806
0.958175 0.035806
0.958272 0.035806
0.958369 0.035806
0.958466 0.035806
0.958563 0.035806
0.958660 0.035806
0.958757 0.035806
0.958854 0.035806
0.958952 0.030691
0.959049 0.030691
0.959146 0.030691
0.959243 0.030691
0.959340 0.030691
0.959437 0.028133
0.959534 0.028133
0.959632 0.028133
0.959729 0.028133
0.959826 0.028133
0.959923 0.028133
0.960020 0.028133
0.960117 0.028133
0.960214 0.028133
0.960311 0.028133
0.960409 0.028133
0.960506 0.028133
0.960603 0.028133
0.960700 0.028133
0.960797 0.028133
0.960894 0.025575
0.960991 0.025575
0.961089 0.025575
0.961186 0.025575
0.961283 0.025575
0.961380 0.025575
0.961477 0.025575
0.961574 0.025575
0.961671 0.025575
0.961768 0.025575
0.961866 0.025575
0.961963 0.025575
0.962060 0.025575
0.962157 0.025575
0.962254 0.025575
0.962351 0.025575
0.962448 0.025575
0.962546 0.025575
0.962643 0.025575
0.962740 0.025575
0.962837 0.025575
0.962934 0.025575
0.963031 0.025575
0.963128 0.025575
0.963226 0.025575
0.963323 0.023018
0.963420 0.023018
0.963517 0.023018
0.963614 0.023018
0.963711 0.023018
0.963808 0.023018
0.963905 0.023018
0.964003 0.023018
0.964100 0.023018
0.964197 0.023018
0.964294 0.023018
0.964391 0.023018
0.964488 0.023018
0.964585 0.023018
0.964683 0.023018
0.964780 0.023018
0.964877 0.023018
0.964974 0.023018
0.965071 0.023018
0.965168 0.020460
0.965265 0.020460
0.965362 0.020460
0.965460 0.020460
0.965557 0.020460
0.965654 0.020460
0.965751 0.020460
0.965848 0.017903
0.965945 0.017903
0.966042 0.017903
0.966140 0.017903
0.966237 0.017903
0.966334 0.017903
0.966431 0.017903
0.966528 0.017903
0.966625 0.017903
0.966722 0.017903
0.966819 0.017903
0.966917 0.017903
0.967014 0.017903
0.967111 0.017903
0.967208 0.017903
0.967305 0.017903
0.967402 0.017903
0.967499 0.017903
0.967597 0.017903
0.967694 0.017903
0.967791 0.017903
0.967888 0.017903
0.967985 0.017903
0.968082 0.017903
0.968179 0.017903
0.968276 0.017903
0.968374 0.017903
0.968471 0.017903
0.968568 0.015345
0.968665 0.015345
0.968762 0.015345
0.968859 0.015345
0.968956 0.015345
0.969054 0.015345
0.969151 0.015345
0.969248 0.015345
0.969345 0.015345
0.969442 0.015345
0.969539 0.015345
0.969636 0.015345
0.969734 0.015345
0.969831 0.015345
0.969928 0.015345
0.970025 0.015345
0.970122 0.015345
0.970219 0.015345
0.970316 0.015345
0.970413 0.015345
0.970511 0.015345
0.970608 0.015345
0.970705 0.015345
0.970802 0.015345
0.970899 0.015345
0.970996 0.015345
0.971093 0.015345
0.971191 0.015345
0.971288 0.015345
0.971385 0.015345
0.971482 0.015345
0.971579 0.015345
0.971676 0.015345
0.971773 0.015345
0.971870 0.015345
0.971968 0.015345
0.972065 0.012788
0.972162 0.012788
0.972259 0.012788
0.972356 0.012788
0.972453 0.012788
0.972550 0.012788
0.972648 0.012788
0.972745 0.012788
0.972842 0.012788
0.972939 0.012788
0.973036 0.012788
0.973133 0.012788
0.973230 0.012788
0.973327 0.012788
0.973425 0.012788
0.973522 0.012788
0.973619 0.010230
0.973716 0.010230
0.973813 0.010230
0.973910 0.007673
0.974007 0.007673
0.974105 0.007673
0.974202 0.007673
0.974299 0.007673
0.974396 0.007673
0.974493 0.007673
0.974590 0.007673
0.974687 0.007673
0.974784 0.007673
0.974882 0.007673
0.974979 0.007673
0.975076 0.007673
0.975173 0.007673
0.975270 0.007673
0.975367 0.007673
0.975464 0.007673
0.975562 0.007673
0.975659 0.007673
0.975756 0.007673
0.975853 0.007673
0.975950 0.007673
0.976047 0.007673
0.976144 0.007673
0.976242 0.007673
0.976339 0.007673
0.976436 0.007673
0.976533 0.007673
0.976630 0.007673
0.976727 0.005115
0.976824 0.005115
0.976921 0.005115
0.977019 0.005115
0.977116 0.002558
0.977213 0.002558
0.977310 0.002558
0.977407 0.002558
0.977504 0.002558
0.977601 0.002558
0.977699 0.002558
0.977796 0.002558
0.977893 0.002558
0.977990 0.002558
0.978087 0.000000
