# Threshold Efficiency
0.020364 1.000000
0.020461 1.000000
0.020557 1.000000
0.020654 1.000000
0.020751 1.000000
0.020848 1.000000
0.020944 1.000000
0.021041 1.000000
0.021138 1.000000
0.021234 1.000000
0.021331 1.000000
0.021428 1.000000
0.021524 1.000000
0.021621 1.000000
0.021718 1.000000
0.021815 1.000000
0.021911 1.000000
0.022008 1.000000
0.022105 1.000000
0.022201 1.000000
0.022298 1.000000
0.022395 1.000000
0.022491 1.000000
0.022588 1.000000
0.022685 1.000000
0.022781 1.000000
0.022878 1.000000
0.022975 1.000000
0.023072 1.000000
0.023168 1.000000
0.023265 1.000000
0.023362 1.000000
0.023458 1.000000
0.023555 1.000000
0.023652 1.000000
0.023748 1.000000
0.023845 1.000000
0.023942 1.000000
0.024039 1.000000
0.024135 1.000000
0.024232 1.000000
0.024329 1.000000
0.024425 1.000000
0.024522 1.000000
0.024619 1.000000
0.024715 1.000000
0.024812 1.000000
0.024909 1.000000
0.025005 1.000000
0.025102 1.000000
0.025199 1.000000
0.025296 1.000000
0.025392 1.000000
0.025489 1.000000
0.025586 1.000000
0.025682 1.000000
0.025779 1.000000
0.025876 1.000000
0.025972 1.000000
0.026069 1.000000
0.026166 1.000000
0.026263 1.000000
0.026359 1.000000
0.026456 1.000000
0.026553 1.000000
0.026649 1.000000
0.026746 1.000000
0.026843 1.000000
0.026939 1.000000
0.027036 1.000000
0.027133 1.000000
0.027229 1.000000
0.027326 1.000000
0.027423 1.000000
0.027520 1.000000
0.027616 1.000000
0.027713 1.000000
0.027810 1.000000
0.027906 1.000000
0.028003 1.000000
0.028100 1.000000
0.028196 1.000000
0.028293 1.000000
0.028390 1.000000
0.028487 1.000000
0.028583 1.000000
0.028680 1.000000
0.028777 1.000000
0.028873 1.000000
0.028970 1.000000
0.029067 1.000000
0.029163 1.000000
0.029260 1.000000
0.029357 1.000000
0.029453 1.000000
0.029550 1.000000
0.029647 1.000000
0.029744 1.000000
0.029840 1.000000
0.029937 1.000000
0.030034 1.000000
0.030130 1.000000
0.030227 1.000000
0.030324 1.000000
0.030420 1.000000
0.030517 1.000000
0.030614 1.000000
0.030711 1.000000
0.030807 1.000000
0.030904 1.000000
0.031001 1.000000
0.031097 1.000000
0.031194 1.000000
0.031291 1.000000
0.031387 1.000000
0.031484 1.000000
0.031581 1.000000
0.031677 1.000000
0.031774 1.000000
0.031871 1.000000
0.031968 1.000000
0.032064 1.000000
0.032161 1.000000
0.032258 1.000000
0.032354 1.000000
0.032451 1.000000
0.032548 1.000000
0.032644 1.000000
0.032741 1.000000
0.032838 1.000000
0.032935 1.000000
0.033031 1.000000
0.033128 1.000000
0.033225 1.000000
0.033321 1.000000
0.033418 1.000000
0.033515 1.000000
0.033611 1.000000
0.033708 1.000000
0.033805 1.000000
0.033902 1.000000
0.033998 1.000000
0.034095 1.000000
0.034192 1.000000
0.034288 1.000000
0.034385 1.000000
0.034482 1.000000
0.034578 1.000000
0.034675 1.000000
0.034772 1.000000
0.034868 1.000000
0.034965 1.000000
0.035062 1.000000
0.035159 1.000000
0.035255 1.000000
0.035352 1.000000
0.035449 1.000000
0.035545 1.000000
0.035642 1.000000
0.035739 1.000000
0.035835 1.000000
0.035932 1.000000
0.036029 0.998747
0.036126 0.998747
0.036222 0.998747
0.036319 0.998747
0.036416 0.998747
0.036512 0.998747
0.036609 0.998747
0.036706 0.998747
0.036802 0.998747
0.036899 0.998747
0.036996 0.998747
0.037092 0.998747
0.037189 0.998747
0.037286 0.998747
0.037383 0.998747
0.037479 0.998747
0.037576 0.998747
0.037673 0.998747
0.037769 0.998747
0.037866 0.998747
0.037963 0.998747
0.038059 0.998747
0.038156 0.998747
0.038253 0.998747
0.038350 0.998747
0.038446 0.998747
0.038543 0.998747
0.038640 0.998747
0.038736 0.998747
0.038833 0.998747
0.038930 0.998747
0.039026 0.998747
0.039123 0.998747
0.039220 0.998747
0.039316 0.998747
0.039413 0.998747
0.039510 0.998747
0.039607 0.998747
0.039703 0.998747
0.039800 0.998747
0.039897 0.998747
0.039993 0.998747
0.040090 0.998747
0.040187 0.998747
0.040283 0.998747
0.040380 0.998747
0.040477 0.998747
0.040574 0.998747
0.040670 0.998747
0.040767 0.998747
0.040864 0.998747
0.040960 0.998747
0.041057 0.998747
0.041154 0.998747
0.041250 0.998747
0.041347 0.998747
0.041444 0.998747
0.041540 0.998747
0.041637 0.998747
0.041734 0.998747
0.041831 0.998747
0.041927 0.998747
0.042024 0.998747
0.042121 0.998747
0.042217 0.998747
0.042314 0.998747
0.042411 0.998747
0.042507 0.998747
0.042604 0.998747
0.042701 0.998747
0.042798 0.998747
0.042894 0.998747
0.042991 0.998747
0.043088 0.998747
0.043184 0.998747
0.043281 0.998747
0.043378 0.998747
0.043474 0.998747
0.043571 0.998747
0.043668 0.998747
0.043764 0.998747
0.043861 0.998747
0.043958 0.998747
0.044055 0.998747
0.044151 0.998747
0.044248 0.998747
0.044345 0.998747
0.044441 0.998747
0.044538 0.998747
0.044635 0.998747
0.044731 0.998747
0.044828 0.998747
0.044925 0.998747
0.045022 0.998747
0.045118 0.998747
0.045215 0.998747
0.045312 0.998747
0.045408 0.998747
0.045505 0.998747
0.045602 0.998747
0.045698 0.998747
0.045795 0.998747
0.045892 0.998747
0.045988 0.998747
0.046085 0.998747
0.046182 0.998747
0.046279 0.998747
0.046375 0.998747
0.046472 0.998747
0.046569 0.998747
0.046665 0.998747
0.046762 0.998747
0.046859 0.998747
0.046955 0.998747
0.047052 0.998747
0.047149 0.998747
0.047246 0.998747
0.047342 0.998747
0.047439 0.998747
0.047536 0.998747
0.047632 0.998747
0.047729 0.998747
0.047826 0.998747
0.047922 0.998747
0.048019 0.998747
0.048116 0.998747
0.048213 0.998747
0.048309 0.998747
0.048406 0.998747
0.048503 0.998747
0.048599 0.998747
0.048696 0.998747
0.048793 0.998747
0.048889 0.998747
0.048986 0.998747
0.049083 0.998747
0.049179 0.998747
0.049276 0.998747
0.049373 0.998747
0.049470 0.998747
0.049566 0.998747
0.049663 0.998747
0.049760 0.998747
0.049856 0.998747
0.049953 0.998747
0.050050 0.998747
0.050146 0.998747
0.050243 0.998747
0.050340 0.998747
0.050437 0.998747
0.050533 0.998747
0.050630 0.998747
0.050727 0.998747
0.050823 0.998747
0.050920 0.998747
0.051017 0.998747
0.051113 0.998747
0.051210 0.998747
0.051307 0.998747
0.051403 0.998747
0.051500 0.998747
0.051597 0.998747
0.051694 0.998747
0.051790 0.998747
0.051887 0.998747
0.051984 0.998747
0.052080 0.998747
0.052177 0.998747
0.052274 0.998747
0.052370 0.998747
0.052467 0.998747
0.052564 0.998747
0.052661 0.998747
0.052757 0.998747
0.052854 0.998747
0.052951 0.998747
0.053047 0.998747
0.053144 0.998747
0.053241 0.998747
0.053337 0.998747
0.053434 0.998747
0.053531 0.998747
0.053627 0.998747
0.053724 0.998747
0.053821 0.998747
0.053918 0.998747
0.054014 0.998747
0.054111 0.998747
0.054208 0.998747
0.054304 0.998747
0.054401 0.998747
0.054498 0.998747
0.054594 0.998747
0.054691 0.998747
0.054788 0.998747
0.054885 0.998747
0.054981 0.998747
0.055078 0.998747
0.055175 0.998747
0.055271 0.998747
0.055368 0.998747
0.055465 0.998747
0.055561 0.998747
0.055658 0.998747
0.055755 0.998747
0.055851 0.998747
0.055948 0.998747
0.056045 0.998747
0.056142 0.998747
0.056238 0.998747
0.056335 0.998747
0.056432 0.998747
0.056528 0.998747
0.056625 0.998747
0.056722 0.998747
0.056818 0.998747
0.056915 0.998747
0.057012 0.998747
0.057109 0.998747
0.057205 0.998747
0.057302 0.998747
0.057399 0.998747
0.057495 0.998747
0.057592 0.998747
0.057689 0.998747
0.057785 0.998747
0.057882 0.998747
0.057979 0.998120
0.058075 0.998120
0.058172 0.998120
0.058269 0.998120
0.058366 0.998120
0.058462 0.998120
0.058559 0.998120
0.058656 0.998120
0.058752 0.998120
0.058849 0.998120
0.058946 0.998120
0.059042 0.998120
0.059139 0.998120
0.059236 0.998120
0.059333 0.998120
0.059429 0.998120
0.059526 0.998120
0.059623 0.998120
0.059719 0.998120
0.059816 0.998120
0.059913 0.998120
0.060009 0.998120
0.060106 0.998120
0.060203 0.998120
0.060300 0.998120
0.060396 0.998120
0.060493 0.998120
0.060590 0.998120
0.060686 0.998120
0.060783 0.998120
0.060880 0.998120
0.060976 0.998120
0.061073 0.998120
0.061170 0.998120
0.061266 0.998120
0.061363 0.998120
0.061460 0.998120
0.061557 0.998120
0.061653 0.998120
0.061750 0.998120
0.061847 0.998120
0.061943 0.998120
0.062040 0.998120
0.062137 0.998120
0.062233 0.998120
0.062330 0.998120
0.062427 0.998120
0.062524 0.998120
0.062620 0.998120
0.062717 0.998120
0.062814 0.998120
0.062910 0.998120
0.063007 0.998120
0.063104 0.998120
0.063200 0.998120
0.063297 0.998120
0.063394 0.998120
0.063490 0.998120
0.063587 0.998120
0.063684 0.998120
0.063781 0.998120
0.063877 0.998120
0.063974 0.998120
0.064071 0.998120
0.064167 0.997494
0.064264 0.997494
0.064361 0.997494
0.064457 0.997494
0.064554 0.997494
0.064651 0.997494
0.064748 0.997494
0.064844 0.997494
0.064941 0.997494
0.065038 0.997494
0.065134 0.997494
0.065231 0.997494
0.065328 0.997494
0.065424 0.997494
0.065521 0.997494
0.065618 0.997494
0.065714 0.997494
0.065811 0.997494
0.065908 0.997494
0.066005 0.997494
0.066101 0.997494
0.066198 0.997494
0.066295 0.997494
0.066391 0.997494
0.066488 0.997494
0.066585 0.997494
0.066681 0.997494
0.066778 0.997494
0.066875 0.997494
0.066972 0.997494
0.067068 0.997494
0.067165 0.997494
0.067262 0.997494
0.067358 0.997494
0.067455 0.997494
0.067552 0.997494
0.067648 0.997494
0.067745 0.997494
0.067842 0.997494
0.067938 0.997494
0.068035 0.997494
0.068132 0.997494
0.068229 0.997494
0.068325 0.997494
0.068422 0.997494
0.068519 0.997494
0.068615 0.997494
0.068712 0.996867
0.068809 0.996867
0.068905 0.996867
0.069002 0.996867
0.069099 0.996241
0.069196 0.996241
0.069292 0.996241
0.069389 0.995614
0.069486 0.995614
0.069582 0.995614
0.069679 0.995614
0.069776 0.995614
0.069872 0.995614
0.069969 0.995614
0.070066 0.995614
0.070162 0.995614
0.070259 0.995614
0.070356 0.995614
0.070453 0.995614
0.070549 0.995614
0.070646 0.994987
0.070743 0.994987
0.070839 0.994987
0.070936 0.994987
0.071033 0.994987
0.071129 0.994987
0.071226 0.994987
0.071323 0.994987
0.071420 0.994987
0.071516 0.994987
0.071613 0.994987
0.071710 0.994987
0.071806 0.994987
0.071903 0.994987
0.072000 0.994987
0.072096 0.994987
0.072193 0.994987
0.072290 0.994987
0.072386 0.994987
0.072483 0.994987
0.072580 0.994987
0.072677 0.994987
0.072773 0.994987
0.072870 0.994987
0.072967 0.994987
0.073063 0.994987
0.073160 0.994987
0.073257 0.994987
0.073353 0.994987
0.073450 0.994987
0.073547 0.994987
0.073644 0.994987
0.073740 0.994987
0.073837 0.994987
0.073934 0.994987
0.074030 0.994987
0.074127 0.994987
0.074224 0.994987
0.074320 0.994987
0.074417 0.994987
0.074514 0.994987
0.074611 0.994987
0.074707 0.994987
0.074804 0.994987
0.074901 0.994987
0.074997 0.994987
0.075094 0.994987
0.075191 0.994987
0.075287 0.994987
0.075384 0.994987
0.075481 0.994987
0.075577 0.994987
0.075674 0.994987
0.075771 0.994987
0.075868 0.994987
0.075964 0.994987
0.076061 0.994987
0.076158 0.994987
0.076254 0.994987
0.076351 0.994987
0.076448 0.994987
0.076544 0.994987
0.076641 0.994987
0.076738 0.994987
0.076835 0.994987
0.076931 0.994987
0.077028 0.994987
0.077125 0.994987
0.077221 0.994987
0.077318 0.994987
0.077415 0.994987
0.077511 0.994987
0.077608 0.994987
0.077705 0.994987
0.077801 0.994987
0.077898 0.994987
0.077995 0.994987
0.078092 0.994987
0.078188 0.994987
0.078285 0.994987
0.078382 0.994987
0.078478 0.994361
0.078575 0.994361
0.078672 0.994361
0.078768 0.994361
0.078865 0.994361
0.078962 0.994361
0.079059 0.994361
0.079155 0.994361
0.079252 0.994361
0.079349 0.994361
0.079445 0.994361
0.079542 0.994361
0.079639 0.994361
0.079735 0.994361
0.079832 0.994361
0.079929 0.994361
0.080025 0.994361
0.080122 0.994361
0.080219 0.994361
0.080316 0.994361
0.080412 0.994361
0.080509 0.994361
0.080606 0.994361
0.080702 0.994361
0.080799 0.994361
0.080896 0.994361
0.080992 0.994361
0.081089 0.994361
0.081186 0.994361
0.081283 0.994361
0.081379 0.994361
0.081476 0.994361
0.081573 0.994361
0.081669 0.994361
0.081766 0.994361
0.081863 0.994361
0.081959 0.994361
0.082056 0.994361
0.082153 0.994361
0.082249 0.994361
0.082346 0.994361
0.082443 0.994361
0.082540 0.994361
0.082636 0.994361
0.082733 0.994361
0.082830 0.994361
0.082926 0.994361
0.083023 0.994361
0.083120 0.994361
0.083216 0.994361
0.083313 0.994361
0.083410 0.994361
0.083507 0.994361
0.083603 0.994361
0.083700 0.994361
0.083797 0.994361
0.083893 0.994361
0.083990 0.994361
0.084087 0.993734
0.084183 0.993734
0.084280 0.993734
0.084377 0.993734
0.084473 0.993734
0.084570 0.993734
0.084667 0.993734
0.084764 0.993108
0.084860 0.993108
0.084957 0.993108
0.085054 0.993108
0.085150 0.993108
0.085247 0.993108
0.085344 0.993108
0.085440 0.993108
0.085537 0.993108
0.085634 0.993108
0.085731 0.993108
0.085827 0.993108
0.085924 0.993108
0.086021 0.993108
0.086117 0.993108
0.086214 0.993108
0.086311 0.993108
0.086407 0.993108
0.086504 0.993108
0.086601 0.993108
0.086697 0.993108
0.086794 0.993108
0.086891 0.993108
0.086988 0.993108
0.087084 0.993108
0.087181 0.993108
0.087278 0.993108
0.087374 0.993108
0.087471 0.993108
0.087568 0.993108
0.087664 0.993108
0.087761 0.993108
0.087858 0.993108
0.087955 0.993108
0.088051 0.993108
0.088148 0.993108
0.088245 0.993108
0.088341 0.993108
0.088438 0.993108
0.088535 0.993108
0.088631 0.993108
0.088728 0.993108
0.088825 0.993108
0.088922 0.993108
0.089018 0.993108
0.089115 0.993108
0.089212 0.993108
0.089308 0.993108
0.089405 0.993108
0.089502 0.993108
0.089598 0.992481
0.089695 0.992481
0.089792 0.992481
0.089888 0.992481
0.089985 0.992481
0.090082 0.992481
0.090179 0.992481
0.090275 0.992481
0.090372 0.992481
0.090469 0.991855
0.090565 0.991855
0.090662 0.991855
0.090759 0.991855
0.090855 0.991855
0.090952 0.991855
0.091049 0.991855
0.091146 0.991855
0.091242 0.991855
0.091339 0.991855
0.091436 0.991855
0.091532 0.991855
0.091629 0.991855
0.091726 0.991855
0.091822 0.991855
0.091919 0.991855
0.092016 0.991855
0.092112 0.991855
0.092209 0.991855
0.092306 0.991855
0.092403 0.991855
0.092499 0.991855
0.092596 0.991855
0.092693 0.991855
0.092789 0.991855
0.092886 0.991855
0.092983 0.991855
0.093079 0.991855
0.093176 0.991855
0.093273 0.991855
0.093370 0.991855
0.093466 0.991855
0.093563 0.991855
0.093660 0.991855
0.093756 0.991855
0.093853 0.991855
0.093950 0.991855
0.094046 0.991855
0.094143 0.991855
0.094240 0.991855
0.094336 0.991855
0.094433 0.991855
0.094530 0.991855
0.094627 0.991855
0.094723 0.991855
0.094820 0.991855
0.094917 0.991855
0.095013 0.991855
0.095110 0.991855
0.095207 0.991855
0.095303 0.991855
0.095400 0.991855
0.095497 0.991855
0.095594 0.991855
0.095690 0.991855
0.095787 0.991855
0.095884 0.991855
0.095980 0.991855
0.096077 0.991855
0.096174 0.991855
0.096270 0.991855
0.096367 0.991855
0.096464 0.991855
0.096560 0.991855
0.096657 0.991855
0.096754 0.991855
0.096851 0.991855
0.096947 0.991855
0.097044 0.991855
0.097141 0.991855
0.097237 0.991855
0.097334 0.991855
0.097431 0.991855
0.097527 0.991855
0.097624 0.991855
0.097721 0.991855
0.097818 0.991855
0.097914 0.991855
0.098011 0.991855
0.098108 0.991855
0.098204 0.991855
0.098301 0.991855
0.098398 0.991855
0.098494 0.991855
0.098591 0.991855
0.098688 0.991855
0.098784 0.991855
0.098881 0.991855
0.098978 0.991855
0.099075 0.991855
0.099171 0.991855
0.099268 0.991855
0.099365 0.991855
0.099461 0.991855
0.099558 0.991855
0.099655 0.991855
0.099751 0.991855
0.099848 0.991855
0.099945 0.991855
0.100042 0.991855
0.100138 0.991855
0.100235 0.991855
0.100332 0.991855
0.100428 0.991855
0.100525 0.991855
0.100622 0.991855
0.100718 0.991855
0.100815 0.991855
0.100912 0.991855
0.101008 0.991855
0.101105 0.991855
0.101202 0.991855
0.101299 0.991855
0.101395 0.991855
0.101492 0.991855
0.101589 0.991855
0.101685 0.991855
0.101782 0.991855
0.101879 0.991855
0.101975 0.991855
0.102072 0.991855
0.102169 0.991855
0.102266 0.991855
0.102362 0.991855
0.102459 0.991855
0.102556 0.991855
0.102652 0.991855
0.102749 0.991855
0.102846 0.991855
0.102942 0.991855
0.103039 0.991855
0.103136 0.991855
0.103233 0.991855
0.103329 0.991855
0.103426 0.991855
0.103523 0.991855
0.103619 0.991855
0.103716 0.991855
0.103813 0.991855
0.103909 0.991855
0.104006 0.991855
0.104103 0.991855
0.104199 0.991855
0.104296 0.991855
0.104393 0.991855
0.104490 0.991855
0.104586 0.991855
0.104683 0.991855
0.104780 0.991855
0.104876 0.991855
0.104973 0.991228
0.105070 0.991228
0.105166 0.991228
0.105263 0.991228
0.105360 0.991228
0.105457 0.991228
0.105553 0.991228
0.105650 0.991228
0.105747 0.991228
0.105843 0.991228
0.105940 0.991228
0.106037 0.991228
0.106133 0.991228
0.106230 0.991228
0.106327 0.991228
0.106423 0.991228
0.106520 0.991228
0.106617 0.991228
0.106714 0.991228
0.106810 0.991228
0.106907 0.991228
0.107004 0.991228
0.107100 0.991228
0.107197 0.991228
0.107294 0.989975
0.107390 0.989975
0.107487 0.989348
0.107584 0.989348
0.107681 0.989348
0.107777 0.989348
0.107874 0.989348
0.107971 0.989348
0.108067 0.989348
0.108164 0.989348
0.108261 0.989348
0.108357 0.989348
0.108454 0.989348
0.108551 0.989348
0.108647 0.989348
0.108744 0.988722
0.108841 0.988722
0.108938 0.988722
0.109034 0.988722
0.109131 0.988722
0.109228 0.988722
0.109324 0.988722
0.109421 0.988722
0.109518 0.988722
0.109614 0.988722
0.109711 0.988722
0.109808 0.988095
0.109905 0.988095
0.110001 0.988095
0.110098 0.988095
0.110195 0.988095
0.110291 0.988095
0.110388 0.988095
0.110485 0.988095
0.110581 0.988095
0.110678 0.988095
0.110775 0.988095
0.110871 0.988095
0.110968 0.988095
0.111065 0.988095
0.111162 0.988095
0.111258 0.988095
0.111355 0.988095
0.111452 0.988095
0.111548 0.988095
0.111645 0.988095
0.111742 0.988095
0.111838 0.987469
0.111935 0.987469
0.112032 0.987469
0.112129 0.987469
0.112225 0.987469
0.112322 0.986842
0.112419 0.986842
0.112515 0.986842
0.112612 0.986842
0.112709 0.986842
0.112805 0.986216
0.112902 0.986216
0.112999 0.986216
0.113095 0.986216
0.113192 0.986216
0.113289 0.986216
0.113386 0.986216
0.113482 0.986216
0.113579 0.986216
0.113676 0.986216
0.113772 0.986216
0.113869 0.986216
0.113966 0.986216
0.114062 0.986216
0.114159 0.986216
0.114256 0.986216
0.114353 0.986216
0.114449 0.986216
0.114546 0.986216
0.114643 0.986216
0.114739 0.986216
0.114836 0.986216
0.114933 0.986216
0.115029 0.986216
0.115126 0.986216
0.115223 0.986216
0.115319 0.986216
0.115416 0.986216
0.115513 0.986216
0.115610 0.986216
0.115706 0.986216
0.115803 0.986216
0.115900 0.986216
0.115996 0.986216
0.116093 0.986216
0.116190 0.986216
0.116286 0.986216
0.116383 0.986216
0.116480 0.986216
0.116577 0.986216
0.116673 0.986216
0.116770 0.986216
0.116867 0.986216
0.116963 0.985589
0.117060 0.985589
0.117157 0.985589
0.117253 0.985589
0.117350 0.985589
0.117447 0.984962
0.117544 0.984962
0.117640 0.984962
0.117737 0.984962
0.117834 0.984962
0.117930 0.984962
0.118027 0.984962
0.118124 0.984962
0.118220 0.984962
0.118317 0.984962
0.118414 0.984962
0.118510 0.984962
0.118607 0.984962
0.118704 0.984962
0.118801 0.984962
0.118897 0.984962
0.118994 0.984962
0.119091 0.984962
0.119187 0.984336
0.119284 0.984336
0.119381 0.984336
0.119477 0.984336
0.119574 0.984336
0.119671 0.984336
0.119768 0.984336
0.119864 0.984336
0.119961 0.984336
0.120058 0.983709
0.120154 0.983709
0.120251 0.983709
0.120348 0.983709
0.120444 0.983709
0.120541 0.983709
0.120638 0.983709
0.120734 0.983709
0.120831 0.983709
0.120928 0.983709
0.121025 0.983709
0.121121 0.983709
0.121218 0.983709
0.121315 0.983709
0.121411 0.983709
0.121508 0.983709
0.121605 0.983709
0.121701 0.983709
0.121798 0.983709
0.121895 0.983709
0.121992 0.983709
0.122088 0.983709
0.122185 0.983709
0.122282 0.983709
0.122378 0.983709
0.122475 0.983709
0.122572 0.983709
0.122668 0.983709
0.122765 0.983709
0.122862 0.983709
0.122958 0.983709
0.123055 0.983709
0.123152 0.983709
0.123249 0.983709
0.123345 0.983709
0.123442 0.983083
0.123539 0.983083
0.123635 0.983083
0.123732 0.983083
0.123829 0.983083
0.123925 0.983083
0.124022 0.983083
0.124119 0.983083
0.124216 0.983083
0.124312 0.982456
0.124409 0.982456
0.124506 0.982456
0.124602 0.982456
0.124699 0.982456
0.124796 0.982456
0.124892 0.982456
0.124989 0.981830
0.125086 0.981830
0.125182 0.981830
0.125279 0.981830
0.125376 0.981830
0.125473 0.981830
0.125569 0.981203
0.125666 0.981203
0.125763 0.980576
0.125859 0.980576
0.125956 0.980576
0.126053 0.980576
0.126149 0.980576
0.126246 0.980576
0.126343 0.980576
0.126440 0.980576
0.126536 0.980576
0.126633 0.980576
0.126730 0.980576
0.126826 0.980576
0.126923 0.980576
0.127020 0.980576
0.127116 0.980576
0.127213 0.980576
0.127310 0.980576
0.127406 0.980576
0.127503 0.980576
0.127600 0.980576
0.127697 0.980576
0.127793 0.980576
0.127890 0.980576
0.127987 0.980576
0.128083 0.980576
0.128180 0.980576
0.128277 0.980576
0.128373 0.980576
0.128470 0.980576
0.128567 0.980576
0.128664 0.980576
0.128760 0.980576
0.128857 0.980576
0.128954 0.979950
0.129050 0.979323
0.129147 0.979323
0.129244 0.979323
0.129340 0.979323
0.129437 0.979323
0.129534 0.979323
0.129630 0.978697
0.129727 0.978697
0.129824 0.978697
0.129921 0.978697
0.130017 0.978697
0.130114 0.978697
0.130211 0.978697
0.130307 0.978697
0.130404 0.978697
0.130501 0.978070
0.130597 0.978070
0.130694 0.978070
0.130791 0.978070
0.130888 0.978070
0.130984 0.978070
0.131081 0.978070
0.131178 0.978070
0.131274 0.978070
0.131371 0.978070
0.131468 0.977444
0.131564 0.977444
0.131661 0.977444
0.131758 0.977444
0.131855 0.977444
0.131951 0.977444
0.132048 0.977444
0.132145 0.977444
0.132241 0.977444
0.132338 0.977444
0.132435 0.977444
0.132531 0.977444
0.132628 0.977444
0.132725 0.977444
0.132821 0.977444
0.132918 0.977444
0.133015 0.977444
0.133112 0.977444
0.133208 0.977444
0.133305 0.977444
0.133402 0.977444
0.133498 0.976817
0.133595 0.976817
0.133692 0.976817
0.133788 0.976817
0.133885 0.976817
0.133982 0.976817
0.134079 0.976817
0.134175 0.976817
0.134272 0.976817
0.134369 0.976817
0.134465 0.976190
0.134562 0.976190
0.134659 0.976190
0.134755 0.976190
0.134852 0.976190
0.134949 0.976190
0.135045 0.976190
0.135142 0.976190
0.135239 0.976190
0.135336 0.976190
0.135432 0.976190
0.135529 0.976190
0.135626 0.976190
0.135722 0.976190
0.135819 0.976190
0.135916 0.975564
0.136012 0.975564
0.136109 0.975564
0.136206 0.975564
0.136303 0.975564
0.136399 0.975564
0.136496 0.975564
0.136593 0.975564
0.136689 0.975564
0.136786 0.975564
0.136883 0.975564
0.136979 0.975564
0.137076 0.975564
0.137173 0.975564
0.137269 0.975564
0.137366 0.974937
0.137463 0.974311
0.137560 0.974311
0.137656 0.974311
0.137753 0.974311
0.137850 0.973684
0.137946 0.973684
0.138043 0.973684
0.138140 0.973684
0.138236 0.973684
0.138333 0.973684
0.138430 0.973684
0.138527 0.973684
0.138623 0.973684
0.138720 0.973684
0.138817 0.973684
0.138913 0.973684
0.139010 0.973684
0.139107 0.973684
0.139203 0.973684
0.139300 0.973684
0.139397 0.973684
0.139493 0.973684
0.139590 0.973684
0.139687 0.973684
0.139784 0.973684
0.139880 0.973684
0.139977 0.973058
0.140074 0.973058
0.140170 0.973058
0.140267 0.973058
0.140364 0.973058
0.140460 0.973058
0.140557 0.973058
0.140654 0.973058
0.140751 0.973058
0.140847 0.973058
0.140944 0.973058
0.141041 0.973058
0.141137 0.973058
0.141234 0.973058
0.141331 0.973058
0.141427 0.973058
0.141524 0.972431
0.141621 0.972431
0.141717 0.972431
0.141814 0.972431
0.141911 0.971805
0.142008 0.971805
0.142104 0.971805
0.142201 0.971805
0.142298 0.971805
0.142394 0.971805
0.142491 0.971805
0.142588 0.971805
0.142684 0.971805
0.142781 0.971805
0.142878 0.971805
0.142975 0.971805
0.143071 0.971805
0.143168 0.971805
0.143265 0.971805
0.143361 0.971805
0.143458 0.971805
0.143555 0.971805
0.143651 0.971805
0.143748 0.971805
0.143845 0.971805
0.143941 0.971805
0.144038 0.971805
0.144135 0.971805
0.144232 0.971805
0.144328 0.971805
0.144425 0.971805
0.144522 0.971805
0.144618 0.971805
0.144715 0.971805
0.144812 0.971805
0.144908 0.971805
0.145005 0.971805
0.145102 0.971805
0.145199 0.971805
0.145295 0.971805
0.145392 0.971805
0.145489 0.971805
0.145585 0.971805
0.145682 0.971178
0.145779 0.971178
0.145875 0.971178
0.145972 0.971178
0.146069 0.971178
0.146166 0.971178
0.146262 0.971178
0.146359 0.971178
0.146456 0.971178
0.146552 0.971178
0.146649 0.971178
0.146746 0.971178
0.146842 0.971178
0.146939 0.971178
0.147036 0.971178
0.147132 0.971178
0.147229 0.971178
0.147326 0.971178
0.147423 0.971178
0.147519 0.971178
0.147616 0.971178
0.147713 0.971178
0.147809 0.971178
0.147906 0.971178
0.148003 0.971178
0.148099 0.971178
0.148196 0.971178
0.148293 0.971178
0.148390 0.971178
0.148486 0.971178
0.148583 0.971178
0.148680 0.971178
0.148776 0.971178
0.148873 0.971178
0.148970 0.971178
0.149066 0.971178
0.149163 0.971178
0.149260 0.971178
0.149356 0.971178
0.149453 0.971178
0.149550 0.971178
0.149647 0.971178
0.149743 0.971178
0.149840 0.971178
0.149937 0.971178
0.150033 0.971178
0.150130 0.971178
0.150227 0.971178
0.150323 0.971178
0.150420 0.971178
0.150517 0.971178
0.150614 0.971178
0.150710 0.969925
0.150807 0.969925
0.150904 0.969925
0.151000 0.969925
0.151097 0.969925
0.151194 0.969925
0.151290 0.969925
0.151387 0.969925
0.151484 0.969925
0.151580 0.969925
0.151677 0.969925
0.151774 0.968672
0.151871 0.968672
0.151967 0.968672
0.152064 0.968672
0.152161 0.968672
0.152257 0.968672
0.152354 0.968672
0.152451 0.968045
0.152547 0.968045
0.152644 0.968045
0.152741 0.968045
0.152838 0.968045
0.152934 0.968045
0.153031 0.968045
0.153128 0.967419
0.153224 0.967419
0.153321 0.967419
0.153418 0.967419
0.153514 0.967419
0.153611 0.967419
0.153708 0.967419
0.153804 0.967419
0.153901 0.967419
0.153998 0.967419
0.154095 0.967419
0.154191 0.967419
0.154288 0.967419
0.154385 0.967419
0.154481 0.967419
0.154578 0.967419
0.154675 0.967419
0.154771 0.967419
0.154868 0.967419
0.154965 0.967419
0.155062 0.967419
0.155158 0.967419
0.155255 0.967419
0.155352 0.967419
0.155448 0.967419
0.155545 0.967419
0.155642 0.967419
0.155738 0.967419
0.155835 0.967419
0.155932 0.967419
0.156028 0.967419
0.156125 0.967419
0.156222 0.967419
0.156319 0.967419
0.156415 0.966792
0.156512 0.966792
0.156609 0.966792
0.156705 0.966165
0.156802 0.966165
0.156899 0.966165
0.156995 0.965539
0.157092 0.965539
0.157189 0.965539
0.157286 0.965539
0.157382 0.965539
0.157479 0.965539
0.157576 0.965539
0.157672 0.965539
0.157769 0.965539
0.157866 0.965539
0.157962 0.965539
0.158059 0.965539
0.158156 0.965539
0.158253 0.965539
0.158349 0.965539
0.158446 0.965539
0.158543 0.965539
0.158639 0.965539
0.158736 0.965539
0.158833 0.965539
0.158929 0.965539
0.159026 0.965539
0.159123 0.965539
0.159219 0.965539
0.159316 0.965539
0.159413 0.965539
0.159510 0.965539
0.159606 0.965539
0.159703 0.965539
0.159800 0.965539
0.159896 0.965539
0.159993 0.965539
0.160090 0.965539
0.160186 0.965539
0.160283 0.965539
0.160380 0.965539
0.160477 0.965539
0.160573 0.965539
0.160670 0.965539
0.160767 0.965539
0.160863 0.965539
0.160960 0.965539
0.161057 0.965539
0.161153 0.965539
0.161250 0.965539
0.161347 0.965539
0.161443 0.965539
0.161540 0.965539
0.161637 0.965539
0.161734 0.965539
0.161830 0.965539
0.161927 0.965539
0.162024 0.965539
0.162120 0.965539
0.162217 0.965539
0.162314 0.964912
0.162410 0.964912
0.162507 0.964912
0.162604 0.964912
0.162701 0.964912
0.162797 0.964912
0.162894 0.964912
0.162991 0.964912
0.163087 0.964912
0.163184 0.964912
0.163281 0.964912
0.163377 0.964912
0.163474 0.964912
0.163571 0.964912
0.163667 0.964912
0.163764 0.964912
0.163861 0.964912
0.163958 0.964912
0.164054 0.964912
0.164151 0.964912
0.164248 0.964912
0.164344 0.964912
0.164441 0.964286
0.164538 0.964286
0.164634 0.964286
0.164731 0.964286
0.164828 0.964286
0.164925 0.963659
0.165021 0.963659
0.165118 0.963659
0.165215 0.963659
0.165311 0.963659
0.165408 0.963659
0.165505 0.963659
0.165601 0.963659
0.165698 0.963033
0.165795 0.963033
0.165891 0.962406
0.165988 0.962406
0.166085 0.962406
0.166182 0.962406
0.166278 0.962406
0.166375 0.962406
0.166472 0.962406
0.166568 0.962406
0.166665 0.961779
0.166762 0.961779
0.166858 0.961779
0.166955 0.961779
0.167052 0.961779
0.167149 0.961779
0.167245 0.961779
0.167342 0.961779
0.167439 0.961779
0.167535 0.961779
0.167632 0.961779
0.167729 0.961779
0.167825 0.961779
0.167922 0.961779
0.168019 0.961779
0.168115 0.961779
0.168212 0.961779
0.168309 0.961779
0.168406 0.961779
0.168502 0.961779
0.168599 0.961779
0.168696 0.961153
0.168792 0.961153
0.168889 0.960526
0.168986 0.960526
0.169082 0.960526
0.169179 0.960526
0.169276 0.960526
0.169373 0.960526
0.169469 0.960526
0.169566 0.960526
0.169663 0.959900
0.169759 0.959900
0.169856 0.959900
0.169953 0.959900
0.170049 0.959900
0.170146 0.959900
0.170243 0.959273
0.170339 0.959273
0.170436 0.959273
0.170533 0.959273
0.170630 0.959273
0.170726 0.959273
0.170823 0.959273
0.170920 0.959273
0.171016 0.959273
0.171113 0.959273
0.171210 0.959273
0.171306 0.959273
0.171403 0.959273
0.171500 0.959273
0.171597 0.959273
0.171693 0.958647
0.171790 0.958647
0.171887 0.958647
0.171983 0.958647
0.172080 0.958647
0.172177 0.958647
0.172273 0.958647
0.172370 0.958647
0.172467 0.958647
0.172564 0.958647
0.172660 0.958647
0.172757 0.958647
0.172854 0.958647
0.172950 0.958647
0.173047 0.958647
0.173144 0.958647
0.173240 0.958647
0.173337 0.958647
0.173434 0.958647
0.173530 0.958647
0.173627 0.958647
0.173724 0.958647
0.173821 0.958647
0.173917 0.958647
0.174014 0.958647
0.174111 0.958647
0.174207 0.958647
0.174304 0.958647
0.174401 0.958647
0.174497 0.958647
0.174594 0.958647
0.174691 0.958647
0.174788 0.958647
0.174884 0.958647
0.174981 0.958647
0.175078 0.958647
0.175174 0.958647
0.175271 0.958647
0.175368 0.958020
0.175464 0.958020
0.175561 0.958020
0.175658 0.958020
0.175754 0.958020
0.175851 0.958020
0.175948 0.958020
0.176045 0.958020
0.176141 0.958020
0.176238 0.958020
0.176335 0.958020
0.176431 0.958020
0.176528 0.958020
0.176625 0.957393
0.176721 0.957393
0.176818 0.956767
0.176915 0.956767
0.177012 0.956767
0.177108 0.956767
0.177205 0.956767
0.177302 0.956767
0.177398 0.955514
0.177495 0.954887
0.177592 0.954887
0.177688 0.954887
0.177785 0.954887
0.177882 0.954887
0.177978 0.954887
0.178075 0.954261
0.178172 0.954261
0.178269 0.954261
0.178365 0.954261
0.178462 0.954261
0.178559 0.954261
0.178655 0.954261
0.178752 0.954261
0.178849 0.954261
0.178945 0.954261
0.179042 0.954261
0.179139 0.954261
0.179236 0.954261
0.179332 0.954261
0.179429 0.954261
0.179526 0.954261
0.179622 0.954261
0.179719 0.954261
0.179816 0.954261
0.179912 0.954261
0.180009 0.954261
0.180106 0.954261
0.180202 0.954261
0.180299 0.954261
0.180396 0.954261
0.180493 0.954261
0.180589 0.954261
0.180686 0.954261
0.180783 0.954261
0.180879 0.954261
0.180976 0.954261
0.181073 0.954261
0.181169 0.954261
0.181266 0.954261
0.181363 0.954261
0.181460 0.954261
0.181556 0.954261
0.181653 0.954261
0.181750 0.954261
0.181846 0.954261
0.181943 0.954261
0.182040 0.954261
0.182136 0.954261
0.182233 0.954261
0.182330 0.954261
0.182426 0.954261
0.182523 0.954261
0.182620 0.953634
0.182717 0.953634
0.182813 0.953634
0.182910 0.953634
0.183007 0.953008
0.183103 0.953008
0.183200 0.953008
0.183297 0.953008
0.183393 0.953008
0.183490 0.953008
0.183587 0.953008
0.183684 0.953008
0.183780 0.953008
0.183877 0.952381
0.183974 0.952381
0.184070 0.952381
0.184167 0.952381
0.184264 0.952381
0.184360 0.952381
0.184457 0.951754
0.184554 0.951754
0.184650 0.951754
0.184747 0.951754
0.184844 0.951754
0.184941 0.951754
0.185037 0.951754
0.185134 0.951754
0.185231 0.951754
0.185327 0.951754
0.185424 0.951754
0.185521 0.951754
0.185617 0.951754
0.185714 0.951754
0.185811 0.951754
0.185908 0.951754
0.186004 0.951754
0.186101 0.951128
0.186198 0.951128
0.186294 0.951128
0.186391 0.951128
0.186488 0.951128
0.186584 0.951128
0.186681 0.951128
0.186778 0.951128
0.186875 0.951128
0.186971 0.951128
0.187068 0.950501
0.187165 0.950501
0.187261 0.950501
0.187358 0.950501
0.187455 0.950501
0.187551 0.950501
0.187648 0.950501
0.187745 0.949875
0.187841 0.949248
0.187938 0.949248
0.188035 0.949248
0.188132 0.949248
0.188228 0.949248
0.188325 0.949248
0.188422 0.948622
0.188518 0.948622
0.188615 0.948622
0.188712 0.947995
0.188808 0.947995
0.188905 0.947995
0.189002 0.947995
0.189099 0.947995
0.189195 0.947995
0.189292 0.947995
0.189389 0.947368
0.189485 0.947368
0.189582 0.947368
0.189679 0.947368
0.189775 0.947368
0.189872 0.947368
0.189969 0.947368
0.190065 0.947368
0.190162 0.947368
0.190259 0.947368
0.190356 0.947368
0.190452 0.947368
0.190549 0.947368
0.190646 0.946742
0.190742 0.946742
0.190839 0.946742
0.190936 0.946742
0.191032 0.946742
0.191129 0.946742
0.191226 0.946742
0.191323 0.946115
0.191419 0.946115
0.191516 0.946115
0.191613 0.945489
0.191709 0.945489
0.191806 0.945489
0.191903 0.945489
0.191999 0.945489
0.192096 0.945489
0.192193 0.945489
0.192289 0.945489
0.192386 0.944862
0.192483 0.944862
0.192580 0.944862
0.192676 0.944862
0.192773 0.944862
0.192870 0.944862
0.192966 0.944862
0.193063 0.944862
0.193160 0.944862
0.193256 0.944862
0.193353 0.944862
0.193450 0.944236
0.193547 0.944236
0.193643 0.943609
0.193740 0.943609
0.193837 0.943609
0.193933 0.943609
0.194030 0.943609
0.194127 0.943609
0.194223 0.943609
0.194320 0.942982
0.194417 0.942982
0.194513 0.942982
0.194610 0.942982
0.194707 0.942982
0.194804 0.942356
0.194900 0.942356
0.194997 0.942356
0.195094 0.942356
0.195190 0.942356
0.195287 0.942356
0.195384 0.942356
0.195480 0.942356
0.195577 0.942356
0.195674 0.942356
0.195771 0.942356
0.195867 0.942356
0.195964 0.942356
0.196061 0.942356
0.196157 0.942356
0.196254 0.942356
0.196351 0.942356
0.196447 0.942356
0.196544 0.942356
0.196641 0.942356
0.196737 0.942356
0.196834 0.942356
0.196931 0.942356
0.197028 0.942356
0.197124 0.942356
0.197221 0.941729
0.197318 0.941729
0.197414 0.941729
0.197511 0.941729
0.197608 0.941729
0.197704 0.941729
0.197801 0.941729
0.197898 0.941729
0.197995 0.941729
0.198091 0.941729
0.198188 0.941729
0.198285 0.941729
0.198381 0.941729
0.198478 0.941103
0.198575 0.941103
0.198671 0.941103
0.198768 0.941103
0.198865 0.941103
0.198961 0.941103
0.199058 0.941103
0.199155 0.941103
0.199252 0.941103
0.199348 0.941103
0.199445 0.941103
0.199542 0.941103
0.199638 0.941103
0.199735 0.941103
0.199832 0.941103
0.199928 0.940476
0.200025 0.939850
0.200122 0.939850
0.200219 0.939850
0.200315 0.939850
0.200412 0.939850
0.200509 0.939850
0.200605 0.939223
0.200702 0.939223
0.200799 0.939223
0.200895 0.939223
0.200992 0.939223
0.201089 0.939223
0.201186 0.939223
0.201282 0.939223
0.201379 0.939223
0.201476 0.939223
0.201572 0.939223
0.201669 0.939223
0.201766 0.939223
0.201862 0.939223
0.201959 0.939223
0.202056 0.939223
0.202152 0.939223
0.202249 0.939223
0.202346 0.938596
0.202443 0.938596
0.202539 0.938596
0.202636 0.938596
0.202733 0.938596
0.202829 0.938596
0.202926 0.938596
0.203023 0.938596
0.203119 0.938596
0.203216 0.938596
0.203313 0.938596
0.203410 0.938596
0.203506 0.938596
0.203603 0.938596
0.203700 0.938596
0.203796 0.938596
0.203893 0.938596
0.203990 0.938596
0.204086 0.938596
0.204183 0.938596
0.204280 0.938596
0.204376 0.937970
0.204473 0.937970
0.204570 0.937970
0.204667 0.937970
0.204763 0.937970
0.204860 0.937970
0.204957 0.937970
0.205053 0.937970
0.205150 0.937970
0.205247 0.937970
0.205343 0.937970
0.205440 0.937970
0.205537 0.937970
0.205634 0.937970
0.205730 0.937970
0.205827 0.937970
0.205924 0.937343
0.206020 0.937343
0.206117 0.937343
0.206214 0.937343
0.206310 0.937343
0.206407 0.937343
0.206504 0.937343
0.206600 0.936717
0.206697 0.936717
0.206794 0.936717
0.206891 0.936717
0.206987 0.936717
0.207084 0.936717
0.207181 0.936717
0.207277 0.936717
0.207374 0.936090
0.207471 0.936090
0.207567 0.936090
0.207664 0.936090
0.207761 0.936090
0.207858 0.936090
0.207954 0.936090
0.208051 0.936090
0.208148 0.936090
0.208244 0.936090
0.208341 0.936090
0.208438 0.936090
0.208534 0.936090
0.208631 0.936090
0.208728 0.936090
0.208824 0.936090
0.208921 0.936090
0.209018 0.936090
0.209115 0.936090
0.209211 0.936090
0.209308 0.936090
0.209405 0.936090
0.209501 0.936090
0.209598 0.936090
0.209695 0.936090
0.209791 0.936090
0.209888 0.936090
0.209985 0.936090
0.210082 0.935464
0.210178 0.935464
0.210275 0.934837
0.210372 0.934837
0.210468 0.934837
0.210565 0.934837
0.210662 0.934837
0.210758 0.934837
0.210855 0.934837
0.210952 0.934837
0.211048 0.934837
0.211145 0.934837
0.211242 0.934837
0.211339 0.934837
0.211435 0.934837
0.211532 0.934837
0.211629 0.934837
0.211725 0.934837
0.211822 0.934837
0.211919 0.934837
0.212015 0.934211
0.212112 0.934211
0.212209 0.932957
0.212306 0.932957
0.212402 0.932957
0.212499 0.932957
0.212596 0.932957
0.212692 0.932957
0.212789 0.932957
0.212886 0.932957
0.212982 0.932957
0.213079 0.932957
0.213176 0.932957
0.213272 0.932957
0.213369 0.932957
0.213466 0.932957
0.213563 0.932957
0.213659 0.932957
0.213756 0.932957
0.213853 0.932957
0.213949 0.932957
0.214046 0.932957
0.214143 0.932957
0.214239 0.932957
0.214336 0.932957
0.214433 0.932957
0.214530 0.932957
0.214626 0.932957
0.214723 0.932957
0.214820 0.932957
0.214916 0.932331
0.215013 0.932331
0.215110 0.932331
0.215206 0.932331
0.215303 0.932331
0.215400 0.932331
0.215497 0.932331
0.215593 0.932331
0.215690 0.932331
0.215787 0.932331
0.215883 0.932331
0.215980 0.932331
0.216077 0.932331
0.216173 0.932331
0.216270 0.932331
0.216367 0.932331
0.216463 0.932331
0.216560 0.932331
0.216657 0.932331
0.216754 0.932331
0.216850 0.932331
0.216947 0.932331
0.217044 0.932331
0.217140 0.932331
0.217237 0.932331
0.217334 0.932331
0.217430 0.932331
0.217527 0.932331
0.217624 0.932331
0.217721 0.932331
0.217817 0.932331
0.217914 0.932331
0.218011 0.932331
0.218107 0.932331
0.218204 0.932331
0.218301 0.932331
0.218397 0.932331
0.218494 0.932331
0.218591 0.932331
0.218687 0.932331
0.218784 0.932331
0.218881 0.932331
0.218978 0.932331
0.219074 0.932331
0.219171 0.932331
0.219268 0.932331
0.219364 0.932331
0.219461 0.932331
0.219558 0.932331
0.219654 0.932331
0.219751 0.932331
0.219848 0.932331
0.219945 0.932331
0.220041 0.932331
0.220138 0.932331
0.220235 0.932331
0.220331 0.932331
0.220428 0.932331
0.220525 0.932331
0.220621 0.932331
0.220718 0.932331
0.220815 0.932331
0.220911 0.932331
0.221008 0.932331
0.221105 0.932331
0.221202 0.932331
0.221298 0.932331
0.221395 0.932331
0.221492 0.932331
0.221588 0.932331
0.221685 0.932331
0.221782 0.932331
0.221878 0.932331
0.221975 0.932331
0.222072 0.932331
0.222169 0.932331
0.222265 0.932331
0.222362 0.932331
0.222459 0.932331
0.222555 0.932331
0.222652 0.932331
0.222749 0.932331
0.222845 0.932331
0.222942 0.932331
0.223039 0.932331
0.223135 0.932331
0.223232 0.932331
0.223329 0.932331
0.223426 0.932331
0.223522 0.932331
0.223619 0.932331
0.223716 0.932331
0.223812 0.932331
0.223909 0.932331
0.224006 0.932331
0.224102 0.932331
0.224199 0.932331
0.224296 0.932331
0.224393 0.932331
0.224489 0.932331
0.224586 0.932331
0.224683 0.931704
0.224779 0.931704
0.224876 0.931704
0.224973 0.931704
0.225069 0.931704
0.225166 0.931704
0.225263 0.931704
0.225359 0.931704
0.225456 0.931704
0.225553 0.931704
0.225650 0.931704
0.225746 0.931704
0.225843 0.931704
0.225940 0.931704
0.226036 0.931704
0.226133 0.931704
0.226230 0.931704
0.226326 0.931704
0.226423 0.931704
0.226520 0.931704
0.226617 0.931704
0.226713 0.931704
0.226810 0.931704
0.226907 0.931704
0.227003 0.931704
0.227100 0.931704
0.227197 0.931704
0.227293 0.931704
0.227390 0.931704
0.227487 0.931704
0.227583 0.931704
0.227680 0.931704
0.227777 0.931704
0.227874 0.931704
0.227970 0.931078
0.228067 0.931078
0.228164 0.931078
0.228260 0.931078
0.228357 0.931078
0.228454 0.931078
0.228550 0.931078
0.228647 0.931078
0.228744 0.931078
0.228841 0.931078
0.228937 0.931078
0.229034 0.931078
0.229131 0.931078
0.229227 0.931078
0.229324 0.931078
0.229421 0.931078
0.229517 0.931078
0.229614 0.931078
0.229711 0.931078
0.229808 0.931078
0.229904 0.931078
0.230001 0.931078
0.230098 0.931078
0.230194 0.931078
0.230291 0.931078
0.230388 0.931078
0.230484 0.931078
0.230581 0.931078
0.230678 0.931078
0.230774 0.931078
0.230871 0.931078
0.230968 0.931078
0.231065 0.931078
0.231161 0.931078
0.231258 0.931078
0.231355 0.931078
0.231451 0.931078
0.231548 0.931078
0.231645 0.931078
0.231741 0.931078
0.231838 0.931078
0.231935 0.931078
0.232032 0.931078
0.232128 0.931078
0.232225 0.931078
0.232322 0.931078
0.232418 0.931078
0.232515 0.931078
0.232612 0.931078
0.232708 0.931078
0.232805 0.931078
0.232902 0.931078
0.232998 0.930451
0.233095 0.930451
0.233192 0.930451
0.233289 0.930451
0.233385 0.930451
0.233482 0.930451
0.233579 0.930451
0.233675 0.930451
0.233772 0.930451
0.233869 0.930451
0.233965 0.930451
0.234062 0.930451
0.234159 0.930451
0.234256 0.930451
0.234352 0.930451
0.234449 0.930451
0.234546 0.930451
0.234642 0.930451
0.234739 0.930451
0.234836 0.929825
0.234932 0.929825
0.235029 0.929198
0.235126 0.929198
0.235222 0.929198
0.235319 0.928571
0.235416 0.928571
0.235513 0.927318
0.235609 0.927318
0.235706 0.927318
0.235803 0.927318
0.235899 0.927318
0.235996 0.927318
0.236093 0.927318
0.236189 0.927318
0.236286 0.927318
0.236383 0.927318
0.236480 0.927318
0.236576 0.927318
0.236673 0.927318
0.236770 0.927318
0.236866 0.927318
0.236963 0.927318
0.237060 0.927318
0.237156 0.927318
0.237253 0.927318
0.237350 0.927318
0.237446 0.927318
0.237543 0.927318
0.237640 0.927318
0.237737 0.927318
0.237833 0.927318
0.237930 0.927318
0.238027 0.927318
0.238123 0.927318
0.238220 0.927318
0.238317 0.926692
0.238413 0.926692
0.238510 0.926692
0.238607 0.926692
0.238704 0.926692
0.238800 0.926692
0.238897 0.926692
0.238994 0.926692
0.239090 0.926692
0.239187 0.926692
0.239284 0.926692
0.239380 0.926692
0.239477 0.926692
0.239574 0.926692
0.239670 0.926692
0.239767 0.926692
0.239864 0.926692
0.239961 0.926692
0.240057 0.926692
0.240154 0.926692
0.240251 0.926692
0.240347 0.926692
0.240444 0.926692
0.240541 0.926065
0.240637 0.926065
0.240734 0.926065
0.240831 0.926065
0.240928 0.926065
0.241024 0.926065
0.241121 0.926065
0.241218 0.926065
0.241314 0.926065
0.241411 0.926065
0.241508 0.926065
0.241604 0.926065
0.241701 0.926065
0.241798 0.926065
0.241894 0.926065
0.241991 0.926065
0.242088 0.926065
0.242185 0.926065
0.242281 0.926065
0.242378 0.926065
0.242475 0.926065
0.242571 0.926065
0.242668 0.926065
0.242765 0.926065
0.242861 0.926065
0.242958 0.926065
0.243055 0.926065
0.243152 0.926065
0.243248 0.926065
0.243345 0.926065
0.243442 0.926065
0.243538 0.926065
0.243635 0.926065
0.243732 0.926065
0.243828 0.926065
0.243925 0.926065
0.244022 0.926065
0.244119 0.926065
0.244215 0.926065
0.244312 0.925439
0.244409 0.925439
0.244505 0.925439
0.244602 0.925439
0.244699 0.925439
0.244795 0.925439
0.244892 0.925439
0.244989 0.925439
0.245085 0.925439
0.245182 0.925439
0.245279 0.925439
0.245376 0.925439
0.245472 0.924812
0.245569 0.924812
0.245666 0.924812
0.245762 0.924812
0.245859 0.924812
0.245956 0.924812
0.246052 0.924812
0.246149 0.924812
0.246246 0.924812
0.246343 0.924812
0.246439 0.924185
0.246536 0.924185
0.246633 0.924185
0.246729 0.924185
0.246826 0.924185
0.246923 0.924185
0.247019 0.924185
0.247116 0.924185
0.247213 0.923559
0.247309 0.923559
0.247406 0.923559
0.247503 0.923559
0.247600 0.923559
0.247696 0.923559
0.247793 0.923559
0.247890 0.923559
0.247986 0.923559
0.248083 0.923559
0.248180 0.923559
0.248276 0.923559
0.248373 0.922932
0.248470 0.922306
0.248567 0.922306
0.248663 0.921679
0.248760 0.921679
0.248857 0.921679
0.248953 0.921679
0.249050 0.921679
0.249147 0.921679
0.249243 0.921679
0.249340 0.921679
0.249437 0.921679
0.249533 0.921679
0.249630 0.921679
0.249727 0.921679
0.249824 0.921679
0.249920 0.921679
0.250017 0.921679
0.250114 0.921679
0.250210 0.921679
0.250307 0.921679
0.250404 0.921679
0.250500 0.921679
0.250597 0.921679
0.250694 0.921679
0.250791 0.921679
0.250887 0.921679
0.250984 0.921679
0.251081 0.921679
0.251177 0.921679
0.251274 0.921679
0.251371 0.921053
0.251467 0.921053
0.251564 0.921053
0.251661 0.921053
0.251757 0.921053
0.251854 0.921053
0.251951 0.921053
0.252048 0.921053
0.252144 0.921053
0.252241 0.921053
0.252338 0.921053
0.252434 0.921053
0.252531 0.921053
0.252628 0.921053
0.252724 0.921053
0.252821 0.921053
0.252918 0.921053
0.253015 0.921053
0.253111 0.921053
0.253208 0.921053
0.253305 0.921053
0.253401 0.921053
0.253498 0.921053
0.253595 0.921053
0.253691 0.921053
0.253788 0.921053
0.253885 0.921053
0.253981 0.921053
0.254078 0.921053
0.254175 0.921053
0.254272 0.921053
0.254368 0.921053
0.254465 0.921053
0.254562 0.921053
0.254658 0.921053
0.254755 0.920426
0.254852 0.920426
0.254948 0.920426
0.255045 0.920426
0.255142 0.920426
0.255239 0.920426
0.255335 0.920426
0.255432 0.920426
0.255529 0.919799
0.255625 0.919799
0.255722 0.919799
0.255819 0.919173
0.255915 0.919173
0.256012 0.918546
0.256109 0.918546
0.256206 0.918546
0.256302 0.918546
0.256399 0.918546
0.256496 0.918546
0.256592 0.918546
0.256689 0.918546
0.256786 0.918546
0.256882 0.917920
0.256979 0.917920
0.257076 0.917920
0.257172 0.917920
0.257269 0.917920
0.257366 0.917293
0.257463 0.917293
0.257559 0.917293
0.257656 0.917293
0.257753 0.916667
0.257849 0.916040
0.257946 0.916040
0.258043 0.916040
0.258139 0.916040
0.258236 0.916040
0.258333 0.916040
0.258430 0.916040
0.258526 0.916040
0.258623 0.915414
0.258720 0.914787
0.258816 0.914160
0.258913 0.914160
0.259010 0.914160
0.259106 0.914160
0.259203 0.914160
0.259300 0.914160
0.259396 0.914160
0.259493 0.914160
0.259590 0.914160
0.259687 0.914160
0.259783 0.914160
0.259880 0.914160
0.259977 0.914160
0.260073 0.914160
0.260170 0.914160
0.260267 0.914160
0.260363 0.914160
0.260460 0.914160
0.260557 0.914160
0.260654 0.914160
0.260750 0.914160
0.260847 0.914160
0.260944 0.914160
0.261040 0.914160
0.261137 0.914160
0.261234 0.914160
0.261330 0.914160
0.261427 0.914160
0.261524 0.913534
0.261620 0.913534
0.261717 0.913534
0.261814 0.913534
0.261911 0.913534
0.262007 0.913534
0.262104 0.913534
0.262201 0.913534
0.262297 0.913534
0.262394 0.913534
0.262491 0.913534
0.262587 0.913534
0.262684 0.913534
0.262781 0.913534
0.262878 0.913534
0.262974 0.913534
0.263071 0.913534
0.263168 0.913534
0.263264 0.913534
0.263361 0.913534
0.263458 0.913534
0.263554 0.913534
0.263651 0.913534
0.263748 0.913534
0.263844 0.913534
0.263941 0.913534
0.264038 0.913534
0.264135 0.913534
0.264231 0.913534
0.264328 0.913534
0.264425 0.912907
0.264521 0.912907
0.264618 0.912907
0.264715 0.912907
0.264811 0.912907
0.264908 0.912907
0.265005 0.912907
0.265102 0.912907
0.265198 0.912907
0.265295 0.912907
0.265392 0.912907
0.265488 0.912907
0.265585 0.912907
0.265682 0.912907
0.265778 0.912907
0.265875 0.912907
0.265972 0.912907
0.266068 0.912907
0.266165 0.912907
0.266262 0.912907
0.266359 0.912907
0.266455 0.912907
0.266552 0.912907
0.266649 0.912907
0.266745 0.912907
0.266842 0.912907
0.266939 0.912907
0.267035 0.912907
0.267132 0.912907
0.267229 0.912907
0.267326 0.912907
0.267422 0.912907
0.267519 0.912907
0.267616 0.912907
0.267712 0.912907
0.267809 0.912907
0.267906 0.912281
0.268002 0.912281
0.268099 0.912281
0.268196 0.912281
0.268292 0.912281
0.268389 0.912281
0.268486 0.912281
0.268583 0.912281
0.268679 0.912281
0.268776 0.912281
0.268873 0.912281
0.268969 0.912281
0.269066 0.912281
0.269163 0.912281
0.269259 0.912281
0.269356 0.911654
0.269453 0.911654
0.269550 0.911028
0.269646 0.911028
0.269743 0.911028
0.269840 0.911028
0.269936 0.911028
0.270033 0.911028
0.270130 0.911028
0.270226 0.911028
0.270323 0.911028
0.270420 0.911028
0.270517 0.911028
0.270613 0.911028
0.270710 0.911028
0.270807 0.911028
0.270903 0.911028
0.271000 0.911028
0.271097 0.911028
0.271193 0.911028
0.271290 0.911028
0.271387 0.911028
0.271483 0.911028
0.271580 0.911028
0.271677 0.911028
0.271774 0.911028
0.271870 0.911028
0.271967 0.911028
0.272064 0.911028
0.272160 0.911028
0.272257 0.911028
0.272354 0.911028
0.272450 0.911028
0.272547 0.911028
0.272644 0.910401
0.272741 0.910401
0.272837 0.910401
0.272934 0.910401
0.273031 0.910401
0.273127 0.910401
0.273224 0.910401
0.273321 0.910401
0.273417 0.910401
0.273514 0.910401
0.273611 0.910401
0.273707 0.910401
0.273804 0.909774
0.273901 0.909774
0.273998 0.909774
0.274094 0.909774
0.274191 0.909148
0.274288 0.907895
0.274384 0.907895
0.274481 0.907895
0.274578 0.907895
0.274674 0.907895
0.274771 0.907895
0.274868 0.907895
0.274965 0.907895
0.275061 0.907895
0.275158 0.907895
0.275255 0.907895
0.275351 0.907895
0.275448 0.907895
0.275545 0.907895
0.275641 0.907895
0.275738 0.907895
0.275835 0.907895
0.275931 0.907895
0.276028 0.907895
0.276125 0.907895
0.276222 0.907895
0.276318 0.907895
0.276415 0.907895
0.276512 0.907895
0.276608 0.907895
0.276705 0.907895
0.276802 0.907895
0.276898 0.907895
0.276995 0.907895
0.277092 0.907895
0.277189 0.907895
0.277285 0.907895
0.277382 0.907895
0.277479 0.907895
0.277575 0.907895
0.277672 0.907895
0.277769 0.907895
0.277865 0.907268
0.277962 0.907268
0.278059 0.907268
0.278155 0.907268
0.278252 0.907268
0.278349 0.907268
0.278446 0.907268
0.278542 0.907268
0.278639 0.907268
0.278736 0.907268
0.278832 0.907268
0.278929 0.907268
0.279026 0.907268
0.279122 0.907268
0.279219 0.907268
0.279316 0.907268
0.279413 0.907268
0.279509 0.907268
0.279606 0.907268
0.279703 0.907268
0.279799 0.907268
0.279896 0.907268
0.279993 0.907268
0.280089 0.907268
0.280186 0.907268
0.280283 0.907268
0.280379 0.907268
0.280476 0.907268
0.280573 0.907268
0.280670 0.907268
0.280766 0.907268
0.280863 0.907268
0.280960 0.907268
0.281056 0.907268
0.281153 0.907268
0.281250 0.907268
0.281346 0.907268
0.281443 0.907268
0.281540 0.907268
0.281637 0.907268
0.281733 0.907268
0.281830 0.906642
0.281927 0.906642
0.282023 0.906642
0.282120 0.906642
0.282217 0.906642
0.282313 0.906642
0.282410 0.906642
0.282507 0.906642
0.282603 0.906642
0.282700 0.906642
0.282797 0.906642
0.282894 0.906642
0.282990 0.906642
0.283087 0.906642
0.283184 0.906642
0.283280 0.906642
0.283377 0.906642
0.283474 0.906642
0.283570 0.906642
0.283667 0.906642
0.283764 0.906642
0.283861 0.906642
0.283957 0.906642
0.284054 0.906642
0.284151 0.906642
0.284247 0.906642
0.284344 0.906642
0.284441 0.906642
0.284537 0.906642
0.284634 0.906642
0.284731 0.906642
0.284828 0.906642
0.284924 0.906642
0.285021 0.906642
0.285118 0.906642
0.285214 0.906642
0.285311 0.906642
0.285408 0.906642
0.285504 0.906642
0.285601 0.906642
0.285698 0.906642
0.285794 0.906642
0.285891 0.906015
0.285988 0.906015
0.286085 0.906015
0.286181 0.906015
0.286278 0.906015
0.286375 0.906015
0.286471 0.906015
0.286568 0.906015
0.286665 0.906015
0.286761 0.906015
0.286858 0.906015
0.286955 0.906015
0.287052 0.906015
0.287148 0.906015
0.287245 0.905388
0.287342 0.905388
0.287438 0.905388
0.287535 0.905388
0.287632 0.905388
0.287728 0.905388
0.287825 0.905388
0.287922 0.905388
0.288018 0.905388
0.288115 0.905388
0.288212 0.905388
0.288309 0.905388
0.288405 0.905388
0.288502 0.905388
0.288599 0.905388
0.288695 0.905388
0.288792 0.905388
0.288889 0.905388
0.288985 0.905388
0.289082 0.905388
0.289179 0.905388
0.289276 0.905388
0.289372 0.905388
0.289469 0.905388
0.289566 0.905388
0.289662 0.905388
0.289759 0.905388
0.289856 0.905388
0.289952 0.905388
0.290049 0.905388
0.290146 0.904762
0.290242 0.904762
0.290339 0.904762
0.290436 0.904762
0.290533 0.904762
0.290629 0.904762
0.290726 0.904135
0.290823 0.904135
0.290919 0.904135
0.291016 0.904135
0.291113 0.903509
0.291209 0.903509
0.291306 0.903509
0.291403 0.903509
0.291500 0.903509
0.291596 0.902882
0.291693 0.902882
0.291790 0.902882
0.291886 0.902882
0.291983 0.902882
0.292080 0.902882
0.292176 0.902882
0.292273 0.902882
0.292370 0.902882
0.292466 0.902882
0.292563 0.902882
0.292660 0.902882
0.292757 0.902882
0.292853 0.902882
0.292950 0.902256
0.293047 0.902256
0.293143 0.902256
0.293240 0.902256
0.293337 0.902256
0.293433 0.902256
0.293530 0.902256
0.293627 0.902256
0.293724 0.902256
0.293820 0.902256
0.293917 0.902256
0.294014 0.902256
0.294110 0.902256
0.294207 0.902256
0.294304 0.902256
0.294400 0.902256
0.294497 0.902256
0.294594 0.902256
0.294690 0.902256
0.294787 0.902256
0.294884 0.902256
0.294981 0.901629
0.295077 0.901003
0.295174 0.901003
0.295271 0.901003
0.295367 0.901003
0.295464 0.900376
0.295561 0.900376
0.295657 0.900376
0.295754 0.900376
0.295851 0.900376
0.295948 0.900376
0.296044 0.900376
0.296141 0.900376
0.296238 0.900376
0.296334 0.900376
0.296431 0.900376
0.296528 0.900376
0.296624 0.900376
0.296721 0.900376
0.296818 0.900376
0.296914 0.900376
0.297011 0.900376
0.297108 0.900376
0.297205 0.900376
0.297301 0.900376
0.297398 0.900376
0.297495 0.900376
0.297591 0.900376
0.297688 0.900376
0.297785 0.900376
0.297881 0.900376
0.297978 0.900376
0.298075 0.900376
0.298172 0.900376
0.298268 0.900376
0.298365 0.900376
0.298462 0.899749
0.298558 0.899123
0.298655 0.899123
0.298752 0.898496
0.298848 0.898496
0.298945 0.898496
0.299042 0.898496
0.299139 0.898496
0.299235 0.898496
0.299332 0.898496
0.299429 0.898496
0.299525 0.898496
0.299622 0.897870
0.299719 0.897243
0.299815 0.897243
0.299912 0.897243
0.300009 0.897243
0.300105 0.897243
0.300202 0.897243
0.300299 0.897243
0.300396 0.897243
0.300492 0.897243
0.300589 0.897243
0.300686 0.897243
0.300782 0.897243
0.300879 0.897243
0.300976 0.897243
0.301072 0.896617
0.301169 0.896617
0.301266 0.896617
0.301363 0.895990
0.301459 0.895990
0.301556 0.895990
0.301653 0.895990
0.301749 0.895990
0.301846 0.895363
0.301943 0.895363
0.302039 0.895363
0.302136 0.895363
0.302233 0.895363
0.302329 0.895363
0.302426 0.895363
0.302523 0.895363
0.302620 0.895363
0.302716 0.895363
0.302813 0.895363
0.302910 0.895363
0.303006 0.895363
0.303103 0.895363
0.303200 0.895363
0.303296 0.895363
0.303393 0.895363
0.303490 0.895363
0.303587 0.895363
0.303683 0.895363
0.303780 0.895363
0.303877 0.895363
0.303973 0.895363
0.304070 0.895363
0.304167 0.895363
0.304263 0.895363
0.304360 0.894737
0.304457 0.894737
0.304553 0.894737
0.304650 0.894737
0.304747 0.894737
0.304844 0.894737
0.304940 0.894737
0.305037 0.894737
0.305134 0.894737
0.305230 0.894737
0.305327 0.894737
0.305424 0.894737
0.305520 0.894737
0.305617 0.894737
0.305714 0.894737
0.305811 0.894737
0.305907 0.894737
0.306004 0.894737
0.306101 0.894737
0.306197 0.894737
0.306294 0.894737
0.306391 0.894737
0.306487 0.894737
0.306584 0.894737
0.306681 0.894737
0.306777 0.894737
0.306874 0.893484
0.306971 0.893484
0.307068 0.893484
0.307164 0.892857
0.307261 0.892857
0.307358 0.892857
0.307454 0.892857
0.307551 0.892857
0.307648 0.892857
0.307744 0.892857
0.307841 0.892857
0.307938 0.891604
0.308035 0.891604
0.308131 0.891604
0.308228 0.891604
0.308325 0.891604
0.308421 0.890977
0.308518 0.890977
0.308615 0.890977
0.308711 0.890977
0.308808 0.890977
0.308905 0.890977
0.309001 0.890977
0.309098 0.890977
0.309195 0.890977
0.309292 0.890977
0.309388 0.890977
0.309485 0.890977
0.309582 0.890977
0.309678 0.890977
0.309775 0.890351
0.309872 0.890351
0.309968 0.889724
0.310065 0.889724
0.310162 0.889724
0.310259 0.889724
0.310355 0.889724
0.310452 0.889724
0.310549 0.889724
0.310645 0.889724
0.310742 0.889724
0.310839 0.889724
0.310935 0.889724
0.311032 0.889724
0.311129 0.889724
0.311225 0.889724
0.311322 0.889724
0.311419 0.889724
0.311516 0.889724
0.311612 0.889098
0.311709 0.889098
0.311806 0.889098
0.311902 0.889098
0.311999 0.889098
0.312096 0.889098
0.312192 0.889098
0.312289 0.889098
0.312386 0.889098
0.312483 0.888471
0.312579 0.888471
0.312676 0.887845
0.312773 0.887845
0.312869 0.887845
0.312966 0.887845
0.313063 0.887845
0.313159 0.887845
0.313256 0.887218
0.313353 0.887218
0.313450 0.887218
0.313546 0.887218
0.313643 0.887218
0.313740 0.887218
0.313836 0.886591
0.313933 0.886591
0.314030 0.886591
0.314126 0.886591
0.314223 0.886591
0.314320 0.886591
0.314416 0.886591
0.314513 0.886591
0.314610 0.886591
0.314707 0.886591
0.314803 0.886591
0.314900 0.886591
0.314997 0.886591
0.315093 0.886591
0.315190 0.886591
0.315287 0.886591
0.315383 0.886591
0.315480 0.886591
0.315577 0.886591
0.315674 0.886591
0.315770 0.886591
0.315867 0.886591
0.315964 0.886591
0.316060 0.886591
0.316157 0.886591
0.316254 0.886591
0.316350 0.886591
0.316447 0.886591
0.316544 0.886591
0.316640 0.886591
0.316737 0.886591
0.316834 0.886591
0.316931 0.886591
0.317027 0.886591
0.317124 0.886591
0.317221 0.886591
0.317317 0.886591
0.317414 0.886591
0.317511 0.886591
0.317607 0.886591
0.317704 0.886591
0.317801 0.886591
0.317898 0.886591
0.317994 0.886591
0.318091 0.886591
0.318188 0.886591
0.318284 0.886591
0.318381 0.886591
0.318478 0.886591
0.318574 0.886591
0.318671 0.886591
0.318768 0.886591
0.318864 0.886591
0.318961 0.886591
0.319058 0.886591
0.319155 0.886591
0.319251 0.886591
0.319348 0.886591
0.319445 0.886591
0.319541 0.886591
0.319638 0.886591
0.319735 0.886591
0.319831 0.886591
0.319928 0.885965
0.320025 0.885338
0.320122 0.885338
0.320218 0.885338
0.320315 0.885338
0.320412 0.885338
0.320508 0.885338
0.320605 0.885338
0.320702 0.885338
0.320798 0.885338
0.320895 0.885338
0.320992 0.885338
0.321088 0.885338
0.321185 0.885338
0.321282 0.885338
0.321379 0.884712
0.321475 0.884712
0.321572 0.884712
0.321669 0.884712
0.321765 0.884712
0.321862 0.884712
0.321959 0.884712
0.322055 0.884712
0.322152 0.884712
0.322249 0.884712
0.322346 0.884712
0.322442 0.884712
0.322539 0.884712
0.322636 0.884712
0.322732 0.884712
0.322829 0.884712
0.322926 0.884712
0.323022 0.884712
0.323119 0.884712
0.323216 0.884712
0.323312 0.884712
0.323409 0.884712
0.323506 0.884712
0.323603 0.884712
0.323699 0.884712
0.323796 0.884712
0.323893 0.884085
0.323989 0.884085
0.324086 0.884085
0.324183 0.884085
0.324279 0.884085
0.324376 0.884085
0.324473 0.884085
0.324570 0.884085
0.324666 0.884085
0.324763 0.884085
0.324860 0.884085
0.324956 0.884085
0.325053 0.884085
0.325150 0.884085
0.325246 0.884085
0.325343 0.884085
0.325440 0.884085
0.325536 0.884085
0.325633 0.884085
0.325730 0.884085
0.325827 0.884085
0.325923 0.884085
0.326020 0.883459
0.326117 0.883459
0.326213 0.883459
0.326310 0.883459
0.326407 0.883459
0.326503 0.883459
0.326600 0.883459
0.326697 0.882832
0.326794 0.882832
0.326890 0.882832
0.326987 0.882832
0.327084 0.882832
0.327180 0.882832
0.327277 0.882206
0.327374 0.882206
0.327470 0.882206
0.327567 0.882206
0.327664 0.882206
0.327761 0.882206
0.327857 0.882206
0.327954 0.881579
0.328051 0.881579
0.328147 0.881579
0.328244 0.881579
0.328341 0.881579
0.328437 0.881579
0.328534 0.881579
0.328631 0.881579
0.328727 0.881579
0.328824 0.881579
0.328921 0.881579
0.329018 0.881579
0.329114 0.881579
0.329211 0.881579
0.329308 0.881579
0.329404 0.881579
0.329501 0.881579
0.329598 0.881579
0.329694 0.881579
0.329791 0.881579
0.329888 0.881579
0.329985 0.881579
0.330081 0.881579
0.330178 0.881579
0.330275 0.881579
0.330371 0.881579
0.330468 0.881579
0.330565 0.881579
0.330661 0.881579
0.330758 0.881579
0.330855 0.881579
0.330951 0.881579
0.331048 0.881579
0.331145 0.881579
0.331242 0.881579
0.331338 0.881579
0.331435 0.881579
0.331532 0.881579
0.331628 0.881579
0.331725 0.881579
0.331822 0.881579
0.331918 0.881579
0.332015 0.881579
0.332112 0.881579
0.332209 0.881579
0.332305 0.881579
0.332402 0.881579
0.332499 0.881579
0.332595 0.881579
0.332692 0.881579
0.332789 0.881579
0.332885 0.881579
0.332982 0.881579
0.333079 0.881579
0.333175 0.881579
0.333272 0.881579
0.333369 0.881579
0.333466 0.881579
0.333562 0.881579
0.333659 0.881579
0.333756 0.881579
0.333852 0.881579
0.333949 0.881579
0.334046 0.880952
0.334142 0.880952
0.334239 0.880952
0.334336 0.880952
0.334433 0.880952
0.334529 0.880952
0.334626 0.880952
0.334723 0.880952
0.334819 0.880952
0.334916 0.880326
0.335013 0.880326
0.335109 0.880326
0.335206 0.879699
0.335303 0.879699
0.335399 0.879699
0.335496 0.879699
0.335593 0.879699
0.335690 0.879699
0.335786 0.879699
0.335883 0.879699
0.335980 0.879699
0.336076 0.879699
0.336173 0.879699
0.336270 0.879699
0.336366 0.879699
0.336463 0.879699
0.336560 0.879699
0.336657 0.879699
0.336753 0.879699
0.336850 0.879699
0.336947 0.879699
0.337043 0.879699
0.337140 0.879699
0.337237 0.879699
0.337333 0.879699
0.337430 0.879699
0.337527 0.879699
0.337623 0.879699
0.337720 0.879699
0.337817 0.879699
0.337914 0.879699
0.338010 0.879699
0.338107 0.879699
0.338204 0.879699
0.338300 0.878446
0.338397 0.878446
0.338494 0.878446
0.338590 0.878446
0.338687 0.877820
0.338784 0.877820
0.338881 0.877820
0.338977 0.877820
0.339074 0.877820
0.339171 0.877820
0.339267 0.877820
0.339364 0.877820
0.339461 0.877820
0.339557 0.877820
0.339654 0.877820
0.339751 0.877820
0.339847 0.877820
0.339944 0.877193
0.340041 0.876566
0.340138 0.876566
0.340234 0.876566
0.340331 0.876566
0.340428 0.876566
0.340524 0.876566
0.340621 0.876566
0.340718 0.876566
0.340814 0.876566
0.340911 0.876566
0.341008 0.876566
0.341105 0.876566
0.341201 0.876566
0.341298 0.876566
0.341395 0.876566
0.341491 0.876566
0.341588 0.876566
0.341685 0.876566
0.341781 0.876566
0.341878 0.876566
0.341975 0.876566
0.342072 0.876566
0.342168 0.876566
0.342265 0.876566
0.342362 0.876566
0.342458 0.876566
0.342555 0.876566
0.342652 0.876566
0.342748 0.876566
0.342845 0.876566
0.342942 0.876566
0.343038 0.876566
0.343135 0.876566
0.343232 0.876566
0.343329 0.876566
0.343425 0.875940
0.343522 0.875940
0.343619 0.875940
0.343715 0.875940
0.343812 0.875940
0.343909 0.875940
0.344005 0.875940
0.344102 0.875313
0.344199 0.875313
0.344296 0.875313
0.344392 0.875313
0.344489 0.875313
0.344586 0.875313
0.344682 0.875313
0.344779 0.875313
0.344876 0.875313
0.344972 0.875313
0.345069 0.875313
0.345166 0.875313
0.345262 0.875313
0.345359 0.875313
0.345456 0.875313
0.345553 0.875313
0.345649 0.875313
0.345746 0.875313
0.345843 0.875313
0.345939 0.875313
0.346036 0.875313
0.346133 0.875313
0.346229 0.875313
0.346326 0.875313
0.346423 0.875313
0.346520 0.875313
0.346616 0.875313
0.346713 0.875313
0.346810 0.875313
0.346906 0.874687
0.347003 0.874687
0.347100 0.874687
0.347196 0.874687
0.347293 0.874687
0.347390 0.874687
0.347486 0.874687
0.347583 0.874687
0.347680 0.874687
0.347777 0.874687
0.347873 0.874060
0.347970 0.874060
0.348067 0.874060
0.348163 0.874060
0.348260 0.874060
0.348357 0.874060
0.348453 0.873434
0.348550 0.873434
0.348647 0.873434
0.348744 0.873434
0.348840 0.873434
0.348937 0.873434
0.349034 0.873434
0.349130 0.873434
0.349227 0.873434
0.349324 0.873434
0.349420 0.873434
0.349517 0.873434
0.349614 0.872807
0.349710 0.872807
0.349807 0.872807
0.349904 0.872807
0.350001 0.872807
0.350097 0.872807
0.350194 0.872807
0.350291 0.872807
0.350387 0.872807
0.350484 0.872807
0.350581 0.872807
0.350677 0.872807
0.350774 0.872807
0.350871 0.872807
0.350968 0.872807
0.351064 0.872807
0.351161 0.872807
0.351258 0.872807
0.351354 0.872807
0.351451 0.872807
0.351548 0.872807
0.351644 0.872807
0.351741 0.872807
0.351838 0.872807
0.351934 0.872807
0.352031 0.872807
0.352128 0.872807
0.352225 0.872807
0.352321 0.872807
0.352418 0.872807
0.352515 0.872807
0.352611 0.872180
0.352708 0.872180
0.352805 0.872180
0.352901 0.872180
0.352998 0.872180
0.353095 0.872180
0.353192 0.871554
0.353288 0.871554
0.353385 0.871554
0.353482 0.871554
0.353578 0.871554
0.353675 0.871554
0.353772 0.871554
0.353868 0.871554
0.353965 0.871554
0.354062 0.871554
0.354159 0.871554
0.354255 0.871554
0.354352 0.871554
0.354449 0.871554
0.354545 0.871554
0.354642 0.871554
0.354739 0.871554
0.354835 0.871554
0.354932 0.871554
0.355029 0.871554
0.355125 0.871554
0.355222 0.871554
0.355319 0.870927
0.355416 0.870927
0.355512 0.870927
0.355609 0.870927
0.355706 0.870927
0.355802 0.870927
0.355899 0.870927
0.355996 0.870927
0.356092 0.870927
0.356189 0.870927
0.356286 0.870927
0.356383 0.870927
0.356479 0.870301
0.356576 0.870301
0.356673 0.870301
0.356769 0.870301
0.356866 0.870301
0.356963 0.870301
0.357059 0.870301
0.357156 0.870301
0.357253 0.870301
0.357349 0.870301
0.357446 0.870301
0.357543 0.870301
0.357640 0.869674
0.357736 0.869674
0.357833 0.869674
0.357930 0.869674
0.358026 0.869048
0.358123 0.869048
0.358220 0.869048
0.358316 0.869048
0.358413 0.869048
0.358510 0.869048
0.358607 0.869048
0.358703 0.868421
0.358800 0.868421
0.358897 0.868421
0.358993 0.868421
0.359090 0.868421
0.359187 0.868421
0.359283 0.868421
0.359380 0.868421
0.359477 0.868421
0.359573 0.868421
0.359670 0.868421
0.359767 0.868421
0.359864 0.867794
0.359960 0.867794
0.360057 0.867794
0.360154 0.867794
0.360250 0.867794
0.360347 0.867794
0.360444 0.867794
0.360540 0.867794
0.360637 0.867794
0.360734 0.867168
0.360831 0.867168
0.360927 0.867168
0.361024 0.867168
0.361121 0.867168
0.361217 0.867168
0.361314 0.867168
0.361411 0.867168
0.361507 0.867168
0.361604 0.867168
0.361701 0.867168
0.361797 0.867168
0.361894 0.867168
0.361991 0.867168
0.362088 0.867168
0.362184 0.867168
0.362281 0.867168
0.362378 0.867168
0.362474 0.867168
0.362571 0.867168
0.362668 0.867168
0.362764 0.867168
0.362861 0.867168
0.362958 0.867168
0.363055 0.866541
0.363151 0.866541
0.363248 0.866541
0.363345 0.865288
0.363441 0.865288
0.363538 0.865288
0.363635 0.865288
0.363731 0.865288
0.363828 0.865288
0.363925 0.865288
0.364021 0.865288
0.364118 0.865288
0.364215 0.865288
0.364312 0.865288
0.364408 0.865288
0.364505 0.865288
0.364602 0.865288
0.364698 0.865288
0.364795 0.864662
0.364892 0.864662
0.364988 0.864662
0.365085 0.864662
0.365182 0.864662
0.365279 0.864662
0.365375 0.864662
0.365472 0.864662
0.365569 0.864662
0.365665 0.864662
0.365762 0.864662
0.365859 0.864662
0.365955 0.864035
0.366052 0.864035
0.366149 0.864035
0.366245 0.864035
0.366342 0.864035
0.366439 0.864035
0.366536 0.864035
0.366632 0.864035
0.366729 0.864035
0.366826 0.863409
0.366922 0.863409
0.367019 0.863409
0.367116 0.863409
0.367212 0.862782
0.367309 0.862782
0.367406 0.862782
0.367503 0.862782
0.367599 0.862782
0.367696 0.862782
0.367793 0.862782
0.367889 0.862782
0.367986 0.862782
0.368083 0.862782
0.368179 0.862782
0.368276 0.862782
0.368373 0.862782
0.368470 0.862782
0.368566 0.862782
0.368663 0.862782
0.368760 0.862782
0.368856 0.862782
0.368953 0.862782
0.369050 0.862782
0.369146 0.862782
0.369243 0.862155
0.369340 0.862155
0.369436 0.862155
0.369533 0.862155
0.369630 0.861529
0.369727 0.861529
0.369823 0.861529
0.369920 0.861529
0.370017 0.861529
0.370113 0.861529
0.370210 0.861529
0.370307 0.861529
0.370403 0.861529
0.370500 0.861529
0.370597 0.861529
0.370694 0.861529
0.370790 0.860902
0.370887 0.860276
0.370984 0.860276
0.371080 0.860276
0.371177 0.860276
0.371274 0.860276
0.371370 0.860276
0.371467 0.860276
0.371564 0.860276
0.371660 0.860276
0.371757 0.859649
0.371854 0.859649
0.371951 0.859649
0.372047 0.859649
0.372144 0.859649
0.372241 0.859649
0.372337 0.859649
0.372434 0.859649
0.372531 0.859649
0.372627 0.859023
0.372724 0.859023
0.372821 0.859023
0.372918 0.859023
0.373014 0.859023
0.373111 0.859023
0.373208 0.859023
0.373304 0.859023
0.373401 0.859023
0.373498 0.859023
0.373594 0.859023
0.373691 0.859023
0.373788 0.859023
0.373884 0.859023
0.373981 0.859023
0.374078 0.859023
0.374175 0.859023
0.374271 0.859023
0.374368 0.859023
0.374465 0.859023
0.374561 0.859023
0.374658 0.858396
0.374755 0.858396
0.374851 0.858396
0.374948 0.858396
0.375045 0.858396
0.375142 0.858396
0.375238 0.858396
0.375335 0.858396
0.375432 0.858396
0.375528 0.858396
0.375625 0.858396
0.375722 0.857769
0.375818 0.857769
0.375915 0.857769
0.376012 0.857143
0.376108 0.857143
0.376205 0.856516
0.376302 0.856516
0.376399 0.855890
0.376495 0.855890
0.376592 0.855890
0.376689 0.855890
0.376785 0.855890
0.376882 0.855890
0.376979 0.855263
0.377075 0.855263
0.377172 0.855263
0.377269 0.855263
0.377366 0.855263
0.377462 0.855263
0.377559 0.855263
0.377656 0.855263
0.377752 0.855263
0.377849 0.854637
0.377946 0.854637
0.378042 0.854637
0.378139 0.854010
0.378236 0.854010
0.378332 0.854010
0.378429 0.854010
0.378526 0.854010
0.378623 0.854010
0.378719 0.854010
0.378816 0.854010
0.378913 0.854010
0.379009 0.854010
0.379106 0.854010
0.379203 0.854010
0.379299 0.854010
0.379396 0.854010
0.379493 0.854010
0.379590 0.854010
0.379686 0.854010
0.379783 0.854010
0.379880 0.854010
0.379976 0.854010
0.380073 0.854010
0.380170 0.854010
0.380266 0.853383
0.380363 0.853383
0.380460 0.853383
0.380556 0.853383
0.380653 0.853383
0.380750 0.853383
0.380847 0.853383
0.380943 0.853383
0.381040 0.853383
0.381137 0.853383
0.381233 0.853383
0.381330 0.853383
0.381427 0.853383
0.381523 0.853383
0.381620 0.853383
0.381717 0.853383
0.381814 0.853383
0.381910 0.853383
0.382007 0.853383
0.382104 0.853383
0.382200 0.853383
0.382297 0.853383
0.382394 0.853383
0.382490 0.852757
0.382587 0.852757
0.382684 0.852757
0.382781 0.852757
0.382877 0.852757
0.382974 0.852757
0.383071 0.852757
0.383167 0.852757
0.383264 0.852757
0.383361 0.852757
0.383457 0.852757
0.383554 0.852757
0.383651 0.852130
0.383747 0.852130
0.383844 0.852130
0.383941 0.852130
0.384038 0.852130
0.384134 0.852130
0.384231 0.852130
0.384328 0.852130
0.384424 0.851504
0.384521 0.851504
0.384618 0.851504
0.384714 0.851504
0.384811 0.851504
0.384908 0.851504
0.385005 0.851504
0.385101 0.851504
0.385198 0.851504
0.385295 0.851504
0.385391 0.851504
0.385488 0.851504
0.385585 0.851504
0.385681 0.851504
0.385778 0.851504
0.385875 0.851504
0.385971 0.851504
0.386068 0.851504
0.386165 0.851504
0.386262 0.851504
0.386358 0.851504
0.386455 0.851504
0.386552 0.851504
0.386648 0.851504
0.386745 0.850251
0.386842 0.850251
0.386938 0.850251
0.387035 0.850251
0.387132 0.850251
0.387229 0.849624
0.387325 0.848997
0.387422 0.848997
0.387519 0.848997
0.387615 0.848997
0.387712 0.848997
0.387809 0.848997
0.387905 0.848371
0.388002 0.848371
0.388099 0.848371
0.388195 0.848371
0.388292 0.848371
0.388389 0.848371
0.388486 0.848371
0.388582 0.848371
0.388679 0.848371
0.388776 0.848371
0.388872 0.848371
0.388969 0.848371
0.389066 0.848371
0.389162 0.848371
0.389259 0.848371
0.389356 0.848371
0.389453 0.848371
0.389549 0.848371
0.389646 0.848371
0.389743 0.848371
0.389839 0.848371
0.389936 0.848371
0.390033 0.848371
0.390129 0.848371
0.390226 0.848371
0.390323 0.848371
0.390419 0.848371
0.390516 0.848371
0.390613 0.848371
0.390710 0.848371
0.390806 0.848371
0.390903 0.848371
0.391000 0.848371
0.391096 0.848371
0.391193 0.848371
0.391290 0.848371
0.391386 0.848371
0.391483 0.848371
0.391580 0.848371
0.391677 0.848371
0.391773 0.848371
0.391870 0.848371
0.391967 0.847744
0.392063 0.847118
0.392160 0.847118
0.392257 0.847118
0.392353 0.847118
0.392450 0.847118
0.392547 0.847118
0.392643 0.847118
0.392740 0.847118
0.392837 0.847118
0.392934 0.847118
0.393030 0.847118
0.393127 0.846491
0.393224 0.846491
0.393320 0.846491
0.393417 0.845865
0.393514 0.845865
0.393610 0.845865
0.393707 0.845865
0.393804 0.845865
0.393901 0.845865
0.393997 0.845865
0.394094 0.845865
0.394191 0.845865
0.394287 0.845865
0.394384 0.845865
0.394481 0.845865
0.394577 0.845865
0.394674 0.845865
0.394771 0.845865
0.394867 0.845865
0.394964 0.845865
0.395061 0.845865
0.395158 0.845865
0.395254 0.845865
0.395351 0.845865
0.395448 0.845865
0.395544 0.845865
0.395641 0.845865
0.395738 0.845865
0.395834 0.845865
0.395931 0.845865
0.396028 0.845865
0.396125 0.845238
0.396221 0.845238
0.396318 0.845238
0.396415 0.844612
0.396511 0.843358
0.396608 0.843358
0.396705 0.843358
0.396801 0.843358
0.396898 0.843358
0.396995 0.843358
0.397092 0.843358
0.397188 0.843358
0.397285 0.843358
0.397382 0.842732
0.397478 0.842732
0.397575 0.842732
0.397672 0.842105
0.397768 0.842105
0.397865 0.842105
0.397962 0.842105
0.398058 0.842105
0.398155 0.841479
0.398252 0.841479
0.398349 0.841479
0.398445 0.841479
0.398542 0.841479
0.398639 0.841479
0.398735 0.841479
0.398832 0.841479
0.398929 0.841479
0.399025 0.841479
0.399122 0.841479
0.399219 0.841479
0.399316 0.841479
0.399412 0.841479
0.399509 0.841479
0.399606 0.841479
0.399702 0.841479
0.399799 0.841479
0.399896 0.841479
0.399992 0.841479
0.400089 0.841479
0.400186 0.840852
0.400282 0.840852
0.400379 0.840852
0.400476 0.840852
0.400573 0.840852
0.400669 0.840852
0.400766 0.840852
0.400863 0.840852
0.400959 0.840852
0.401056 0.840226
0.401153 0.840226
0.401249 0.840226
0.401346 0.840226
0.401443 0.840226
0.401540 0.839599
0.401636 0.839599
0.401733 0.839599
0.401830 0.839599
0.401926 0.839599
0.402023 0.839599
0.402120 0.839599
0.402216 0.839599
0.402313 0.839599
0.402410 0.839599
0.402506 0.839599
0.402603 0.839599
0.402700 0.839599
0.402797 0.839599
0.402893 0.839599
0.402990 0.839599
0.403087 0.839599
0.403183 0.839599
0.403280 0.839599
0.403377 0.839599
0.403473 0.839599
0.403570 0.838972
0.403667 0.838972
0.403764 0.838972
0.403860 0.838972
0.403957 0.838972
0.404054 0.838972
0.404150 0.838972
0.404247 0.838972
0.404344 0.838972
0.404440 0.838972
0.404537 0.838972
0.404634 0.838972
0.404730 0.838972
0.404827 0.838972
0.404924 0.838972
0.405021 0.838972
0.405117 0.838972
0.405214 0.838972
0.405311 0.838972
0.405407 0.838972
0.405504 0.838972
0.405601 0.838972
0.405697 0.838972
0.405794 0.838972
0.405891 0.838346
0.405988 0.838346
0.406084 0.838346
0.406181 0.838346
0.406278 0.838346
0.406374 0.838346
0.406471 0.838346
0.406568 0.838346
0.406664 0.838346
0.406761 0.838346
0.406858 0.838346
0.406954 0.838346
0.407051 0.838346
0.407148 0.838346
0.407245 0.837719
0.407341 0.837719
0.407438 0.837719
0.407535 0.837719
0.407631 0.837719
0.407728 0.837719
0.407825 0.837719
0.407921 0.837719
0.408018 0.837719
0.408115 0.837719
0.408212 0.837719
0.408308 0.837719
0.408405 0.837719
0.408502 0.837719
0.408598 0.837093
0.408695 0.837093
0.408792 0.836466
0.408888 0.836466
0.408985 0.836466
0.409082 0.836466
0.409178 0.836466
0.409275 0.836466
0.409372 0.836466
0.409469 0.836466
0.409565 0.836466
0.409662 0.836466
0.409759 0.836466
0.409855 0.836466
0.409952 0.836466
0.410049 0.836466
0.410145 0.836466
0.410242 0.836466
0.410339 0.836466
0.410436 0.836466
0.410532 0.836466
0.410629 0.836466
0.410726 0.836466
0.410822 0.836466
0.410919 0.836466
0.411016 0.836466
0.411112 0.836466
0.411209 0.836466
0.411306 0.836466
0.411403 0.836466
0.411499 0.836466
0.411596 0.836466
0.411693 0.836466
0.411789 0.836466
0.411886 0.836466
0.411983 0.836466
0.412079 0.836466
0.412176 0.835840
0.412273 0.835840
0.412369 0.835840
0.412466 0.835213
0.412563 0.835213
0.412660 0.835213
0.412756 0.835213
0.412853 0.835213
0.412950 0.835213
0.413046 0.835213
0.413143 0.835213
0.413240 0.835213
0.413336 0.835213
0.413433 0.835213
0.413530 0.835213
0.413627 0.835213
0.413723 0.835213
0.413820 0.835213
0.413917 0.835213
0.414013 0.835213
0.414110 0.835213
0.414207 0.835213
0.414303 0.835213
0.414400 0.835213
0.414497 0.835213
0.414593 0.835213
0.414690 0.835213
0.414787 0.835213
0.414884 0.835213
0.414980 0.835213
0.415077 0.834586
0.415174 0.834586
0.415270 0.834586
0.415367 0.834586
0.415464 0.833960
0.415560 0.833960
0.415657 0.833960
0.415754 0.833960
0.415851 0.833960
0.415947 0.833960
0.416044 0.833960
0.416141 0.833960
0.416237 0.833960
0.416334 0.833333
0.416431 0.833333
0.416527 0.832707
0.416624 0.832707
0.416721 0.832707
0.416817 0.832707
0.416914 0.832707
0.417011 0.832707
0.417108 0.832707
0.417204 0.832707
0.417301 0.832707
0.417398 0.832707
0.417494 0.832080
0.417591 0.832080
0.417688 0.831454
0.417784 0.831454
0.417881 0.831454
0.417978 0.831454
0.418075 0.831454
0.418171 0.831454
0.418268 0.831454
0.418365 0.831454
0.418461 0.831454
0.418558 0.830827
0.418655 0.830827
0.418751 0.830827
0.418848 0.830827
0.418945 0.830827
0.419041 0.830827
0.419138 0.830827
0.419235 0.830827
0.419332 0.830827
0.419428 0.830827
0.419525 0.830827
0.419622 0.830827
0.419718 0.830827
0.419815 0.830827
0.419912 0.829574
0.420008 0.829574
0.420105 0.829574
0.420202 0.829574
0.420299 0.829574
0.420395 0.829574
0.420492 0.829574
0.420589 0.829574
0.420685 0.829574
0.420782 0.829574
0.420879 0.829574
0.420975 0.828947
0.421072 0.828947
0.421169 0.828947
0.421265 0.828947
0.421362 0.828947
0.421459 0.828947
0.421556 0.828947
0.421652 0.828321
0.421749 0.828321
0.421846 0.828321
0.421942 0.828321
0.422039 0.828321
0.422136 0.828321
0.422232 0.828321
0.422329 0.828321
0.422426 0.827694
0.422523 0.827694
0.422619 0.827694
0.422716 0.827694
0.422813 0.827694
0.422909 0.827694
0.423006 0.827068
0.423103 0.827068
0.423199 0.827068
0.423296 0.827068
0.423393 0.827068
0.423489 0.827068
0.423586 0.827068
0.423683 0.827068
0.423780 0.827068
0.423876 0.827068
0.423973 0.827068
0.424070 0.826441
0.424166 0.826441
0.424263 0.826441
0.424360 0.826441
0.424456 0.826441
0.424553 0.826441
0.424650 0.826441
0.424747 0.826441
0.424843 0.826441
0.424940 0.826441
0.425037 0.826441
0.425133 0.826441
0.425230 0.826441
0.425327 0.826441
0.425423 0.826441
0.425520 0.826441
0.425617 0.826441
0.425714 0.825815
0.425810 0.825815
0.425907 0.825815
0.426004 0.825815
0.426100 0.825188
0.426197 0.825188
0.426294 0.825188
0.426390 0.825188
0.426487 0.825188
0.426584 0.825188
0.426680 0.825188
0.426777 0.825188
0.426874 0.825188
0.426971 0.825188
0.427067 0.825188
0.427164 0.825188
0.427261 0.825188
0.427357 0.825188
0.427454 0.825188
0.427551 0.825188
0.427647 0.825188
0.427744 0.825188
0.427841 0.825188
0.427938 0.825188
0.428034 0.825188
0.428131 0.825188
0.428228 0.825188
0.428324 0.825188
0.428421 0.824561
0.428518 0.824561
0.428614 0.824561
0.428711 0.823935
0.428808 0.823935
0.428904 0.823935
0.429001 0.823308
0.429098 0.823308
0.429195 0.823308
0.429291 0.823308
0.429388 0.823308
0.429485 0.823308
0.429581 0.823308
0.429678 0.823308
0.429775 0.823308
0.429871 0.823308
0.429968 0.823308
0.430065 0.823308
0.430162 0.823308
0.430258 0.823308
0.430355 0.823308
0.430452 0.823308
0.430548 0.823308
0.430645 0.823308
0.430742 0.823308
0.430838 0.822055
0.430935 0.822055
0.431032 0.822055
0.431128 0.822055
0.431225 0.822055
0.431322 0.822055
0.431419 0.821429
0.431515 0.821429
0.431612 0.821429
0.431709 0.821429
0.431805 0.820802
0.431902 0.820802
0.431999 0.820802
0.432095 0.820802
0.432192 0.820175
0.432289 0.820175
0.432386 0.820175
0.432482 0.820175
0.432579 0.819549
0.432676 0.819549
0.432772 0.819549
0.432869 0.819549
0.432966 0.819549
0.433062 0.819549
0.433159 0.818922
0.433256 0.818922
0.433352 0.818922
0.433449 0.818922
0.433546 0.818296
0.433643 0.818296
0.433739 0.818296
0.433836 0.817669
0.433933 0.817669
0.434029 0.817669
0.434126 0.817669
0.434223 0.817043
0.434319 0.817043
0.434416 0.817043
0.434513 0.816416
0.434610 0.816416
0.434706 0.816416
0.434803 0.816416
0.434900 0.816416
0.434996 0.815789
0.435093 0.815789
0.435190 0.815163
0.435286 0.815163
0.435383 0.815163
0.435480 0.814536
0.435576 0.814536
0.435673 0.814536
0.435770 0.814536
0.435867 0.814536
0.435963 0.814536
0.436060 0.814536
0.436157 0.814536
0.436253 0.814536
0.436350 0.814536
0.436447 0.814536
0.436543 0.814536
0.436640 0.814536
0.436737 0.814536
0.436834 0.814536
0.436930 0.814536
0.437027 0.814536
0.437124 0.814536
0.437220 0.814536
0.437317 0.814536
0.437414 0.814536
0.437510 0.814536
0.437607 0.814536
0.437704 0.813910
0.437801 0.813910
0.437897 0.813910
0.437994 0.813283
0.438091 0.812657
0.438187 0.812657
0.438284 0.812657
0.438381 0.811404
0.438477 0.811404
0.438574 0.811404
0.438671 0.811404
0.438767 0.811404
0.438864 0.811404
0.438961 0.811404
0.439058 0.811404
0.439154 0.811404
0.439251 0.811404
0.439348 0.811404
0.439444 0.811404
0.439541 0.811404
0.439638 0.810777
0.439734 0.810777
0.439831 0.810777
0.439928 0.810777
0.440025 0.810777
0.440121 0.810777
0.440218 0.810777
0.440315 0.810777
0.440411 0.810777
0.440508 0.810777
0.440605 0.810777
0.440701 0.810777
0.440798 0.810777
0.440895 0.810777
0.440991 0.810777
0.441088 0.810777
0.441185 0.810777
0.441282 0.810777
0.441378 0.810150
0.441475 0.810150
0.441572 0.810150
0.441668 0.810150
0.441765 0.810150
0.441862 0.810150
0.441958 0.809524
0.442055 0.809524
0.442152 0.809524
0.442249 0.809524
0.442345 0.809524
0.442442 0.809524
0.442539 0.809524
0.442635 0.809524
0.442732 0.808897
0.442829 0.808897
0.442925 0.808897
0.443022 0.808897
0.443119 0.808897
0.443215 0.808271
0.443312 0.808271
0.443409 0.807644
0.443506 0.807644
0.443602 0.807644
0.443699 0.807018
0.443796 0.807018
0.443892 0.807018
0.443989 0.807018
0.444086 0.807018
0.444182 0.807018
0.444279 0.807018
0.444376 0.807018
0.444473 0.807018
0.444569 0.807018
0.444666 0.807018
0.444763 0.807018
0.444859 0.807018
0.444956 0.807018
0.445053 0.807018
0.445149 0.807018
0.445246 0.807018
0.445343 0.807018
0.445439 0.807018
0.445536 0.807018
0.445633 0.807018
0.445730 0.807018
0.445826 0.807018
0.445923 0.807018
0.446020 0.807018
0.446116 0.807018
0.446213 0.807018
0.446310 0.807018
0.446406 0.807018
0.446503 0.807018
0.446600 0.807018
0.446697 0.806391
0.446793 0.805764
0.446890 0.805764
0.446987 0.805764
0.447083 0.805764
0.447180 0.805764
0.447277 0.805764
0.447373 0.805764
0.447470 0.805764
0.447567 0.805764
0.447663 0.805764
0.447760 0.805764
0.447857 0.805764
0.447954 0.805764
0.448050 0.805764
0.448147 0.805764
0.448244 0.805764
0.448340 0.805764
0.448437 0.805764
0.448534 0.805764
0.448630 0.805138
0.448727 0.805138
0.448824 0.805138
0.448921 0.805138
0.449017 0.805138
0.449114 0.805138
0.449211 0.805138
0.449307 0.805138
0.449404 0.805138
0.449501 0.805138
0.449597 0.805138
0.449694 0.805138
0.449791 0.805138
0.449887 0.804511
0.449984 0.804511
0.450081 0.804511
0.450178 0.804511
0.450274 0.804511
0.450371 0.803885
0.450468 0.803885
0.450564 0.803885
0.450661 0.803258
0.450758 0.803258
0.450854 0.803258
0.450951 0.803258
0.451048 0.803258
0.451145 0.803258
0.451241 0.803258
0.451338 0.803258
0.451435 0.803258
0.451531 0.803258
0.451628 0.803258
0.451725 0.803258
0.451821 0.803258
0.451918 0.802632
0.452015 0.802005
0.452112 0.802005
0.452208 0.802005
0.452305 0.801378
0.452402 0.801378
0.452498 0.801378
0.452595 0.801378
0.452692 0.801378
0.452788 0.801378
0.452885 0.801378
0.452982 0.801378
0.453078 0.801378
0.453175 0.801378
0.453272 0.801378
0.453369 0.801378
0.453465 0.800752
0.453562 0.800125
0.453659 0.800125
0.453755 0.800125
0.453852 0.800125
0.453949 0.800125
0.454045 0.800125
0.454142 0.800125
0.454239 0.800125
0.454336 0.800125
0.454432 0.800125
0.454529 0.800125
0.454626 0.800125
0.454722 0.800125
0.454819 0.800125
0.454916 0.800125
0.455012 0.800125
0.455109 0.800125
0.455206 0.800125
0.455302 0.800125
0.455399 0.800125
0.455496 0.799499
0.455593 0.798872
0.455689 0.798872
0.455786 0.798872
0.455883 0.798872
0.455979 0.798872
0.456076 0.798872
0.456173 0.798872
0.456269 0.798872
0.456366 0.798872
0.456463 0.798872
0.456560 0.798872
0.456656 0.798872
0.456753 0.798872
0.456850 0.798872
0.456946 0.798872
0.457043 0.798872
0.457140 0.798872
0.457236 0.798872
0.457333 0.798246
0.457430 0.798246
0.457526 0.798246
0.457623 0.798246
0.457720 0.798246
0.457817 0.798246
0.457913 0.798246
0.458010 0.797619
0.458107 0.797619
0.458203 0.797619
0.458300 0.797619
0.458397 0.797619
0.458493 0.797619
0.458590 0.797619
0.458687 0.797619
0.458784 0.797619
0.458880 0.796992
0.458977 0.796992
0.459074 0.796992
0.459170 0.796992
0.459267 0.796992
0.459364 0.796992
0.459460 0.795739
0.459557 0.795739
0.459654 0.795739
0.459750 0.795739
0.459847 0.795739
0.459944 0.795739
0.460041 0.795739
0.460137 0.795739
0.460234 0.795739
0.460331 0.795113
0.460427 0.795113
0.460524 0.795113
0.460621 0.795113
0.460717 0.795113
0.460814 0.795113
0.460911 0.795113
0.461008 0.794486
0.461104 0.794486
0.461201 0.794486
0.461298 0.794486
0.461394 0.794486
0.461491 0.794486
0.461588 0.794486
0.461684 0.794486
0.461781 0.794486
0.461878 0.794486
0.461974 0.794486
0.462071 0.794486
0.462168 0.794486
0.462265 0.794486
0.462361 0.794486
0.462458 0.794486
0.462555 0.794486
0.462651 0.794486
0.462748 0.793233
0.462845 0.793233
0.462941 0.793233
0.463038 0.793233
0.463135 0.791980
0.463232 0.791980
0.463328 0.791980
0.463425 0.791980
0.463522 0.791980
0.463618 0.791980
0.463715 0.791980
0.463812 0.791980
0.463908 0.791980
0.464005 0.791980
0.464102 0.791980
0.464198 0.791980
0.464295 0.791980
0.464392 0.791980
0.464489 0.791980
0.464585 0.791980
0.464682 0.791980
0.464779 0.791980
0.464875 0.791980
0.464972 0.791980
0.465069 0.791980
0.465165 0.791980
0.465262 0.791980
0.465359 0.791980
0.465456 0.791980
0.465552 0.791980
0.465649 0.791980
0.465746 0.791980
0.465842 0.791980
0.465939 0.791980
0.466036 0.791980
0.466132 0.791980
0.466229 0.791980
0.466326 0.791980
0.466423 0.791980
0.466519 0.791980
0.466616 0.791980
0.466713 0.791353
0.466809 0.791353
0.466906 0.791353
0.467003 0.791353
0.467099 0.791353
0.467196 0.791353
0.467293 0.791353
0.467389 0.791353
0.467486 0.791353
0.467583 0.791353
0.467680 0.791353
0.467776 0.791353
0.467873 0.791353
0.467970 0.791353
0.468066 0.791353
0.468163 0.791353
0.468260 0.791353
0.468356 0.791353
0.468453 0.791353
0.468550 0.791353
0.468647 0.790727
0.468743 0.790100
0.468840 0.790100
0.468937 0.790100
0.469033 0.790100
0.469130 0.789474
0.469227 0.789474
0.469323 0.788847
0.469420 0.788847
0.469517 0.788847
0.469613 0.788847
0.469710 0.788847
0.469807 0.788847
0.469904 0.788847
0.470000 0.788847
0.470097 0.788847
0.470194 0.788847
0.470290 0.788847
0.470387 0.788847
0.470484 0.788847
0.470580 0.788221
0.470677 0.788221
0.470774 0.788221
0.470871 0.788221
0.470967 0.788221
0.471064 0.787594
0.471161 0.787594
0.471257 0.787594
0.471354 0.787594
0.471451 0.787594
0.471547 0.787594
0.471644 0.786967
0.471741 0.786967
0.471837 0.786967
0.471934 0.786967
0.472031 0.786967
0.472128 0.786967
0.472224 0.786967
0.472321 0.786967
0.472418 0.786967
0.472514 0.786967
0.472611 0.786967
0.472708 0.786967
0.472804 0.786967
0.472901 0.786967
0.472998 0.786967
0.473095 0.786967
0.473191 0.786967
0.473288 0.786967
0.473385 0.786341
0.473481 0.786341
0.473578 0.786341
0.473675 0.786341
0.473771 0.785714
0.473868 0.785714
0.473965 0.785714
0.474061 0.785714
0.474158 0.785714
0.474255 0.785714
0.474352 0.785714
0.474448 0.785714
0.474545 0.785714
0.474642 0.785714
0.474738 0.785714
0.474835 0.785714
0.474932 0.785714
0.475028 0.785714
0.475125 0.785714
0.475222 0.785714
0.475319 0.785088
0.475415 0.784461
0.475512 0.784461
0.475609 0.784461
0.475705 0.783835
0.475802 0.783835
0.475899 0.783208
0.475995 0.783208
0.476092 0.783208
0.476189 0.783208
0.476285 0.783208
0.476382 0.783208
0.476479 0.783208
0.476576 0.783208
0.476672 0.783208
0.476769 0.783208
0.476866 0.783208
0.476962 0.783208
0.477059 0.782581
0.477156 0.782581
0.477252 0.782581
0.477349 0.782581
0.477446 0.781955
0.477543 0.781955
0.477639 0.781955
0.477736 0.781955
0.477833 0.781955
0.477929 0.781955
0.478026 0.781955
0.478123 0.781955
0.478219 0.780702
0.478316 0.780702
0.478413 0.780702
0.478509 0.780702
0.478606 0.780702
0.478703 0.780075
0.478800 0.780075
0.478896 0.779449
0.478993 0.779449
0.479090 0.779449
0.479186 0.779449
0.479283 0.779449
0.479380 0.779449
0.479476 0.779449
0.479573 0.779449
0.479670 0.779449
0.479767 0.779449
0.479863 0.779449
0.479960 0.779449
0.480057 0.779449
0.480153 0.779449
0.480250 0.779449
0.480347 0.779449
0.480443 0.779449
0.480540 0.779449
0.480637 0.779449
0.480734 0.779449
0.480830 0.778822
0.480927 0.778822
0.481024 0.778822
0.481120 0.778822
0.481217 0.778822
0.481314 0.778822
0.481410 0.778195
0.481507 0.778195
0.481604 0.778195
0.481700 0.778195
0.481797 0.777569
0.481894 0.777569
0.481991 0.777569
0.482087 0.777569
0.482184 0.777569
0.482281 0.777569
0.482377 0.777569
0.482474 0.777569
0.482571 0.777569
0.482667 0.777569
0.482764 0.777569
0.482861 0.777569
0.482958 0.777569
0.483054 0.777569
0.483151 0.777569
0.483248 0.776942
0.483344 0.776942
0.483441 0.776942
0.483538 0.776942
0.483634 0.776942
0.483731 0.776942
0.483828 0.776942
0.483924 0.776942
0.484021 0.776942
0.484118 0.776942
0.484215 0.776942
0.484311 0.776942
0.484408 0.776942
0.484505 0.776942
0.484601 0.776942
0.484698 0.776942
0.484795 0.776942
0.484891 0.776316
0.484988 0.776316
0.485085 0.776316
0.485182 0.775689
0.485278 0.775063
0.485375 0.775063
0.485472 0.775063
0.485568 0.775063
0.485665 0.775063
0.485762 0.775063
0.485858 0.775063
0.485955 0.775063
0.486052 0.775063
0.486148 0.775063
0.486245 0.774436
0.486342 0.773810
0.486439 0.773810
0.486535 0.773810
0.486632 0.773810
0.486729 0.773810
0.486825 0.773810
0.486922 0.773810
0.487019 0.773810
0.487115 0.773810
0.487212 0.773810
0.487309 0.773810
0.487406 0.773810
0.487502 0.773183
0.487599 0.773183
0.487696 0.773183
0.487792 0.773183
0.487889 0.773183
0.487986 0.773183
0.488082 0.773183
0.488179 0.773183
0.488276 0.773183
0.488372 0.772556
0.488469 0.772556
0.488566 0.772556
0.488663 0.772556
0.488759 0.772556
0.488856 0.772556
0.488953 0.772556
0.489049 0.772556
0.489146 0.772556
0.489243 0.772556
0.489339 0.772556
0.489436 0.772556
0.489533 0.772556
0.489630 0.772556
0.489726 0.772556
0.489823 0.771930
0.489920 0.771930
0.490016 0.771930
0.490113 0.771930
0.490210 0.771930
0.490306 0.771930
0.490403 0.771930
0.490500 0.771930
0.490596 0.771303
0.490693 0.771303
0.490790 0.770677
0.490887 0.770677
0.490983 0.770677
0.491080 0.770677
0.491177 0.770677
0.491273 0.770677
0.491370 0.770677
0.491467 0.770677
0.491563 0.770677
0.491660 0.770677
0.491757 0.769424
0.491854 0.769424
0.491950 0.769424
0.492047 0.769424
0.492144 0.768170
0.492240 0.768170
0.492337 0.768170
0.492434 0.768170
0.492530 0.768170
0.492627 0.768170
0.492724 0.768170
0.492820 0.768170
0.492917 0.768170
0.493014 0.768170
0.493111 0.767544
0.493207 0.767544
0.493304 0.767544
0.493401 0.767544
0.493497 0.767544
0.493594 0.767544
0.493691 0.767544
0.493787 0.767544
0.493884 0.766917
0.493981 0.766917
0.494078 0.766291
0.494174 0.766291
0.494271 0.766291
0.494368 0.766291
0.494464 0.766291
0.494561 0.766291
0.494658 0.766291
0.494754 0.766291
0.494851 0.766291
0.494948 0.766291
0.495045 0.766291
0.495141 0.766291
0.495238 0.766291
0.495335 0.765664
0.495431 0.765664
0.495528 0.765664
0.495625 0.765664
0.495721 0.765664
0.495818 0.765664
0.495915 0.765664
0.496011 0.765664
0.496108 0.765038
0.496205 0.765038
0.496302 0.765038
0.496398 0.765038
0.496495 0.765038
0.496592 0.765038
0.496688 0.765038
0.496785 0.765038
0.496882 0.765038
0.496978 0.764411
0.497075 0.764411
0.497172 0.764411
0.497269 0.764411
0.497365 0.764411
0.497462 0.764411
0.497559 0.764411
0.497655 0.764411
0.497752 0.764411
0.497849 0.764411
0.497945 0.764411
0.498042 0.764411
0.498139 0.764411
0.498235 0.764411
0.498332 0.763158
0.498429 0.763158
0.498526 0.763158
0.498622 0.763158
0.498719 0.763158
0.498816 0.762531
0.498912 0.762531
0.499009 0.762531
0.499106 0.762531
0.499202 0.762531
0.499299 0.761905
0.499396 0.761905
0.499493 0.761905
0.499589 0.761905
0.499686 0.761278
0.499783 0.761278
0.499879 0.761278
0.499976 0.761278
0.500073 0.760652
0.500169 0.760652
0.500266 0.760652
0.500363 0.760652
0.500459 0.760652
0.500556 0.760652
0.500653 0.760652
0.500750 0.760652
0.500846 0.760652
0.500943 0.760652
0.501040 0.760652
0.501136 0.760652
0.501233 0.760652
0.501330 0.760652
0.501426 0.760652
0.501523 0.760652
0.501620 0.760652
0.501717 0.760652
0.501813 0.760652
0.501910 0.760652
0.502007 0.760652
0.502103 0.760025
0.502200 0.760025
0.502297 0.760025
0.502393 0.760025
0.502490 0.760025
0.502587 0.760025
0.502683 0.760025
0.502780 0.760025
0.502877 0.759398
0.502974 0.759398
0.503070 0.759398
0.503167 0.759398
0.503264 0.759398
0.503360 0.759398
0.503457 0.759398
0.503554 0.759398
0.503650 0.759398
0.503747 0.759398
0.503844 0.758772
0.503941 0.758772
0.504037 0.758145
0.504134 0.758145
0.504231 0.758145
0.504327 0.758145
0.504424 0.758145
0.504521 0.758145
0.504617 0.757519
0.504714 0.757519
0.504811 0.757519
0.504907 0.757519
0.505004 0.756892
0.505101 0.756892
0.505198 0.756892
0.505294 0.756892
0.505391 0.756892
0.505488 0.756892
0.505584 0.756892
0.505681 0.756892
0.505778 0.756892
0.505874 0.756266
0.505971 0.755639
0.506068 0.755639
0.506165 0.755639
0.506261 0.755013
0.506358 0.755013
0.506455 0.755013
0.506551 0.755013
0.506648 0.755013
0.506745 0.755013
0.506841 0.755013
0.506938 0.755013
0.507035 0.755013
0.507131 0.755013
0.507228 0.755013
0.507325 0.755013
0.507422 0.755013
0.507518 0.755013
0.507615 0.755013
0.507712 0.755013
0.507808 0.755013
0.507905 0.755013
0.508002 0.755013
0.508098 0.755013
0.508195 0.755013
0.508292 0.755013
0.508389 0.755013
0.508485 0.755013
0.508582 0.755013
0.508679 0.755013
0.508775 0.755013
0.508872 0.755013
0.508969 0.755013
0.509065 0.755013
0.509162 0.755013
0.509259 0.754386
0.509356 0.754386
0.509452 0.754386
0.509549 0.754386
0.509646 0.754386
0.509742 0.754386
0.509839 0.754386
0.509936 0.754386
0.510032 0.754386
0.510129 0.754386
0.510226 0.754386
0.510322 0.754386
0.510419 0.753759
0.510516 0.753759
0.510613 0.753759
0.510709 0.753133
0.510806 0.752506
0.510903 0.752506
0.510999 0.752506
0.511096 0.752506
0.511193 0.752506
0.511289 0.752506
0.511386 0.752506
0.511483 0.752506
0.511580 0.752506
0.511676 0.752506
0.511773 0.752506
0.511870 0.752506
0.511966 0.752506
0.512063 0.752506
0.512160 0.751880
0.512256 0.751880
0.512353 0.751880
0.512450 0.751880
0.512546 0.751253
0.512643 0.751253
0.512740 0.750627
0.512837 0.750000
0.512933 0.750000
0.513030 0.750000
0.513127 0.749373
0.513223 0.749373
0.513320 0.749373
0.513417 0.748747
0.513513 0.748747
0.513610 0.748747
0.513707 0.748747
0.513804 0.748747
0.513900 0.748747
0.513997 0.748747
0.514094 0.748747
0.514190 0.747494
0.514287 0.747494
0.514384 0.747494
0.514480 0.747494
0.514577 0.747494
0.514674 0.746867
0.514770 0.746867
0.514867 0.746867
0.514964 0.746867
0.515061 0.746867
0.515157 0.746867
0.515254 0.746867
0.515351 0.745614
0.515447 0.745614
0.515544 0.744987
0.515641 0.744987
0.515737 0.744987
0.515834 0.744361
0.515931 0.744361
0.516028 0.744361
0.516124 0.744361
0.516221 0.744361
0.516318 0.744361
0.516414 0.744361
0.516511 0.744361
0.516608 0.743734
0.516704 0.743734
0.516801 0.743734
0.516898 0.743734
0.516994 0.743108
0.517091 0.743108
0.517188 0.743108
0.517285 0.743108
0.517381 0.743108
0.517478 0.743108
0.517575 0.743108
0.517671 0.743108
0.517768 0.743108
0.517865 0.743108
0.517961 0.743108
0.518058 0.743108
0.518155 0.743108
0.518252 0.743108
0.518348 0.743108
0.518445 0.743108
0.518542 0.743108
0.518638 0.743108
0.518735 0.743108
0.518832 0.743108
0.518928 0.743108
0.519025 0.743108
0.519122 0.743108
0.519218 0.743108
0.519315 0.743108
0.519412 0.742481
0.519509 0.741855
0.519605 0.741855
0.519702 0.741855
0.519799 0.741855
0.519895 0.741855
0.519992 0.741855
0.520089 0.741855
0.520185 0.741855
0.520282 0.741228
0.520379 0.739975
0.520476 0.739975
0.520572 0.739975
0.520669 0.739348
0.520766 0.739348
0.520862 0.739348
0.520959 0.739348
0.521056 0.739348
0.521152 0.739348
0.521249 0.739348
0.521346 0.739348
0.521442 0.738722
0.521539 0.738722
0.521636 0.738722
0.521733 0.738722
0.521829 0.738722
0.521926 0.738722
0.522023 0.738722
0.522119 0.738722
0.522216 0.738722
0.522313 0.738722
0.522409 0.738722
0.522506 0.738722
0.522603 0.738722
0.522700 0.738722
0.522796 0.738722
0.522893 0.738095
0.522990 0.738095
0.523086 0.738095
0.523183 0.738095
0.523280 0.738095
0.523376 0.738095
0.523473 0.738095
0.523570 0.738095
0.523667 0.738095
0.523763 0.738095
0.523860 0.738095
0.523957 0.738095
0.524053 0.738095
0.524150 0.738095
0.524247 0.738095
0.524343 0.738095
0.524440 0.738095
0.524537 0.738095
0.524633 0.738095
0.524730 0.738095
0.524827 0.738095
0.524924 0.738095
0.525020 0.738095
0.525117 0.738095
0.525214 0.737469
0.525310 0.737469
0.525407 0.737469
0.525504 0.737469
0.525600 0.737469
0.525697 0.737469
0.525794 0.737469
0.525891 0.737469
0.525987 0.737469
0.526084 0.737469
0.526181 0.737469
0.526277 0.737469
0.526374 0.737469
0.526471 0.737469
0.526567 0.737469
0.526664 0.737469
0.526761 0.737469
0.526857 0.737469
0.526954 0.737469
0.527051 0.737469
0.527148 0.737469
0.527244 0.736842
0.527341 0.736216
0.527438 0.736216
0.527534 0.736216
0.527631 0.735589
0.527728 0.735589
0.527824 0.735589
0.527921 0.735589
0.528018 0.735589
0.528115 0.735589
0.528211 0.735589
0.528308 0.735589
0.528405 0.734962
0.528501 0.734962
0.528598 0.734962
0.528695 0.734336
0.528791 0.734336
0.528888 0.734336
0.528985 0.733709
0.529081 0.733709
0.529178 0.733709
0.529275 0.733709
0.529372 0.733709
0.529468 0.733709
0.529565 0.733709
0.529662 0.733709
0.529758 0.733709
0.529855 0.733709
0.529952 0.733083
0.530048 0.733083
0.530145 0.732456
0.530242 0.732456
0.530339 0.732456
0.530435 0.732456
0.530532 0.732456
0.530629 0.731830
0.530725 0.731830
0.530822 0.731830
0.530919 0.731830
0.531015 0.731830
0.531112 0.731830
0.531209 0.731830
0.531305 0.731830
0.531402 0.731830
0.531499 0.731830
0.531596 0.731203
0.531692 0.731203
0.531789 0.731203
0.531886 0.731203
0.531982 0.731203
0.532079 0.731203
0.532176 0.731203
0.532272 0.731203
0.532369 0.731203
0.532466 0.730576
0.532563 0.730576
0.532659 0.729950
0.532756 0.729950
0.532853 0.729950
0.532949 0.729950
0.533046 0.729950
0.533143 0.729950
0.533239 0.729950
0.533336 0.729950
0.533433 0.729950
0.533529 0.729950
0.533626 0.729950
0.533723 0.729323
0.533820 0.729323
0.533916 0.729323
0.534013 0.729323
0.534110 0.729323
0.534206 0.729323
0.534303 0.729323
0.534400 0.729323
0.534496 0.729323
0.534593 0.729323
0.534690 0.728697
0.534787 0.728697
0.534883 0.728697
0.534980 0.728697
0.535077 0.728070
0.535173 0.728070
0.535270 0.728070
0.535367 0.728070
0.535463 0.728070
0.535560 0.728070
0.535657 0.728070
0.535754 0.728070
0.535850 0.728070
0.535947 0.728070
0.536044 0.727444
0.536140 0.726817
0.536237 0.726190
0.536334 0.726190
0.536430 0.726190
0.536527 0.726190
0.536624 0.726190
0.536720 0.725564
0.536817 0.725564
0.536914 0.725564
0.537011 0.725564
0.537107 0.725564
0.537204 0.725564
0.537301 0.725564
0.537397 0.725564
0.537494 0.725564
0.537591 0.724937
0.537687 0.724937
0.537784 0.724937
0.537881 0.724937
0.537978 0.724937
0.538074 0.724937
0.538171 0.724311
0.538268 0.724311
0.538364 0.724311
0.538461 0.724311
0.538558 0.724311
0.538654 0.724311
0.538751 0.724311
0.538848 0.724311
0.538944 0.724311
0.539041 0.724311
0.539138 0.723684
0.539235 0.723684
0.539331 0.723684
0.539428 0.723684
0.539525 0.723684
0.539621 0.723684
0.539718 0.723684
0.539815 0.723058
0.539911 0.723058
0.540008 0.723058
0.540105 0.723058
0.540202 0.723058
0.540298 0.723058
0.540395 0.723058
0.540492 0.723058
0.540588 0.722431
0.540685 0.722431
0.540782 0.722431
0.540878 0.722431
0.540975 0.722431
0.541072 0.722431
0.541168 0.722431
0.541265 0.722431
0.541362 0.722431
0.541459 0.722431
0.541555 0.721805
0.541652 0.721805
0.541749 0.721805
0.541845 0.721805
0.541942 0.721805
0.542039 0.721805
0.542135 0.721805
0.542232 0.721178
0.542329 0.721178
0.542426 0.721178
0.542522 0.720551
0.542619 0.720551
0.542716 0.720551
0.542812 0.719925
0.542909 0.719925
0.543006 0.719925
0.543102 0.719925
0.543199 0.719925
0.543296 0.719925
0.543392 0.719925
0.543489 0.719925
0.543586 0.719925
0.543683 0.719925
0.543779 0.719925
0.543876 0.719925
0.543973 0.719925
0.544069 0.719925
0.544166 0.719925
0.544263 0.719925
0.544359 0.719925
0.544456 0.719925
0.544553 0.719298
0.544650 0.718672
0.544746 0.718672
0.544843 0.718672
0.544940 0.718672
0.545036 0.718672
0.545133 0.718672
0.545230 0.718672
0.545326 0.718672
0.545423 0.717419
0.545520 0.717419
0.545616 0.717419
0.545713 0.717419
0.545810 0.717419
0.545907 0.717419
0.546003 0.717419
0.546100 0.717419
0.546197 0.717419
0.546293 0.717419
0.546390 0.717419
0.546487 0.717419
0.546583 0.717419
0.546680 0.717419
0.546777 0.717419
0.546874 0.717419
0.546970 0.717419
0.547067 0.717419
0.547164 0.717419
0.547260 0.717419
0.547357 0.717419
0.547454 0.717419
0.547550 0.717419
0.547647 0.716165
0.547744 0.716165
0.547840 0.716165
0.547937 0.716165
0.548034 0.716165
0.548131 0.716165
0.548227 0.716165
0.548324 0.716165
0.548421 0.716165
0.548517 0.715539
0.548614 0.715539
0.548711 0.715539
0.548807 0.715539
0.548904 0.714912
0.549001 0.714912
0.549098 0.714286
0.549194 0.714286
0.549291 0.714286
0.549388 0.714286
0.549484 0.714286
0.549581 0.714286
0.549678 0.714286
0.549774 0.713659
0.549871 0.713033
0.549968 0.713033
0.550065 0.713033
0.550161 0.712406
0.550258 0.712406
0.550355 0.711779
0.550451 0.711779
0.550548 0.711779
0.550645 0.711779
0.550741 0.711153
0.550838 0.711153
0.550935 0.711153
0.551031 0.711153
0.551128 0.711153
0.551225 0.711153
0.551322 0.711153
0.551418 0.711153
0.551515 0.711153
0.551612 0.711153
0.551708 0.711153
0.551805 0.711153
0.551902 0.710526
0.551998 0.710526
0.552095 0.710526
0.552192 0.710526
0.552289 0.710526
0.552385 0.710526
0.552482 0.710526
0.552579 0.710526
0.552675 0.710526
0.552772 0.709900
0.552869 0.709900
0.552965 0.709900
0.553062 0.709900
0.553159 0.709900
0.553255 0.709900
0.553352 0.709900
0.553449 0.709900
0.553546 0.709900
0.553642 0.709273
0.553739 0.709273
0.553836 0.709273
0.553932 0.708647
0.554029 0.708647
0.554126 0.708647
0.554222 0.708647
0.554319 0.708647
0.554416 0.708647
0.554513 0.708647
0.554609 0.708647
0.554706 0.708647
0.554803 0.708647
0.554899 0.708647
0.554996 0.708647
0.555093 0.708647
0.555189 0.708647
0.555286 0.708647
0.555383 0.708020
0.555479 0.708020
0.555576 0.708020
0.555673 0.708020
0.555770 0.706767
0.555866 0.706767
0.555963 0.706767
0.556060 0.706767
0.556156 0.706767
0.556253 0.705514
0.556350 0.705514
0.556446 0.705514
0.556543 0.705514
0.556640 0.705514
0.556737 0.705514
0.556833 0.705514
0.556930 0.705514
0.557027 0.705514
0.557123 0.705514
0.557220 0.704887
0.557317 0.703634
0.557413 0.703634
0.557510 0.703634
0.557607 0.703634
0.557703 0.703634
0.557800 0.703634
0.557897 0.703634
0.557994 0.703634
0.558090 0.703634
0.558187 0.703634
0.558284 0.703008
0.558380 0.703008
0.558477 0.703008
0.558574 0.703008
0.558670 0.703008
0.558767 0.703008
0.558864 0.703008
0.558961 0.703008
0.559057 0.703008
0.559154 0.703008
0.559251 0.703008
0.559347 0.703008
0.559444 0.703008
0.559541 0.703008
0.559637 0.703008
0.559734 0.703008
0.559831 0.703008
0.559927 0.703008
0.560024 0.703008
0.560121 0.703008
0.560218 0.703008
0.560314 0.703008
0.560411 0.703008
0.560508 0.703008
0.560604 0.703008
0.560701 0.703008
0.560798 0.703008
0.560894 0.703008
0.560991 0.703008
0.561088 0.703008
0.561185 0.703008
0.561281 0.703008
0.561378 0.703008
0.561475 0.702381
0.561571 0.702381
0.561668 0.702381
0.561765 0.701754
0.561861 0.701754
0.561958 0.701754
0.562055 0.701754
0.562151 0.701754
0.562248 0.701754
0.562345 0.701754
0.562442 0.701754
0.562538 0.701754
0.562635 0.701754
0.562732 0.701754
0.562828 0.701754
0.562925 0.701754
0.563022 0.701754
0.563118 0.701128
0.563215 0.701128
0.563312 0.701128
0.563409 0.701128
0.563505 0.701128
0.563602 0.701128
0.563699 0.701128
0.563795 0.701128
0.563892 0.701128
0.563989 0.701128
0.564085 0.701128
0.564182 0.701128
0.564279 0.701128
0.564376 0.701128
0.564472 0.701128
0.564569 0.701128
0.564666 0.701128
0.564762 0.701128
0.564859 0.701128
0.564956 0.701128
0.565052 0.701128
0.565149 0.701128
0.565246 0.701128
0.565342 0.701128
0.565439 0.701128
0.565536 0.701128
0.565633 0.701128
0.565729 0.701128
0.565826 0.701128
0.565923 0.701128
0.566019 0.701128
0.566116 0.701128
0.566213 0.701128
0.566309 0.701128
0.566406 0.701128
0.566503 0.701128
0.566600 0.700501
0.566696 0.700501
0.566793 0.700501
0.566890 0.700501
0.566986 0.700501
0.567083 0.700501
0.567180 0.700501
0.567276 0.700501
0.567373 0.700501
0.567470 0.700501
0.567566 0.699875
0.567663 0.699875
0.567760 0.699875
0.567857 0.699875
0.567953 0.699875
0.568050 0.699875
0.568147 0.699875
0.568243 0.699875
0.568340 0.699875
0.568437 0.699875
0.568533 0.699875
0.568630 0.699875
0.568727 0.699875
0.568824 0.699875
0.568920 0.699875
0.569017 0.699875
0.569114 0.699875
0.569210 0.699875
0.569307 0.699875
0.569404 0.699875
0.569500 0.699875
0.569597 0.699875
0.569694 0.699875
0.569790 0.699248
0.569887 0.699248
0.569984 0.699248
0.570081 0.699248
0.570177 0.699248
0.570274 0.699248
0.570371 0.699248
0.570467 0.698622
0.570564 0.698622
0.570661 0.698622
0.570757 0.698622
0.570854 0.698622
0.570951 0.698622
0.571048 0.698622
0.571144 0.697995
0.571241 0.697995
0.571338 0.697995
0.571434 0.697995
0.571531 0.697995
0.571628 0.697368
0.571724 0.697368
0.571821 0.697368
0.571918 0.697368
0.572014 0.697368
0.572111 0.697368
0.572208 0.697368
0.572305 0.696742
0.572401 0.696742
0.572498 0.696742
0.572595 0.696742
0.572691 0.696742
0.572788 0.696742
0.572885 0.696742
0.572981 0.696742
0.573078 0.696742
0.573175 0.696742
0.573272 0.696742
0.573368 0.696742
0.573465 0.696742
0.573562 0.696742
0.573658 0.696742
0.573755 0.696742
0.573852 0.696742
0.573948 0.696115
0.574045 0.695489
0.574142 0.695489
0.574238 0.695489
0.574335 0.695489
0.574432 0.695489
0.574529 0.694862
0.574625 0.694862
0.574722 0.694236
0.574819 0.694236
0.574915 0.694236
0.575012 0.694236
0.575109 0.694236
0.575205 0.694236
0.575302 0.694236
0.575399 0.694236
0.575496 0.694236
0.575592 0.693609
0.575689 0.693609
0.575786 0.693609
0.575882 0.693609
0.575979 0.692982
0.576076 0.692982
0.576172 0.692982
0.576269 0.692982
0.576366 0.692982
0.576462 0.692982
0.576559 0.692982
0.576656 0.692982
0.576753 0.692356
0.576849 0.692356
0.576946 0.692356
0.577043 0.692356
0.577139 0.691729
0.577236 0.691103
0.577333 0.691103
0.577429 0.691103
0.577526 0.691103
0.577623 0.691103
0.577720 0.691103
0.577816 0.691103
0.577913 0.691103
0.578010 0.691103
0.578106 0.691103
0.578203 0.691103
0.578300 0.691103
0.578396 0.691103
0.578493 0.691103
0.578590 0.691103
0.578687 0.691103
0.578783 0.691103
0.578880 0.691103
0.578977 0.691103
0.579073 0.691103
0.579170 0.691103
0.579267 0.690476
0.579363 0.690476
0.579460 0.690476
0.579557 0.689850
0.579653 0.689850
0.579750 0.689850
0.579847 0.689850
0.579944 0.689850
0.580040 0.689850
0.580137 0.689850
0.580234 0.689223
0.580330 0.689223
0.580427 0.689223
0.580524 0.689223
0.580620 0.689223
0.580717 0.689223
0.580814 0.689223
0.580911 0.689223
0.581007 0.689223
0.581104 0.689223
0.581201 0.689223
0.581297 0.689223
0.581394 0.688596
0.581491 0.687970
0.581587 0.687970
0.581684 0.687970
0.581781 0.687343
0.581877 0.687343
0.581974 0.687343
0.582071 0.687343
0.582168 0.687343
0.582264 0.687343
0.582361 0.687343
0.582458 0.687343
0.582554 0.687343
0.582651 0.687343
0.582748 0.687343
0.582844 0.687343
0.582941 0.687343
0.583038 0.687343
0.583135 0.687343
0.583231 0.687343
0.583328 0.687343
0.583425 0.687343
0.583521 0.687343
0.583618 0.687343
0.583715 0.687343
0.583811 0.687343
0.583908 0.687343
0.584005 0.687343
0.584101 0.687343
0.584198 0.687343
0.584295 0.687343
0.584392 0.687343
0.584488 0.687343
0.584585 0.687343
0.584682 0.687343
0.584778 0.687343
0.584875 0.687343
0.584972 0.687343
0.585068 0.686717
0.585165 0.686717
0.585262 0.686717
0.585359 0.686717
0.585455 0.686717
0.585552 0.686717
0.585649 0.686717
0.585745 0.686717
0.585842 0.686717
0.585939 0.686717
0.586035 0.686090
0.586132 0.686090
0.586229 0.685464
0.586325 0.685464
0.586422 0.684837
0.586519 0.684837
0.586616 0.684837
0.586712 0.684837
0.586809 0.684211
0.586906 0.684211
0.587002 0.684211
0.587099 0.684211
0.587196 0.684211
0.587292 0.684211
0.587389 0.683584
0.587486 0.682957
0.587583 0.682957
0.587679 0.682331
0.587776 0.682331
0.587873 0.682331
0.587969 0.682331
0.588066 0.682331
0.588163 0.682331
0.588259 0.682331
0.588356 0.682331
0.588453 0.682331
0.588549 0.682331
0.588646 0.681704
0.588743 0.681704
0.588840 0.681704
0.588936 0.681704
0.589033 0.681704
0.589130 0.681704
0.589226 0.681704
0.589323 0.681704
0.589420 0.681704
0.589516 0.681704
0.589613 0.681704
0.589710 0.681704
0.589807 0.681704
0.589903 0.681704
0.590000 0.681704
0.590097 0.681704
0.590193 0.681704
0.590290 0.681078
0.590387 0.681078
0.590483 0.681078
0.590580 0.681078
0.590677 0.681078
0.590773 0.681078
0.590870 0.681078
0.590967 0.681078
0.591064 0.681078
0.591160 0.681078
0.591257 0.681078
0.591354 0.681078
0.591450 0.681078
0.591547 0.681078
0.591644 0.681078
0.591740 0.681078
0.591837 0.681078
0.591934 0.681078
0.592031 0.681078
0.592127 0.681078
0.592224 0.681078
0.592321 0.680451
0.592417 0.680451
0.592514 0.680451
0.592611 0.680451
0.592707 0.680451
0.592804 0.680451
0.592901 0.680451
0.592998 0.680451
0.593094 0.680451
0.593191 0.680451
0.593288 0.680451
0.593384 0.680451
0.593481 0.680451
0.593578 0.680451
0.593674 0.679825
0.593771 0.679825
0.593868 0.679825
0.593964 0.679825
0.594061 0.679825
0.594158 0.679825
0.594255 0.679825
0.594351 0.679198
0.594448 0.679198
0.594545 0.679198
0.594641 0.679198
0.594738 0.679198
0.594835 0.679198
0.594931 0.679198
0.595028 0.679198
0.595125 0.678571
0.595222 0.678571
0.595318 0.678571
0.595415 0.678571
0.595512 0.678571
0.595608 0.677945
0.595705 0.677318
0.595802 0.677318
0.595898 0.676692
0.595995 0.676692
0.596092 0.676692
0.596188 0.676692
0.596285 0.676692
0.596382 0.676692
0.596479 0.676692
0.596575 0.676065
0.596672 0.676065
0.596769 0.676065
0.596865 0.676065
0.596962 0.676065
0.597059 0.676065
0.597155 0.676065
0.597252 0.676065
0.597349 0.676065
0.597446 0.676065
0.597542 0.676065
0.597639 0.676065
0.597736 0.676065
0.597832 0.676065
0.597929 0.676065
0.598026 0.675439
0.598122 0.675439
0.598219 0.674812
0.598316 0.673559
0.598412 0.673559
0.598509 0.673559
0.598606 0.673559
0.598703 0.673559
0.598799 0.673559
0.598896 0.673559
0.598993 0.673559
0.599089 0.673559
0.599186 0.673559
0.599283 0.673559
0.599379 0.673559
0.599476 0.673559
0.599573 0.673559
0.599670 0.672932
0.599766 0.672932
0.599863 0.672932
0.599960 0.672932
0.600056 0.672932
0.600153 0.672932
0.600250 0.672932
0.600346 0.671679
0.600443 0.671679
0.600540 0.671679
0.600636 0.671679
0.600733 0.671679
0.600830 0.671679
0.600927 0.671679
0.601023 0.671679
0.601120 0.671679
0.601217 0.671679
0.601313 0.671679
0.601410 0.671679
0.601507 0.671679
0.601603 0.671679
0.601700 0.671679
0.601797 0.671679
0.601894 0.671679
0.601990 0.671053
0.602087 0.671053
0.602184 0.671053
0.602280 0.671053
0.602377 0.671053
0.602474 0.670426
0.602570 0.670426
0.602667 0.670426
0.602764 0.670426
0.602860 0.670426
0.602957 0.670426
0.603054 0.670426
0.603151 0.670426
0.603247 0.670426
0.603344 0.670426
0.603441 0.670426
0.603537 0.670426
0.603634 0.670426
0.603731 0.670426
0.603827 0.670426
0.603924 0.670426
0.604021 0.670426
0.604118 0.670426
0.604214 0.670426
0.604311 0.670426
0.604408 0.670426
0.604504 0.670426
0.604601 0.670426
0.604698 0.670426
0.604794 0.670426
0.604891 0.670426
0.604988 0.670426
0.605084 0.670426
0.605181 0.670426
0.605278 0.670426
0.605375 0.670426
0.605471 0.670426
0.605568 0.670426
0.605665 0.669799
0.605761 0.669799
0.605858 0.669799
0.605955 0.669799
0.606051 0.669799
0.606148 0.669799
0.606245 0.669799
0.606342 0.669799
0.606438 0.669799
0.606535 0.669799
0.606632 0.669799
0.606728 0.669799
0.606825 0.669799
0.606922 0.669799
0.607018 0.669799
0.607115 0.669799
0.607212 0.669799
0.607309 0.669799
0.607405 0.669799
0.607502 0.669799
0.607599 0.668546
0.607695 0.668546
0.607792 0.668546
0.607889 0.668546
0.607985 0.668546
0.608082 0.668546
0.608179 0.667920
0.608275 0.667920
0.608372 0.667920
0.608469 0.667920
0.608566 0.667920
0.608662 0.667920
0.608759 0.667920
0.608856 0.667920
0.608952 0.667920
0.609049 0.667920
0.609146 0.667293
0.609242 0.666667
0.609339 0.666667
0.609436 0.666667
0.609533 0.666667
0.609629 0.666667
0.609726 0.666667
0.609823 0.666040
0.609919 0.666040
0.610016 0.666040
0.610113 0.666040
0.610209 0.666040
0.610306 0.665414
0.610403 0.665414
0.610499 0.665414
0.610596 0.665414
0.610693 0.665414
0.610790 0.665414
0.610886 0.665414
0.610983 0.665414
0.611080 0.665414
0.611176 0.665414
0.611273 0.665414
0.611370 0.665414
0.611466 0.665414
0.611563 0.665414
0.611660 0.665414
0.611757 0.665414
0.611853 0.665414
0.611950 0.665414
0.612047 0.665414
0.612143 0.665414
0.612240 0.665414
0.612337 0.665414
0.612433 0.665414
0.612530 0.665414
0.612627 0.665414
0.612723 0.665414
0.612820 0.665414
0.612917 0.665414
0.613014 0.665414
0.613110 0.665414
0.613207 0.665414
0.613304 0.665414
0.613400 0.665414
0.613497 0.665414
0.613594 0.665414
0.613690 0.665414
0.613787 0.665414
0.613884 0.664787
0.613981 0.664787
0.614077 0.664787
0.614174 0.664787
0.614271 0.664787
0.614367 0.664787
0.614464 0.664160
0.614561 0.664160
0.614657 0.664160
0.614754 0.664160
0.614851 0.664160
0.614947 0.664160
0.615044 0.664160
0.615141 0.664160
0.615238 0.664160
0.615334 0.664160
0.615431 0.664160
0.615528 0.664160
0.615624 0.664160
0.615721 0.664160
0.615818 0.663534
0.615914 0.662907
0.616011 0.662907
0.616108 0.662907
0.616205 0.662907
0.616301 0.662907
0.616398 0.662907
0.616495 0.662907
0.616591 0.662907
0.616688 0.662907
0.616785 0.662281
0.616881 0.662281
0.616978 0.662281
0.617075 0.662281
0.617171 0.662281
0.617268 0.662281
0.617365 0.662281
0.617462 0.662281
0.617558 0.661654
0.617655 0.661654
0.617752 0.661654
0.617848 0.661654
0.617945 0.661654
0.618042 0.661654
0.618138 0.661654
0.618235 0.661654
0.618332 0.661654
0.618429 0.661654
0.618525 0.661654
0.618622 0.661654
0.618719 0.661654
0.618815 0.661654
0.618912 0.661654
0.619009 0.661654
0.619105 0.661654
0.619202 0.661028
0.619299 0.661028
0.619395 0.661028
0.619492 0.661028
0.619589 0.661028
0.619686 0.661028
0.619782 0.661028
0.619879 0.661028
0.619976 0.660401
0.620072 0.660401
0.620169 0.659774
0.620266 0.659148
0.620362 0.658521
0.620459 0.658521
0.620556 0.658521
0.620653 0.658521
0.620749 0.658521
0.620846 0.658521
0.620943 0.658521
0.621039 0.658521
0.621136 0.658521
0.621233 0.658521
0.621329 0.658521
0.621426 0.658521
0.621523 0.658521
0.621620 0.658521
0.621716 0.658521
0.621813 0.658521
0.621910 0.658521
0.622006 0.657895
0.622103 0.657895
0.622200 0.657895
0.622296 0.657895
0.622393 0.657895
0.622490 0.657895
0.622586 0.657895
0.622683 0.657895
0.622780 0.657895
0.622877 0.657895
0.622973 0.657895
0.623070 0.657895
0.623167 0.657895
0.623263 0.657895
0.623360 0.657268
0.623457 0.657268
0.623553 0.657268
0.623650 0.657268
0.623747 0.657268
0.623844 0.657268
0.623940 0.657268
0.624037 0.656642
0.624134 0.656642
0.624230 0.656642
0.624327 0.656015
0.624424 0.656015
0.624520 0.656015
0.624617 0.656015
0.624714 0.656015
0.624810 0.656015
0.624907 0.656015
0.625004 0.656015
0.625101 0.656015
0.625197 0.656015
0.625294 0.656015
0.625391 0.656015
0.625487 0.656015
0.625584 0.656015
0.625681 0.656015
0.625777 0.656015
0.625874 0.656015
0.625971 0.656015
0.626068 0.656015
0.626164 0.656015
0.626261 0.656015
0.626358 0.656015
0.626454 0.656015
0.626551 0.656015
0.626648 0.656015
0.626744 0.656015
0.626841 0.656015
0.626938 0.656015
0.627034 0.656015
0.627131 0.656015
0.627228 0.656015
0.627325 0.656015
0.627421 0.656015
0.627518 0.656015
0.627615 0.656015
0.627711 0.656015
0.627808 0.656015
0.627905 0.656015
0.628001 0.656015
0.628098 0.656015
0.628195 0.656015
0.628292 0.655388
0.628388 0.655388
0.628485 0.655388
0.628582 0.655388
0.628678 0.655388
0.628775 0.655388
0.628872 0.655388
0.628968 0.655388
0.629065 0.655388
0.629162 0.655388
0.629258 0.655388
0.629355 0.655388
0.629452 0.655388
0.629549 0.655388
0.629645 0.655388
0.629742 0.654762
0.629839 0.654762
0.629935 0.654762
0.630032 0.654762
0.630129 0.654762
0.630225 0.654762
0.630322 0.654762
0.630419 0.654762
0.630516 0.654762
0.630612 0.654762
0.630709 0.654762
0.630806 0.654762
0.630902 0.654762
0.630999 0.654135
0.631096 0.654135
0.631192 0.654135
0.631289 0.654135
0.631386 0.653509
0.631482 0.653509
0.631579 0.652882
0.631676 0.652882
0.631773 0.652882
0.631869 0.652882
0.631966 0.652256
0.632063 0.652256
0.632159 0.652256
0.632256 0.652256
0.632353 0.652256
0.632449 0.652256
0.632546 0.652256
0.632643 0.652256
0.632740 0.652256
0.632836 0.652256
0.632933 0.652256
0.633030 0.652256
0.633126 0.652256
0.633223 0.652256
0.633320 0.652256
0.633416 0.652256
0.633513 0.652256
0.633610 0.652256
0.633707 0.652256
0.633803 0.652256
0.633900 0.652256
0.633997 0.652256
0.634093 0.652256
0.634190 0.652256
0.634287 0.652256
0.634383 0.651629
0.634480 0.651629
0.634577 0.651629
0.634673 0.651629
0.634770 0.651629
0.634867 0.651629
0.634964 0.651629
0.635060 0.651629
0.635157 0.651629
0.635254 0.651629
0.635350 0.651629
0.635447 0.651629
0.635544 0.651629
0.635640 0.651629
0.635737 0.651629
0.635834 0.651629
0.635931 0.651629
0.636027 0.651629
0.636124 0.651629
0.636221 0.651629
0.636317 0.651629
0.636414 0.651629
0.636511 0.651629
0.636607 0.651629
0.636704 0.651629
0.636801 0.651629
0.636897 0.651629
0.636994 0.651629
0.637091 0.651629
0.637188 0.651629
0.637284 0.651003
0.637381 0.651003
0.637478 0.651003
0.637574 0.651003
0.637671 0.651003
0.637768 0.651003
0.637864 0.651003
0.637961 0.651003
0.638058 0.651003
0.638155 0.651003
0.638251 0.651003
0.638348 0.651003
0.638445 0.651003
0.638541 0.651003
0.638638 0.651003
0.638735 0.651003
0.638831 0.651003
0.638928 0.651003
0.639025 0.651003
0.639121 0.651003
0.639218 0.651003
0.639315 0.651003
0.639412 0.651003
0.639508 0.651003
0.639605 0.651003
0.639702 0.651003
0.639798 0.651003
0.639895 0.651003
0.639992 0.650376
0.640088 0.650376
0.640185 0.650376
0.640282 0.650376
0.640379 0.650376
0.640475 0.650376
0.640572 0.650376
0.640669 0.650376
0.640765 0.650376
0.640862 0.650376
0.640959 0.650376
0.641055 0.650376
0.641152 0.650376
0.641249 0.649749
0.641345 0.649749
0.641442 0.649749
0.641539 0.649749
0.641636 0.649123
0.641732 0.649123
0.641829 0.649123
0.641926 0.649123
0.642022 0.649123
0.642119 0.649123
0.642216 0.649123
0.642312 0.649123
0.642409 0.649123
0.642506 0.649123
0.642603 0.649123
0.642699 0.649123
0.642796 0.649123
0.642893 0.649123
0.642989 0.648496
0.643086 0.648496
0.643183 0.648496
0.643279 0.648496
0.643376 0.648496
0.643473 0.648496
0.643569 0.648496
0.643666 0.648496
0.643763 0.648496
0.643860 0.648496
0.643956 0.648496
0.644053 0.647870
0.644150 0.647870
0.644246 0.647870
0.644343 0.647870
0.644440 0.647870
0.644536 0.647870
0.644633 0.647870
0.644730 0.647870
0.644827 0.647870
0.644923 0.647870
0.645020 0.647870
0.645117 0.647870
0.645213 0.647870
0.645310 0.647870
0.645407 0.647870
0.645503 0.647870
0.645600 0.647870
0.645697 0.647870
0.645793 0.647870
0.645890 0.647870
0.645987 0.647870
0.646084 0.647870
0.646180 0.647870
0.646277 0.647870
0.646374 0.647243
0.646470 0.647243
0.646567 0.647243
0.646664 0.647243
0.646760 0.647243
0.646857 0.647243
0.646954 0.647243
0.647051 0.647243
0.647147 0.647243
0.647244 0.647243
0.647341 0.647243
0.647437 0.647243
0.647534 0.647243
0.647631 0.647243
0.647727 0.647243
0.647824 0.647243
0.647921 0.647243
0.648018 0.647243
0.648114 0.647243
0.648211 0.647243
0.648308 0.647243
0.648404 0.647243
0.648501 0.647243
0.648598 0.647243
0.648694 0.647243
0.648791 0.647243
0.648888 0.647243
0.648984 0.646617
0.649081 0.646617
0.649178 0.646617
0.649275 0.646617
0.649371 0.646617
0.649468 0.646617
0.649565 0.646617
0.649661 0.646617
0.649758 0.646617
0.649855 0.646617
0.649951 0.646617
0.650048 0.646617
0.650145 0.646617
0.650242 0.646617
0.650338 0.646617
0.650435 0.646617
0.650532 0.645990
0.650628 0.645990
0.650725 0.645990
0.650822 0.645990
0.650918 0.645990
0.651015 0.645990
0.651112 0.645990
0.651208 0.645990
0.651305 0.645990
0.651402 0.645990
0.651499 0.645990
0.651595 0.645990
0.651692 0.645990
0.651789 0.645990
0.651885 0.645990
0.651982 0.645990
0.652079 0.645990
0.652175 0.645990
0.652272 0.645990
0.652369 0.645363
0.652466 0.645363
0.652562 0.645363
0.652659 0.645363
0.652756 0.645363
0.652852 0.645363
0.652949 0.645363
0.653046 0.645363
0.653142 0.645363
0.653239 0.645363
0.653336 0.645363
0.653432 0.645363
0.653529 0.644737
0.653626 0.644737
0.653723 0.644737
0.653819 0.644737
0.653916 0.644110
0.654013 0.644110
0.654109 0.644110
0.654206 0.643484
0.654303 0.643484
0.654399 0.643484
0.654496 0.643484
0.654593 0.643484
0.654690 0.643484
0.654786 0.643484
0.654883 0.643484
0.654980 0.643484
0.655076 0.643484
0.655173 0.643484
0.655270 0.643484
0.655366 0.643484
0.655463 0.643484
0.655560 0.643484
0.655656 0.643484
0.655753 0.643484
0.655850 0.643484
0.655947 0.643484
0.656043 0.643484
0.656140 0.643484
0.656237 0.643484
0.656333 0.643484
0.656430 0.643484
0.656527 0.643484
0.656623 0.643484
0.656720 0.643484
0.656817 0.643484
0.656914 0.642857
0.657010 0.642857
0.657107 0.642857
0.657204 0.642857
0.657300 0.642857
0.657397 0.642857
0.657494 0.642857
0.657590 0.642857
0.657687 0.642231
0.657784 0.641604
0.657880 0.641604
0.657977 0.640977
0.658074 0.640977
0.658171 0.640977
0.658267 0.640977
0.658364 0.640351
0.658461 0.640351
0.658557 0.640351
0.658654 0.640351
0.658751 0.640351
0.658847 0.639724
0.658944 0.639724
0.659041 0.639724
0.659138 0.639724
0.659234 0.639098
0.659331 0.639098
0.659428 0.639098
0.659524 0.639098
0.659621 0.639098
0.659718 0.639098
0.659814 0.639098
0.659911 0.638471
0.660008 0.638471
0.660104 0.638471
0.660201 0.638471
0.660298 0.637845
0.660395 0.637845
0.660491 0.637845
0.660588 0.637845
0.660685 0.637218
0.660781 0.637218
0.660878 0.637218
0.660975 0.637218
0.661071 0.637218
0.661168 0.637218
0.661265 0.637218
0.661362 0.637218
0.661458 0.637218
0.661555 0.637218
0.661652 0.637218
0.661748 0.637218
0.661845 0.637218
0.661942 0.637218
0.662038 0.637218
0.662135 0.637218
0.662232 0.636591
0.662329 0.635965
0.662425 0.635965
0.662522 0.635965
0.662619 0.635965
0.662715 0.635965
0.662812 0.635965
0.662909 0.635338
0.663005 0.635338
0.663102 0.635338
0.663199 0.635338
0.663295 0.635338
0.663392 0.635338
0.663489 0.635338
0.663586 0.635338
0.663682 0.635338
0.663779 0.635338
0.663876 0.635338
0.663972 0.635338
0.664069 0.634085
0.664166 0.634085
0.664262 0.634085
0.664359 0.633459
0.664456 0.633459
0.664553 0.633459
0.664649 0.633459
0.664746 0.633459
0.664843 0.633459
0.664939 0.633459
0.665036 0.633459
0.665133 0.633459
0.665229 0.633459
0.665326 0.633459
0.665423 0.633459
0.665519 0.633459
0.665616 0.633459
0.665713 0.632832
0.665810 0.632832
0.665906 0.632832
0.666003 0.632832
0.666100 0.632832
0.666196 0.632832
0.666293 0.632832
0.666390 0.632832
0.666486 0.632832
0.666583 0.632832
0.666680 0.632832
0.666777 0.632832
0.666873 0.632832
0.666970 0.632832
0.667067 0.632832
0.667163 0.632832
0.667260 0.632832
0.667357 0.632832
0.667453 0.632832
0.667550 0.632832
0.667647 0.632832
0.667743 0.632832
0.667840 0.632832
0.667937 0.632832
0.668034 0.632832
0.668130 0.632832
0.668227 0.632832
0.668324 0.632206
0.668420 0.631579
0.668517 0.631579
0.668614 0.630952
0.668710 0.630952
0.668807 0.630952
0.668904 0.630952
0.669001 0.630952
0.669097 0.630326
0.669194 0.630326
0.669291 0.630326
0.669387 0.630326
0.669484 0.630326
0.669581 0.630326
0.669677 0.630326
0.669774 0.630326
0.669871 0.629699
0.669967 0.629699
0.670064 0.629699
0.670161 0.628446
0.670258 0.628446
0.670354 0.628446
0.670451 0.628446
0.670548 0.628446
0.670644 0.628446
0.670741 0.628446
0.670838 0.628446
0.670934 0.628446
0.671031 0.628446
0.671128 0.628446
0.671225 0.628446
0.671321 0.628446
0.671418 0.628446
0.671515 0.627820
0.671611 0.627820
0.671708 0.627820
0.671805 0.627820
0.671901 0.627193
0.671998 0.627193
0.672095 0.627193
0.672191 0.627193
0.672288 0.627193
0.672385 0.627193
0.672482 0.627193
0.672578 0.627193
0.672675 0.627193
0.672772 0.627193
0.672868 0.626566
0.672965 0.626566
0.673062 0.626566
0.673158 0.626566
0.673255 0.626566
0.673352 0.626566
0.673449 0.626566
0.673545 0.626566
0.673642 0.626566
0.673739 0.626566
0.673835 0.625940
0.673932 0.625313
0.674029 0.625313
0.674125 0.625313
0.674222 0.624687
0.674319 0.624687
0.674415 0.624687
0.674512 0.624687
0.674609 0.624687
0.674706 0.624687
0.674802 0.624060
0.674899 0.624060
0.674996 0.624060
0.675092 0.624060
0.675189 0.624060
0.675286 0.624060
0.675382 0.624060
0.675479 0.624060
0.675576 0.624060
0.675673 0.624060
0.675769 0.624060
0.675866 0.624060
0.675963 0.624060
0.676059 0.624060
0.676156 0.624060
0.676253 0.624060
0.676349 0.624060
0.676446 0.624060
0.676543 0.624060
0.676640 0.624060
0.676736 0.624060
0.676833 0.624060
0.676930 0.624060
0.677026 0.624060
0.677123 0.624060
0.677220 0.624060
0.677316 0.624060
0.677413 0.624060
0.677510 0.624060
0.677606 0.624060
0.677703 0.624060
0.677800 0.624060
0.677897 0.624060
0.677993 0.624060
0.678090 0.623434
0.678187 0.623434
0.678283 0.623434
0.678380 0.623434
0.678477 0.623434
0.678573 0.623434
0.678670 0.623434
0.678767 0.623434
0.678864 0.623434
0.678960 0.623434
0.679057 0.623434
0.679154 0.623434
0.679250 0.622807
0.679347 0.622807
0.679444 0.622180
0.679540 0.622180
0.679637 0.622180
0.679734 0.622180
0.679830 0.622180
0.679927 0.622180
0.680024 0.622180
0.680121 0.622180
0.680217 0.622180
0.680314 0.622180
0.680411 0.621554
0.680507 0.620927
0.680604 0.620301
0.680701 0.619674
0.680797 0.619674
0.680894 0.619674
0.680991 0.619674
0.681088 0.619674
0.681184 0.619674
0.681281 0.619674
0.681378 0.619674
0.681474 0.619674
0.681571 0.619674
0.681668 0.619674
0.681764 0.619674
0.681861 0.619674
0.681958 0.619674
0.682054 0.619674
0.682151 0.619674
0.682248 0.619674
0.682345 0.619048
0.682441 0.619048
0.682538 0.619048
0.682635 0.619048
0.682731 0.619048
0.682828 0.619048
0.682925 0.619048
0.683021 0.619048
0.683118 0.619048
0.683215 0.619048
0.683312 0.619048
0.683408 0.619048
0.683505 0.619048
0.683602 0.619048
0.683698 0.619048
0.683795 0.619048
0.683892 0.619048
0.683988 0.619048
0.684085 0.618421
0.684182 0.618421
0.684278 0.618421
0.684375 0.618421
0.684472 0.618421
0.684569 0.618421
0.684665 0.618421
0.684762 0.618421
0.684859 0.618421
0.684955 0.618421
0.685052 0.618421
0.685149 0.618421
0.685245 0.618421
0.685342 0.618421
0.685439 0.618421
0.685536 0.618421
0.685632 0.618421
0.685729 0.618421
0.685826 0.618421
0.685922 0.618421
0.686019 0.618421
0.686116 0.618421
0.686212 0.618421
0.686309 0.618421
0.686406 0.618421
0.686502 0.618421
0.686599 0.618421
0.686696 0.618421
0.686793 0.618421
0.686889 0.618421
0.686986 0.618421
0.687083 0.618421
0.687179 0.618421
0.687276 0.618421
0.687373 0.617794
0.687469 0.617794
0.687566 0.617794
0.687663 0.617794
0.687760 0.617794
0.687856 0.617794
0.687953 0.617794
0.688050 0.617794
0.688146 0.617794
0.688243 0.617794
0.688340 0.617794
0.688436 0.617794
0.688533 0.617794
0.688630 0.617794
0.688726 0.617794
0.688823 0.617794
0.688920 0.617794
0.689017 0.617168
0.689113 0.617168
0.689210 0.617168
0.689307 0.617168
0.689403 0.617168
0.689500 0.617168
0.689597 0.617168
0.689693 0.617168
0.689790 0.617168
0.689887 0.617168
0.689984 0.617168
0.690080 0.617168
0.690177 0.617168
0.690274 0.617168
0.690370 0.617168
0.690467 0.616541
0.690564 0.616541
0.690660 0.616541
0.690757 0.616541
0.690854 0.616541
0.690951 0.616541
0.691047 0.616541
0.691144 0.616541
0.691241 0.616541
0.691337 0.616541
0.691434 0.616541
0.691531 0.616541
0.691627 0.616541
0.691724 0.616541
0.691821 0.616541
0.691917 0.616541
0.692014 0.616541
0.692111 0.616541
0.692208 0.616541
0.692304 0.616541
0.692401 0.616541
0.692498 0.616541
0.692594 0.616541
0.692691 0.616541
0.692788 0.616541
0.692884 0.616541
0.692981 0.616541
0.693078 0.616541
0.693175 0.616541
0.693271 0.616541
0.693368 0.616541
0.693465 0.616541
0.693561 0.616541
0.693658 0.616541
0.693755 0.616541
0.693851 0.616541
0.693948 0.616541
0.694045 0.616541
0.694141 0.616541
0.694238 0.615915
0.694335 0.615915
0.694432 0.615915
0.694528 0.615915
0.694625 0.615915
0.694722 0.615288
0.694818 0.615288
0.694915 0.615288
0.695012 0.615288
0.695108 0.615288
0.695205 0.615288
0.695302 0.614662
0.695399 0.614662
0.695495 0.614662
0.695592 0.614035
0.695689 0.613409
0.695785 0.612782
0.695882 0.612782
0.695979 0.612782
0.696075 0.612782
0.696172 0.612782
0.696269 0.612782
0.696365 0.612782
0.696462 0.612782
0.696559 0.612782
0.696656 0.612782
0.696752 0.612782
0.696849 0.612782
0.696946 0.611529
0.697042 0.610902
0.697139 0.610902
0.697236 0.610902
0.697332 0.610902
0.697429 0.610902
0.697526 0.610902
0.697623 0.610276
0.697719 0.610276
0.697816 0.610276
0.697913 0.610276
0.698009 0.610276
0.698106 0.610276
0.698203 0.610276
0.698299 0.610276
0.698396 0.610276
0.698493 0.610276
0.698589 0.610276
0.698686 0.610276
0.698783 0.610276
0.698880 0.610276
0.698976 0.610276
0.699073 0.610276
0.699170 0.610276
0.699266 0.610276
0.699363 0.610276
0.699460 0.610276
0.699556 0.610276
0.699653 0.610276
0.699750 0.610276
0.699847 0.610276
0.699943 0.610276
0.700040 0.610276
0.700137 0.610276
0.700233 0.609649
0.700330 0.609649
0.700427 0.609649
0.700523 0.609649
0.700620 0.609649
0.700717 0.609649
0.700813 0.609649
0.700910 0.609649
0.701007 0.609649
0.701104 0.609649
0.701200 0.609649
0.701297 0.609649
0.701394 0.609649
0.701490 0.609649
0.701587 0.609649
0.701684 0.609649
0.701780 0.609649
0.701877 0.609023
0.701974 0.609023
0.702071 0.609023
0.702167 0.609023
0.702264 0.609023
0.702361 0.609023
0.702457 0.609023
0.702554 0.609023
0.702651 0.609023
0.702747 0.609023
0.702844 0.609023
0.702941 0.609023
0.703037 0.609023
0.703134 0.609023
0.703231 0.609023
0.703328 0.609023
0.703424 0.609023
0.703521 0.609023
0.703618 0.609023
0.703714 0.609023
0.703811 0.609023
0.703908 0.609023
0.704004 0.609023
0.704101 0.609023
0.704198 0.609023
0.704295 0.609023
0.704391 0.609023
0.704488 0.609023
0.704585 0.609023
0.704681 0.609023
0.704778 0.609023
0.704875 0.608396
0.704971 0.608396
0.705068 0.608396
0.705165 0.608396
0.705262 0.608396
0.705358 0.608396
0.705455 0.608396
0.705552 0.608396
0.705648 0.608396
0.705745 0.608396
0.705842 0.608396
0.705938 0.608396
0.706035 0.608396
0.706132 0.608396
0.706228 0.608396
0.706325 0.608396
0.706422 0.608396
0.706519 0.608396
0.706615 0.608396
0.706712 0.608396
0.706809 0.608396
0.706905 0.608396
0.707002 0.608396
0.707099 0.608396
0.707195 0.607769
0.707292 0.607769
0.707389 0.607769
0.707486 0.607143
0.707582 0.607143
0.707679 0.605890
0.707776 0.605890
0.707872 0.605890
0.707969 0.605263
0.708066 0.605263
0.708162 0.605263
0.708259 0.605263
0.708356 0.604637
0.708452 0.604637
0.708549 0.604010
0.708646 0.604010
0.708743 0.604010
0.708839 0.604010
0.708936 0.604010
0.709033 0.604010
0.709129 0.604010
0.709226 0.604010
0.709323 0.604010
0.709419 0.604010
0.709516 0.604010
0.709613 0.603383
0.709710 0.603383
0.709806 0.602757
0.709903 0.602130
0.710000 0.602130
0.710096 0.602130
0.710193 0.602130
0.710290 0.602130
0.710386 0.602130
0.710483 0.601504
0.710580 0.601504
0.710676 0.601504
0.710773 0.600251
0.710870 0.599624
0.710967 0.599624
0.711063 0.599624
0.711160 0.599624
0.711257 0.599624
0.711353 0.598997
0.711450 0.598997
0.711547 0.598997
0.711643 0.598997
0.711740 0.598997
0.711837 0.598997
0.711934 0.598997
0.712030 0.598997
0.712127 0.598997
0.712224 0.598997
0.712320 0.598997
0.712417 0.598997
0.712514 0.598997
0.712610 0.598371
0.712707 0.598371
0.712804 0.598371
0.712900 0.598371
0.712997 0.598371
0.713094 0.598371
0.713191 0.598371
0.713287 0.597744
0.713384 0.597744
0.713481 0.597744
0.713577 0.597744
0.713674 0.597118
0.713771 0.597118
0.713867 0.597118
0.713964 0.597118
0.714061 0.597118
0.714158 0.597118
0.714254 0.597118
0.714351 0.597118
0.714448 0.597118
0.714544 0.597118
0.714641 0.597118
0.714738 0.597118
0.714834 0.596491
0.714931 0.594612
0.715028 0.594612
0.715124 0.594612
0.715221 0.594612
0.715318 0.594612
0.715415 0.594612
0.715511 0.594612
0.715608 0.594612
0.715705 0.593985
0.715801 0.593985
0.715898 0.593985
0.715995 0.593985
0.716091 0.593358
0.716188 0.593358
0.716285 0.593358
0.716382 0.593358
0.716478 0.593358
0.716575 0.593358
0.716672 0.593358
0.716768 0.593358
0.716865 0.593358
0.716962 0.593358
0.717058 0.593358
0.717155 0.593358
0.717252 0.593358
0.717348 0.593358
0.717445 0.593358
0.717542 0.593358
0.717639 0.593358
0.717735 0.593358
0.717832 0.593358
0.717929 0.593358
0.718025 0.593358
0.718122 0.593358
0.718219 0.593358
0.718315 0.593358
0.718412 0.592732
0.718509 0.592732
0.718606 0.592732
0.718702 0.592105
0.718799 0.592105
0.718896 0.592105
0.718992 0.591479
0.719089 0.591479
0.719186 0.591479
0.719282 0.591479
0.719379 0.591479
0.719476 0.590852
0.719573 0.590852
0.719669 0.590226
0.719766 0.590226
0.719863 0.590226
0.719959 0.590226
0.720056 0.589599
0.720153 0.588972
0.720249 0.588972
0.720346 0.588972
0.720443 0.588972
0.720539 0.588972
0.720636 0.588972
0.720733 0.588972
0.720830 0.588972
0.720926 0.588346
0.721023 0.588346
0.721120 0.588346
0.721216 0.588346
0.721313 0.588346
0.721410 0.587719
0.721506 0.587719
0.721603 0.587719
0.721700 0.587719
0.721797 0.587719
0.721893 0.587719
0.721990 0.587719
0.722087 0.587719
0.722183 0.587719
0.722280 0.587719
0.722377 0.587719
0.722473 0.587093
0.722570 0.585840
0.722667 0.585840
0.722763 0.585840
0.722860 0.585840
0.722957 0.585840
0.723054 0.585840
0.723150 0.585840
0.723247 0.585840
0.723344 0.585213
0.723440 0.585213
0.723537 0.585213
0.723634 0.585213
0.723730 0.585213
0.723827 0.585213
0.723924 0.585213
0.724021 0.585213
0.724117 0.585213
0.724214 0.585213
0.724311 0.585213
0.724407 0.585213
0.724504 0.585213
0.724601 0.584586
0.724697 0.584586
0.724794 0.583960
0.724891 0.583960
0.724987 0.583960
0.725084 0.583960
0.725181 0.583960
0.725278 0.583960
0.725374 0.583960
0.725471 0.583960
0.725568 0.583333
0.725664 0.582707
0.725761 0.582707
0.725858 0.582707
0.725954 0.582707
0.726051 0.582707
0.726148 0.582707
0.726245 0.582707
0.726341 0.582080
0.726438 0.582080
0.726535 0.582080
0.726631 0.582080
0.726728 0.582080
0.726825 0.582080
0.726921 0.581454
0.727018 0.581454
0.727115 0.581454
0.727211 0.581454
0.727308 0.581454
0.727405 0.581454
0.727502 0.581454
0.727598 0.581454
0.727695 0.580827
0.727792 0.580827
0.727888 0.580827
0.727985 0.580827
0.728082 0.580827
0.728178 0.580827
0.728275 0.580827
0.728372 0.580827
0.728469 0.580827
0.728565 0.580201
0.728662 0.580201
0.728759 0.580201
0.728855 0.580201
0.728952 0.580201
0.729049 0.580201
0.729145 0.578947
0.729242 0.578947
0.729339 0.578947
0.729435 0.578947
0.729532 0.578947
0.729629 0.578321
0.729726 0.578321
0.729822 0.578321
0.729919 0.578321
0.730016 0.578321
0.730112 0.578321
0.730209 0.578321
0.730306 0.578321
0.730402 0.578321
0.730499 0.578321
0.730596 0.578321
0.730693 0.578321
0.730789 0.578321
0.730886 0.578321
0.730983 0.578321
0.731079 0.578321
0.731176 0.578321
0.731273 0.577694
0.731369 0.577694
0.731466 0.577068
0.731563 0.577068
0.731660 0.577068
0.731756 0.577068
0.731853 0.577068
0.731950 0.577068
0.732046 0.577068
0.732143 0.577068
0.732240 0.577068
0.732336 0.577068
0.732433 0.577068
0.732530 0.577068
0.732626 0.577068
0.732723 0.577068
0.732820 0.577068
0.732917 0.577068
0.733013 0.577068
0.733110 0.577068
0.733207 0.577068
0.733303 0.577068
0.733400 0.577068
0.733497 0.576441
0.733593 0.576441
0.733690 0.576441
0.733787 0.576441
0.733884 0.576441
0.733980 0.576441
0.734077 0.576441
0.734174 0.576441
0.734270 0.576441
0.734367 0.576441
0.734464 0.576441
0.734560 0.576441
0.734657 0.576441
0.734754 0.576441
0.734850 0.576441
0.734947 0.576441
0.735044 0.576441
0.735141 0.576441
0.735237 0.576441
0.735334 0.576441
0.735431 0.576441
0.735527 0.576441
0.735624 0.575815
0.735721 0.575815
0.735817 0.575815
0.735914 0.575815
0.736011 0.575815
0.736108 0.575815
0.736204 0.575815
0.736301 0.575188
0.736398 0.575188
0.736494 0.575188
0.736591 0.575188
0.736688 0.575188
0.736784 0.575188
0.736881 0.573935
0.736978 0.573935
0.737074 0.573935
0.737171 0.573308
0.737268 0.573308
0.737365 0.573308
0.737461 0.573308
0.737558 0.573308
0.737655 0.572682
0.737751 0.572682
0.737848 0.572682
0.737945 0.572682
0.738041 0.572682
0.738138 0.571429
0.738235 0.571429
0.738332 0.571429
0.738428 0.571429
0.738525 0.571429
0.738622 0.571429
0.738718 0.571429
0.738815 0.571429
0.738912 0.571429
0.739008 0.570802
0.739105 0.570175
0.739202 0.570175
0.739298 0.570175
0.739395 0.570175
0.739492 0.570175
0.739589 0.570175
0.739685 0.570175
0.739782 0.569549
0.739879 0.569549
0.739975 0.569549
0.740072 0.569549
0.740169 0.568922
0.740265 0.568922
0.740362 0.568922
0.740459 0.568922
0.740556 0.568922
0.740652 0.568922
0.740749 0.568922
0.740846 0.568922
0.740942 0.568922
0.741039 0.568922
0.741136 0.568922
0.741232 0.568296
0.741329 0.568296
0.741426 0.568296
0.741522 0.567669
0.741619 0.567669
0.741716 0.567669
0.741813 0.567669
0.741909 0.567669
0.742006 0.567669
0.742103 0.567669
0.742199 0.567669
0.742296 0.567669
0.742393 0.567669
0.742489 0.567669
0.742586 0.567669
0.742683 0.567669
0.742780 0.567669
0.742876 0.567669
0.742973 0.567669
0.743070 0.567669
0.743166 0.567669
0.743263 0.567669
0.743360 0.567669
0.743456 0.567669
0.743553 0.567669
0.743650 0.567669
0.743746 0.567669
0.743843 0.567669
0.743940 0.567669
0.744037 0.567043
0.744133 0.567043
0.744230 0.567043
0.744327 0.567043
0.744423 0.567043
0.744520 0.567043
0.744617 0.567043
0.744713 0.567043
0.744810 0.567043
0.744907 0.567043
0.745004 0.567043
0.745100 0.567043
0.745197 0.567043
0.745294 0.567043
0.745390 0.567043
0.745487 0.567043
0.745584 0.566416
0.745680 0.566416
0.745777 0.566416
0.745874 0.566416
0.745971 0.566416
0.746067 0.566416
0.746164 0.566416
0.746261 0.566416
0.746357 0.566416
0.746454 0.566416
0.746551 0.566416
0.746647 0.566416
0.746744 0.566416
0.746841 0.566416
0.746937 0.566416
0.747034 0.566416
0.747131 0.566416
0.747228 0.565789
0.747324 0.565163
0.747421 0.565163
0.747518 0.565163
0.747614 0.565163
0.747711 0.565163
0.747808 0.565163
0.747904 0.565163
0.748001 0.565163
0.748098 0.565163
0.748195 0.565163
0.748291 0.565163
0.748388 0.565163
0.748485 0.565163
0.748581 0.565163
0.748678 0.565163
0.748775 0.564536
0.748871 0.564536
0.748968 0.564536
0.749065 0.564536
0.749161 0.563910
0.749258 0.563910
0.749355 0.563910
0.749452 0.563910
0.749548 0.563910
0.749645 0.563910
0.749742 0.563910
0.749838 0.563910
0.749935 0.563910
0.750032 0.563910
0.750128 0.563910
0.750225 0.563910
0.750322 0.563910
0.750419 0.563910
0.750515 0.563910
0.750612 0.563910
0.750709 0.563910
0.750805 0.563910
0.750902 0.563283
0.750999 0.563283
0.751095 0.563283
0.751192 0.563283
0.751289 0.562657
0.751385 0.562657
0.751482 0.562657
0.751579 0.562657
0.751676 0.562030
0.751772 0.562030
0.751869 0.562030
0.751966 0.561404
0.752062 0.561404
0.752159 0.561404
0.752256 0.561404
0.752352 0.560777
0.752449 0.560777
0.752546 0.560777
0.752643 0.560150
0.752739 0.560150
0.752836 0.560150
0.752933 0.560150
0.753029 0.560150
0.753126 0.560150
0.753223 0.560150
0.753319 0.560150
0.753416 0.560150
0.753513 0.560150
0.753609 0.560150
0.753706 0.560150
0.753803 0.560150
0.753900 0.560150
0.753996 0.560150
0.754093 0.560150
0.754190 0.559524
0.754286 0.559524
0.754383 0.559524
0.754480 0.559524
0.754576 0.559524
0.754673 0.559524
0.754770 0.559524
0.754867 0.559524
0.754963 0.559524
0.755060 0.559524
0.755157 0.559524
0.755253 0.559524
0.755350 0.559524
0.755447 0.559524
0.755543 0.559524
0.755640 0.559524
0.755737 0.559524
0.755833 0.559524
0.755930 0.559524
0.756027 0.559524
0.756124 0.559524
0.756220 0.559524
0.756317 0.559524
0.756414 0.558897
0.756510 0.558897
0.756607 0.558897
0.756704 0.558897
0.756800 0.558897
0.756897 0.558897
0.756994 0.558897
0.757091 0.558897
0.757187 0.558897
0.757284 0.558897
0.757381 0.558897
0.757477 0.558897
0.757574 0.558897
0.757671 0.558897
0.757767 0.558897
0.757864 0.558897
0.757961 0.558897
0.758057 0.558897
0.758154 0.558271
0.758251 0.558271
0.758348 0.558271
0.758444 0.558271
0.758541 0.557644
0.758638 0.557644
0.758734 0.557018
0.758831 0.557018
0.758928 0.556391
0.759024 0.556391
0.759121 0.556391
0.759218 0.556391
0.759315 0.556391
0.759411 0.556391
0.759508 0.555764
0.759605 0.555764
0.759701 0.555764
0.759798 0.555764
0.759895 0.555138
0.759991 0.554511
0.760088 0.554511
0.760185 0.553885
0.760282 0.553885
0.760378 0.553885
0.760475 0.553258
0.760572 0.553258
0.760668 0.553258
0.760765 0.553258
0.760862 0.553258
0.760958 0.553258
0.761055 0.553258
0.761152 0.553258
0.761248 0.553258
0.761345 0.553258
0.761442 0.553258
0.761539 0.553258
0.761635 0.553258
0.761732 0.553258
0.761829 0.553258
0.761925 0.553258
0.762022 0.553258
0.762119 0.553258
0.762215 0.553258
0.762312 0.553258
0.762409 0.552632
0.762506 0.552632
0.762602 0.552632
0.762699 0.552632
0.762796 0.552632
0.762892 0.552632
0.762989 0.552632
0.763086 0.552632
0.763182 0.552632
0.763279 0.552632
0.763376 0.552005
0.763472 0.552005
0.763569 0.552005
0.763666 0.551378
0.763763 0.551378
0.763859 0.551378
0.763956 0.551378
0.764053 0.551378
0.764149 0.551378
0.764246 0.551378
0.764343 0.551378
0.764439 0.551378
0.764536 0.550752
0.764633 0.550125
0.764730 0.550125
0.764826 0.549499
0.764923 0.549499
0.765020 0.549499
0.765116 0.549499
0.765213 0.549499
0.765310 0.549499
0.765406 0.549499
0.765503 0.549499
0.765600 0.549499
0.765696 0.549499
0.765793 0.549499
0.765890 0.549499
0.765987 0.549499
0.766083 0.549499
0.766180 0.549499
0.766277 0.549499
0.766373 0.549499
0.766470 0.548872
0.766567 0.548246
0.766663 0.548246
0.766760 0.548246
0.766857 0.547619
0.766954 0.546366
0.767050 0.545739
0.767147 0.545113
0.767244 0.544486
0.767340 0.544486
0.767437 0.544486
0.767534 0.544486
0.767630 0.544486
0.767727 0.544486
0.767824 0.544486
0.767920 0.544486
0.768017 0.544486
0.768114 0.544486
0.768211 0.544486
0.768307 0.544486
0.768404 0.544486
0.768501 0.543233
0.768597 0.543233
0.768694 0.543233
0.768791 0.542607
0.768887 0.542607
0.768984 0.542607
0.769081 0.542607
0.769178 0.541980
0.769274 0.541980
0.769371 0.541980
0.769468 0.541980
0.769564 0.541980
0.769661 0.541980
0.769758 0.541980
0.769854 0.541980
0.769951 0.541980
0.770048 0.541353
0.770144 0.540727
0.770241 0.540727
0.770338 0.540727
0.770435 0.540727
0.770531 0.540727
0.770628 0.540727
0.770725 0.540100
0.770821 0.540100
0.770918 0.540100
0.771015 0.540100
0.771111 0.540100
0.771208 0.539474
0.771305 0.539474
0.771402 0.538847
0.771498 0.538847
0.771595 0.538847
0.771692 0.538847
0.771788 0.538847
0.771885 0.538847
0.771982 0.538847
0.772078 0.538847
0.772175 0.538847
0.772272 0.538847
0.772368 0.538847
0.772465 0.538847
0.772562 0.538847
0.772659 0.538847
0.772755 0.538221
0.772852 0.538221
0.772949 0.538221
0.773045 0.538221
0.773142 0.538221
0.773239 0.538221
0.773335 0.538221
0.773432 0.538221
0.773529 0.538221
0.773626 0.538221
0.773722 0.538221
0.773819 0.538221
0.773916 0.538221
0.774012 0.538221
0.774109 0.538221
0.774206 0.538221
0.774302 0.538221
0.774399 0.538221
0.774496 0.538221
0.774593 0.538221
0.774689 0.538221
0.774786 0.538221
0.774883 0.538221
0.774979 0.538221
0.775076 0.538221
0.775173 0.538221
0.775269 0.538221
0.775366 0.538221
0.775463 0.538221
0.775559 0.538221
0.775656 0.538221
0.775753 0.538221
0.775850 0.538221
0.775946 0.538221
0.776043 0.538221
0.776140 0.538221
0.776236 0.537594
0.776333 0.537594
0.776430 0.537594
0.776526 0.537594
0.776623 0.537594
0.776720 0.536967
0.776817 0.536967
0.776913 0.536967
0.777010 0.536967
0.777107 0.536967
0.777203 0.536967
0.777300 0.536967
0.777397 0.536967
0.777493 0.536967
0.777590 0.536967
0.777687 0.536967
0.777783 0.536967
0.777880 0.536967
0.777977 0.536967
0.778074 0.536967
0.778170 0.536967
0.778267 0.536967
0.778364 0.536967
0.778460 0.536967
0.778557 0.536967
0.778654 0.536967
0.778750 0.536341
0.778847 0.536341
0.778944 0.536341
0.779041 0.536341
0.779137 0.536341
0.779234 0.536341
0.779331 0.536341
0.779427 0.536341
0.779524 0.536341
0.779621 0.536341
0.779717 0.536341
0.779814 0.536341
0.779911 0.536341
0.780007 0.535714
0.780104 0.535714
0.780201 0.535714
0.780298 0.535714
0.780394 0.535714
0.780491 0.535714
0.780588 0.535714
0.780684 0.535714
0.780781 0.535714
0.780878 0.535714
0.780974 0.535714
0.781071 0.535714
0.781168 0.535714
0.781265 0.535714
0.781361 0.535714
0.781458 0.535714
0.781555 0.535088
0.781651 0.535088
0.781748 0.535088
0.781845 0.535088
0.781941 0.535088
0.782038 0.535088
0.782135 0.535088
0.782231 0.535088
0.782328 0.535088
0.782425 0.535088
0.782522 0.535088
0.782618 0.535088
0.782715 0.535088
0.782812 0.534461
0.782908 0.534461
0.783005 0.534461
0.783102 0.534461
0.783198 0.534461
0.783295 0.534461
0.783392 0.534461
0.783489 0.534461
0.783585 0.534461
0.783682 0.534461
0.783779 0.534461
0.783875 0.534461
0.783972 0.534461
0.784069 0.534461
0.784165 0.533835
0.784262 0.533835
0.784359 0.533835
0.784455 0.533835
0.784552 0.533208
0.784649 0.533208
0.784746 0.533208
0.784842 0.533208
0.784939 0.533208
0.785036 0.533208
0.785132 0.532581
0.785229 0.532581
0.785326 0.532581
0.785422 0.532581
0.785519 0.532581
0.785616 0.532581
0.785713 0.532581
0.785809 0.532581
0.785906 0.532581
0.786003 0.532581
0.786099 0.531955
0.786196 0.531955
0.786293 0.531955
0.786389 0.531955
0.786486 0.531955
0.786583 0.531955
0.786679 0.531955
0.786776 0.531955
0.786873 0.531955
0.786970 0.531955
0.787066 0.531955
0.787163 0.530702
0.787260 0.530702
0.787356 0.530702
0.787453 0.530702
0.787550 0.530702
0.787646 0.530702
0.787743 0.530702
0.787840 0.530702
0.787937 0.530702
0.788033 0.530702
0.788130 0.530702
0.788227 0.530075
0.788323 0.530075
0.788420 0.530075
0.788517 0.530075
0.788613 0.530075
0.788710 0.530075
0.788807 0.530075
0.788904 0.530075
0.789000 0.529449
0.789097 0.529449
0.789194 0.529449
0.789290 0.529449
0.789387 0.528822
0.789484 0.528822
0.789580 0.528195
0.789677 0.528195
0.789774 0.528195
0.789870 0.528195
0.789967 0.528195
0.790064 0.528195
0.790161 0.527569
0.790257 0.527569
0.790354 0.526942
0.790451 0.526942
0.790547 0.526942
0.790644 0.526942
0.790741 0.526942
0.790837 0.526942
0.790934 0.526942
0.791031 0.526942
0.791128 0.526942
0.791224 0.526942
0.791321 0.526942
0.791418 0.526942
0.791514 0.526942
0.791611 0.526942
0.791708 0.526942
0.791804 0.526316
0.791901 0.526316
0.791998 0.526316
0.792094 0.526316
0.792191 0.526316
0.792288 0.526316
0.792385 0.526316
0.792481 0.526316
0.792578 0.526316
0.792675 0.526316
0.792771 0.526316
0.792868 0.526316
0.792965 0.525063
0.793061 0.525063
0.793158 0.525063
0.793255 0.525063
0.793352 0.525063
0.793448 0.523810
0.793545 0.523810
0.793642 0.523810
0.793738 0.523810
0.793835 0.523810
0.793932 0.523810
0.794028 0.523810
0.794125 0.523810
0.794222 0.523810
0.794318 0.523810
0.794415 0.523810
0.794512 0.523810
0.794609 0.523183
0.794705 0.522556
0.794802 0.522556
0.794899 0.521930
0.794995 0.521930
0.795092 0.521930
0.795189 0.521930
0.795285 0.521930
0.795382 0.521930
0.795479 0.521303
0.795576 0.521303
0.795672 0.521303
0.795769 0.521303
0.795866 0.521303
0.795962 0.521303
0.796059 0.521303
0.796156 0.521303
0.796252 0.521303
0.796349 0.521303
0.796446 0.521303
0.796542 0.521303
0.796639 0.521303
0.796736 0.521303
0.796833 0.521303
0.796929 0.520677
0.797026 0.520677
0.797123 0.520677
0.797219 0.520677
0.797316 0.520677
0.797413 0.520677
0.797509 0.520677
0.797606 0.520677
0.797703 0.520050
0.797800 0.520050
0.797896 0.520050
0.797993 0.520050
0.798090 0.520050
0.798186 0.520050
0.798283 0.520050
0.798380 0.520050
0.798476 0.520050
0.798573 0.520050
0.798670 0.520050
0.798766 0.520050
0.798863 0.520050
0.798960 0.520050
0.799057 0.520050
0.799153 0.520050
0.799250 0.520050
0.799347 0.520050
0.799443 0.520050
0.799540 0.520050
0.799637 0.520050
0.799733 0.519424
0.799830 0.519424
0.799927 0.518797
0.800024 0.518797
0.800120 0.518797
0.800217 0.518797
0.800314 0.518797
0.800410 0.518797
0.800507 0.518797
0.800604 0.518797
0.800700 0.518797
0.800797 0.518797
0.800894 0.518797
0.800990 0.518797
0.801087 0.518797
0.801184 0.518797
0.801281 0.518797
0.801377 0.518797
0.801474 0.518170
0.801571 0.518170
0.801667 0.517544
0.801764 0.517544
0.801861 0.517544
0.801957 0.517544
0.802054 0.517544
0.802151 0.516917
0.802248 0.516917
0.802344 0.516291
0.802441 0.516291
0.802538 0.516291
0.802634 0.516291
0.802731 0.516291
0.802828 0.516291
0.802924 0.516291
0.803021 0.516291
0.803118 0.515664
0.803215 0.515664
0.803311 0.515664
0.803408 0.515664
0.803505 0.515664
0.803601 0.515664
0.803698 0.515664
0.803795 0.515664
0.803891 0.515664
0.803988 0.515038
0.804085 0.515038
0.804181 0.515038
0.804278 0.515038
0.804375 0.515038
0.804472 0.514411
0.804568 0.514411
0.804665 0.513784
0.804762 0.513784
0.804858 0.513784
0.804955 0.513784
0.805052 0.513784
0.805148 0.513784
0.805245 0.513158
0.805342 0.513158
0.805439 0.513158
0.805535 0.513158
0.805632 0.512531
0.805729 0.512531
0.805825 0.510652
0.805922 0.510652
0.806019 0.510652
0.806115 0.510652
0.806212 0.510652
0.806309 0.510652
0.806405 0.510652
0.806502 0.510025
0.806599 0.510025
0.806696 0.509398
0.806792 0.509398
0.806889 0.508772
0.806986 0.508772
0.807082 0.508772
0.807179 0.508772
0.807276 0.508772
0.807372 0.508772
0.807469 0.508772
0.807566 0.508772
0.807663 0.508772
0.807759 0.508772
0.807856 0.508772
0.807953 0.508772
0.808049 0.508145
0.808146 0.508145
0.808243 0.508145
0.808339 0.508145
0.808436 0.508145
0.808533 0.508145
0.808629 0.508145
0.808726 0.508145
0.808823 0.508145
0.808920 0.507519
0.809016 0.507519
0.809113 0.507519
0.809210 0.507519
0.809306 0.506892
0.809403 0.506892
0.809500 0.506266
0.809596 0.506266
0.809693 0.506266
0.809790 0.506266
0.809887 0.506266
0.809983 0.506266
0.810080 0.506266
0.810177 0.506266
0.810273 0.506266
0.810370 0.506266
0.810467 0.506266
0.810563 0.506266
0.810660 0.506266
0.810757 0.506266
0.810853 0.506266
0.810950 0.506266
0.811047 0.506266
0.811144 0.506266
0.811240 0.506266
0.811337 0.505639
0.811434 0.505639
0.811530 0.505639
0.811627 0.505639
0.811724 0.505639
0.811820 0.505013
0.811917 0.504386
0.812014 0.504386
0.812111 0.503759
0.812207 0.503759
0.812304 0.503759
0.812401 0.503759
0.812497 0.503133
0.812594 0.502506
0.812691 0.502506
0.812787 0.502506
0.812884 0.502506
0.812981 0.502506
0.813077 0.501880
0.813174 0.501880
0.813271 0.501253
0.813368 0.501253
0.813464 0.501253
0.813561 0.501253
0.813658 0.501253
0.813754 0.501253
0.813851 0.501253
0.813948 0.501253
0.814044 0.501253
0.814141 0.501253
0.814238 0.501253
0.814335 0.501253
0.814431 0.501253
0.814528 0.501253
0.814625 0.501253
0.814721 0.501253
0.814818 0.501253
0.814915 0.501253
0.815011 0.501253
0.815108 0.501253
0.815205 0.501253
0.815301 0.501253
0.815398 0.501253
0.815495 0.501253
0.815592 0.500000
0.815688 0.500000
0.815785 0.500000
0.815882 0.500000
0.815978 0.500000
0.816075 0.500000
0.816172 0.500000
0.816268 0.499373
0.816365 0.498747
0.816462 0.498120
0.816559 0.497494
0.816655 0.497494
0.816752 0.496867
0.816849 0.496867
0.816945 0.496867
0.817042 0.496867
0.817139 0.496867
0.817235 0.496867
0.817332 0.496867
0.817429 0.496867
0.817526 0.496867
0.817622 0.496867
0.817719 0.496867
0.817816 0.496867
0.817912 0.496867
0.818009 0.496867
0.818106 0.496867
0.818202 0.496867
0.818299 0.496867
0.818396 0.496867
0.818492 0.496867
0.818589 0.496241
0.818686 0.496241
0.818783 0.496241
0.818879 0.496241
0.818976 0.496241
0.819073 0.496241
0.819169 0.496241
0.819266 0.496241
0.819363 0.496241
0.819459 0.496241
0.819556 0.496241
0.819653 0.496241
0.819750 0.496241
0.819846 0.496241
0.819943 0.496241
0.820040 0.496241
0.820136 0.496241
0.820233 0.496241
0.820330 0.496241
0.820426 0.496241
0.820523 0.496241
0.820620 0.496241
0.820716 0.496241
0.820813 0.496241
0.820910 0.496241
0.821007 0.496241
0.821103 0.496241
0.821200 0.496241
0.821297 0.496241
0.821393 0.496241
0.821490 0.496241
0.821587 0.496241
0.821683 0.495614
0.821780 0.495614
0.821877 0.495614
0.821974 0.495614
0.822070 0.495614
0.822167 0.495614
0.822264 0.495614
0.822360 0.495614
0.822457 0.495614
0.822554 0.495614
0.822650 0.495614
0.822747 0.495614
0.822844 0.494987
0.822940 0.494987
0.823037 0.494987
0.823134 0.494987
0.823231 0.494987
0.823327 0.493734
0.823424 0.493734
0.823521 0.493108
0.823617 0.493108
0.823714 0.492481
0.823811 0.492481
0.823907 0.492481
0.824004 0.491855
0.824101 0.491855
0.824198 0.491855
0.824294 0.491855
0.824391 0.491855
0.824488 0.491855
0.824584 0.491855
0.824681 0.491855
0.824778 0.491855
0.824874 0.491855
0.824971 0.491855
0.825068 0.491855
0.825164 0.491855
0.825261 0.491855
0.825358 0.491228
0.825455 0.491228
0.825551 0.491228
0.825648 0.491228
0.825745 0.491228
0.825841 0.490602
0.825938 0.490602
0.826035 0.490602
0.826131 0.490602
0.826228 0.490602
0.826325 0.490602
0.826422 0.489975
0.826518 0.489975
0.826615 0.489975
0.826712 0.489975
0.826808 0.489975
0.826905 0.489975
0.827002 0.489975
0.827098 0.489975
0.827195 0.489975
0.827292 0.489975
0.827388 0.489975
0.827485 0.489348
0.827582 0.489348
0.827679 0.489348
0.827775 0.489348
0.827872 0.489348
0.827969 0.489348
0.828065 0.489348
0.828162 0.489348
0.828259 0.489348
0.828355 0.489348
0.828452 0.489348
0.828549 0.489348
0.828646 0.489348
0.828742 0.489348
0.828839 0.489348
0.828936 0.489348
0.829032 0.489348
0.829129 0.489348
0.829226 0.489348
0.829322 0.489348
0.829419 0.489348
0.829516 0.489348
0.829613 0.488722
0.829709 0.488722
0.829806 0.488722
0.829903 0.488095
0.829999 0.488095
0.830096 0.488095
0.830193 0.488095
0.830289 0.487469
0.830386 0.487469
0.830483 0.486216
0.830579 0.486216
0.830676 0.485589
0.830773 0.484962
0.830870 0.484336
0.830966 0.484336
0.831063 0.484336
0.831160 0.484336
0.831256 0.483709
0.831353 0.483083
0.831450 0.483083
0.831546 0.483083
0.831643 0.483083
0.831740 0.483083
0.831837 0.483083
0.831933 0.483083
0.832030 0.483083
0.832127 0.483083
0.832223 0.483083
0.832320 0.483083
0.832417 0.483083
0.832513 0.482456
0.832610 0.482456
0.832707 0.482456
0.832803 0.481830
0.832900 0.481830
0.832997 0.481830
0.833094 0.481830
0.833190 0.481830
0.833287 0.481830
0.833384 0.481830
0.833480 0.481830
0.833577 0.481830
0.833674 0.481830
0.833770 0.481830
0.833867 0.481830
0.833964 0.481830
0.834061 0.481203
0.834157 0.481203
0.834254 0.481203
0.834351 0.481203
0.834447 0.481203
0.834544 0.481203
0.834641 0.481203
0.834737 0.481203
0.834834 0.481203
0.834931 0.481203
0.835027 0.480576
0.835124 0.480576
0.835221 0.479950
0.835318 0.479950
0.835414 0.479950
0.835511 0.479950
0.835608 0.479950
0.835704 0.479950
0.835801 0.479950
0.835898 0.479950
0.835994 0.479323
0.836091 0.479323
0.836188 0.479323
0.836285 0.479323
0.836381 0.478697
0.836478 0.478697
0.836575 0.478697
0.836671 0.478070
0.836768 0.476817
0.836865 0.476817
0.836961 0.476817
0.837058 0.476817
0.837155 0.476817
0.837251 0.476817
0.837348 0.476190
0.837445 0.476190
0.837542 0.475564
0.837638 0.475564
0.837735 0.474937
0.837832 0.474937
0.837928 0.474937
0.838025 0.474937
0.838122 0.474937
0.838218 0.474937
0.838315 0.474311
0.838412 0.474311
0.838509 0.474311
0.838605 0.474311
0.838702 0.474311
0.838799 0.474311
0.838895 0.474311
0.838992 0.473058
0.839089 0.473058
0.839185 0.472431
0.839282 0.472431
0.839379 0.472431
0.839475 0.472431
0.839572 0.472431
0.839669 0.471805
0.839766 0.471805
0.839862 0.471805
0.839959 0.471805
0.840056 0.471805
0.840152 0.471805
0.840249 0.471805
0.840346 0.471805
0.840442 0.471805
0.840539 0.471805
0.840636 0.471805
0.840733 0.471805
0.840829 0.471805
0.840926 0.471805
0.841023 0.471805
0.841119 0.471805
0.841216 0.471805
0.841313 0.471178
0.841409 0.471178
0.841506 0.471178
0.841603 0.471178
0.841699 0.471178
0.841796 0.470551
0.841893 0.470551
0.841990 0.470551
0.842086 0.469925
0.842183 0.469925
0.842280 0.469925
0.842376 0.469925
0.842473 0.469925
0.842570 0.469925
0.842666 0.469925
0.842763 0.469298
0.842860 0.469298
0.842957 0.469298
0.843053 0.468672
0.843150 0.468045
0.843247 0.468045
0.843343 0.467419
0.843440 0.467419
0.843537 0.467419
0.843633 0.467419
0.843730 0.466792
0.843827 0.466165
0.843924 0.466165
0.844020 0.466165
0.844117 0.465539
0.844214 0.465539
0.844310 0.465539
0.844407 0.464912
0.844504 0.464912
0.844600 0.464912
0.844697 0.464912
0.844794 0.464912
0.844890 0.464912
0.844987 0.464912
0.845084 0.464912
0.845181 0.464912
0.845277 0.464912
0.845374 0.464286
0.845471 0.464286
0.845567 0.464286
0.845664 0.464286
0.845761 0.463659
0.845857 0.463659
0.845954 0.463659
0.846051 0.463659
0.846148 0.463659
0.846244 0.463659
0.846341 0.463659
0.846438 0.463033
0.846534 0.463033
0.846631 0.463033
0.846728 0.463033
0.846824 0.462406
0.846921 0.462406
0.847018 0.462406
0.847114 0.461779
0.847211 0.461779
0.847308 0.461779
0.847405 0.461779
0.847501 0.461779
0.847598 0.460526
0.847695 0.460526
0.847791 0.460526
0.847888 0.460526
0.847985 0.459900
0.848081 0.459273
0.848178 0.459273
0.848275 0.459273
0.848372 0.459273
0.848468 0.458647
0.848565 0.458647
0.848662 0.458647
0.848758 0.458647
0.848855 0.458647
0.848952 0.458020
0.849048 0.458020
0.849145 0.458020
0.849242 0.458020
0.849338 0.458020
0.849435 0.458020
0.849532 0.458020
0.849629 0.458020
0.849725 0.457393
0.849822 0.456767
0.849919 0.456767
0.850015 0.456767
0.850112 0.456767
0.850209 0.456767
0.850305 0.456767
0.850402 0.456140
0.850499 0.456140
0.850596 0.455514
0.850692 0.455514
0.850789 0.455514
0.850886 0.455514
0.850982 0.455514
0.851079 0.455514
0.851176 0.454887
0.851272 0.454887
0.851369 0.454887
0.851466 0.454887
0.851562 0.454887
0.851659 0.454887
0.851756 0.454887
0.851853 0.454887
0.851949 0.454887
0.852046 0.454261
0.852143 0.454261
0.852239 0.454261
0.852336 0.454261
0.852433 0.454261
0.852529 0.453634
0.852626 0.453634
0.852723 0.453634
0.852820 0.453634
0.852916 0.453634
0.853013 0.453634
0.853110 0.453634
0.853206 0.453634
0.853303 0.453008
0.853400 0.453008
0.853496 0.453008
0.853593 0.453008
0.853690 0.453008
0.853786 0.453008
0.853883 0.453008
0.853980 0.452381
0.854077 0.451754
0.854173 0.451128
0.854270 0.451128
0.854367 0.451128
0.854463 0.451128
0.854560 0.451128
0.854657 0.451128
0.854753 0.451128
0.854850 0.451128
0.854947 0.449875
0.855044 0.449875
0.855140 0.449875
0.855237 0.449875
0.855334 0.449875
0.855430 0.449875
0.855527 0.449875
0.855624 0.449875
0.855720 0.449875
0.855817 0.449875
0.855914 0.449875
0.856010 0.449875
0.856107 0.449875
0.856204 0.449875
0.856301 0.449875
0.856397 0.449875
0.856494 0.449875
0.856591 0.449875
0.856687 0.449875
0.856784 0.449875
0.856881 0.449875
0.856977 0.449875
0.857074 0.449875
0.857171 0.449875
0.857268 0.449875
0.857364 0.449875
0.857461 0.449875
0.857558 0.449875
0.857654 0.449875
0.857751 0.449875
0.857848 0.449248
0.857944 0.449248
0.858041 0.449248
0.858138 0.449248
0.858235 0.448622
0.858331 0.448622
0.858428 0.448622
0.858525 0.448622
0.858621 0.447995
0.858718 0.447995
0.858815 0.447995
0.858911 0.447995
0.859008 0.447368
0.859105 0.447368
0.859201 0.447368
0.859298 0.447368
0.859395 0.447368
0.859492 0.447368
0.859588 0.447368
0.859685 0.447368
0.859782 0.447368
0.859878 0.447368
0.859975 0.447368
0.860072 0.447368
0.860168 0.447368
0.860265 0.447368
0.860362 0.447368
0.860459 0.447368
0.860555 0.447368
0.860652 0.447368
0.860749 0.447368
0.860845 0.447368
0.860942 0.447368
0.861039 0.447368
0.861135 0.447368
0.861232 0.446742
0.861329 0.446742
0.861425 0.446742
0.861522 0.446742
0.861619 0.446742
0.861716 0.446742
0.861812 0.446742
0.861909 0.446742
0.862006 0.446742
0.862102 0.446115
0.862199 0.446115
0.862296 0.446115
0.862392 0.445489
0.862489 0.445489
0.862586 0.445489
0.862683 0.445489
0.862779 0.445489
0.862876 0.445489
0.862973 0.445489
0.863069 0.445489
0.863166 0.445489
0.863263 0.445489
0.863359 0.445489
0.863456 0.445489
0.863553 0.445489
0.863649 0.444862
0.863746 0.444862
0.863843 0.444862
0.863940 0.443609
0.864036 0.443609
0.864133 0.443609
0.864230 0.443609
0.864326 0.443609
0.864423 0.443609
0.864520 0.442982
0.864616 0.442982
0.864713 0.442982
0.864810 0.442982
0.864907 0.442982
0.865003 0.442982
0.865100 0.442982
0.865197 0.442982
0.865293 0.442982
0.865390 0.442356
0.865487 0.442356
0.865583 0.442356
0.865680 0.442356
0.865777 0.442356
0.865873 0.442356
0.865970 0.442356
0.866067 0.441729
0.866164 0.441729
0.866260 0.441729
0.866357 0.441729
0.866454 0.441729
0.866550 0.441729
0.866647 0.441729
0.866744 0.441729
0.866840 0.441729
0.866937 0.441729
0.867034 0.441103
0.867131 0.441103
0.867227 0.441103
0.867324 0.441103
0.867421 0.441103
0.867517 0.440476
0.867614 0.440476
0.867711 0.440476
0.867807 0.440476
0.867904 0.440476
0.868001 0.440476
0.868097 0.440476
0.868194 0.439850
0.868291 0.439850
0.868388 0.439850
0.868484 0.439223
0.868581 0.439223
0.868678 0.438596
0.868774 0.438596
0.868871 0.438596
0.868968 0.438596
0.869064 0.437970
0.869161 0.437970
0.869258 0.437970
0.869355 0.437970
0.869451 0.437970
0.869548 0.437343
0.869645 0.436717
0.869741 0.436717
0.869838 0.436717
0.869935 0.436717
0.870031 0.436090
0.870128 0.436090
0.870225 0.436090
0.870321 0.436090
0.870418 0.435464
0.870515 0.435464
0.870612 0.434837
0.870708 0.434211
0.870805 0.434211
0.870902 0.434211
0.870998 0.434211
0.871095 0.434211
0.871192 0.434211
0.871288 0.434211
0.871385 0.434211
0.871482 0.434211
0.871579 0.434211
0.871675 0.434211
0.871772 0.434211
0.871869 0.434211
0.871965 0.434211
0.872062 0.434211
0.872159 0.434211
0.872255 0.433584
0.872352 0.432957
0.872449 0.432331
0.872546 0.432331
0.872642 0.432331
0.872739 0.431704
0.872836 0.431704
0.872932 0.431704
0.873029 0.431704
0.873126 0.431704
0.873222 0.431704
0.873319 0.431704
0.873416 0.431704
0.873512 0.431704
0.873609 0.431704
0.873706 0.431704
0.873803 0.431704
0.873899 0.431078
0.873996 0.431078
0.874093 0.431078
0.874189 0.431078
0.874286 0.430451
0.874383 0.430451
0.874479 0.430451
0.874576 0.430451
0.874673 0.430451
0.874770 0.430451
0.874866 0.430451
0.874963 0.430451
0.875060 0.430451
0.875156 0.430451
0.875253 0.430451
0.875350 0.430451
0.875446 0.429825
0.875543 0.429825
0.875640 0.429825
0.875736 0.429825
0.875833 0.429198
0.875930 0.429198
0.876027 0.429198
0.876123 0.427945
0.876220 0.427318
0.876317 0.426692
0.876413 0.426692
0.876510 0.426692
0.876607 0.426692
0.876703 0.426692
0.876800 0.426692
0.876897 0.426692
0.876994 0.426065
0.877090 0.426065
0.877187 0.426065
0.877284 0.426065
0.877380 0.426065
0.877477 0.425439
0.877574 0.425439
0.877670 0.425439
0.877767 0.424812
0.877864 0.424185
0.877960 0.424185
0.878057 0.424185
0.878154 0.424185
0.878251 0.424185
0.878347 0.424185
0.878444 0.424185
0.878541 0.424185
0.878637 0.424185
0.878734 0.424185
0.878831 0.424185
0.878927 0.424185
0.879024 0.424185
0.879121 0.424185
0.879218 0.424185
0.879314 0.423559
0.879411 0.423559
0.879508 0.423559
0.879604 0.423559
0.879701 0.423559
0.879798 0.423559
0.879894 0.423559
0.879991 0.423559
0.880088 0.423559
0.880184 0.423559
0.880281 0.423559
0.880378 0.423559
0.880475 0.423559
0.880571 0.423559
0.880668 0.423559
0.880765 0.423559
0.880861 0.423559
0.880958 0.423559
0.881055 0.423559
0.881151 0.423559
0.881248 0.422932
0.881345 0.422932
0.881442 0.422306
0.881538 0.422306
0.881635 0.422306
0.881732 0.422306
0.881828 0.422306
0.881925 0.421679
0.882022 0.421679
0.882118 0.421053
0.882215 0.420426
0.882312 0.420426
0.882408 0.420426
0.882505 0.420426
0.882602 0.419799
0.882699 0.419799
0.882795 0.419799
0.882892 0.419173
0.882989 0.419173
0.883085 0.419173
0.883182 0.419173
0.883279 0.419173
0.883375 0.418546
0.883472 0.418546
0.883569 0.418546
0.883666 0.417920
0.883762 0.417293
0.883859 0.416667
0.883956 0.416667
0.884052 0.416667
0.884149 0.416040
0.884246 0.415414
0.884342 0.415414
0.884439 0.414787
0.884536 0.414787
0.884632 0.414787
0.884729 0.414160
0.884826 0.414160
0.884923 0.414160
0.885019 0.413534
0.885116 0.413534
0.885213 0.413534
0.885309 0.413534
0.885406 0.413534
0.885503 0.412281
0.885599 0.412281
0.885696 0.412281
0.885793 0.412281
0.885890 0.411654
0.885986 0.411654
0.886083 0.411028
0.886180 0.411028
0.886276 0.411028
0.886373 0.411028
0.886470 0.411028
0.886566 0.411028
0.886663 0.411028
0.886760 0.411028
0.886857 0.411028
0.886953 0.411028
0.887050 0.411028
0.887147 0.410401
0.887243 0.410401
0.887340 0.410401
0.887437 0.410401
0.887533 0.409774
0.887630 0.409774
0.887727 0.409774
0.887823 0.409148
0.887920 0.408521
0.888017 0.408521
0.888114 0.408521
0.888210 0.408521
0.888307 0.408521
0.888404 0.408521
0.888500 0.408521
0.888597 0.407895
0.888694 0.407268
0.888790 0.407268
0.888887 0.407268
0.888984 0.407268
0.889081 0.407268
0.889177 0.407268
0.889274 0.407268
0.889371 0.406642
0.889467 0.406642
0.889564 0.406642
0.889661 0.406642
0.889757 0.406642
0.889854 0.406642
0.889951 0.406015
0.890047 0.405388
0.890144 0.405388
0.890241 0.405388
0.890338 0.405388
0.890434 0.404135
0.890531 0.404135
0.890628 0.404135
0.890724 0.404135
0.890821 0.404135
0.890918 0.403509
0.891014 0.403509
0.891111 0.403509
0.891208 0.403509
0.891305 0.402882
0.891401 0.402882
0.891498 0.402882
0.891595 0.402882
0.891691 0.402882
0.891788 0.402882
0.891885 0.402256
0.891981 0.401629
0.892078 0.400376
0.892175 0.400376
0.892271 0.399749
0.892368 0.399749
0.892465 0.399123
0.892562 0.399123
0.892658 0.398496
0.892755 0.397870
0.892852 0.397870
0.892948 0.397870
0.893045 0.397243
0.893142 0.397243
0.893238 0.397243
0.893335 0.397243
0.893432 0.397243
0.893529 0.397243
0.893625 0.397243
0.893722 0.397243
0.893819 0.396617
0.893915 0.396617
0.894012 0.396617
0.894109 0.396617
0.894205 0.396617
0.894302 0.396617
0.894399 0.396617
0.894495 0.396617
0.894592 0.396617
0.894689 0.396617
0.894786 0.396617
0.894882 0.395990
0.894979 0.395990
0.895076 0.395990
0.895172 0.395990
0.895269 0.395990
0.895366 0.395363
0.895462 0.395363
0.895559 0.395363
0.895656 0.395363
0.895753 0.394737
0.895849 0.394737
0.895946 0.394737
0.896043 0.394737
0.896139 0.394110
0.896236 0.393484
0.896333 0.393484
0.896429 0.392857
0.896526 0.392857
0.896623 0.392857
0.896719 0.392231
0.896816 0.392231
0.896913 0.392231
0.897010 0.391604
0.897106 0.391604
0.897203 0.391604
0.897300 0.391604
0.897396 0.391604
0.897493 0.391604
0.897590 0.391604
0.897686 0.391604
0.897783 0.390977
0.897880 0.389724
0.897977 0.389724
0.898073 0.389724
0.898170 0.389098
0.898267 0.389098
0.898363 0.389098
0.898460 0.389098
0.898557 0.388471
0.898653 0.388471
0.898750 0.387218
0.898847 0.387218
0.898943 0.387218
0.899040 0.387218
0.899137 0.385965
0.899234 0.385965
0.899330 0.384085
0.899427 0.384085
0.899524 0.384085
0.899620 0.383459
0.899717 0.382832
0.899814 0.382832
0.899910 0.381579
0.900007 0.381579
0.900104 0.381579
0.900201 0.381579
0.900297 0.381579
0.900394 0.381579
0.900491 0.380952
0.900587 0.380952
0.900684 0.380326
0.900781 0.380326
0.900877 0.379073
0.900974 0.379073
0.901071 0.378446
0.901168 0.378446
0.901264 0.378446
0.901361 0.378446
0.901458 0.377193
0.901554 0.377193
0.901651 0.377193
0.901748 0.377193
0.901844 0.376566
0.901941 0.376566
0.902038 0.375940
0.902134 0.375940
0.902231 0.375940
0.902328 0.375313
0.902425 0.375313
0.902521 0.375313
0.902618 0.375313
0.902715 0.375313
0.902811 0.374687
0.902908 0.374687
0.903005 0.374060
0.903101 0.374060
0.903198 0.373434
0.903295 0.373434
0.903392 0.373434
0.903488 0.372807
0.903585 0.372807
0.903682 0.372180
0.903778 0.372180
0.903875 0.372180
0.903972 0.372180
0.904068 0.372180
0.904165 0.371554
0.904262 0.370927
0.904358 0.370927
0.904455 0.370927
0.904552 0.370927
0.904649 0.370927
0.904745 0.370927
0.904842 0.370927
0.904939 0.370301
0.905035 0.370301
0.905132 0.370301
0.905229 0.369674
0.905325 0.369674
0.905422 0.369674
0.905519 0.369674
0.905616 0.369674
0.905712 0.369674
0.905809 0.369674
0.905906 0.369048
0.906002 0.369048
0.906099 0.369048
0.906196 0.367794
0.906292 0.366541
0.906389 0.366541
0.906486 0.365915
0.906582 0.365915
0.906679 0.365915
0.906776 0.365915
0.906873 0.365288
0.906969 0.365288
0.907066 0.365288
0.907163 0.365288
0.907259 0.365288
0.907356 0.365288
0.907453 0.365288
0.907549 0.365288
0.907646 0.365288
0.907743 0.365288
0.907840 0.365288
0.907936 0.364662
0.908033 0.363409
0.908130 0.363409
0.908226 0.362782
0.908323 0.362155
0.908420 0.362155
0.908516 0.362155
0.908613 0.361529
0.908710 0.361529
0.908806 0.360902
0.908903 0.360276
0.909000 0.360276
0.909097 0.359649
0.909193 0.359649
0.909290 0.359649
0.909387 0.359649
0.909483 0.359023
0.909580 0.359023
0.909677 0.359023
0.909773 0.359023
0.909870 0.359023
0.909967 0.359023
0.910064 0.359023
0.910160 0.359023
0.910257 0.359023
0.910354 0.357769
0.910450 0.357769
0.910547 0.357769
0.910644 0.357769
0.910740 0.357143
0.910837 0.357143
0.910934 0.357143
0.911030 0.357143
0.911127 0.356516
0.911224 0.356516
0.911321 0.356516
0.911417 0.355263
0.911514 0.355263
0.911611 0.355263
0.911707 0.355263
0.911804 0.354637
0.911901 0.354010
0.911997 0.353383
0.912094 0.353383
0.912191 0.352757
0.912288 0.352130
0.912384 0.350877
0.912481 0.350877
0.912578 0.350877
0.912674 0.350251
0.912771 0.350251
0.912868 0.350251
0.912964 0.349624
0.913061 0.348997
0.913158 0.348997
0.913254 0.348371
0.913351 0.348371
0.913448 0.348371
0.913545 0.348371
0.913641 0.348371
0.913738 0.347744
0.913835 0.347744
0.913931 0.347744
0.914028 0.347744
0.914125 0.347744
0.914221 0.347744
0.914318 0.347744
0.914415 0.346491
0.914512 0.346491
0.914608 0.346491
0.914705 0.346491
0.914802 0.346491
0.914898 0.345865
0.914995 0.345865
0.915092 0.345865
0.915188 0.345865
0.915285 0.345865
0.915382 0.345238
0.915479 0.345238
0.915575 0.345238
0.915672 0.343985
0.915769 0.343985
0.915865 0.343985
0.915962 0.343985
0.916059 0.343985
0.916155 0.343985
0.916252 0.343358
0.916349 0.342732
0.916445 0.342732
0.916542 0.342732
0.916639 0.342732
0.916736 0.342732
0.916832 0.342732
0.916929 0.342732
0.917026 0.342732
0.917122 0.342105
0.917219 0.342105
0.917316 0.342105
0.917412 0.342105
0.917509 0.342105
0.917606 0.342105
0.917703 0.341479
0.917799 0.341479
0.917896 0.341479
0.917993 0.341479
0.918089 0.341479
0.918186 0.340852
0.918283 0.340852
0.918379 0.340852
0.918476 0.340852
0.918573 0.339599
0.918669 0.338972
0.918766 0.338972
0.918863 0.338972
0.918960 0.338972
0.919056 0.338346
0.919153 0.337719
0.919250 0.337093
0.919346 0.336466
0.919443 0.336466
0.919540 0.336466
0.919636 0.336466
0.919733 0.336466
0.919830 0.335840
0.919927 0.335213
0.920023 0.334586
0.920120 0.333960
0.920217 0.333960
0.920313 0.333960
0.920410 0.333960
0.920507 0.333960
0.920603 0.333960
0.920700 0.333960
0.920797 0.333960
0.920893 0.333960
0.920990 0.333960
0.921087 0.333960
0.921184 0.333333
0.921280 0.333333
0.921377 0.333333
0.921474 0.333333
0.921570 0.333333
0.921667 0.333333
0.921764 0.332707
0.921860 0.332707
0.921957 0.332707
0.922054 0.332707
0.922151 0.332080
0.922247 0.332080
0.922344 0.332080
0.922441 0.332080
0.922537 0.331454
0.922634 0.331454
0.922731 0.331454
0.922827 0.331454
0.922924 0.330827
0.923021 0.330827
0.923117 0.330827
0.923214 0.330827
0.923311 0.330827
0.923408 0.330827
0.923504 0.330201
0.923601 0.329574
0.923698 0.329574
0.923794 0.329574
0.923891 0.329574
0.923988 0.329574
0.924084 0.329574
0.924181 0.329574
0.924278 0.329574
0.924375 0.329574
0.924471 0.329574
0.924568 0.329574
0.924665 0.329574
0.924761 0.329574
0.924858 0.329574
0.924955 0.329574
0.925051 0.329574
0.925148 0.329574
0.925245 0.329574
0.925341 0.329574
0.925438 0.329574
0.925535 0.329574
0.925632 0.329574
0.925728 0.329574
0.925825 0.329574
0.925922 0.328947
0.926018 0.328947
0.926115 0.328321
0.926212 0.328321
0.926308 0.328321
0.926405 0.328321
0.926502 0.328321
0.926599 0.327068
0.926695 0.326441
0.926792 0.326441
0.926889 0.326441
0.926985 0.325815
0.927082 0.325815
0.927179 0.325815
0.927275 0.325815
0.927372 0.325188
0.927469 0.325188
0.927566 0.325188
0.927662 0.325188
0.927759 0.325188
0.927856 0.325188
0.927952 0.325188
0.928049 0.325188
0.928146 0.324561
0.928242 0.323935
0.928339 0.323308
0.928436 0.322055
0.928532 0.322055
0.928629 0.322055
0.928726 0.322055
0.928823 0.322055
0.928919 0.321429
0.929016 0.321429
0.929113 0.321429
0.929209 0.321429
0.929306 0.320802
0.929403 0.320175
0.929499 0.319549
0.929596 0.319549
0.929693 0.318922
0.929790 0.318922
0.929886 0.318922
0.929983 0.318296
0.930080 0.318296
0.930176 0.317043
0.930273 0.317043
0.930370 0.317043
0.930466 0.317043
0.930563 0.317043
0.930660 0.317043
0.930756 0.317043
0.930853 0.315163
0.930950 0.314536
0.931047 0.313283
0.931143 0.312657
0.931240 0.312657
0.931337 0.312030
0.931433 0.312030
0.931530 0.312030
0.931627 0.312030
0.931723 0.312030
0.931820 0.311404
0.931917 0.311404
0.932014 0.311404
0.932110 0.311404
0.932207 0.311404
0.932304 0.311404
0.932400 0.311404
0.932497 0.311404
0.932594 0.311404
0.932690 0.310777
0.932787 0.310777
0.932884 0.310150
0.932980 0.310150
0.933077 0.310150
0.933174 0.310150
0.933271 0.309524
0.933367 0.308897
0.933464 0.308897
0.933561 0.308271
0.933657 0.308271
0.933754 0.308271
0.933851 0.308271
0.933947 0.308271
0.934044 0.308271
0.934141 0.307644
0.934238 0.307018
0.934334 0.307018
0.934431 0.307018
0.934528 0.307018
0.934624 0.307018
0.934721 0.306391
0.934818 0.305764
0.934914 0.305764
0.935011 0.303885
0.935108 0.303885
0.935204 0.303885
0.935301 0.303885
0.935398 0.303885
0.935495 0.303885
0.935591 0.303885
0.935688 0.303258
0.935785 0.303258
0.935881 0.302632
0.935978 0.302005
0.936075 0.302005
0.936171 0.302005
0.936268 0.302005
0.936365 0.301378
0.936462 0.301378
0.936558 0.300752
0.936655 0.300752
0.936752 0.300752
0.936848 0.300752
0.936945 0.300752
0.937042 0.300125
0.937138 0.300125
0.937235 0.299499
0.937332 0.299499
0.937428 0.299499
0.937525 0.299499
0.937622 0.299499
0.937719 0.298872
0.937815 0.298872
0.937912 0.298872
0.938009 0.298246
0.938105 0.298246
0.938202 0.297619
0.938299 0.297619
0.938395 0.297619
0.938492 0.297619
0.938589 0.297619
0.938686 0.296992
0.938782 0.296992
0.938879 0.296992
0.938976 0.296992
0.939072 0.296992
0.939169 0.296366
0.939266 0.295113
0.939362 0.294486
0.939459 0.293860
0.939556 0.293860
0.939652 0.293860
0.939749 0.293860
0.939846 0.293233
0.939943 0.293233
0.940039 0.293233
0.940136 0.293233
0.940233 0.293233
0.940329 0.292607
0.940426 0.291980
0.940523 0.291980
0.940619 0.291353
0.940716 0.291353
0.940813 0.290727
0.940910 0.289474
0.941006 0.289474
0.941103 0.288221
0.941200 0.288221
0.941296 0.288221
0.941393 0.288221
0.941490 0.288221
0.941586 0.288221
0.941683 0.286967
0.941780 0.286341
0.941877 0.286341
0.941973 0.285714
0.942070 0.285088
0.942167 0.285088
0.942263 0.285088
0.942360 0.285088
0.942457 0.284461
0.942553 0.283835
0.942650 0.283835
0.942747 0.283208
0.942843 0.283208
0.942940 0.283208
0.943037 0.282581
0.943134 0.282581
0.943230 0.281955
0.943327 0.281328
0.943424 0.280702
0.943520 0.280075
0.943617 0.280075
0.943714 0.280075
0.943810 0.280075
0.943907 0.280075
0.944004 0.280075
0.944101 0.279449
0.944197 0.279449
0.944294 0.279449
0.944391 0.279449
0.944487 0.278822
0.944584 0.278195
0.944681 0.278195
0.944777 0.277569
0.944874 0.277569
0.944971 0.276316
0.945067 0.276316
0.945164 0.276316
0.945261 0.276316
0.945358 0.276316
0.945454 0.276316
0.945551 0.275689
0.945648 0.275689
0.945744 0.275689
0.945841 0.275689
0.945938 0.275063
0.946034 0.274436
0.946131 0.274436
0.946228 0.274436
0.946325 0.273183
0.946421 0.273183
0.946518 0.273183
0.946615 0.273183
0.946711 0.273183
0.946808 0.272556
0.946905 0.271303
0.947001 0.271303
0.947098 0.270677
0.947195 0.270050
0.947291 0.268797
0.947388 0.268170
0.947485 0.268170
0.947582 0.267544
0.947678 0.266917
0.947775 0.266291
0.947872 0.266291
0.947968 0.265664
0.948065 0.265664
0.948162 0.265664
0.948258 0.265038
0.948355 0.265038
0.948452 0.264411
0.948549 0.263784
0.948645 0.263784
0.948742 0.262531
0.948839 0.262531
0.948935 0.261905
0.949032 0.261905
0.949129 0.260652
0.949225 0.260652
0.949322 0.260025
0.949419 0.260025
0.949515 0.259398
0.949612 0.258772
0.949709 0.258145
0.949806 0.256892
0.949902 0.256892
0.949999 0.255639
0.950096 0.255013
0.950192 0.253759
0.950289 0.253759
0.950386 0.253759
0.950482 0.253759
0.950579 0.252506
0.950676 0.251880
0.950773 0.250627
0.950869 0.250627
0.950966 0.250627
0.951063 0.249373
0.951159 0.249373
0.951256 0.249373
0.951353 0.249373
0.951449 0.248747
0.951546 0.248120
0.951643 0.247494
0.951739 0.246867
0.951836 0.246867
0.951933 0.246867
0.952030 0.246867
0.952126 0.246867
0.952223 0.246241
0.952320 0.244361
0.952416 0.244361
0.952513 0.243108
0.952610 0.242481
0.952706 0.241855
0.952803 0.241228
0.952900 0.239348
0.952997 0.239348
0.953093 0.238095
0.953190 0.238095
0.953287 0.238095
0.953383 0.238095
0.953480 0.238095
0.953577 0.237469
0.953673 0.237469
0.953770 0.235589
0.953867 0.235589
0.953963 0.235589
0.954060 0.235589
0.954157 0.234962
0.954254 0.234962
0.954350 0.234962
0.954447 0.233709
0.954544 0.233709
0.954640 0.233083
0.954737 0.232456
0.954834 0.232456
0.954930 0.231830
0.955027 0.231203
0.955124 0.229950
0.955221 0.229950
0.955317 0.229950
0.955414 0.229323
0.955511 0.228697
0.955607 0.227444
0.955704 0.225564
0.955801 0.224937
0.955897 0.224311
0.955994 0.224311
0.956091 0.223684
0.956188 0.223684
0.956284 0.223684
0.956381 0.223684
0.956478 0.223684
0.956574 0.223684
0.956671 0.223684
0.956768 0.221805
0.956864 0.221178
0.956961 0.221178
0.957058 0.221178
0.957154 0.221178
0.957251 0.220551
0.957348 0.219925
0.957445 0.219298
0.957541 0.218045
0.957638 0.217419
0.957735 0.217419
0.957831 0.216792
0.957928 0.216792
0.958025 0.216792
0.958121 0.216165
0.958218 0.215539
0.958315 0.215539
0.958412 0.215539
0.958508 0.214912
0.958605 0.214286
0.958702 0.213659
0.958798 0.213659
0.958895 0.213033
0.958992 0.212406
0.959088 0.211153
0.959185 0.210526
0.959282 0.209273
0.959378 0.209273
0.959475 0.209273
0.959572 0.208020
0.959669 0.206140
0.959765 0.204887
0.959862 0.203634
0.959959 0.203634
0.960055 0.203634
0.960152 0.203008
0.960249 0.203008
0.960345 0.202381
0.960442 0.201128
0.960539 0.200501
0.960636 0.200501
0.960732 0.200501
0.960829 0.200501
0.960926 0.200501
0.961022 0.199875
0.961119 0.199248
0.961216 0.199248
0.961312 0.199248
0.961409 0.198622
0.961506 0.197995
0.961602 0.196742
0.961699 0.196115
0.961796 0.194862
0.961893 0.194236
0.961989 0.193609
0.962086 0.192982
0.962183 0.191729
0.962279 0.188596
0.962376 0.186717
0.962473 0.186717
0.962569 0.185464
0.962666 0.185464
0.962763 0.185464
0.962860 0.185464
0.962956 0.184211
0.963053 0.184211
0.963150 0.184211
0.963246 0.182957
0.963343 0.182957
0.963440 0.182331
0.963536 0.182331
0.963633 0.181704
0.963730 0.181078
0.963826 0.180451
0.963923 0.179825
0.964020 0.179825
0.964117 0.179198
0.964213 0.177945
0.964310 0.177318
0.964407 0.176692
0.964503 0.176065
0.964600 0.176065
0.964697 0.176065
0.964793 0.175439
0.964890 0.175439
0.964987 0.174185
0.965084 0.173559
0.965180 0.173559
0.965277 0.173559
0.965374 0.169799
0.965470 0.169799
0.965567 0.169799
0.965664 0.169173
0.965760 0.169173
0.965857 0.169173
0.965954 0.169173
0.966050 0.168546
0.966147 0.168546
0.966244 0.167293
0.966341 0.167293
0.966437 0.164787
0.966534 0.164787
0.966631 0.164787
0.966727 0.164160
0.966824 0.164160
0.966921 0.162907
0.967017 0.162281
0.967114 0.162281
0.967211 0.160401
0.967308 0.159774
0.967404 0.159148
0.967501 0.159148
0.967598 0.159148
0.967694 0.158521
0.967791 0.158521
0.967888 0.158521
0.967984 0.158521
0.968081 0.158521
0.968178 0.157895
0.968274 0.157895
0.968371 0.157895
0.968468 0.156642
0.968565 0.156642
0.968661 0.156642
0.968758 0.156015
0.968855 0.156015
0.968951 0.154135
0.969048 0.153509
0.969145 0.153509
0.969241 0.152882
0.969338 0.152882
0.969435 0.152256
0.969532 0.152256
0.969628 0.151003
0.969725 0.150376
0.969822 0.150376
0.969918 0.149749
0.970015 0.148496
0.970112 0.147870
0.970208 0.147243
0.970305 0.146617
0.970402 0.146617
0.970499 0.145363
0.970595 0.145363
0.970692 0.144737
0.970789 0.144110
0.970885 0.141604
0.970982 0.141604
0.971079 0.140977
0.971175 0.140351
0.971272 0.139724
0.971369 0.139098
0.971465 0.139098
0.971562 0.138471
0.971659 0.137218
0.971756 0.135965
0.971852 0.135338
0.971949 0.135338
0.972046 0.135338
0.972142 0.132832
0.972239 0.132832
0.972336 0.132206
0.972432 0.132206
0.972529 0.130952
0.972626 0.129699
0.972723 0.127820
0.972819 0.127820
0.972916 0.127193
0.973013 0.126566
0.973109 0.126566
0.973206 0.125940
0.973303 0.125313
0.973399 0.124060
0.973496 0.122180
0.973593 0.120927
0.973689 0.119674
0.973786 0.119048
0.973883 0.117794
0.973980 0.114035
0.974076 0.112155
0.974173 0.111529
0.974270 0.110902
0.974366 0.109649
0.974463 0.109649
0.974560 0.109023
0.974656 0.109023
0.974753 0.108396
0.974850 0.107143
0.974947 0.106516
0.975043 0.104637
0.975140 0.104637
0.975237 0.104637
0.975333 0.102130
0.975430 0.100877
0.975527 0.097744
0.975623 0.095865
0.975720 0.093985
0.975817 0.093985
0.975913 0.093358
0.976010 0.092732
0.976107 0.090852
0.976204 0.089599
0.976300 0.087719
0.976397 0.087093
0.976494 0.086466
0.976590 0.085213
0.976687 0.082707
0.976784 0.082707
0.976880 0.082080
0.976977 0.081454
0.977074 0.080827
0.977171 0.080201
0.977267 0.078947
0.977364 0.077694
0.977461 0.075815
0.977557 0.075188
0.977654 0.075188
0.977751 0.074561
0.977847 0.073935
0.977944 0.072682
0.978041 0.072055
0.978137 0.070175
0.978234 0.070175
0.978331 0.069549
0.978428 0.068922
0.978524 0.067669
0.978621 0.067669
0.978718 0.066416
0.978814 0.065163
0.978911 0.065163
0.979008 0.065163
0.979104 0.065163
0.979201 0.065163
0.979298 0.064536
0.979395 0.063910
0.979491 0.063910
0.979588 0.062030
0.979685 0.060150
0.979781 0.060150
0.979878 0.057644
0.979975 0.055764
0.980071 0.054511
0.980168 0.052005
0.980265 0.051378
0.980361 0.051378
0.980458 0.049499
0.980555 0.049499
0.980652 0.048872
0.980748 0.047619
0.980845 0.046366
0.980942 0.044486
0.981038 0.043860
0.981135 0.043860
0.981232 0.041980
0.981328 0.040727
0.981425 0.036967
0.981522 0.036341
0.981619 0.035088
0.981715 0.034461
0.981812 0.033208
0.981909 0.033208
0.982005 0.031955
0.982102 0.031328
0.982199 0.028822
0.982295 0.028195
0.982392 0.025689
0.982489 0.025063
0.982585 0.023810
0.982682 0.023810
0.982779 0.023183
0.982876 0.021303
0.982972 0.021303
0.983069 0.021303
0.983166 0.021303
0.983262 0.020677
0.983359 0.020050
0.983456 0.018797
0.983552 0.018797
0.983649 0.018797
0.983746 0.017544
0.983843 0.015038
0.983939 0.015038
0.984036 0.014411
0.984133 0.014411
0.984229 0.013158
0.984326 0.011905
0.984423 0.009398
0.984519 0.008772
0.984616 0.007519
0.984713 0.006892
0.984810 0.005013
0.984906 0.003133
0.985003 0.001880
0.985100 0.001880
0.985196 0.001880
0.985293 0.001880
0.985390 0.001880
0.985486 0.001253
0.985583 0.001253
0.985680 0.001253
0.985776 0.001253
0.985873 0.001253
0.985970 0.001253
0.986067 0.001253
0.986163 0.001253
0.986260 0.001253
0.986357 0.000627
0.986453 0.000627
0.986550 0.000627
0.986647 0.000627
0.986743 0.000627
0.986840 0.000627
0.986937 0.000627
0.987034 0.000627
0.987130 0.000627
0.987227 0.000000
