# Threshold Efficiency
0.020364 0.999382
0.020461 0.999382
0.020557 0.998763
0.020654 0.998763
0.020751 0.998763
0.020848 0.998763
0.020944 0.998763
0.021041 0.998763
0.021138 0.998763
0.021234 0.998763
0.021331 0.998763
0.021428 0.998763
0.021524 0.998763
0.021621 0.998763
0.021718 0.998763
0.021815 0.998763
0.021911 0.998763
0.022008 0.998763
0.022105 0.998763
0.022201 0.998763
0.022298 0.998763
0.022395 0.998763
0.022491 0.998763
0.022588 0.998763
0.022685 0.998763
0.022781 0.998763
0.022878 0.998763
0.022975 0.998763
0.023072 0.998763
0.023168 0.998763
0.023265 0.998763
0.023362 0.998763
0.023458 0.998763
0.023555 0.998763
0.023652 0.998763
0.023748 0.998763
0.023845 0.998763
0.023942 0.998763
0.024039 0.998763
0.024135 0.998763
0.024232 0.998763
0.024329 0.998763
0.024425 0.998763
0.024522 0.998763
0.024619 0.998763
0.024715 0.998763
0.024812 0.998763
0.024909 0.998763
0.025005 0.998763
0.025102 0.998763
0.025199 0.998763
0.025296 0.998763
0.025392 0.998763
0.025489 0.998763
0.025586 0.998763
0.025682 0.998763
0.025779 0.998763
0.025876 0.998763
0.025972 0.998763
0.026069 0.998763
0.026166 0.998763
0.026263 0.998763
0.026359 0.998763
0.026456 0.998763
0.026553 0.998763
0.026649 0.998763
0.026746 0.998763
0.026843 0.998763
0.026939 0.998763
0.027036 0.998763
0.027133 0.998763
0.027229 0.998763
0.027326 0.998763
0.027423 0.998763
0.027520 0.998145
0.027616 0.998145
0.027713 0.998145
0.027810 0.998145
0.027906 0.997526
0.028003 0.997526
0.028100 0.996908
0.028196 0.996908
0.028293 0.996908
0.028390 0.996908
0.028487 0.996908
0.028583 0.996908
0.028680 0.996908
0.028777 0.996908
0.028873 0.996908
0.028970 0.996908
0.029067 0.996908
0.029163 0.996908
0.029260 0.996908
0.029357 0.996289
0.029453 0.996289
0.029550 0.996289
0.029647 0.996289
0.029744 0.996289
0.029840 0.996289
0.029937 0.996289
0.030034 0.996289
0.030130 0.996289
0.030227 0.996289
0.030324 0.996289
0.030420 0.996289
0.030517 0.996289
0.030614 0.996289
0.030711 0.995671
0.030807 0.995671
0.030904 0.995671
0.031001 0.995671
0.031097 0.995053
0.031194 0.995053
0.031291 0.994434
0.031387 0.994434
0.031484 0.994434
0.031581 0.994434
0.031677 0.994434
0.031774 0.994434
0.031871 0.994434
0.031968 0.994434
0.032064 0.993816
0.032161 0.993816
0.032258 0.993197
0.032354 0.993197
0.032451 0.993197
0.032548 0.993197
0.032644 0.993197
0.032741 0.993197
0.032838 0.993197
0.032935 0.993197
0.033031 0.993197
0.033128 0.993197
0.033225 0.993197
0.033321 0.993197
0.033418 0.993197
0.033515 0.992579
0.033611 0.992579
0.033708 0.992579
0.033805 0.992579
0.033902 0.992579
0.033998 0.991342
0.034095 0.991342
0.034192 0.991342
0.034288 0.991342
0.034385 0.991342
0.034482 0.991342
0.034578 0.991342
0.034675 0.990724
0.034772 0.990724
0.034868 0.990724
0.034965 0.990724
0.035062 0.990105
0.035159 0.989487
0.035255 0.989487
0.035352 0.988868
0.035449 0.988868
0.035545 0.988868
0.035642 0.988868
0.035739 0.988868
0.035835 0.988868
0.035932 0.988868
0.036029 0.988868
0.036126 0.988868
0.036222 0.988868
0.036319 0.988868
0.036416 0.988868
0.036512 0.988868
0.036609 0.988868
0.036706 0.988250
0.036802 0.988250
0.036899 0.987631
0.036996 0.987631
0.037092 0.987013
0.037189 0.987013
0.037286 0.987013
0.037383 0.987013
0.037479 0.986395
0.037576 0.986395
0.037673 0.986395
0.037769 0.986395
0.037866 0.986395
0.037963 0.985776
0.038059 0.985776
0.038156 0.985158
0.038253 0.985158
0.038350 0.985158
0.038446 0.984539
0.038543 0.984539
0.038640 0.984539
0.038736 0.983921
0.038833 0.982684
0.038930 0.982684
0.039026 0.982684
0.039123 0.982684
0.039220 0.982684
0.039316 0.982684
0.039413 0.982684
0.039510 0.982684
0.039607 0.982684
0.039703 0.982684
0.039800 0.982684
0.039897 0.982684
0.039993 0.982684
0.040090 0.982684
0.040187 0.982684
0.040283 0.982684
0.040380 0.982066
0.040477 0.981447
0.040574 0.980829
0.040670 0.980210
0.040767 0.979592
0.040864 0.979592
0.040960 0.979592
0.041057 0.979592
0.041154 0.979592
0.041250 0.979592
0.041347 0.979592
0.041444 0.979592
0.041540 0.979592
0.041637 0.979592
0.041734 0.979592
0.041831 0.979592
0.041927 0.979592
0.042024 0.979592
0.042121 0.978973
0.042217 0.978973
0.042314 0.978355
0.042411 0.978355
0.042507 0.978355
0.042604 0.978355
0.042701 0.978355
0.042798 0.978355
0.042894 0.978355
0.042991 0.978355
0.043088 0.977737
0.043184 0.977737
0.043281 0.977737
0.043378 0.977737
0.043474 0.977737
0.043571 0.977118
0.043668 0.975881
0.043764 0.975881
0.043861 0.975881
0.043958 0.975263
0.044055 0.975263
0.044151 0.975263
0.044248 0.975263
0.044345 0.974026
0.044441 0.974026
0.044538 0.974026
0.044635 0.974026
0.044731 0.974026
0.044828 0.973408
0.044925 0.972789
0.045022 0.972789
0.045118 0.972789
0.045215 0.972789
0.045312 0.971552
0.045408 0.970934
0.045505 0.970934
0.045602 0.970934
0.045698 0.970934
0.045795 0.970934
0.045892 0.970934
0.045988 0.970934
0.046085 0.970315
0.046182 0.969079
0.046279 0.969079
0.046375 0.969079
0.046472 0.969079
0.046569 0.969079
0.046665 0.968460
0.046762 0.968460
0.046859 0.968460
0.046955 0.968460
0.047052 0.968460
0.047149 0.968460
0.047246 0.968460
0.047342 0.968460
0.047439 0.967842
0.047536 0.967842
0.047632 0.967223
0.047729 0.967223
0.047826 0.966605
0.047922 0.966605
0.048019 0.965368
0.048116 0.964750
0.048213 0.964750
0.048309 0.963513
0.048406 0.963513
0.048503 0.963513
0.048599 0.963513
0.048696 0.963513
0.048793 0.963513
0.048889 0.963513
0.048986 0.962894
0.049083 0.962276
0.049179 0.961039
0.049276 0.960421
0.049373 0.959802
0.049470 0.959802
0.049566 0.959802
0.049663 0.959184
0.049760 0.959184
0.049856 0.959184
0.049953 0.958565
0.050050 0.958565
0.050146 0.957947
0.050243 0.957947
0.050340 0.957947
0.050437 0.957947
0.050533 0.957947
0.050630 0.957947
0.050727 0.957947
0.050823 0.957947
0.050920 0.957947
0.051017 0.957947
0.051113 0.957328
0.051210 0.957328
0.051307 0.957328
0.051403 0.957328
0.051500 0.957328
0.051597 0.957328
0.051694 0.957328
0.051790 0.957328
0.051887 0.957328
0.051984 0.957328
0.052080 0.957328
0.052177 0.957328
0.052274 0.957328
0.052370 0.957328
0.052467 0.956092
0.052564 0.956092
0.052661 0.955473
0.052757 0.954855
0.052854 0.954236
0.052951 0.954236
0.053047 0.954236
0.053144 0.954236
0.053241 0.954236
0.053337 0.954236
0.053434 0.953618
0.053531 0.953618
0.053627 0.953618
0.053724 0.953618
0.053821 0.953618
0.053918 0.952999
0.054014 0.952999
0.054111 0.952999
0.054208 0.952999
0.054304 0.952999
0.054401 0.952999
0.054498 0.952999
0.054594 0.952999
0.054691 0.952999
0.054788 0.951144
0.054885 0.951144
0.054981 0.951144
0.055078 0.951144
0.055175 0.951144
0.055271 0.949907
0.055368 0.949907
0.055465 0.949289
0.055561 0.949289
0.055658 0.949289
0.055755 0.949289
0.055851 0.948670
0.055948 0.948670
0.056045 0.948052
0.056142 0.948052
0.056238 0.948052
0.056335 0.948052
0.056432 0.948052
0.056528 0.948052
0.056625 0.948052
0.056722 0.948052
0.056818 0.947434
0.056915 0.947434
0.057012 0.946815
0.057109 0.946815
0.057205 0.946815
0.057302 0.946815
0.057399 0.946197
0.057495 0.945578
0.057592 0.944960
0.057689 0.944960
0.057785 0.944960
0.057882 0.944960
0.057979 0.944960
0.058075 0.944341
0.058172 0.944341
0.058269 0.944341
0.058366 0.944341
0.058462 0.944341
0.058559 0.944341
0.058656 0.944341
0.058752 0.944341
0.058849 0.944341
0.058946 0.944341
0.059042 0.944341
0.059139 0.944341
0.059236 0.944341
0.059333 0.943723
0.059429 0.943105
0.059526 0.943105
0.059623 0.943105
0.059719 0.943105
0.059816 0.941868
0.059913 0.941868
0.060009 0.941868
0.060106 0.941868
0.060203 0.941868
0.060300 0.941868
0.060396 0.941249
0.060493 0.941249
0.060590 0.940631
0.060686 0.940631
0.060783 0.940012
0.060880 0.940012
0.060976 0.940012
0.061073 0.940012
0.061170 0.940012
0.061266 0.940012
0.061363 0.939394
0.061460 0.939394
0.061557 0.939394
0.061653 0.939394
0.061750 0.939394
0.061847 0.939394
0.061943 0.938776
0.062040 0.938776
0.062137 0.938776
0.062233 0.938157
0.062330 0.938157
0.062427 0.937539
0.062524 0.937539
0.062620 0.937539
0.062717 0.937539
0.062814 0.937539
0.062910 0.936920
0.063007 0.936920
0.063104 0.936920
0.063200 0.936920
0.063297 0.936920
0.063394 0.936302
0.063490 0.936302
0.063587 0.936302
0.063684 0.936302
0.063781 0.936302
0.063877 0.936302
0.063974 0.936302
0.064071 0.936302
0.064167 0.935683
0.064264 0.935065
0.064361 0.934447
0.064457 0.934447
0.064554 0.934447
0.064651 0.934447
0.064748 0.934447
0.064844 0.934447
0.064941 0.934447
0.065038 0.934447
0.065134 0.934447
0.065231 0.933210
0.065328 0.932591
0.065424 0.932591
0.065521 0.931973
0.065618 0.931973
0.065714 0.931973
0.065811 0.931354
0.065908 0.931354
0.066005 0.931354
0.066101 0.931354
0.066198 0.931354
0.066295 0.931354
0.066391 0.931354
0.066488 0.931354
0.066585 0.930736
0.066681 0.930118
0.066778 0.929499
0.066875 0.929499
0.066972 0.929499
0.067068 0.928881
0.067165 0.928881
0.067262 0.928881
0.067358 0.928262
0.067455 0.928262
0.067552 0.927644
0.067648 0.927025
0.067745 0.927025
0.067842 0.927025
0.067938 0.926407
0.068035 0.925170
0.068132 0.925170
0.068229 0.925170
0.068325 0.925170
0.068422 0.924552
0.068519 0.924552
0.068615 0.924552
0.068712 0.923933
0.068809 0.922696
0.068905 0.922078
0.069002 0.922078
0.069099 0.922078
0.069196 0.921459
0.069292 0.921459
0.069389 0.921459
0.069486 0.921459
0.069582 0.921459
0.069679 0.921459
0.069776 0.920841
0.069872 0.920841
0.069969 0.920841
0.070066 0.920223
0.070162 0.920223
0.070259 0.919604
0.070356 0.919604
0.070453 0.919604
0.070549 0.918986
0.070646 0.918986
0.070743 0.918986
0.070839 0.918986
0.070936 0.918367
0.071033 0.917749
0.071129 0.917749
0.071226 0.917749
0.071323 0.917749
0.071420 0.917130
0.071516 0.917130
0.071613 0.917130
0.071710 0.917130
0.071806 0.917130
0.071903 0.915894
0.072000 0.915894
0.072096 0.915894
0.072193 0.915894
0.072290 0.915894
0.072386 0.915894
0.072483 0.915894
0.072580 0.915275
0.072677 0.915275
0.072773 0.915275
0.072870 0.914657
0.072967 0.914657
0.073063 0.914657
0.073160 0.914657
0.073257 0.914657
0.073353 0.914038
0.073450 0.912801
0.073547 0.912801
0.073644 0.912801
0.073740 0.912801
0.073837 0.912801
0.073934 0.912801
0.074030 0.912801
0.074127 0.912801
0.074224 0.912801
0.074320 0.912801
0.074417 0.912801
0.074514 0.912801
0.074611 0.912801
0.074707 0.912801
0.074804 0.912801
0.074901 0.910946
0.074997 0.910946
0.075094 0.910946
0.075191 0.910946
0.075287 0.910946
0.075384 0.910946
0.075481 0.910328
0.075577 0.910328
0.075674 0.909709
0.075771 0.909091
0.075868 0.909091
0.075964 0.909091
0.076061 0.909091
0.076158 0.908472
0.076254 0.907854
0.076351 0.907854
0.076448 0.907854
0.076544 0.907854
0.076641 0.907854
0.076738 0.907854
0.076835 0.907854
0.076931 0.907236
0.077028 0.907236
0.077125 0.907236
0.077221 0.907236
0.077318 0.905999
0.077415 0.905999
0.077511 0.905999
0.077608 0.904762
0.077705 0.904143
0.077801 0.903525
0.077898 0.902288
0.077995 0.901670
0.078092 0.901670
0.078188 0.901670
0.078285 0.901051
0.078382 0.901051
0.078478 0.901051
0.078575 0.900433
0.078672 0.899814
0.078768 0.899814
0.078865 0.899814
0.078962 0.899814
0.079059 0.899814
0.079155 0.899196
0.079252 0.899196
0.079349 0.898578
0.079445 0.898578
0.079542 0.897959
0.079639 0.897341
0.079735 0.897341
0.079832 0.897341
0.079929 0.897341
0.080025 0.897341
0.080122 0.897341
0.080219 0.896104
0.080316 0.896104
0.080412 0.896104
0.080509 0.895485
0.080606 0.895485
0.080702 0.895485
0.080799 0.895485
0.080896 0.894249
0.080992 0.894249
0.081089 0.893630
0.081186 0.893630
0.081283 0.893012
0.081379 0.892393
0.081476 0.892393
0.081573 0.891775
0.081669 0.891775
0.081766 0.891775
0.081863 0.891775
0.081959 0.891775
0.082056 0.891775
0.082153 0.891775
0.082249 0.891156
0.082346 0.891156
0.082443 0.890538
0.082540 0.889301
0.082636 0.888683
0.082733 0.888064
0.082830 0.887446
0.082926 0.886827
0.083023 0.886827
0.083120 0.886827
0.083216 0.886827
0.083313 0.886209
0.083410 0.884972
0.083507 0.884972
0.083603 0.884354
0.083700 0.884354
0.083797 0.884354
0.083893 0.883735
0.083990 0.883735
0.084087 0.883117
0.084183 0.881880
0.084280 0.881262
0.084377 0.881262
0.084473 0.881262
0.084570 0.881262
0.084667 0.880643
0.084764 0.880025
0.084860 0.880025
0.084957 0.880025
0.085054 0.878788
0.085150 0.878169
0.085247 0.878169
0.085344 0.877551
0.085440 0.877551
0.085537 0.877551
0.085634 0.877551
0.085731 0.877551
0.085827 0.876314
0.085924 0.875696
0.086021 0.875696
0.086117 0.875696
0.086214 0.875696
0.086311 0.875696
0.086407 0.875696
0.086504 0.875696
0.086601 0.875696
0.086697 0.875696
0.086794 0.875696
0.086891 0.875696
0.086988 0.874459
0.087084 0.874459
0.087181 0.873222
0.087278 0.872604
0.087374 0.872604
0.087471 0.872604
0.087568 0.872604
0.087664 0.872604
0.087761 0.871985
0.087858 0.871367
0.087955 0.871367
0.088051 0.871367
0.088148 0.870748
0.088245 0.870748
0.088341 0.870748
0.088438 0.870130
0.088535 0.868893
0.088631 0.868893
0.088728 0.868275
0.088825 0.868275
0.088922 0.868275
0.089018 0.868275
0.089115 0.868275
0.089212 0.868275
0.089308 0.867038
0.089405 0.867038
0.089502 0.867038
0.089598 0.866419
0.089695 0.866419
0.089792 0.866419
0.089888 0.866419
0.089985 0.866419
0.090082 0.866419
0.090179 0.865801
0.090275 0.865801
0.090372 0.865801
0.090469 0.865182
0.090565 0.865182
0.090662 0.863946
0.090759 0.863946
0.090855 0.863946
0.090952 0.863946
0.091049 0.863946
0.091146 0.863946
0.091242 0.863946
0.091339 0.862709
0.091436 0.862709
0.091532 0.862709
0.091629 0.862709
0.091726 0.862090
0.091822 0.862090
0.091919 0.862090
0.092016 0.862090
0.092112 0.861472
0.092209 0.861472
0.092306 0.861472
0.092403 0.860853
0.092499 0.860853
0.092596 0.860853
0.092693 0.860853
0.092789 0.860853
0.092886 0.860235
0.092983 0.860235
0.093079 0.859617
0.093176 0.859617
0.093273 0.859617
0.093370 0.859617
0.093466 0.859617
0.093563 0.858998
0.093660 0.858998
0.093756 0.858380
0.093853 0.857761
0.093950 0.857761
0.094046 0.857143
0.094143 0.857143
0.094240 0.857143
0.094336 0.856524
0.094433 0.856524
0.094530 0.856524
0.094627 0.856524
0.094723 0.856524
0.094820 0.856524
0.094917 0.856524
0.095013 0.856524
0.095110 0.856524
0.095207 0.855906
0.095303 0.855288
0.095400 0.855288
0.095497 0.854051
0.095594 0.854051
0.095690 0.854051
0.095787 0.854051
0.095884 0.851577
0.095980 0.851577
0.096077 0.851577
0.096174 0.851577
0.096270 0.850959
0.096367 0.850959
0.096464 0.850959
0.096560 0.850340
0.096657 0.849722
0.096754 0.849722
0.096851 0.849103
0.096947 0.848485
0.097044 0.847248
0.097141 0.847248
0.097237 0.847248
0.097334 0.846630
0.097431 0.846630
0.097527 0.846630
0.097624 0.846630
0.097721 0.846011
0.097818 0.846011
0.097914 0.845393
0.098011 0.845393
0.098108 0.844156
0.098204 0.844156
0.098301 0.844156
0.098398 0.844156
0.098494 0.844156
0.098591 0.844156
0.098688 0.844156
0.098784 0.844156
0.098881 0.843537
0.098978 0.842919
0.099075 0.842919
0.099171 0.842919
0.099268 0.842919
0.099365 0.842301
0.099461 0.842301
0.099558 0.841064
0.099655 0.839827
0.099751 0.839827
0.099848 0.839827
0.099945 0.839827
0.100042 0.839827
0.100138 0.839208
0.100235 0.839208
0.100332 0.838590
0.100428 0.838590
0.100525 0.838590
0.100622 0.838590
0.100718 0.838590
0.100815 0.837972
0.100912 0.837972
0.101008 0.837353
0.101105 0.836735
0.101202 0.836735
0.101299 0.836735
0.101395 0.836735
0.101492 0.836735
0.101589 0.835498
0.101685 0.835498
0.101782 0.834879
0.101879 0.834879
0.101975 0.834879
0.102072 0.834879
0.102169 0.834261
0.102266 0.834261
0.102362 0.833643
0.102459 0.833643
0.102556 0.833643
0.102652 0.833643
0.102749 0.833643
0.102846 0.833643
0.102942 0.833024
0.103039 0.833024
0.103136 0.833024
0.103233 0.833024
0.103329 0.832406
0.103426 0.832406
0.103523 0.831787
0.103619 0.831169
0.103716 0.831169
0.103813 0.831169
0.103909 0.830550
0.104006 0.830550
0.104103 0.830550
0.104199 0.830550
0.104296 0.829932
0.104393 0.828695
0.104490 0.828695
0.104586 0.828695
0.104683 0.828695
0.104780 0.827458
0.104876 0.826840
0.104973 0.826221
0.105070 0.826221
0.105166 0.825603
0.105263 0.825603
0.105360 0.824985
0.105457 0.824985
0.105553 0.823748
0.105650 0.823748
0.105747 0.823129
0.105843 0.821892
0.105940 0.821892
0.106037 0.821892
0.106133 0.821892
0.106230 0.821892
0.106327 0.821274
0.106423 0.819419
0.106520 0.818800
0.106617 0.818800
0.106714 0.817563
0.106810 0.817563
0.106907 0.817563
0.107004 0.817563
0.107100 0.816945
0.107197 0.815708
0.107294 0.815708
0.107390 0.815708
0.107487 0.815090
0.107584 0.815090
0.107681 0.814471
0.107777 0.814471
0.107874 0.814471
0.107971 0.814471
0.108067 0.813234
0.108164 0.813234
0.108261 0.813234
0.108357 0.811998
0.108454 0.810142
0.108551 0.809524
0.108647 0.809524
0.108744 0.808287
0.108841 0.808287
0.108938 0.807050
0.109034 0.807050
0.109131 0.806432
0.109228 0.805813
0.109324 0.805813
0.109421 0.805813
0.109518 0.805813
0.109614 0.805195
0.109711 0.805195
0.109808 0.805195
0.109905 0.804576
0.110001 0.804576
0.110098 0.804576
0.110195 0.804576
0.110291 0.804576
0.110388 0.804576
0.110485 0.804576
0.110581 0.804576
0.110678 0.804576
0.110775 0.803958
0.110871 0.803958
0.110968 0.803958
0.111065 0.802721
0.111162 0.802721
0.111258 0.802721
0.111355 0.802721
0.111452 0.802103
0.111548 0.802103
0.111645 0.802103
0.111742 0.801484
0.111838 0.801484
0.111935 0.800247
0.112032 0.799629
0.112129 0.798392
0.112225 0.798392
0.112322 0.798392
0.112419 0.797774
0.112515 0.797155
0.112612 0.796537
0.112709 0.795300
0.112805 0.795300
0.112902 0.794682
0.112999 0.794063
0.113095 0.794063
0.113192 0.794063
0.113289 0.794063
0.113386 0.794063
0.113482 0.794063
0.113579 0.793445
0.113676 0.792826
0.113772 0.792208
0.113869 0.792208
0.113966 0.790971
0.114062 0.790971
0.114159 0.789734
0.114256 0.789734
0.114353 0.789116
0.114449 0.787879
0.114546 0.787260
0.114643 0.787260
0.114739 0.787260
0.114836 0.786642
0.114933 0.786642
0.115029 0.786642
0.115126 0.786642
0.115223 0.786642
0.115319 0.786024
0.115416 0.785405
0.115513 0.785405
0.115610 0.785405
0.115706 0.785405
0.115803 0.784787
0.115900 0.784787
0.115996 0.784787
0.116093 0.784787
0.116190 0.784787
0.116286 0.784787
0.116383 0.784787
0.116480 0.784787
0.116577 0.784168
0.116673 0.784168
0.116770 0.784168
0.116867 0.783550
0.116963 0.783550
0.117060 0.783550
0.117157 0.782313
0.117253 0.781694
0.117350 0.781076
0.117447 0.781076
0.117544 0.780458
0.117640 0.780458
0.117737 0.780458
0.117834 0.780458
0.117930 0.780458
0.118027 0.779839
0.118124 0.779839
0.118220 0.779839
0.118317 0.779839
0.118414 0.779839
0.118510 0.779839
0.118607 0.779221
0.118704 0.779221
0.118801 0.779221
0.118897 0.778602
0.118994 0.778602
0.119091 0.778602
0.119187 0.777365
0.119284 0.777365
0.119381 0.776129
0.119477 0.776129
0.119574 0.776129
0.119671 0.776129
0.119768 0.774892
0.119864 0.773655
0.119961 0.773036
0.120058 0.772418
0.120154 0.772418
0.120251 0.771800
0.120348 0.771800
0.120444 0.770563
0.120541 0.770563
0.120638 0.769944
0.120734 0.769944
0.120831 0.769944
0.120928 0.769944
0.121025 0.769944
0.121121 0.769944
0.121218 0.769944
0.121315 0.769944
0.121411 0.769326
0.121508 0.768707
0.121605 0.768089
0.121701 0.768089
0.121798 0.768089
0.121895 0.766852
0.121992 0.766852
0.122088 0.766852
0.122185 0.766852
0.122282 0.766852
0.122378 0.766852
0.122475 0.766234
0.122572 0.766234
0.122668 0.766234
0.122765 0.766234
0.122862 0.764997
0.122958 0.764997
0.123055 0.764997
0.123152 0.764997
0.123249 0.763142
0.123345 0.763142
0.123442 0.763142
0.123539 0.763142
0.123635 0.762523
0.123732 0.762523
0.123829 0.762523
0.123925 0.762523
0.124022 0.761905
0.124119 0.761286
0.124216 0.761286
0.124312 0.760668
0.124409 0.760668
0.124506 0.760668
0.124602 0.760049
0.124699 0.760049
0.124796 0.758813
0.124892 0.757576
0.124989 0.757576
0.125086 0.757576
0.125182 0.756957
0.125279 0.756957
0.125376 0.756339
0.125473 0.756339
0.125569 0.756339
0.125666 0.756339
0.125763 0.756339
0.125859 0.756339
0.125956 0.756339
0.126053 0.756339
0.126149 0.756339
0.126246 0.756339
0.126343 0.755720
0.126440 0.755720
0.126536 0.755720
0.126633 0.755720
0.126730 0.755720
0.126826 0.755720
0.126923 0.755102
0.127020 0.755102
0.127116 0.753865
0.127213 0.753865
0.127310 0.753865
0.127406 0.753865
0.127503 0.753865
0.127600 0.753865
0.127697 0.753865
0.127793 0.753865
0.127890 0.753247
0.127987 0.752628
0.128083 0.752010
0.128180 0.752010
0.128277 0.752010
0.128373 0.752010
0.128470 0.751391
0.128567 0.751391
0.128664 0.751391
0.128760 0.750155
0.128857 0.750155
0.128954 0.749536
0.129050 0.748918
0.129147 0.747681
0.129244 0.747062
0.129340 0.747062
0.129437 0.747062
0.129534 0.746444
0.129630 0.745826
0.129727 0.745207
0.129824 0.745207
0.129921 0.745207
0.130017 0.744589
0.130114 0.744589
0.130211 0.743970
0.130307 0.743970
0.130404 0.743970
0.130501 0.743970
0.130597 0.743352
0.130694 0.742733
0.130791 0.742733
0.130888 0.742733
0.130984 0.742733
0.131081 0.742115
0.131178 0.742115
0.131274 0.741497
0.131371 0.741497
0.131468 0.740878
0.131564 0.740878
0.131661 0.740878
0.131758 0.740878
0.131855 0.740878
0.131951 0.740260
0.132048 0.740260
0.132145 0.739641
0.132241 0.738404
0.132338 0.738404
0.132435 0.738404
0.132531 0.738404
0.132628 0.738404
0.132725 0.737786
0.132821 0.737786
0.132918 0.737168
0.133015 0.737168
0.133112 0.736549
0.133208 0.736549
0.133305 0.736549
0.133402 0.736549
0.133498 0.735312
0.133595 0.734694
0.133692 0.734075
0.133788 0.734075
0.133885 0.733457
0.133982 0.733457
0.134079 0.733457
0.134175 0.732839
0.134272 0.732839
0.134369 0.732220
0.134465 0.732220
0.134562 0.732220
0.134659 0.731602
0.134755 0.731602
0.134852 0.730365
0.134949 0.729746
0.135045 0.729746
0.135142 0.729128
0.135239 0.728510
0.135336 0.728510
0.135432 0.727891
0.135529 0.727891
0.135626 0.727891
0.135722 0.726654
0.135819 0.726654
0.135916 0.726654
0.136012 0.726654
0.136109 0.726036
0.136206 0.726036
0.136303 0.726036
0.136399 0.726036
0.136496 0.726036
0.136593 0.726036
0.136689 0.726036
0.136786 0.726036
0.136883 0.726036
0.136979 0.726036
0.137076 0.725417
0.137173 0.725417
0.137269 0.724799
0.137366 0.724181
0.137463 0.724181
0.137560 0.723562
0.137656 0.723562
0.137753 0.722944
0.137850 0.722944
0.137946 0.722944
0.138043 0.722325
0.138140 0.722325
0.138236 0.721088
0.138333 0.721088
0.138430 0.721088
0.138527 0.721088
0.138623 0.721088
0.138720 0.721088
0.138817 0.721088
0.138913 0.721088
0.139010 0.720470
0.139107 0.720470
0.139203 0.720470
0.139300 0.720470
0.139397 0.720470
0.139493 0.720470
0.139590 0.720470
0.139687 0.720470
0.139784 0.720470
0.139880 0.720470
0.139977 0.719852
0.140074 0.719852
0.140170 0.719852
0.140267 0.719852
0.140364 0.718615
0.140460 0.718615
0.140557 0.717996
0.140654 0.717996
0.140751 0.717996
0.140847 0.717378
0.140944 0.717378
0.141041 0.717378
0.141137 0.717378
0.141234 0.716759
0.141331 0.716759
0.141427 0.716141
0.141524 0.716141
0.141621 0.716141
0.141717 0.714904
0.141814 0.714286
0.141911 0.714286
0.142008 0.714286
0.142104 0.714286
0.142201 0.714286
0.142298 0.714286
0.142394 0.714286
0.142491 0.714286
0.142588 0.713667
0.142684 0.713667
0.142781 0.712430
0.142878 0.711812
0.142975 0.710575
0.143071 0.710575
0.143168 0.710575
0.143265 0.709338
0.143361 0.709338
0.143458 0.709338
0.143555 0.709338
0.143651 0.709338
0.143748 0.709338
0.143845 0.708720
0.143941 0.708720
0.144038 0.708720
0.144135 0.708720
0.144232 0.708101
0.144328 0.707483
0.144425 0.707483
0.144522 0.707483
0.144618 0.707483
0.144715 0.707483
0.144812 0.707483
0.144908 0.706246
0.145005 0.705628
0.145102 0.705628
0.145199 0.705628
0.145295 0.705628
0.145392 0.705628
0.145489 0.705009
0.145585 0.705009
0.145682 0.704391
0.145779 0.704391
0.145875 0.704391
0.145972 0.704391
0.146069 0.704391
0.146166 0.704391
0.146262 0.704391
0.146359 0.704391
0.146456 0.704391
0.146552 0.704391
0.146649 0.702536
0.146746 0.701917
0.146842 0.701299
0.146939 0.701299
0.147036 0.701299
0.147132 0.701299
0.147229 0.700680
0.147326 0.699443
0.147423 0.698825
0.147519 0.698825
0.147616 0.698825
0.147713 0.698825
0.147809 0.698825
0.147906 0.698825
0.148003 0.698825
0.148099 0.698207
0.148196 0.697588
0.148293 0.696970
0.148390 0.696970
0.148486 0.695733
0.148583 0.695733
0.148680 0.695733
0.148776 0.695733
0.148873 0.695114
0.148970 0.695114
0.149066 0.695114
0.149163 0.695114
0.149260 0.694496
0.149356 0.694496
0.149453 0.694496
0.149550 0.694496
0.149647 0.694496
0.149743 0.694496
0.149840 0.694496
0.149937 0.694496
0.150033 0.694496
0.150130 0.694496
0.150227 0.694496
0.150323 0.694496
0.150420 0.694496
0.150517 0.693259
0.150614 0.692641
0.150710 0.692641
0.150807 0.692641
0.150904 0.692641
0.151000 0.692641
0.151097 0.692022
0.151194 0.692022
0.151290 0.692022
0.151387 0.690785
0.151484 0.690167
0.151580 0.689549
0.151677 0.688930
0.151774 0.688312
0.151871 0.687693
0.151967 0.687693
0.152064 0.686456
0.152161 0.686456
0.152257 0.686456
0.152354 0.685220
0.152451 0.685220
0.152547 0.685220
0.152644 0.685220
0.152741 0.685220
0.152838 0.685220
0.152934 0.685220
0.153031 0.684601
0.153128 0.684601
0.153224 0.684601
0.153321 0.684601
0.153418 0.683983
0.153514 0.683983
0.153611 0.683983
0.153708 0.683983
0.153804 0.683983
0.153901 0.683983
0.153998 0.683364
0.154095 0.683364
0.154191 0.682746
0.154288 0.682746
0.154385 0.682746
0.154481 0.682746
0.154578 0.682746
0.154675 0.682746
0.154771 0.682127
0.154868 0.680891
0.154965 0.680891
0.155062 0.680891
0.155158 0.679654
0.155255 0.679654
0.155352 0.679035
0.155448 0.678417
0.155545 0.678417
0.155642 0.676562
0.155738 0.676562
0.155835 0.676562
0.155932 0.676562
0.156028 0.676562
0.156125 0.676562
0.156222 0.675943
0.156319 0.675943
0.156415 0.675943
0.156512 0.674706
0.156609 0.674088
0.156705 0.674088
0.156802 0.674088
0.156899 0.674088
0.156995 0.674088
0.157092 0.674088
0.157189 0.673469
0.157286 0.673469
0.157382 0.673469
0.157479 0.673469
0.157576 0.673469
0.157672 0.673469
0.157769 0.672851
0.157866 0.672233
0.157962 0.672233
0.158059 0.671614
0.158156 0.670377
0.158253 0.670377
0.158349 0.670377
0.158446 0.669759
0.158543 0.669140
0.158639 0.668522
0.158736 0.667904
0.158833 0.667285
0.158929 0.667285
0.159026 0.667285
0.159123 0.667285
0.159219 0.667285
0.159316 0.667285
0.159413 0.666667
0.159510 0.666667
0.159606 0.666667
0.159703 0.666667
0.159800 0.666667
0.159896 0.666667
0.159993 0.664811
0.160090 0.664811
0.160186 0.664811
0.160283 0.664193
0.160380 0.664193
0.160477 0.662338
0.160573 0.662338
0.160670 0.662338
0.160767 0.662338
0.160863 0.661719
0.160960 0.661719
0.161057 0.661719
0.161153 0.661101
0.161250 0.660482
0.161347 0.659246
0.161443 0.658627
0.161540 0.658627
0.161637 0.658627
0.161734 0.658009
0.161830 0.657390
0.161927 0.657390
0.162024 0.656772
0.162120 0.656772
0.162217 0.656772
0.162314 0.656772
0.162410 0.656772
0.162507 0.655535
0.162604 0.655535
0.162701 0.654298
0.162797 0.653680
0.162894 0.653061
0.162991 0.652443
0.163087 0.652443
0.163184 0.652443
0.163281 0.652443
0.163377 0.652443
0.163474 0.652443
0.163571 0.652443
0.163667 0.651824
0.163764 0.651824
0.163861 0.651824
0.163958 0.651824
0.164054 0.651824
0.164151 0.651824
0.164248 0.651824
0.164344 0.651206
0.164441 0.650588
0.164538 0.650588
0.164634 0.650588
0.164731 0.650588
0.164828 0.650588
0.164925 0.650588
0.165021 0.650588
0.165118 0.649969
0.165215 0.649969
0.165311 0.649969
0.165408 0.649351
0.165505 0.649351
0.165601 0.648732
0.165698 0.648114
0.165795 0.648114
0.165891 0.648114
0.165988 0.648114
0.166085 0.647495
0.166182 0.647495
0.166278 0.647495
0.166375 0.647495
0.166472 0.646877
0.166568 0.646877
0.166665 0.646877
0.166762 0.646877
0.166858 0.646877
0.166955 0.646259
0.167052 0.645022
0.167149 0.644403
0.167245 0.644403
0.167342 0.644403
0.167439 0.644403
0.167535 0.643785
0.167632 0.643785
0.167729 0.643785
0.167825 0.643785
0.167922 0.643166
0.168019 0.643166
0.168115 0.643166
0.168212 0.643166
0.168309 0.643166
0.168406 0.643166
0.168502 0.643166
0.168599 0.643166
0.168696 0.643166
0.168792 0.642548
0.168889 0.641929
0.168986 0.641311
0.169082 0.640693
0.169179 0.640074
0.169276 0.640074
0.169373 0.639456
0.169469 0.638837
0.169566 0.638837
0.169663 0.638837
0.169759 0.638837
0.169856 0.638837
0.169953 0.638219
0.170049 0.638219
0.170146 0.638219
0.170243 0.638219
0.170339 0.637600
0.170436 0.636982
0.170533 0.636982
0.170630 0.635127
0.170726 0.635127
0.170823 0.634508
0.170920 0.634508
0.171016 0.634508
0.171113 0.634508
0.171210 0.634508
0.171306 0.634508
0.171403 0.633271
0.171500 0.633271
0.171597 0.632653
0.171693 0.632653
0.171790 0.632653
0.171887 0.632653
0.171983 0.632653
0.172080 0.632653
0.172177 0.631416
0.172273 0.631416
0.172370 0.630179
0.172467 0.630179
0.172564 0.628942
0.172660 0.628942
0.172757 0.628942
0.172854 0.628942
0.172950 0.628942
0.173047 0.627706
0.173144 0.627087
0.173240 0.627087
0.173337 0.626469
0.173434 0.626469
0.173530 0.626469
0.173627 0.626469
0.173724 0.626469
0.173821 0.626469
0.173917 0.626469
0.174014 0.625850
0.174111 0.625232
0.174207 0.623995
0.174304 0.623995
0.174401 0.623995
0.174497 0.623995
0.174594 0.623377
0.174691 0.622758
0.174788 0.622758
0.174884 0.622140
0.174981 0.622140
0.175078 0.621521
0.175174 0.621521
0.175271 0.621521
0.175368 0.621521
0.175464 0.621521
0.175561 0.621521
0.175658 0.620903
0.175754 0.620903
0.175851 0.620903
0.175948 0.620284
0.176045 0.620284
0.176141 0.620284
0.176238 0.619666
0.176335 0.619048
0.176431 0.618429
0.176528 0.618429
0.176625 0.618429
0.176721 0.618429
0.176818 0.618429
0.176915 0.618429
0.177012 0.618429
0.177108 0.618429
0.177205 0.618429
0.177302 0.617811
0.177398 0.617811
0.177495 0.617192
0.177592 0.616574
0.177688 0.615955
0.177785 0.615955
0.177882 0.615955
0.177978 0.615955
0.178075 0.615955
0.178172 0.615955
0.178269 0.614719
0.178365 0.614719
0.178462 0.614719
0.178559 0.614719
0.178655 0.614100
0.178752 0.613482
0.178849 0.613482
0.178945 0.613482
0.179042 0.613482
0.179139 0.613482
0.179236 0.612245
0.179332 0.612245
0.179429 0.611626
0.179526 0.611626
0.179622 0.611008
0.179719 0.611008
0.179816 0.611008
0.179912 0.609771
0.180009 0.609771
0.180106 0.609771
0.180202 0.609771
0.180299 0.609771
0.180396 0.609771
0.180493 0.608534
0.180589 0.608534
0.180686 0.608534
0.180783 0.607916
0.180879 0.607916
0.180976 0.607916
0.181073 0.607916
0.181169 0.607297
0.181266 0.607297
0.181363 0.607297
0.181460 0.607297
0.181556 0.607297
0.181653 0.607297
0.181750 0.607297
0.181846 0.607297
0.181943 0.607297
0.182040 0.607297
0.182136 0.606679
0.182233 0.606679
0.182330 0.606679
0.182426 0.606679
0.182523 0.606061
0.182620 0.606061
0.182717 0.606061
0.182813 0.606061
0.182910 0.606061
0.183007 0.606061
0.183103 0.606061
0.183200 0.605442
0.183297 0.605442
0.183393 0.605442
0.183490 0.605442
0.183587 0.605442
0.183684 0.605442
0.183780 0.604824
0.183877 0.604205
0.183974 0.604205
0.184070 0.603587
0.184167 0.603587
0.184264 0.603587
0.184360 0.602350
0.184457 0.601732
0.184554 0.601732
0.184650 0.601732
0.184747 0.601113
0.184844 0.600495
0.184941 0.599876
0.185037 0.599258
0.185134 0.599258
0.185231 0.597403
0.185327 0.597403
0.185424 0.597403
0.185521 0.597403
0.185617 0.596784
0.185714 0.596784
0.185811 0.596166
0.185908 0.595547
0.186004 0.595547
0.186101 0.594310
0.186198 0.593692
0.186294 0.593692
0.186391 0.593692
0.186488 0.593692
0.186584 0.591837
0.186681 0.591837
0.186778 0.591218
0.186875 0.590600
0.186971 0.590600
0.187068 0.590600
0.187165 0.590600
0.187261 0.590600
0.187358 0.589981
0.187455 0.589981
0.187551 0.589363
0.187648 0.589363
0.187745 0.589363
0.187841 0.588745
0.187938 0.588745
0.188035 0.588126
0.188132 0.588126
0.188228 0.588126
0.188325 0.588126
0.188422 0.588126
0.188518 0.588126
0.188615 0.588126
0.188712 0.588126
0.188808 0.587508
0.188905 0.586271
0.189002 0.586271
0.189099 0.586271
0.189195 0.585652
0.189292 0.585652
0.189389 0.585034
0.189485 0.585034
0.189582 0.585034
0.189679 0.585034
0.189775 0.585034
0.189872 0.585034
0.189969 0.585034
0.190065 0.585034
0.190162 0.585034
0.190259 0.585034
0.190356 0.584416
0.190452 0.584416
0.190549 0.584416
0.190646 0.584416
0.190742 0.584416
0.190839 0.584416
0.190936 0.584416
0.191032 0.584416
0.191129 0.583179
0.191226 0.583179
0.191323 0.583179
0.191419 0.583179
0.191516 0.582560
0.191613 0.581942
0.191709 0.581323
0.191806 0.581323
0.191903 0.581323
0.191999 0.581323
0.192096 0.579468
0.192193 0.578231
0.192289 0.577613
0.192386 0.576994
0.192483 0.576994
0.192580 0.576994
0.192676 0.576994
0.192773 0.576994
0.192870 0.576376
0.192966 0.576376
0.193063 0.576376
0.193160 0.576376
0.193256 0.576376
0.193353 0.576376
0.193450 0.575758
0.193547 0.575758
0.193643 0.575758
0.193740 0.575758
0.193837 0.575758
0.193933 0.575758
0.194030 0.575758
0.194127 0.575758
0.194223 0.575758
0.194320 0.575758
0.194417 0.575758
0.194513 0.575139
0.194610 0.575139
0.194707 0.575139
0.194804 0.575139
0.194900 0.575139
0.194997 0.574521
0.195094 0.574521
0.195190 0.573902
0.195287 0.573902
0.195384 0.573902
0.195480 0.573902
0.195577 0.573902
0.195674 0.573902
0.195771 0.573902
0.195867 0.573902
0.195964 0.573902
0.196061 0.573284
0.196157 0.573284
0.196254 0.573284
0.196351 0.573284
0.196447 0.573284
0.196544 0.573284
0.196641 0.573284
0.196737 0.573284
0.196834 0.573284
0.196931 0.573284
0.197028 0.573284
0.197124 0.573284
0.197221 0.573284
0.197318 0.573284
0.197414 0.573284
0.197511 0.573284
0.197608 0.573284
0.197704 0.573284
0.197801 0.572665
0.197898 0.572665
0.197995 0.572665
0.198091 0.572665
0.198188 0.572047
0.198285 0.571429
0.198381 0.571429
0.198478 0.571429
0.198575 0.571429
0.198671 0.571429
0.198768 0.571429
0.198865 0.571429
0.198961 0.570810
0.199058 0.570810
0.199155 0.570192
0.199252 0.570192
0.199348 0.570192
0.199445 0.570192
0.199542 0.570192
0.199638 0.570192
0.199735 0.570192
0.199832 0.570192
0.199928 0.570192
0.200025 0.570192
0.200122 0.569573
0.200219 0.568955
0.200315 0.568955
0.200412 0.568955
0.200509 0.568955
0.200605 0.568955
0.200702 0.568955
0.200799 0.568336
0.200895 0.568336
0.200992 0.568336
0.201089 0.567718
0.201186 0.567718
0.201282 0.567718
0.201379 0.567718
0.201476 0.567718
0.201572 0.567718
0.201669 0.567718
0.201766 0.567718
0.201862 0.567718
0.201959 0.566481
0.202056 0.566481
0.202152 0.566481
0.202249 0.566481
0.202346 0.565863
0.202443 0.565863
0.202539 0.565244
0.202636 0.565244
0.202733 0.565244
0.202829 0.565244
0.202926 0.565244
0.203023 0.565244
0.203119 0.564007
0.203216 0.564007
0.203313 0.564007
0.203410 0.564007
0.203506 0.564007
0.203603 0.564007
0.203700 0.564007
0.203796 0.564007
0.203893 0.564007
0.203990 0.564007
0.204086 0.564007
0.204183 0.564007
0.204280 0.564007
0.204376 0.563389
0.204473 0.563389
0.204570 0.562771
0.204667 0.562771
0.204763 0.562771
0.204860 0.562771
0.204957 0.562771
0.205053 0.562771
0.205150 0.562152
0.205247 0.562152
0.205343 0.562152
0.205440 0.561534
0.205537 0.561534
0.205634 0.560915
0.205730 0.560297
0.205827 0.559678
0.205924 0.559060
0.206020 0.559060
0.206117 0.559060
0.206214 0.559060
0.206310 0.557823
0.206407 0.557823
0.206504 0.557823
0.206600 0.557823
0.206697 0.557823
0.206794 0.557823
0.206891 0.557823
0.206987 0.557205
0.207084 0.557205
0.207181 0.557205
0.207277 0.557205
0.207374 0.557205
0.207471 0.557205
0.207567 0.557205
0.207664 0.556586
0.207761 0.556586
0.207858 0.556586
0.207954 0.556586
0.208051 0.556586
0.208148 0.555968
0.208244 0.555968
0.208341 0.555968
0.208438 0.555349
0.208534 0.555349
0.208631 0.555349
0.208728 0.554731
0.208824 0.554731
0.208921 0.554731
0.209018 0.554113
0.209115 0.554113
0.209211 0.553494
0.209308 0.553494
0.209405 0.553494
0.209501 0.552876
0.209598 0.552876
0.209695 0.552876
0.209791 0.552876
0.209888 0.552876
0.209985 0.552876
0.210082 0.552876
0.210178 0.552257
0.210275 0.552257
0.210372 0.552257
0.210468 0.552257
0.210565 0.552257
0.210662 0.552257
0.210758 0.552257
0.210855 0.552257
0.210952 0.551639
0.211048 0.551639
0.211145 0.551020
0.211242 0.551020
0.211339 0.551020
0.211435 0.551020
0.211532 0.551020
0.211629 0.550402
0.211725 0.550402
0.211822 0.550402
0.211919 0.550402
0.212015 0.549784
0.212112 0.549165
0.212209 0.549165
0.212306 0.549165
0.212402 0.548547
0.212499 0.547928
0.212596 0.547928
0.212692 0.547928
0.212789 0.547310
0.212886 0.547310
0.212982 0.547310
0.213079 0.546691
0.213176 0.546691
0.213272 0.546691
0.213369 0.546691
0.213466 0.546691
0.213563 0.546691
0.213659 0.546073
0.213756 0.545455
0.213853 0.544836
0.213949 0.544836
0.214046 0.543599
0.214143 0.542981
0.214239 0.542362
0.214336 0.542362
0.214433 0.542362
0.214530 0.542362
0.214626 0.542362
0.214723 0.542362
0.214820 0.542362
0.214916 0.542362
0.215013 0.542362
0.215110 0.541744
0.215206 0.541744
0.215303 0.541744
0.215400 0.541744
0.215497 0.541126
0.215593 0.541126
0.215690 0.541126
0.215787 0.541126
0.215883 0.541126
0.215980 0.541126
0.216077 0.541126
0.216173 0.541126
0.216270 0.541126
0.216367 0.541126
0.216463 0.541126
0.216560 0.541126
0.216657 0.541126
0.216754 0.541126
0.216850 0.540507
0.216947 0.540507
0.217044 0.539270
0.217140 0.538652
0.217237 0.538033
0.217334 0.538033
0.217430 0.538033
0.217527 0.538033
0.217624 0.538033
0.217721 0.538033
0.217817 0.538033
0.217914 0.538033
0.218011 0.538033
0.218107 0.538033
0.218204 0.538033
0.218301 0.538033
0.218397 0.537415
0.218494 0.537415
0.218591 0.536797
0.218687 0.536178
0.218784 0.536178
0.218881 0.536178
0.218978 0.536178
0.219074 0.535560
0.219171 0.534941
0.219268 0.534323
0.219364 0.533704
0.219461 0.533704
0.219558 0.533704
0.219654 0.533704
0.219751 0.533704
0.219848 0.533704
0.219945 0.533704
0.220041 0.533704
0.220138 0.533704
0.220235 0.533086
0.220331 0.533086
0.220428 0.532468
0.220525 0.532468
0.220621 0.532468
0.220718 0.532468
0.220815 0.532468
0.220911 0.532468
0.221008 0.532468
0.221105 0.531849
0.221202 0.531231
0.221298 0.531231
0.221395 0.531231
0.221492 0.531231
0.221588 0.530612
0.221685 0.529375
0.221782 0.528757
0.221878 0.528757
0.221975 0.528139
0.222072 0.528139
0.222169 0.527520
0.222265 0.526902
0.222362 0.526902
0.222459 0.526283
0.222555 0.526283
0.222652 0.525665
0.222749 0.525665
0.222845 0.525665
0.222942 0.525665
0.223039 0.525665
0.223135 0.525665
0.223232 0.525665
0.223329 0.525046
0.223426 0.524428
0.223522 0.524428
0.223619 0.524428
0.223716 0.523810
0.223812 0.523191
0.223909 0.523191
0.224006 0.521954
0.224102 0.521954
0.224199 0.521954
0.224296 0.521336
0.224393 0.520717
0.224489 0.520099
0.224586 0.520099
0.224683 0.520099
0.224779 0.520099
0.224876 0.520099
0.224973 0.518862
0.225069 0.518862
0.225166 0.518862
0.225263 0.518862
0.225359 0.518862
0.225456 0.518244
0.225553 0.518244
0.225650 0.518244
0.225746 0.517625
0.225843 0.515770
0.225940 0.515770
0.226036 0.515770
0.226133 0.515770
0.226230 0.515770
0.226326 0.515770
0.226423 0.515770
0.226520 0.515770
0.226617 0.515152
0.226713 0.515152
0.226810 0.515152
0.226907 0.515152
0.227003 0.515152
0.227100 0.515152
0.227197 0.514533
0.227293 0.513915
0.227390 0.513915
0.227487 0.513915
0.227583 0.513296
0.227680 0.513296
0.227777 0.513296
0.227874 0.513296
0.227970 0.513296
0.228067 0.512678
0.228164 0.512678
0.228260 0.512678
0.228357 0.512678
0.228454 0.512678
0.228550 0.512059
0.228647 0.512059
0.228744 0.512059
0.228841 0.512059
0.228937 0.512059
0.229034 0.512059
0.229131 0.512059
0.229227 0.511441
0.229324 0.511441
0.229421 0.511441
0.229517 0.511441
0.229614 0.511441
0.229711 0.511441
0.229808 0.511441
0.229904 0.510204
0.230001 0.510204
0.230098 0.510204
0.230194 0.510204
0.230291 0.509586
0.230388 0.508967
0.230484 0.508967
0.230581 0.508967
0.230678 0.508349
0.230774 0.508349
0.230871 0.507730
0.230968 0.507730
0.231065 0.507730
0.231161 0.507112
0.231258 0.507112
0.231355 0.507112
0.231451 0.507112
0.231548 0.506494
0.231645 0.505875
0.231741 0.505875
0.231838 0.505875
0.231935 0.505875
0.232032 0.505875
0.232128 0.505875
0.232225 0.505875
0.232322 0.505875
0.232418 0.505875
0.232515 0.505875
0.232612 0.505875
0.232708 0.505875
0.232805 0.505875
0.232902 0.505875
0.232998 0.505875
0.233095 0.505875
0.233192 0.505875
0.233289 0.505875
0.233385 0.505257
0.233482 0.505257
0.233579 0.505257
0.233675 0.505257
0.233772 0.505257
0.233869 0.505257
0.233965 0.505257
0.234062 0.504020
0.234159 0.504020
0.234256 0.504020
0.234352 0.504020
0.234449 0.503401
0.234546 0.503401
0.234642 0.502783
0.234739 0.502165
0.234836 0.501546
0.234932 0.501546
0.235029 0.501546
0.235126 0.501546
0.235222 0.501546
0.235319 0.501546
0.235416 0.501546
0.235513 0.501546
0.235609 0.501546
0.235706 0.501546
0.235803 0.500928
0.235899 0.500309
0.235996 0.500309
0.236093 0.500309
0.236189 0.499691
0.236286 0.499072
0.236383 0.499072
0.236480 0.499072
0.236576 0.499072
0.236673 0.499072
0.236770 0.499072
0.236866 0.499072
0.236963 0.499072
0.237060 0.498454
0.237156 0.497835
0.237253 0.497835
0.237350 0.497835
0.237446 0.497835
0.237543 0.497835
0.237640 0.497217
0.237737 0.497217
0.237833 0.496599
0.237930 0.496599
0.238027 0.496599
0.238123 0.496599
0.238220 0.495980
0.238317 0.495362
0.238413 0.495362
0.238510 0.495362
0.238607 0.494743
0.238704 0.494743
0.238800 0.494743
0.238897 0.494743
0.238994 0.494743
0.239090 0.494125
0.239187 0.494125
0.239284 0.494125
0.239380 0.493506
0.239477 0.493506
0.239574 0.493506
0.239670 0.492888
0.239767 0.492888
0.239864 0.492888
0.239961 0.492888
0.240057 0.492270
0.240154 0.491651
0.240251 0.491033
0.240347 0.490414
0.240444 0.489796
0.240541 0.489796
0.240637 0.489796
0.240734 0.489796
0.240831 0.489796
0.240928 0.489177
0.241024 0.489177
0.241121 0.489177
0.241218 0.488559
0.241314 0.488559
0.241411 0.488559
0.241508 0.488559
0.241604 0.488559
0.241701 0.488559
0.241798 0.488559
0.241894 0.488559
0.241991 0.487941
0.242088 0.487941
0.242185 0.487941
0.242281 0.487941
0.242378 0.487322
0.242475 0.487322
0.242571 0.486704
0.242668 0.486704
0.242765 0.486704
0.242861 0.486704
0.242958 0.486704
0.243055 0.486704
0.243152 0.486704
0.243248 0.486704
0.243345 0.486704
0.243442 0.486704
0.243538 0.486704
0.243635 0.486085
0.243732 0.486085
0.243828 0.484848
0.243925 0.484848
0.244022 0.484230
0.244119 0.484230
0.244215 0.484230
0.244312 0.484230
0.244409 0.484230
0.244505 0.484230
0.244602 0.483612
0.244699 0.482993
0.244795 0.482993
0.244892 0.482993
0.244989 0.482993
0.245085 0.482993
0.245182 0.482993
0.245279 0.482993
0.245376 0.482993
0.245472 0.482993
0.245569 0.482993
0.245666 0.482993
0.245762 0.482993
0.245859 0.482993
0.245956 0.482993
0.246052 0.482993
0.246149 0.482375
0.246246 0.482375
0.246343 0.482375
0.246439 0.481756
0.246536 0.481756
0.246633 0.481756
0.246729 0.481756
0.246826 0.481138
0.246923 0.481138
0.247019 0.481138
0.247116 0.481138
0.247213 0.481138
0.247309 0.481138
0.247406 0.481138
0.247503 0.481138
0.247600 0.480519
0.247696 0.480519
0.247793 0.480519
0.247890 0.479901
0.247986 0.479901
0.248083 0.479901
0.248180 0.479901
0.248276 0.479901
0.248373 0.479901
0.248470 0.479283
0.248567 0.479283
0.248663 0.479283
0.248760 0.479283
0.248857 0.479283
0.248953 0.478664
0.249050 0.478664
0.249147 0.478664
0.249243 0.477427
0.249340 0.476809
0.249437 0.476809
0.249533 0.476809
0.249630 0.476190
0.249727 0.476190
0.249824 0.476190
0.249920 0.475572
0.250017 0.475572
0.250114 0.475572
0.250210 0.475572
0.250307 0.475572
0.250404 0.475572
0.250500 0.474954
0.250597 0.474954
0.250694 0.474335
0.250791 0.474335
0.250887 0.474335
0.250984 0.474335
0.251081 0.474335
0.251177 0.474335
0.251274 0.474335
0.251371 0.474335
0.251467 0.474335
0.251564 0.474335
0.251661 0.474335
0.251757 0.474335
0.251854 0.474335
0.251951 0.474335
0.252048 0.474335
0.252144 0.474335
0.252241 0.474335
0.252338 0.473717
0.252434 0.473717
0.252531 0.473717
0.252628 0.473717
0.252724 0.472480
0.252821 0.472480
0.252918 0.472480
0.253015 0.472480
0.253111 0.471861
0.253208 0.471243
0.253305 0.471243
0.253401 0.471243
0.253498 0.471243
0.253595 0.471243
0.253691 0.471243
0.253788 0.471243
0.253885 0.471243
0.253981 0.470625
0.254078 0.470625
0.254175 0.470006
0.254272 0.470006
0.254368 0.470006
0.254465 0.469388
0.254562 0.468769
0.254658 0.468769
0.254755 0.468769
0.254852 0.468769
0.254948 0.468769
0.255045 0.468769
0.255142 0.468769
0.255239 0.468769
0.255335 0.468769
0.255432 0.468769
0.255529 0.468769
0.255625 0.468769
0.255722 0.468769
0.255819 0.468769
0.255915 0.468769
0.256012 0.468769
0.256109 0.468769
0.256206 0.468769
0.256302 0.468769
0.256399 0.468769
0.256496 0.468769
0.256592 0.468769
0.256689 0.468769
0.256786 0.468769
0.256882 0.468769
0.256979 0.468151
0.257076 0.468151
0.257172 0.468151
0.257269 0.467532
0.257366 0.467532
0.257463 0.466914
0.257559 0.466914
0.257656 0.466914
0.257753 0.466914
0.257849 0.466296
0.257946 0.466296
0.258043 0.466296
0.258139 0.466296
0.258236 0.466296
0.258333 0.466296
0.258430 0.466296
0.258526 0.466296
0.258623 0.466296
0.258720 0.466296
0.258816 0.466296
0.258913 0.465677
0.259010 0.465677
0.259106 0.465677
0.259203 0.465677
0.259300 0.465677
0.259396 0.465677
0.259493 0.465677
0.259590 0.465059
0.259687 0.465059
0.259783 0.465059
0.259880 0.463822
0.259977 0.463203
0.260073 0.463203
0.260170 0.463203
0.260267 0.463203
0.260363 0.463203
0.260460 0.463203
0.260557 0.463203
0.260654 0.463203
0.260750 0.462585
0.260847 0.462585
0.260944 0.462585
0.261040 0.462585
0.261137 0.462585
0.261234 0.462585
0.261330 0.462585
0.261427 0.462585
0.261524 0.462585
0.261620 0.461348
0.261717 0.461348
0.261814 0.460730
0.261911 0.460730
0.262007 0.460730
0.262104 0.460730
0.262201 0.460730
0.262297 0.460730
0.262394 0.460730
0.262491 0.460111
0.262587 0.459493
0.262684 0.459493
0.262781 0.459493
0.262878 0.459493
0.262974 0.459493
0.263071 0.459493
0.263168 0.459493
0.263264 0.458874
0.263361 0.458874
0.263458 0.458874
0.263554 0.458874
0.263651 0.458256
0.263748 0.458256
0.263844 0.458256
0.263941 0.458256
0.264038 0.458256
0.264135 0.458256
0.264231 0.458256
0.264328 0.458256
0.264425 0.458256
0.264521 0.457638
0.264618 0.457638
0.264715 0.457638
0.264811 0.457638
0.264908 0.457638
0.265005 0.457638
0.265102 0.457638
0.265198 0.457638
0.265295 0.457638
0.265392 0.457638
0.265488 0.457019
0.265585 0.456401
0.265682 0.455782
0.265778 0.455782
0.265875 0.455782
0.265972 0.455782
0.266068 0.455164
0.266165 0.455164
0.266262 0.453927
0.266359 0.453927
0.266455 0.453927
0.266552 0.453927
0.266649 0.453927
0.266745 0.453309
0.266842 0.453309
0.266939 0.452690
0.267035 0.452690
0.267132 0.451453
0.267229 0.450835
0.267326 0.450835
0.267422 0.450216
0.267519 0.450216
0.267616 0.450216
0.267712 0.450216
0.267809 0.449598
0.267906 0.449598
0.268002 0.448980
0.268099 0.448980
0.268196 0.448980
0.268292 0.448980
0.268389 0.448980
0.268486 0.448361
0.268583 0.448361
0.268679 0.447743
0.268776 0.447743
0.268873 0.447124
0.268969 0.447124
0.269066 0.447124
0.269163 0.447124
0.269259 0.447124
0.269356 0.447124
0.269453 0.445887
0.269550 0.445887
0.269646 0.445887
0.269743 0.445887
0.269840 0.445887
0.269936 0.445887
0.270033 0.445887
0.270130 0.445887
0.270226 0.445887
0.270323 0.445887
0.270420 0.444651
0.270517 0.442795
0.270613 0.442177
0.270710 0.442177
0.270807 0.440940
0.270903 0.440322
0.271000 0.440322
0.271097 0.440322
0.271193 0.439703
0.271290 0.439703
0.271387 0.439085
0.271483 0.439085
0.271580 0.439085
0.271677 0.438466
0.271774 0.438466
0.271870 0.438466
0.271967 0.437848
0.272064 0.437848
0.272160 0.437848
0.272257 0.437229
0.272354 0.437229
0.272450 0.437229
0.272547 0.437229
0.272644 0.437229
0.272741 0.437229
0.272837 0.435993
0.272934 0.435993
0.273031 0.435993
0.273127 0.435993
0.273224 0.435993
0.273321 0.435993
0.273417 0.435374
0.273514 0.435374
0.273611 0.435374
0.273707 0.435374
0.273804 0.435374
0.273901 0.434756
0.273998 0.434756
0.274094 0.434756
0.274191 0.434137
0.274288 0.434137
0.274384 0.434137
0.274481 0.434137
0.274578 0.434137
0.274674 0.434137
0.274771 0.434137
0.274868 0.433519
0.274965 0.433519
0.275061 0.433519
0.275158 0.433519
0.275255 0.433519
0.275351 0.432900
0.275448 0.432900
0.275545 0.432900
0.275641 0.432900
0.275738 0.432900
0.275835 0.432282
0.275931 0.432282
0.276028 0.432282
0.276125 0.432282
0.276222 0.432282
0.276318 0.432282
0.276415 0.432282
0.276512 0.432282
0.276608 0.432282
0.276705 0.432282
0.276802 0.432282
0.276898 0.432282
0.276995 0.432282
0.277092 0.432282
0.277189 0.432282
0.277285 0.431664
0.277382 0.431664
0.277479 0.431664
0.277575 0.431664
0.277672 0.431664
0.277769 0.431664
0.277865 0.431664
0.277962 0.431664
0.278059 0.431664
0.278155 0.431664
0.278252 0.431664
0.278349 0.431664
0.278446 0.431664
0.278542 0.431045
0.278639 0.431045
0.278736 0.430427
0.278832 0.429808
0.278929 0.429808
0.279026 0.429808
0.279122 0.429808
0.279219 0.429808
0.279316 0.429808
0.279413 0.429190
0.279509 0.429190
0.279606 0.429190
0.279703 0.429190
0.279799 0.429190
0.279896 0.428571
0.279993 0.428571
0.280089 0.428571
0.280186 0.428571
0.280283 0.428571
0.280379 0.428571
0.280476 0.428571
0.280573 0.428571
0.280670 0.427953
0.280766 0.427953
0.280863 0.427953
0.280960 0.427953
0.281056 0.427953
0.281153 0.427953
0.281250 0.427335
0.281346 0.426098
0.281443 0.426098
0.281540 0.425479
0.281637 0.424861
0.281733 0.424861
0.281830 0.424861
0.281927 0.424861
0.282023 0.424861
0.282120 0.424242
0.282217 0.424242
0.282313 0.424242
0.282410 0.423624
0.282507 0.423624
0.282603 0.423624
0.282700 0.423624
0.282797 0.423624
0.282894 0.423624
0.282990 0.423624
0.283087 0.423624
0.283184 0.423624
0.283280 0.423624
0.283377 0.423624
0.283474 0.423006
0.283570 0.423006
0.283667 0.423006
0.283764 0.423006
0.283861 0.423006
0.283957 0.423006
0.284054 0.423006
0.284151 0.422387
0.284247 0.421150
0.284344 0.421150
0.284441 0.421150
0.284537 0.421150
0.284634 0.421150
0.284731 0.421150
0.284828 0.421150
0.284924 0.421150
0.285021 0.421150
0.285118 0.421150
0.285214 0.421150
0.285311 0.421150
0.285408 0.421150
0.285504 0.420532
0.285601 0.420532
0.285698 0.420532
0.285794 0.420532
0.285891 0.420532
0.285988 0.420532
0.286085 0.420532
0.286181 0.420532
0.286278 0.420532
0.286375 0.420532
0.286471 0.419913
0.286568 0.419913
0.286665 0.419913
0.286761 0.419913
0.286858 0.419295
0.286955 0.419295
0.287052 0.419295
0.287148 0.419295
0.287245 0.418677
0.287342 0.418677
0.287438 0.418058
0.287535 0.418058
0.287632 0.418058
0.287728 0.418058
0.287825 0.418058
0.287922 0.418058
0.288018 0.417440
0.288115 0.416821
0.288212 0.416821
0.288309 0.416821
0.288405 0.416821
0.288502 0.416203
0.288599 0.416203
0.288695 0.415584
0.288792 0.415584
0.288889 0.414966
0.288985 0.414966
0.289082 0.414966
0.289179 0.414966
0.289276 0.414966
0.289372 0.414966
0.289469 0.414966
0.289566 0.414966
0.289662 0.414966
0.289759 0.414348
0.289856 0.414348
0.289952 0.413729
0.290049 0.413111
0.290146 0.412492
0.290242 0.411874
0.290339 0.411874
0.290436 0.411255
0.290533 0.410637
0.290629 0.410637
0.290726 0.410637
0.290823 0.410637
0.290919 0.410637
0.291016 0.410637
0.291113 0.410637
0.291209 0.410637
0.291306 0.410019
0.291403 0.410019
0.291500 0.410019
0.291596 0.410019
0.291693 0.410019
0.291790 0.410019
0.291886 0.410019
0.291983 0.410019
0.292080 0.409400
0.292176 0.409400
0.292273 0.409400
0.292370 0.409400
0.292466 0.409400
0.292563 0.409400
0.292660 0.409400
0.292757 0.409400
0.292853 0.409400
0.292950 0.409400
0.293047 0.409400
0.293143 0.409400
0.293240 0.409400
0.293337 0.408782
0.293433 0.407545
0.293530 0.407545
0.293627 0.407545
0.293724 0.407545
0.293820 0.407545
0.293917 0.407545
0.294014 0.407545
0.294110 0.407545
0.294207 0.407545
0.294304 0.407545
0.294400 0.406926
0.294497 0.406926
0.294594 0.406926
0.294690 0.406308
0.294787 0.406308
0.294884 0.406308
0.294981 0.406308
0.295077 0.405690
0.295174 0.405690
0.295271 0.405690
0.295367 0.405690
0.295464 0.405690
0.295561 0.405690
0.295657 0.405071
0.295754 0.404453
0.295851 0.403834
0.295948 0.403834
0.296044 0.403834
0.296141 0.403834
0.296238 0.403834
0.296334 0.403834
0.296431 0.403834
0.296528 0.403834
0.296624 0.403216
0.296721 0.403216
0.296818 0.402597
0.296914 0.402597
0.297011 0.401979
0.297108 0.401979
0.297205 0.401979
0.297301 0.401979
0.297398 0.401979
0.297495 0.401979
0.297591 0.401979
0.297688 0.401979
0.297785 0.401979
0.297881 0.401979
0.297978 0.401979
0.298075 0.401979
0.298172 0.401979
0.298268 0.401979
0.298365 0.401979
0.298462 0.401979
0.298558 0.401979
0.298655 0.401979
0.298752 0.401979
0.298848 0.401979
0.298945 0.401979
0.299042 0.401979
0.299139 0.401979
0.299235 0.401979
0.299332 0.401979
0.299429 0.401361
0.299525 0.401361
0.299622 0.401361
0.299719 0.401361
0.299815 0.401361
0.299912 0.400742
0.300009 0.400742
0.300105 0.400742
0.300202 0.400124
0.300299 0.400124
0.300396 0.400124
0.300492 0.400124
0.300589 0.399505
0.300686 0.399505
0.300782 0.399505
0.300879 0.399505
0.300976 0.399505
0.301072 0.399505
0.301169 0.399505
0.301266 0.399505
0.301363 0.399505
0.301459 0.398887
0.301556 0.398887
0.301653 0.398887
0.301749 0.398887
0.301846 0.398268
0.301943 0.398268
0.302039 0.397650
0.302136 0.397032
0.302233 0.397032
0.302329 0.397032
0.302426 0.396413
0.302523 0.396413
0.302620 0.396413
0.302716 0.396413
0.302813 0.396413
0.302910 0.396413
0.303006 0.396413
0.303103 0.396413
0.303200 0.395795
0.303296 0.395795
0.303393 0.395795
0.303490 0.395795
0.303587 0.395795
0.303683 0.395795
0.303780 0.395795
0.303877 0.395795
0.303973 0.395795
0.304070 0.395795
0.304167 0.395795
0.304263 0.395795
0.304360 0.395795
0.304457 0.395795
0.304553 0.395795
0.304650 0.395795
0.304747 0.395795
0.304844 0.395795
0.304940 0.395795
0.305037 0.395176
0.305134 0.393939
0.305230 0.393939
0.305327 0.393939
0.305424 0.393939
0.305520 0.393939
0.305617 0.393939
0.305714 0.393939
0.305811 0.393939
0.305907 0.393939
0.306004 0.393939
0.306101 0.393939
0.306197 0.393939
0.306294 0.393939
0.306391 0.393939
0.306487 0.393939
0.306584 0.393939
0.306681 0.393321
0.306777 0.393321
0.306874 0.393321
0.306971 0.393321
0.307068 0.392703
0.307164 0.392084
0.307261 0.392084
0.307358 0.392084
0.307454 0.392084
0.307551 0.392084
0.307648 0.392084
0.307744 0.391466
0.307841 0.391466
0.307938 0.391466
0.308035 0.391466
0.308131 0.390847
0.308228 0.390229
0.308325 0.390229
0.308421 0.390229
0.308518 0.390229
0.308615 0.390229
0.308711 0.390229
0.308808 0.390229
0.308905 0.390229
0.309001 0.389610
0.309098 0.388992
0.309195 0.388992
0.309292 0.388992
0.309388 0.388374
0.309485 0.387755
0.309582 0.387137
0.309678 0.387137
0.309775 0.387137
0.309872 0.387137
0.309968 0.387137
0.310065 0.387137
0.310162 0.387137
0.310259 0.387137
0.310355 0.387137
0.310452 0.387137
0.310549 0.387137
0.310645 0.386518
0.310742 0.386518
0.310839 0.386518
0.310935 0.385900
0.311032 0.385900
0.311129 0.385900
0.311225 0.385281
0.311322 0.385281
0.311419 0.385281
0.311516 0.385281
0.311612 0.385281
0.311709 0.385281
0.311806 0.385281
0.311902 0.385281
0.311999 0.385281
0.312096 0.385281
0.312192 0.385281
0.312289 0.385281
0.312386 0.385281
0.312483 0.385281
0.312579 0.385281
0.312676 0.384663
0.312773 0.384663
0.312869 0.384045
0.312966 0.384045
0.313063 0.383426
0.313159 0.383426
0.313256 0.383426
0.313353 0.383426
0.313450 0.383426
0.313546 0.383426
0.313643 0.382808
0.313740 0.382808
0.313836 0.382808
0.313933 0.382808
0.314030 0.382808
0.314126 0.382808
0.314223 0.382808
0.314320 0.382808
0.314416 0.382808
0.314513 0.382808
0.314610 0.382808
0.314707 0.382808
0.314803 0.382808
0.314900 0.382808
0.314997 0.382189
0.315093 0.382189
0.315190 0.382189
0.315287 0.382189
0.315383 0.382189
0.315480 0.382189
0.315577 0.382189
0.315674 0.382189
0.315770 0.382189
0.315867 0.382189
0.315964 0.382189
0.316060 0.382189
0.316157 0.382189
0.316254 0.382189
0.316350 0.382189
0.316447 0.381571
0.316544 0.381571
0.316640 0.381571
0.316737 0.381571
0.316834 0.380952
0.316931 0.380952
0.317027 0.380952
0.317124 0.380952
0.317221 0.380952
0.317317 0.380952
0.317414 0.380952
0.317511 0.380952
0.317607 0.380952
0.317704 0.380334
0.317801 0.379716
0.317898 0.379716
0.317994 0.379716
0.318091 0.379716
0.318188 0.379097
0.318284 0.379097
0.318381 0.379097
0.318478 0.378479
0.318574 0.378479
0.318671 0.377860
0.318768 0.377860
0.318864 0.377860
0.318961 0.377860
0.319058 0.376623
0.319155 0.376623
0.319251 0.376623
0.319348 0.376623
0.319445 0.376623
0.319541 0.376005
0.319638 0.376005
0.319735 0.376005
0.319831 0.376005
0.319928 0.376005
0.320025 0.376005
0.320122 0.376005
0.320218 0.376005
0.320315 0.376005
0.320412 0.376005
0.320508 0.376005
0.320605 0.376005
0.320702 0.376005
0.320798 0.376005
0.320895 0.376005
0.320992 0.376005
0.321088 0.376005
0.321185 0.376005
0.321282 0.376005
0.321379 0.376005
0.321475 0.376005
0.321572 0.376005
0.321669 0.376005
0.321765 0.376005
0.321862 0.376005
0.321959 0.376005
0.322055 0.376005
0.322152 0.376005
0.322249 0.376005
0.322346 0.375387
0.322442 0.375387
0.322539 0.375387
0.322636 0.374768
0.322732 0.374768
0.322829 0.374768
0.322926 0.374768
0.323022 0.374768
0.323119 0.374768
0.323216 0.374768
0.323312 0.374768
0.323409 0.374150
0.323506 0.374150
0.323603 0.374150
0.323699 0.374150
0.323796 0.374150
0.323893 0.374150
0.323989 0.373531
0.324086 0.373531
0.324183 0.373531
0.324279 0.373531
0.324376 0.373531
0.324473 0.373531
0.324570 0.373531
0.324666 0.373531
0.324763 0.373531
0.324860 0.373531
0.324956 0.373531
0.325053 0.373531
0.325150 0.373531
0.325246 0.372913
0.325343 0.372294
0.325440 0.372294
0.325536 0.372294
0.325633 0.372294
0.325730 0.372294
0.325827 0.372294
0.325923 0.372294
0.326020 0.372294
0.326117 0.372294
0.326213 0.372294
0.326310 0.372294
0.326407 0.371676
0.326503 0.371676
0.326600 0.371676
0.326697 0.371676
0.326794 0.371676
0.326890 0.371676
0.326987 0.371676
0.327084 0.371676
0.327180 0.371058
0.327277 0.370439
0.327374 0.370439
0.327470 0.370439
0.327567 0.370439
0.327664 0.369821
0.327761 0.369202
0.327857 0.368584
0.327954 0.368584
0.328051 0.368584
0.328147 0.368584
0.328244 0.368584
0.328341 0.368584
0.328437 0.368584
0.328534 0.367965
0.328631 0.367347
0.328727 0.367347
0.328824 0.366729
0.328921 0.366729
0.329018 0.366729
0.329114 0.366729
0.329211 0.366729
0.329308 0.366110
0.329404 0.366110
0.329501 0.366110
0.329598 0.366110
0.329694 0.366110
0.329791 0.365492
0.329888 0.365492
0.329985 0.365492
0.330081 0.365492
0.330178 0.365492
0.330275 0.365492
0.330371 0.365492
0.330468 0.365492
0.330565 0.365492
0.330661 0.364873
0.330758 0.364873
0.330855 0.364873
0.330951 0.364873
0.331048 0.364873
0.331145 0.364255
0.331242 0.364255
0.331338 0.364255
0.331435 0.364255
0.331532 0.364255
0.331628 0.363636
0.331725 0.363636
0.331822 0.363018
0.331918 0.363018
0.332015 0.363018
0.332112 0.363018
0.332209 0.362400
0.332305 0.362400
0.332402 0.362400
0.332499 0.362400
0.332595 0.362400
0.332692 0.362400
0.332789 0.361781
0.332885 0.361163
0.332982 0.361163
0.333079 0.361163
0.333175 0.360544
0.333272 0.360544
0.333369 0.360544
0.333466 0.359926
0.333562 0.359926
0.333659 0.359926
0.333756 0.359926
0.333852 0.359926
0.333949 0.359307
0.334046 0.358689
0.334142 0.358071
0.334239 0.357452
0.334336 0.356834
0.334433 0.356834
0.334529 0.356834
0.334626 0.356834
0.334723 0.356834
0.334819 0.356834
0.334916 0.356834
0.335013 0.356834
0.335109 0.356834
0.335206 0.356215
0.335303 0.356215
0.335399 0.356215
0.335496 0.356215
0.335593 0.356215
0.335690 0.355597
0.335786 0.355597
0.335883 0.354978
0.335980 0.354978
0.336076 0.354978
0.336173 0.354360
0.336270 0.354360
0.336366 0.354360
0.336463 0.354360
0.336560 0.353741
0.336657 0.353741
0.336753 0.353741
0.336850 0.353741
0.336947 0.353741
0.337043 0.353123
0.337140 0.353123
0.337237 0.353123
0.337333 0.353123
0.337430 0.353123
0.337527 0.353123
0.337623 0.352505
0.337720 0.352505
0.337817 0.351886
0.337914 0.351886
0.338010 0.351886
0.338107 0.351886
0.338204 0.351886
0.338300 0.351886
0.338397 0.351886
0.338494 0.351268
0.338590 0.350649
0.338687 0.350031
0.338784 0.350031
0.338881 0.349412
0.338977 0.349412
0.339074 0.349412
0.339171 0.349412
0.339267 0.348794
0.339364 0.348794
0.339461 0.348794
0.339557 0.348794
0.339654 0.348794
0.339751 0.348794
0.339847 0.348794
0.339944 0.348794
0.340041 0.348176
0.340138 0.348176
0.340234 0.348176
0.340331 0.348176
0.340428 0.347557
0.340524 0.347557
0.340621 0.347557
0.340718 0.347557
0.340814 0.346939
0.340911 0.346939
0.341008 0.346939
0.341105 0.346939
0.341201 0.346939
0.341298 0.346939
0.341395 0.346939
0.341491 0.345702
0.341588 0.345702
0.341685 0.345702
0.341781 0.345702
0.341878 0.345702
0.341975 0.345083
0.342072 0.345083
0.342168 0.345083
0.342265 0.345083
0.342362 0.345083
0.342458 0.345083
0.342555 0.345083
0.342652 0.345083
0.342748 0.345083
0.342845 0.345083
0.342942 0.345083
0.343038 0.345083
0.343135 0.345083
0.343232 0.345083
0.343329 0.345083
0.343425 0.345083
0.343522 0.345083
0.343619 0.345083
0.343715 0.345083
0.343812 0.345083
0.343909 0.344465
0.344005 0.344465
0.344102 0.344465
0.344199 0.344465
0.344296 0.344465
0.344392 0.344465
0.344489 0.344465
0.344586 0.344465
0.344682 0.344465
0.344779 0.343847
0.344876 0.343847
0.344972 0.343847
0.345069 0.343847
0.345166 0.343847
0.345262 0.343847
0.345359 0.343847
0.345456 0.343228
0.345553 0.343228
0.345649 0.343228
0.345746 0.343228
0.345843 0.343228
0.345939 0.343228
0.346036 0.343228
0.346133 0.342610
0.346229 0.342610
0.346326 0.342610
0.346423 0.342610
0.346520 0.342610
0.346616 0.342610
0.346713 0.342610
0.346810 0.342610
0.346906 0.342610
0.347003 0.342610
0.347100 0.342610
0.347196 0.341991
0.347293 0.341991
0.347390 0.341373
0.347486 0.341373
0.347583 0.340754
0.347680 0.340754
0.347777 0.340754
0.347873 0.340754
0.347970 0.340754
0.348067 0.340754
0.348163 0.340754
0.348260 0.339518
0.348357 0.339518
0.348453 0.339518
0.348550 0.338899
0.348647 0.338899
0.348744 0.338281
0.348840 0.338281
0.348937 0.337662
0.349034 0.337662
0.349130 0.337662
0.349227 0.337662
0.349324 0.337044
0.349420 0.337044
0.349517 0.337044
0.349614 0.337044
0.349710 0.337044
0.349807 0.337044
0.349904 0.336425
0.350001 0.335807
0.350097 0.335807
0.350194 0.335807
0.350291 0.335807
0.350387 0.335807
0.350484 0.335807
0.350581 0.335807
0.350677 0.335807
0.350774 0.335807
0.350871 0.335807
0.350968 0.335807
0.351064 0.335807
0.351161 0.335807
0.351258 0.335807
0.351354 0.335807
0.351451 0.335807
0.351548 0.335807
0.351644 0.335807
0.351741 0.335807
0.351838 0.335807
0.351934 0.335807
0.352031 0.335807
0.352128 0.335807
0.352225 0.335807
0.352321 0.335807
0.352418 0.335807
0.352515 0.335807
0.352611 0.335807
0.352708 0.335189
0.352805 0.334570
0.352901 0.334570
0.352998 0.334570
0.353095 0.334570
0.353192 0.334570
0.353288 0.334570
0.353385 0.334570
0.353482 0.334570
0.353578 0.334570
0.353675 0.334570
0.353772 0.334570
0.353868 0.334570
0.353965 0.333952
0.354062 0.333952
0.354159 0.333952
0.354255 0.333952
0.354352 0.333333
0.354449 0.333333
0.354545 0.333333
0.354642 0.333333
0.354739 0.333333
0.354835 0.333333
0.354932 0.332715
0.355029 0.332715
0.355125 0.332715
0.355222 0.332715
0.355319 0.332715
0.355416 0.332715
0.355512 0.332096
0.355609 0.332096
0.355706 0.332096
0.355802 0.332096
0.355899 0.332096
0.355996 0.332096
0.356092 0.332096
0.356189 0.332096
0.356286 0.332096
0.356383 0.332096
0.356479 0.332096
0.356576 0.332096
0.356673 0.332096
0.356769 0.332096
0.356866 0.331478
0.356963 0.330860
0.357059 0.330860
0.357156 0.330860
0.357253 0.330860
0.357349 0.330860
0.357446 0.330860
0.357543 0.330241
0.357640 0.330241
0.357736 0.329623
0.357833 0.329623
0.357930 0.329004
0.358026 0.329004
0.358123 0.329004
0.358220 0.329004
0.358316 0.329004
0.358413 0.329004
0.358510 0.329004
0.358607 0.329004
0.358703 0.329004
0.358800 0.328386
0.358897 0.328386
0.358993 0.327149
0.359090 0.327149
0.359187 0.327149
0.359283 0.327149
0.359380 0.327149
0.359477 0.327149
0.359573 0.327149
0.359670 0.327149
0.359767 0.326531
0.359864 0.326531
0.359960 0.325294
0.360057 0.325294
0.360154 0.325294
0.360250 0.325294
0.360347 0.325294
0.360444 0.325294
0.360540 0.325294
0.360637 0.325294
0.360734 0.325294
0.360831 0.325294
0.360927 0.325294
0.361024 0.325294
0.361121 0.324675
0.361217 0.324675
0.361314 0.324675
0.361411 0.324675
0.361507 0.324675
0.361604 0.324057
0.361701 0.324057
0.361797 0.324057
0.361894 0.324057
0.361991 0.324057
0.362088 0.324057
0.362184 0.324057
0.362281 0.323438
0.362378 0.323438
0.362474 0.323438
0.362571 0.323438
0.362668 0.323438
0.362764 0.323438
0.362861 0.322820
0.362958 0.322820
0.363055 0.322820
0.363151 0.322820
0.363248 0.322820
0.363345 0.322820
0.363441 0.322820
0.363538 0.322202
0.363635 0.322202
0.363731 0.322202
0.363828 0.321583
0.363925 0.320965
0.364021 0.320965
0.364118 0.320965
0.364215 0.320965
0.364312 0.320965
0.364408 0.320965
0.364505 0.320346
0.364602 0.320346
0.364698 0.320346
0.364795 0.320346
0.364892 0.320346
0.364988 0.320346
0.365085 0.320346
0.365182 0.320346
0.365279 0.319728
0.365375 0.319728
0.365472 0.319728
0.365569 0.319728
0.365665 0.319109
0.365762 0.319109
0.365859 0.319109
0.365955 0.319109
0.366052 0.317873
0.366149 0.317873
0.366245 0.317873
0.366342 0.317873
0.366439 0.317873
0.366536 0.317873
0.366632 0.317873
0.366729 0.317873
0.366826 0.317873
0.366922 0.317873
0.367019 0.317873
0.367116 0.317873
0.367212 0.317873
0.367309 0.317873
0.367406 0.317873
0.367503 0.317873
0.367599 0.317873
0.367696 0.317873
0.367793 0.317873
0.367889 0.317873
0.367986 0.317873
0.368083 0.317254
0.368179 0.317254
0.368276 0.317254
0.368373 0.316636
0.368470 0.316636
0.368566 0.316636
0.368663 0.316636
0.368760 0.316636
0.368856 0.316636
0.368953 0.316636
0.369050 0.316017
0.369146 0.316017
0.369243 0.316017
0.369340 0.316017
0.369436 0.316017
0.369533 0.316017
0.369630 0.316017
0.369727 0.315399
0.369823 0.315399
0.369920 0.315399
0.370017 0.314780
0.370113 0.314780
0.370210 0.314780
0.370307 0.314162
0.370403 0.314162
0.370500 0.314162
0.370597 0.313544
0.370694 0.313544
0.370790 0.313544
0.370887 0.313544
0.370984 0.313544
0.371080 0.313544
0.371177 0.313544
0.371274 0.313544
0.371370 0.313544
0.371467 0.313544
0.371564 0.313544
0.371660 0.313544
0.371757 0.312925
0.371854 0.312925
0.371951 0.312925
0.372047 0.312925
0.372144 0.312925
0.372241 0.312925
0.372337 0.312925
0.372434 0.312307
0.372531 0.312307
0.372627 0.311688
0.372724 0.311688
0.372821 0.311688
0.372918 0.311688
0.373014 0.311688
0.373111 0.311688
0.373208 0.311070
0.373304 0.311070
0.373401 0.311070
0.373498 0.311070
0.373594 0.311070
0.373691 0.311070
0.373788 0.311070
0.373884 0.311070
0.373981 0.311070
0.374078 0.311070
0.374175 0.311070
0.374271 0.311070
0.374368 0.311070
0.374465 0.311070
0.374561 0.311070
0.374658 0.311070
0.374755 0.311070
0.374851 0.311070
0.374948 0.311070
0.375045 0.310451
0.375142 0.310451
0.375238 0.310451
0.375335 0.310451
0.375432 0.309833
0.375528 0.309833
0.375625 0.309833
0.375722 0.309833
0.375818 0.309833
0.375915 0.309833
0.376012 0.309833
0.376108 0.309833
0.376205 0.309215
0.376302 0.309215
0.376399 0.309215
0.376495 0.309215
0.376592 0.309215
0.376689 0.309215
0.376785 0.309215
0.376882 0.309215
0.376979 0.309215
0.377075 0.308596
0.377172 0.308596
0.377269 0.308596
0.377366 0.308596
0.377462 0.308596
0.377559 0.308596
0.377656 0.308596
0.377752 0.308596
0.377849 0.308596
0.377946 0.308596
0.378042 0.308596
0.378139 0.308596
0.378236 0.308596
0.378332 0.308596
0.378429 0.307978
0.378526 0.307978
0.378623 0.307359
0.378719 0.306741
0.378816 0.306741
0.378913 0.306741
0.379009 0.306741
0.379106 0.306741
0.379203 0.306741
0.379299 0.306741
0.379396 0.306122
0.379493 0.306122
0.379590 0.306122
0.379686 0.306122
0.379783 0.306122
0.379880 0.306122
0.379976 0.306122
0.380073 0.306122
0.380170 0.306122
0.380266 0.306122
0.380363 0.306122
0.380460 0.306122
0.380556 0.306122
0.380653 0.306122
0.380750 0.306122
0.380847 0.306122
0.380943 0.306122
0.381040 0.306122
0.381137 0.306122
0.381233 0.306122
0.381330 0.306122
0.381427 0.306122
0.381523 0.305504
0.381620 0.305504
0.381717 0.305504
0.381814 0.305504
0.381910 0.305504
0.382007 0.305504
0.382104 0.305504
0.382200 0.305504
0.382297 0.305504
0.382394 0.304886
0.382490 0.304886
0.382587 0.304886
0.382684 0.304886
0.382781 0.304267
0.382877 0.304267
0.382974 0.304267
0.383071 0.304267
0.383167 0.304267
0.383264 0.303649
0.383361 0.303030
0.383457 0.302412
0.383554 0.302412
0.383651 0.302412
0.383747 0.302412
0.383844 0.302412
0.383941 0.302412
0.384038 0.302412
0.384134 0.301793
0.384231 0.301175
0.384328 0.301175
0.384424 0.301175
0.384521 0.301175
0.384618 0.301175
0.384714 0.301175
0.384811 0.301175
0.384908 0.301175
0.385005 0.300557
0.385101 0.300557
0.385198 0.300557
0.385295 0.300557
0.385391 0.298701
0.385488 0.298701
0.385585 0.298701
0.385681 0.298701
0.385778 0.298701
0.385875 0.298701
0.385971 0.297464
0.386068 0.297464
0.386165 0.296846
0.386262 0.296846
0.386358 0.296846
0.386455 0.296846
0.386552 0.296846
0.386648 0.296846
0.386745 0.296228
0.386842 0.296228
0.386938 0.296228
0.387035 0.295609
0.387132 0.295609
0.387229 0.295609
0.387325 0.295609
0.387422 0.295609
0.387519 0.295609
0.387615 0.295609
0.387712 0.295609
0.387809 0.295609
0.387905 0.295609
0.388002 0.295609
0.388099 0.295609
0.388195 0.295609
0.388292 0.295609
0.388389 0.295609
0.388486 0.295609
0.388582 0.295609
0.388679 0.295609
0.388776 0.295609
0.388872 0.295609
0.388969 0.295609
0.389066 0.295609
0.389162 0.295609
0.389259 0.295609
0.389356 0.295609
0.389453 0.295609
0.389549 0.294991
0.389646 0.294991
0.389743 0.294991
0.389839 0.294991
0.389936 0.294991
0.390033 0.294991
0.390129 0.294372
0.390226 0.294372
0.390323 0.294372
0.390419 0.294372
0.390516 0.294372
0.390613 0.293754
0.390710 0.293754
0.390806 0.293754
0.390903 0.293135
0.391000 0.293135
0.391096 0.293135
0.391193 0.293135
0.391290 0.293135
0.391386 0.293135
0.391483 0.293135
0.391580 0.293135
0.391677 0.293135
0.391773 0.293135
0.391870 0.293135
0.391967 0.293135
0.392063 0.293135
0.392160 0.293135
0.392257 0.293135
0.392353 0.293135
0.392450 0.293135
0.392547 0.293135
0.392643 0.293135
0.392740 0.293135
0.392837 0.293135
0.392934 0.293135
0.393030 0.293135
0.393127 0.293135
0.393224 0.292517
0.393320 0.292517
0.393417 0.292517
0.393514 0.291899
0.393610 0.291899
0.393707 0.291899
0.393804 0.291899
0.393901 0.291280
0.393997 0.291280
0.394094 0.291280
0.394191 0.291280
0.394287 0.290662
0.394384 0.290662
0.394481 0.290662
0.394577 0.290662
0.394674 0.290043
0.394771 0.290043
0.394867 0.290043
0.394964 0.290043
0.395061 0.290043
0.395158 0.290043
0.395254 0.290043
0.395351 0.290043
0.395448 0.290043
0.395544 0.290043
0.395641 0.290043
0.395738 0.290043
0.395834 0.290043
0.395931 0.290043
0.396028 0.289425
0.396125 0.289425
0.396221 0.288188
0.396318 0.288188
0.396415 0.288188
0.396511 0.288188
0.396608 0.288188
0.396705 0.287570
0.396801 0.287570
0.396898 0.287570
0.396995 0.287570
0.397092 0.287570
0.397188 0.286951
0.397285 0.286951
0.397382 0.286951
0.397478 0.286333
0.397575 0.285714
0.397672 0.285096
0.397768 0.285096
0.397865 0.284477
0.397962 0.284477
0.398058 0.284477
0.398155 0.284477
0.398252 0.284477
0.398349 0.284477
0.398445 0.284477
0.398542 0.284477
0.398639 0.284477
0.398735 0.284477
0.398832 0.284477
0.398929 0.284477
0.399025 0.284477
0.399122 0.284477
0.399219 0.284477
0.399316 0.283859
0.399412 0.283859
0.399509 0.283859
0.399606 0.283241
0.399702 0.283241
0.399799 0.283241
0.399896 0.283241
0.399992 0.283241
0.400089 0.283241
0.400186 0.283241
0.400282 0.283241
0.400379 0.282622
0.400476 0.282004
0.400573 0.282004
0.400669 0.282004
0.400766 0.281385
0.400863 0.281385
0.400959 0.281385
0.401056 0.280767
0.401153 0.280767
0.401249 0.280767
0.401346 0.280767
0.401443 0.280767
0.401540 0.280767
0.401636 0.280767
0.401733 0.280767
0.401830 0.280767
0.401926 0.280767
0.402023 0.280767
0.402120 0.280767
0.402216 0.280767
0.402313 0.280767
0.402410 0.280767
0.402506 0.280767
0.402603 0.280767
0.402700 0.280767
0.402797 0.280767
0.402893 0.280767
0.402990 0.280767
0.403087 0.280767
0.403183 0.280767
0.403280 0.280767
0.403377 0.280767
0.403473 0.280767
0.403570 0.280767
0.403667 0.280148
0.403764 0.280148
0.403860 0.280148
0.403957 0.280148
0.404054 0.280148
0.404150 0.280148
0.404247 0.280148
0.404344 0.280148
0.404440 0.280148
0.404537 0.280148
0.404634 0.280148
0.404730 0.280148
0.404827 0.280148
0.404924 0.279530
0.405021 0.279530
0.405117 0.279530
0.405214 0.279530
0.405311 0.279530
0.405407 0.279530
0.405504 0.279530
0.405601 0.279530
0.405697 0.279530
0.405794 0.279530
0.405891 0.279530
0.405988 0.278912
0.406084 0.278912
0.406181 0.278912
0.406278 0.278912
0.406374 0.278912
0.406471 0.278912
0.406568 0.278912
0.406664 0.278912
0.406761 0.278912
0.406858 0.278912
0.406954 0.278912
0.407051 0.278912
0.407148 0.278912
0.407245 0.278912
0.407341 0.278912
0.407438 0.278912
0.407535 0.278912
0.407631 0.278912
0.407728 0.278912
0.407825 0.278912
0.407921 0.278912
0.408018 0.278912
0.408115 0.278912
0.408212 0.277675
0.408308 0.277675
0.408405 0.277675
0.408502 0.277675
0.408598 0.277056
0.408695 0.277056
0.408792 0.277056
0.408888 0.277056
0.408985 0.277056
0.409082 0.277056
0.409178 0.277056
0.409275 0.276438
0.409372 0.276438
0.409469 0.276438
0.409565 0.275819
0.409662 0.275819
0.409759 0.275819
0.409855 0.275819
0.409952 0.275819
0.410049 0.275819
0.410145 0.275819
0.410242 0.275201
0.410339 0.274583
0.410436 0.274583
0.410532 0.274583
0.410629 0.274583
0.410726 0.274583
0.410822 0.274583
0.410919 0.274583
0.411016 0.274583
0.411112 0.274583
0.411209 0.274583
0.411306 0.274583
0.411403 0.273964
0.411499 0.273964
0.411596 0.273964
0.411693 0.273964
0.411789 0.273964
0.411886 0.273964
0.411983 0.273964
0.412079 0.273964
0.412176 0.273964
0.412273 0.273346
0.412369 0.273346
0.412466 0.273346
0.412563 0.272727
0.412660 0.272109
0.412756 0.272109
0.412853 0.272109
0.412950 0.272109
0.413046 0.272109
0.413143 0.271490
0.413240 0.271490
0.413336 0.271490
0.413433 0.271490
0.413530 0.271490
0.413627 0.271490
0.413723 0.271490
0.413820 0.271490
0.413917 0.271490
0.414013 0.271490
0.414110 0.271490
0.414207 0.271490
0.414303 0.270872
0.414400 0.270254
0.414497 0.270254
0.414593 0.270254
0.414690 0.269635
0.414787 0.269635
0.414884 0.269635
0.414980 0.269635
0.415077 0.269635
0.415174 0.269635
0.415270 0.269635
0.415367 0.269635
0.415464 0.269017
0.415560 0.269017
0.415657 0.269017
0.415754 0.269017
0.415851 0.269017
0.415947 0.269017
0.416044 0.269017
0.416141 0.269017
0.416237 0.269017
0.416334 0.269017
0.416431 0.268398
0.416527 0.268398
0.416624 0.268398
0.416721 0.268398
0.416817 0.267780
0.416914 0.267780
0.417011 0.267780
0.417108 0.267780
0.417204 0.267780
0.417301 0.267780
0.417398 0.267780
0.417494 0.266543
0.417591 0.266543
0.417688 0.266543
0.417784 0.266543
0.417881 0.266543
0.417978 0.266543
0.418075 0.265925
0.418171 0.265925
0.418268 0.265925
0.418365 0.265925
0.418461 0.265925
0.418558 0.265925
0.418655 0.265306
0.418751 0.265306
0.418848 0.265306
0.418945 0.265306
0.419041 0.265306
0.419138 0.265306
0.419235 0.265306
0.419332 0.265306
0.419428 0.265306
0.419525 0.264688
0.419622 0.264688
0.419718 0.264069
0.419815 0.264069
0.419912 0.264069
0.420008 0.264069
0.420105 0.264069
0.420202 0.263451
0.420299 0.263451
0.420395 0.263451
0.420492 0.263451
0.420589 0.263451
0.420685 0.262832
0.420782 0.262832
0.420879 0.262832
0.420975 0.262832
0.421072 0.262832
0.421169 0.262832
0.421265 0.262832
0.421362 0.262832
0.421459 0.262832
0.421556 0.262832
0.421652 0.262832
0.421749 0.261596
0.421846 0.261596
0.421942 0.261596
0.422039 0.261596
0.422136 0.260977
0.422232 0.260977
0.422329 0.260977
0.422426 0.260977
0.422523 0.260977
0.422619 0.260977
0.422716 0.260977
0.422813 0.260977
0.422909 0.260977
0.423006 0.260359
0.423103 0.260359
0.423199 0.260359
0.423296 0.260359
0.423393 0.260359
0.423489 0.260359
0.423586 0.260359
0.423683 0.260359
0.423780 0.260359
0.423876 0.259740
0.423973 0.259740
0.424070 0.259740
0.424166 0.259740
0.424263 0.259740
0.424360 0.259740
0.424456 0.259740
0.424553 0.259740
0.424650 0.259122
0.424747 0.259122
0.424843 0.258503
0.424940 0.258503
0.425037 0.258503
0.425133 0.258503
0.425230 0.257885
0.425327 0.257885
0.425423 0.257885
0.425520 0.257885
0.425617 0.257885
0.425714 0.257885
0.425810 0.257885
0.425907 0.257885
0.426004 0.257885
0.426100 0.257885
0.426197 0.257267
0.426294 0.257267
0.426390 0.257267
0.426487 0.257267
0.426584 0.257267
0.426680 0.257267
0.426777 0.257267
0.426874 0.257267
0.426971 0.256648
0.427067 0.256648
0.427164 0.255411
0.427261 0.255411
0.427357 0.255411
0.427454 0.255411
0.427551 0.255411
0.427647 0.255411
0.427744 0.254793
0.427841 0.254793
0.427938 0.254793
0.428034 0.254793
0.428131 0.254174
0.428228 0.254174
0.428324 0.254174
0.428421 0.254174
0.428518 0.254174
0.428614 0.254174
0.428711 0.254174
0.428808 0.254174
0.428904 0.254174
0.429001 0.254174
0.429098 0.254174
0.429195 0.254174
0.429291 0.254174
0.429388 0.253556
0.429485 0.253556
0.429581 0.253556
0.429678 0.253556
0.429775 0.253556
0.429871 0.253556
0.429968 0.253556
0.430065 0.253556
0.430162 0.252938
0.430258 0.252938
0.430355 0.252938
0.430452 0.252938
0.430548 0.252938
0.430645 0.252938
0.430742 0.252319
0.430838 0.252319
0.430935 0.252319
0.431032 0.252319
0.431128 0.252319
0.431225 0.252319
0.431322 0.252319
0.431419 0.252319
0.431515 0.252319
0.431612 0.252319
0.431709 0.252319
0.431805 0.252319
0.431902 0.251701
0.431999 0.251701
0.432095 0.251701
0.432192 0.251701
0.432289 0.251701
0.432386 0.251701
0.432482 0.251701
0.432579 0.251701
0.432676 0.251701
0.432772 0.251701
0.432869 0.251701
0.432966 0.251082
0.433062 0.251082
0.433159 0.251082
0.433256 0.251082
0.433352 0.251082
0.433449 0.251082
0.433546 0.251082
0.433643 0.251082
0.433739 0.249845
0.433836 0.249227
0.433933 0.249227
0.434029 0.248609
0.434126 0.248609
0.434223 0.248609
0.434319 0.248609
0.434416 0.248609
0.434513 0.247990
0.434610 0.247990
0.434706 0.247372
0.434803 0.246753
0.434900 0.246135
0.434996 0.246135
0.435093 0.246135
0.435190 0.246135
0.435286 0.246135
0.435383 0.246135
0.435480 0.246135
0.435576 0.246135
0.435673 0.246135
0.435770 0.246135
0.435867 0.246135
0.435963 0.245516
0.436060 0.245516
0.436157 0.245516
0.436253 0.244898
0.436350 0.244898
0.436447 0.244898
0.436543 0.244898
0.436640 0.244898
0.436737 0.244280
0.436834 0.244280
0.436930 0.244280
0.437027 0.244280
0.437124 0.244280
0.437220 0.244280
0.437317 0.244280
0.437414 0.244280
0.437510 0.244280
0.437607 0.244280
0.437704 0.244280
0.437801 0.244280
0.437897 0.244280
0.437994 0.244280
0.438091 0.244280
0.438187 0.244280
0.438284 0.244280
0.438381 0.244280
0.438477 0.244280
0.438574 0.243661
0.438671 0.242424
0.438767 0.242424
0.438864 0.242424
0.438961 0.242424
0.439058 0.241806
0.439154 0.241806
0.439251 0.241806
0.439348 0.241806
0.439444 0.241806
0.439541 0.241806
0.439638 0.241806
0.439734 0.241806
0.439831 0.241806
0.439928 0.241806
0.440025 0.241806
0.440121 0.241806
0.440218 0.241806
0.440315 0.241806
0.440411 0.241806
0.440508 0.241806
0.440605 0.241806
0.440701 0.241806
0.440798 0.241806
0.440895 0.241806
0.440991 0.241806
0.441088 0.241806
0.441185 0.241806
0.441282 0.241806
0.441378 0.241806
0.441475 0.241806
0.441572 0.241806
0.441668 0.241806
0.441765 0.241187
0.441862 0.241187
0.441958 0.240569
0.442055 0.240569
0.442152 0.240569
0.442249 0.240569
0.442345 0.239951
0.442442 0.239332
0.442539 0.239332
0.442635 0.239332
0.442732 0.239332
0.442829 0.239332
0.442925 0.239332
0.443022 0.239332
0.443119 0.239332
0.443215 0.239332
0.443312 0.239332
0.443409 0.239332
0.443506 0.239332
0.443602 0.239332
0.443699 0.239332
0.443796 0.239332
0.443892 0.239332
0.443989 0.238714
0.444086 0.238714
0.444182 0.238714
0.444279 0.238714
0.444376 0.238714
0.444473 0.238714
0.444569 0.238714
0.444666 0.238714
0.444763 0.238714
0.444859 0.238714
0.444956 0.238714
0.445053 0.238714
0.445149 0.238714
0.445246 0.238714
0.445343 0.238714
0.445439 0.238714
0.445536 0.238714
0.445633 0.238714
0.445730 0.238714
0.445826 0.238714
0.445923 0.238714
0.446020 0.238714
0.446116 0.238714
0.446213 0.238714
0.446310 0.238714
0.446406 0.238714
0.446503 0.238714
0.446600 0.238714
0.446697 0.238714
0.446793 0.238714
0.446890 0.238714
0.446987 0.238714
0.447083 0.238714
0.447180 0.238714
0.447277 0.238714
0.447373 0.238714
0.447470 0.238714
0.447567 0.238714
0.447663 0.238714
0.447760 0.238095
0.447857 0.238095
0.447954 0.237477
0.448050 0.237477
0.448147 0.237477
0.448244 0.237477
0.448340 0.236240
0.448437 0.236240
0.448534 0.236240
0.448630 0.236240
0.448727 0.235622
0.448824 0.235622
0.448921 0.235622
0.449017 0.235622
0.449114 0.235622
0.449211 0.235003
0.449307 0.235003
0.449404 0.235003
0.449501 0.235003
0.449597 0.235003
0.449694 0.234385
0.449791 0.234385
0.449887 0.234385
0.449984 0.234385
0.450081 0.234385
0.450178 0.234385
0.450274 0.233766
0.450371 0.233766
0.450468 0.233766
0.450564 0.233766
0.450661 0.233148
0.450758 0.233148
0.450854 0.233148
0.450951 0.233148
0.451048 0.231911
0.451145 0.231293
0.451241 0.230674
0.451338 0.230674
0.451435 0.230674
0.451531 0.230674
0.451628 0.230674
0.451725 0.230674
0.451821 0.230674
0.451918 0.230674
0.452015 0.230674
0.452112 0.230674
0.452208 0.230674
0.452305 0.230056
0.452402 0.230056
0.452498 0.230056
0.452595 0.230056
0.452692 0.230056
0.452788 0.230056
0.452885 0.230056
0.452982 0.230056
0.453078 0.229437
0.453175 0.229437
0.453272 0.229437
0.453369 0.229437
0.453465 0.229437
0.453562 0.229437
0.453659 0.229437
0.453755 0.229437
0.453852 0.229437
0.453949 0.229437
0.454045 0.228819
0.454142 0.228819
0.454239 0.228200
0.454336 0.228200
0.454432 0.227582
0.454529 0.227582
0.454626 0.227582
0.454722 0.226964
0.454819 0.226964
0.454916 0.226964
0.455012 0.226964
0.455109 0.226964
0.455206 0.226964
0.455302 0.226964
0.455399 0.226964
0.455496 0.226345
0.455593 0.226345
0.455689 0.226345
0.455786 0.226345
0.455883 0.226345
0.455979 0.226345
0.456076 0.225727
0.456173 0.225727
0.456269 0.225108
0.456366 0.225108
0.456463 0.225108
0.456560 0.225108
0.456656 0.225108
0.456753 0.225108
0.456850 0.225108
0.456946 0.224490
0.457043 0.224490
0.457140 0.223871
0.457236 0.223871
0.457333 0.223253
0.457430 0.223253
0.457526 0.222635
0.457623 0.222635
0.457720 0.222635
0.457817 0.222016
0.457913 0.222016
0.458010 0.222016
0.458107 0.222016
0.458203 0.222016
0.458300 0.222016
0.458397 0.222016
0.458493 0.222016
0.458590 0.222016
0.458687 0.221398
0.458784 0.220779
0.458880 0.220779
0.458977 0.220779
0.459074 0.220779
0.459170 0.220161
0.459267 0.220161
0.459364 0.220161
0.459460 0.220161
0.459557 0.220161
0.459654 0.220161
0.459750 0.220161
0.459847 0.220161
0.459944 0.220161
0.460041 0.220161
0.460137 0.220161
0.460234 0.220161
0.460331 0.220161
0.460427 0.219542
0.460524 0.219542
0.460621 0.219542
0.460717 0.219542
0.460814 0.218306
0.460911 0.218306
0.461008 0.218306
0.461104 0.218306
0.461201 0.218306
0.461298 0.218306
0.461394 0.218306
0.461491 0.218306
0.461588 0.218306
0.461684 0.218306
0.461781 0.218306
0.461878 0.218306
0.461974 0.217687
0.462071 0.217687
0.462168 0.217069
0.462265 0.217069
0.462361 0.217069
0.462458 0.217069
0.462555 0.217069
0.462651 0.217069
0.462748 0.217069
0.462845 0.217069
0.462941 0.217069
0.463038 0.216450
0.463135 0.216450
0.463232 0.216450
0.463328 0.216450
0.463425 0.216450
0.463522 0.215832
0.463618 0.215832
0.463715 0.215832
0.463812 0.215213
0.463908 0.215213
0.464005 0.215213
0.464102 0.215213
0.464198 0.214595
0.464295 0.214595
0.464392 0.214595
0.464489 0.213976
0.464585 0.213976
0.464682 0.213976
0.464779 0.213976
0.464875 0.213976
0.464972 0.213976
0.465069 0.213358
0.465165 0.213358
0.465262 0.212740
0.465359 0.212740
0.465456 0.212740
0.465552 0.212740
0.465649 0.212121
0.465746 0.212121
0.465842 0.212121
0.465939 0.212121
0.466036 0.211503
0.466132 0.211503
0.466229 0.211503
0.466326 0.211503
0.466423 0.211503
0.466519 0.211503
0.466616 0.211503
0.466713 0.211503
0.466809 0.211503
0.466906 0.211503
0.467003 0.211503
0.467099 0.211503
0.467196 0.210884
0.467293 0.210884
0.467389 0.210884
0.467486 0.210884
0.467583 0.210884
0.467680 0.210884
0.467776 0.210884
0.467873 0.210884
0.467970 0.210884
0.468066 0.210884
0.468163 0.210266
0.468260 0.210266
0.468356 0.210266
0.468453 0.210266
0.468550 0.210266
0.468647 0.210266
0.468743 0.210266
0.468840 0.210266
0.468937 0.210266
0.469033 0.210266
0.469130 0.210266
0.469227 0.210266
0.469323 0.209647
0.469420 0.209029
0.469517 0.209029
0.469613 0.209029
0.469710 0.209029
0.469807 0.209029
0.469904 0.209029
0.470000 0.209029
0.470097 0.209029
0.470194 0.208411
0.470290 0.208411
0.470387 0.208411
0.470484 0.208411
0.470580 0.208411
0.470677 0.208411
0.470774 0.208411
0.470871 0.208411
0.470967 0.208411
0.471064 0.208411
0.471161 0.208411
0.471257 0.207792
0.471354 0.207792
0.471451 0.207792
0.471547 0.207792
0.471644 0.207174
0.471741 0.207174
0.471837 0.206555
0.471934 0.206555
0.472031 0.206555
0.472128 0.206555
0.472224 0.206555
0.472321 0.206555
0.472418 0.206555
0.472514 0.206555
0.472611 0.206555
0.472708 0.206555
0.472804 0.205937
0.472901 0.205937
0.472998 0.205937
0.473095 0.205937
0.473191 0.205318
0.473288 0.205318
0.473385 0.205318
0.473481 0.205318
0.473578 0.205318
0.473675 0.205318
0.473771 0.205318
0.473868 0.205318
0.473965 0.205318
0.474061 0.204700
0.474158 0.204700
0.474255 0.204700
0.474352 0.204700
0.474448 0.203463
0.474545 0.203463
0.474642 0.203463
0.474738 0.203463
0.474835 0.203463
0.474932 0.203463
0.475028 0.203463
0.475125 0.202845
0.475222 0.202845
0.475319 0.202845
0.475415 0.202845
0.475512 0.202845
0.475609 0.202845
0.475705 0.202845
0.475802 0.202845
0.475899 0.202845
0.475995 0.202845
0.476092 0.202845
0.476189 0.202845
0.476285 0.202845
0.476382 0.202845
0.476479 0.202226
0.476576 0.201608
0.476672 0.201608
0.476769 0.201608
0.476866 0.200989
0.476962 0.200371
0.477059 0.200371
0.477156 0.200371
0.477252 0.199134
0.477349 0.199134
0.477446 0.199134
0.477543 0.199134
0.477639 0.199134
0.477736 0.199134
0.477833 0.199134
0.477929 0.199134
0.478026 0.199134
0.478123 0.199134
0.478219 0.199134
0.478316 0.199134
0.478413 0.199134
0.478509 0.199134
0.478606 0.199134
0.478703 0.199134
0.478800 0.199134
0.478896 0.199134
0.478993 0.199134
0.479090 0.197897
0.479186 0.197897
0.479283 0.197897
0.479380 0.197897
0.479476 0.197897
0.479573 0.197897
0.479670 0.197897
0.479767 0.197279
0.479863 0.197279
0.479960 0.197279
0.480057 0.197279
0.480153 0.197279
0.480250 0.197279
0.480347 0.197279
0.480443 0.197279
0.480540 0.197279
0.480637 0.197279
0.480734 0.197279
0.480830 0.197279
0.480927 0.197279
0.481024 0.197279
0.481120 0.197279
0.481217 0.197279
0.481314 0.197279
0.481410 0.197279
0.481507 0.197279
0.481604 0.197279
0.481700 0.197279
0.481797 0.197279
0.481894 0.197279
0.481991 0.197279
0.482087 0.197279
0.482184 0.197279
0.482281 0.197279
0.482377 0.196660
0.482474 0.196660
0.482571 0.196660
0.482667 0.196660
0.482764 0.196042
0.482861 0.196042
0.482958 0.196042
0.483054 0.196042
0.483151 0.196042
0.483248 0.196042
0.483344 0.196042
0.483441 0.196042
0.483538 0.196042
0.483634 0.196042
0.483731 0.196042
0.483828 0.196042
0.483924 0.196042
0.484021 0.196042
0.484118 0.196042
0.484215 0.196042
0.484311 0.196042
0.484408 0.196042
0.484505 0.195424
0.484601 0.195424
0.484698 0.195424
0.484795 0.195424
0.484891 0.195424
0.484988 0.195424
0.485085 0.195424
0.485182 0.195424
0.485278 0.195424
0.485375 0.195424
0.485472 0.194805
0.485568 0.194805
0.485665 0.194805
0.485762 0.194805
0.485858 0.194805
0.485955 0.194805
0.486052 0.194187
0.486148 0.194187
0.486245 0.194187
0.486342 0.193568
0.486439 0.193568
0.486535 0.193568
0.486632 0.193568
0.486729 0.193568
0.486825 0.193568
0.486922 0.193568
0.487019 0.193568
0.487115 0.193568
0.487212 0.193568
0.487309 0.193568
0.487406 0.193568
0.487502 0.193568
0.487599 0.193568
0.487696 0.193568
0.487792 0.193568
0.487889 0.193568
0.487986 0.193568
0.488082 0.193568
0.488179 0.193568
0.488276 0.193568
0.488372 0.193568
0.488469 0.193568
0.488566 0.193568
0.488663 0.193568
0.488759 0.193568
0.488856 0.193568
0.488953 0.193568
0.489049 0.193568
0.489146 0.193568
0.489243 0.193568
0.489339 0.193568
0.489436 0.193568
0.489533 0.193568
0.489630 0.193568
0.489726 0.193568
0.489823 0.193568
0.489920 0.193568
0.490016 0.193568
0.490113 0.192950
0.490210 0.192950
0.490306 0.192950
0.490403 0.192950
0.490500 0.192950
0.490596 0.192950
0.490693 0.192331
0.490790 0.192331
0.490887 0.192331
0.490983 0.192331
0.491080 0.192331
0.491177 0.192331
0.491273 0.192331
0.491370 0.192331
0.491467 0.192331
0.491563 0.192331
0.491660 0.191713
0.491757 0.191713
0.491854 0.191713
0.491950 0.191713
0.492047 0.191713
0.492144 0.191713
0.492240 0.191713
0.492337 0.191713
0.492434 0.191095
0.492530 0.191095
0.492627 0.191095
0.492724 0.191095
0.492820 0.191095
0.492917 0.191095
0.493014 0.191095
0.493111 0.191095
0.493207 0.191095
0.493304 0.190476
0.493401 0.190476
0.493497 0.190476
0.493594 0.190476
0.493691 0.189858
0.493787 0.189858
0.493884 0.189858
0.493981 0.189858
0.494078 0.189858
0.494174 0.189858
0.494271 0.189858
0.494368 0.189858
0.494464 0.189858
0.494561 0.189858
0.494658 0.189858
0.494754 0.189858
0.494851 0.189858
0.494948 0.189239
0.495045 0.189239
0.495141 0.189239
0.495238 0.189239
0.495335 0.189239
0.495431 0.189239
0.495528 0.189239
0.495625 0.189239
0.495721 0.189239
0.495818 0.189239
0.495915 0.189239
0.496011 0.189239
0.496108 0.189239
0.496205 0.189239
0.496302 0.189239
0.496398 0.189239
0.496495 0.189239
0.496592 0.189239
0.496688 0.189239
0.496785 0.188621
0.496882 0.188621
0.496978 0.188621
0.497075 0.188621
0.497172 0.188621
0.497269 0.188621
0.497365 0.188621
0.497462 0.188621
0.497559 0.188621
0.497655 0.188002
0.497752 0.188002
0.497849 0.187384
0.497945 0.187384
0.498042 0.187384
0.498139 0.187384
0.498235 0.187384
0.498332 0.187384
0.498429 0.187384
0.498526 0.187384
0.498622 0.187384
0.498719 0.187384
0.498816 0.187384
0.498912 0.187384
0.499009 0.187384
0.499106 0.187384
0.499202 0.187384
0.499299 0.187384
0.499396 0.187384
0.499493 0.186766
0.499589 0.186766
0.499686 0.186147
0.499783 0.186147
0.499879 0.186147
0.499976 0.186147
0.500073 0.186147
0.500169 0.186147
0.500266 0.186147
0.500363 0.186147
0.500459 0.186147
0.500556 0.186147
0.500653 0.186147
0.500750 0.186147
0.500846 0.186147
0.500943 0.186147
0.501040 0.186147
0.501136 0.186147
0.501233 0.186147
0.501330 0.186147
0.501426 0.186147
0.501523 0.186147
0.501620 0.186147
0.501717 0.186147
0.501813 0.186147
0.501910 0.186147
0.502007 0.186147
0.502103 0.186147
0.502200 0.186147
0.502297 0.186147
0.502393 0.186147
0.502490 0.185529
0.502587 0.185529
0.502683 0.185529
0.502780 0.184910
0.502877 0.184292
0.502974 0.184292
0.503070 0.184292
0.503167 0.184292
0.503264 0.184292
0.503360 0.184292
0.503457 0.184292
0.503554 0.184292
0.503650 0.184292
0.503747 0.184292
0.503844 0.184292
0.503941 0.184292
0.504037 0.184292
0.504134 0.183055
0.504231 0.183055
0.504327 0.183055
0.504424 0.183055
0.504521 0.183055
0.504617 0.183055
0.504714 0.183055
0.504811 0.183055
0.504907 0.182437
0.505004 0.182437
0.505101 0.182437
0.505198 0.182437
0.505294 0.182437
0.505391 0.182437
0.505488 0.182437
0.505584 0.182437
0.505681 0.182437
0.505778 0.182437
0.505874 0.182437
0.505971 0.182437
0.506068 0.182437
0.506165 0.182437
0.506261 0.182437
0.506358 0.182437
0.506455 0.182437
0.506551 0.182437
0.506648 0.182437
0.506745 0.182437
0.506841 0.182437
0.506938 0.182437
0.507035 0.182437
0.507131 0.182437
0.507228 0.182437
0.507325 0.182437
0.507422 0.182437
0.507518 0.182437
0.507615 0.182437
0.507712 0.182437
0.507808 0.182437
0.507905 0.182437
0.508002 0.181200
0.508098 0.179963
0.508195 0.179963
0.508292 0.179963
0.508389 0.179963
0.508485 0.179963
0.508582 0.179963
0.508679 0.179963
0.508775 0.179963
0.508872 0.179344
0.508969 0.179344
0.509065 0.179344
0.509162 0.179344
0.509259 0.178726
0.509356 0.178726
0.509452 0.178726
0.509549 0.178108
0.509646 0.178108
0.509742 0.178108
0.509839 0.178108
0.509936 0.178108
0.510032 0.178108
0.510129 0.178108
0.510226 0.178108
0.510322 0.178108
0.510419 0.177489
0.510516 0.176871
0.510613 0.176871
0.510709 0.176871
0.510806 0.176252
0.510903 0.175634
0.510999 0.175634
0.511096 0.175634
0.511193 0.175634
0.511289 0.175634
0.511386 0.175634
0.511483 0.175634
0.511580 0.175634
0.511676 0.175634
0.511773 0.175015
0.511870 0.175015
0.511966 0.175015
0.512063 0.175015
0.512160 0.175015
0.512256 0.175015
0.512353 0.175015
0.512450 0.175015
0.512546 0.175015
0.512643 0.175015
0.512740 0.175015
0.512837 0.175015
0.512933 0.175015
0.513030 0.175015
0.513127 0.174397
0.513223 0.174397
0.513320 0.174397
0.513417 0.174397
0.513513 0.174397
0.513610 0.174397
0.513707 0.174397
0.513804 0.174397
0.513900 0.174397
0.513997 0.174397
0.514094 0.174397
0.514190 0.174397
0.514287 0.174397
0.514384 0.173779
0.514480 0.173160
0.514577 0.173160
0.514674 0.173160
0.514770 0.173160
0.514867 0.173160
0.514964 0.173160
0.515061 0.173160
0.515157 0.172542
0.515254 0.171923
0.515351 0.171923
0.515447 0.171923
0.515544 0.171923
0.515641 0.171923
0.515737 0.171305
0.515834 0.170686
0.515931 0.170686
0.516028 0.170068
0.516124 0.170068
0.516221 0.170068
0.516318 0.170068
0.516414 0.170068
0.516511 0.170068
0.516608 0.170068
0.516704 0.170068
0.516801 0.170068
0.516898 0.169450
0.516994 0.169450
0.517091 0.168831
0.517188 0.168831
0.517285 0.168831
0.517381 0.168831
0.517478 0.168831
0.517575 0.168831
0.517671 0.168213
0.517768 0.166976
0.517865 0.166357
0.517961 0.166357
0.518058 0.166357
0.518155 0.166357
0.518252 0.166357
0.518348 0.166357
0.518445 0.165739
0.518542 0.165739
0.518638 0.165739
0.518735 0.165739
0.518832 0.165739
0.518928 0.165739
0.519025 0.165739
0.519122 0.165739
0.519218 0.165739
0.519315 0.165739
0.519412 0.165739
0.519509 0.165739
0.519605 0.165739
0.519702 0.165739
0.519799 0.165739
0.519895 0.165739
0.519992 0.165739
0.520089 0.165739
0.520185 0.165121
0.520282 0.165121
0.520379 0.165121
0.520476 0.165121
0.520572 0.165121
0.520669 0.165121
0.520766 0.165121
0.520862 0.165121
0.520959 0.165121
0.521056 0.165121
0.521152 0.164502
0.521249 0.164502
0.521346 0.164502
0.521442 0.164502
0.521539 0.164502
0.521636 0.163884
0.521733 0.163884
0.521829 0.163884
0.521926 0.163265
0.522023 0.163265
0.522119 0.163265
0.522216 0.163265
0.522313 0.162647
0.522409 0.162647
0.522506 0.162647
0.522603 0.162647
0.522700 0.162647
0.522796 0.162647
0.522893 0.162647
0.522990 0.162647
0.523086 0.161410
0.523183 0.161410
0.523280 0.161410
0.523376 0.161410
0.523473 0.161410
0.523570 0.161410
0.523667 0.161410
0.523763 0.161410
0.523860 0.161410
0.523957 0.161410
0.524053 0.161410
0.524150 0.161410
0.524247 0.160792
0.524343 0.160792
0.524440 0.160792
0.524537 0.160173
0.524633 0.160173
0.524730 0.160173
0.524827 0.160173
0.524924 0.160173
0.525020 0.160173
0.525117 0.160173
0.525214 0.160173
0.525310 0.160173
0.525407 0.160173
0.525504 0.160173
0.525600 0.160173
0.525697 0.160173
0.525794 0.160173
0.525891 0.160173
0.525987 0.160173
0.526084 0.158936
0.526181 0.158936
0.526277 0.158318
0.526374 0.158318
0.526471 0.158318
0.526567 0.158318
0.526664 0.158318
0.526761 0.157699
0.526857 0.157699
0.526954 0.157699
0.527051 0.157699
0.527148 0.157699
0.527244 0.156463
0.527341 0.155226
0.527438 0.155226
0.527534 0.155226
0.527631 0.155226
0.527728 0.155226
0.527824 0.155226
0.527921 0.155226
0.528018 0.154607
0.528115 0.154607
0.528211 0.154607
0.528308 0.154607
0.528405 0.154607
0.528501 0.154607
0.528598 0.154607
0.528695 0.154607
0.528791 0.154607
0.528888 0.154607
0.528985 0.154607
0.529081 0.154607
0.529178 0.154607
0.529275 0.154607
0.529372 0.154607
0.529468 0.154607
0.529565 0.154607
0.529662 0.154607
0.529758 0.154607
0.529855 0.154607
0.529952 0.154607
0.530048 0.154607
0.530145 0.154607
0.530242 0.154607
0.530339 0.154607
0.530435 0.154607
0.530532 0.154607
0.530629 0.154607
0.530725 0.154607
0.530822 0.154607
0.530919 0.154607
0.531015 0.154607
0.531112 0.153989
0.531209 0.153989
0.531305 0.153370
0.531402 0.152752
0.531499 0.152752
0.531596 0.152752
0.531692 0.152752
0.531789 0.152134
0.531886 0.152134
0.531982 0.152134
0.532079 0.152134
0.532176 0.152134
0.532272 0.151515
0.532369 0.151515
0.532466 0.151515
0.532563 0.151515
0.532659 0.151515
0.532756 0.151515
0.532853 0.151515
0.532949 0.151515
0.533046 0.150897
0.533143 0.150897
0.533239 0.150897
0.533336 0.150897
0.533433 0.150897
0.533529 0.150897
0.533626 0.150897
0.533723 0.150897
0.533820 0.150897
0.533916 0.150897
0.534013 0.150897
0.534110 0.150897
0.534206 0.150278
0.534303 0.150278
0.534400 0.150278
0.534496 0.150278
0.534593 0.150278
0.534690 0.150278
0.534787 0.150278
0.534883 0.149660
0.534980 0.149660
0.535077 0.149660
0.535173 0.149660
0.535270 0.149041
0.535367 0.149041
0.535463 0.149041
0.535560 0.149041
0.535657 0.149041
0.535754 0.149041
0.535850 0.149041
0.535947 0.148423
0.536044 0.148423
0.536140 0.148423
0.536237 0.148423
0.536334 0.148423
0.536430 0.148423
0.536527 0.148423
0.536624 0.148423
0.536720 0.148423
0.536817 0.148423
0.536914 0.147805
0.537011 0.147805
0.537107 0.147186
0.537204 0.147186
0.537301 0.147186
0.537397 0.146568
0.537494 0.146568
0.537591 0.146568
0.537687 0.146568
0.537784 0.146568
0.537881 0.146568
0.537978 0.146568
0.538074 0.146568
0.538171 0.146568
0.538268 0.146568
0.538364 0.146568
0.538461 0.146568
0.538558 0.146568
0.538654 0.146568
0.538751 0.146568
0.538848 0.146568
0.538944 0.146568
0.539041 0.146568
0.539138 0.146568
0.539235 0.145949
0.539331 0.145331
0.539428 0.145331
0.539525 0.145331
0.539621 0.145331
0.539718 0.145331
0.539815 0.145331
0.539911 0.145331
0.540008 0.145331
0.540105 0.145331
0.540202 0.144712
0.540298 0.144712
0.540395 0.144712
0.540492 0.144712
0.540588 0.144712
0.540685 0.144712
0.540782 0.144712
0.540878 0.144094
0.540975 0.144094
0.541072 0.144094
0.541168 0.143476
0.541265 0.143476
0.541362 0.143476
0.541459 0.143476
0.541555 0.143476
0.541652 0.143476
0.541749 0.143476
0.541845 0.143476
0.541942 0.143476
0.542039 0.143476
0.542135 0.143476
0.542232 0.143476
0.542329 0.143476
0.542426 0.143476
0.542522 0.143476
0.542619 0.143476
0.542716 0.142857
0.542812 0.142857
0.542909 0.142857
0.543006 0.142857
0.543102 0.142857
0.543199 0.142857
0.543296 0.142857
0.543392 0.142857
0.543489 0.142857
0.543586 0.142857
0.543683 0.142857
0.543779 0.142857
0.543876 0.142857
0.543973 0.142857
0.544069 0.142857
0.544166 0.142239
0.544263 0.142239
0.544359 0.142239
0.544456 0.142239
0.544553 0.142239
0.544650 0.141620
0.544746 0.141620
0.544843 0.141620
0.544940 0.141620
0.545036 0.141620
0.545133 0.141620
0.545230 0.141620
0.545326 0.141620
0.545423 0.141620
0.545520 0.141002
0.545616 0.141002
0.545713 0.140383
0.545810 0.140383
0.545907 0.140383
0.546003 0.140383
0.546100 0.140383
0.546197 0.140383
0.546293 0.140383
0.546390 0.140383
0.546487 0.140383
0.546583 0.139765
0.546680 0.139765
0.546777 0.139765
0.546874 0.139765
0.546970 0.139765
0.547067 0.139765
0.547164 0.139765
0.547260 0.139765
0.547357 0.139765
0.547454 0.139765
0.547550 0.139765
0.547647 0.139765
0.547744 0.139765
0.547840 0.139765
0.547937 0.139765
0.548034 0.139765
0.548131 0.139765
0.548227 0.139765
0.548324 0.139765
0.548421 0.139765
0.548517 0.139765
0.548614 0.139147
0.548711 0.139147
0.548807 0.139147
0.548904 0.139147
0.549001 0.139147
0.549098 0.139147
0.549194 0.139147
0.549291 0.139147
0.549388 0.139147
0.549484 0.139147
0.549581 0.139147
0.549678 0.139147
0.549774 0.139147
0.549871 0.139147
0.549968 0.138528
0.550065 0.138528
0.550161 0.138528
0.550258 0.138528
0.550355 0.138528
0.550451 0.138528
0.550548 0.138528
0.550645 0.138528
0.550741 0.137910
0.550838 0.137910
0.550935 0.137910
0.551031 0.137910
0.551128 0.137910
0.551225 0.137910
0.551322 0.137910
0.551418 0.137910
0.551515 0.137910
0.551612 0.137910
0.551708 0.137910
0.551805 0.137910
0.551902 0.137910
0.551998 0.137910
0.552095 0.137291
0.552192 0.137291
0.552289 0.137291
0.552385 0.137291
0.552482 0.137291
0.552579 0.137291
0.552675 0.137291
0.552772 0.137291
0.552869 0.137291
0.552965 0.137291
0.553062 0.137291
0.553159 0.136673
0.553255 0.136673
0.553352 0.136673
0.553449 0.136673
0.553546 0.136673
0.553642 0.136673
0.553739 0.136673
0.553836 0.136673
0.553932 0.136673
0.554029 0.136673
0.554126 0.136673
0.554222 0.136673
0.554319 0.136054
0.554416 0.136054
0.554513 0.136054
0.554609 0.135436
0.554706 0.135436
0.554803 0.135436
0.554899 0.134818
0.554996 0.134818
0.555093 0.134818
0.555189 0.134818
0.555286 0.134818
0.555383 0.134818
0.555479 0.134818
0.555576 0.134818
0.555673 0.134818
0.555770 0.134818
0.555866 0.134818
0.555963 0.134818
0.556060 0.134818
0.556156 0.134818
0.556253 0.134818
0.556350 0.134818
0.556446 0.134818
0.556543 0.134818
0.556640 0.134818
0.556737 0.134818
0.556833 0.134818
0.556930 0.134818
0.557027 0.134818
0.557123 0.134818
0.557220 0.134818
0.557317 0.134818
0.557413 0.134818
0.557510 0.134818
0.557607 0.134818
0.557703 0.134818
0.557800 0.134818
0.557897 0.134199
0.557994 0.134199
0.558090 0.134199
0.558187 0.134199
0.558284 0.134199
0.558380 0.134199
0.558477 0.134199
0.558574 0.134199
0.558670 0.133581
0.558767 0.133581
0.558864 0.133581
0.558961 0.132962
0.559057 0.132962
0.559154 0.132344
0.559251 0.132344
0.559347 0.132344
0.559444 0.132344
0.559541 0.132344
0.559637 0.132344
0.559734 0.132344
0.559831 0.132344
0.559927 0.132344
0.560024 0.132344
0.560121 0.132344
0.560218 0.132344
0.560314 0.132344
0.560411 0.132344
0.560508 0.132344
0.560604 0.132344
0.560701 0.131725
0.560798 0.131725
0.560894 0.131725
0.560991 0.131725
0.561088 0.131725
0.561185 0.131725
0.561281 0.131725
0.561378 0.131725
0.561475 0.131725
0.561571 0.131725
0.561668 0.131725
0.561765 0.131725
0.561861 0.131107
0.561958 0.131107
0.562055 0.131107
0.562151 0.131107
0.562248 0.131107
0.562345 0.131107
0.562442 0.131107
0.562538 0.131107
0.562635 0.131107
0.562732 0.131107
0.562828 0.131107
0.562925 0.131107
0.563022 0.131107
0.563118 0.131107
0.563215 0.131107
0.563312 0.131107
0.563409 0.131107
0.563505 0.131107
0.563602 0.131107
0.563699 0.131107
0.563795 0.131107
0.563892 0.131107
0.563989 0.131107
0.564085 0.131107
0.564182 0.131107
0.564279 0.131107
0.564376 0.131107
0.564472 0.131107
0.564569 0.131107
0.564666 0.131107
0.564762 0.130489
0.564859 0.130489
0.564956 0.130489
0.565052 0.130489
0.565149 0.130489
0.565246 0.129870
0.565342 0.129252
0.565439 0.129252
0.565536 0.129252
0.565633 0.129252
0.565729 0.129252
0.565826 0.129252
0.565923 0.128633
0.566019 0.128633
0.566116 0.128633
0.566213 0.128633
0.566309 0.128633
0.566406 0.128633
0.566503 0.128633
0.566600 0.128633
0.566696 0.128633
0.566793 0.128633
0.566890 0.128633
0.566986 0.128633
0.567083 0.128633
0.567180 0.128633
0.567276 0.128633
0.567373 0.128633
0.567470 0.128633
0.567566 0.128633
0.567663 0.128633
0.567760 0.128633
0.567857 0.128633
0.567953 0.128015
0.568050 0.128015
0.568147 0.128015
0.568243 0.128015
0.568340 0.128015
0.568437 0.128015
0.568533 0.128015
0.568630 0.128015
0.568727 0.127396
0.568824 0.127396
0.568920 0.127396
0.569017 0.126778
0.569114 0.126778
0.569210 0.126778
0.569307 0.126778
0.569404 0.126160
0.569500 0.126160
0.569597 0.126160
0.569694 0.126160
0.569790 0.126160
0.569887 0.126160
0.569984 0.126160
0.570081 0.126160
0.570177 0.126160
0.570274 0.126160
0.570371 0.126160
0.570467 0.126160
0.570564 0.126160
0.570661 0.126160
0.570757 0.126160
0.570854 0.126160
0.570951 0.126160
0.571048 0.126160
0.571144 0.126160
0.571241 0.126160
0.571338 0.126160
0.571434 0.126160
0.571531 0.126160
0.571628 0.126160
0.571724 0.126160
0.571821 0.126160
0.571918 0.126160
0.572014 0.126160
0.572111 0.126160
0.572208 0.126160
0.572305 0.126160
0.572401 0.125541
0.572498 0.125541
0.572595 0.125541
0.572691 0.125541
0.572788 0.125541
0.572885 0.125541
0.572981 0.125541
0.573078 0.125541
0.573175 0.124923
0.573272 0.124923
0.573368 0.124923
0.573465 0.124304
0.573562 0.124304
0.573658 0.124304
0.573755 0.124304
0.573852 0.124304
0.573948 0.124304
0.574045 0.124304
0.574142 0.124304
0.574238 0.124304
0.574335 0.124304
0.574432 0.124304
0.574529 0.124304
0.574625 0.124304
0.574722 0.124304
0.574819 0.124304
0.574915 0.124304
0.575012 0.124304
0.575109 0.124304
0.575205 0.124304
0.575302 0.123686
0.575399 0.123686
0.575496 0.123686
0.575592 0.123686
0.575689 0.123067
0.575786 0.122449
0.575882 0.122449
0.575979 0.122449
0.576076 0.122449
0.576172 0.122449
0.576269 0.122449
0.576366 0.122449
0.576462 0.122449
0.576559 0.122449
0.576656 0.122449
0.576753 0.121212
0.576849 0.121212
0.576946 0.121212
0.577043 0.121212
0.577139 0.121212
0.577236 0.121212
0.577333 0.121212
0.577429 0.121212
0.577526 0.121212
0.577623 0.121212
0.577720 0.121212
0.577816 0.121212
0.577913 0.121212
0.578010 0.121212
0.578106 0.121212
0.578203 0.121212
0.578300 0.121212
0.578396 0.121212
0.578493 0.121212
0.578590 0.121212
0.578687 0.120594
0.578783 0.120594
0.578880 0.120594
0.578977 0.120594
0.579073 0.120594
0.579170 0.120594
0.579267 0.120594
0.579363 0.120594
0.579460 0.120594
0.579557 0.120594
0.579653 0.120594
0.579750 0.120594
0.579847 0.119975
0.579944 0.119357
0.580040 0.119357
0.580137 0.118738
0.580234 0.118738
0.580330 0.118738
0.580427 0.118738
0.580524 0.118738
0.580620 0.118738
0.580717 0.118738
0.580814 0.118120
0.580911 0.118120
0.581007 0.118120
0.581104 0.118120
0.581201 0.118120
0.581297 0.118120
0.581394 0.118120
0.581491 0.118120
0.581587 0.118120
0.581684 0.118120
0.581781 0.118120
0.581877 0.118120
0.581974 0.118120
0.582071 0.118120
0.582168 0.118120
0.582264 0.118120
0.582361 0.117502
0.582458 0.117502
0.582554 0.117502
0.582651 0.117502
0.582748 0.117502
0.582844 0.117502
0.582941 0.117502
0.583038 0.117502
0.583135 0.117502
0.583231 0.117502
0.583328 0.117502
0.583425 0.117502
0.583521 0.117502
0.583618 0.117502
0.583715 0.117502
0.583811 0.117502
0.583908 0.117502
0.584005 0.117502
0.584101 0.117502
0.584198 0.117502
0.584295 0.117502
0.584392 0.117502
0.584488 0.117502
0.584585 0.117502
0.584682 0.117502
0.584778 0.117502
0.584875 0.116883
0.584972 0.116883
0.585068 0.116883
0.585165 0.116883
0.585262 0.116883
0.585359 0.116883
0.585455 0.116883
0.585552 0.116265
0.585649 0.116265
0.585745 0.116265
0.585842 0.116265
0.585939 0.116265
0.586035 0.116265
0.586132 0.116265
0.586229 0.116265
0.586325 0.116265
0.586422 0.116265
0.586519 0.116265
0.586616 0.116265
0.586712 0.116265
0.586809 0.116265
0.586906 0.116265
0.587002 0.116265
0.587099 0.116265
0.587196 0.116265
0.587292 0.116265
0.587389 0.116265
0.587486 0.116265
0.587583 0.116265
0.587679 0.116265
0.587776 0.116265
0.587873 0.116265
0.587969 0.116265
0.588066 0.116265
0.588163 0.116265
0.588259 0.116265
0.588356 0.116265
0.588453 0.116265
0.588549 0.116265
0.588646 0.116265
0.588743 0.116265
0.588840 0.115646
0.588936 0.115646
0.589033 0.115646
0.589130 0.115646
0.589226 0.115646
0.589323 0.115646
0.589420 0.115646
0.589516 0.115646
0.589613 0.115028
0.589710 0.115028
0.589807 0.115028
0.589903 0.115028
0.590000 0.115028
0.590097 0.115028
0.590193 0.115028
0.590290 0.115028
0.590387 0.115028
0.590483 0.115028
0.590580 0.115028
0.590677 0.114409
0.590773 0.114409
0.590870 0.114409
0.590967 0.114409
0.591064 0.114409
0.591160 0.114409
0.591257 0.114409
0.591354 0.114409
0.591450 0.114409
0.591547 0.114409
0.591644 0.114409
0.591740 0.114409
0.591837 0.114409
0.591934 0.113791
0.592031 0.113791
0.592127 0.113791
0.592224 0.113791
0.592321 0.113791
0.592417 0.113791
0.592514 0.113791
0.592611 0.113791
0.592707 0.113791
0.592804 0.113791
0.592901 0.113791
0.592998 0.113791
0.593094 0.113173
0.593191 0.113173
0.593288 0.113173
0.593384 0.113173
0.593481 0.113173
0.593578 0.113173
0.593674 0.113173
0.593771 0.113173
0.593868 0.113173
0.593964 0.113173
0.594061 0.113173
0.594158 0.113173
0.594255 0.113173
0.594351 0.113173
0.594448 0.113173
0.594545 0.113173
0.594641 0.113173
0.594738 0.113173
0.594835 0.113173
0.594931 0.113173
0.595028 0.113173
0.595125 0.113173
0.595222 0.113173
0.595318 0.113173
0.595415 0.113173
0.595512 0.113173
0.595608 0.113173
0.595705 0.113173
0.595802 0.113173
0.595898 0.113173
0.595995 0.113173
0.596092 0.113173
0.596188 0.113173
0.596285 0.113173
0.596382 0.113173
0.596479 0.113173
0.596575 0.113173
0.596672 0.113173
0.596769 0.113173
0.596865 0.113173
0.596962 0.113173
0.597059 0.113173
0.597155 0.112554
0.597252 0.112554
0.597349 0.112554
0.597446 0.112554
0.597542 0.112554
0.597639 0.112554
0.597736 0.112554
0.597832 0.111936
0.597929 0.111936
0.598026 0.111936
0.598122 0.111936
0.598219 0.111936
0.598316 0.111936
0.598412 0.111936
0.598509 0.111936
0.598606 0.111936
0.598703 0.111936
0.598799 0.111936
0.598896 0.111936
0.598993 0.111936
0.599089 0.111936
0.599186 0.111936
0.599283 0.111936
0.599379 0.111936
0.599476 0.111936
0.599573 0.111936
0.599670 0.111936
0.599766 0.111936
0.599863 0.111936
0.599960 0.111317
0.600056 0.110699
0.600153 0.110699
0.600250 0.110699
0.600346 0.110699
0.600443 0.110699
0.600540 0.110699
0.600636 0.110080
0.600733 0.110080
0.600830 0.110080
0.600927 0.110080
0.601023 0.110080
0.601120 0.110080
0.601217 0.110080
0.601313 0.110080
0.601410 0.110080
0.601507 0.110080
0.601603 0.110080
0.601700 0.110080
0.601797 0.110080
0.601894 0.110080
0.601990 0.109462
0.602087 0.109462
0.602184 0.109462
0.602280 0.109462
0.602377 0.109462
0.602474 0.109462
0.602570 0.109462
0.602667 0.109462
0.602764 0.108844
0.602860 0.108844
0.602957 0.108844
0.603054 0.108844
0.603151 0.108844
0.603247 0.108844
0.603344 0.108844
0.603441 0.108844
0.603537 0.108844
0.603634 0.108844
0.603731 0.108844
0.603827 0.108844
0.603924 0.108844
0.604021 0.108844
0.604118 0.108844
0.604214 0.108844
0.604311 0.108844
0.604408 0.108844
0.604504 0.108844
0.604601 0.108844
0.604698 0.108844
0.604794 0.108844
0.604891 0.108225
0.604988 0.108225
0.605084 0.108225
0.605181 0.108225
0.605278 0.108225
0.605375 0.108225
0.605471 0.108225
0.605568 0.108225
0.605665 0.108225
0.605761 0.108225
0.605858 0.107607
0.605955 0.107607
0.606051 0.107607
0.606148 0.107607
0.606245 0.107607
0.606342 0.107607
0.606438 0.107607
0.606535 0.107607
0.606632 0.107607
0.606728 0.107607
0.606825 0.107607
0.606922 0.107607
0.607018 0.107607
0.607115 0.107607
0.607212 0.107607
0.607309 0.107607
0.607405 0.107607
0.607502 0.107607
0.607599 0.106988
0.607695 0.106988
0.607792 0.106988
0.607889 0.106988
0.607985 0.106988
0.608082 0.106370
0.608179 0.106370
0.608275 0.106370
0.608372 0.106370
0.608469 0.106370
0.608566 0.105751
0.608662 0.105751
0.608759 0.105751
0.608856 0.105751
0.608952 0.105751
0.609049 0.105751
0.609146 0.105751
0.609242 0.105751
0.609339 0.105751
0.609436 0.105751
0.609533 0.105751
0.609629 0.105751
0.609726 0.105751
0.609823 0.105751
0.609919 0.105751
0.610016 0.105751
0.610113 0.105751
0.610209 0.105751
0.610306 0.105751
0.610403 0.105751
0.610499 0.105751
0.610596 0.105751
0.610693 0.105751
0.610790 0.105751
0.610886 0.105751
0.610983 0.105751
0.611080 0.105751
0.611176 0.105751
0.611273 0.105751
0.611370 0.105751
0.611466 0.105751
0.611563 0.105751
0.611660 0.105751
0.611757 0.105751
0.611853 0.105751
0.611950 0.105751
0.612047 0.105751
0.612143 0.105751
0.612240 0.105751
0.612337 0.105751
0.612433 0.105751
0.612530 0.105751
0.612627 0.105751
0.612723 0.105751
0.612820 0.105751
0.612917 0.105751
0.613014 0.105751
0.613110 0.105751
0.613207 0.105751
0.613304 0.105751
0.613400 0.105751
0.613497 0.105751
0.613594 0.105751
0.613690 0.105751
0.613787 0.105751
0.613884 0.105751
0.613981 0.105751
0.614077 0.105751
0.614174 0.105133
0.614271 0.105133
0.614367 0.105133
0.614464 0.105133
0.614561 0.105133
0.614657 0.105133
0.614754 0.105133
0.614851 0.104515
0.614947 0.104515
0.615044 0.104515
0.615141 0.104515
0.615238 0.104515
0.615334 0.104515
0.615431 0.104515
0.615528 0.104515
0.615624 0.104515
0.615721 0.104515
0.615818 0.104515
0.615914 0.104515
0.616011 0.104515
0.616108 0.104515
0.616205 0.104515
0.616301 0.104515
0.616398 0.104515
0.616495 0.104515
0.616591 0.104515
0.616688 0.104515
0.616785 0.104515
0.616881 0.104515
0.616978 0.104515
0.617075 0.104515
0.617171 0.104515
0.617268 0.104515
0.617365 0.104515
0.617462 0.104515
0.617558 0.104515
0.617655 0.103896
0.617752 0.103896
0.617848 0.103896
0.617945 0.103896
0.618042 0.103896
0.618138 0.103896
0.618235 0.103896
0.618332 0.103896
0.618429 0.103896
0.618525 0.103896
0.618622 0.103896
0.618719 0.103896
0.618815 0.103896
0.618912 0.103896
0.619009 0.103896
0.619105 0.103896
0.619202 0.103896
0.619299 0.103896
0.619395 0.103896
0.619492 0.103896
0.619589 0.103896
0.619686 0.103278
0.619782 0.103278
0.619879 0.103278
0.619976 0.103278
0.620072 0.103278
0.620169 0.103278
0.620266 0.103278
0.620362 0.103278
0.620459 0.103278
0.620556 0.103278
0.620653 0.103278
0.620749 0.103278
0.620846 0.103278
0.620943 0.103278
0.621039 0.103278
0.621136 0.103278
0.621233 0.103278
0.621329 0.103278
0.621426 0.103278
0.621523 0.103278
0.621620 0.103278
0.621716 0.103278
0.621813 0.103278
0.621910 0.103278
0.622006 0.103278
0.622103 0.103278
0.622200 0.103278
0.622296 0.103278
0.622393 0.102659
0.622490 0.102659
0.622586 0.102659
0.622683 0.102659
0.622780 0.102659
0.622877 0.102659
0.622973 0.102659
0.623070 0.102659
0.623167 0.102659
0.623263 0.102659
0.623360 0.102659
0.623457 0.102659
0.623553 0.102659
0.623650 0.102659
0.623747 0.102659
0.623844 0.102659
0.623940 0.102041
0.624037 0.102041
0.624134 0.102041
0.624230 0.102041
0.624327 0.102041
0.624424 0.102041
0.624520 0.102041
0.624617 0.102041
0.624714 0.101422
0.624810 0.101422
0.624907 0.101422
0.625004 0.101422
0.625101 0.101422
0.625197 0.101422
0.625294 0.101422
0.625391 0.101422
0.625487 0.101422
0.625584 0.101422
0.625681 0.101422
0.625777 0.101422
0.625874 0.101422
0.625971 0.100804
0.626068 0.100804
0.626164 0.100804
0.626261 0.100804
0.626358 0.100804
0.626454 0.100804
0.626551 0.100804
0.626648 0.100804
0.626744 0.100804
0.626841 0.100186
0.626938 0.100186
0.627034 0.100186
0.627131 0.100186
0.627228 0.100186
0.627325 0.100186
0.627421 0.099567
0.627518 0.099567
0.627615 0.098949
0.627711 0.098949
0.627808 0.098949
0.627905 0.098949
0.628001 0.098949
0.628098 0.098949
0.628195 0.098949
0.628292 0.098949
0.628388 0.098949
0.628485 0.098949
0.628582 0.098949
0.628678 0.098949
0.628775 0.098949
0.628872 0.098949
0.628968 0.098949
0.629065 0.098949
0.629162 0.098949
0.629258 0.098949
0.629355 0.098949
0.629452 0.098949
0.629549 0.098949
0.629645 0.098949
0.629742 0.098949
0.629839 0.098330
0.629935 0.098330
0.630032 0.098330
0.630129 0.098330
0.630225 0.098330
0.630322 0.098330
0.630419 0.098330
0.630516 0.098330
0.630612 0.098330
0.630709 0.098330
0.630806 0.098330
0.630902 0.098330
0.630999 0.098330
0.631096 0.098330
0.631192 0.098330
0.631289 0.098330
0.631386 0.098330
0.631482 0.098330
0.631579 0.098330
0.631676 0.098330
0.631773 0.098330
0.631869 0.098330
0.631966 0.098330
0.632063 0.098330
0.632159 0.098330
0.632256 0.098330
0.632353 0.098330
0.632449 0.098330
0.632546 0.097712
0.632643 0.097712
0.632740 0.097712
0.632836 0.097093
0.632933 0.097093
0.633030 0.097093
0.633126 0.097093
0.633223 0.097093
0.633320 0.097093
0.633416 0.097093
0.633513 0.097093
0.633610 0.097093
0.633707 0.097093
0.633803 0.097093
0.633900 0.097093
0.633997 0.097093
0.634093 0.096475
0.634190 0.096475
0.634287 0.096475
0.634383 0.096475
0.634480 0.096475
0.634577 0.096475
0.634673 0.096475
0.634770 0.096475
0.634867 0.096475
0.634964 0.096475
0.635060 0.096475
0.635157 0.096475
0.635254 0.096475
0.635350 0.096475
0.635447 0.096475
0.635544 0.096475
0.635640 0.096475
0.635737 0.096475
0.635834 0.096475
0.635931 0.096475
0.636027 0.096475
0.636124 0.096475
0.636221 0.095857
0.636317 0.095857
0.636414 0.095857
0.636511 0.095857
0.636607 0.095857
0.636704 0.095857
0.636801 0.095857
0.636897 0.095238
0.636994 0.095238
0.637091 0.095238
0.637188 0.095238
0.637284 0.095238
0.637381 0.094620
0.637478 0.094001
0.637574 0.094001
0.637671 0.094001
0.637768 0.094001
0.637864 0.094001
0.637961 0.094001
0.638058 0.094001
0.638155 0.094001
0.638251 0.094001
0.638348 0.094001
0.638445 0.094001
0.638541 0.094001
0.638638 0.094001
0.638735 0.094001
0.638831 0.093383
0.638928 0.093383
0.639025 0.093383
0.639121 0.093383
0.639218 0.093383
0.639315 0.093383
0.639412 0.093383
0.639508 0.093383
0.639605 0.093383
0.639702 0.093383
0.639798 0.093383
0.639895 0.092764
0.639992 0.092146
0.640088 0.092146
0.640185 0.092146
0.640282 0.092146
0.640379 0.092146
0.640475 0.092146
0.640572 0.092146
0.640669 0.092146
0.640765 0.092146
0.640862 0.092146
0.640959 0.091528
0.641055 0.091528
0.641152 0.091528
0.641249 0.090909
0.641345 0.090909
0.641442 0.090909
0.641539 0.090909
0.641636 0.090909
0.641732 0.090909
0.641829 0.090909
0.641926 0.090909
0.642022 0.090909
0.642119 0.090909
0.642216 0.090909
0.642312 0.090909
0.642409 0.090909
0.642506 0.090909
0.642603 0.090291
0.642699 0.090291
0.642796 0.090291
0.642893 0.090291
0.642989 0.090291
0.643086 0.090291
0.643183 0.090291
0.643279 0.090291
0.643376 0.090291
0.643473 0.090291
0.643569 0.090291
0.643666 0.090291
0.643763 0.090291
0.643860 0.090291
0.643956 0.090291
0.644053 0.090291
0.644150 0.090291
0.644246 0.090291
0.644343 0.090291
0.644440 0.090291
0.644536 0.090291
0.644633 0.090291
0.644730 0.090291
0.644827 0.090291
0.644923 0.089672
0.645020 0.089672
0.645117 0.089672
0.645213 0.089672
0.645310 0.089054
0.645407 0.089054
0.645503 0.089054
0.645600 0.089054
0.645697 0.088435
0.645793 0.088435
0.645890 0.088435
0.645987 0.088435
0.646084 0.088435
0.646180 0.088435
0.646277 0.088435
0.646374 0.088435
0.646470 0.088435
0.646567 0.088435
0.646664 0.088435
0.646760 0.088435
0.646857 0.088435
0.646954 0.088435
0.647051 0.088435
0.647147 0.088435
0.647244 0.088435
0.647341 0.088435
0.647437 0.088435
0.647534 0.088435
0.647631 0.087817
0.647727 0.087199
0.647824 0.087199
0.647921 0.087199
0.648018 0.087199
0.648114 0.087199
0.648211 0.087199
0.648308 0.087199
0.648404 0.087199
0.648501 0.087199
0.648598 0.087199
0.648694 0.087199
0.648791 0.087199
0.648888 0.087199
0.648984 0.087199
0.649081 0.087199
0.649178 0.087199
0.649275 0.087199
0.649371 0.087199
0.649468 0.087199
0.649565 0.087199
0.649661 0.087199
0.649758 0.087199
0.649855 0.087199
0.649951 0.087199
0.650048 0.087199
0.650145 0.087199
0.650242 0.087199
0.650338 0.087199
0.650435 0.087199
0.650532 0.087199
0.650628 0.087199
0.650725 0.087199
0.650822 0.087199
0.650918 0.087199
0.651015 0.086580
0.651112 0.086580
0.651208 0.086580
0.651305 0.086580
0.651402 0.086580
0.651499 0.085962
0.651595 0.085343
0.651692 0.085343
0.651789 0.085343
0.651885 0.085343
0.651982 0.085343
0.652079 0.085343
0.652175 0.085343
0.652272 0.085343
0.652369 0.085343
0.652466 0.085343
0.652562 0.085343
0.652659 0.085343
0.652756 0.085343
0.652852 0.085343
0.652949 0.085343
0.653046 0.085343
0.653142 0.085343
0.653239 0.085343
0.653336 0.085343
0.653432 0.085343
0.653529 0.085343
0.653626 0.085343
0.653723 0.085343
0.653819 0.085343
0.653916 0.085343
0.654013 0.085343
0.654109 0.085343
0.654206 0.085343
0.654303 0.085343
0.654399 0.085343
0.654496 0.084725
0.654593 0.084725
0.654690 0.084725
0.654786 0.084725
0.654883 0.084725
0.654980 0.084725
0.655076 0.084725
0.655173 0.084725
0.655270 0.084725
0.655366 0.084725
0.655463 0.084725
0.655560 0.084106
0.655656 0.084106
0.655753 0.084106
0.655850 0.084106
0.655947 0.084106
0.656043 0.084106
0.656140 0.084106
0.656237 0.084106
0.656333 0.084106
0.656430 0.084106
0.656527 0.084106
0.656623 0.083488
0.656720 0.083488
0.656817 0.083488
0.656914 0.083488
0.657010 0.083488
0.657107 0.083488
0.657204 0.083488
0.657300 0.083488
0.657397 0.083488
0.657494 0.083488
0.657590 0.082870
0.657687 0.082870
0.657784 0.082251
0.657880 0.082251
0.657977 0.082251
0.658074 0.082251
0.658171 0.082251
0.658267 0.082251
0.658364 0.082251
0.658461 0.082251
0.658557 0.082251
0.658654 0.081633
0.658751 0.081633
0.658847 0.081633
0.658944 0.081633
0.659041 0.081633
0.659138 0.081633
0.659234 0.081633
0.659331 0.081633
0.659428 0.081633
0.659524 0.081633
0.659621 0.081014
0.659718 0.081014
0.659814 0.081014
0.659911 0.081014
0.660008 0.081014
0.660104 0.081014
0.660201 0.081014
0.660298 0.081014
0.660395 0.081014
0.660491 0.081014
0.660588 0.081014
0.660685 0.081014
0.660781 0.080396
0.660878 0.080396
0.660975 0.080396
0.661071 0.080396
0.661168 0.080396
0.661265 0.080396
0.661362 0.080396
0.661458 0.080396
0.661555 0.080396
0.661652 0.080396
0.661748 0.080396
0.661845 0.080396
0.661942 0.080396
0.662038 0.080396
0.662135 0.080396
0.662232 0.080396
0.662329 0.080396
0.662425 0.080396
0.662522 0.080396
0.662619 0.080396
0.662715 0.080396
0.662812 0.080396
0.662909 0.079777
0.663005 0.079777
0.663102 0.079777
0.663199 0.079777
0.663295 0.079777
0.663392 0.079777
0.663489 0.079159
0.663586 0.079159
0.663682 0.079159
0.663779 0.079159
0.663876 0.079159
0.663972 0.079159
0.664069 0.079159
0.664166 0.079159
0.664262 0.079159
0.664359 0.079159
0.664456 0.079159
0.664553 0.078541
0.664649 0.077922
0.664746 0.077922
0.664843 0.077922
0.664939 0.077922
0.665036 0.077922
0.665133 0.077922
0.665229 0.077922
0.665326 0.077922
0.665423 0.077922
0.665519 0.077922
0.665616 0.077922
0.665713 0.077922
0.665810 0.077922
0.665906 0.077304
0.666003 0.077304
0.666100 0.077304
0.666196 0.077304
0.666293 0.077304
0.666390 0.077304
0.666486 0.077304
0.666583 0.077304
0.666680 0.077304
0.666777 0.077304
0.666873 0.077304
0.666970 0.077304
0.667067 0.077304
0.667163 0.077304
0.667260 0.077304
0.667357 0.077304
0.667453 0.077304
0.667550 0.077304
0.667647 0.077304
0.667743 0.077304
0.667840 0.077304
0.667937 0.077304
0.668034 0.077304
0.668130 0.077304
0.668227 0.077304
0.668324 0.077304
0.668420 0.077304
0.668517 0.077304
0.668614 0.077304
0.668710 0.077304
0.668807 0.077304
0.668904 0.077304
0.669001 0.077304
0.669097 0.077304
0.669194 0.077304
0.669291 0.077304
0.669387 0.077304
0.669484 0.077304
0.669581 0.077304
0.669677 0.077304
0.669774 0.077304
0.669871 0.077304
0.669967 0.077304
0.670064 0.077304
0.670161 0.077304
0.670258 0.076685
0.670354 0.076685
0.670451 0.076685
0.670548 0.076685
0.670644 0.076685
0.670741 0.076685
0.670838 0.076067
0.670934 0.076067
0.671031 0.076067
0.671128 0.076067
0.671225 0.076067
0.671321 0.076067
0.671418 0.076067
0.671515 0.076067
0.671611 0.076067
0.671708 0.076067
0.671805 0.076067
0.671901 0.076067
0.671998 0.076067
0.672095 0.076067
0.672191 0.076067
0.672288 0.076067
0.672385 0.076067
0.672482 0.076067
0.672578 0.076067
0.672675 0.076067
0.672772 0.076067
0.672868 0.076067
0.672965 0.076067
0.673062 0.076067
0.673158 0.076067
0.673255 0.076067
0.673352 0.075448
0.673449 0.075448
0.673545 0.075448
0.673642 0.075448
0.673739 0.075448
0.673835 0.075448
0.673932 0.075448
0.674029 0.075448
0.674125 0.075448
0.674222 0.075448
0.674319 0.075448
0.674415 0.075448
0.674512 0.075448
0.674609 0.075448
0.674706 0.075448
0.674802 0.075448
0.674899 0.075448
0.674996 0.075448
0.675092 0.075448
0.675189 0.075448
0.675286 0.075448
0.675382 0.075448
0.675479 0.075448
0.675576 0.075448
0.675673 0.075448
0.675769 0.075448
0.675866 0.075448
0.675963 0.075448
0.676059 0.075448
0.676156 0.075448
0.676253 0.075448
0.676349 0.075448
0.676446 0.075448
0.676543 0.075448
0.676640 0.075448
0.676736 0.074830
0.676833 0.074830
0.676930 0.074830
0.677026 0.074830
0.677123 0.074830
0.677220 0.074830
0.677316 0.074830
0.677413 0.074830
0.677510 0.074830
0.677606 0.074830
0.677703 0.074830
0.677800 0.074830
0.677897 0.074830
0.677993 0.074830
0.678090 0.074830
0.678187 0.074830
0.678283 0.074830
0.678380 0.074830
0.678477 0.074830
0.678573 0.074830
0.678670 0.074830
0.678767 0.074830
0.678864 0.074830
0.678960 0.074830
0.679057 0.074830
0.679154 0.074830
0.679250 0.074830
0.679347 0.074830
0.679444 0.074830
0.679540 0.074830
0.679637 0.074830
0.679734 0.074830
0.679830 0.074830
0.679927 0.074830
0.680024 0.074830
0.680121 0.074830
0.680217 0.074830
0.680314 0.074830
0.680411 0.074830
0.680507 0.074830
0.680604 0.074830
0.680701 0.074830
0.680797 0.074830
0.680894 0.074830
0.680991 0.074830
0.681088 0.074830
0.681184 0.074830
0.681281 0.074830
0.681378 0.074830
0.681474 0.074830
0.681571 0.074830
0.681668 0.074830
0.681764 0.074830
0.681861 0.074830
0.681958 0.074830
0.682054 0.074830
0.682151 0.074830
0.682248 0.074830
0.682345 0.074830
0.682441 0.074830
0.682538 0.074830
0.682635 0.074830
0.682731 0.074830
0.682828 0.074830
0.682925 0.074830
0.683021 0.074830
0.683118 0.074830
0.683215 0.074830
0.683312 0.074830
0.683408 0.074830
0.683505 0.074830
0.683602 0.074830
0.683698 0.074212
0.683795 0.074212
0.683892 0.074212
0.683988 0.073593
0.684085 0.073593
0.684182 0.073593
0.684278 0.073593
0.684375 0.073593
0.684472 0.073593
0.684569 0.073593
0.684665 0.073593
0.684762 0.073593
0.684859 0.073593
0.684955 0.073593
0.685052 0.073593
0.685149 0.073593
0.685245 0.072975
0.685342 0.072975
0.685439 0.072975
0.685536 0.072975
0.685632 0.072975
0.685729 0.072975
0.685826 0.072975
0.685922 0.072975
0.686019 0.072975
0.686116 0.072975
0.686212 0.072975
0.686309 0.072975
0.686406 0.072356
0.686502 0.072356
0.686599 0.072356
0.686696 0.072356
0.686793 0.072356
0.686889 0.072356
0.686986 0.072356
0.687083 0.071738
0.687179 0.071738
0.687276 0.071119
0.687373 0.071119
0.687469 0.071119
0.687566 0.071119
0.687663 0.071119
0.687760 0.071119
0.687856 0.071119
0.687953 0.071119
0.688050 0.071119
0.688146 0.071119
0.688243 0.071119
0.688340 0.071119
0.688436 0.071119
0.688533 0.071119
0.688630 0.071119
0.688726 0.071119
0.688823 0.071119
0.688920 0.071119
0.689017 0.071119
0.689113 0.071119
0.689210 0.071119
0.689307 0.071119
0.689403 0.071119
0.689500 0.071119
0.689597 0.071119
0.689693 0.071119
0.689790 0.071119
0.689887 0.071119
0.689984 0.071119
0.690080 0.071119
0.690177 0.071119
0.690274 0.071119
0.690370 0.071119
0.690467 0.071119
0.690564 0.071119
0.690660 0.071119
0.690757 0.071119
0.690854 0.071119
0.690951 0.071119
0.691047 0.071119
0.691144 0.071119
0.691241 0.071119
0.691337 0.071119
0.691434 0.071119
0.691531 0.071119
0.691627 0.071119
0.691724 0.071119
0.691821 0.071119
0.691917 0.071119
0.692014 0.071119
0.692111 0.071119
0.692208 0.071119
0.692304 0.071119
0.692401 0.071119
0.692498 0.070501
0.692594 0.070501
0.692691 0.070501
0.692788 0.070501
0.692884 0.070501
0.692981 0.070501
0.693078 0.070501
0.693175 0.070501
0.693271 0.070501
0.693368 0.070501
0.693465 0.070501
0.693561 0.070501
0.693658 0.070501
0.693755 0.070501
0.693851 0.070501
0.693948 0.070501
0.694045 0.070501
0.694141 0.070501
0.694238 0.070501
0.694335 0.070501
0.694432 0.070501
0.694528 0.069882
0.694625 0.069882
0.694722 0.069882
0.694818 0.069882
0.694915 0.069882
0.695012 0.069882
0.695108 0.069882
0.695205 0.069882
0.695302 0.069264
0.695399 0.069264
0.695495 0.069264
0.695592 0.069264
0.695689 0.069264
0.695785 0.069264
0.695882 0.069264
0.695979 0.069264
0.696075 0.069264
0.696172 0.069264
0.696269 0.069264
0.696365 0.068646
0.696462 0.068646
0.696559 0.068027
0.696656 0.068027
0.696752 0.068027
0.696849 0.068027
0.696946 0.068027
0.697042 0.068027
0.697139 0.068027
0.697236 0.068027
0.697332 0.068027
0.697429 0.068027
0.697526 0.068027
0.697623 0.068027
0.697719 0.068027
0.697816 0.068027
0.697913 0.068027
0.698009 0.068027
0.698106 0.068027
0.698203 0.068027
0.698299 0.067409
0.698396 0.067409
0.698493 0.067409
0.698589 0.067409
0.698686 0.067409
0.698783 0.067409
0.698880 0.067409
0.698976 0.067409
0.699073 0.067409
0.699170 0.067409
0.699266 0.067409
0.699363 0.067409
0.699460 0.067409
0.699556 0.067409
0.699653 0.067409
0.699750 0.067409
0.699847 0.067409
0.699943 0.067409
0.700040 0.067409
0.700137 0.067409
0.700233 0.067409
0.700330 0.067409
0.700427 0.067409
0.700523 0.067409
0.700620 0.067409
0.700717 0.067409
0.700813 0.067409
0.700910 0.067409
0.701007 0.067409
0.701104 0.067409
0.701200 0.067409
0.701297 0.067409
0.701394 0.067409
0.701490 0.067409
0.701587 0.067409
0.701684 0.067409
0.701780 0.067409
0.701877 0.067409
0.701974 0.067409
0.702071 0.067409
0.702167 0.067409
0.702264 0.067409
0.702361 0.067409
0.702457 0.067409
0.702554 0.067409
0.702651 0.067409
0.702747 0.067409
0.702844 0.067409
0.702941 0.067409
0.703037 0.066790
0.703134 0.066790
0.703231 0.066790
0.703328 0.066790
0.703424 0.066790
0.703521 0.066790
0.703618 0.066790
0.703714 0.066790
0.703811 0.066790
0.703908 0.066790
0.704004 0.066790
0.704101 0.066790
0.704198 0.066790
0.704295 0.066790
0.704391 0.066790
0.704488 0.066790
0.704585 0.066790
0.704681 0.066790
0.704778 0.066790
0.704875 0.066790
0.704971 0.066790
0.705068 0.066172
0.705165 0.066172
0.705262 0.066172
0.705358 0.066172
0.705455 0.066172
0.705552 0.066172
0.705648 0.066172
0.705745 0.065553
0.705842 0.065553
0.705938 0.065553
0.706035 0.065553
0.706132 0.065553
0.706228 0.065553
0.706325 0.064935
0.706422 0.064935
0.706519 0.064935
0.706615 0.064935
0.706712 0.064935
0.706809 0.064935
0.706905 0.064935
0.707002 0.064935
0.707099 0.064935
0.707195 0.064935
0.707292 0.064935
0.707389 0.064935
0.707486 0.064935
0.707582 0.064935
0.707679 0.064935
0.707776 0.064935
0.707872 0.064935
0.707969 0.064935
0.708066 0.064935
0.708162 0.064317
0.708259 0.064317
0.708356 0.064317
0.708452 0.063698
0.708549 0.063698
0.708646 0.063698
0.708743 0.063698
0.708839 0.063698
0.708936 0.063698
0.709033 0.063698
0.709129 0.063698
0.709226 0.063698
0.709323 0.063698
0.709419 0.063698
0.709516 0.063698
0.709613 0.063698
0.709710 0.063698
0.709806 0.063698
0.709903 0.063698
0.710000 0.063080
0.710096 0.063080
0.710193 0.062461
0.710290 0.062461
0.710386 0.062461
0.710483 0.062461
0.710580 0.062461
0.710676 0.062461
0.710773 0.062461
0.710870 0.062461
0.710967 0.062461
0.711063 0.062461
0.711160 0.062461
0.711257 0.062461
0.711353 0.062461
0.711450 0.062461
0.711547 0.062461
0.711643 0.062461
0.711740 0.062461
0.711837 0.061843
0.711934 0.061843
0.712030 0.061843
0.712127 0.061843
0.712224 0.061843
0.712320 0.061843
0.712417 0.061224
0.712514 0.061224
0.712610 0.061224
0.712707 0.061224
0.712804 0.061224
0.712900 0.061224
0.712997 0.061224
0.713094 0.061224
0.713191 0.061224
0.713287 0.061224
0.713384 0.061224
0.713481 0.061224
0.713577 0.061224
0.713674 0.061224
0.713771 0.061224
0.713867 0.061224
0.713964 0.061224
0.714061 0.060606
0.714158 0.060606
0.714254 0.060606
0.714351 0.060606
0.714448 0.060606
0.714544 0.060606
0.714641 0.060606
0.714738 0.060606
0.714834 0.060606
0.714931 0.060606
0.715028 0.060606
0.715124 0.060606
0.715221 0.060606
0.715318 0.060606
0.715415 0.060606
0.715511 0.060606
0.715608 0.060606
0.715705 0.060606
0.715801 0.060606
0.715898 0.060606
0.715995 0.060606
0.716091 0.060606
0.716188 0.060606
0.716285 0.060606
0.716382 0.060606
0.716478 0.060606
0.716575 0.060606
0.716672 0.060606
0.716768 0.060606
0.716865 0.060606
0.716962 0.059369
0.717058 0.058751
0.717155 0.058751
0.717252 0.058751
0.717348 0.058751
0.717445 0.058751
0.717542 0.058751
0.717639 0.058751
0.717735 0.058751
0.717832 0.058751
0.717929 0.058751
0.718025 0.058751
0.718122 0.058751
0.718219 0.058751
0.718315 0.058751
0.718412 0.058751
0.718509 0.058751
0.718606 0.058751
0.718702 0.058751
0.718799 0.058751
0.718896 0.058751
0.718992 0.058751
0.719089 0.058751
0.719186 0.058751
0.719282 0.058751
0.719379 0.058751
0.719476 0.058751
0.719573 0.058751
0.719669 0.058751
0.719766 0.058751
0.719863 0.058751
0.719959 0.058751
0.720056 0.058751
0.720153 0.058132
0.720249 0.058132
0.720346 0.058132
0.720443 0.058132
0.720539 0.058132
0.720636 0.058132
0.720733 0.058132
0.720830 0.058132
0.720926 0.058132
0.721023 0.057514
0.721120 0.057514
0.721216 0.057514
0.721313 0.057514
0.721410 0.057514
0.721506 0.057514
0.721603 0.057514
0.721700 0.057514
0.721797 0.057514
0.721893 0.057514
0.721990 0.057514
0.722087 0.057514
0.722183 0.057514
0.722280 0.057514
0.722377 0.057514
0.722473 0.057514
0.722570 0.057514
0.722667 0.056895
0.722763 0.056895
0.722860 0.056895
0.722957 0.056895
0.723054 0.055659
0.723150 0.055659
0.723247 0.055040
0.723344 0.055040
0.723440 0.055040
0.723537 0.055040
0.723634 0.055040
0.723730 0.055040
0.723827 0.054422
0.723924 0.054422
0.724021 0.054422
0.724117 0.054422
0.724214 0.053803
0.724311 0.053803
0.724407 0.053803
0.724504 0.053803
0.724601 0.053803
0.724697 0.053803
0.724794 0.053803
0.724891 0.053803
0.724987 0.053803
0.725084 0.053803
0.725181 0.053803
0.725278 0.053803
0.725374 0.053803
0.725471 0.053803
0.725568 0.053803
0.725664 0.053803
0.725761 0.053803
0.725858 0.053803
0.725954 0.053803
0.726051 0.053803
0.726148 0.053803
0.726245 0.053803
0.726341 0.053803
0.726438 0.053803
0.726535 0.053803
0.726631 0.053803
0.726728 0.053803
0.726825 0.053803
0.726921 0.053803
0.727018 0.053803
0.727115 0.053803
0.727211 0.053803
0.727308 0.053803
0.727405 0.053185
0.727502 0.053185
0.727598 0.053185
0.727695 0.053185
0.727792 0.053185
0.727888 0.053185
0.727985 0.053185
0.728082 0.053185
0.728178 0.053185
0.728275 0.053185
0.728372 0.052566
0.728469 0.052566
0.728565 0.052566
0.728662 0.052566
0.728759 0.052566
0.728855 0.052566
0.728952 0.052566
0.729049 0.052566
0.729145 0.052566
0.729242 0.052566
0.729339 0.052566
0.729435 0.052566
0.729532 0.052566
0.729629 0.052566
0.729726 0.052566
0.729822 0.052566
0.729919 0.051948
0.730016 0.051948
0.730112 0.051948
0.730209 0.051948
0.730306 0.051948
0.730402 0.051948
0.730499 0.051948
0.730596 0.051948
0.730693 0.051948
0.730789 0.051948
0.730886 0.051948
0.730983 0.051948
0.731079 0.051948
0.731176 0.051948
0.731273 0.051948
0.731369 0.051948
0.731466 0.051948
0.731563 0.051948
0.731660 0.051948
0.731756 0.051948
0.731853 0.051948
0.731950 0.051948
0.732046 0.051948
0.732143 0.051948
0.732240 0.051948
0.732336 0.051948
0.732433 0.051948
0.732530 0.051948
0.732626 0.051948
0.732723 0.051948
0.732820 0.051948
0.732917 0.051948
0.733013 0.051948
0.733110 0.051948
0.733207 0.051948
0.733303 0.051330
0.733400 0.051330
0.733497 0.051330
0.733593 0.051330
0.733690 0.051330
0.733787 0.051330
0.733884 0.051330
0.733980 0.051330
0.734077 0.051330
0.734174 0.050711
0.734270 0.050711
0.734367 0.050711
0.734464 0.050711
0.734560 0.050711
0.734657 0.050711
0.734754 0.050093
0.734850 0.050093
0.734947 0.050093
0.735044 0.050093
0.735141 0.049474
0.735237 0.049474
0.735334 0.049474
0.735431 0.049474
0.735527 0.049474
0.735624 0.049474
0.735721 0.049474
0.735817 0.049474
0.735914 0.049474
0.736011 0.049474
0.736108 0.049474
0.736204 0.049474
0.736301 0.049474
0.736398 0.048856
0.736494 0.048856
0.736591 0.048856
0.736688 0.048856
0.736784 0.048856
0.736881 0.048856
0.736978 0.048856
0.737074 0.048856
0.737171 0.048856
0.737268 0.048856
0.737365 0.048856
0.737461 0.048856
0.737558 0.048856
0.737655 0.048856
0.737751 0.048856
0.737848 0.048856
0.737945 0.048856
0.738041 0.048856
0.738138 0.048237
0.738235 0.048237
0.738332 0.048237
0.738428 0.048237
0.738525 0.048237
0.738622 0.048237
0.738718 0.048237
0.738815 0.048237
0.738912 0.048237
0.739008 0.047001
0.739105 0.047001
0.739202 0.047001
0.739298 0.047001
0.739395 0.047001
0.739492 0.047001
0.739589 0.047001
0.739685 0.047001
0.739782 0.047001
0.739879 0.047001
0.739975 0.047001
0.740072 0.047001
0.740169 0.047001
0.740265 0.047001
0.740362 0.047001
0.740459 0.047001
0.740556 0.047001
0.740652 0.047001
0.740749 0.046382
0.740846 0.046382
0.740942 0.046382
0.741039 0.046382
0.741136 0.046382
0.741232 0.046382
0.741329 0.046382
0.741426 0.046382
0.741522 0.046382
0.741619 0.046382
0.741716 0.046382
0.741813 0.046382
0.741909 0.046382
0.742006 0.046382
0.742103 0.046382
0.742199 0.046382
0.742296 0.045764
0.742393 0.045764
0.742489 0.045764
0.742586 0.045764
0.742683 0.045764
0.742780 0.045764
0.742876 0.045764
0.742973 0.045764
0.743070 0.045764
0.743166 0.045764
0.743263 0.045764
0.743360 0.045764
0.743456 0.045764
0.743553 0.045764
0.743650 0.045764
0.743746 0.045764
0.743843 0.045764
0.743940 0.045764
0.744037 0.045764
0.744133 0.045764
0.744230 0.045764
0.744327 0.045764
0.744423 0.045764
0.744520 0.045764
0.744617 0.045764
0.744713 0.045764
0.744810 0.045764
0.744907 0.045764
0.745004 0.045764
0.745100 0.045764
0.745197 0.045764
0.745294 0.045764
0.745390 0.045764
0.745487 0.045764
0.745584 0.045764
0.745680 0.045764
0.745777 0.045764
0.745874 0.045764
0.745971 0.045764
0.746067 0.045764
0.746164 0.045764
0.746261 0.045764
0.746357 0.045764
0.746454 0.045764
0.746551 0.045764
0.746647 0.045764
0.746744 0.045764
0.746841 0.045764
0.746937 0.045764
0.747034 0.045764
0.747131 0.045764
0.747228 0.045764
0.747324 0.045764
0.747421 0.045764
0.747518 0.045764
0.747614 0.045764
0.747711 0.045764
0.747808 0.045764
0.747904 0.045764
0.748001 0.045764
0.748098 0.045764
0.748195 0.045764
0.748291 0.045764
0.748388 0.045764
0.748485 0.045764
0.748581 0.045764
0.748678 0.045764
0.748775 0.045764
0.748871 0.045764
0.748968 0.045764
0.749065 0.045764
0.749161 0.045764
0.749258 0.045764
0.749355 0.045764
0.749452 0.045764
0.749548 0.045764
0.749645 0.045764
0.749742 0.045764
0.749838 0.045764
0.749935 0.045764
0.750032 0.045764
0.750128 0.045764
0.750225 0.045764
0.750322 0.045764
0.750419 0.045145
0.750515 0.045145
0.750612 0.045145
0.750709 0.045145
0.750805 0.045145
0.750902 0.045145
0.750999 0.045145
0.751095 0.045145
0.751192 0.045145
0.751289 0.045145
0.751385 0.045145
0.751482 0.045145
0.751579 0.045145
0.751676 0.045145
0.751772 0.045145
0.751869 0.045145
0.751966 0.045145
0.752062 0.045145
0.752159 0.045145
0.752256 0.045145
0.752352 0.045145
0.752449 0.045145
0.752546 0.045145
0.752643 0.045145
0.752739 0.045145
0.752836 0.045145
0.752933 0.045145
0.753029 0.044527
0.753126 0.044527
0.753223 0.044527
0.753319 0.044527
0.753416 0.044527
0.753513 0.044527
0.753609 0.044527
0.753706 0.044527
0.753803 0.044527
0.753900 0.044527
0.753996 0.044527
0.754093 0.044527
0.754190 0.044527
0.754286 0.044527
0.754383 0.044527
0.754480 0.044527
0.754576 0.044527
0.754673 0.044527
0.754770 0.044527
0.754867 0.044527
0.754963 0.044527
0.755060 0.044527
0.755157 0.044527
0.755253 0.044527
0.755350 0.044527
0.755447 0.043908
0.755543 0.043908
0.755640 0.043908
0.755737 0.043908
0.755833 0.043908
0.755930 0.043290
0.756027 0.042672
0.756124 0.042672
0.756220 0.042672
0.756317 0.042672
0.756414 0.042672
0.756510 0.042672
0.756607 0.042053
0.756704 0.042053
0.756800 0.042053
0.756897 0.042053
0.756994 0.042053
0.757091 0.042053
0.757187 0.042053
0.757284 0.042053
0.757381 0.042053
0.757477 0.042053
0.757574 0.042053
0.757671 0.042053
0.757767 0.042053
0.757864 0.042053
0.757961 0.042053
0.758057 0.042053
0.758154 0.042053
0.758251 0.042053
0.758348 0.042053
0.758444 0.042053
0.758541 0.042053
0.758638 0.042053
0.758734 0.042053
0.758831 0.042053
0.758928 0.042053
0.759024 0.042053
0.759121 0.042053
0.759218 0.042053
0.759315 0.042053
0.759411 0.042053
0.759508 0.042053
0.759605 0.042053
0.759701 0.042053
0.759798 0.042053
0.759895 0.042053
0.759991 0.042053
0.760088 0.042053
0.760185 0.042053
0.760282 0.042053
0.760378 0.042053
0.760475 0.042053
0.760572 0.042053
0.760668 0.042053
0.760765 0.042053
0.760862 0.042053
0.760958 0.042053
0.761055 0.042053
0.761152 0.042053
0.761248 0.042053
0.761345 0.042053
0.761442 0.042053
0.761539 0.042053
0.761635 0.041435
0.761732 0.041435
0.761829 0.041435
0.761925 0.041435
0.762022 0.041435
0.762119 0.041435
0.762215 0.041435
0.762312 0.041435
0.762409 0.041435
0.762506 0.041435
0.762602 0.040816
0.762699 0.040816
0.762796 0.040816
0.762892 0.040816
0.762989 0.040816
0.763086 0.040816
0.763182 0.040816
0.763279 0.040816
0.763376 0.040816
0.763472 0.040816
0.763569 0.040816
0.763666 0.040816
0.763763 0.040816
0.763859 0.040816
0.763956 0.040816
0.764053 0.040816
0.764149 0.040816
0.764246 0.040816
0.764343 0.040816
0.764439 0.040816
0.764536 0.040816
0.764633 0.040816
0.764730 0.040816
0.764826 0.040816
0.764923 0.040816
0.765020 0.040816
0.765116 0.040816
0.765213 0.040816
0.765310 0.040816
0.765406 0.040816
0.765503 0.040816
0.765600 0.040816
0.765696 0.040816
0.765793 0.040816
0.765890 0.040816
0.765987 0.040816
0.766083 0.040816
0.766180 0.040198
0.766277 0.040198
0.766373 0.040198
0.766470 0.040198
0.766567 0.040198
0.766663 0.040198
0.766760 0.040198
0.766857 0.039579
0.766954 0.039579
0.767050 0.039579
0.767147 0.039579
0.767244 0.039579
0.767340 0.039579
0.767437 0.039579
0.767534 0.039579
0.767630 0.039579
0.767727 0.039579
0.767824 0.039579
0.767920 0.039579
0.768017 0.039579
0.768114 0.039579
0.768211 0.039579
0.768307 0.039579
0.768404 0.039579
0.768501 0.039579
0.768597 0.039579
0.768694 0.039579
0.768791 0.039579
0.768887 0.039579
0.768984 0.039579
0.769081 0.039579
0.769178 0.039579
0.769274 0.039579
0.769371 0.039579
0.769468 0.039579
0.769564 0.039579
0.769661 0.039579
0.769758 0.039579
0.769854 0.039579
0.769951 0.039579
0.770048 0.039579
0.770144 0.039579
0.770241 0.039579
0.770338 0.039579
0.770435 0.039579
0.770531 0.039579
0.770628 0.039579
0.770725 0.039579
0.770821 0.039579
0.770918 0.039579
0.771015 0.039579
0.771111 0.039579
0.771208 0.039579
0.771305 0.039579
0.771402 0.039579
0.771498 0.039579
0.771595 0.039579
0.771692 0.039579
0.771788 0.039579
0.771885 0.039579
0.771982 0.039579
0.772078 0.039579
0.772175 0.039579
0.772272 0.038961
0.772368 0.038961
0.772465 0.038961
0.772562 0.038961
0.772659 0.038961
0.772755 0.038961
0.772852 0.038961
0.772949 0.038961
0.773045 0.038961
0.773142 0.038961
0.773239 0.038961
0.773335 0.038961
0.773432 0.038961
0.773529 0.038961
0.773626 0.038961
0.773722 0.038961
0.773819 0.038961
0.773916 0.038961
0.774012 0.038961
0.774109 0.038961
0.774206 0.038961
0.774302 0.038961
0.774399 0.038961
0.774496 0.038961
0.774593 0.038961
0.774689 0.038961
0.774786 0.038961
0.774883 0.038961
0.774979 0.038961
0.775076 0.038961
0.775173 0.038961
0.775269 0.038961
0.775366 0.038961
0.775463 0.038961
0.775559 0.038961
0.775656 0.038961
0.775753 0.038961
0.775850 0.038961
0.775946 0.038961
0.776043 0.038961
0.776140 0.038961
0.776236 0.038961
0.776333 0.038961
0.776430 0.038961
0.776526 0.038961
0.776623 0.038961
0.776720 0.038961
0.776817 0.038961
0.776913 0.038961
0.777010 0.038961
0.777107 0.038961
0.777203 0.038343
0.777300 0.038343
0.777397 0.038343
0.777493 0.038343
0.777590 0.038343
0.777687 0.038343
0.777783 0.038343
0.777880 0.038343
0.777977 0.038343
0.778074 0.038343
0.778170 0.038343
0.778267 0.038343
0.778364 0.038343
0.778460 0.038343
0.778557 0.038343
0.778654 0.038343
0.778750 0.038343
0.778847 0.038343
0.778944 0.038343
0.779041 0.038343
0.779137 0.038343
0.779234 0.038343
0.779331 0.038343
0.779427 0.038343
0.779524 0.038343
0.779621 0.038343
0.779717 0.038343
0.779814 0.038343
0.779911 0.038343
0.780007 0.037724
0.780104 0.037724
0.780201 0.037724
0.780298 0.037724
0.780394 0.037724
0.780491 0.037724
0.780588 0.037724
0.780684 0.037724
0.780781 0.037724
0.780878 0.037724
0.780974 0.037724
0.781071 0.037724
0.781168 0.037724
0.781265 0.037724
0.781361 0.037724
0.781458 0.037724
0.781555 0.037724
0.781651 0.037724
0.781748 0.037724
0.781845 0.037724
0.781941 0.037724
0.782038 0.037724
0.782135 0.037724
0.782231 0.037724
0.782328 0.037724
0.782425 0.037724
0.782522 0.037724
0.782618 0.037724
0.782715 0.037724
0.782812 0.037106
0.782908 0.037106
0.783005 0.037106
0.783102 0.037106
0.783198 0.037106
0.783295 0.037106
0.783392 0.037106
0.783489 0.037106
0.783585 0.037106
0.783682 0.037106
0.783779 0.037106
0.783875 0.037106
0.783972 0.036487
0.784069 0.036487
0.784165 0.036487
0.784262 0.036487
0.784359 0.036487
0.784455 0.036487
0.784552 0.036487
0.784649 0.035869
0.784746 0.035869
0.784842 0.035869
0.784939 0.035869
0.785036 0.035869
0.785132 0.035869
0.785229 0.035869
0.785326 0.035869
0.785422 0.035250
0.785519 0.035250
0.785616 0.035250
0.785713 0.035250
0.785809 0.035250
0.785906 0.035250
0.786003 0.035250
0.786099 0.035250
0.786196 0.035250
0.786293 0.034632
0.786389 0.034632
0.786486 0.034632
0.786583 0.034632
0.786679 0.034632
0.786776 0.034632
0.786873 0.034632
0.786970 0.034632
0.787066 0.034632
0.787163 0.034632
0.787260 0.034632
0.787356 0.034632
0.787453 0.034632
0.787550 0.034632
0.787646 0.034632
0.787743 0.034632
0.787840 0.034632
0.787937 0.034632
0.788033 0.034632
0.788130 0.034632
0.788227 0.034632
0.788323 0.034632
0.788420 0.034632
0.788517 0.034632
0.788613 0.034632
0.788710 0.034632
0.788807 0.034632
0.788904 0.034632
0.789000 0.034632
0.789097 0.034632
0.789194 0.034632
0.789290 0.034632
0.789387 0.034632
0.789484 0.034632
0.789580 0.034632
0.789677 0.034632
0.789774 0.034014
0.789870 0.034014
0.789967 0.034014
0.790064 0.034014
0.790161 0.034014
0.790257 0.034014
0.790354 0.034014
0.790451 0.034014
0.790547 0.034014
0.790644 0.034014
0.790741 0.034014
0.790837 0.034014
0.790934 0.034014
0.791031 0.034014
0.791128 0.034014
0.791224 0.034014
0.791321 0.034014
0.791418 0.034014
0.791514 0.034014
0.791611 0.033395
0.791708 0.033395
0.791804 0.033395
0.791901 0.033395
0.791998 0.033395
0.792094 0.033395
0.792191 0.033395
0.792288 0.033395
0.792385 0.033395
0.792481 0.033395
0.792578 0.033395
0.792675 0.033395
0.792771 0.033395
0.792868 0.033395
0.792965 0.033395
0.793061 0.033395
0.793158 0.033395
0.793255 0.033395
0.793352 0.033395
0.793448 0.033395
0.793545 0.033395
0.793642 0.033395
0.793738 0.033395
0.793835 0.033395
0.793932 0.033395
0.794028 0.033395
0.794125 0.033395
0.794222 0.033395
0.794318 0.033395
0.794415 0.033395
0.794512 0.033395
0.794609 0.033395
0.794705 0.033395
0.794802 0.033395
0.794899 0.033395
0.794995 0.033395
0.795092 0.033395
0.795189 0.033395
0.795285 0.033395
0.795382 0.033395
0.795479 0.033395
0.795576 0.033395
0.795672 0.033395
0.795769 0.033395
0.795866 0.033395
0.795962 0.033395
0.796059 0.033395
0.796156 0.033395
0.796252 0.033395
0.796349 0.033395
0.796446 0.033395
0.796542 0.033395
0.796639 0.033395
0.796736 0.033395
0.796833 0.033395
0.796929 0.033395
0.797026 0.033395
0.797123 0.033395
0.797219 0.033395
0.797316 0.033395
0.797413 0.033395
0.797509 0.033395
0.797606 0.033395
0.797703 0.033395
0.797800 0.033395
0.797896 0.033395
0.797993 0.033395
0.798090 0.033395
0.798186 0.033395
0.798283 0.033395
0.798380 0.033395
0.798476 0.033395
0.798573 0.033395
0.798670 0.033395
0.798766 0.033395
0.798863 0.032777
0.798960 0.032777
0.799057 0.032777
0.799153 0.032777
0.799250 0.032777
0.799347 0.032777
0.799443 0.032777
0.799540 0.032777
0.799637 0.032777
0.799733 0.032777
0.799830 0.032777
0.799927 0.032777
0.800024 0.032777
0.800120 0.032777
0.800217 0.032777
0.800314 0.032777
0.800410 0.032777
0.800507 0.032777
0.800604 0.032777
0.800700 0.032777
0.800797 0.032777
0.800894 0.032777
0.800990 0.032777
0.801087 0.032777
0.801184 0.032777
0.801281 0.032777
0.801377 0.032777
0.801474 0.032777
0.801571 0.032777
0.801667 0.032777
0.801764 0.032777
0.801861 0.032777
0.801957 0.032158
0.802054 0.031540
0.802151 0.031540
0.802248 0.031540
0.802344 0.031540
0.802441 0.031540
0.802538 0.031540
0.802634 0.031540
0.802731 0.031540
0.802828 0.031540
0.802924 0.031540
0.803021 0.031540
0.803118 0.031540
0.803215 0.031540
0.803311 0.030921
0.803408 0.030921
0.803505 0.030921
0.803601 0.030921
0.803698 0.030921
0.803795 0.030921
0.803891 0.030921
0.803988 0.030921
0.804085 0.030921
0.804181 0.030921
0.804278 0.030921
0.804375 0.030303
0.804472 0.029685
0.804568 0.029685
0.804665 0.029685
0.804762 0.029685
0.804858 0.029066
0.804955 0.029066
0.805052 0.029066
0.805148 0.029066
0.805245 0.029066
0.805342 0.029066
0.805439 0.029066
0.805535 0.029066
0.805632 0.029066
0.805729 0.029066
0.805825 0.029066
0.805922 0.029066
0.806019 0.029066
0.806115 0.029066
0.806212 0.029066
0.806309 0.029066
0.806405 0.029066
0.806502 0.029066
0.806599 0.028448
0.806696 0.028448
0.806792 0.028448
0.806889 0.028448
0.806986 0.028448
0.807082 0.028448
0.807179 0.028448
0.807276 0.028448
0.807372 0.028448
0.807469 0.028448
0.807566 0.028448
0.807663 0.028448
0.807759 0.028448
0.807856 0.028448
0.807953 0.028448
0.808049 0.028448
0.808146 0.028448
0.808243 0.028448
0.808339 0.028448
0.808436 0.028448
0.808533 0.028448
0.808629 0.028448
0.808726 0.028448
0.808823 0.028448
0.808920 0.028448
0.809016 0.028448
0.809113 0.028448
0.809210 0.028448
0.809306 0.028448
0.809403 0.028448
0.809500 0.028448
0.809596 0.028448
0.809693 0.028448
0.809790 0.028448
0.809887 0.028448
0.809983 0.028448
0.810080 0.028448
0.810177 0.028448
0.810273 0.028448
0.810370 0.028448
0.810467 0.028448
0.810563 0.028448
0.810660 0.028448
0.810757 0.028448
0.810853 0.028448
0.810950 0.028448
0.811047 0.028448
0.811144 0.028448
0.811240 0.028448
0.811337 0.027829
0.811434 0.027829
0.811530 0.027829
0.811627 0.027829
0.811724 0.027829
0.811820 0.027829
0.811917 0.027829
0.812014 0.027829
0.812111 0.027211
0.812207 0.027211
0.812304 0.027211
0.812401 0.027211
0.812497 0.027211
0.812594 0.027211
0.812691 0.027211
0.812787 0.027211
0.812884 0.027211
0.812981 0.027211
0.813077 0.027211
0.813174 0.027211
0.813271 0.027211
0.813368 0.027211
0.813464 0.026592
0.813561 0.026592
0.813658 0.026592
0.813754 0.026592
0.813851 0.026592
0.813948 0.026592
0.814044 0.026592
0.814141 0.026592
0.814238 0.026592
0.814335 0.026592
0.814431 0.026592
0.814528 0.026592
0.814625 0.025974
0.814721 0.025974
0.814818 0.025974
0.814915 0.025974
0.815011 0.025974
0.815108 0.025974
0.815205 0.025974
0.815301 0.025974
0.815398 0.025974
0.815495 0.025356
0.815592 0.025356
0.815688 0.025356
0.815785 0.025356
0.815882 0.025356
0.815978 0.025356
0.816075 0.025356
0.816172 0.025356
0.816268 0.025356
0.816365 0.025356
0.816462 0.025356
0.816559 0.025356
0.816655 0.025356
0.816752 0.025356
0.816849 0.025356
0.816945 0.025356
0.817042 0.025356
0.817139 0.025356
0.817235 0.025356
0.817332 0.025356
0.817429 0.025356
0.817526 0.025356
0.817622 0.025356
0.817719 0.025356
0.817816 0.025356
0.817912 0.025356
0.818009 0.025356
0.818106 0.025356
0.818202 0.025356
0.818299 0.025356
0.818396 0.025356
0.818492 0.025356
0.818589 0.025356
0.818686 0.025356
0.818783 0.025356
0.818879 0.025356
0.818976 0.025356
0.819073 0.025356
0.819169 0.025356
0.819266 0.024737
0.819363 0.024737
0.819459 0.024737
0.819556 0.024737
0.819653 0.024737
0.819750 0.024737
0.819846 0.024737
0.819943 0.024737
0.820040 0.024737
0.820136 0.024737
0.820233 0.024737
0.820330 0.024737
0.820426 0.024737
0.820523 0.024737
0.820620 0.024737
0.820716 0.024737
0.820813 0.024737
0.820910 0.024737
0.821007 0.024737
0.821103 0.024737
0.821200 0.024737
0.821297 0.024737
0.821393 0.024737
0.821490 0.024737
0.821587 0.024737
0.821683 0.024737
0.821780 0.024737
0.821877 0.024737
0.821974 0.024737
0.822070 0.024737
0.822167 0.024737
0.822264 0.024737
0.822360 0.024737
0.822457 0.024737
0.822554 0.024737
0.822650 0.024737
0.822747 0.024737
0.822844 0.024737
0.822940 0.024737
0.823037 0.024737
0.823134 0.024119
0.823231 0.024119
0.823327 0.024119
0.823424 0.024119
0.823521 0.024119
0.823617 0.024119
0.823714 0.024119
0.823811 0.024119
0.823907 0.024119
0.824004 0.024119
0.824101 0.024119
0.824198 0.024119
0.824294 0.024119
0.824391 0.024119
0.824488 0.024119
0.824584 0.024119
0.824681 0.024119
0.824778 0.024119
0.824874 0.024119
0.824971 0.024119
0.825068 0.024119
0.825164 0.024119
0.825261 0.024119
0.825358 0.024119
0.825455 0.024119
0.825551 0.024119
0.825648 0.024119
0.825745 0.024119
0.825841 0.024119
0.825938 0.024119
0.826035 0.024119
0.826131 0.024119
0.826228 0.024119
0.826325 0.024119
0.826422 0.024119
0.826518 0.024119
0.826615 0.024119
0.826712 0.024119
0.826808 0.024119
0.826905 0.024119
0.827002 0.024119
0.827098 0.023500
0.827195 0.023500
0.827292 0.023500
0.827388 0.023500
0.827485 0.023500
0.827582 0.023500
0.827679 0.023500
0.827775 0.023500
0.827872 0.023500
0.827969 0.023500
0.828065 0.023500
0.828162 0.023500
0.828259 0.023500
0.828355 0.022882
0.828452 0.022882
0.828549 0.022882
0.828646 0.022882
0.828742 0.022882
0.828839 0.022263
0.828936 0.022263
0.829032 0.022263
0.829129 0.022263
0.829226 0.022263
0.829322 0.022263
0.829419 0.022263
0.829516 0.022263
0.829613 0.022263
0.829709 0.022263
0.829806 0.022263
0.829903 0.022263
0.829999 0.022263
0.830096 0.021645
0.830193 0.021645
0.830289 0.021645
0.830386 0.021645
0.830483 0.021645
0.830579 0.021645
0.830676 0.021645
0.830773 0.021645
0.830870 0.021645
0.830966 0.021645
0.831063 0.021645
0.831160 0.021645
0.831256 0.021645
0.831353 0.021645
0.831450 0.021645
0.831546 0.021645
0.831643 0.021645
0.831740 0.021645
0.831837 0.021645
0.831933 0.021645
0.832030 0.021645
0.832127 0.021645
0.832223 0.021645
0.832320 0.021645
0.832417 0.021645
0.832513 0.021645
0.832610 0.021645
0.832707 0.021645
0.832803 0.021645
0.832900 0.021645
0.832997 0.021645
0.833094 0.021645
0.833190 0.021645
0.833287 0.021645
0.833384 0.021645
0.833480 0.021645
0.833577 0.021027
0.833674 0.021027
0.833770 0.021027
0.833867 0.021027
0.833964 0.021027
0.834061 0.021027
0.834157 0.021027
0.834254 0.021027
0.834351 0.021027
0.834447 0.021027
0.834544 0.021027
0.834641 0.021027
0.834737 0.021027
0.834834 0.021027
0.834931 0.021027
0.835027 0.021027
0.835124 0.021027
0.835221 0.021027
0.835318 0.021027
0.835414 0.021027
0.835511 0.021027
0.835608 0.021027
0.835704 0.021027
0.835801 0.021027
0.835898 0.021027
0.835994 0.021027
0.836091 0.021027
0.836188 0.021027
0.836285 0.021027
0.836381 0.021027
0.836478 0.021027
0.836575 0.020408
0.836671 0.020408
0.836768 0.020408
0.836865 0.020408
0.836961 0.020408
0.837058 0.020408
0.837155 0.020408
0.837251 0.020408
0.837348 0.020408
0.837445 0.020408
0.837542 0.020408
0.837638 0.020408
0.837735 0.020408
0.837832 0.020408
0.837928 0.020408
0.838025 0.020408
0.838122 0.020408
0.838218 0.020408
0.838315 0.020408
0.838412 0.020408
0.838509 0.020408
0.838605 0.020408
0.838702 0.020408
0.838799 0.020408
0.838895 0.020408
0.838992 0.020408
0.839089 0.020408
0.839185 0.020408
0.839282 0.020408
0.839379 0.020408
0.839475 0.020408
0.839572 0.020408
0.839669 0.020408
0.839766 0.020408
0.839862 0.020408
0.839959 0.020408
0.840056 0.020408
0.840152 0.020408
0.840249 0.020408
0.840346 0.020408
0.840442 0.020408
0.840539 0.020408
0.840636 0.020408
0.840733 0.020408
0.840829 0.020408
0.840926 0.020408
0.841023 0.020408
0.841119 0.020408
0.841216 0.020408
0.841313 0.020408
0.841409 0.020408
0.841506 0.020408
0.841603 0.020408
0.841699 0.020408
0.841796 0.020408
0.841893 0.020408
0.841990 0.020408
0.842086 0.020408
0.842183 0.020408
0.842280 0.020408
0.842376 0.020408
0.842473 0.020408
0.842570 0.020408
0.842666 0.020408
0.842763 0.020408
0.842860 0.020408
0.842957 0.020408
0.843053 0.020408
0.843150 0.020408
0.843247 0.020408
0.843343 0.020408
0.843440 0.020408
0.843537 0.020408
0.843633 0.020408
0.843730 0.020408
0.843827 0.020408
0.843924 0.020408
0.844020 0.019790
0.844117 0.019790
0.844214 0.019790
0.844310 0.019790
0.844407 0.019790
0.844504 0.019790
0.844600 0.019790
0.844697 0.019790
0.844794 0.019790
0.844890 0.019790
0.844987 0.019790
0.845084 0.019790
0.845181 0.019790
0.845277 0.019790
0.845374 0.019790
0.845471 0.019790
0.845567 0.019790
0.845664 0.019790
0.845761 0.019790
0.845857 0.019790
0.845954 0.019790
0.846051 0.019790
0.846148 0.019790
0.846244 0.019790
0.846341 0.019790
0.846438 0.019790
0.846534 0.019790
0.846631 0.019790
0.846728 0.019790
0.846824 0.019790
0.846921 0.019790
0.847018 0.019790
0.847114 0.019790
0.847211 0.019790
0.847308 0.019790
0.847405 0.019790
0.847501 0.019790
0.847598 0.019790
0.847695 0.019790
0.847791 0.019790
0.847888 0.019790
0.847985 0.019790
0.848081 0.019790
0.848178 0.019790
0.848275 0.019790
0.848372 0.019790
0.848468 0.019790
0.848565 0.019790
0.848662 0.019790
0.848758 0.019790
0.848855 0.019790
0.848952 0.019790
0.849048 0.019790
0.849145 0.019790
0.849242 0.019790
0.849338 0.019790
0.849435 0.019790
0.849532 0.019790
0.849629 0.019790
0.849725 0.019790
0.849822 0.019790
0.849919 0.019790
0.850015 0.019790
0.850112 0.019790
0.850209 0.019790
0.850305 0.019790
0.850402 0.019790
0.850499 0.019790
0.850596 0.019790
0.850692 0.019790
0.850789 0.019790
0.850886 0.019790
0.850982 0.019790
0.851079 0.019790
0.851176 0.019790
0.851272 0.019790
0.851369 0.019790
0.851466 0.019790
0.851562 0.019790
0.851659 0.019790
0.851756 0.019790
0.851853 0.019790
0.851949 0.019790
0.852046 0.019790
0.852143 0.019790
0.852239 0.019790
0.852336 0.019790
0.852433 0.019790
0.852529 0.019790
0.852626 0.019790
0.852723 0.019790
0.852820 0.019790
0.852916 0.019790
0.853013 0.019790
0.853110 0.019790
0.853206 0.019790
0.853303 0.019790
0.853400 0.019790
0.853496 0.019790
0.853593 0.019790
0.853690 0.019790
0.853786 0.019790
0.853883 0.019790
0.853980 0.019790
0.854077 0.019790
0.854173 0.019790
0.854270 0.019790
0.854367 0.019790
0.854463 0.019790
0.854560 0.019790
0.854657 0.019790
0.854753 0.019790
0.854850 0.019790
0.854947 0.019790
0.855044 0.019790
0.855140 0.019790
0.855237 0.019790
0.855334 0.019790
0.855430 0.019790
0.855527 0.019790
0.855624 0.019790
0.855720 0.019790
0.855817 0.019790
0.855914 0.019790
0.856010 0.019790
0.856107 0.019790
0.856204 0.019790
0.856301 0.019790
0.856397 0.019790
0.856494 0.019790
0.856591 0.019790
0.856687 0.019790
0.856784 0.019790
0.856881 0.019790
0.856977 0.019790
0.857074 0.019790
0.857171 0.019790
0.857268 0.019790
0.857364 0.019790
0.857461 0.019790
0.857558 0.019790
0.857654 0.019171
0.857751 0.019171
0.857848 0.019171
0.857944 0.019171
0.858041 0.019171
0.858138 0.019171
0.858235 0.019171
0.858331 0.019171
0.858428 0.018553
0.858525 0.018553
0.858621 0.018553
0.858718 0.018553
0.858815 0.018553
0.858911 0.018553
0.859008 0.018553
0.859105 0.018553
0.859201 0.018553
0.859298 0.018553
0.859395 0.018553
0.859492 0.018553
0.859588 0.018553
0.859685 0.018553
0.859782 0.018553
0.859878 0.018553
0.859975 0.018553
0.860072 0.018553
0.860168 0.018553
0.860265 0.018553
0.860362 0.018553
0.860459 0.018553
0.860555 0.018553
0.860652 0.018553
0.860749 0.018553
0.860845 0.018553
0.860942 0.018553
0.861039 0.018553
0.861135 0.018553
0.861232 0.018553
0.861329 0.018553
0.861425 0.018553
0.861522 0.018553
0.861619 0.018553
0.861716 0.018553
0.861812 0.018553
0.861909 0.018553
0.862006 0.017934
0.862102 0.017934
0.862199 0.017934
0.862296 0.017934
0.862392 0.017934
0.862489 0.017934
0.862586 0.017934
0.862683 0.017934
0.862779 0.017934
0.862876 0.017934
0.862973 0.017934
0.863069 0.017316
0.863166 0.017316
0.863263 0.017316
0.863359 0.017316
0.863456 0.017316
0.863553 0.017316
0.863649 0.017316
0.863746 0.017316
0.863843 0.017316
0.863940 0.017316
0.864036 0.017316
0.864133 0.017316
0.864230 0.017316
0.864326 0.017316
0.864423 0.017316
0.864520 0.017316
0.864616 0.017316
0.864713 0.017316
0.864810 0.017316
0.864907 0.017316
0.865003 0.017316
0.865100 0.017316
0.865197 0.017316
0.865293 0.017316
0.865390 0.017316
0.865487 0.016698
0.865583 0.016698
0.865680 0.016698
0.865777 0.016698
0.865873 0.016698
0.865970 0.016698
0.866067 0.016698
0.866164 0.016698
0.866260 0.016698
0.866357 0.016698
0.866454 0.016698
0.866550 0.016698
0.866647 0.016698
0.866744 0.016698
0.866840 0.016698
0.866937 0.016698
0.867034 0.016698
0.867131 0.016698
0.867227 0.016698
0.867324 0.016698
0.867421 0.016698
0.867517 0.016698
0.867614 0.016698
0.867711 0.016698
0.867807 0.016698
0.867904 0.016698
0.868001 0.016698
0.868097 0.016698
0.868194 0.016698
0.868291 0.016698
0.868388 0.016698
0.868484 0.016698
0.868581 0.016698
0.868678 0.016698
0.868774 0.016698
0.868871 0.016698
0.868968 0.016698
0.869064 0.016698
0.869161 0.016698
0.869258 0.016698
0.869355 0.016698
0.869451 0.016698
0.869548 0.016698
0.869645 0.016698
0.869741 0.016698
0.869838 0.016698
0.869935 0.016698
0.870031 0.016698
0.870128 0.016698
0.870225 0.016698
0.870321 0.016698
0.870418 0.016698
0.870515 0.016698
0.870612 0.016698
0.870708 0.016698
0.870805 0.016698
0.870902 0.016698
0.870998 0.016698
0.871095 0.016698
0.871192 0.016698
0.871288 0.016698
0.871385 0.016698
0.871482 0.016698
0.871579 0.016698
0.871675 0.016698
0.871772 0.016698
0.871869 0.016698
0.871965 0.016698
0.872062 0.016698
0.872159 0.016698
0.872255 0.016698
0.872352 0.016698
0.872449 0.016698
0.872546 0.016698
0.872642 0.016698
0.872739 0.016698
0.872836 0.016698
0.872932 0.016698
0.873029 0.016698
0.873126 0.016698
0.873222 0.016698
0.873319 0.016698
0.873416 0.016698
0.873512 0.016698
0.873609 0.016698
0.873706 0.016698
0.873803 0.016698
0.873899 0.016698
0.873996 0.016698
0.874093 0.016698
0.874189 0.016698
0.874286 0.016079
0.874383 0.016079
0.874479 0.016079
0.874576 0.016079
0.874673 0.016079
0.874770 0.016079
0.874866 0.016079
0.874963 0.016079
0.875060 0.016079
0.875156 0.016079
0.875253 0.016079
0.875350 0.016079
0.875446 0.016079
0.875543 0.016079
0.875640 0.016079
0.875736 0.016079
0.875833 0.016079
0.875930 0.016079
0.876027 0.016079
0.876123 0.016079
0.876220 0.016079
0.876317 0.016079
0.876413 0.016079
0.876510 0.016079
0.876607 0.016079
0.876703 0.016079
0.876800 0.016079
0.876897 0.016079
0.876994 0.016079
0.877090 0.016079
0.877187 0.016079
0.877284 0.016079
0.877380 0.016079
0.877477 0.016079
0.877574 0.016079
0.877670 0.016079
0.877767 0.016079
0.877864 0.016079
0.877960 0.016079
0.878057 0.016079
0.878154 0.016079
0.878251 0.016079
0.878347 0.016079
0.878444 0.016079
0.878541 0.016079
0.878637 0.016079
0.878734 0.016079
0.878831 0.016079
0.878927 0.016079
0.879024 0.016079
0.879121 0.015461
0.879218 0.015461
0.879314 0.015461
0.879411 0.015461
0.879508 0.015461
0.879604 0.015461
0.879701 0.015461
0.879798 0.015461
0.879894 0.015461
0.879991 0.015461
0.880088 0.015461
0.880184 0.015461
0.880281 0.015461
0.880378 0.015461
0.880475 0.015461
0.880571 0.014842
0.880668 0.014842
0.880765 0.014842
0.880861 0.014842
0.880958 0.014842
0.881055 0.014842
0.881151 0.014842
0.881248 0.014842
0.881345 0.014842
0.881442 0.014842
0.881538 0.014842
0.881635 0.014842
0.881732 0.014842
0.881828 0.014842
0.881925 0.014842
0.882022 0.014842
0.882118 0.014842
0.882215 0.014842
0.882312 0.014842
0.882408 0.014842
0.882505 0.014842
0.882602 0.014842
0.882699 0.014842
0.882795 0.014842
0.882892 0.014842
0.882989 0.014842
0.883085 0.014842
0.883182 0.014842
0.883279 0.014842
0.883375 0.014842
0.883472 0.014842
0.883569 0.014842
0.883666 0.014842
0.883762 0.014842
0.883859 0.014842
0.883956 0.014842
0.884052 0.014842
0.884149 0.014842
0.884246 0.014842
0.884342 0.014842
0.884439 0.014842
0.884536 0.014842
0.884632 0.014842
0.884729 0.014842
0.884826 0.014842
0.884923 0.014842
0.885019 0.014842
0.885116 0.014842
0.885213 0.014842
0.885309 0.014842
0.885406 0.014842
0.885503 0.014842
0.885599 0.014842
0.885696 0.014842
0.885793 0.014842
0.885890 0.014842
0.885986 0.014224
0.886083 0.014224
0.886180 0.014224
0.886276 0.014224
0.886373 0.014224
0.886470 0.014224
0.886566 0.014224
0.886663 0.014224
0.886760 0.014224
0.886857 0.014224
0.886953 0.014224
0.887050 0.014224
0.887147 0.014224
0.887243 0.014224
0.887340 0.014224
0.887437 0.014224
0.887533 0.014224
0.887630 0.014224
0.887727 0.014224
0.887823 0.014224
0.887920 0.014224
0.888017 0.014224
0.888114 0.014224
0.888210 0.014224
0.888307 0.014224
0.888404 0.014224
0.888500 0.014224
0.888597 0.014224
0.888694 0.014224
0.888790 0.014224
0.888887 0.014224
0.888984 0.014224
0.889081 0.014224
0.889177 0.014224
0.889274 0.014224
0.889371 0.014224
0.889467 0.014224
0.889564 0.014224
0.889661 0.014224
0.889757 0.014224
0.889854 0.014224
0.889951 0.014224
0.890047 0.014224
0.890144 0.014224
0.890241 0.014224
0.890338 0.014224
0.890434 0.014224
0.890531 0.014224
0.890628 0.014224
0.890724 0.014224
0.890821 0.014224
0.890918 0.014224
0.891014 0.014224
0.891111 0.014224
0.891208 0.014224
0.891305 0.014224
0.891401 0.014224
0.891498 0.014224
0.891595 0.014224
0.891691 0.014224
0.891788 0.014224
0.891885 0.014224
0.891981 0.014224
0.892078 0.014224
0.892175 0.014224
0.892271 0.014224
0.892368 0.014224
0.892465 0.014224
0.892562 0.014224
0.892658 0.014224
0.892755 0.014224
0.892852 0.014224
0.892948 0.014224
0.893045 0.013605
0.893142 0.013605
0.893238 0.013605
0.893335 0.013605
0.893432 0.013605
0.893529 0.013605
0.893625 0.013605
0.893722 0.013605
0.893819 0.013605
0.893915 0.013605
0.894012 0.013605
0.894109 0.013605
0.894205 0.013605
0.894302 0.013605
0.894399 0.013605
0.894495 0.013605
0.894592 0.013605
0.894689 0.013605
0.894786 0.013605
0.894882 0.013605
0.894979 0.013605
0.895076 0.013605
0.895172 0.013605
0.895269 0.013605
0.895366 0.013605
0.895462 0.013605
0.895559 0.013605
0.895656 0.013605
0.895753 0.013605
0.895849 0.013605
0.895946 0.013605
0.896043 0.013605
0.896139 0.013605
0.896236 0.013605
0.896333 0.013605
0.896429 0.013605
0.896526 0.013605
0.896623 0.013605
0.896719 0.013605
0.896816 0.013605
0.896913 0.013605
0.897010 0.013605
0.897106 0.013605
0.897203 0.013605
0.897300 0.013605
0.897396 0.013605
0.897493 0.013605
0.897590 0.013605
0.897686 0.013605
0.897783 0.013605
0.897880 0.013605
0.897977 0.013605
0.898073 0.013605
0.898170 0.013605
0.898267 0.013605
0.898363 0.013605
0.898460 0.013605
0.898557 0.013605
0.898653 0.013605
0.898750 0.013605
0.898847 0.013605
0.898943 0.013605
0.899040 0.013605
0.899137 0.013605
0.899234 0.013605
0.899330 0.012987
0.899427 0.012987
0.899524 0.012987
0.899620 0.012987
0.899717 0.012987
0.899814 0.012987
0.899910 0.012987
0.900007 0.012987
0.900104 0.012987
0.900201 0.012987
0.900297 0.012987
0.900394 0.012987
0.900491 0.012987
0.900587 0.012987
0.900684 0.012987
0.900781 0.012987
0.900877 0.012987
0.900974 0.012987
0.901071 0.012987
0.901168 0.012987
0.901264 0.012987
0.901361 0.012987
0.901458 0.012987
0.901554 0.012987
0.901651 0.012987
0.901748 0.012987
0.901844 0.012987
0.901941 0.012987
0.902038 0.012369
0.902134 0.012369
0.902231 0.012369
0.902328 0.012369
0.902425 0.012369
0.902521 0.012369
0.902618 0.012369
0.902715 0.012369
0.902811 0.012369
0.902908 0.012369
0.903005 0.012369
0.903101 0.012369
0.903198 0.012369
0.903295 0.012369
0.903392 0.012369
0.903488 0.012369
0.903585 0.012369
0.903682 0.012369
0.903778 0.012369
0.903875 0.012369
0.903972 0.012369
0.904068 0.012369
0.904165 0.012369
0.904262 0.012369
0.904358 0.012369
0.904455 0.012369
0.904552 0.012369
0.904649 0.012369
0.904745 0.012369
0.904842 0.012369
0.904939 0.012369
0.905035 0.012369
0.905132 0.011750
0.905229 0.011750
0.905325 0.011750
0.905422 0.011750
0.905519 0.011750
0.905616 0.011750
0.905712 0.011750
0.905809 0.011750
0.905906 0.011750
0.906002 0.011750
0.906099 0.011750
0.906196 0.011750
0.906292 0.011750
0.906389 0.011750
0.906486 0.011750
0.906582 0.011750
0.906679 0.011750
0.906776 0.011750
0.906873 0.011750
0.906969 0.011750
0.907066 0.011750
0.907163 0.011750
0.907259 0.011750
0.907356 0.011750
0.907453 0.011750
0.907549 0.011750
0.907646 0.011750
0.907743 0.011750
0.907840 0.011750
0.907936 0.011750
0.908033 0.011750
0.908130 0.011750
0.908226 0.011750
0.908323 0.011750
0.908420 0.011750
0.908516 0.011750
0.908613 0.011132
0.908710 0.011132
0.908806 0.011132
0.908903 0.011132
0.909000 0.011132
0.909097 0.011132
0.909193 0.011132
0.909290 0.011132
0.909387 0.011132
0.909483 0.011132
0.909580 0.011132
0.909677 0.011132
0.909773 0.011132
0.909870 0.011132
0.909967 0.011132
0.910064 0.011132
0.910160 0.011132
0.910257 0.011132
0.910354 0.011132
0.910450 0.011132
0.910547 0.011132
0.910644 0.011132
0.910740 0.011132
0.910837 0.011132
0.910934 0.011132
0.911030 0.011132
0.911127 0.011132
0.911224 0.011132
0.911321 0.011132
0.911417 0.011132
0.911514 0.011132
0.911611 0.011132
0.911707 0.011132
0.911804 0.011132
0.911901 0.011132
0.911997 0.011132
0.912094 0.011132
0.912191 0.011132
0.912288 0.011132
0.912384 0.011132
0.912481 0.011132
0.912578 0.011132
0.912674 0.011132
0.912771 0.011132
0.912868 0.011132
0.912964 0.011132
0.913061 0.011132
0.913158 0.011132
0.913254 0.011132
0.913351 0.011132
0.913448 0.011132
0.913545 0.011132
0.913641 0.011132
0.913738 0.011132
0.913835 0.011132
0.913931 0.011132
0.914028 0.011132
0.914125 0.011132
0.914221 0.011132
0.914318 0.010513
0.914415 0.010513
0.914512 0.010513
0.914608 0.010513
0.914705 0.010513
0.914802 0.010513
0.914898 0.010513
0.914995 0.010513
0.915092 0.010513
0.915188 0.010513
0.915285 0.010513
0.915382 0.010513
0.915479 0.010513
0.915575 0.010513
0.915672 0.010513
0.915769 0.010513
0.915865 0.010513
0.915962 0.010513
0.916059 0.010513
0.916155 0.010513
0.916252 0.010513
0.916349 0.010513
0.916445 0.010513
0.916542 0.010513
0.916639 0.010513
0.916736 0.010513
0.916832 0.010513
0.916929 0.010513
0.917026 0.010513
0.917122 0.010513
0.917219 0.010513
0.917316 0.010513
0.917412 0.010513
0.917509 0.010513
0.917606 0.010513
0.917703 0.010513
0.917799 0.010513
0.917896 0.010513
0.917993 0.010513
0.918089 0.010513
0.918186 0.010513
0.918283 0.010513
0.918379 0.010513
0.918476 0.010513
0.918573 0.010513
0.918669 0.010513
0.918766 0.010513
0.918863 0.010513
0.918960 0.010513
0.919056 0.010513
0.919153 0.010513
0.919250 0.010513
0.919346 0.010513
0.919443 0.010513
0.919540 0.010513
0.919636 0.010513
0.919733 0.010513
0.919830 0.010513
0.919927 0.010513
0.920023 0.010513
0.920120 0.010513
0.920217 0.010513
0.920313 0.010513
0.920410 0.010513
0.920507 0.010513
0.920603 0.010513
0.920700 0.010513
0.920797 0.010513
0.920893 0.010513
0.920990 0.010513
0.921087 0.010513
0.921184 0.009895
0.921280 0.009895
0.921377 0.009895
0.921474 0.009895
0.921570 0.009895
0.921667 0.009895
0.921764 0.009895
0.921860 0.009895
0.921957 0.009895
0.922054 0.009895
0.922151 0.009895
0.922247 0.009895
0.922344 0.009895
0.922441 0.009895
0.922537 0.009895
0.922634 0.009895
0.922731 0.009895
0.922827 0.009895
0.922924 0.009895
0.923021 0.009895
0.923117 0.009895
0.923214 0.009895
0.923311 0.009895
0.923408 0.009895
0.923504 0.009895
0.923601 0.009895
0.923698 0.009895
0.923794 0.009895
0.923891 0.009895
0.923988 0.009895
0.924084 0.009895
0.924181 0.009895
0.924278 0.009895
0.924375 0.009895
0.924471 0.009895
0.924568 0.009895
0.924665 0.009895
0.924761 0.009895
0.924858 0.009895
0.924955 0.009895
0.925051 0.009895
0.925148 0.009895
0.925245 0.009895
0.925341 0.009895
0.925438 0.009895
0.925535 0.009895
0.925632 0.009895
0.925728 0.009895
0.925825 0.009895
0.925922 0.009276
0.926018 0.009276
0.926115 0.009276
0.926212 0.008658
0.926308 0.008658
0.926405 0.008658
0.926502 0.008658
0.926599 0.008658
0.926695 0.008658
0.926792 0.008658
0.926889 0.008658
0.926985 0.008658
0.927082 0.008658
0.927179 0.008658
0.927275 0.008658
0.927372 0.008658
0.927469 0.008658
0.927566 0.008658
0.927662 0.008658
0.927759 0.008658
0.927856 0.008658
0.927952 0.008658
0.928049 0.008658
0.928146 0.008658
0.928242 0.008658
0.928339 0.008658
0.928436 0.008658
0.928532 0.008658
0.928629 0.008658
0.928726 0.008658
0.928823 0.008658
0.928919 0.008658
0.929016 0.008658
0.929113 0.008658
0.929209 0.008658
0.929306 0.008658
0.929403 0.008658
0.929499 0.008658
0.929596 0.008658
0.929693 0.008658
0.929790 0.008658
0.929886 0.008658
0.929983 0.008658
0.930080 0.008658
0.930176 0.008658
0.930273 0.008658
0.930370 0.008658
0.930466 0.008658
0.930563 0.008658
0.930660 0.008658
0.930756 0.008658
0.930853 0.008658
0.930950 0.008658
0.931047 0.008658
0.931143 0.008658
0.931240 0.008658
0.931337 0.008658
0.931433 0.008658
0.931530 0.008658
0.931627 0.008658
0.931723 0.008658
0.931820 0.008658
0.931917 0.008658
0.932014 0.008658
0.932110 0.008658
0.932207 0.008658
0.932304 0.008658
0.932400 0.008658
0.932497 0.008658
0.932594 0.008658
0.932690 0.008658
0.932787 0.008658
0.932884 0.008658
0.932980 0.008658
0.933077 0.008658
0.933174 0.008658
0.933271 0.008658
0.933367 0.008658
0.933464 0.008658
0.933561 0.008658
0.933657 0.008658
0.933754 0.008658
0.933851 0.008658
0.933947 0.008658
0.934044 0.008658
0.934141 0.008658
0.934238 0.008658
0.934334 0.008658
0.934431 0.008658
0.934528 0.008040
0.934624 0.008040
0.934721 0.008040
0.934818 0.008040
0.934914 0.008040
0.935011 0.007421
0.935108 0.007421
0.935204 0.007421
0.935301 0.007421
0.935398 0.007421
0.935495 0.007421
0.935591 0.007421
0.935688 0.007421
0.935785 0.007421
0.935881 0.007421
0.935978 0.007421
0.936075 0.007421
0.936171 0.007421
0.936268 0.007421
0.936365 0.007421
0.936462 0.007421
0.936558 0.007421
0.936655 0.007421
0.936752 0.007421
0.936848 0.007421
0.936945 0.007421
0.937042 0.007421
0.937138 0.007421
0.937235 0.007421
0.937332 0.007421
0.937428 0.007421
0.937525 0.007421
0.937622 0.007421
0.937719 0.007421
0.937815 0.007421
0.937912 0.007421
0.938009 0.007421
0.938105 0.007421
0.938202 0.007421
0.938299 0.007421
0.938395 0.007421
0.938492 0.007421
0.938589 0.007421
0.938686 0.007421
0.938782 0.007421
0.938879 0.007421
0.938976 0.007421
0.939072 0.007421
0.939169 0.007421
0.939266 0.007421
0.939362 0.007421
0.939459 0.007421
0.939556 0.007421
0.939652 0.007421
0.939749 0.007421
0.939846 0.007421
0.939943 0.007421
0.940039 0.007421
0.940136 0.007421
0.940233 0.007421
0.940329 0.007421
0.940426 0.007421
0.940523 0.006803
0.940619 0.006803
0.940716 0.006803
0.940813 0.006803
0.940910 0.006803
0.941006 0.006803
0.941103 0.006803
0.941200 0.006803
0.941296 0.006803
0.941393 0.006184
0.941490 0.006184
0.941586 0.006184
0.941683 0.006184
0.941780 0.006184
0.941877 0.006184
0.941973 0.006184
0.942070 0.006184
0.942167 0.006184
0.942263 0.006184
0.942360 0.006184
0.942457 0.006184
0.942553 0.006184
0.942650 0.006184
0.942747 0.006184
0.942843 0.006184
0.942940 0.006184
0.943037 0.006184
0.943134 0.006184
0.943230 0.006184
0.943327 0.006184
0.943424 0.006184
0.943520 0.006184
0.943617 0.006184
0.943714 0.006184
0.943810 0.006184
0.943907 0.006184
0.944004 0.006184
0.944101 0.006184
0.944197 0.006184
0.944294 0.006184
0.944391 0.006184
0.944487 0.006184
0.944584 0.006184
0.944681 0.006184
0.944777 0.006184
0.944874 0.006184
0.944971 0.006184
0.945067 0.006184
0.945164 0.006184
0.945261 0.006184
0.945358 0.006184
0.945454 0.006184
0.945551 0.006184
0.945648 0.006184
0.945744 0.006184
0.945841 0.006184
0.945938 0.006184
0.946034 0.006184
0.946131 0.005566
0.946228 0.005566
0.946325 0.005566
0.946421 0.005566
0.946518 0.005566
0.946615 0.005566
0.946711 0.005566
0.946808 0.005566
0.946905 0.005566
0.947001 0.005566
0.947098 0.005566
0.947195 0.004947
0.947291 0.004947
0.947388 0.004947
0.947485 0.004947
0.947582 0.004947
0.947678 0.004947
0.947775 0.004947
0.947872 0.004947
0.947968 0.004947
0.948065 0.004947
0.948162 0.004947
0.948258 0.004947
0.948355 0.004947
0.948452 0.004947
0.948549 0.004947
0.948645 0.004947
0.948742 0.004947
0.948839 0.004947
0.948935 0.004947
0.949032 0.004947
0.949129 0.004947
0.949225 0.004947
0.949322 0.004947
0.949419 0.004947
0.949515 0.004947
0.949612 0.004947
0.949709 0.004947
0.949806 0.004947
0.949902 0.004947
0.949999 0.004947
0.950096 0.004947
0.950192 0.004947
0.950289 0.004947
0.950386 0.004947
0.950482 0.004947
0.950579 0.004947
0.950676 0.004947
0.950773 0.004947
0.950869 0.004947
0.950966 0.004947
0.951063 0.004947
0.951159 0.004947
0.951256 0.004947
0.951353 0.004947
0.951449 0.004947
0.951546 0.004947
0.951643 0.004947
0.951739 0.004947
0.951836 0.004947
0.951933 0.004329
0.952030 0.004329
0.952126 0.004329
0.952223 0.004329
0.952320 0.004329
0.952416 0.004329
0.952513 0.004329
0.952610 0.004329
0.952706 0.004329
0.952803 0.004329
0.952900 0.004329
0.952997 0.004329
0.953093 0.004329
0.953190 0.004329
0.953287 0.004329
0.953383 0.004329
0.953480 0.004329
0.953577 0.004329
0.953673 0.004329
0.953770 0.004329
0.953867 0.004329
0.953963 0.004329
0.954060 0.004329
0.954157 0.004329
0.954254 0.004329
0.954350 0.003711
0.954447 0.003711
0.954544 0.003711
0.954640 0.003711
0.954737 0.003711
0.954834 0.003711
0.954930 0.003711
0.955027 0.003711
0.955124 0.003711
0.955221 0.003711
0.955317 0.003711
0.955414 0.003711
0.955511 0.003711
0.955607 0.003711
0.955704 0.003711
0.955801 0.003711
0.955897 0.003711
0.955994 0.003711
0.956091 0.003711
0.956188 0.003711
0.956284 0.003711
0.956381 0.003711
0.956478 0.003711
0.956574 0.003092
0.956671 0.003092
0.956768 0.003092
0.956864 0.003092
0.956961 0.003092
0.957058 0.003092
0.957154 0.003092
0.957251 0.003092
0.957348 0.003092
0.957445 0.003092
0.957541 0.003092
0.957638 0.003092
0.957735 0.003092
0.957831 0.003092
0.957928 0.003092
0.958025 0.003092
0.958121 0.003092
0.958218 0.003092
0.958315 0.003092
0.958412 0.003092
0.958508 0.003092
0.958605 0.003092
0.958702 0.003092
0.958798 0.003092
0.958895 0.003092
0.958992 0.003092
0.959088 0.003092
0.959185 0.003092
0.959282 0.003092
0.959378 0.003092
0.959475 0.003092
0.959572 0.003092
0.959669 0.003092
0.959765 0.003092
0.959862 0.003092
0.959959 0.003092
0.960055 0.003092
0.960152 0.003092
0.960249 0.003092
0.960345 0.003092
0.960442 0.003092
0.960539 0.003092
0.960636 0.003092
0.960732 0.003092
0.960829 0.002474
0.960926 0.002474
0.961022 0.002474
0.961119 0.002474
0.961216 0.002474
0.961312 0.002474
0.961409 0.002474
0.961506 0.002474
0.961602 0.002474
0.961699 0.002474
0.961796 0.002474
0.961893 0.002474
0.961989 0.002474
0.962086 0.002474
0.962183 0.002474
0.962279 0.002474
0.962376 0.002474
0.962473 0.002474
0.962569 0.002474
0.962666 0.002474
0.962763 0.002474
0.962860 0.002474
0.962956 0.002474
0.963053 0.002474
0.963150 0.002474
0.963246 0.002474
0.963343 0.002474
0.963440 0.002474
0.963536 0.002474
0.963633 0.002474
0.963730 0.002474
0.963826 0.002474
0.963923 0.002474
0.964020 0.002474
0.964117 0.002474
0.964213 0.002474
0.964310 0.002474
0.964407 0.002474
0.964503 0.002474
0.964600 0.002474
0.964697 0.002474
0.964793 0.002474
0.964890 0.002474
0.964987 0.002474
0.965084 0.002474
0.965180 0.002474
0.965277 0.002474
0.965374 0.002474
0.965470 0.002474
0.965567 0.002474
0.965664 0.002474
0.965760 0.002474
0.965857 0.002474
0.965954 0.002474
0.966050 0.002474
0.966147 0.002474
0.966244 0.002474
0.966341 0.002474
0.966437 0.002474
0.966534 0.002474
0.966631 0.002474
0.966727 0.002474
0.966824 0.002474
0.966921 0.002474
0.967017 0.002474
0.967114 0.002474
0.967211 0.002474
0.967308 0.002474
0.967404 0.002474
0.967501 0.002474
0.967598 0.002474
0.967694 0.002474
0.967791 0.002474
0.967888 0.002474
0.967984 0.002474
0.968081 0.002474
0.968178 0.001855
0.968274 0.001855
0.968371 0.001855
0.968468 0.001855
0.968565 0.001855
0.968661 0.001855
0.968758 0.001855
0.968855 0.001855
0.968951 0.001237
0.969048 0.001237
0.969145 0.001237
0.969241 0.001237
0.969338 0.001237
0.969435 0.001237
0.969532 0.001237
0.969628 0.001237
0.969725 0.001237
0.969822 0.001237
0.969918 0.001237
0.970015 0.001237
0.970112 0.001237
0.970208 0.001237
0.970305 0.001237
0.970402 0.001237
0.970499 0.001237
0.970595 0.001237
0.970692 0.001237
0.970789 0.001237
0.970885 0.001237
0.970982 0.001237
0.971079 0.001237
0.971175 0.001237
0.971272 0.001237
0.971369 0.001237
0.971465 0.001237
0.971562 0.001237
0.971659 0.001237
0.971756 0.001237
0.971852 0.001237
0.971949 0.001237
0.972046 0.001237
0.972142 0.001237
0.972239 0.001237
0.972336 0.001237
0.972432 0.001237
0.972529 0.001237
0.972626 0.001237
0.972723 0.001237
0.972819 0.001237
0.972916 0.001237
0.973013 0.001237
0.973109 0.001237
0.973206 0.001237
0.973303 0.001237
0.973399 0.001237
0.973496 0.001237
0.973593 0.001237
0.973689 0.001237
0.973786 0.001237
0.973883 0.001237
0.973980 0.001237
0.974076 0.001237
0.974173 0.001237
0.974270 0.001237
0.974366 0.001237
0.974463 0.001237
0.974560 0.001237
0.974656 0.001237
0.974753 0.001237
0.974850 0.001237
0.974947 0.001237
0.975043 0.001237
0.975140 0.001237
0.975237 0.001237
0.975333 0.001237
0.975430 0.001237
0.975527 0.001237
0.975623 0.001237
0.975720 0.001237
0.975817 0.001237
0.975913 0.001237
0.976010 0.001237
0.976107 0.001237
0.976204 0.001237
0.976300 0.001237
0.976397 0.001237
0.976494 0.001237
0.976590 0.001237
0.976687 0.001237
0.976784 0.001237
0.976880 0.001237
0.976977 0.001237
0.977074 0.001237
0.977171 0.001237
0.977267 0.001237
0.977364 0.001237
0.977461 0.001237
0.977557 0.001237
0.977654 0.001237
0.977751 0.001237
0.977847 0.001237
0.977944 0.001237
0.978041 0.001237
0.978137 0.001237
0.978234 0.001237
0.978331 0.001237
0.978428 0.001237
0.978524 0.001237
0.978621 0.001237
0.978718 0.001237
0.978814 0.001237
0.978911 0.001237
0.979008 0.001237
0.979104 0.001237
0.979201 0.001237
0.979298 0.001237
0.979395 0.001237
0.979491 0.001237
0.979588 0.001237
0.979685 0.001237
0.979781 0.001237
0.979878 0.001237
0.979975 0.000618
0.980071 0.000618
0.980168 0.000618
0.980265 0.000618
0.980361 0.000618
0.980458 0.000618
0.980555 0.000618
0.980652 0.000618
0.980748 0.000618
0.980845 0.000618
0.980942 0.000618
0.981038 0.000618
0.981135 0.000618
0.981232 0.000618
0.981328 0.000618
0.981425 0.000618
0.981522 0.000618
0.981619 0.000618
0.981715 0.000618
0.981812 0.000618
0.981909 0.000618
0.982005 0.000618
0.982102 0.000618
0.982199 0.000618
0.982295 0.000618
0.982392 0.000618
0.982489 0.000618
0.982585 0.000618
0.982682 0.000000
0.982779 0.000000
0.982876 0.000000
0.982972 0.000000
0.983069 0.000000
0.983166 0.000000
0.983262 0.000000
0.983359 0.000000
0.983456 0.000000
0.983552 0.000000
0.983649 0.000000
0.983746 0.000000
0.983843 0.000000
0.983939 0.000000
0.984036 0.000000
0.984133 0.000000
0.984229 0.000000
0.984326 0.000000
0.984423 0.000000
0.984519 0.000000
0.984616 0.000000
0.984713 0.000000
0.984810 0.000000
0.984906 0.000000
0.985003 0.000000
0.985100 0.000000
0.985196 0.000000
0.985293 0.000000
0.985390 0.000000
0.985486 0.000000
0.985583 0.000000
0.985680 0.000000
0.985776 0.000000
0.985873 0.000000
0.985970 0.000000
0.986067 0.000000
0.986163 0.000000
0.986260 0.000000
0.986357 0.000000
0.986453 0.000000
0.986550 0.000000
0.986647 0.000000
0.986743 0.000000
0.986840 0.000000
0.986937 0.000000
0.987034 0.000000
0.987130 0.000000
0.987227 0.000000
