# Threshold Efficiency
0.001446 1.000000
0.001545 1.000000
0.001644 1.000000
0.001743 1.000000
0.001842 1.000000
0.001941 1.000000
0.002040 1.000000
0.002139 1.000000
0.002239 1.000000
0.002338 1.000000
0.002437 1.000000
0.002536 1.000000
0.002635 1.000000
0.002734 1.000000
0.002833 1.000000
0.002932 1.000000
0.003031 1.000000
0.003130 1.000000
0.003229 1.000000
0.003328 1.000000
0.003427 1.000000
0.003526 1.000000
0.003625 1.000000
0.003724 1.000000
0.003823 1.000000
0.003922 1.000000
0.004022 1.000000
0.004121 1.000000
0.004220 1.000000
0.004319 1.000000
0.004418 1.000000
0.004517 1.000000
0.004616 1.000000
0.004715 1.000000
0.004814 1.000000
0.004913 1.000000
0.005012 1.000000
0.005111 1.000000
0.005210 1.000000
0.005309 1.000000
0.005408 1.000000
0.005507 1.000000
0.005606 1.000000
0.005706 1.000000
0.005805 1.000000
0.005904 1.000000
0.006003 1.000000
0.006102 1.000000
0.006201 1.000000
0.006300 1.000000
0.006399 1.000000
0.006498 1.000000
0.006597 1.000000
0.006696 1.000000
0.006795 1.000000
0.006894 1.000000
0.006993 1.000000
0.007092 1.000000
0.007191 1.000000
0.007290 1.000000
0.007389 1.000000
0.007489 1.000000
0.007588 1.000000
0.007687 1.000000
0.007786 1.000000
0.007885 1.000000
0.007984 1.000000
0.008083 1.000000
0.008182 1.000000
0.008281 1.000000
0.008380 1.000000
0.008479 1.000000
0.008578 1.000000
0.008677 1.000000
0.008776 1.000000
0.008875 1.000000
0.008974 1.000000
0.009073 1.000000
0.009172 1.000000
0.009272 1.000000
0.009371 1.000000
0.009470 1.000000
0.009569 1.000000
0.009668 1.000000
0.009767 1.000000
0.009866 1.000000
0.009965 1.000000
0.010064 1.000000
0.010163 1.000000
0.010262 1.000000
0.010361 1.000000
0.010460 1.000000
0.010559 1.000000
0.010658 1.000000
0.010757 1.000000
0.010856 1.000000
0.010955 1.000000
0.011055 1.000000
0.011154 1.000000
0.011253 1.000000
0.011352 1.000000
0.011451 1.000000
0.011550 1.000000
0.011649 1.000000
0.011748 1.000000
0.011847 1.000000
0.011946 1.000000
0.012045 1.000000
0.012144 1.000000
0.012243 1.000000
0.012342 1.000000
0.012441 1.000000
0.012540 1.000000
0.012639 1.000000
0.012738 1.000000
0.012838 1.000000
0.012937 1.000000
0.013036 1.000000
0.013135 1.000000
0.013234 1.000000
0.013333 1.000000
0.013432 1.000000
0.013531 1.000000
0.013630 1.000000
0.013729 1.000000
0.013828 1.000000
0.013927 1.000000
0.014026 1.000000
0.014125 1.000000
0.014224 1.000000
0.014323 1.000000
0.014422 1.000000
0.014521 1.000000
0.014621 1.000000
0.014720 1.000000
0.014819 1.000000
0.014918 1.000000
0.015017 1.000000
0.015116 1.000000
0.015215 1.000000
0.015314 1.000000
0.015413 1.000000
0.015512 1.000000
0.015611 1.000000
0.015710 1.000000
0.015809 1.000000
0.015908 1.000000
0.016007 1.000000
0.016106 1.000000
0.016205 1.000000
0.016304 1.000000
0.016404 1.000000
0.016503 1.000000
0.016602 1.000000
0.016701 1.000000
0.016800 1.000000
0.016899 1.000000
0.016998 1.000000
0.017097 1.000000
0.017196 1.000000
0.017295 1.000000
0.017394 1.000000
0.017493 1.000000
0.017592 1.000000
0.017691 1.000000
0.017790 1.000000
0.017889 1.000000
0.017988 0.999373
0.018087 0.999373
0.018187 0.999373
0.018286 0.999373
0.018385 0.999373
0.018484 0.999373
0.018583 0.999373
0.018682 0.999373
0.018781 0.999373
0.018880 0.999373
0.018979 0.999373
0.019078 0.999373
0.019177 0.999373
0.019276 0.999373
0.019375 0.999373
0.019474 0.999373
0.019573 0.999373
0.019672 0.999373
0.019771 0.999373
0.019871 0.999373
0.019970 0.999373
0.020069 0.999373
0.020168 0.999373
0.020267 0.999373
0.020366 0.999373
0.020465 0.999373
0.020564 0.999373
0.020663 0.999373
0.020762 0.999373
0.020861 0.999373
0.020960 0.999373
0.021059 0.999373
0.021158 0.999373
0.021257 0.999373
0.021356 0.999373
0.021455 0.999373
0.021554 0.999373
0.021654 0.999373
0.021753 0.999373
0.021852 0.999373
0.021951 0.999373
0.022050 0.999373
0.022149 0.999373
0.022248 0.999373
0.022347 0.999373
0.022446 0.999373
0.022545 0.999373
0.022644 0.999373
0.022743 0.999373
0.022842 0.999373
0.022941 0.999373
0.023040 0.999373
0.023139 0.999373
0.023238 0.999373
0.023337 0.999373
0.023437 0.999373
0.023536 0.999373
0.023635 0.999373
0.023734 0.999373
0.023833 0.999373
0.023932 0.999373
0.024031 0.999373
0.024130 0.999373
0.024229 0.999373
0.024328 0.999373
0.024427 0.999373
0.024526 0.999373
0.024625 0.999373
0.024724 0.999373
0.024823 0.999373
0.024922 0.999373
0.025021 0.999373
0.025120 0.999373
0.025220 0.999373
0.025319 0.999373
0.025418 0.999373
0.025517 0.999373
0.025616 0.999373
0.025715 0.999373
0.025814 0.999373
0.025913 0.999373
0.026012 0.999373
0.026111 0.999373
0.026210 0.999373
0.026309 0.999373
0.026408 0.999373
0.026507 0.999373
0.026606 0.999373
0.026705 0.999373
0.026804 0.999373
0.026903 0.999373
0.027003 0.999373
0.027102 0.999373
0.027201 0.999373
0.027300 0.999373
0.027399 0.999373
0.027498 0.999373
0.027597 0.999373
0.027696 0.999373
0.027795 0.999373
0.027894 0.999373
0.027993 0.999373
0.028092 0.999373
0.028191 0.999373
0.028290 0.999373
0.028389 0.999373
0.028488 0.999373
0.028587 0.999373
0.028686 0.999373
0.028786 0.999373
0.028885 0.999373
0.028984 0.999373
0.029083 0.999373
0.029182 0.999373
0.029281 0.999373
0.029380 0.999373
0.029479 0.999373
0.029578 0.999373
0.029677 0.999373
0.029776 0.999373
0.029875 0.999373
0.029974 0.999373
0.030073 0.999373
0.030172 0.999373
0.030271 0.999373
0.030370 0.999373
0.030469 0.999373
0.030569 0.999373
0.030668 0.999373
0.030767 0.999373
0.030866 0.999373
0.030965 0.999373
0.031064 0.999373
0.031163 0.999373
0.031262 0.999373
0.031361 0.999373
0.031460 0.999373
0.031559 0.999373
0.031658 0.999373
0.031757 0.999373
0.031856 0.999373
0.031955 0.999373
0.032054 0.999373
0.032153 0.999373
0.032253 0.999373
0.032352 0.999373
0.032451 0.999373
0.032550 0.999373
0.032649 0.999373
0.032748 0.999373
0.032847 0.999373
0.032946 0.999373
0.033045 0.999373
0.033144 0.999373
0.033243 0.999373
0.033342 0.999373
0.033441 0.999373
0.033540 0.999373
0.033639 0.999373
0.033738 0.999373
0.033837 0.999373
0.033936 0.999373
0.034036 0.999373
0.034135 0.999373
0.034234 0.999373
0.034333 0.999373
0.034432 0.998747
0.034531 0.998747
0.034630 0.998747
0.034729 0.998747
0.034828 0.998747
0.034927 0.998747
0.035026 0.998747
0.035125 0.998747
0.035224 0.998747
0.035323 0.998747
0.035422 0.998747
0.035521 0.998747
0.035620 0.998747
0.035719 0.998747
0.035819 0.998747
0.035918 0.998747
0.036017 0.998747
0.036116 0.998747
0.036215 0.998747
0.036314 0.998747
0.036413 0.998747
0.036512 0.998120
0.036611 0.998120
0.036710 0.998120
0.036809 0.998120
0.036908 0.998120
0.037007 0.998120
0.037106 0.998120
0.037205 0.998120
0.037304 0.998120
0.037403 0.998120
0.037502 0.998120
0.037602 0.998120
0.037701 0.998120
0.037800 0.998120
0.037899 0.998120
0.037998 0.998120
0.038097 0.998120
0.038196 0.998120
0.038295 0.998120
0.038394 0.998120
0.038493 0.998120
0.038592 0.998120
0.038691 0.998120
0.038790 0.998120
0.038889 0.998120
0.038988 0.998120
0.039087 0.998120
0.039186 0.998120
0.039285 0.998120
0.039385 0.998120
0.039484 0.997494
0.039583 0.997494
0.039682 0.997494
0.039781 0.997494
0.039880 0.997494
0.039979 0.997494
0.040078 0.997494
0.040177 0.997494
0.040276 0.997494
0.040375 0.997494
0.040474 0.997494
0.040573 0.997494
0.040672 0.997494
0.040771 0.997494
0.040870 0.997494
0.040969 0.997494
0.041068 0.997494
0.041168 0.997494
0.041267 0.997494
0.041366 0.997494
0.041465 0.997494
0.041564 0.997494
0.041663 0.997494
0.041762 0.997494
0.041861 0.997494
0.041960 0.997494
0.042059 0.997494
0.042158 0.997494
0.042257 0.997494
0.042356 0.997494
0.042455 0.997494
0.042554 0.997494
0.042653 0.997494
0.042752 0.997494
0.042851 0.997494
0.042951 0.997494
0.043050 0.997494
0.043149 0.997494
0.043248 0.997494
0.043347 0.997494
0.043446 0.997494
0.043545 0.997494
0.043644 0.997494
0.043743 0.997494
0.043842 0.997494
0.043941 0.997494
0.044040 0.997494
0.044139 0.997494
0.044238 0.997494
0.044337 0.997494
0.044436 0.997494
0.044535 0.997494
0.044634 0.997494
0.044734 0.997494
0.044833 0.997494
0.044932 0.997494
0.045031 0.997494
0.045130 0.997494
0.045229 0.997494
0.045328 0.997494
0.045427 0.997494
0.045526 0.996867
0.045625 0.996867
0.045724 0.996867
0.045823 0.996867
0.045922 0.996867
0.046021 0.996867
0.046120 0.996867
0.046219 0.996867
0.046318 0.996867
0.046418 0.996867
0.046517 0.996867
0.046616 0.996867
0.046715 0.996867
0.046814 0.996867
0.046913 0.996867
0.047012 0.996867
0.047111 0.996867
0.047210 0.996867
0.047309 0.996867
0.047408 0.996867
0.047507 0.996867
0.047606 0.996867
0.047705 0.996867
0.047804 0.996867
0.047903 0.996867
0.048002 0.996867
0.048101 0.996867
0.048201 0.996867
0.048300 0.996867
0.048399 0.996867
0.048498 0.996867
0.048597 0.996867
0.048696 0.996867
0.048795 0.996867
0.048894 0.996867
0.048993 0.996867
0.049092 0.996867
0.049191 0.996867
0.049290 0.996867
0.049389 0.996867
0.049488 0.996867
0.049587 0.996241
0.049686 0.996241
0.049785 0.996241
0.049884 0.996241
0.049984 0.996241
0.050083 0.996241
0.050182 0.996241
0.050281 0.996241
0.050380 0.996241
0.050479 0.996241
0.050578 0.996241
0.050677 0.996241
0.050776 0.996241
0.050875 0.996241
0.050974 0.995614
0.051073 0.995614
0.051172 0.994987
0.051271 0.994987
0.051370 0.994987
0.051469 0.994987
0.051568 0.994987
0.051667 0.994987
0.051767 0.994987
0.051866 0.994987
0.051965 0.994987
0.052064 0.994987
0.052163 0.994987
0.052262 0.994987
0.052361 0.994987
0.052460 0.994987
0.052559 0.994361
0.052658 0.994361
0.052757 0.994361
0.052856 0.994361
0.052955 0.994361
0.053054 0.993734
0.053153 0.993734
0.053252 0.993734
0.053351 0.993734
0.053450 0.993734
0.053550 0.993734
0.053649 0.993734
0.053748 0.993734
0.053847 0.993734
0.053946 0.993734
0.054045 0.993734
0.054144 0.993734
0.054243 0.993734
0.054342 0.993734
0.054441 0.993734
0.054540 0.993734
0.054639 0.993734
0.054738 0.993734
0.054837 0.993734
0.054936 0.993734
0.055035 0.993734
0.055134 0.993734
0.055233 0.993734
0.055333 0.993734
0.055432 0.993734
0.055531 0.993734
0.055630 0.993734
0.055729 0.993734
0.055828 0.993734
0.055927 0.993108
0.056026 0.993108
0.056125 0.993108
0.056224 0.993108
0.056323 0.993108
0.056422 0.993108
0.056521 0.993108
0.056620 0.993108
0.056719 0.992481
0.056818 0.992481
0.056917 0.992481
0.057016 0.992481
0.057116 0.992481
0.057215 0.992481
0.057314 0.992481
0.057413 0.992481
0.057512 0.992481
0.057611 0.992481
0.057710 0.992481
0.057809 0.992481
0.057908 0.992481
0.058007 0.992481
0.058106 0.992481
0.058205 0.992481
0.058304 0.992481
0.058403 0.992481
0.058502 0.992481
0.058601 0.992481
0.058700 0.992481
0.058799 0.992481
0.058899 0.992481
0.058998 0.992481
0.059097 0.992481
0.059196 0.992481
0.059295 0.992481
0.059394 0.992481
0.059493 0.992481
0.059592 0.992481
0.059691 0.992481
0.059790 0.992481
0.059889 0.992481
0.059988 0.992481
0.060087 0.992481
0.060186 0.992481
0.060285 0.992481
0.060384 0.992481
0.060483 0.992481
0.060583 0.992481
0.060682 0.992481
0.060781 0.992481
0.060880 0.991855
0.060979 0.991855
0.061078 0.991855
0.061177 0.991855
0.061276 0.991855
0.061375 0.991855
0.061474 0.991855
0.061573 0.991855
0.061672 0.991855
0.061771 0.991855
0.061870 0.991228
0.061969 0.991228
0.062068 0.991228
0.062167 0.991228
0.062266 0.991228
0.062366 0.991228
0.062465 0.991228
0.062564 0.991228
0.062663 0.991228
0.062762 0.991228
0.062861 0.991228
0.062960 0.991228
0.063059 0.991228
0.063158 0.991228
0.063257 0.991228
0.063356 0.991228
0.063455 0.991228
0.063554 0.991228
0.063653 0.991228
0.063752 0.991228
0.063851 0.991228
0.063950 0.991228
0.064049 0.991228
0.064149 0.991228
0.064248 0.991228
0.064347 0.991228
0.064446 0.991228
0.064545 0.991228
0.064644 0.991228
0.064743 0.991228
0.064842 0.991228
0.064941 0.991228
0.065040 0.991228
0.065139 0.991228
0.065238 0.991228
0.065337 0.991228
0.065436 0.991228
0.065535 0.991228
0.065634 0.991228
0.065733 0.991228
0.065832 0.991228
0.065932 0.991228
0.066031 0.991228
0.066130 0.991228
0.066229 0.991228
0.066328 0.991228
0.066427 0.991228
0.066526 0.991228
0.066625 0.991228
0.066724 0.991228
0.066823 0.991228
0.066922 0.991228
0.067021 0.991228
0.067120 0.991228
0.067219 0.991228
0.067318 0.991228
0.067417 0.991228
0.067516 0.991228
0.067615 0.991228
0.067715 0.991228
0.067814 0.991228
0.067913 0.991228
0.068012 0.991228
0.068111 0.991228
0.068210 0.991228
0.068309 0.991228
0.068408 0.991228
0.068507 0.991228
0.068606 0.991228
0.068705 0.991228
0.068804 0.991228
0.068903 0.991228
0.069002 0.991228
0.069101 0.991228
0.069200 0.991228
0.069299 0.991228
0.069398 0.991228
0.069498 0.991228
0.069597 0.991228
0.069696 0.991228
0.069795 0.991228
0.069894 0.991228
0.069993 0.991228
0.070092 0.991228
0.070191 0.991228
0.070290 0.991228
0.070389 0.991228
0.070488 0.991228
0.070587 0.991228
0.070686 0.991228
0.070785 0.991228
0.070884 0.991228
0.070983 0.991228
0.071082 0.991228
0.071181 0.991228
0.071281 0.991228
0.071380 0.991228
0.071479 0.991228
0.071578 0.990602
0.071677 0.990602
0.071776 0.990602
0.071875 0.990602
0.071974 0.990602
0.072073 0.990602
0.072172 0.990602
0.072271 0.990602
0.072370 0.990602
0.072469 0.990602
0.072568 0.989975
0.072667 0.989975
0.072766 0.989975
0.072865 0.989975
0.072965 0.989975
0.073064 0.989975
0.073163 0.989348
0.073262 0.989348
0.073361 0.989348
0.073460 0.989348
0.073559 0.989348
0.073658 0.989348
0.073757 0.989348
0.073856 0.989348
0.073955 0.989348
0.074054 0.989348
0.074153 0.989348
0.074252 0.989348
0.074351 0.989348
0.074450 0.989348
0.074549 0.989348
0.074648 0.989348
0.074748 0.989348
0.074847 0.989348
0.074946 0.989348
0.075045 0.989348
0.075144 0.989348
0.075243 0.989348
0.075342 0.989348
0.075441 0.989348
0.075540 0.989348
0.075639 0.989348
0.075738 0.989348
0.075837 0.989348
0.075936 0.989348
0.076035 0.989348
0.076134 0.989348
0.076233 0.989348
0.076332 0.989348
0.076431 0.989348
0.076531 0.989348
0.076630 0.989348
0.076729 0.989348
0.076828 0.989348
0.076927 0.989348
0.077026 0.989348
0.077125 0.989348
0.077224 0.989348
0.077323 0.989348
0.077422 0.989348
0.077521 0.989348
0.077620 0.989348
0.077719 0.989348
0.077818 0.989348
0.077917 0.989348
0.078016 0.989348
0.078115 0.989348
0.078214 0.989348
0.078314 0.989348
0.078413 0.989348
0.078512 0.989348
0.078611 0.989348
0.078710 0.989348
0.078809 0.989348
0.078908 0.989348
0.079007 0.988722
0.079106 0.988722
0.079205 0.988722
0.079304 0.988722
0.079403 0.988722
0.079502 0.988722
0.079601 0.988722
0.079700 0.988722
0.079799 0.988722
0.079898 0.988722
0.079997 0.988722
0.080097 0.988722
0.080196 0.988722
0.080295 0.988722
0.080394 0.988722
0.080493 0.988722
0.080592 0.988722
0.080691 0.988722
0.080790 0.988722
0.080889 0.988722
0.080988 0.988722
0.081087 0.988722
0.081186 0.988722
0.081285 0.988722
0.081384 0.988722
0.081483 0.988722
0.081582 0.988722
0.081681 0.988722
0.081780 0.988722
0.081880 0.988722
0.081979 0.988722
0.082078 0.988722
0.082177 0.988722
0.082276 0.988722
0.082375 0.988722
0.082474 0.988722
0.082573 0.988722
0.082672 0.988722
0.082771 0.988722
0.082870 0.988722
0.082969 0.988722
0.083068 0.988722
0.083167 0.988722
0.083266 0.988722
0.083365 0.988722
0.083464 0.988722
0.083563 0.988722
0.083663 0.988722
0.083762 0.988722
0.083861 0.988722
0.083960 0.988722
0.084059 0.988722
0.084158 0.988722
0.084257 0.988722
0.084356 0.988722
0.084455 0.988722
0.084554 0.988722
0.084653 0.988722
0.084752 0.988722
0.084851 0.988722
0.084950 0.988722
0.085049 0.988722
0.085148 0.988722
0.085247 0.988722
0.085346 0.988722
0.085446 0.988722
0.085545 0.988722
0.085644 0.988722
0.085743 0.988722
0.085842 0.988722
0.085941 0.988722
0.086040 0.988722
0.086139 0.988722
0.086238 0.988722
0.086337 0.988722
0.086436 0.988722
0.086535 0.988722
0.086634 0.988095
0.086733 0.986842
0.086832 0.986842
0.086931 0.986842
0.087030 0.986842
0.087130 0.986842
0.087229 0.986842
0.087328 0.986842
0.087427 0.986842
0.087526 0.986216
0.087625 0.986216
0.087724 0.986216
0.087823 0.986216
0.087922 0.986216
0.088021 0.986216
0.088120 0.986216
0.088219 0.986216
0.088318 0.986216
0.088417 0.985589
0.088516 0.985589
0.088615 0.985589
0.088714 0.985589
0.088813 0.985589
0.088913 0.985589
0.089012 0.985589
0.089111 0.985589
0.089210 0.985589
0.089309 0.985589
0.089408 0.985589
0.089507 0.985589
0.089606 0.984962
0.089705 0.984962
0.089804 0.984962
0.089903 0.984962
0.090002 0.984962
0.090101 0.984962
0.090200 0.984962
0.090299 0.984962
0.090398 0.984962
0.090497 0.984962
0.090596 0.984962
0.090696 0.984962
0.090795 0.984962
0.090894 0.984962
0.090993 0.984336
0.091092 0.984336
0.091191 0.984336
0.091290 0.984336
0.091389 0.984336
0.091488 0.984336
0.091587 0.984336
0.091686 0.984336
0.091785 0.984336
0.091884 0.983709
0.091983 0.983709
0.092082 0.983709
0.092181 0.983709
0.092280 0.983709
0.092379 0.983709
0.092479 0.983709
0.092578 0.983709
0.092677 0.983709
0.092776 0.983709
0.092875 0.983083
0.092974 0.983083
0.093073 0.983083
0.093172 0.983083
0.093271 0.983083
0.093370 0.983083
0.093469 0.983083
0.093568 0.983083
0.093667 0.983083
0.093766 0.983083
0.093865 0.983083
0.093964 0.983083
0.094063 0.983083
0.094162 0.983083
0.094262 0.983083
0.094361 0.982456
0.094460 0.982456
0.094559 0.982456
0.094658 0.982456
0.094757 0.982456
0.094856 0.982456
0.094955 0.982456
0.095054 0.982456
0.095153 0.982456
0.095252 0.982456
0.095351 0.982456
0.095450 0.982456
0.095549 0.982456
0.095648 0.982456
0.095747 0.982456
0.095846 0.982456
0.095945 0.982456
0.096045 0.981830
0.096144 0.981830
0.096243 0.981830
0.096342 0.981830
0.096441 0.981830
0.096540 0.981830
0.096639 0.981830
0.096738 0.981203
0.096837 0.981203
0.096936 0.981203
0.097035 0.981203
0.097134 0.981203
0.097233 0.981203
0.097332 0.981203
0.097431 0.981203
0.097530 0.981203
0.097629 0.981203
0.097728 0.981203
0.097828 0.980576
0.097927 0.980576
0.098026 0.980576
0.098125 0.980576
0.098224 0.980576
0.098323 0.980576
0.098422 0.980576
0.098521 0.980576
0.098620 0.980576
0.098719 0.979950
0.098818 0.979323
0.098917 0.979323
0.099016 0.979323
0.099115 0.979323
0.099214 0.979323
0.099313 0.979323
0.099412 0.979323
0.099511 0.979323
0.099611 0.979323
0.099710 0.979323
0.099809 0.979323
0.099908 0.979323
0.100007 0.979323
0.100106 0.979323
0.100205 0.978697
0.100304 0.978697
0.100403 0.978697
0.100502 0.978697
0.100601 0.978697
0.100700 0.978697
0.100799 0.978697
0.100898 0.978697
0.100997 0.978697
0.101096 0.978697
0.101195 0.978697
0.101295 0.978697
0.101394 0.978697
0.101493 0.978697
0.101592 0.978697
0.101691 0.978697
0.101790 0.978697
0.101889 0.978697
0.101988 0.978697
0.102087 0.978697
0.102186 0.978697
0.102285 0.978697
0.102384 0.978697
0.102483 0.978697
0.102582 0.978697
0.102681 0.978697
0.102780 0.978697
0.102879 0.978697
0.102978 0.978697
0.103078 0.978697
0.103177 0.978697
0.103276 0.978697
0.103375 0.978697
0.103474 0.978070
0.103573 0.978070
0.103672 0.978070
0.103771 0.977444
0.103870 0.977444
0.103969 0.977444
0.104068 0.977444
0.104167 0.977444
0.104266 0.977444
0.104365 0.977444
0.104464 0.977444
0.104563 0.977444
0.104662 0.977444
0.104761 0.977444
0.104861 0.977444
0.104960 0.977444
0.105059 0.977444
0.105158 0.977444
0.105257 0.977444
0.105356 0.977444
0.105455 0.977444
0.105554 0.977444
0.105653 0.977444
0.105752 0.977444
0.105851 0.977444
0.105950 0.977444
0.106049 0.977444
0.106148 0.977444
0.106247 0.977444
0.106346 0.977444
0.106445 0.977444
0.106544 0.977444
0.106644 0.976817
0.106743 0.976817
0.106842 0.976817
0.106941 0.976817
0.107040 0.976817
0.107139 0.976817
0.107238 0.976817
0.107337 0.976817
0.107436 0.976817
0.107535 0.976817
0.107634 0.976817
0.107733 0.976817
0.107832 0.976817
0.107931 0.976817
0.108030 0.976817
0.108129 0.976817
0.108228 0.976817
0.108327 0.976817
0.108427 0.976817
0.108526 0.976817
0.108625 0.976817
0.108724 0.976817
0.108823 0.976817
0.108922 0.976817
0.109021 0.976817
0.109120 0.976817
0.109219 0.976817
0.109318 0.976817
0.109417 0.976817
0.109516 0.976817
0.109615 0.976817
0.109714 0.976817
0.109813 0.976817
0.109912 0.976190
0.110011 0.976190
0.110110 0.976190
0.110210 0.975564
0.110309 0.975564
0.110408 0.975564
0.110507 0.975564
0.110606 0.975564
0.110705 0.975564
0.110804 0.975564
0.110903 0.975564
0.111002 0.974937
0.111101 0.974937
0.111200 0.974937
0.111299 0.974937
0.111398 0.974937
0.111497 0.974937
0.111596 0.974937
0.111695 0.974937
0.111794 0.974937
0.111893 0.974937
0.111993 0.974937
0.112092 0.974937
0.112191 0.974937
0.112290 0.974937
0.112389 0.974937
0.112488 0.974937
0.112587 0.974937
0.112686 0.974937
0.112785 0.974937
0.112884 0.974937
0.112983 0.974937
0.113082 0.974937
0.113181 0.974937
0.113280 0.974937
0.113379 0.974937
0.113478 0.974937
0.113577 0.974937
0.113677 0.974937
0.113776 0.974937
0.113875 0.974937
0.113974 0.974937
0.114073 0.974937
0.114172 0.974937
0.114271 0.974937
0.114370 0.973684
0.114469 0.973684
0.114568 0.973684
0.114667 0.973684
0.114766 0.973684
0.114865 0.973684
0.114964 0.973684
0.115063 0.973684
0.115162 0.973684
0.115261 0.973684
0.115360 0.973684
0.115460 0.973684
0.115559 0.973684
0.115658 0.973684
0.115757 0.973684
0.115856 0.973684
0.115955 0.973684
0.116054 0.973684
0.116153 0.973684
0.116252 0.973684
0.116351 0.973684
0.116450 0.973684
0.116549 0.973684
0.116648 0.973684
0.116747 0.973684
0.116846 0.973684
0.116945 0.973684
0.117044 0.973684
0.117143 0.973684
0.117243 0.973684
0.117342 0.973684
0.117441 0.973684
0.117540 0.973058
0.117639 0.973058
0.117738 0.973058
0.117837 0.973058
0.117936 0.973058
0.118035 0.973058
0.118134 0.973058
0.118233 0.973058
0.118332 0.973058
0.118431 0.973058
0.118530 0.973058
0.118629 0.972431
0.118728 0.972431
0.118827 0.972431
0.118926 0.972431
0.119026 0.972431
0.119125 0.971805
0.119224 0.971805
0.119323 0.971805
0.119422 0.971805
0.119521 0.971805
0.119620 0.971805
0.119719 0.971805
0.119818 0.971805
0.119917 0.971805
0.120016 0.971805
0.120115 0.971805
0.120214 0.971805
0.120313 0.971805
0.120412 0.971805
0.120511 0.971805
0.120610 0.971805
0.120709 0.971805
0.120809 0.971805
0.120908 0.971805
0.121007 0.971805
0.121106 0.971805
0.121205 0.971805
0.121304 0.971805
0.121403 0.971805
0.121502 0.971805
0.121601 0.971805
0.121700 0.971805
0.121799 0.971805
0.121898 0.971805
0.121997 0.971805
0.122096 0.971805
0.122195 0.971805
0.122294 0.971805
0.122393 0.971805
0.122492 0.970551
0.122592 0.970551
0.122691 0.970551
0.122790 0.970551
0.122889 0.970551
0.122988 0.970551
0.123087 0.970551
0.123186 0.970551
0.123285 0.970551
0.123384 0.970551
0.123483 0.970551
0.123582 0.970551
0.123681 0.970551
0.123780 0.970551
0.123879 0.970551
0.123978 0.970551
0.124077 0.970551
0.124176 0.969925
0.124275 0.969925
0.124375 0.969925
0.124474 0.969925
0.124573 0.969925
0.124672 0.969925
0.124771 0.969925
0.124870 0.969925
0.124969 0.969925
0.125068 0.969925
0.125167 0.969925
0.125266 0.969925
0.125365 0.969925
0.125464 0.969925
0.125563 0.969925
0.125662 0.969925
0.125761 0.969925
0.125860 0.969925
0.125959 0.969925
0.126058 0.969925
0.126158 0.969925
0.126257 0.969925
0.126356 0.969925
0.126455 0.969925
0.126554 0.969298
0.126653 0.968672
0.126752 0.968672
0.126851 0.968045
0.126950 0.968045
0.127049 0.968045
0.127148 0.968045
0.127247 0.968045
0.127346 0.968045
0.127445 0.968045
0.127544 0.968045
0.127643 0.968045
0.127742 0.968045
0.127842 0.968045
0.127941 0.968045
0.128040 0.968045
0.128139 0.968045
0.128238 0.968045
0.128337 0.968045
0.128436 0.968045
0.128535 0.968045
0.128634 0.967419
0.128733 0.967419
0.128832 0.967419
0.128931 0.967419
0.129030 0.967419
0.129129 0.967419
0.129228 0.967419
0.129327 0.967419
0.129426 0.967419
0.129525 0.967419
0.129625 0.967419
0.129724 0.967419
0.129823 0.967419
0.129922 0.967419
0.130021 0.967419
0.130120 0.966792
0.130219 0.966792
0.130318 0.966792
0.130417 0.966792
0.130516 0.966792
0.130615 0.966792
0.130714 0.966792
0.130813 0.966792
0.130912 0.966792
0.131011 0.966792
0.131110 0.966792
0.131209 0.966792
0.131308 0.966792
0.131408 0.966792
0.131507 0.966792
0.131606 0.966792
0.131705 0.966792
0.131804 0.966792
0.131903 0.966792
0.132002 0.966792
0.132101 0.966792
0.132200 0.966792
0.132299 0.966792
0.132398 0.966792
0.132497 0.966792
0.132596 0.966792
0.132695 0.966792
0.132794 0.966792
0.132893 0.966792
0.132992 0.966792
0.133091 0.966165
0.133191 0.966165
0.133290 0.966165
0.133389 0.966165
0.133488 0.964912
0.133587 0.964912
0.133686 0.964912
0.133785 0.964912
0.133884 0.964912
0.133983 0.964912
0.134082 0.964912
0.134181 0.964912
0.134280 0.964912
0.134379 0.964912
0.134478 0.964912
0.134577 0.964912
0.134676 0.964912
0.134775 0.964912
0.134874 0.964912
0.134974 0.964912
0.135073 0.964912
0.135172 0.964912
0.135271 0.964912
0.135370 0.964912
0.135469 0.964912
0.135568 0.964912
0.135667 0.964912
0.135766 0.964912
0.135865 0.964912
0.135964 0.964912
0.136063 0.964912
0.136162 0.964912
0.136261 0.964912
0.136360 0.964912
0.136459 0.964912
0.136558 0.964912
0.136657 0.964912
0.136757 0.964912
0.136856 0.964912
0.136955 0.964286
0.137054 0.964286
0.137153 0.964286
0.137252 0.964286
0.137351 0.964286
0.137450 0.964286
0.137549 0.964286
0.137648 0.964286
0.137747 0.964286
0.137846 0.964286
0.137945 0.964286
0.138044 0.964286
0.138143 0.964286
0.138242 0.964286
0.138341 0.964286
0.138440 0.964286
0.138540 0.964286
0.138639 0.964286
0.138738 0.963659
0.138837 0.963659
0.138936 0.963659
0.139035 0.963659
0.139134 0.963659
0.139233 0.963659
0.139332 0.963659
0.139431 0.963659
0.139530 0.963659
0.139629 0.963659
0.139728 0.963659
0.139827 0.963659
0.139926 0.963659
0.140025 0.963659
0.140124 0.963659
0.140223 0.963659
0.140323 0.963659
0.140422 0.963033
0.140521 0.963033
0.140620 0.963033
0.140719 0.963033
0.140818 0.963033
0.140917 0.963033
0.141016 0.963033
0.141115 0.963033
0.141214 0.963033
0.141313 0.963033
0.141412 0.963033
0.141511 0.963033
0.141610 0.963033
0.141709 0.963033
0.141808 0.963033
0.141907 0.963033
0.142007 0.963033
0.142106 0.963033
0.142205 0.963033
0.142304 0.963033
0.142403 0.963033
0.142502 0.963033
0.142601 0.962406
0.142700 0.962406
0.142799 0.962406
0.142898 0.962406
0.142997 0.962406
0.143096 0.962406
0.143195 0.962406
0.143294 0.962406
0.143393 0.962406
0.143492 0.962406
0.143591 0.962406
0.143690 0.961779
0.143790 0.961779
0.143889 0.961779
0.143988 0.961779
0.144087 0.961779
0.144186 0.961779
0.144285 0.961779
0.144384 0.961153
0.144483 0.961153
0.144582 0.961153
0.144681 0.961153
0.144780 0.961153
0.144879 0.961153
0.144978 0.961153
0.145077 0.960526
0.145176 0.960526
0.145275 0.960526
0.145374 0.960526
0.145473 0.960526
0.145573 0.960526
0.145672 0.960526
0.145771 0.960526
0.145870 0.960526
0.145969 0.959900
0.146068 0.959273
0.146167 0.959273
0.146266 0.959273
0.146365 0.959273
0.146464 0.959273
0.146563 0.959273
0.146662 0.958647
0.146761 0.958647
0.146860 0.958647
0.146959 0.958647
0.147058 0.958647
0.147157 0.958647
0.147256 0.958647
0.147356 0.958647
0.147455 0.958647
0.147554 0.958647
0.147653 0.958647
0.147752 0.958647
0.147851 0.958647
0.147950 0.958647
0.148049 0.958647
0.148148 0.958647
0.148247 0.958647
0.148346 0.958647
0.148445 0.958647
0.148544 0.958647
0.148643 0.958647
0.148742 0.958647
0.148841 0.958647
0.148940 0.958647
0.149039 0.958647
0.149139 0.958647
0.149238 0.958647
0.149337 0.958647
0.149436 0.958647
0.149535 0.958647
0.149634 0.958647
0.149733 0.958647
0.149832 0.958647
0.149931 0.958647
0.150030 0.958647
0.150129 0.958647
0.150228 0.958647
0.150327 0.958647
0.150426 0.958647
0.150525 0.958647
0.150624 0.958647
0.150723 0.958647
0.150822 0.958647
0.150922 0.958647
0.151021 0.958647
0.151120 0.958647
0.151219 0.958647
0.151318 0.958647
0.151417 0.958647
0.151516 0.958647
0.151615 0.958647
0.151714 0.958647
0.151813 0.958647
0.151912 0.958647
0.152011 0.958647
0.152110 0.958647
0.152209 0.958647
0.152308 0.958647
0.152407 0.958647
0.152506 0.958647
0.152605 0.958647
0.152705 0.958647
0.152804 0.958647
0.152903 0.958647
0.153002 0.958020
0.153101 0.958020
0.153200 0.958020
0.153299 0.958020
0.153398 0.958020
0.153497 0.958020
0.153596 0.958020
0.153695 0.958020
0.153794 0.958020
0.153893 0.958020
0.153992 0.958020
0.154091 0.958020
0.154190 0.958020
0.154289 0.958020
0.154389 0.958020
0.154488 0.957393
0.154587 0.957393
0.154686 0.957393
0.154785 0.956767
0.154884 0.956767
0.154983 0.956767
0.155082 0.956767
0.155181 0.956767
0.155280 0.956767
0.155379 0.956767
0.155478 0.956767
0.155577 0.956767
0.155676 0.956140
0.155775 0.956140
0.155874 0.956140
0.155973 0.956140
0.156072 0.956140
0.156172 0.955514
0.156271 0.955514
0.156370 0.955514
0.156469 0.955514
0.156568 0.955514
0.156667 0.955514
0.156766 0.955514
0.156865 0.955514
0.156964 0.955514
0.157063 0.955514
0.157162 0.955514
0.157261 0.955514
0.157360 0.955514
0.157459 0.955514
0.157558 0.955514
0.157657 0.955514
0.157756 0.955514
0.157855 0.955514
0.157955 0.955514
0.158054 0.955514
0.158153 0.955514
0.158252 0.955514
0.158351 0.955514
0.158450 0.955514
0.158549 0.954887
0.158648 0.954887
0.158747 0.954887
0.158846 0.954887
0.158945 0.954887
0.159044 0.954887
0.159143 0.954887
0.159242 0.954887
0.159341 0.954887
0.159440 0.954887
0.159539 0.954887
0.159638 0.954887
0.159738 0.954887
0.159837 0.954887
0.159936 0.954887
0.160035 0.954887
0.160134 0.954887
0.160233 0.954887
0.160332 0.954887
0.160431 0.954887
0.160530 0.954887
0.160629 0.954887
0.160728 0.954887
0.160827 0.954887
0.160926 0.954887
0.161025 0.954887
0.161124 0.954887
0.161223 0.954887
0.161322 0.954261
0.161421 0.954261
0.161521 0.954261
0.161620 0.954261
0.161719 0.954261
0.161818 0.954261
0.161917 0.954261
0.162016 0.953634
0.162115 0.953634
0.162214 0.953634
0.162313 0.953634
0.162412 0.953008
0.162511 0.952381
0.162610 0.952381
0.162709 0.952381
0.162808 0.952381
0.162907 0.951754
0.163006 0.951754
0.163105 0.951754
0.163204 0.951754
0.163304 0.951754
0.163403 0.951754
0.163502 0.951754
0.163601 0.951128
0.163700 0.951128
0.163799 0.951128
0.163898 0.951128
0.163997 0.951128
0.164096 0.951128
0.164195 0.951128
0.164294 0.951128
0.164393 0.951128
0.164492 0.951128
0.164591 0.951128
0.164690 0.951128
0.164789 0.951128
0.164888 0.951128
0.164987 0.951128
0.165087 0.951128
0.165186 0.951128
0.165285 0.951128
0.165384 0.951128
0.165483 0.951128
0.165582 0.951128
0.165681 0.951128
0.165780 0.951128
0.165879 0.951128
0.165978 0.951128
0.166077 0.951128
0.166176 0.951128
0.166275 0.950501
0.166374 0.949875
0.166473 0.949875
0.166572 0.949875
0.166671 0.949875
0.166770 0.949875
0.166870 0.949875
0.166969 0.949875
0.167068 0.949875
0.167167 0.949875
0.167266 0.949875
0.167365 0.949875
0.167464 0.949875
0.167563 0.949875
0.167662 0.949875
0.167761 0.949875
0.167860 0.949875
0.167959 0.949875
0.168058 0.949875
0.168157 0.949875
0.168256 0.949875
0.168355 0.949248
0.168454 0.949248
0.168554 0.949248
0.168653 0.949248
0.168752 0.949248
0.168851 0.949248
0.168950 0.949248
0.169049 0.949248
0.169148 0.949248
0.169247 0.949248
0.169346 0.949248
0.169445 0.949248
0.169544 0.949248
0.169643 0.949248
0.169742 0.949248
0.169841 0.949248
0.169940 0.949248
0.170039 0.948622
0.170138 0.948622
0.170237 0.948622
0.170337 0.948622
0.170436 0.948622
0.170535 0.948622
0.170634 0.948622
0.170733 0.948622
0.170832 0.948622
0.170931 0.948622
0.171030 0.948622
0.171129 0.948622
0.171228 0.948622
0.171327 0.948622
0.171426 0.948622
0.171525 0.948622
0.171624 0.948622
0.171723 0.948622
0.171822 0.948622
0.171921 0.948622
0.172020 0.948622
0.172120 0.948622
0.172219 0.948622
0.172318 0.948622
0.172417 0.948622
0.172516 0.948622
0.172615 0.948622
0.172714 0.948622
0.172813 0.948622
0.172912 0.948622
0.173011 0.948622
0.173110 0.948622
0.173209 0.947995
0.173308 0.947368
0.173407 0.947368
0.173506 0.947368
0.173605 0.947368
0.173704 0.947368
0.173803 0.946742
0.173903 0.946742
0.174002 0.946742
0.174101 0.946742
0.174200 0.946742
0.174299 0.946742
0.174398 0.946742
0.174497 0.946742
0.174596 0.946742
0.174695 0.946742
0.174794 0.946742
0.174893 0.946742
0.174992 0.946742
0.175091 0.946742
0.175190 0.946742
0.175289 0.946742
0.175388 0.946742
0.175487 0.946742
0.175586 0.946115
0.175686 0.946115
0.175785 0.946115
0.175884 0.946115
0.175983 0.946115
0.176082 0.946115
0.176181 0.946115
0.176280 0.946115
0.176379 0.946115
0.176478 0.946115
0.176577 0.946115
0.176676 0.946115
0.176775 0.946115
0.176874 0.946115
0.176973 0.946115
0.177072 0.946115
0.177171 0.946115
0.177270 0.946115
0.177369 0.946115
0.177469 0.946115
0.177568 0.946115
0.177667 0.946115
0.177766 0.946115
0.177865 0.946115
0.177964 0.946115
0.178063 0.946115
0.178162 0.946115
0.178261 0.946115
0.178360 0.946115
0.178459 0.946115
0.178558 0.946115
0.178657 0.946115
0.178756 0.946115
0.178855 0.946115
0.178954 0.946115
0.179053 0.946115
0.179152 0.946115
0.179252 0.946115
0.179351 0.946115
0.179450 0.946115
0.179549 0.946115
0.179648 0.946115
0.179747 0.945489
0.179846 0.945489
0.179945 0.945489
0.180044 0.945489
0.180143 0.945489
0.180242 0.945489
0.180341 0.945489
0.180440 0.945489
0.180539 0.944862
0.180638 0.944862
0.180737 0.944862
0.180836 0.944862
0.180935 0.944862
0.181035 0.944862
0.181134 0.944862
0.181233 0.944862
0.181332 0.944862
0.181431 0.944862
0.181530 0.944862
0.181629 0.944862
0.181728 0.944862
0.181827 0.944862
0.181926 0.944862
0.182025 0.944862
0.182124 0.944862
0.182223 0.944862
0.182322 0.944862
0.182421 0.944862
0.182520 0.944862
0.182619 0.944862
0.182719 0.944862
0.182818 0.944862
0.182917 0.944862
0.183016 0.944862
0.183115 0.944862
0.183214 0.944862
0.183313 0.944862
0.183412 0.944236
0.183511 0.944236
0.183610 0.944236
0.183709 0.944236
0.183808 0.944236
0.183907 0.944236
0.184006 0.944236
0.184105 0.944236
0.184204 0.944236
0.184303 0.944236
0.184402 0.944236
0.184502 0.944236
0.184601 0.944236
0.184700 0.944236
0.184799 0.944236
0.184898 0.944236
0.184997 0.944236
0.185096 0.944236
0.185195 0.944236
0.185294 0.944236
0.185393 0.944236
0.185492 0.944236
0.185591 0.944236
0.185690 0.944236
0.185789 0.944236
0.185888 0.944236
0.185987 0.944236
0.186086 0.944236
0.186185 0.944236
0.186285 0.944236
0.186384 0.944236
0.186483 0.944236
0.186582 0.944236
0.186681 0.944236
0.186780 0.944236
0.186879 0.944236
0.186978 0.944236
0.187077 0.944236
0.187176 0.944236
0.187275 0.944236
0.187374 0.944236
0.187473 0.944236
0.187572 0.944236
0.187671 0.944236
0.187770 0.944236
0.187869 0.944236
0.187968 0.943609
0.188068 0.942982
0.188167 0.942982
0.188266 0.942982
0.188365 0.942982
0.188464 0.942982
0.188563 0.942982
0.188662 0.942982
0.188761 0.942356
0.188860 0.942356
0.188959 0.942356
0.189058 0.942356
0.189157 0.942356
0.189256 0.941729
0.189355 0.941729
0.189454 0.941729
0.189553 0.941103
0.189652 0.941103
0.189751 0.941103
0.189851 0.941103
0.189950 0.941103
0.190049 0.941103
0.190148 0.941103
0.190247 0.941103
0.190346 0.941103
0.190445 0.941103
0.190544 0.941103
0.190643 0.941103
0.190742 0.941103
0.190841 0.941103
0.190940 0.941103
0.191039 0.941103
0.191138 0.941103
0.191237 0.941103
0.191336 0.941103
0.191435 0.940476
0.191534 0.940476
0.191634 0.940476
0.191733 0.940476
0.191832 0.940476
0.191931 0.940476
0.192030 0.940476
0.192129 0.940476
0.192228 0.940476
0.192327 0.940476
0.192426 0.940476
0.192525 0.940476
0.192624 0.940476
0.192723 0.940476
0.192822 0.939850
0.192921 0.939850
0.193020 0.939850
0.193119 0.939850
0.193218 0.939850
0.193317 0.939850
0.193417 0.939850
0.193516 0.939850
0.193615 0.939850
0.193714 0.939223
0.193813 0.938596
0.193912 0.938596
0.194011 0.938596
0.194110 0.938596
0.194209 0.938596
0.194308 0.938596
0.194407 0.938596
0.194506 0.938596
0.194605 0.938596
0.194704 0.938596
0.194803 0.937970
0.194902 0.937970
0.195001 0.937970
0.195100 0.937970
0.195200 0.937970
0.195299 0.937970
0.195398 0.937970
0.195497 0.937970
0.195596 0.937970
0.195695 0.937970
0.195794 0.937970
0.195893 0.937970
0.195992 0.937970
0.196091 0.937970
0.196190 0.937970
0.196289 0.937343
0.196388 0.937343
0.196487 0.937343
0.196586 0.937343
0.196685 0.937343
0.196784 0.937343
0.196884 0.937343
0.196983 0.937343
0.197082 0.937343
0.197181 0.937343
0.197280 0.937343
0.197379 0.937343
0.197478 0.937343
0.197577 0.937343
0.197676 0.937343
0.197775 0.937343
0.197874 0.937343
0.197973 0.937343
0.198072 0.937343
0.198171 0.937343
0.198270 0.937343
0.198369 0.937343
0.198468 0.937343
0.198567 0.936717
0.198667 0.936717
0.198766 0.936090
0.198865 0.936090
0.198964 0.936090
0.199063 0.936090
0.199162 0.936090
0.199261 0.936090
0.199360 0.935464
0.199459 0.935464
0.199558 0.935464
0.199657 0.935464
0.199756 0.935464
0.199855 0.935464
0.199954 0.935464
0.200053 0.935464
0.200152 0.935464
0.200251 0.935464
0.200350 0.935464
0.200450 0.935464
0.200549 0.934837
0.200648 0.934837
0.200747 0.934837
0.200846 0.934837
0.200945 0.934837
0.201044 0.934837
0.201143 0.934837
0.201242 0.934837
0.201341 0.934837
0.201440 0.934837
0.201539 0.934837
0.201638 0.934837
0.201737 0.934837
0.201836 0.934837
0.201935 0.934837
0.202034 0.934837
0.202133 0.934837
0.202233 0.934211
0.202332 0.934211
0.202431 0.934211
0.202530 0.934211
0.202629 0.934211
0.202728 0.934211
0.202827 0.933584
0.202926 0.933584
0.203025 0.933584
0.203124 0.933584
0.203223 0.933584
0.203322 0.933584
0.203421 0.933584
0.203520 0.933584
0.203619 0.933584
0.203718 0.933584
0.203817 0.933584
0.203916 0.933584
0.204016 0.933584
0.204115 0.933584
0.204214 0.933584
0.204313 0.933584
0.204412 0.933584
0.204511 0.933584
0.204610 0.933584
0.204709 0.933584
0.204808 0.933584
0.204907 0.933584
0.205006 0.933584
0.205105 0.933584
0.205204 0.933584
0.205303 0.933584
0.205402 0.932957
0.205501 0.932957
0.205600 0.932957
0.205699 0.932957
0.205799 0.932957
0.205898 0.932957
0.205997 0.932957
0.206096 0.932957
0.206195 0.932957
0.206294 0.932957
0.206393 0.932957
0.206492 0.932957
0.206591 0.932957
0.206690 0.932957
0.206789 0.932957
0.206888 0.932957
0.206987 0.932957
0.207086 0.932331
0.207185 0.931704
0.207284 0.931704
0.207383 0.931704
0.207482 0.931704
0.207582 0.931704
0.207681 0.931704
0.207780 0.931704
0.207879 0.931704
0.207978 0.931704
0.208077 0.931704
0.208176 0.931704
0.208275 0.931704
0.208374 0.931704
0.208473 0.931704
0.208572 0.931704
0.208671 0.931704
0.208770 0.931704
0.208869 0.931704
0.208968 0.931704
0.209067 0.931704
0.209166 0.931704
0.209266 0.931704
0.209365 0.931704
0.209464 0.931704
0.209563 0.931704
0.209662 0.931704
0.209761 0.931704
0.209860 0.931704
0.209959 0.931704
0.210058 0.931704
0.210157 0.931704
0.210256 0.931704
0.210355 0.931704
0.210454 0.931078
0.210553 0.931078
0.210652 0.931078
0.210751 0.931078
0.210850 0.931078
0.210949 0.931078
0.211049 0.931078
0.211148 0.931078
0.211247 0.931078
0.211346 0.931078
0.211445 0.931078
0.211544 0.931078
0.211643 0.931078
0.211742 0.931078
0.211841 0.931078
0.211940 0.931078
0.212039 0.931078
0.212138 0.931078
0.212237 0.931078
0.212336 0.931078
0.212435 0.931078
0.212534 0.931078
0.212633 0.931078
0.212732 0.931078
0.212832 0.931078
0.212931 0.931078
0.213030 0.931078
0.213129 0.931078
0.213228 0.931078
0.213327 0.931078
0.213426 0.931078
0.213525 0.931078
0.213624 0.931078
0.213723 0.931078
0.213822 0.931078
0.213921 0.931078
0.214020 0.931078
0.214119 0.931078
0.214218 0.931078
0.214317 0.931078
0.214416 0.931078
0.214515 0.931078
0.214615 0.931078
0.214714 0.931078
0.214813 0.931078
0.214912 0.931078
0.215011 0.931078
0.215110 0.931078
0.215209 0.931078
0.215308 0.931078
0.215407 0.931078
0.215506 0.931078
0.215605 0.931078
0.215704 0.931078
0.215803 0.931078
0.215902 0.931078
0.216001 0.931078
0.216100 0.931078
0.216199 0.931078
0.216298 0.931078
0.216398 0.931078
0.216497 0.931078
0.216596 0.931078
0.216695 0.931078
0.216794 0.931078
0.216893 0.931078
0.216992 0.931078
0.217091 0.931078
0.217190 0.931078
0.217289 0.931078
0.217388 0.931078
0.217487 0.931078
0.217586 0.931078
0.217685 0.931078
0.217784 0.931078
0.217883 0.931078
0.217982 0.930451
0.218081 0.930451
0.218181 0.930451
0.218280 0.930451
0.218379 0.930451
0.218478 0.930451
0.218577 0.930451
0.218676 0.930451
0.218775 0.930451
0.218874 0.929825
0.218973 0.929825
0.219072 0.929825
0.219171 0.929825
0.219270 0.929825
0.219369 0.929825
0.219468 0.929825
0.219567 0.929825
0.219666 0.929825
0.219765 0.929825
0.219864 0.929825
0.219964 0.929825
0.220063 0.929825
0.220162 0.929825
0.220261 0.929825
0.220360 0.929825
0.220459 0.929825
0.220558 0.929825
0.220657 0.929825
0.220756 0.929825
0.220855 0.929825
0.220954 0.929825
0.221053 0.929825
0.221152 0.929825
0.221251 0.929825
0.221350 0.929825
0.221449 0.929825
0.221548 0.929825
0.221647 0.929825
0.221747 0.929825
0.221846 0.929825
0.221945 0.929825
0.222044 0.929825
0.222143 0.929825
0.222242 0.929825
0.222341 0.929825
0.222440 0.929825
0.222539 0.929825
0.222638 0.929825
0.222737 0.928571
0.222836 0.928571
0.222935 0.928571
0.223034 0.928571
0.223133 0.928571
0.223232 0.928571
0.223331 0.928571
0.223431 0.928571
0.223530 0.928571
0.223629 0.928571
0.223728 0.928571
0.223827 0.928571
0.223926 0.928571
0.224025 0.928571
0.224124 0.928571
0.224223 0.928571
0.224322 0.928571
0.224421 0.928571
0.224520 0.928571
0.224619 0.928571
0.224718 0.928571
0.224817 0.928571
0.224916 0.928571
0.225015 0.928571
0.225114 0.928571
0.225214 0.928571
0.225313 0.928571
0.225412 0.928571
0.225511 0.928571
0.225610 0.928571
0.225709 0.927945
0.225808 0.927945
0.225907 0.927945
0.226006 0.927945
0.226105 0.927945
0.226204 0.927945
0.226303 0.927945
0.226402 0.927945
0.226501 0.927945
0.226600 0.927945
0.226699 0.927945
0.226798 0.927945
0.226897 0.927945
0.226997 0.927945
0.227096 0.927945
0.227195 0.927945
0.227294 0.927945
0.227393 0.927945
0.227492 0.927945
0.227591 0.927945
0.227690 0.927945
0.227789 0.927945
0.227888 0.927318
0.227987 0.927318
0.228086 0.927318
0.228185 0.927318
0.228284 0.927318
0.228383 0.927318
0.228482 0.927318
0.228581 0.927318
0.228680 0.927318
0.228780 0.927318
0.228879 0.927318
0.228978 0.927318
0.229077 0.927318
0.229176 0.926692
0.229275 0.926065
0.229374 0.926065
0.229473 0.926065
0.229572 0.926065
0.229671 0.926065
0.229770 0.926065
0.229869 0.926065
0.229968 0.925439
0.230067 0.925439
0.230166 0.925439
0.230265 0.925439
0.230364 0.925439
0.230463 0.925439
0.230563 0.925439
0.230662 0.925439
0.230761 0.925439
0.230860 0.925439
0.230959 0.925439
0.231058 0.925439
0.231157 0.925439
0.231256 0.925439
0.231355 0.925439
0.231454 0.925439
0.231553 0.925439
0.231652 0.925439
0.231751 0.925439
0.231850 0.925439
0.231949 0.925439
0.232048 0.925439
0.232147 0.925439
0.232246 0.925439
0.232346 0.925439
0.232445 0.925439
0.232544 0.925439
0.232643 0.925439
0.232742 0.925439
0.232841 0.925439
0.232940 0.925439
0.233039 0.925439
0.233138 0.925439
0.233237 0.925439
0.233336 0.925439
0.233435 0.925439
0.233534 0.925439
0.233633 0.925439
0.233732 0.925439
0.233831 0.925439
0.233930 0.925439
0.234029 0.925439
0.234129 0.925439
0.234228 0.925439
0.234327 0.925439
0.234426 0.925439
0.234525 0.925439
0.234624 0.925439
0.234723 0.925439
0.234822 0.925439
0.234921 0.925439
0.235020 0.925439
0.235119 0.925439
0.235218 0.925439
0.235317 0.925439
0.235416 0.925439
0.235515 0.925439
0.235614 0.925439
0.235713 0.925439
0.235812 0.925439
0.235912 0.925439
0.236011 0.925439
0.236110 0.925439
0.236209 0.925439
0.236308 0.925439
0.236407 0.925439
0.236506 0.925439
0.236605 0.925439
0.236704 0.925439
0.236803 0.925439
0.236902 0.925439
0.237001 0.925439
0.237100 0.925439
0.237199 0.925439
0.237298 0.925439
0.237397 0.925439
0.237496 0.925439
0.237596 0.924812
0.237695 0.924812
0.237794 0.924812
0.237893 0.924812
0.237992 0.924812
0.238091 0.924812
0.238190 0.924812
0.238289 0.924812
0.238388 0.924812
0.238487 0.924812
0.238586 0.924812
0.238685 0.924812
0.238784 0.924812
0.238883 0.924812
0.238982 0.924812
0.239081 0.924812
0.239180 0.924812
0.239279 0.924812
0.239379 0.924812
0.239478 0.924812
0.239577 0.924812
0.239676 0.924812
0.239775 0.924812
0.239874 0.924812
0.239973 0.924812
0.240072 0.924812
0.240171 0.924812
0.240270 0.924185
0.240369 0.924185
0.240468 0.924185
0.240567 0.924185
0.240666 0.924185
0.240765 0.924185
0.240864 0.924185
0.240963 0.924185
0.241062 0.924185
0.241162 0.924185
0.241261 0.924185
0.241360 0.924185
0.241459 0.924185
0.241558 0.924185
0.241657 0.924185
0.241756 0.924185
0.241855 0.924185
0.241954 0.924185
0.242053 0.924185
0.242152 0.924185
0.242251 0.924185
0.242350 0.924185
0.242449 0.923559
0.242548 0.923559
0.242647 0.923559
0.242746 0.923559
0.242845 0.923559
0.242945 0.923559
0.243044 0.923559
0.243143 0.922932
0.243242 0.922932
0.243341 0.922932
0.243440 0.922932
0.243539 0.922932
0.243638 0.922932
0.243737 0.922932
0.243836 0.922932
0.243935 0.922932
0.244034 0.922932
0.244133 0.922932
0.244232 0.922932
0.244331 0.922932
0.244430 0.922932
0.244529 0.922932
0.244628 0.922932
0.244728 0.922932
0.244827 0.922932
0.244926 0.922932
0.245025 0.922932
0.245124 0.922932
0.245223 0.922306
0.245322 0.922306
0.245421 0.922306
0.245520 0.922306
0.245619 0.922306
0.245718 0.921679
0.245817 0.921679
0.245916 0.921679
0.246015 0.921679
0.246114 0.921679
0.246213 0.921679
0.246312 0.921679
0.246411 0.921679
0.246511 0.921679
0.246610 0.921679
0.246709 0.921679
0.246808 0.921053
0.246907 0.921053
0.247006 0.921053
0.247105 0.921053
0.247204 0.921053
0.247303 0.921053
0.247402 0.921053
0.247501 0.921053
0.247600 0.921053
0.247699 0.921053
0.247798 0.921053
0.247897 0.920426
0.247996 0.920426
0.248095 0.920426
0.248194 0.920426
0.248294 0.920426
0.248393 0.920426
0.248492 0.920426
0.248591 0.919799
0.248690 0.919799
0.248789 0.919799
0.248888 0.919799
0.248987 0.919799
0.249086 0.919799
0.249185 0.919799
0.249284 0.919799
0.249383 0.919799
0.249482 0.919799
0.249581 0.919799
0.249680 0.919799
0.249779 0.919799
0.249878 0.919799
0.249978 0.919799
0.250077 0.919799
0.250176 0.919799
0.250275 0.919799
0.250374 0.919799
0.250473 0.919799
0.250572 0.919799
0.250671 0.919799
0.250770 0.919173
0.250869 0.919173
0.250968 0.919173
0.251067 0.919173
0.251166 0.919173
0.251265 0.919173
0.251364 0.919173
0.251463 0.919173
0.251562 0.919173
0.251661 0.919173
0.251761 0.919173
0.251860 0.919173
0.251959 0.919173
0.252058 0.918546
0.252157 0.918546
0.252256 0.918546
0.252355 0.918546
0.252454 0.918546
0.252553 0.918546
0.252652 0.918546
0.252751 0.918546
0.252850 0.918546
0.252949 0.918546
0.253048 0.918546
0.253147 0.918546
0.253246 0.918546
0.253345 0.918546
0.253444 0.918546
0.253544 0.918546
0.253643 0.918546
0.253742 0.918546
0.253841 0.918546
0.253940 0.918546
0.254039 0.918546
0.254138 0.918546
0.254237 0.918546
0.254336 0.918546
0.254435 0.918546
0.254534 0.918546
0.254633 0.918546
0.254732 0.918546
0.254831 0.918546
0.254930 0.918546
0.255029 0.918546
0.255128 0.918546
0.255227 0.918546
0.255327 0.917920
0.255426 0.917920
0.255525 0.917920
0.255624 0.917920
0.255723 0.917920
0.255822 0.917293
0.255921 0.917293
0.256020 0.917293
0.256119 0.917293
0.256218 0.917293
0.256317 0.917293
0.256416 0.917293
0.256515 0.917293
0.256614 0.917293
0.256713 0.917293
0.256812 0.917293
0.256911 0.917293
0.257010 0.917293
0.257110 0.917293
0.257209 0.917293
0.257308 0.917293
0.257407 0.917293
0.257506 0.917293
0.257605 0.916667
0.257704 0.916667
0.257803 0.916667
0.257902 0.916667
0.258001 0.916667
0.258100 0.916667
0.258199 0.916667
0.258298 0.916667
0.258397 0.916667
0.258496 0.916667
0.258595 0.916667
0.258694 0.916667
0.258793 0.916667
0.258893 0.916667
0.258992 0.916667
0.259091 0.916667
0.259190 0.916667
0.259289 0.916667
0.259388 0.916667
0.259487 0.916667
0.259586 0.916667
0.259685 0.916667
0.259784 0.916667
0.259883 0.916667
0.259982 0.916667
0.260081 0.916667
0.260180 0.916040
0.260279 0.916040
0.260378 0.916040
0.260477 0.916040
0.260576 0.916040
0.260676 0.916040
0.260775 0.916040
0.260874 0.916040
0.260973 0.916040
0.261072 0.916040
0.261171 0.916040
0.261270 0.916040
0.261369 0.916040
0.261468 0.916040
0.261567 0.916040
0.261666 0.916040
0.261765 0.916040
0.261864 0.916040
0.261963 0.915414
0.262062 0.914787
0.262161 0.914787
0.262260 0.914787
0.262359 0.914787
0.262459 0.914787
0.262558 0.914787
0.262657 0.914787
0.262756 0.914787
0.262855 0.914787
0.262954 0.914787
0.263053 0.914787
0.263152 0.914160
0.263251 0.914160
0.263350 0.914160
0.263449 0.914160
0.263548 0.914160
0.263647 0.914160
0.263746 0.914160
0.263845 0.914160
0.263944 0.914160
0.264043 0.914160
0.264143 0.914160
0.264242 0.914160
0.264341 0.914160
0.264440 0.914160
0.264539 0.914160
0.264638 0.914160
0.264737 0.914160
0.264836 0.914160
0.264935 0.914160
0.265034 0.914160
0.265133 0.914160
0.265232 0.914160
0.265331 0.914160
0.265430 0.914160
0.265529 0.914160
0.265628 0.914160
0.265727 0.914160
0.265826 0.914160
0.265926 0.914160
0.266025 0.914160
0.266124 0.914160
0.266223 0.914160
0.266322 0.914160
0.266421 0.914160
0.266520 0.914160
0.266619 0.914160
0.266718 0.914160
0.266817 0.914160
0.266916 0.914160
0.267015 0.914160
0.267114 0.914160
0.267213 0.914160
0.267312 0.914160
0.267411 0.914160
0.267510 0.914160
0.267609 0.914160
0.267709 0.914160
0.267808 0.914160
0.267907 0.914160
0.268006 0.914160
0.268105 0.913534
0.268204 0.913534
0.268303 0.912907
0.268402 0.912281
0.268501 0.912281
0.268600 0.912281
0.268699 0.912281
0.268798 0.911654
0.268897 0.911654
0.268996 0.911654
0.269095 0.911654
0.269194 0.911654
0.269293 0.911028
0.269392 0.911028
0.269492 0.910401
0.269591 0.910401
0.269690 0.910401
0.269789 0.909774
0.269888 0.909774
0.269987 0.909774
0.270086 0.909774
0.270185 0.909774
0.270284 0.909774
0.270383 0.909774
0.270482 0.909774
0.270581 0.909774
0.270680 0.909774
0.270779 0.909774
0.270878 0.909774
0.270977 0.909774
0.271076 0.909774
0.271175 0.909774
0.271275 0.909774
0.271374 0.909774
0.271473 0.909774
0.271572 0.909774
0.271671 0.909774
0.271770 0.909774
0.271869 0.909774
0.271968 0.909774
0.272067 0.909774
0.272166 0.909774
0.272265 0.909774
0.272364 0.909774
0.272463 0.909774
0.272562 0.909774
0.272661 0.909774
0.272760 0.909774
0.272859 0.909774
0.272958 0.909774
0.273058 0.909774
0.273157 0.909148
0.273256 0.909148
0.273355 0.909148
0.273454 0.909148
0.273553 0.909148
0.273652 0.909148
0.273751 0.909148
0.273850 0.909148
0.273949 0.909148
0.274048 0.909148
0.274147 0.909148
0.274246 0.909148
0.274345 0.909148
0.274444 0.908521
0.274543 0.908521
0.274642 0.908521
0.274741 0.908521
0.274841 0.908521
0.274940 0.908521
0.275039 0.908521
0.275138 0.908521
0.275237 0.908521
0.275336 0.908521
0.275435 0.908521
0.275534 0.908521
0.275633 0.908521
0.275732 0.908521
0.275831 0.908521
0.275930 0.908521
0.276029 0.907895
0.276128 0.907895
0.276227 0.907268
0.276326 0.907268
0.276425 0.907268
0.276524 0.906642
0.276624 0.906642
0.276723 0.906642
0.276822 0.906642
0.276921 0.906642
0.277020 0.906015
0.277119 0.906015
0.277218 0.906015
0.277317 0.906015
0.277416 0.906015
0.277515 0.906015
0.277614 0.906015
0.277713 0.906015
0.277812 0.906015
0.277911 0.906015
0.278010 0.906015
0.278109 0.906015
0.278208 0.906015
0.278308 0.906015
0.278407 0.906015
0.278506 0.906015
0.278605 0.906015
0.278704 0.906015
0.278803 0.906015
0.278902 0.906015
0.279001 0.906015
0.279100 0.906015
0.279199 0.906015
0.279298 0.906015
0.279397 0.906015
0.279496 0.906015
0.279595 0.905388
0.279694 0.905388
0.279793 0.905388
0.279892 0.905388
0.279991 0.905388
0.280091 0.905388
0.280190 0.905388
0.280289 0.905388
0.280388 0.905388
0.280487 0.905388
0.280586 0.905388
0.280685 0.905388
0.280784 0.905388
0.280883 0.905388
0.280982 0.905388
0.281081 0.905388
0.281180 0.905388
0.281279 0.905388
0.281378 0.905388
0.281477 0.905388
0.281576 0.905388
0.281675 0.905388
0.281774 0.904762
0.281874 0.904762
0.281973 0.904762
0.282072 0.904762
0.282171 0.904762
0.282270 0.904762
0.282369 0.904762
0.282468 0.904762
0.282567 0.904762
0.282666 0.904762
0.282765 0.904135
0.282864 0.904135
0.282963 0.904135
0.283062 0.904135
0.283161 0.904135
0.283260 0.904135
0.283359 0.904135
0.283458 0.904135
0.283557 0.904135
0.283657 0.904135
0.283756 0.904135
0.283855 0.904135
0.283954 0.903509
0.284053 0.903509
0.284152 0.903509
0.284251 0.902882
0.284350 0.902256
0.284449 0.902256
0.284548 0.902256
0.284647 0.901629
0.284746 0.901629
0.284845 0.901629
0.284944 0.901629
0.285043 0.901629
0.285142 0.901629
0.285241 0.901629
0.285340 0.901629
0.285440 0.901629
0.285539 0.901629
0.285638 0.901629
0.285737 0.901629
0.285836 0.901629
0.285935 0.901629
0.286034 0.901629
0.286133 0.901629
0.286232 0.901629
0.286331 0.901629
0.286430 0.901629
0.286529 0.901629
0.286628 0.901629
0.286727 0.901629
0.286826 0.901629
0.286925 0.901629
0.287024 0.901629
0.287123 0.901629
0.287223 0.901629
0.287322 0.901629
0.287421 0.901629
0.287520 0.901629
0.287619 0.901003
0.287718 0.900376
0.287817 0.900376
0.287916 0.900376
0.288015 0.900376
0.288114 0.900376
0.288213 0.900376
0.288312 0.900376
0.288411 0.900376
0.288510 0.900376
0.288609 0.900376
0.288708 0.900376
0.288807 0.900376
0.288906 0.900376
0.289006 0.900376
0.289105 0.900376
0.289204 0.900376
0.289303 0.900376
0.289402 0.900376
0.289501 0.900376
0.289600 0.899749
0.289699 0.899749
0.289798 0.899749
0.289897 0.899749
0.289996 0.899749
0.290095 0.899749
0.290194 0.899749
0.290293 0.899123
0.290392 0.899123
0.290491 0.899123
0.290590 0.899123
0.290690 0.899123
0.290789 0.899123
0.290888 0.899123
0.290987 0.899123
0.291086 0.899123
0.291185 0.899123
0.291284 0.899123
0.291383 0.899123
0.291482 0.899123
0.291581 0.899123
0.291680 0.899123
0.291779 0.899123
0.291878 0.899123
0.291977 0.899123
0.292076 0.899123
0.292175 0.899123
0.292274 0.899123
0.292373 0.899123
0.292473 0.899123
0.292572 0.899123
0.292671 0.899123
0.292770 0.899123
0.292869 0.899123
0.292968 0.899123
0.293067 0.899123
0.293166 0.899123
0.293265 0.899123
0.293364 0.899123
0.293463 0.899123
0.293562 0.899123
0.293661 0.899123
0.293760 0.899123
0.293859 0.899123
0.293958 0.899123
0.294057 0.898496
0.294156 0.898496
0.294256 0.898496
0.294355 0.898496
0.294454 0.898496
0.294553 0.898496
0.294652 0.898496
0.294751 0.898496
0.294850 0.898496
0.294949 0.898496
0.295048 0.898496
0.295147 0.898496
0.295246 0.898496
0.295345 0.898496
0.295444 0.898496
0.295543 0.898496
0.295642 0.898496
0.295741 0.898496
0.295840 0.898496
0.295939 0.898496
0.296039 0.898496
0.296138 0.898496
0.296237 0.898496
0.296336 0.898496
0.296435 0.897243
0.296534 0.897243
0.296633 0.897243
0.296732 0.897243
0.296831 0.897243
0.296930 0.896617
0.297029 0.896617
0.297128 0.896617
0.297227 0.896617
0.297326 0.896617
0.297425 0.896617
0.297524 0.896617
0.297623 0.896617
0.297722 0.896617
0.297822 0.896617
0.297921 0.896617
0.298020 0.896617
0.298119 0.896617
0.298218 0.896617
0.298317 0.896617
0.298416 0.896617
0.298515 0.896617
0.298614 0.896617
0.298713 0.896617
0.298812 0.895990
0.298911 0.895990
0.299010 0.895990
0.299109 0.895990
0.299208 0.895990
0.299307 0.895990
0.299406 0.895990
0.299505 0.895990
0.299605 0.895990
0.299704 0.895990
0.299803 0.895990
0.299902 0.895363
0.300001 0.895363
0.300100 0.895363
0.300199 0.895363
0.300298 0.895363
0.300397 0.895363
0.300496 0.895363
0.300595 0.895363
0.300694 0.895363
0.300793 0.895363
0.300892 0.895363
0.300991 0.895363
0.301090 0.895363
0.301189 0.895363
0.301288 0.895363
0.301388 0.894737
0.301487 0.894737
0.301586 0.894737
0.301685 0.894110
0.301784 0.894110
0.301883 0.894110
0.301982 0.894110
0.302081 0.894110
0.302180 0.894110
0.302279 0.894110
0.302378 0.894110
0.302477 0.894110
0.302576 0.894110
0.302675 0.894110
0.302774 0.894110
0.302873 0.894110
0.302972 0.894110
0.303071 0.894110
0.303171 0.893484
0.303270 0.893484
0.303369 0.892857
0.303468 0.892857
0.303567 0.892857
0.303666 0.892857
0.303765 0.892857
0.303864 0.892857
0.303963 0.892857
0.304062 0.892857
0.304161 0.892857
0.304260 0.892857
0.304359 0.892231
0.304458 0.892231
0.304557 0.892231
0.304656 0.892231
0.304755 0.892231
0.304855 0.891604
0.304954 0.891604
0.305053 0.891604
0.305152 0.891604
0.305251 0.891604
0.305350 0.891604
0.305449 0.891604
0.305548 0.891604
0.305647 0.891604
0.305746 0.891604
0.305845 0.891604
0.305944 0.891604
0.306043 0.891604
0.306142 0.891604
0.306241 0.891604
0.306340 0.891604
0.306439 0.891604
0.306538 0.891604
0.306638 0.891604
0.306737 0.891604
0.306836 0.891604
0.306935 0.890977
0.307034 0.890977
0.307133 0.890977
0.307232 0.890977
0.307331 0.890977
0.307430 0.890977
0.307529 0.890977
0.307628 0.890977
0.307727 0.890977
0.307826 0.890977
0.307925 0.890977
0.308024 0.890977
0.308123 0.890977
0.308222 0.890977
0.308321 0.890351
0.308421 0.890351
0.308520 0.890351
0.308619 0.890351
0.308718 0.890351
0.308817 0.890351
0.308916 0.890351
0.309015 0.890351
0.309114 0.890351
0.309213 0.889724
0.309312 0.889724
0.309411 0.889724
0.309510 0.889724
0.309609 0.889724
0.309708 0.889724
0.309807 0.889724
0.309906 0.889724
0.310005 0.889724
0.310104 0.889098
0.310204 0.889098
0.310303 0.889098
0.310402 0.889098
0.310501 0.889098
0.310600 0.889098
0.310699 0.889098
0.310798 0.889098
0.310897 0.889098
0.310996 0.889098
0.311095 0.889098
0.311194 0.889098
0.311293 0.889098
0.311392 0.889098
0.311491 0.888471
0.311590 0.888471
0.311689 0.888471
0.311788 0.888471
0.311887 0.888471
0.311987 0.888471
0.312086 0.888471
0.312185 0.888471
0.312284 0.888471
0.312383 0.888471
0.312482 0.888471
0.312581 0.888471
0.312680 0.888471
0.312779 0.888471
0.312878 0.888471
0.312977 0.888471
0.313076 0.888471
0.313175 0.888471
0.313274 0.888471
0.313373 0.888471
0.313472 0.888471
0.313571 0.888471
0.313670 0.888471
0.313770 0.888471
0.313869 0.888471
0.313968 0.888471
0.314067 0.888471
0.314166 0.888471
0.314265 0.887845
0.314364 0.887845
0.314463 0.887845
0.314562 0.887845
0.314661 0.887845
0.314760 0.887845
0.314859 0.887218
0.314958 0.887218
0.315057 0.887218
0.315156 0.887218
0.315255 0.887218
0.315354 0.887218
0.315453 0.887218
0.315553 0.887218
0.315652 0.887218
0.315751 0.887218
0.315850 0.887218
0.315949 0.887218
0.316048 0.887218
0.316147 0.887218
0.316246 0.887218
0.316345 0.887218
0.316444 0.887218
0.316543 0.887218
0.316642 0.887218
0.316741 0.887218
0.316840 0.887218
0.316939 0.887218
0.317038 0.887218
0.317137 0.886591
0.317236 0.886591
0.317336 0.886591
0.317435 0.885965
0.317534 0.885965
0.317633 0.885965
0.317732 0.885965
0.317831 0.885965
0.317930 0.885965
0.318029 0.885965
0.318128 0.885965
0.318227 0.885965
0.318326 0.885965
0.318425 0.885965
0.318524 0.885965
0.318623 0.885965
0.318722 0.885965
0.318821 0.885965
0.318920 0.885965
0.319020 0.885965
0.319119 0.885965
0.319218 0.885965
0.319317 0.885965
0.319416 0.885965
0.319515 0.885965
0.319614 0.885965
0.319713 0.885965
0.319812 0.885965
0.319911 0.885965
0.320010 0.885965
0.320109 0.885965
0.320208 0.885965
0.320307 0.885965
0.320406 0.885965
0.320505 0.885965
0.320604 0.885338
0.320703 0.885338
0.320803 0.885338
0.320902 0.885338
0.321001 0.885338
0.321100 0.885338
0.321199 0.885338
0.321298 0.885338
0.321397 0.885338
0.321496 0.885338
0.321595 0.885338
0.321694 0.885338
0.321793 0.885338
0.321892 0.885338
0.321991 0.885338
0.322090 0.885338
0.322189 0.885338
0.322288 0.885338
0.322387 0.885338
0.322486 0.885338
0.322586 0.885338
0.322685 0.885338
0.322784 0.885338
0.322883 0.885338
0.322982 0.885338
0.323081 0.885338
0.323180 0.885338
0.323279 0.885338
0.323378 0.885338
0.323477 0.885338
0.323576 0.885338
0.323675 0.885338
0.323774 0.885338
0.323873 0.885338
0.323972 0.885338
0.324071 0.885338
0.324170 0.885338
0.324269 0.885338
0.324369 0.885338
0.324468 0.884712
0.324567 0.884712
0.324666 0.884712
0.324765 0.884712
0.324864 0.884712
0.324963 0.884712
0.325062 0.884712
0.325161 0.884712
0.325260 0.884712
0.325359 0.884712
0.325458 0.884712
0.325557 0.884712
0.325656 0.884712
0.325755 0.884712
0.325854 0.884712
0.325953 0.884712
0.326052 0.884712
0.326152 0.884085
0.326251 0.884085
0.326350 0.884085
0.326449 0.884085
0.326548 0.884085
0.326647 0.884085
0.326746 0.884085
0.326845 0.884085
0.326944 0.884085
0.327043 0.883459
0.327142 0.883459
0.327241 0.883459
0.327340 0.883459
0.327439 0.883459
0.327538 0.882832
0.327637 0.882832
0.327736 0.882832
0.327835 0.882832
0.327935 0.882832
0.328034 0.882832
0.328133 0.882832
0.328232 0.882832
0.328331 0.882832
0.328430 0.882832
0.328529 0.882832
0.328628 0.882832
0.328727 0.882832
0.328826 0.882832
0.328925 0.882832
0.329024 0.882832
0.329123 0.882206
0.329222 0.882206
0.329321 0.882206
0.329420 0.882206
0.329519 0.882206
0.329618 0.881579
0.329718 0.881579
0.329817 0.881579
0.329916 0.881579
0.330015 0.880952
0.330114 0.880952
0.330213 0.880952
0.330312 0.880952
0.330411 0.880952
0.330510 0.880952
0.330609 0.880952
0.330708 0.880952
0.330807 0.880326
0.330906 0.880326
0.331005 0.880326
0.331104 0.880326
0.331203 0.879699
0.331302 0.879699
0.331402 0.879699
0.331501 0.879699
0.331600 0.879699
0.331699 0.879699
0.331798 0.879699
0.331897 0.879699
0.331996 0.879699
0.332095 0.879699
0.332194 0.879699
0.332293 0.879699
0.332392 0.879699
0.332491 0.879699
0.332590 0.879699
0.332689 0.879699
0.332788 0.879699
0.332887 0.879699
0.332986 0.879699
0.333085 0.879699
0.333185 0.879699
0.333284 0.879699
0.333383 0.879073
0.333482 0.878446
0.333581 0.878446
0.333680 0.878446
0.333779 0.878446
0.333878 0.878446
0.333977 0.878446
0.334076 0.878446
0.334175 0.878446
0.334274 0.878446
0.334373 0.878446
0.334472 0.878446
0.334571 0.878446
0.334670 0.878446
0.334769 0.878446
0.334868 0.878446
0.334968 0.878446
0.335067 0.878446
0.335166 0.878446
0.335265 0.878446
0.335364 0.877820
0.335463 0.877820
0.335562 0.877820
0.335661 0.877820
0.335760 0.877820
0.335859 0.877820
0.335958 0.877820
0.336057 0.877820
0.336156 0.877820
0.336255 0.877820
0.336354 0.877820
0.336453 0.877820
0.336552 0.876566
0.336651 0.876566
0.336751 0.876566
0.336850 0.876566
0.336949 0.876566
0.337048 0.876566
0.337147 0.876566
0.337246 0.876566
0.337345 0.876566
0.337444 0.876566
0.337543 0.876566
0.337642 0.876566
0.337741 0.876566
0.337840 0.876566
0.337939 0.876566
0.338038 0.876566
0.338137 0.876566
0.338236 0.876566
0.338335 0.876566
0.338434 0.876566
0.338534 0.875940
0.338633 0.875940
0.338732 0.875313
0.338831 0.875313
0.338930 0.875313
0.339029 0.875313
0.339128 0.875313
0.339227 0.875313
0.339326 0.875313
0.339425 0.875313
0.339524 0.875313
0.339623 0.875313
0.339722 0.875313
0.339821 0.875313
0.339920 0.875313
0.340019 0.875313
0.340118 0.875313
0.340217 0.874687
0.340317 0.874687
0.340416 0.874687
0.340515 0.874687
0.340614 0.874060
0.340713 0.874060
0.340812 0.874060
0.340911 0.873434
0.341010 0.873434
0.341109 0.873434
0.341208 0.873434
0.341307 0.873434
0.341406 0.873434
0.341505 0.873434
0.341604 0.873434
0.341703 0.873434
0.341802 0.872807
0.341901 0.872807
0.342000 0.872807
0.342100 0.872807
0.342199 0.872807
0.342298 0.872807
0.342397 0.872807
0.342496 0.872807
0.342595 0.872807
0.342694 0.872807
0.342793 0.872807
0.342892 0.872807
0.342991 0.872807
0.343090 0.872180
0.343189 0.872180
0.343288 0.872180
0.343387 0.872180
0.343486 0.872180
0.343585 0.872180
0.343684 0.872180
0.343783 0.872180
0.343883 0.872180
0.343982 0.872180
0.344081 0.872180
0.344180 0.872180
0.344279 0.872180
0.344378 0.872180
0.344477 0.872180
0.344576 0.871554
0.344675 0.871554
0.344774 0.871554
0.344873 0.871554
0.344972 0.871554
0.345071 0.871554
0.345170 0.871554
0.345269 0.871554
0.345368 0.871554
0.345467 0.871554
0.345567 0.871554
0.345666 0.871554
0.345765 0.871554
0.345864 0.871554
0.345963 0.871554
0.346062 0.871554
0.346161 0.871554
0.346260 0.871554
0.346359 0.871554
0.346458 0.871554
0.346557 0.871554
0.346656 0.871554
0.346755 0.871554
0.346854 0.871554
0.346953 0.870927
0.347052 0.870927
0.347151 0.870301
0.347250 0.870301
0.347350 0.870301
0.347449 0.870301
0.347548 0.870301
0.347647 0.870301
0.347746 0.870301
0.347845 0.870301
0.347944 0.870301
0.348043 0.870301
0.348142 0.870301
0.348241 0.870301
0.348340 0.870301
0.348439 0.870301
0.348538 0.870301
0.348637 0.870301
0.348736 0.870301
0.348835 0.870301
0.348934 0.869674
0.349033 0.869674
0.349133 0.869674
0.349232 0.869674
0.349331 0.869674
0.349430 0.869674
0.349529 0.869674
0.349628 0.869674
0.349727 0.869674
0.349826 0.869674
0.349925 0.869674
0.350024 0.869674
0.350123 0.869674
0.350222 0.869674
0.350321 0.869674
0.350420 0.869674
0.350519 0.869674
0.350618 0.869674
0.350717 0.869048
0.350816 0.869048
0.350916 0.869048
0.351015 0.869048
0.351114 0.869048
0.351213 0.869048
0.351312 0.869048
0.351411 0.869048
0.351510 0.869048
0.351609 0.869048
0.351708 0.869048
0.351807 0.869048
0.351906 0.869048
0.352005 0.869048
0.352104 0.869048
0.352203 0.869048
0.352302 0.869048
0.352401 0.869048
0.352500 0.869048
0.352599 0.869048
0.352699 0.869048
0.352798 0.869048
0.352897 0.869048
0.352996 0.868421
0.353095 0.868421
0.353194 0.868421
0.353293 0.868421
0.353392 0.868421
0.353491 0.868421
0.353590 0.868421
0.353689 0.868421
0.353788 0.868421
0.353887 0.868421
0.353986 0.868421
0.354085 0.868421
0.354184 0.868421
0.354283 0.868421
0.354382 0.868421
0.354482 0.868421
0.354581 0.868421
0.354680 0.868421
0.354779 0.868421
0.354878 0.868421
0.354977 0.868421
0.355076 0.868421
0.355175 0.868421
0.355274 0.867794
0.355373 0.867794
0.355472 0.867794
0.355571 0.867794
0.355670 0.867794
0.355769 0.867794
0.355868 0.867794
0.355967 0.867794
0.356066 0.867794
0.356165 0.867794
0.356265 0.867794
0.356364 0.867794
0.356463 0.867794
0.356562 0.867794
0.356661 0.867794
0.356760 0.867794
0.356859 0.867794
0.356958 0.867794
0.357057 0.867794
0.357156 0.867794
0.357255 0.867794
0.357354 0.867794
0.357453 0.867794
0.357552 0.867794
0.357651 0.867794
0.357750 0.867794
0.357849 0.867794
0.357948 0.867794
0.358048 0.867794
0.358147 0.867794
0.358246 0.867794
0.358345 0.867794
0.358444 0.867794
0.358543 0.867794
0.358642 0.867794
0.358741 0.867794
0.358840 0.867794
0.358939 0.867794
0.359038 0.867168
0.359137 0.867168
0.359236 0.866541
0.359335 0.866541
0.359434 0.866541
0.359533 0.866541
0.359632 0.866541
0.359732 0.866541
0.359831 0.866541
0.359930 0.866541
0.360029 0.866541
0.360128 0.866541
0.360227 0.866541
0.360326 0.866541
0.360425 0.866541
0.360524 0.865915
0.360623 0.865915
0.360722 0.865288
0.360821 0.865288
0.360920 0.865288
0.361019 0.865288
0.361118 0.865288
0.361217 0.864662
0.361316 0.864662
0.361415 0.864662
0.361515 0.864662
0.361614 0.864662
0.361713 0.864662
0.361812 0.864662
0.361911 0.864662
0.362010 0.864662
0.362109 0.864662
0.362208 0.864662
0.362307 0.864662
0.362406 0.864662
0.362505 0.864662
0.362604 0.864662
0.362703 0.864662
0.362802 0.864662
0.362901 0.864662
0.363000 0.864662
0.363099 0.864662
0.363198 0.864662
0.363298 0.864662
0.363397 0.864035
0.363496 0.864035
0.363595 0.864035
0.363694 0.864035
0.363793 0.864035
0.363892 0.864035
0.363991 0.864035
0.364090 0.864035
0.364189 0.864035
0.364288 0.864035
0.364387 0.863409
0.364486 0.863409
0.364585 0.863409
0.364684 0.863409
0.364783 0.862782
0.364882 0.862782
0.364981 0.862782
0.365081 0.862782
0.365180 0.862782
0.365279 0.862782
0.365378 0.862782
0.365477 0.862782
0.365576 0.862782
0.365675 0.862782
0.365774 0.862782
0.365873 0.862782
0.365972 0.862782
0.366071 0.862782
0.366170 0.862782
0.366269 0.862155
0.366368 0.862155
0.366467 0.862155
0.366566 0.862155
0.366665 0.862155
0.366764 0.862155
0.366864 0.862155
0.366963 0.862155
0.367062 0.862155
0.367161 0.862155
0.367260 0.862155
0.367359 0.862155
0.367458 0.862155
0.367557 0.862155
0.367656 0.862155
0.367755 0.861529
0.367854 0.861529
0.367953 0.861529
0.368052 0.861529
0.368151 0.861529
0.368250 0.861529
0.368349 0.861529
0.368448 0.860902
0.368547 0.860902
0.368647 0.860902
0.368746 0.860902
0.368845 0.860902
0.368944 0.860902
0.369043 0.860902
0.369142 0.860902
0.369241 0.860902
0.369340 0.860902
0.369439 0.860902
0.369538 0.860902
0.369637 0.860902
0.369736 0.860902
0.369835 0.860276
0.369934 0.859023
0.370033 0.859023
0.370132 0.859023
0.370231 0.859023
0.370330 0.859023
0.370430 0.859023
0.370529 0.859023
0.370628 0.859023
0.370727 0.859023
0.370826 0.859023
0.370925 0.859023
0.371024 0.858396
0.371123 0.858396
0.371222 0.858396
0.371321 0.858396
0.371420 0.858396
0.371519 0.858396
0.371618 0.858396
0.371717 0.858396
0.371816 0.858396
0.371915 0.857143
0.372014 0.857143
0.372114 0.857143
0.372213 0.857143
0.372312 0.857143
0.372411 0.857143
0.372510 0.857143
0.372609 0.857143
0.372708 0.856516
0.372807 0.856516
0.372906 0.856516
0.373005 0.856516
0.373104 0.856516
0.373203 0.856516
0.373302 0.856516
0.373401 0.856516
0.373500 0.856516
0.373599 0.856516
0.373698 0.856516
0.373797 0.856516
0.373897 0.856516
0.373996 0.856516
0.374095 0.856516
0.374194 0.856516
0.374293 0.856516
0.374392 0.856516
0.374491 0.856516
0.374590 0.856516
0.374689 0.856516
0.374788 0.856516
0.374887 0.856516
0.374986 0.856516
0.375085 0.856516
0.375184 0.856516
0.375283 0.855890
0.375382 0.855263
0.375481 0.855263
0.375580 0.855263
0.375680 0.855263
0.375779 0.855263
0.375878 0.855263
0.375977 0.855263
0.376076 0.855263
0.376175 0.855263
0.376274 0.855263
0.376373 0.855263
0.376472 0.854637
0.376571 0.854637
0.376670 0.854637
0.376769 0.854637
0.376868 0.854637
0.376967 0.854010
0.377066 0.854010
0.377165 0.854010
0.377264 0.854010
0.377363 0.854010
0.377463 0.854010
0.377562 0.854010
0.377661 0.853383
0.377760 0.853383
0.377859 0.853383
0.377958 0.852757
0.378057 0.852130
0.378156 0.852130
0.378255 0.852130
0.378354 0.852130
0.378453 0.852130
0.378552 0.852130
0.378651 0.852130
0.378750 0.852130
0.378849 0.852130
0.378948 0.852130
0.379047 0.852130
0.379146 0.852130
0.379246 0.852130
0.379345 0.852130
0.379444 0.852130
0.379543 0.852130
0.379642 0.852130
0.379741 0.852130
0.379840 0.852130
0.379939 0.852130
0.380038 0.852130
0.380137 0.852130
0.380236 0.852130
0.380335 0.852130
0.380434 0.852130
0.380533 0.852130
0.380632 0.852130
0.380731 0.851504
0.380830 0.851504
0.380929 0.851504
0.381029 0.850877
0.381128 0.850877
0.381227 0.850877
0.381326 0.850877
0.381425 0.850877
0.381524 0.850877
0.381623 0.850877
0.381722 0.850877
0.381821 0.850877
0.381920 0.850877
0.382019 0.850877
0.382118 0.850877
0.382217 0.850877
0.382316 0.850877
0.382415 0.850251
0.382514 0.850251
0.382613 0.850251
0.382712 0.849624
0.382812 0.848997
0.382911 0.848997
0.383010 0.848997
0.383109 0.848997
0.383208 0.848997
0.383307 0.848371
0.383406 0.847744
0.383505 0.847118
0.383604 0.847118
0.383703 0.847118
0.383802 0.847118
0.383901 0.847118
0.384000 0.847118
0.384099 0.847118
0.384198 0.847118
0.384297 0.847118
0.384396 0.847118
0.384495 0.847118
0.384595 0.846491
0.384694 0.846491
0.384793 0.846491
0.384892 0.846491
0.384991 0.846491
0.385090 0.846491
0.385189 0.846491
0.385288 0.845865
0.385387 0.845865
0.385486 0.845865
0.385585 0.845865
0.385684 0.845865
0.385783 0.845865
0.385882 0.845865
0.385981 0.845238
0.386080 0.845238
0.386179 0.845238
0.386279 0.845238
0.386378 0.845238
0.386477 0.845238
0.386576 0.845238
0.386675 0.845238
0.386774 0.845238
0.386873 0.845238
0.386972 0.845238
0.387071 0.845238
0.387170 0.845238
0.387269 0.845238
0.387368 0.845238
0.387467 0.845238
0.387566 0.845238
0.387665 0.844612
0.387764 0.844612
0.387863 0.844612
0.387962 0.844612
0.388062 0.844612
0.388161 0.844612
0.388260 0.844612
0.388359 0.844612
0.388458 0.844612
0.388557 0.844612
0.388656 0.843985
0.388755 0.843985
0.388854 0.843985
0.388953 0.843985
0.389052 0.843985
0.389151 0.843985
0.389250 0.843985
0.389349 0.843985
0.389448 0.843985
0.389547 0.843358
0.389646 0.842732
0.389745 0.842732
0.389845 0.842732
0.389944 0.842732
0.390043 0.842732
0.390142 0.842732
0.390241 0.842732
0.390340 0.842732
0.390439 0.842732
0.390538 0.842732
0.390637 0.842732
0.390736 0.842732
0.390835 0.842732
0.390934 0.842732
0.391033 0.842732
0.391132 0.842732
0.391231 0.842732
0.391330 0.842732
0.391429 0.842732
0.391528 0.841479
0.391628 0.841479
0.391727 0.840852
0.391826 0.840852
0.391925 0.840852
0.392024 0.840852
0.392123 0.840852
0.392222 0.840852
0.392321 0.840852
0.392420 0.840852
0.392519 0.840852
0.392618 0.840852
0.392717 0.840852
0.392816 0.840852
0.392915 0.840852
0.393014 0.839599
0.393113 0.839599
0.393212 0.839599
0.393311 0.839599
0.393411 0.839599
0.393510 0.839599
0.393609 0.839599
0.393708 0.838972
0.393807 0.838972
0.393906 0.838972
0.394005 0.838972
0.394104 0.838972
0.394203 0.838972
0.394302 0.838972
0.394401 0.838972
0.394500 0.838972
0.394599 0.838972
0.394698 0.838972
0.394797 0.838346
0.394896 0.838346
0.394995 0.838346
0.395094 0.838346
0.395194 0.838346
0.395293 0.838346
0.395392 0.838346
0.395491 0.838346
0.395590 0.838346
0.395689 0.838346
0.395788 0.838346
0.395887 0.837093
0.395986 0.837093
0.396085 0.837093
0.396184 0.837093
0.396283 0.837093
0.396382 0.837093
0.396481 0.837093
0.396580 0.837093
0.396679 0.837093
0.396778 0.837093
0.396877 0.837093
0.396977 0.837093
0.397076 0.837093
0.397175 0.837093
0.397274 0.836466
0.397373 0.836466
0.397472 0.836466
0.397571 0.836466
0.397670 0.836466
0.397769 0.836466
0.397868 0.836466
0.397967 0.836466
0.398066 0.836466
0.398165 0.836466
0.398264 0.836466
0.398363 0.836466
0.398462 0.835840
0.398561 0.835840
0.398660 0.835840
0.398760 0.835840
0.398859 0.835840
0.398958 0.835840
0.399057 0.835840
0.399156 0.835840
0.399255 0.835840
0.399354 0.835840
0.399453 0.835840
0.399552 0.835840
0.399651 0.835840
0.399750 0.835840
0.399849 0.835840
0.399948 0.835840
0.400047 0.835840
0.400146 0.835840
0.400245 0.835840
0.400344 0.835840
0.400444 0.835840
0.400543 0.835840
0.400642 0.835840
0.400741 0.835840
0.400840 0.835840
0.400939 0.835840
0.401038 0.835840
0.401137 0.835840
0.401236 0.835840
0.401335 0.835840
0.401434 0.835840
0.401533 0.835840
0.401632 0.835840
0.401731 0.835840
0.401830 0.835840
0.401929 0.835840
0.402028 0.835840
0.402127 0.835840
0.402227 0.835213
0.402326 0.835213
0.402425 0.835213
0.402524 0.835213
0.402623 0.835213
0.402722 0.835213
0.402821 0.835213
0.402920 0.835213
0.403019 0.835213
0.403118 0.835213
0.403217 0.835213
0.403316 0.835213
0.403415 0.835213
0.403514 0.835213
0.403613 0.835213
0.403712 0.835213
0.403811 0.835213
0.403910 0.835213
0.404010 0.835213
0.404109 0.835213
0.404208 0.834586
0.404307 0.834586
0.404406 0.834586
0.404505 0.834586
0.404604 0.834586
0.404703 0.833960
0.404802 0.833333
0.404901 0.833333
0.405000 0.833333
0.405099 0.833333
0.405198 0.833333
0.405297 0.833333
0.405396 0.833333
0.405495 0.833333
0.405594 0.833333
0.405693 0.833333
0.405793 0.833333
0.405892 0.833333
0.405991 0.833333
0.406090 0.833333
0.406189 0.833333
0.406288 0.833333
0.406387 0.833333
0.406486 0.833333
0.406585 0.833333
0.406684 0.833333
0.406783 0.833333
0.406882 0.833333
0.406981 0.832707
0.407080 0.832707
0.407179 0.832707
0.407278 0.832707
0.407377 0.832707
0.407476 0.832707
0.407576 0.832707
0.407675 0.832707
0.407774 0.832707
0.407873 0.832707
0.407972 0.832707
0.408071 0.832707
0.408170 0.832707
0.408269 0.832707
0.408368 0.832707
0.408467 0.832080
0.408566 0.832080
0.408665 0.832080
0.408764 0.830827
0.408863 0.830827
0.408962 0.830827
0.409061 0.830827
0.409160 0.830827
0.409259 0.830827
0.409359 0.830827
0.409458 0.830827
0.409557 0.830827
0.409656 0.830827
0.409755 0.830827
0.409854 0.830827
0.409953 0.830827
0.410052 0.830827
0.410151 0.830827
0.410250 0.830827
0.410349 0.830827
0.410448 0.830827
0.410547 0.830827
0.410646 0.830827
0.410745 0.830827
0.410844 0.830827
0.410943 0.830827
0.411042 0.830827
0.411142 0.830827
0.411241 0.830827
0.411340 0.830827
0.411439 0.830827
0.411538 0.830827
0.411637 0.830827
0.411736 0.830827
0.411835 0.830201
0.411934 0.830201
0.412033 0.830201
0.412132 0.830201
0.412231 0.830201
0.412330 0.830201
0.412429 0.830201
0.412528 0.830201
0.412627 0.830201
0.412726 0.830201
0.412826 0.830201
0.412925 0.830201
0.413024 0.830201
0.413123 0.830201
0.413222 0.830201
0.413321 0.830201
0.413420 0.830201
0.413519 0.829574
0.413618 0.829574
0.413717 0.829574
0.413816 0.829574
0.413915 0.828947
0.414014 0.828947
0.414113 0.828947
0.414212 0.828947
0.414311 0.828947
0.414410 0.828947
0.414509 0.828947
0.414609 0.828947
0.414708 0.828947
0.414807 0.828947
0.414906 0.828947
0.415005 0.828947
0.415104 0.828947
0.415203 0.828947
0.415302 0.828947
0.415401 0.828947
0.415500 0.828947
0.415599 0.828947
0.415698 0.828947
0.415797 0.828947
0.415896 0.828947
0.415995 0.828947
0.416094 0.828947
0.416193 0.828947
0.416292 0.828947
0.416392 0.828947
0.416491 0.828947
0.416590 0.828947
0.416689 0.828947
0.416788 0.828947
0.416887 0.828947
0.416986 0.828947
0.417085 0.828947
0.417184 0.828947
0.417283 0.828947
0.417382 0.828947
0.417481 0.828947
0.417580 0.828947
0.417679 0.828947
0.417778 0.828947
0.417877 0.828947
0.417976 0.828947
0.418075 0.828947
0.418175 0.828947
0.418274 0.828947
0.418373 0.828947
0.418472 0.828947
0.418571 0.828947
0.418670 0.828947
0.418769 0.828947
0.418868 0.828947
0.418967 0.828947
0.419066 0.828947
0.419165 0.828947
0.419264 0.828947
0.419363 0.828947
0.419462 0.828947
0.419561 0.828947
0.419660 0.828947
0.419759 0.828947
0.419858 0.828947
0.419958 0.828321
0.420057 0.828321
0.420156 0.828321
0.420255 0.828321
0.420354 0.828321
0.420453 0.828321
0.420552 0.828321
0.420651 0.828321
0.420750 0.828321
0.420849 0.828321
0.420948 0.828321
0.421047 0.828321
0.421146 0.828321
0.421245 0.828321
0.421344 0.828321
0.421443 0.828321
0.421542 0.828321
0.421641 0.828321
0.421741 0.828321
0.421840 0.828321
0.421939 0.828321
0.422038 0.828321
0.422137 0.828321
0.422236 0.828321
0.422335 0.828321
0.422434 0.827694
0.422533 0.827694
0.422632 0.827068
0.422731 0.827068
0.422830 0.827068
0.422929 0.827068
0.423028 0.827068
0.423127 0.827068
0.423226 0.827068
0.423325 0.827068
0.423424 0.827068
0.423524 0.827068
0.423623 0.827068
0.423722 0.827068
0.423821 0.826441
0.423920 0.826441
0.424019 0.826441
0.424118 0.826441
0.424217 0.826441
0.424316 0.826441
0.424415 0.826441
0.424514 0.826441
0.424613 0.826441
0.424712 0.826441
0.424811 0.826441
0.424910 0.826441
0.425009 0.826441
0.425108 0.826441
0.425207 0.825815
0.425307 0.825188
0.425406 0.825188
0.425505 0.825188
0.425604 0.825188
0.425703 0.825188
0.425802 0.824561
0.425901 0.823935
0.426000 0.823935
0.426099 0.823935
0.426198 0.823935
0.426297 0.823935
0.426396 0.823935
0.426495 0.823935
0.426594 0.823935
0.426693 0.823935
0.426792 0.823935
0.426891 0.823935
0.426991 0.823935
0.427090 0.823935
0.427189 0.823935
0.427288 0.823935
0.427387 0.823935
0.427486 0.823935
0.427585 0.823935
0.427684 0.823935
0.427783 0.823935
0.427882 0.823935
0.427981 0.823935
0.428080 0.823935
0.428179 0.823935
0.428278 0.823935
0.428377 0.823935
0.428476 0.823935
0.428575 0.823935
0.428674 0.823935
0.428774 0.823935
0.428873 0.823935
0.428972 0.823935
0.429071 0.823935
0.429170 0.823935
0.429269 0.823935
0.429368 0.823935
0.429467 0.823935
0.429566 0.823935
0.429665 0.823935
0.429764 0.823935
0.429863 0.823935
0.429962 0.823935
0.430061 0.823935
0.430160 0.823935
0.430259 0.823935
0.430358 0.823935
0.430457 0.823935
0.430557 0.823935
0.430656 0.823935
0.430755 0.823935
0.430854 0.823935
0.430953 0.823308
0.431052 0.823308
0.431151 0.823308
0.431250 0.823308
0.431349 0.823308
0.431448 0.823308
0.431547 0.823308
0.431646 0.822682
0.431745 0.822682
0.431844 0.822682
0.431943 0.822682
0.432042 0.822055
0.432141 0.822055
0.432240 0.821429
0.432340 0.821429
0.432439 0.821429
0.432538 0.821429
0.432637 0.821429
0.432736 0.821429
0.432835 0.821429
0.432934 0.821429
0.433033 0.821429
0.433132 0.821429
0.433231 0.821429
0.433330 0.821429
0.433429 0.821429
0.433528 0.821429
0.433627 0.821429
0.433726 0.821429
0.433825 0.821429
0.433924 0.821429
0.434023 0.821429
0.434123 0.820802
0.434222 0.820802
0.434321 0.820802
0.434420 0.820802
0.434519 0.820802
0.434618 0.820802
0.434717 0.820802
0.434816 0.820802
0.434915 0.820802
0.435014 0.820802
0.435113 0.820802
0.435212 0.820802
0.435311 0.820802
0.435410 0.820802
0.435509 0.820802
0.435608 0.820802
0.435707 0.820802
0.435806 0.820802
0.435906 0.820175
0.436005 0.820175
0.436104 0.820175
0.436203 0.820175
0.436302 0.820175
0.436401 0.820175
0.436500 0.820175
0.436599 0.820175
0.436698 0.820175
0.436797 0.820175
0.436896 0.819549
0.436995 0.819549
0.437094 0.819549
0.437193 0.818922
0.437292 0.818296
0.437391 0.818296
0.437490 0.818296
0.437589 0.818296
0.437689 0.818296
0.437788 0.818296
0.437887 0.818296
0.437986 0.818296
0.438085 0.818296
0.438184 0.818296
0.438283 0.818296
0.438382 0.818296
0.438481 0.818296
0.438580 0.818296
0.438679 0.817669
0.438778 0.817669
0.438877 0.817669
0.438976 0.817669
0.439075 0.817669
0.439174 0.817669
0.439273 0.817669
0.439372 0.817043
0.439472 0.817043
0.439571 0.817043
0.439670 0.817043
0.439769 0.817043
0.439868 0.817043
0.439967 0.817043
0.440066 0.817043
0.440165 0.817043
0.440264 0.817043
0.440363 0.817043
0.440462 0.817043
0.440561 0.817043
0.440660 0.816416
0.440759 0.816416
0.440858 0.816416
0.440957 0.816416
0.441056 0.816416
0.441156 0.816416
0.441255 0.816416
0.441354 0.816416
0.441453 0.816416
0.441552 0.816416
0.441651 0.816416
0.441750 0.816416
0.441849 0.816416
0.441948 0.816416
0.442047 0.816416
0.442146 0.816416
0.442245 0.816416
0.442344 0.816416
0.442443 0.816416
0.442542 0.816416
0.442641 0.816416
0.442740 0.816416
0.442839 0.816416
0.442939 0.816416
0.443038 0.816416
0.443137 0.816416
0.443236 0.816416
0.443335 0.816416
0.443434 0.816416
0.443533 0.816416
0.443632 0.816416
0.443731 0.816416
0.443830 0.816416
0.443929 0.816416
0.444028 0.816416
0.444127 0.816416
0.444226 0.816416
0.444325 0.816416
0.444424 0.815789
0.444523 0.815789
0.444622 0.815789
0.444722 0.815789
0.444821 0.815789
0.444920 0.815789
0.445019 0.815789
0.445118 0.815789
0.445217 0.815789
0.445316 0.815789
0.445415 0.815163
0.445514 0.814536
0.445613 0.814536
0.445712 0.814536
0.445811 0.814536
0.445910 0.814536
0.446009 0.813910
0.446108 0.813910
0.446207 0.813910
0.446306 0.813910
0.446405 0.813910
0.446505 0.813910
0.446604 0.813910
0.446703 0.813283
0.446802 0.813283
0.446901 0.813283
0.447000 0.813283
0.447099 0.813283
0.447198 0.813283
0.447297 0.813283
0.447396 0.813283
0.447495 0.813283
0.447594 0.813283
0.447693 0.813283
0.447792 0.812657
0.447891 0.812657
0.447990 0.812657
0.448089 0.812030
0.448188 0.812030
0.448288 0.811404
0.448387 0.811404
0.448486 0.811404
0.448585 0.811404
0.448684 0.811404
0.448783 0.811404
0.448882 0.811404
0.448981 0.811404
0.449080 0.811404
0.449179 0.811404
0.449278 0.811404
0.449377 0.811404
0.449476 0.811404
0.449575 0.811404
0.449674 0.811404
0.449773 0.811404
0.449872 0.811404
0.449971 0.811404
0.450071 0.811404
0.450170 0.811404
0.450269 0.811404
0.450368 0.811404
0.450467 0.811404
0.450566 0.811404
0.450665 0.811404
0.450764 0.811404
0.450863 0.811404
0.450962 0.811404
0.451061 0.811404
0.451160 0.811404
0.451259 0.811404
0.451358 0.811404
0.451457 0.811404
0.451556 0.811404
0.451655 0.811404
0.451754 0.811404
0.451854 0.811404
0.451953 0.811404
0.452052 0.811404
0.452151 0.810777
0.452250 0.810777
0.452349 0.810777
0.452448 0.810777
0.452547 0.810777
0.452646 0.810777
0.452745 0.810777
0.452844 0.810777
0.452943 0.810777
0.453042 0.810777
0.453141 0.810777
0.453240 0.810777
0.453339 0.810777
0.453438 0.810777
0.453537 0.810777
0.453637 0.810777
0.453736 0.810777
0.453835 0.810150
0.453934 0.810150
0.454033 0.810150
0.454132 0.810150
0.454231 0.810150
0.454330 0.810150
0.454429 0.810150
0.454528 0.810150
0.454627 0.810150
0.454726 0.810150
0.454825 0.810150
0.454924 0.810150
0.455023 0.810150
0.455122 0.810150
0.455221 0.810150
0.455321 0.810150
0.455420 0.810150
0.455519 0.810150
0.455618 0.810150
0.455717 0.810150
0.455816 0.810150
0.455915 0.810150
0.456014 0.810150
0.456113 0.810150
0.456212 0.810150
0.456311 0.810150
0.456410 0.810150
0.456509 0.810150
0.456608 0.810150
0.456707 0.810150
0.456806 0.810150
0.456905 0.810150
0.457004 0.810150
0.457104 0.810150
0.457203 0.810150
0.457302 0.810150
0.457401 0.810150
0.457500 0.810150
0.457599 0.810150
0.457698 0.810150
0.457797 0.810150
0.457896 0.810150
0.457995 0.810150
0.458094 0.810150
0.458193 0.810150
0.458292 0.810150
0.458391 0.810150
0.458490 0.810150
0.458589 0.810150
0.458688 0.810150
0.458787 0.810150
0.458887 0.810150
0.458986 0.810150
0.459085 0.810150
0.459184 0.810150
0.459283 0.810150
0.459382 0.810150
0.459481 0.810150
0.459580 0.809524
0.459679 0.808897
0.459778 0.808897
0.459877 0.808897
0.459976 0.808897
0.460075 0.808897
0.460174 0.808897
0.460273 0.808897
0.460372 0.808897
0.460471 0.808271
0.460570 0.808271
0.460670 0.808271
0.460769 0.808271
0.460868 0.808271
0.460967 0.808271
0.461066 0.808271
0.461165 0.808271
0.461264 0.808271
0.461363 0.808271
0.461462 0.808271
0.461561 0.808271
0.461660 0.808271
0.461759 0.808271
0.461858 0.808271
0.461957 0.808271
0.462056 0.808271
0.462155 0.807018
0.462254 0.807018
0.462353 0.807018
0.462453 0.807018
0.462552 0.807018
0.462651 0.807018
0.462750 0.807018
0.462849 0.807018
0.462948 0.807018
0.463047 0.807018
0.463146 0.807018
0.463245 0.807018
0.463344 0.807018
0.463443 0.807018
0.463542 0.807018
0.463641 0.807018
0.463740 0.807018
0.463839 0.807018
0.463938 0.807018
0.464037 0.807018
0.464136 0.807018
0.464236 0.807018
0.464335 0.807018
0.464434 0.807018
0.464533 0.807018
0.464632 0.807018
0.464731 0.807018
0.464830 0.807018
0.464929 0.807018
0.465028 0.807018
0.465127 0.807018
0.465226 0.807018
0.465325 0.807018
0.465424 0.807018
0.465523 0.807018
0.465622 0.806391
0.465721 0.806391
0.465820 0.806391
0.465919 0.805764
0.466019 0.805764
0.466118 0.805764
0.466217 0.805764
0.466316 0.805764
0.466415 0.805764
0.466514 0.805764
0.466613 0.805764
0.466712 0.805764
0.466811 0.805764
0.466910 0.805764
0.467009 0.805764
0.467108 0.805764
0.467207 0.805764
0.467306 0.805764
0.467405 0.805764
0.467504 0.805764
0.467603 0.805764
0.467703 0.805138
0.467802 0.805138
0.467901 0.804511
0.468000 0.804511
0.468099 0.804511
0.468198 0.804511
0.468297 0.803885
0.468396 0.803885
0.468495 0.803258
0.468594 0.803258
0.468693 0.803258
0.468792 0.803258
0.468891 0.803258
0.468990 0.803258
0.469089 0.803258
0.469188 0.803258
0.469287 0.803258
0.469386 0.803258
0.469486 0.803258
0.469585 0.803258
0.469684 0.803258
0.469783 0.803258
0.469882 0.803258
0.469981 0.803258
0.470080 0.803258
0.470179 0.803258
0.470278 0.803258
0.470377 0.803258
0.470476 0.803258
0.470575 0.803258
0.470674 0.803258
0.470773 0.803258
0.470872 0.803258
0.470971 0.803258
0.471070 0.803258
0.471169 0.803258
0.471269 0.803258
0.471368 0.803258
0.471467 0.803258
0.471566 0.803258
0.471665 0.803258
0.471764 0.803258
0.471863 0.803258
0.471962 0.803258
0.472061 0.803258
0.472160 0.803258
0.472259 0.802632
0.472358 0.802632
0.472457 0.802632
0.472556 0.802632
0.472655 0.802632
0.472754 0.802632
0.472853 0.802632
0.472952 0.802005
0.473052 0.802005
0.473151 0.802005
0.473250 0.802005
0.473349 0.802005
0.473448 0.802005
0.473547 0.802005
0.473646 0.802005
0.473745 0.802005
0.473844 0.802005
0.473943 0.802005
0.474042 0.802005
0.474141 0.802005
0.474240 0.802005
0.474339 0.802005
0.474438 0.802005
0.474537 0.802005
0.474636 0.802005
0.474735 0.802005
0.474835 0.802005
0.474934 0.802005
0.475033 0.802005
0.475132 0.802005
0.475231 0.801378
0.475330 0.801378
0.475429 0.801378
0.475528 0.801378
0.475627 0.801378
0.475726 0.801378
0.475825 0.801378
0.475924 0.801378
0.476023 0.801378
0.476122 0.800752
0.476221 0.800752
0.476320 0.800752
0.476419 0.800752
0.476518 0.800125
0.476618 0.800125
0.476717 0.800125
0.476816 0.799499
0.476915 0.798872
0.477014 0.798872
0.477113 0.798872
0.477212 0.798872
0.477311 0.798872
0.477410 0.798872
0.477509 0.798872
0.477608 0.798872
0.477707 0.798872
0.477806 0.798872
0.477905 0.798872
0.478004 0.798872
0.478103 0.798872
0.478202 0.798872
0.478301 0.798872
0.478401 0.798872
0.478500 0.798872
0.478599 0.798872
0.478698 0.798872
0.478797 0.798872
0.478896 0.798872
0.478995 0.798872
0.479094 0.798872
0.479193 0.798872
0.479292 0.798872
0.479391 0.798872
0.479490 0.798872
0.479589 0.798872
0.479688 0.798872
0.479787 0.798872
0.479886 0.798872
0.479985 0.798872
0.480084 0.798872
0.480184 0.798872
0.480283 0.798246
0.480382 0.798246
0.480481 0.798246
0.480580 0.798246
0.480679 0.798246
0.480778 0.798246
0.480877 0.797619
0.480976 0.797619
0.481075 0.797619
0.481174 0.797619
0.481273 0.797619
0.481372 0.797619
0.481471 0.797619
0.481570 0.797619
0.481669 0.797619
0.481768 0.797619
0.481868 0.797619
0.481967 0.797619
0.482066 0.797619
0.482165 0.797619
0.482264 0.797619
0.482363 0.797619
0.482462 0.797619
0.482561 0.797619
0.482660 0.797619
0.482759 0.797619
0.482858 0.797619
0.482957 0.797619
0.483056 0.797619
0.483155 0.797619
0.483254 0.797619
0.483353 0.797619
0.483452 0.797619
0.483551 0.797619
0.483651 0.797619
0.483750 0.797619
0.483849 0.796992
0.483948 0.796992
0.484047 0.796992
0.484146 0.796992
0.484245 0.796992
0.484344 0.796992
0.484443 0.796992
0.484542 0.796992
0.484641 0.796366
0.484740 0.796366
0.484839 0.796366
0.484938 0.796366
0.485037 0.796366
0.485136 0.796366
0.485235 0.796366
0.485334 0.796366
0.485434 0.796366
0.485533 0.796366
0.485632 0.796366
0.485731 0.795739
0.485830 0.795739
0.485929 0.795739
0.486028 0.795739
0.486127 0.795739
0.486226 0.795739
0.486325 0.795739
0.486424 0.795113
0.486523 0.795113
0.486622 0.795113
0.486721 0.795113
0.486820 0.795113
0.486919 0.795113
0.487018 0.795113
0.487117 0.795113
0.487217 0.795113
0.487316 0.795113
0.487415 0.795113
0.487514 0.795113
0.487613 0.795113
0.487712 0.795113
0.487811 0.795113
0.487910 0.795113
0.488009 0.795113
0.488108 0.795113
0.488207 0.795113
0.488306 0.795113
0.488405 0.795113
0.488504 0.795113
0.488603 0.794486
0.488702 0.794486
0.488801 0.794486
0.488900 0.794486
0.489000 0.794486
0.489099 0.794486
0.489198 0.794486
0.489297 0.794486
0.489396 0.794486
0.489495 0.794486
0.489594 0.794486
0.489693 0.794486
0.489792 0.793860
0.489891 0.793860
0.489990 0.793860
0.490089 0.793860
0.490188 0.793860
0.490287 0.793860
0.490386 0.793860
0.490485 0.793860
0.490584 0.793860
0.490683 0.793860
0.490783 0.793860
0.490882 0.793860
0.490981 0.793860
0.491080 0.793860
0.491179 0.793860
0.491278 0.793860
0.491377 0.793860
0.491476 0.793860
0.491575 0.793860
0.491674 0.793860
0.491773 0.793860
0.491872 0.793860
0.491971 0.793233
0.492070 0.793233
0.492169 0.792607
0.492268 0.792607
0.492367 0.792607
0.492466 0.792607
0.492566 0.792607
0.492665 0.792607
0.492764 0.792607
0.492863 0.791980
0.492962 0.791353
0.493061 0.791353
0.493160 0.791353
0.493259 0.791353
0.493358 0.791353
0.493457 0.791353
0.493556 0.791353
0.493655 0.791353
0.493754 0.790100
0.493853 0.790100
0.493952 0.789474
0.494051 0.789474
0.494150 0.789474
0.494249 0.789474
0.494349 0.789474
0.494448 0.789474
0.494547 0.789474
0.494646 0.789474
0.494745 0.789474
0.494844 0.789474
0.494943 0.789474
0.495042 0.789474
0.495141 0.789474
0.495240 0.788847
0.495339 0.788847
0.495438 0.788847
0.495537 0.788221
0.495636 0.788221
0.495735 0.788221
0.495834 0.788221
0.495933 0.788221
0.496033 0.788221
0.496132 0.788221
0.496231 0.788221
0.496330 0.787594
0.496429 0.787594
0.496528 0.787594
0.496627 0.787594
0.496726 0.787594
0.496825 0.787594
0.496924 0.787594
0.497023 0.787594
0.497122 0.787594
0.497221 0.787594
0.497320 0.787594
0.497419 0.787594
0.497518 0.787594
0.497617 0.787594
0.497716 0.787594
0.497816 0.787594
0.497915 0.787594
0.498014 0.787594
0.498113 0.787594
0.498212 0.786967
0.498311 0.786967
0.498410 0.786967
0.498509 0.786967
0.498608 0.786967
0.498707 0.786967
0.498806 0.786967
0.498905 0.786967
0.499004 0.786967
0.499103 0.786967
0.499202 0.786967
0.499301 0.786967
0.499400 0.786967
0.499499 0.786967
0.499599 0.786967
0.499698 0.786967
0.499797 0.786967
0.499896 0.786967
0.499995 0.786967
0.500094 0.786967
0.500193 0.786967
0.500292 0.786967
0.500391 0.786967
0.500490 0.786967
0.500589 0.786967
0.500688 0.786967
0.500787 0.786967
0.500886 0.786967
0.500985 0.786967
0.501084 0.786967
0.501183 0.786967
0.501282 0.786967
0.501382 0.786967
0.501481 0.786967
0.501580 0.786967
0.501679 0.786967
0.501778 0.786341
0.501877 0.786341
0.501976 0.785714
0.502075 0.785714
0.502174 0.785714
0.502273 0.785714
0.502372 0.785714
0.502471 0.785714
0.502570 0.785088
0.502669 0.784461
0.502768 0.783835
0.502867 0.783835
0.502966 0.783835
0.503065 0.783835
0.503165 0.783835
0.503264 0.783835
0.503363 0.783835
0.503462 0.783835
0.503561 0.783835
0.503660 0.783835
0.503759 0.783835
0.503858 0.783835
0.503957 0.783835
0.504056 0.783835
0.504155 0.783835
0.504254 0.783835
0.504353 0.783835
0.504452 0.783835
0.504551 0.783835
0.504650 0.783835
0.504749 0.783835
0.504848 0.783835
0.504948 0.783835
0.505047 0.783835
0.505146 0.783835
0.505245 0.783835
0.505344 0.783835
0.505443 0.783835
0.505542 0.783835
0.505641 0.783835
0.505740 0.783835
0.505839 0.783835
0.505938 0.783835
0.506037 0.783835
0.506136 0.783835
0.506235 0.783835
0.506334 0.783835
0.506433 0.783835
0.506532 0.783835
0.506631 0.783835
0.506731 0.783835
0.506830 0.783835
0.506929 0.783835
0.507028 0.783835
0.507127 0.783835
0.507226 0.783835
0.507325 0.783835
0.507424 0.783835
0.507523 0.783835
0.507622 0.783835
0.507721 0.783835
0.507820 0.783835
0.507919 0.783208
0.508018 0.783208
0.508117 0.783208
0.508216 0.783208
0.508315 0.783208
0.508415 0.783208
0.508514 0.783208
0.508613 0.783208
0.508712 0.783208
0.508811 0.783208
0.508910 0.783208
0.509009 0.783208
0.509108 0.783208
0.509207 0.783208
0.509306 0.782581
0.509405 0.782581
0.509504 0.782581
0.509603 0.782581
0.509702 0.782581
0.509801 0.782581
0.509900 0.782581
0.509999 0.782581
0.510098 0.782581
0.510198 0.782581
0.510297 0.782581
0.510396 0.782581
0.510495 0.782581
0.510594 0.782581
0.510693 0.782581
0.510792 0.782581
0.510891 0.782581
0.510990 0.782581
0.511089 0.782581
0.511188 0.782581
0.511287 0.782581
0.511386 0.782581
0.511485 0.782581
0.511584 0.782581
0.511683 0.782581
0.511782 0.782581
0.511881 0.782581
0.511981 0.782581
0.512080 0.782581
0.512179 0.782581
0.512278 0.782581
0.512377 0.782581
0.512476 0.782581
0.512575 0.782581
0.512674 0.782581
0.512773 0.782581
0.512872 0.782581
0.512971 0.781955
0.513070 0.781955
0.513169 0.781955
0.513268 0.781955
0.513367 0.781955
0.513466 0.781955
0.513565 0.781955
0.513664 0.781955
0.513764 0.781955
0.513863 0.781955
0.513962 0.781955
0.514061 0.781955
0.514160 0.781955
0.514259 0.781955
0.514358 0.781955
0.514457 0.781328
0.514556 0.781328
0.514655 0.781328
0.514754 0.781328
0.514853 0.781328
0.514952 0.781328
0.515051 0.781328
0.515150 0.781328
0.515249 0.781328
0.515348 0.781328
0.515447 0.781328
0.515547 0.780702
0.515646 0.780702
0.515745 0.780075
0.515844 0.780075
0.515943 0.780075
0.516042 0.779449
0.516141 0.779449
0.516240 0.779449
0.516339 0.779449
0.516438 0.779449
0.516537 0.779449
0.516636 0.779449
0.516735 0.779449
0.516834 0.779449
0.516933 0.779449
0.517032 0.779449
0.517131 0.779449
0.517230 0.779449
0.517330 0.779449
0.517429 0.779449
0.517528 0.778822
0.517627 0.778822
0.517726 0.778822
0.517825 0.778822
0.517924 0.778822
0.518023 0.778822
0.518122 0.778822
0.518221 0.778822
0.518320 0.778822
0.518419 0.778822
0.518518 0.778822
0.518617 0.778195
0.518716 0.778195
0.518815 0.778195
0.518914 0.778195
0.519013 0.778195
0.519113 0.777569
0.519212 0.776942
0.519311 0.776942
0.519410 0.776942
0.519509 0.776316
0.519608 0.776316
0.519707 0.776316
0.519806 0.776316
0.519905 0.776316
0.520004 0.776316
0.520103 0.776316
0.520202 0.776316
0.520301 0.775689
0.520400 0.775689
0.520499 0.775689
0.520598 0.775689
0.520697 0.775689
0.520796 0.775689
0.520896 0.775689
0.520995 0.775689
0.521094 0.775689
0.521193 0.775689
0.521292 0.775689
0.521391 0.775689
0.521490 0.775689
0.521589 0.775689
0.521688 0.775689
0.521787 0.775689
0.521886 0.775689
0.521985 0.775689
0.522084 0.775689
0.522183 0.775689
0.522282 0.775689
0.522381 0.775689
0.522480 0.775689
0.522580 0.775689
0.522679 0.775689
0.522778 0.775689
0.522877 0.775689
0.522976 0.775689
0.523075 0.775689
0.523174 0.775689
0.523273 0.775063
0.523372 0.774436
0.523471 0.774436
0.523570 0.773810
0.523669 0.773810
0.523768 0.773810
0.523867 0.773810
0.523966 0.773810
0.524065 0.773183
0.524164 0.773183
0.524263 0.773183
0.524363 0.773183
0.524462 0.773183
0.524561 0.773183
0.524660 0.773183
0.524759 0.773183
0.524858 0.773183
0.524957 0.773183
0.525056 0.773183
0.525155 0.772556
0.525254 0.772556
0.525353 0.772556
0.525452 0.772556
0.525551 0.772556
0.525650 0.772556
0.525749 0.772556
0.525848 0.772556
0.525947 0.771930
0.526046 0.771930
0.526146 0.771930
0.526245 0.771930
0.526344 0.771930
0.526443 0.771930
0.526542 0.771930
0.526641 0.771930
0.526740 0.771303
0.526839 0.771303
0.526938 0.771303
0.527037 0.771303
0.527136 0.771303
0.527235 0.771303
0.527334 0.771303
0.527433 0.771303
0.527532 0.771303
0.527631 0.771303
0.527730 0.770677
0.527829 0.770677
0.527929 0.770050
0.528028 0.769424
0.528127 0.769424
0.528226 0.769424
0.528325 0.769424
0.528424 0.769424
0.528523 0.769424
0.528622 0.768797
0.528721 0.768797
0.528820 0.768797
0.528919 0.768797
0.529018 0.768797
0.529117 0.768797
0.529216 0.768797
0.529315 0.768797
0.529414 0.768797
0.529513 0.768797
0.529612 0.768797
0.529712 0.768797
0.529811 0.768797
0.529910 0.768797
0.530009 0.768797
0.530108 0.768170
0.530207 0.768170
0.530306 0.768170
0.530405 0.768170
0.530504 0.768170
0.530603 0.768170
0.530702 0.768170
0.530801 0.768170
0.530900 0.768170
0.530999 0.768170
0.531098 0.767544
0.531197 0.766917
0.531296 0.766917
0.531395 0.766917
0.531495 0.766917
0.531594 0.766917
0.531693 0.766917
0.531792 0.766917
0.531891 0.766917
0.531990 0.766917
0.532089 0.766917
0.532188 0.766917
0.532287 0.766917
0.532386 0.766917
0.532485 0.766917
0.532584 0.766917
0.532683 0.766917
0.532782 0.766917
0.532881 0.766917
0.532980 0.765664
0.533079 0.765664
0.533178 0.765664
0.533278 0.765664
0.533377 0.765664
0.533476 0.765664
0.533575 0.765664
0.533674 0.765664
0.533773 0.765664
0.533872 0.765664
0.533971 0.765664
0.534070 0.765664
0.534169 0.765664
0.534268 0.765664
0.534367 0.765664
0.534466 0.765664
0.534565 0.765664
0.534664 0.765664
0.534763 0.765664
0.534862 0.765664
0.534961 0.765664
0.535061 0.765664
0.535160 0.765664
0.535259 0.765664
0.535358 0.765664
0.535457 0.765664
0.535556 0.765664
0.535655 0.765664
0.535754 0.765664
0.535853 0.765664
0.535952 0.765664
0.536051 0.765038
0.536150 0.765038
0.536249 0.765038
0.536348 0.765038
0.536447 0.765038
0.536546 0.765038
0.536645 0.765038
0.536745 0.765038
0.536844 0.765038
0.536943 0.765038
0.537042 0.765038
0.537141 0.764411
0.537240 0.764411
0.537339 0.764411
0.537438 0.764411
0.537537 0.764411
0.537636 0.764411
0.537735 0.764411
0.537834 0.764411
0.537933 0.764411
0.538032 0.764411
0.538131 0.764411
0.538230 0.764411
0.538329 0.764411
0.538428 0.764411
0.538528 0.764411
0.538627 0.764411
0.538726 0.764411
0.538825 0.764411
0.538924 0.764411
0.539023 0.764411
0.539122 0.764411
0.539221 0.764411
0.539320 0.764411
0.539419 0.763784
0.539518 0.763784
0.539617 0.763784
0.539716 0.763158
0.539815 0.763158
0.539914 0.762531
0.540013 0.762531
0.540112 0.762531
0.540211 0.762531
0.540311 0.762531
0.540410 0.762531
0.540509 0.762531
0.540608 0.762531
0.540707 0.762531
0.540806 0.762531
0.540905 0.762531
0.541004 0.762531
0.541103 0.762531
0.541202 0.762531
0.541301 0.762531
0.541400 0.761278
0.541499 0.761278
0.541598 0.761278
0.541697 0.761278
0.541796 0.761278
0.541895 0.761278
0.541994 0.761278
0.542094 0.761278
0.542193 0.761278
0.542292 0.761278
0.542391 0.761278
0.542490 0.761278
0.542589 0.761278
0.542688 0.761278
0.542787 0.761278
0.542886 0.761278
0.542985 0.761278
0.543084 0.761278
0.543183 0.761278
0.543282 0.760652
0.543381 0.760652
0.543480 0.760652
0.543579 0.760652
0.543678 0.760652
0.543777 0.760652
0.543877 0.760652
0.543976 0.760652
0.544075 0.760652
0.544174 0.760652
0.544273 0.760652
0.544372 0.760652
0.544471 0.760652
0.544570 0.760652
0.544669 0.760652
0.544768 0.760652
0.544867 0.760652
0.544966 0.760652
0.545065 0.760652
0.545164 0.760652
0.545263 0.760652
0.545362 0.760652
0.545461 0.760652
0.545560 0.760652
0.545660 0.760025
0.545759 0.760025
0.545858 0.759398
0.545957 0.759398
0.546056 0.759398
0.546155 0.759398
0.546254 0.759398
0.546353 0.759398
0.546452 0.759398
0.546551 0.758772
0.546650 0.758772
0.546749 0.758772
0.546848 0.758772
0.546947 0.758145
0.547046 0.758145
0.547145 0.758145
0.547244 0.757519
0.547343 0.757519
0.547443 0.757519
0.547542 0.756892
0.547641 0.756892
0.547740 0.756892
0.547839 0.756892
0.547938 0.756892
0.548037 0.756892
0.548136 0.756892
0.548235 0.756266
0.548334 0.756266
0.548433 0.756266
0.548532 0.756266
0.548631 0.755639
0.548730 0.755013
0.548829 0.755013
0.548928 0.755013
0.549027 0.755013
0.549127 0.755013
0.549226 0.755013
0.549325 0.755013
0.549424 0.755013
0.549523 0.755013
0.549622 0.755013
0.549721 0.755013
0.549820 0.755013
0.549919 0.755013
0.550018 0.755013
0.550117 0.755013
0.550216 0.755013
0.550315 0.755013
0.550414 0.754386
0.550513 0.754386
0.550612 0.754386
0.550711 0.754386
0.550810 0.754386
0.550910 0.754386
0.551009 0.754386
0.551108 0.754386
0.551207 0.754386
0.551306 0.754386
0.551405 0.754386
0.551504 0.754386
0.551603 0.754386
0.551702 0.754386
0.551801 0.754386
0.551900 0.754386
0.551999 0.754386
0.552098 0.754386
0.552197 0.754386
0.552296 0.754386
0.552395 0.754386
0.552494 0.754386
0.552593 0.754386
0.552693 0.754386
0.552792 0.754386
0.552891 0.754386
0.552990 0.754386
0.553089 0.754386
0.553188 0.754386
0.553287 0.754386
0.553386 0.754386
0.553485 0.754386
0.553584 0.753759
0.553683 0.753759
0.553782 0.753759
0.553881 0.753759
0.553980 0.753133
0.554079 0.753133
0.554178 0.753133
0.554277 0.753133
0.554376 0.753133
0.554476 0.753133
0.554575 0.752506
0.554674 0.752506
0.554773 0.752506
0.554872 0.752506
0.554971 0.752506
0.555070 0.752506
0.555169 0.752506
0.555268 0.752506
0.555367 0.751880
0.555466 0.751880
0.555565 0.751880
0.555664 0.751880
0.555763 0.751880
0.555862 0.751253
0.555961 0.751253
0.556060 0.751253
0.556159 0.751253
0.556259 0.751253
0.556358 0.751253
0.556457 0.751253
0.556556 0.751253
0.556655 0.751253
0.556754 0.751253
0.556853 0.751253
0.556952 0.751253
0.557051 0.750627
0.557150 0.750627
0.557249 0.750627
0.557348 0.750627
0.557447 0.750627
0.557546 0.750627
0.557645 0.750627
0.557744 0.750627
0.557843 0.750627
0.557942 0.750627
0.558042 0.750000
0.558141 0.750000
0.558240 0.750000
0.558339 0.750000
0.558438 0.749373
0.558537 0.749373
0.558636 0.749373
0.558735 0.749373
0.558834 0.749373
0.558933 0.748747
0.559032 0.748747
0.559131 0.748747
0.559230 0.748747
0.559329 0.748120
0.559428 0.748120
0.559527 0.748120
0.559626 0.748120
0.559725 0.748120
0.559825 0.748120
0.559924 0.748120
0.560023 0.748120
0.560122 0.748120
0.560221 0.748120
0.560320 0.748120
0.560419 0.748120
0.560518 0.748120
0.560617 0.748120
0.560716 0.748120
0.560815 0.747494
0.560914 0.747494
0.561013 0.747494
0.561112 0.747494
0.561211 0.746867
0.561310 0.746867
0.561409 0.746867
0.561508 0.746867
0.561608 0.746867
0.561707 0.746867
0.561806 0.746867
0.561905 0.746867
0.562004 0.746867
0.562103 0.746867
0.562202 0.746867
0.562301 0.746867
0.562400 0.746867
0.562499 0.746241
0.562598 0.746241
0.562697 0.746241
0.562796 0.746241
0.562895 0.746241
0.562994 0.746241
0.563093 0.746241
0.563192 0.745614
0.563292 0.745614
0.563391 0.745614
0.563490 0.745614
0.563589 0.744987
0.563688 0.744987
0.563787 0.744987
0.563886 0.744987
0.563985 0.744987
0.564084 0.744987
0.564183 0.744987
0.564282 0.744987
0.564381 0.744987
0.564480 0.744987
0.564579 0.744987
0.564678 0.744987
0.564777 0.744987
0.564876 0.744987
0.564975 0.744987
0.565075 0.744987
0.565174 0.744987
0.565273 0.744987
0.565372 0.744987
0.565471 0.744987
0.565570 0.744987
0.565669 0.744987
0.565768 0.744987
0.565867 0.744987
0.565966 0.744987
0.566065 0.744987
0.566164 0.744987
0.566263 0.744987
0.566362 0.744987
0.566461 0.744987
0.566560 0.744987
0.566659 0.744987
0.566758 0.744987
0.566858 0.744987
0.566957 0.744987
0.567056 0.744987
0.567155 0.744987
0.567254 0.744987
0.567353 0.744987
0.567452 0.744361
0.567551 0.743734
0.567650 0.743108
0.567749 0.743108
0.567848 0.742481
0.567947 0.742481
0.568046 0.742481
0.568145 0.742481
0.568244 0.742481
0.568343 0.742481
0.568442 0.742481
0.568541 0.742481
0.568641 0.741855
0.568740 0.741855
0.568839 0.741855
0.568938 0.741855
0.569037 0.741855
0.569136 0.741855
0.569235 0.741855
0.569334 0.741855
0.569433 0.741855
0.569532 0.741855
0.569631 0.741855
0.569730 0.741855
0.569829 0.741855
0.569928 0.741855
0.570027 0.741855
0.570126 0.741855
0.570225 0.741855
0.570324 0.741855
0.570424 0.741855
0.570523 0.741855
0.570622 0.741855
0.570721 0.741855
0.570820 0.741855
0.570919 0.741855
0.571018 0.741855
0.571117 0.741855
0.571216 0.741855
0.571315 0.741855
0.571414 0.741855
0.571513 0.741855
0.571612 0.741855
0.571711 0.741855
0.571810 0.741855
0.571909 0.741228
0.572008 0.741228
0.572107 0.741228
0.572207 0.740602
0.572306 0.740602
0.572405 0.740602
0.572504 0.739975
0.572603 0.739975
0.572702 0.739975
0.572801 0.739975
0.572900 0.739975
0.572999 0.739975
0.573098 0.739975
0.573197 0.739975
0.573296 0.739975
0.573395 0.739975
0.573494 0.739975
0.573593 0.739975
0.573692 0.739975
0.573791 0.739975
0.573890 0.739975
0.573990 0.739975
0.574089 0.739975
0.574188 0.739975
0.574287 0.739975
0.574386 0.739975
0.574485 0.739348
0.574584 0.739348
0.574683 0.738722
0.574782 0.738722
0.574881 0.738722
0.574980 0.738722
0.575079 0.738095
0.575178 0.738095
0.575277 0.738095
0.575376 0.738095
0.575475 0.738095
0.575574 0.738095
0.575673 0.738095
0.575773 0.738095
0.575872 0.738095
0.575971 0.738095
0.576070 0.738095
0.576169 0.737469
0.576268 0.737469
0.576367 0.737469
0.576466 0.737469
0.576565 0.737469
0.576664 0.737469
0.576763 0.737469
0.576862 0.737469
0.576961 0.737469
0.577060 0.737469
0.577159 0.737469
0.577258 0.737469
0.577357 0.737469
0.577457 0.737469
0.577556 0.737469
0.577655 0.737469
0.577754 0.737469
0.577853 0.737469
0.577952 0.737469
0.578051 0.737469
0.578150 0.737469
0.578249 0.736842
0.578348 0.736842
0.578447 0.736842
0.578546 0.736842
0.578645 0.736842
0.578744 0.736842
0.578843 0.736842
0.578942 0.736842
0.579041 0.736842
0.579140 0.736842
0.579240 0.736842
0.579339 0.736842
0.579438 0.736842
0.579537 0.736842
0.579636 0.736842
0.579735 0.736842
0.579834 0.736216
0.579933 0.735589
0.580032 0.734962
0.580131 0.734962
0.580230 0.734962
0.580329 0.734962
0.580428 0.734962
0.580527 0.734962
0.580626 0.734962
0.580725 0.734962
0.580824 0.734962
0.580923 0.734962
0.581023 0.734962
0.581122 0.734962
0.581221 0.734962
0.581320 0.733709
0.581419 0.733709
0.581518 0.733709
0.581617 0.733083
0.581716 0.733083
0.581815 0.733083
0.581914 0.733083
0.582013 0.733083
0.582112 0.733083
0.582211 0.733083
0.582310 0.733083
0.582409 0.733083
0.582508 0.732456
0.582607 0.732456
0.582706 0.732456
0.582806 0.732456
0.582905 0.732456
0.583004 0.731830
0.583103 0.731830
0.583202 0.731830
0.583301 0.731830
0.583400 0.731830
0.583499 0.731830
0.583598 0.731830
0.583697 0.731830
0.583796 0.731830
0.583895 0.731830
0.583994 0.731830
0.584093 0.731203
0.584192 0.730576
0.584291 0.730576
0.584390 0.730576
0.584489 0.730576
0.584589 0.730576
0.584688 0.730576
0.584787 0.730576
0.584886 0.730576
0.584985 0.730576
0.585084 0.730576
0.585183 0.730576
0.585282 0.730576
0.585381 0.730576
0.585480 0.730576
0.585579 0.730576
0.585678 0.730576
0.585777 0.730576
0.585876 0.729950
0.585975 0.729950
0.586074 0.729950
0.586173 0.729950
0.586272 0.729950
0.586372 0.729950
0.586471 0.729950
0.586570 0.729950
0.586669 0.729950
0.586768 0.729950
0.586867 0.729950
0.586966 0.729950
0.587065 0.729950
0.587164 0.729950
0.587263 0.729323
0.587362 0.728697
0.587461 0.728697
0.587560 0.728697
0.587659 0.728697
0.587758 0.728697
0.587857 0.728697
0.587956 0.728697
0.588055 0.728697
0.588155 0.728697
0.588254 0.728697
0.588353 0.728697
0.588452 0.728697
0.588551 0.728070
0.588650 0.728070
0.588749 0.728070
0.588848 0.728070
0.588947 0.727444
0.589046 0.727444
0.589145 0.726817
0.589244 0.726817
0.589343 0.726817
0.589442 0.726817
0.589541 0.726817
0.589640 0.726817
0.589739 0.726817
0.589839 0.726817
0.589938 0.726817
0.590037 0.725564
0.590136 0.725564
0.590235 0.725564
0.590334 0.725564
0.590433 0.725564
0.590532 0.725564
0.590631 0.725564
0.590730 0.724311
0.590829 0.724311
0.590928 0.724311
0.591027 0.724311
0.591126 0.724311
0.591225 0.724311
0.591324 0.724311
0.591423 0.724311
0.591522 0.724311
0.591622 0.724311
0.591721 0.724311
0.591820 0.723684
0.591919 0.723684
0.592018 0.723684
0.592117 0.723684
0.592216 0.723684
0.592315 0.723684
0.592414 0.723058
0.592513 0.723058
0.592612 0.723058
0.592711 0.723058
0.592810 0.723058
0.592909 0.723058
0.593008 0.723058
0.593107 0.723058
0.593206 0.723058
0.593305 0.723058
0.593405 0.723058
0.593504 0.723058
0.593603 0.723058
0.593702 0.723058
0.593801 0.723058
0.593900 0.723058
0.593999 0.723058
0.594098 0.723058
0.594197 0.723058
0.594296 0.723058
0.594395 0.723058
0.594494 0.723058
0.594593 0.722431
0.594692 0.722431
0.594791 0.722431
0.594890 0.722431
0.594989 0.722431
0.595088 0.721805
0.595188 0.721805
0.595287 0.721805
0.595386 0.721805
0.595485 0.721805
0.595584 0.721805
0.595683 0.721805
0.595782 0.721805
0.595881 0.721805
0.595980 0.721805
0.596079 0.721805
0.596178 0.721805
0.596277 0.721805
0.596376 0.721805
0.596475 0.721805
0.596574 0.721805
0.596673 0.721805
0.596772 0.721805
0.596871 0.721805
0.596971 0.721805
0.597070 0.721178
0.597169 0.721178
0.597268 0.721178
0.597367 0.721178
0.597466 0.721178
0.597565 0.721178
0.597664 0.720551
0.597763 0.720551
0.597862 0.719925
0.597961 0.719925
0.598060 0.719925
0.598159 0.719925
0.598258 0.719925
0.598357 0.719925
0.598456 0.719925
0.598555 0.719925
0.598654 0.719925
0.598754 0.719925
0.598853 0.719925
0.598952 0.719925
0.599051 0.719925
0.599150 0.719925
0.599249 0.719925
0.599348 0.719298
0.599447 0.719298
0.599546 0.719298
0.599645 0.719298
0.599744 0.719298
0.599843 0.719298
0.599942 0.719298
0.600041 0.719298
0.600140 0.718672
0.600239 0.718672
0.600338 0.718672
0.600437 0.718672
0.600537 0.718045
0.600636 0.718045
0.600735 0.718045
0.600834 0.718045
0.600933 0.718045
0.601032 0.717419
0.601131 0.717419
0.601230 0.717419
0.601329 0.717419
0.601428 0.717419
0.601527 0.717419
0.601626 0.717419
0.601725 0.717419
0.601824 0.716792
0.601923 0.716792
0.602022 0.716792
0.602121 0.716165
0.602220 0.716165
0.602320 0.716165
0.602419 0.716165
0.602518 0.716165
0.602617 0.716165
0.602716 0.716165
0.602815 0.716165
0.602914 0.716165
0.603013 0.716165
0.603112 0.715539
0.603211 0.715539
0.603310 0.714912
0.603409 0.714286
0.603508 0.713659
0.603607 0.713659
0.603706 0.713033
0.603805 0.713033
0.603904 0.713033
0.604004 0.713033
0.604103 0.713033
0.604202 0.713033
0.604301 0.713033
0.604400 0.713033
0.604499 0.713033
0.604598 0.712406
0.604697 0.711779
0.604796 0.711779
0.604895 0.711779
0.604994 0.711779
0.605093 0.711779
0.605192 0.711779
0.605291 0.711779
0.605390 0.711779
0.605489 0.711779
0.605588 0.711779
0.605687 0.711779
0.605787 0.711779
0.605886 0.711779
0.605985 0.711779
0.606084 0.711779
0.606183 0.711779
0.606282 0.711779
0.606381 0.711779
0.606480 0.711779
0.606579 0.711779
0.606678 0.711779
0.606777 0.711779
0.606876 0.711153
0.606975 0.711153
0.607074 0.711153
0.607173 0.711153
0.607272 0.711153
0.607371 0.711153
0.607470 0.711153
0.607570 0.711153
0.607669 0.711153
0.607768 0.711153
0.607867 0.711153
0.607966 0.710526
0.608065 0.709900
0.608164 0.709900
0.608263 0.709900
0.608362 0.709900
0.608461 0.709900
0.608560 0.709900
0.608659 0.709273
0.608758 0.709273
0.608857 0.708647
0.608956 0.708647
0.609055 0.708647
0.609154 0.708647
0.609253 0.708647
0.609353 0.708647
0.609452 0.708647
0.609551 0.708647
0.609650 0.708647
0.609749 0.708647
0.609848 0.708647
0.609947 0.708647
0.610046 0.708020
0.610145 0.708020
0.610244 0.707393
0.610343 0.707393
0.610442 0.707393
0.610541 0.706767
0.610640 0.706767
0.610739 0.706767
0.610838 0.706767
0.610937 0.706767
0.611036 0.706767
0.611136 0.706140
0.611235 0.706140
0.611334 0.706140
0.611433 0.706140
0.611532 0.706140
0.611631 0.706140
0.611730 0.706140
0.611829 0.706140
0.611928 0.706140
0.612027 0.706140
0.612126 0.706140
0.612225 0.706140
0.612324 0.706140
0.612423 0.706140
0.612522 0.706140
0.612621 0.706140
0.612720 0.706140
0.612819 0.706140
0.612919 0.706140
0.613018 0.706140
0.613117 0.706140
0.613216 0.706140
0.613315 0.706140
0.613414 0.706140
0.613513 0.706140
0.613612 0.706140
0.613711 0.706140
0.613810 0.706140
0.613909 0.706140
0.614008 0.705514
0.614107 0.705514
0.614206 0.705514
0.614305 0.705514
0.614404 0.705514
0.614503 0.705514
0.614602 0.705514
0.614702 0.705514
0.614801 0.705514
0.614900 0.705514
0.614999 0.705514
0.615098 0.705514
0.615197 0.705514
0.615296 0.705514
0.615395 0.705514
0.615494 0.705514
0.615593 0.705514
0.615692 0.704887
0.615791 0.704887
0.615890 0.704887
0.615989 0.704887
0.616088 0.704887
0.616187 0.704887
0.616286 0.704887
0.616385 0.704887
0.616485 0.704887
0.616584 0.704887
0.616683 0.704887
0.616782 0.704887
0.616881 0.704887
0.616980 0.704261
0.617079 0.703634
0.617178 0.703634
0.617277 0.703634
0.617376 0.703634
0.617475 0.703634
0.617574 0.703634
0.617673 0.703634
0.617772 0.703634
0.617871 0.703634
0.617970 0.703634
0.618069 0.703634
0.618169 0.703634
0.618268 0.703634
0.618367 0.703634
0.618466 0.703634
0.618565 0.703008
0.618664 0.703008
0.618763 0.703008
0.618862 0.702381
0.618961 0.702381
0.619060 0.701754
0.619159 0.701754
0.619258 0.701754
0.619357 0.701754
0.619456 0.701128
0.619555 0.701128
0.619654 0.701128
0.619753 0.701128
0.619852 0.701128
0.619952 0.701128
0.620051 0.701128
0.620150 0.701128
0.620249 0.701128
0.620348 0.701128
0.620447 0.701128
0.620546 0.701128
0.620645 0.701128
0.620744 0.701128
0.620843 0.701128
0.620942 0.701128
0.621041 0.701128
0.621140 0.701128
0.621239 0.700501
0.621338 0.700501
0.621437 0.700501
0.621536 0.699875
0.621635 0.699875
0.621735 0.699875
0.621834 0.699875
0.621933 0.699248
0.622032 0.699248
0.622131 0.699248
0.622230 0.699248
0.622329 0.699248
0.622428 0.699248
0.622527 0.699248
0.622626 0.699248
0.622725 0.699248
0.622824 0.699248
0.622923 0.699248
0.623022 0.699248
0.623121 0.699248
0.623220 0.699248
0.623319 0.698622
0.623418 0.698622
0.623518 0.697995
0.623617 0.697995
0.623716 0.697995
0.623815 0.697995
0.623914 0.697995
0.624013 0.697995
0.624112 0.697995
0.624211 0.697995
0.624310 0.697995
0.624409 0.697995
0.624508 0.697995
0.624607 0.697995
0.624706 0.697995
0.624805 0.697995
0.624904 0.697995
0.625003 0.697995
0.625102 0.697995
0.625201 0.697995
0.625301 0.697995
0.625400 0.697995
0.625499 0.697995
0.625598 0.697995
0.625697 0.697995
0.625796 0.697995
0.625895 0.697995
0.625994 0.697995
0.626093 0.697995
0.626192 0.697995
0.626291 0.697995
0.626390 0.697995
0.626489 0.697368
0.626588 0.697368
0.626687 0.697368
0.626786 0.697368
0.626885 0.697368
0.626984 0.697368
0.627084 0.697368
0.627183 0.697368
0.627282 0.697368
0.627381 0.697368
0.627480 0.697368
0.627579 0.697368
0.627678 0.697368
0.627777 0.696115
0.627876 0.695489
0.627975 0.694862
0.628074 0.694236
0.628173 0.694236
0.628272 0.694236
0.628371 0.694236
0.628470 0.694236
0.628569 0.694236
0.628668 0.694236
0.628767 0.694236
0.628867 0.694236
0.628966 0.693609
0.629065 0.693609
0.629164 0.692982
0.629263 0.692982
0.629362 0.692982
0.629461 0.692356
0.629560 0.692356
0.629659 0.692356
0.629758 0.692356
0.629857 0.691729
0.629956 0.691729
0.630055 0.691729
0.630154 0.691729
0.630253 0.691729
0.630352 0.691729
0.630451 0.691729
0.630551 0.691729
0.630650 0.691729
0.630749 0.691729
0.630848 0.691103
0.630947 0.691103
0.631046 0.691103
0.631145 0.691103
0.631244 0.691103
0.631343 0.691103
0.631442 0.691103
0.631541 0.691103
0.631640 0.691103
0.631739 0.691103
0.631838 0.691103
0.631937 0.690476
0.632036 0.690476
0.632135 0.689850
0.632234 0.689850
0.632334 0.689850
0.632433 0.689850
0.632532 0.689850
0.632631 0.689850
0.632730 0.689850
0.632829 0.689850
0.632928 0.689850
0.633027 0.689850
0.633126 0.689850
0.633225 0.689850
0.633324 0.689850
0.633423 0.689850
0.633522 0.689850
0.633621 0.689850
0.633720 0.689850
0.633819 0.689850
0.633918 0.689223
0.634017 0.689223
0.634117 0.689223
0.634216 0.689223
0.634315 0.689223
0.634414 0.689223
0.634513 0.689223
0.634612 0.689223
0.634711 0.689223
0.634810 0.689223
0.634909 0.689223
0.635008 0.689223
0.635107 0.689223
0.635206 0.689223
0.635305 0.689223
0.635404 0.689223
0.635503 0.689223
0.635602 0.689223
0.635701 0.689223
0.635800 0.689223
0.635900 0.689223
0.635999 0.689223
0.636098 0.689223
0.636197 0.689223
0.636296 0.689223
0.636395 0.689223
0.636494 0.689223
0.636593 0.689223
0.636692 0.689223
0.636791 0.688596
0.636890 0.688596
0.636989 0.688596
0.637088 0.688596
0.637187 0.688596
0.637286 0.687970
0.637385 0.687970
0.637484 0.687970
0.637583 0.687970
0.637683 0.687970
0.637782 0.687970
0.637881 0.687970
0.637980 0.687970
0.638079 0.687970
0.638178 0.687970
0.638277 0.687343
0.638376 0.687343
0.638475 0.687343
0.638574 0.687343
0.638673 0.687343
0.638772 0.687343
0.638871 0.686717
0.638970 0.686717
0.639069 0.686717
0.639168 0.686717
0.639267 0.686717
0.639366 0.686717
0.639466 0.686717
0.639565 0.686717
0.639664 0.686717
0.639763 0.686717
0.639862 0.686717
0.639961 0.686717
0.640060 0.686717
0.640159 0.686717
0.640258 0.686717
0.640357 0.686717
0.640456 0.686717
0.640555 0.686717
0.640654 0.686717
0.640753 0.686717
0.640852 0.686090
0.640951 0.686090
0.641050 0.686090
0.641149 0.686090
0.641249 0.686090
0.641348 0.686090
0.641447 0.686090
0.641546 0.686090
0.641645 0.686090
0.641744 0.686090
0.641843 0.686090
0.641942 0.686090
0.642041 0.686090
0.642140 0.686090
0.642239 0.686090
0.642338 0.686090
0.642437 0.686090
0.642536 0.686090
0.642635 0.686090
0.642734 0.686090
0.642833 0.686090
0.642932 0.686090
0.643032 0.686090
0.643131 0.686090
0.643230 0.686090
0.643329 0.686090
0.643428 0.686090
0.643527 0.686090
0.643626 0.686090
0.643725 0.686090
0.643824 0.686090
0.643923 0.686090
0.644022 0.686090
0.644121 0.686090
0.644220 0.686090
0.644319 0.686090
0.644418 0.686090
0.644517 0.686090
0.644616 0.686090
0.644716 0.686090
0.644815 0.686090
0.644914 0.686090
0.645013 0.685464
0.645112 0.685464
0.645211 0.685464
0.645310 0.685464
0.645409 0.685464
0.645508 0.685464
0.645607 0.685464
0.645706 0.685464
0.645805 0.685464
0.645904 0.685464
0.646003 0.685464
0.646102 0.684837
0.646201 0.684837
0.646300 0.684837
0.646399 0.683584
0.646499 0.683584
0.646598 0.683584
0.646697 0.683584
0.646796 0.683584
0.646895 0.683584
0.646994 0.683584
0.647093 0.683584
0.647192 0.683584
0.647291 0.683584
0.647390 0.683584
0.647489 0.683584
0.647588 0.683584
0.647687 0.683584
0.647786 0.683584
0.647885 0.683584
0.647984 0.683584
0.648083 0.683584
0.648182 0.682957
0.648282 0.682957
0.648381 0.682957
0.648480 0.682957
0.648579 0.682957
0.648678 0.682957
0.648777 0.682331
0.648876 0.682331
0.648975 0.682331
0.649074 0.682331
0.649173 0.682331
0.649272 0.682331
0.649371 0.682331
0.649470 0.682331
0.649569 0.681704
0.649668 0.681704
0.649767 0.681704
0.649866 0.681704
0.649965 0.681078
0.650065 0.681078
0.650164 0.681078
0.650263 0.681078
0.650362 0.681078
0.650461 0.681078
0.650560 0.681078
0.650659 0.680451
0.650758 0.680451
0.650857 0.680451
0.650956 0.680451
0.651055 0.680451
0.651154 0.680451
0.651253 0.679825
0.651352 0.679825
0.651451 0.679825
0.651550 0.679825
0.651649 0.679825
0.651748 0.679825
0.651848 0.679825
0.651947 0.679825
0.652046 0.678571
0.652145 0.677945
0.652244 0.677945
0.652343 0.677945
0.652442 0.677945
0.652541 0.677945
0.652640 0.677945
0.652739 0.677945
0.652838 0.677318
0.652937 0.677318
0.653036 0.677318
0.653135 0.677318
0.653234 0.677318
0.653333 0.677318
0.653432 0.677318
0.653531 0.677318
0.653631 0.677318
0.653730 0.677318
0.653829 0.677318
0.653928 0.677318
0.654027 0.677318
0.654126 0.677318
0.654225 0.677318
0.654324 0.677318
0.654423 0.677318
0.654522 0.677318
0.654621 0.676692
0.654720 0.676692
0.654819 0.676692
0.654918 0.676065
0.655017 0.676065
0.655116 0.676065
0.655215 0.676065
0.655314 0.676065
0.655414 0.675439
0.655513 0.675439
0.655612 0.675439
0.655711 0.675439
0.655810 0.675439
0.655909 0.675439
0.656008 0.675439
0.656107 0.675439
0.656206 0.675439
0.656305 0.675439
0.656404 0.675439
0.656503 0.674812
0.656602 0.674812
0.656701 0.674812
0.656800 0.674812
0.656899 0.674812
0.656998 0.674812
0.657097 0.674185
0.657197 0.673559
0.657296 0.673559
0.657395 0.673559
0.657494 0.673559
0.657593 0.673559
0.657692 0.673559
0.657791 0.673559
0.657890 0.673559
0.657989 0.673559
0.658088 0.673559
0.658187 0.673559
0.658286 0.673559
0.658385 0.673559
0.658484 0.673559
0.658583 0.673559
0.658682 0.673559
0.658781 0.673559
0.658881 0.673559
0.658980 0.673559
0.659079 0.673559
0.659178 0.673559
0.659277 0.673559
0.659376 0.673559
0.659475 0.673559
0.659574 0.673559
0.659673 0.673559
0.659772 0.673559
0.659871 0.673559
0.659970 0.673559
0.660069 0.673559
0.660168 0.672932
0.660267 0.672932
0.660366 0.672932
0.660465 0.672932
0.660564 0.672932
0.660664 0.672306
0.660763 0.672306
0.660862 0.672306
0.660961 0.671679
0.661060 0.671679
0.661159 0.671679
0.661258 0.671679
0.661357 0.671679
0.661456 0.671053
0.661555 0.670426
0.661654 0.670426
0.661753 0.669173
0.661852 0.669173
0.661951 0.669173
0.662050 0.669173
0.662149 0.669173
0.662248 0.668546
0.662347 0.668546
0.662447 0.668546
0.662546 0.668546
0.662645 0.668546
0.662744 0.668546
0.662843 0.668546
0.662942 0.668546
0.663041 0.668546
0.663140 0.668546
0.663239 0.668546
0.663338 0.668546
0.663437 0.668546
0.663536 0.668546
0.663635 0.668546
0.663734 0.668546
0.663833 0.668546
0.663932 0.668546
0.664031 0.668546
0.664130 0.668546
0.664230 0.668546
0.664329 0.668546
0.664428 0.668546
0.664527 0.668546
0.664626 0.668546
0.664725 0.668546
0.664824 0.668546
0.664923 0.667920
0.665022 0.667293
0.665121 0.667293
0.665220 0.667293
0.665319 0.667293
0.665418 0.667293
0.665517 0.667293
0.665616 0.666667
0.665715 0.666667
0.665814 0.666667
0.665913 0.666667
0.666013 0.666667
0.666112 0.666667
0.666211 0.666667
0.666310 0.666667
0.666409 0.666667
0.666508 0.666667
0.666607 0.666667
0.666706 0.666040
0.666805 0.666040
0.666904 0.666040
0.667003 0.666040
0.667102 0.666040
0.667201 0.666040
0.667300 0.666040
0.667399 0.666040
0.667498 0.666040
0.667597 0.666040
0.667696 0.666040
0.667796 0.666040
0.667895 0.666040
0.667994 0.666040
0.668093 0.666040
0.668192 0.666040
0.668291 0.666040
0.668390 0.666040
0.668489 0.666040
0.668588 0.665414
0.668687 0.665414
0.668786 0.665414
0.668885 0.665414
0.668984 0.664787
0.669083 0.664787
0.669182 0.664787
0.669281 0.664160
0.669380 0.664160
0.669479 0.664160
0.669579 0.664160
0.669678 0.663534
0.669777 0.663534
0.669876 0.663534
0.669975 0.663534
0.670074 0.663534
0.670173 0.663534
0.670272 0.663534
0.670371 0.663534
0.670470 0.663534
0.670569 0.663534
0.670668 0.663534
0.670767 0.663534
0.670866 0.663534
0.670965 0.663534
0.671064 0.663534
0.671163 0.663534
0.671263 0.662907
0.671362 0.662907
0.671461 0.662907
0.671560 0.662907
0.671659 0.662907
0.671758 0.662907
0.671857 0.662907
0.671956 0.662907
0.672055 0.662907
0.672154 0.662907
0.672253 0.662907
0.672352 0.661654
0.672451 0.661654
0.672550 0.661654
0.672649 0.661654
0.672748 0.661654
0.672847 0.661654
0.672946 0.661028
0.673046 0.660401
0.673145 0.659774
0.673244 0.659774
0.673343 0.659774
0.673442 0.659148
0.673541 0.659148
0.673640 0.659148
0.673739 0.659148
0.673838 0.659148
0.673937 0.659148
0.674036 0.659148
0.674135 0.659148
0.674234 0.658521
0.674333 0.658521
0.674432 0.658521
0.674531 0.658521
0.674630 0.658521
0.674729 0.658521
0.674829 0.658521
0.674928 0.657895
0.675027 0.657895
0.675126 0.657895
0.675225 0.657895
0.675324 0.657895
0.675423 0.657895
0.675522 0.657895
0.675621 0.657895
0.675720 0.657895
0.675819 0.657895
0.675918 0.657268
0.676017 0.657268
0.676116 0.657268
0.676215 0.657268
0.676314 0.657268
0.676413 0.657268
0.676512 0.657268
0.676612 0.657268
0.676711 0.656642
0.676810 0.656642
0.676909 0.656642
0.677008 0.656642
0.677107 0.656642
0.677206 0.656642
0.677305 0.656642
0.677404 0.656642
0.677503 0.656642
0.677602 0.656642
0.677701 0.656015
0.677800 0.656015
0.677899 0.656015
0.677998 0.656015
0.678097 0.656015
0.678196 0.656015
0.678295 0.655388
0.678395 0.654135
0.678494 0.654135
0.678593 0.654135
0.678692 0.653509
0.678791 0.653509
0.678890 0.653509
0.678989 0.653509
0.679088 0.653509
0.679187 0.653509
0.679286 0.653509
0.679385 0.653509
0.679484 0.653509
0.679583 0.653509
0.679682 0.653509
0.679781 0.652882
0.679880 0.652882
0.679979 0.652882
0.680078 0.652882
0.680178 0.652882
0.680277 0.652882
0.680376 0.652882
0.680475 0.652882
0.680574 0.652882
0.680673 0.652882
0.680772 0.652882
0.680871 0.652882
0.680970 0.652882
0.681069 0.651003
0.681168 0.651003
0.681267 0.650376
0.681366 0.649749
0.681465 0.649749
0.681564 0.649749
0.681663 0.649749
0.681762 0.649123
0.681861 0.649123
0.681961 0.649123
0.682060 0.648496
0.682159 0.648496
0.682258 0.647870
0.682357 0.647870
0.682456 0.647870
0.682555 0.647870
0.682654 0.647870
0.682753 0.647870
0.682852 0.647870
0.682951 0.647870
0.683050 0.647243
0.683149 0.647243
0.683248 0.647243
0.683347 0.647243
0.683446 0.646617
0.683545 0.646617
0.683644 0.646617
0.683744 0.646617
0.683843 0.646617
0.683942 0.646617
0.684041 0.646617
0.684140 0.646617
0.684239 0.646617
0.684338 0.646617
0.684437 0.646617
0.684536 0.646617
0.684635 0.646617
0.684734 0.646617
0.684833 0.646617
0.684932 0.646617
0.685031 0.646617
0.685130 0.646617
0.685229 0.646617
0.685328 0.646617
0.685428 0.646617
0.685527 0.645990
0.685626 0.645363
0.685725 0.645363
0.685824 0.645363
0.685923 0.645363
0.686022 0.645363
0.686121 0.645363
0.686220 0.645363
0.686319 0.645363
0.686418 0.645363
0.686517 0.645363
0.686616 0.645363
0.686715 0.645363
0.686814 0.645363
0.686913 0.645363
0.687012 0.644737
0.687111 0.644737
0.687211 0.644737
0.687310 0.644737
0.687409 0.644110
0.687508 0.644110
0.687607 0.644110
0.687706 0.643484
0.687805 0.643484
0.687904 0.643484
0.688003 0.643484
0.688102 0.643484
0.688201 0.643484
0.688300 0.642857
0.688399 0.642857
0.688498 0.642857
0.688597 0.642231
0.688696 0.642231
0.688795 0.642231
0.688894 0.641604
0.688994 0.641604
0.689093 0.641604
0.689192 0.640977
0.689291 0.640977
0.689390 0.640977
0.689489 0.640977
0.689588 0.640977
0.689687 0.640977
0.689786 0.640977
0.689885 0.640977
0.689984 0.640977
0.690083 0.640351
0.690182 0.640351
0.690281 0.640351
0.690380 0.640351
0.690479 0.640351
0.690578 0.640351
0.690677 0.640351
0.690777 0.640351
0.690876 0.640351
0.690975 0.639724
0.691074 0.639098
0.691173 0.638471
0.691272 0.638471
0.691371 0.638471
0.691470 0.637845
0.691569 0.637845
0.691668 0.637845
0.691767 0.637845
0.691866 0.637218
0.691965 0.637218
0.692064 0.637218
0.692163 0.637218
0.692262 0.637218
0.692361 0.637218
0.692460 0.637218
0.692560 0.636591
0.692659 0.636591
0.692758 0.636591
0.692857 0.636591
0.692956 0.636591
0.693055 0.636591
0.693154 0.635338
0.693253 0.635338
0.693352 0.635338
0.693451 0.635338
0.693550 0.635338
0.693649 0.635338
0.693748 0.635338
0.693847 0.635338
0.693946 0.635338
0.694045 0.635338
0.694144 0.635338
0.694243 0.635338
0.694343 0.635338
0.694442 0.635338
0.694541 0.635338
0.694640 0.635338
0.694739 0.634085
0.694838 0.634085
0.694937 0.634085
0.695036 0.634085
0.695135 0.634085
0.695234 0.634085
0.695333 0.634085
0.695432 0.634085
0.695531 0.634085
0.695630 0.634085
0.695729 0.634085
0.695828 0.634085
0.695927 0.634085
0.696026 0.634085
0.696126 0.634085
0.696225 0.634085
0.696324 0.634085
0.696423 0.633459
0.696522 0.633459
0.696621 0.633459
0.696720 0.633459
0.696819 0.633459
0.696918 0.633459
0.697017 0.633459
0.697116 0.633459
0.697215 0.633459
0.697314 0.633459
0.697413 0.633459
0.697512 0.633459
0.697611 0.633459
0.697710 0.633459
0.697809 0.633459
0.697909 0.633459
0.698008 0.633459
0.698107 0.633459
0.698206 0.633459
0.698305 0.632206
0.698404 0.632206
0.698503 0.632206
0.698602 0.632206
0.698701 0.632206
0.698800 0.632206
0.698899 0.632206
0.698998 0.632206
0.699097 0.632206
0.699196 0.632206
0.699295 0.632206
0.699394 0.632206
0.699493 0.632206
0.699593 0.631579
0.699692 0.631579
0.699791 0.631579
0.699890 0.631579
0.699989 0.631579
0.700088 0.631579
0.700187 0.631579
0.700286 0.630952
0.700385 0.630952
0.700484 0.629699
0.700583 0.629073
0.700682 0.629073
0.700781 0.629073
0.700880 0.629073
0.700979 0.629073
0.701078 0.629073
0.701177 0.629073
0.701276 0.629073
0.701376 0.629073
0.701475 0.629073
0.701574 0.629073
0.701673 0.629073
0.701772 0.629073
0.701871 0.628446
0.701970 0.628446
0.702069 0.628446
0.702168 0.628446
0.702267 0.628446
0.702366 0.627193
0.702465 0.627193
0.702564 0.626566
0.702663 0.626566
0.702762 0.626566
0.702861 0.625940
0.702960 0.625940
0.703059 0.625940
0.703159 0.625940
0.703258 0.625940
0.703357 0.625940
0.703456 0.625940
0.703555 0.625940
0.703654 0.625940
0.703753 0.625940
0.703852 0.625940
0.703951 0.625940
0.704050 0.625940
0.704149 0.625313
0.704248 0.625313
0.704347 0.625313
0.704446 0.625313
0.704545 0.625313
0.704644 0.625313
0.704743 0.625313
0.704842 0.625313
0.704942 0.625313
0.705041 0.625313
0.705140 0.625313
0.705239 0.625313
0.705338 0.625313
0.705437 0.625313
0.705536 0.624687
0.705635 0.624687
0.705734 0.624687
0.705833 0.624687
0.705932 0.624060
0.706031 0.624060
0.706130 0.624060
0.706229 0.624060
0.706328 0.624060
0.706427 0.623434
0.706526 0.623434
0.706625 0.622180
0.706725 0.622180
0.706824 0.622180
0.706923 0.622180
0.707022 0.622180
0.707121 0.621554
0.707220 0.621554
0.707319 0.621554
0.707418 0.621554
0.707517 0.621554
0.707616 0.621554
0.707715 0.621554
0.707814 0.621554
0.707913 0.621554
0.708012 0.621554
0.708111 0.621554
0.708210 0.621554
0.708309 0.620927
0.708408 0.620927
0.708508 0.620927
0.708607 0.620927
0.708706 0.620927
0.708805 0.620927
0.708904 0.620301
0.709003 0.620301
0.709102 0.619674
0.709201 0.619674
0.709300 0.619674
0.709399 0.619674
0.709498 0.619048
0.709597 0.619048
0.709696 0.619048
0.709795 0.619048
0.709894 0.619048
0.709993 0.619048
0.710092 0.619048
0.710191 0.619048
0.710291 0.619048
0.710390 0.619048
0.710489 0.619048
0.710588 0.619048
0.710687 0.619048
0.710786 0.619048
0.710885 0.619048
0.710984 0.619048
0.711083 0.619048
0.711182 0.619048
0.711281 0.619048
0.711380 0.619048
0.711479 0.619048
0.711578 0.619048
0.711677 0.619048
0.711776 0.619048
0.711875 0.619048
0.711974 0.619048
0.712074 0.619048
0.712173 0.619048
0.712272 0.618421
0.712371 0.618421
0.712470 0.618421
0.712569 0.618421
0.712668 0.618421
0.712767 0.618421
0.712866 0.618421
0.712965 0.618421
0.713064 0.618421
0.713163 0.618421
0.713262 0.618421
0.713361 0.618421
0.713460 0.618421
0.713559 0.617794
0.713658 0.617794
0.713758 0.617168
0.713857 0.617168
0.713956 0.617168
0.714055 0.617168
0.714154 0.616541
0.714253 0.616541
0.714352 0.615915
0.714451 0.615288
0.714550 0.614662
0.714649 0.614662
0.714748 0.614662
0.714847 0.614662
0.714946 0.614662
0.715045 0.614662
0.715144 0.614662
0.715243 0.614662
0.715342 0.614662
0.715441 0.614035
0.715541 0.613409
0.715640 0.613409
0.715739 0.613409
0.715838 0.613409
0.715937 0.613409
0.716036 0.613409
0.716135 0.613409
0.716234 0.613409
0.716333 0.613409
0.716432 0.613409
0.716531 0.613409
0.716630 0.613409
0.716729 0.613409
0.716828 0.613409
0.716927 0.613409
0.717026 0.613409
0.717125 0.613409
0.717224 0.612782
0.717324 0.612155
0.717423 0.612155
0.717522 0.612155
0.717621 0.612155
0.717720 0.611529
0.717819 0.611529
0.717918 0.611529
0.718017 0.610902
0.718116 0.610276
0.718215 0.610276
0.718314 0.610276
0.718413 0.610276
0.718512 0.610276
0.718611 0.610276
0.718710 0.610276
0.718809 0.610276
0.718908 0.609649
0.719007 0.609649
0.719107 0.609649
0.719206 0.609649
0.719305 0.609649
0.719404 0.609649
0.719503 0.609649
0.719602 0.609649
0.719701 0.609649
0.719800 0.609649
0.719899 0.609649
0.719998 0.609649
0.720097 0.609649
0.720196 0.609649
0.720295 0.609649
0.720394 0.609649
0.720493 0.609649
0.720592 0.609649
0.720691 0.609649
0.720790 0.609649
0.720890 0.609649
0.720989 0.609649
0.721088 0.609649
0.721187 0.609649
0.721286 0.609649
0.721385 0.609649
0.721484 0.609649
0.721583 0.609649
0.721682 0.609649
0.721781 0.609649
0.721880 0.609649
0.721979 0.609649
0.722078 0.609649
0.722177 0.609649
0.722276 0.609649
0.722375 0.609649
0.722474 0.609649
0.722573 0.609649
0.722673 0.609649
0.722772 0.609649
0.722871 0.609649
0.722970 0.609649
0.723069 0.609649
0.723168 0.609649
0.723267 0.609649
0.723366 0.609649
0.723465 0.609023
0.723564 0.609023
0.723663 0.609023
0.723762 0.609023
0.723861 0.609023
0.723960 0.608396
0.724059 0.608396
0.724158 0.608396
0.724257 0.608396
0.724356 0.608396
0.724456 0.607769
0.724555 0.607769
0.724654 0.607769
0.724753 0.607769
0.724852 0.607769
0.724951 0.607769
0.725050 0.607143
0.725149 0.607143
0.725248 0.607143
0.725347 0.607143
0.725446 0.607143
0.725545 0.607143
0.725644 0.607143
0.725743 0.607143
0.725842 0.607143
0.725941 0.607143
0.726040 0.607143
0.726140 0.607143
0.726239 0.607143
0.726338 0.607143
0.726437 0.607143
0.726536 0.606516
0.726635 0.606516
0.726734 0.605890
0.726833 0.605890
0.726932 0.605890
0.727031 0.605263
0.727130 0.605263
0.727229 0.605263
0.727328 0.605263
0.727427 0.605263
0.727526 0.605263
0.727625 0.605263
0.727724 0.605263
0.727823 0.605263
0.727923 0.605263
0.728022 0.605263
0.728121 0.605263
0.728220 0.605263
0.728319 0.605263
0.728418 0.605263
0.728517 0.605263
0.728616 0.604637
0.728715 0.604637
0.728814 0.604637
0.728913 0.604637
0.729012 0.604637
0.729111 0.604637
0.729210 0.604637
0.729309 0.604010
0.729408 0.603383
0.729507 0.603383
0.729606 0.603383
0.729706 0.603383
0.729805 0.603383
0.729904 0.602757
0.730003 0.602757
0.730102 0.602757
0.730201 0.602757
0.730300 0.602757
0.730399 0.602757
0.730498 0.602757
0.730597 0.602757
0.730696 0.602757
0.730795 0.602757
0.730894 0.602757
0.730993 0.602757
0.731092 0.602757
0.731191 0.602757
0.731290 0.602757
0.731389 0.602757
0.731489 0.602757
0.731588 0.602757
0.731687 0.602757
0.731786 0.602757
0.731885 0.602757
0.731984 0.602757
0.732083 0.602757
0.732182 0.602757
0.732281 0.602757
0.732380 0.602757
0.732479 0.602757
0.732578 0.602757
0.732677 0.602757
0.732776 0.602757
0.732875 0.602757
0.732974 0.602757
0.733073 0.602757
0.733172 0.602757
0.733272 0.602757
0.733371 0.602757
0.733470 0.602130
0.733569 0.602130
0.733668 0.602130
0.733767 0.602130
0.733866 0.602130
0.733965 0.602130
0.734064 0.602130
0.734163 0.602130
0.734262 0.602130
0.734361 0.601504
0.734460 0.601504
0.734559 0.601504
0.734658 0.601504
0.734757 0.600877
0.734856 0.600877
0.734955 0.600877
0.735055 0.600877
0.735154 0.600877
0.735253 0.600877
0.735352 0.600877
0.735451 0.600877
0.735550 0.600877
0.735649 0.600877
0.735748 0.600877
0.735847 0.600877
0.735946 0.600877
0.736045 0.600251
0.736144 0.600251
0.736243 0.600251
0.736342 0.600251
0.736441 0.600251
0.736540 0.599624
0.736639 0.599624
0.736738 0.599624
0.736838 0.599624
0.736937 0.598997
0.737036 0.598997
0.737135 0.598997
0.737234 0.598997
0.737333 0.598997
0.737432 0.598371
0.737531 0.598371
0.737630 0.598371
0.737729 0.598371
0.737828 0.598371
0.737927 0.598371
0.738026 0.598371
0.738125 0.598371
0.738224 0.598371
0.738323 0.598371
0.738422 0.598371
0.738521 0.598371
0.738621 0.598371
0.738720 0.597744
0.738819 0.597118
0.738918 0.597118
0.739017 0.597118
0.739116 0.597118
0.739215 0.597118
0.739314 0.597118
0.739413 0.597118
0.739512 0.597118
0.739611 0.597118
0.739710 0.597118
0.739809 0.597118
0.739908 0.597118
0.740007 0.597118
0.740106 0.596491
0.740205 0.596491
0.740305 0.596491
0.740404 0.596491
0.740503 0.596491
0.740602 0.596491
0.740701 0.596491
0.740800 0.595865
0.740899 0.595865
0.740998 0.595865
0.741097 0.595865
0.741196 0.595865
0.741295 0.595865
0.741394 0.595865
0.741493 0.595865
0.741592 0.595865
0.741691 0.595865
0.741790 0.595865
0.741889 0.595865
0.741988 0.595865
0.742088 0.595865
0.742187 0.595865
0.742286 0.595865
0.742385 0.595865
0.742484 0.595865
0.742583 0.595865
0.742682 0.595865
0.742781 0.595865
0.742880 0.595865
0.742979 0.595865
0.743078 0.595238
0.743177 0.594612
0.743276 0.594612
0.743375 0.594612
0.743474 0.594612
0.743573 0.594612
0.743672 0.594612
0.743771 0.594612
0.743871 0.594612
0.743970 0.594612
0.744069 0.594612
0.744168 0.593985
0.744267 0.593985
0.744366 0.593985
0.744465 0.593985
0.744564 0.593358
0.744663 0.593358
0.744762 0.592732
0.744861 0.592732
0.744960 0.592732
0.745059 0.592105
0.745158 0.592105
0.745257 0.592105
0.745356 0.591479
0.745455 0.591479
0.745554 0.591479
0.745654 0.591479
0.745753 0.591479
0.745852 0.590852
0.745951 0.590852
0.746050 0.590226
0.746149 0.590226
0.746248 0.590226
0.746347 0.590226
0.746446 0.590226
0.746545 0.589599
0.746644 0.589599
0.746743 0.589599
0.746842 0.589599
0.746941 0.589599
0.747040 0.589599
0.747139 0.588972
0.747238 0.588972
0.747337 0.588972
0.747437 0.588972
0.747536 0.588972
0.747635 0.588972
0.747734 0.588972
0.747833 0.588972
0.747932 0.588972
0.748031 0.588346
0.748130 0.588346
0.748229 0.588346
0.748328 0.588346
0.748427 0.588346
0.748526 0.587093
0.748625 0.586466
0.748724 0.586466
0.748823 0.586466
0.748922 0.586466
0.749021 0.586466
0.749120 0.586466
0.749220 0.586466
0.749319 0.586466
0.749418 0.586466
0.749517 0.586466
0.749616 0.586466
0.749715 0.586466
0.749814 0.586466
0.749913 0.586466
0.750012 0.586466
0.750111 0.586466
0.750210 0.586466
0.750309 0.586466
0.750408 0.586466
0.750507 0.586466
0.750606 0.586466
0.750705 0.585840
0.750804 0.585840
0.750903 0.585840
0.751003 0.585840
0.751102 0.585840
0.751201 0.585840
0.751300 0.585213
0.751399 0.585213
0.751498 0.585213
0.751597 0.585213
0.751696 0.585213
0.751795 0.585213
0.751894 0.585213
0.751993 0.585213
0.752092 0.585213
0.752191 0.585213
0.752290 0.585213
0.752389 0.584586
0.752488 0.584586
0.752587 0.584586
0.752686 0.583960
0.752786 0.583960
0.752885 0.583960
0.752984 0.583960
0.753083 0.583960
0.753182 0.583960
0.753281 0.583960
0.753380 0.583960
0.753479 0.583333
0.753578 0.583333
0.753677 0.583333
0.753776 0.583333
0.753875 0.583333
0.753974 0.583333
0.754073 0.582707
0.754172 0.582707
0.754271 0.582707
0.754370 0.582080
0.754470 0.582080
0.754569 0.581454
0.754668 0.581454
0.754767 0.580827
0.754866 0.580827
0.754965 0.580827
0.755064 0.580827
0.755163 0.580827
0.755262 0.580827
0.755361 0.580201
0.755460 0.579574
0.755559 0.579574
0.755658 0.579574
0.755757 0.579574
0.755856 0.579574
0.755955 0.579574
0.756054 0.579574
0.756153 0.579574
0.756253 0.578947
0.756352 0.578947
0.756451 0.578321
0.756550 0.577694
0.756649 0.577694
0.756748 0.577694
0.756847 0.577694
0.756946 0.577068
0.757045 0.577068
0.757144 0.577068
0.757243 0.577068
0.757342 0.577068
0.757441 0.577068
0.757540 0.577068
0.757639 0.577068
0.757738 0.577068
0.757837 0.577068
0.757936 0.577068
0.758036 0.577068
0.758135 0.576441
0.758234 0.576441
0.758333 0.576441
0.758432 0.576441
0.758531 0.576441
0.758630 0.576441
0.758729 0.575815
0.758828 0.575815
0.758927 0.575188
0.759026 0.575188
0.759125 0.575188
0.759224 0.575188
0.759323 0.575188
0.759422 0.575188
0.759521 0.575188
0.759620 0.575188
0.759719 0.575188
0.759819 0.575188
0.759918 0.575188
0.760017 0.575188
0.760116 0.575188
0.760215 0.575188
0.760314 0.575188
0.760413 0.575188
0.760512 0.575188
0.760611 0.575188
0.760710 0.574561
0.760809 0.574561
0.760908 0.574561
0.761007 0.574561
0.761106 0.574561
0.761205 0.574561
0.761304 0.574561
0.761403 0.574561
0.761502 0.574561
0.761602 0.574561
0.761701 0.574561
0.761800 0.574561
0.761899 0.574561
0.761998 0.574561
0.762097 0.574561
0.762196 0.573935
0.762295 0.573308
0.762394 0.573308
0.762493 0.573308
0.762592 0.573308
0.762691 0.573308
0.762790 0.573308
0.762889 0.573308
0.762988 0.572682
0.763087 0.572682
0.763186 0.572682
0.763285 0.572682
0.763385 0.572682
0.763484 0.572055
0.763583 0.572055
0.763682 0.571429
0.763781 0.571429
0.763880 0.571429
0.763979 0.571429
0.764078 0.570802
0.764177 0.570802
0.764276 0.570802
0.764375 0.570802
0.764474 0.570802
0.764573 0.570802
0.764672 0.570802
0.764771 0.570802
0.764870 0.570802
0.764969 0.570802
0.765068 0.570802
0.765168 0.570802
0.765267 0.570802
0.765366 0.570802
0.765465 0.570175
0.765564 0.569549
0.765663 0.569549
0.765762 0.569549
0.765861 0.568922
0.765960 0.568922
0.766059 0.568922
0.766158 0.568922
0.766257 0.568922
0.766356 0.568922
0.766455 0.568922
0.766554 0.568922
0.766653 0.568296
0.766752 0.568296
0.766852 0.568296
0.766951 0.568296
0.767050 0.568296
0.767149 0.568296
0.767248 0.568296
0.767347 0.568296
0.767446 0.567669
0.767545 0.567669
0.767644 0.567669
0.767743 0.567669
0.767842 0.567669
0.767941 0.567669
0.768040 0.567669
0.768139 0.567669
0.768238 0.567669
0.768337 0.567043
0.768436 0.567043
0.768535 0.567043
0.768635 0.567043
0.768734 0.567043
0.768833 0.567043
0.768932 0.567043
0.769031 0.567043
0.769130 0.567043
0.769229 0.567043
0.769328 0.567043
0.769427 0.567043
0.769526 0.567043
0.769625 0.566416
0.769724 0.566416
0.769823 0.566416
0.769922 0.566416
0.770021 0.566416
0.770120 0.566416
0.770219 0.566416
0.770318 0.565789
0.770418 0.565789
0.770517 0.565789
0.770616 0.565789
0.770715 0.565789
0.770814 0.565163
0.770913 0.565163
0.771012 0.565163
0.771111 0.564536
0.771210 0.564536
0.771309 0.564536
0.771408 0.564536
0.771507 0.564536
0.771606 0.564536
0.771705 0.564536
0.771804 0.564536
0.771903 0.564536
0.772002 0.564536
0.772101 0.564536
0.772201 0.564536
0.772300 0.563910
0.772399 0.563910
0.772498 0.563910
0.772597 0.563910
0.772696 0.563910
0.772795 0.563910
0.772894 0.563910
0.772993 0.563910
0.773092 0.563910
0.773191 0.563910
0.773290 0.563910
0.773389 0.563910
0.773488 0.563910
0.773587 0.563910
0.773686 0.563910
0.773785 0.563283
0.773884 0.563283
0.773984 0.563283
0.774083 0.563283
0.774182 0.563283
0.774281 0.563283
0.774380 0.563283
0.774479 0.563283
0.774578 0.563283
0.774677 0.563283
0.774776 0.563283
0.774875 0.563283
0.774974 0.563283
0.775073 0.562657
0.775172 0.562657
0.775271 0.562657
0.775370 0.562030
0.775469 0.562030
0.775568 0.562030
0.775667 0.562030
0.775767 0.562030
0.775866 0.562030
0.775965 0.562030
0.776064 0.562030
0.776163 0.562030
0.776262 0.562030
0.776361 0.562030
0.776460 0.561404
0.776559 0.561404
0.776658 0.561404
0.776757 0.561404
0.776856 0.561404
0.776955 0.561404
0.777054 0.561404
0.777153 0.561404
0.777252 0.561404
0.777351 0.561404
0.777450 0.561404
0.777550 0.561404
0.777649 0.561404
0.777748 0.561404
0.777847 0.561404
0.777946 0.561404
0.778045 0.561404
0.778144 0.561404
0.778243 0.561404
0.778342 0.560777
0.778441 0.560777
0.778540 0.560777
0.778639 0.560777
0.778738 0.560777
0.778837 0.560777
0.778936 0.560777
0.779035 0.560777
0.779134 0.560777
0.779233 0.560777
0.779333 0.560150
0.779432 0.560150
0.779531 0.560150
0.779630 0.560150
0.779729 0.560150
0.779828 0.560150
0.779927 0.560150
0.780026 0.560150
0.780125 0.560150
0.780224 0.560150
0.780323 0.560150
0.780422 0.559524
0.780521 0.558897
0.780620 0.558271
0.780719 0.558271
0.780818 0.558271
0.780917 0.558271
0.781017 0.558271
0.781116 0.558271
0.781215 0.558271
0.781314 0.558271
0.781413 0.558271
0.781512 0.558271
0.781611 0.557644
0.781710 0.557644
0.781809 0.557644
0.781908 0.557644
0.782007 0.557644
0.782106 0.557644
0.782205 0.557018
0.782304 0.557018
0.782403 0.557018
0.782502 0.557018
0.782601 0.557018
0.782700 0.557018
0.782800 0.556391
0.782899 0.556391
0.782998 0.556391
0.783097 0.555764
0.783196 0.555764
0.783295 0.555764
0.783394 0.555764
0.783493 0.554511
0.783592 0.554511
0.783691 0.554511
0.783790 0.554511
0.783889 0.554511
0.783988 0.554511
0.784087 0.554511
0.784186 0.554511
0.784285 0.554511
0.784384 0.554511
0.784483 0.554511
0.784583 0.553885
0.784682 0.553885
0.784781 0.553885
0.784880 0.553885
0.784979 0.553885
0.785078 0.553885
0.785177 0.553885
0.785276 0.553258
0.785375 0.553258
0.785474 0.552632
0.785573 0.552632
0.785672 0.552632
0.785771 0.552632
0.785870 0.552632
0.785969 0.552632
0.786068 0.552632
0.786167 0.552632
0.786266 0.552632
0.786366 0.552632
0.786465 0.552632
0.786564 0.552632
0.786663 0.552632
0.786762 0.552632
0.786861 0.552632
0.786960 0.552632
0.787059 0.552632
0.787158 0.552632
0.787257 0.552632
0.787356 0.552632
0.787455 0.552632
0.787554 0.552632
0.787653 0.552632
0.787752 0.552632
0.787851 0.552632
0.787950 0.552632
0.788049 0.552632
0.788149 0.552632
0.788248 0.552632
0.788347 0.552632
0.788446 0.552632
0.788545 0.552632
0.788644 0.552632
0.788743 0.552632
0.788842 0.552005
0.788941 0.552005
0.789040 0.551378
0.789139 0.551378
0.789238 0.551378
0.789337 0.551378
0.789436 0.551378
0.789535 0.551378
0.789634 0.551378
0.789733 0.551378
0.789832 0.551378
0.789932 0.551378
0.790031 0.551378
0.790130 0.551378
0.790229 0.551378
0.790328 0.551378
0.790427 0.551378
0.790526 0.551378
0.790625 0.551378
0.790724 0.550752
0.790823 0.550125
0.790922 0.550125
0.791021 0.550125
0.791120 0.550125
0.791219 0.550125
0.791318 0.550125
0.791417 0.550125
0.791516 0.550125
0.791615 0.550125
0.791715 0.550125
0.791814 0.550125
0.791913 0.550125
0.792012 0.550125
0.792111 0.550125
0.792210 0.550125
0.792309 0.549499
0.792408 0.549499
0.792507 0.548872
0.792606 0.548872
0.792705 0.548872
0.792804 0.548872
0.792903 0.548872
0.793002 0.548246
0.793101 0.547619
0.793200 0.547619
0.793299 0.547619
0.793398 0.547619
0.793498 0.547619
0.793597 0.546992
0.793696 0.546992
0.793795 0.546992
0.793894 0.546992
0.793993 0.546992
0.794092 0.546366
0.794191 0.546366
0.794290 0.546366
0.794389 0.546366
0.794488 0.546366
0.794587 0.546366
0.794686 0.546366
0.794785 0.546366
0.794884 0.546366
0.794983 0.546366
0.795082 0.546366
0.795182 0.546366
0.795281 0.546366
0.795380 0.546366
0.795479 0.546366
0.795578 0.546366
0.795677 0.546366
0.795776 0.545739
0.795875 0.545113
0.795974 0.545113
0.796073 0.545113
0.796172 0.545113
0.796271 0.545113
0.796370 0.545113
0.796469 0.545113
0.796568 0.545113
0.796667 0.545113
0.796766 0.545113
0.796865 0.545113
0.796965 0.545113
0.797064 0.545113
0.797163 0.545113
0.797262 0.545113
0.797361 0.545113
0.797460 0.545113
0.797559 0.545113
0.797658 0.545113
0.797757 0.545113
0.797856 0.545113
0.797955 0.545113
0.798054 0.544486
0.798153 0.544486
0.798252 0.544486
0.798351 0.544486
0.798450 0.544486
0.798549 0.544486
0.798648 0.544486
0.798748 0.544486
0.798847 0.544486
0.798946 0.544486
0.799045 0.544486
0.799144 0.544486
0.799243 0.544486
0.799342 0.544486
0.799441 0.544486
0.799540 0.544486
0.799639 0.544486
0.799738 0.544486
0.799837 0.544486
0.799936 0.543860
0.800035 0.543233
0.800134 0.543233
0.800233 0.543233
0.800332 0.543233
0.800431 0.543233
0.800531 0.543233
0.800630 0.543233
0.800729 0.543233
0.800828 0.543233
0.800927 0.543233
0.801026 0.543233
0.801125 0.543233
0.801224 0.543233
0.801323 0.543233
0.801422 0.543233
0.801521 0.543233
0.801620 0.543233
0.801719 0.543233
0.801818 0.543233
0.801917 0.543233
0.802016 0.543233
0.802115 0.543233
0.802214 0.543233
0.802314 0.543233
0.802413 0.542607
0.802512 0.542607
0.802611 0.542607
0.802710 0.542607
0.802809 0.542607
0.802908 0.542607
0.803007 0.542607
0.803106 0.542607
0.803205 0.542607
0.803304 0.542607
0.803403 0.542607
0.803502 0.542607
0.803601 0.542607
0.803700 0.542607
0.803799 0.542607
0.803898 0.541980
0.803997 0.541980
0.804097 0.541353
0.804196 0.541353
0.804295 0.541353
0.804394 0.541353
0.804493 0.540727
0.804592 0.540727
0.804691 0.540727
0.804790 0.540727
0.804889 0.540727
0.804988 0.540727
0.805087 0.540727
0.805186 0.540727
0.805285 0.540727
0.805384 0.540727
0.805483 0.540727
0.805582 0.540727
0.805681 0.540727
0.805780 0.540727
0.805880 0.540727
0.805979 0.540727
0.806078 0.540727
0.806177 0.540727
0.806276 0.540727
0.806375 0.540727
0.806474 0.540727
0.806573 0.540727
0.806672 0.540727
0.806771 0.540727
0.806870 0.540727
0.806969 0.540727
0.807068 0.540727
0.807167 0.540727
0.807266 0.540727
0.807365 0.540100
0.807464 0.540100
0.807564 0.540100
0.807663 0.540100
0.807762 0.540100
0.807861 0.540100
0.807960 0.540100
0.808059 0.538847
0.808158 0.538847
0.808257 0.538847
0.808356 0.538221
0.808455 0.538221
0.808554 0.538221
0.808653 0.538221
0.808752 0.538221
0.808851 0.538221
0.808950 0.538221
0.809049 0.538221
0.809148 0.538221
0.809247 0.537594
0.809347 0.536967
0.809446 0.536967
0.809545 0.536967
0.809644 0.536967
0.809743 0.536967
0.809842 0.536967
0.809941 0.536341
0.810040 0.536341
0.810139 0.536341
0.810238 0.536341
0.810337 0.535714
0.810436 0.535714
0.810535 0.535714
0.810634 0.535714
0.810733 0.535714
0.810832 0.535088
0.810931 0.535088
0.811030 0.534461
0.811130 0.534461
0.811229 0.533835
0.811328 0.533835
0.811427 0.533208
0.811526 0.532581
0.811625 0.532581
0.811724 0.532581
0.811823 0.531955
0.811922 0.531955
0.812021 0.531328
0.812120 0.531328
0.812219 0.531328
0.812318 0.531328
0.812417 0.531328
0.812516 0.531328
0.812615 0.531328
0.812714 0.531328
0.812813 0.531328
0.812913 0.531328
0.813012 0.531328
0.813111 0.531328
0.813210 0.531328
0.813309 0.531328
0.813408 0.531328
0.813507 0.531328
0.813606 0.531328
0.813705 0.531328
0.813804 0.530702
0.813903 0.530702
0.814002 0.530702
0.814101 0.530702
0.814200 0.530702
0.814299 0.530075
0.814398 0.530075
0.814497 0.530075
0.814596 0.530075
0.814696 0.529449
0.814795 0.529449
0.814894 0.529449
0.814993 0.528195
0.815092 0.528195
0.815191 0.528195
0.815290 0.528195
0.815389 0.528195
0.815488 0.528195
0.815587 0.528195
0.815686 0.528195
0.815785 0.528195
0.815884 0.528195
0.815983 0.528195
0.816082 0.528195
0.816181 0.528195
0.816280 0.528195
0.816379 0.527569
0.816479 0.527569
0.816578 0.527569
0.816677 0.527569
0.816776 0.527569
0.816875 0.527569
0.816974 0.527569
0.817073 0.527569
0.817172 0.527569
0.817271 0.527569
0.817370 0.527569
0.817469 0.527569
0.817568 0.527569
0.817667 0.526942
0.817766 0.526942
0.817865 0.526316
0.817964 0.526316
0.818063 0.526316
0.818162 0.526316
0.818262 0.526316
0.818361 0.526316
0.818460 0.526316
0.818559 0.526316
0.818658 0.526316
0.818757 0.526316
0.818856 0.526316
0.818955 0.526316
0.819054 0.526316
0.819153 0.526316
0.819252 0.526316
0.819351 0.526316
0.819450 0.525689
0.819549 0.525689
0.819648 0.525689
0.819747 0.525063
0.819846 0.523810
0.819945 0.523810
0.820045 0.523810
0.820144 0.523810
0.820243 0.523810
0.820342 0.523810
0.820441 0.523810
0.820540 0.523810
0.820639 0.523810
0.820738 0.523810
0.820837 0.523810
0.820936 0.523810
0.821035 0.523810
0.821134 0.523810
0.821233 0.523183
0.821332 0.523183
0.821431 0.523183
0.821530 0.523183
0.821629 0.523183
0.821729 0.523183
0.821828 0.522556
0.821927 0.521930
0.822026 0.521930
0.822125 0.521930
0.822224 0.521930
0.822323 0.521930
0.822422 0.521930
0.822521 0.521930
0.822620 0.521930
0.822719 0.521930
0.822818 0.521930
0.822917 0.521303
0.823016 0.521303
0.823115 0.521303
0.823214 0.521303
0.823313 0.521303
0.823412 0.521303
0.823512 0.521303
0.823611 0.521303
0.823710 0.521303
0.823809 0.521303
0.823908 0.520677
0.824007 0.520677
0.824106 0.520677
0.824205 0.520050
0.824304 0.520050
0.824403 0.520050
0.824502 0.520050
0.824601 0.520050
0.824700 0.520050
0.824799 0.520050
0.824898 0.520050
0.824997 0.520050
0.825096 0.520050
0.825195 0.520050
0.825295 0.520050
0.825394 0.520050
0.825493 0.520050
0.825592 0.519424
0.825691 0.519424
0.825790 0.519424
0.825889 0.519424
0.825988 0.519424
0.826087 0.519424
0.826186 0.518797
0.826285 0.518797
0.826384 0.518797
0.826483 0.518797
0.826582 0.518797
0.826681 0.518797
0.826780 0.518797
0.826879 0.518797
0.826978 0.518797
0.827078 0.518797
0.827177 0.518797
0.827276 0.518797
0.827375 0.518797
0.827474 0.518170
0.827573 0.518170
0.827672 0.517544
0.827771 0.517544
0.827870 0.517544
0.827969 0.517544
0.828068 0.517544
0.828167 0.517544
0.828266 0.517544
0.828365 0.516291
0.828464 0.516291
0.828563 0.516291
0.828662 0.516291
0.828761 0.515664
0.828861 0.515664
0.828960 0.515664
0.829059 0.515664
0.829158 0.515664
0.829257 0.515664
0.829356 0.515664
0.829455 0.515664
0.829554 0.515664
0.829653 0.515664
0.829752 0.515664
0.829851 0.515664
0.829950 0.515664
0.830049 0.515664
0.830148 0.515664
0.830247 0.515664
0.830346 0.515664
0.830445 0.515664
0.830544 0.515664
0.830644 0.515038
0.830743 0.515038
0.830842 0.515038
0.830941 0.515038
0.831040 0.515038
0.831139 0.515038
0.831238 0.515038
0.831337 0.514411
0.831436 0.514411
0.831535 0.514411
0.831634 0.513784
0.831733 0.513784
0.831832 0.513784
0.831931 0.513784
0.832030 0.513784
0.832129 0.513784
0.832228 0.513784
0.832327 0.513784
0.832427 0.512531
0.832526 0.512531
0.832625 0.512531
0.832724 0.512531
0.832823 0.512531
0.832922 0.512531
0.833021 0.511905
0.833120 0.511905
0.833219 0.511905
0.833318 0.511905
0.833417 0.511278
0.833516 0.511278
0.833615 0.511278
0.833714 0.511278
0.833813 0.511278
0.833912 0.511278
0.834011 0.511278
0.834110 0.510652
0.834210 0.510652
0.834309 0.510652
0.834408 0.510652
0.834507 0.510652
0.834606 0.510652
0.834705 0.510652
0.834804 0.510652
0.834903 0.510652
0.835002 0.510025
0.835101 0.510025
0.835200 0.510025
0.835299 0.510025
0.835398 0.510025
0.835497 0.510025
0.835596 0.510025
0.835695 0.508772
0.835794 0.508772
0.835894 0.508772
0.835993 0.508772
0.836092 0.508145
0.836191 0.508145
0.836290 0.508145
0.836389 0.508145
0.836488 0.508145
0.836587 0.508145
0.836686 0.508145
0.836785 0.507519
0.836884 0.507519
0.836983 0.507519
0.837082 0.507519
0.837181 0.507519
0.837280 0.507519
0.837379 0.507519
0.837478 0.507519
0.837577 0.506892
0.837677 0.506892
0.837776 0.506892
0.837875 0.506892
0.837974 0.506892
0.838073 0.506266
0.838172 0.505639
0.838271 0.505639
0.838370 0.505639
0.838469 0.505639
0.838568 0.505639
0.838667 0.505639
0.838766 0.505013
0.838865 0.505013
0.838964 0.505013
0.839063 0.504386
0.839162 0.504386
0.839261 0.504386
0.839360 0.504386
0.839460 0.504386
0.839559 0.503759
0.839658 0.503759
0.839757 0.503759
0.839856 0.503759
0.839955 0.503759
0.840054 0.503133
0.840153 0.503133
0.840252 0.502506
0.840351 0.502506
0.840450 0.501880
0.840549 0.501880
0.840648 0.501880
0.840747 0.501880
0.840846 0.501880
0.840945 0.501880
0.841044 0.501880
0.841143 0.501880
0.841243 0.501880
0.841342 0.501880
0.841441 0.501880
0.841540 0.501880
0.841639 0.501880
0.841738 0.501880
0.841837 0.501253
0.841936 0.501253
0.842035 0.501253
0.842134 0.501253
0.842233 0.500000
0.842332 0.500000
0.842431 0.499373
0.842530 0.499373
0.842629 0.499373
0.842728 0.497494
0.842827 0.497494
0.842926 0.496867
0.843026 0.496867
0.843125 0.496867
0.843224 0.496867
0.843323 0.496241
0.843422 0.496241
0.843521 0.496241
0.843620 0.496241
0.843719 0.496241
0.843818 0.496241
0.843917 0.496241
0.844016 0.496241
0.844115 0.496241
0.844214 0.496241
0.844313 0.495614
0.844412 0.494987
0.844511 0.494987
0.844610 0.494987
0.844709 0.494987
0.844809 0.494987
0.844908 0.494987
0.845007 0.494987
0.845106 0.494987
0.845205 0.494987
0.845304 0.494987
0.845403 0.494987
0.845502 0.494987
0.845601 0.494987
0.845700 0.494987
0.845799 0.494361
0.845898 0.494361
0.845997 0.494361
0.846096 0.494361
0.846195 0.494361
0.846294 0.494361
0.846393 0.494361
0.846492 0.494361
0.846592 0.494361
0.846691 0.494361
0.846790 0.494361
0.846889 0.494361
0.846988 0.494361
0.847087 0.494361
0.847186 0.494361
0.847285 0.494361
0.847384 0.494361
0.847483 0.494361
0.847582 0.494361
0.847681 0.494361
0.847780 0.494361
0.847879 0.494361
0.847978 0.494361
0.848077 0.494361
0.848176 0.494361
0.848276 0.494361
0.848375 0.493734
0.848474 0.493108
0.848573 0.493108
0.848672 0.492481
0.848771 0.492481
0.848870 0.492481
0.848969 0.492481
0.849068 0.492481
0.849167 0.492481
0.849266 0.492481
0.849365 0.492481
0.849464 0.492481
0.849563 0.492481
0.849662 0.492481
0.849761 0.492481
0.849860 0.491855
0.849959 0.491855
0.850059 0.491228
0.850158 0.490602
0.850257 0.490602
0.850356 0.490602
0.850455 0.490602
0.850554 0.490602
0.850653 0.490602
0.850752 0.490602
0.850851 0.490602
0.850950 0.490602
0.851049 0.490602
0.851148 0.490602
0.851247 0.490602
0.851346 0.490602
0.851445 0.490602
0.851544 0.490602
0.851643 0.490602
0.851742 0.489348
0.851842 0.489348
0.851941 0.489348
0.852040 0.489348
0.852139 0.489348
0.852238 0.489348
0.852337 0.489348
0.852436 0.489348
0.852535 0.489348
0.852634 0.489348
0.852733 0.489348
0.852832 0.489348
0.852931 0.489348
0.853030 0.489348
0.853129 0.489348
0.853228 0.489348
0.853327 0.489348
0.853426 0.488722
0.853525 0.488722
0.853625 0.488722
0.853724 0.488095
0.853823 0.488095
0.853922 0.486842
0.854021 0.486842
0.854120 0.486842
0.854219 0.486842
0.854318 0.486842
0.854417 0.486842
0.854516 0.486842
0.854615 0.486216
0.854714 0.486216
0.854813 0.486216
0.854912 0.484962
0.855011 0.484962
0.855110 0.484962
0.855209 0.483709
0.855308 0.483709
0.855408 0.483709
0.855507 0.483709
0.855606 0.483709
0.855705 0.483083
0.855804 0.483083
0.855903 0.483083
0.856002 0.482456
0.856101 0.481830
0.856200 0.481830
0.856299 0.481830
0.856398 0.481830
0.856497 0.481830
0.856596 0.481830
0.856695 0.481830
0.856794 0.481203
0.856893 0.481203
0.856992 0.481203
0.857091 0.481203
0.857191 0.480576
0.857290 0.480576
0.857389 0.480576
0.857488 0.480576
0.857587 0.480576
0.857686 0.480576
0.857785 0.480576
0.857884 0.480576
0.857983 0.480576
0.858082 0.480576
0.858181 0.480576
0.858280 0.480576
0.858379 0.479950
0.858478 0.479950
0.858577 0.479950
0.858676 0.479950
0.858775 0.479323
0.858874 0.479323
0.858974 0.479323
0.859073 0.478697
0.859172 0.478697
0.859271 0.478697
0.859370 0.478697
0.859469 0.478697
0.859568 0.478697
0.859667 0.478697
0.859766 0.478697
0.859865 0.478070
0.859964 0.478070
0.860063 0.477444
0.860162 0.477444
0.860261 0.477444
0.860360 0.476817
0.860459 0.476817
0.860558 0.476817
0.860657 0.476817
0.860757 0.476817
0.860856 0.476817
0.860955 0.476817
0.861054 0.476817
0.861153 0.476817
0.861252 0.476817
0.861351 0.476190
0.861450 0.476190
0.861549 0.476190
0.861648 0.475564
0.861747 0.475564
0.861846 0.475564
0.861945 0.475564
0.862044 0.475564
0.862143 0.475564
0.862242 0.475564
0.862341 0.475564
0.862441 0.475564
0.862540 0.475564
0.862639 0.475564
0.862738 0.475564
0.862837 0.475564
0.862936 0.474937
0.863035 0.474937
0.863134 0.474311
0.863233 0.474311
0.863332 0.473684
0.863431 0.473684
0.863530 0.473684
0.863629 0.473684
0.863728 0.473684
0.863827 0.473684
0.863926 0.473058
0.864025 0.473058
0.864124 0.473058
0.864224 0.472431
0.864323 0.472431
0.864422 0.472431
0.864521 0.472431
0.864620 0.472431
0.864719 0.471805
0.864818 0.471805
0.864917 0.471805
0.865016 0.471178
0.865115 0.471178
0.865214 0.471178
0.865313 0.471178
0.865412 0.470551
0.865511 0.470551
0.865610 0.470551
0.865709 0.470551
0.865808 0.469925
0.865907 0.469925
0.866007 0.469298
0.866106 0.469298
0.866205 0.469298
0.866304 0.469298
0.866403 0.469298
0.866502 0.469298
0.866601 0.469298
0.866700 0.468672
0.866799 0.468672
0.866898 0.468672
0.866997 0.468045
0.867096 0.468045
0.867195 0.468045
0.867294 0.468045
0.867393 0.468045
0.867492 0.468045
0.867591 0.468045
0.867690 0.467419
0.867790 0.467419
0.867889 0.467419
0.867988 0.466792
0.868087 0.466792
0.868186 0.466792
0.868285 0.466792
0.868384 0.466165
0.868483 0.466165
0.868582 0.466165
0.868681 0.466165
0.868780 0.466165
0.868879 0.466165
0.868978 0.466165
0.869077 0.466165
0.869176 0.466165
0.869275 0.466165
0.869374 0.466165
0.869473 0.466165
0.869573 0.466165
0.869672 0.465539
0.869771 0.464912
0.869870 0.464286
0.869969 0.463659
0.870068 0.463659
0.870167 0.463659
0.870266 0.463659
0.870365 0.463033
0.870464 0.463033
0.870563 0.463033
0.870662 0.462406
0.870761 0.462406
0.870860 0.462406
0.870959 0.462406
0.871058 0.461779
0.871157 0.461153
0.871256 0.461153
0.871356 0.461153
0.871455 0.461153
0.871554 0.461153
0.871653 0.460526
0.871752 0.460526
0.871851 0.460526
0.871950 0.459900
0.872049 0.459900
0.872148 0.459900
0.872247 0.459900
0.872346 0.459900
0.872445 0.459900
0.872544 0.459900
0.872643 0.459900
0.872742 0.459273
0.872841 0.458647
0.872940 0.458647
0.873039 0.458647
0.873139 0.458020
0.873238 0.458020
0.873337 0.457393
0.873436 0.457393
0.873535 0.457393
0.873634 0.456767
0.873733 0.456767
0.873832 0.456767
0.873931 0.456767
0.874030 0.456767
0.874129 0.456140
0.874228 0.455514
0.874327 0.455514
0.874426 0.455514
0.874525 0.454261
0.874624 0.453008
0.874723 0.453008
0.874822 0.453008
0.874922 0.453008
0.875021 0.453008
0.875120 0.453008
0.875219 0.453008
0.875318 0.453008
0.875417 0.453008
0.875516 0.453008
0.875615 0.453008
0.875714 0.452381
0.875813 0.452381
0.875912 0.452381
0.876011 0.451754
0.876110 0.451754
0.876209 0.451754
0.876308 0.451754
0.876407 0.451754
0.876506 0.451128
0.876606 0.449875
0.876705 0.449875
0.876804 0.449875
0.876903 0.449875
0.877002 0.449875
0.877101 0.449875
0.877200 0.449875
0.877299 0.449875
0.877398 0.449875
0.877497 0.449875
0.877596 0.449248
0.877695 0.449248
0.877794 0.449248
0.877893 0.448622
0.877992 0.448622
0.878091 0.448622
0.878190 0.448622
0.878289 0.448622
0.878389 0.448622
0.878488 0.448622
0.878587 0.447995
0.878686 0.447995
0.878785 0.447995
0.878884 0.447995
0.878983 0.447995
0.879082 0.447995
0.879181 0.447995
0.879280 0.447368
0.879379 0.447368
0.879478 0.446742
0.879577 0.446742
0.879676 0.446742
0.879775 0.446115
0.879874 0.444862
0.879973 0.444862
0.880072 0.444236
0.880172 0.444236
0.880271 0.444236
0.880370 0.443609
0.880469 0.443609
0.880568 0.443609
0.880667 0.443609
0.880766 0.443609
0.880865 0.443609
0.880964 0.443609
0.881063 0.443609
0.881162 0.443609
0.881261 0.443609
0.881360 0.443609
0.881459 0.443609
0.881558 0.443609
0.881657 0.442356
0.881756 0.442356
0.881855 0.442356
0.881955 0.441729
0.882054 0.441729
0.882153 0.441729
0.882252 0.441729
0.882351 0.441729
0.882450 0.441729
0.882549 0.441103
0.882648 0.439850
0.882747 0.439850
0.882846 0.439850
0.882945 0.439850
0.883044 0.439223
0.883143 0.439223
0.883242 0.439223
0.883341 0.439223
0.883440 0.438596
0.883539 0.438596
0.883638 0.438596
0.883738 0.438596
0.883837 0.438596
0.883936 0.438596
0.884035 0.438596
0.884134 0.437970
0.884233 0.437970
0.884332 0.437970
0.884431 0.437970
0.884530 0.437970
0.884629 0.437343
0.884728 0.437343
0.884827 0.436717
0.884926 0.436717
0.885025 0.436717
0.885124 0.436717
0.885223 0.436090
0.885322 0.436090
0.885421 0.436090
0.885521 0.436090
0.885620 0.435464
0.885719 0.435464
0.885818 0.435464
0.885917 0.435464
0.886016 0.435464
0.886115 0.435464
0.886214 0.435464
0.886313 0.434837
0.886412 0.434837
0.886511 0.434211
0.886610 0.434211
0.886709 0.434211
0.886808 0.434211
0.886907 0.432957
0.887006 0.432957
0.887105 0.432957
0.887204 0.432957
0.887304 0.432957
0.887403 0.432331
0.887502 0.431704
0.887601 0.431704
0.887700 0.431704
0.887799 0.431078
0.887898 0.430451
0.887997 0.430451
0.888096 0.430451
0.888195 0.430451
0.888294 0.430451
0.888393 0.430451
0.888492 0.429825
0.888591 0.429825
0.888690 0.429825
0.888789 0.429198
0.888888 0.429198
0.888988 0.428571
0.889087 0.428571
0.889186 0.427945
0.889285 0.427945
0.889384 0.427318
0.889483 0.426065
0.889582 0.426065
0.889681 0.426065
0.889780 0.425439
0.889879 0.425439
0.889978 0.425439
0.890077 0.425439
0.890176 0.425439
0.890275 0.425439
0.890374 0.425439
0.890473 0.425439
0.890572 0.425439
0.890671 0.425439
0.890771 0.424812
0.890870 0.424812
0.890969 0.424812
0.891068 0.424812
0.891167 0.424185
0.891266 0.423559
0.891365 0.423559
0.891464 0.423559
0.891563 0.423559
0.891662 0.423559
0.891761 0.422932
0.891860 0.422932
0.891959 0.421679
0.892058 0.421053
0.892157 0.420426
0.892256 0.419799
0.892355 0.419799
0.892454 0.419173
0.892554 0.419173
0.892653 0.419173
0.892752 0.419173
0.892851 0.419173
0.892950 0.419173
0.893049 0.419173
0.893148 0.419173
0.893247 0.417920
0.893346 0.417920
0.893445 0.417920
0.893544 0.417920
0.893643 0.417920
0.893742 0.417920
0.893841 0.417920
0.893940 0.417920
0.894039 0.417293
0.894138 0.416040
0.894237 0.415414
0.894337 0.415414
0.894436 0.415414
0.894535 0.415414
0.894634 0.414787
0.894733 0.414160
0.894832 0.414160
0.894931 0.414160
0.895030 0.414160
0.895129 0.413534
0.895228 0.413534
0.895327 0.413534
0.895426 0.412907
0.895525 0.412907
0.895624 0.412281
0.895723 0.412281
0.895822 0.412281
0.895921 0.411654
0.896020 0.411028
0.896120 0.411028
0.896219 0.411028
0.896318 0.411028
0.896417 0.411028
0.896516 0.411028
0.896615 0.411028
0.896714 0.410401
0.896813 0.410401
0.896912 0.410401
0.897011 0.409774
0.897110 0.409148
0.897209 0.409148
0.897308 0.409148
0.897407 0.409148
0.897506 0.409148
0.897605 0.409148
0.897704 0.409148
0.897803 0.409148
0.897903 0.408521
0.898002 0.408521
0.898101 0.408521
0.898200 0.408521
0.898299 0.408521
0.898398 0.408521
0.898497 0.408521
0.898596 0.407895
0.898695 0.407895
0.898794 0.407895
0.898893 0.407895
0.898992 0.407895
0.899091 0.407895
0.899190 0.407895
0.899289 0.407895
0.899388 0.407895
0.899487 0.407895
0.899586 0.407895
0.899686 0.407895
0.899785 0.407895
0.899884 0.407895
0.899983 0.407895
0.900082 0.407895
0.900181 0.407895
0.900280 0.407895
0.900379 0.407895
0.900478 0.407268
0.900577 0.406642
0.900676 0.406642
0.900775 0.406642
0.900874 0.406642
0.900973 0.406642
0.901072 0.406642
0.901171 0.405388
0.901270 0.405388
0.901369 0.405388
0.901469 0.405388
0.901568 0.405388
0.901667 0.405388
0.901766 0.404762
0.901865 0.404762
0.901964 0.404762
0.902063 0.404135
0.902162 0.404135
0.902261 0.404135
0.902360 0.404135
0.902459 0.404135
0.902558 0.404135
0.902657 0.404135
0.902756 0.404135
0.902855 0.404135
0.902954 0.404135
0.903053 0.404135
0.903153 0.404135
0.903252 0.404135
0.903351 0.404135
0.903450 0.404135
0.903549 0.403509
0.903648 0.402882
0.903747 0.402882
0.903846 0.402882
0.903945 0.402256
0.904044 0.401629
0.904143 0.401629
0.904242 0.401629
0.904341 0.401629
0.904440 0.401629
0.904539 0.401629
0.904638 0.401003
0.904737 0.401003
0.904836 0.401003
0.904936 0.401003
0.905035 0.400376
0.905134 0.400376
0.905233 0.400376
0.905332 0.400376
0.905431 0.400376
0.905530 0.400376
0.905629 0.399749
0.905728 0.399749
0.905827 0.399123
0.905926 0.399123
0.906025 0.399123
0.906124 0.398496
0.906223 0.398496
0.906322 0.397870
0.906421 0.397870
0.906520 0.397870
0.906619 0.397870
0.906719 0.397870
0.906818 0.397870
0.906917 0.396617
0.907016 0.395990
0.907115 0.395990
0.907214 0.395363
0.907313 0.395363
0.907412 0.394737
0.907511 0.394737
0.907610 0.394737
0.907709 0.394110
0.907808 0.394110
0.907907 0.394110
0.908006 0.394110
0.908105 0.394110
0.908204 0.394110
0.908303 0.394110
0.908402 0.394110
0.908502 0.394110
0.908601 0.394110
0.908700 0.394110
0.908799 0.393484
0.908898 0.393484
0.908997 0.393484
0.909096 0.392857
0.909195 0.392857
0.909294 0.392857
0.909393 0.392857
0.909492 0.392857
0.909591 0.392857
0.909690 0.390977
0.909789 0.390351
0.909888 0.390351
0.909987 0.390351
0.910086 0.390351
0.910185 0.390351
0.910285 0.390351
0.910384 0.390351
0.910483 0.390351
0.910582 0.390351
0.910681 0.390351
0.910780 0.390351
0.910879 0.390351
0.910978 0.389098
0.911077 0.388471
0.911176 0.388471
0.911275 0.388471
0.911374 0.388471
0.911473 0.388471
0.911572 0.388471
0.911671 0.388471
0.911770 0.387845
0.911869 0.387845
0.911968 0.387845
0.912068 0.387845
0.912167 0.387845
0.912266 0.387845
0.912365 0.387845
0.912464 0.387845
0.912563 0.387218
0.912662 0.387218
0.912761 0.387218
0.912860 0.387218
0.912959 0.387218
0.913058 0.387218
0.913157 0.387218
0.913256 0.387218
0.913355 0.387218
0.913454 0.387218
0.913553 0.387218
0.913652 0.386591
0.913751 0.385965
0.913851 0.385965
0.913950 0.385965
0.914049 0.385965
0.914148 0.385338
0.914247 0.385338
0.914346 0.384712
0.914445 0.384712
0.914544 0.382832
0.914643 0.382832
0.914742 0.382832
0.914841 0.382832
0.914940 0.382206
0.915039 0.381579
0.915138 0.380952
0.915237 0.380952
0.915336 0.380952
0.915435 0.380952
0.915534 0.380326
0.915634 0.378446
0.915733 0.378446
0.915832 0.378446
0.915931 0.378446
0.916030 0.378446
0.916129 0.378446
0.916228 0.378446
0.916327 0.378446
0.916426 0.378446
0.916525 0.378446
0.916624 0.378446
0.916723 0.378446
0.916822 0.378446
0.916921 0.378446
0.917020 0.378446
0.917119 0.377820
0.917218 0.377820
0.917318 0.377820
0.917417 0.377820
0.917516 0.377820
0.917615 0.377820
0.917714 0.377820
0.917813 0.377820
0.917912 0.377820
0.918011 0.377820
0.918110 0.377193
0.918209 0.376566
0.918308 0.375940
0.918407 0.375940
0.918506 0.375940
0.918605 0.375940
0.918704 0.375940
0.918803 0.375313
0.918902 0.375313
0.919001 0.375313
0.919101 0.374687
0.919200 0.373434
0.919299 0.373434
0.919398 0.372807
0.919497 0.372807
0.919596 0.372180
0.919695 0.372180
0.919794 0.371554
0.919893 0.371554
0.919992 0.370927
0.920091 0.370301
0.920190 0.370301
0.920289 0.370301
0.920388 0.370301
0.920487 0.370301
0.920586 0.370301
0.920685 0.369674
0.920784 0.369674
0.920884 0.369674
0.920983 0.369048
0.921082 0.368421
0.921181 0.367794
0.921280 0.367794
0.921379 0.367168
0.921478 0.367168
0.921577 0.367168
0.921676 0.367168
0.921775 0.367168
0.921874 0.367168
0.921973 0.367168
0.922072 0.366541
0.922171 0.366541
0.922270 0.366541
0.922369 0.366541
0.922468 0.366541
0.922567 0.365915
0.922667 0.365915
0.922766 0.365288
0.922865 0.365288
0.922964 0.364662
0.923063 0.364662
0.923162 0.364662
0.923261 0.364035
0.923360 0.364035
0.923459 0.364035
0.923558 0.363409
0.923657 0.363409
0.923756 0.362782
0.923855 0.362782
0.923954 0.362782
0.924053 0.362782
0.924152 0.362155
0.924251 0.361529
0.924350 0.361529
0.924450 0.361529
0.924549 0.361529
0.924648 0.360902
0.924747 0.360902
0.924846 0.360902
0.924945 0.360276
0.925044 0.360276
0.925143 0.360276
0.925242 0.360276
0.925341 0.360276
0.925440 0.359649
0.925539 0.359649
0.925638 0.359649
0.925737 0.359649
0.925836 0.359649
0.925935 0.359649
0.926034 0.358396
0.926133 0.358396
0.926233 0.358396
0.926332 0.357769
0.926431 0.357769
0.926530 0.357143
0.926629 0.357143
0.926728 0.356516
0.926827 0.355890
0.926926 0.355890
0.927025 0.355890
0.927124 0.354637
0.927223 0.354637
0.927322 0.354637
0.927421 0.354637
0.927520 0.354637
0.927619 0.354637
0.927718 0.354637
0.927817 0.354637
0.927916 0.354637
0.928016 0.354637
0.928115 0.354637
0.928214 0.354637
0.928313 0.354010
0.928412 0.354010
0.928511 0.354010
0.928610 0.353383
0.928709 0.352757
0.928808 0.351504
0.928907 0.350877
0.929006 0.350877
0.929105 0.350877
0.929204 0.350877
0.929303 0.350251
0.929402 0.350251
0.929501 0.350251
0.929600 0.350251
0.929699 0.349624
0.929799 0.348997
0.929898 0.348997
0.929997 0.348371
0.930096 0.348371
0.930195 0.348371
0.930294 0.348371
0.930393 0.348371
0.930492 0.348371
0.930591 0.348371
0.930690 0.348371
0.930789 0.348371
0.930888 0.347744
0.930987 0.347744
0.931086 0.347744
0.931185 0.346491
0.931284 0.345238
0.931383 0.345238
0.931483 0.343985
0.931582 0.343985
0.931681 0.343985
0.931780 0.343985
0.931879 0.343358
0.931978 0.343358
0.932077 0.342105
0.932176 0.340852
0.932275 0.340852
0.932374 0.340852
0.932473 0.340226
0.932572 0.339599
0.932671 0.338972
0.932770 0.338972
0.932869 0.338972
0.932968 0.338972
0.933067 0.337719
0.933166 0.337093
0.933266 0.336466
0.933365 0.336466
0.933464 0.336466
0.933563 0.336466
0.933662 0.336466
0.933761 0.335840
0.933860 0.335840
0.933959 0.335213
0.934058 0.334586
0.934157 0.334586
0.934256 0.334586
0.934355 0.334586
0.934454 0.334586
0.934553 0.334586
0.934652 0.334586
0.934751 0.333333
0.934850 0.332707
0.934949 0.332707
0.935049 0.332080
0.935148 0.332080
0.935247 0.330201
0.935346 0.329574
0.935445 0.329574
0.935544 0.329574
0.935643 0.328947
0.935742 0.328321
0.935841 0.328321
0.935940 0.328321
0.936039 0.327694
0.936138 0.327694
0.936237 0.327694
0.936336 0.327694
0.936435 0.327694
0.936534 0.327694
0.936633 0.327694
0.936732 0.327694
0.936832 0.327694
0.936931 0.327694
0.937030 0.327068
0.937129 0.326441
0.937228 0.326441
0.937327 0.326441
0.937426 0.326441
0.937525 0.325815
0.937624 0.324561
0.937723 0.324561
0.937822 0.323935
0.937921 0.322682
0.938020 0.322055
0.938119 0.322055
0.938218 0.322055
0.938317 0.322055
0.938416 0.320175
0.938515 0.320175
0.938615 0.320175
0.938714 0.319549
0.938813 0.318296
0.938912 0.318296
0.939011 0.318296
0.939110 0.318296
0.939209 0.318296
0.939308 0.318296
0.939407 0.318296
0.939506 0.317669
0.939605 0.317669
0.939704 0.317669
0.939803 0.316416
0.939902 0.315789
0.940001 0.315163
0.940100 0.314536
0.940199 0.314536
0.940298 0.314536
0.940398 0.314536
0.940497 0.313910
0.940596 0.313910
0.940695 0.313910
0.940794 0.313910
0.940893 0.313910
0.940992 0.313283
0.941091 0.312657
0.941190 0.312657
0.941289 0.312030
0.941388 0.310777
0.941487 0.310150
0.941586 0.309524
0.941685 0.309524
0.941784 0.309524
0.941883 0.309524
0.941982 0.308271
0.942081 0.307644
0.942181 0.307018
0.942280 0.307018
0.942379 0.307018
0.942478 0.304511
0.942577 0.304511
0.942676 0.304511
0.942775 0.304511
0.942874 0.304511
0.942973 0.303885
0.943072 0.303885
0.943171 0.303258
0.943270 0.303258
0.943369 0.302005
0.943468 0.302005
0.943567 0.301378
0.943666 0.300752
0.943765 0.300752
0.943865 0.300752
0.943964 0.300752
0.944063 0.299499
0.944162 0.299499
0.944261 0.298872
0.944360 0.298246
0.944459 0.298246
0.944558 0.298246
0.944657 0.297619
0.944756 0.297619
0.944855 0.297619
0.944954 0.297619
0.945053 0.296992
0.945152 0.296992
0.945251 0.296992
0.945350 0.296366
0.945449 0.296366
0.945548 0.296366
0.945648 0.295113
0.945747 0.293860
0.945846 0.293860
0.945945 0.293860
0.946044 0.293233
0.946143 0.292607
0.946242 0.292607
0.946341 0.292607
0.946440 0.292607
0.946539 0.291980
0.946638 0.291980
0.946737 0.291980
0.946836 0.291980
0.946935 0.291980
0.947034 0.291980
0.947133 0.291353
0.947232 0.290727
0.947331 0.289474
0.947431 0.289474
0.947530 0.288847
0.947629 0.288847
0.947728 0.288847
0.947827 0.288847
0.947926 0.288221
0.948025 0.288221
0.948124 0.288221
0.948223 0.288221
0.948322 0.288221
0.948421 0.288221
0.948520 0.288221
0.948619 0.288221
0.948718 0.287594
0.948817 0.286341
0.948916 0.285088
0.949015 0.285088
0.949114 0.285088
0.949214 0.283835
0.949313 0.283835
0.949412 0.283835
0.949511 0.283208
0.949610 0.282581
0.949709 0.282581
0.949808 0.281328
0.949907 0.281328
0.950006 0.280075
0.950105 0.279449
0.950204 0.279449
0.950303 0.279449
0.950402 0.279449
0.950501 0.279449
0.950600 0.279449
0.950699 0.279449
0.950798 0.278822
0.950897 0.278822
0.950997 0.278195
0.951096 0.277569
0.951195 0.276942
0.951294 0.276942
0.951393 0.276942
0.951492 0.276316
0.951591 0.276316
0.951690 0.275689
0.951789 0.275689
0.951888 0.274436
0.951987 0.274436
0.952086 0.274436
0.952185 0.273810
0.952284 0.273810
0.952383 0.273810
0.952482 0.273183
0.952581 0.273183
0.952680 0.273183
0.952780 0.271930
0.952879 0.271930
0.952978 0.271303
0.953077 0.270050
0.953176 0.268797
0.953275 0.268797
0.953374 0.268170
0.953473 0.268170
0.953572 0.267544
0.953671 0.266291
0.953770 0.266291
0.953869 0.265664
0.953968 0.263784
0.954067 0.263158
0.954166 0.262531
0.954265 0.262531
0.954364 0.262531
0.954463 0.262531
0.954563 0.261905
0.954662 0.261905
0.954761 0.261905
0.954860 0.261278
0.954959 0.260652
0.955058 0.260652
0.955157 0.260025
0.955256 0.259398
0.955355 0.259398
0.955454 0.259398
0.955553 0.259398
0.955652 0.259398
0.955751 0.259398
0.955850 0.258772
0.955949 0.258772
0.956048 0.257519
0.956147 0.257519
0.956246 0.257519
0.956346 0.256892
0.956445 0.256266
0.956544 0.256266
0.956643 0.255639
0.956742 0.254386
0.956841 0.253133
0.956940 0.252506
0.957039 0.251253
0.957138 0.250000
0.957237 0.250000
0.957336 0.249373
0.957435 0.249373
0.957534 0.249373
0.957633 0.249373
0.957732 0.248120
0.957831 0.246241
0.957930 0.246241
0.958030 0.245614
0.958129 0.245614
0.958228 0.244361
0.958327 0.243108
0.958426 0.242481
0.958525 0.242481
0.958624 0.241228
0.958723 0.241228
0.958822 0.241228
0.958921 0.239975
0.959020 0.239975
0.959119 0.239975
0.959218 0.239975
0.959317 0.239348
0.959416 0.239348
0.959515 0.239348
0.959614 0.239348
0.959713 0.238095
0.959813 0.238095
0.959912 0.237469
0.960011 0.237469
0.960110 0.237469
0.960209 0.236216
0.960308 0.235589
0.960407 0.234962
0.960506 0.234336
0.960605 0.233083
0.960704 0.233083
0.960803 0.231830
0.960902 0.231830
0.961001 0.231203
0.961100 0.231203
0.961199 0.230576
0.961298 0.228697
0.961397 0.228070
0.961496 0.228070
0.961596 0.227444
0.961695 0.227444
0.961794 0.226817
0.961893 0.225564
0.961992 0.224937
0.962091 0.224311
0.962190 0.224311
0.962289 0.223684
0.962388 0.223058
0.962487 0.223058
0.962586 0.223058
0.962685 0.223058
0.962784 0.221805
0.962883 0.221805
0.962982 0.221178
0.963081 0.220551
0.963180 0.219925
0.963279 0.219925
0.963379 0.219298
0.963478 0.219298
0.963577 0.218672
0.963676 0.218045
0.963775 0.218045
0.963874 0.216792
0.963973 0.216792
0.964072 0.216165
0.964171 0.216165
0.964270 0.214912
0.964369 0.213659
0.964468 0.212406
0.964567 0.211779
0.964666 0.211779
0.964765 0.211779
0.964864 0.211779
0.964963 0.211779
0.965062 0.210526
0.965162 0.209900
0.965261 0.209900
0.965360 0.207393
0.965459 0.205514
0.965558 0.204887
0.965657 0.204887
0.965756 0.204261
0.965855 0.203634
0.965954 0.203634
0.966053 0.203008
0.966152 0.201754
0.966251 0.201754
0.966350 0.201128
0.966449 0.200501
0.966548 0.200501
0.966647 0.199875
0.966746 0.197995
0.966845 0.197368
0.966945 0.197368
0.967044 0.196742
0.967143 0.196115
0.967242 0.195489
0.967341 0.195489
0.967440 0.194862
0.967539 0.194236
0.967638 0.193609
0.967737 0.193609
0.967836 0.192982
0.967935 0.192982
0.968034 0.190476
0.968133 0.189850
0.968232 0.188596
0.968331 0.188596
0.968430 0.188596
0.968529 0.188596
0.968628 0.187970
0.968728 0.187343
0.968827 0.187343
0.968926 0.187343
0.969025 0.186717
0.969124 0.186090
0.969223 0.184837
0.969322 0.184837
0.969421 0.184837
0.969520 0.184837
0.969619 0.183584
0.969718 0.183584
0.969817 0.182331
0.969916 0.181704
0.970015 0.181704
0.970114 0.181704
0.970213 0.180451
0.970312 0.180451
0.970411 0.180451
0.970511 0.179198
0.970610 0.179198
0.970709 0.179198
0.970808 0.177945
0.970907 0.176692
0.971006 0.176065
0.971105 0.175439
0.971204 0.173559
0.971303 0.173559
0.971402 0.172306
0.971501 0.172306
0.971600 0.170426
0.971699 0.169799
0.971798 0.169799
0.971897 0.167920
0.971996 0.167920
0.972095 0.166667
0.972195 0.165414
0.972294 0.164787
0.972393 0.164787
0.972492 0.164160
0.972591 0.164160
0.972690 0.164160
0.972789 0.164160
0.972888 0.161654
0.972987 0.161654
0.973086 0.159774
0.973185 0.159774
0.973284 0.159148
0.973383 0.159148
0.973482 0.157895
0.973581 0.155388
0.973680 0.155388
0.973779 0.155388
0.973878 0.154135
0.973978 0.153509
0.974077 0.153509
0.974176 0.152882
0.974275 0.152256
0.974374 0.151629
0.974473 0.151629
0.974572 0.151003
0.974671 0.149749
0.974770 0.147870
0.974869 0.146617
0.974968 0.145363
0.975067 0.144737
0.975166 0.144737
0.975265 0.144737
0.975364 0.144737
0.975463 0.143484
0.975562 0.142231
0.975661 0.142231
0.975761 0.142231
0.975860 0.141604
0.975959 0.141604
0.976058 0.137845
0.976157 0.136591
0.976256 0.135338
0.976355 0.135338
0.976454 0.135338
0.976553 0.133459
0.976652 0.130952
0.976751 0.130326
0.976850 0.129699
0.976949 0.129699
0.977048 0.129073
0.977147 0.127820
0.977246 0.127820
0.977345 0.127193
0.977444 0.126566
0.977544 0.125313
0.977643 0.124687
0.977742 0.124687
0.977841 0.123434
0.977940 0.122180
0.978039 0.121554
0.978138 0.120301
0.978237 0.119674
0.978336 0.119048
0.978435 0.119048
0.978534 0.118421
0.978633 0.118421
0.978732 0.117794
0.978831 0.117794
0.978930 0.116541
0.979029 0.115915
0.979128 0.115915
0.979227 0.115915
0.979327 0.115915
0.979426 0.114662
0.979525 0.114662
0.979624 0.112782
0.979723 0.111529
0.979822 0.110276
0.979921 0.108396
0.980020 0.106516
0.980119 0.105890
0.980218 0.105890
0.980317 0.104010
0.980416 0.102130
0.980515 0.102130
0.980614 0.102130
0.980713 0.100251
0.980812 0.099624
0.980911 0.098371
0.981010 0.097118
0.981110 0.096491
0.981209 0.096491
0.981308 0.095865
0.981407 0.095865
0.981506 0.094612
0.981605 0.092105
0.981704 0.090852
0.981803 0.090226
0.981902 0.088346
0.982001 0.087093
0.982100 0.086466
0.982199 0.086466
0.982298 0.086466
0.982397 0.085840
0.982496 0.085213
0.982595 0.084586
0.982694 0.083960
0.982793 0.082707
0.982893 0.081454
0.982992 0.078321
0.983091 0.077694
0.983190 0.075188
0.983289 0.075188
0.983388 0.073935
0.983487 0.072055
0.983586 0.071429
0.983685 0.070175
0.983784 0.068922
0.983883 0.068922
0.983982 0.068922
0.984081 0.068922
0.984180 0.067669
0.984279 0.066416
0.984378 0.066416
0.984477 0.065789
0.984577 0.064536
0.984676 0.063910
0.984775 0.063283
0.984874 0.062657
0.984973 0.059524
0.985072 0.057644
0.985171 0.057018
0.985270 0.056391
0.985369 0.055138
0.985468 0.051378
0.985567 0.049499
0.985666 0.048246
0.985765 0.046992
0.985864 0.046366
0.985963 0.046366
0.986062 0.046366
0.986161 0.046366
0.986260 0.045739
0.986360 0.045113
0.986459 0.045113
0.986558 0.044486
0.986657 0.040727
0.986756 0.040100
0.986855 0.039474
0.986954 0.038847
0.987053 0.038221
0.987152 0.036967
0.987251 0.036967
0.987350 0.035714
0.987449 0.035088
0.987548 0.033835
0.987647 0.031955
0.987746 0.030702
0.987845 0.029449
0.987944 0.028822
0.988043 0.027569
0.988143 0.026316
0.988242 0.025689
0.988341 0.025063
0.988440 0.023183
0.988539 0.021930
0.988638 0.021303
0.988737 0.020050
0.988836 0.017544
0.988935 0.016917
0.989034 0.016291
0.989133 0.015664
0.989232 0.015038
0.989331 0.014411
0.989430 0.013158
0.989529 0.013158
0.989628 0.011905
0.989727 0.011278
0.989826 0.011278
0.989926 0.011278
0.990025 0.010025
0.990124 0.008772
0.990223 0.008772
0.990322 0.007519
0.990421 0.006266
0.990520 0.005013
0.990619 0.005013
0.990718 0.005013
0.990817 0.003759
0.990916 0.003759
0.991015 0.003133
0.991114 0.003133
0.991213 0.002506
0.991312 0.001880
0.991411 0.001880
0.991510 0.001880
0.991609 0.001253
0.991709 0.000627
0.991808 0.000627
0.991907 0.000000
