# Threshold Efficiency
0.001446 0.999382
0.001545 0.999382
0.001644 0.999382
0.001743 0.999382
0.001842 0.999382
0.001941 0.999382
0.002040 0.999382
0.002139 0.999382
0.002239 0.999382
0.002338 0.999382
0.002437 0.999382
0.002536 0.999382
0.002635 0.999382
0.002734 0.999382
0.002833 0.999382
0.002932 0.999382
0.003031 0.999382
0.003130 0.999382
0.003229 0.999382
0.003328 0.999382
0.003427 0.999382
0.003526 0.999382
0.003625 0.999382
0.003724 0.999382
0.003823 0.999382
0.003922 0.999382
0.004022 0.999382
0.004121 0.999382
0.004220 0.999382
0.004319 0.998763
0.004418 0.998763
0.004517 0.998763
0.004616 0.998763
0.004715 0.998763
0.004814 0.998763
0.004913 0.998763
0.005012 0.998763
0.005111 0.998763
0.005210 0.998763
0.005309 0.998145
0.005408 0.998145
0.005507 0.998145
0.005606 0.998145
0.005706 0.998145
0.005805 0.998145
0.005904 0.998145
0.006003 0.998145
0.006102 0.998145
0.006201 0.997526
0.006300 0.997526
0.006399 0.997526
0.006498 0.997526
0.006597 0.997526
0.006696 0.996908
0.006795 0.996908
0.006894 0.996289
0.006993 0.996289
0.007092 0.996289
0.007191 0.995671
0.007290 0.995671
0.007389 0.995053
0.007489 0.995053
0.007588 0.995053
0.007687 0.995053
0.007786 0.995053
0.007885 0.995053
0.007984 0.995053
0.008083 0.995053
0.008182 0.995053
0.008281 0.994434
0.008380 0.994434
0.008479 0.994434
0.008578 0.993816
0.008677 0.993816
0.008776 0.993816
0.008875 0.993816
0.008974 0.993197
0.009073 0.992579
0.009172 0.991960
0.009272 0.991960
0.009371 0.991960
0.009470 0.990724
0.009569 0.990724
0.009668 0.990105
0.009767 0.990105
0.009866 0.990105
0.009965 0.990105
0.010064 0.990105
0.010163 0.990105
0.010262 0.990105
0.010361 0.990105
0.010460 0.990105
0.010559 0.990105
0.010658 0.990105
0.010757 0.990105
0.010856 0.989487
0.010955 0.989487
0.011055 0.989487
0.011154 0.989487
0.011253 0.989487
0.011352 0.988250
0.011451 0.988250
0.011550 0.988250
0.011649 0.988250
0.011748 0.988250
0.011847 0.988250
0.011946 0.988250
0.012045 0.987631
0.012144 0.987013
0.012243 0.987013
0.012342 0.987013
0.012441 0.987013
0.012540 0.987013
0.012639 0.987013
0.012738 0.986395
0.012838 0.986395
0.012937 0.986395
0.013036 0.986395
0.013135 0.985776
0.013234 0.985776
0.013333 0.985158
0.013432 0.985158
0.013531 0.984539
0.013630 0.984539
0.013729 0.984539
0.013828 0.984539
0.013927 0.984539
0.014026 0.983921
0.014125 0.983921
0.014224 0.983921
0.014323 0.983921
0.014422 0.983921
0.014521 0.983302
0.014621 0.983302
0.014720 0.983302
0.014819 0.982684
0.014918 0.982684
0.015017 0.982684
0.015116 0.982684
0.015215 0.982684
0.015314 0.982684
0.015413 0.982684
0.015512 0.982684
0.015611 0.982684
0.015710 0.982684
0.015809 0.982684
0.015908 0.982066
0.016007 0.981447
0.016106 0.981447
0.016205 0.980829
0.016304 0.980829
0.016404 0.980829
0.016503 0.980829
0.016602 0.980829
0.016701 0.980829
0.016800 0.980829
0.016899 0.980829
0.016998 0.980829
0.017097 0.980210
0.017196 0.980210
0.017295 0.980210
0.017394 0.980210
0.017493 0.980210
0.017592 0.980210
0.017691 0.980210
0.017790 0.979592
0.017889 0.978973
0.017988 0.978973
0.018087 0.978973
0.018187 0.978973
0.018286 0.978973
0.018385 0.978973
0.018484 0.978973
0.018583 0.978973
0.018682 0.978973
0.018781 0.978973
0.018880 0.978973
0.018979 0.978973
0.019078 0.978973
0.019177 0.978973
0.019276 0.978973
0.019375 0.978973
0.019474 0.978973
0.019573 0.978973
0.019672 0.978355
0.019771 0.978355
0.019871 0.978355
0.019970 0.978355
0.020069 0.977737
0.020168 0.977737
0.020267 0.977737
0.020366 0.977737
0.020465 0.977737
0.020564 0.977737
0.020663 0.977118
0.020762 0.976500
0.020861 0.976500
0.020960 0.976500
0.021059 0.976500
0.021158 0.976500
0.021257 0.976500
0.021356 0.976500
0.021455 0.976500
0.021554 0.975881
0.021654 0.975881
0.021753 0.975881
0.021852 0.975263
0.021951 0.975263
0.022050 0.975263
0.022149 0.975263
0.022248 0.975263
0.022347 0.975263
0.022446 0.975263
0.022545 0.975263
0.022644 0.975263
0.022743 0.974644
0.022842 0.973408
0.022941 0.973408
0.023040 0.973408
0.023139 0.973408
0.023238 0.973408
0.023337 0.973408
0.023437 0.972789
0.023536 0.972789
0.023635 0.972789
0.023734 0.972789
0.023833 0.972789
0.023932 0.972789
0.024031 0.972789
0.024130 0.972789
0.024229 0.972789
0.024328 0.972171
0.024427 0.972171
0.024526 0.971552
0.024625 0.971552
0.024724 0.971552
0.024823 0.971552
0.024922 0.971552
0.025021 0.971552
0.025120 0.970934
0.025220 0.970934
0.025319 0.970934
0.025418 0.970315
0.025517 0.970315
0.025616 0.970315
0.025715 0.970315
0.025814 0.969697
0.025913 0.969697
0.026012 0.969697
0.026111 0.969079
0.026210 0.969079
0.026309 0.969079
0.026408 0.969079
0.026507 0.968460
0.026606 0.968460
0.026705 0.968460
0.026804 0.967223
0.026903 0.967223
0.027003 0.966605
0.027102 0.966605
0.027201 0.965986
0.027300 0.965986
0.027399 0.965986
0.027498 0.965368
0.027597 0.965368
0.027696 0.965368
0.027795 0.964131
0.027894 0.963513
0.027993 0.963513
0.028092 0.962894
0.028191 0.962894
0.028290 0.962894
0.028389 0.962894
0.028488 0.962894
0.028587 0.962894
0.028686 0.962276
0.028786 0.962276
0.028885 0.962276
0.028984 0.962276
0.029083 0.961039
0.029182 0.961039
0.029281 0.961039
0.029380 0.961039
0.029479 0.960421
0.029578 0.960421
0.029677 0.960421
0.029776 0.960421
0.029875 0.960421
0.029974 0.960421
0.030073 0.960421
0.030172 0.960421
0.030271 0.960421
0.030370 0.960421
0.030469 0.959802
0.030569 0.959802
0.030668 0.959802
0.030767 0.959802
0.030866 0.959802
0.030965 0.959802
0.031064 0.959802
0.031163 0.959802
0.031262 0.959802
0.031361 0.959802
0.031460 0.959802
0.031559 0.959802
0.031658 0.959802
0.031757 0.959802
0.031856 0.959802
0.031955 0.959802
0.032054 0.959802
0.032153 0.959802
0.032253 0.959802
0.032352 0.959802
0.032451 0.959184
0.032550 0.957947
0.032649 0.957947
0.032748 0.957947
0.032847 0.957947
0.032946 0.957328
0.033045 0.956092
0.033144 0.956092
0.033243 0.954855
0.033342 0.954855
0.033441 0.954855
0.033540 0.954855
0.033639 0.954236
0.033738 0.952999
0.033837 0.952381
0.033936 0.952381
0.034036 0.952381
0.034135 0.952381
0.034234 0.951763
0.034333 0.951763
0.034432 0.951763
0.034531 0.951144
0.034630 0.951144
0.034729 0.950526
0.034828 0.950526
0.034927 0.950526
0.035026 0.949907
0.035125 0.949907
0.035224 0.949907
0.035323 0.949289
0.035422 0.949289
0.035521 0.948670
0.035620 0.948670
0.035719 0.948670
0.035819 0.948670
0.035918 0.948670
0.036017 0.948052
0.036116 0.947434
0.036215 0.946815
0.036314 0.946197
0.036413 0.946197
0.036512 0.946197
0.036611 0.946197
0.036710 0.946197
0.036809 0.945578
0.036908 0.944341
0.037007 0.944341
0.037106 0.944341
0.037205 0.943105
0.037304 0.943105
0.037403 0.943105
0.037502 0.941868
0.037602 0.941868
0.037701 0.941249
0.037800 0.941249
0.037899 0.941249
0.037998 0.941249
0.038097 0.940631
0.038196 0.940631
0.038295 0.940631
0.038394 0.940631
0.038493 0.940631
0.038592 0.940631
0.038691 0.940631
0.038790 0.940631
0.038889 0.940012
0.038988 0.940012
0.039087 0.940012
0.039186 0.940012
0.039285 0.940012
0.039385 0.939394
0.039484 0.938776
0.039583 0.938776
0.039682 0.938157
0.039781 0.938157
0.039880 0.938157
0.039979 0.938157
0.040078 0.937539
0.040177 0.937539
0.040276 0.937539
0.040375 0.937539
0.040474 0.937539
0.040573 0.937539
0.040672 0.937539
0.040771 0.937539
0.040870 0.936920
0.040969 0.936920
0.041068 0.936920
0.041168 0.936920
0.041267 0.936920
0.041366 0.936920
0.041465 0.936920
0.041564 0.936920
0.041663 0.936920
0.041762 0.936920
0.041861 0.936920
0.041960 0.935683
0.042059 0.934447
0.042158 0.934447
0.042257 0.934447
0.042356 0.933828
0.042455 0.933828
0.042554 0.933828
0.042653 0.933210
0.042752 0.932591
0.042851 0.932591
0.042951 0.932591
0.043050 0.932591
0.043149 0.932591
0.043248 0.932591
0.043347 0.932591
0.043446 0.932591
0.043545 0.931973
0.043644 0.931973
0.043743 0.931973
0.043842 0.931973
0.043941 0.931354
0.044040 0.930736
0.044139 0.930736
0.044238 0.930118
0.044337 0.930118
0.044436 0.930118
0.044535 0.930118
0.044634 0.930118
0.044734 0.930118
0.044833 0.930118
0.044932 0.929499
0.045031 0.929499
0.045130 0.929499
0.045229 0.928881
0.045328 0.927644
0.045427 0.927644
0.045526 0.927644
0.045625 0.927025
0.045724 0.927025
0.045823 0.926407
0.045922 0.926407
0.046021 0.926407
0.046120 0.926407
0.046219 0.926407
0.046318 0.926407
0.046418 0.925788
0.046517 0.925788
0.046616 0.925170
0.046715 0.925170
0.046814 0.924552
0.046913 0.923933
0.047012 0.923933
0.047111 0.923933
0.047210 0.923933
0.047309 0.923933
0.047408 0.923315
0.047507 0.923315
0.047606 0.923315
0.047705 0.923315
0.047804 0.923315
0.047903 0.923315
0.048002 0.922696
0.048101 0.922696
0.048201 0.922696
0.048300 0.922696
0.048399 0.922696
0.048498 0.922078
0.048597 0.922078
0.048696 0.922078
0.048795 0.920841
0.048894 0.920841
0.048993 0.920841
0.049092 0.920841
0.049191 0.920841
0.049290 0.920841
0.049389 0.920841
0.049488 0.920223
0.049587 0.919604
0.049686 0.918986
0.049785 0.918986
0.049884 0.918367
0.049984 0.918367
0.050083 0.917749
0.050182 0.917749
0.050281 0.917749
0.050380 0.917749
0.050479 0.917130
0.050578 0.917130
0.050677 0.917130
0.050776 0.917130
0.050875 0.917130
0.050974 0.917130
0.051073 0.917130
0.051172 0.917130
0.051271 0.917130
0.051370 0.917130
0.051469 0.916512
0.051568 0.916512
0.051667 0.916512
0.051767 0.916512
0.051866 0.915894
0.051965 0.915894
0.052064 0.915894
0.052163 0.915894
0.052262 0.915275
0.052361 0.915275
0.052460 0.915275
0.052559 0.915275
0.052658 0.915275
0.052757 0.915275
0.052856 0.915275
0.052955 0.915275
0.053054 0.915275
0.053153 0.915275
0.053252 0.914657
0.053351 0.914657
0.053450 0.914657
0.053550 0.914657
0.053649 0.913420
0.053748 0.913420
0.053847 0.912801
0.053946 0.912801
0.054045 0.912801
0.054144 0.912801
0.054243 0.912801
0.054342 0.912183
0.054441 0.912183
0.054540 0.912183
0.054639 0.912183
0.054738 0.912183
0.054837 0.912183
0.054936 0.911565
0.055035 0.910946
0.055134 0.910328
0.055233 0.909709
0.055333 0.909709
0.055432 0.909709
0.055531 0.909709
0.055630 0.909709
0.055729 0.909709
0.055828 0.909709
0.055927 0.909709
0.056026 0.909709
0.056125 0.909709
0.056224 0.909709
0.056323 0.909709
0.056422 0.908472
0.056521 0.908472
0.056620 0.908472
0.056719 0.907236
0.056818 0.907236
0.056917 0.907236
0.057016 0.907236
0.057116 0.905999
0.057215 0.905999
0.057314 0.904762
0.057413 0.904143
0.057512 0.903525
0.057611 0.902288
0.057710 0.901670
0.057809 0.901051
0.057908 0.901051
0.058007 0.901051
0.058106 0.901051
0.058205 0.900433
0.058304 0.899814
0.058403 0.899196
0.058502 0.899196
0.058601 0.899196
0.058700 0.899196
0.058799 0.898578
0.058899 0.897341
0.058998 0.897341
0.059097 0.897341
0.059196 0.896722
0.059295 0.896722
0.059394 0.896722
0.059493 0.896722
0.059592 0.896722
0.059691 0.896104
0.059790 0.896104
0.059889 0.896104
0.059988 0.896104
0.060087 0.895485
0.060186 0.895485
0.060285 0.895485
0.060384 0.894249
0.060483 0.894249
0.060583 0.893630
0.060682 0.893012
0.060781 0.892393
0.060880 0.891775
0.060979 0.891156
0.061078 0.890538
0.061177 0.890538
0.061276 0.889920
0.061375 0.889920
0.061474 0.889920
0.061573 0.888683
0.061672 0.887446
0.061771 0.886827
0.061870 0.886827
0.061969 0.886827
0.062068 0.886827
0.062167 0.884972
0.062266 0.883735
0.062366 0.883735
0.062465 0.883735
0.062564 0.883117
0.062663 0.883117
0.062762 0.883117
0.062861 0.882498
0.062960 0.880643
0.063059 0.879406
0.063158 0.879406
0.063257 0.879406
0.063356 0.878788
0.063455 0.878788
0.063554 0.878788
0.063653 0.878788
0.063752 0.876933
0.063851 0.876314
0.063950 0.876314
0.064049 0.876314
0.064149 0.876314
0.064248 0.875696
0.064347 0.875077
0.064446 0.874459
0.064545 0.874459
0.064644 0.874459
0.064743 0.873840
0.064842 0.873840
0.064941 0.873840
0.065040 0.873840
0.065139 0.873840
0.065238 0.873222
0.065337 0.873222
0.065436 0.873222
0.065535 0.873222
0.065634 0.872604
0.065733 0.872604
0.065832 0.872604
0.065932 0.872604
0.066031 0.871985
0.066130 0.871985
0.066229 0.871367
0.066328 0.871367
0.066427 0.870748
0.066526 0.870748
0.066625 0.870748
0.066724 0.870748
0.066823 0.870130
0.066922 0.870130
0.067021 0.870130
0.067120 0.870130
0.067219 0.868893
0.067318 0.868275
0.067417 0.868275
0.067516 0.868275
0.067615 0.868275
0.067715 0.867656
0.067814 0.867656
0.067913 0.867038
0.068012 0.867038
0.068111 0.867038
0.068210 0.867038
0.068309 0.867038
0.068408 0.867038
0.068507 0.867038
0.068606 0.867038
0.068705 0.867038
0.068804 0.866419
0.068903 0.866419
0.069002 0.866419
0.069101 0.866419
0.069200 0.866419
0.069299 0.865801
0.069398 0.865801
0.069498 0.865801
0.069597 0.864564
0.069696 0.864564
0.069795 0.863946
0.069894 0.863946
0.069993 0.863327
0.070092 0.862709
0.070191 0.862709
0.070290 0.862090
0.070389 0.861472
0.070488 0.861472
0.070587 0.860235
0.070686 0.860235
0.070785 0.860235
0.070884 0.860235
0.070983 0.860235
0.071082 0.860235
0.071181 0.860235
0.071281 0.859617
0.071380 0.858380
0.071479 0.858380
0.071578 0.858380
0.071677 0.857761
0.071776 0.857143
0.071875 0.857143
0.071974 0.856524
0.072073 0.856524
0.072172 0.856524
0.072271 0.855906
0.072370 0.855906
0.072469 0.855288
0.072568 0.854051
0.072667 0.854051
0.072766 0.854051
0.072865 0.853432
0.072965 0.852814
0.073064 0.852814
0.073163 0.851577
0.073262 0.851577
0.073361 0.851577
0.073460 0.851577
0.073559 0.851577
0.073658 0.850959
0.073757 0.850959
0.073856 0.850340
0.073955 0.850340
0.074054 0.850340
0.074153 0.850340
0.074252 0.850340
0.074351 0.849722
0.074450 0.849103
0.074549 0.849103
0.074648 0.849103
0.074748 0.849103
0.074847 0.849103
0.074946 0.849103
0.075045 0.848485
0.075144 0.847248
0.075243 0.847248
0.075342 0.846011
0.075441 0.845393
0.075540 0.845393
0.075639 0.845393
0.075738 0.845393
0.075837 0.844774
0.075936 0.843537
0.076035 0.843537
0.076134 0.842919
0.076233 0.842301
0.076332 0.841064
0.076431 0.840445
0.076531 0.840445
0.076630 0.839208
0.076729 0.838590
0.076828 0.838590
0.076927 0.837353
0.077026 0.837353
0.077125 0.837353
0.077224 0.836116
0.077323 0.835498
0.077422 0.835498
0.077521 0.835498
0.077620 0.834879
0.077719 0.834879
0.077818 0.834879
0.077917 0.834261
0.078016 0.833643
0.078115 0.833024
0.078214 0.832406
0.078314 0.831787
0.078413 0.830550
0.078512 0.830550
0.078611 0.830550
0.078710 0.830550
0.078809 0.829932
0.078908 0.829932
0.079007 0.829932
0.079106 0.828695
0.079205 0.828695
0.079304 0.828695
0.079403 0.828077
0.079502 0.828077
0.079601 0.828077
0.079700 0.828077
0.079799 0.828077
0.079898 0.826840
0.079997 0.826840
0.080097 0.826840
0.080196 0.826840
0.080295 0.825603
0.080394 0.824985
0.080493 0.824985
0.080592 0.824985
0.080691 0.824366
0.080790 0.823748
0.080889 0.823748
0.080988 0.823748
0.081087 0.823129
0.081186 0.822511
0.081285 0.822511
0.081384 0.822511
0.081483 0.822511
0.081582 0.821892
0.081681 0.820037
0.081780 0.820037
0.081880 0.820037
0.081979 0.820037
0.082078 0.819419
0.082177 0.818800
0.082276 0.818800
0.082375 0.818800
0.082474 0.818800
0.082573 0.818182
0.082672 0.816945
0.082771 0.816327
0.082870 0.815708
0.082969 0.815708
0.083068 0.815708
0.083167 0.815090
0.083266 0.814471
0.083365 0.814471
0.083464 0.814471
0.083563 0.814471
0.083663 0.814471
0.083762 0.813853
0.083861 0.813234
0.083960 0.813234
0.084059 0.812616
0.084158 0.812616
0.084257 0.811998
0.084356 0.811379
0.084455 0.811379
0.084554 0.810761
0.084653 0.810761
0.084752 0.810761
0.084851 0.810142
0.084950 0.809524
0.085049 0.809524
0.085148 0.809524
0.085247 0.808905
0.085346 0.807669
0.085446 0.807669
0.085545 0.807669
0.085644 0.805813
0.085743 0.805813
0.085842 0.805813
0.085941 0.804576
0.086040 0.803958
0.086139 0.803340
0.086238 0.803340
0.086337 0.802721
0.086436 0.802721
0.086535 0.802721
0.086634 0.802721
0.086733 0.801484
0.086832 0.801484
0.086931 0.800866
0.087030 0.799629
0.087130 0.799629
0.087229 0.799629
0.087328 0.799629
0.087427 0.799011
0.087526 0.799011
0.087625 0.799011
0.087724 0.798392
0.087823 0.797774
0.087922 0.797774
0.088021 0.797774
0.088120 0.797774
0.088219 0.797155
0.088318 0.797155
0.088417 0.797155
0.088516 0.796537
0.088615 0.796537
0.088714 0.796537
0.088813 0.796537
0.088913 0.795300
0.089012 0.795300
0.089111 0.794682
0.089210 0.794063
0.089309 0.792826
0.089408 0.790971
0.089507 0.790353
0.089606 0.790353
0.089705 0.789734
0.089804 0.789734
0.089903 0.789734
0.090002 0.789116
0.090101 0.788497
0.090200 0.788497
0.090299 0.788497
0.090398 0.787879
0.090497 0.787879
0.090596 0.787879
0.090696 0.786642
0.090795 0.786024
0.090894 0.785405
0.090993 0.784787
0.091092 0.784787
0.091191 0.784787
0.091290 0.784787
0.091389 0.784168
0.091488 0.784168
0.091587 0.784168
0.091686 0.783550
0.091785 0.783550
0.091884 0.783550
0.091983 0.782931
0.092082 0.782931
0.092181 0.782931
0.092280 0.782313
0.092379 0.781076
0.092479 0.780458
0.092578 0.780458
0.092677 0.779839
0.092776 0.779839
0.092875 0.779839
0.092974 0.779839
0.093073 0.779839
0.093172 0.779221
0.093271 0.779221
0.093370 0.778602
0.093469 0.778602
0.093568 0.778602
0.093667 0.778602
0.093766 0.778602
0.093865 0.778602
0.093964 0.778602
0.094063 0.778602
0.094162 0.777984
0.094262 0.777984
0.094361 0.777984
0.094460 0.777365
0.094559 0.777365
0.094658 0.776747
0.094757 0.776129
0.094856 0.774273
0.094955 0.774273
0.095054 0.773036
0.095153 0.773036
0.095252 0.772418
0.095351 0.771181
0.095450 0.771181
0.095549 0.771181
0.095648 0.770563
0.095747 0.769944
0.095846 0.769326
0.095945 0.768707
0.096045 0.768707
0.096144 0.767471
0.096243 0.766852
0.096342 0.766852
0.096441 0.766234
0.096540 0.766234
0.096639 0.766234
0.096738 0.765615
0.096837 0.764997
0.096936 0.764997
0.097035 0.764997
0.097134 0.764997
0.097233 0.763142
0.097332 0.762523
0.097431 0.762523
0.097530 0.762523
0.097629 0.761905
0.097728 0.761905
0.097828 0.761905
0.097927 0.761286
0.098026 0.761286
0.098125 0.760668
0.098224 0.760049
0.098323 0.760049
0.098422 0.760049
0.098521 0.759431
0.098620 0.759431
0.098719 0.759431
0.098818 0.758813
0.098917 0.757576
0.099016 0.756957
0.099115 0.756957
0.099214 0.756339
0.099313 0.756339
0.099412 0.756339
0.099511 0.755720
0.099611 0.755720
0.099710 0.755720
0.099809 0.754484
0.099908 0.753247
0.100007 0.753247
0.100106 0.752628
0.100205 0.752628
0.100304 0.752010
0.100403 0.751391
0.100502 0.751391
0.100601 0.751391
0.100700 0.750773
0.100799 0.750773
0.100898 0.750773
0.100997 0.750155
0.101096 0.750155
0.101195 0.750155
0.101295 0.750155
0.101394 0.749536
0.101493 0.748299
0.101592 0.747062
0.101691 0.747062
0.101790 0.747062
0.101889 0.746444
0.101988 0.745826
0.102087 0.745826
0.102186 0.745207
0.102285 0.745207
0.102384 0.745207
0.102483 0.745207
0.102582 0.745207
0.102681 0.745207
0.102780 0.743970
0.102879 0.742115
0.102978 0.741497
0.103078 0.741497
0.103177 0.740878
0.103276 0.740878
0.103375 0.740878
0.103474 0.740878
0.103573 0.740878
0.103672 0.740878
0.103771 0.740260
0.103870 0.739023
0.103969 0.738404
0.104068 0.738404
0.104167 0.738404
0.104266 0.737786
0.104365 0.737168
0.104464 0.737168
0.104563 0.737168
0.104662 0.737168
0.104761 0.736549
0.104861 0.736549
0.104960 0.736549
0.105059 0.735312
0.105158 0.735312
0.105257 0.735312
0.105356 0.734694
0.105455 0.734694
0.105554 0.733457
0.105653 0.733457
0.105752 0.733457
0.105851 0.733457
0.105950 0.733457
0.106049 0.733457
0.106148 0.733457
0.106247 0.732220
0.106346 0.732220
0.106445 0.732220
0.106544 0.731602
0.106644 0.730365
0.106743 0.730365
0.106842 0.729746
0.106941 0.729128
0.107040 0.729128
0.107139 0.728510
0.107238 0.728510
0.107337 0.727891
0.107436 0.727273
0.107535 0.727273
0.107634 0.727273
0.107733 0.726654
0.107832 0.726036
0.107931 0.726036
0.108030 0.726036
0.108129 0.725417
0.108228 0.725417
0.108327 0.725417
0.108427 0.724799
0.108526 0.723562
0.108625 0.722944
0.108724 0.722944
0.108823 0.722325
0.108922 0.722325
0.109021 0.722325
0.109120 0.721707
0.109219 0.721088
0.109318 0.720470
0.109417 0.720470
0.109516 0.719852
0.109615 0.719233
0.109714 0.719233
0.109813 0.718615
0.109912 0.718615
0.110011 0.718615
0.110110 0.717996
0.110210 0.716759
0.110309 0.716141
0.110408 0.714904
0.110507 0.714286
0.110606 0.714286
0.110705 0.713049
0.110804 0.712430
0.110903 0.712430
0.111002 0.712430
0.111101 0.711812
0.111200 0.711194
0.111299 0.710575
0.111398 0.710575
0.111497 0.710575
0.111596 0.710575
0.111695 0.709957
0.111794 0.709957
0.111893 0.709338
0.111993 0.709338
0.112092 0.708720
0.112191 0.708720
0.112290 0.708720
0.112389 0.708101
0.112488 0.708101
0.112587 0.708101
0.112686 0.707483
0.112785 0.707483
0.112884 0.707483
0.112983 0.706865
0.113082 0.706865
0.113181 0.706865
0.113280 0.706246
0.113379 0.706246
0.113478 0.706246
0.113577 0.706246
0.113677 0.706246
0.113776 0.705628
0.113875 0.705628
0.113974 0.705009
0.114073 0.703772
0.114172 0.703154
0.114271 0.703154
0.114370 0.703154
0.114469 0.702536
0.114568 0.702536
0.114667 0.702536
0.114766 0.701917
0.114865 0.701917
0.114964 0.701917
0.115063 0.701917
0.115162 0.701917
0.115261 0.701917
0.115360 0.701917
0.115460 0.701917
0.115559 0.701917
0.115658 0.701917
0.115757 0.701299
0.115856 0.701299
0.115955 0.701299
0.116054 0.701299
0.116153 0.700680
0.116252 0.700680
0.116351 0.700680
0.116450 0.700062
0.116549 0.700062
0.116648 0.700062
0.116747 0.700062
0.116846 0.700062
0.116945 0.698825
0.117044 0.696970
0.117143 0.696970
0.117243 0.696970
0.117342 0.696970
0.117441 0.696970
0.117540 0.696970
0.117639 0.696970
0.117738 0.696970
0.117837 0.696970
0.117936 0.696970
0.118035 0.695733
0.118134 0.695114
0.118233 0.695114
0.118332 0.694496
0.118431 0.693878
0.118530 0.693878
0.118629 0.693259
0.118728 0.692641
0.118827 0.692641
0.118926 0.692641
0.119026 0.692641
0.119125 0.692641
0.119224 0.692022
0.119323 0.692022
0.119422 0.691404
0.119521 0.690785
0.119620 0.690785
0.119719 0.690167
0.119818 0.689549
0.119917 0.689549
0.120016 0.689549
0.120115 0.688930
0.120214 0.687693
0.120313 0.687075
0.120412 0.686456
0.120511 0.685838
0.120610 0.685838
0.120709 0.685838
0.120809 0.685838
0.120908 0.685838
0.121007 0.685838
0.121106 0.685838
0.121205 0.685838
0.121304 0.685838
0.121403 0.685220
0.121502 0.685220
0.121601 0.685220
0.121700 0.684601
0.121799 0.683983
0.121898 0.683364
0.121997 0.682746
0.122096 0.682127
0.122195 0.681509
0.122294 0.680272
0.122393 0.680272
0.122492 0.680272
0.122592 0.680272
0.122691 0.679035
0.122790 0.678417
0.122889 0.678417
0.122988 0.677798
0.123087 0.677180
0.123186 0.677180
0.123285 0.676562
0.123384 0.676562
0.123483 0.676562
0.123582 0.676562
0.123681 0.676562
0.123780 0.676562
0.123879 0.675325
0.123978 0.675325
0.124077 0.675325
0.124176 0.674706
0.124275 0.674706
0.124375 0.674706
0.124474 0.674088
0.124573 0.673469
0.124672 0.673469
0.124771 0.672851
0.124870 0.672851
0.124969 0.672851
0.125068 0.670996
0.125167 0.670996
0.125266 0.670996
0.125365 0.670377
0.125464 0.670377
0.125563 0.670377
0.125662 0.669759
0.125761 0.669759
0.125860 0.669759
0.125959 0.669759
0.126058 0.668522
0.126158 0.668522
0.126257 0.668522
0.126356 0.667904
0.126455 0.667904
0.126554 0.667904
0.126653 0.667904
0.126752 0.667904
0.126851 0.667904
0.126950 0.667904
0.127049 0.667285
0.127148 0.667285
0.127247 0.666667
0.127346 0.666667
0.127445 0.666667
0.127544 0.665430
0.127643 0.664811
0.127742 0.664193
0.127842 0.663575
0.127941 0.663575
0.128040 0.662956
0.128139 0.662338
0.128238 0.661719
0.128337 0.661101
0.128436 0.659864
0.128535 0.659864
0.128634 0.659246
0.128733 0.659246
0.128832 0.659246
0.128931 0.658627
0.129030 0.658627
0.129129 0.658009
0.129228 0.657390
0.129327 0.657390
0.129426 0.656153
0.129525 0.655535
0.129625 0.655535
0.129724 0.654917
0.129823 0.654298
0.129922 0.654298
0.130021 0.654298
0.130120 0.654298
0.130219 0.653680
0.130318 0.653061
0.130417 0.652443
0.130516 0.652443
0.130615 0.652443
0.130714 0.651824
0.130813 0.651824
0.130912 0.651206
0.131011 0.651206
0.131110 0.650588
0.131209 0.650588
0.131308 0.650588
0.131408 0.650588
0.131507 0.650588
0.131606 0.650588
0.131705 0.649351
0.131804 0.649351
0.131903 0.649351
0.132002 0.649351
0.132101 0.648732
0.132200 0.648732
0.132299 0.647495
0.132398 0.647495
0.132497 0.647495
0.132596 0.647495
0.132695 0.647495
0.132794 0.646877
0.132893 0.646877
0.132992 0.646877
0.133091 0.646259
0.133191 0.646259
0.133290 0.646259
0.133389 0.646259
0.133488 0.645640
0.133587 0.645640
0.133686 0.645022
0.133785 0.645022
0.133884 0.644403
0.133983 0.643785
0.134082 0.643166
0.134181 0.642548
0.134280 0.641311
0.134379 0.640693
0.134478 0.640074
0.134577 0.639456
0.134676 0.639456
0.134775 0.639456
0.134874 0.639456
0.134974 0.639456
0.135073 0.639456
0.135172 0.638837
0.135271 0.638837
0.135370 0.638837
0.135469 0.638837
0.135568 0.638837
0.135667 0.638837
0.135766 0.637600
0.135865 0.636982
0.135964 0.636364
0.136063 0.636364
0.136162 0.635745
0.136261 0.635745
0.136360 0.635127
0.136459 0.635127
0.136558 0.634508
0.136657 0.634508
0.136757 0.634508
0.136856 0.634508
0.136955 0.634508
0.137054 0.634508
0.137153 0.634508
0.137252 0.633271
0.137351 0.633271
0.137450 0.633271
0.137549 0.633271
0.137648 0.633271
0.137747 0.633271
0.137846 0.633271
0.137945 0.633271
0.138044 0.633271
0.138143 0.633271
0.138242 0.633271
0.138341 0.633271
0.138440 0.633271
0.138540 0.632653
0.138639 0.632653
0.138738 0.631416
0.138837 0.631416
0.138936 0.631416
0.139035 0.629561
0.139134 0.628942
0.139233 0.628942
0.139332 0.628942
0.139431 0.628942
0.139530 0.628942
0.139629 0.628324
0.139728 0.628324
0.139827 0.628324
0.139926 0.628324
0.140025 0.628324
0.140124 0.628324
0.140223 0.627706
0.140323 0.627087
0.140422 0.626469
0.140521 0.626469
0.140620 0.625850
0.140719 0.625232
0.140818 0.625232
0.140917 0.623995
0.141016 0.623995
0.141115 0.623377
0.141214 0.623377
0.141313 0.622758
0.141412 0.622140
0.141511 0.622140
0.141610 0.622140
0.141709 0.622140
0.141808 0.622140
0.141907 0.622140
0.142007 0.621521
0.142106 0.620903
0.142205 0.620903
0.142304 0.620284
0.142403 0.620284
0.142502 0.620284
0.142601 0.620284
0.142700 0.620284
0.142799 0.618429
0.142898 0.618429
0.142997 0.618429
0.143096 0.617192
0.143195 0.617192
0.143294 0.616574
0.143393 0.615955
0.143492 0.614719
0.143591 0.614719
0.143690 0.614719
0.143790 0.614719
0.143889 0.613482
0.143988 0.612863
0.144087 0.612863
0.144186 0.612245
0.144285 0.612245
0.144384 0.612245
0.144483 0.611626
0.144582 0.611008
0.144681 0.610390
0.144780 0.609771
0.144879 0.609771
0.144978 0.609771
0.145077 0.609771
0.145176 0.609771
0.145275 0.609153
0.145374 0.609153
0.145473 0.608534
0.145573 0.608534
0.145672 0.608534
0.145771 0.607916
0.145870 0.607297
0.145969 0.606679
0.146068 0.605442
0.146167 0.605442
0.146266 0.605442
0.146365 0.605442
0.146464 0.605442
0.146563 0.604824
0.146662 0.604205
0.146761 0.604205
0.146860 0.604205
0.146959 0.604205
0.147058 0.604205
0.147157 0.604205
0.147256 0.604205
0.147356 0.604205
0.147455 0.604205
0.147554 0.604205
0.147653 0.604205
0.147752 0.604205
0.147851 0.604205
0.147950 0.604205
0.148049 0.604205
0.148148 0.604205
0.148247 0.604205
0.148346 0.601732
0.148445 0.601732
0.148544 0.601732
0.148643 0.601113
0.148742 0.601113
0.148841 0.601113
0.148940 0.601113
0.149039 0.601113
0.149139 0.601113
0.149238 0.601113
0.149337 0.600495
0.149436 0.600495
0.149535 0.600495
0.149634 0.599876
0.149733 0.599258
0.149832 0.598639
0.149931 0.598639
0.150030 0.597403
0.150129 0.596784
0.150228 0.596166
0.150327 0.595547
0.150426 0.595547
0.150525 0.594929
0.150624 0.594929
0.150723 0.594929
0.150822 0.594929
0.150922 0.594929
0.151021 0.594929
0.151120 0.594929
0.151219 0.594310
0.151318 0.594310
0.151417 0.593692
0.151516 0.593074
0.151615 0.592455
0.151714 0.592455
0.151813 0.592455
0.151912 0.592455
0.152011 0.592455
0.152110 0.592455
0.152209 0.591218
0.152308 0.591218
0.152407 0.591218
0.152506 0.590600
0.152605 0.590600
0.152705 0.590600
0.152804 0.590600
0.152903 0.589981
0.153002 0.589363
0.153101 0.589363
0.153200 0.589363
0.153299 0.588745
0.153398 0.588745
0.153497 0.588126
0.153596 0.588126
0.153695 0.588126
0.153794 0.588126
0.153893 0.588126
0.153992 0.587508
0.154091 0.587508
0.154190 0.586889
0.154289 0.586271
0.154389 0.585652
0.154488 0.585652
0.154587 0.585652
0.154686 0.585652
0.154785 0.584416
0.154884 0.583179
0.154983 0.582560
0.155082 0.582560
0.155181 0.581942
0.155280 0.581323
0.155379 0.581323
0.155478 0.581323
0.155577 0.581323
0.155676 0.581323
0.155775 0.581323
0.155874 0.581323
0.155973 0.581323
0.156072 0.580705
0.156172 0.580705
0.156271 0.580087
0.156370 0.580087
0.156469 0.580087
0.156568 0.580087
0.156667 0.579468
0.156766 0.578850
0.156865 0.577613
0.156964 0.576994
0.157063 0.576994
0.157162 0.576376
0.157261 0.576376
0.157360 0.576376
0.157459 0.575758
0.157558 0.575758
0.157657 0.575758
0.157756 0.575139
0.157855 0.575139
0.157955 0.575139
0.158054 0.575139
0.158153 0.574521
0.158252 0.574521
0.158351 0.574521
0.158450 0.574521
0.158549 0.574521
0.158648 0.574521
0.158747 0.573902
0.158846 0.573284
0.158945 0.573284
0.159044 0.573284
0.159143 0.573284
0.159242 0.573284
0.159341 0.573284
0.159440 0.573284
0.159539 0.573284
0.159638 0.573284
0.159738 0.572047
0.159837 0.572047
0.159936 0.572047
0.160035 0.572047
0.160134 0.571429
0.160233 0.571429
0.160332 0.571429
0.160431 0.571429
0.160530 0.571429
0.160629 0.571429
0.160728 0.570192
0.160827 0.570192
0.160926 0.570192
0.161025 0.570192
0.161124 0.570192
0.161223 0.570192
0.161322 0.569573
0.161421 0.569573
0.161521 0.568955
0.161620 0.568336
0.161719 0.567718
0.161818 0.567100
0.161917 0.565863
0.162016 0.565863
0.162115 0.565863
0.162214 0.565863
0.162313 0.565244
0.162412 0.565244
0.162511 0.564007
0.162610 0.563389
0.162709 0.563389
0.162808 0.562771
0.162907 0.562771
0.163006 0.562152
0.163105 0.562152
0.163204 0.562152
0.163304 0.562152
0.163403 0.561534
0.163502 0.560915
0.163601 0.560297
0.163700 0.560297
0.163799 0.560297
0.163898 0.559678
0.163997 0.559060
0.164096 0.558442
0.164195 0.557823
0.164294 0.557823
0.164393 0.557823
0.164492 0.557205
0.164591 0.557205
0.164690 0.557205
0.164789 0.557205
0.164888 0.557205
0.164987 0.556586
0.165087 0.556586
0.165186 0.556586
0.165285 0.556586
0.165384 0.556586
0.165483 0.556586
0.165582 0.556586
0.165681 0.555968
0.165780 0.555968
0.165879 0.555349
0.165978 0.555349
0.166077 0.555349
0.166176 0.555349
0.166275 0.555349
0.166374 0.554731
0.166473 0.554731
0.166572 0.554731
0.166671 0.554731
0.166770 0.554731
0.166870 0.554731
0.166969 0.554731
0.167068 0.554731
0.167167 0.554731
0.167266 0.553494
0.167365 0.552876
0.167464 0.552876
0.167563 0.552257
0.167662 0.552257
0.167761 0.552257
0.167860 0.552257
0.167959 0.551639
0.168058 0.551020
0.168157 0.549784
0.168256 0.549784
0.168355 0.549784
0.168454 0.549784
0.168554 0.549165
0.168653 0.549165
0.168752 0.549165
0.168851 0.547310
0.168950 0.546691
0.169049 0.545455
0.169148 0.545455
0.169247 0.545455
0.169346 0.545455
0.169445 0.543599
0.169544 0.543599
0.169643 0.542981
0.169742 0.542362
0.169841 0.542362
0.169940 0.542362
0.170039 0.542362
0.170138 0.542362
0.170237 0.542362
0.170337 0.541744
0.170436 0.540507
0.170535 0.540507
0.170634 0.540507
0.170733 0.540507
0.170832 0.540507
0.170931 0.539889
0.171030 0.539889
0.171129 0.539889
0.171228 0.539889
0.171327 0.539889
0.171426 0.538652
0.171525 0.538652
0.171624 0.538033
0.171723 0.538033
0.171822 0.538033
0.171921 0.538033
0.172020 0.538033
0.172120 0.537415
0.172219 0.537415
0.172318 0.537415
0.172417 0.537415
0.172516 0.536178
0.172615 0.536178
0.172714 0.536178
0.172813 0.536178
0.172912 0.536178
0.173011 0.535560
0.173110 0.535560
0.173209 0.534941
0.173308 0.534941
0.173407 0.534941
0.173506 0.534323
0.173605 0.534323
0.173704 0.534323
0.173803 0.533704
0.173903 0.533704
0.174002 0.533704
0.174101 0.533704
0.174200 0.533704
0.174299 0.533704
0.174398 0.533704
0.174497 0.533704
0.174596 0.533704
0.174695 0.533086
0.174794 0.532468
0.174893 0.532468
0.174992 0.531849
0.175091 0.531849
0.175190 0.531849
0.175289 0.531231
0.175388 0.531231
0.175487 0.531231
0.175586 0.531231
0.175686 0.531231
0.175785 0.531231
0.175884 0.530612
0.175983 0.529994
0.176082 0.529994
0.176181 0.528757
0.176280 0.528139
0.176379 0.528139
0.176478 0.528139
0.176577 0.528139
0.176676 0.528139
0.176775 0.528139
0.176874 0.528139
0.176973 0.528139
0.177072 0.528139
0.177171 0.527520
0.177270 0.527520
0.177369 0.526902
0.177469 0.526283
0.177568 0.524428
0.177667 0.524428
0.177766 0.523810
0.177865 0.523810
0.177964 0.523810
0.178063 0.523810
0.178162 0.523810
0.178261 0.523810
0.178360 0.523810
0.178459 0.523810
0.178558 0.523810
0.178657 0.523810
0.178756 0.523810
0.178855 0.523810
0.178954 0.523810
0.179053 0.523810
0.179152 0.523810
0.179252 0.523810
0.179351 0.523810
0.179450 0.523810
0.179549 0.523191
0.179648 0.523191
0.179747 0.523191
0.179846 0.523191
0.179945 0.523191
0.180044 0.521954
0.180143 0.521954
0.180242 0.521954
0.180341 0.521954
0.180440 0.521954
0.180539 0.521336
0.180638 0.521336
0.180737 0.521336
0.180836 0.521336
0.180935 0.520717
0.181035 0.520099
0.181134 0.519481
0.181233 0.519481
0.181332 0.519481
0.181431 0.519481
0.181530 0.519481
0.181629 0.518862
0.181728 0.518862
0.181827 0.518862
0.181926 0.518862
0.182025 0.517625
0.182124 0.517625
0.182223 0.517625
0.182322 0.517625
0.182421 0.517625
0.182520 0.517007
0.182619 0.517007
0.182719 0.517007
0.182818 0.516388
0.182917 0.516388
0.183016 0.515770
0.183115 0.515770
0.183214 0.515770
0.183313 0.515770
0.183412 0.515770
0.183511 0.515770
0.183610 0.515770
0.183709 0.515152
0.183808 0.513915
0.183907 0.513915
0.184006 0.513296
0.184105 0.513296
0.184204 0.513296
0.184303 0.513296
0.184402 0.512678
0.184502 0.512678
0.184601 0.512059
0.184700 0.512059
0.184799 0.512059
0.184898 0.512059
0.184997 0.510204
0.185096 0.510204
0.185195 0.510204
0.185294 0.510204
0.185393 0.510204
0.185492 0.508349
0.185591 0.508349
0.185690 0.507112
0.185789 0.507112
0.185888 0.507112
0.185987 0.506494
0.186086 0.506494
0.186185 0.506494
0.186285 0.505257
0.186384 0.504020
0.186483 0.502783
0.186582 0.502165
0.186681 0.502165
0.186780 0.502165
0.186879 0.502165
0.186978 0.500928
0.187077 0.500928
0.187176 0.500928
0.187275 0.500928
0.187374 0.500928
0.187473 0.500309
0.187572 0.499691
0.187671 0.498454
0.187770 0.498454
0.187869 0.497835
0.187968 0.497835
0.188068 0.497835
0.188167 0.497835
0.188266 0.497835
0.188365 0.497217
0.188464 0.497217
0.188563 0.497217
0.188662 0.497217
0.188761 0.497217
0.188860 0.497217
0.188959 0.497217
0.189058 0.497217
0.189157 0.497217
0.189256 0.497217
0.189355 0.497217
0.189454 0.497217
0.189553 0.497217
0.189652 0.497217
0.189751 0.497217
0.189851 0.497217
0.189950 0.497217
0.190049 0.497217
0.190148 0.497217
0.190247 0.496599
0.190346 0.495980
0.190445 0.495362
0.190544 0.495362
0.190643 0.494743
0.190742 0.494125
0.190841 0.494125
0.190940 0.492888
0.191039 0.492270
0.191138 0.491651
0.191237 0.491651
0.191336 0.491651
0.191435 0.491651
0.191534 0.491033
0.191634 0.491033
0.191733 0.491033
0.191832 0.491033
0.191931 0.491033
0.192030 0.491033
0.192129 0.490414
0.192228 0.490414
0.192327 0.490414
0.192426 0.490414
0.192525 0.490414
0.192624 0.490414
0.192723 0.490414
0.192822 0.489796
0.192921 0.489796
0.193020 0.489796
0.193119 0.489796
0.193218 0.489796
0.193317 0.489796
0.193417 0.489177
0.193516 0.487941
0.193615 0.487941
0.193714 0.487941
0.193813 0.487941
0.193912 0.487941
0.194011 0.487322
0.194110 0.487322
0.194209 0.487322
0.194308 0.487322
0.194407 0.487322
0.194506 0.487322
0.194605 0.487322
0.194704 0.486704
0.194803 0.486704
0.194902 0.486704
0.195001 0.486704
0.195100 0.486704
0.195200 0.486085
0.195299 0.485467
0.195398 0.485467
0.195497 0.484848
0.195596 0.484848
0.195695 0.484848
0.195794 0.484848
0.195893 0.484230
0.195992 0.483612
0.196091 0.482993
0.196190 0.482993
0.196289 0.482993
0.196388 0.482993
0.196487 0.482993
0.196586 0.482993
0.196685 0.482993
0.196784 0.482993
0.196884 0.482993
0.196983 0.482993
0.197082 0.482993
0.197181 0.482993
0.197280 0.482993
0.197379 0.482993
0.197478 0.482375
0.197577 0.481756
0.197676 0.480519
0.197775 0.480519
0.197874 0.480519
0.197973 0.480519
0.198072 0.480519
0.198171 0.479901
0.198270 0.479901
0.198369 0.478046
0.198468 0.477427
0.198567 0.477427
0.198667 0.477427
0.198766 0.477427
0.198865 0.477427
0.198964 0.477427
0.199063 0.476809
0.199162 0.476190
0.199261 0.476190
0.199360 0.476190
0.199459 0.476190
0.199558 0.476190
0.199657 0.476190
0.199756 0.476190
0.199855 0.476190
0.199954 0.475572
0.200053 0.474335
0.200152 0.474335
0.200251 0.474335
0.200350 0.473717
0.200450 0.473717
0.200549 0.473098
0.200648 0.473098
0.200747 0.472480
0.200846 0.472480
0.200945 0.472480
0.201044 0.472480
0.201143 0.472480
0.201242 0.471861
0.201341 0.471861
0.201440 0.471861
0.201539 0.471243
0.201638 0.470625
0.201737 0.470625
0.201836 0.470625
0.201935 0.470625
0.202034 0.470006
0.202133 0.470006
0.202233 0.470006
0.202332 0.470006
0.202431 0.470006
0.202530 0.469388
0.202629 0.469388
0.202728 0.468769
0.202827 0.468769
0.202926 0.468769
0.203025 0.468769
0.203124 0.468769
0.203223 0.468769
0.203322 0.468769
0.203421 0.468769
0.203520 0.468151
0.203619 0.468151
0.203718 0.468151
0.203817 0.468151
0.203916 0.468151
0.204016 0.468151
0.204115 0.468151
0.204214 0.468151
0.204313 0.468151
0.204412 0.468151
0.204511 0.468151
0.204610 0.468151
0.204709 0.467532
0.204808 0.466914
0.204907 0.466914
0.205006 0.466914
0.205105 0.465677
0.205204 0.465059
0.205303 0.464440
0.205402 0.464440
0.205501 0.464440
0.205600 0.464440
0.205699 0.464440
0.205799 0.464440
0.205898 0.463822
0.205997 0.463822
0.206096 0.463822
0.206195 0.463822
0.206294 0.463822
0.206393 0.463203
0.206492 0.463203
0.206591 0.462585
0.206690 0.461967
0.206789 0.461348
0.206888 0.461348
0.206987 0.460730
0.207086 0.460730
0.207185 0.460730
0.207284 0.460730
0.207383 0.460730
0.207482 0.460730
0.207582 0.460111
0.207681 0.459493
0.207780 0.459493
0.207879 0.459493
0.207978 0.458874
0.208077 0.458256
0.208176 0.458256
0.208275 0.457019
0.208374 0.457019
0.208473 0.456401
0.208572 0.456401
0.208671 0.456401
0.208770 0.456401
0.208869 0.456401
0.208968 0.456401
0.209067 0.456401
0.209166 0.456401
0.209266 0.456401
0.209365 0.456401
0.209464 0.456401
0.209563 0.456401
0.209662 0.456401
0.209761 0.456401
0.209860 0.456401
0.209959 0.456401
0.210058 0.456401
0.210157 0.455782
0.210256 0.455782
0.210355 0.455782
0.210454 0.455782
0.210553 0.455782
0.210652 0.455782
0.210751 0.455782
0.210850 0.455782
0.210949 0.455782
0.211049 0.455782
0.211148 0.455782
0.211247 0.455782
0.211346 0.455782
0.211445 0.455782
0.211544 0.455782
0.211643 0.455782
0.211742 0.455782
0.211841 0.455782
0.211940 0.455164
0.212039 0.454545
0.212138 0.454545
0.212237 0.453927
0.212336 0.453927
0.212435 0.453927
0.212534 0.453927
0.212633 0.453309
0.212732 0.453309
0.212832 0.453309
0.212931 0.452690
0.213030 0.452690
0.213129 0.452690
0.213228 0.452690
0.213327 0.451453
0.213426 0.450216
0.213525 0.450216
0.213624 0.450216
0.213723 0.450216
0.213822 0.449598
0.213921 0.449598
0.214020 0.449598
0.214119 0.449598
0.214218 0.448980
0.214317 0.448980
0.214416 0.448980
0.214515 0.448361
0.214615 0.448361
0.214714 0.448361
0.214813 0.448361
0.214912 0.448361
0.215011 0.447743
0.215110 0.447743
0.215209 0.447743
0.215308 0.447743
0.215407 0.447743
0.215506 0.447743
0.215605 0.447124
0.215704 0.446506
0.215803 0.446506
0.215902 0.445887
0.216001 0.444651
0.216100 0.444651
0.216199 0.443414
0.216298 0.443414
0.216398 0.443414
0.216497 0.443414
0.216596 0.443414
0.216695 0.442177
0.216794 0.442177
0.216893 0.441558
0.216992 0.440940
0.217091 0.440940
0.217190 0.440940
0.217289 0.440940
0.217388 0.440940
0.217487 0.440940
0.217586 0.440322
0.217685 0.439703
0.217784 0.439703
0.217883 0.439703
0.217982 0.439703
0.218081 0.439703
0.218181 0.439703
0.218280 0.439703
0.218379 0.439703
0.218478 0.439703
0.218577 0.439703
0.218676 0.439703
0.218775 0.438466
0.218874 0.437848
0.218973 0.437848
0.219072 0.437848
0.219171 0.437848
0.219270 0.437229
0.219369 0.436611
0.219468 0.436611
0.219567 0.436611
0.219666 0.436611
0.219765 0.435993
0.219864 0.435374
0.219964 0.435374
0.220063 0.434756
0.220162 0.434756
0.220261 0.434137
0.220360 0.434137
0.220459 0.434137
0.220558 0.433519
0.220657 0.432900
0.220756 0.432900
0.220855 0.432900
0.220954 0.432900
0.221053 0.432900
0.221152 0.432900
0.221251 0.432282
0.221350 0.431664
0.221449 0.431664
0.221548 0.431664
0.221647 0.431664
0.221747 0.431664
0.221846 0.431664
0.221945 0.431664
0.222044 0.431664
0.222143 0.431664
0.222242 0.431664
0.222341 0.431664
0.222440 0.431664
0.222539 0.431664
0.222638 0.431664
0.222737 0.431664
0.222836 0.431664
0.222935 0.431045
0.223034 0.431045
0.223133 0.431045
0.223232 0.431045
0.223331 0.431045
0.223431 0.431045
0.223530 0.430427
0.223629 0.430427
0.223728 0.430427
0.223827 0.430427
0.223926 0.429808
0.224025 0.429808
0.224124 0.429808
0.224223 0.429808
0.224322 0.429808
0.224421 0.429190
0.224520 0.428571
0.224619 0.428571
0.224718 0.428571
0.224817 0.428571
0.224916 0.428571
0.225015 0.428571
0.225114 0.428571
0.225214 0.428571
0.225313 0.428571
0.225412 0.428571
0.225511 0.428571
0.225610 0.428571
0.225709 0.427953
0.225808 0.427953
0.225907 0.427335
0.226006 0.427335
0.226105 0.427335
0.226204 0.427335
0.226303 0.426716
0.226402 0.426098
0.226501 0.426098
0.226600 0.426098
0.226699 0.426098
0.226798 0.426098
0.226897 0.426098
0.226997 0.426098
0.227096 0.426098
0.227195 0.426098
0.227294 0.426098
0.227393 0.426098
0.227492 0.426098
0.227591 0.426098
0.227690 0.426098
0.227789 0.424861
0.227888 0.424861
0.227987 0.424861
0.228086 0.424861
0.228185 0.424861
0.228284 0.424242
0.228383 0.424242
0.228482 0.424242
0.228581 0.424242
0.228680 0.424242
0.228780 0.424242
0.228879 0.424242
0.228978 0.424242
0.229077 0.424242
0.229176 0.423624
0.229275 0.423006
0.229374 0.423006
0.229473 0.423006
0.229572 0.423006
0.229671 0.423006
0.229770 0.422387
0.229869 0.422387
0.229968 0.422387
0.230067 0.422387
0.230166 0.422387
0.230265 0.422387
0.230364 0.421769
0.230463 0.421769
0.230563 0.421769
0.230662 0.421769
0.230761 0.421769
0.230860 0.421150
0.230959 0.421150
0.231058 0.421150
0.231157 0.420532
0.231256 0.419913
0.231355 0.419913
0.231454 0.419913
0.231553 0.419295
0.231652 0.419295
0.231751 0.419295
0.231850 0.419295
0.231949 0.418677
0.232048 0.418677
0.232147 0.418677
0.232246 0.418677
0.232346 0.418677
0.232445 0.418677
0.232544 0.418677
0.232643 0.418677
0.232742 0.418677
0.232841 0.418058
0.232940 0.417440
0.233039 0.417440
0.233138 0.417440
0.233237 0.417440
0.233336 0.417440
0.233435 0.417440
0.233534 0.417440
0.233633 0.416821
0.233732 0.416821
0.233831 0.416821
0.233930 0.416821
0.234029 0.416821
0.234129 0.416203
0.234228 0.416203
0.234327 0.416203
0.234426 0.415584
0.234525 0.415584
0.234624 0.414966
0.234723 0.414966
0.234822 0.414966
0.234921 0.414966
0.235020 0.414966
0.235119 0.414966
0.235218 0.414966
0.235317 0.414966
0.235416 0.414966
0.235515 0.414966
0.235614 0.414348
0.235713 0.414348
0.235812 0.414348
0.235912 0.414348
0.236011 0.414348
0.236110 0.414348
0.236209 0.414348
0.236308 0.413729
0.236407 0.413729
0.236506 0.413729
0.236605 0.413729
0.236704 0.413111
0.236803 0.413111
0.236902 0.411874
0.237001 0.411874
0.237100 0.411255
0.237199 0.411255
0.237298 0.411255
0.237397 0.411255
0.237496 0.411255
0.237596 0.411255
0.237695 0.411255
0.237794 0.410637
0.237893 0.410637
0.237992 0.410637
0.238091 0.410637
0.238190 0.410637
0.238289 0.410637
0.238388 0.410019
0.238487 0.409400
0.238586 0.409400
0.238685 0.409400
0.238784 0.409400
0.238883 0.409400
0.238982 0.408782
0.239081 0.408782
0.239180 0.408782
0.239279 0.408782
0.239379 0.408782
0.239478 0.408782
0.239577 0.408163
0.239676 0.408163
0.239775 0.408163
0.239874 0.408163
0.239973 0.408163
0.240072 0.408163
0.240171 0.408163
0.240270 0.408163
0.240369 0.407545
0.240468 0.407545
0.240567 0.407545
0.240666 0.407545
0.240765 0.406926
0.240864 0.406926
0.240963 0.406926
0.241062 0.406308
0.241162 0.406308
0.241261 0.406308
0.241360 0.406308
0.241459 0.406308
0.241558 0.406308
0.241657 0.406308
0.241756 0.406308
0.241855 0.406308
0.241954 0.406308
0.242053 0.406308
0.242152 0.406308
0.242251 0.405690
0.242350 0.405071
0.242449 0.405071
0.242548 0.405071
0.242647 0.405071
0.242746 0.405071
0.242845 0.405071
0.242945 0.404453
0.243044 0.404453
0.243143 0.404453
0.243242 0.404453
0.243341 0.404453
0.243440 0.404453
0.243539 0.404453
0.243638 0.404453
0.243737 0.404453
0.243836 0.403834
0.243935 0.403834
0.244034 0.403834
0.244133 0.403834
0.244232 0.403834
0.244331 0.403834
0.244430 0.403216
0.244529 0.403216
0.244628 0.403216
0.244728 0.403216
0.244827 0.403216
0.244926 0.403216
0.245025 0.402597
0.245124 0.402597
0.245223 0.402597
0.245322 0.402597
0.245421 0.402597
0.245520 0.401979
0.245619 0.401361
0.245718 0.401361
0.245817 0.401361
0.245916 0.401361
0.246015 0.401361
0.246114 0.401361
0.246213 0.401361
0.246312 0.400742
0.246411 0.400124
0.246511 0.400124
0.246610 0.400124
0.246709 0.400124
0.246808 0.400124
0.246907 0.400124
0.247006 0.399505
0.247105 0.399505
0.247204 0.399505
0.247303 0.399505
0.247402 0.398887
0.247501 0.398887
0.247600 0.398887
0.247699 0.398887
0.247798 0.398887
0.247897 0.398887
0.247996 0.398887
0.248095 0.398887
0.248194 0.398887
0.248294 0.398887
0.248393 0.398887
0.248492 0.398268
0.248591 0.398268
0.248690 0.398268
0.248789 0.398268
0.248888 0.398268
0.248987 0.398268
0.249086 0.398268
0.249185 0.398268
0.249284 0.398268
0.249383 0.398268
0.249482 0.398268
0.249581 0.397650
0.249680 0.397650
0.249779 0.397650
0.249878 0.397650
0.249978 0.397650
0.250077 0.397650
0.250176 0.397032
0.250275 0.396413
0.250374 0.396413
0.250473 0.395795
0.250572 0.395795
0.250671 0.394558
0.250770 0.394558
0.250869 0.393939
0.250968 0.393939
0.251067 0.393939
0.251166 0.393939
0.251265 0.393939
0.251364 0.393321
0.251463 0.393321
0.251562 0.393321
0.251661 0.393321
0.251761 0.392703
0.251860 0.392703
0.251959 0.391466
0.252058 0.391466
0.252157 0.391466
0.252256 0.391466
0.252355 0.390847
0.252454 0.390229
0.252553 0.389610
0.252652 0.389610
0.252751 0.389610
0.252850 0.388992
0.252949 0.387755
0.253048 0.387755
0.253147 0.387755
0.253246 0.387755
0.253345 0.387755
0.253444 0.387137
0.253544 0.387137
0.253643 0.387137
0.253742 0.387137
0.253841 0.385900
0.253940 0.385900
0.254039 0.385900
0.254138 0.385900
0.254237 0.385900
0.254336 0.385900
0.254435 0.385900
0.254534 0.385281
0.254633 0.385281
0.254732 0.385281
0.254831 0.385281
0.254930 0.385281
0.255029 0.385281
0.255128 0.385281
0.255227 0.385281
0.255327 0.385281
0.255426 0.385281
0.255525 0.384663
0.255624 0.384663
0.255723 0.384663
0.255822 0.384045
0.255921 0.384045
0.256020 0.384045
0.256119 0.383426
0.256218 0.383426
0.256317 0.383426
0.256416 0.383426
0.256515 0.383426
0.256614 0.382808
0.256713 0.382808
0.256812 0.382808
0.256911 0.382189
0.257010 0.382189
0.257110 0.382189
0.257209 0.382189
0.257308 0.382189
0.257407 0.381571
0.257506 0.380952
0.257605 0.380952
0.257704 0.380952
0.257803 0.380952
0.257902 0.380952
0.258001 0.380952
0.258100 0.380334
0.258199 0.380334
0.258298 0.379716
0.258397 0.379716
0.258496 0.379716
0.258595 0.379716
0.258694 0.379716
0.258793 0.379097
0.258893 0.379097
0.258992 0.377860
0.259091 0.377860
0.259190 0.377860
0.259289 0.377242
0.259388 0.377242
0.259487 0.376623
0.259586 0.376623
0.259685 0.376623
0.259784 0.376623
0.259883 0.376623
0.259982 0.376623
0.260081 0.376005
0.260180 0.376005
0.260279 0.376005
0.260378 0.376005
0.260477 0.376005
0.260576 0.375387
0.260676 0.375387
0.260775 0.375387
0.260874 0.375387
0.260973 0.375387
0.261072 0.375387
0.261171 0.375387
0.261270 0.375387
0.261369 0.375387
0.261468 0.375387
0.261567 0.374768
0.261666 0.374768
0.261765 0.374150
0.261864 0.373531
0.261963 0.372913
0.262062 0.372913
0.262161 0.372913
0.262260 0.372913
0.262359 0.372913
0.262459 0.372294
0.262558 0.371676
0.262657 0.371676
0.262756 0.371058
0.262855 0.371058
0.262954 0.371058
0.263053 0.371058
0.263152 0.371058
0.263251 0.370439
0.263350 0.370439
0.263449 0.370439
0.263548 0.370439
0.263647 0.370439
0.263746 0.370439
0.263845 0.370439
0.263944 0.370439
0.264043 0.370439
0.264143 0.370439
0.264242 0.370439
0.264341 0.370439
0.264440 0.370439
0.264539 0.370439
0.264638 0.370439
0.264737 0.370439
0.264836 0.369821
0.264935 0.369821
0.265034 0.369821
0.265133 0.369821
0.265232 0.369821
0.265331 0.369821
0.265430 0.369821
0.265529 0.369202
0.265628 0.368584
0.265727 0.368584
0.265826 0.368584
0.265926 0.367965
0.266025 0.367965
0.266124 0.367347
0.266223 0.367347
0.266322 0.366110
0.266421 0.366110
0.266520 0.366110
0.266619 0.365492
0.266718 0.365492
0.266817 0.365492
0.266916 0.365492
0.267015 0.365492
0.267114 0.364873
0.267213 0.364873
0.267312 0.364873
0.267411 0.364873
0.267510 0.364873
0.267609 0.364873
0.267709 0.364873
0.267808 0.364873
0.267907 0.364873
0.268006 0.364255
0.268105 0.363636
0.268204 0.363636
0.268303 0.363636
0.268402 0.363636
0.268501 0.363636
0.268600 0.363018
0.268699 0.363018
0.268798 0.363018
0.268897 0.363018
0.268996 0.362400
0.269095 0.362400
0.269194 0.362400
0.269293 0.362400
0.269392 0.362400
0.269492 0.362400
0.269591 0.362400
0.269690 0.362400
0.269789 0.362400
0.269888 0.362400
0.269987 0.362400
0.270086 0.362400
0.270185 0.362400
0.270284 0.362400
0.270383 0.362400
0.270482 0.361781
0.270581 0.361163
0.270680 0.361163
0.270779 0.361163
0.270878 0.361163
0.270977 0.361163
0.271076 0.360544
0.271175 0.360544
0.271275 0.359926
0.271374 0.359926
0.271473 0.359926
0.271572 0.359307
0.271671 0.359307
0.271770 0.358689
0.271869 0.358689
0.271968 0.358689
0.272067 0.358689
0.272166 0.358689
0.272265 0.358689
0.272364 0.358689
0.272463 0.358689
0.272562 0.358071
0.272661 0.357452
0.272760 0.357452
0.272859 0.356834
0.272958 0.356834
0.273058 0.356834
0.273157 0.356834
0.273256 0.356215
0.273355 0.355597
0.273454 0.355597
0.273553 0.354978
0.273652 0.354360
0.273751 0.353741
0.273850 0.353741
0.273949 0.353741
0.274048 0.353741
0.274147 0.353123
0.274246 0.353123
0.274345 0.353123
0.274444 0.353123
0.274543 0.353123
0.274642 0.353123
0.274741 0.353123
0.274841 0.353123
0.274940 0.353123
0.275039 0.353123
0.275138 0.352505
0.275237 0.352505
0.275336 0.352505
0.275435 0.352505
0.275534 0.351886
0.275633 0.351886
0.275732 0.351886
0.275831 0.351886
0.275930 0.351886
0.276029 0.351886
0.276128 0.351886
0.276227 0.351886
0.276326 0.351886
0.276425 0.351886
0.276524 0.351886
0.276624 0.351886
0.276723 0.351886
0.276822 0.351886
0.276921 0.351886
0.277020 0.351886
0.277119 0.351886
0.277218 0.351886
0.277317 0.351886
0.277416 0.351886
0.277515 0.351886
0.277614 0.351268
0.277713 0.351268
0.277812 0.351268
0.277911 0.350649
0.278010 0.350649
0.278109 0.350649
0.278208 0.350649
0.278308 0.350649
0.278407 0.350649
0.278506 0.350649
0.278605 0.350649
0.278704 0.350649
0.278803 0.350649
0.278902 0.350649
0.279001 0.350649
0.279100 0.350649
0.279199 0.350649
0.279298 0.350649
0.279397 0.350031
0.279496 0.350031
0.279595 0.350031
0.279694 0.350031
0.279793 0.350031
0.279892 0.350031
0.279991 0.348794
0.280091 0.348794
0.280190 0.348794
0.280289 0.348794
0.280388 0.348794
0.280487 0.348794
0.280586 0.348794
0.280685 0.348176
0.280784 0.348176
0.280883 0.348176
0.280982 0.347557
0.281081 0.347557
0.281180 0.347557
0.281279 0.347557
0.281378 0.346939
0.281477 0.346939
0.281576 0.346939
0.281675 0.346939
0.281774 0.346939
0.281874 0.345702
0.281973 0.345702
0.282072 0.345083
0.282171 0.345083
0.282270 0.345083
0.282369 0.345083
0.282468 0.345083
0.282567 0.345083
0.282666 0.345083
0.282765 0.345083
0.282864 0.345083
0.282963 0.345083
0.283062 0.345083
0.283161 0.345083
0.283260 0.345083
0.283359 0.345083
0.283458 0.345083
0.283557 0.345083
0.283657 0.345083
0.283756 0.345083
0.283855 0.345083
0.283954 0.345083
0.284053 0.345083
0.284152 0.345083
0.284251 0.345083
0.284350 0.344465
0.284449 0.344465
0.284548 0.344465
0.284647 0.343847
0.284746 0.343847
0.284845 0.343847
0.284944 0.343847
0.285043 0.343847
0.285142 0.343847
0.285241 0.343847
0.285340 0.343847
0.285440 0.343228
0.285539 0.343228
0.285638 0.343228
0.285737 0.343228
0.285836 0.342610
0.285935 0.342610
0.286034 0.341991
0.286133 0.341991
0.286232 0.341991
0.286331 0.341991
0.286430 0.341991
0.286529 0.341373
0.286628 0.341373
0.286727 0.341373
0.286826 0.341373
0.286925 0.340754
0.287024 0.340754
0.287123 0.340754
0.287223 0.340136
0.287322 0.340136
0.287421 0.340136
0.287520 0.340136
0.287619 0.340136
0.287718 0.340136
0.287817 0.339518
0.287916 0.338899
0.288015 0.338899
0.288114 0.338899
0.288213 0.338899
0.288312 0.338281
0.288411 0.338281
0.288510 0.338281
0.288609 0.338281
0.288708 0.338281
0.288807 0.338281
0.288906 0.338281
0.289006 0.338281
0.289105 0.338281
0.289204 0.338281
0.289303 0.338281
0.289402 0.338281
0.289501 0.338281
0.289600 0.338281
0.289699 0.338281
0.289798 0.338281
0.289897 0.338281
0.289996 0.338281
0.290095 0.338281
0.290194 0.338281
0.290293 0.338281
0.290392 0.338281
0.290491 0.338281
0.290590 0.338281
0.290690 0.337662
0.290789 0.337662
0.290888 0.337662
0.290987 0.337662
0.291086 0.337662
0.291185 0.337662
0.291284 0.337662
0.291383 0.337662
0.291482 0.337662
0.291581 0.337662
0.291680 0.337044
0.291779 0.336425
0.291878 0.336425
0.291977 0.336425
0.292076 0.335807
0.292175 0.335807
0.292274 0.335807
0.292373 0.335807
0.292473 0.335807
0.292572 0.335189
0.292671 0.335189
0.292770 0.335189
0.292869 0.335189
0.292968 0.334570
0.293067 0.333952
0.293166 0.333952
0.293265 0.333333
0.293364 0.333333
0.293463 0.333333
0.293562 0.333333
0.293661 0.333333
0.293760 0.333333
0.293859 0.332715
0.293958 0.332096
0.294057 0.332096
0.294156 0.332096
0.294256 0.331478
0.294355 0.331478
0.294454 0.331478
0.294553 0.331478
0.294652 0.331478
0.294751 0.331478
0.294850 0.331478
0.294949 0.331478
0.295048 0.331478
0.295147 0.331478
0.295246 0.331478
0.295345 0.331478
0.295444 0.331478
0.295543 0.330860
0.295642 0.330860
0.295741 0.330860
0.295840 0.330860
0.295939 0.330860
0.296039 0.330860
0.296138 0.330860
0.296237 0.330860
0.296336 0.330860
0.296435 0.330860
0.296534 0.330860
0.296633 0.330860
0.296732 0.330860
0.296831 0.330860
0.296930 0.330860
0.297029 0.330241
0.297128 0.329623
0.297227 0.329623
0.297326 0.328386
0.297425 0.328386
0.297524 0.328386
0.297623 0.328386
0.297722 0.328386
0.297822 0.327767
0.297921 0.327767
0.298020 0.327767
0.298119 0.327767
0.298218 0.327767
0.298317 0.327767
0.298416 0.327767
0.298515 0.327149
0.298614 0.326531
0.298713 0.326531
0.298812 0.326531
0.298911 0.326531
0.299010 0.325912
0.299109 0.325912
0.299208 0.325912
0.299307 0.325912
0.299406 0.325912
0.299505 0.325912
0.299605 0.325912
0.299704 0.325912
0.299803 0.325912
0.299902 0.325912
0.300001 0.325912
0.300100 0.325912
0.300199 0.325912
0.300298 0.325912
0.300397 0.325912
0.300496 0.325912
0.300595 0.325912
0.300694 0.325912
0.300793 0.325294
0.300892 0.325294
0.300991 0.325294
0.301090 0.325294
0.301189 0.324675
0.301288 0.324675
0.301388 0.324675
0.301487 0.324675
0.301586 0.324675
0.301685 0.324675
0.301784 0.324057
0.301883 0.324057
0.301982 0.324057
0.302081 0.324057
0.302180 0.324057
0.302279 0.324057
0.302378 0.324057
0.302477 0.324057
0.302576 0.324057
0.302675 0.324057
0.302774 0.324057
0.302873 0.324057
0.302972 0.324057
0.303071 0.324057
0.303171 0.324057
0.303270 0.323438
0.303369 0.322820
0.303468 0.322820
0.303567 0.322820
0.303666 0.322820
0.303765 0.322820
0.303864 0.322820
0.303963 0.322820
0.304062 0.322820
0.304161 0.322202
0.304260 0.321583
0.304359 0.321583
0.304458 0.321583
0.304557 0.321583
0.304656 0.321583
0.304755 0.321583
0.304855 0.320965
0.304954 0.320965
0.305053 0.320965
0.305152 0.320965
0.305251 0.320965
0.305350 0.320965
0.305449 0.320346
0.305548 0.320346
0.305647 0.320346
0.305746 0.320346
0.305845 0.320346
0.305944 0.320346
0.306043 0.320346
0.306142 0.320346
0.306241 0.320346
0.306340 0.320346
0.306439 0.319728
0.306538 0.319728
0.306638 0.319728
0.306737 0.319728
0.306836 0.319728
0.306935 0.319728
0.307034 0.319728
0.307133 0.319728
0.307232 0.319109
0.307331 0.317873
0.307430 0.317873
0.307529 0.317873
0.307628 0.317873
0.307727 0.317254
0.307826 0.317254
0.307925 0.317254
0.308024 0.317254
0.308123 0.317254
0.308222 0.317254
0.308321 0.317254
0.308421 0.317254
0.308520 0.316636
0.308619 0.316636
0.308718 0.316636
0.308817 0.316636
0.308916 0.316636
0.309015 0.315399
0.309114 0.315399
0.309213 0.315399
0.309312 0.315399
0.309411 0.315399
0.309510 0.315399
0.309609 0.315399
0.309708 0.315399
0.309807 0.315399
0.309906 0.315399
0.310005 0.315399
0.310104 0.315399
0.310204 0.315399
0.310303 0.315399
0.310402 0.314780
0.310501 0.314780
0.310600 0.314780
0.310699 0.314780
0.310798 0.314162
0.310897 0.314162
0.310996 0.314162
0.311095 0.314162
0.311194 0.314162
0.311293 0.314162
0.311392 0.314162
0.311491 0.314162
0.311590 0.314162
0.311689 0.313544
0.311788 0.313544
0.311887 0.312925
0.311987 0.312925
0.312086 0.312925
0.312185 0.312925
0.312284 0.312925
0.312383 0.312307
0.312482 0.312307
0.312581 0.312307
0.312680 0.312307
0.312779 0.312307
0.312878 0.312307
0.312977 0.312307
0.313076 0.312307
0.313175 0.312307
0.313274 0.311688
0.313373 0.311688
0.313472 0.311688
0.313571 0.311688
0.313670 0.311688
0.313770 0.311688
0.313869 0.311688
0.313968 0.311688
0.314067 0.311070
0.314166 0.310451
0.314265 0.310451
0.314364 0.309833
0.314463 0.309833
0.314562 0.309833
0.314661 0.309833
0.314760 0.309833
0.314859 0.309833
0.314958 0.309833
0.315057 0.309833
0.315156 0.309833
0.315255 0.309833
0.315354 0.309833
0.315453 0.309833
0.315553 0.309833
0.315652 0.309833
0.315751 0.309833
0.315850 0.309215
0.315949 0.309215
0.316048 0.308596
0.316147 0.308596
0.316246 0.308596
0.316345 0.308596
0.316444 0.307978
0.316543 0.307978
0.316642 0.306741
0.316741 0.306122
0.316840 0.306122
0.316939 0.306122
0.317038 0.306122
0.317137 0.306122
0.317236 0.304886
0.317336 0.304886
0.317435 0.304886
0.317534 0.304886
0.317633 0.304886
0.317732 0.304886
0.317831 0.304886
0.317930 0.304267
0.318029 0.304267
0.318128 0.304267
0.318227 0.304267
0.318326 0.304267
0.318425 0.304267
0.318524 0.304267
0.318623 0.304267
0.318722 0.303649
0.318821 0.303649
0.318920 0.303649
0.319020 0.303649
0.319119 0.303649
0.319218 0.303649
0.319317 0.303649
0.319416 0.303649
0.319515 0.303649
0.319614 0.303030
0.319713 0.303030
0.319812 0.303030
0.319911 0.303030
0.320010 0.303030
0.320109 0.302412
0.320208 0.302412
0.320307 0.302412
0.320406 0.302412
0.320505 0.302412
0.320604 0.302412
0.320703 0.302412
0.320803 0.302412
0.320902 0.302412
0.321001 0.302412
0.321100 0.302412
0.321199 0.302412
0.321298 0.302412
0.321397 0.302412
0.321496 0.302412
0.321595 0.301793
0.321694 0.301793
0.321793 0.301793
0.321892 0.301793
0.321991 0.301793
0.322090 0.301793
0.322189 0.301793
0.322288 0.301793
0.322387 0.301793
0.322486 0.301793
0.322586 0.301175
0.322685 0.301175
0.322784 0.301175
0.322883 0.301175
0.322982 0.300557
0.323081 0.300557
0.323180 0.300557
0.323279 0.300557
0.323378 0.300557
0.323477 0.300557
0.323576 0.300557
0.323675 0.300557
0.323774 0.300557
0.323873 0.300557
0.323972 0.300557
0.324071 0.300557
0.324170 0.300557
0.324269 0.300557
0.324369 0.300557
0.324468 0.300557
0.324567 0.300557
0.324666 0.300557
0.324765 0.300557
0.324864 0.300557
0.324963 0.300557
0.325062 0.299938
0.325161 0.299938
0.325260 0.299938
0.325359 0.299938
0.325458 0.299938
0.325557 0.299938
0.325656 0.299938
0.325755 0.299938
0.325854 0.298083
0.325953 0.298083
0.326052 0.298083
0.326152 0.298083
0.326251 0.297464
0.326350 0.297464
0.326449 0.297464
0.326548 0.297464
0.326647 0.297464
0.326746 0.297464
0.326845 0.297464
0.326944 0.297464
0.327043 0.297464
0.327142 0.297464
0.327241 0.297464
0.327340 0.297464
0.327439 0.296846
0.327538 0.296846
0.327637 0.296846
0.327736 0.296846
0.327835 0.296846
0.327935 0.296846
0.328034 0.296846
0.328133 0.295609
0.328232 0.294372
0.328331 0.294372
0.328430 0.294372
0.328529 0.294372
0.328628 0.294372
0.328727 0.294372
0.328826 0.293754
0.328925 0.293754
0.329024 0.293754
0.329123 0.293754
0.329222 0.293754
0.329321 0.293754
0.329420 0.293754
0.329519 0.293754
0.329618 0.293754
0.329718 0.293754
0.329817 0.293754
0.329916 0.293754
0.330015 0.293754
0.330114 0.293754
0.330213 0.293754
0.330312 0.293754
0.330411 0.293754
0.330510 0.293754
0.330609 0.293754
0.330708 0.293754
0.330807 0.293754
0.330906 0.293754
0.331005 0.293754
0.331104 0.293754
0.331203 0.293754
0.331302 0.293754
0.331402 0.293754
0.331501 0.293754
0.331600 0.293754
0.331699 0.293754
0.331798 0.293754
0.331897 0.293754
0.331996 0.293754
0.332095 0.293135
0.332194 0.293135
0.332293 0.293135
0.332392 0.293135
0.332491 0.293135
0.332590 0.293135
0.332689 0.293135
0.332788 0.293135
0.332887 0.293135
0.332986 0.293135
0.333085 0.293135
0.333185 0.292517
0.333284 0.291899
0.333383 0.291280
0.333482 0.291280
0.333581 0.291280
0.333680 0.291280
0.333779 0.291280
0.333878 0.291280
0.333977 0.290662
0.334076 0.290043
0.334175 0.289425
0.334274 0.289425
0.334373 0.289425
0.334472 0.289425
0.334571 0.289425
0.334670 0.289425
0.334769 0.288806
0.334868 0.288806
0.334968 0.288806
0.335067 0.288806
0.335166 0.288806
0.335265 0.288806
0.335364 0.288806
0.335463 0.288806
0.335562 0.288806
0.335661 0.288806
0.335760 0.288806
0.335859 0.288806
0.335958 0.288806
0.336057 0.288806
0.336156 0.288806
0.336255 0.288806
0.336354 0.288806
0.336453 0.288806
0.336552 0.288806
0.336651 0.288806
0.336751 0.288806
0.336850 0.288806
0.336949 0.288188
0.337048 0.288188
0.337147 0.288188
0.337246 0.288188
0.337345 0.288188
0.337444 0.288188
0.337543 0.288188
0.337642 0.288188
0.337741 0.288188
0.337840 0.288188
0.337939 0.288188
0.338038 0.288188
0.338137 0.287570
0.338236 0.287570
0.338335 0.287570
0.338434 0.287570
0.338534 0.287570
0.338633 0.287570
0.338732 0.287570
0.338831 0.287570
0.338930 0.287570
0.339029 0.287570
0.339128 0.287570
0.339227 0.287570
0.339326 0.287570
0.339425 0.287570
0.339524 0.287570
0.339623 0.287570
0.339722 0.286951
0.339821 0.286951
0.339920 0.286951
0.340019 0.286951
0.340118 0.286951
0.340217 0.286951
0.340317 0.286951
0.340416 0.286951
0.340515 0.286951
0.340614 0.286951
0.340713 0.286951
0.340812 0.286951
0.340911 0.286951
0.341010 0.286951
0.341109 0.286951
0.341208 0.286951
0.341307 0.286951
0.341406 0.286951
0.341505 0.286951
0.341604 0.286951
0.341703 0.286951
0.341802 0.286951
0.341901 0.286951
0.342000 0.286951
0.342100 0.286951
0.342199 0.286333
0.342298 0.286333
0.342397 0.286333
0.342496 0.286333
0.342595 0.286333
0.342694 0.286333
0.342793 0.286333
0.342892 0.286333
0.342991 0.286333
0.343090 0.286333
0.343189 0.286333
0.343288 0.286333
0.343387 0.286333
0.343486 0.286333
0.343585 0.286333
0.343684 0.285714
0.343783 0.285714
0.343883 0.285714
0.343982 0.285714
0.344081 0.285714
0.344180 0.285714
0.344279 0.285714
0.344378 0.285714
0.344477 0.285714
0.344576 0.285714
0.344675 0.285096
0.344774 0.285096
0.344873 0.285096
0.344972 0.285096
0.345071 0.285096
0.345170 0.285096
0.345269 0.285096
0.345368 0.285096
0.345467 0.285096
0.345567 0.285096
0.345666 0.285096
0.345765 0.285096
0.345864 0.285096
0.345963 0.284477
0.346062 0.283859
0.346161 0.283859
0.346260 0.283859
0.346359 0.283241
0.346458 0.283241
0.346557 0.283241
0.346656 0.283241
0.346755 0.283241
0.346854 0.283241
0.346953 0.283241
0.347052 0.282622
0.347151 0.282622
0.347250 0.282622
0.347350 0.282004
0.347449 0.282004
0.347548 0.282004
0.347647 0.282004
0.347746 0.282004
0.347845 0.282004
0.347944 0.281385
0.348043 0.281385
0.348142 0.281385
0.348241 0.281385
0.348340 0.281385
0.348439 0.281385
0.348538 0.281385
0.348637 0.280767
0.348736 0.280767
0.348835 0.280148
0.348934 0.280148
0.349033 0.280148
0.349133 0.280148
0.349232 0.280148
0.349331 0.280148
0.349430 0.280148
0.349529 0.280148
0.349628 0.280148
0.349727 0.280148
0.349826 0.280148
0.349925 0.280148
0.350024 0.280148
0.350123 0.280148
0.350222 0.280148
0.350321 0.280148
0.350420 0.279530
0.350519 0.279530
0.350618 0.278912
0.350717 0.278912
0.350816 0.278293
0.350916 0.278293
0.351015 0.278293
0.351114 0.278293
0.351213 0.277675
0.351312 0.277675
0.351411 0.277675
0.351510 0.277675
0.351609 0.277675
0.351708 0.277675
0.351807 0.277056
0.351906 0.277056
0.352005 0.277056
0.352104 0.277056
0.352203 0.277056
0.352302 0.277056
0.352401 0.276438
0.352500 0.276438
0.352599 0.276438
0.352699 0.276438
0.352798 0.276438
0.352897 0.276438
0.352996 0.276438
0.353095 0.276438
0.353194 0.276438
0.353293 0.276438
0.353392 0.276438
0.353491 0.276438
0.353590 0.275819
0.353689 0.275819
0.353788 0.275201
0.353887 0.275201
0.353986 0.275201
0.354085 0.275201
0.354184 0.275201
0.354283 0.275201
0.354382 0.274583
0.354482 0.274583
0.354581 0.274583
0.354680 0.274583
0.354779 0.274583
0.354878 0.274583
0.354977 0.274583
0.355076 0.274583
0.355175 0.273964
0.355274 0.273964
0.355373 0.273964
0.355472 0.273346
0.355571 0.273346
0.355670 0.273346
0.355769 0.273346
0.355868 0.273346
0.355967 0.273346
0.356066 0.273346
0.356165 0.273346
0.356265 0.273346
0.356364 0.273346
0.356463 0.272727
0.356562 0.272727
0.356661 0.272727
0.356760 0.272727
0.356859 0.272727
0.356958 0.272727
0.357057 0.272727
0.357156 0.272727
0.357255 0.272109
0.357354 0.272109
0.357453 0.271490
0.357552 0.271490
0.357651 0.271490
0.357750 0.271490
0.357849 0.270872
0.357948 0.270872
0.358048 0.270872
0.358147 0.270872
0.358246 0.270872
0.358345 0.270872
0.358444 0.270872
0.358543 0.270872
0.358642 0.270872
0.358741 0.270872
0.358840 0.270872
0.358939 0.270872
0.359038 0.270872
0.359137 0.270872
0.359236 0.270872
0.359335 0.270872
0.359434 0.270872
0.359533 0.270872
0.359632 0.270872
0.359732 0.270872
0.359831 0.270872
0.359930 0.270872
0.360029 0.270872
0.360128 0.270872
0.360227 0.270872
0.360326 0.270872
0.360425 0.270872
0.360524 0.270872
0.360623 0.270872
0.360722 0.270872
0.360821 0.270872
0.360920 0.270872
0.361019 0.270872
0.361118 0.270872
0.361217 0.270872
0.361316 0.270872
0.361415 0.270254
0.361515 0.270254
0.361614 0.270254
0.361713 0.269017
0.361812 0.269017
0.361911 0.269017
0.362010 0.269017
0.362109 0.269017
0.362208 0.269017
0.362307 0.269017
0.362406 0.269017
0.362505 0.269017
0.362604 0.269017
0.362703 0.268398
0.362802 0.267780
0.362901 0.267780
0.363000 0.267780
0.363099 0.267780
0.363198 0.267780
0.363298 0.267780
0.363397 0.267780
0.363496 0.267780
0.363595 0.267780
0.363694 0.267780
0.363793 0.267161
0.363892 0.267161
0.363991 0.267161
0.364090 0.267161
0.364189 0.265925
0.364288 0.265925
0.364387 0.265306
0.364486 0.265306
0.364585 0.264688
0.364684 0.264688
0.364783 0.264069
0.364882 0.264069
0.364981 0.263451
0.365081 0.262832
0.365180 0.262832
0.365279 0.262832
0.365378 0.262832
0.365477 0.262832
0.365576 0.262832
0.365675 0.262832
0.365774 0.262832
0.365873 0.262832
0.365972 0.262214
0.366071 0.262214
0.366170 0.262214
0.366269 0.262214
0.366368 0.262214
0.366467 0.262214
0.366566 0.262214
0.366665 0.262214
0.366764 0.262214
0.366864 0.262214
0.366963 0.261596
0.367062 0.261596
0.367161 0.260977
0.367260 0.260977
0.367359 0.260977
0.367458 0.260977
0.367557 0.260977
0.367656 0.260977
0.367755 0.260359
0.367854 0.260359
0.367953 0.259740
0.368052 0.259740
0.368151 0.259122
0.368250 0.259122
0.368349 0.259122
0.368448 0.259122
0.368547 0.258503
0.368647 0.258503
0.368746 0.258503
0.368845 0.258503
0.368944 0.257885
0.369043 0.257885
0.369142 0.257885
0.369241 0.257885
0.369340 0.257885
0.369439 0.257885
0.369538 0.257885
0.369637 0.257885
0.369736 0.257885
0.369835 0.257885
0.369934 0.257885
0.370033 0.257885
0.370132 0.257885
0.370231 0.257885
0.370330 0.257267
0.370430 0.257267
0.370529 0.257267
0.370628 0.257267
0.370727 0.257267
0.370826 0.257267
0.370925 0.257267
0.371024 0.257267
0.371123 0.257267
0.371222 0.256648
0.371321 0.256648
0.371420 0.256648
0.371519 0.256648
0.371618 0.256648
0.371717 0.256648
0.371816 0.256648
0.371915 0.256648
0.372014 0.256030
0.372114 0.255411
0.372213 0.255411
0.372312 0.255411
0.372411 0.255411
0.372510 0.255411
0.372609 0.255411
0.372708 0.255411
0.372807 0.255411
0.372906 0.255411
0.373005 0.254793
0.373104 0.254793
0.373203 0.254174
0.373302 0.254174
0.373401 0.254174
0.373500 0.254174
0.373599 0.254174
0.373698 0.253556
0.373797 0.253556
0.373897 0.253556
0.373996 0.253556
0.374095 0.253556
0.374194 0.253556
0.374293 0.253556
0.374392 0.253556
0.374491 0.253556
0.374590 0.253556
0.374689 0.253556
0.374788 0.253556
0.374887 0.253556
0.374986 0.253556
0.375085 0.252938
0.375184 0.252938
0.375283 0.252938
0.375382 0.252938
0.375481 0.252938
0.375580 0.252938
0.375680 0.252938
0.375779 0.252938
0.375878 0.252938
0.375977 0.252938
0.376076 0.252938
0.376175 0.252938
0.376274 0.252938
0.376373 0.252938
0.376472 0.252319
0.376571 0.252319
0.376670 0.252319
0.376769 0.252319
0.376868 0.252319
0.376967 0.252319
0.377066 0.252319
0.377165 0.251701
0.377264 0.251701
0.377363 0.251701
0.377463 0.251701
0.377562 0.251701
0.377661 0.251701
0.377760 0.251701
0.377859 0.251701
0.377958 0.251082
0.378057 0.251082
0.378156 0.251082
0.378255 0.251082
0.378354 0.250464
0.378453 0.250464
0.378552 0.250464
0.378651 0.249845
0.378750 0.249227
0.378849 0.249227
0.378948 0.249227
0.379047 0.249227
0.379146 0.248609
0.379246 0.248609
0.379345 0.248609
0.379444 0.248609
0.379543 0.248609
0.379642 0.248609
0.379741 0.248609
0.379840 0.247990
0.379939 0.247990
0.380038 0.247372
0.380137 0.247372
0.380236 0.247372
0.380335 0.247372
0.380434 0.247372
0.380533 0.247372
0.380632 0.247372
0.380731 0.247372
0.380830 0.247372
0.380929 0.247372
0.381029 0.247372
0.381128 0.247372
0.381227 0.247372
0.381326 0.247372
0.381425 0.247372
0.381524 0.247372
0.381623 0.247372
0.381722 0.247372
0.381821 0.246753
0.381920 0.246753
0.382019 0.246135
0.382118 0.246135
0.382217 0.246135
0.382316 0.246135
0.382415 0.246135
0.382514 0.246135
0.382613 0.245516
0.382712 0.245516
0.382812 0.245516
0.382911 0.245516
0.383010 0.245516
0.383109 0.245516
0.383208 0.245516
0.383307 0.245516
0.383406 0.245516
0.383505 0.245516
0.383604 0.244898
0.383703 0.244280
0.383802 0.244280
0.383901 0.244280
0.384000 0.244280
0.384099 0.244280
0.384198 0.244280
0.384297 0.244280
0.384396 0.244280
0.384495 0.244280
0.384595 0.244280
0.384694 0.244280
0.384793 0.243661
0.384892 0.243661
0.384991 0.243661
0.385090 0.243661
0.385189 0.243661
0.385288 0.243661
0.385387 0.243661
0.385486 0.243661
0.385585 0.243661
0.385684 0.243661
0.385783 0.243661
0.385882 0.243661
0.385981 0.243661
0.386080 0.243661
0.386179 0.243661
0.386279 0.243661
0.386378 0.243661
0.386477 0.243661
0.386576 0.243661
0.386675 0.243661
0.386774 0.243661
0.386873 0.243661
0.386972 0.243661
0.387071 0.243661
0.387170 0.243661
0.387269 0.243661
0.387368 0.243661
0.387467 0.243661
0.387566 0.243043
0.387665 0.243043
0.387764 0.242424
0.387863 0.242424
0.387962 0.242424
0.388062 0.242424
0.388161 0.241806
0.388260 0.241806
0.388359 0.241806
0.388458 0.241806
0.388557 0.241806
0.388656 0.241806
0.388755 0.241806
0.388854 0.241187
0.388953 0.241187
0.389052 0.240569
0.389151 0.240569
0.389250 0.240569
0.389349 0.239951
0.389448 0.239951
0.389547 0.239951
0.389646 0.239951
0.389745 0.239951
0.389845 0.239951
0.389944 0.239951
0.390043 0.239951
0.390142 0.239951
0.390241 0.239951
0.390340 0.239951
0.390439 0.239951
0.390538 0.239951
0.390637 0.239951
0.390736 0.239951
0.390835 0.239951
0.390934 0.239951
0.391033 0.239951
0.391132 0.239951
0.391231 0.239951
0.391330 0.239951
0.391429 0.239951
0.391528 0.239951
0.391628 0.239951
0.391727 0.239951
0.391826 0.239951
0.391925 0.239951
0.392024 0.239332
0.392123 0.239332
0.392222 0.238714
0.392321 0.238714
0.392420 0.238714
0.392519 0.238714
0.392618 0.238714
0.392717 0.238714
0.392816 0.238714
0.392915 0.238714
0.393014 0.238714
0.393113 0.238714
0.393212 0.238714
0.393311 0.238714
0.393411 0.238095
0.393510 0.238095
0.393609 0.238095
0.393708 0.238095
0.393807 0.238095
0.393906 0.238095
0.394005 0.238095
0.394104 0.238095
0.394203 0.237477
0.394302 0.237477
0.394401 0.237477
0.394500 0.237477
0.394599 0.237477
0.394698 0.237477
0.394797 0.237477
0.394896 0.236858
0.394995 0.236858
0.395094 0.236858
0.395194 0.236858
0.395293 0.236858
0.395392 0.236858
0.395491 0.236858
0.395590 0.236858
0.395689 0.236240
0.395788 0.236240
0.395887 0.236240
0.395986 0.236240
0.396085 0.236240
0.396184 0.236240
0.396283 0.236240
0.396382 0.236240
0.396481 0.236240
0.396580 0.236240
0.396679 0.236240
0.396778 0.236240
0.396877 0.236240
0.396977 0.236240
0.397076 0.236240
0.397175 0.236240
0.397274 0.236240
0.397373 0.236240
0.397472 0.236240
0.397571 0.236240
0.397670 0.236240
0.397769 0.236240
0.397868 0.236240
0.397967 0.235622
0.398066 0.235622
0.398165 0.235622
0.398264 0.234385
0.398363 0.233766
0.398462 0.233766
0.398561 0.233766
0.398660 0.233766
0.398760 0.233766
0.398859 0.233766
0.398958 0.233766
0.399057 0.233148
0.399156 0.233148
0.399255 0.233148
0.399354 0.233148
0.399453 0.232529
0.399552 0.232529
0.399651 0.232529
0.399750 0.232529
0.399849 0.232529
0.399948 0.232529
0.400047 0.232529
0.400146 0.232529
0.400245 0.232529
0.400344 0.232529
0.400444 0.232529
0.400543 0.232529
0.400642 0.232529
0.400741 0.232529
0.400840 0.232529
0.400939 0.232529
0.401038 0.232529
0.401137 0.232529
0.401236 0.232529
0.401335 0.232529
0.401434 0.232529
0.401533 0.232529
0.401632 0.232529
0.401731 0.232529
0.401830 0.231911
0.401929 0.231293
0.402028 0.231293
0.402127 0.231293
0.402227 0.231293
0.402326 0.231293
0.402425 0.230674
0.402524 0.230674
0.402623 0.230674
0.402722 0.230674
0.402821 0.230674
0.402920 0.230674
0.403019 0.230674
0.403118 0.230674
0.403217 0.230674
0.403316 0.230674
0.403415 0.230056
0.403514 0.230056
0.403613 0.230056
0.403712 0.230056
0.403811 0.230056
0.403910 0.230056
0.404010 0.230056
0.404109 0.230056
0.404208 0.230056
0.404307 0.230056
0.404406 0.230056
0.404505 0.230056
0.404604 0.230056
0.404703 0.230056
0.404802 0.230056
0.404901 0.230056
0.405000 0.230056
0.405099 0.230056
0.405198 0.230056
0.405297 0.230056
0.405396 0.229437
0.405495 0.229437
0.405594 0.229437
0.405693 0.229437
0.405793 0.229437
0.405892 0.229437
0.405991 0.229437
0.406090 0.229437
0.406189 0.229437
0.406288 0.229437
0.406387 0.229437
0.406486 0.229437
0.406585 0.229437
0.406684 0.229437
0.406783 0.229437
0.406882 0.229437
0.406981 0.229437
0.407080 0.229437
0.407179 0.229437
0.407278 0.229437
0.407377 0.229437
0.407476 0.229437
0.407576 0.229437
0.407675 0.229437
0.407774 0.229437
0.407873 0.229437
0.407972 0.229437
0.408071 0.229437
0.408170 0.228819
0.408269 0.228819
0.408368 0.228819
0.408467 0.228819
0.408566 0.228819
0.408665 0.228819
0.408764 0.228819
0.408863 0.228819
0.408962 0.228819
0.409061 0.228819
0.409160 0.228819
0.409259 0.228200
0.409359 0.228200
0.409458 0.228200
0.409557 0.228200
0.409656 0.228200
0.409755 0.228200
0.409854 0.228200
0.409953 0.228200
0.410052 0.228200
0.410151 0.228200
0.410250 0.227582
0.410349 0.227582
0.410448 0.227582
0.410547 0.227582
0.410646 0.227582
0.410745 0.227582
0.410844 0.227582
0.410943 0.227582
0.411042 0.227582
0.411142 0.227582
0.411241 0.226964
0.411340 0.226964
0.411439 0.226964
0.411538 0.226964
0.411637 0.226964
0.411736 0.226964
0.411835 0.226964
0.411934 0.226964
0.412033 0.226964
0.412132 0.226964
0.412231 0.226964
0.412330 0.226964
0.412429 0.226964
0.412528 0.226345
0.412627 0.226345
0.412726 0.226345
0.412826 0.226345
0.412925 0.226345
0.413024 0.226345
0.413123 0.226345
0.413222 0.226345
0.413321 0.226345
0.413420 0.226345
0.413519 0.226345
0.413618 0.225727
0.413717 0.225727
0.413816 0.225727
0.413915 0.225727
0.414014 0.225727
0.414113 0.225727
0.414212 0.225727
0.414311 0.225108
0.414410 0.225108
0.414509 0.225108
0.414609 0.225108
0.414708 0.225108
0.414807 0.225108
0.414906 0.225108
0.415005 0.225108
0.415104 0.225108
0.415203 0.225108
0.415302 0.225108
0.415401 0.225108
0.415500 0.225108
0.415599 0.225108
0.415698 0.224490
0.415797 0.224490
0.415896 0.224490
0.415995 0.224490
0.416094 0.224490
0.416193 0.223871
0.416292 0.223871
0.416392 0.223871
0.416491 0.223871
0.416590 0.223871
0.416689 0.223871
0.416788 0.223871
0.416887 0.223871
0.416986 0.223871
0.417085 0.223871
0.417184 0.223871
0.417283 0.223871
0.417382 0.223871
0.417481 0.223871
0.417580 0.223871
0.417679 0.223871
0.417778 0.223871
0.417877 0.223871
0.417976 0.223871
0.418075 0.223871
0.418175 0.223871
0.418274 0.223871
0.418373 0.223871
0.418472 0.223871
0.418571 0.223253
0.418670 0.223253
0.418769 0.223253
0.418868 0.223253
0.418967 0.223253
0.419066 0.223253
0.419165 0.223253
0.419264 0.223253
0.419363 0.223253
0.419462 0.223253
0.419561 0.223253
0.419660 0.223253
0.419759 0.223253
0.419858 0.223253
0.419958 0.223253
0.420057 0.223253
0.420156 0.222635
0.420255 0.222635
0.420354 0.222635
0.420453 0.222635
0.420552 0.222635
0.420651 0.222016
0.420750 0.222016
0.420849 0.222016
0.420948 0.222016
0.421047 0.222016
0.421146 0.222016
0.421245 0.222016
0.421344 0.221398
0.421443 0.221398
0.421542 0.221398
0.421641 0.221398
0.421741 0.221398
0.421840 0.221398
0.421939 0.221398
0.422038 0.221398
0.422137 0.221398
0.422236 0.221398
0.422335 0.221398
0.422434 0.221398
0.422533 0.221398
0.422632 0.221398
0.422731 0.221398
0.422830 0.221398
0.422929 0.221398
0.423028 0.221398
0.423127 0.221398
0.423226 0.221398
0.423325 0.221398
0.423424 0.221398
0.423524 0.221398
0.423623 0.221398
0.423722 0.221398
0.423821 0.221398
0.423920 0.221398
0.424019 0.221398
0.424118 0.221398
0.424217 0.221398
0.424316 0.221398
0.424415 0.221398
0.424514 0.220779
0.424613 0.220779
0.424712 0.220779
0.424811 0.220779
0.424910 0.220779
0.425009 0.220779
0.425108 0.220779
0.425207 0.220779
0.425307 0.220161
0.425406 0.220161
0.425505 0.220161
0.425604 0.219542
0.425703 0.219542
0.425802 0.219542
0.425901 0.219542
0.426000 0.219542
0.426099 0.219542
0.426198 0.219542
0.426297 0.219542
0.426396 0.218924
0.426495 0.218924
0.426594 0.218924
0.426693 0.218306
0.426792 0.218306
0.426891 0.218306
0.426991 0.218306
0.427090 0.218306
0.427189 0.218306
0.427288 0.218306
0.427387 0.218306
0.427486 0.218306
0.427585 0.218306
0.427684 0.217069
0.427783 0.217069
0.427882 0.217069
0.427981 0.217069
0.428080 0.217069
0.428179 0.217069
0.428278 0.217069
0.428377 0.217069
0.428476 0.217069
0.428575 0.217069
0.428674 0.217069
0.428774 0.217069
0.428873 0.217069
0.428972 0.217069
0.429071 0.216450
0.429170 0.216450
0.429269 0.216450
0.429368 0.216450
0.429467 0.216450
0.429566 0.216450
0.429665 0.216450
0.429764 0.216450
0.429863 0.216450
0.429962 0.215832
0.430061 0.215832
0.430160 0.215832
0.430259 0.215832
0.430358 0.215832
0.430457 0.215832
0.430557 0.215832
0.430656 0.215832
0.430755 0.215832
0.430854 0.215832
0.430953 0.215832
0.431052 0.215832
0.431151 0.215832
0.431250 0.215832
0.431349 0.215832
0.431448 0.215213
0.431547 0.215213
0.431646 0.215213
0.431745 0.214595
0.431844 0.214595
0.431943 0.214595
0.432042 0.214595
0.432141 0.214595
0.432240 0.214595
0.432340 0.214595
0.432439 0.214595
0.432538 0.214595
0.432637 0.214595
0.432736 0.214595
0.432835 0.214595
0.432934 0.214595
0.433033 0.213976
0.433132 0.213976
0.433231 0.213976
0.433330 0.213976
0.433429 0.213976
0.433528 0.213976
0.433627 0.213976
0.433726 0.213976
0.433825 0.213358
0.433924 0.213358
0.434023 0.213358
0.434123 0.213358
0.434222 0.213358
0.434321 0.213358
0.434420 0.213358
0.434519 0.213358
0.434618 0.213358
0.434717 0.213358
0.434816 0.212740
0.434915 0.212740
0.435014 0.212740
0.435113 0.212121
0.435212 0.211503
0.435311 0.211503
0.435410 0.211503
0.435509 0.210884
0.435608 0.210884
0.435707 0.210884
0.435806 0.210884
0.435906 0.210884
0.436005 0.210884
0.436104 0.210884
0.436203 0.210884
0.436302 0.210884
0.436401 0.210266
0.436500 0.209647
0.436599 0.209647
0.436698 0.209647
0.436797 0.209647
0.436896 0.209647
0.436995 0.209647
0.437094 0.209647
0.437193 0.209647
0.437292 0.209647
0.437391 0.209647
0.437490 0.209647
0.437589 0.209647
0.437689 0.209647
0.437788 0.209029
0.437887 0.209029
0.437986 0.208411
0.438085 0.208411
0.438184 0.208411
0.438283 0.208411
0.438382 0.208411
0.438481 0.208411
0.438580 0.208411
0.438679 0.208411
0.438778 0.207792
0.438877 0.207792
0.438976 0.207792
0.439075 0.207792
0.439174 0.207792
0.439273 0.207792
0.439372 0.207792
0.439472 0.207792
0.439571 0.207792
0.439670 0.207792
0.439769 0.207792
0.439868 0.207792
0.439967 0.207792
0.440066 0.207792
0.440165 0.207792
0.440264 0.207792
0.440363 0.207792
0.440462 0.207792
0.440561 0.207174
0.440660 0.207174
0.440759 0.207174
0.440858 0.207174
0.440957 0.206555
0.441056 0.206555
0.441156 0.206555
0.441255 0.206555
0.441354 0.206555
0.441453 0.206555
0.441552 0.206555
0.441651 0.205937
0.441750 0.205937
0.441849 0.205937
0.441948 0.205937
0.442047 0.205937
0.442146 0.205937
0.442245 0.205318
0.442344 0.205318
0.442443 0.205318
0.442542 0.204700
0.442641 0.204700
0.442740 0.204700
0.442839 0.204082
0.442939 0.204082
0.443038 0.204082
0.443137 0.204082
0.443236 0.204082
0.443335 0.204082
0.443434 0.204082
0.443533 0.204082
0.443632 0.204082
0.443731 0.204082
0.443830 0.203463
0.443929 0.203463
0.444028 0.203463
0.444127 0.203463
0.444226 0.203463
0.444325 0.202845
0.444424 0.202845
0.444523 0.202845
0.444622 0.202845
0.444722 0.202845
0.444821 0.202845
0.444920 0.202226
0.445019 0.202226
0.445118 0.202226
0.445217 0.202226
0.445316 0.201608
0.445415 0.200989
0.445514 0.200989
0.445613 0.200989
0.445712 0.200989
0.445811 0.200989
0.445910 0.200989
0.446009 0.200989
0.446108 0.200371
0.446207 0.200371
0.446306 0.200371
0.446405 0.200371
0.446505 0.200371
0.446604 0.200371
0.446703 0.200371
0.446802 0.199753
0.446901 0.199753
0.447000 0.199753
0.447099 0.199753
0.447198 0.199753
0.447297 0.199753
0.447396 0.199753
0.447495 0.199753
0.447594 0.199753
0.447693 0.199753
0.447792 0.199753
0.447891 0.199753
0.447990 0.199753
0.448089 0.199753
0.448188 0.199753
0.448288 0.199753
0.448387 0.199753
0.448486 0.199753
0.448585 0.199753
0.448684 0.199753
0.448783 0.199753
0.448882 0.199134
0.448981 0.199134
0.449080 0.199134
0.449179 0.199134
0.449278 0.199134
0.449377 0.199134
0.449476 0.199134
0.449575 0.199134
0.449674 0.199134
0.449773 0.199134
0.449872 0.199134
0.449971 0.199134
0.450071 0.199134
0.450170 0.199134
0.450269 0.198516
0.450368 0.198516
0.450467 0.198516
0.450566 0.198516
0.450665 0.198516
0.450764 0.198516
0.450863 0.198516
0.450962 0.198516
0.451061 0.198516
0.451160 0.198516
0.451259 0.197897
0.451358 0.197897
0.451457 0.197897
0.451556 0.197897
0.451655 0.197279
0.451754 0.197279
0.451854 0.197279
0.451953 0.197279
0.452052 0.197279
0.452151 0.197279
0.452250 0.197279
0.452349 0.197279
0.452448 0.197279
0.452547 0.197279
0.452646 0.197279
0.452745 0.197279
0.452844 0.196042
0.452943 0.196042
0.453042 0.196042
0.453141 0.196042
0.453240 0.196042
0.453339 0.196042
0.453438 0.196042
0.453537 0.196042
0.453637 0.196042
0.453736 0.196042
0.453835 0.196042
0.453934 0.196042
0.454033 0.196042
0.454132 0.196042
0.454231 0.196042
0.454330 0.196042
0.454429 0.196042
0.454528 0.196042
0.454627 0.195424
0.454726 0.195424
0.454825 0.195424
0.454924 0.195424
0.455023 0.195424
0.455122 0.195424
0.455221 0.195424
0.455321 0.195424
0.455420 0.195424
0.455519 0.195424
0.455618 0.195424
0.455717 0.195424
0.455816 0.195424
0.455915 0.195424
0.456014 0.195424
0.456113 0.195424
0.456212 0.195424
0.456311 0.195424
0.456410 0.195424
0.456509 0.194805
0.456608 0.194805
0.456707 0.194187
0.456806 0.193568
0.456905 0.193568
0.457004 0.193568
0.457104 0.193568
0.457203 0.193568
0.457302 0.193568
0.457401 0.193568
0.457500 0.193568
0.457599 0.193568
0.457698 0.193568
0.457797 0.193568
0.457896 0.193568
0.457995 0.193568
0.458094 0.193568
0.458193 0.192950
0.458292 0.192950
0.458391 0.192950
0.458490 0.192950
0.458589 0.192950
0.458688 0.192950
0.458787 0.192950
0.458887 0.192950
0.458986 0.192950
0.459085 0.192950
0.459184 0.192950
0.459283 0.192950
0.459382 0.192950
0.459481 0.192950
0.459580 0.192950
0.459679 0.192950
0.459778 0.192950
0.459877 0.192950
0.459976 0.192950
0.460075 0.192950
0.460174 0.192950
0.460273 0.192950
0.460372 0.192950
0.460471 0.192950
0.460570 0.192950
0.460670 0.192950
0.460769 0.192950
0.460868 0.192950
0.460967 0.192950
0.461066 0.192950
0.461165 0.192950
0.461264 0.192950
0.461363 0.192950
0.461462 0.192331
0.461561 0.192331
0.461660 0.192331
0.461759 0.191713
0.461858 0.191713
0.461957 0.191095
0.462056 0.191095
0.462155 0.191095
0.462254 0.191095
0.462353 0.191095
0.462453 0.191095
0.462552 0.191095
0.462651 0.191095
0.462750 0.191095
0.462849 0.191095
0.462948 0.191095
0.463047 0.191095
0.463146 0.191095
0.463245 0.191095
0.463344 0.191095
0.463443 0.191095
0.463542 0.191095
0.463641 0.191095
0.463740 0.191095
0.463839 0.190476
0.463938 0.190476
0.464037 0.190476
0.464136 0.190476
0.464236 0.190476
0.464335 0.190476
0.464434 0.190476
0.464533 0.189858
0.464632 0.189239
0.464731 0.189239
0.464830 0.189239
0.464929 0.189239
0.465028 0.189239
0.465127 0.189239
0.465226 0.189239
0.465325 0.189239
0.465424 0.189239
0.465523 0.189239
0.465622 0.189239
0.465721 0.189239
0.465820 0.189239
0.465919 0.188621
0.466019 0.188621
0.466118 0.188621
0.466217 0.188621
0.466316 0.188621
0.466415 0.188002
0.466514 0.188002
0.466613 0.188002
0.466712 0.188002
0.466811 0.188002
0.466910 0.188002
0.467009 0.188002
0.467108 0.188002
0.467207 0.188002
0.467306 0.188002
0.467405 0.188002
0.467504 0.188002
0.467603 0.188002
0.467703 0.188002
0.467802 0.188002
0.467901 0.187384
0.468000 0.186766
0.468099 0.186766
0.468198 0.186766
0.468297 0.186766
0.468396 0.186766
0.468495 0.186766
0.468594 0.186766
0.468693 0.186766
0.468792 0.186766
0.468891 0.186766
0.468990 0.186766
0.469089 0.186766
0.469188 0.186766
0.469287 0.186766
0.469386 0.186766
0.469486 0.186147
0.469585 0.186147
0.469684 0.186147
0.469783 0.186147
0.469882 0.186147
0.469981 0.185529
0.470080 0.185529
0.470179 0.185529
0.470278 0.185529
0.470377 0.185529
0.470476 0.185529
0.470575 0.185529
0.470674 0.185529
0.470773 0.185529
0.470872 0.185529
0.470971 0.185529
0.471070 0.185529
0.471169 0.184910
0.471269 0.184910
0.471368 0.184910
0.471467 0.184910
0.471566 0.184910
0.471665 0.184910
0.471764 0.184910
0.471863 0.184910
0.471962 0.184910
0.472061 0.184292
0.472160 0.184292
0.472259 0.184292
0.472358 0.184292
0.472457 0.184292
0.472556 0.184292
0.472655 0.183673
0.472754 0.183673
0.472853 0.183055
0.472952 0.183055
0.473052 0.183055
0.473151 0.183055
0.473250 0.183055
0.473349 0.183055
0.473448 0.183055
0.473547 0.183055
0.473646 0.182437
0.473745 0.182437
0.473844 0.182437
0.473943 0.182437
0.474042 0.182437
0.474141 0.182437
0.474240 0.182437
0.474339 0.182437
0.474438 0.182437
0.474537 0.182437
0.474636 0.182437
0.474735 0.181818
0.474835 0.181818
0.474934 0.181818
0.475033 0.181818
0.475132 0.181818
0.475231 0.181818
0.475330 0.181818
0.475429 0.181818
0.475528 0.181818
0.475627 0.181818
0.475726 0.181818
0.475825 0.181818
0.475924 0.181818
0.476023 0.181818
0.476122 0.181818
0.476221 0.181818
0.476320 0.181818
0.476419 0.181818
0.476518 0.181818
0.476618 0.181818
0.476717 0.181818
0.476816 0.181818
0.476915 0.181818
0.477014 0.181818
0.477113 0.181818
0.477212 0.181818
0.477311 0.181818
0.477410 0.181818
0.477509 0.181818
0.477608 0.181818
0.477707 0.181818
0.477806 0.181818
0.477905 0.181818
0.478004 0.181818
0.478103 0.181818
0.478202 0.181818
0.478301 0.181818
0.478401 0.181818
0.478500 0.181818
0.478599 0.181200
0.478698 0.181200
0.478797 0.181200
0.478896 0.181200
0.478995 0.181200
0.479094 0.181200
0.479193 0.181200
0.479292 0.181200
0.479391 0.181200
0.479490 0.180581
0.479589 0.180581
0.479688 0.179963
0.479787 0.179963
0.479886 0.179963
0.479985 0.179963
0.480084 0.179344
0.480184 0.178726
0.480283 0.178726
0.480382 0.178726
0.480481 0.178726
0.480580 0.178726
0.480679 0.178726
0.480778 0.178726
0.480877 0.178726
0.480976 0.178726
0.481075 0.178726
0.481174 0.178726
0.481273 0.178726
0.481372 0.178726
0.481471 0.178726
0.481570 0.178726
0.481669 0.178726
0.481768 0.178726
0.481868 0.177489
0.481967 0.177489
0.482066 0.176871
0.482165 0.176871
0.482264 0.176871
0.482363 0.176871
0.482462 0.176871
0.482561 0.176871
0.482660 0.176871
0.482759 0.176871
0.482858 0.176871
0.482957 0.176871
0.483056 0.176871
0.483155 0.176871
0.483254 0.176871
0.483353 0.176871
0.483452 0.176871
0.483551 0.176252
0.483651 0.176252
0.483750 0.176252
0.483849 0.176252
0.483948 0.176252
0.484047 0.176252
0.484146 0.176252
0.484245 0.175634
0.484344 0.175634
0.484443 0.175634
0.484542 0.175634
0.484641 0.175634
0.484740 0.175634
0.484839 0.175634
0.484938 0.175634
0.485037 0.175634
0.485136 0.175634
0.485235 0.175634
0.485334 0.175634
0.485434 0.175634
0.485533 0.175634
0.485632 0.175634
0.485731 0.175634
0.485830 0.175634
0.485929 0.175634
0.486028 0.175634
0.486127 0.175634
0.486226 0.175634
0.486325 0.175634
0.486424 0.175634
0.486523 0.175634
0.486622 0.175634
0.486721 0.175015
0.486820 0.175015
0.486919 0.175015
0.487018 0.175015
0.487117 0.175015
0.487217 0.175015
0.487316 0.175015
0.487415 0.175015
0.487514 0.174397
0.487613 0.174397
0.487712 0.174397
0.487811 0.174397
0.487910 0.174397
0.488009 0.174397
0.488108 0.174397
0.488207 0.174397
0.488306 0.173779
0.488405 0.172542
0.488504 0.172542
0.488603 0.172542
0.488702 0.172542
0.488801 0.171923
0.488900 0.171923
0.489000 0.171923
0.489099 0.171923
0.489198 0.171923
0.489297 0.171923
0.489396 0.171305
0.489495 0.171305
0.489594 0.171305
0.489693 0.171305
0.489792 0.171305
0.489891 0.171305
0.489990 0.170686
0.490089 0.170686
0.490188 0.170686
0.490287 0.170686
0.490386 0.170686
0.490485 0.170686
0.490584 0.170686
0.490683 0.170686
0.490783 0.170686
0.490882 0.170686
0.490981 0.170686
0.491080 0.170686
0.491179 0.170686
0.491278 0.170686
0.491377 0.170686
0.491476 0.170686
0.491575 0.170686
0.491674 0.170068
0.491773 0.170068
0.491872 0.170068
0.491971 0.170068
0.492070 0.170068
0.492169 0.169450
0.492268 0.169450
0.492367 0.168831
0.492466 0.168831
0.492566 0.168831
0.492665 0.168831
0.492764 0.168831
0.492863 0.168831
0.492962 0.168831
0.493061 0.168831
0.493160 0.168831
0.493259 0.168831
0.493358 0.168831
0.493457 0.168831
0.493556 0.168831
0.493655 0.168831
0.493754 0.168831
0.493853 0.168831
0.493952 0.168831
0.494051 0.168831
0.494150 0.168831
0.494249 0.168831
0.494349 0.168213
0.494448 0.168213
0.494547 0.168213
0.494646 0.168213
0.494745 0.168213
0.494844 0.168213
0.494943 0.167594
0.495042 0.167594
0.495141 0.167594
0.495240 0.167594
0.495339 0.166976
0.495438 0.166976
0.495537 0.166976
0.495636 0.166976
0.495735 0.166976
0.495834 0.166976
0.495933 0.166976
0.496033 0.166976
0.496132 0.166976
0.496231 0.166976
0.496330 0.166976
0.496429 0.166976
0.496528 0.166976
0.496627 0.166976
0.496726 0.166976
0.496825 0.166976
0.496924 0.166976
0.497023 0.166976
0.497122 0.166976
0.497221 0.166976
0.497320 0.166976
0.497419 0.166976
0.497518 0.166976
0.497617 0.166976
0.497716 0.166976
0.497816 0.166976
0.497915 0.166976
0.498014 0.166976
0.498113 0.166976
0.498212 0.166976
0.498311 0.166976
0.498410 0.166976
0.498509 0.166976
0.498608 0.166976
0.498707 0.166976
0.498806 0.166976
0.498905 0.166976
0.499004 0.166976
0.499103 0.166976
0.499202 0.166976
0.499301 0.166976
0.499400 0.166976
0.499499 0.166976
0.499599 0.166976
0.499698 0.166976
0.499797 0.166976
0.499896 0.166976
0.499995 0.166976
0.500094 0.166976
0.500193 0.166976
0.500292 0.166976
0.500391 0.166976
0.500490 0.166976
0.500589 0.166357
0.500688 0.166357
0.500787 0.166357
0.500886 0.166357
0.500985 0.166357
0.501084 0.166357
0.501183 0.166357
0.501282 0.166357
0.501382 0.166357
0.501481 0.166357
0.501580 0.166357
0.501679 0.166357
0.501778 0.166357
0.501877 0.165739
0.501976 0.165739
0.502075 0.165739
0.502174 0.165739
0.502273 0.165739
0.502372 0.165739
0.502471 0.165739
0.502570 0.165739
0.502669 0.165739
0.502768 0.165739
0.502867 0.165121
0.502966 0.165121
0.503065 0.165121
0.503165 0.165121
0.503264 0.165121
0.503363 0.165121
0.503462 0.165121
0.503561 0.165121
0.503660 0.165121
0.503759 0.165121
0.503858 0.165121
0.503957 0.165121
0.504056 0.165121
0.504155 0.165121
0.504254 0.165121
0.504353 0.165121
0.504452 0.165121
0.504551 0.165121
0.504650 0.165121
0.504749 0.165121
0.504848 0.165121
0.504948 0.165121
0.505047 0.163884
0.505146 0.163884
0.505245 0.163884
0.505344 0.163884
0.505443 0.163884
0.505542 0.163884
0.505641 0.163884
0.505740 0.163884
0.505839 0.163884
0.505938 0.163884
0.506037 0.163884
0.506136 0.163884
0.506235 0.163884
0.506334 0.163884
0.506433 0.163884
0.506532 0.163265
0.506631 0.163265
0.506731 0.163265
0.506830 0.163265
0.506929 0.163265
0.507028 0.162647
0.507127 0.162647
0.507226 0.162647
0.507325 0.162647
0.507424 0.162647
0.507523 0.162647
0.507622 0.162647
0.507721 0.162647
0.507820 0.162647
0.507919 0.162028
0.508018 0.162028
0.508117 0.162028
0.508216 0.162028
0.508315 0.162028
0.508415 0.162028
0.508514 0.161410
0.508613 0.161410
0.508712 0.161410
0.508811 0.161410
0.508910 0.161410
0.509009 0.161410
0.509108 0.161410
0.509207 0.161410
0.509306 0.161410
0.509405 0.161410
0.509504 0.161410
0.509603 0.161410
0.509702 0.161410
0.509801 0.160792
0.509900 0.160792
0.509999 0.160792
0.510098 0.160792
0.510198 0.160792
0.510297 0.160173
0.510396 0.160173
0.510495 0.160173
0.510594 0.160173
0.510693 0.160173
0.510792 0.160173
0.510891 0.160173
0.510990 0.160173
0.511089 0.160173
0.511188 0.159555
0.511287 0.159555
0.511386 0.159555
0.511485 0.159555
0.511584 0.159555
0.511683 0.159555
0.511782 0.159555
0.511881 0.159555
0.511981 0.159555
0.512080 0.159555
0.512179 0.159555
0.512278 0.159555
0.512377 0.159555
0.512476 0.159555
0.512575 0.159555
0.512674 0.159555
0.512773 0.159555
0.512872 0.159555
0.512971 0.159555
0.513070 0.159555
0.513169 0.158936
0.513268 0.158936
0.513367 0.158936
0.513466 0.158936
0.513565 0.158936
0.513664 0.158936
0.513764 0.158936
0.513863 0.158318
0.513962 0.158318
0.514061 0.157699
0.514160 0.157699
0.514259 0.157699
0.514358 0.157699
0.514457 0.157699
0.514556 0.157699
0.514655 0.157699
0.514754 0.157699
0.514853 0.157699
0.514952 0.157699
0.515051 0.157699
0.515150 0.157081
0.515249 0.157081
0.515348 0.157081
0.515447 0.157081
0.515547 0.157081
0.515646 0.157081
0.515745 0.157081
0.515844 0.157081
0.515943 0.157081
0.516042 0.157081
0.516141 0.157081
0.516240 0.157081
0.516339 0.157081
0.516438 0.157081
0.516537 0.157081
0.516636 0.157081
0.516735 0.157081
0.516834 0.157081
0.516933 0.156463
0.517032 0.156463
0.517131 0.156463
0.517230 0.156463
0.517330 0.156463
0.517429 0.156463
0.517528 0.156463
0.517627 0.156463
0.517726 0.156463
0.517825 0.156463
0.517924 0.156463
0.518023 0.156463
0.518122 0.156463
0.518221 0.156463
0.518320 0.155844
0.518419 0.155844
0.518518 0.155844
0.518617 0.155226
0.518716 0.155226
0.518815 0.155226
0.518914 0.155226
0.519013 0.154607
0.519113 0.154607
0.519212 0.154607
0.519311 0.154607
0.519410 0.154607
0.519509 0.154607
0.519608 0.154607
0.519707 0.154607
0.519806 0.154607
0.519905 0.154607
0.520004 0.154607
0.520103 0.154607
0.520202 0.154607
0.520301 0.154607
0.520400 0.154607
0.520499 0.153989
0.520598 0.153989
0.520697 0.153989
0.520796 0.153989
0.520896 0.153989
0.520995 0.153370
0.521094 0.153370
0.521193 0.153370
0.521292 0.153370
0.521391 0.153370
0.521490 0.153370
0.521589 0.153370
0.521688 0.153370
0.521787 0.153370
0.521886 0.153370
0.521985 0.153370
0.522084 0.153370
0.522183 0.153370
0.522282 0.153370
0.522381 0.153370
0.522480 0.153370
0.522580 0.153370
0.522679 0.153370
0.522778 0.153370
0.522877 0.153370
0.522976 0.152752
0.523075 0.152752
0.523174 0.152752
0.523273 0.152752
0.523372 0.152752
0.523471 0.152752
0.523570 0.152752
0.523669 0.152752
0.523768 0.152752
0.523867 0.152752
0.523966 0.152752
0.524065 0.152752
0.524164 0.152752
0.524263 0.152752
0.524363 0.152752
0.524462 0.152752
0.524561 0.152752
0.524660 0.152752
0.524759 0.152134
0.524858 0.152134
0.524957 0.152134
0.525056 0.152134
0.525155 0.152134
0.525254 0.152134
0.525353 0.152134
0.525452 0.152134
0.525551 0.152134
0.525650 0.152134
0.525749 0.152134
0.525848 0.152134
0.525947 0.152134
0.526046 0.152134
0.526146 0.152134
0.526245 0.152134
0.526344 0.151515
0.526443 0.151515
0.526542 0.151515
0.526641 0.151515
0.526740 0.151515
0.526839 0.151515
0.526938 0.151515
0.527037 0.151515
0.527136 0.151515
0.527235 0.151515
0.527334 0.151515
0.527433 0.151515
0.527532 0.151515
0.527631 0.151515
0.527730 0.151515
0.527829 0.151515
0.527929 0.151515
0.528028 0.151515
0.528127 0.151515
0.528226 0.151515
0.528325 0.150897
0.528424 0.150278
0.528523 0.150278
0.528622 0.149660
0.528721 0.149660
0.528820 0.149041
0.528919 0.148423
0.529018 0.148423
0.529117 0.148423
0.529216 0.148423
0.529315 0.148423
0.529414 0.148423
0.529513 0.148423
0.529612 0.148423
0.529712 0.148423
0.529811 0.148423
0.529910 0.148423
0.530009 0.148423
0.530108 0.148423
0.530207 0.148423
0.530306 0.148423
0.530405 0.148423
0.530504 0.147805
0.530603 0.147805
0.530702 0.147805
0.530801 0.147805
0.530900 0.147805
0.530999 0.147805
0.531098 0.147805
0.531197 0.147805
0.531296 0.147805
0.531395 0.147805
0.531495 0.147805
0.531594 0.147805
0.531693 0.147805
0.531792 0.147805
0.531891 0.147805
0.531990 0.147805
0.532089 0.147805
0.532188 0.147805
0.532287 0.147805
0.532386 0.147805
0.532485 0.147805
0.532584 0.147805
0.532683 0.147805
0.532782 0.147805
0.532881 0.147805
0.532980 0.147805
0.533079 0.147805
0.533178 0.147186
0.533278 0.147186
0.533377 0.147186
0.533476 0.147186
0.533575 0.146568
0.533674 0.146568
0.533773 0.146568
0.533872 0.146568
0.533971 0.146568
0.534070 0.146568
0.534169 0.146568
0.534268 0.146568
0.534367 0.145949
0.534466 0.145949
0.534565 0.145949
0.534664 0.145949
0.534763 0.145949
0.534862 0.145949
0.534961 0.145949
0.535061 0.145949
0.535160 0.145949
0.535259 0.145949
0.535358 0.145949
0.535457 0.145949
0.535556 0.145949
0.535655 0.145949
0.535754 0.145949
0.535853 0.145949
0.535952 0.145949
0.536051 0.145949
0.536150 0.145949
0.536249 0.145949
0.536348 0.145949
0.536447 0.145949
0.536546 0.145949
0.536645 0.145949
0.536745 0.145949
0.536844 0.145949
0.536943 0.145949
0.537042 0.145949
0.537141 0.145949
0.537240 0.145949
0.537339 0.145949
0.537438 0.145949
0.537537 0.145949
0.537636 0.145949
0.537735 0.145949
0.537834 0.145949
0.537933 0.145949
0.538032 0.145949
0.538131 0.145949
0.538230 0.145949
0.538329 0.145949
0.538428 0.145949
0.538528 0.145949
0.538627 0.145949
0.538726 0.145949
0.538825 0.145949
0.538924 0.145949
0.539023 0.145949
0.539122 0.145949
0.539221 0.145949
0.539320 0.145949
0.539419 0.145949
0.539518 0.145949
0.539617 0.145949
0.539716 0.145949
0.539815 0.145949
0.539914 0.145949
0.540013 0.145331
0.540112 0.144712
0.540211 0.144712
0.540311 0.144712
0.540410 0.144712
0.540509 0.144712
0.540608 0.144712
0.540707 0.144712
0.540806 0.144712
0.540905 0.144712
0.541004 0.144712
0.541103 0.144712
0.541202 0.144712
0.541301 0.144712
0.541400 0.144712
0.541499 0.144712
0.541598 0.144712
0.541697 0.144712
0.541796 0.144712
0.541895 0.144712
0.541994 0.144712
0.542094 0.144712
0.542193 0.144712
0.542292 0.144712
0.542391 0.144712
0.542490 0.144712
0.542589 0.144712
0.542688 0.144712
0.542787 0.144712
0.542886 0.143476
0.542985 0.143476
0.543084 0.143476
0.543183 0.143476
0.543282 0.143476
0.543381 0.143476
0.543480 0.143476
0.543579 0.143476
0.543678 0.143476
0.543777 0.143476
0.543877 0.142857
0.543976 0.142857
0.544075 0.142857
0.544174 0.142857
0.544273 0.142857
0.544372 0.142857
0.544471 0.142857
0.544570 0.142857
0.544669 0.142857
0.544768 0.142857
0.544867 0.142857
0.544966 0.142857
0.545065 0.142857
0.545164 0.142857
0.545263 0.142857
0.545362 0.142857
0.545461 0.142857
0.545560 0.142857
0.545660 0.142857
0.545759 0.142857
0.545858 0.142857
0.545957 0.142857
0.546056 0.142857
0.546155 0.142857
0.546254 0.142857
0.546353 0.142857
0.546452 0.142857
0.546551 0.142857
0.546650 0.142857
0.546749 0.142857
0.546848 0.142239
0.546947 0.142239
0.547046 0.142239
0.547145 0.142239
0.547244 0.142239
0.547343 0.142239
0.547443 0.142239
0.547542 0.142239
0.547641 0.142239
0.547740 0.142239
0.547839 0.141620
0.547938 0.141620
0.548037 0.141620
0.548136 0.141620
0.548235 0.141620
0.548334 0.141620
0.548433 0.141620
0.548532 0.141620
0.548631 0.141620
0.548730 0.141620
0.548829 0.141620
0.548928 0.141620
0.549027 0.141002
0.549127 0.141002
0.549226 0.141002
0.549325 0.140383
0.549424 0.140383
0.549523 0.140383
0.549622 0.140383
0.549721 0.140383
0.549820 0.140383
0.549919 0.140383
0.550018 0.140383
0.550117 0.139765
0.550216 0.139765
0.550315 0.139765
0.550414 0.139765
0.550513 0.139765
0.550612 0.139765
0.550711 0.139765
0.550810 0.139765
0.550910 0.139765
0.551009 0.139147
0.551108 0.139147
0.551207 0.139147
0.551306 0.139147
0.551405 0.139147
0.551504 0.139147
0.551603 0.139147
0.551702 0.139147
0.551801 0.139147
0.551900 0.139147
0.551999 0.139147
0.552098 0.139147
0.552197 0.139147
0.552296 0.139147
0.552395 0.139147
0.552494 0.139147
0.552593 0.139147
0.552693 0.139147
0.552792 0.139147
0.552891 0.139147
0.552990 0.139147
0.553089 0.137910
0.553188 0.137910
0.553287 0.137910
0.553386 0.137291
0.553485 0.136673
0.553584 0.136673
0.553683 0.136673
0.553782 0.136673
0.553881 0.136673
0.553980 0.136673
0.554079 0.136673
0.554178 0.136673
0.554277 0.136673
0.554376 0.136673
0.554476 0.136673
0.554575 0.136673
0.554674 0.136673
0.554773 0.136673
0.554872 0.136673
0.554971 0.136673
0.555070 0.136673
0.555169 0.136673
0.555268 0.136673
0.555367 0.136673
0.555466 0.136673
0.555565 0.136673
0.555664 0.136673
0.555763 0.136673
0.555862 0.136673
0.555961 0.136673
0.556060 0.136673
0.556159 0.136673
0.556259 0.136673
0.556358 0.136673
0.556457 0.136673
0.556556 0.136673
0.556655 0.136673
0.556754 0.136673
0.556853 0.136673
0.556952 0.136673
0.557051 0.136054
0.557150 0.136054
0.557249 0.136054
0.557348 0.136054
0.557447 0.136054
0.557546 0.136054
0.557645 0.136054
0.557744 0.136054
0.557843 0.136054
0.557942 0.136054
0.558042 0.136054
0.558141 0.135436
0.558240 0.134818
0.558339 0.134818
0.558438 0.134818
0.558537 0.134818
0.558636 0.134818
0.558735 0.134818
0.558834 0.134818
0.558933 0.134818
0.559032 0.134818
0.559131 0.134818
0.559230 0.134818
0.559329 0.134818
0.559428 0.134818
0.559527 0.134199
0.559626 0.134199
0.559725 0.134199
0.559825 0.134199
0.559924 0.134199
0.560023 0.134199
0.560122 0.134199
0.560221 0.134199
0.560320 0.134199
0.560419 0.133581
0.560518 0.133581
0.560617 0.133581
0.560716 0.133581
0.560815 0.133581
0.560914 0.133581
0.561013 0.133581
0.561112 0.133581
0.561211 0.133581
0.561310 0.133581
0.561409 0.133581
0.561508 0.133581
0.561608 0.133581
0.561707 0.133581
0.561806 0.133581
0.561905 0.133581
0.562004 0.133581
0.562103 0.133581
0.562202 0.133581
0.562301 0.133581
0.562400 0.133581
0.562499 0.133581
0.562598 0.133581
0.562697 0.133581
0.562796 0.133581
0.562895 0.133581
0.562994 0.133581
0.563093 0.132962
0.563192 0.132344
0.563292 0.132344
0.563391 0.132344
0.563490 0.132344
0.563589 0.132344
0.563688 0.132344
0.563787 0.132344
0.563886 0.132344
0.563985 0.132344
0.564084 0.132344
0.564183 0.131725
0.564282 0.131725
0.564381 0.131107
0.564480 0.131107
0.564579 0.130489
0.564678 0.129870
0.564777 0.129870
0.564876 0.129870
0.564975 0.129870
0.565075 0.129870
0.565174 0.129870
0.565273 0.129870
0.565372 0.129870
0.565471 0.129870
0.565570 0.129870
0.565669 0.129870
0.565768 0.129870
0.565867 0.129870
0.565966 0.129870
0.566065 0.129870
0.566164 0.129870
0.566263 0.129870
0.566362 0.129870
0.566461 0.129870
0.566560 0.129870
0.566659 0.129870
0.566758 0.129870
0.566858 0.128633
0.566957 0.128633
0.567056 0.128633
0.567155 0.128015
0.567254 0.128015
0.567353 0.128015
0.567452 0.128015
0.567551 0.128015
0.567650 0.128015
0.567749 0.128015
0.567848 0.128015
0.567947 0.128015
0.568046 0.128015
0.568145 0.128015
0.568244 0.128015
0.568343 0.128015
0.568442 0.128015
0.568541 0.128015
0.568641 0.128015
0.568740 0.128015
0.568839 0.128015
0.568938 0.128015
0.569037 0.128015
0.569136 0.128015
0.569235 0.128015
0.569334 0.128015
0.569433 0.128015
0.569532 0.128015
0.569631 0.128015
0.569730 0.128015
0.569829 0.128015
0.569928 0.128015
0.570027 0.128015
0.570126 0.128015
0.570225 0.128015
0.570324 0.128015
0.570424 0.128015
0.570523 0.128015
0.570622 0.128015
0.570721 0.128015
0.570820 0.128015
0.570919 0.128015
0.571018 0.128015
0.571117 0.128015
0.571216 0.128015
0.571315 0.128015
0.571414 0.128015
0.571513 0.128015
0.571612 0.128015
0.571711 0.128015
0.571810 0.128015
0.571909 0.128015
0.572008 0.128015
0.572107 0.128015
0.572207 0.128015
0.572306 0.128015
0.572405 0.127396
0.572504 0.127396
0.572603 0.127396
0.572702 0.127396
0.572801 0.127396
0.572900 0.126778
0.572999 0.126778
0.573098 0.126778
0.573197 0.126778
0.573296 0.126778
0.573395 0.126778
0.573494 0.126160
0.573593 0.126160
0.573692 0.126160
0.573791 0.126160
0.573890 0.126160
0.573990 0.126160
0.574089 0.126160
0.574188 0.126160
0.574287 0.126160
0.574386 0.126160
0.574485 0.126160
0.574584 0.126160
0.574683 0.126160
0.574782 0.126160
0.574881 0.126160
0.574980 0.126160
0.575079 0.126160
0.575178 0.126160
0.575277 0.126160
0.575376 0.126160
0.575475 0.126160
0.575574 0.125541
0.575673 0.125541
0.575773 0.125541
0.575872 0.125541
0.575971 0.124923
0.576070 0.124923
0.576169 0.124923
0.576268 0.124923
0.576367 0.124923
0.576466 0.124923
0.576565 0.124923
0.576664 0.124923
0.576763 0.124923
0.576862 0.124923
0.576961 0.124304
0.577060 0.124304
0.577159 0.124304
0.577258 0.124304
0.577357 0.123686
0.577457 0.123686
0.577556 0.123067
0.577655 0.123067
0.577754 0.123067
0.577853 0.123067
0.577952 0.123067
0.578051 0.123067
0.578150 0.123067
0.578249 0.123067
0.578348 0.122449
0.578447 0.122449
0.578546 0.122449
0.578645 0.122449
0.578744 0.122449
0.578843 0.122449
0.578942 0.122449
0.579041 0.122449
0.579140 0.122449
0.579240 0.122449
0.579339 0.122449
0.579438 0.122449
0.579537 0.122449
0.579636 0.122449
0.579735 0.122449
0.579834 0.122449
0.579933 0.122449
0.580032 0.122449
0.580131 0.122449
0.580230 0.121831
0.580329 0.121831
0.580428 0.121831
0.580527 0.121831
0.580626 0.121831
0.580725 0.121831
0.580824 0.121212
0.580923 0.121212
0.581023 0.121212
0.581122 0.121212
0.581221 0.121212
0.581320 0.121212
0.581419 0.121212
0.581518 0.121212
0.581617 0.121212
0.581716 0.121212
0.581815 0.121212
0.581914 0.121212
0.582013 0.121212
0.582112 0.121212
0.582211 0.121212
0.582310 0.121212
0.582409 0.121212
0.582508 0.121212
0.582607 0.121212
0.582706 0.121212
0.582806 0.121212
0.582905 0.121212
0.583004 0.121212
0.583103 0.121212
0.583202 0.121212
0.583301 0.121212
0.583400 0.121212
0.583499 0.121212
0.583598 0.121212
0.583697 0.121212
0.583796 0.121212
0.583895 0.121212
0.583994 0.121212
0.584093 0.121212
0.584192 0.121212
0.584291 0.121212
0.584390 0.121212
0.584489 0.121212
0.584589 0.121212
0.584688 0.121212
0.584787 0.121212
0.584886 0.121212
0.584985 0.121212
0.585084 0.121212
0.585183 0.121212
0.585282 0.121212
0.585381 0.121212
0.585480 0.121212
0.585579 0.121212
0.585678 0.121212
0.585777 0.121212
0.585876 0.121212
0.585975 0.121212
0.586074 0.121212
0.586173 0.121212
0.586272 0.121212
0.586372 0.121212
0.586471 0.121212
0.586570 0.121212
0.586669 0.121212
0.586768 0.121212
0.586867 0.121212
0.586966 0.121212
0.587065 0.121212
0.587164 0.121212
0.587263 0.121212
0.587362 0.121212
0.587461 0.120594
0.587560 0.120594
0.587659 0.120594
0.587758 0.120594
0.587857 0.120594
0.587956 0.120594
0.588055 0.120594
0.588155 0.120594
0.588254 0.120594
0.588353 0.120594
0.588452 0.120594
0.588551 0.120594
0.588650 0.120594
0.588749 0.120594
0.588848 0.120594
0.588947 0.120594
0.589046 0.120594
0.589145 0.120594
0.589244 0.119975
0.589343 0.119975
0.589442 0.119975
0.589541 0.119357
0.589640 0.119357
0.589739 0.119357
0.589839 0.119357
0.589938 0.119357
0.590037 0.119357
0.590136 0.119357
0.590235 0.119357
0.590334 0.118738
0.590433 0.118738
0.590532 0.118738
0.590631 0.118738
0.590730 0.118738
0.590829 0.118738
0.590928 0.118738
0.591027 0.118120
0.591126 0.118120
0.591225 0.118120
0.591324 0.118120
0.591423 0.118120
0.591522 0.118120
0.591622 0.118120
0.591721 0.118120
0.591820 0.118120
0.591919 0.118120
0.592018 0.118120
0.592117 0.118120
0.592216 0.118120
0.592315 0.117502
0.592414 0.117502
0.592513 0.117502
0.592612 0.117502
0.592711 0.117502
0.592810 0.117502
0.592909 0.117502
0.593008 0.117502
0.593107 0.117502
0.593206 0.117502
0.593305 0.117502
0.593405 0.117502
0.593504 0.117502
0.593603 0.117502
0.593702 0.117502
0.593801 0.117502
0.593900 0.117502
0.593999 0.116883
0.594098 0.116883
0.594197 0.116883
0.594296 0.116883
0.594395 0.116883
0.594494 0.116883
0.594593 0.116883
0.594692 0.116883
0.594791 0.116883
0.594890 0.116883
0.594989 0.116883
0.595088 0.116883
0.595188 0.116883
0.595287 0.116883
0.595386 0.116883
0.595485 0.116883
0.595584 0.116883
0.595683 0.116883
0.595782 0.116883
0.595881 0.116883
0.595980 0.116883
0.596079 0.116883
0.596178 0.116883
0.596277 0.116883
0.596376 0.116883
0.596475 0.116883
0.596574 0.116883
0.596673 0.116883
0.596772 0.116883
0.596871 0.116883
0.596971 0.116883
0.597070 0.116883
0.597169 0.116883
0.597268 0.116883
0.597367 0.116883
0.597466 0.116883
0.597565 0.116883
0.597664 0.116883
0.597763 0.116883
0.597862 0.116883
0.597961 0.116883
0.598060 0.116883
0.598159 0.116883
0.598258 0.116265
0.598357 0.116265
0.598456 0.116265
0.598555 0.116265
0.598654 0.115646
0.598754 0.115646
0.598853 0.115646
0.598952 0.115646
0.599051 0.115646
0.599150 0.115028
0.599249 0.115028
0.599348 0.115028
0.599447 0.115028
0.599546 0.115028
0.599645 0.115028
0.599744 0.115028
0.599843 0.115028
0.599942 0.115028
0.600041 0.114409
0.600140 0.114409
0.600239 0.114409
0.600338 0.114409
0.600437 0.114409
0.600537 0.114409
0.600636 0.114409
0.600735 0.114409
0.600834 0.114409
0.600933 0.114409
0.601032 0.114409
0.601131 0.114409
0.601230 0.113791
0.601329 0.113791
0.601428 0.113791
0.601527 0.113791
0.601626 0.113791
0.601725 0.113791
0.601824 0.113791
0.601923 0.113791
0.602022 0.113791
0.602121 0.113791
0.602220 0.113791
0.602320 0.113791
0.602419 0.113173
0.602518 0.113173
0.602617 0.113173
0.602716 0.113173
0.602815 0.113173
0.602914 0.113173
0.603013 0.113173
0.603112 0.113173
0.603211 0.113173
0.603310 0.113173
0.603409 0.113173
0.603508 0.113173
0.603607 0.113173
0.603706 0.113173
0.603805 0.113173
0.603904 0.113173
0.604004 0.113173
0.604103 0.113173
0.604202 0.113173
0.604301 0.111936
0.604400 0.111936
0.604499 0.111936
0.604598 0.111936
0.604697 0.111936
0.604796 0.111936
0.604895 0.111936
0.604994 0.111936
0.605093 0.111936
0.605192 0.111936
0.605291 0.111936
0.605390 0.111936
0.605489 0.111936
0.605588 0.111936
0.605687 0.111936
0.605787 0.111936
0.605886 0.111936
0.605985 0.111936
0.606084 0.111936
0.606183 0.111317
0.606282 0.111317
0.606381 0.111317
0.606480 0.111317
0.606579 0.111317
0.606678 0.111317
0.606777 0.110699
0.606876 0.110699
0.606975 0.110699
0.607074 0.110699
0.607173 0.110699
0.607272 0.110699
0.607371 0.110699
0.607470 0.110699
0.607570 0.110699
0.607669 0.110699
0.607768 0.110699
0.607867 0.110699
0.607966 0.110699
0.608065 0.110699
0.608164 0.110699
0.608263 0.110699
0.608362 0.110699
0.608461 0.110699
0.608560 0.110699
0.608659 0.110699
0.608758 0.110699
0.608857 0.110699
0.608956 0.110699
0.609055 0.110699
0.609154 0.110699
0.609253 0.110699
0.609353 0.110699
0.609452 0.110699
0.609551 0.110699
0.609650 0.110699
0.609749 0.110080
0.609848 0.110080
0.609947 0.110080
0.610046 0.110080
0.610145 0.109462
0.610244 0.108844
0.610343 0.108844
0.610442 0.108844
0.610541 0.108844
0.610640 0.108844
0.610739 0.108844
0.610838 0.108844
0.610937 0.108844
0.611036 0.108225
0.611136 0.108225
0.611235 0.108225
0.611334 0.108225
0.611433 0.108225
0.611532 0.108225
0.611631 0.108225
0.611730 0.108225
0.611829 0.108225
0.611928 0.108225
0.612027 0.108225
0.612126 0.108225
0.612225 0.108225
0.612324 0.108225
0.612423 0.108225
0.612522 0.108225
0.612621 0.108225
0.612720 0.108225
0.612819 0.108225
0.612919 0.107607
0.613018 0.107607
0.613117 0.107607
0.613216 0.107607
0.613315 0.107607
0.613414 0.107607
0.613513 0.107607
0.613612 0.107607
0.613711 0.107607
0.613810 0.107607
0.613909 0.106988
0.614008 0.106988
0.614107 0.106988
0.614206 0.106988
0.614305 0.106988
0.614404 0.106988
0.614503 0.106988
0.614602 0.106988
0.614702 0.106988
0.614801 0.106988
0.614900 0.106988
0.614999 0.106988
0.615098 0.106370
0.615197 0.106370
0.615296 0.106370
0.615395 0.106370
0.615494 0.106370
0.615593 0.106370
0.615692 0.106370
0.615791 0.106370
0.615890 0.106370
0.615989 0.105751
0.616088 0.105751
0.616187 0.105133
0.616286 0.105133
0.616385 0.105133
0.616485 0.105133
0.616584 0.105133
0.616683 0.105133
0.616782 0.105133
0.616881 0.105133
0.616980 0.105133
0.617079 0.105133
0.617178 0.105133
0.617277 0.105133
0.617376 0.105133
0.617475 0.104515
0.617574 0.104515
0.617673 0.104515
0.617772 0.104515
0.617871 0.104515
0.617970 0.104515
0.618069 0.104515
0.618169 0.104515
0.618268 0.104515
0.618367 0.104515
0.618466 0.104515
0.618565 0.104515
0.618664 0.103896
0.618763 0.103896
0.618862 0.103278
0.618961 0.103278
0.619060 0.102659
0.619159 0.102659
0.619258 0.102659
0.619357 0.102659
0.619456 0.102659
0.619555 0.102041
0.619654 0.102041
0.619753 0.102041
0.619852 0.102041
0.619952 0.102041
0.620051 0.102041
0.620150 0.102041
0.620249 0.102041
0.620348 0.102041
0.620447 0.102041
0.620546 0.102041
0.620645 0.102041
0.620744 0.102041
0.620843 0.102041
0.620942 0.102041
0.621041 0.102041
0.621140 0.102041
0.621239 0.102041
0.621338 0.102041
0.621437 0.101422
0.621536 0.101422
0.621635 0.101422
0.621735 0.101422
0.621834 0.101422
0.621933 0.101422
0.622032 0.101422
0.622131 0.101422
0.622230 0.100804
0.622329 0.100804
0.622428 0.100804
0.622527 0.100804
0.622626 0.100804
0.622725 0.100804
0.622824 0.100804
0.622923 0.100804
0.623022 0.100804
0.623121 0.100804
0.623220 0.100804
0.623319 0.100804
0.623418 0.100804
0.623518 0.100186
0.623617 0.099567
0.623716 0.099567
0.623815 0.099567
0.623914 0.099567
0.624013 0.098949
0.624112 0.098949
0.624211 0.098949
0.624310 0.098949
0.624409 0.098949
0.624508 0.098949
0.624607 0.098949
0.624706 0.098949
0.624805 0.098949
0.624904 0.098949
0.625003 0.098949
0.625102 0.098949
0.625201 0.098949
0.625301 0.098949
0.625400 0.098949
0.625499 0.098949
0.625598 0.098949
0.625697 0.098949
0.625796 0.098949
0.625895 0.098949
0.625994 0.098330
0.626093 0.098330
0.626192 0.098330
0.626291 0.098330
0.626390 0.098330
0.626489 0.098330
0.626588 0.097712
0.626687 0.097712
0.626786 0.097712
0.626885 0.097712
0.626984 0.097712
0.627084 0.097712
0.627183 0.097712
0.627282 0.097712
0.627381 0.097712
0.627480 0.097712
0.627579 0.097712
0.627678 0.097712
0.627777 0.097712
0.627876 0.097712
0.627975 0.097712
0.628074 0.097712
0.628173 0.097712
0.628272 0.097712
0.628371 0.097712
0.628470 0.097712
0.628569 0.097712
0.628668 0.097093
0.628767 0.097093
0.628867 0.097093
0.628966 0.097093
0.629065 0.097093
0.629164 0.097093
0.629263 0.097093
0.629362 0.097093
0.629461 0.097093
0.629560 0.097093
0.629659 0.096475
0.629758 0.096475
0.629857 0.096475
0.629956 0.096475
0.630055 0.096475
0.630154 0.096475
0.630253 0.096475
0.630352 0.096475
0.630451 0.096475
0.630551 0.096475
0.630650 0.096475
0.630749 0.096475
0.630848 0.096475
0.630947 0.095857
0.631046 0.095857
0.631145 0.095857
0.631244 0.095857
0.631343 0.095857
0.631442 0.095857
0.631541 0.095857
0.631640 0.095857
0.631739 0.095857
0.631838 0.095857
0.631937 0.095857
0.632036 0.095857
0.632135 0.095238
0.632234 0.095238
0.632334 0.095238
0.632433 0.095238
0.632532 0.095238
0.632631 0.095238
0.632730 0.095238
0.632829 0.095238
0.632928 0.095238
0.633027 0.095238
0.633126 0.095238
0.633225 0.095238
0.633324 0.095238
0.633423 0.095238
0.633522 0.095238
0.633621 0.095238
0.633720 0.095238
0.633819 0.095238
0.633918 0.094620
0.634017 0.094620
0.634117 0.094620
0.634216 0.094620
0.634315 0.094001
0.634414 0.094001
0.634513 0.094001
0.634612 0.094001
0.634711 0.094001
0.634810 0.094001
0.634909 0.094001
0.635008 0.094001
0.635107 0.094001
0.635206 0.092764
0.635305 0.092764
0.635404 0.092764
0.635503 0.092764
0.635602 0.092764
0.635701 0.092764
0.635800 0.092764
0.635900 0.092764
0.635999 0.092146
0.636098 0.092146
0.636197 0.092146
0.636296 0.092146
0.636395 0.092146
0.636494 0.092146
0.636593 0.092146
0.636692 0.092146
0.636791 0.092146
0.636890 0.092146
0.636989 0.092146
0.637088 0.092146
0.637187 0.092146
0.637286 0.092146
0.637385 0.092146
0.637484 0.092146
0.637583 0.092146
0.637683 0.092146
0.637782 0.091528
0.637881 0.091528
0.637980 0.090909
0.638079 0.090909
0.638178 0.090909
0.638277 0.090909
0.638376 0.090909
0.638475 0.090909
0.638574 0.090909
0.638673 0.090909
0.638772 0.090909
0.638871 0.090909
0.638970 0.090909
0.639069 0.090909
0.639168 0.090909
0.639267 0.090909
0.639366 0.090909
0.639466 0.090909
0.639565 0.090909
0.639664 0.090909
0.639763 0.090909
0.639862 0.090909
0.639961 0.090909
0.640060 0.090909
0.640159 0.090909
0.640258 0.090909
0.640357 0.090909
0.640456 0.090909
0.640555 0.090909
0.640654 0.090291
0.640753 0.090291
0.640852 0.090291
0.640951 0.089672
0.641050 0.089672
0.641149 0.089054
0.641249 0.089054
0.641348 0.087817
0.641447 0.087817
0.641546 0.087817
0.641645 0.087817
0.641744 0.087817
0.641843 0.087199
0.641942 0.087199
0.642041 0.087199
0.642140 0.087199
0.642239 0.087199
0.642338 0.087199
0.642437 0.087199
0.642536 0.087199
0.642635 0.087199
0.642734 0.087199
0.642833 0.087199
0.642932 0.087199
0.643032 0.087199
0.643131 0.087199
0.643230 0.087199
0.643329 0.087199
0.643428 0.087199
0.643527 0.087199
0.643626 0.087199
0.643725 0.086580
0.643824 0.086580
0.643923 0.086580
0.644022 0.086580
0.644121 0.086580
0.644220 0.086580
0.644319 0.086580
0.644418 0.086580
0.644517 0.086580
0.644616 0.086580
0.644716 0.086580
0.644815 0.086580
0.644914 0.086580
0.645013 0.086580
0.645112 0.086580
0.645211 0.086580
0.645310 0.085962
0.645409 0.085962
0.645508 0.085962
0.645607 0.085962
0.645706 0.085962
0.645805 0.085962
0.645904 0.085962
0.646003 0.085962
0.646102 0.085962
0.646201 0.085962
0.646300 0.085962
0.646399 0.085962
0.646499 0.085343
0.646598 0.085343
0.646697 0.085343
0.646796 0.085343
0.646895 0.085343
0.646994 0.085343
0.647093 0.085343
0.647192 0.085343
0.647291 0.085343
0.647390 0.085343
0.647489 0.085343
0.647588 0.085343
0.647687 0.085343
0.647786 0.085343
0.647885 0.084725
0.647984 0.084725
0.648083 0.084725
0.648182 0.084725
0.648282 0.084725
0.648381 0.084725
0.648480 0.084725
0.648579 0.084725
0.648678 0.084725
0.648777 0.084725
0.648876 0.084725
0.648975 0.084725
0.649074 0.084725
0.649173 0.084725
0.649272 0.084725
0.649371 0.084106
0.649470 0.084106
0.649569 0.084106
0.649668 0.084106
0.649767 0.084106
0.649866 0.084106
0.649965 0.084106
0.650065 0.084106
0.650164 0.083488
0.650263 0.083488
0.650362 0.083488
0.650461 0.083488
0.650560 0.083488
0.650659 0.083488
0.650758 0.083488
0.650857 0.083488
0.650956 0.083488
0.651055 0.083488
0.651154 0.083488
0.651253 0.083488
0.651352 0.083488
0.651451 0.083488
0.651550 0.083488
0.651649 0.083488
0.651748 0.083488
0.651848 0.083488
0.651947 0.083488
0.652046 0.083488
0.652145 0.083488
0.652244 0.083488
0.652343 0.083488
0.652442 0.083488
0.652541 0.083488
0.652640 0.083488
0.652739 0.083488
0.652838 0.083488
0.652937 0.083488
0.653036 0.083488
0.653135 0.083488
0.653234 0.083488
0.653333 0.083488
0.653432 0.083488
0.653531 0.083488
0.653631 0.083488
0.653730 0.083488
0.653829 0.083488
0.653928 0.083488
0.654027 0.082870
0.654126 0.082251
0.654225 0.082251
0.654324 0.081633
0.654423 0.081633
0.654522 0.081633
0.654621 0.081633
0.654720 0.081633
0.654819 0.081633
0.654918 0.081633
0.655017 0.081633
0.655116 0.081633
0.655215 0.081633
0.655314 0.081633
0.655414 0.081633
0.655513 0.081633
0.655612 0.081633
0.655711 0.081633
0.655810 0.081633
0.655909 0.081633
0.656008 0.081633
0.656107 0.081633
0.656206 0.081633
0.656305 0.081633
0.656404 0.081633
0.656503 0.081633
0.656602 0.081633
0.656701 0.081633
0.656800 0.081633
0.656899 0.081633
0.656998 0.081633
0.657097 0.081633
0.657197 0.081633
0.657296 0.081633
0.657395 0.081633
0.657494 0.081633
0.657593 0.081633
0.657692 0.081633
0.657791 0.081633
0.657890 0.081633
0.657989 0.081633
0.658088 0.081014
0.658187 0.081014
0.658286 0.081014
0.658385 0.081014
0.658484 0.081014
0.658583 0.081014
0.658682 0.081014
0.658781 0.081014
0.658881 0.081014
0.658980 0.081014
0.659079 0.081014
0.659178 0.081014
0.659277 0.081014
0.659376 0.081014
0.659475 0.081014
0.659574 0.081014
0.659673 0.081014
0.659772 0.081014
0.659871 0.081014
0.659970 0.081014
0.660069 0.081014
0.660168 0.081014
0.660267 0.081014
0.660366 0.081014
0.660465 0.081014
0.660564 0.080396
0.660664 0.080396
0.660763 0.080396
0.660862 0.080396
0.660961 0.080396
0.661060 0.080396
0.661159 0.080396
0.661258 0.080396
0.661357 0.080396
0.661456 0.080396
0.661555 0.080396
0.661654 0.080396
0.661753 0.080396
0.661852 0.080396
0.661951 0.080396
0.662050 0.080396
0.662149 0.080396
0.662248 0.080396
0.662347 0.080396
0.662447 0.080396
0.662546 0.080396
0.662645 0.080396
0.662744 0.080396
0.662843 0.080396
0.662942 0.080396
0.663041 0.080396
0.663140 0.080396
0.663239 0.080396
0.663338 0.080396
0.663437 0.080396
0.663536 0.080396
0.663635 0.080396
0.663734 0.080396
0.663833 0.080396
0.663932 0.079777
0.664031 0.079777
0.664130 0.079777
0.664230 0.079777
0.664329 0.079777
0.664428 0.079777
0.664527 0.079777
0.664626 0.079777
0.664725 0.079777
0.664824 0.079777
0.664923 0.079777
0.665022 0.079159
0.665121 0.079159
0.665220 0.079159
0.665319 0.079159
0.665418 0.079159
0.665517 0.079159
0.665616 0.079159
0.665715 0.079159
0.665814 0.079159
0.665913 0.079159
0.666013 0.079159
0.666112 0.079159
0.666211 0.079159
0.666310 0.078541
0.666409 0.078541
0.666508 0.078541
0.666607 0.078541
0.666706 0.078541
0.666805 0.078541
0.666904 0.078541
0.667003 0.078541
0.667102 0.078541
0.667201 0.078541
0.667300 0.078541
0.667399 0.078541
0.667498 0.078541
0.667597 0.078541
0.667696 0.078541
0.667796 0.078541
0.667895 0.078541
0.667994 0.078541
0.668093 0.078541
0.668192 0.078541
0.668291 0.078541
0.668390 0.077922
0.668489 0.077304
0.668588 0.077304
0.668687 0.077304
0.668786 0.077304
0.668885 0.077304
0.668984 0.077304
0.669083 0.076685
0.669182 0.076685
0.669281 0.076685
0.669380 0.076685
0.669479 0.076685
0.669579 0.076685
0.669678 0.076067
0.669777 0.076067
0.669876 0.076067
0.669975 0.076067
0.670074 0.076067
0.670173 0.076067
0.670272 0.076067
0.670371 0.076067
0.670470 0.076067
0.670569 0.076067
0.670668 0.076067
0.670767 0.075448
0.670866 0.075448
0.670965 0.075448
0.671064 0.075448
0.671163 0.075448
0.671263 0.075448
0.671362 0.074830
0.671461 0.074830
0.671560 0.074212
0.671659 0.074212
0.671758 0.074212
0.671857 0.074212
0.671956 0.073593
0.672055 0.073593
0.672154 0.073593
0.672253 0.073593
0.672352 0.073593
0.672451 0.073593
0.672550 0.073593
0.672649 0.073593
0.672748 0.073593
0.672847 0.073593
0.672946 0.073593
0.673046 0.073593
0.673145 0.073593
0.673244 0.073593
0.673343 0.073593
0.673442 0.073593
0.673541 0.073593
0.673640 0.073593
0.673739 0.073593
0.673838 0.073593
0.673937 0.073593
0.674036 0.072975
0.674135 0.072975
0.674234 0.072975
0.674333 0.072975
0.674432 0.072975
0.674531 0.072975
0.674630 0.072975
0.674729 0.072975
0.674829 0.072975
0.674928 0.072975
0.675027 0.072975
0.675126 0.072975
0.675225 0.072975
0.675324 0.072975
0.675423 0.072975
0.675522 0.072975
0.675621 0.072975
0.675720 0.072975
0.675819 0.072975
0.675918 0.072975
0.676017 0.072975
0.676116 0.072975
0.676215 0.072975
0.676314 0.072975
0.676413 0.072975
0.676512 0.072975
0.676612 0.072975
0.676711 0.072975
0.676810 0.072975
0.676909 0.072975
0.677008 0.072975
0.677107 0.072975
0.677206 0.072975
0.677305 0.072975
0.677404 0.072975
0.677503 0.072975
0.677602 0.072975
0.677701 0.072975
0.677800 0.072975
0.677899 0.072975
0.677998 0.072975
0.678097 0.072975
0.678196 0.072975
0.678295 0.072975
0.678395 0.072975
0.678494 0.072975
0.678593 0.072356
0.678692 0.072356
0.678791 0.072356
0.678890 0.072356
0.678989 0.072356
0.679088 0.072356
0.679187 0.072356
0.679286 0.072356
0.679385 0.072356
0.679484 0.072356
0.679583 0.072356
0.679682 0.072356
0.679781 0.072356
0.679880 0.072356
0.679979 0.072356
0.680078 0.072356
0.680178 0.072356
0.680277 0.072356
0.680376 0.072356
0.680475 0.072356
0.680574 0.072356
0.680673 0.072356
0.680772 0.072356
0.680871 0.072356
0.680970 0.072356
0.681069 0.072356
0.681168 0.072356
0.681267 0.072356
0.681366 0.072356
0.681465 0.072356
0.681564 0.072356
0.681663 0.072356
0.681762 0.072356
0.681861 0.072356
0.681961 0.072356
0.682060 0.072356
0.682159 0.072356
0.682258 0.072356
0.682357 0.072356
0.682456 0.072356
0.682555 0.072356
0.682654 0.072356
0.682753 0.072356
0.682852 0.072356
0.682951 0.072356
0.683050 0.072356
0.683149 0.072356
0.683248 0.072356
0.683347 0.072356
0.683446 0.072356
0.683545 0.072356
0.683644 0.072356
0.683744 0.072356
0.683843 0.072356
0.683942 0.072356
0.684041 0.071738
0.684140 0.071738
0.684239 0.071738
0.684338 0.071738
0.684437 0.071738
0.684536 0.071738
0.684635 0.071738
0.684734 0.071738
0.684833 0.071738
0.684932 0.071738
0.685031 0.071738
0.685130 0.071738
0.685229 0.071738
0.685328 0.071738
0.685428 0.071738
0.685527 0.071738
0.685626 0.071738
0.685725 0.071738
0.685824 0.071738
0.685923 0.071738
0.686022 0.071738
0.686121 0.071738
0.686220 0.071738
0.686319 0.071119
0.686418 0.071119
0.686517 0.071119
0.686616 0.071119
0.686715 0.071119
0.686814 0.071119
0.686913 0.071119
0.687012 0.071119
0.687111 0.070501
0.687211 0.070501
0.687310 0.070501
0.687409 0.070501
0.687508 0.070501
0.687607 0.070501
0.687706 0.070501
0.687805 0.070501
0.687904 0.069882
0.688003 0.069882
0.688102 0.069882
0.688201 0.069882
0.688300 0.069882
0.688399 0.069882
0.688498 0.069882
0.688597 0.069882
0.688696 0.069882
0.688795 0.069882
0.688894 0.069882
0.688994 0.069882
0.689093 0.069882
0.689192 0.069882
0.689291 0.069882
0.689390 0.069264
0.689489 0.069264
0.689588 0.069264
0.689687 0.069264
0.689786 0.069264
0.689885 0.069264
0.689984 0.069264
0.690083 0.069264
0.690182 0.069264
0.690281 0.069264
0.690380 0.069264
0.690479 0.069264
0.690578 0.069264
0.690677 0.069264
0.690777 0.068646
0.690876 0.068646
0.690975 0.068646
0.691074 0.068646
0.691173 0.068646
0.691272 0.068027
0.691371 0.068027
0.691470 0.068027
0.691569 0.068027
0.691668 0.068027
0.691767 0.068027
0.691866 0.068027
0.691965 0.067409
0.692064 0.067409
0.692163 0.067409
0.692262 0.067409
0.692361 0.067409
0.692460 0.067409
0.692560 0.067409
0.692659 0.067409
0.692758 0.067409
0.692857 0.066790
0.692956 0.066790
0.693055 0.066790
0.693154 0.066790
0.693253 0.066790
0.693352 0.066790
0.693451 0.066172
0.693550 0.066172
0.693649 0.066172
0.693748 0.066172
0.693847 0.066172
0.693946 0.066172
0.694045 0.066172
0.694144 0.066172
0.694243 0.066172
0.694343 0.066172
0.694442 0.066172
0.694541 0.066172
0.694640 0.066172
0.694739 0.066172
0.694838 0.066172
0.694937 0.066172
0.695036 0.065553
0.695135 0.065553
0.695234 0.065553
0.695333 0.065553
0.695432 0.065553
0.695531 0.065553
0.695630 0.065553
0.695729 0.065553
0.695828 0.064935
0.695927 0.064935
0.696026 0.064935
0.696126 0.064935
0.696225 0.064935
0.696324 0.064935
0.696423 0.064935
0.696522 0.064935
0.696621 0.064935
0.696720 0.064935
0.696819 0.064935
0.696918 0.064935
0.697017 0.064935
0.697116 0.064935
0.697215 0.064935
0.697314 0.064935
0.697413 0.064935
0.697512 0.064935
0.697611 0.064935
0.697710 0.064935
0.697809 0.064935
0.697909 0.064935
0.698008 0.064935
0.698107 0.064935
0.698206 0.064935
0.698305 0.064935
0.698404 0.064935
0.698503 0.064935
0.698602 0.064935
0.698701 0.064317
0.698800 0.064317
0.698899 0.064317
0.698998 0.064317
0.699097 0.064317
0.699196 0.064317
0.699295 0.064317
0.699394 0.064317
0.699493 0.064317
0.699593 0.064317
0.699692 0.064317
0.699791 0.064317
0.699890 0.064317
0.699989 0.064317
0.700088 0.064317
0.700187 0.064317
0.700286 0.064317
0.700385 0.064317
0.700484 0.064317
0.700583 0.064317
0.700682 0.064317
0.700781 0.064317
0.700880 0.064317
0.700979 0.064317
0.701078 0.064317
0.701177 0.064317
0.701276 0.064317
0.701376 0.064317
0.701475 0.064317
0.701574 0.064317
0.701673 0.064317
0.701772 0.064317
0.701871 0.064317
0.701970 0.064317
0.702069 0.064317
0.702168 0.064317
0.702267 0.064317
0.702366 0.064317
0.702465 0.064317
0.702564 0.064317
0.702663 0.064317
0.702762 0.064317
0.702861 0.064317
0.702960 0.064317
0.703059 0.064317
0.703159 0.064317
0.703258 0.064317
0.703357 0.064317
0.703456 0.064317
0.703555 0.064317
0.703654 0.064317
0.703753 0.064317
0.703852 0.064317
0.703951 0.064317
0.704050 0.064317
0.704149 0.064317
0.704248 0.064317
0.704347 0.064317
0.704446 0.064317
0.704545 0.064317
0.704644 0.064317
0.704743 0.064317
0.704842 0.063698
0.704942 0.063698
0.705041 0.063698
0.705140 0.063698
0.705239 0.063698
0.705338 0.063698
0.705437 0.063698
0.705536 0.063698
0.705635 0.063698
0.705734 0.063698
0.705833 0.063698
0.705932 0.063080
0.706031 0.063080
0.706130 0.063080
0.706229 0.063080
0.706328 0.063080
0.706427 0.063080
0.706526 0.063080
0.706625 0.063080
0.706725 0.063080
0.706824 0.063080
0.706923 0.063080
0.707022 0.063080
0.707121 0.063080
0.707220 0.063080
0.707319 0.063080
0.707418 0.063080
0.707517 0.063080
0.707616 0.063080
0.707715 0.063080
0.707814 0.063080
0.707913 0.063080
0.708012 0.063080
0.708111 0.063080
0.708210 0.063080
0.708309 0.062461
0.708408 0.062461
0.708508 0.062461
0.708607 0.062461
0.708706 0.062461
0.708805 0.062461
0.708904 0.062461
0.709003 0.062461
0.709102 0.062461
0.709201 0.061843
0.709300 0.061843
0.709399 0.061843
0.709498 0.061224
0.709597 0.061224
0.709696 0.061224
0.709795 0.061224
0.709894 0.061224
0.709993 0.061224
0.710092 0.061224
0.710191 0.061224
0.710291 0.061224
0.710390 0.061224
0.710489 0.061224
0.710588 0.061224
0.710687 0.061224
0.710786 0.061224
0.710885 0.061224
0.710984 0.061224
0.711083 0.061224
0.711182 0.060606
0.711281 0.060606
0.711380 0.059988
0.711479 0.059988
0.711578 0.059988
0.711677 0.059369
0.711776 0.059369
0.711875 0.059369
0.711974 0.059369
0.712074 0.059369
0.712173 0.059369
0.712272 0.058751
0.712371 0.058751
0.712470 0.058751
0.712569 0.058751
0.712668 0.058132
0.712767 0.058132
0.712866 0.058132
0.712965 0.057514
0.713064 0.057514
0.713163 0.057514
0.713262 0.057514
0.713361 0.057514
0.713460 0.057514
0.713559 0.057514
0.713658 0.057514
0.713758 0.057514
0.713857 0.057514
0.713956 0.057514
0.714055 0.057514
0.714154 0.057514
0.714253 0.057514
0.714352 0.057514
0.714451 0.057514
0.714550 0.057514
0.714649 0.057514
0.714748 0.057514
0.714847 0.057514
0.714946 0.057514
0.715045 0.057514
0.715144 0.057514
0.715243 0.057514
0.715342 0.057514
0.715441 0.057514
0.715541 0.056895
0.715640 0.056895
0.715739 0.056895
0.715838 0.056895
0.715937 0.056895
0.716036 0.056895
0.716135 0.056277
0.716234 0.056277
0.716333 0.056277
0.716432 0.056277
0.716531 0.056277
0.716630 0.056277
0.716729 0.056277
0.716828 0.055659
0.716927 0.055659
0.717026 0.055659
0.717125 0.055659
0.717224 0.055659
0.717324 0.055659
0.717423 0.055659
0.717522 0.055659
0.717621 0.055659
0.717720 0.055040
0.717819 0.055040
0.717918 0.055040
0.718017 0.054422
0.718116 0.054422
0.718215 0.054422
0.718314 0.054422
0.718413 0.054422
0.718512 0.054422
0.718611 0.054422
0.718710 0.054422
0.718809 0.054422
0.718908 0.054422
0.719007 0.054422
0.719107 0.054422
0.719206 0.054422
0.719305 0.054422
0.719404 0.054422
0.719503 0.054422
0.719602 0.054422
0.719701 0.054422
0.719800 0.054422
0.719899 0.054422
0.719998 0.054422
0.720097 0.054422
0.720196 0.054422
0.720295 0.054422
0.720394 0.054422
0.720493 0.054422
0.720592 0.054422
0.720691 0.054422
0.720790 0.054422
0.720890 0.054422
0.720989 0.054422
0.721088 0.054422
0.721187 0.054422
0.721286 0.054422
0.721385 0.053803
0.721484 0.053803
0.721583 0.053803
0.721682 0.053803
0.721781 0.053803
0.721880 0.052566
0.721979 0.052566
0.722078 0.052566
0.722177 0.052566
0.722276 0.052566
0.722375 0.052566
0.722474 0.052566
0.722573 0.052566
0.722673 0.052566
0.722772 0.052566
0.722871 0.051948
0.722970 0.051948
0.723069 0.051948
0.723168 0.051948
0.723267 0.051948
0.723366 0.051948
0.723465 0.051948
0.723564 0.051948
0.723663 0.051948
0.723762 0.051948
0.723861 0.051330
0.723960 0.051330
0.724059 0.051330
0.724158 0.051330
0.724257 0.051330
0.724356 0.051330
0.724456 0.050711
0.724555 0.050711
0.724654 0.050711
0.724753 0.050711
0.724852 0.050711
0.724951 0.050093
0.725050 0.050093
0.725149 0.050093
0.725248 0.050093
0.725347 0.050093
0.725446 0.050093
0.725545 0.050093
0.725644 0.049474
0.725743 0.049474
0.725842 0.049474
0.725941 0.049474
0.726040 0.049474
0.726140 0.049474
0.726239 0.049474
0.726338 0.049474
0.726437 0.049474
0.726536 0.049474
0.726635 0.049474
0.726734 0.049474
0.726833 0.049474
0.726932 0.049474
0.727031 0.049474
0.727130 0.049474
0.727229 0.049474
0.727328 0.049474
0.727427 0.049474
0.727526 0.049474
0.727625 0.048856
0.727724 0.048856
0.727823 0.048856
0.727923 0.048856
0.728022 0.048856
0.728121 0.048856
0.728220 0.048856
0.728319 0.048856
0.728418 0.048856
0.728517 0.048237
0.728616 0.048237
0.728715 0.048237
0.728814 0.048237
0.728913 0.048237
0.729012 0.048237
0.729111 0.048237
0.729210 0.048237
0.729309 0.048237
0.729408 0.048237
0.729507 0.048237
0.729606 0.048237
0.729706 0.048237
0.729805 0.048237
0.729904 0.048237
0.730003 0.048237
0.730102 0.048237
0.730201 0.048237
0.730300 0.048237
0.730399 0.048237
0.730498 0.048237
0.730597 0.048237
0.730696 0.048237
0.730795 0.048237
0.730894 0.048237
0.730993 0.048237
0.731092 0.048237
0.731191 0.048237
0.731290 0.048237
0.731389 0.048237
0.731489 0.048237
0.731588 0.048237
0.731687 0.048237
0.731786 0.048237
0.731885 0.048237
0.731984 0.048237
0.732083 0.048237
0.732182 0.048237
0.732281 0.048237
0.732380 0.048237
0.732479 0.048237
0.732578 0.048237
0.732677 0.048237
0.732776 0.048237
0.732875 0.048237
0.732974 0.048237
0.733073 0.048237
0.733172 0.048237
0.733272 0.047619
0.733371 0.047619
0.733470 0.047619
0.733569 0.047619
0.733668 0.047619
0.733767 0.047619
0.733866 0.047619
0.733965 0.047619
0.734064 0.047619
0.734163 0.047619
0.734262 0.047619
0.734361 0.047619
0.734460 0.047619
0.734559 0.047619
0.734658 0.047619
0.734757 0.047619
0.734856 0.047619
0.734955 0.047619
0.735055 0.047619
0.735154 0.047619
0.735253 0.047619
0.735352 0.047619
0.735451 0.047619
0.735550 0.047001
0.735649 0.047001
0.735748 0.047001
0.735847 0.047001
0.735946 0.047001
0.736045 0.047001
0.736144 0.047001
0.736243 0.047001
0.736342 0.047001
0.736441 0.047001
0.736540 0.047001
0.736639 0.047001
0.736738 0.047001
0.736838 0.047001
0.736937 0.047001
0.737036 0.046382
0.737135 0.046382
0.737234 0.046382
0.737333 0.046382
0.737432 0.046382
0.737531 0.046382
0.737630 0.046382
0.737729 0.046382
0.737828 0.046382
0.737927 0.046382
0.738026 0.046382
0.738125 0.046382
0.738224 0.046382
0.738323 0.046382
0.738422 0.046382
0.738521 0.046382
0.738621 0.046382
0.738720 0.046382
0.738819 0.046382
0.738918 0.046382
0.739017 0.046382
0.739116 0.046382
0.739215 0.046382
0.739314 0.046382
0.739413 0.046382
0.739512 0.046382
0.739611 0.046382
0.739710 0.046382
0.739809 0.046382
0.739908 0.046382
0.740007 0.046382
0.740106 0.045764
0.740205 0.045764
0.740305 0.045764
0.740404 0.045764
0.740503 0.045764
0.740602 0.045145
0.740701 0.045145
0.740800 0.045145
0.740899 0.045145
0.740998 0.045145
0.741097 0.045145
0.741196 0.045145
0.741295 0.045145
0.741394 0.045145
0.741493 0.045145
0.741592 0.045145
0.741691 0.045145
0.741790 0.045145
0.741889 0.045145
0.741988 0.045145
0.742088 0.045145
0.742187 0.045145
0.742286 0.045145
0.742385 0.045145
0.742484 0.045145
0.742583 0.045145
0.742682 0.044527
0.742781 0.044527
0.742880 0.044527
0.742979 0.044527
0.743078 0.044527
0.743177 0.044527
0.743276 0.044527
0.743375 0.044527
0.743474 0.044527
0.743573 0.044527
0.743672 0.044527
0.743771 0.044527
0.743871 0.044527
0.743970 0.044527
0.744069 0.044527
0.744168 0.044527
0.744267 0.044527
0.744366 0.044527
0.744465 0.044527
0.744564 0.044527
0.744663 0.044527
0.744762 0.044527
0.744861 0.044527
0.744960 0.044527
0.745059 0.044527
0.745158 0.044527
0.745257 0.044527
0.745356 0.044527
0.745455 0.044527
0.745554 0.044527
0.745654 0.044527
0.745753 0.044527
0.745852 0.044527
0.745951 0.044527
0.746050 0.044527
0.746149 0.044527
0.746248 0.044527
0.746347 0.044527
0.746446 0.044527
0.746545 0.044527
0.746644 0.044527
0.746743 0.044527
0.746842 0.044527
0.746941 0.044527
0.747040 0.044527
0.747139 0.044527
0.747238 0.044527
0.747337 0.044527
0.747437 0.044527
0.747536 0.043908
0.747635 0.043290
0.747734 0.043290
0.747833 0.043290
0.747932 0.043290
0.748031 0.043290
0.748130 0.043290
0.748229 0.043290
0.748328 0.043290
0.748427 0.043290
0.748526 0.043290
0.748625 0.043290
0.748724 0.043290
0.748823 0.043290
0.748922 0.043290
0.749021 0.043290
0.749120 0.042672
0.749220 0.042672
0.749319 0.042672
0.749418 0.042672
0.749517 0.042672
0.749616 0.042672
0.749715 0.042672
0.749814 0.042672
0.749913 0.042672
0.750012 0.042672
0.750111 0.042672
0.750210 0.042672
0.750309 0.042672
0.750408 0.042672
0.750507 0.042672
0.750606 0.042672
0.750705 0.042672
0.750804 0.042672
0.750903 0.042672
0.751003 0.042672
0.751102 0.042672
0.751201 0.042672
0.751300 0.042672
0.751399 0.042672
0.751498 0.042672
0.751597 0.042672
0.751696 0.042672
0.751795 0.042672
0.751894 0.042672
0.751993 0.042672
0.752092 0.042672
0.752191 0.042053
0.752290 0.042053
0.752389 0.042053
0.752488 0.042053
0.752587 0.042053
0.752686 0.042053
0.752786 0.042053
0.752885 0.042053
0.752984 0.042053
0.753083 0.042053
0.753182 0.042053
0.753281 0.042053
0.753380 0.042053
0.753479 0.042053
0.753578 0.042053
0.753677 0.042053
0.753776 0.042053
0.753875 0.042053
0.753974 0.042053
0.754073 0.042053
0.754172 0.042053
0.754271 0.042053
0.754370 0.042053
0.754470 0.042053
0.754569 0.042053
0.754668 0.042053
0.754767 0.042053
0.754866 0.042053
0.754965 0.042053
0.755064 0.042053
0.755163 0.042053
0.755262 0.042053
0.755361 0.042053
0.755460 0.042053
0.755559 0.042053
0.755658 0.042053
0.755757 0.042053
0.755856 0.042053
0.755955 0.042053
0.756054 0.042053
0.756153 0.042053
0.756253 0.042053
0.756352 0.042053
0.756451 0.042053
0.756550 0.042053
0.756649 0.042053
0.756748 0.042053
0.756847 0.042053
0.756946 0.042053
0.757045 0.042053
0.757144 0.041435
0.757243 0.041435
0.757342 0.041435
0.757441 0.041435
0.757540 0.041435
0.757639 0.041435
0.757738 0.041435
0.757837 0.041435
0.757936 0.041435
0.758036 0.041435
0.758135 0.041435
0.758234 0.041435
0.758333 0.041435
0.758432 0.041435
0.758531 0.041435
0.758630 0.041435
0.758729 0.041435
0.758828 0.041435
0.758927 0.041435
0.759026 0.041435
0.759125 0.041435
0.759224 0.041435
0.759323 0.041435
0.759422 0.041435
0.759521 0.041435
0.759620 0.041435
0.759719 0.041435
0.759819 0.041435
0.759918 0.040816
0.760017 0.040816
0.760116 0.040816
0.760215 0.040816
0.760314 0.040816
0.760413 0.040816
0.760512 0.040816
0.760611 0.040816
0.760710 0.040816
0.760809 0.040816
0.760908 0.040816
0.761007 0.040816
0.761106 0.040816
0.761205 0.040816
0.761304 0.040816
0.761403 0.040816
0.761502 0.040816
0.761602 0.040816
0.761701 0.040816
0.761800 0.040816
0.761899 0.040816
0.761998 0.040816
0.762097 0.040816
0.762196 0.040816
0.762295 0.040816
0.762394 0.040816
0.762493 0.040816
0.762592 0.040816
0.762691 0.040816
0.762790 0.040816
0.762889 0.040816
0.762988 0.040816
0.763087 0.040816
0.763186 0.040816
0.763285 0.040816
0.763385 0.040198
0.763484 0.040198
0.763583 0.040198
0.763682 0.040198
0.763781 0.040198
0.763880 0.040198
0.763979 0.040198
0.764078 0.040198
0.764177 0.040198
0.764276 0.040198
0.764375 0.040198
0.764474 0.040198
0.764573 0.040198
0.764672 0.039579
0.764771 0.039579
0.764870 0.039579
0.764969 0.039579
0.765068 0.039579
0.765168 0.039579
0.765267 0.039579
0.765366 0.039579
0.765465 0.039579
0.765564 0.039579
0.765663 0.039579
0.765762 0.039579
0.765861 0.039579
0.765960 0.039579
0.766059 0.039579
0.766158 0.039579
0.766257 0.039579
0.766356 0.038961
0.766455 0.038961
0.766554 0.038961
0.766653 0.038961
0.766752 0.038961
0.766852 0.038961
0.766951 0.038961
0.767050 0.038961
0.767149 0.038961
0.767248 0.038961
0.767347 0.038961
0.767446 0.038961
0.767545 0.038961
0.767644 0.038961
0.767743 0.038961
0.767842 0.038961
0.767941 0.038961
0.768040 0.038961
0.768139 0.038961
0.768238 0.038961
0.768337 0.038961
0.768436 0.038961
0.768535 0.038961
0.768635 0.038961
0.768734 0.038961
0.768833 0.038961
0.768932 0.038961
0.769031 0.038961
0.769130 0.038961
0.769229 0.038961
0.769328 0.038961
0.769427 0.038961
0.769526 0.038961
0.769625 0.038961
0.769724 0.038961
0.769823 0.038961
0.769922 0.038961
0.770021 0.038961
0.770120 0.038961
0.770219 0.038961
0.770318 0.038961
0.770418 0.038961
0.770517 0.038961
0.770616 0.038343
0.770715 0.038343
0.770814 0.038343
0.770913 0.038343
0.771012 0.038343
0.771111 0.038343
0.771210 0.038343
0.771309 0.038343
0.771408 0.038343
0.771507 0.038343
0.771606 0.038343
0.771705 0.038343
0.771804 0.038343
0.771903 0.038343
0.772002 0.038343
0.772101 0.038343
0.772201 0.038343
0.772300 0.038343
0.772399 0.038343
0.772498 0.038343
0.772597 0.038343
0.772696 0.038343
0.772795 0.038343
0.772894 0.038343
0.772993 0.038343
0.773092 0.038343
0.773191 0.038343
0.773290 0.038343
0.773389 0.037724
0.773488 0.037724
0.773587 0.037724
0.773686 0.037724
0.773785 0.037724
0.773884 0.037724
0.773984 0.037724
0.774083 0.037724
0.774182 0.037724
0.774281 0.037724
0.774380 0.037724
0.774479 0.037724
0.774578 0.037724
0.774677 0.037724
0.774776 0.037724
0.774875 0.037724
0.774974 0.037724
0.775073 0.037724
0.775172 0.037724
0.775271 0.037724
0.775370 0.037724
0.775469 0.037724
0.775568 0.037724
0.775667 0.037724
0.775767 0.037724
0.775866 0.037724
0.775965 0.037724
0.776064 0.037724
0.776163 0.037724
0.776262 0.037724
0.776361 0.037724
0.776460 0.037724
0.776559 0.037724
0.776658 0.037724
0.776757 0.037724
0.776856 0.037724
0.776955 0.037724
0.777054 0.037724
0.777153 0.037724
0.777252 0.037724
0.777351 0.037724
0.777450 0.037724
0.777550 0.037724
0.777649 0.037724
0.777748 0.037724
0.777847 0.037724
0.777946 0.037724
0.778045 0.037106
0.778144 0.037106
0.778243 0.037106
0.778342 0.037106
0.778441 0.037106
0.778540 0.037106
0.778639 0.037106
0.778738 0.037106
0.778837 0.037106
0.778936 0.037106
0.779035 0.037106
0.779134 0.037106
0.779233 0.037106
0.779333 0.037106
0.779432 0.037106
0.779531 0.037106
0.779630 0.037106
0.779729 0.037106
0.779828 0.037106
0.779927 0.037106
0.780026 0.036487
0.780125 0.036487
0.780224 0.036487
0.780323 0.036487
0.780422 0.036487
0.780521 0.036487
0.780620 0.036487
0.780719 0.035869
0.780818 0.035869
0.780917 0.035869
0.781017 0.035869
0.781116 0.035869
0.781215 0.035869
0.781314 0.035869
0.781413 0.035869
0.781512 0.035869
0.781611 0.035869
0.781710 0.035869
0.781809 0.035869
0.781908 0.035869
0.782007 0.035869
0.782106 0.035869
0.782205 0.035869
0.782304 0.035869
0.782403 0.035869
0.782502 0.035869
0.782601 0.035250
0.782700 0.035250
0.782800 0.035250
0.782899 0.035250
0.782998 0.035250
0.783097 0.035250
0.783196 0.035250
0.783295 0.035250
0.783394 0.035250
0.783493 0.035250
0.783592 0.035250
0.783691 0.034632
0.783790 0.034632
0.783889 0.034632
0.783988 0.034632
0.784087 0.034632
0.784186 0.034632
0.784285 0.034632
0.784384 0.034632
0.784483 0.034632
0.784583 0.034632
0.784682 0.034632
0.784781 0.034632
0.784880 0.034014
0.784979 0.034014
0.785078 0.033395
0.785177 0.033395
0.785276 0.032777
0.785375 0.032777
0.785474 0.032777
0.785573 0.032777
0.785672 0.032777
0.785771 0.032777
0.785870 0.032777
0.785969 0.032777
0.786068 0.032777
0.786167 0.032777
0.786266 0.032777
0.786366 0.032777
0.786465 0.032777
0.786564 0.032777
0.786663 0.032777
0.786762 0.032777
0.786861 0.032777
0.786960 0.032777
0.787059 0.032777
0.787158 0.032777
0.787257 0.032777
0.787356 0.032777
0.787455 0.032777
0.787554 0.032158
0.787653 0.032158
0.787752 0.032158
0.787851 0.032158
0.787950 0.032158
0.788049 0.032158
0.788149 0.032158
0.788248 0.032158
0.788347 0.032158
0.788446 0.032158
0.788545 0.032158
0.788644 0.032158
0.788743 0.032158
0.788842 0.032158
0.788941 0.032158
0.789040 0.032158
0.789139 0.032158
0.789238 0.032158
0.789337 0.032158
0.789436 0.032158
0.789535 0.032158
0.789634 0.032158
0.789733 0.032158
0.789832 0.032158
0.789932 0.032158
0.790031 0.032158
0.790130 0.032158
0.790229 0.032158
0.790328 0.032158
0.790427 0.032158
0.790526 0.032158
0.790625 0.032158
0.790724 0.032158
0.790823 0.031540
0.790922 0.031540
0.791021 0.031540
0.791120 0.031540
0.791219 0.031540
0.791318 0.031540
0.791417 0.031540
0.791516 0.031540
0.791615 0.031540
0.791715 0.031540
0.791814 0.031540
0.791913 0.031540
0.792012 0.031540
0.792111 0.031540
0.792210 0.031540
0.792309 0.031540
0.792408 0.031540
0.792507 0.030921
0.792606 0.030921
0.792705 0.030303
0.792804 0.030303
0.792903 0.030303
0.793002 0.030303
0.793101 0.030303
0.793200 0.030303
0.793299 0.030303
0.793398 0.030303
0.793498 0.030303
0.793597 0.029685
0.793696 0.029685
0.793795 0.029685
0.793894 0.029685
0.793993 0.029685
0.794092 0.029066
0.794191 0.029066
0.794290 0.029066
0.794389 0.029066
0.794488 0.029066
0.794587 0.029066
0.794686 0.029066
0.794785 0.029066
0.794884 0.029066
0.794983 0.029066
0.795082 0.029066
0.795182 0.029066
0.795281 0.029066
0.795380 0.029066
0.795479 0.029066
0.795578 0.028448
0.795677 0.028448
0.795776 0.028448
0.795875 0.028448
0.795974 0.028448
0.796073 0.028448
0.796172 0.028448
0.796271 0.028448
0.796370 0.028448
0.796469 0.027829
0.796568 0.027829
0.796667 0.027829
0.796766 0.027829
0.796865 0.027829
0.796965 0.027829
0.797064 0.027829
0.797163 0.027829
0.797262 0.027829
0.797361 0.027829
0.797460 0.027829
0.797559 0.027829
0.797658 0.027829
0.797757 0.027829
0.797856 0.027829
0.797955 0.027829
0.798054 0.027829
0.798153 0.027829
0.798252 0.027829
0.798351 0.027829
0.798450 0.027829
0.798549 0.027829
0.798648 0.027829
0.798748 0.027829
0.798847 0.027829
0.798946 0.027829
0.799045 0.027829
0.799144 0.027829
0.799243 0.027829
0.799342 0.027829
0.799441 0.027829
0.799540 0.027829
0.799639 0.027829
0.799738 0.027829
0.799837 0.027829
0.799936 0.027829
0.800035 0.027829
0.800134 0.027829
0.800233 0.027829
0.800332 0.027211
0.800431 0.027211
0.800531 0.027211
0.800630 0.027211
0.800729 0.027211
0.800828 0.027211
0.800927 0.027211
0.801026 0.027211
0.801125 0.027211
0.801224 0.027211
0.801323 0.027211
0.801422 0.027211
0.801521 0.027211
0.801620 0.027211
0.801719 0.027211
0.801818 0.027211
0.801917 0.027211
0.802016 0.027211
0.802115 0.027211
0.802214 0.027211
0.802314 0.027211
0.802413 0.027211
0.802512 0.027211
0.802611 0.027211
0.802710 0.027211
0.802809 0.027211
0.802908 0.026592
0.803007 0.026592
0.803106 0.026592
0.803205 0.026592
0.803304 0.026592
0.803403 0.026592
0.803502 0.026592
0.803601 0.026592
0.803700 0.026592
0.803799 0.026592
0.803898 0.026592
0.803997 0.026592
0.804097 0.025974
0.804196 0.025974
0.804295 0.025974
0.804394 0.025974
0.804493 0.025974
0.804592 0.025974
0.804691 0.025974
0.804790 0.025974
0.804889 0.025974
0.804988 0.025974
0.805087 0.025974
0.805186 0.025974
0.805285 0.025974
0.805384 0.025974
0.805483 0.025974
0.805582 0.025974
0.805681 0.025974
0.805780 0.025974
0.805880 0.025974
0.805979 0.025974
0.806078 0.025974
0.806177 0.025974
0.806276 0.025974
0.806375 0.025974
0.806474 0.025974
0.806573 0.025974
0.806672 0.025356
0.806771 0.025356
0.806870 0.025356
0.806969 0.025356
0.807068 0.025356
0.807167 0.025356
0.807266 0.025356
0.807365 0.025356
0.807464 0.025356
0.807564 0.025356
0.807663 0.025356
0.807762 0.025356
0.807861 0.025356
0.807960 0.025356
0.808059 0.025356
0.808158 0.025356
0.808257 0.025356
0.808356 0.025356
0.808455 0.025356
0.808554 0.025356
0.808653 0.025356
0.808752 0.025356
0.808851 0.025356
0.808950 0.025356
0.809049 0.025356
0.809148 0.025356
0.809247 0.025356
0.809347 0.025356
0.809446 0.025356
0.809545 0.025356
0.809644 0.025356
0.809743 0.025356
0.809842 0.025356
0.809941 0.025356
0.810040 0.025356
0.810139 0.025356
0.810238 0.025356
0.810337 0.025356
0.810436 0.025356
0.810535 0.025356
0.810634 0.025356
0.810733 0.025356
0.810832 0.025356
0.810931 0.025356
0.811030 0.025356
0.811130 0.025356
0.811229 0.025356
0.811328 0.025356
0.811427 0.025356
0.811526 0.025356
0.811625 0.025356
0.811724 0.025356
0.811823 0.025356
0.811922 0.025356
0.812021 0.025356
0.812120 0.025356
0.812219 0.025356
0.812318 0.025356
0.812417 0.025356
0.812516 0.025356
0.812615 0.025356
0.812714 0.025356
0.812813 0.025356
0.812913 0.025356
0.813012 0.025356
0.813111 0.025356
0.813210 0.025356
0.813309 0.025356
0.813408 0.025356
0.813507 0.025356
0.813606 0.025356
0.813705 0.025356
0.813804 0.025356
0.813903 0.025356
0.814002 0.025356
0.814101 0.025356
0.814200 0.025356
0.814299 0.025356
0.814398 0.025356
0.814497 0.025356
0.814596 0.024737
0.814696 0.024737
0.814795 0.024737
0.814894 0.024737
0.814993 0.024737
0.815092 0.024737
0.815191 0.024737
0.815290 0.024737
0.815389 0.024737
0.815488 0.024737
0.815587 0.024737
0.815686 0.024737
0.815785 0.024737
0.815884 0.024737
0.815983 0.024737
0.816082 0.024737
0.816181 0.024737
0.816280 0.024737
0.816379 0.024737
0.816479 0.024737
0.816578 0.024737
0.816677 0.024737
0.816776 0.024737
0.816875 0.024737
0.816974 0.024737
0.817073 0.024737
0.817172 0.024737
0.817271 0.024737
0.817370 0.024737
0.817469 0.024737
0.817568 0.024737
0.817667 0.024737
0.817766 0.024737
0.817865 0.024737
0.817964 0.024737
0.818063 0.024737
0.818162 0.024737
0.818262 0.024737
0.818361 0.024737
0.818460 0.024737
0.818559 0.024737
0.818658 0.024737
0.818757 0.024737
0.818856 0.024737
0.818955 0.024737
0.819054 0.024737
0.819153 0.024737
0.819252 0.024737
0.819351 0.024737
0.819450 0.024737
0.819549 0.024737
0.819648 0.024737
0.819747 0.024737
0.819846 0.024737
0.819945 0.024737
0.820045 0.024737
0.820144 0.024737
0.820243 0.024737
0.820342 0.024737
0.820441 0.024737
0.820540 0.024737
0.820639 0.024737
0.820738 0.024737
0.820837 0.024737
0.820936 0.024737
0.821035 0.024119
0.821134 0.024119
0.821233 0.024119
0.821332 0.024119
0.821431 0.024119
0.821530 0.024119
0.821629 0.024119
0.821729 0.024119
0.821828 0.024119
0.821927 0.024119
0.822026 0.024119
0.822125 0.024119
0.822224 0.024119
0.822323 0.024119
0.822422 0.024119
0.822521 0.024119
0.822620 0.024119
0.822719 0.024119
0.822818 0.023500
0.822917 0.023500
0.823016 0.023500
0.823115 0.023500
0.823214 0.023500
0.823313 0.023500
0.823412 0.023500
0.823512 0.023500
0.823611 0.023500
0.823710 0.023500
0.823809 0.023500
0.823908 0.023500
0.824007 0.023500
0.824106 0.023500
0.824205 0.023500
0.824304 0.023500
0.824403 0.023500
0.824502 0.023500
0.824601 0.023500
0.824700 0.023500
0.824799 0.023500
0.824898 0.023500
0.824997 0.023500
0.825096 0.023500
0.825195 0.023500
0.825295 0.023500
0.825394 0.023500
0.825493 0.023500
0.825592 0.023500
0.825691 0.023500
0.825790 0.023500
0.825889 0.023500
0.825988 0.023500
0.826087 0.023500
0.826186 0.023500
0.826285 0.023500
0.826384 0.023500
0.826483 0.023500
0.826582 0.023500
0.826681 0.023500
0.826780 0.022882
0.826879 0.022882
0.826978 0.022882
0.827078 0.022882
0.827177 0.022882
0.827276 0.022882
0.827375 0.022882
0.827474 0.022882
0.827573 0.022882
0.827672 0.022882
0.827771 0.022882
0.827870 0.022882
0.827969 0.022882
0.828068 0.022882
0.828167 0.022882
0.828266 0.022882
0.828365 0.022882
0.828464 0.022882
0.828563 0.022882
0.828662 0.022882
0.828761 0.022882
0.828861 0.022882
0.828960 0.022882
0.829059 0.022882
0.829158 0.022882
0.829257 0.022882
0.829356 0.022882
0.829455 0.022882
0.829554 0.022882
0.829653 0.022882
0.829752 0.022882
0.829851 0.022882
0.829950 0.022882
0.830049 0.022882
0.830148 0.022882
0.830247 0.022882
0.830346 0.022882
0.830445 0.022882
0.830544 0.022882
0.830644 0.022882
0.830743 0.022882
0.830842 0.022882
0.830941 0.022882
0.831040 0.022882
0.831139 0.022882
0.831238 0.022882
0.831337 0.022882
0.831436 0.022882
0.831535 0.022882
0.831634 0.022882
0.831733 0.022882
0.831832 0.022882
0.831931 0.022882
0.832030 0.022882
0.832129 0.022882
0.832228 0.022882
0.832327 0.022882
0.832427 0.022882
0.832526 0.022882
0.832625 0.022882
0.832724 0.022882
0.832823 0.022882
0.832922 0.022882
0.833021 0.022882
0.833120 0.022882
0.833219 0.022882
0.833318 0.022882
0.833417 0.022882
0.833516 0.022882
0.833615 0.022882
0.833714 0.022882
0.833813 0.022882
0.833912 0.022882
0.834011 0.022882
0.834110 0.022882
0.834210 0.022882
0.834309 0.022882
0.834408 0.022882
0.834507 0.022882
0.834606 0.022882
0.834705 0.022882
0.834804 0.022882
0.834903 0.022882
0.835002 0.022882
0.835101 0.022882
0.835200 0.022882
0.835299 0.022882
0.835398 0.022882
0.835497 0.022882
0.835596 0.022882
0.835695 0.022882
0.835794 0.022882
0.835894 0.022882
0.835993 0.022882
0.836092 0.022882
0.836191 0.022882
0.836290 0.022882
0.836389 0.022882
0.836488 0.022882
0.836587 0.022882
0.836686 0.022882
0.836785 0.022882
0.836884 0.022882
0.836983 0.022882
0.837082 0.022882
0.837181 0.022882
0.837280 0.022882
0.837379 0.022882
0.837478 0.022882
0.837577 0.022882
0.837677 0.022882
0.837776 0.022263
0.837875 0.022263
0.837974 0.022263
0.838073 0.022263
0.838172 0.022263
0.838271 0.022263
0.838370 0.022263
0.838469 0.022263
0.838568 0.022263
0.838667 0.022263
0.838766 0.022263
0.838865 0.022263
0.838964 0.022263
0.839063 0.022263
0.839162 0.022263
0.839261 0.022263
0.839360 0.022263
0.839460 0.022263
0.839559 0.022263
0.839658 0.022263
0.839757 0.022263
0.839856 0.021645
0.839955 0.021645
0.840054 0.021645
0.840153 0.021645
0.840252 0.021027
0.840351 0.021027
0.840450 0.021027
0.840549 0.021027
0.840648 0.021027
0.840747 0.021027
0.840846 0.021027
0.840945 0.021027
0.841044 0.021027
0.841143 0.021027
0.841243 0.021027
0.841342 0.021027
0.841441 0.021027
0.841540 0.021027
0.841639 0.021027
0.841738 0.021027
0.841837 0.021027
0.841936 0.020408
0.842035 0.020408
0.842134 0.020408
0.842233 0.020408
0.842332 0.020408
0.842431 0.020408
0.842530 0.020408
0.842629 0.020408
0.842728 0.020408
0.842827 0.019790
0.842926 0.019171
0.843026 0.019171
0.843125 0.019171
0.843224 0.019171
0.843323 0.019171
0.843422 0.019171
0.843521 0.019171
0.843620 0.019171
0.843719 0.019171
0.843818 0.019171
0.843917 0.019171
0.844016 0.019171
0.844115 0.019171
0.844214 0.018553
0.844313 0.018553
0.844412 0.018553
0.844511 0.018553
0.844610 0.018553
0.844709 0.018553
0.844809 0.018553
0.844908 0.018553
0.845007 0.018553
0.845106 0.018553
0.845205 0.018553
0.845304 0.018553
0.845403 0.018553
0.845502 0.018553
0.845601 0.018553
0.845700 0.018553
0.845799 0.018553
0.845898 0.018553
0.845997 0.018553
0.846096 0.018553
0.846195 0.018553
0.846294 0.018553
0.846393 0.018553
0.846492 0.018553
0.846592 0.018553
0.846691 0.018553
0.846790 0.018553
0.846889 0.018553
0.846988 0.018553
0.847087 0.018553
0.847186 0.018553
0.847285 0.018553
0.847384 0.018553
0.847483 0.018553
0.847582 0.018553
0.847681 0.018553
0.847780 0.018553
0.847879 0.018553
0.847978 0.018553
0.848077 0.018553
0.848176 0.018553
0.848276 0.018553
0.848375 0.018553
0.848474 0.018553
0.848573 0.018553
0.848672 0.018553
0.848771 0.018553
0.848870 0.018553
0.848969 0.018553
0.849068 0.018553
0.849167 0.018553
0.849266 0.018553
0.849365 0.018553
0.849464 0.018553
0.849563 0.018553
0.849662 0.018553
0.849761 0.018553
0.849860 0.018553
0.849959 0.018553
0.850059 0.018553
0.850158 0.018553
0.850257 0.018553
0.850356 0.018553
0.850455 0.018553
0.850554 0.017934
0.850653 0.017934
0.850752 0.017934
0.850851 0.017934
0.850950 0.017934
0.851049 0.017934
0.851148 0.017934
0.851247 0.017934
0.851346 0.017934
0.851445 0.017934
0.851544 0.017934
0.851643 0.017934
0.851742 0.017934
0.851842 0.017934
0.851941 0.017934
0.852040 0.017934
0.852139 0.017934
0.852238 0.017934
0.852337 0.017934
0.852436 0.017934
0.852535 0.017934
0.852634 0.017934
0.852733 0.017934
0.852832 0.017934
0.852931 0.017934
0.853030 0.017934
0.853129 0.017934
0.853228 0.017934
0.853327 0.017934
0.853426 0.017934
0.853525 0.017934
0.853625 0.017934
0.853724 0.017934
0.853823 0.017934
0.853922 0.017934
0.854021 0.017934
0.854120 0.017934
0.854219 0.017934
0.854318 0.017934
0.854417 0.017934
0.854516 0.017934
0.854615 0.017934
0.854714 0.017934
0.854813 0.017934
0.854912 0.017934
0.855011 0.017934
0.855110 0.017934
0.855209 0.017934
0.855308 0.017934
0.855408 0.017934
0.855507 0.017934
0.855606 0.017934
0.855705 0.017934
0.855804 0.017934
0.855903 0.017934
0.856002 0.017934
0.856101 0.017934
0.856200 0.017934
0.856299 0.017316
0.856398 0.017316
0.856497 0.017316
0.856596 0.017316
0.856695 0.017316
0.856794 0.017316
0.856893 0.017316
0.856992 0.017316
0.857091 0.017316
0.857191 0.017316
0.857290 0.017316
0.857389 0.017316
0.857488 0.017316
0.857587 0.017316
0.857686 0.017316
0.857785 0.017316
0.857884 0.017316
0.857983 0.017316
0.858082 0.017316
0.858181 0.017316
0.858280 0.017316
0.858379 0.017316
0.858478 0.017316
0.858577 0.017316
0.858676 0.017316
0.858775 0.017316
0.858874 0.017316
0.858974 0.017316
0.859073 0.017316
0.859172 0.017316
0.859271 0.017316
0.859370 0.017316
0.859469 0.017316
0.859568 0.017316
0.859667 0.017316
0.859766 0.017316
0.859865 0.017316
0.859964 0.016698
0.860063 0.016698
0.860162 0.016698
0.860261 0.016698
0.860360 0.016698
0.860459 0.016698
0.860558 0.016698
0.860657 0.016698
0.860757 0.016698
0.860856 0.016698
0.860955 0.016698
0.861054 0.016698
0.861153 0.016698
0.861252 0.016698
0.861351 0.016698
0.861450 0.016698
0.861549 0.016698
0.861648 0.016698
0.861747 0.016698
0.861846 0.016698
0.861945 0.016698
0.862044 0.016698
0.862143 0.016698
0.862242 0.016698
0.862341 0.016698
0.862441 0.016698
0.862540 0.016698
0.862639 0.016698
0.862738 0.016698
0.862837 0.016698
0.862936 0.016698
0.863035 0.016698
0.863134 0.016698
0.863233 0.016698
0.863332 0.016698
0.863431 0.016698
0.863530 0.016698
0.863629 0.016698
0.863728 0.016698
0.863827 0.016698
0.863926 0.016698
0.864025 0.016698
0.864124 0.016698
0.864224 0.016698
0.864323 0.016698
0.864422 0.016698
0.864521 0.016698
0.864620 0.016698
0.864719 0.016698
0.864818 0.016698
0.864917 0.016698
0.865016 0.016698
0.865115 0.016698
0.865214 0.016698
0.865313 0.016698
0.865412 0.016698
0.865511 0.016698
0.865610 0.016698
0.865709 0.016698
0.865808 0.016698
0.865907 0.016698
0.866007 0.016698
0.866106 0.016698
0.866205 0.016698
0.866304 0.016698
0.866403 0.016698
0.866502 0.016698
0.866601 0.016698
0.866700 0.016698
0.866799 0.016698
0.866898 0.016698
0.866997 0.016079
0.867096 0.016079
0.867195 0.016079
0.867294 0.016079
0.867393 0.016079
0.867492 0.016079
0.867591 0.016079
0.867690 0.016079
0.867790 0.016079
0.867889 0.016079
0.867988 0.016079
0.868087 0.016079
0.868186 0.016079
0.868285 0.016079
0.868384 0.016079
0.868483 0.016079
0.868582 0.016079
0.868681 0.016079
0.868780 0.016079
0.868879 0.016079
0.868978 0.016079
0.869077 0.016079
0.869176 0.016079
0.869275 0.016079
0.869374 0.016079
0.869473 0.016079
0.869573 0.016079
0.869672 0.016079
0.869771 0.016079
0.869870 0.016079
0.869969 0.016079
0.870068 0.016079
0.870167 0.016079
0.870266 0.016079
0.870365 0.016079
0.870464 0.016079
0.870563 0.016079
0.870662 0.016079
0.870761 0.016079
0.870860 0.016079
0.870959 0.016079
0.871058 0.016079
0.871157 0.016079
0.871256 0.016079
0.871356 0.016079
0.871455 0.016079
0.871554 0.016079
0.871653 0.016079
0.871752 0.016079
0.871851 0.016079
0.871950 0.016079
0.872049 0.016079
0.872148 0.016079
0.872247 0.016079
0.872346 0.016079
0.872445 0.016079
0.872544 0.016079
0.872643 0.016079
0.872742 0.016079
0.872841 0.016079
0.872940 0.016079
0.873039 0.016079
0.873139 0.016079
0.873238 0.016079
0.873337 0.016079
0.873436 0.016079
0.873535 0.016079
0.873634 0.016079
0.873733 0.016079
0.873832 0.016079
0.873931 0.016079
0.874030 0.016079
0.874129 0.016079
0.874228 0.016079
0.874327 0.016079
0.874426 0.016079
0.874525 0.016079
0.874624 0.016079
0.874723 0.016079
0.874822 0.016079
0.874922 0.016079
0.875021 0.016079
0.875120 0.016079
0.875219 0.016079
0.875318 0.016079
0.875417 0.016079
0.875516 0.016079
0.875615 0.016079
0.875714 0.016079
0.875813 0.016079
0.875912 0.016079
0.876011 0.016079
0.876110 0.016079
0.876209 0.016079
0.876308 0.016079
0.876407 0.016079
0.876506 0.016079
0.876606 0.016079
0.876705 0.016079
0.876804 0.016079
0.876903 0.016079
0.877002 0.016079
0.877101 0.016079
0.877200 0.016079
0.877299 0.016079
0.877398 0.016079
0.877497 0.016079
0.877596 0.016079
0.877695 0.016079
0.877794 0.016079
0.877893 0.016079
0.877992 0.016079
0.878091 0.016079
0.878190 0.016079
0.878289 0.016079
0.878389 0.016079
0.878488 0.016079
0.878587 0.016079
0.878686 0.016079
0.878785 0.016079
0.878884 0.016079
0.878983 0.016079
0.879082 0.016079
0.879181 0.016079
0.879280 0.016079
0.879379 0.016079
0.879478 0.016079
0.879577 0.016079
0.879676 0.016079
0.879775 0.015461
0.879874 0.015461
0.879973 0.015461
0.880072 0.015461
0.880172 0.015461
0.880271 0.015461
0.880370 0.015461
0.880469 0.015461
0.880568 0.015461
0.880667 0.015461
0.880766 0.015461
0.880865 0.015461
0.880964 0.015461
0.881063 0.015461
0.881162 0.015461
0.881261 0.015461
0.881360 0.015461
0.881459 0.015461
0.881558 0.015461
0.881657 0.015461
0.881756 0.015461
0.881855 0.015461
0.881955 0.015461
0.882054 0.015461
0.882153 0.015461
0.882252 0.015461
0.882351 0.015461
0.882450 0.015461
0.882549 0.015461
0.882648 0.015461
0.882747 0.015461
0.882846 0.015461
0.882945 0.015461
0.883044 0.015461
0.883143 0.015461
0.883242 0.015461
0.883341 0.015461
0.883440 0.015461
0.883539 0.015461
0.883638 0.015461
0.883738 0.015461
0.883837 0.015461
0.883936 0.015461
0.884035 0.015461
0.884134 0.015461
0.884233 0.015461
0.884332 0.015461
0.884431 0.015461
0.884530 0.015461
0.884629 0.015461
0.884728 0.015461
0.884827 0.015461
0.884926 0.015461
0.885025 0.015461
0.885124 0.015461
0.885223 0.015461
0.885322 0.015461
0.885421 0.015461
0.885521 0.015461
0.885620 0.015461
0.885719 0.015461
0.885818 0.015461
0.885917 0.015461
0.886016 0.015461
0.886115 0.015461
0.886214 0.015461
0.886313 0.015461
0.886412 0.015461
0.886511 0.015461
0.886610 0.015461
0.886709 0.015461
0.886808 0.015461
0.886907 0.015461
0.887006 0.015461
0.887105 0.015461
0.887204 0.015461
0.887304 0.015461
0.887403 0.015461
0.887502 0.015461
0.887601 0.015461
0.887700 0.015461
0.887799 0.014842
0.887898 0.014842
0.887997 0.014842
0.888096 0.014842
0.888195 0.014842
0.888294 0.014224
0.888393 0.014224
0.888492 0.014224
0.888591 0.014224
0.888690 0.014224
0.888789 0.014224
0.888888 0.014224
0.888988 0.014224
0.889087 0.014224
0.889186 0.014224
0.889285 0.014224
0.889384 0.014224
0.889483 0.014224
0.889582 0.014224
0.889681 0.014224
0.889780 0.013605
0.889879 0.013605
0.889978 0.013605
0.890077 0.013605
0.890176 0.013605
0.890275 0.013605
0.890374 0.013605
0.890473 0.013605
0.890572 0.013605
0.890671 0.013605
0.890771 0.013605
0.890870 0.013605
0.890969 0.013605
0.891068 0.013605
0.891167 0.013605
0.891266 0.013605
0.891365 0.013605
0.891464 0.013605
0.891563 0.013605
0.891662 0.013605
0.891761 0.013605
0.891860 0.013605
0.891959 0.013605
0.892058 0.013605
0.892157 0.013605
0.892256 0.013605
0.892355 0.013605
0.892454 0.013605
0.892554 0.013605
0.892653 0.013605
0.892752 0.013605
0.892851 0.013605
0.892950 0.013605
0.893049 0.013605
0.893148 0.013605
0.893247 0.013605
0.893346 0.013605
0.893445 0.013605
0.893544 0.013605
0.893643 0.013605
0.893742 0.013605
0.893841 0.013605
0.893940 0.013605
0.894039 0.013605
0.894138 0.013605
0.894237 0.013605
0.894337 0.013605
0.894436 0.013605
0.894535 0.013605
0.894634 0.013605
0.894733 0.013605
0.894832 0.013605
0.894931 0.013605
0.895030 0.013605
0.895129 0.013605
0.895228 0.013605
0.895327 0.013605
0.895426 0.013605
0.895525 0.013605
0.895624 0.013605
0.895723 0.013605
0.895822 0.012987
0.895921 0.012987
0.896020 0.012987
0.896120 0.012369
0.896219 0.012369
0.896318 0.012369
0.896417 0.012369
0.896516 0.012369
0.896615 0.012369
0.896714 0.012369
0.896813 0.012369
0.896912 0.012369
0.897011 0.012369
0.897110 0.012369
0.897209 0.012369
0.897308 0.012369
0.897407 0.012369
0.897506 0.012369
0.897605 0.012369
0.897704 0.012369
0.897803 0.012369
0.897903 0.012369
0.898002 0.012369
0.898101 0.012369
0.898200 0.012369
0.898299 0.012369
0.898398 0.012369
0.898497 0.012369
0.898596 0.012369
0.898695 0.012369
0.898794 0.012369
0.898893 0.012369
0.898992 0.012369
0.899091 0.012369
0.899190 0.012369
0.899289 0.012369
0.899388 0.012369
0.899487 0.012369
0.899586 0.012369
0.899686 0.012369
0.899785 0.012369
0.899884 0.012369
0.899983 0.012369
0.900082 0.012369
0.900181 0.012369
0.900280 0.012369
0.900379 0.012369
0.900478 0.012369
0.900577 0.012369
0.900676 0.012369
0.900775 0.012369
0.900874 0.012369
0.900973 0.012369
0.901072 0.012369
0.901171 0.012369
0.901270 0.012369
0.901369 0.012369
0.901469 0.012369
0.901568 0.012369
0.901667 0.012369
0.901766 0.012369
0.901865 0.011750
0.901964 0.011750
0.902063 0.011750
0.902162 0.011750
0.902261 0.011750
0.902360 0.011750
0.902459 0.011750
0.902558 0.011750
0.902657 0.011750
0.902756 0.011750
0.902855 0.011132
0.902954 0.011132
0.903053 0.011132
0.903153 0.011132
0.903252 0.011132
0.903351 0.011132
0.903450 0.011132
0.903549 0.011132
0.903648 0.011132
0.903747 0.010513
0.903846 0.010513
0.903945 0.010513
0.904044 0.010513
0.904143 0.010513
0.904242 0.010513
0.904341 0.010513
0.904440 0.010513
0.904539 0.010513
0.904638 0.010513
0.904737 0.010513
0.904836 0.010513
0.904936 0.010513
0.905035 0.009895
0.905134 0.009895
0.905233 0.009895
0.905332 0.009895
0.905431 0.009895
0.905530 0.009895
0.905629 0.009895
0.905728 0.009895
0.905827 0.009895
0.905926 0.009895
0.906025 0.009895
0.906124 0.009895
0.906223 0.009895
0.906322 0.009895
0.906421 0.009895
0.906520 0.009895
0.906619 0.009895
0.906719 0.009895
0.906818 0.009895
0.906917 0.009895
0.907016 0.009895
0.907115 0.009895
0.907214 0.009895
0.907313 0.009895
0.907412 0.009895
0.907511 0.009895
0.907610 0.009895
0.907709 0.009895
0.907808 0.009895
0.907907 0.009895
0.908006 0.009895
0.908105 0.009895
0.908204 0.009895
0.908303 0.009895
0.908402 0.009895
0.908502 0.009895
0.908601 0.009895
0.908700 0.009895
0.908799 0.009895
0.908898 0.009895
0.908997 0.009895
0.909096 0.009895
0.909195 0.009895
0.909294 0.009895
0.909393 0.009895
0.909492 0.009895
0.909591 0.009895
0.909690 0.009895
0.909789 0.009895
0.909888 0.009895
0.909987 0.009895
0.910086 0.009895
0.910185 0.009895
0.910285 0.009895
0.910384 0.009895
0.910483 0.009895
0.910582 0.009895
0.910681 0.009895
0.910780 0.009276
0.910879 0.009276
0.910978 0.009276
0.911077 0.009276
0.911176 0.009276
0.911275 0.009276
0.911374 0.009276
0.911473 0.008658
0.911572 0.008658
0.911671 0.008658
0.911770 0.008658
0.911869 0.008658
0.911968 0.008658
0.912068 0.008658
0.912167 0.008658
0.912266 0.008658
0.912365 0.008658
0.912464 0.008658
0.912563 0.008658
0.912662 0.008658
0.912761 0.008658
0.912860 0.008658
0.912959 0.008658
0.913058 0.008658
0.913157 0.008658
0.913256 0.008658
0.913355 0.008658
0.913454 0.008658
0.913553 0.008040
0.913652 0.008040
0.913751 0.008040
0.913851 0.008040
0.913950 0.008040
0.914049 0.008040
0.914148 0.008040
0.914247 0.008040
0.914346 0.008040
0.914445 0.008040
0.914544 0.008040
0.914643 0.008040
0.914742 0.008040
0.914841 0.008040
0.914940 0.008040
0.915039 0.008040
0.915138 0.008040
0.915237 0.008040
0.915336 0.008040
0.915435 0.008040
0.915534 0.008040
0.915634 0.008040
0.915733 0.008040
0.915832 0.008040
0.915931 0.008040
0.916030 0.008040
0.916129 0.008040
0.916228 0.008040
0.916327 0.008040
0.916426 0.008040
0.916525 0.008040
0.916624 0.008040
0.916723 0.008040
0.916822 0.008040
0.916921 0.008040
0.917020 0.008040
0.917119 0.008040
0.917218 0.008040
0.917318 0.008040
0.917417 0.008040
0.917516 0.008040
0.917615 0.008040
0.917714 0.008040
0.917813 0.008040
0.917912 0.008040
0.918011 0.008040
0.918110 0.008040
0.918209 0.008040
0.918308 0.008040
0.918407 0.008040
0.918506 0.008040
0.918605 0.008040
0.918704 0.008040
0.918803 0.008040
0.918902 0.008040
0.919001 0.008040
0.919101 0.008040
0.919200 0.008040
0.919299 0.008040
0.919398 0.008040
0.919497 0.008040
0.919596 0.008040
0.919695 0.008040
0.919794 0.008040
0.919893 0.008040
0.919992 0.008040
0.920091 0.008040
0.920190 0.008040
0.920289 0.008040
0.920388 0.008040
0.920487 0.008040
0.920586 0.008040
0.920685 0.008040
0.920784 0.008040
0.920884 0.008040
0.920983 0.008040
0.921082 0.008040
0.921181 0.008040
0.921280 0.008040
0.921379 0.008040
0.921478 0.008040
0.921577 0.008040
0.921676 0.008040
0.921775 0.007421
0.921874 0.007421
0.921973 0.007421
0.922072 0.007421
0.922171 0.007421
0.922270 0.007421
0.922369 0.007421
0.922468 0.007421
0.922567 0.007421
0.922667 0.007421
0.922766 0.007421
0.922865 0.007421
0.922964 0.007421
0.923063 0.007421
0.923162 0.007421
0.923261 0.007421
0.923360 0.007421
0.923459 0.007421
0.923558 0.007421
0.923657 0.007421
0.923756 0.007421
0.923855 0.007421
0.923954 0.007421
0.924053 0.007421
0.924152 0.007421
0.924251 0.007421
0.924350 0.007421
0.924450 0.007421
0.924549 0.007421
0.924648 0.007421
0.924747 0.007421
0.924846 0.007421
0.924945 0.007421
0.925044 0.007421
0.925143 0.007421
0.925242 0.007421
0.925341 0.007421
0.925440 0.007421
0.925539 0.007421
0.925638 0.007421
0.925737 0.007421
0.925836 0.007421
0.925935 0.007421
0.926034 0.007421
0.926133 0.007421
0.926233 0.007421
0.926332 0.007421
0.926431 0.007421
0.926530 0.007421
0.926629 0.007421
0.926728 0.007421
0.926827 0.007421
0.926926 0.007421
0.927025 0.007421
0.927124 0.007421
0.927223 0.007421
0.927322 0.007421
0.927421 0.007421
0.927520 0.007421
0.927619 0.007421
0.927718 0.007421
0.927817 0.007421
0.927916 0.007421
0.928016 0.007421
0.928115 0.007421
0.928214 0.007421
0.928313 0.007421
0.928412 0.007421
0.928511 0.007421
0.928610 0.007421
0.928709 0.007421
0.928808 0.007421
0.928907 0.007421
0.929006 0.006803
0.929105 0.006803
0.929204 0.006803
0.929303 0.006803
0.929402 0.006803
0.929501 0.006803
0.929600 0.006803
0.929699 0.006803
0.929799 0.006803
0.929898 0.006803
0.929997 0.006803
0.930096 0.006803
0.930195 0.006803
0.930294 0.006184
0.930393 0.006184
0.930492 0.006184
0.930591 0.006184
0.930690 0.006184
0.930789 0.006184
0.930888 0.006184
0.930987 0.006184
0.931086 0.006184
0.931185 0.006184
0.931284 0.006184
0.931383 0.006184
0.931483 0.005566
0.931582 0.005566
0.931681 0.005566
0.931780 0.005566
0.931879 0.005566
0.931978 0.005566
0.932077 0.005566
0.932176 0.005566
0.932275 0.005566
0.932374 0.005566
0.932473 0.005566
0.932572 0.005566
0.932671 0.005566
0.932770 0.005566
0.932869 0.005566
0.932968 0.005566
0.933067 0.005566
0.933166 0.005566
0.933266 0.005566
0.933365 0.005566
0.933464 0.005566
0.933563 0.005566
0.933662 0.005566
0.933761 0.005566
0.933860 0.005566
0.933959 0.005566
0.934058 0.005566
0.934157 0.005566
0.934256 0.005566
0.934355 0.005566
0.934454 0.005566
0.934553 0.005566
0.934652 0.005566
0.934751 0.005566
0.934850 0.005566
0.934949 0.005566
0.935049 0.005566
0.935148 0.005566
0.935247 0.005566
0.935346 0.005566
0.935445 0.005566
0.935544 0.005566
0.935643 0.005566
0.935742 0.005566
0.935841 0.005566
0.935940 0.005566
0.936039 0.005566
0.936138 0.005566
0.936237 0.005566
0.936336 0.005566
0.936435 0.005566
0.936534 0.005566
0.936633 0.005566
0.936732 0.005566
0.936832 0.005566
0.936931 0.005566
0.937030 0.005566
0.937129 0.005566
0.937228 0.005566
0.937327 0.005566
0.937426 0.005566
0.937525 0.005566
0.937624 0.005566
0.937723 0.005566
0.937822 0.005566
0.937921 0.005566
0.938020 0.005566
0.938119 0.005566
0.938218 0.005566
0.938317 0.005566
0.938416 0.005566
0.938515 0.005566
0.938615 0.005566
0.938714 0.005566
0.938813 0.005566
0.938912 0.005566
0.939011 0.005566
0.939110 0.005566
0.939209 0.005566
0.939308 0.004947
0.939407 0.004947
0.939506 0.004329
0.939605 0.004329
0.939704 0.004329
0.939803 0.004329
0.939902 0.004329
0.940001 0.004329
0.940100 0.004329
0.940199 0.004329
0.940298 0.004329
0.940398 0.004329
0.940497 0.004329
0.940596 0.004329
0.940695 0.004329
0.940794 0.004329
0.940893 0.004329
0.940992 0.004329
0.941091 0.004329
0.941190 0.004329
0.941289 0.004329
0.941388 0.004329
0.941487 0.004329
0.941586 0.004329
0.941685 0.004329
0.941784 0.004329
0.941883 0.004329
0.941982 0.004329
0.942081 0.004329
0.942181 0.004329
0.942280 0.004329
0.942379 0.004329
0.942478 0.004329
0.942577 0.004329
0.942676 0.004329
0.942775 0.004329
0.942874 0.004329
0.942973 0.004329
0.943072 0.004329
0.943171 0.004329
0.943270 0.004329
0.943369 0.004329
0.943468 0.004329
0.943567 0.004329
0.943666 0.004329
0.943765 0.004329
0.943865 0.003711
0.943964 0.003711
0.944063 0.003711
0.944162 0.003711
0.944261 0.003711
0.944360 0.003711
0.944459 0.003711
0.944558 0.003711
0.944657 0.003711
0.944756 0.003711
0.944855 0.003711
0.944954 0.003711
0.945053 0.003711
0.945152 0.003711
0.945251 0.003711
0.945350 0.003711
0.945449 0.003711
0.945548 0.003711
0.945648 0.003711
0.945747 0.003711
0.945846 0.003711
0.945945 0.003711
0.946044 0.003711
0.946143 0.003711
0.946242 0.003711
0.946341 0.003711
0.946440 0.003711
0.946539 0.003711
0.946638 0.003711
0.946737 0.003711
0.946836 0.003711
0.946935 0.003711
0.947034 0.003711
0.947133 0.003711
0.947232 0.003711
0.947331 0.003711
0.947431 0.003711
0.947530 0.003711
0.947629 0.003711
0.947728 0.003711
0.947827 0.003711
0.947926 0.003711
0.948025 0.003711
0.948124 0.003711
0.948223 0.003711
0.948322 0.003711
0.948421 0.003711
0.948520 0.003711
0.948619 0.003711
0.948718 0.003711
0.948817 0.003711
0.948916 0.003711
0.949015 0.003711
0.949114 0.003711
0.949214 0.003711
0.949313 0.003711
0.949412 0.003711
0.949511 0.003711
0.949610 0.003711
0.949709 0.003711
0.949808 0.003711
0.949907 0.003711
0.950006 0.003711
0.950105 0.003711
0.950204 0.003711
0.950303 0.003711
0.950402 0.003711
0.950501 0.003711
0.950600 0.003711
0.950699 0.003711
0.950798 0.003711
0.950897 0.003711
0.950997 0.003711
0.951096 0.003711
0.951195 0.003711
0.951294 0.003711
0.951393 0.003711
0.951492 0.003711
0.951591 0.003711
0.951690 0.003711
0.951789 0.003711
0.951888 0.003711
0.951987 0.003711
0.952086 0.003711
0.952185 0.003711
0.952284 0.003711
0.952383 0.003711
0.952482 0.003711
0.952581 0.003711
0.952680 0.003711
0.952780 0.003711
0.952879 0.003711
0.952978 0.003711
0.953077 0.003711
0.953176 0.003711
0.953275 0.003711
0.953374 0.003711
0.953473 0.003711
0.953572 0.003711
0.953671 0.003711
0.953770 0.003711
0.953869 0.003711
0.953968 0.003711
0.954067 0.003711
0.954166 0.003711
0.954265 0.003711
0.954364 0.003711
0.954463 0.003711
0.954563 0.003711
0.954662 0.003711
0.954761 0.003711
0.954860 0.003711
0.954959 0.003711
0.955058 0.003711
0.955157 0.003711
0.955256 0.003711
0.955355 0.003711
0.955454 0.003711
0.955553 0.003711
0.955652 0.003711
0.955751 0.003711
0.955850 0.003711
0.955949 0.003711
0.956048 0.003711
0.956147 0.003711
0.956246 0.003711
0.956346 0.003711
0.956445 0.003711
0.956544 0.003711
0.956643 0.003711
0.956742 0.003711
0.956841 0.003711
0.956940 0.003711
0.957039 0.003711
0.957138 0.003711
0.957237 0.003711
0.957336 0.003711
0.957435 0.003711
0.957534 0.003711
0.957633 0.003711
0.957732 0.003711
0.957831 0.003711
0.957930 0.003711
0.958030 0.003711
0.958129 0.003711
0.958228 0.003711
0.958327 0.003711
0.958426 0.003711
0.958525 0.003711
0.958624 0.003711
0.958723 0.003711
0.958822 0.003711
0.958921 0.003711
0.959020 0.003711
0.959119 0.003711
0.959218 0.003711
0.959317 0.003711
0.959416 0.003711
0.959515 0.003711
0.959614 0.003711
0.959713 0.003711
0.959813 0.003711
0.959912 0.003711
0.960011 0.003711
0.960110 0.003711
0.960209 0.003711
0.960308 0.003711
0.960407 0.003711
0.960506 0.003711
0.960605 0.003711
0.960704 0.003711
0.960803 0.003711
0.960902 0.003711
0.961001 0.003711
0.961100 0.003711
0.961199 0.003711
0.961298 0.003711
0.961397 0.003711
0.961496 0.003711
0.961596 0.003711
0.961695 0.003711
0.961794 0.003711
0.961893 0.003711
0.961992 0.003711
0.962091 0.003711
0.962190 0.003711
0.962289 0.003711
0.962388 0.003711
0.962487 0.003711
0.962586 0.003711
0.962685 0.003711
0.962784 0.003711
0.962883 0.003711
0.962982 0.003711
0.963081 0.003711
0.963180 0.003711
0.963279 0.003711
0.963379 0.003711
0.963478 0.003711
0.963577 0.003711
0.963676 0.003711
0.963775 0.003711
0.963874 0.003711
0.963973 0.003711
0.964072 0.003711
0.964171 0.003711
0.964270 0.003711
0.964369 0.003711
0.964468 0.003711
0.964567 0.003711
0.964666 0.003711
0.964765 0.003711
0.964864 0.003711
0.964963 0.003711
0.965062 0.003711
0.965162 0.003092
0.965261 0.003092
0.965360 0.003092
0.965459 0.003092
0.965558 0.003092
0.965657 0.003092
0.965756 0.003092
0.965855 0.003092
0.965954 0.003092
0.966053 0.003092
0.966152 0.003092
0.966251 0.003092
0.966350 0.003092
0.966449 0.003092
0.966548 0.002474
0.966647 0.002474
0.966746 0.002474
0.966845 0.002474
0.966945 0.002474
0.967044 0.002474
0.967143 0.002474
0.967242 0.002474
0.967341 0.002474
0.967440 0.002474
0.967539 0.002474
0.967638 0.002474
0.967737 0.001855
0.967836 0.001855
0.967935 0.001855
0.968034 0.001855
0.968133 0.001855
0.968232 0.001855
0.968331 0.001855
0.968430 0.001855
0.968529 0.001855
0.968628 0.001855
0.968728 0.001855
0.968827 0.001855
0.968926 0.001855
0.969025 0.001855
0.969124 0.001855
0.969223 0.001855
0.969322 0.001855
0.969421 0.001855
0.969520 0.001855
0.969619 0.001855
0.969718 0.001237
0.969817 0.001237
0.969916 0.001237
0.970015 0.001237
0.970114 0.001237
0.970213 0.001237
0.970312 0.001237
0.970411 0.001237
0.970511 0.001237
0.970610 0.001237
0.970709 0.000618
0.970808 0.000618
0.970907 0.000618
0.971006 0.000618
0.971105 0.000618
0.971204 0.000618
0.971303 0.000618
0.971402 0.000618
0.971501 0.000618
0.971600 0.000618
0.971699 0.000618
0.971798 0.000618
0.971897 0.000618
0.971996 0.000618
0.972095 0.000618
0.972195 0.000618
0.972294 0.000618
0.972393 0.000618
0.972492 0.000618
0.972591 0.000618
0.972690 0.000618
0.972789 0.000618
0.972888 0.000618
0.972987 0.000618
0.973086 0.000618
0.973185 0.000618
0.973284 0.000618
0.973383 0.000618
0.973482 0.000618
0.973581 0.000618
0.973680 0.000618
0.973779 0.000618
0.973878 0.000618
0.973978 0.000618
0.974077 0.000618
0.974176 0.000618
0.974275 0.000618
0.974374 0.000618
0.974473 0.000618
0.974572 0.000618
0.974671 0.000618
0.974770 0.000618
0.974869 0.000618
0.974968 0.000618
0.975067 0.000618
0.975166 0.000618
0.975265 0.000618
0.975364 0.000618
0.975463 0.000618
0.975562 0.000618
0.975661 0.000618
0.975761 0.000618
0.975860 0.000618
0.975959 0.000618
0.976058 0.000618
0.976157 0.000618
0.976256 0.000618
0.976355 0.000618
0.976454 0.000618
0.976553 0.000618
0.976652 0.000618
0.976751 0.000618
0.976850 0.000618
0.976949 0.000618
0.977048 0.000618
0.977147 0.000618
0.977246 0.000618
0.977345 0.000618
0.977444 0.000618
0.977544 0.000618
0.977643 0.000618
0.977742 0.000618
0.977841 0.000618
0.977940 0.000618
0.978039 0.000618
0.978138 0.000618
0.978237 0.000618
0.978336 0.000618
0.978435 0.000618
0.978534 0.000618
0.978633 0.000618
0.978732 0.000618
0.978831 0.000618
0.978930 0.000618
0.979029 0.000618
0.979128 0.000618
0.979227 0.000618
0.979327 0.000618
0.979426 0.000618
0.979525 0.000618
0.979624 0.000618
0.979723 0.000618
0.979822 0.000618
0.979921 0.000618
0.980020 0.000618
0.980119 0.000618
0.980218 0.000618
0.980317 0.000618
0.980416 0.000618
0.980515 0.000618
0.980614 0.000618
0.980713 0.000618
0.980812 0.000618
0.980911 0.000000
0.981010 0.000000
0.981110 0.000000
0.981209 0.000000
0.981308 0.000000
0.981407 0.000000
0.981506 0.000000
0.981605 0.000000
0.981704 0.000000
0.981803 0.000000
0.981902 0.000000
0.982001 0.000000
0.982100 0.000000
0.982199 0.000000
0.982298 0.000000
0.982397 0.000000
0.982496 0.000000
0.982595 0.000000
0.982694 0.000000
0.982793 0.000000
0.982893 0.000000
0.982992 0.000000
0.983091 0.000000
0.983190 0.000000
0.983289 0.000000
0.983388 0.000000
0.983487 0.000000
0.983586 0.000000
0.983685 0.000000
0.983784 0.000000
0.983883 0.000000
0.983982 0.000000
0.984081 0.000000
0.984180 0.000000
0.984279 0.000000
0.984378 0.000000
0.984477 0.000000
0.984577 0.000000
0.984676 0.000000
0.984775 0.000000
0.984874 0.000000
0.984973 0.000000
0.985072 0.000000
0.985171 0.000000
0.985270 0.000000
0.985369 0.000000
0.985468 0.000000
0.985567 0.000000
0.985666 0.000000
0.985765 0.000000
0.985864 0.000000
0.985963 0.000000
0.986062 0.000000
0.986161 0.000000
0.986260 0.000000
0.986360 0.000000
0.986459 0.000000
0.986558 0.000000
0.986657 0.000000
0.986756 0.000000
0.986855 0.000000
0.986954 0.000000
0.987053 0.000000
0.987152 0.000000
0.987251 0.000000
0.987350 0.000000
0.987449 0.000000
0.987548 0.000000
0.987647 0.000000
0.987746 0.000000
0.987845 0.000000
0.987944 0.000000
0.988043 0.000000
0.988143 0.000000
0.988242 0.000000
0.988341 0.000000
0.988440 0.000000
0.988539 0.000000
0.988638 0.000000
0.988737 0.000000
0.988836 0.000000
0.988935 0.000000
0.989034 0.000000
0.989133 0.000000
0.989232 0.000000
0.989331 0.000000
0.989430 0.000000
0.989529 0.000000
0.989628 0.000000
0.989727 0.000000
0.989826 0.000000
0.989926 0.000000
0.990025 0.000000
0.990124 0.000000
0.990223 0.000000
0.990322 0.000000
0.990421 0.000000
0.990520 0.000000
0.990619 0.000000
0.990718 0.000000
0.990817 0.000000
0.990916 0.000000
0.991015 0.000000
0.991114 0.000000
0.991213 0.000000
0.991312 0.000000
0.991411 0.000000
0.991510 0.000000
0.991609 0.000000
0.991709 0.000000
0.991808 0.000000
0.991907 0.000000
