# Threshold Efficiency
0.001522 0.999697
0.001621 0.999697
0.001720 0.999697
0.001819 0.999697
0.001918 0.999697
0.002017 0.999697
0.002116 0.999394
0.002215 0.999394
0.002314 0.999394
0.002413 0.999394
0.002512 0.998787
0.002611 0.997878
0.002711 0.997271
0.002810 0.997271
0.002909 0.996665
0.003008 0.996058
0.003107 0.996058
0.003206 0.995755
0.003305 0.995452
0.003404 0.995452
0.003503 0.994845
0.003602 0.994845
0.003701 0.994542
0.003800 0.993936
0.003899 0.992420
0.003999 0.992420
0.004098 0.991813
0.004197 0.991510
0.004296 0.990600
0.004395 0.990297
0.004494 0.989388
0.004593 0.989388
0.004692 0.988478
0.004791 0.988175
0.004890 0.987568
0.004989 0.986355
0.005088 0.986052
0.005188 0.985446
0.005287 0.985446
0.005386 0.985446
0.005485 0.984536
0.005584 0.984536
0.005683 0.983626
0.005782 0.983323
0.005881 0.983020
0.005980 0.982717
0.006079 0.982414
0.006178 0.981807
0.006277 0.981807
0.006376 0.981201
0.006476 0.980594
0.006575 0.979988
0.006674 0.979685
0.006773 0.979685
0.006872 0.979685
0.006971 0.979381
0.007070 0.978775
0.007169 0.977865
0.007268 0.977865
0.007367 0.976956
0.007466 0.976653
0.007565 0.976653
0.007665 0.976349
0.007764 0.976046
0.007863 0.976046
0.007962 0.976046
0.008061 0.975440
0.008160 0.975440
0.008259 0.974833
0.008358 0.974227
0.008457 0.973924
0.008556 0.973620
0.008655 0.973014
0.008754 0.971498
0.008853 0.970891
0.008953 0.970588
0.009052 0.970285
0.009151 0.970285
0.009250 0.969679
0.009349 0.969679
0.009448 0.969679
0.009547 0.969375
0.009646 0.968163
0.009745 0.968163
0.009844 0.967859
0.009943 0.967859
0.010042 0.966950
0.010142 0.966040
0.010241 0.965130
0.010340 0.965130
0.010439 0.965130
0.010538 0.964827
0.010637 0.964827
0.010736 0.964524
0.010835 0.964221
0.010934 0.963311
0.011033 0.963008
0.011132 0.962705
0.011231 0.962705
0.011330 0.962401
0.011430 0.962401
0.011529 0.962098
0.011628 0.961189
0.011727 0.960582
0.011826 0.959369
0.011925 0.959369
0.012024 0.959066
0.012123 0.959066
0.012222 0.958460
0.012321 0.958156
0.012420 0.957853
0.012519 0.957853
0.012619 0.957247
0.012718 0.956944
0.012817 0.956640
0.012916 0.956337
0.013015 0.956337
0.013114 0.956034
0.013213 0.955731
0.013312 0.955731
0.013411 0.954821
0.013510 0.953911
0.013609 0.953608
0.013708 0.953608
0.013807 0.953305
0.013907 0.953002
0.014006 0.953002
0.014105 0.952395
0.014204 0.952395
0.014303 0.951789
0.014402 0.951789
0.014501 0.951183
0.014600 0.951183
0.014699 0.950576
0.014798 0.950576
0.014897 0.950576
0.014996 0.950273
0.015096 0.950273
0.015195 0.950273
0.015294 0.949666
0.015393 0.949060
0.015492 0.948150
0.015591 0.947544
0.015690 0.947544
0.015789 0.947544
0.015888 0.947544
0.015987 0.947544
0.016086 0.947241
0.016185 0.946634
0.016284 0.946634
0.016384 0.946331
0.016483 0.946028
0.016582 0.945118
0.016681 0.944512
0.016780 0.944512
0.016879 0.943905
0.016978 0.943299
0.017077 0.942996
0.017176 0.942693
0.017275 0.942389
0.017374 0.942086
0.017473 0.941783
0.017573 0.941783
0.017672 0.941176
0.017771 0.941176
0.017870 0.941176
0.017969 0.940873
0.018068 0.940873
0.018167 0.940570
0.018266 0.940267
0.018365 0.939964
0.018464 0.939964
0.018563 0.939964
0.018662 0.939964
0.018761 0.939964
0.018861 0.939964
0.018960 0.939660
0.019059 0.939660
0.019158 0.938751
0.019257 0.938751
0.019356 0.937841
0.019455 0.937841
0.019554 0.937538
0.019653 0.937235
0.019752 0.936931
0.019851 0.936628
0.019950 0.936022
0.020050 0.935719
0.020149 0.935415
0.020248 0.935415
0.020347 0.935112
0.020446 0.934809
0.020545 0.934203
0.020644 0.933596
0.020743 0.932686
0.020842 0.932686
0.020941 0.932383
0.021040 0.932080
0.021139 0.931777
0.021238 0.931474
0.021338 0.931170
0.021437 0.931170
0.021536 0.931170
0.021635 0.929958
0.021734 0.929654
0.021833 0.929048
0.021932 0.928441
0.022031 0.928441
0.022130 0.928441
0.022229 0.927835
0.022328 0.927532
0.022427 0.926925
0.022527 0.926925
0.022626 0.926925
0.022725 0.926925
0.022824 0.926925
0.022923 0.926319
0.023022 0.926319
0.023121 0.926319
0.023220 0.925409
0.023319 0.925106
0.023418 0.924803
0.023517 0.924500
0.023616 0.924196
0.023715 0.924196
0.023815 0.924196
0.023914 0.923590
0.024013 0.923287
0.024112 0.922984
0.024211 0.922984
0.024310 0.922680
0.024409 0.922377
0.024508 0.922377
0.024607 0.922074
0.024706 0.921771
0.024805 0.921468
0.024904 0.921164
0.025004 0.920861
0.025103 0.920861
0.025202 0.920558
0.025301 0.920255
0.025400 0.919648
0.025499 0.919648
0.025598 0.919345
0.025697 0.919345
0.025796 0.919042
0.025895 0.918435
0.025994 0.918435
0.026093 0.918132
0.026192 0.917829
0.026292 0.917526
0.026391 0.917526
0.026490 0.916919
0.026589 0.916919
0.026688 0.916616
0.026787 0.916313
0.026886 0.916010
0.026985 0.916010
0.027084 0.916010
0.027183 0.915706
0.027282 0.915706
0.027381 0.915706
0.027481 0.915706
0.027580 0.914797
0.027679 0.914190
0.027778 0.913887
0.027877 0.913887
0.027976 0.913887
0.028075 0.912978
0.028174 0.912978
0.028273 0.912674
0.028372 0.912371
0.028471 0.912371
0.028570 0.912371
0.028669 0.912068
0.028769 0.911765
0.028868 0.911461
0.028967 0.911158
0.029066 0.910855
0.029165 0.910855
0.029264 0.910552
0.029363 0.910552
0.029462 0.910249
0.029561 0.910249
0.029660 0.910249
0.029759 0.909642
0.029858 0.909642
0.029958 0.909642
0.030057 0.909036
0.030156 0.909036
0.030255 0.909036
0.030354 0.909036
0.030453 0.909036
0.030552 0.909036
0.030651 0.908429
0.030750 0.907823
0.030849 0.907823
0.030948 0.907520
0.031047 0.906610
0.031147 0.906307
0.031246 0.906004
0.031345 0.906004
0.031444 0.906004
0.031543 0.905397
0.031642 0.904488
0.031741 0.904184
0.031840 0.903578
0.031939 0.902971
0.032038 0.902971
0.032137 0.902668
0.032236 0.902365
0.032335 0.902062
0.032435 0.901759
0.032534 0.901759
0.032633 0.901455
0.032732 0.901455
0.032831 0.901455
0.032930 0.901455
0.033029 0.901455
0.033128 0.900849
0.033227 0.900546
0.033326 0.900546
0.033425 0.900546
0.033524 0.900243
0.033624 0.900243
0.033723 0.900243
0.033822 0.899939
0.033921 0.899030
0.034020 0.899030
0.034119 0.898423
0.034218 0.898423
0.034317 0.897817
0.034416 0.897817
0.034515 0.897210
0.034614 0.896907
0.034713 0.896907
0.034812 0.895998
0.034912 0.895694
0.035011 0.895088
0.035110 0.894785
0.035209 0.894482
0.035308 0.894482
0.035407 0.894482
0.035506 0.894178
0.035605 0.894178
0.035704 0.893572
0.035803 0.893572
0.035902 0.893269
0.036001 0.892359
0.036101 0.892359
0.036200 0.891753
0.036299 0.890843
0.036398 0.890540
0.036497 0.890540
0.036596 0.890540
0.036695 0.890237
0.036794 0.890237
0.036893 0.889933
0.036992 0.889630
0.037091 0.889630
0.037190 0.889327
0.037289 0.888720
0.037389 0.887811
0.037488 0.887508
0.037587 0.887508
0.037686 0.887508
0.037785 0.887508
0.037884 0.887508
0.037983 0.886901
0.038082 0.886901
0.038181 0.886901
0.038280 0.886901
0.038379 0.886901
0.038478 0.886901
0.038578 0.886901
0.038677 0.886901
0.038776 0.886598
0.038875 0.886598
0.038974 0.886598
0.039073 0.886295
0.039172 0.886295
0.039271 0.885992
0.039370 0.885992
0.039469 0.885688
0.039568 0.885385
0.039667 0.885082
0.039766 0.884779
0.039866 0.884779
0.039965 0.884475
0.040064 0.884475
0.040163 0.884475
0.040262 0.884172
0.040361 0.883869
0.040460 0.883869
0.040559 0.883566
0.040658 0.883566
0.040757 0.883263
0.040856 0.882353
0.040955 0.882353
0.041055 0.882050
0.041154 0.882050
0.041253 0.882050
0.041352 0.881747
0.041451 0.881747
0.041550 0.881747
0.041649 0.881747
0.041748 0.881443
0.041847 0.881140
0.041946 0.880837
0.042045 0.880837
0.042144 0.880837
0.042243 0.880837
0.042343 0.880534
0.042442 0.879927
0.042541 0.879927
0.042640 0.879321
0.042739 0.879321
0.042838 0.879321
0.042937 0.879321
0.043036 0.879321
0.043135 0.879321
0.043234 0.879321
0.043333 0.879018
0.043432 0.879018
0.043532 0.878714
0.043631 0.878411
0.043730 0.878108
0.043829 0.878108
0.043928 0.878108
0.044027 0.878108
0.044126 0.878108
0.044225 0.877805
0.044324 0.877502
0.044423 0.877198
0.044522 0.876592
0.044621 0.876592
0.044720 0.876289
0.044820 0.876289
0.044919 0.876289
0.045018 0.876289
0.045117 0.876289
0.045216 0.875682
0.045315 0.875379
0.045414 0.875379
0.045513 0.875076
0.045612 0.874469
0.045711 0.874166
0.045810 0.873863
0.045909 0.873863
0.046009 0.873863
0.046108 0.873863
0.046207 0.873863
0.046306 0.873863
0.046405 0.873863
0.046504 0.873560
0.046603 0.872953
0.046702 0.872650
0.046801 0.872650
0.046900 0.872347
0.046999 0.872347
0.047098 0.871740
0.047197 0.871740
0.047297 0.871740
0.047396 0.871437
0.047495 0.871437
0.047594 0.871134
0.047693 0.871134
0.047792 0.870831
0.047891 0.870224
0.047990 0.869921
0.048089 0.869921
0.048188 0.869618
0.048287 0.869618
0.048386 0.869618
0.048486 0.869618
0.048585 0.869618
0.048684 0.869012
0.048783 0.869012
0.048882 0.868708
0.048981 0.868405
0.049080 0.868102
0.049179 0.868102
0.049278 0.868102
0.049377 0.867799
0.049476 0.867495
0.049575 0.867192
0.049674 0.867192
0.049774 0.866889
0.049873 0.866889
0.049972 0.866889
0.050071 0.866889
0.050170 0.866586
0.050269 0.866586
0.050368 0.866283
0.050467 0.865676
0.050566 0.865676
0.050665 0.865373
0.050764 0.865373
0.050863 0.865373
0.050963 0.865373
0.051062 0.864463
0.051161 0.864463
0.051260 0.863857
0.051359 0.863857
0.051458 0.863857
0.051557 0.863857
0.051656 0.863857
0.051755 0.863857
0.051854 0.863857
0.051953 0.863857
0.052052 0.863857
0.052151 0.863250
0.052251 0.863250
0.052350 0.863250
0.052449 0.862947
0.052548 0.862947
0.052647 0.862947
0.052746 0.862947
0.052845 0.862947
0.052944 0.862947
0.053043 0.862947
0.053142 0.862947
0.053241 0.862341
0.053340 0.862038
0.053440 0.861431
0.053539 0.861128
0.053638 0.861128
0.053737 0.861128
0.053836 0.861128
0.053935 0.860522
0.054034 0.860218
0.054133 0.859915
0.054232 0.859612
0.054331 0.859612
0.054430 0.859612
0.054529 0.859612
0.054628 0.859612
0.054728 0.859612
0.054827 0.859005
0.054926 0.858702
0.055025 0.858702
0.055124 0.858702
0.055223 0.858399
0.055322 0.858399
0.055421 0.858399
0.055520 0.858399
0.055619 0.858096
0.055718 0.858096
0.055817 0.857793
0.055917 0.857186
0.056016 0.856883
0.056115 0.856580
0.056214 0.856580
0.056313 0.856580
0.056412 0.856580
0.056511 0.856580
0.056610 0.856580
0.056709 0.856277
0.056808 0.856277
0.056907 0.855973
0.057006 0.855367
0.057105 0.855064
0.057205 0.855064
0.057304 0.854457
0.057403 0.854457
0.057502 0.854154
0.057601 0.853548
0.057700 0.853548
0.057799 0.853548
0.057898 0.853548
0.057997 0.852941
0.058096 0.852941
0.058195 0.852941
0.058294 0.852941
0.058394 0.852941
0.058493 0.852941
0.058592 0.852335
0.058691 0.852032
0.058790 0.852032
0.058889 0.851728
0.058988 0.851728
0.059087 0.851728
0.059186 0.851728
0.059285 0.851728
0.059384 0.851728
0.059483 0.851425
0.059582 0.851425
0.059682 0.851425
0.059781 0.851425
0.059880 0.851122
0.059979 0.851122
0.060078 0.851122
0.060177 0.851122
0.060276 0.850819
0.060375 0.850212
0.060474 0.850212
0.060573 0.849909
0.060672 0.849606
0.060771 0.849606
0.060871 0.849606
0.060970 0.849606
0.061069 0.849606
0.061168 0.848999
0.061267 0.848999
0.061366 0.848090
0.061465 0.847787
0.061564 0.847787
0.061663 0.847787
0.061762 0.847787
0.061861 0.847787
0.061960 0.846877
0.062060 0.846574
0.062159 0.846574
0.062258 0.846270
0.062357 0.845967
0.062456 0.845664
0.062555 0.845361
0.062654 0.844754
0.062753 0.844451
0.062852 0.843238
0.062951 0.843238
0.063050 0.843238
0.063149 0.843238
0.063248 0.842935
0.063348 0.842935
0.063447 0.842632
0.063546 0.842329
0.063645 0.842329
0.063744 0.841419
0.063843 0.841419
0.063942 0.841419
0.064041 0.841116
0.064140 0.841116
0.064239 0.841116
0.064338 0.841116
0.064437 0.841116
0.064537 0.841116
0.064636 0.841116
0.064735 0.841116
0.064834 0.841116
0.064933 0.841116
0.065032 0.841116
0.065131 0.841116
0.065230 0.841116
0.065329 0.841116
0.065428 0.841116
0.065527 0.840813
0.065626 0.840813
0.065725 0.840509
0.065825 0.840206
0.065924 0.840206
0.066023 0.839903
0.066122 0.839600
0.066221 0.839600
0.066320 0.839600
0.066419 0.839297
0.066518 0.838387
0.066617 0.838387
0.066716 0.837780
0.066815 0.836568
0.066914 0.836264
0.067014 0.835961
0.067113 0.835961
0.067212 0.835961
0.067311 0.835961
0.067410 0.835658
0.067509 0.835658
0.067608 0.834748
0.067707 0.834748
0.067806 0.834748
0.067905 0.833839
0.068004 0.833535
0.068103 0.833535
0.068202 0.833232
0.068302 0.832929
0.068401 0.832929
0.068500 0.832929
0.068599 0.832929
0.068698 0.832929
0.068797 0.832019
0.068896 0.832019
0.068995 0.831716
0.069094 0.831716
0.069193 0.831413
0.069292 0.831413
0.069391 0.830807
0.069491 0.830807
0.069590 0.830807
0.069689 0.830807
0.069788 0.830807
0.069887 0.830807
0.069986 0.830200
0.070085 0.830200
0.070184 0.830200
0.070283 0.830200
0.070382 0.830200
0.070481 0.830200
0.070580 0.830200
0.070679 0.829897
0.070779 0.829897
0.070878 0.829290
0.070977 0.829290
0.071076 0.829290
0.071175 0.828987
0.071274 0.828987
0.071373 0.828987
0.071472 0.828078
0.071571 0.828078
0.071670 0.828078
0.071769 0.827774
0.071868 0.827471
0.071968 0.827471
0.072067 0.827471
0.072166 0.827168
0.072265 0.826562
0.072364 0.826562
0.072463 0.826258
0.072562 0.825955
0.072661 0.825652
0.072760 0.825652
0.072859 0.825349
0.072958 0.825349
0.073057 0.825349
0.073156 0.825045
0.073256 0.824742
0.073355 0.824742
0.073454 0.824439
0.073553 0.823833
0.073652 0.823529
0.073751 0.823529
0.073850 0.823529
0.073949 0.823529
0.074048 0.823226
0.074147 0.823226
0.074246 0.823226
0.074345 0.823226
0.074445 0.822923
0.074544 0.822317
0.074643 0.822317
0.074742 0.822013
0.074841 0.822013
0.074940 0.822013
0.075039 0.821710
0.075138 0.821710
0.075237 0.821710
0.075336 0.821710
0.075435 0.821710
0.075534 0.821710
0.075633 0.821407
0.075733 0.821407
0.075832 0.821407
0.075931 0.820497
0.076030 0.820497
0.076129 0.820194
0.076228 0.819891
0.076327 0.819891
0.076426 0.819588
0.076525 0.819284
0.076624 0.819284
0.076723 0.819284
0.076822 0.818981
0.076922 0.818981
0.077021 0.818981
0.077120 0.818981
0.077219 0.818981
0.077318 0.818678
0.077417 0.818678
0.077516 0.818375
0.077615 0.818375
0.077714 0.818375
0.077813 0.818375
0.077912 0.818072
0.078011 0.818072
0.078110 0.818072
0.078210 0.818072
0.078309 0.818072
0.078408 0.817768
0.078507 0.817768
0.078606 0.817768
0.078705 0.817768
0.078804 0.817162
0.078903 0.816555
0.079002 0.816252
0.079101 0.816252
0.079200 0.815949
0.079299 0.815646
0.079399 0.815646
0.079498 0.815646
0.079597 0.815343
0.079696 0.815343
0.079795 0.815343
0.079894 0.815343
0.079993 0.815343
0.080092 0.815343
0.080191 0.815343
0.080290 0.815039
0.080389 0.814433
0.080488 0.814433
0.080587 0.814130
0.080687 0.814130
0.080786 0.813827
0.080885 0.813220
0.080984 0.813220
0.081083 0.812917
0.081182 0.812614
0.081281 0.812614
0.081380 0.812310
0.081479 0.812310
0.081578 0.812310
0.081677 0.812310
0.081776 0.812310
0.081876 0.812310
0.081975 0.812310
0.082074 0.812007
0.082173 0.812007
0.082272 0.811704
0.082371 0.811704
0.082470 0.811704
0.082569 0.811704
0.082668 0.811704
0.082767 0.811704
0.082866 0.811704
0.082965 0.811098
0.083064 0.811098
0.083164 0.811098
0.083263 0.811098
0.083362 0.811098
0.083461 0.810491
0.083560 0.810491
0.083659 0.810491
0.083758 0.810188
0.083857 0.810188
0.083956 0.810188
0.084055 0.809582
0.084154 0.809278
0.084253 0.809278
0.084353 0.809278
0.084452 0.808975
0.084551 0.808672
0.084650 0.808672
0.084749 0.808672
0.084848 0.808672
0.084947 0.808369
0.085046 0.808369
0.085145 0.808369
0.085244 0.807762
0.085343 0.807459
0.085442 0.807459
0.085541 0.807156
0.085641 0.807156
0.085740 0.806853
0.085839 0.806853
0.085938 0.806853
0.086037 0.806246
0.086136 0.805943
0.086235 0.805943
0.086334 0.805943
0.086433 0.805640
0.086532 0.805640
0.086631 0.805640
0.086730 0.805640
0.086830 0.805640
0.086929 0.805337
0.087028 0.805337
0.087127 0.804730
0.087226 0.804730
0.087325 0.804730
0.087424 0.804730
0.087523 0.804124
0.087622 0.803820
0.087721 0.802911
0.087820 0.802911
0.087919 0.802911
0.088018 0.802608
0.088118 0.802608
0.088217 0.802608
0.088316 0.802304
0.088415 0.802001
0.088514 0.801698
0.088613 0.801698
0.088712 0.800788
0.088811 0.800788
0.088910 0.800788
0.089009 0.800485
0.089108 0.799879
0.089207 0.799272
0.089307 0.798363
0.089406 0.798363
0.089505 0.798363
0.089604 0.798059
0.089703 0.798059
0.089802 0.797756
0.089901 0.797756
0.090000 0.797453
0.090099 0.797150
0.090198 0.797150
0.090297 0.797150
0.090396 0.797150
0.090495 0.797150
0.090595 0.796847
0.090694 0.796543
0.090793 0.796543
0.090892 0.796240
0.090991 0.795634
0.091090 0.795331
0.091189 0.795027
0.091288 0.795027
0.091387 0.795027
0.091486 0.795027
0.091585 0.795027
0.091684 0.795027
0.091784 0.795027
0.091883 0.794724
0.091982 0.794724
0.092081 0.794724
0.092180 0.794724
0.092279 0.794724
0.092378 0.794421
0.092477 0.794421
0.092576 0.794118
0.092675 0.794118
0.092774 0.794118
0.092873 0.794118
0.092973 0.793814
0.093072 0.793814
0.093171 0.793814
0.093270 0.793814
0.093369 0.793814
0.093468 0.793511
0.093567 0.793511
0.093666 0.793208
0.093765 0.793208
0.093864 0.792905
0.093963 0.792905
0.094062 0.792905
0.094161 0.792905
0.094261 0.792602
0.094360 0.792602
0.094459 0.791995
0.094558 0.791692
0.094657 0.791086
0.094756 0.791086
0.094855 0.791086
0.094954 0.790479
0.095053 0.790479
0.095152 0.790176
0.095251 0.790176
0.095350 0.790176
0.095450 0.789569
0.095549 0.789569
0.095648 0.789569
0.095747 0.789266
0.095846 0.788357
0.095945 0.788357
0.096044 0.788357
0.096143 0.788053
0.096242 0.788053
0.096341 0.787750
0.096440 0.787750
0.096539 0.787750
0.096638 0.787447
0.096738 0.787144
0.096837 0.786841
0.096936 0.786537
0.097035 0.786537
0.097134 0.785628
0.097233 0.785628
0.097332 0.785324
0.097431 0.785324
0.097530 0.785324
0.097629 0.785021
0.097728 0.784415
0.097827 0.784415
0.097927 0.784112
0.098026 0.784112
0.098125 0.784112
0.098224 0.784112
0.098323 0.784112
0.098422 0.783505
0.098521 0.783505
0.098620 0.783505
0.098719 0.783202
0.098818 0.783202
0.098917 0.782899
0.099016 0.782596
0.099115 0.782292
0.099215 0.782292
0.099314 0.781686
0.099413 0.781079
0.099512 0.781079
0.099611 0.780776
0.099710 0.780473
0.099809 0.780170
0.099908 0.779867
0.100007 0.779260
0.100106 0.778957
0.100205 0.778654
0.100304 0.778351
0.100404 0.778351
0.100503 0.778047
0.100602 0.778047
0.100701 0.778047
0.100800 0.777744
0.100899 0.777744
0.100998 0.777441
0.101097 0.777138
0.101196 0.777138
0.101295 0.777138
0.101394 0.776531
0.101493 0.776531
0.101592 0.776531
0.101692 0.776228
0.101791 0.775925
0.101890 0.775318
0.101989 0.775015
0.102088 0.774712
0.102187 0.774712
0.102286 0.774409
0.102385 0.774409
0.102484 0.774409
0.102583 0.774409
0.102682 0.774409
0.102781 0.774106
0.102881 0.773802
0.102980 0.773802
0.103079 0.773196
0.103178 0.772589
0.103277 0.772589
0.103376 0.772589
0.103475 0.772589
0.103574 0.772589
0.103673 0.772589
0.103772 0.772589
0.103871 0.772589
0.103970 0.771983
0.104069 0.771377
0.104169 0.771377
0.104268 0.771377
0.104367 0.771073
0.104466 0.770467
0.104565 0.770467
0.104664 0.770164
0.104763 0.770164
0.104862 0.769861
0.104961 0.769861
0.105060 0.769861
0.105159 0.769861
0.105258 0.769861
0.105358 0.769254
0.105457 0.769254
0.105556 0.769254
0.105655 0.768951
0.105754 0.768951
0.105853 0.768951
0.105952 0.768951
0.106051 0.768951
0.106150 0.768951
0.106249 0.768951
0.106348 0.768648
0.106447 0.768344
0.106546 0.768344
0.106646 0.768041
0.106745 0.768041
0.106844 0.767738
0.106943 0.767435
0.107042 0.767435
0.107141 0.767132
0.107240 0.766222
0.107339 0.766222
0.107438 0.766222
0.107537 0.765919
0.107636 0.765616
0.107735 0.765616
0.107835 0.765616
0.107934 0.765616
0.108033 0.765616
0.108132 0.764706
0.108231 0.764099
0.108330 0.763493
0.108429 0.763190
0.108528 0.762887
0.108627 0.762583
0.108726 0.762280
0.108825 0.761977
0.108924 0.761977
0.109023 0.761977
0.109123 0.761674
0.109222 0.761674
0.109321 0.761674
0.109420 0.761674
0.109519 0.761067
0.109618 0.761067
0.109717 0.760461
0.109816 0.760158
0.109915 0.760158
0.110014 0.760158
0.110113 0.760158
0.110212 0.759854
0.110312 0.759854
0.110411 0.759248
0.110510 0.759248
0.110609 0.758945
0.110708 0.758642
0.110807 0.758642
0.110906 0.758642
0.111005 0.758642
0.111104 0.758642
0.111203 0.758642
0.111302 0.758642
0.111401 0.758338
0.111500 0.758338
0.111600 0.758338
0.111699 0.758338
0.111798 0.758035
0.111897 0.758035
0.111996 0.758035
0.112095 0.758035
0.112194 0.758035
0.112293 0.757732
0.112392 0.757126
0.112491 0.757126
0.112590 0.756822
0.112689 0.756519
0.112789 0.756519
0.112888 0.756216
0.112987 0.755913
0.113086 0.755913
0.113185 0.755913
0.113284 0.755609
0.113383 0.755609
0.113482 0.755306
0.113581 0.755003
0.113680 0.754397
0.113779 0.754397
0.113878 0.754397
0.113977 0.754093
0.114077 0.754093
0.114176 0.753790
0.114275 0.753790
0.114374 0.753487
0.114473 0.753487
0.114572 0.753184
0.114671 0.753184
0.114770 0.753184
0.114869 0.753184
0.114968 0.753184
0.115067 0.753184
0.115166 0.753184
0.115266 0.753184
0.115365 0.753184
0.115464 0.752577
0.115563 0.752577
0.115662 0.752274
0.115761 0.752274
0.115860 0.752274
0.115959 0.752274
0.116058 0.751668
0.116157 0.751364
0.116256 0.751364
0.116355 0.751364
0.116454 0.751364
0.116554 0.751061
0.116653 0.751061
0.116752 0.750758
0.116851 0.750758
0.116950 0.750455
0.117049 0.750455
0.117148 0.750455
0.117247 0.750152
0.117346 0.750152
0.117445 0.750152
0.117544 0.750152
0.117643 0.749848
0.117743 0.749848
0.117842 0.749545
0.117941 0.749242
0.118040 0.749242
0.118139 0.749242
0.118238 0.749242
0.118337 0.748636
0.118436 0.748332
0.118535 0.748332
0.118634 0.748332
0.118733 0.748332
0.118832 0.748029
0.118931 0.747726
0.119031 0.747726
0.119130 0.747726
0.119229 0.747726
0.119328 0.747423
0.119427 0.747119
0.119526 0.747119
0.119625 0.747119
0.119724 0.747119
0.119823 0.746816
0.119922 0.746513
0.120021 0.746210
0.120120 0.745907
0.120220 0.745603
0.120319 0.745300
0.120418 0.745300
0.120517 0.745300
0.120616 0.744997
0.120715 0.744694
0.120814 0.744694
0.120913 0.744694
0.121012 0.744391
0.121111 0.743784
0.121210 0.743481
0.121309 0.743481
0.121408 0.743178
0.121508 0.743178
0.121607 0.742874
0.121706 0.742874
0.121805 0.742571
0.121904 0.742571
0.122003 0.742571
0.122102 0.742268
0.122201 0.741965
0.122300 0.741965
0.122399 0.741358
0.122498 0.741055
0.122597 0.741055
0.122697 0.740449
0.122796 0.740449
0.122895 0.740449
0.122994 0.740449
0.123093 0.740146
0.123192 0.739842
0.123291 0.739842
0.123390 0.739842
0.123489 0.739842
0.123588 0.739842
0.123687 0.739842
0.123786 0.739539
0.123886 0.739539
0.123985 0.739236
0.124084 0.739236
0.124183 0.739236
0.124282 0.738933
0.124381 0.738629
0.124480 0.738326
0.124579 0.738023
0.124678 0.738023
0.124777 0.737720
0.124876 0.737720
0.124975 0.737417
0.125074 0.737417
0.125174 0.737417
0.125273 0.737113
0.125372 0.737113
0.125471 0.737113
0.125570 0.737113
0.125669 0.736810
0.125768 0.736810
0.125867 0.736810
0.125966 0.736507
0.126065 0.736507
0.126164 0.736507
0.126263 0.736507
0.126363 0.736204
0.126462 0.736204
0.126561 0.736204
0.126660 0.736204
0.126759 0.736204
0.126858 0.736204
0.126957 0.735901
0.127056 0.735294
0.127155 0.735294
0.127254 0.734991
0.127353 0.734384
0.127452 0.734384
0.127551 0.734081
0.127651 0.733778
0.127750 0.733778
0.127849 0.733778
0.127948 0.733778
0.128047 0.733778
0.128146 0.733778
0.128245 0.733475
0.128344 0.733172
0.128443 0.733172
0.128542 0.733172
0.128641 0.733172
0.128740 0.733172
0.128840 0.732868
0.128939 0.732565
0.129038 0.732565
0.129137 0.732262
0.129236 0.731959
0.129335 0.731656
0.129434 0.731352
0.129533 0.731049
0.129632 0.731049
0.129731 0.730443
0.129830 0.730139
0.129929 0.730139
0.130028 0.729836
0.130128 0.729533
0.130227 0.729230
0.130326 0.729230
0.130425 0.729230
0.130524 0.728623
0.130623 0.728320
0.130722 0.728320
0.130821 0.728320
0.130920 0.728017
0.131019 0.727714
0.131118 0.727411
0.131217 0.727411
0.131317 0.727411
0.131416 0.726804
0.131515 0.726804
0.131614 0.726804
0.131713 0.726804
0.131812 0.726804
0.131911 0.726501
0.132010 0.726198
0.132109 0.726198
0.132208 0.726198
0.132307 0.726198
0.132406 0.725894
0.132505 0.725591
0.132605 0.724985
0.132704 0.724985
0.132803 0.724985
0.132902 0.724985
0.133001 0.724985
0.133100 0.724682
0.133199 0.724682
0.133298 0.724682
0.133397 0.724682
0.133496 0.724378
0.133595 0.724075
0.133694 0.724075
0.133794 0.724075
0.133893 0.724075
0.133992 0.724075
0.134091 0.724075
0.134190 0.724075
0.134289 0.723772
0.134388 0.723772
0.134487 0.723772
0.134586 0.722862
0.134685 0.722862
0.134784 0.722559
0.134883 0.722559
0.134982 0.722559
0.135082 0.722256
0.135181 0.722256
0.135280 0.722256
0.135379 0.722256
0.135478 0.722256
0.135577 0.722256
0.135676 0.722256
0.135775 0.722256
0.135874 0.721953
0.135973 0.721649
0.136072 0.721649
0.136171 0.721649
0.136271 0.721649
0.136370 0.721346
0.136469 0.721346
0.136568 0.721346
0.136667 0.721043
0.136766 0.720740
0.136865 0.720437
0.136964 0.720437
0.137063 0.720133
0.137162 0.719527
0.137261 0.719527
0.137360 0.719527
0.137459 0.719527
0.137559 0.719527
0.137658 0.719224
0.137757 0.719224
0.137856 0.719224
0.137955 0.719224
0.138054 0.719224
0.138153 0.719224
0.138252 0.719224
0.138351 0.718921
0.138450 0.718921
0.138549 0.718617
0.138648 0.718011
0.138748 0.718011
0.138847 0.718011
0.138946 0.718011
0.139045 0.718011
0.139144 0.718011
0.139243 0.718011
0.139342 0.718011
0.139441 0.717708
0.139540 0.717404
0.139639 0.717101
0.139738 0.717101
0.139837 0.717101
0.139936 0.716798
0.140036 0.716798
0.140135 0.716495
0.140234 0.716495
0.140333 0.716495
0.140432 0.716192
0.140531 0.716192
0.140630 0.715888
0.140729 0.715585
0.140828 0.715282
0.140927 0.715282
0.141026 0.714979
0.141125 0.714676
0.141225 0.714676
0.141324 0.714372
0.141423 0.714372
0.141522 0.714069
0.141621 0.713463
0.141720 0.713463
0.141819 0.713159
0.141918 0.713159
0.142017 0.712553
0.142116 0.712250
0.142215 0.711947
0.142314 0.711947
0.142413 0.711643
0.142513 0.711643
0.142612 0.711643
0.142711 0.711643
0.142810 0.711037
0.142909 0.710734
0.143008 0.710431
0.143107 0.710431
0.143206 0.710431
0.143305 0.710127
0.143404 0.710127
0.143503 0.710127
0.143602 0.710127
0.143702 0.709521
0.143801 0.709521
0.143900 0.709521
0.143999 0.709521
0.144098 0.708914
0.144197 0.708611
0.144296 0.708611
0.144395 0.708611
0.144494 0.708611
0.144593 0.708611
0.144692 0.708611
0.144791 0.708308
0.144890 0.707702
0.144990 0.707702
0.145089 0.707702
0.145188 0.707702
0.145287 0.707702
0.145386 0.707702
0.145485 0.707702
0.145584 0.707702
0.145683 0.707398
0.145782 0.707398
0.145881 0.707398
0.145980 0.707398
0.146079 0.707095
0.146179 0.706489
0.146278 0.706186
0.146377 0.705579
0.146476 0.705276
0.146575 0.704669
0.146674 0.704366
0.146773 0.704366
0.146872 0.704366
0.146971 0.704366
0.147070 0.703760
0.147169 0.703760
0.147268 0.703760
0.147367 0.703760
0.147467 0.703457
0.147566 0.703457
0.147665 0.703153
0.147764 0.703153
0.147863 0.703153
0.147962 0.702547
0.148061 0.702244
0.148160 0.701941
0.148259 0.701941
0.148358 0.701941
0.148457 0.701941
0.148556 0.701941
0.148656 0.701637
0.148755 0.701637
0.148854 0.701334
0.148953 0.701334
0.149052 0.701334
0.149151 0.701334
0.149250 0.701334
0.149349 0.701334
0.149448 0.701334
0.149547 0.701031
0.149646 0.700728
0.149745 0.700728
0.149844 0.700424
0.149944 0.700424
0.150043 0.700424
0.150142 0.700424
0.150241 0.700424
0.150340 0.700424
0.150439 0.700424
0.150538 0.699515
0.150637 0.699515
0.150736 0.699515
0.150835 0.699515
0.150934 0.699515
0.151033 0.699515
0.151133 0.699515
0.151232 0.698908
0.151331 0.698908
0.151430 0.698605
0.151529 0.697999
0.151628 0.697999
0.151727 0.697696
0.151826 0.697696
0.151925 0.697392
0.152024 0.697392
0.152123 0.697089
0.152222 0.697089
0.152321 0.697089
0.152421 0.697089
0.152520 0.697089
0.152619 0.697089
0.152718 0.697089
0.152817 0.696786
0.152916 0.696786
0.153015 0.696786
0.153114 0.696180
0.153213 0.696180
0.153312 0.696180
0.153411 0.695876
0.153510 0.695876
0.153610 0.695573
0.153709 0.695573
0.153808 0.695573
0.153907 0.695573
0.154006 0.695270
0.154105 0.695270
0.154204 0.695270
0.154303 0.694663
0.154402 0.694360
0.154501 0.694360
0.154600 0.694057
0.154699 0.693754
0.154799 0.693754
0.154898 0.693451
0.154997 0.693147
0.155096 0.693147
0.155195 0.693147
0.155294 0.692844
0.155393 0.692541
0.155492 0.691935
0.155591 0.691935
0.155690 0.691631
0.155789 0.691631
0.155888 0.691631
0.155987 0.691631
0.156087 0.691631
0.156186 0.691328
0.156285 0.691328
0.156384 0.691328
0.156483 0.690722
0.156582 0.690722
0.156681 0.690418
0.156780 0.690418
0.156879 0.690418
0.156978 0.690418
0.157077 0.690418
0.157176 0.690115
0.157276 0.689812
0.157375 0.689812
0.157474 0.689812
0.157573 0.689509
0.157672 0.688296
0.157771 0.687993
0.157870 0.687690
0.157969 0.687690
0.158068 0.687690
0.158167 0.687386
0.158266 0.687083
0.158365 0.686780
0.158464 0.686477
0.158564 0.686477
0.158663 0.685870
0.158762 0.685264
0.158861 0.685264
0.158960 0.684657
0.159059 0.684657
0.159158 0.684051
0.159257 0.683445
0.159356 0.683445
0.159455 0.683445
0.159554 0.683445
0.159653 0.683141
0.159753 0.682838
0.159852 0.682838
0.159951 0.682838
0.160050 0.682535
0.160149 0.682535
0.160248 0.682232
0.160347 0.682232
0.160446 0.681928
0.160545 0.681928
0.160644 0.681625
0.160743 0.681019
0.160842 0.681019
0.160941 0.680716
0.161041 0.680716
0.161140 0.680412
0.161239 0.680412
0.161338 0.680109
0.161437 0.680109
0.161536 0.680109
0.161635 0.680109
0.161734 0.679806
0.161833 0.679503
0.161932 0.679200
0.162031 0.678896
0.162130 0.678896
0.162230 0.678593
0.162329 0.678290
0.162428 0.678290
0.162527 0.678290
0.162626 0.678290
0.162725 0.678290
0.162824 0.678290
0.162923 0.678290
0.163022 0.678290
0.163121 0.678290
0.163220 0.678290
0.163319 0.678290
0.163418 0.677683
0.163518 0.677380
0.163617 0.677380
0.163716 0.677077
0.163815 0.676774
0.163914 0.676167
0.164013 0.676167
0.164112 0.675561
0.164211 0.675561
0.164310 0.675258
0.164409 0.674955
0.164508 0.674651
0.164607 0.674348
0.164707 0.674348
0.164806 0.674348
0.164905 0.674045
0.165004 0.674045
0.165103 0.674045
0.165202 0.674045
0.165301 0.674045
0.165400 0.674045
0.165499 0.674045
0.165598 0.674045
0.165697 0.673742
0.165796 0.673438
0.165895 0.673135
0.165995 0.673135
0.166094 0.672529
0.166193 0.672529
0.166292 0.672529
0.166391 0.672529
0.166490 0.672529
0.166589 0.672529
0.166688 0.672226
0.166787 0.672226
0.166886 0.672226
0.166985 0.671619
0.167084 0.671316
0.167184 0.671013
0.167283 0.671013
0.167382 0.670710
0.167481 0.670710
0.167580 0.670406
0.167679 0.670406
0.167778 0.670406
0.167877 0.670103
0.167976 0.670103
0.168075 0.669800
0.168174 0.669800
0.168273 0.669800
0.168372 0.669497
0.168472 0.669193
0.168571 0.668890
0.168670 0.668890
0.168769 0.668890
0.168868 0.668890
0.168967 0.668587
0.169066 0.668587
0.169165 0.668587
0.169264 0.668284
0.169363 0.668284
0.169462 0.668284
0.169561 0.667677
0.169661 0.667374
0.169760 0.667374
0.169859 0.667374
0.169958 0.667071
0.170057 0.667071
0.170156 0.666465
0.170255 0.666465
0.170354 0.666465
0.170453 0.666465
0.170552 0.666465
0.170651 0.666465
0.170750 0.666465
0.170849 0.666161
0.170949 0.665858
0.171048 0.665858
0.171147 0.665555
0.171246 0.665252
0.171345 0.664948
0.171444 0.664645
0.171543 0.664645
0.171642 0.664645
0.171741 0.664645
0.171840 0.664342
0.171939 0.664039
0.172038 0.663736
0.172138 0.663736
0.172237 0.663736
0.172336 0.663129
0.172435 0.663129
0.172534 0.663129
0.172633 0.663129
0.172732 0.663129
0.172831 0.663129
0.172930 0.663129
0.173029 0.662826
0.173128 0.662523
0.173227 0.662220
0.173326 0.662220
0.173426 0.661916
0.173525 0.661916
0.173624 0.661310
0.173723 0.661007
0.173822 0.660703
0.173921 0.660703
0.174020 0.660400
0.174119 0.660400
0.174218 0.660097
0.174317 0.660097
0.174416 0.660097
0.174515 0.660097
0.174615 0.659794
0.174714 0.659491
0.174813 0.659491
0.174912 0.659187
0.175011 0.659187
0.175110 0.659187
0.175209 0.658884
0.175308 0.658884
0.175407 0.658581
0.175506 0.658581
0.175605 0.658581
0.175704 0.658581
0.175803 0.658278
0.175903 0.658278
0.176002 0.657975
0.176101 0.657671
0.176200 0.657368
0.176299 0.657368
0.176398 0.657065
0.176497 0.657065
0.176596 0.657065
0.176695 0.657065
0.176794 0.657065
0.176893 0.657065
0.176992 0.656762
0.177092 0.656458
0.177191 0.656458
0.177290 0.656155
0.177389 0.655852
0.177488 0.655852
0.177587 0.655549
0.177686 0.655549
0.177785 0.655549
0.177884 0.655549
0.177983 0.655549
0.178082 0.655549
0.178181 0.655549
0.178280 0.655549
0.178380 0.655246
0.178479 0.655246
0.178578 0.654942
0.178677 0.654942
0.178776 0.654639
0.178875 0.654336
0.178974 0.654033
0.179073 0.653730
0.179172 0.652820
0.179271 0.652517
0.179370 0.652213
0.179469 0.651910
0.179569 0.651910
0.179668 0.651910
0.179767 0.651910
0.179866 0.651910
0.179965 0.651607
0.180064 0.651607
0.180163 0.651607
0.180262 0.651607
0.180361 0.651607
0.180460 0.651304
0.180559 0.651304
0.180658 0.651304
0.180757 0.651304
0.180857 0.651001
0.180956 0.650697
0.181055 0.650697
0.181154 0.650697
0.181253 0.650394
0.181352 0.650394
0.181451 0.650394
0.181550 0.650394
0.181649 0.650394
0.181748 0.650394
0.181847 0.650091
0.181946 0.650091
0.182046 0.649788
0.182145 0.649788
0.182244 0.649485
0.182343 0.649485
0.182442 0.649485
0.182541 0.649181
0.182640 0.649181
0.182739 0.649181
0.182838 0.649181
0.182937 0.648878
0.183036 0.648878
0.183135 0.647968
0.183234 0.647968
0.183334 0.647665
0.183433 0.647665
0.183532 0.647665
0.183631 0.647665
0.183730 0.647665
0.183829 0.647665
0.183928 0.647665
0.184027 0.647665
0.184126 0.647665
0.184225 0.647362
0.184324 0.647059
0.184423 0.647059
0.184523 0.647059
0.184622 0.646756
0.184721 0.646756
0.184820 0.646756
0.184919 0.646452
0.185018 0.645846
0.185117 0.645846
0.185216 0.645846
0.185315 0.645543
0.185414 0.645543
0.185513 0.645240
0.185612 0.644936
0.185712 0.644936
0.185811 0.644633
0.185910 0.644633
0.186009 0.644330
0.186108 0.644330
0.186207 0.644330
0.186306 0.644330
0.186405 0.644027
0.186504 0.644027
0.186603 0.643723
0.186702 0.642814
0.186801 0.642814
0.186900 0.642511
0.187000 0.642511
0.187099 0.642207
0.187198 0.641601
0.187297 0.641601
0.187396 0.641601
0.187495 0.641601
0.187594 0.641298
0.187693 0.640995
0.187792 0.640691
0.187891 0.640388
0.187990 0.640085
0.188089 0.639175
0.188189 0.639175
0.188288 0.638569
0.188387 0.638569
0.188486 0.638266
0.188585 0.637962
0.188684 0.637962
0.188783 0.637962
0.188882 0.637659
0.188981 0.637659
0.189080 0.637659
0.189179 0.637659
0.189278 0.637659
0.189377 0.637659
0.189477 0.637659
0.189576 0.637659
0.189675 0.637356
0.189774 0.637356
0.189873 0.637053
0.189972 0.637053
0.190071 0.636750
0.190170 0.636750
0.190269 0.636143
0.190368 0.636143
0.190467 0.635840
0.190566 0.635840
0.190666 0.635840
0.190765 0.635840
0.190864 0.635840
0.190963 0.635840
0.191062 0.635840
0.191161 0.635840
0.191260 0.635840
0.191359 0.635537
0.191458 0.635233
0.191557 0.635233
0.191656 0.634930
0.191755 0.634930
0.191854 0.634930
0.191954 0.634627
0.192053 0.634627
0.192152 0.633717
0.192251 0.633414
0.192350 0.633414
0.192449 0.633111
0.192548 0.633111
0.192647 0.632808
0.192746 0.632505
0.192845 0.631898
0.192944 0.631898
0.193043 0.631595
0.193143 0.631595
0.193242 0.631292
0.193341 0.630988
0.193440 0.630988
0.193539 0.630988
0.193638 0.630988
0.193737 0.630685
0.193836 0.630685
0.193935 0.630079
0.194034 0.629776
0.194133 0.629472
0.194232 0.629472
0.194331 0.629472
0.194431 0.629472
0.194530 0.629472
0.194629 0.629472
0.194728 0.629169
0.194827 0.629169
0.194926 0.628563
0.195025 0.628563
0.195124 0.628563
0.195223 0.628563
0.195322 0.628563
0.195421 0.628563
0.195520 0.628563
0.195620 0.628260
0.195719 0.627956
0.195818 0.627956
0.195917 0.627956
0.196016 0.627956
0.196115 0.627956
0.196214 0.627653
0.196313 0.627350
0.196412 0.627350
0.196511 0.627350
0.196610 0.627047
0.196709 0.626743
0.196808 0.626743
0.196908 0.626440
0.197007 0.626440
0.197106 0.626440
0.197205 0.626440
0.197304 0.626137
0.197403 0.626137
0.197502 0.625834
0.197601 0.625531
0.197700 0.625531
0.197799 0.625531
0.197898 0.625531
0.197997 0.625227
0.198097 0.625227
0.198196 0.625227
0.198295 0.624924
0.198394 0.624621
0.198493 0.624621
0.198592 0.624621
0.198691 0.624621
0.198790 0.624015
0.198889 0.624015
0.198988 0.623408
0.199087 0.623408
0.199186 0.622802
0.199285 0.622802
0.199385 0.622498
0.199484 0.621892
0.199583 0.621892
0.199682 0.621892
0.199781 0.621589
0.199880 0.621589
0.199979 0.621589
0.200078 0.620982
0.200177 0.620376
0.200276 0.620073
0.200375 0.619770
0.200474 0.619163
0.200574 0.619163
0.200673 0.619163
0.200772 0.618557
0.200871 0.618557
0.200970 0.618557
0.201069 0.617950
0.201168 0.617950
0.201267 0.617950
0.201366 0.617950
0.201465 0.617344
0.201564 0.617344
0.201663 0.617344
0.201762 0.617041
0.201862 0.616737
0.201961 0.616737
0.202060 0.616737
0.202159 0.616131
0.202258 0.616131
0.202357 0.616131
0.202456 0.615525
0.202555 0.615525
0.202654 0.615221
0.202753 0.615221
0.202852 0.615221
0.202951 0.615221
0.203051 0.614918
0.203150 0.614918
0.203249 0.614918
0.203348 0.614918
0.203447 0.614918
0.203546 0.614918
0.203645 0.614918
0.203744 0.614918
0.203843 0.614615
0.203942 0.614615
0.204041 0.614312
0.204140 0.614312
0.204239 0.614312
0.204339 0.614312
0.204438 0.614312
0.204537 0.614008
0.204636 0.614008
0.204735 0.614008
0.204834 0.613705
0.204933 0.613705
0.205032 0.613705
0.205131 0.613705
0.205230 0.613705
0.205329 0.613705
0.205428 0.613705
0.205528 0.613402
0.205627 0.613402
0.205726 0.613402
0.205825 0.613402
0.205924 0.613099
0.206023 0.613099
0.206122 0.612796
0.206221 0.612796
0.206320 0.612796
0.206419 0.612492
0.206518 0.612189
0.206617 0.612189
0.206716 0.612189
0.206816 0.612189
0.206915 0.612189
0.207014 0.612189
0.207113 0.611886
0.207212 0.611583
0.207311 0.611583
0.207410 0.611583
0.207509 0.611583
0.207608 0.611583
0.207707 0.611583
0.207806 0.611280
0.207905 0.610976
0.208005 0.610976
0.208104 0.610673
0.208203 0.610370
0.208302 0.610370
0.208401 0.610370
0.208500 0.610370
0.208599 0.609763
0.208698 0.609763
0.208797 0.609763
0.208896 0.609460
0.208995 0.609460
0.209094 0.609157
0.209193 0.609157
0.209293 0.609157
0.209392 0.608247
0.209491 0.607944
0.209590 0.607338
0.209689 0.607338
0.209788 0.607035
0.209887 0.606428
0.209986 0.605822
0.210085 0.605518
0.210184 0.605518
0.210283 0.605215
0.210382 0.604912
0.210482 0.604912
0.210581 0.604609
0.210680 0.604002
0.210779 0.603699
0.210878 0.603699
0.210977 0.603699
0.211076 0.603396
0.211175 0.603396
0.211274 0.602486
0.211373 0.601880
0.211472 0.601880
0.211571 0.601880
0.211670 0.601880
0.211770 0.601273
0.211869 0.601273
0.211968 0.600970
0.212067 0.600970
0.212166 0.600667
0.212265 0.600667
0.212364 0.600667
0.212463 0.600364
0.212562 0.600061
0.212661 0.600061
0.212760 0.600061
0.212859 0.600061
0.212959 0.600061
0.213058 0.600061
0.213157 0.600061
0.213256 0.600061
0.213355 0.600061
0.213454 0.600061
0.213553 0.599757
0.213652 0.599454
0.213751 0.599454
0.213850 0.599454
0.213949 0.599151
0.214048 0.599151
0.214147 0.599151
0.214247 0.599151
0.214346 0.599151
0.214445 0.598848
0.214544 0.598545
0.214643 0.598241
0.214742 0.597938
0.214841 0.597635
0.214940 0.597635
0.215039 0.597635
0.215138 0.597635
0.215237 0.597635
0.215336 0.597332
0.215436 0.597332
0.215535 0.597332
0.215634 0.596725
0.215733 0.596422
0.215832 0.596422
0.215931 0.596119
0.216030 0.596119
0.216129 0.595816
0.216228 0.595512
0.216327 0.595512
0.216426 0.595209
0.216525 0.594906
0.216624 0.594603
0.216724 0.594603
0.216823 0.594603
0.216922 0.594603
0.217021 0.594603
0.217120 0.594603
0.217219 0.594300
0.217318 0.594300
0.217417 0.593693
0.217516 0.593390
0.217615 0.593390
0.217714 0.593390
0.217813 0.593390
0.217913 0.593390
0.218012 0.593087
0.218111 0.593087
0.218210 0.592784
0.218309 0.592784
0.218408 0.592784
0.218507 0.592784
0.218606 0.592784
0.218705 0.592784
0.218804 0.592480
0.218903 0.592177
0.219002 0.591874
0.219102 0.591874
0.219201 0.591571
0.219300 0.591571
0.219399 0.591571
0.219498 0.591571
0.219597 0.591571
0.219696 0.590964
0.219795 0.590661
0.219894 0.590358
0.219993 0.589751
0.220092 0.589751
0.220191 0.589751
0.220290 0.589448
0.220390 0.589145
0.220489 0.589145
0.220588 0.588539
0.220687 0.588539
0.220786 0.588539
0.220885 0.587932
0.220984 0.587629
0.221083 0.586719
0.221182 0.586719
0.221281 0.586719
0.221380 0.586416
0.221479 0.586416
0.221579 0.586416
0.221678 0.586416
0.221777 0.586416
0.221876 0.586416
0.221975 0.585506
0.222074 0.585203
0.222173 0.584900
0.222272 0.584900
0.222371 0.584597
0.222470 0.584597
0.222569 0.584597
0.222668 0.584294
0.222767 0.584294
0.222867 0.584294
0.222966 0.584294
0.223065 0.583990
0.223164 0.583990
0.223263 0.583990
0.223362 0.583384
0.223461 0.583384
0.223560 0.583384
0.223659 0.583384
0.223758 0.582777
0.223857 0.582777
0.223956 0.582777
0.224056 0.582777
0.224155 0.582777
0.224254 0.582777
0.224353 0.582777
0.224452 0.582474
0.224551 0.582474
0.224650 0.582474
0.224749 0.582171
0.224848 0.582171
0.224947 0.582171
0.225046 0.582171
0.225145 0.581868
0.225244 0.581565
0.225344 0.581565
0.225443 0.581565
0.225542 0.581261
0.225641 0.581261
0.225740 0.580958
0.225839 0.580655
0.225938 0.580049
0.226037 0.580049
0.226136 0.580049
0.226235 0.579745
0.226334 0.579442
0.226433 0.579442
0.226533 0.579442
0.226632 0.579442
0.226731 0.579442
0.226830 0.579442
0.226929 0.578836
0.227028 0.578836
0.227127 0.578836
0.227226 0.578836
0.227325 0.578532
0.227424 0.578229
0.227523 0.578229
0.227622 0.577926
0.227721 0.577623
0.227821 0.577623
0.227920 0.577623
0.228019 0.577623
0.228118 0.577623
0.228217 0.577320
0.228316 0.577320
0.228415 0.577016
0.228514 0.577016
0.228613 0.577016
0.228712 0.576713
0.228811 0.576107
0.228910 0.575804
0.229010 0.575500
0.229109 0.574894
0.229208 0.574894
0.229307 0.574591
0.229406 0.574287
0.229505 0.573984
0.229604 0.573681
0.229703 0.573681
0.229802 0.573681
0.229901 0.573681
0.230000 0.573681
0.230099 0.573075
0.230198 0.572771
0.230298 0.572771
0.230397 0.572771
0.230496 0.572468
0.230595 0.572165
0.230694 0.571255
0.230793 0.570952
0.230892 0.570649
0.230991 0.570649
0.231090 0.570649
0.231189 0.570649
0.231288 0.570042
0.231387 0.570042
0.231487 0.569739
0.231586 0.569739
0.231685 0.569436
0.231784 0.569436
0.231883 0.569436
0.231982 0.569133
0.232081 0.568830
0.232180 0.568830
0.232279 0.568830
0.232378 0.568526
0.232477 0.568526
0.232576 0.567920
0.232675 0.567920
0.232775 0.567920
0.232874 0.567920
0.232973 0.567920
0.233072 0.567920
0.233171 0.567920
0.233270 0.567920
0.233369 0.567314
0.233468 0.567314
0.233567 0.567010
0.233666 0.567010
0.233765 0.567010
0.233864 0.567010
0.233964 0.566707
0.234063 0.566404
0.234162 0.566101
0.234261 0.565797
0.234360 0.565797
0.234459 0.565797
0.234558 0.565494
0.234657 0.565191
0.234756 0.565191
0.234855 0.564888
0.234954 0.564585
0.235053 0.564585
0.235152 0.563978
0.235252 0.563675
0.235351 0.563675
0.235450 0.563675
0.235549 0.563372
0.235648 0.563372
0.235747 0.563069
0.235846 0.562159
0.235945 0.561856
0.236044 0.561249
0.236143 0.561249
0.236242 0.561249
0.236341 0.560946
0.236441 0.560946
0.236540 0.560946
0.236639 0.560643
0.236738 0.560643
0.236837 0.560643
0.236936 0.560643
0.237035 0.560643
0.237134 0.560643
0.237233 0.560643
0.237332 0.560643
0.237431 0.560643
0.237530 0.560643
0.237629 0.560340
0.237729 0.560340
0.237828 0.560036
0.237927 0.559733
0.238026 0.559733
0.238125 0.559430
0.238224 0.559430
0.238323 0.559127
0.238422 0.558824
0.238521 0.558824
0.238620 0.558520
0.238719 0.558217
0.238818 0.558217
0.238918 0.557914
0.239017 0.557914
0.239116 0.557914
0.239215 0.557307
0.239314 0.557004
0.239413 0.557004
0.239512 0.557004
0.239611 0.556701
0.239710 0.556398
0.239809 0.556398
0.239908 0.556398
0.240007 0.556398
0.240106 0.556398
0.240206 0.555791
0.240305 0.555791
0.240404 0.555185
0.240503 0.554882
0.240602 0.554579
0.240701 0.554579
0.240800 0.554275
0.240899 0.553972
0.240998 0.553972
0.241097 0.553972
0.241196 0.553972
0.241295 0.553972
0.241395 0.553669
0.241494 0.553366
0.241593 0.553366
0.241692 0.553366
0.241791 0.553062
0.241890 0.553062
0.241989 0.552759
0.242088 0.552759
0.242187 0.552153
0.242286 0.551850
0.242385 0.551850
0.242484 0.551850
0.242583 0.551850
0.242683 0.551850
0.242782 0.551850
0.242881 0.551850
0.242980 0.551850
0.243079 0.551850
0.243178 0.551850
0.243277 0.551850
0.243376 0.551850
0.243475 0.551850
0.243574 0.551546
0.243673 0.551546
0.243772 0.551546
0.243872 0.550940
0.243971 0.550940
0.244070 0.550637
0.244169 0.550637
0.244268 0.550637
0.244367 0.550030
0.244466 0.550030
0.244565 0.550030
0.244664 0.550030
0.244763 0.550030
0.244862 0.549727
0.244961 0.549727
0.245060 0.549424
0.245160 0.549121
0.245259 0.549121
0.245358 0.549121
0.245457 0.548817
0.245556 0.548817
0.245655 0.548514
0.245754 0.548514
0.245853 0.548514
0.245952 0.548514
0.246051 0.548211
0.246150 0.547605
0.246249 0.547605
0.246349 0.547605
0.246448 0.547605
0.246547 0.547605
0.246646 0.547301
0.246745 0.547301
0.246844 0.546998
0.246943 0.546695
0.247042 0.546695
0.247141 0.546695
0.247240 0.546392
0.247339 0.546089
0.247438 0.546089
0.247537 0.546089
0.247637 0.545785
0.247736 0.545482
0.247835 0.545482
0.247934 0.545482
0.248033 0.544876
0.248132 0.544876
0.248231 0.544876
0.248330 0.544876
0.248429 0.544572
0.248528 0.544572
0.248627 0.544269
0.248726 0.543966
0.248826 0.543663
0.248925 0.543663
0.249024 0.543663
0.249123 0.543663
0.249222 0.543663
0.249321 0.543360
0.249420 0.543360
0.249519 0.542753
0.249618 0.542753
0.249717 0.542450
0.249816 0.542450
0.249915 0.542450
0.250015 0.542147
0.250114 0.542147
0.250213 0.542147
0.250312 0.541540
0.250411 0.541237
0.250510 0.540934
0.250609 0.540934
0.250708 0.540934
0.250807 0.540934
0.250906 0.540631
0.251005 0.540631
0.251104 0.540631
0.251203 0.540631
0.251303 0.540327
0.251402 0.540327
0.251501 0.540024
0.251600 0.539418
0.251699 0.539418
0.251798 0.539418
0.251897 0.539418
0.251996 0.539115
0.252095 0.539115
0.252194 0.539115
0.252293 0.539115
0.252392 0.539115
0.252492 0.539115
0.252591 0.538508
0.252690 0.538508
0.252789 0.538508
0.252888 0.538205
0.252987 0.538205
0.253086 0.538205
0.253185 0.537902
0.253284 0.537295
0.253383 0.536992
0.253482 0.536992
0.253581 0.536689
0.253680 0.536689
0.253780 0.536689
0.253879 0.536689
0.253978 0.536689
0.254077 0.536689
0.254176 0.536386
0.254275 0.536386
0.254374 0.536386
0.254473 0.536082
0.254572 0.536082
0.254671 0.535779
0.254770 0.535173
0.254869 0.535173
0.254969 0.534870
0.255068 0.534870
0.255167 0.534870
0.255266 0.534870
0.255365 0.534870
0.255464 0.534870
0.255563 0.534870
0.255662 0.534566
0.255761 0.534566
0.255860 0.534566
0.255959 0.534566
0.256058 0.534263
0.256157 0.533960
0.256257 0.533960
0.256356 0.533960
0.256455 0.533657
0.256554 0.533657
0.256653 0.533354
0.256752 0.533050
0.256851 0.533050
0.256950 0.533050
0.257049 0.533050
0.257148 0.533050
0.257247 0.532747
0.257346 0.532141
0.257446 0.531837
0.257545 0.531837
0.257644 0.531534
0.257743 0.531534
0.257842 0.531231
0.257941 0.531231
0.258040 0.531231
0.258139 0.530928
0.258238 0.530321
0.258337 0.530321
0.258436 0.530321
0.258535 0.530321
0.258634 0.530018
0.258734 0.529412
0.258833 0.529109
0.258932 0.528805
0.259031 0.528805
0.259130 0.528502
0.259229 0.528199
0.259328 0.528199
0.259427 0.528199
0.259526 0.528199
0.259625 0.527896
0.259724 0.527896
0.259823 0.527896
0.259923 0.527592
0.260022 0.527592
0.260121 0.527592
0.260220 0.527592
0.260319 0.527592
0.260418 0.527592
0.260517 0.527592
0.260616 0.527289
0.260715 0.527289
0.260814 0.527289
0.260913 0.527289
0.261012 0.527289
0.261111 0.527289
0.261211 0.527289
0.261310 0.526986
0.261409 0.526683
0.261508 0.526683
0.261607 0.526683
0.261706 0.526683
0.261805 0.526380
0.261904 0.526380
0.262003 0.526076
0.262102 0.525773
0.262201 0.525773
0.262300 0.525773
0.262400 0.525470
0.262499 0.525470
0.262598 0.525167
0.262697 0.524864
0.262796 0.524864
0.262895 0.524864
0.262994 0.524864
0.263093 0.524560
0.263192 0.524257
0.263291 0.524257
0.263390 0.524257
0.263489 0.523347
0.263588 0.522741
0.263688 0.522741
0.263787 0.522741
0.263886 0.522741
0.263985 0.522741
0.264084 0.522438
0.264183 0.522135
0.264282 0.522135
0.264381 0.521831
0.264480 0.521225
0.264579 0.520922
0.264678 0.520922
0.264777 0.520922
0.264877 0.520922
0.264976 0.520922
0.265075 0.520619
0.265174 0.520619
0.265273 0.520619
0.265372 0.520619
0.265471 0.520619
0.265570 0.520012
0.265669 0.519406
0.265768 0.519102
0.265867 0.518799
0.265966 0.518799
0.266065 0.518799
0.266165 0.518799
0.266264 0.518799
0.266363 0.518799
0.266462 0.518799
0.266561 0.518193
0.266660 0.517890
0.266759 0.517890
0.266858 0.517890
0.266957 0.517890
0.267056 0.517890
0.267155 0.517890
0.267254 0.517890
0.267354 0.517890
0.267453 0.517890
0.267552 0.517890
0.267651 0.517586
0.267750 0.517586
0.267849 0.517283
0.267948 0.517283
0.268047 0.517283
0.268146 0.517283
0.268245 0.517283
0.268344 0.516980
0.268443 0.516980
0.268542 0.516980
0.268642 0.516374
0.268741 0.516070
0.268840 0.515767
0.268939 0.515464
0.269038 0.515464
0.269137 0.515464
0.269236 0.515161
0.269335 0.515161
0.269434 0.515161
0.269533 0.514857
0.269632 0.514857
0.269731 0.514857
0.269831 0.514554
0.269930 0.514554
0.270029 0.514554
0.270128 0.514251
0.270227 0.513948
0.270326 0.513948
0.270425 0.513948
0.270524 0.513341
0.270623 0.513341
0.270722 0.513038
0.270821 0.513038
0.270920 0.512735
0.271019 0.512735
0.271119 0.512432
0.271218 0.512432
0.271317 0.512129
0.271416 0.512129
0.271515 0.512129
0.271614 0.512129
0.271713 0.512129
0.271812 0.512129
0.271911 0.512129
0.272010 0.511825
0.272109 0.511825
0.272208 0.511522
0.272308 0.510916
0.272407 0.510916
0.272506 0.510916
0.272605 0.510916
0.272704 0.510309
0.272803 0.510006
0.272902 0.510006
0.273001 0.509400
0.273100 0.509096
0.273199 0.509096
0.273298 0.508793
0.273397 0.508793
0.273496 0.508793
0.273596 0.508793
0.273695 0.508793
0.273794 0.508490
0.273893 0.508187
0.273992 0.507884
0.274091 0.507884
0.274190 0.507884
0.274289 0.507580
0.274388 0.507277
0.274487 0.507277
0.274586 0.507277
0.274685 0.506974
0.274785 0.506974
0.274884 0.506671
0.274983 0.506671
0.275082 0.506671
0.275181 0.506064
0.275280 0.505761
0.275379 0.505458
0.275478 0.505458
0.275577 0.505458
0.275676 0.504851
0.275775 0.504851
0.275874 0.504851
0.275973 0.504851
0.276073 0.504851
0.276172 0.504548
0.276271 0.504548
0.276370 0.504245
0.276469 0.504245
0.276568 0.504245
0.276667 0.503942
0.276766 0.503942
0.276865 0.503942
0.276964 0.503942
0.277063 0.503335
0.277162 0.503335
0.277262 0.503032
0.277361 0.503032
0.277460 0.503032
0.277559 0.503032
0.277658 0.503032
0.277757 0.502426
0.277856 0.502122
0.277955 0.501819
0.278054 0.501516
0.278153 0.501213
0.278252 0.501213
0.278351 0.500910
0.278450 0.500910
0.278550 0.500606
0.278649 0.500303
0.278748 0.500303
0.278847 0.500303
0.278946 0.500000
0.279045 0.499697
0.279144 0.499697
0.279243 0.499697
0.279342 0.499697
0.279441 0.499697
0.279540 0.499394
0.279639 0.499090
0.279739 0.499090
0.279838 0.499090
0.279937 0.499090
0.280036 0.499090
0.280135 0.498787
0.280234 0.498484
0.280333 0.498484
0.280432 0.498181
0.280531 0.498181
0.280630 0.498181
0.280729 0.497574
0.280828 0.497271
0.280928 0.496968
0.281027 0.496968
0.281126 0.496665
0.281225 0.496361
0.281324 0.494845
0.281423 0.494542
0.281522 0.493936
0.281621 0.493329
0.281720 0.493329
0.281819 0.493329
0.281918 0.493329
0.282017 0.493329
0.282116 0.493026
0.282216 0.493026
0.282315 0.492723
0.282414 0.492723
0.282513 0.492723
0.282612 0.492420
0.282711 0.492420
0.282810 0.492420
0.282909 0.492116
0.283008 0.491813
0.283107 0.490904
0.283206 0.490600
0.283305 0.490600
0.283405 0.490600
0.283504 0.490297
0.283603 0.489994
0.283702 0.489994
0.283801 0.489994
0.283900 0.489388
0.283999 0.489388
0.284098 0.489084
0.284197 0.489084
0.284296 0.489084
0.284395 0.489084
0.284494 0.489084
0.284593 0.489084
0.284693 0.489084
0.284792 0.488478
0.284891 0.488175
0.284990 0.488175
0.285089 0.487871
0.285188 0.487568
0.285287 0.487568
0.285386 0.487265
0.285485 0.486962
0.285584 0.486659
0.285683 0.486659
0.285782 0.486659
0.285882 0.486659
0.285981 0.486659
0.286080 0.486659
0.286179 0.486355
0.286278 0.486355
0.286377 0.486355
0.286476 0.486355
0.286575 0.486355
0.286674 0.485749
0.286773 0.485749
0.286872 0.485749
0.286971 0.485446
0.287070 0.485143
0.287170 0.485143
0.287269 0.485143
0.287368 0.485143
0.287467 0.485143
0.287566 0.484839
0.287665 0.484233
0.287764 0.484233
0.287863 0.483930
0.287962 0.483930
0.288061 0.483626
0.288160 0.483323
0.288259 0.483323
0.288359 0.483020
0.288458 0.483020
0.288557 0.483020
0.288656 0.482717
0.288755 0.482717
0.288854 0.482414
0.288953 0.482110
0.289052 0.482110
0.289151 0.481807
0.289250 0.481504
0.289349 0.481504
0.289448 0.481201
0.289547 0.480594
0.289647 0.480594
0.289746 0.479988
0.289845 0.479685
0.289944 0.479381
0.290043 0.479381
0.290142 0.478775
0.290241 0.478775
0.290340 0.478775
0.290439 0.478775
0.290538 0.478472
0.290637 0.478472
0.290736 0.478472
0.290836 0.478472
0.290935 0.478472
0.291034 0.477865
0.291133 0.477865
0.291232 0.477865
0.291331 0.477562
0.291430 0.477562
0.291529 0.477562
0.291628 0.477562
0.291727 0.477259
0.291826 0.477259
0.291925 0.476956
0.292024 0.476956
0.292124 0.476349
0.292223 0.476349
0.292322 0.476349
0.292421 0.475440
0.292520 0.475440
0.292619 0.475440
0.292718 0.475440
0.292817 0.475136
0.292916 0.475136
0.293015 0.475136
0.293114 0.475136
0.293213 0.475136
0.293313 0.474833
0.293412 0.474833
0.293511 0.474833
0.293610 0.474530
0.293709 0.474227
0.293808 0.474227
0.293907 0.474227
0.294006 0.474227
0.294105 0.474227
0.294204 0.474227
0.294303 0.474227
0.294402 0.473924
0.294501 0.473620
0.294601 0.473620
0.294700 0.473317
0.294799 0.473317
0.294898 0.473317
0.294997 0.473317
0.295096 0.473014
0.295195 0.473014
0.295294 0.472711
0.295393 0.472711
0.295492 0.472711
0.295591 0.472711
0.295690 0.472711
0.295790 0.472711
0.295889 0.472408
0.295988 0.472408
0.296087 0.472104
0.296186 0.472104
0.296285 0.471801
0.296384 0.471801
0.296483 0.471801
0.296582 0.471195
0.296681 0.470891
0.296780 0.470285
0.296879 0.469982
0.296978 0.469679
0.297078 0.469679
0.297177 0.469375
0.297276 0.469375
0.297375 0.469375
0.297474 0.469375
0.297573 0.469375
0.297672 0.469072
0.297771 0.468466
0.297870 0.468466
0.297969 0.467859
0.298068 0.467253
0.298167 0.467253
0.298267 0.466950
0.298366 0.466343
0.298465 0.466343
0.298564 0.466040
0.298663 0.466040
0.298762 0.466040
0.298861 0.466040
0.298960 0.466040
0.299059 0.465737
0.299158 0.465737
0.299257 0.465434
0.299356 0.465434
0.299455 0.465434
0.299555 0.465434
0.299654 0.465130
0.299753 0.465130
0.299852 0.465130
0.299951 0.464827
0.300050 0.464827
0.300149 0.464524
0.300248 0.464221
0.300347 0.464221
0.300446 0.463918
0.300545 0.463614
0.300644 0.463614
0.300744 0.463311
0.300843 0.463311
0.300942 0.463311
0.301041 0.463008
0.301140 0.463008
0.301239 0.463008
0.301338 0.463008
0.301437 0.463008
0.301536 0.463008
0.301635 0.463008
0.301734 0.463008
0.301833 0.462705
0.301932 0.462401
0.302032 0.462401
0.302131 0.462401
0.302230 0.462098
0.302329 0.462098
0.302428 0.462098
0.302527 0.462098
0.302626 0.462098
0.302725 0.462098
0.302824 0.461795
0.302923 0.461795
0.303022 0.461795
0.303121 0.461189
0.303221 0.461189
0.303320 0.461189
0.303419 0.460885
0.303518 0.460885
0.303617 0.460885
0.303716 0.460582
0.303815 0.460582
0.303914 0.460582
0.304013 0.460582
0.304112 0.460582
0.304211 0.460582
0.304310 0.460582
0.304409 0.460582
0.304509 0.460279
0.304608 0.460279
0.304707 0.460279
0.304806 0.459976
0.304905 0.459976
0.305004 0.459976
0.305103 0.459976
0.305202 0.459369
0.305301 0.458763
0.305400 0.458460
0.305499 0.458460
0.305598 0.458156
0.305698 0.458156
0.305797 0.457550
0.305896 0.457550
0.305995 0.457550
0.306094 0.457247
0.306193 0.457247
0.306292 0.457247
0.306391 0.457247
0.306490 0.456944
0.306589 0.456944
0.306688 0.456337
0.306787 0.456337
0.306886 0.456034
0.306986 0.456034
0.307085 0.456034
0.307184 0.456034
0.307283 0.455731
0.307382 0.455428
0.307481 0.455124
0.307580 0.454821
0.307679 0.454821
0.307778 0.454518
0.307877 0.454518
0.307976 0.454518
0.308075 0.453911
0.308175 0.453608
0.308274 0.453608
0.308373 0.453305
0.308472 0.453305
0.308571 0.452699
0.308670 0.452699
0.308769 0.452699
0.308868 0.452395
0.308967 0.452092
0.309066 0.452092
0.309165 0.452092
0.309264 0.452092
0.309363 0.452092
0.309463 0.452092
0.309562 0.452092
0.309661 0.452092
0.309760 0.451789
0.309859 0.451789
0.309958 0.451789
0.310057 0.451789
0.310156 0.451789
0.310255 0.451789
0.310354 0.450879
0.310453 0.450576
0.310552 0.450576
0.310652 0.450576
0.310751 0.450576
0.310850 0.450576
0.310949 0.449970
0.311048 0.449970
0.311147 0.449970
0.311246 0.449666
0.311345 0.449363
0.311444 0.449363
0.311543 0.449060
0.311642 0.448454
0.311741 0.448150
0.311841 0.448150
0.311940 0.448150
0.312039 0.448150
0.312138 0.447847
0.312237 0.447847
0.312336 0.447847
0.312435 0.447241
0.312534 0.447241
0.312633 0.447241
0.312732 0.447241
0.312831 0.447241
0.312930 0.447241
0.313029 0.447241
0.313129 0.447241
0.313228 0.446938
0.313327 0.446938
0.313426 0.446938
0.313525 0.446938
0.313624 0.446938
0.313723 0.446938
0.313822 0.446634
0.313921 0.446634
0.314020 0.446634
0.314119 0.446331
0.314218 0.446331
0.314318 0.446028
0.314417 0.446028
0.314516 0.445725
0.314615 0.445725
0.314714 0.445725
0.314813 0.445118
0.314912 0.445118
0.315011 0.445118
0.315110 0.445118
0.315209 0.445118
0.315308 0.445118
0.315407 0.444815
0.315506 0.444512
0.315606 0.444209
0.315705 0.444209
0.315804 0.444209
0.315903 0.444209
0.316002 0.444209
0.316101 0.444209
0.316200 0.444209
0.316299 0.444209
0.316398 0.444209
0.316497 0.443905
0.316596 0.443905
0.316695 0.443905
0.316795 0.443905
0.316894 0.443905
0.316993 0.443905
0.317092 0.443905
0.317191 0.443905
0.317290 0.443602
0.317389 0.443299
0.317488 0.443299
0.317587 0.443299
0.317686 0.443299
0.317785 0.443299
0.317884 0.442996
0.317983 0.442693
0.318083 0.442693
0.318182 0.442693
0.318281 0.442693
0.318380 0.442693
0.318479 0.442693
0.318578 0.442693
0.318677 0.442389
0.318776 0.442389
0.318875 0.442086
0.318974 0.442086
0.319073 0.441480
0.319172 0.441176
0.319272 0.441176
0.319371 0.441176
0.319470 0.441176
0.319569 0.441176
0.319668 0.441176
0.319767 0.441176
0.319866 0.440873
0.319965 0.440873
0.320064 0.440873
0.320163 0.440873
0.320262 0.440873
0.320361 0.440873
0.320460 0.440570
0.320560 0.440570
0.320659 0.440570
0.320758 0.440267
0.320857 0.440267
0.320956 0.440267
0.321055 0.440267
0.321154 0.440267
0.321253 0.440267
0.321352 0.440267
0.321451 0.440267
0.321550 0.440267
0.321649 0.440267
0.321749 0.440267
0.321848 0.440267
0.321947 0.439964
0.322046 0.439964
0.322145 0.439964
0.322244 0.439660
0.322343 0.439660
0.322442 0.439357
0.322541 0.439054
0.322640 0.439054
0.322739 0.438144
0.322838 0.438144
0.322937 0.438144
0.323037 0.437841
0.323136 0.437841
0.323235 0.437841
0.323334 0.437841
0.323433 0.437841
0.323532 0.437841
0.323631 0.437538
0.323730 0.437235
0.323829 0.437235
0.323928 0.436931
0.324027 0.436931
0.324126 0.436931
0.324226 0.436931
0.324325 0.436931
0.324424 0.436931
0.324523 0.436628
0.324622 0.436022
0.324721 0.436022
0.324820 0.436022
0.324919 0.436022
0.325018 0.436022
0.325117 0.436022
0.325216 0.435719
0.325315 0.435719
0.325414 0.435719
0.325514 0.435719
0.325613 0.435719
0.325712 0.435415
0.325811 0.435415
0.325910 0.435415
0.326009 0.435112
0.326108 0.434809
0.326207 0.434809
0.326306 0.434506
0.326405 0.434203
0.326504 0.434203
0.326603 0.434203
0.326703 0.434203
0.326802 0.434203
0.326901 0.434203
0.327000 0.433899
0.327099 0.433899
0.327198 0.433899
0.327297 0.433596
0.327396 0.433596
0.327495 0.433596
0.327594 0.432686
0.327693 0.432686
0.327792 0.432686
0.327891 0.432686
0.327991 0.432383
0.328090 0.432383
0.328189 0.432383
0.328288 0.432383
0.328387 0.432080
0.328486 0.432080
0.328585 0.432080
0.328684 0.432080
0.328783 0.432080
0.328882 0.432080
0.328981 0.432080
0.329080 0.431777
0.329180 0.431777
0.329279 0.431777
0.329378 0.431777
0.329477 0.431474
0.329576 0.431474
0.329675 0.431474
0.329774 0.431474
0.329873 0.431474
0.329972 0.431474
0.330071 0.431474
0.330170 0.431474
0.330269 0.431474
0.330368 0.431474
0.330468 0.431474
0.330567 0.430867
0.330666 0.430867
0.330765 0.430564
0.330864 0.430564
0.330963 0.429351
0.331062 0.429048
0.331161 0.429048
0.331260 0.428745
0.331359 0.428441
0.331458 0.428138
0.331557 0.428138
0.331657 0.427835
0.331756 0.427835
0.331855 0.427532
0.331954 0.427532
0.332053 0.427532
0.332152 0.427532
0.332251 0.426925
0.332350 0.426622
0.332449 0.426622
0.332548 0.426622
0.332647 0.426319
0.332746 0.426016
0.332845 0.425409
0.332945 0.424803
0.333044 0.424803
0.333143 0.424500
0.333242 0.424196
0.333341 0.423893
0.333440 0.423590
0.333539 0.423590
0.333638 0.423287
0.333737 0.423287
0.333836 0.423287
0.333935 0.422984
0.334034 0.422984
0.334134 0.422984
0.334233 0.422984
0.334332 0.422984
0.334431 0.422377
0.334530 0.422074
0.334629 0.421771
0.334728 0.421771
0.334827 0.421468
0.334926 0.421468
0.335025 0.421468
0.335124 0.421468
0.335223 0.421468
0.335322 0.420558
0.335422 0.420558
0.335521 0.420558
0.335620 0.420558
0.335719 0.420558
0.335818 0.420558
0.335917 0.420255
0.336016 0.419951
0.336115 0.419951
0.336214 0.419648
0.336313 0.419648
0.336412 0.419345
0.336511 0.419042
0.336611 0.418739
0.336710 0.418739
0.336809 0.417829
0.336908 0.417829
0.337007 0.417829
0.337106 0.417223
0.337205 0.417223
0.337304 0.416919
0.337403 0.416919
0.337502 0.416919
0.337601 0.416919
0.337700 0.416010
0.337799 0.416010
0.337899 0.416010
0.337998 0.415706
0.338097 0.415706
0.338196 0.415706
0.338295 0.415706
0.338394 0.415706
0.338493 0.415403
0.338592 0.415100
0.338691 0.414797
0.338790 0.414797
0.338889 0.414494
0.338988 0.414494
0.339088 0.414494
0.339187 0.414190
0.339286 0.413887
0.339385 0.413887
0.339484 0.413584
0.339583 0.413281
0.339682 0.413281
0.339781 0.413281
0.339880 0.413281
0.339979 0.413281
0.340078 0.413281
0.340177 0.413281
0.340276 0.413281
0.340376 0.413281
0.340475 0.413281
0.340574 0.412978
0.340673 0.412674
0.340772 0.412674
0.340871 0.412674
0.340970 0.412068
0.341069 0.412068
0.341168 0.412068
0.341267 0.412068
0.341366 0.411765
0.341465 0.411461
0.341565 0.411158
0.341664 0.410552
0.341763 0.410552
0.341862 0.410552
0.341961 0.410552
0.342060 0.410552
0.342159 0.410249
0.342258 0.410249
0.342357 0.410249
0.342456 0.409945
0.342555 0.409945
0.342654 0.409036
0.342754 0.408733
0.342853 0.408429
0.342952 0.408126
0.343051 0.407520
0.343150 0.407520
0.343249 0.407216
0.343348 0.406913
0.343447 0.406610
0.343546 0.406004
0.343645 0.406004
0.343744 0.406004
0.343843 0.406004
0.343942 0.406004
0.344042 0.406004
0.344141 0.405700
0.344240 0.405700
0.344339 0.405700
0.344438 0.405700
0.344537 0.405397
0.344636 0.405397
0.344735 0.405397
0.344834 0.405397
0.344933 0.405397
0.345032 0.405397
0.345131 0.405094
0.345231 0.405094
0.345330 0.405094
0.345429 0.405094
0.345528 0.404791
0.345627 0.404791
0.345726 0.404791
0.345825 0.404184
0.345924 0.404184
0.346023 0.404184
0.346122 0.403881
0.346221 0.403881
0.346320 0.403881
0.346419 0.403881
0.346519 0.403578
0.346618 0.403578
0.346717 0.403578
0.346816 0.403275
0.346915 0.403275
0.347014 0.402971
0.347113 0.402971
0.347212 0.402668
0.347311 0.402365
0.347410 0.402062
0.347509 0.401455
0.347608 0.401152
0.347708 0.400849
0.347807 0.400849
0.347906 0.400849
0.348005 0.400546
0.348104 0.399939
0.348203 0.399939
0.348302 0.399939
0.348401 0.399636
0.348500 0.399636
0.348599 0.399636
0.348698 0.399636
0.348797 0.399636
0.348896 0.399636
0.348996 0.399636
0.349095 0.399636
0.349194 0.399636
0.349293 0.399333
0.349392 0.399333
0.349491 0.399333
0.349590 0.399333
0.349689 0.399333
0.349788 0.399030
0.349887 0.398423
0.349986 0.397817
0.350085 0.397817
0.350185 0.397210
0.350284 0.396907
0.350383 0.396907
0.350482 0.396604
0.350581 0.396301
0.350680 0.396301
0.350779 0.395998
0.350878 0.395998
0.350977 0.395998
0.351076 0.395998
0.351175 0.395694
0.351274 0.395391
0.351373 0.395088
0.351473 0.395088
0.351572 0.394785
0.351671 0.394785
0.351770 0.394785
0.351869 0.394785
0.351968 0.394178
0.352067 0.394178
0.352166 0.394178
0.352265 0.394178
0.352364 0.394178
0.352463 0.394178
0.352562 0.393875
0.352662 0.393875
0.352761 0.393875
0.352860 0.393875
0.352959 0.393875
0.353058 0.393875
0.353157 0.393875
0.353256 0.393572
0.353355 0.393572
0.353454 0.393572
0.353553 0.393269
0.353652 0.393269
0.353751 0.392965
0.353850 0.392965
0.353950 0.392965
0.354049 0.392965
0.354148 0.392359
0.354247 0.392359
0.354346 0.391753
0.354445 0.391753
0.354544 0.391146
0.354643 0.391146
0.354742 0.391146
0.354841 0.390843
0.354940 0.390237
0.355039 0.390237
0.355139 0.390237
0.355238 0.390237
0.355337 0.390237
0.355436 0.389933
0.355535 0.389933
0.355634 0.389933
0.355733 0.389630
0.355832 0.389630
0.355931 0.389630
0.356030 0.389630
0.356129 0.389327
0.356228 0.389327
0.356327 0.388417
0.356427 0.388114
0.356526 0.387811
0.356625 0.387204
0.356724 0.387204
0.356823 0.387204
0.356922 0.387204
0.357021 0.387204
0.357120 0.387204
0.357219 0.387204
0.357318 0.387204
0.357417 0.387204
0.357516 0.386901
0.357616 0.386598
0.357715 0.386598
0.357814 0.386295
0.357913 0.386295
0.358012 0.385992
0.358111 0.385992
0.358210 0.385992
0.358309 0.385992
0.358408 0.385992
0.358507 0.385992
0.358606 0.385992
0.358705 0.385992
0.358804 0.385992
0.358904 0.385992
0.359003 0.385992
0.359102 0.385992
0.359201 0.385385
0.359300 0.385082
0.359399 0.385082
0.359498 0.384779
0.359597 0.384779
0.359696 0.384475
0.359795 0.384475
0.359894 0.384475
0.359993 0.384475
0.360093 0.384172
0.360192 0.383566
0.360291 0.383566
0.360390 0.383566
0.360489 0.383566
0.360588 0.383566
0.360687 0.383263
0.360786 0.383263
0.360885 0.383263
0.360984 0.383263
0.361083 0.383263
0.361182 0.383263
0.361281 0.383263
0.361381 0.383263
0.361480 0.383263
0.361579 0.382959
0.361678 0.382656
0.361777 0.382656
0.361876 0.382656
0.361975 0.382656
0.362074 0.382353
0.362173 0.382353
0.362272 0.382050
0.362371 0.382050
0.362470 0.382050
0.362570 0.382050
0.362669 0.382050
0.362768 0.382050
0.362867 0.382050
0.362966 0.382050
0.363065 0.382050
0.363164 0.382050
0.363263 0.381747
0.363362 0.381747
0.363461 0.381747
0.363560 0.381747
0.363659 0.381747
0.363758 0.381140
0.363858 0.381140
0.363957 0.380837
0.364056 0.380837
0.364155 0.380837
0.364254 0.380534
0.364353 0.380534
0.364452 0.380230
0.364551 0.380230
0.364650 0.380230
0.364749 0.380230
0.364848 0.380230
0.364947 0.379927
0.365047 0.379624
0.365146 0.379624
0.365245 0.379624
0.365344 0.379624
0.365443 0.379624
0.365542 0.379624
0.365641 0.379624
0.365740 0.379321
0.365839 0.379321
0.365938 0.379321
0.366037 0.379018
0.366136 0.379018
0.366235 0.378714
0.366335 0.378411
0.366434 0.378108
0.366533 0.378108
0.366632 0.378108
0.366731 0.377805
0.366830 0.377502
0.366929 0.377502
0.367028 0.377502
0.367127 0.377502
0.367226 0.377502
0.367325 0.377502
0.367424 0.377502
0.367524 0.377502
0.367623 0.377502
0.367722 0.376895
0.367821 0.376895
0.367920 0.376895
0.368019 0.376592
0.368118 0.376592
0.368217 0.376592
0.368316 0.376592
0.368415 0.376289
0.368514 0.375985
0.368613 0.375682
0.368712 0.375379
0.368812 0.375379
0.368911 0.375379
0.369010 0.375379
0.369109 0.375379
0.369208 0.375076
0.369307 0.374773
0.369406 0.374773
0.369505 0.374773
0.369604 0.374469
0.369703 0.374469
0.369802 0.374469
0.369901 0.374166
0.370001 0.374166
0.370100 0.374166
0.370199 0.373560
0.370298 0.373560
0.370397 0.373257
0.370496 0.373257
0.370595 0.372953
0.370694 0.372953
0.370793 0.372044
0.370892 0.371740
0.370991 0.371437
0.371090 0.370831
0.371189 0.370224
0.371289 0.369618
0.371388 0.369618
0.371487 0.369012
0.371586 0.369012
0.371685 0.369012
0.371784 0.369012
0.371883 0.369012
0.371982 0.368102
0.372081 0.368102
0.372180 0.367799
0.372279 0.367495
0.372378 0.367495
0.372478 0.367495
0.372577 0.367495
0.372676 0.367495
0.372775 0.367192
0.372874 0.366889
0.372973 0.366586
0.373072 0.366586
0.373171 0.366586
0.373270 0.366586
0.373369 0.366586
0.373468 0.366586
0.373567 0.366586
0.373667 0.366283
0.373766 0.365979
0.373865 0.365676
0.373964 0.365676
0.374063 0.365676
0.374162 0.365676
0.374261 0.365373
0.374360 0.365373
0.374459 0.365070
0.374558 0.365070
0.374657 0.365070
0.374756 0.365070
0.374855 0.364767
0.374955 0.364463
0.375054 0.364463
0.375153 0.364463
0.375252 0.364463
0.375351 0.364463
0.375450 0.364160
0.375549 0.364160
0.375648 0.363857
0.375747 0.363857
0.375846 0.363250
0.375945 0.362947
0.376044 0.362644
0.376144 0.362341
0.376243 0.362038
0.376342 0.362038
0.376441 0.361734
0.376540 0.361734
0.376639 0.361431
0.376738 0.361128
0.376837 0.361128
0.376936 0.360825
0.377035 0.360522
0.377134 0.359915
0.377233 0.359915
0.377332 0.359309
0.377432 0.359309
0.377531 0.359309
0.377630 0.359309
0.377729 0.359309
0.377828 0.358702
0.377927 0.358702
0.378026 0.358399
0.378125 0.358399
0.378224 0.358096
0.378323 0.358096
0.378422 0.357793
0.378521 0.357793
0.378621 0.357793
0.378720 0.357793
0.378819 0.357793
0.378918 0.357489
0.379017 0.357489
0.379116 0.357489
0.379215 0.357186
0.379314 0.356883
0.379413 0.356580
0.379512 0.356580
0.379611 0.356580
0.379710 0.356277
0.379809 0.355670
0.379909 0.355367
0.380008 0.355367
0.380107 0.355064
0.380206 0.354760
0.380305 0.354760
0.380404 0.354760
0.380503 0.354760
0.380602 0.354457
0.380701 0.354457
0.380800 0.354457
0.380899 0.354457
0.380998 0.354154
0.381098 0.354154
0.381197 0.354154
0.381296 0.353548
0.381395 0.353244
0.381494 0.353244
0.381593 0.353244
0.381692 0.353244
0.381791 0.353244
0.381890 0.353244
0.381989 0.353244
0.382088 0.353244
0.382187 0.352941
0.382286 0.352638
0.382386 0.352638
0.382485 0.352335
0.382584 0.352335
0.382683 0.352335
0.382782 0.352335
0.382881 0.352335
0.382980 0.352335
0.383079 0.352335
0.383178 0.351728
0.383277 0.351425
0.383376 0.351425
0.383475 0.351425
0.383575 0.351122
0.383674 0.351122
0.383773 0.351122
0.383872 0.351122
0.383971 0.350819
0.384070 0.350515
0.384169 0.350515
0.384268 0.350515
0.384367 0.350212
0.384466 0.350212
0.384565 0.349606
0.384664 0.349606
0.384763 0.349606
0.384863 0.349606
0.384962 0.349606
0.385061 0.349606
0.385160 0.348999
0.385259 0.348999
0.385358 0.348999
0.385457 0.348999
0.385556 0.348999
0.385655 0.348999
0.385754 0.348999
0.385853 0.348999
0.385952 0.348999
0.386052 0.348696
0.386151 0.348090
0.386250 0.347787
0.386349 0.347787
0.386448 0.347787
0.386547 0.347787
0.386646 0.347787
0.386745 0.347483
0.386844 0.347483
0.386943 0.347180
0.387042 0.346877
0.387141 0.346877
0.387240 0.346877
0.387340 0.346877
0.387439 0.346877
0.387538 0.346877
0.387637 0.346877
0.387736 0.346877
0.387835 0.346877
0.387934 0.346877
0.388033 0.346877
0.388132 0.346574
0.388231 0.346574
0.388330 0.346574
0.388429 0.346574
0.388529 0.346574
0.388628 0.346270
0.388727 0.346270
0.388826 0.346270
0.388925 0.346270
0.389024 0.345664
0.389123 0.345664
0.389222 0.345664
0.389321 0.345058
0.389420 0.345058
0.389519 0.345058
0.389618 0.344754
0.389717 0.344754
0.389817 0.344754
0.389916 0.344148
0.390015 0.343845
0.390114 0.343845
0.390213 0.343542
0.390312 0.343238
0.390411 0.343238
0.390510 0.343238
0.390609 0.343238
0.390708 0.343238
0.390807 0.343238
0.390906 0.343238
0.391006 0.342935
0.391105 0.342329
0.391204 0.342329
0.391303 0.342025
0.391402 0.342025
0.391501 0.342025
0.391600 0.341722
0.391699 0.341722
0.391798 0.341722
0.391897 0.341419
0.391996 0.341419
0.392095 0.341419
0.392194 0.341116
0.392294 0.340813
0.392393 0.340813
0.392492 0.340813
0.392591 0.340813
0.392690 0.340206
0.392789 0.340206
0.392888 0.340206
0.392987 0.339903
0.393086 0.339903
0.393185 0.339903
0.393284 0.339903
0.393383 0.339600
0.393483 0.339600
0.393582 0.339600
0.393681 0.339600
0.393780 0.339600
0.393879 0.339297
0.393978 0.338993
0.394077 0.338993
0.394176 0.338993
0.394275 0.338690
0.394374 0.338690
0.394473 0.338387
0.394572 0.338084
0.394671 0.338084
0.394771 0.338084
0.394870 0.337780
0.394969 0.337780
0.395068 0.337780
0.395167 0.337477
0.395266 0.337477
0.395365 0.337477
0.395464 0.337174
0.395563 0.336871
0.395662 0.336871
0.395761 0.336568
0.395860 0.335961
0.395960 0.335961
0.396059 0.335961
0.396158 0.335658
0.396257 0.335658
0.396356 0.335658
0.396455 0.335658
0.396554 0.335355
0.396653 0.335355
0.396752 0.335052
0.396851 0.334748
0.396950 0.334748
0.397049 0.334748
0.397148 0.334445
0.397248 0.334445
0.397347 0.334445
0.397446 0.334445
0.397545 0.334445
0.397644 0.334445
0.397743 0.334445
0.397842 0.334445
0.397941 0.334445
0.398040 0.333535
0.398139 0.333535
0.398238 0.333232
0.398337 0.332929
0.398437 0.332929
0.398536 0.332323
0.398635 0.332323
0.398734 0.332019
0.398833 0.332019
0.398932 0.331716
0.399031 0.331716
0.399130 0.331413
0.399229 0.331110
0.399328 0.330200
0.399427 0.329897
0.399526 0.329897
0.399625 0.329897
0.399725 0.329290
0.399824 0.328987
0.399923 0.328987
0.400022 0.328987
0.400121 0.328684
0.400220 0.328684
0.400319 0.328684
0.400418 0.328684
0.400517 0.328684
0.400616 0.328684
0.400715 0.328684
0.400814 0.328684
0.400914 0.328684
0.401013 0.328381
0.401112 0.328078
0.401211 0.327774
0.401310 0.327471
0.401409 0.327471
0.401508 0.327471
0.401607 0.327471
0.401706 0.327471
0.401805 0.327168
0.401904 0.326865
0.402003 0.326865
0.402102 0.326865
0.402202 0.326562
0.402301 0.326258
0.402400 0.325955
0.402499 0.325955
0.402598 0.325955
0.402697 0.325955
0.402796 0.325955
0.402895 0.325955
0.402994 0.325955
0.403093 0.325955
0.403192 0.325955
0.403291 0.325652
0.403391 0.325652
0.403490 0.325652
0.403589 0.325349
0.403688 0.325349
0.403787 0.325349
0.403886 0.325045
0.403985 0.325045
0.404084 0.325045
0.404183 0.325045
0.404282 0.325045
0.404381 0.325045
0.404480 0.325045
0.404580 0.324742
0.404679 0.324439
0.404778 0.324136
0.404877 0.323833
0.404976 0.323833
0.405075 0.323833
0.405174 0.323833
0.405273 0.323529
0.405372 0.323529
0.405471 0.323529
0.405570 0.323529
0.405669 0.323529
0.405768 0.323226
0.405868 0.322923
0.405967 0.322923
0.406066 0.322620
0.406165 0.322620
0.406264 0.322620
0.406363 0.322620
0.406462 0.322620
0.406561 0.322317
0.406660 0.322317
0.406759 0.322317
0.406858 0.322317
0.406957 0.322317
0.407057 0.322317
0.407156 0.322317
0.407255 0.322317
0.407354 0.322317
0.407453 0.322317
0.407552 0.322013
0.407651 0.322013
0.407750 0.322013
0.407849 0.322013
0.407948 0.321710
0.408047 0.321407
0.408146 0.321407
0.408245 0.321104
0.408345 0.321104
0.408444 0.321104
0.408543 0.321104
0.408642 0.321104
0.408741 0.321104
0.408840 0.321104
0.408939 0.321104
0.409038 0.321104
0.409137 0.321104
0.409236 0.321104
0.409335 0.321104
0.409434 0.321104
0.409534 0.320800
0.409633 0.320497
0.409732 0.320497
0.409831 0.320194
0.409930 0.320194
0.410029 0.320194
0.410128 0.320194
0.410227 0.320194
0.410326 0.319891
0.410425 0.319891
0.410524 0.319588
0.410623 0.319588
0.410722 0.319588
0.410822 0.319588
0.410921 0.319284
0.411020 0.319284
0.411119 0.319284
0.411218 0.318678
0.411317 0.318072
0.411416 0.317768
0.411515 0.317768
0.411614 0.317768
0.411713 0.317768
0.411812 0.317768
0.411911 0.317768
0.412011 0.317465
0.412110 0.317465
0.412209 0.316859
0.412308 0.316555
0.412407 0.316555
0.412506 0.315949
0.412605 0.315949
0.412704 0.315949
0.412803 0.315646
0.412902 0.315646
0.413001 0.315646
0.413100 0.315646
0.413199 0.315646
0.413299 0.315646
0.413398 0.315646
0.413497 0.315343
0.413596 0.315343
0.413695 0.315343
0.413794 0.315343
0.413893 0.315343
0.413992 0.314736
0.414091 0.314736
0.414190 0.314433
0.414289 0.314433
0.414388 0.314433
0.414488 0.314433
0.414587 0.314433
0.414686 0.313523
0.414785 0.313523
0.414884 0.313523
0.414983 0.313220
0.415082 0.313220
0.415181 0.313220
0.415280 0.312917
0.415379 0.312614
0.415478 0.312614
0.415577 0.312614
0.415676 0.312614
0.415776 0.312614
0.415875 0.312310
0.415974 0.312310
0.416073 0.312310
0.416172 0.312310
0.416271 0.312310
0.416370 0.312310
0.416469 0.312007
0.416568 0.311704
0.416667 0.311704
0.416766 0.311704
0.416865 0.311704
0.416965 0.311704
0.417064 0.311401
0.417163 0.311098
0.417262 0.311098
0.417361 0.311098
0.417460 0.311098
0.417559 0.311098
0.417658 0.311098
0.417757 0.310794
0.417856 0.310491
0.417955 0.310491
0.418054 0.310188
0.418153 0.310188
0.418253 0.310188
0.418352 0.309885
0.418451 0.309885
0.418550 0.309582
0.418649 0.309278
0.418748 0.309278
0.418847 0.309278
0.418946 0.308975
0.419045 0.308975
0.419144 0.308975
0.419243 0.308975
0.419342 0.308369
0.419442 0.308065
0.419541 0.307459
0.419640 0.307156
0.419739 0.307156
0.419838 0.307156
0.419937 0.306853
0.420036 0.305943
0.420135 0.305943
0.420234 0.305943
0.420333 0.305943
0.420432 0.305943
0.420531 0.305640
0.420630 0.305640
0.420730 0.305640
0.420829 0.305640
0.420928 0.305640
0.421027 0.305337
0.421126 0.305337
0.421225 0.305337
0.421324 0.304730
0.421423 0.304730
0.421522 0.304427
0.421621 0.304427
0.421720 0.304427
0.421819 0.304427
0.421919 0.304427
0.422018 0.304427
0.422117 0.304427
0.422216 0.304427
0.422315 0.304427
0.422414 0.304427
0.422513 0.304427
0.422612 0.304427
0.422711 0.304427
0.422810 0.304427
0.422909 0.304124
0.423008 0.304124
0.423107 0.304124
0.423207 0.304124
0.423306 0.304124
0.423405 0.304124
0.423504 0.304124
0.423603 0.303820
0.423702 0.303820
0.423801 0.303517
0.423900 0.303517
0.423999 0.303517
0.424098 0.303214
0.424197 0.303214
0.424296 0.302911
0.424396 0.302911
0.424495 0.302911
0.424594 0.302608
0.424693 0.302608
0.424792 0.302608
0.424891 0.302608
0.424990 0.302608
0.425089 0.302608
0.425188 0.302608
0.425287 0.302304
0.425386 0.302001
0.425485 0.302001
0.425584 0.301698
0.425684 0.301092
0.425783 0.301092
0.425882 0.301092
0.425981 0.301092
0.426080 0.301092
0.426179 0.301092
0.426278 0.300788
0.426377 0.300788
0.426476 0.300485
0.426575 0.300485
0.426674 0.300485
0.426773 0.299879
0.426873 0.299879
0.426972 0.299879
0.427071 0.299879
0.427170 0.299879
0.427269 0.299879
0.427368 0.299879
0.427467 0.299576
0.427566 0.299576
0.427665 0.298363
0.427764 0.298059
0.427863 0.298059
0.427962 0.297453
0.428061 0.297453
0.428161 0.297150
0.428260 0.296847
0.428359 0.296847
0.428458 0.296847
0.428557 0.296847
0.428656 0.296847
0.428755 0.296847
0.428854 0.296543
0.428953 0.296240
0.429052 0.296240
0.429151 0.295937
0.429250 0.295937
0.429350 0.295937
0.429449 0.295937
0.429548 0.295634
0.429647 0.295634
0.429746 0.295331
0.429845 0.295331
0.429944 0.295331
0.430043 0.295331
0.430142 0.295331
0.430241 0.295331
0.430340 0.295027
0.430439 0.295027
0.430538 0.295027
0.430638 0.295027
0.430737 0.295027
0.430836 0.295027
0.430935 0.295027
0.431034 0.294724
0.431133 0.293814
0.431232 0.293814
0.431331 0.293814
0.431430 0.293511
0.431529 0.293511
0.431628 0.293511
0.431727 0.293511
0.431827 0.293511
0.431926 0.293511
0.432025 0.293208
0.432124 0.292905
0.432223 0.292905
0.432322 0.292298
0.432421 0.292298
0.432520 0.292298
0.432619 0.292298
0.432718 0.292298
0.432817 0.291995
0.432916 0.291995
0.433015 0.291995
0.433115 0.291995
0.433214 0.291692
0.433313 0.291692
0.433412 0.291692
0.433511 0.291692
0.433610 0.291389
0.433709 0.291389
0.433808 0.291086
0.433907 0.290782
0.434006 0.290479
0.434105 0.290176
0.434204 0.290176
0.434304 0.290176
0.434403 0.290176
0.434502 0.290176
0.434601 0.290176
0.434700 0.289873
0.434799 0.289873
0.434898 0.289873
0.434997 0.289873
0.435096 0.289266
0.435195 0.289266
0.435294 0.289266
0.435393 0.288963
0.435493 0.288660
0.435592 0.288660
0.435691 0.288660
0.435790 0.288660
0.435889 0.288660
0.435988 0.288660
0.436087 0.288660
0.436186 0.288660
0.436285 0.288660
0.436384 0.288660
0.436483 0.288660
0.436582 0.288660
0.436681 0.288660
0.436781 0.288660
0.436880 0.288660
0.436979 0.288660
0.437078 0.288357
0.437177 0.288053
0.437276 0.288053
0.437375 0.287750
0.437474 0.287750
0.437573 0.287750
0.437672 0.287750
0.437771 0.287750
0.437870 0.287750
0.437970 0.287750
0.438069 0.287750
0.438168 0.287447
0.438267 0.287447
0.438366 0.287447
0.438465 0.287447
0.438564 0.286841
0.438663 0.286841
0.438762 0.286841
0.438861 0.286841
0.438960 0.286537
0.439059 0.286234
0.439158 0.286234
0.439258 0.285628
0.439357 0.285628
0.439456 0.285324
0.439555 0.285021
0.439654 0.285021
0.439753 0.285021
0.439852 0.285021
0.439951 0.284112
0.440050 0.283808
0.440149 0.283505
0.440248 0.283202
0.440347 0.283202
0.440447 0.282899
0.440546 0.282899
0.440645 0.282899
0.440744 0.282899
0.440843 0.282596
0.440942 0.282596
0.441041 0.282596
0.441140 0.282596
0.441239 0.281989
0.441338 0.281686
0.441437 0.281383
0.441536 0.281383
0.441635 0.281383
0.441735 0.281383
0.441834 0.281079
0.441933 0.281079
0.442032 0.280473
0.442131 0.280473
0.442230 0.280170
0.442329 0.279867
0.442428 0.279563
0.442527 0.279563
0.442626 0.279563
0.442725 0.279563
0.442824 0.279563
0.442924 0.279563
0.443023 0.278654
0.443122 0.278654
0.443221 0.278654
0.443320 0.278654
0.443419 0.278351
0.443518 0.278351
0.443617 0.278047
0.443716 0.278047
0.443815 0.278047
0.443914 0.278047
0.444013 0.278047
0.444112 0.278047
0.444212 0.278047
0.444311 0.278047
0.444410 0.278047
0.444509 0.278047
0.444608 0.278047
0.444707 0.278047
0.444806 0.278047
0.444905 0.278047
0.445004 0.278047
0.445103 0.278047
0.445202 0.278047
0.445301 0.278047
0.445401 0.278047
0.445500 0.278047
0.445599 0.278047
0.445698 0.277744
0.445797 0.277744
0.445896 0.277744
0.445995 0.277744
0.446094 0.277744
0.446193 0.277441
0.446292 0.277441
0.446391 0.276834
0.446490 0.276834
0.446589 0.276834
0.446689 0.276834
0.446788 0.276834
0.446887 0.276531
0.446986 0.276531
0.447085 0.276531
0.447184 0.276228
0.447283 0.276228
0.447382 0.276228
0.447481 0.275925
0.447580 0.275622
0.447679 0.275318
0.447778 0.275318
0.447878 0.275015
0.447977 0.275015
0.448076 0.275015
0.448175 0.274712
0.448274 0.274712
0.448373 0.274712
0.448472 0.274712
0.448571 0.274409
0.448670 0.274409
0.448769 0.274106
0.448868 0.274106
0.448967 0.273802
0.449066 0.273802
0.449166 0.273802
0.449265 0.273802
0.449364 0.273802
0.449463 0.273802
0.449562 0.273499
0.449661 0.273499
0.449760 0.273499
0.449859 0.273499
0.449958 0.273499
0.450057 0.272893
0.450156 0.272893
0.450255 0.272589
0.450355 0.272589
0.450454 0.272589
0.450553 0.272589
0.450652 0.272589
0.450751 0.272589
0.450850 0.272286
0.450949 0.271680
0.451048 0.271377
0.451147 0.271377
0.451246 0.271377
0.451345 0.271073
0.451444 0.270770
0.451543 0.270770
0.451643 0.270770
0.451742 0.270770
0.451841 0.270770
0.451940 0.270770
0.452039 0.270770
0.452138 0.270770
0.452237 0.270770
0.452336 0.270770
0.452435 0.270770
0.452534 0.270770
0.452633 0.270770
0.452732 0.270467
0.452832 0.270164
0.452931 0.270164
0.453030 0.269861
0.453129 0.269557
0.453228 0.269557
0.453327 0.269557
0.453426 0.269254
0.453525 0.269254
0.453624 0.268951
0.453723 0.268951
0.453822 0.268344
0.453921 0.268041
0.454020 0.268041
0.454120 0.267738
0.454219 0.267738
0.454318 0.267435
0.454417 0.267435
0.454516 0.267435
0.454615 0.267435
0.454714 0.267435
0.454813 0.267435
0.454912 0.267132
0.455011 0.267132
0.455110 0.267132
0.455209 0.267132
0.455309 0.267132
0.455408 0.266828
0.455507 0.266828
0.455606 0.266828
0.455705 0.266828
0.455804 0.266525
0.455903 0.266222
0.456002 0.265919
0.456101 0.265616
0.456200 0.265312
0.456299 0.265009
0.456398 0.265009
0.456497 0.264403
0.456597 0.264403
0.456696 0.264099
0.456795 0.264099
0.456894 0.264099
0.456993 0.264099
0.457092 0.264099
0.457191 0.264099
0.457290 0.264099
0.457389 0.263796
0.457488 0.263796
0.457587 0.263796
0.457686 0.263796
0.457786 0.263796
0.457885 0.263796
0.457984 0.263493
0.458083 0.263190
0.458182 0.263190
0.458281 0.262280
0.458380 0.262280
0.458479 0.262280
0.458578 0.262280
0.458677 0.262280
0.458776 0.262280
0.458875 0.261977
0.458974 0.261977
0.459074 0.261977
0.459173 0.261674
0.459272 0.261371
0.459371 0.261371
0.459470 0.261371
0.459569 0.261067
0.459668 0.261067
0.459767 0.260764
0.459866 0.260764
0.459965 0.260461
0.460064 0.260461
0.460163 0.260158
0.460263 0.260158
0.460362 0.260158
0.460461 0.260158
0.460560 0.259854
0.460659 0.259854
0.460758 0.259854
0.460857 0.259854
0.460956 0.259551
0.461055 0.259248
0.461154 0.259248
0.461253 0.259248
0.461352 0.259248
0.461451 0.258945
0.461551 0.258642
0.461650 0.258642
0.461749 0.258338
0.461848 0.258338
0.461947 0.258035
0.462046 0.258035
0.462145 0.258035
0.462244 0.258035
0.462343 0.258035
0.462442 0.257429
0.462541 0.257126
0.462640 0.256822
0.462740 0.256822
0.462839 0.256216
0.462938 0.256216
0.463037 0.256216
0.463136 0.256216
0.463235 0.255913
0.463334 0.255609
0.463433 0.255609
0.463532 0.255609
0.463631 0.255609
0.463730 0.255306
0.463829 0.255306
0.463928 0.255306
0.464028 0.255306
0.464127 0.255306
0.464226 0.255306
0.464325 0.255306
0.464424 0.255306
0.464523 0.254700
0.464622 0.254397
0.464721 0.254397
0.464820 0.254397
0.464919 0.254397
0.465018 0.254397
0.465117 0.254093
0.465217 0.254093
0.465316 0.253790
0.465415 0.253790
0.465514 0.253790
0.465613 0.253790
0.465712 0.253487
0.465811 0.252881
0.465910 0.252577
0.466009 0.252274
0.466108 0.252274
0.466207 0.252274
0.466306 0.252274
0.466406 0.252274
0.466505 0.251971
0.466604 0.251971
0.466703 0.251668
0.466802 0.251364
0.466901 0.251364
0.467000 0.251061
0.467099 0.251061
0.467198 0.251061
0.467297 0.251061
0.467396 0.251061
0.467495 0.251061
0.467594 0.251061
0.467694 0.250758
0.467793 0.250758
0.467892 0.250758
0.467991 0.250758
0.468090 0.250758
0.468189 0.250758
0.468288 0.249848
0.468387 0.249848
0.468486 0.249545
0.468585 0.249545
0.468684 0.249242
0.468783 0.249242
0.468883 0.249242
0.468982 0.248939
0.469081 0.248939
0.469180 0.248939
0.469279 0.248939
0.469378 0.248636
0.469477 0.248636
0.469576 0.248332
0.469675 0.248332
0.469774 0.248332
0.469873 0.248332
0.469972 0.248332
0.470071 0.248332
0.470171 0.248332
0.470270 0.248029
0.470369 0.247726
0.470468 0.247726
0.470567 0.247423
0.470666 0.247119
0.470765 0.247119
0.470864 0.247119
0.470963 0.246816
0.471062 0.246816
0.471161 0.246816
0.471260 0.246513
0.471360 0.246513
0.471459 0.246513
0.471558 0.246513
0.471657 0.246513
0.471756 0.246513
0.471855 0.246513
0.471954 0.246513
0.472053 0.246513
0.472152 0.246513
0.472251 0.246513
0.472350 0.246513
0.472449 0.246210
0.472548 0.246210
0.472648 0.246210
0.472747 0.245907
0.472846 0.245907
0.472945 0.245907
0.473044 0.245603
0.473143 0.245603
0.473242 0.245603
0.473341 0.245603
0.473440 0.245603
0.473539 0.245603
0.473638 0.245603
0.473737 0.245300
0.473837 0.245300
0.473936 0.245300
0.474035 0.245300
0.474134 0.245300
0.474233 0.244997
0.474332 0.244997
0.474431 0.244997
0.474530 0.244997
0.474629 0.244997
0.474728 0.244997
0.474827 0.244997
0.474926 0.244694
0.475025 0.244694
0.475125 0.244694
0.475224 0.244694
0.475323 0.244087
0.475422 0.243784
0.475521 0.243481
0.475620 0.243481
0.475719 0.243481
0.475818 0.243481
0.475917 0.243481
0.476016 0.243481
0.476115 0.243481
0.476214 0.243481
0.476314 0.243481
0.476413 0.243178
0.476512 0.243178
0.476611 0.243178
0.476710 0.243178
0.476809 0.243178
0.476908 0.243178
0.477007 0.243178
0.477106 0.243178
0.477205 0.242874
0.477304 0.242874
0.477403 0.242571
0.477502 0.242571
0.477602 0.242268
0.477701 0.242268
0.477800 0.242268
0.477899 0.242268
0.477998 0.241965
0.478097 0.241662
0.478196 0.241358
0.478295 0.241358
0.478394 0.241358
0.478493 0.241358
0.478592 0.240752
0.478691 0.240752
0.478791 0.240752
0.478890 0.240752
0.478989 0.240752
0.479088 0.240449
0.479187 0.240146
0.479286 0.239539
0.479385 0.239539
0.479484 0.239236
0.479583 0.238933
0.479682 0.238629
0.479781 0.238326
0.479880 0.238326
0.479979 0.238023
0.480079 0.238023
0.480178 0.238023
0.480277 0.238023
0.480376 0.238023
0.480475 0.238023
0.480574 0.237720
0.480673 0.237720
0.480772 0.237417
0.480871 0.237417
0.480970 0.237417
0.481069 0.237417
0.481168 0.237417
0.481268 0.237417
0.481367 0.237417
0.481466 0.237113
0.481565 0.237113
0.481664 0.236810
0.481763 0.236810
0.481862 0.236810
0.481961 0.236810
0.482060 0.236810
0.482159 0.236810
0.482258 0.236507
0.482357 0.236507
0.482456 0.236507
0.482556 0.236507
0.482655 0.236507
0.482754 0.236507
0.482853 0.236204
0.482952 0.235597
0.483051 0.235597
0.483150 0.235294
0.483249 0.235294
0.483348 0.234688
0.483447 0.234688
0.483546 0.234081
0.483645 0.234081
0.483745 0.234081
0.483844 0.234081
0.483943 0.234081
0.484042 0.233475
0.484141 0.233475
0.484240 0.233172
0.484339 0.232868
0.484438 0.232868
0.484537 0.232868
0.484636 0.232868
0.484735 0.232565
0.484834 0.232565
0.484933 0.232565
0.485033 0.232262
0.485132 0.232262
0.485231 0.232262
0.485330 0.232262
0.485429 0.232262
0.485528 0.232262
0.485627 0.231656
0.485726 0.231352
0.485825 0.231352
0.485924 0.231049
0.486023 0.231049
0.486122 0.230746
0.486222 0.230443
0.486321 0.230443
0.486420 0.230443
0.486519 0.230443
0.486618 0.230443
0.486717 0.230443
0.486816 0.230139
0.486915 0.230139
0.487014 0.230139
0.487113 0.230139
0.487212 0.230139
0.487311 0.229836
0.487410 0.229836
0.487510 0.229836
0.487609 0.229836
0.487708 0.229836
0.487807 0.229836
0.487906 0.229836
0.488005 0.229836
0.488104 0.229836
0.488203 0.229533
0.488302 0.228927
0.488401 0.228927
0.488500 0.228927
0.488599 0.228927
0.488699 0.227714
0.488798 0.227714
0.488897 0.227714
0.488996 0.227714
0.489095 0.227714
0.489194 0.227714
0.489293 0.227411
0.489392 0.227411
0.489491 0.227411
0.489590 0.227411
0.489689 0.227107
0.489788 0.226804
0.489887 0.226501
0.489987 0.226198
0.490086 0.226198
0.490185 0.226198
0.490284 0.226198
0.490383 0.226198
0.490482 0.226198
0.490581 0.225894
0.490680 0.225894
0.490779 0.225894
0.490878 0.225894
0.490977 0.225894
0.491076 0.225591
0.491176 0.225591
0.491275 0.225288
0.491374 0.224985
0.491473 0.224682
0.491572 0.224682
0.491671 0.224682
0.491770 0.224075
0.491869 0.224075
0.491968 0.224075
0.492067 0.224075
0.492166 0.224075
0.492265 0.223772
0.492364 0.223772
0.492464 0.223772
0.492563 0.223772
0.492662 0.223772
0.492761 0.223772
0.492860 0.223772
0.492959 0.223469
0.493058 0.223469
0.493157 0.223469
0.493256 0.223469
0.493355 0.223166
0.493454 0.222862
0.493553 0.222862
0.493653 0.222862
0.493752 0.222559
0.493851 0.222559
0.493950 0.222256
0.494049 0.222256
0.494148 0.221953
0.494247 0.221649
0.494346 0.221649
0.494445 0.221649
0.494544 0.221346
0.494643 0.221346
0.494742 0.221346
0.494841 0.221346
0.494941 0.221346
0.495040 0.221043
0.495139 0.220740
0.495238 0.220740
0.495337 0.220740
0.495436 0.220740
0.495535 0.220740
0.495634 0.220740
0.495733 0.220740
0.495832 0.220740
0.495931 0.220740
0.496030 0.220740
0.496130 0.220740
0.496229 0.220740
0.496328 0.220740
0.496427 0.220740
0.496526 0.220740
0.496625 0.220437
0.496724 0.220133
0.496823 0.220133
0.496922 0.220133
0.497021 0.219527
0.497120 0.219224
0.497219 0.219224
0.497319 0.219224
0.497418 0.219224
0.497517 0.219224
0.497616 0.219224
0.497715 0.219224
0.497814 0.218921
0.497913 0.218921
0.498012 0.218921
0.498111 0.218617
0.498210 0.218617
0.498309 0.218617
0.498408 0.218617
0.498507 0.218617
0.498607 0.218617
0.498706 0.218617
0.498805 0.218617
0.498904 0.218617
0.499003 0.218617
0.499102 0.218617
0.499201 0.218314
0.499300 0.218314
0.499399 0.218011
0.499498 0.218011
0.499597 0.218011
0.499696 0.218011
0.499796 0.217708
0.499895 0.217708
0.499994 0.217708
0.500093 0.217708
0.500192 0.217708
0.500291 0.217708
0.500390 0.217708
0.500489 0.217708
0.500588 0.217708
0.500687 0.217101
0.500786 0.217101
0.500885 0.216798
0.500984 0.216798
0.501084 0.216798
0.501183 0.216495
0.501282 0.216495
0.501381 0.216495
0.501480 0.216495
0.501579 0.216495
0.501678 0.216495
0.501777 0.216495
0.501876 0.216495
0.501975 0.216495
0.502074 0.216495
0.502173 0.216192
0.502273 0.215888
0.502372 0.215888
0.502471 0.215888
0.502570 0.215888
0.502669 0.215888
0.502768 0.215888
0.502867 0.215888
0.502966 0.215888
0.503065 0.215888
0.503164 0.215888
0.503263 0.215888
0.503362 0.215888
0.503461 0.215585
0.503561 0.215585
0.503660 0.215585
0.503759 0.215585
0.503858 0.215282
0.503957 0.215282
0.504056 0.214979
0.504155 0.214979
0.504254 0.214676
0.504353 0.214676
0.504452 0.214676
0.504551 0.214676
0.504650 0.214372
0.504750 0.214069
0.504849 0.214069
0.504948 0.213766
0.505047 0.213463
0.505146 0.213159
0.505245 0.212856
0.505344 0.212553
0.505443 0.211643
0.505542 0.211340
0.505641 0.211340
0.505740 0.211037
0.505839 0.210734
0.505938 0.210734
0.506038 0.210734
0.506137 0.210734
0.506236 0.210734
0.506335 0.210734
0.506434 0.210734
0.506533 0.210431
0.506632 0.210431
0.506731 0.210127
0.506830 0.210127
0.506929 0.210127
0.507028 0.209824
0.507127 0.209824
0.507227 0.209521
0.507326 0.209521
0.507425 0.209521
0.507524 0.209521
0.507623 0.209521
0.507722 0.209521
0.507821 0.209521
0.507920 0.209521
0.508019 0.209521
0.508118 0.209521
0.508217 0.209521
0.508316 0.209521
0.508415 0.209521
0.508515 0.209521
0.508614 0.209521
0.508713 0.209218
0.508812 0.209218
0.508911 0.209218
0.509010 0.209218
0.509109 0.209218
0.509208 0.209218
0.509307 0.209218
0.509406 0.209218
0.509505 0.209218
0.509604 0.209218
0.509704 0.209218
0.509803 0.209218
0.509902 0.209218
0.510001 0.209218
0.510100 0.209218
0.510199 0.209218
0.510298 0.209218
0.510397 0.209218
0.510496 0.209218
0.510595 0.208914
0.510694 0.208914
0.510793 0.208914
0.510892 0.208611
0.510992 0.208611
0.511091 0.208611
0.511190 0.208611
0.511289 0.208611
0.511388 0.208611
0.511487 0.207702
0.511586 0.207702
0.511685 0.207702
0.511784 0.207398
0.511883 0.207398
0.511982 0.207398
0.512081 0.207398
0.512181 0.207398
0.512280 0.207398
0.512379 0.207095
0.512478 0.207095
0.512577 0.207095
0.512676 0.207095
0.512775 0.207095
0.512874 0.207095
0.512973 0.207095
0.513072 0.207095
0.513171 0.207095
0.513270 0.206792
0.513369 0.206186
0.513469 0.206186
0.513568 0.206186
0.513667 0.206186
0.513766 0.205882
0.513865 0.205882
0.513964 0.205882
0.514063 0.205882
0.514162 0.205882
0.514261 0.205579
0.514360 0.205579
0.514459 0.205579
0.514558 0.205276
0.514658 0.204973
0.514757 0.204669
0.514856 0.204669
0.514955 0.204669
0.515054 0.204669
0.515153 0.204669
0.515252 0.204366
0.515351 0.204366
0.515450 0.204366
0.515549 0.204366
0.515648 0.204366
0.515747 0.204366
0.515846 0.204063
0.515946 0.203760
0.516045 0.203760
0.516144 0.203760
0.516243 0.203457
0.516342 0.203457
0.516441 0.202850
0.516540 0.202850
0.516639 0.202547
0.516738 0.202547
0.516837 0.202244
0.516936 0.202244
0.517035 0.202244
0.517135 0.201941
0.517234 0.201941
0.517333 0.201637
0.517432 0.201637
0.517531 0.201637
0.517630 0.201637
0.517729 0.201637
0.517828 0.201334
0.517927 0.201334
0.518026 0.201334
0.518125 0.201031
0.518224 0.201031
0.518323 0.201031
0.518423 0.201031
0.518522 0.201031
0.518621 0.201031
0.518720 0.201031
0.518819 0.201031
0.518918 0.201031
0.519017 0.200728
0.519116 0.200424
0.519215 0.200424
0.519314 0.200121
0.519413 0.199818
0.519512 0.199515
0.519612 0.199515
0.519711 0.199515
0.519810 0.199212
0.519909 0.199212
0.520008 0.199212
0.520107 0.199212
0.520206 0.199212
0.520305 0.198908
0.520404 0.198908
0.520503 0.198605
0.520602 0.198605
0.520701 0.198605
0.520800 0.198605
0.520900 0.198605
0.520999 0.198605
0.521098 0.198605
0.521197 0.198605
0.521296 0.198302
0.521395 0.198302
0.521494 0.197999
0.521593 0.197999
0.521692 0.197999
0.521791 0.197999
0.521890 0.197999
0.521989 0.197696
0.522089 0.197696
0.522188 0.197696
0.522287 0.197696
0.522386 0.197696
0.522485 0.197696
0.522584 0.197392
0.522683 0.197089
0.522782 0.197089
0.522881 0.197089
0.522980 0.196483
0.523079 0.196483
0.523178 0.196483
0.523277 0.196483
0.523377 0.196483
0.523476 0.196180
0.523575 0.196180
0.523674 0.196180
0.523773 0.196180
0.523872 0.196180
0.523971 0.196180
0.524070 0.196180
0.524169 0.195876
0.524268 0.195876
0.524367 0.195876
0.524466 0.195876
0.524566 0.195573
0.524665 0.195573
0.524764 0.195270
0.524863 0.195270
0.524962 0.194967
0.525061 0.194967
0.525160 0.194967
0.525259 0.194663
0.525358 0.194663
0.525457 0.194663
0.525556 0.194663
0.525655 0.194663
0.525754 0.194360
0.525854 0.194360
0.525953 0.194360
0.526052 0.194360
0.526151 0.194360
0.526250 0.194360
0.526349 0.193754
0.526448 0.193754
0.526547 0.193754
0.526646 0.193754
0.526745 0.193754
0.526844 0.193754
0.526943 0.193754
0.527043 0.193754
0.527142 0.193754
0.527241 0.193754
0.527340 0.193754
0.527439 0.193754
0.527538 0.193754
0.527637 0.193754
0.527736 0.193451
0.527835 0.193451
0.527934 0.193451
0.528033 0.193451
0.528132 0.193451
0.528232 0.193147
0.528331 0.192844
0.528430 0.192844
0.528529 0.192844
0.528628 0.192844
0.528727 0.192541
0.528826 0.191935
0.528925 0.191935
0.529024 0.191935
0.529123 0.191935
0.529222 0.191935
0.529321 0.191631
0.529420 0.191328
0.529520 0.191328
0.529619 0.191328
0.529718 0.191328
0.529817 0.191328
0.529916 0.191328
0.530015 0.191328
0.530114 0.191328
0.530213 0.191025
0.530312 0.191025
0.530411 0.191025
0.530510 0.191025
0.530609 0.191025
0.530709 0.190722
0.530808 0.190722
0.530907 0.190418
0.531006 0.190418
0.531105 0.190418
0.531204 0.190418
0.531303 0.190418
0.531402 0.190418
0.531501 0.190418
0.531600 0.190418
0.531699 0.190418
0.531798 0.190418
0.531897 0.190418
0.531997 0.190115
0.532096 0.190115
0.532195 0.189812
0.532294 0.189812
0.532393 0.189812
0.532492 0.189812
0.532591 0.189812
0.532690 0.189509
0.532789 0.188902
0.532888 0.188902
0.532987 0.188902
0.533086 0.188599
0.533186 0.188296
0.533285 0.188296
0.533384 0.188296
0.533483 0.188296
0.533582 0.187690
0.533681 0.187386
0.533780 0.187083
0.533879 0.187083
0.533978 0.187083
0.534077 0.187083
0.534176 0.187083
0.534275 0.187083
0.534374 0.186477
0.534474 0.186477
0.534573 0.186477
0.534672 0.186477
0.534771 0.186173
0.534870 0.186173
0.534969 0.185870
0.535068 0.185870
0.535167 0.185870
0.535266 0.185870
0.535365 0.185870
0.535464 0.185567
0.535563 0.185264
0.535663 0.185264
0.535762 0.185264
0.535861 0.185264
0.535960 0.184657
0.536059 0.184657
0.536158 0.184354
0.536257 0.184051
0.536356 0.184051
0.536455 0.184051
0.536554 0.184051
0.536653 0.184051
0.536752 0.183141
0.536851 0.183141
0.536951 0.182535
0.537050 0.182535
0.537149 0.182535
0.537248 0.182535
0.537347 0.182535
0.537446 0.182535
0.537545 0.181928
0.537644 0.181928
0.537743 0.181928
0.537842 0.181928
0.537941 0.181928
0.538040 0.181928
0.538140 0.181928
0.538239 0.181625
0.538338 0.181625
0.538437 0.181625
0.538536 0.181625
0.538635 0.181625
0.538734 0.181625
0.538833 0.181322
0.538932 0.181322
0.539031 0.181322
0.539130 0.181019
0.539229 0.181019
0.539328 0.181019
0.539428 0.181019
0.539527 0.181019
0.539626 0.181019
0.539725 0.181019
0.539824 0.181019
0.539923 0.181019
0.540022 0.181019
0.540121 0.181019
0.540220 0.181019
0.540319 0.181019
0.540418 0.181019
0.540517 0.180716
0.540617 0.180716
0.540716 0.180716
0.540815 0.180716
0.540914 0.180716
0.541013 0.180716
0.541112 0.180716
0.541211 0.180716
0.541310 0.180716
0.541409 0.180716
0.541508 0.180716
0.541607 0.180716
0.541706 0.180716
0.541805 0.180716
0.541905 0.180716
0.542004 0.180716
0.542103 0.180716
0.542202 0.180716
0.542301 0.180716
0.542400 0.180716
0.542499 0.180716
0.542598 0.180716
0.542697 0.180716
0.542796 0.180716
0.542895 0.180716
0.542994 0.180716
0.543094 0.180716
0.543193 0.180716
0.543292 0.180716
0.543391 0.180716
0.543490 0.180716
0.543589 0.180716
0.543688 0.180716
0.543787 0.180716
0.543886 0.180412
0.543985 0.180412
0.544084 0.180412
0.544183 0.180412
0.544282 0.180412
0.544382 0.180412
0.544481 0.180412
0.544580 0.180412
0.544679 0.180412
0.544778 0.180109
0.544877 0.180109
0.544976 0.179806
0.545075 0.179806
0.545174 0.179806
0.545273 0.179806
0.545372 0.179806
0.545471 0.179806
0.545571 0.179806
0.545670 0.179806
0.545769 0.179806
0.545868 0.179806
0.545967 0.179503
0.546066 0.179503
0.546165 0.179503
0.546264 0.179503
0.546363 0.179503
0.546462 0.179200
0.546561 0.179200
0.546660 0.178896
0.546759 0.178896
0.546859 0.178896
0.546958 0.178896
0.547057 0.178896
0.547156 0.178896
0.547255 0.178896
0.547354 0.178896
0.547453 0.178896
0.547552 0.178896
0.547651 0.178896
0.547750 0.178896
0.547849 0.178896
0.547948 0.178896
0.548048 0.178896
0.548147 0.178593
0.548246 0.178593
0.548345 0.178290
0.548444 0.178290
0.548543 0.178290
0.548642 0.178290
0.548741 0.178290
0.548840 0.178290
0.548939 0.178290
0.549038 0.178290
0.549137 0.177683
0.549236 0.177683
0.549336 0.177380
0.549435 0.177380
0.549534 0.177380
0.549633 0.177380
0.549732 0.177380
0.549831 0.177380
0.549930 0.177077
0.550029 0.177077
0.550128 0.176774
0.550227 0.176774
0.550326 0.176774
0.550425 0.176471
0.550525 0.176471
0.550624 0.176471
0.550723 0.176471
0.550822 0.176471
0.550921 0.175864
0.551020 0.175561
0.551119 0.175258
0.551218 0.175258
0.551317 0.175258
0.551416 0.174955
0.551515 0.174955
0.551614 0.174955
0.551713 0.174955
0.551813 0.174955
0.551912 0.174955
0.552011 0.174955
0.552110 0.174955
0.552209 0.174955
0.552308 0.174651
0.552407 0.174045
0.552506 0.174045
0.552605 0.174045
0.552704 0.174045
0.552803 0.173438
0.552902 0.173438
0.553002 0.173438
0.553101 0.173438
0.553200 0.173438
0.553299 0.173135
0.553398 0.172832
0.553497 0.172832
0.553596 0.172832
0.553695 0.172832
0.553794 0.172832
0.553893 0.172832
0.553992 0.172832
0.554091 0.172832
0.554190 0.172832
0.554290 0.172832
0.554389 0.172832
0.554488 0.172832
0.554587 0.172832
0.554686 0.172529
0.554785 0.172226
0.554884 0.172226
0.554983 0.172226
0.555082 0.172226
0.555181 0.171922
0.555280 0.171922
0.555379 0.171922
0.555479 0.171922
0.555578 0.171922
0.555677 0.171922
0.555776 0.171922
0.555875 0.171922
0.555974 0.171922
0.556073 0.171619
0.556172 0.171619
0.556271 0.171619
0.556370 0.171619
0.556469 0.171619
0.556568 0.171316
0.556667 0.171316
0.556767 0.171316
0.556866 0.171316
0.556965 0.171316
0.557064 0.171316
0.557163 0.171316
0.557262 0.171013
0.557361 0.170406
0.557460 0.170406
0.557559 0.170406
0.557658 0.170406
0.557757 0.170406
0.557856 0.170406
0.557956 0.170406
0.558055 0.170406
0.558154 0.170406
0.558253 0.170406
0.558352 0.170406
0.558451 0.170103
0.558550 0.170103
0.558649 0.170103
0.558748 0.170103
0.558847 0.169800
0.558946 0.169800
0.559045 0.169800
0.559145 0.169497
0.559244 0.169193
0.559343 0.169193
0.559442 0.169193
0.559541 0.169193
0.559640 0.169193
0.559739 0.168890
0.559838 0.168890
0.559937 0.168587
0.560036 0.168587
0.560135 0.168587
0.560234 0.168284
0.560333 0.168284
0.560433 0.168284
0.560532 0.168284
0.560631 0.168284
0.560730 0.168284
0.560829 0.168284
0.560928 0.167981
0.561027 0.167677
0.561126 0.167374
0.561225 0.167071
0.561324 0.166768
0.561423 0.166768
0.561522 0.166465
0.561622 0.166161
0.561721 0.166161
0.561820 0.165858
0.561919 0.165555
0.562018 0.165555
0.562117 0.165555
0.562216 0.165555
0.562315 0.164948
0.562414 0.164645
0.562513 0.164645
0.562612 0.164342
0.562711 0.164342
0.562810 0.164342
0.562910 0.164342
0.563009 0.164039
0.563108 0.164039
0.563207 0.164039
0.563306 0.164039
0.563405 0.163736
0.563504 0.163432
0.563603 0.163432
0.563702 0.163432
0.563801 0.163129
0.563900 0.163129
0.563999 0.163129
0.564099 0.163129
0.564198 0.162826
0.564297 0.162523
0.564396 0.162523
0.564495 0.162523
0.564594 0.162523
0.564693 0.162523
0.564792 0.162523
0.564891 0.162220
0.564990 0.162220
0.565089 0.162220
0.565188 0.161916
0.565287 0.161613
0.565387 0.161613
0.565486 0.161310
0.565585 0.160703
0.565684 0.160703
0.565783 0.160703
0.565882 0.160703
0.565981 0.160400
0.566080 0.160400
0.566179 0.160400
0.566278 0.160400
0.566377 0.160400
0.566476 0.160400
0.566576 0.160097
0.566675 0.160097
0.566774 0.159794
0.566873 0.159794
0.566972 0.159794
0.567071 0.159491
0.567170 0.159491
0.567269 0.159491
0.567368 0.159491
0.567467 0.159491
0.567566 0.159491
0.567665 0.159491
0.567764 0.159491
0.567864 0.159491
0.567963 0.159187
0.568062 0.159187
0.568161 0.159187
0.568260 0.159187
0.568359 0.159187
0.568458 0.158581
0.568557 0.158581
0.568656 0.158581
0.568755 0.158581
0.568854 0.158581
0.568953 0.158278
0.569053 0.158278
0.569152 0.158278
0.569251 0.158278
0.569350 0.158278
0.569449 0.157975
0.569548 0.157975
0.569647 0.157975
0.569746 0.157975
0.569845 0.157975
0.569944 0.157975
0.570043 0.157975
0.570142 0.157975
0.570241 0.157975
0.570341 0.157975
0.570440 0.157975
0.570539 0.157671
0.570638 0.157671
0.570737 0.157671
0.570836 0.157671
0.570935 0.157671
0.571034 0.157671
0.571133 0.157671
0.571232 0.157368
0.571331 0.157368
0.571430 0.157368
0.571530 0.157368
0.571629 0.157368
0.571728 0.157368
0.571827 0.157065
0.571926 0.157065
0.572025 0.157065
0.572124 0.157065
0.572223 0.157065
0.572322 0.156762
0.572421 0.156762
0.572520 0.156458
0.572619 0.156458
0.572718 0.156458
0.572818 0.156155
0.572917 0.156155
0.573016 0.155852
0.573115 0.155852
0.573214 0.155549
0.573313 0.155549
0.573412 0.155549
0.573511 0.155549
0.573610 0.155549
0.573709 0.155549
0.573808 0.154942
0.573907 0.154942
0.574007 0.154942
0.574106 0.154942
0.574205 0.154639
0.574304 0.154336
0.574403 0.154336
0.574502 0.154336
0.574601 0.154033
0.574700 0.154033
0.574799 0.154033
0.574898 0.154033
0.574997 0.154033
0.575096 0.154033
0.575195 0.153730
0.575295 0.153730
0.575394 0.153730
0.575493 0.153730
0.575592 0.153730
0.575691 0.153730
0.575790 0.153730
0.575889 0.153426
0.575988 0.153426
0.576087 0.153426
0.576186 0.152820
0.576285 0.152820
0.576384 0.152820
0.576484 0.152820
0.576583 0.152820
0.576682 0.152820
0.576781 0.152213
0.576880 0.151910
0.576979 0.151910
0.577078 0.151910
0.577177 0.151910
0.577276 0.151910
0.577375 0.151910
0.577474 0.151910
0.577573 0.151910
0.577672 0.151910
0.577772 0.151607
0.577871 0.151607
0.577970 0.151607
0.578069 0.151304
0.578168 0.151304
0.578267 0.151304
0.578366 0.151304
0.578465 0.151304
0.578564 0.151304
0.578663 0.151001
0.578762 0.151001
0.578861 0.151001
0.578961 0.151001
0.579060 0.151001
0.579159 0.151001
0.579258 0.151001
0.579357 0.151001
0.579456 0.151001
0.579555 0.150697
0.579654 0.150091
0.579753 0.149485
0.579852 0.149181
0.579951 0.148878
0.580050 0.148575
0.580149 0.148575
0.580249 0.148575
0.580348 0.148272
0.580447 0.147968
0.580546 0.147968
0.580645 0.147968
0.580744 0.147665
0.580843 0.147665
0.580942 0.147665
0.581041 0.147665
0.581140 0.147665
0.581239 0.147362
0.581338 0.147362
0.581438 0.147362
0.581537 0.147362
0.581636 0.147059
0.581735 0.147059
0.581834 0.146756
0.581933 0.146756
0.582032 0.146756
0.582131 0.146756
0.582230 0.146756
0.582329 0.146452
0.582428 0.146452
0.582527 0.146452
0.582626 0.146452
0.582726 0.146452
0.582825 0.146452
0.582924 0.146452
0.583023 0.145846
0.583122 0.145846
0.583221 0.145240
0.583320 0.145240
0.583419 0.144936
0.583518 0.144936
0.583617 0.144633
0.583716 0.144330
0.583815 0.144027
0.583915 0.144027
0.584014 0.144027
0.584113 0.144027
0.584212 0.144027
0.584311 0.144027
0.584410 0.144027
0.584509 0.144027
0.584608 0.144027
0.584707 0.144027
0.584806 0.144027
0.584905 0.142814
0.585004 0.142814
0.585103 0.142814
0.585203 0.142511
0.585302 0.142511
0.585401 0.142511
0.585500 0.142511
0.585599 0.142511
0.585698 0.142511
0.585797 0.142511
0.585896 0.142511
0.585995 0.142207
0.586094 0.142207
0.586193 0.142207
0.586292 0.142207
0.586392 0.142207
0.586491 0.142207
0.586590 0.141904
0.586689 0.141904
0.586788 0.141904
0.586887 0.141601
0.586986 0.141601
0.587085 0.141601
0.587184 0.141601
0.587283 0.141601
0.587382 0.141601
0.587481 0.141601
0.587580 0.141601
0.587680 0.141601
0.587779 0.141601
0.587878 0.141601
0.587977 0.141601
0.588076 0.141601
0.588175 0.141601
0.588274 0.141298
0.588373 0.141298
0.588472 0.140995
0.588571 0.140995
0.588670 0.140995
0.588769 0.140995
0.588869 0.140995
0.588968 0.140388
0.589067 0.140388
0.589166 0.140388
0.589265 0.140388
0.589364 0.140085
0.589463 0.140085
0.589562 0.140085
0.589661 0.140085
0.589760 0.140085
0.589859 0.140085
0.589958 0.140085
0.590058 0.139478
0.590157 0.139478
0.590256 0.139478
0.590355 0.139175
0.590454 0.139175
0.590553 0.138872
0.590652 0.138872
0.590751 0.138872
0.590850 0.138872
0.590949 0.138872
0.591048 0.138872
0.591147 0.138266
0.591246 0.138266
0.591346 0.138266
0.591445 0.138266
0.591544 0.138266
0.591643 0.137962
0.591742 0.137962
0.591841 0.137962
0.591940 0.137962
0.592039 0.137962
0.592138 0.137962
0.592237 0.137962
0.592336 0.137659
0.592435 0.137659
0.592535 0.137659
0.592634 0.137053
0.592733 0.137053
0.592832 0.137053
0.592931 0.136750
0.593030 0.136750
0.593129 0.136446
0.593228 0.136143
0.593327 0.136143
0.593426 0.136143
0.593525 0.136143
0.593624 0.136143
0.593723 0.135840
0.593823 0.135840
0.593922 0.135840
0.594021 0.135840
0.594120 0.135840
0.594219 0.135840
0.594318 0.135840
0.594417 0.135840
0.594516 0.135840
0.594615 0.135840
0.594714 0.135840
0.594813 0.135840
0.594912 0.135840
0.595012 0.135840
0.595111 0.135537
0.595210 0.135537
0.595309 0.135233
0.595408 0.135233
0.595507 0.135233
0.595606 0.135233
0.595705 0.135233
0.595804 0.134627
0.595903 0.134627
0.596002 0.134627
0.596101 0.134627
0.596200 0.134627
0.596300 0.134627
0.596399 0.134627
0.596498 0.134627
0.596597 0.134627
0.596696 0.134324
0.596795 0.134324
0.596894 0.134324
0.596993 0.134324
0.597092 0.134324
0.597191 0.134324
0.597290 0.134324
0.597389 0.134324
0.597489 0.134324
0.597588 0.134324
0.597687 0.134324
0.597786 0.134021
0.597885 0.134021
0.597984 0.133717
0.598083 0.133717
0.598182 0.133717
0.598281 0.133717
0.598380 0.133414
0.598479 0.133414
0.598578 0.133414
0.598677 0.133414
0.598777 0.133111
0.598876 0.133111
0.598975 0.133111
0.599074 0.132808
0.599173 0.132808
0.599272 0.132505
0.599371 0.132505
0.599470 0.132505
0.599569 0.132505
0.599668 0.132505
0.599767 0.132505
0.599866 0.132505
0.599966 0.132505
0.600065 0.132505
0.600164 0.132505
0.600263 0.132505
0.600362 0.132505
0.600461 0.132201
0.600560 0.132201
0.600659 0.132201
0.600758 0.132201
0.600857 0.132201
0.600956 0.132201
0.601055 0.132201
0.601154 0.132201
0.601254 0.132201
0.601353 0.132201
0.601452 0.132201
0.601551 0.132201
0.601650 0.131898
0.601749 0.131898
0.601848 0.131898
0.601947 0.131898
0.602046 0.131898
0.602145 0.131898
0.602244 0.131898
0.602343 0.131595
0.602443 0.131595
0.602542 0.131595
0.602641 0.131595
0.602740 0.131595
0.602839 0.131595
0.602938 0.131595
0.603037 0.131595
0.603136 0.131595
0.603235 0.131595
0.603334 0.131595
0.603433 0.131595
0.603532 0.131595
0.603631 0.131595
0.603731 0.131595
0.603830 0.131292
0.603929 0.131292
0.604028 0.131292
0.604127 0.131292
0.604226 0.130988
0.604325 0.130685
0.604424 0.130685
0.604523 0.130685
0.604622 0.130685
0.604721 0.130685
0.604820 0.130685
0.604920 0.130685
0.605019 0.130685
0.605118 0.130685
0.605217 0.130382
0.605316 0.130382
0.605415 0.130382
0.605514 0.130079
0.605613 0.130079
0.605712 0.130079
0.605811 0.129776
0.605910 0.129776
0.606009 0.129776
0.606108 0.129776
0.606208 0.129776
0.606307 0.129776
0.606406 0.129472
0.606505 0.129169
0.606604 0.128866
0.606703 0.128866
0.606802 0.128866
0.606901 0.128866
0.607000 0.128866
0.607099 0.128866
0.607198 0.128563
0.607297 0.128563
0.607397 0.128260
0.607496 0.128260
0.607595 0.128260
0.607694 0.127956
0.607793 0.127956
0.607892 0.127956
0.607991 0.127653
0.608090 0.127653
0.608189 0.127653
0.608288 0.127653
0.608387 0.127653
0.608486 0.127653
0.608585 0.127653
0.608685 0.127653
0.608784 0.127653
0.608883 0.127653
0.608982 0.127653
0.609081 0.127653
0.609180 0.127653
0.609279 0.127350
0.609378 0.127350
0.609477 0.127350
0.609576 0.127047
0.609675 0.126743
0.609774 0.126743
0.609874 0.126743
0.609973 0.126743
0.610072 0.126743
0.610171 0.126440
0.610270 0.126440
0.610369 0.126440
0.610468 0.126440
0.610567 0.126440
0.610666 0.126440
0.610765 0.126440
0.610864 0.126440
0.610963 0.126440
0.611062 0.125834
0.611162 0.125834
0.611261 0.125834
0.611360 0.125834
0.611459 0.125227
0.611558 0.124924
0.611657 0.124924
0.611756 0.124924
0.611855 0.124621
0.611954 0.124621
0.612053 0.124318
0.612152 0.124318
0.612251 0.124015
0.612351 0.124015
0.612450 0.124015
0.612549 0.124015
0.612648 0.124015
0.612747 0.124015
0.612846 0.124015
0.612945 0.124015
0.613044 0.124015
0.613143 0.124015
0.613242 0.124015
0.613341 0.124015
0.613440 0.124015
0.613539 0.123711
0.613639 0.123711
0.613738 0.123711
0.613837 0.123711
0.613936 0.123711
0.614035 0.123711
0.614134 0.123711
0.614233 0.123711
0.614332 0.123711
0.614431 0.123711
0.614530 0.123711
0.614629 0.123711
0.614728 0.123711
0.614828 0.123711
0.614927 0.123711
0.615026 0.123711
0.615125 0.123711
0.615224 0.123711
0.615323 0.123408
0.615422 0.123105
0.615521 0.123105
0.615620 0.123105
0.615719 0.123105
0.615818 0.123105
0.615917 0.123105
0.616016 0.123105
0.616116 0.123105
0.616215 0.123105
0.616314 0.123105
0.616413 0.123105
0.616512 0.123105
0.616611 0.123105
0.616710 0.123105
0.616809 0.123105
0.616908 0.123105
0.617007 0.122498
0.617106 0.122498
0.617205 0.122498
0.617305 0.122498
0.617404 0.122498
0.617503 0.122498
0.617602 0.122498
0.617701 0.122498
0.617800 0.122498
0.617899 0.122195
0.617998 0.122195
0.618097 0.122195
0.618196 0.122195
0.618295 0.121892
0.618394 0.121892
0.618493 0.121589
0.618593 0.121589
0.618692 0.121589
0.618791 0.121589
0.618890 0.121589
0.618989 0.121589
0.619088 0.121589
0.619187 0.121286
0.619286 0.121286
0.619385 0.121286
0.619484 0.121286
0.619583 0.121286
0.619682 0.120982
0.619782 0.120982
0.619881 0.120982
0.619980 0.120376
0.620079 0.120376
0.620178 0.120376
0.620277 0.120376
0.620376 0.120376
0.620475 0.120376
0.620574 0.120376
0.620673 0.120073
0.620772 0.120073
0.620871 0.120073
0.620971 0.120073
0.621070 0.119770
0.621169 0.119770
0.621268 0.119770
0.621367 0.119770
0.621466 0.119163
0.621565 0.119163
0.621664 0.119163
0.621763 0.119163
0.621862 0.118860
0.621961 0.118860
0.622060 0.118860
0.622159 0.118860
0.622259 0.118557
0.622358 0.118557
0.622457 0.118557
0.622556 0.118557
0.622655 0.118557
0.622754 0.118557
0.622853 0.118557
0.622952 0.118253
0.623051 0.118253
0.623150 0.118253
0.623249 0.117950
0.623348 0.117647
0.623448 0.117647
0.623547 0.117647
0.623646 0.117344
0.623745 0.117344
0.623844 0.117344
0.623943 0.117344
0.624042 0.117344
0.624141 0.117344
0.624240 0.117344
0.624339 0.117041
0.624438 0.117041
0.624537 0.117041
0.624636 0.117041
0.624736 0.117041
0.624835 0.117041
0.624934 0.117041
0.625033 0.117041
0.625132 0.116737
0.625231 0.116737
0.625330 0.116737
0.625429 0.116737
0.625528 0.116434
0.625627 0.116434
0.625726 0.116434
0.625825 0.116131
0.625925 0.116131
0.626024 0.116131
0.626123 0.116131
0.626222 0.116131
0.626321 0.116131
0.626420 0.116131
0.626519 0.115828
0.626618 0.115828
0.626717 0.115828
0.626816 0.115525
0.626915 0.115221
0.627014 0.114918
0.627113 0.114615
0.627213 0.114312
0.627312 0.114008
0.627411 0.114008
0.627510 0.114008
0.627609 0.114008
0.627708 0.113705
0.627807 0.113705
0.627906 0.113705
0.628005 0.113402
0.628104 0.113402
0.628203 0.113402
0.628302 0.113402
0.628402 0.113402
0.628501 0.113402
0.628600 0.113402
0.628699 0.113402
0.628798 0.113402
0.628897 0.113402
0.628996 0.113099
0.629095 0.113099
0.629194 0.113099
0.629293 0.113099
0.629392 0.113099
0.629491 0.113099
0.629590 0.112796
0.629690 0.112796
0.629789 0.112492
0.629888 0.112492
0.629987 0.112492
0.630086 0.112189
0.630185 0.112189
0.630284 0.112189
0.630383 0.111886
0.630482 0.111886
0.630581 0.111886
0.630680 0.111886
0.630779 0.111886
0.630879 0.111886
0.630978 0.111886
0.631077 0.111886
0.631176 0.111886
0.631275 0.111583
0.631374 0.111583
0.631473 0.111583
0.631572 0.111583
0.631671 0.111280
0.631770 0.111280
0.631869 0.111280
0.631968 0.111280
0.632067 0.111280
0.632167 0.111280
0.632266 0.111280
0.632365 0.110976
0.632464 0.110976
0.632563 0.110976
0.632662 0.110976
0.632761 0.110673
0.632860 0.110673
0.632959 0.110673
0.633058 0.110673
0.633157 0.110673
0.633256 0.110370
0.633356 0.110370
0.633455 0.110370
0.633554 0.110370
0.633653 0.110370
0.633752 0.110370
0.633851 0.110067
0.633950 0.110067
0.634049 0.110067
0.634148 0.110067
0.634247 0.110067
0.634346 0.110067
0.634445 0.109763
0.634544 0.109763
0.634644 0.109763
0.634743 0.109763
0.634842 0.109763
0.634941 0.109763
0.635040 0.109763
0.635139 0.109763
0.635238 0.109460
0.635337 0.109460
0.635436 0.109460
0.635535 0.109460
0.635634 0.109460
0.635733 0.109460
0.635833 0.109157
0.635932 0.109157
0.636031 0.108854
0.636130 0.108854
0.636229 0.108854
0.636328 0.108854
0.636427 0.108854
0.636526 0.108247
0.636625 0.108247
0.636724 0.108247
0.636823 0.108247
0.636922 0.108247
0.637021 0.108247
0.637121 0.108247
0.637220 0.108247
0.637319 0.108247
0.637418 0.108247
0.637517 0.108247
0.637616 0.108247
0.637715 0.108247
0.637814 0.108247
0.637913 0.108247
0.638012 0.108247
0.638111 0.108247
0.638210 0.108247
0.638310 0.108247
0.638409 0.107641
0.638508 0.107641
0.638607 0.107641
0.638706 0.107641
0.638805 0.107641
0.638904 0.107338
0.639003 0.107338
0.639102 0.107338
0.639201 0.107338
0.639300 0.107338
0.639399 0.107338
0.639498 0.107338
0.639598 0.107338
0.639697 0.107338
0.639796 0.107035
0.639895 0.107035
0.639994 0.107035
0.640093 0.107035
0.640192 0.107035
0.640291 0.107035
0.640390 0.107035
0.640489 0.106731
0.640588 0.106731
0.640687 0.106731
0.640787 0.106731
0.640886 0.106428
0.640985 0.106428
0.641084 0.106428
0.641183 0.106428
0.641282 0.106125
0.641381 0.106125
0.641480 0.106125
0.641579 0.106125
0.641678 0.106125
0.641777 0.106125
0.641876 0.106125
0.641975 0.105822
0.642075 0.105822
0.642174 0.105822
0.642273 0.105822
0.642372 0.105822
0.642471 0.105822
0.642570 0.105822
0.642669 0.105822
0.642768 0.105822
0.642867 0.105822
0.642966 0.105518
0.643065 0.105518
0.643164 0.105518
0.643264 0.105518
0.643363 0.105518
0.643462 0.105215
0.643561 0.105215
0.643660 0.105215
0.643759 0.104912
0.643858 0.104912
0.643957 0.104609
0.644056 0.104306
0.644155 0.104306
0.644254 0.104306
0.644353 0.104306
0.644452 0.104306
0.644552 0.104306
0.644651 0.104306
0.644750 0.104306
0.644849 0.104306
0.644948 0.104306
0.645047 0.104306
0.645146 0.104306
0.645245 0.104306
0.645344 0.103699
0.645443 0.103699
0.645542 0.103699
0.645641 0.103396
0.645741 0.103093
0.645840 0.103093
0.645939 0.103093
0.646038 0.103093
0.646137 0.103093
0.646236 0.103093
0.646335 0.103093
0.646434 0.103093
0.646533 0.102790
0.646632 0.102790
0.646731 0.102790
0.646830 0.102790
0.646929 0.102790
0.647029 0.102790
0.647128 0.102790
0.647227 0.102790
0.647326 0.102790
0.647425 0.102790
0.647524 0.102790
0.647623 0.102790
0.647722 0.102790
0.647821 0.102790
0.647920 0.102790
0.648019 0.102790
0.648118 0.102790
0.648218 0.102790
0.648317 0.102790
0.648416 0.102486
0.648515 0.102486
0.648614 0.102486
0.648713 0.102486
0.648812 0.102486
0.648911 0.102486
0.649010 0.102486
0.649109 0.102183
0.649208 0.102183
0.649307 0.102183
0.649406 0.102183
0.649506 0.102183
0.649605 0.102183
0.649704 0.101880
0.649803 0.101880
0.649902 0.101880
0.650001 0.101880
0.650100 0.101880
0.650199 0.101880
0.650298 0.101880
0.650397 0.101880
0.650496 0.101880
0.650595 0.101880
0.650695 0.101880
0.650794 0.101880
0.650893 0.101880
0.650992 0.101880
0.651091 0.101577
0.651190 0.101577
0.651289 0.101577
0.651388 0.101577
0.651487 0.101577
0.651586 0.101577
0.651685 0.101577
0.651784 0.101577
0.651884 0.101577
0.651983 0.101577
0.652082 0.101577
0.652181 0.101577
0.652280 0.101577
0.652379 0.101577
0.652478 0.101577
0.652577 0.101577
0.652676 0.101273
0.652775 0.101273
0.652874 0.101273
0.652973 0.101273
0.653072 0.101273
0.653172 0.101273
0.653271 0.101273
0.653370 0.101273
0.653469 0.101273
0.653568 0.101273
0.653667 0.101273
0.653766 0.101273
0.653865 0.100970
0.653964 0.100970
0.654063 0.100970
0.654162 0.100667
0.654261 0.100667
0.654361 0.100364
0.654460 0.100364
0.654559 0.100364
0.654658 0.100061
0.654757 0.100061
0.654856 0.100061
0.654955 0.100061
0.655054 0.100061
0.655153 0.100061
0.655252 0.100061
0.655351 0.100061
0.655450 0.100061
0.655549 0.100061
0.655649 0.100061
0.655748 0.100061
0.655847 0.100061
0.655946 0.100061
0.656045 0.100061
0.656144 0.100061
0.656243 0.100061
0.656342 0.100061
0.656441 0.100061
0.656540 0.099757
0.656639 0.099757
0.656738 0.099454
0.656838 0.099454
0.656937 0.099151
0.657036 0.099151
0.657135 0.099151
0.657234 0.099151
0.657333 0.099151
0.657432 0.098848
0.657531 0.098848
0.657630 0.098848
0.657729 0.098848
0.657828 0.098848
0.657927 0.098848
0.658026 0.098848
0.658126 0.098848
0.658225 0.098848
0.658324 0.098848
0.658423 0.098848
0.658522 0.098848
0.658621 0.098848
0.658720 0.098848
0.658819 0.098848
0.658918 0.098848
0.659017 0.098545
0.659116 0.098545
0.659215 0.098545
0.659315 0.098545
0.659414 0.098545
0.659513 0.098241
0.659612 0.098241
0.659711 0.098241
0.659810 0.098241
0.659909 0.098241
0.660008 0.097938
0.660107 0.097938
0.660206 0.097938
0.660305 0.097938
0.660404 0.097938
0.660503 0.097938
0.660603 0.097635
0.660702 0.097332
0.660801 0.097332
0.660900 0.097332
0.660999 0.097332
0.661098 0.097029
0.661197 0.096725
0.661296 0.096725
0.661395 0.096725
0.661494 0.096725
0.661593 0.096725
0.661692 0.096422
0.661792 0.096422
0.661891 0.096119
0.661990 0.096119
0.662089 0.096119
0.662188 0.096119
0.662287 0.095816
0.662386 0.095816
0.662485 0.095816
0.662584 0.095816
0.662683 0.095816
0.662782 0.095816
0.662881 0.095816
0.662980 0.095816
0.663080 0.095816
0.663179 0.095209
0.663278 0.095209
0.663377 0.094906
0.663476 0.094603
0.663575 0.094603
0.663674 0.094300
0.663773 0.094300
0.663872 0.094300
0.663971 0.094300
0.664070 0.094300
0.664169 0.094300
0.664269 0.093996
0.664368 0.093693
0.664467 0.093693
0.664566 0.093693
0.664665 0.093693
0.664764 0.093693
0.664863 0.093693
0.664962 0.093693
0.665061 0.093693
0.665160 0.093693
0.665259 0.093693
0.665358 0.093693
0.665457 0.093693
0.665557 0.093693
0.665656 0.093693
0.665755 0.093693
0.665854 0.093390
0.665953 0.093390
0.666052 0.093390
0.666151 0.093087
0.666250 0.093087
0.666349 0.093087
0.666448 0.093087
0.666547 0.093087
0.666646 0.093087
0.666746 0.093087
0.666845 0.093087
0.666944 0.093087
0.667043 0.093087
0.667142 0.093087
0.667241 0.092784
0.667340 0.092480
0.667439 0.092480
0.667538 0.092480
0.667637 0.092480
0.667736 0.092480
0.667835 0.092480
0.667934 0.092480
0.668034 0.092480
0.668133 0.092480
0.668232 0.092177
0.668331 0.092177
0.668430 0.092177
0.668529 0.092177
0.668628 0.092177
0.668727 0.092177
0.668826 0.091874
0.668925 0.091874
0.669024 0.091874
0.669123 0.091571
0.669223 0.091571
0.669322 0.091571
0.669421 0.091571
0.669520 0.091571
0.669619 0.091267
0.669718 0.091267
0.669817 0.091267
0.669916 0.090964
0.670015 0.090964
0.670114 0.090964
0.670213 0.090661
0.670312 0.090661
0.670411 0.090661
0.670511 0.090661
0.670610 0.090661
0.670709 0.090661
0.670808 0.090661
0.670907 0.090661
0.671006 0.090661
0.671105 0.090661
0.671204 0.090358
0.671303 0.090358
0.671402 0.090358
0.671501 0.090358
0.671600 0.090358
0.671700 0.090358
0.671799 0.090358
0.671898 0.090358
0.671997 0.090358
0.672096 0.090358
0.672195 0.090358
0.672294 0.090358
0.672393 0.090358
0.672492 0.090358
0.672591 0.090055
0.672690 0.089751
0.672789 0.089751
0.672888 0.089448
0.672988 0.089145
0.673087 0.089145
0.673186 0.089145
0.673285 0.088842
0.673384 0.088842
0.673483 0.088842
0.673582 0.088842
0.673681 0.088842
0.673780 0.088539
0.673879 0.088539
0.673978 0.088539
0.674077 0.088539
0.674177 0.088539
0.674276 0.088539
0.674375 0.088539
0.674474 0.088539
0.674573 0.088539
0.674672 0.088539
0.674771 0.088539
0.674870 0.088539
0.674969 0.088235
0.675068 0.088235
0.675167 0.088235
0.675266 0.087932
0.675365 0.087932
0.675465 0.087932
0.675564 0.087932
0.675663 0.087932
0.675762 0.087932
0.675861 0.087932
0.675960 0.087932
0.676059 0.087932
0.676158 0.087932
0.676257 0.087932
0.676356 0.087932
0.676455 0.087932
0.676554 0.087932
0.676654 0.087932
0.676753 0.087932
0.676852 0.087932
0.676951 0.087932
0.677050 0.087932
0.677149 0.087932
0.677248 0.087932
0.677347 0.087932
0.677446 0.087932
0.677545 0.087932
0.677644 0.087326
0.677743 0.087022
0.677842 0.087022
0.677942 0.087022
0.678041 0.087022
0.678140 0.087022
0.678239 0.087022
0.678338 0.087022
0.678437 0.087022
0.678536 0.087022
0.678635 0.087022
0.678734 0.087022
0.678833 0.086719
0.678932 0.086719
0.679031 0.086719
0.679131 0.086416
0.679230 0.086416
0.679329 0.086416
0.679428 0.086416
0.679527 0.086416
0.679626 0.086416
0.679725 0.086416
0.679824 0.086113
0.679923 0.085810
0.680022 0.085506
0.680121 0.085506
0.680220 0.085506
0.680319 0.085506
0.680419 0.085203
0.680518 0.085203
0.680617 0.084900
0.680716 0.084900
0.680815 0.084597
0.680914 0.084597
0.681013 0.084597
0.681112 0.084597
0.681211 0.084597
0.681310 0.084597
0.681409 0.084294
0.681508 0.084294
0.681608 0.084294
0.681707 0.084294
0.681806 0.084294
0.681905 0.084294
0.682004 0.084294
0.682103 0.084294
0.682202 0.084294
0.682301 0.084294
0.682400 0.084294
0.682499 0.084294
0.682598 0.084294
0.682697 0.084294
0.682797 0.084294
0.682896 0.084294
0.682995 0.084294
0.683094 0.084294
0.683193 0.084294
0.683292 0.084294
0.683391 0.084294
0.683490 0.084294
0.683589 0.084294
0.683688 0.084294
0.683787 0.084294
0.683886 0.084294
0.683985 0.084294
0.684085 0.084294
0.684184 0.084294
0.684283 0.084294
0.684382 0.084294
0.684481 0.084294
0.684580 0.084294
0.684679 0.084294
0.684778 0.084294
0.684877 0.084294
0.684976 0.084294
0.685075 0.084294
0.685174 0.084294
0.685274 0.084294
0.685373 0.084294
0.685472 0.084294
0.685571 0.084294
0.685670 0.084294
0.685769 0.084294
0.685868 0.084294
0.685967 0.084294
0.686066 0.084294
0.686165 0.084294
0.686264 0.084294
0.686363 0.084294
0.686462 0.084294
0.686562 0.084294
0.686661 0.084294
0.686760 0.084294
0.686859 0.084294
0.686958 0.084294
0.687057 0.084294
0.687156 0.084294
0.687255 0.083990
0.687354 0.083990
0.687453 0.083990
0.687552 0.083990
0.687651 0.083990
0.687751 0.083990
0.687850 0.083990
0.687949 0.083990
0.688048 0.083990
0.688147 0.083990
0.688246 0.083990
0.688345 0.083687
0.688444 0.083687
0.688543 0.083687
0.688642 0.083384
0.688741 0.083081
0.688840 0.083081
0.688939 0.083081
0.689039 0.083081
0.689138 0.083081
0.689237 0.082474
0.689336 0.082474
0.689435 0.082474
0.689534 0.082474
0.689633 0.082474
0.689732 0.082171
0.689831 0.082171
0.689930 0.082171
0.690029 0.082171
0.690128 0.082171
0.690228 0.082171
0.690327 0.082171
0.690426 0.082171
0.690525 0.082171
0.690624 0.082171
0.690723 0.082171
0.690822 0.082171
0.690921 0.082171
0.691020 0.082171
0.691119 0.082171
0.691218 0.082171
0.691317 0.082171
0.691416 0.082171
0.691516 0.082171
0.691615 0.082171
0.691714 0.082171
0.691813 0.082171
0.691912 0.082171
0.692011 0.082171
0.692110 0.082171
0.692209 0.082171
0.692308 0.082171
0.692407 0.082171
0.692506 0.082171
0.692605 0.082171
0.692705 0.082171
0.692804 0.082171
0.692903 0.082171
0.693002 0.081868
0.693101 0.081868
0.693200 0.081565
0.693299 0.081565
0.693398 0.081261
0.693497 0.081261
0.693596 0.081261
0.693695 0.081261
0.693794 0.081261
0.693893 0.081261
0.693993 0.081261
0.694092 0.080655
0.694191 0.080655
0.694290 0.080655
0.694389 0.080655
0.694488 0.080352
0.694587 0.080352
0.694686 0.080049
0.694785 0.080049
0.694884 0.080049
0.694983 0.079745
0.695082 0.079745
0.695182 0.079745
0.695281 0.079745
0.695380 0.079745
0.695479 0.079745
0.695578 0.079745
0.695677 0.079745
0.695776 0.079745
0.695875 0.079745
0.695974 0.079745
0.696073 0.079745
0.696172 0.079745
0.696271 0.079745
0.696370 0.079745
0.696470 0.079442
0.696569 0.079139
0.696668 0.079139
0.696767 0.079139
0.696866 0.079139
0.696965 0.079139
0.697064 0.078836
0.697163 0.078836
0.697262 0.078836
0.697361 0.078836
0.697460 0.078836
0.697559 0.078532
0.697659 0.078532
0.697758 0.078532
0.697857 0.078532
0.697956 0.078229
0.698055 0.078229
0.698154 0.078229
0.698253 0.078229
0.698352 0.078229
0.698451 0.078229
0.698550 0.078229
0.698649 0.078229
0.698748 0.078229
0.698847 0.078229
0.698947 0.078229
0.699046 0.078229
0.699145 0.078229
0.699244 0.078229
0.699343 0.077926
0.699442 0.077926
0.699541 0.077926
0.699640 0.077926
0.699739 0.077926
0.699838 0.077926
0.699937 0.077926
0.700036 0.077926
0.700136 0.077926
0.700235 0.077926
0.700334 0.077926
0.700433 0.077926
0.700532 0.077926
0.700631 0.077926
0.700730 0.077926
0.700829 0.077926
0.700928 0.077926
0.701027 0.077926
0.701126 0.077926
0.701225 0.077926
0.701324 0.077926
0.701424 0.077926
0.701523 0.077926
0.701622 0.077926
0.701721 0.077926
0.701820 0.077926
0.701919 0.077623
0.702018 0.077623
0.702117 0.077623
0.702216 0.077623
0.702315 0.077623
0.702414 0.077623
0.702513 0.077623
0.702613 0.077623
0.702712 0.077623
0.702811 0.077623
0.702910 0.077623
0.703009 0.077320
0.703108 0.077320
0.703207 0.077320
0.703306 0.077320
0.703405 0.077320
0.703504 0.077320
0.703603 0.077320
0.703702 0.077320
0.703801 0.077320
0.703901 0.077320
0.704000 0.077320
0.704099 0.077320
0.704198 0.077016
0.704297 0.077016
0.704396 0.077016
0.704495 0.077016
0.704594 0.077016
0.704693 0.077016
0.704792 0.077016
0.704891 0.076713
0.704990 0.076713
0.705090 0.076713
0.705189 0.076410
0.705288 0.076107
0.705387 0.076107
0.705486 0.076107
0.705585 0.076107
0.705684 0.075804
0.705783 0.075804
0.705882 0.075804
0.705981 0.075804
0.706080 0.075500
0.706179 0.075500
0.706278 0.075500
0.706378 0.075500
0.706477 0.075500
0.706576 0.075500
0.706675 0.075197
0.706774 0.075197
0.706873 0.075197
0.706972 0.075197
0.707071 0.075197
0.707170 0.075197
0.707269 0.075197
0.707368 0.075197
0.707467 0.075197
0.707567 0.074894
0.707666 0.074894
0.707765 0.074894
0.707864 0.074894
0.707963 0.074894
0.708062 0.074894
0.708161 0.074894
0.708260 0.074591
0.708359 0.074591
0.708458 0.074591
0.708557 0.074591
0.708656 0.074591
0.708755 0.074287
0.708855 0.073681
0.708954 0.073681
0.709053 0.073681
0.709152 0.073681
0.709251 0.073378
0.709350 0.073378
0.709449 0.073075
0.709548 0.073075
0.709647 0.073075
0.709746 0.073075
0.709845 0.073075
0.709944 0.073075
0.710044 0.073075
0.710143 0.073075
0.710242 0.073075
0.710341 0.073075
0.710440 0.072771
0.710539 0.072771
0.710638 0.072771
0.710737 0.072771
0.710836 0.072468
0.710935 0.072468
0.711034 0.072468
0.711133 0.072468
0.711232 0.072165
0.711332 0.072165
0.711431 0.072165
0.711530 0.072165
0.711629 0.071862
0.711728 0.071862
0.711827 0.071862
0.711926 0.071862
0.712025 0.071862
0.712124 0.071862
0.712223 0.071862
0.712322 0.071862
0.712421 0.071862
0.712521 0.071862
0.712620 0.071862
0.712719 0.071862
0.712818 0.071862
0.712917 0.071862
0.713016 0.071862
0.713115 0.071862
0.713214 0.071862
0.713313 0.071862
0.713412 0.071862
0.713511 0.071862
0.713610 0.071862
0.713710 0.071862
0.713809 0.071862
0.713908 0.071862
0.714007 0.071862
0.714106 0.071862
0.714205 0.071862
0.714304 0.071862
0.714403 0.071862
0.714502 0.071862
0.714601 0.071862
0.714700 0.071862
0.714799 0.071862
0.714898 0.071862
0.714998 0.071862
0.715097 0.071862
0.715196 0.071862
0.715295 0.071862
0.715394 0.071862
0.715493 0.071862
0.715592 0.071862
0.715691 0.071862
0.715790 0.071862
0.715889 0.071862
0.715988 0.071862
0.716087 0.071862
0.716187 0.071862
0.716286 0.071862
0.716385 0.071862
0.716484 0.071862
0.716583 0.071862
0.716682 0.071862
0.716781 0.071862
0.716880 0.071862
0.716979 0.071862
0.717078 0.071559
0.717177 0.071559
0.717276 0.071559
0.717375 0.071559
0.717475 0.071559
0.717574 0.071559
0.717673 0.070952
0.717772 0.070649
0.717871 0.070649
0.717970 0.070649
0.718069 0.070649
0.718168 0.070649
0.718267 0.070649
0.718366 0.070649
0.718465 0.070649
0.718564 0.070649
0.718664 0.070042
0.718763 0.070042
0.718862 0.070042
0.718961 0.070042
0.719060 0.070042
0.719159 0.070042
0.719258 0.069739
0.719357 0.069739
0.719456 0.069739
0.719555 0.069739
0.719654 0.069739
0.719753 0.069739
0.719852 0.069739
0.719952 0.069739
0.720051 0.069739
0.720150 0.069739
0.720249 0.069739
0.720348 0.069739
0.720447 0.069739
0.720546 0.069436
0.720645 0.069436
0.720744 0.069436
0.720843 0.069436
0.720942 0.069436
0.721041 0.069436
0.721141 0.069436
0.721240 0.069436
0.721339 0.069436
0.721438 0.069436
0.721537 0.069436
0.721636 0.069436
0.721735 0.069436
0.721834 0.069436
0.721933 0.069436
0.722032 0.069436
0.722131 0.069436
0.722230 0.069436
0.722329 0.069133
0.722429 0.069133
0.722528 0.069133
0.722627 0.069133
0.722726 0.069133
0.722825 0.069133
0.722924 0.069133
0.723023 0.069133
0.723122 0.069133
0.723221 0.069133
0.723320 0.069133
0.723419 0.069133
0.723518 0.068830
0.723618 0.068830
0.723717 0.068830
0.723816 0.068830
0.723915 0.068526
0.724014 0.068526
0.724113 0.068223
0.724212 0.068223
0.724311 0.068223
0.724410 0.068223
0.724509 0.067617
0.724608 0.067617
0.724707 0.067617
0.724806 0.067314
0.724906 0.067314
0.725005 0.067314
0.725104 0.067314
0.725203 0.067010
0.725302 0.067010
0.725401 0.067010
0.725500 0.067010
0.725599 0.067010
0.725698 0.066707
0.725797 0.066707
0.725896 0.066707
0.725995 0.066404
0.726095 0.066404
0.726194 0.066404
0.726293 0.066101
0.726392 0.066101
0.726491 0.065797
0.726590 0.065797
0.726689 0.065494
0.726788 0.065494
0.726887 0.065494
0.726986 0.065494
0.727085 0.065494
0.727184 0.065494
0.727283 0.064888
0.727383 0.064888
0.727482 0.064888
0.727581 0.064888
0.727680 0.064888
0.727779 0.064888
0.727878 0.064888
0.727977 0.064888
0.728076 0.064888
0.728175 0.064888
0.728274 0.064888
0.728373 0.064281
0.728472 0.064281
0.728572 0.064281
0.728671 0.064281
0.728770 0.064281
0.728869 0.064281
0.728968 0.064281
0.729067 0.064281
0.729166 0.064281
0.729265 0.064281
0.729364 0.064281
0.729463 0.064281
0.729562 0.064281
0.729661 0.064281
0.729760 0.064281
0.729860 0.064281
0.729959 0.063978
0.730058 0.063978
0.730157 0.063978
0.730256 0.063675
0.730355 0.063675
0.730454 0.063675
0.730553 0.063675
0.730652 0.063675
0.730751 0.063372
0.730850 0.063069
0.730949 0.063069
0.731049 0.063069
0.731148 0.063069
0.731247 0.063069
0.731346 0.063069
0.731445 0.063069
0.731544 0.063069
0.731643 0.063069
0.731742 0.062765
0.731841 0.062462
0.731940 0.062462
0.732039 0.062159
0.732138 0.062159
0.732237 0.061856
0.732337 0.061856
0.732436 0.061856
0.732535 0.061856
0.732634 0.061856
0.732733 0.061856
0.732832 0.061856
0.732931 0.061856
0.733030 0.061856
0.733129 0.061856
0.733228 0.061856
0.733327 0.061552
0.733426 0.061552
0.733526 0.061552
0.733625 0.061552
0.733724 0.061552
0.733823 0.061552
0.733922 0.061552
0.734021 0.061552
0.734120 0.061552
0.734219 0.061552
0.734318 0.061552
0.734417 0.061552
0.734516 0.061552
0.734615 0.061552
0.734714 0.061552
0.734814 0.061552
0.734913 0.061552
0.735012 0.061552
0.735111 0.061552
0.735210 0.061552
0.735309 0.061552
0.735408 0.061552
0.735507 0.061552
0.735606 0.061552
0.735705 0.061552
0.735804 0.061552
0.735903 0.061552
0.736003 0.061552
0.736102 0.061552
0.736201 0.061552
0.736300 0.061552
0.736399 0.061552
0.736498 0.061552
0.736597 0.061552
0.736696 0.061249
0.736795 0.061249
0.736894 0.061249
0.736993 0.061249
0.737092 0.061249
0.737191 0.061249
0.737291 0.061249
0.737390 0.061249
0.737489 0.061249
0.737588 0.061249
0.737687 0.061249
0.737786 0.061249
0.737885 0.061249
0.737984 0.061249
0.738083 0.061249
0.738182 0.060946
0.738281 0.060946
0.738380 0.060946
0.738480 0.060946
0.738579 0.060643
0.738678 0.060643
0.738777 0.060643
0.738876 0.060643
0.738975 0.060643
0.739074 0.060643
0.739173 0.060340
0.739272 0.060340
0.739371 0.060340
0.739470 0.060340
0.739569 0.060036
0.739668 0.059733
0.739768 0.059733
0.739867 0.059733
0.739966 0.059733
0.740065 0.059733
0.740164 0.059733
0.740263 0.059733
0.740362 0.059733
0.740461 0.059733
0.740560 0.059733
0.740659 0.059733
0.740758 0.059733
0.740857 0.059733
0.740957 0.059733
0.741056 0.059733
0.741155 0.059430
0.741254 0.059430
0.741353 0.059430
0.741452 0.059430
0.741551 0.059430
0.741650 0.059430
0.741749 0.059430
0.741848 0.059430
0.741947 0.059430
0.742046 0.059430
0.742145 0.059430
0.742245 0.059430
0.742344 0.059430
0.742443 0.059127
0.742542 0.059127
0.742641 0.058824
0.742740 0.058824
0.742839 0.058520
0.742938 0.058520
0.743037 0.058520
0.743136 0.058520
0.743235 0.058217
0.743334 0.058217
0.743434 0.058217
0.743533 0.057914
0.743632 0.057914
0.743731 0.057914
0.743830 0.057914
0.743929 0.057914
0.744028 0.057914
0.744127 0.057914
0.744226 0.057914
0.744325 0.057914
0.744424 0.057914
0.744523 0.057914
0.744623 0.057914
0.744722 0.057914
0.744821 0.057914
0.744920 0.057914
0.745019 0.057914
0.745118 0.057914
0.745217 0.057914
0.745316 0.057914
0.745415 0.057914
0.745514 0.057611
0.745613 0.057611
0.745712 0.057611
0.745811 0.057611
0.745911 0.057307
0.746010 0.057307
0.746109 0.057004
0.746208 0.056701
0.746307 0.056398
0.746406 0.056398
0.746505 0.056398
0.746604 0.056398
0.746703 0.056398
0.746802 0.056398
0.746901 0.056398
0.747000 0.056398
0.747100 0.056398
0.747199 0.056398
0.747298 0.056398
0.747397 0.056398
0.747496 0.056095
0.747595 0.056095
0.747694 0.055791
0.747793 0.055791
0.747892 0.055488
0.747991 0.055488
0.748090 0.055488
0.748189 0.055488
0.748288 0.055488
0.748388 0.055185
0.748487 0.055185
0.748586 0.055185
0.748685 0.055185
0.748784 0.054882
0.748883 0.054882
0.748982 0.054882
0.749081 0.054882
0.749180 0.054882
0.749279 0.054882
0.749378 0.054882
0.749477 0.054882
0.749577 0.054882
0.749676 0.054882
0.749775 0.054882
0.749874 0.054882
0.749973 0.054275
0.750072 0.054275
0.750171 0.054275
0.750270 0.054275
0.750369 0.054275
0.750468 0.054275
0.750567 0.054275
0.750666 0.054275
0.750765 0.054275
0.750865 0.053972
0.750964 0.053366
0.751063 0.053366
0.751162 0.053366
0.751261 0.053366
0.751360 0.053366
0.751459 0.053062
0.751558 0.053062
0.751657 0.053062
0.751756 0.052759
0.751855 0.052759
0.751954 0.052759
0.752054 0.052759
0.752153 0.052759
0.752252 0.052759
0.752351 0.052759
0.752450 0.052759
0.752549 0.052759
0.752648 0.052759
0.752747 0.052759
0.752846 0.052759
0.752945 0.052456
0.753044 0.052456
0.753143 0.052456
0.753242 0.052456
0.753342 0.052456
0.753441 0.052456
0.753540 0.052456
0.753639 0.052456
0.753738 0.052456
0.753837 0.052456
0.753936 0.052153
0.754035 0.052153
0.754134 0.052153
0.754233 0.052153
0.754332 0.052153
0.754431 0.052153
0.754531 0.052153
0.754630 0.052153
0.754729 0.052153
0.754828 0.052153
0.754927 0.052153
0.755026 0.052153
0.755125 0.052153
0.755224 0.052153
0.755323 0.052153
0.755422 0.052153
0.755521 0.052153
0.755620 0.052153
0.755719 0.052153
0.755819 0.052153
0.755918 0.052153
0.756017 0.052153
0.756116 0.052153
0.756215 0.052153
0.756314 0.052153
0.756413 0.052153
0.756512 0.052153
0.756611 0.052153
0.756710 0.052153
0.756809 0.052153
0.756908 0.051850
0.757008 0.051850
0.757107 0.051546
0.757206 0.051546
0.757305 0.051546
0.757404 0.051546
0.757503 0.051546
0.757602 0.051546
0.757701 0.051546
0.757800 0.051243
0.757899 0.051243
0.757998 0.051243
0.758097 0.051243
0.758196 0.051243
0.758296 0.051243
0.758395 0.051243
0.758494 0.051243
0.758593 0.051243
0.758692 0.051243
0.758791 0.051243
0.758890 0.051243
0.758989 0.050940
0.759088 0.050940
0.759187 0.050940
0.759286 0.050940
0.759385 0.050940
0.759485 0.050940
0.759584 0.050940
0.759683 0.050940
0.759782 0.050940
0.759881 0.050940
0.759980 0.050940
0.760079 0.050940
0.760178 0.050940
0.760277 0.050637
0.760376 0.050637
0.760475 0.050637
0.760574 0.050637
0.760673 0.050637
0.760773 0.050637
0.760872 0.050637
0.760971 0.050637
0.761070 0.050637
0.761169 0.050637
0.761268 0.050637
0.761367 0.050637
0.761466 0.050637
0.761565 0.050637
0.761664 0.050637
0.761763 0.050637
0.761862 0.050637
0.761962 0.050637
0.762061 0.050637
0.762160 0.050637
0.762259 0.050637
0.762358 0.050637
0.762457 0.050637
0.762556 0.050637
0.762655 0.050637
0.762754 0.050637
0.762853 0.050637
0.762952 0.050334
0.763051 0.050334
0.763150 0.050334
0.763250 0.050030
0.763349 0.050030
0.763448 0.050030
0.763547 0.050030
0.763646 0.050030
0.763745 0.049727
0.763844 0.049727
0.763943 0.049727
0.764042 0.049727
0.764141 0.049727
0.764240 0.049727
0.764339 0.049727
0.764439 0.049727
0.764538 0.049727
0.764637 0.049727
0.764736 0.049727
0.764835 0.049727
0.764934 0.049727
0.765033 0.049424
0.765132 0.049121
0.765231 0.049121
0.765330 0.049121
0.765429 0.049121
0.765528 0.048817
0.765627 0.048817
0.765727 0.048514
0.765826 0.048514
0.765925 0.048211
0.766024 0.048211
0.766123 0.048211
0.766222 0.048211
0.766321 0.048211
0.766420 0.047908
0.766519 0.047605
0.766618 0.047605
0.766717 0.047605
0.766816 0.047301
0.766916 0.047301
0.767015 0.047301
0.767114 0.047301
0.767213 0.047301
0.767312 0.047301
0.767411 0.047301
0.767510 0.047301
0.767609 0.047301
0.767708 0.047301
0.767807 0.046998
0.767906 0.046998
0.768005 0.046998
0.768104 0.046998
0.768204 0.046998
0.768303 0.046695
0.768402 0.046695
0.768501 0.046695
0.768600 0.046695
0.768699 0.046695
0.768798 0.046695
0.768897 0.046695
0.768996 0.046695
0.769095 0.046392
0.769194 0.046392
0.769293 0.046089
0.769393 0.046089
0.769492 0.046089
0.769591 0.046089
0.769690 0.046089
0.769789 0.046089
0.769888 0.046089
0.769987 0.046089
0.770086 0.046089
0.770185 0.046089
0.770284 0.046089
0.770383 0.046089
0.770482 0.046089
0.770581 0.046089
0.770681 0.046089
0.770780 0.046089
0.770879 0.046089
0.770978 0.045785
0.771077 0.045785
0.771176 0.045785
0.771275 0.045785
0.771374 0.045785
0.771473 0.045785
0.771572 0.045482
0.771671 0.045482
0.771770 0.045482
0.771870 0.045482
0.771969 0.045482
0.772068 0.045482
0.772167 0.045482
0.772266 0.045482
0.772365 0.045482
0.772464 0.045482
0.772563 0.045482
0.772662 0.045482
0.772761 0.045482
0.772860 0.045482
0.772959 0.045482
0.773058 0.045179
0.773158 0.045179
0.773257 0.044876
0.773356 0.044876
0.773455 0.044876
0.773554 0.044876
0.773653 0.044876
0.773752 0.044876
0.773851 0.044876
0.773950 0.044876
0.774049 0.044876
0.774148 0.044876
0.774247 0.044876
0.774347 0.044876
0.774446 0.044876
0.774545 0.044876
0.774644 0.044572
0.774743 0.044572
0.774842 0.044572
0.774941 0.044572
0.775040 0.044572
0.775139 0.044572
0.775238 0.044572
0.775337 0.044572
0.775436 0.044572
0.775536 0.043966
0.775635 0.043966
0.775734 0.043966
0.775833 0.043966
0.775932 0.043966
0.776031 0.043966
0.776130 0.043966
0.776229 0.043966
0.776328 0.043966
0.776427 0.043966
0.776526 0.043966
0.776625 0.043966
0.776724 0.043966
0.776824 0.043966
0.776923 0.043966
0.777022 0.043966
0.777121 0.043966
0.777220 0.043966
0.777319 0.043966
0.777418 0.043966
0.777517 0.043966
0.777616 0.043966
0.777715 0.043966
0.777814 0.043966
0.777913 0.043966
0.778013 0.043966
0.778112 0.043966
0.778211 0.043966
0.778310 0.043966
0.778409 0.043966
0.778508 0.043966
0.778607 0.043966
0.778706 0.043663
0.778805 0.043360
0.778904 0.043360
0.779003 0.043056
0.779102 0.043056
0.779201 0.042753
0.779301 0.042753
0.779400 0.042753
0.779499 0.042753
0.779598 0.042753
0.779697 0.042753
0.779796 0.042450
0.779895 0.042450
0.779994 0.042450
0.780093 0.042450
0.780192 0.042450
0.780291 0.042450
0.780390 0.042450
0.780490 0.042450
0.780589 0.042450
0.780688 0.042450
0.780787 0.042450
0.780886 0.042450
0.780985 0.042450
0.781084 0.042450
0.781183 0.042450
0.781282 0.042450
0.781381 0.042450
0.781480 0.042450
0.781579 0.042147
0.781678 0.042147
0.781778 0.042147
0.781877 0.042147
0.781976 0.042147
0.782075 0.042147
0.782174 0.042147
0.782273 0.042147
0.782372 0.042147
0.782471 0.041844
0.782570 0.041844
0.782669 0.041844
0.782768 0.041844
0.782867 0.041844
0.782967 0.041844
0.783066 0.041844
0.783165 0.041844
0.783264 0.041844
0.783363 0.041844
0.783462 0.041844
0.783561 0.041844
0.783660 0.041844
0.783759 0.041844
0.783858 0.041844
0.783957 0.041540
0.784056 0.041540
0.784155 0.041540
0.784255 0.041540
0.784354 0.041540
0.784453 0.041540
0.784552 0.041540
0.784651 0.041540
0.784750 0.041540
0.784849 0.041540
0.784948 0.041540
0.785047 0.041540
0.785146 0.041540
0.785245 0.041237
0.785344 0.041237
0.785444 0.041237
0.785543 0.041237
0.785642 0.041237
0.785741 0.041237
0.785840 0.041237
0.785939 0.041237
0.786038 0.041237
0.786137 0.040934
0.786236 0.040934
0.786335 0.040934
0.786434 0.040934
0.786533 0.040934
0.786632 0.040934
0.786732 0.040934
0.786831 0.040934
0.786930 0.040934
0.787029 0.040934
0.787128 0.040934
0.787227 0.040934
0.787326 0.040631
0.787425 0.040631
0.787524 0.040631
0.787623 0.040631
0.787722 0.040631
0.787821 0.040631
0.787921 0.040631
0.788020 0.040631
0.788119 0.040631
0.788218 0.040631
0.788317 0.040631
0.788416 0.040631
0.788515 0.040631
0.788614 0.040631
0.788713 0.040631
0.788812 0.040631
0.788911 0.040631
0.789010 0.040631
0.789109 0.040631
0.789209 0.040631
0.789308 0.040631
0.789407 0.040631
0.789506 0.040631
0.789605 0.040631
0.789704 0.040327
0.789803 0.040327
0.789902 0.040024
0.790001 0.040024
0.790100 0.040024
0.790199 0.040024
0.790298 0.040024
0.790398 0.040024
0.790497 0.040024
0.790596 0.039721
0.790695 0.039721
0.790794 0.039721
0.790893 0.039721
0.790992 0.039721
0.791091 0.039721
0.791190 0.039721
0.791289 0.039721
0.791388 0.039721
0.791487 0.039721
0.791586 0.039721
0.791686 0.039721
0.791785 0.039721
0.791884 0.039418
0.791983 0.039418
0.792082 0.039418
0.792181 0.039418
0.792280 0.039115
0.792379 0.039115
0.792478 0.039115
0.792577 0.039115
0.792676 0.039115
0.792775 0.039115
0.792875 0.039115
0.792974 0.039115
0.793073 0.039115
0.793172 0.039115
0.793271 0.039115
0.793370 0.039115
0.793469 0.039115
0.793568 0.039115
0.793667 0.039115
0.793766 0.039115
0.793865 0.039115
0.793964 0.039115
0.794063 0.039115
0.794163 0.039115
0.794262 0.039115
0.794361 0.039115
0.794460 0.039115
0.794559 0.039115
0.794658 0.039115
0.794757 0.039115
0.794856 0.039115
0.794955 0.039115
0.795054 0.038811
0.795153 0.038811
0.795252 0.038811
0.795352 0.038811
0.795451 0.038811
0.795550 0.038811
0.795649 0.038811
0.795748 0.038811
0.795847 0.038811
0.795946 0.038811
0.796045 0.038811
0.796144 0.038811
0.796243 0.038811
0.796342 0.038811
0.796441 0.038811
0.796540 0.038811
0.796640 0.038811
0.796739 0.038811
0.796838 0.038811
0.796937 0.038811
0.797036 0.038811
0.797135 0.038811
0.797234 0.038811
0.797333 0.038811
0.797432 0.038811
0.797531 0.038811
0.797630 0.038811
0.797729 0.038811
0.797829 0.038811
0.797928 0.038811
0.798027 0.038811
0.798126 0.038811
0.798225 0.038811
0.798324 0.038811
0.798423 0.038811
0.798522 0.038811
0.798621 0.038811
0.798720 0.038508
0.798819 0.038508
0.798918 0.038508
0.799017 0.038508
0.799117 0.038205
0.799216 0.038205
0.799315 0.037902
0.799414 0.037902
0.799513 0.037902
0.799612 0.037902
0.799711 0.037902
0.799810 0.037902
0.799909 0.037902
0.800008 0.037902
0.800107 0.037902
0.800206 0.037902
0.800306 0.037902
0.800405 0.037902
0.800504 0.037902
0.800603 0.037902
0.800702 0.037902
0.800801 0.037902
0.800900 0.037902
0.800999 0.037902
0.801098 0.037902
0.801197 0.037902
0.801296 0.037902
0.801395 0.037902
0.801494 0.037599
0.801594 0.037295
0.801693 0.037295
0.801792 0.036992
0.801891 0.036992
0.801990 0.036992
0.802089 0.036992
0.802188 0.036992
0.802287 0.036992
0.802386 0.036992
0.802485 0.036992
0.802584 0.036992
0.802683 0.036992
0.802783 0.036992
0.802882 0.036992
0.802981 0.036992
0.803080 0.036992
0.803179 0.036992
0.803278 0.036992
0.803377 0.036992
0.803476 0.036992
0.803575 0.036992
0.803674 0.036992
0.803773 0.036992
0.803872 0.036992
0.803971 0.036992
0.804071 0.036992
0.804170 0.036992
0.804269 0.036689
0.804368 0.036386
0.804467 0.036386
0.804566 0.036386
0.804665 0.036386
0.804764 0.036386
0.804863 0.036386
0.804962 0.036386
0.805061 0.036386
0.805160 0.036082
0.805260 0.036082
0.805359 0.036082
0.805458 0.036082
0.805557 0.036082
0.805656 0.036082
0.805755 0.036082
0.805854 0.036082
0.805953 0.036082
0.806052 0.035779
0.806151 0.035779
0.806250 0.035779
0.806349 0.035779
0.806449 0.035779
0.806548 0.035779
0.806647 0.035779
0.806746 0.035779
0.806845 0.035173
0.806944 0.035173
0.807043 0.035173
0.807142 0.035173
0.807241 0.035173
0.807340 0.035173
0.807439 0.035173
0.807538 0.035173
0.807637 0.035173
0.807737 0.035173
0.807836 0.035173
0.807935 0.035173
0.808034 0.035173
0.808133 0.035173
0.808232 0.035173
0.808331 0.035173
0.808430 0.035173
0.808529 0.035173
0.808628 0.034566
0.808727 0.034566
0.808826 0.034566
0.808926 0.034566
0.809025 0.034566
0.809124 0.034566
0.809223 0.034566
0.809322 0.034566
0.809421 0.034566
0.809520 0.034566
0.809619 0.034566
0.809718 0.034566
0.809817 0.034566
0.809916 0.034566
0.810015 0.034566
0.810114 0.034566
0.810214 0.034566
0.810313 0.034566
0.810412 0.034566
0.810511 0.034566
0.810610 0.034566
0.810709 0.034566
0.810808 0.034566
0.810907 0.034566
0.811006 0.034566
0.811105 0.034566
0.811204 0.034566
0.811303 0.034566
0.811403 0.034566
0.811502 0.034566
0.811601 0.034566
0.811700 0.034263
0.811799 0.034263
0.811898 0.034263
0.811997 0.034263
0.812096 0.034263
0.812195 0.034263
0.812294 0.034263
0.812393 0.034263
0.812492 0.034263
0.812591 0.034263
0.812691 0.034263
0.812790 0.034263
0.812889 0.033960
0.812988 0.033960
0.813087 0.033960
0.813186 0.033960
0.813285 0.033960
0.813384 0.033960
0.813483 0.033960
0.813582 0.033960
0.813681 0.033960
0.813780 0.033960
0.813880 0.033960
0.813979 0.033657
0.814078 0.033657
0.814177 0.033657
0.814276 0.033657
0.814375 0.033657
0.814474 0.033657
0.814573 0.033354
0.814672 0.033354
0.814771 0.033354
0.814870 0.033050
0.814969 0.033050
0.815068 0.033050
0.815168 0.033050
0.815267 0.033050
0.815366 0.033050
0.815465 0.033050
0.815564 0.033050
0.815663 0.033050
0.815762 0.032747
0.815861 0.032747
0.815960 0.032747
0.816059 0.032747
0.816158 0.032747
0.816257 0.032747
0.816357 0.032747
0.816456 0.032747
0.816555 0.032747
0.816654 0.032747
0.816753 0.032747
0.816852 0.032747
0.816951 0.032747
0.817050 0.032747
0.817149 0.032747
0.817248 0.032747
0.817347 0.032747
0.817446 0.032747
0.817545 0.032444
0.817645 0.032444
0.817744 0.032444
0.817843 0.032444
0.817942 0.032444
0.818041 0.032444
0.818140 0.032444
0.818239 0.032141
0.818338 0.032141
0.818437 0.032141
0.818536 0.031837
0.818635 0.031534
0.818734 0.031534
0.818834 0.030928
0.818933 0.030928
0.819032 0.030928
0.819131 0.030928
0.819230 0.030928
0.819329 0.030928
0.819428 0.030928
0.819527 0.030928
0.819626 0.030928
0.819725 0.030928
0.819824 0.030928
0.819923 0.030928
0.820022 0.030928
0.820122 0.030928
0.820221 0.030928
0.820320 0.030625
0.820419 0.030625
0.820518 0.030625
0.820617 0.030625
0.820716 0.030625
0.820815 0.030625
0.820914 0.030625
0.821013 0.030625
0.821112 0.030625
0.821211 0.030625
0.821311 0.030625
0.821410 0.030625
0.821509 0.030625
0.821608 0.030625
0.821707 0.030625
0.821806 0.030625
0.821905 0.030625
0.822004 0.030625
0.822103 0.030625
0.822202 0.030321
0.822301 0.030321
0.822400 0.030321
0.822499 0.030321
0.822599 0.030321
0.822698 0.030321
0.822797 0.030321
0.822896 0.030321
0.822995 0.030321
0.823094 0.030321
0.823193 0.030321
0.823292 0.030321
0.823391 0.030018
0.823490 0.030018
0.823589 0.030018
0.823688 0.030018
0.823788 0.030018
0.823887 0.030018
0.823986 0.030018
0.824085 0.030018
0.824184 0.030018
0.824283 0.030018
0.824382 0.030018
0.824481 0.030018
0.824580 0.030018
0.824679 0.029715
0.824778 0.029412
0.824877 0.029412
0.824976 0.029412
0.825076 0.029412
0.825175 0.029412
0.825274 0.029109
0.825373 0.029109
0.825472 0.029109
0.825571 0.029109
0.825670 0.029109
0.825769 0.029109
0.825868 0.029109
0.825967 0.029109
0.826066 0.029109
0.826165 0.029109
0.826265 0.029109
0.826364 0.029109
0.826463 0.029109
0.826562 0.029109
0.826661 0.029109
0.826760 0.029109
0.826859 0.029109
0.826958 0.029109
0.827057 0.029109
0.827156 0.029109
0.827255 0.029109
0.827354 0.029109
0.827453 0.029109
0.827553 0.029109
0.827652 0.029109
0.827751 0.029109
0.827850 0.029109
0.827949 0.029109
0.828048 0.028805
0.828147 0.028805
0.828246 0.028805
0.828345 0.028805
0.828444 0.028805
0.828543 0.028805
0.828642 0.028805
0.828742 0.028805
0.828841 0.028805
0.828940 0.028502
0.829039 0.028502
0.829138 0.028502
0.829237 0.028502
0.829336 0.028502
0.829435 0.028502
0.829534 0.028502
0.829633 0.028502
0.829732 0.028502
0.829831 0.028502
0.829930 0.028502
0.830030 0.028502
0.830129 0.028502
0.830228 0.028502
0.830327 0.028502
0.830426 0.028502
0.830525 0.028502
0.830624 0.028502
0.830723 0.028502
0.830822 0.028502
0.830921 0.028502
0.831020 0.028502
0.831119 0.028502
0.831219 0.028502
0.831318 0.028502
0.831417 0.028502
0.831516 0.028502
0.831615 0.028502
0.831714 0.028502
0.831813 0.028502
0.831912 0.028502
0.832011 0.028502
0.832110 0.028502
0.832209 0.028502
0.832308 0.028502
0.832407 0.028502
0.832507 0.028502
0.832606 0.028502
0.832705 0.028502
0.832804 0.028502
0.832903 0.027896
0.833002 0.027896
0.833101 0.027896
0.833200 0.027896
0.833299 0.027896
0.833398 0.027896
0.833497 0.027896
0.833596 0.027896
0.833696 0.027896
0.833795 0.027896
0.833894 0.027896
0.833993 0.027896
0.834092 0.027896
0.834191 0.027896
0.834290 0.027896
0.834389 0.027896
0.834488 0.027896
0.834587 0.027592
0.834686 0.027592
0.834785 0.027592
0.834884 0.027592
0.834984 0.027592
0.835083 0.027592
0.835182 0.027592
0.835281 0.027592
0.835380 0.027592
0.835479 0.027592
0.835578 0.027592
0.835677 0.027592
0.835776 0.027592
0.835875 0.027592
0.835974 0.027289
0.836073 0.027289
0.836173 0.027289
0.836272 0.027289
0.836371 0.027289
0.836470 0.027289
0.836569 0.027289
0.836668 0.027289
0.836767 0.027289
0.836866 0.027289
0.836965 0.027289
0.837064 0.027289
0.837163 0.027289
0.837262 0.027289
0.837362 0.027289
0.837461 0.027289
0.837560 0.027289
0.837659 0.027289
0.837758 0.027289
0.837857 0.027289
0.837956 0.027289
0.838055 0.027289
0.838154 0.027289
0.838253 0.027289
0.838352 0.027289
0.838451 0.027289
0.838550 0.027289
0.838650 0.026986
0.838749 0.026986
0.838848 0.026986
0.838947 0.026986
0.839046 0.026986
0.839145 0.026986
0.839244 0.026986
0.839343 0.026986
0.839442 0.026986
0.839541 0.026986
0.839640 0.026986
0.839739 0.026986
0.839839 0.026986
0.839938 0.026986
0.840037 0.026986
0.840136 0.026986
0.840235 0.026986
0.840334 0.026986
0.840433 0.026683
0.840532 0.026683
0.840631 0.026683
0.840730 0.026683
0.840829 0.026683
0.840928 0.026683
0.841027 0.026683
0.841127 0.026380
0.841226 0.026380
0.841325 0.026380
0.841424 0.026380
0.841523 0.026380
0.841622 0.026380
0.841721 0.026380
0.841820 0.026380
0.841919 0.026380
0.842018 0.026380
0.842117 0.026380
0.842216 0.026380
0.842316 0.026380
0.842415 0.026380
0.842514 0.026380
0.842613 0.026380
0.842712 0.026380
0.842811 0.026076
0.842910 0.026076
0.843009 0.026076
0.843108 0.026076
0.843207 0.026076
0.843306 0.026076
0.843405 0.026076
0.843504 0.026076
0.843604 0.026076
0.843703 0.026076
0.843802 0.026076
0.843901 0.026076
0.844000 0.026076
0.844099 0.026076
0.844198 0.026076
0.844297 0.026076
0.844396 0.026076
0.844495 0.026076
0.844594 0.025773
0.844693 0.025773
0.844793 0.025773
0.844892 0.025773
0.844991 0.025773
0.845090 0.025773
0.845189 0.025773
0.845288 0.025773
0.845387 0.025773
0.845486 0.025773
0.845585 0.025773
0.845684 0.025773
0.845783 0.025773
0.845882 0.025773
0.845981 0.025773
0.846081 0.025773
0.846180 0.025773
0.846279 0.025773
0.846378 0.025773
0.846477 0.025773
0.846576 0.025470
0.846675 0.025470
0.846774 0.025470
0.846873 0.025470
0.846972 0.025470
0.847071 0.025470
0.847170 0.025167
0.847270 0.025167
0.847369 0.025167
0.847468 0.025167
0.847567 0.025167
0.847666 0.025167
0.847765 0.025167
0.847864 0.025167
0.847963 0.025167
0.848062 0.025167
0.848161 0.025167
0.848260 0.025167
0.848359 0.025167
0.848458 0.024864
0.848558 0.024864
0.848657 0.024864
0.848756 0.024864
0.848855 0.024864
0.848954 0.024864
0.849053 0.024864
0.849152 0.024864
0.849251 0.024864
0.849350 0.024864
0.849449 0.024864
0.849548 0.024864
0.849647 0.024864
0.849747 0.024864
0.849846 0.024864
0.849945 0.024864
0.850044 0.024864
0.850143 0.024864
0.850242 0.024864
0.850341 0.024864
0.850440 0.024864
0.850539 0.024560
0.850638 0.024560
0.850737 0.024560
0.850836 0.024560
0.850935 0.024560
0.851035 0.024257
0.851134 0.024257
0.851233 0.024257
0.851332 0.024257
0.851431 0.024257
0.851530 0.024257
0.851629 0.024257
0.851728 0.024257
0.851827 0.024257
0.851926 0.023954
0.852025 0.023954
0.852124 0.023954
0.852224 0.023954
0.852323 0.023651
0.852422 0.023651
0.852521 0.023651
0.852620 0.023651
0.852719 0.023651
0.852818 0.023651
0.852917 0.023651
0.853016 0.023651
0.853115 0.023651
0.853214 0.023651
0.853313 0.023347
0.853412 0.023347
0.853512 0.023347
0.853611 0.023347
0.853710 0.023044
0.853809 0.023044
0.853908 0.023044
0.854007 0.022741
0.854106 0.022741
0.854205 0.022741
0.854304 0.022741
0.854403 0.022741
0.854502 0.022438
0.854601 0.022438
0.854701 0.022438
0.854800 0.022438
0.854899 0.022438
0.854998 0.022438
0.855097 0.022438
0.855196 0.022438
0.855295 0.022438
0.855394 0.022438
0.855493 0.022135
0.855592 0.022135
0.855691 0.022135
0.855790 0.022135
0.855889 0.022135
0.855989 0.022135
0.856088 0.021831
0.856187 0.021831
0.856286 0.021831
0.856385 0.021831
0.856484 0.021831
0.856583 0.021831
0.856682 0.021831
0.856781 0.021831
0.856880 0.021831
0.856979 0.021831
0.857078 0.021831
0.857178 0.021831
0.857277 0.021831
0.857376 0.021831
0.857475 0.021831
0.857574 0.021831
0.857673 0.021225
0.857772 0.021225
0.857871 0.021225
0.857970 0.021225
0.858069 0.021225
0.858168 0.020922
0.858267 0.020922
0.858366 0.020922
0.858466 0.020922
0.858565 0.020922
0.858664 0.020922
0.858763 0.020922
0.858862 0.020922
0.858961 0.020619
0.859060 0.020619
0.859159 0.020619
0.859258 0.020315
0.859357 0.020315
0.859456 0.020315
0.859555 0.020315
0.859655 0.020315
0.859754 0.020315
0.859853 0.020315
0.859952 0.020315
0.860051 0.020315
0.860150 0.020315
0.860249 0.020315
0.860348 0.020315
0.860447 0.020315
0.860546 0.020315
0.860645 0.020315
0.860744 0.020315
0.860843 0.020315
0.860943 0.020315
0.861042 0.020315
0.861141 0.020315
0.861240 0.020315
0.861339 0.020315
0.861438 0.020315
0.861537 0.020315
0.861636 0.020315
0.861735 0.020315
0.861834 0.020315
0.861933 0.020315
0.862032 0.020315
0.862132 0.020315
0.862231 0.020315
0.862330 0.020315
0.862429 0.020315
0.862528 0.020315
0.862627 0.020315
0.862726 0.020315
0.862825 0.020315
0.862924 0.020315
0.863023 0.020315
0.863122 0.020315
0.863221 0.020012
0.863320 0.020012
0.863420 0.020012
0.863519 0.020012
0.863618 0.020012
0.863717 0.020012
0.863816 0.020012
0.863915 0.020012
0.864014 0.020012
0.864113 0.020012
0.864212 0.020012
0.864311 0.020012
0.864410 0.020012
0.864509 0.020012
0.864609 0.020012
0.864708 0.020012
0.864807 0.020012
0.864906 0.020012
0.865005 0.020012
0.865104 0.020012
0.865203 0.020012
0.865302 0.020012
0.865401 0.020012
0.865500 0.020012
0.865599 0.020012
0.865698 0.020012
0.865797 0.020012
0.865897 0.019709
0.865996 0.019709
0.866095 0.019709
0.866194 0.019709
0.866293 0.019709
0.866392 0.019709
0.866491 0.019709
0.866590 0.019709
0.866689 0.019406
0.866788 0.019406
0.866887 0.019406
0.866986 0.019406
0.867086 0.019406
0.867185 0.019406
0.867284 0.019102
0.867383 0.019102
0.867482 0.019102
0.867581 0.019102
0.867680 0.019102
0.867779 0.019102
0.867878 0.019102
0.867977 0.019102
0.868076 0.019102
0.868175 0.018799
0.868274 0.018799
0.868374 0.018799
0.868473 0.018799
0.868572 0.018799
0.868671 0.018799
0.868770 0.018799
0.868869 0.018799
0.868968 0.018799
0.869067 0.018799
0.869166 0.018799
0.869265 0.018799
0.869364 0.018799
0.869463 0.018799
0.869563 0.018799
0.869662 0.018799
0.869761 0.018799
0.869860 0.018799
0.869959 0.018799
0.870058 0.018799
0.870157 0.018799
0.870256 0.018799
0.870355 0.018799
0.870454 0.018799
0.870553 0.018799
0.870652 0.018799
0.870752 0.018799
0.870851 0.018799
0.870950 0.018799
0.871049 0.018799
0.871148 0.018799
0.871247 0.018799
0.871346 0.018799
0.871445 0.018799
0.871544 0.018799
0.871643 0.018799
0.871742 0.018799
0.871841 0.018799
0.871940 0.018799
0.872040 0.018799
0.872139 0.018799
0.872238 0.018799
0.872337 0.018799
0.872436 0.018799
0.872535 0.018799
0.872634 0.018799
0.872733 0.018799
0.872832 0.018799
0.872931 0.018799
0.873030 0.018496
0.873129 0.018496
0.873229 0.018496
0.873328 0.018496
0.873427 0.018496
0.873526 0.018496
0.873625 0.018496
0.873724 0.018496
0.873823 0.018496
0.873922 0.018496
0.874021 0.018496
0.874120 0.018496
0.874219 0.018496
0.874318 0.018496
0.874417 0.018496
0.874517 0.018496
0.874616 0.018496
0.874715 0.018496
0.874814 0.018496
0.874913 0.018496
0.875012 0.018496
0.875111 0.018496
0.875210 0.018193
0.875309 0.017890
0.875408 0.017890
0.875507 0.017586
0.875606 0.017586
0.875706 0.017586
0.875805 0.017586
0.875904 0.017586
0.876003 0.017283
0.876102 0.017283
0.876201 0.017283
0.876300 0.017283
0.876399 0.017283
0.876498 0.017283
0.876597 0.017283
0.876696 0.017283
0.876795 0.016980
0.876894 0.016980
0.876994 0.016980
0.877093 0.016980
0.877192 0.016980
0.877291 0.016980
0.877390 0.016980
0.877489 0.016980
0.877588 0.016677
0.877687 0.016677
0.877786 0.016677
0.877885 0.016677
0.877984 0.016677
0.878083 0.016677
0.878183 0.016677
0.878282 0.016677
0.878381 0.016677
0.878480 0.016677
0.878579 0.016677
0.878678 0.016677
0.878777 0.016677
0.878876 0.016677
0.878975 0.016677
0.879074 0.016677
0.879173 0.016677
0.879272 0.016677
0.879371 0.016677
0.879471 0.016677
0.879570 0.016677
0.879669 0.016677
0.879768 0.016677
0.879867 0.016677
0.879966 0.016677
0.880065 0.016374
0.880164 0.016374
0.880263 0.016374
0.880362 0.016374
0.880461 0.016374
0.880560 0.016374
0.880660 0.016374
0.880759 0.016070
0.880858 0.016070
0.880957 0.016070
0.881056 0.016070
0.881155 0.016070
0.881254 0.015767
0.881353 0.015767
0.881452 0.015767
0.881551 0.015464
0.881650 0.015464
0.881749 0.015464
0.881848 0.015464
0.881948 0.015464
0.882047 0.015464
0.882146 0.015464
0.882245 0.015464
0.882344 0.015464
0.882443 0.015464
0.882542 0.015464
0.882641 0.015464
0.882740 0.015161
0.882839 0.015161
0.882938 0.015161
0.883037 0.015161
0.883137 0.015161
0.883236 0.015161
0.883335 0.015161
0.883434 0.015161
0.883533 0.015161
0.883632 0.015161
0.883731 0.015161
0.883830 0.015161
0.883929 0.015161
0.884028 0.014857
0.884127 0.014554
0.884226 0.014554
0.884325 0.014554
0.884425 0.014554
0.884524 0.014554
0.884623 0.014554
0.884722 0.014554
0.884821 0.014554
0.884920 0.014554
0.885019 0.014554
0.885118 0.014251
0.885217 0.014251
0.885316 0.014251
0.885415 0.014251
0.885514 0.014251
0.885614 0.014251
0.885713 0.014251
0.885812 0.014251
0.885911 0.014251
0.886010 0.014251
0.886109 0.014251
0.886208 0.014251
0.886307 0.014251
0.886406 0.014251
0.886505 0.013948
0.886604 0.013948
0.886703 0.013948
0.886802 0.013948
0.886902 0.013948
0.887001 0.013948
0.887100 0.013948
0.887199 0.013948
0.887298 0.013948
0.887397 0.013948
0.887496 0.013948
0.887595 0.013948
0.887694 0.013948
0.887793 0.013948
0.887892 0.013948
0.887991 0.013948
0.888091 0.013948
0.888190 0.013948
0.888289 0.013948
0.888388 0.013645
0.888487 0.013645
0.888586 0.013645
0.888685 0.013645
0.888784 0.013645
0.888883 0.013645
0.888982 0.013341
0.889081 0.013341
0.889180 0.013341
0.889279 0.013341
0.889379 0.013341
0.889478 0.013341
0.889577 0.013341
0.889676 0.013341
0.889775 0.013341
0.889874 0.013341
0.889973 0.013341
0.890072 0.013341
0.890171 0.013341
0.890270 0.013341
0.890369 0.013341
0.890468 0.013341
0.890568 0.013341
0.890667 0.013038
0.890766 0.013038
0.890865 0.013038
0.890964 0.012735
0.891063 0.012735
0.891162 0.012735
0.891261 0.012735
0.891360 0.012735
0.891459 0.012735
0.891558 0.012735
0.891657 0.012735
0.891756 0.012735
0.891856 0.012735
0.891955 0.012432
0.892054 0.012432
0.892153 0.012432
0.892252 0.012432
0.892351 0.012432
0.892450 0.012432
0.892549 0.012432
0.892648 0.012432
0.892747 0.012432
0.892846 0.012432
0.892945 0.012432
0.893045 0.012432
0.893144 0.012432
0.893243 0.012432
0.893342 0.012432
0.893441 0.012432
0.893540 0.012432
0.893639 0.012432
0.893738 0.012432
0.893837 0.012432
0.893936 0.012432
0.894035 0.012432
0.894134 0.012432
0.894233 0.012432
0.894333 0.012432
0.894432 0.012432
0.894531 0.012432
0.894630 0.012432
0.894729 0.012432
0.894828 0.012432
0.894927 0.012432
0.895026 0.012432
0.895125 0.012432
0.895224 0.012432
0.895323 0.012432
0.895422 0.012432
0.895522 0.012432
0.895621 0.012432
0.895720 0.012432
0.895819 0.012432
0.895918 0.012432
0.896017 0.012432
0.896116 0.012432
0.896215 0.012432
0.896314 0.012432
0.896413 0.012432
0.896512 0.012432
0.896611 0.012432
0.896710 0.012432
0.896810 0.012432
0.896909 0.012432
0.897008 0.012432
0.897107 0.012432
0.897206 0.012129
0.897305 0.012129
0.897404 0.012129
0.897503 0.012129
0.897602 0.012129
0.897701 0.012129
0.897800 0.012129
0.897899 0.012129
0.897999 0.012129
0.898098 0.012129
0.898197 0.012129
0.898296 0.012129
0.898395 0.011825
0.898494 0.011825
0.898593 0.011825
0.898692 0.011825
0.898791 0.011825
0.898890 0.011825
0.898989 0.011825
0.899088 0.011825
0.899187 0.011825
0.899287 0.011825
0.899386 0.011825
0.899485 0.011825
0.899584 0.011825
0.899683 0.011522
0.899782 0.011522
0.899881 0.011522
0.899980 0.011522
0.900079 0.011522
0.900178 0.011522
0.900277 0.011522
0.900376 0.011522
0.900476 0.011522
0.900575 0.011522
0.900674 0.011522
0.900773 0.011219
0.900872 0.011219
0.900971 0.011219
0.901070 0.011219
0.901169 0.011219
0.901268 0.011219
0.901367 0.011219
0.901466 0.011219
0.901565 0.011219
0.901665 0.010916
0.901764 0.010916
0.901863 0.010916
0.901962 0.010916
0.902061 0.010916
0.902160 0.010916
0.902259 0.010916
0.902358 0.010916
0.902457 0.010916
0.902556 0.010916
0.902655 0.010612
0.902754 0.010309
0.902853 0.010309
0.902953 0.010309
0.903052 0.010309
0.903151 0.010309
0.903250 0.010309
0.903349 0.010309
0.903448 0.010309
0.903547 0.010309
0.903646 0.010309
0.903745 0.010006
0.903844 0.010006
0.903943 0.010006
0.904042 0.009703
0.904142 0.009703
0.904241 0.009703
0.904340 0.009703
0.904439 0.009703
0.904538 0.009703
0.904637 0.009703
0.904736 0.009703
0.904835 0.009703
0.904934 0.009703
0.905033 0.009703
0.905132 0.009703
0.905231 0.009400
0.905330 0.009400
0.905430 0.009400
0.905529 0.009096
0.905628 0.009096
0.905727 0.009096
0.905826 0.009096
0.905925 0.009096
0.906024 0.009096
0.906123 0.008793
0.906222 0.008793
0.906321 0.008793
0.906420 0.008793
0.906519 0.008793
0.906619 0.008793
0.906718 0.008793
0.906817 0.008490
0.906916 0.008490
0.907015 0.008187
0.907114 0.008187
0.907213 0.008187
0.907312 0.008187
0.907411 0.008187
0.907510 0.008187
0.907609 0.008187
0.907708 0.008187
0.907807 0.008187
0.907907 0.008187
0.908006 0.008187
0.908105 0.008187
0.908204 0.008187
0.908303 0.008187
0.908402 0.008187
0.908501 0.008187
0.908600 0.008187
0.908699 0.008187
0.908798 0.008187
0.908897 0.008187
0.908996 0.008187
0.909096 0.008187
0.909195 0.008187
0.909294 0.007884
0.909393 0.007884
0.909492 0.007884
0.909591 0.007884
0.909690 0.007884
0.909789 0.007884
0.909888 0.007884
0.909987 0.007884
0.910086 0.007884
0.910185 0.007884
0.910284 0.007884
0.910384 0.007884
0.910483 0.007884
0.910582 0.007884
0.910681 0.007580
0.910780 0.007580
0.910879 0.007580
0.910978 0.007580
0.911077 0.007580
0.911176 0.007580
0.911275 0.007580
0.911374 0.007580
0.911473 0.007580
0.911573 0.007580
0.911672 0.007580
0.911771 0.007580
0.911870 0.007580
0.911969 0.007580
0.912068 0.007580
0.912167 0.007580
0.912266 0.007580
0.912365 0.007580
0.912464 0.007580
0.912563 0.007580
0.912662 0.007580
0.912761 0.007580
0.912861 0.007580
0.912960 0.007580
0.913059 0.007580
0.913158 0.007580
0.913257 0.007580
0.913356 0.007580
0.913455 0.007580
0.913554 0.007580
0.913653 0.007580
0.913752 0.007580
0.913851 0.007580
0.913950 0.007580
0.914050 0.007580
0.914149 0.007580
0.914248 0.007580
0.914347 0.007580
0.914446 0.007580
0.914545 0.007580
0.914644 0.007580
0.914743 0.007277
0.914842 0.007277
0.914941 0.007277
0.915040 0.007277
0.915139 0.007277
0.915238 0.007277
0.915338 0.007277
0.915437 0.007277
0.915536 0.007277
0.915635 0.007277
0.915734 0.007277
0.915833 0.007277
0.915932 0.007277
0.916031 0.007277
0.916130 0.007277
0.916229 0.007277
0.916328 0.007277
0.916427 0.007277
0.916527 0.007277
0.916626 0.006974
0.916725 0.006974
0.916824 0.006974
0.916923 0.006974
0.917022 0.006974
0.917121 0.006974
0.917220 0.006974
0.917319 0.006974
0.917418 0.006974
0.917517 0.006974
0.917616 0.006671
0.917715 0.006671
0.917815 0.006671
0.917914 0.006671
0.918013 0.006671
0.918112 0.006671
0.918211 0.006671
0.918310 0.006671
0.918409 0.006671
0.918508 0.006671
0.918607 0.006671
0.918706 0.006671
0.918805 0.006671
0.918904 0.006671
0.919004 0.006671
0.919103 0.006671
0.919202 0.006671
0.919301 0.006671
0.919400 0.006671
0.919499 0.006671
0.919598 0.006671
0.919697 0.006671
0.919796 0.006671
0.919895 0.006671
0.919994 0.006671
0.920093 0.006671
0.920192 0.006367
0.920292 0.006367
0.920391 0.006367
0.920490 0.006367
0.920589 0.006367
0.920688 0.006367
0.920787 0.006367
0.920886 0.006064
0.920985 0.006064
0.921084 0.006064
0.921183 0.006064
0.921282 0.006064
0.921381 0.006064
0.921481 0.006064
0.921580 0.006064
0.921679 0.006064
0.921778 0.006064
0.921877 0.006064
0.921976 0.006064
0.922075 0.006064
0.922174 0.006064
0.922273 0.006064
0.922372 0.006064
0.922471 0.006064
0.922570 0.006064
0.922669 0.006064
0.922769 0.006064
0.922868 0.006064
0.922967 0.006064
0.923066 0.006064
0.923165 0.006064
0.923264 0.006064
0.923363 0.006064
0.923462 0.006064
0.923561 0.006064
0.923660 0.006064
0.923759 0.006064
0.923858 0.006064
0.923958 0.006064
0.924057 0.006064
0.924156 0.006064
0.924255 0.006064
0.924354 0.006064
0.924453 0.005761
0.924552 0.005761
0.924651 0.005761
0.924750 0.005761
0.924849 0.005761
0.924948 0.005761
0.925047 0.005761
0.925146 0.005761
0.925246 0.005761
0.925345 0.005761
0.925444 0.005458
0.925543 0.005458
0.925642 0.005458
0.925741 0.005458
0.925840 0.005458
0.925939 0.005458
0.926038 0.005458
0.926137 0.005458
0.926236 0.005458
0.926335 0.005458
0.926435 0.005458
0.926534 0.005458
0.926633 0.005458
0.926732 0.005458
0.926831 0.005458
0.926930 0.005458
0.927029 0.005458
0.927128 0.005458
0.927227 0.005458
0.927326 0.005458
0.927425 0.005458
0.927524 0.005458
0.927623 0.005458
0.927723 0.005458
0.927822 0.005458
0.927921 0.005458
0.928020 0.005458
0.928119 0.005458
0.928218 0.005458
0.928317 0.005155
0.928416 0.005155
0.928515 0.005155
0.928614 0.005155
0.928713 0.005155
0.928812 0.005155
0.928912 0.005155
0.929011 0.005155
0.929110 0.005155
0.929209 0.004851
0.929308 0.004851
0.929407 0.004851
0.929506 0.004851
0.929605 0.004851
0.929704 0.004851
0.929803 0.004851
0.929902 0.004851
0.930001 0.004851
0.930100 0.004851
0.930200 0.004851
0.930299 0.004851
0.930398 0.004851
0.930497 0.004851
0.930596 0.004851
0.930695 0.004851
0.930794 0.004851
0.930893 0.004851
0.930992 0.004851
0.931091 0.004851
0.931190 0.004851
0.931289 0.004851
0.931389 0.004851
0.931488 0.004851
0.931587 0.004851
0.931686 0.004851
0.931785 0.004851
0.931884 0.004851
0.931983 0.004851
0.932082 0.004851
0.932181 0.004851
0.932280 0.004851
0.932379 0.004851
0.932478 0.004851
0.932578 0.004851
0.932677 0.004851
0.932776 0.004851
0.932875 0.004851
0.932974 0.004851
0.933073 0.004851
0.933172 0.004851
0.933271 0.004548
0.933370 0.004548
0.933469 0.004548
0.933568 0.004548
0.933667 0.004548
0.933766 0.004548
0.933866 0.004548
0.933965 0.004548
0.934064 0.004548
0.934163 0.004548
0.934262 0.004245
0.934361 0.004245
0.934460 0.004245
0.934559 0.004245
0.934658 0.004245
0.934757 0.004245
0.934856 0.004245
0.934955 0.004245
0.935055 0.004245
0.935154 0.004245
0.935253 0.004245
0.935352 0.004245
0.935451 0.004245
0.935550 0.004245
0.935649 0.004245
0.935748 0.003942
0.935847 0.003942
0.935946 0.003942
0.936045 0.003942
0.936144 0.003942
0.936243 0.003942
0.936343 0.003942
0.936442 0.003942
0.936541 0.003639
0.936640 0.003639
0.936739 0.003639
0.936838 0.003639
0.936937 0.003639
0.937036 0.003639
0.937135 0.003639
0.937234 0.003639
0.937333 0.003639
0.937432 0.003639
0.937532 0.003639
0.937631 0.003639
0.937730 0.003639
0.937829 0.003639
0.937928 0.003639
0.938027 0.003639
0.938126 0.003639
0.938225 0.003639
0.938324 0.003639
0.938423 0.003639
0.938522 0.003639
0.938621 0.003639
0.938720 0.003639
0.938820 0.003639
0.938919 0.003639
0.939018 0.003639
0.939117 0.003639
0.939216 0.003639
0.939315 0.003639
0.939414 0.003639
0.939513 0.003639
0.939612 0.003639
0.939711 0.003639
0.939810 0.003639
0.939909 0.003639
0.940009 0.003639
0.940108 0.003639
0.940207 0.003639
0.940306 0.003639
0.940405 0.003639
0.940504 0.003639
0.940603 0.003639
0.940702 0.003639
0.940801 0.003335
0.940900 0.003335
0.940999 0.003335
0.941098 0.003335
0.941197 0.003335
0.941297 0.003335
0.941396 0.003335
0.941495 0.003335
0.941594 0.003335
0.941693 0.003335
0.941792 0.003335
0.941891 0.003335
0.941990 0.003335
0.942089 0.003335
0.942188 0.003032
0.942287 0.003032
0.942386 0.002729
0.942486 0.002729
0.942585 0.002426
0.942684 0.002426
0.942783 0.002426
0.942882 0.002426
0.942981 0.002426
0.943080 0.002426
0.943179 0.002426
0.943278 0.002426
0.943377 0.002426
0.943476 0.002426
0.943575 0.002426
0.943674 0.002426
0.943774 0.002426
0.943873 0.002426
0.943972 0.002426
0.944071 0.002426
0.944170 0.002426
0.944269 0.002426
0.944368 0.002426
0.944467 0.002426
0.944566 0.002426
0.944665 0.002426
0.944764 0.002426
0.944863 0.002426
0.944963 0.002426
0.945062 0.002426
0.945161 0.002426
0.945260 0.002426
0.945359 0.002426
0.945458 0.002426
0.945557 0.002426
0.945656 0.002426
0.945755 0.002426
0.945854 0.002426
0.945953 0.002426
0.946052 0.002426
0.946151 0.002426
0.946251 0.002426
0.946350 0.002426
0.946449 0.002426
0.946548 0.002426
0.946647 0.002426
0.946746 0.002426
0.946845 0.002426
0.946944 0.002426
0.947043 0.002426
0.947142 0.002426
0.947241 0.002426
0.947340 0.002426
0.947440 0.002426
0.947539 0.002426
0.947638 0.002426
0.947737 0.002426
0.947836 0.002426
0.947935 0.002426
0.948034 0.002426
0.948133 0.002426
0.948232 0.002426
0.948331 0.002426
0.948430 0.002426
0.948529 0.002426
0.948628 0.002426
0.948728 0.002426
0.948827 0.002426
0.948926 0.002426
0.949025 0.002426
0.949124 0.002426
0.949223 0.002122
0.949322 0.002122
0.949421 0.002122
0.949520 0.002122
0.949619 0.001819
0.949718 0.001819
0.949817 0.001819
0.949917 0.001819
0.950016 0.001819
0.950115 0.001819
0.950214 0.001819
0.950313 0.001819
0.950412 0.001819
0.950511 0.001819
0.950610 0.001819
0.950709 0.001819
0.950808 0.001819
0.950907 0.001819
0.951006 0.001819
0.951105 0.001819
0.951205 0.001819
0.951304 0.001819
0.951403 0.001819
0.951502 0.001819
0.951601 0.001819
0.951700 0.001819
0.951799 0.001819
0.951898 0.001819
0.951997 0.001819
0.952096 0.001819
0.952195 0.001819
0.952294 0.001516
0.952394 0.001516
0.952493 0.001516
0.952592 0.001516
0.952691 0.001516
0.952790 0.001516
0.952889 0.001516
0.952988 0.001516
0.953087 0.001516
0.953186 0.001516
0.953285 0.001516
0.953384 0.001516
0.953483 0.001516
0.953582 0.001516
0.953682 0.001516
0.953781 0.001516
0.953880 0.001516
0.953979 0.001516
0.954078 0.001516
0.954177 0.001516
0.954276 0.001516
0.954375 0.001516
0.954474 0.001516
0.954573 0.001516
0.954672 0.001516
0.954771 0.001516
0.954871 0.001516
0.954970 0.001516
0.955069 0.001516
0.955168 0.001516
0.955267 0.001516
0.955366 0.001516
0.955465 0.001516
0.955564 0.001516
0.955663 0.001516
0.955762 0.001516
0.955861 0.001516
0.955960 0.001516
0.956059 0.001516
0.956159 0.001516
0.956258 0.001516
0.956357 0.001516
0.956456 0.001516
0.956555 0.001213
0.956654 0.001213
0.956753 0.001213
0.956852 0.001213
0.956951 0.001213
0.957050 0.001213
0.957149 0.001213
0.957248 0.001213
0.957348 0.001213
0.957447 0.001213
0.957546 0.001213
0.957645 0.001213
0.957744 0.001213
0.957843 0.001213
0.957942 0.001213
0.958041 0.001213
0.958140 0.001213
0.958239 0.001213
0.958338 0.001213
0.958437 0.001213
0.958536 0.001213
0.958636 0.001213
0.958735 0.001213
0.958834 0.001213
0.958933 0.000910
0.959032 0.000910
0.959131 0.000910
0.959230 0.000910
0.959329 0.000910
0.959428 0.000910
0.959527 0.000910
0.959626 0.000910
0.959725 0.000910
0.959825 0.000910
0.959924 0.000910
0.960023 0.000910
0.960122 0.000910
0.960221 0.000910
0.960320 0.000910
0.960419 0.000910
0.960518 0.000910
0.960617 0.000910
0.960716 0.000910
0.960815 0.000910
0.960914 0.000910
0.961013 0.000910
0.961113 0.000910
0.961212 0.000910
0.961311 0.000910
0.961410 0.000910
0.961509 0.000910
0.961608 0.000910
0.961707 0.000910
0.961806 0.000910
0.961905 0.000910
0.962004 0.000910
0.962103 0.000910
0.962202 0.000910
0.962302 0.000910
0.962401 0.000910
0.962500 0.000910
0.962599 0.000910
0.962698 0.000910
0.962797 0.000910
0.962896 0.000910
0.962995 0.000910
0.963094 0.000910
0.963193 0.000910
0.963292 0.000910
0.963391 0.000910
0.963491 0.000910
0.963590 0.000910
0.963689 0.000910
0.963788 0.000910
0.963887 0.000910
0.963986 0.000910
0.964085 0.000910
0.964184 0.000910
0.964283 0.000910
0.964382 0.000910
0.964481 0.000910
0.964580 0.000910
0.964679 0.000910
0.964779 0.000910
0.964878 0.000910
0.964977 0.000910
0.965076 0.000910
0.965175 0.000910
0.965274 0.000910
0.965373 0.000910
0.965472 0.000910
0.965571 0.000910
0.965670 0.000910
0.965769 0.000910
0.965868 0.000910
0.965968 0.000910
0.966067 0.000910
0.966166 0.000910
0.966265 0.000910
0.966364 0.000910
0.966463 0.000910
0.966562 0.000910
0.966661 0.000910
0.966760 0.000910
0.966859 0.000910
0.966958 0.000910
0.967057 0.000910
0.967156 0.000910
0.967256 0.000910
0.967355 0.000910
0.967454 0.000910
0.967553 0.000910
0.967652 0.000910
0.967751 0.000910
0.967850 0.000606
0.967949 0.000606
0.968048 0.000606
0.968147 0.000606
0.968246 0.000606
0.968345 0.000606
0.968445 0.000303
0.968544 0.000303
0.968643 0.000303
0.968742 0.000303
0.968841 0.000303
0.968940 0.000303
0.969039 0.000303
0.969138 0.000303
0.969237 0.000303
0.969336 0.000303
0.969435 0.000303
0.969534 0.000303
0.969633 0.000303
0.969733 0.000303
0.969832 0.000303
0.969931 0.000303
0.970030 0.000303
0.970129 0.000303
0.970228 0.000303
0.970327 0.000303
0.970426 0.000303
0.970525 0.000303
0.970624 0.000303
0.970723 0.000303
0.970822 0.000303
0.970922 0.000303
0.971021 0.000303
0.971120 0.000303
0.971219 0.000303
0.971318 0.000303
0.971417 0.000303
0.971516 0.000303
0.971615 0.000303
0.971714 0.000303
0.971813 0.000303
0.971912 0.000303
0.972011 0.000303
0.972110 0.000303
0.972210 0.000303
0.972309 0.000303
0.972408 0.000303
0.972507 0.000303
0.972606 0.000303
0.972705 0.000303
0.972804 0.000303
0.972903 0.000303
0.973002 0.000303
0.973101 0.000303
0.973200 0.000303
0.973299 0.000303
0.973399 0.000303
0.973498 0.000303
0.973597 0.000303
0.973696 0.000303
0.973795 0.000303
0.973894 0.000303
0.973993 0.000303
0.974092 0.000303
0.974191 0.000303
0.974290 0.000303
0.974389 0.000303
0.974488 0.000303
0.974587 0.000303
0.974687 0.000303
0.974786 0.000303
0.974885 0.000303
0.974984 0.000303
0.975083 0.000303
0.975182 0.000303
0.975281 0.000303
0.975380 0.000303
0.975479 0.000303
0.975578 0.000303
0.975677 0.000303
0.975776 0.000303
0.975876 0.000303
0.975975 0.000303
0.976074 0.000303
0.976173 0.000303
0.976272 0.000303
0.976371 0.000303
0.976470 0.000303
0.976569 0.000303
0.976668 0.000303
0.976767 0.000303
0.976866 0.000303
0.976965 0.000303
0.977064 0.000303
0.977164 0.000303
0.977263 0.000303
0.977362 0.000303
0.977461 0.000303
0.977560 0.000303
0.977659 0.000303
0.977758 0.000303
0.977857 0.000303
0.977956 0.000303
0.978055 0.000303
0.978154 0.000303
0.978253 0.000303
0.978353 0.000303
0.978452 0.000303
0.978551 0.000303
0.978650 0.000303
0.978749 0.000303
0.978848 0.000303
0.978947 0.000303
0.979046 0.000303
0.979145 0.000303
0.979244 0.000303
0.979343 0.000303
0.979442 0.000303
0.979541 0.000303
0.979641 0.000303
0.979740 0.000303
0.979839 0.000303
0.979938 0.000303
0.980037 0.000303
0.980136 0.000303
0.980235 0.000303
0.980334 0.000303
0.980433 0.000303
0.980532 0.000303
0.980631 0.000303
0.980730 0.000303
0.980830 0.000303
0.980929 0.000303
0.981028 0.000303
0.981127 0.000303
0.981226 0.000303
0.981325 0.000303
0.981424 0.000303
0.981523 0.000303
0.981622 0.000303
0.981721 0.000303
0.981820 0.000303
0.981919 0.000303
0.982018 0.000303
0.982118 0.000303
0.982217 0.000303
0.982316 0.000303
0.982415 0.000303
0.982514 0.000303
0.982613 0.000303
0.982712 0.000303
0.982811 0.000303
0.982910 0.000303
0.983009 0.000303
0.983108 0.000303
0.983207 0.000303
0.983307 0.000303
0.983406 0.000303
0.983505 0.000303
0.983604 0.000303
0.983703 0.000303
0.983802 0.000303
0.983901 0.000303
0.984000 0.000303
0.984099 0.000303
0.984198 0.000303
0.984297 0.000303
0.984396 0.000303
0.984495 0.000303
0.984595 0.000303
0.984694 0.000000
0.984793 0.000000
0.984892 0.000000
0.984991 0.000000
0.985090 0.000000
0.985189 0.000000
0.985288 0.000000
0.985387 0.000000
0.985486 0.000000
0.985585 0.000000
0.985684 0.000000
0.985784 0.000000
0.985883 0.000000
0.985982 0.000000
0.986081 0.000000
0.986180 0.000000
0.986279 0.000000
0.986378 0.000000
0.986477 0.000000
0.986576 0.000000
0.986675 0.000000
0.986774 0.000000
0.986873 0.000000
0.986972 0.000000
0.987072 0.000000
0.987171 0.000000
0.987270 0.000000
0.987369 0.000000
0.987468 0.000000
0.987567 0.000000
0.987666 0.000000
0.987765 0.000000
0.987864 0.000000
0.987963 0.000000
0.988062 0.000000
0.988161 0.000000
0.988261 0.000000
0.988360 0.000000
0.988459 0.000000
0.988558 0.000000
0.988657 0.000000
0.988756 0.000000
0.988855 0.000000
0.988954 0.000000
0.989053 0.000000
0.989152 0.000000
0.989251 0.000000
0.989350 0.000000
0.989449 0.000000
0.989549 0.000000
0.989648 0.000000
0.989747 0.000000
0.989846 0.000000
0.989945 0.000000
0.990044 0.000000
0.990143 0.000000
0.990242 0.000000
0.990341 0.000000
0.990440 0.000000
0.990539 0.000000
0.990638 0.000000
0.990738 0.000000
0.990837 0.000000
0.990936 0.000000
0.991035 0.000000
0.991134 0.000000
0.991233 0.000000
0.991332 0.000000
0.991431 0.000000
0.991530 0.000000
0.991629 0.000000
0.991728 0.000000
0.991827 0.000000
0.991926 0.000000
0.992026 0.000000
0.992125 0.000000
0.992224 0.000000
