# Threshold Efficiency
0.001522 1.000000
0.001621 1.000000
0.001720 1.000000
0.001819 1.000000
0.001918 1.000000
0.002017 1.000000
0.002116 1.000000
0.002215 1.000000
0.002314 1.000000
0.002413 1.000000
0.002512 1.000000
0.002611 1.000000
0.002711 1.000000
0.002810 1.000000
0.002909 1.000000
0.003008 1.000000
0.003107 1.000000
0.003206 1.000000
0.003305 1.000000
0.003404 1.000000
0.003503 1.000000
0.003602 1.000000
0.003701 1.000000
0.003800 1.000000
0.003899 1.000000
0.003999 1.000000
0.004098 1.000000
0.004197 1.000000
0.004296 1.000000
0.004395 1.000000
0.004494 1.000000
0.004593 1.000000
0.004692 1.000000
0.004791 1.000000
0.004890 1.000000
0.004989 1.000000
0.005088 1.000000
0.005188 1.000000
0.005287 1.000000
0.005386 1.000000
0.005485 1.000000
0.005584 1.000000
0.005683 1.000000
0.005782 1.000000
0.005881 1.000000
0.005980 1.000000
0.006079 1.000000
0.006178 1.000000
0.006277 1.000000
0.006376 1.000000
0.006476 1.000000
0.006575 1.000000
0.006674 1.000000
0.006773 1.000000
0.006872 1.000000
0.006971 1.000000
0.007070 1.000000
0.007169 1.000000
0.007268 1.000000
0.007367 1.000000
0.007466 1.000000
0.007565 1.000000
0.007665 1.000000
0.007764 1.000000
0.007863 1.000000
0.007962 1.000000
0.008061 1.000000
0.008160 1.000000
0.008259 1.000000
0.008358 1.000000
0.008457 1.000000
0.008556 1.000000
0.008655 1.000000
0.008754 1.000000
0.008853 1.000000
0.008953 1.000000
0.009052 1.000000
0.009151 1.000000
0.009250 1.000000
0.009349 1.000000
0.009448 0.999704
0.009547 0.999704
0.009646 0.999704
0.009745 0.999704
0.009844 0.999704
0.009943 0.999704
0.010042 0.999704
0.010142 0.999704
0.010241 0.999704
0.010340 0.999704
0.010439 0.999704
0.010538 0.999704
0.010637 0.999704
0.010736 0.999704
0.010835 0.999704
0.010934 0.999704
0.011033 0.999704
0.011132 0.999704
0.011231 0.999704
0.011330 0.999704
0.011430 0.999704
0.011529 0.999704
0.011628 0.999704
0.011727 0.999704
0.011826 0.999704
0.011925 0.999704
0.012024 0.999704
0.012123 0.999704
0.012222 0.999704
0.012321 0.999704
0.012420 0.999704
0.012519 0.999704
0.012619 0.999704
0.012718 0.999704
0.012817 0.999704
0.012916 0.999704
0.013015 0.999704
0.013114 0.999704
0.013213 0.999704
0.013312 0.999704
0.013411 0.999704
0.013510 0.999704
0.013609 0.999704
0.013708 0.999704
0.013807 0.999704
0.013907 0.999704
0.014006 0.999704
0.014105 0.999704
0.014204 0.999704
0.014303 0.999704
0.014402 0.999704
0.014501 0.999704
0.014600 0.999704
0.014699 0.999704
0.014798 0.999704
0.014897 0.999704
0.014996 0.999704
0.015096 0.999704
0.015195 0.999704
0.015294 0.999704
0.015393 0.999704
0.015492 0.999704
0.015591 0.999704
0.015690 0.999704
0.015789 0.999704
0.015888 0.999704
0.015987 0.999704
0.016086 0.999704
0.016185 0.999704
0.016284 0.999704
0.016384 0.999704
0.016483 0.999704
0.016582 0.999704
0.016681 0.999704
0.016780 0.999704
0.016879 0.999704
0.016978 0.999704
0.017077 0.999704
0.017176 0.999704
0.017275 0.999704
0.017374 0.999704
0.017473 0.999704
0.017573 0.999704
0.017672 0.999704
0.017771 0.999704
0.017870 0.999704
0.017969 0.999704
0.018068 0.999704
0.018167 0.999704
0.018266 0.999704
0.018365 0.999409
0.018464 0.999409
0.018563 0.999409
0.018662 0.999409
0.018761 0.999409
0.018861 0.999409
0.018960 0.999409
0.019059 0.999409
0.019158 0.999409
0.019257 0.999409
0.019356 0.999409
0.019455 0.999409
0.019554 0.999409
0.019653 0.999409
0.019752 0.999409
0.019851 0.999409
0.019950 0.999409
0.020050 0.999409
0.020149 0.999409
0.020248 0.999409
0.020347 0.999409
0.020446 0.999409
0.020545 0.999113
0.020644 0.999113
0.020743 0.999113
0.020842 0.999113
0.020941 0.998818
0.021040 0.998818
0.021139 0.998818
0.021238 0.998818
0.021338 0.998818
0.021437 0.998818
0.021536 0.998818
0.021635 0.998818
0.021734 0.998818
0.021833 0.998818
0.021932 0.998818
0.022031 0.998818
0.022130 0.998818
0.022229 0.998818
0.022328 0.998818
0.022427 0.998818
0.022527 0.998818
0.022626 0.998818
0.022725 0.998818
0.022824 0.998818
0.022923 0.998818
0.023022 0.998818
0.023121 0.998818
0.023220 0.998818
0.023319 0.998818
0.023418 0.998818
0.023517 0.998818
0.023616 0.998818
0.023715 0.998818
0.023815 0.998818
0.023914 0.998818
0.024013 0.998818
0.024112 0.998818
0.024211 0.998818
0.024310 0.998818
0.024409 0.998818
0.024508 0.998818
0.024607 0.998818
0.024706 0.998818
0.024805 0.998818
0.024904 0.998818
0.025004 0.998818
0.025103 0.998818
0.025202 0.998818
0.025301 0.998818
0.025400 0.998818
0.025499 0.998818
0.025598 0.998818
0.025697 0.998818
0.025796 0.998818
0.025895 0.998818
0.025994 0.998818
0.026093 0.998818
0.026192 0.998522
0.026292 0.998522
0.026391 0.998522
0.026490 0.998522
0.026589 0.998522
0.026688 0.998227
0.026787 0.998227
0.026886 0.998227
0.026985 0.998227
0.027084 0.998227
0.027183 0.998227
0.027282 0.998227
0.027381 0.998227
0.027481 0.998227
0.027580 0.998227
0.027679 0.998227
0.027778 0.998227
0.027877 0.998227
0.027976 0.998227
0.028075 0.998227
0.028174 0.998227
0.028273 0.998227
0.028372 0.998227
0.028471 0.998227
0.028570 0.998227
0.028669 0.998227
0.028769 0.998227
0.028868 0.998227
0.028967 0.998227
0.029066 0.998227
0.029165 0.998227
0.029264 0.998227
0.029363 0.998227
0.029462 0.998227
0.029561 0.998227
0.029660 0.998227
0.029759 0.998227
0.029858 0.998227
0.029958 0.997931
0.030057 0.997636
0.030156 0.997636
0.030255 0.997636
0.030354 0.997636
0.030453 0.997636
0.030552 0.997636
0.030651 0.997636
0.030750 0.997636
0.030849 0.997636
0.030948 0.997636
0.031047 0.997636
0.031147 0.997636
0.031246 0.997636
0.031345 0.997636
0.031444 0.997636
0.031543 0.997636
0.031642 0.997636
0.031741 0.997636
0.031840 0.997636
0.031939 0.997636
0.032038 0.997636
0.032137 0.997636
0.032236 0.997636
0.032335 0.997636
0.032435 0.997636
0.032534 0.997636
0.032633 0.997636
0.032732 0.997636
0.032831 0.997636
0.032930 0.997636
0.033029 0.997636
0.033128 0.997340
0.033227 0.997340
0.033326 0.997340
0.033425 0.997340
0.033524 0.997340
0.033624 0.997340
0.033723 0.997340
0.033822 0.997340
0.033921 0.997340
0.034020 0.997340
0.034119 0.997340
0.034218 0.997340
0.034317 0.997340
0.034416 0.997340
0.034515 0.997340
0.034614 0.997045
0.034713 0.997045
0.034812 0.997045
0.034912 0.997045
0.035011 0.997045
0.035110 0.997045
0.035209 0.997045
0.035308 0.997045
0.035407 0.997045
0.035506 0.997045
0.035605 0.997045
0.035704 0.997045
0.035803 0.997045
0.035902 0.997045
0.036001 0.997045
0.036101 0.997045
0.036200 0.997045
0.036299 0.996749
0.036398 0.996454
0.036497 0.996454
0.036596 0.996454
0.036695 0.996454
0.036794 0.996454
0.036893 0.996454
0.036992 0.996454
0.037091 0.996454
0.037190 0.996454
0.037289 0.996454
0.037389 0.996454
0.037488 0.996454
0.037587 0.996454
0.037686 0.996454
0.037785 0.996454
0.037884 0.996454
0.037983 0.996454
0.038082 0.996454
0.038181 0.996454
0.038280 0.996454
0.038379 0.996454
0.038478 0.996454
0.038578 0.996454
0.038677 0.996454
0.038776 0.996454
0.038875 0.996454
0.038974 0.996454
0.039073 0.996454
0.039172 0.996454
0.039271 0.996454
0.039370 0.996454
0.039469 0.996454
0.039568 0.996454
0.039667 0.996454
0.039766 0.996454
0.039866 0.996454
0.039965 0.996454
0.040064 0.996454
0.040163 0.996454
0.040262 0.996454
0.040361 0.996454
0.040460 0.996454
0.040559 0.996454
0.040658 0.996454
0.040757 0.996454
0.040856 0.996454
0.040955 0.996454
0.041055 0.996454
0.041154 0.996454
0.041253 0.996454
0.041352 0.996454
0.041451 0.996454
0.041550 0.996454
0.041649 0.996454
0.041748 0.996454
0.041847 0.996454
0.041946 0.996454
0.042045 0.996454
0.042144 0.996454
0.042243 0.996454
0.042343 0.996454
0.042442 0.996454
0.042541 0.996454
0.042640 0.996454
0.042739 0.996454
0.042838 0.996454
0.042937 0.996454
0.043036 0.996454
0.043135 0.996454
0.043234 0.996454
0.043333 0.996454
0.043432 0.996454
0.043532 0.996454
0.043631 0.996454
0.043730 0.996454
0.043829 0.996454
0.043928 0.996454
0.044027 0.996454
0.044126 0.996454
0.044225 0.996158
0.044324 0.996158
0.044423 0.996158
0.044522 0.996158
0.044621 0.996158
0.044720 0.996158
0.044820 0.996158
0.044919 0.996158
0.045018 0.996158
0.045117 0.996158
0.045216 0.996158
0.045315 0.996158
0.045414 0.996158
0.045513 0.996158
0.045612 0.996158
0.045711 0.995863
0.045810 0.995863
0.045909 0.995863
0.046009 0.995863
0.046108 0.995863
0.046207 0.995863
0.046306 0.995863
0.046405 0.995863
0.046504 0.995863
0.046603 0.995863
0.046702 0.995863
0.046801 0.995863
0.046900 0.995863
0.046999 0.995863
0.047098 0.995863
0.047197 0.995863
0.047297 0.995863
0.047396 0.995863
0.047495 0.995567
0.047594 0.995567
0.047693 0.995567
0.047792 0.995567
0.047891 0.995567
0.047990 0.995567
0.048089 0.995567
0.048188 0.995567
0.048287 0.995567
0.048386 0.995567
0.048486 0.995567
0.048585 0.995567
0.048684 0.995567
0.048783 0.995567
0.048882 0.995567
0.048981 0.995567
0.049080 0.995567
0.049179 0.995567
0.049278 0.995567
0.049377 0.995567
0.049476 0.995567
0.049575 0.995567
0.049674 0.995567
0.049774 0.995567
0.049873 0.995567
0.049972 0.995567
0.050071 0.995567
0.050170 0.995567
0.050269 0.995567
0.050368 0.995567
0.050467 0.995567
0.050566 0.995567
0.050665 0.995567
0.050764 0.995567
0.050863 0.995567
0.050963 0.995567
0.051062 0.995567
0.051161 0.995567
0.051260 0.995567
0.051359 0.995567
0.051458 0.995567
0.051557 0.995567
0.051656 0.995567
0.051755 0.995567
0.051854 0.995567
0.051953 0.995567
0.052052 0.995567
0.052151 0.995567
0.052251 0.995567
0.052350 0.995567
0.052449 0.995567
0.052548 0.995567
0.052647 0.995272
0.052746 0.995272
0.052845 0.995272
0.052944 0.995272
0.053043 0.995272
0.053142 0.995272
0.053241 0.995272
0.053340 0.995272
0.053440 0.995272
0.053539 0.995272
0.053638 0.995272
0.053737 0.995272
0.053836 0.995272
0.053935 0.995272
0.054034 0.995272
0.054133 0.995272
0.054232 0.995272
0.054331 0.995272
0.054430 0.994976
0.054529 0.994976
0.054628 0.994976
0.054728 0.994681
0.054827 0.994681
0.054926 0.994681
0.055025 0.994681
0.055124 0.994681
0.055223 0.994681
0.055322 0.994681
0.055421 0.994681
0.055520 0.994681
0.055619 0.994681
0.055718 0.994681
0.055817 0.994681
0.055917 0.994681
0.056016 0.994681
0.056115 0.994681
0.056214 0.994681
0.056313 0.994681
0.056412 0.994681
0.056511 0.994681
0.056610 0.994681
0.056709 0.994681
0.056808 0.994681
0.056907 0.994681
0.057006 0.994681
0.057105 0.994681
0.057205 0.994681
0.057304 0.994385
0.057403 0.994385
0.057502 0.994385
0.057601 0.994385
0.057700 0.994385
0.057799 0.994385
0.057898 0.994385
0.057997 0.994385
0.058096 0.994385
0.058195 0.994385
0.058294 0.994385
0.058394 0.994385
0.058493 0.994385
0.058592 0.994385
0.058691 0.994385
0.058790 0.994385
0.058889 0.994385
0.058988 0.994385
0.059087 0.994385
0.059186 0.994385
0.059285 0.994385
0.059384 0.994385
0.059483 0.994385
0.059582 0.994385
0.059682 0.994385
0.059781 0.994385
0.059880 0.994385
0.059979 0.994385
0.060078 0.994385
0.060177 0.994385
0.060276 0.994385
0.060375 0.994385
0.060474 0.994385
0.060573 0.994385
0.060672 0.994385
0.060771 0.994385
0.060871 0.994385
0.060970 0.994385
0.061069 0.994385
0.061168 0.994385
0.061267 0.994385
0.061366 0.994385
0.061465 0.994385
0.061564 0.994385
0.061663 0.994385
0.061762 0.994385
0.061861 0.994385
0.061960 0.994385
0.062060 0.994385
0.062159 0.994385
0.062258 0.994385
0.062357 0.994385
0.062456 0.994385
0.062555 0.994090
0.062654 0.994090
0.062753 0.994090
0.062852 0.994090
0.062951 0.994090
0.063050 0.994090
0.063149 0.994090
0.063248 0.994090
0.063348 0.994090
0.063447 0.994090
0.063546 0.994090
0.063645 0.994090
0.063744 0.994090
0.063843 0.994090
0.063942 0.994090
0.064041 0.994090
0.064140 0.994090
0.064239 0.994090
0.064338 0.994090
0.064437 0.994090
0.064537 0.994090
0.064636 0.994090
0.064735 0.994090
0.064834 0.994090
0.064933 0.994090
0.065032 0.994090
0.065131 0.994090
0.065230 0.994090
0.065329 0.994090
0.065428 0.994090
0.065527 0.994090
0.065626 0.994090
0.065725 0.994090
0.065825 0.994090
0.065924 0.994090
0.066023 0.994090
0.066122 0.994090
0.066221 0.994090
0.066320 0.994090
0.066419 0.994090
0.066518 0.994090
0.066617 0.994090
0.066716 0.994090
0.066815 0.994090
0.066914 0.994090
0.067014 0.994090
0.067113 0.994090
0.067212 0.994090
0.067311 0.994090
0.067410 0.994090
0.067509 0.994090
0.067608 0.994090
0.067707 0.994090
0.067806 0.994090
0.067905 0.994090
0.068004 0.994090
0.068103 0.994090
0.068202 0.994090
0.068302 0.994090
0.068401 0.994090
0.068500 0.994090
0.068599 0.994090
0.068698 0.994090
0.068797 0.994090
0.068896 0.994090
0.068995 0.993794
0.069094 0.993794
0.069193 0.993794
0.069292 0.993794
0.069391 0.993794
0.069491 0.993794
0.069590 0.993794
0.069689 0.993794
0.069788 0.993794
0.069887 0.993794
0.069986 0.993794
0.070085 0.993499
0.070184 0.993499
0.070283 0.993499
0.070382 0.993499
0.070481 0.993499
0.070580 0.993499
0.070679 0.993499
0.070779 0.993499
0.070878 0.993499
0.070977 0.993499
0.071076 0.993499
0.071175 0.993499
0.071274 0.993499
0.071373 0.993499
0.071472 0.993499
0.071571 0.993499
0.071670 0.993499
0.071769 0.993499
0.071868 0.993499
0.071968 0.993499
0.072067 0.993499
0.072166 0.993499
0.072265 0.993499
0.072364 0.993499
0.072463 0.993499
0.072562 0.993499
0.072661 0.993203
0.072760 0.993203
0.072859 0.993203
0.072958 0.993203
0.073057 0.993203
0.073156 0.993203
0.073256 0.993203
0.073355 0.993203
0.073454 0.993203
0.073553 0.993203
0.073652 0.993203
0.073751 0.993203
0.073850 0.993203
0.073949 0.993203
0.074048 0.993203
0.074147 0.993203
0.074246 0.993203
0.074345 0.993203
0.074445 0.993203
0.074544 0.993203
0.074643 0.993203
0.074742 0.993203
0.074841 0.992908
0.074940 0.992908
0.075039 0.992908
0.075138 0.992908
0.075237 0.992908
0.075336 0.992908
0.075435 0.992908
0.075534 0.992908
0.075633 0.992908
0.075733 0.992908
0.075832 0.992908
0.075931 0.992908
0.076030 0.992908
0.076129 0.992908
0.076228 0.992908
0.076327 0.992908
0.076426 0.992908
0.076525 0.992908
0.076624 0.992908
0.076723 0.992908
0.076822 0.992908
0.076922 0.992908
0.077021 0.992908
0.077120 0.992908
0.077219 0.992908
0.077318 0.992908
0.077417 0.992908
0.077516 0.992908
0.077615 0.992908
0.077714 0.992908
0.077813 0.992908
0.077912 0.992908
0.078011 0.992908
0.078110 0.992908
0.078210 0.992908
0.078309 0.992908
0.078408 0.992908
0.078507 0.992612
0.078606 0.992612
0.078705 0.992612
0.078804 0.992612
0.078903 0.992612
0.079002 0.992612
0.079101 0.992612
0.079200 0.992612
0.079299 0.992612
0.079399 0.992612
0.079498 0.992612
0.079597 0.992612
0.079696 0.992612
0.079795 0.992612
0.079894 0.992612
0.079993 0.992612
0.080092 0.992317
0.080191 0.992317
0.080290 0.992021
0.080389 0.992021
0.080488 0.992021
0.080587 0.991726
0.080687 0.991726
0.080786 0.991726
0.080885 0.991726
0.080984 0.991726
0.081083 0.991726
0.081182 0.991726
0.081281 0.991726
0.081380 0.991726
0.081479 0.991726
0.081578 0.991726
0.081677 0.991726
0.081776 0.991726
0.081876 0.991726
0.081975 0.991726
0.082074 0.991726
0.082173 0.991726
0.082272 0.991726
0.082371 0.991726
0.082470 0.991726
0.082569 0.991430
0.082668 0.991430
0.082767 0.991430
0.082866 0.991430
0.082965 0.991430
0.083064 0.991430
0.083164 0.991135
0.083263 0.991135
0.083362 0.991135
0.083461 0.990839
0.083560 0.990839
0.083659 0.990839
0.083758 0.990839
0.083857 0.990839
0.083956 0.990839
0.084055 0.990839
0.084154 0.990839
0.084253 0.990839
0.084353 0.990839
0.084452 0.990839
0.084551 0.990839
0.084650 0.990839
0.084749 0.990839
0.084848 0.990839
0.084947 0.990839
0.085046 0.990839
0.085145 0.990839
0.085244 0.990839
0.085343 0.990839
0.085442 0.990839
0.085541 0.990839
0.085641 0.990839
0.085740 0.990839
0.085839 0.990839
0.085938 0.990839
0.086037 0.990839
0.086136 0.990839
0.086235 0.990839
0.086334 0.990839
0.086433 0.990839
0.086532 0.990839
0.086631 0.990839
0.086730 0.990839
0.086830 0.990839
0.086929 0.990839
0.087028 0.990839
0.087127 0.990839
0.087226 0.990839
0.087325 0.990544
0.087424 0.990544
0.087523 0.990544
0.087622 0.990544
0.087721 0.990544
0.087820 0.990544
0.087919 0.990544
0.088018 0.990544
0.088118 0.990544
0.088217 0.990544
0.088316 0.990544
0.088415 0.990544
0.088514 0.990248
0.088613 0.990248
0.088712 0.990248
0.088811 0.990248
0.088910 0.990248
0.089009 0.990248
0.089108 0.990248
0.089207 0.990248
0.089307 0.990248
0.089406 0.990248
0.089505 0.990248
0.089604 0.990248
0.089703 0.990248
0.089802 0.990248
0.089901 0.990248
0.090000 0.990248
0.090099 0.990248
0.090198 0.990248
0.090297 0.990248
0.090396 0.990248
0.090495 0.990248
0.090595 0.989953
0.090694 0.989953
0.090793 0.989953
0.090892 0.989953
0.090991 0.989953
0.091090 0.989953
0.091189 0.989953
0.091288 0.989953
0.091387 0.989953
0.091486 0.989953
0.091585 0.989953
0.091684 0.989953
0.091784 0.989953
0.091883 0.989953
0.091982 0.989953
0.092081 0.989953
0.092180 0.989953
0.092279 0.989953
0.092378 0.989953
0.092477 0.989953
0.092576 0.989953
0.092675 0.989953
0.092774 0.989953
0.092873 0.989953
0.092973 0.989953
0.093072 0.989953
0.093171 0.989953
0.093270 0.989953
0.093369 0.989953
0.093468 0.989953
0.093567 0.989953
0.093666 0.989953
0.093765 0.989953
0.093864 0.989953
0.093963 0.989953
0.094062 0.989953
0.094161 0.989953
0.094261 0.989953
0.094360 0.989657
0.094459 0.989657
0.094558 0.989657
0.094657 0.989657
0.094756 0.989657
0.094855 0.989657
0.094954 0.989657
0.095053 0.989657
0.095152 0.989657
0.095251 0.989657
0.095350 0.989657
0.095450 0.989657
0.095549 0.989657
0.095648 0.989362
0.095747 0.989362
0.095846 0.989362
0.095945 0.989362
0.096044 0.989362
0.096143 0.989362
0.096242 0.989362
0.096341 0.989362
0.096440 0.989362
0.096539 0.989362
0.096638 0.989362
0.096738 0.989362
0.096837 0.989362
0.096936 0.989362
0.097035 0.989362
0.097134 0.989362
0.097233 0.989362
0.097332 0.989362
0.097431 0.989362
0.097530 0.989362
0.097629 0.989362
0.097728 0.989362
0.097827 0.989362
0.097927 0.989362
0.098026 0.989362
0.098125 0.989362
0.098224 0.989362
0.098323 0.989362
0.098422 0.989362
0.098521 0.989362
0.098620 0.989362
0.098719 0.989362
0.098818 0.989362
0.098917 0.989362
0.099016 0.989362
0.099115 0.989066
0.099215 0.988771
0.099314 0.988771
0.099413 0.988771
0.099512 0.988475
0.099611 0.988475
0.099710 0.988475
0.099809 0.988475
0.099908 0.988475
0.100007 0.988475
0.100106 0.988475
0.100205 0.988475
0.100304 0.988475
0.100404 0.988475
0.100503 0.988475
0.100602 0.988475
0.100701 0.988475
0.100800 0.988475
0.100899 0.988475
0.100998 0.988475
0.101097 0.988475
0.101196 0.988475
0.101295 0.988475
0.101394 0.988475
0.101493 0.988475
0.101592 0.988475
0.101692 0.988475
0.101791 0.988475
0.101890 0.988475
0.101989 0.988475
0.102088 0.988475
0.102187 0.988475
0.102286 0.988475
0.102385 0.988475
0.102484 0.988475
0.102583 0.988475
0.102682 0.988475
0.102781 0.988475
0.102881 0.988475
0.102980 0.988475
0.103079 0.988475
0.103178 0.988475
0.103277 0.988475
0.103376 0.988475
0.103475 0.988475
0.103574 0.988475
0.103673 0.988475
0.103772 0.988475
0.103871 0.988475
0.103970 0.988475
0.104069 0.988475
0.104169 0.988475
0.104268 0.988475
0.104367 0.988475
0.104466 0.988475
0.104565 0.988475
0.104664 0.988475
0.104763 0.988475
0.104862 0.988180
0.104961 0.988180
0.105060 0.988180
0.105159 0.988180
0.105258 0.988180
0.105358 0.988180
0.105457 0.988180
0.105556 0.988180
0.105655 0.988180
0.105754 0.988180
0.105853 0.988180
0.105952 0.988180
0.106051 0.988180
0.106150 0.988180
0.106249 0.988180
0.106348 0.988180
0.106447 0.988180
0.106546 0.987884
0.106646 0.987884
0.106745 0.987884
0.106844 0.987884
0.106943 0.987884
0.107042 0.987884
0.107141 0.987884
0.107240 0.987884
0.107339 0.987884
0.107438 0.987884
0.107537 0.987884
0.107636 0.987884
0.107735 0.987884
0.107835 0.987884
0.107934 0.987884
0.108033 0.987884
0.108132 0.987884
0.108231 0.987884
0.108330 0.987884
0.108429 0.987884
0.108528 0.987884
0.108627 0.987884
0.108726 0.987884
0.108825 0.987884
0.108924 0.987884
0.109023 0.987884
0.109123 0.987884
0.109222 0.987589
0.109321 0.987589
0.109420 0.987589
0.109519 0.987589
0.109618 0.987589
0.109717 0.987293
0.109816 0.987293
0.109915 0.987293
0.110014 0.986998
0.110113 0.986998
0.110212 0.986998
0.110312 0.986998
0.110411 0.986702
0.110510 0.986702
0.110609 0.986702
0.110708 0.986702
0.110807 0.986702
0.110906 0.986702
0.111005 0.986702
0.111104 0.986702
0.111203 0.986702
0.111302 0.986407
0.111401 0.986407
0.111500 0.986407
0.111600 0.986407
0.111699 0.986407
0.111798 0.986407
0.111897 0.986407
0.111996 0.986111
0.112095 0.985816
0.112194 0.985816
0.112293 0.985816
0.112392 0.985816
0.112491 0.985816
0.112590 0.985816
0.112689 0.985816
0.112789 0.985816
0.112888 0.985816
0.112987 0.985816
0.113086 0.985816
0.113185 0.985520
0.113284 0.985520
0.113383 0.985520
0.113482 0.985520
0.113581 0.985520
0.113680 0.985520
0.113779 0.985520
0.113878 0.985520
0.113977 0.985520
0.114077 0.985520
0.114176 0.985520
0.114275 0.985520
0.114374 0.985520
0.114473 0.985520
0.114572 0.985520
0.114671 0.985520
0.114770 0.985520
0.114869 0.985520
0.114968 0.985520
0.115067 0.985520
0.115166 0.985520
0.115266 0.985520
0.115365 0.985520
0.115464 0.985520
0.115563 0.985520
0.115662 0.985520
0.115761 0.985520
0.115860 0.985520
0.115959 0.985520
0.116058 0.985520
0.116157 0.985520
0.116256 0.985520
0.116355 0.985520
0.116454 0.985520
0.116554 0.985225
0.116653 0.985225
0.116752 0.985225
0.116851 0.985225
0.116950 0.985225
0.117049 0.985225
0.117148 0.985225
0.117247 0.985225
0.117346 0.985225
0.117445 0.984929
0.117544 0.984929
0.117643 0.984929
0.117743 0.984929
0.117842 0.984929
0.117941 0.984929
0.118040 0.984929
0.118139 0.984929
0.118238 0.984929
0.118337 0.984929
0.118436 0.984929
0.118535 0.984929
0.118634 0.984929
0.118733 0.984929
0.118832 0.984929
0.118931 0.984929
0.119031 0.984929
0.119130 0.984929
0.119229 0.984929
0.119328 0.984929
0.119427 0.984929
0.119526 0.984929
0.119625 0.984929
0.119724 0.984929
0.119823 0.984929
0.119922 0.984929
0.120021 0.984929
0.120120 0.984929
0.120220 0.984929
0.120319 0.984929
0.120418 0.984929
0.120517 0.984929
0.120616 0.984929
0.120715 0.984929
0.120814 0.984929
0.120913 0.984929
0.121012 0.984929
0.121111 0.984929
0.121210 0.984929
0.121309 0.984634
0.121408 0.984634
0.121508 0.984634
0.121607 0.984634
0.121706 0.984634
0.121805 0.984634
0.121904 0.984634
0.122003 0.984634
0.122102 0.984634
0.122201 0.984634
0.122300 0.984634
0.122399 0.984634
0.122498 0.984634
0.122597 0.984634
0.122697 0.984634
0.122796 0.984338
0.122895 0.984338
0.122994 0.984338
0.123093 0.984338
0.123192 0.984338
0.123291 0.984338
0.123390 0.984338
0.123489 0.984338
0.123588 0.984338
0.123687 0.984338
0.123786 0.984338
0.123886 0.984338
0.123985 0.984338
0.124084 0.984338
0.124183 0.984338
0.124282 0.984338
0.124381 0.984338
0.124480 0.984338
0.124579 0.984338
0.124678 0.984338
0.124777 0.984338
0.124876 0.984338
0.124975 0.984338
0.125074 0.984338
0.125174 0.984338
0.125273 0.984338
0.125372 0.984338
0.125471 0.984338
0.125570 0.984338
0.125669 0.984338
0.125768 0.984338
0.125867 0.984338
0.125966 0.984338
0.126065 0.984338
0.126164 0.984338
0.126263 0.984338
0.126363 0.984338
0.126462 0.984338
0.126561 0.984338
0.126660 0.984338
0.126759 0.984338
0.126858 0.984338
0.126957 0.984338
0.127056 0.984338
0.127155 0.984338
0.127254 0.984338
0.127353 0.984338
0.127452 0.984338
0.127551 0.984338
0.127651 0.984338
0.127750 0.984338
0.127849 0.984338
0.127948 0.984338
0.128047 0.984338
0.128146 0.984338
0.128245 0.984043
0.128344 0.984043
0.128443 0.984043
0.128542 0.984043
0.128641 0.984043
0.128740 0.984043
0.128840 0.983747
0.128939 0.983747
0.129038 0.983747
0.129137 0.983747
0.129236 0.983747
0.129335 0.983747
0.129434 0.983747
0.129533 0.983747
0.129632 0.983747
0.129731 0.983747
0.129830 0.983747
0.129929 0.983747
0.130028 0.983747
0.130128 0.983747
0.130227 0.983747
0.130326 0.983747
0.130425 0.983747
0.130524 0.983747
0.130623 0.983747
0.130722 0.983747
0.130821 0.983747
0.130920 0.983747
0.131019 0.983747
0.131118 0.983747
0.131217 0.983747
0.131317 0.983747
0.131416 0.983747
0.131515 0.983747
0.131614 0.983747
0.131713 0.983747
0.131812 0.983747
0.131911 0.983747
0.132010 0.983747
0.132109 0.983747
0.132208 0.983747
0.132307 0.983747
0.132406 0.983747
0.132505 0.983747
0.132605 0.983747
0.132704 0.983747
0.132803 0.983747
0.132902 0.983747
0.133001 0.983747
0.133100 0.983747
0.133199 0.983747
0.133298 0.983747
0.133397 0.983452
0.133496 0.983452
0.133595 0.983452
0.133694 0.983452
0.133794 0.983452
0.133893 0.983452
0.133992 0.983452
0.134091 0.983452
0.134190 0.983452
0.134289 0.983452
0.134388 0.983452
0.134487 0.983452
0.134586 0.983452
0.134685 0.983452
0.134784 0.983156
0.134883 0.983156
0.134982 0.983156
0.135082 0.983156
0.135181 0.983156
0.135280 0.983156
0.135379 0.983156
0.135478 0.983156
0.135577 0.983156
0.135676 0.983156
0.135775 0.982861
0.135874 0.982861
0.135973 0.982861
0.136072 0.982861
0.136171 0.982861
0.136271 0.982861
0.136370 0.982861
0.136469 0.982861
0.136568 0.982861
0.136667 0.982861
0.136766 0.982861
0.136865 0.982861
0.136964 0.982565
0.137063 0.982565
0.137162 0.982565
0.137261 0.982565
0.137360 0.982565
0.137459 0.982565
0.137559 0.982565
0.137658 0.982565
0.137757 0.982565
0.137856 0.982565
0.137955 0.982565
0.138054 0.982270
0.138153 0.982270
0.138252 0.982270
0.138351 0.982270
0.138450 0.982270
0.138549 0.982270
0.138648 0.982270
0.138748 0.982270
0.138847 0.982270
0.138946 0.982270
0.139045 0.982270
0.139144 0.982270
0.139243 0.982270
0.139342 0.982270
0.139441 0.982270
0.139540 0.982270
0.139639 0.982270
0.139738 0.981974
0.139837 0.981974
0.139936 0.981974
0.140036 0.981974
0.140135 0.981974
0.140234 0.981974
0.140333 0.981974
0.140432 0.981974
0.140531 0.981974
0.140630 0.981974
0.140729 0.981974
0.140828 0.981974
0.140927 0.981974
0.141026 0.981974
0.141125 0.981974
0.141225 0.981974
0.141324 0.981974
0.141423 0.981974
0.141522 0.981974
0.141621 0.981974
0.141720 0.981974
0.141819 0.981974
0.141918 0.981974
0.142017 0.981974
0.142116 0.981678
0.142215 0.981678
0.142314 0.981678
0.142413 0.981678
0.142513 0.981678
0.142612 0.981678
0.142711 0.981678
0.142810 0.981678
0.142909 0.981383
0.143008 0.981383
0.143107 0.981383
0.143206 0.981383
0.143305 0.981383
0.143404 0.981383
0.143503 0.981383
0.143602 0.981383
0.143702 0.981383
0.143801 0.981383
0.143900 0.981383
0.143999 0.981383
0.144098 0.981383
0.144197 0.981087
0.144296 0.981087
0.144395 0.981087
0.144494 0.981087
0.144593 0.981087
0.144692 0.981087
0.144791 0.981087
0.144890 0.981087
0.144990 0.980792
0.145089 0.980792
0.145188 0.980792
0.145287 0.980792
0.145386 0.980792
0.145485 0.980792
0.145584 0.980496
0.145683 0.980496
0.145782 0.980496
0.145881 0.980496
0.145980 0.980496
0.146079 0.980496
0.146179 0.980496
0.146278 0.980496
0.146377 0.980496
0.146476 0.980496
0.146575 0.980496
0.146674 0.980496
0.146773 0.980496
0.146872 0.980496
0.146971 0.980496
0.147070 0.980496
0.147169 0.980496
0.147268 0.980496
0.147367 0.980496
0.147467 0.980496
0.147566 0.980496
0.147665 0.980496
0.147764 0.980496
0.147863 0.980496
0.147962 0.980496
0.148061 0.980496
0.148160 0.980496
0.148259 0.980496
0.148358 0.980496
0.148457 0.980496
0.148556 0.980496
0.148656 0.980496
0.148755 0.980496
0.148854 0.980496
0.148953 0.980496
0.149052 0.980496
0.149151 0.980496
0.149250 0.980201
0.149349 0.980201
0.149448 0.980201
0.149547 0.979905
0.149646 0.979905
0.149745 0.979905
0.149844 0.979905
0.149944 0.979905
0.150043 0.979905
0.150142 0.979905
0.150241 0.979905
0.150340 0.979905
0.150439 0.979905
0.150538 0.979905
0.150637 0.979905
0.150736 0.979905
0.150835 0.979905
0.150934 0.979905
0.151033 0.979905
0.151133 0.979905
0.151232 0.979610
0.151331 0.979610
0.151430 0.979610
0.151529 0.979610
0.151628 0.979610
0.151727 0.979610
0.151826 0.979610
0.151925 0.979610
0.152024 0.979610
0.152123 0.979610
0.152222 0.979610
0.152321 0.979610
0.152421 0.979610
0.152520 0.979610
0.152619 0.979610
0.152718 0.979610
0.152817 0.979610
0.152916 0.979610
0.153015 0.979610
0.153114 0.979610
0.153213 0.979610
0.153312 0.979610
0.153411 0.979610
0.153510 0.979610
0.153610 0.979610
0.153709 0.979610
0.153808 0.979610
0.153907 0.979610
0.154006 0.979314
0.154105 0.979019
0.154204 0.979019
0.154303 0.979019
0.154402 0.979019
0.154501 0.979019
0.154600 0.979019
0.154699 0.979019
0.154799 0.979019
0.154898 0.979019
0.154997 0.979019
0.155096 0.979019
0.155195 0.979019
0.155294 0.979019
0.155393 0.979019
0.155492 0.979019
0.155591 0.979019
0.155690 0.979019
0.155789 0.979019
0.155888 0.979019
0.155987 0.978723
0.156087 0.978723
0.156186 0.978723
0.156285 0.978723
0.156384 0.978723
0.156483 0.978723
0.156582 0.978723
0.156681 0.978723
0.156780 0.978723
0.156879 0.978723
0.156978 0.978723
0.157077 0.978723
0.157176 0.978723
0.157276 0.978723
0.157375 0.978428
0.157474 0.978132
0.157573 0.978132
0.157672 0.978132
0.157771 0.978132
0.157870 0.978132
0.157969 0.978132
0.158068 0.978132
0.158167 0.978132
0.158266 0.978132
0.158365 0.978132
0.158464 0.978132
0.158564 0.978132
0.158663 0.978132
0.158762 0.978132
0.158861 0.978132
0.158960 0.978132
0.159059 0.978132
0.159158 0.977837
0.159257 0.977837
0.159356 0.977837
0.159455 0.977837
0.159554 0.977837
0.159653 0.977837
0.159753 0.977837
0.159852 0.977837
0.159951 0.977837
0.160050 0.977837
0.160149 0.977837
0.160248 0.977837
0.160347 0.977837
0.160446 0.977837
0.160545 0.977837
0.160644 0.977837
0.160743 0.977837
0.160842 0.977837
0.160941 0.977837
0.161041 0.977837
0.161140 0.977837
0.161239 0.977837
0.161338 0.977837
0.161437 0.977837
0.161536 0.977837
0.161635 0.977837
0.161734 0.977837
0.161833 0.977837
0.161932 0.977837
0.162031 0.977837
0.162130 0.977837
0.162230 0.977837
0.162329 0.977837
0.162428 0.977837
0.162527 0.977837
0.162626 0.977837
0.162725 0.977837
0.162824 0.977541
0.162923 0.977541
0.163022 0.977541
0.163121 0.977541
0.163220 0.977541
0.163319 0.977246
0.163418 0.977246
0.163518 0.977246
0.163617 0.977246
0.163716 0.977246
0.163815 0.977246
0.163914 0.977246
0.164013 0.976950
0.164112 0.976950
0.164211 0.976950
0.164310 0.976950
0.164409 0.976950
0.164508 0.976950
0.164607 0.976950
0.164707 0.976950
0.164806 0.976950
0.164905 0.976950
0.165004 0.976655
0.165103 0.976655
0.165202 0.976655
0.165301 0.976655
0.165400 0.976655
0.165499 0.976655
0.165598 0.976655
0.165697 0.976655
0.165796 0.976359
0.165895 0.976359
0.165995 0.976359
0.166094 0.976359
0.166193 0.976359
0.166292 0.976359
0.166391 0.976359
0.166490 0.976359
0.166589 0.976359
0.166688 0.976359
0.166787 0.976359
0.166886 0.976359
0.166985 0.976359
0.167084 0.976359
0.167184 0.976359
0.167283 0.976359
0.167382 0.976359
0.167481 0.976359
0.167580 0.976359
0.167679 0.976359
0.167778 0.976359
0.167877 0.976359
0.167976 0.976359
0.168075 0.976359
0.168174 0.976359
0.168273 0.976064
0.168372 0.976064
0.168472 0.976064
0.168571 0.976064
0.168670 0.976064
0.168769 0.976064
0.168868 0.976064
0.168967 0.976064
0.169066 0.976064
0.169165 0.976064
0.169264 0.976064
0.169363 0.975768
0.169462 0.975768
0.169561 0.975473
0.169661 0.975473
0.169760 0.975473
0.169859 0.975473
0.169958 0.975473
0.170057 0.975473
0.170156 0.975473
0.170255 0.975473
0.170354 0.975473
0.170453 0.975473
0.170552 0.975473
0.170651 0.975473
0.170750 0.975473
0.170849 0.975473
0.170949 0.975473
0.171048 0.975177
0.171147 0.975177
0.171246 0.975177
0.171345 0.975177
0.171444 0.974882
0.171543 0.974882
0.171642 0.974882
0.171741 0.974882
0.171840 0.974586
0.171939 0.974586
0.172038 0.974291
0.172138 0.974291
0.172237 0.974291
0.172336 0.974291
0.172435 0.974291
0.172534 0.974291
0.172633 0.974291
0.172732 0.974291
0.172831 0.974291
0.172930 0.973995
0.173029 0.973995
0.173128 0.973995
0.173227 0.973995
0.173326 0.973995
0.173426 0.973995
0.173525 0.973995
0.173624 0.973995
0.173723 0.973995
0.173822 0.973995
0.173921 0.973995
0.174020 0.973700
0.174119 0.973700
0.174218 0.973700
0.174317 0.973700
0.174416 0.973700
0.174515 0.973700
0.174615 0.973700
0.174714 0.973700
0.174813 0.973404
0.174912 0.973109
0.175011 0.973109
0.175110 0.973109
0.175209 0.973109
0.175308 0.973109
0.175407 0.973109
0.175506 0.973109
0.175605 0.973109
0.175704 0.973109
0.175803 0.973109
0.175903 0.973109
0.176002 0.973109
0.176101 0.973109
0.176200 0.973109
0.176299 0.973109
0.176398 0.973109
0.176497 0.973109
0.176596 0.973109
0.176695 0.973109
0.176794 0.973109
0.176893 0.972813
0.176992 0.972813
0.177092 0.972813
0.177191 0.972813
0.177290 0.972813
0.177389 0.972813
0.177488 0.972813
0.177587 0.972813
0.177686 0.972813
0.177785 0.972813
0.177884 0.972813
0.177983 0.972813
0.178082 0.972813
0.178181 0.972813
0.178280 0.972813
0.178380 0.972813
0.178479 0.972813
0.178578 0.972813
0.178677 0.972813
0.178776 0.972813
0.178875 0.972813
0.178974 0.972813
0.179073 0.972813
0.179172 0.972813
0.179271 0.972813
0.179370 0.972813
0.179469 0.972813
0.179569 0.972813
0.179668 0.972518
0.179767 0.972518
0.179866 0.972518
0.179965 0.972518
0.180064 0.972518
0.180163 0.972518
0.180262 0.972518
0.180361 0.972518
0.180460 0.972518
0.180559 0.972518
0.180658 0.972518
0.180757 0.972518
0.180857 0.972518
0.180956 0.972518
0.181055 0.972518
0.181154 0.972222
0.181253 0.972222
0.181352 0.972222
0.181451 0.971927
0.181550 0.971927
0.181649 0.971927
0.181748 0.971927
0.181847 0.971927
0.181946 0.971927
0.182046 0.971927
0.182145 0.971927
0.182244 0.971927
0.182343 0.971927
0.182442 0.971927
0.182541 0.971927
0.182640 0.971927
0.182739 0.971927
0.182838 0.971631
0.182937 0.971631
0.183036 0.971631
0.183135 0.971631
0.183234 0.971336
0.183334 0.971336
0.183433 0.971040
0.183532 0.971040
0.183631 0.971040
0.183730 0.971040
0.183829 0.971040
0.183928 0.971040
0.184027 0.971040
0.184126 0.971040
0.184225 0.971040
0.184324 0.971040
0.184423 0.971040
0.184523 0.971040
0.184622 0.971040
0.184721 0.971040
0.184820 0.971040
0.184919 0.971040
0.185018 0.971040
0.185117 0.971040
0.185216 0.971040
0.185315 0.971040
0.185414 0.971040
0.185513 0.971040
0.185612 0.970745
0.185712 0.970745
0.185811 0.970745
0.185910 0.970745
0.186009 0.970745
0.186108 0.970745
0.186207 0.970745
0.186306 0.970745
0.186405 0.970745
0.186504 0.970745
0.186603 0.970745
0.186702 0.970745
0.186801 0.970745
0.186900 0.970745
0.187000 0.970745
0.187099 0.970745
0.187198 0.970745
0.187297 0.970745
0.187396 0.970745
0.187495 0.970745
0.187594 0.970745
0.187693 0.970745
0.187792 0.970745
0.187891 0.970745
0.187990 0.970745
0.188089 0.970745
0.188189 0.970745
0.188288 0.970449
0.188387 0.970449
0.188486 0.970449
0.188585 0.970154
0.188684 0.970154
0.188783 0.970154
0.188882 0.970154
0.188981 0.970154
0.189080 0.970154
0.189179 0.970154
0.189278 0.970154
0.189377 0.969858
0.189477 0.969858
0.189576 0.969858
0.189675 0.969858
0.189774 0.969858
0.189873 0.969858
0.189972 0.969858
0.190071 0.969858
0.190170 0.969858
0.190269 0.969563
0.190368 0.969563
0.190467 0.969563
0.190566 0.969563
0.190666 0.969563
0.190765 0.969563
0.190864 0.969563
0.190963 0.969563
0.191062 0.969267
0.191161 0.968972
0.191260 0.968972
0.191359 0.968972
0.191458 0.968972
0.191557 0.968972
0.191656 0.968972
0.191755 0.968972
0.191854 0.968972
0.191954 0.968972
0.192053 0.968972
0.192152 0.968972
0.192251 0.968972
0.192350 0.968972
0.192449 0.968676
0.192548 0.968676
0.192647 0.968676
0.192746 0.968381
0.192845 0.968381
0.192944 0.968085
0.193043 0.967790
0.193143 0.967790
0.193242 0.967790
0.193341 0.967790
0.193440 0.967790
0.193539 0.967790
0.193638 0.967790
0.193737 0.967790
0.193836 0.967790
0.193935 0.967494
0.194034 0.966903
0.194133 0.966608
0.194232 0.966608
0.194331 0.966608
0.194431 0.966608
0.194530 0.966312
0.194629 0.966312
0.194728 0.966312
0.194827 0.966312
0.194926 0.966312
0.195025 0.966312
0.195124 0.966312
0.195223 0.966312
0.195322 0.966312
0.195421 0.966312
0.195520 0.966312
0.195620 0.966312
0.195719 0.966017
0.195818 0.966017
0.195917 0.966017
0.196016 0.966017
0.196115 0.966017
0.196214 0.966017
0.196313 0.966017
0.196412 0.965721
0.196511 0.965721
0.196610 0.965721
0.196709 0.965721
0.196808 0.965721
0.196908 0.965721
0.197007 0.965721
0.197106 0.965721
0.197205 0.965426
0.197304 0.965426
0.197403 0.965426
0.197502 0.965426
0.197601 0.965426
0.197700 0.965426
0.197799 0.965426
0.197898 0.965426
0.197997 0.965426
0.198097 0.965426
0.198196 0.965426
0.198295 0.965130
0.198394 0.965130
0.198493 0.965130
0.198592 0.965130
0.198691 0.965130
0.198790 0.965130
0.198889 0.965130
0.198988 0.965130
0.199087 0.965130
0.199186 0.965130
0.199285 0.965130
0.199385 0.964835
0.199484 0.964835
0.199583 0.964835
0.199682 0.964835
0.199781 0.964835
0.199880 0.964835
0.199979 0.964835
0.200078 0.964835
0.200177 0.964835
0.200276 0.964835
0.200375 0.964835
0.200474 0.964835
0.200574 0.964835
0.200673 0.964835
0.200772 0.964835
0.200871 0.964835
0.200970 0.964835
0.201069 0.964835
0.201168 0.964835
0.201267 0.964835
0.201366 0.964835
0.201465 0.964835
0.201564 0.964835
0.201663 0.964835
0.201762 0.964539
0.201862 0.964539
0.201961 0.964539
0.202060 0.964539
0.202159 0.964539
0.202258 0.964539
0.202357 0.964539
0.202456 0.964243
0.202555 0.964243
0.202654 0.964243
0.202753 0.964243
0.202852 0.963948
0.202951 0.963357
0.203051 0.963357
0.203150 0.963357
0.203249 0.963357
0.203348 0.963357
0.203447 0.963357
0.203546 0.963357
0.203645 0.963357
0.203744 0.963357
0.203843 0.963357
0.203942 0.963061
0.204041 0.963061
0.204140 0.963061
0.204239 0.963061
0.204339 0.963061
0.204438 0.963061
0.204537 0.963061
0.204636 0.963061
0.204735 0.963061
0.204834 0.963061
0.204933 0.963061
0.205032 0.963061
0.205131 0.963061
0.205230 0.963061
0.205329 0.963061
0.205428 0.963061
0.205528 0.962766
0.205627 0.962766
0.205726 0.962766
0.205825 0.962766
0.205924 0.962470
0.206023 0.962175
0.206122 0.962175
0.206221 0.962175
0.206320 0.962175
0.206419 0.962175
0.206518 0.961879
0.206617 0.961879
0.206716 0.961879
0.206816 0.961879
0.206915 0.961879
0.207014 0.961879
0.207113 0.961879
0.207212 0.961879
0.207311 0.961879
0.207410 0.961879
0.207509 0.961879
0.207608 0.961879
0.207707 0.961879
0.207806 0.961879
0.207905 0.961879
0.208005 0.961584
0.208104 0.961584
0.208203 0.961584
0.208302 0.961584
0.208401 0.961584
0.208500 0.961584
0.208599 0.961584
0.208698 0.961584
0.208797 0.961584
0.208896 0.961584
0.208995 0.961288
0.209094 0.961288
0.209193 0.961288
0.209293 0.961288
0.209392 0.961288
0.209491 0.961288
0.209590 0.961288
0.209689 0.961288
0.209788 0.961288
0.209887 0.961288
0.209986 0.961288
0.210085 0.961288
0.210184 0.961288
0.210283 0.961288
0.210382 0.961288
0.210482 0.961288
0.210581 0.961288
0.210680 0.961288
0.210779 0.961288
0.210878 0.961288
0.210977 0.961288
0.211076 0.960993
0.211175 0.960697
0.211274 0.960697
0.211373 0.960697
0.211472 0.960697
0.211571 0.960697
0.211670 0.960697
0.211770 0.960697
0.211869 0.960697
0.211968 0.960697
0.212067 0.960697
0.212166 0.960697
0.212265 0.960697
0.212364 0.960697
0.212463 0.960697
0.212562 0.960402
0.212661 0.960402
0.212760 0.960402
0.212859 0.960402
0.212959 0.960402
0.213058 0.960402
0.213157 0.960402
0.213256 0.960402
0.213355 0.960402
0.213454 0.960402
0.213553 0.960402
0.213652 0.960402
0.213751 0.960402
0.213850 0.960402
0.213949 0.960402
0.214048 0.960106
0.214147 0.960106
0.214247 0.960106
0.214346 0.960106
0.214445 0.959811
0.214544 0.959811
0.214643 0.959811
0.214742 0.959811
0.214841 0.959515
0.214940 0.959515
0.215039 0.959515
0.215138 0.959515
0.215237 0.959515
0.215336 0.959515
0.215436 0.959515
0.215535 0.959515
0.215634 0.959515
0.215733 0.959515
0.215832 0.959515
0.215931 0.959515
0.216030 0.959515
0.216129 0.959515
0.216228 0.959515
0.216327 0.959515
0.216426 0.959515
0.216525 0.959515
0.216624 0.959220
0.216724 0.959220
0.216823 0.959220
0.216922 0.959220
0.217021 0.959220
0.217120 0.959220
0.217219 0.958924
0.217318 0.958924
0.217417 0.958924
0.217516 0.958924
0.217615 0.958924
0.217714 0.958924
0.217813 0.958924
0.217913 0.958924
0.218012 0.958629
0.218111 0.958629
0.218210 0.958629
0.218309 0.958629
0.218408 0.958629
0.218507 0.958629
0.218606 0.958629
0.218705 0.958333
0.218804 0.958038
0.218903 0.958038
0.219002 0.958038
0.219102 0.958038
0.219201 0.958038
0.219300 0.958038
0.219399 0.958038
0.219498 0.958038
0.219597 0.957742
0.219696 0.957742
0.219795 0.957742
0.219894 0.957742
0.219993 0.957742
0.220092 0.957742
0.220191 0.957742
0.220290 0.957447
0.220390 0.957447
0.220489 0.957447
0.220588 0.957447
0.220687 0.957151
0.220786 0.957151
0.220885 0.957151
0.220984 0.957151
0.221083 0.957151
0.221182 0.956856
0.221281 0.956856
0.221380 0.956856
0.221479 0.956856
0.221579 0.956856
0.221678 0.956856
0.221777 0.956856
0.221876 0.956856
0.221975 0.956856
0.222074 0.956856
0.222173 0.956856
0.222272 0.956856
0.222371 0.956856
0.222470 0.956856
0.222569 0.956560
0.222668 0.956560
0.222767 0.956560
0.222867 0.956265
0.222966 0.956265
0.223065 0.956265
0.223164 0.956265
0.223263 0.956265
0.223362 0.956265
0.223461 0.956265
0.223560 0.956265
0.223659 0.956265
0.223758 0.956265
0.223857 0.956265
0.223956 0.956265
0.224056 0.956265
0.224155 0.956265
0.224254 0.956265
0.224353 0.956265
0.224452 0.956265
0.224551 0.956265
0.224650 0.956265
0.224749 0.956265
0.224848 0.956265
0.224947 0.956265
0.225046 0.956265
0.225145 0.956265
0.225244 0.956265
0.225344 0.956265
0.225443 0.956265
0.225542 0.956265
0.225641 0.956265
0.225740 0.956265
0.225839 0.956265
0.225938 0.956265
0.226037 0.956265
0.226136 0.956265
0.226235 0.956265
0.226334 0.956265
0.226433 0.956265
0.226533 0.956265
0.226632 0.956265
0.226731 0.956265
0.226830 0.956265
0.226929 0.956265
0.227028 0.956265
0.227127 0.955674
0.227226 0.955674
0.227325 0.955378
0.227424 0.955083
0.227523 0.954787
0.227622 0.954787
0.227721 0.954787
0.227821 0.954787
0.227920 0.954787
0.228019 0.954787
0.228118 0.954492
0.228217 0.954492
0.228316 0.954492
0.228415 0.954492
0.228514 0.954492
0.228613 0.954492
0.228712 0.954492
0.228811 0.954492
0.228910 0.954492
0.229010 0.954492
0.229109 0.954492
0.229208 0.954492
0.229307 0.954492
0.229406 0.954196
0.229505 0.954196
0.229604 0.954196
0.229703 0.954196
0.229802 0.954196
0.229901 0.954196
0.230000 0.954196
0.230099 0.954196
0.230198 0.954196
0.230298 0.954196
0.230397 0.954196
0.230496 0.954196
0.230595 0.954196
0.230694 0.953901
0.230793 0.953901
0.230892 0.953901
0.230991 0.953901
0.231090 0.953901
0.231189 0.953901
0.231288 0.953901
0.231387 0.953605
0.231487 0.953605
0.231586 0.953605
0.231685 0.953605
0.231784 0.953310
0.231883 0.953014
0.231982 0.953014
0.232081 0.953014
0.232180 0.953014
0.232279 0.953014
0.232378 0.953014
0.232477 0.953014
0.232576 0.952423
0.232675 0.952423
0.232775 0.952423
0.232874 0.952423
0.232973 0.952423
0.233072 0.952423
0.233171 0.952423
0.233270 0.952423
0.233369 0.952423
0.233468 0.952423
0.233567 0.952423
0.233666 0.952423
0.233765 0.952423
0.233864 0.952128
0.233964 0.952128
0.234063 0.952128
0.234162 0.952128
0.234261 0.952128
0.234360 0.951832
0.234459 0.951832
0.234558 0.951832
0.234657 0.951537
0.234756 0.951537
0.234855 0.951241
0.234954 0.951241
0.235053 0.951241
0.235152 0.951241
0.235252 0.951241
0.235351 0.951241
0.235450 0.950946
0.235549 0.950946
0.235648 0.950946
0.235747 0.950946
0.235846 0.950946
0.235945 0.950946
0.236044 0.950946
0.236143 0.950946
0.236242 0.950946
0.236341 0.950946
0.236441 0.950946
0.236540 0.950946
0.236639 0.950946
0.236738 0.950946
0.236837 0.950946
0.236936 0.950946
0.237035 0.950946
0.237134 0.950946
0.237233 0.950946
0.237332 0.950946
0.237431 0.950946
0.237530 0.950946
0.237629 0.950946
0.237729 0.950946
0.237828 0.950946
0.237927 0.950946
0.238026 0.950946
0.238125 0.950946
0.238224 0.950946
0.238323 0.950946
0.238422 0.950946
0.238521 0.950946
0.238620 0.950946
0.238719 0.950946
0.238818 0.950946
0.238918 0.950946
0.239017 0.950946
0.239116 0.950946
0.239215 0.950946
0.239314 0.950946
0.239413 0.950946
0.239512 0.950946
0.239611 0.950946
0.239710 0.950650
0.239809 0.950650
0.239908 0.950650
0.240007 0.950650
0.240106 0.950650
0.240206 0.950650
0.240305 0.950650
0.240404 0.950355
0.240503 0.950355
0.240602 0.950355
0.240701 0.950059
0.240800 0.949764
0.240899 0.949468
0.240998 0.948877
0.241097 0.948877
0.241196 0.948877
0.241295 0.948877
0.241395 0.948877
0.241494 0.948877
0.241593 0.948877
0.241692 0.948877
0.241791 0.948582
0.241890 0.948582
0.241989 0.948582
0.242088 0.948582
0.242187 0.948582
0.242286 0.948582
0.242385 0.948582
0.242484 0.948582
0.242583 0.948582
0.242683 0.948582
0.242782 0.948582
0.242881 0.948582
0.242980 0.948582
0.243079 0.948582
0.243178 0.948582
0.243277 0.948582
0.243376 0.948582
0.243475 0.948582
0.243574 0.948582
0.243673 0.948582
0.243772 0.948582
0.243872 0.948582
0.243971 0.948582
0.244070 0.948286
0.244169 0.948286
0.244268 0.948286
0.244367 0.948286
0.244466 0.947991
0.244565 0.947695
0.244664 0.947695
0.244763 0.947695
0.244862 0.947695
0.244961 0.947695
0.245060 0.947695
0.245160 0.947695
0.245259 0.947695
0.245358 0.947695
0.245457 0.947695
0.245556 0.947695
0.245655 0.947695
0.245754 0.947695
0.245853 0.947695
0.245952 0.947695
0.246051 0.947695
0.246150 0.947695
0.246249 0.947695
0.246349 0.947695
0.246448 0.947695
0.246547 0.947695
0.246646 0.947695
0.246745 0.947695
0.246844 0.947695
0.246943 0.947695
0.247042 0.947695
0.247141 0.947695
0.247240 0.947695
0.247339 0.947695
0.247438 0.947695
0.247537 0.947400
0.247637 0.947400
0.247736 0.947400
0.247835 0.947104
0.247934 0.947104
0.248033 0.947104
0.248132 0.947104
0.248231 0.947104
0.248330 0.947104
0.248429 0.947104
0.248528 0.947104
0.248627 0.947104
0.248726 0.947104
0.248826 0.947104
0.248925 0.947104
0.249024 0.947104
0.249123 0.947104
0.249222 0.947104
0.249321 0.947104
0.249420 0.947104
0.249519 0.947104
0.249618 0.947104
0.249717 0.947104
0.249816 0.947104
0.249915 0.946809
0.250015 0.946809
0.250114 0.946809
0.250213 0.946809
0.250312 0.946809
0.250411 0.946809
0.250510 0.946809
0.250609 0.946809
0.250708 0.946809
0.250807 0.946809
0.250906 0.946809
0.251005 0.946809
0.251104 0.946809
0.251203 0.946809
0.251303 0.946809
0.251402 0.946513
0.251501 0.946513
0.251600 0.946513
0.251699 0.946513
0.251798 0.946217
0.251897 0.946217
0.251996 0.946217
0.252095 0.946217
0.252194 0.946217
0.252293 0.946217
0.252392 0.946217
0.252492 0.946217
0.252591 0.946217
0.252690 0.946217
0.252789 0.946217
0.252888 0.946217
0.252987 0.946217
0.253086 0.946217
0.253185 0.946217
0.253284 0.946217
0.253383 0.946217
0.253482 0.946217
0.253581 0.946217
0.253680 0.946217
0.253780 0.946217
0.253879 0.946217
0.253978 0.946217
0.254077 0.946217
0.254176 0.946217
0.254275 0.946217
0.254374 0.946217
0.254473 0.946217
0.254572 0.946217
0.254671 0.946217
0.254770 0.946217
0.254869 0.945626
0.254969 0.945626
0.255068 0.945626
0.255167 0.945626
0.255266 0.945626
0.255365 0.945331
0.255464 0.945331
0.255563 0.945331
0.255662 0.945331
0.255761 0.945035
0.255860 0.945035
0.255959 0.944740
0.256058 0.944740
0.256157 0.944740
0.256257 0.944740
0.256356 0.944740
0.256455 0.944740
0.256554 0.944444
0.256653 0.944444
0.256752 0.944444
0.256851 0.944444
0.256950 0.944444
0.257049 0.944444
0.257148 0.944444
0.257247 0.944444
0.257346 0.944444
0.257446 0.944444
0.257545 0.943853
0.257644 0.943853
0.257743 0.943558
0.257842 0.943558
0.257941 0.943558
0.258040 0.943558
0.258139 0.943558
0.258238 0.943558
0.258337 0.943558
0.258436 0.943558
0.258535 0.943558
0.258634 0.943558
0.258734 0.943558
0.258833 0.943558
0.258932 0.943558
0.259031 0.943558
0.259130 0.943262
0.259229 0.943262
0.259328 0.943262
0.259427 0.943262
0.259526 0.943262
0.259625 0.943262
0.259724 0.943262
0.259823 0.943262
0.259923 0.943262
0.260022 0.943262
0.260121 0.943262
0.260220 0.942967
0.260319 0.942967
0.260418 0.942967
0.260517 0.942671
0.260616 0.942671
0.260715 0.942671
0.260814 0.942671
0.260913 0.942671
0.261012 0.942671
0.261111 0.942671
0.261211 0.942671
0.261310 0.942671
0.261409 0.942671
0.261508 0.942671
0.261607 0.942671
0.261706 0.942671
0.261805 0.942671
0.261904 0.942671
0.262003 0.942671
0.262102 0.942671
0.262201 0.942671
0.262300 0.942671
0.262400 0.942671
0.262499 0.942671
0.262598 0.942671
0.262697 0.942671
0.262796 0.942671
0.262895 0.942671
0.262994 0.942671
0.263093 0.942671
0.263192 0.942671
0.263291 0.942376
0.263390 0.942376
0.263489 0.942376
0.263588 0.942376
0.263688 0.942376
0.263787 0.942376
0.263886 0.942080
0.263985 0.942080
0.264084 0.941785
0.264183 0.941785
0.264282 0.941785
0.264381 0.941785
0.264480 0.941489
0.264579 0.940898
0.264678 0.940898
0.264777 0.940898
0.264877 0.940898
0.264976 0.940898
0.265075 0.940603
0.265174 0.940603
0.265273 0.940603
0.265372 0.940603
0.265471 0.940603
0.265570 0.940307
0.265669 0.940307
0.265768 0.940307
0.265867 0.940307
0.265966 0.940307
0.266065 0.940307
0.266165 0.940307
0.266264 0.940307
0.266363 0.940307
0.266462 0.940307
0.266561 0.940307
0.266660 0.940012
0.266759 0.940012
0.266858 0.940012
0.266957 0.940012
0.267056 0.940012
0.267155 0.940012
0.267254 0.940012
0.267354 0.939716
0.267453 0.939716
0.267552 0.939716
0.267651 0.939716
0.267750 0.939716
0.267849 0.939716
0.267948 0.939421
0.268047 0.939421
0.268146 0.939421
0.268245 0.939421
0.268344 0.939421
0.268443 0.939421
0.268542 0.939421
0.268642 0.939421
0.268741 0.939421
0.268840 0.939421
0.268939 0.939421
0.269038 0.939421
0.269137 0.939421
0.269236 0.939421
0.269335 0.939421
0.269434 0.939125
0.269533 0.939125
0.269632 0.939125
0.269731 0.939125
0.269831 0.939125
0.269930 0.939125
0.270029 0.939125
0.270128 0.939125
0.270227 0.939125
0.270326 0.938830
0.270425 0.938830
0.270524 0.938830
0.270623 0.938830
0.270722 0.938830
0.270821 0.938830
0.270920 0.938830
0.271019 0.938830
0.271119 0.938830
0.271218 0.938830
0.271317 0.938830
0.271416 0.938830
0.271515 0.938534
0.271614 0.938534
0.271713 0.938534
0.271812 0.938534
0.271911 0.938239
0.272010 0.938239
0.272109 0.938239
0.272208 0.938239
0.272308 0.938239
0.272407 0.938239
0.272506 0.938239
0.272605 0.938239
0.272704 0.937943
0.272803 0.937943
0.272902 0.937648
0.273001 0.937648
0.273100 0.937648
0.273199 0.937648
0.273298 0.937648
0.273397 0.937648
0.273496 0.937648
0.273596 0.937648
0.273695 0.937648
0.273794 0.937648
0.273893 0.937352
0.273992 0.937352
0.274091 0.937352
0.274190 0.937352
0.274289 0.937352
0.274388 0.937352
0.274487 0.937352
0.274586 0.937352
0.274685 0.937352
0.274785 0.937352
0.274884 0.937352
0.274983 0.937352
0.275082 0.937352
0.275181 0.937352
0.275280 0.937057
0.275379 0.937057
0.275478 0.937057
0.275577 0.937057
0.275676 0.937057
0.275775 0.936761
0.275874 0.936761
0.275973 0.936761
0.276073 0.936761
0.276172 0.936761
0.276271 0.936466
0.276370 0.935875
0.276469 0.935875
0.276568 0.935875
0.276667 0.935875
0.276766 0.935875
0.276865 0.935875
0.276964 0.935875
0.277063 0.935875
0.277162 0.935875
0.277262 0.935875
0.277361 0.935875
0.277460 0.935875
0.277559 0.935875
0.277658 0.935875
0.277757 0.935875
0.277856 0.935875
0.277955 0.935875
0.278054 0.935579
0.278153 0.935579
0.278252 0.935579
0.278351 0.935579
0.278450 0.935579
0.278550 0.935284
0.278649 0.935284
0.278748 0.935284
0.278847 0.934988
0.278946 0.934988
0.279045 0.934988
0.279144 0.934988
0.279243 0.934988
0.279342 0.934988
0.279441 0.934988
0.279540 0.934988
0.279639 0.934988
0.279739 0.934988
0.279838 0.934988
0.279937 0.934988
0.280036 0.934988
0.280135 0.934693
0.280234 0.934693
0.280333 0.934693
0.280432 0.934102
0.280531 0.934102
0.280630 0.934102
0.280729 0.934102
0.280828 0.933806
0.280928 0.933806
0.281027 0.933806
0.281126 0.933806
0.281225 0.933806
0.281324 0.933806
0.281423 0.933806
0.281522 0.933806
0.281621 0.933806
0.281720 0.933806
0.281819 0.933806
0.281918 0.933806
0.282017 0.933511
0.282116 0.933511
0.282216 0.933511
0.282315 0.933511
0.282414 0.933511
0.282513 0.933511
0.282612 0.933511
0.282711 0.933511
0.282810 0.933511
0.282909 0.933511
0.283008 0.933215
0.283107 0.933215
0.283206 0.932920
0.283305 0.932624
0.283405 0.932624
0.283504 0.932329
0.283603 0.931442
0.283702 0.931442
0.283801 0.931442
0.283900 0.931442
0.283999 0.931442
0.284098 0.931442
0.284197 0.930851
0.284296 0.930851
0.284395 0.930851
0.284494 0.930556
0.284593 0.930556
0.284693 0.930260
0.284792 0.930260
0.284891 0.929965
0.284990 0.929669
0.285089 0.929374
0.285188 0.929374
0.285287 0.929374
0.285386 0.929374
0.285485 0.929374
0.285584 0.929374
0.285683 0.929078
0.285782 0.928783
0.285882 0.928783
0.285981 0.928783
0.286080 0.928783
0.286179 0.928783
0.286278 0.927896
0.286377 0.927896
0.286476 0.927896
0.286575 0.927896
0.286674 0.927896
0.286773 0.927896
0.286872 0.927896
0.286971 0.927896
0.287070 0.927896
0.287170 0.927600
0.287269 0.927600
0.287368 0.927600
0.287467 0.927600
0.287566 0.927600
0.287665 0.927600
0.287764 0.927600
0.287863 0.927600
0.287962 0.927600
0.288061 0.927600
0.288160 0.927600
0.288259 0.927600
0.288359 0.927600
0.288458 0.927600
0.288557 0.927600
0.288656 0.927600
0.288755 0.927600
0.288854 0.927600
0.288953 0.927600
0.289052 0.927600
0.289151 0.927600
0.289250 0.927600
0.289349 0.927600
0.289448 0.927600
0.289547 0.927600
0.289647 0.927600
0.289746 0.927600
0.289845 0.927305
0.289944 0.927305
0.290043 0.927305
0.290142 0.927305
0.290241 0.927009
0.290340 0.927009
0.290439 0.926714
0.290538 0.926714
0.290637 0.926714
0.290736 0.926714
0.290836 0.926418
0.290935 0.926418
0.291034 0.926123
0.291133 0.926123
0.291232 0.926123
0.291331 0.926123
0.291430 0.926123
0.291529 0.926123
0.291628 0.926123
0.291727 0.926123
0.291826 0.926123
0.291925 0.926123
0.292024 0.925827
0.292124 0.925532
0.292223 0.925236
0.292322 0.925236
0.292421 0.924941
0.292520 0.924941
0.292619 0.924941
0.292718 0.924941
0.292817 0.924350
0.292916 0.924350
0.293015 0.924350
0.293114 0.924350
0.293213 0.924350
0.293313 0.924054
0.293412 0.924054
0.293511 0.924054
0.293610 0.924054
0.293709 0.924054
0.293808 0.924054
0.293907 0.924054
0.294006 0.924054
0.294105 0.923759
0.294204 0.923759
0.294303 0.923759
0.294402 0.923759
0.294501 0.923759
0.294601 0.923759
0.294700 0.923759
0.294799 0.923759
0.294898 0.923759
0.294997 0.923759
0.295096 0.923759
0.295195 0.923759
0.295294 0.923759
0.295393 0.923759
0.295492 0.923759
0.295591 0.923759
0.295690 0.923759
0.295790 0.923463
0.295889 0.923463
0.295988 0.923463
0.296087 0.923463
0.296186 0.923463
0.296285 0.923463
0.296384 0.923168
0.296483 0.923168
0.296582 0.922872
0.296681 0.922872
0.296780 0.922872
0.296879 0.922872
0.296978 0.922577
0.297078 0.922577
0.297177 0.922577
0.297276 0.921986
0.297375 0.921986
0.297474 0.921986
0.297573 0.921986
0.297672 0.921986
0.297771 0.921395
0.297870 0.921395
0.297969 0.921395
0.298068 0.921395
0.298167 0.921395
0.298267 0.921395
0.298366 0.921395
0.298465 0.921395
0.298564 0.921395
0.298663 0.921099
0.298762 0.921099
0.298861 0.921099
0.298960 0.921099
0.299059 0.921099
0.299158 0.921099
0.299257 0.921099
0.299356 0.921099
0.299455 0.921099
0.299555 0.921099
0.299654 0.921099
0.299753 0.920804
0.299852 0.920804
0.299951 0.920508
0.300050 0.919917
0.300149 0.919917
0.300248 0.919917
0.300347 0.919917
0.300446 0.919917
0.300545 0.919622
0.300644 0.919622
0.300744 0.919622
0.300843 0.919622
0.300942 0.919622
0.301041 0.919622
0.301140 0.919326
0.301239 0.919326
0.301338 0.919326
0.301437 0.919326
0.301536 0.919326
0.301635 0.919031
0.301734 0.918735
0.301833 0.918735
0.301932 0.918735
0.302032 0.918735
0.302131 0.918440
0.302230 0.918440
0.302329 0.918440
0.302428 0.918440
0.302527 0.918440
0.302626 0.918144
0.302725 0.918144
0.302824 0.918144
0.302923 0.918144
0.303022 0.917849
0.303121 0.917849
0.303221 0.917553
0.303320 0.917553
0.303419 0.917553
0.303518 0.917553
0.303617 0.917553
0.303716 0.917553
0.303815 0.917553
0.303914 0.917553
0.304013 0.917553
0.304112 0.917553
0.304211 0.917553
0.304310 0.917553
0.304409 0.917553
0.304509 0.917553
0.304608 0.917553
0.304707 0.917553
0.304806 0.917553
0.304905 0.917553
0.305004 0.917553
0.305103 0.917258
0.305202 0.917258
0.305301 0.917258
0.305400 0.917258
0.305499 0.917258
0.305598 0.917258
0.305698 0.916667
0.305797 0.916667
0.305896 0.916667
0.305995 0.916667
0.306094 0.916667
0.306193 0.916371
0.306292 0.916076
0.306391 0.916076
0.306490 0.916076
0.306589 0.915780
0.306688 0.915780
0.306787 0.915780
0.306886 0.915780
0.306986 0.915780
0.307085 0.915780
0.307184 0.915780
0.307283 0.915780
0.307382 0.915780
0.307481 0.915780
0.307580 0.915485
0.307679 0.915485
0.307778 0.915485
0.307877 0.915485
0.307976 0.915485
0.308075 0.915189
0.308175 0.915189
0.308274 0.914894
0.308373 0.914894
0.308472 0.914894
0.308571 0.914894
0.308670 0.914894
0.308769 0.914894
0.308868 0.914894
0.308967 0.914598
0.309066 0.914598
0.309165 0.914598
0.309264 0.914598
0.309363 0.914598
0.309463 0.914598
0.309562 0.914598
0.309661 0.914598
0.309760 0.914598
0.309859 0.914303
0.309958 0.914303
0.310057 0.914303
0.310156 0.914303
0.310255 0.914303
0.310354 0.914303
0.310453 0.914303
0.310552 0.914007
0.310652 0.913416
0.310751 0.913416
0.310850 0.913416
0.310949 0.913416
0.311048 0.913416
0.311147 0.913416
0.311246 0.913416
0.311345 0.913416
0.311444 0.913416
0.311543 0.913416
0.311642 0.913121
0.311741 0.913121
0.311841 0.913121
0.311940 0.912825
0.312039 0.912825
0.312138 0.912825
0.312237 0.912825
0.312336 0.912234
0.312435 0.911939
0.312534 0.911939
0.312633 0.911939
0.312732 0.911939
0.312831 0.911939
0.312930 0.911939
0.313029 0.911939
0.313129 0.911939
0.313228 0.911939
0.313327 0.911939
0.313426 0.911939
0.313525 0.911939
0.313624 0.911939
0.313723 0.911643
0.313822 0.911643
0.313921 0.911643
0.314020 0.911643
0.314119 0.911348
0.314218 0.911348
0.314318 0.911348
0.314417 0.911348
0.314516 0.911348
0.314615 0.911348
0.314714 0.911348
0.314813 0.911052
0.314912 0.911052
0.315011 0.911052
0.315110 0.911052
0.315209 0.911052
0.315308 0.911052
0.315407 0.911052
0.315506 0.911052
0.315606 0.911052
0.315705 0.910757
0.315804 0.910757
0.315903 0.910757
0.316002 0.910757
0.316101 0.910757
0.316200 0.910757
0.316299 0.910165
0.316398 0.909870
0.316497 0.909870
0.316596 0.909870
0.316695 0.909870
0.316795 0.909870
0.316894 0.909870
0.316993 0.909574
0.317092 0.909574
0.317191 0.909574
0.317290 0.908983
0.317389 0.908688
0.317488 0.908688
0.317587 0.908688
0.317686 0.908392
0.317785 0.908097
0.317884 0.908097
0.317983 0.908097
0.318083 0.908097
0.318182 0.907801
0.318281 0.907801
0.318380 0.907801
0.318479 0.907801
0.318578 0.907801
0.318677 0.907801
0.318776 0.907801
0.318875 0.907801
0.318974 0.907506
0.319073 0.907506
0.319172 0.907506
0.319272 0.907506
0.319371 0.907506
0.319470 0.907506
0.319569 0.907506
0.319668 0.907506
0.319767 0.907506
0.319866 0.907210
0.319965 0.907210
0.320064 0.906915
0.320163 0.906915
0.320262 0.906915
0.320361 0.906915
0.320460 0.906915
0.320560 0.906915
0.320659 0.906324
0.320758 0.906028
0.320857 0.906028
0.320956 0.906028
0.321055 0.905733
0.321154 0.905733
0.321253 0.905733
0.321352 0.905733
0.321451 0.905733
0.321550 0.905437
0.321649 0.904846
0.321749 0.904551
0.321848 0.904551
0.321947 0.904551
0.322046 0.904551
0.322145 0.904551
0.322244 0.904551
0.322343 0.904551
0.322442 0.904255
0.322541 0.904255
0.322640 0.904255
0.322739 0.904255
0.322838 0.904255
0.322937 0.903664
0.323037 0.903664
0.323136 0.903664
0.323235 0.903664
0.323334 0.903664
0.323433 0.903369
0.323532 0.903369
0.323631 0.903369
0.323730 0.903369
0.323829 0.903369
0.323928 0.903369
0.324027 0.903073
0.324126 0.903073
0.324226 0.903073
0.324325 0.903073
0.324424 0.903073
0.324523 0.903073
0.324622 0.902778
0.324721 0.902778
0.324820 0.902778
0.324919 0.902778
0.325018 0.902778
0.325117 0.902778
0.325216 0.902778
0.325315 0.902778
0.325414 0.902778
0.325514 0.902778
0.325613 0.902778
0.325712 0.902778
0.325811 0.902778
0.325910 0.902778
0.326009 0.902778
0.326108 0.902778
0.326207 0.902778
0.326306 0.902778
0.326405 0.902778
0.326504 0.902778
0.326603 0.902778
0.326703 0.902778
0.326802 0.902778
0.326901 0.902778
0.327000 0.902482
0.327099 0.902482
0.327198 0.902187
0.327297 0.902187
0.327396 0.902187
0.327495 0.901891
0.327594 0.901891
0.327693 0.901891
0.327792 0.901891
0.327891 0.901891
0.327991 0.901891
0.328090 0.901891
0.328189 0.901891
0.328288 0.901891
0.328387 0.901891
0.328486 0.901596
0.328585 0.901596
0.328684 0.901596
0.328783 0.901300
0.328882 0.901005
0.328981 0.901005
0.329080 0.901005
0.329180 0.901005
0.329279 0.901005
0.329378 0.901005
0.329477 0.901005
0.329576 0.901005
0.329675 0.900709
0.329774 0.900709
0.329873 0.900709
0.329972 0.900709
0.330071 0.900709
0.330170 0.900414
0.330269 0.900414
0.330368 0.900414
0.330468 0.900414
0.330567 0.900118
0.330666 0.900118
0.330765 0.900118
0.330864 0.899823
0.330963 0.899527
0.331062 0.899527
0.331161 0.899527
0.331260 0.899527
0.331359 0.899527
0.331458 0.899527
0.331557 0.899232
0.331657 0.899232
0.331756 0.898936
0.331855 0.898936
0.331954 0.898936
0.332053 0.898936
0.332152 0.898936
0.332251 0.898936
0.332350 0.898936
0.332449 0.898936
0.332548 0.898936
0.332647 0.898936
0.332746 0.898936
0.332845 0.898936
0.332945 0.898936
0.333044 0.898936
0.333143 0.898641
0.333242 0.898641
0.333341 0.898641
0.333440 0.898641
0.333539 0.898641
0.333638 0.898641
0.333737 0.898641
0.333836 0.898641
0.333935 0.898345
0.334034 0.898345
0.334134 0.898345
0.334233 0.898345
0.334332 0.898345
0.334431 0.898345
0.334530 0.898345
0.334629 0.898345
0.334728 0.897754
0.334827 0.897754
0.334926 0.897459
0.335025 0.896868
0.335124 0.896868
0.335223 0.896572
0.335322 0.896572
0.335422 0.896572
0.335521 0.896572
0.335620 0.896572
0.335719 0.896572
0.335818 0.896572
0.335917 0.896572
0.336016 0.896572
0.336115 0.896572
0.336214 0.896572
0.336313 0.896572
0.336412 0.896572
0.336511 0.896572
0.336611 0.896572
0.336710 0.896572
0.336809 0.896572
0.336908 0.896277
0.337007 0.896277
0.337106 0.896277
0.337205 0.896277
0.337304 0.896277
0.337403 0.896277
0.337502 0.896277
0.337601 0.896277
0.337700 0.896277
0.337799 0.896277
0.337899 0.896277
0.337998 0.896277
0.338097 0.896277
0.338196 0.895981
0.338295 0.895686
0.338394 0.895686
0.338493 0.895686
0.338592 0.895686
0.338691 0.895686
0.338790 0.895686
0.338889 0.895686
0.338988 0.895686
0.339088 0.895686
0.339187 0.895390
0.339286 0.895390
0.339385 0.895390
0.339484 0.895390
0.339583 0.895095
0.339682 0.895095
0.339781 0.895095
0.339880 0.894504
0.339979 0.894504
0.340078 0.894504
0.340177 0.894504
0.340276 0.894504
0.340376 0.894504
0.340475 0.894504
0.340574 0.894504
0.340673 0.894504
0.340772 0.894504
0.340871 0.894504
0.340970 0.894504
0.341069 0.894504
0.341168 0.894504
0.341267 0.894504
0.341366 0.894208
0.341465 0.894208
0.341565 0.894208
0.341664 0.894208
0.341763 0.894208
0.341862 0.894208
0.341961 0.894208
0.342060 0.894208
0.342159 0.894208
0.342258 0.894208
0.342357 0.893913
0.342456 0.893913
0.342555 0.893913
0.342654 0.893913
0.342754 0.893913
0.342853 0.893913
0.342952 0.893913
0.343051 0.893913
0.343150 0.893617
0.343249 0.893617
0.343348 0.893617
0.343447 0.893322
0.343546 0.893322
0.343645 0.893026
0.343744 0.893026
0.343843 0.893026
0.343942 0.893026
0.344042 0.892730
0.344141 0.892730
0.344240 0.892730
0.344339 0.892730
0.344438 0.892730
0.344537 0.892730
0.344636 0.892730
0.344735 0.892730
0.344834 0.892730
0.344933 0.892730
0.345032 0.891844
0.345131 0.891844
0.345231 0.891844
0.345330 0.891844
0.345429 0.891844
0.345528 0.891844
0.345627 0.891844
0.345726 0.891844
0.345825 0.891844
0.345924 0.891844
0.346023 0.891844
0.346122 0.891844
0.346221 0.891844
0.346320 0.891548
0.346419 0.891253
0.346519 0.891253
0.346618 0.890957
0.346717 0.890957
0.346816 0.890957
0.346915 0.890662
0.347014 0.890366
0.347113 0.890366
0.347212 0.890366
0.347311 0.890071
0.347410 0.890071
0.347509 0.890071
0.347608 0.890071
0.347708 0.890071
0.347807 0.889480
0.347906 0.889480
0.348005 0.889480
0.348104 0.889480
0.348203 0.889480
0.348302 0.889480
0.348401 0.889480
0.348500 0.889480
0.348599 0.889480
0.348698 0.889480
0.348797 0.889480
0.348896 0.889480
0.348996 0.889480
0.349095 0.889184
0.349194 0.889184
0.349293 0.888889
0.349392 0.888889
0.349491 0.888889
0.349590 0.888889
0.349689 0.888889
0.349788 0.888889
0.349887 0.888593
0.349986 0.888593
0.350085 0.888593
0.350185 0.888593
0.350284 0.888298
0.350383 0.888298
0.350482 0.888298
0.350581 0.888298
0.350680 0.888298
0.350779 0.888002
0.350878 0.888002
0.350977 0.888002
0.351076 0.887707
0.351175 0.887707
0.351274 0.887707
0.351373 0.887411
0.351473 0.887116
0.351572 0.886820
0.351671 0.886820
0.351770 0.886820
0.351869 0.886820
0.351968 0.886525
0.352067 0.886525
0.352166 0.886525
0.352265 0.886525
0.352364 0.886525
0.352463 0.886229
0.352562 0.886229
0.352662 0.886229
0.352761 0.885934
0.352860 0.885934
0.352959 0.885934
0.353058 0.885934
0.353157 0.885934
0.353256 0.885638
0.353355 0.885638
0.353454 0.885638
0.353553 0.885638
0.353652 0.885638
0.353751 0.885638
0.353850 0.885343
0.353950 0.885343
0.354049 0.885343
0.354148 0.885343
0.354247 0.885343
0.354346 0.885343
0.354445 0.885343
0.354544 0.885343
0.354643 0.885343
0.354742 0.885343
0.354841 0.885343
0.354940 0.885047
0.355039 0.885047
0.355139 0.885047
0.355238 0.885047
0.355337 0.885047
0.355436 0.885047
0.355535 0.885047
0.355634 0.884752
0.355733 0.884752
0.355832 0.884752
0.355931 0.884752
0.356030 0.884752
0.356129 0.884752
0.356228 0.884752
0.356327 0.884752
0.356427 0.884752
0.356526 0.884752
0.356625 0.884752
0.356724 0.884752
0.356823 0.884456
0.356922 0.884161
0.357021 0.883865
0.357120 0.883865
0.357219 0.883570
0.357318 0.883570
0.357417 0.883274
0.357516 0.882979
0.357616 0.882979
0.357715 0.882979
0.357814 0.882683
0.357913 0.882683
0.358012 0.882683
0.358111 0.882683
0.358210 0.882683
0.358309 0.882683
0.358408 0.882683
0.358507 0.882683
0.358606 0.882683
0.358705 0.882683
0.358804 0.882683
0.358904 0.882092
0.359003 0.882092
0.359102 0.882092
0.359201 0.882092
0.359300 0.881797
0.359399 0.881797
0.359498 0.881797
0.359597 0.881501
0.359696 0.881206
0.359795 0.880910
0.359894 0.880910
0.359993 0.880910
0.360093 0.880910
0.360192 0.880319
0.360291 0.880319
0.360390 0.880319
0.360489 0.880319
0.360588 0.880319
0.360687 0.880024
0.360786 0.880024
0.360885 0.880024
0.360984 0.880024
0.361083 0.880024
0.361182 0.879433
0.361281 0.879137
0.361381 0.878842
0.361480 0.878842
0.361579 0.878251
0.361678 0.878251
0.361777 0.878251
0.361876 0.878251
0.361975 0.878251
0.362074 0.878251
0.362173 0.877955
0.362272 0.877955
0.362371 0.877955
0.362470 0.877955
0.362570 0.877955
0.362669 0.877660
0.362768 0.877660
0.362867 0.877364
0.362966 0.877364
0.363065 0.877069
0.363164 0.876773
0.363263 0.876773
0.363362 0.876773
0.363461 0.876773
0.363560 0.876182
0.363659 0.876182
0.363758 0.876182
0.363858 0.876182
0.363957 0.876182
0.364056 0.876182
0.364155 0.876182
0.364254 0.876182
0.364353 0.876182
0.364452 0.876182
0.364551 0.876182
0.364650 0.876182
0.364749 0.875887
0.364848 0.875887
0.364947 0.875887
0.365047 0.875887
0.365146 0.875887
0.365245 0.875887
0.365344 0.875887
0.365443 0.875591
0.365542 0.875591
0.365641 0.875591
0.365740 0.875591
0.365839 0.875591
0.365938 0.875591
0.366037 0.875296
0.366136 0.875296
0.366235 0.875296
0.366335 0.875296
0.366434 0.875296
0.366533 0.875000
0.366632 0.875000
0.366731 0.874409
0.366830 0.874409
0.366929 0.874409
0.367028 0.874409
0.367127 0.874409
0.367226 0.874409
0.367325 0.874409
0.367424 0.874409
0.367524 0.874113
0.367623 0.874113
0.367722 0.874113
0.367821 0.874113
0.367920 0.874113
0.368019 0.874113
0.368118 0.873818
0.368217 0.873522
0.368316 0.873522
0.368415 0.873522
0.368514 0.873522
0.368613 0.873227
0.368712 0.873227
0.368812 0.873227
0.368911 0.873227
0.369010 0.872931
0.369109 0.872636
0.369208 0.872636
0.369307 0.872636
0.369406 0.872045
0.369505 0.872045
0.369604 0.872045
0.369703 0.871749
0.369802 0.871749
0.369901 0.871749
0.370001 0.871749
0.370100 0.871749
0.370199 0.871749
0.370298 0.871749
0.370397 0.871749
0.370496 0.871749
0.370595 0.871158
0.370694 0.871158
0.370793 0.871158
0.370892 0.871158
0.370991 0.871158
0.371090 0.871158
0.371189 0.871158
0.371289 0.871158
0.371388 0.871158
0.371487 0.870863
0.371586 0.870863
0.371685 0.870567
0.371784 0.870567
0.371883 0.870567
0.371982 0.870272
0.372081 0.869976
0.372180 0.869681
0.372279 0.869090
0.372378 0.869090
0.372478 0.869090
0.372577 0.868499
0.372676 0.868499
0.372775 0.868499
0.372874 0.868499
0.372973 0.868499
0.373072 0.868499
0.373171 0.868499
0.373270 0.868499
0.373369 0.868499
0.373468 0.868499
0.373567 0.868499
0.373667 0.868499
0.373766 0.868499
0.373865 0.868203
0.373964 0.868203
0.374063 0.868203
0.374162 0.868203
0.374261 0.868203
0.374360 0.868203
0.374459 0.868203
0.374558 0.868203
0.374657 0.868203
0.374756 0.868203
0.374855 0.868203
0.374955 0.868203
0.375054 0.868203
0.375153 0.867908
0.375252 0.867908
0.375351 0.867908
0.375450 0.867908
0.375549 0.867908
0.375648 0.867908
0.375747 0.867908
0.375846 0.867908
0.375945 0.867908
0.376044 0.867612
0.376144 0.867612
0.376243 0.867612
0.376342 0.867317
0.376441 0.867021
0.376540 0.866726
0.376639 0.866726
0.376738 0.866726
0.376837 0.866430
0.376936 0.866135
0.377035 0.866135
0.377134 0.866135
0.377233 0.865544
0.377332 0.865544
0.377432 0.865544
0.377531 0.865248
0.377630 0.865248
0.377729 0.865248
0.377828 0.865248
0.377927 0.865248
0.378026 0.865248
0.378125 0.865248
0.378224 0.865248
0.378323 0.865248
0.378422 0.865248
0.378521 0.865248
0.378621 0.865248
0.378720 0.865248
0.378819 0.865248
0.378918 0.865248
0.379017 0.865248
0.379116 0.865248
0.379215 0.865248
0.379314 0.864657
0.379413 0.864657
0.379512 0.864362
0.379611 0.864362
0.379710 0.864066
0.379809 0.864066
0.379909 0.864066
0.380008 0.864066
0.380107 0.863771
0.380206 0.863771
0.380305 0.863771
0.380404 0.863771
0.380503 0.863771
0.380602 0.863771
0.380701 0.863771
0.380800 0.863475
0.380899 0.863180
0.380998 0.863180
0.381098 0.863180
0.381197 0.863180
0.381296 0.863180
0.381395 0.863180
0.381494 0.863180
0.381593 0.862884
0.381692 0.862884
0.381791 0.862884
0.381890 0.862884
0.381989 0.862884
0.382088 0.862884
0.382187 0.862884
0.382286 0.862884
0.382386 0.862884
0.382485 0.862884
0.382584 0.862884
0.382683 0.862589
0.382782 0.862589
0.382881 0.861998
0.382980 0.861998
0.383079 0.861998
0.383178 0.861998
0.383277 0.861998
0.383376 0.861998
0.383475 0.861998
0.383575 0.861702
0.383674 0.861407
0.383773 0.861407
0.383872 0.861407
0.383971 0.860816
0.384070 0.860816
0.384169 0.860816
0.384268 0.860816
0.384367 0.860816
0.384466 0.860816
0.384565 0.860816
0.384664 0.860520
0.384763 0.860520
0.384863 0.860520
0.384962 0.860225
0.385061 0.860225
0.385160 0.860225
0.385259 0.860225
0.385358 0.860225
0.385457 0.860225
0.385556 0.859929
0.385655 0.859929
0.385754 0.859634
0.385853 0.859634
0.385952 0.859634
0.386052 0.859338
0.386151 0.859338
0.386250 0.859338
0.386349 0.859338
0.386448 0.859338
0.386547 0.859338
0.386646 0.859338
0.386745 0.859338
0.386844 0.859338
0.386943 0.859338
0.387042 0.859338
0.387141 0.859338
0.387240 0.859338
0.387340 0.859043
0.387439 0.859043
0.387538 0.859043
0.387637 0.859043
0.387736 0.859043
0.387835 0.859043
0.387934 0.859043
0.388033 0.858747
0.388132 0.858452
0.388231 0.858452
0.388330 0.858452
0.388429 0.858452
0.388529 0.858452
0.388628 0.858452
0.388727 0.858156
0.388826 0.858156
0.388925 0.858156
0.389024 0.858156
0.389123 0.858156
0.389222 0.857861
0.389321 0.857861
0.389420 0.857861
0.389519 0.857861
0.389618 0.857565
0.389717 0.857565
0.389817 0.857565
0.389916 0.857565
0.390015 0.857270
0.390114 0.857270
0.390213 0.856974
0.390312 0.856678
0.390411 0.856678
0.390510 0.856678
0.390609 0.856678
0.390708 0.856383
0.390807 0.856383
0.390906 0.856383
0.391006 0.856087
0.391105 0.856087
0.391204 0.856087
0.391303 0.856087
0.391402 0.856087
0.391501 0.856087
0.391600 0.856087
0.391699 0.856087
0.391798 0.856087
0.391897 0.856087
0.391996 0.855496
0.392095 0.855496
0.392194 0.855201
0.392294 0.855201
0.392393 0.855201
0.392492 0.855201
0.392591 0.855201
0.392690 0.855201
0.392789 0.855201
0.392888 0.855201
0.392987 0.855201
0.393086 0.855201
0.393185 0.855201
0.393284 0.855201
0.393383 0.855201
0.393483 0.855201
0.393582 0.855201
0.393681 0.855201
0.393780 0.855201
0.393879 0.854905
0.393978 0.854905
0.394077 0.854905
0.394176 0.854905
0.394275 0.854610
0.394374 0.854610
0.394473 0.854314
0.394572 0.854314
0.394671 0.854314
0.394771 0.854019
0.394870 0.854019
0.394969 0.853723
0.395068 0.853428
0.395167 0.853428
0.395266 0.853428
0.395365 0.853428
0.395464 0.853428
0.395563 0.853428
0.395662 0.853428
0.395761 0.853132
0.395860 0.853132
0.395960 0.853132
0.396059 0.853132
0.396158 0.852837
0.396257 0.852837
0.396356 0.852837
0.396455 0.852837
0.396554 0.852837
0.396653 0.852837
0.396752 0.852246
0.396851 0.852246
0.396950 0.852246
0.397049 0.852246
0.397148 0.851655
0.397248 0.851655
0.397347 0.851359
0.397446 0.851064
0.397545 0.851064
0.397644 0.850177
0.397743 0.849882
0.397842 0.849586
0.397941 0.849586
0.398040 0.849586
0.398139 0.849291
0.398238 0.849291
0.398337 0.849291
0.398437 0.849291
0.398536 0.849291
0.398635 0.848995
0.398734 0.848995
0.398833 0.848700
0.398932 0.848700
0.399031 0.848700
0.399130 0.848700
0.399229 0.848404
0.399328 0.848404
0.399427 0.848404
0.399526 0.848404
0.399625 0.848404
0.399725 0.848404
0.399824 0.848404
0.399923 0.847813
0.400022 0.847813
0.400121 0.847518
0.400220 0.847222
0.400319 0.847222
0.400418 0.847222
0.400517 0.846927
0.400616 0.846927
0.400715 0.846927
0.400814 0.846927
0.400914 0.846927
0.401013 0.846927
0.401112 0.846927
0.401211 0.846631
0.401310 0.846631
0.401409 0.846631
0.401508 0.846631
0.401607 0.846631
0.401706 0.846631
0.401805 0.846631
0.401904 0.846631
0.402003 0.846631
0.402102 0.846631
0.402202 0.846336
0.402301 0.846336
0.402400 0.846040
0.402499 0.846040
0.402598 0.846040
0.402697 0.845745
0.402796 0.845745
0.402895 0.845745
0.402994 0.845745
0.403093 0.845449
0.403192 0.845449
0.403291 0.845449
0.403391 0.845449
0.403490 0.845449
0.403589 0.845449
0.403688 0.844858
0.403787 0.844858
0.403886 0.844858
0.403985 0.844858
0.404084 0.844858
0.404183 0.844858
0.404282 0.844858
0.404381 0.844858
0.404480 0.844858
0.404580 0.844563
0.404679 0.844563
0.404778 0.844563
0.404877 0.844563
0.404976 0.844563
0.405075 0.844563
0.405174 0.844267
0.405273 0.843972
0.405372 0.843972
0.405471 0.843972
0.405570 0.843972
0.405669 0.843381
0.405768 0.843381
0.405868 0.843381
0.405967 0.843381
0.406066 0.843381
0.406165 0.843381
0.406264 0.843381
0.406363 0.843085
0.406462 0.843085
0.406561 0.843085
0.406660 0.842790
0.406759 0.842494
0.406858 0.842494
0.406957 0.842199
0.407057 0.842199
0.407156 0.842199
0.407255 0.842199
0.407354 0.842199
0.407453 0.841903
0.407552 0.841903
0.407651 0.841903
0.407750 0.841903
0.407849 0.841608
0.407948 0.841608
0.408047 0.841608
0.408146 0.841608
0.408245 0.841608
0.408345 0.841312
0.408444 0.841312
0.408543 0.841017
0.408642 0.841017
0.408741 0.841017
0.408840 0.841017
0.408939 0.841017
0.409038 0.841017
0.409137 0.841017
0.409236 0.840426
0.409335 0.840426
0.409434 0.840426
0.409534 0.840426
0.409633 0.839835
0.409732 0.839835
0.409831 0.839835
0.409930 0.839835
0.410029 0.839835
0.410128 0.839835
0.410227 0.839835
0.410326 0.839539
0.410425 0.839539
0.410524 0.839539
0.410623 0.839243
0.410722 0.839243
0.410822 0.839243
0.410921 0.839243
0.411020 0.839243
0.411119 0.838948
0.411218 0.838652
0.411317 0.838357
0.411416 0.838357
0.411515 0.838357
0.411614 0.838357
0.411713 0.838357
0.411812 0.838357
0.411911 0.838061
0.412011 0.838061
0.412110 0.838061
0.412209 0.838061
0.412308 0.838061
0.412407 0.838061
0.412506 0.838061
0.412605 0.837766
0.412704 0.837766
0.412803 0.837766
0.412902 0.837766
0.413001 0.837470
0.413100 0.837470
0.413199 0.837470
0.413299 0.837470
0.413398 0.837175
0.413497 0.837175
0.413596 0.837175
0.413695 0.837175
0.413794 0.837175
0.413893 0.837175
0.413992 0.837175
0.414091 0.837175
0.414190 0.837175
0.414289 0.837175
0.414388 0.837175
0.414488 0.836584
0.414587 0.836584
0.414686 0.836288
0.414785 0.835993
0.414884 0.835697
0.414983 0.835697
0.415082 0.835697
0.415181 0.835402
0.415280 0.835402
0.415379 0.835402
0.415478 0.835402
0.415577 0.835402
0.415676 0.835106
0.415776 0.835106
0.415875 0.835106
0.415974 0.834515
0.416073 0.834515
0.416172 0.834515
0.416271 0.834515
0.416370 0.834515
0.416469 0.834515
0.416568 0.833924
0.416667 0.833629
0.416766 0.833629
0.416865 0.833629
0.416965 0.833629
0.417064 0.833629
0.417163 0.833333
0.417262 0.833333
0.417361 0.833038
0.417460 0.833038
0.417559 0.832742
0.417658 0.832742
0.417757 0.832742
0.417856 0.832447
0.417955 0.832447
0.418054 0.832151
0.418153 0.832151
0.418253 0.832151
0.418352 0.831560
0.418451 0.831560
0.418550 0.831560
0.418649 0.831560
0.418748 0.831560
0.418847 0.831560
0.418946 0.831265
0.419045 0.830969
0.419144 0.830083
0.419243 0.829492
0.419342 0.829492
0.419442 0.829196
0.419541 0.828901
0.419640 0.828901
0.419739 0.828901
0.419838 0.828901
0.419937 0.828901
0.420036 0.828901
0.420135 0.828901
0.420234 0.828901
0.420333 0.828901
0.420432 0.828901
0.420531 0.828901
0.420630 0.828901
0.420730 0.828605
0.420829 0.828605
0.420928 0.828605
0.421027 0.828605
0.421126 0.828605
0.421225 0.828605
0.421324 0.828605
0.421423 0.828310
0.421522 0.828310
0.421621 0.828310
0.421720 0.828310
0.421819 0.828310
0.421919 0.828014
0.422018 0.828014
0.422117 0.828014
0.422216 0.828014
0.422315 0.827719
0.422414 0.827423
0.422513 0.827423
0.422612 0.827423
0.422711 0.827423
0.422810 0.827128
0.422909 0.827128
0.423008 0.827128
0.423107 0.826832
0.423207 0.826832
0.423306 0.826832
0.423405 0.826832
0.423504 0.826537
0.423603 0.826241
0.423702 0.826241
0.423801 0.826241
0.423900 0.826241
0.423999 0.825946
0.424098 0.825946
0.424197 0.825650
0.424296 0.825650
0.424396 0.825650
0.424495 0.825650
0.424594 0.825650
0.424693 0.825650
0.424792 0.825650
0.424891 0.825355
0.424990 0.825355
0.425089 0.825059
0.425188 0.824764
0.425287 0.824764
0.425386 0.824468
0.425485 0.824468
0.425584 0.824468
0.425684 0.824173
0.425783 0.824173
0.425882 0.824173
0.425981 0.824173
0.426080 0.824173
0.426179 0.824173
0.426278 0.823877
0.426377 0.823582
0.426476 0.823582
0.426575 0.823582
0.426674 0.823582
0.426773 0.823582
0.426873 0.823582
0.426972 0.823582
0.427071 0.823286
0.427170 0.822991
0.427269 0.822695
0.427368 0.822695
0.427467 0.822695
0.427566 0.822695
0.427665 0.822695
0.427764 0.822400
0.427863 0.822400
0.427962 0.822400
0.428061 0.822400
0.428161 0.822104
0.428260 0.822104
0.428359 0.822104
0.428458 0.821809
0.428557 0.821513
0.428656 0.821513
0.428755 0.821513
0.428854 0.821513
0.428953 0.821513
0.429052 0.821513
0.429151 0.821217
0.429250 0.821217
0.429350 0.821217
0.429449 0.821217
0.429548 0.821217
0.429647 0.820922
0.429746 0.820626
0.429845 0.820626
0.429944 0.820331
0.430043 0.820331
0.430142 0.819740
0.430241 0.819740
0.430340 0.819740
0.430439 0.819740
0.430538 0.819740
0.430638 0.819149
0.430737 0.819149
0.430836 0.818853
0.430935 0.818853
0.431034 0.818853
0.431133 0.818853
0.431232 0.818853
0.431331 0.818558
0.431430 0.818558
0.431529 0.818558
0.431628 0.818262
0.431727 0.818262
0.431827 0.818262
0.431926 0.818262
0.432025 0.818262
0.432124 0.818262
0.432223 0.818262
0.432322 0.818262
0.432421 0.818262
0.432520 0.818262
0.432619 0.818262
0.432718 0.817967
0.432817 0.817671
0.432916 0.817671
0.433015 0.817671
0.433115 0.817671
0.433214 0.817671
0.433313 0.817671
0.433412 0.817671
0.433511 0.817376
0.433610 0.817376
0.433709 0.817376
0.433808 0.817080
0.433907 0.817080
0.434006 0.816785
0.434105 0.816785
0.434204 0.816785
0.434304 0.816785
0.434403 0.816785
0.434502 0.816785
0.434601 0.816489
0.434700 0.816489
0.434799 0.816489
0.434898 0.816194
0.434997 0.815898
0.435096 0.815898
0.435195 0.815898
0.435294 0.815898
0.435393 0.815307
0.435493 0.815307
0.435592 0.815307
0.435691 0.815307
0.435790 0.815307
0.435889 0.815307
0.435988 0.815012
0.436087 0.815012
0.436186 0.815012
0.436285 0.815012
0.436384 0.815012
0.436483 0.814716
0.436582 0.814421
0.436681 0.813830
0.436781 0.813830
0.436880 0.813534
0.436979 0.813239
0.437078 0.812943
0.437177 0.812943
0.437276 0.812943
0.437375 0.812648
0.437474 0.812352
0.437573 0.812352
0.437672 0.812352
0.437771 0.812352
0.437870 0.812057
0.437970 0.812057
0.438069 0.812057
0.438168 0.812057
0.438267 0.811761
0.438366 0.811761
0.438465 0.811761
0.438564 0.811761
0.438663 0.811761
0.438762 0.811761
0.438861 0.811466
0.438960 0.811170
0.439059 0.811170
0.439158 0.811170
0.439258 0.811170
0.439357 0.810875
0.439456 0.810875
0.439555 0.810875
0.439654 0.810875
0.439753 0.810875
0.439852 0.810875
0.439951 0.810875
0.440050 0.810875
0.440149 0.810875
0.440248 0.810875
0.440347 0.810875
0.440447 0.810875
0.440546 0.810875
0.440645 0.810875
0.440744 0.810579
0.440843 0.810284
0.440942 0.810284
0.441041 0.810284
0.441140 0.810284
0.441239 0.810284
0.441338 0.810284
0.441437 0.810284
0.441536 0.810284
0.441635 0.810284
0.441735 0.810284
0.441834 0.810284
0.441933 0.810284
0.442032 0.810284
0.442131 0.810284
0.442230 0.810284
0.442329 0.809988
0.442428 0.809397
0.442527 0.809397
0.442626 0.809397
0.442725 0.809397
0.442824 0.809102
0.442924 0.809102
0.443023 0.808806
0.443122 0.808806
0.443221 0.808806
0.443320 0.808806
0.443419 0.808806
0.443518 0.808806
0.443617 0.808806
0.443716 0.808806
0.443815 0.808806
0.443914 0.808806
0.444013 0.808511
0.444112 0.808511
0.444212 0.808511
0.444311 0.808511
0.444410 0.808511
0.444509 0.808511
0.444608 0.808511
0.444707 0.808215
0.444806 0.807624
0.444905 0.807624
0.445004 0.807624
0.445103 0.807624
0.445202 0.807624
0.445301 0.807329
0.445401 0.807329
0.445500 0.807329
0.445599 0.807329
0.445698 0.807329
0.445797 0.807329
0.445896 0.807329
0.445995 0.807329
0.446094 0.807329
0.446193 0.807329
0.446292 0.807033
0.446391 0.806738
0.446490 0.806738
0.446589 0.806738
0.446689 0.806442
0.446788 0.806442
0.446887 0.806147
0.446986 0.806147
0.447085 0.805556
0.447184 0.805556
0.447283 0.804965
0.447382 0.804965
0.447481 0.804965
0.447580 0.804965
0.447679 0.804965
0.447778 0.804965
0.447878 0.804965
0.447977 0.804965
0.448076 0.804965
0.448175 0.804965
0.448274 0.804965
0.448373 0.804965
0.448472 0.804669
0.448571 0.804669
0.448670 0.804669
0.448769 0.804374
0.448868 0.804374
0.448967 0.804374
0.449066 0.804374
0.449166 0.804374
0.449265 0.804374
0.449364 0.804078
0.449463 0.804078
0.449562 0.803487
0.449661 0.803191
0.449760 0.803191
0.449859 0.803191
0.449958 0.802896
0.450057 0.802600
0.450156 0.802305
0.450255 0.802305
0.450355 0.802305
0.450454 0.802305
0.450553 0.802305
0.450652 0.802305
0.450751 0.802305
0.450850 0.802305
0.450949 0.802305
0.451048 0.802305
0.451147 0.802305
0.451246 0.802305
0.451345 0.802305
0.451444 0.802305
0.451543 0.802305
0.451643 0.802305
0.451742 0.802009
0.451841 0.802009
0.451940 0.802009
0.452039 0.802009
0.452138 0.802009
0.452237 0.802009
0.452336 0.801714
0.452435 0.801714
0.452534 0.801714
0.452633 0.801123
0.452732 0.801123
0.452832 0.801123
0.452931 0.801123
0.453030 0.801123
0.453129 0.801123
0.453228 0.800827
0.453327 0.800827
0.453426 0.800827
0.453525 0.800532
0.453624 0.800532
0.453723 0.800236
0.453822 0.800236
0.453921 0.800236
0.454020 0.800236
0.454120 0.800236
0.454219 0.799941
0.454318 0.799941
0.454417 0.799941
0.454516 0.799941
0.454615 0.799645
0.454714 0.799645
0.454813 0.799645
0.454912 0.799645
0.455011 0.799645
0.455110 0.799645
0.455209 0.799645
0.455309 0.799645
0.455408 0.799645
0.455507 0.799350
0.455606 0.799054
0.455705 0.798759
0.455804 0.798759
0.455903 0.798463
0.456002 0.797872
0.456101 0.797872
0.456200 0.797577
0.456299 0.797577
0.456398 0.797577
0.456497 0.797281
0.456597 0.797281
0.456696 0.797281
0.456795 0.797281
0.456894 0.797281
0.456993 0.797281
0.457092 0.796690
0.457191 0.796395
0.457290 0.796395
0.457389 0.796395
0.457488 0.796099
0.457587 0.796099
0.457686 0.796099
0.457786 0.796099
0.457885 0.796099
0.457984 0.796099
0.458083 0.795804
0.458182 0.795804
0.458281 0.795804
0.458380 0.795508
0.458479 0.795508
0.458578 0.795508
0.458677 0.795508
0.458776 0.795508
0.458875 0.795508
0.458974 0.795508
0.459074 0.795508
0.459173 0.795508
0.459272 0.795508
0.459371 0.795508
0.459470 0.795508
0.459569 0.795508
0.459668 0.795508
0.459767 0.795508
0.459866 0.795213
0.459965 0.794917
0.460064 0.794917
0.460163 0.794917
0.460263 0.794917
0.460362 0.794917
0.460461 0.794917
0.460560 0.794917
0.460659 0.794622
0.460758 0.794622
0.460857 0.794326
0.460956 0.794326
0.461055 0.794326
0.461154 0.793735
0.461253 0.793144
0.461352 0.793144
0.461451 0.792849
0.461551 0.792849
0.461650 0.792849
0.461749 0.792849
0.461848 0.792849
0.461947 0.792849
0.462046 0.792553
0.462145 0.792553
0.462244 0.792258
0.462343 0.792258
0.462442 0.792258
0.462541 0.792258
0.462640 0.792258
0.462740 0.791962
0.462839 0.791962
0.462938 0.791962
0.463037 0.791962
0.463136 0.791962
0.463235 0.791667
0.463334 0.791667
0.463433 0.791667
0.463532 0.791371
0.463631 0.791371
0.463730 0.791371
0.463829 0.791371
0.463928 0.791371
0.464028 0.791371
0.464127 0.791371
0.464226 0.791371
0.464325 0.791371
0.464424 0.791371
0.464523 0.791371
0.464622 0.791371
0.464721 0.791371
0.464820 0.791371
0.464919 0.791076
0.465018 0.790485
0.465117 0.790485
0.465217 0.789894
0.465316 0.789598
0.465415 0.789598
0.465514 0.789598
0.465613 0.789598
0.465712 0.789303
0.465811 0.789303
0.465910 0.789303
0.466009 0.789303
0.466108 0.789007
0.466207 0.789007
0.466306 0.789007
0.466406 0.789007
0.466505 0.789007
0.466604 0.789007
0.466703 0.789007
0.466802 0.789007
0.466901 0.789007
0.467000 0.789007
0.467099 0.789007
0.467198 0.789007
0.467297 0.789007
0.467396 0.789007
0.467495 0.789007
0.467594 0.789007
0.467694 0.788121
0.467793 0.787825
0.467892 0.787530
0.467991 0.787530
0.468090 0.787530
0.468189 0.787234
0.468288 0.787234
0.468387 0.787234
0.468486 0.787234
0.468585 0.787234
0.468684 0.787234
0.468783 0.787234
0.468883 0.787234
0.468982 0.786939
0.469081 0.786939
0.469180 0.786939
0.469279 0.786939
0.469378 0.786643
0.469477 0.786643
0.469576 0.786348
0.469675 0.786348
0.469774 0.786348
0.469873 0.786348
0.469972 0.786348
0.470071 0.786348
0.470171 0.786052
0.470270 0.786052
0.470369 0.785757
0.470468 0.785757
0.470567 0.785757
0.470666 0.785757
0.470765 0.785757
0.470864 0.785757
0.470963 0.785757
0.471062 0.785757
0.471161 0.785757
0.471260 0.785757
0.471360 0.785757
0.471459 0.785757
0.471558 0.785757
0.471657 0.785757
0.471756 0.785757
0.471855 0.785757
0.471954 0.785757
0.472053 0.785757
0.472152 0.785757
0.472251 0.785757
0.472350 0.785757
0.472449 0.785461
0.472548 0.785165
0.472648 0.785165
0.472747 0.785165
0.472846 0.785165
0.472945 0.784870
0.473044 0.784870
0.473143 0.784870
0.473242 0.784870
0.473341 0.784574
0.473440 0.784574
0.473539 0.784574
0.473638 0.784574
0.473737 0.783983
0.473837 0.783983
0.473936 0.783983
0.474035 0.783983
0.474134 0.783983
0.474233 0.783983
0.474332 0.783688
0.474431 0.783688
0.474530 0.783392
0.474629 0.783392
0.474728 0.783097
0.474827 0.783097
0.474926 0.783097
0.475025 0.783097
0.475125 0.783097
0.475224 0.782801
0.475323 0.782801
0.475422 0.782801
0.475521 0.782801
0.475620 0.782506
0.475719 0.781915
0.475818 0.781915
0.475917 0.781915
0.476016 0.781028
0.476115 0.781028
0.476214 0.781028
0.476314 0.781028
0.476413 0.781028
0.476512 0.781028
0.476611 0.781028
0.476710 0.781028
0.476809 0.781028
0.476908 0.781028
0.477007 0.781028
0.477106 0.780733
0.477205 0.780733
0.477304 0.780733
0.477403 0.780437
0.477502 0.780437
0.477602 0.780437
0.477701 0.780437
0.477800 0.780437
0.477899 0.780437
0.477998 0.780142
0.478097 0.780142
0.478196 0.779846
0.478295 0.779846
0.478394 0.778960
0.478493 0.778960
0.478592 0.778960
0.478691 0.778960
0.478791 0.778960
0.478890 0.778664
0.478989 0.778664
0.479088 0.778369
0.479187 0.778369
0.479286 0.778369
0.479385 0.778073
0.479484 0.778073
0.479583 0.778073
0.479682 0.778073
0.479781 0.778073
0.479880 0.778073
0.479979 0.778073
0.480079 0.777778
0.480178 0.777778
0.480277 0.777482
0.480376 0.777187
0.480475 0.776596
0.480574 0.776596
0.480673 0.776596
0.480772 0.776300
0.480871 0.776300
0.480970 0.776300
0.481069 0.776300
0.481168 0.776300
0.481268 0.776005
0.481367 0.776005
0.481466 0.776005
0.481565 0.776005
0.481664 0.776005
0.481763 0.776005
0.481862 0.776005
0.481961 0.775709
0.482060 0.775414
0.482159 0.774823
0.482258 0.774823
0.482357 0.774823
0.482456 0.774527
0.482556 0.774527
0.482655 0.774232
0.482754 0.773936
0.482853 0.773936
0.482952 0.773936
0.483051 0.773641
0.483150 0.773641
0.483249 0.773641
0.483348 0.773641
0.483447 0.773050
0.483546 0.773050
0.483645 0.772754
0.483745 0.772754
0.483844 0.772754
0.483943 0.772754
0.484042 0.772754
0.484141 0.772754
0.484240 0.772459
0.484339 0.772459
0.484438 0.772459
0.484537 0.772459
0.484636 0.772459
0.484735 0.772459
0.484834 0.772163
0.484933 0.771868
0.485033 0.771868
0.485132 0.771572
0.485231 0.771572
0.485330 0.771277
0.485429 0.771277
0.485528 0.771277
0.485627 0.771277
0.485726 0.770981
0.485825 0.770981
0.485924 0.770981
0.486023 0.770981
0.486122 0.770981
0.486222 0.770981
0.486321 0.770981
0.486420 0.770981
0.486519 0.770981
0.486618 0.770981
0.486717 0.770981
0.486816 0.770981
0.486915 0.770981
0.487014 0.770981
0.487113 0.770686
0.487212 0.770390
0.487311 0.770390
0.487410 0.770390
0.487510 0.770390
0.487609 0.770390
0.487708 0.770390
0.487807 0.770390
0.487906 0.770390
0.488005 0.770390
0.488104 0.770390
0.488203 0.770390
0.488302 0.770390
0.488401 0.770390
0.488500 0.770095
0.488599 0.770095
0.488699 0.770095
0.488798 0.770095
0.488897 0.770095
0.488996 0.769799
0.489095 0.769799
0.489194 0.769504
0.489293 0.769504
0.489392 0.769504
0.489491 0.769208
0.489590 0.768913
0.489689 0.768913
0.489788 0.768913
0.489887 0.768913
0.489987 0.768913
0.490086 0.768913
0.490185 0.768617
0.490284 0.768617
0.490383 0.768617
0.490482 0.768617
0.490581 0.768026
0.490680 0.768026
0.490779 0.768026
0.490878 0.768026
0.490977 0.768026
0.491076 0.768026
0.491176 0.768026
0.491275 0.767435
0.491374 0.767435
0.491473 0.767435
0.491572 0.767435
0.491671 0.767435
0.491770 0.767435
0.491869 0.767435
0.491968 0.767435
0.492067 0.767435
0.492166 0.767435
0.492265 0.767139
0.492364 0.766844
0.492464 0.766844
0.492563 0.766844
0.492662 0.766844
0.492761 0.766844
0.492860 0.766844
0.492959 0.766844
0.493058 0.766844
0.493157 0.766844
0.493256 0.766844
0.493355 0.766844
0.493454 0.766844
0.493553 0.766844
0.493653 0.766844
0.493752 0.766844
0.493851 0.766844
0.493950 0.766844
0.494049 0.766844
0.494148 0.766844
0.494247 0.766844
0.494346 0.766844
0.494445 0.766844
0.494544 0.766844
0.494643 0.766548
0.494742 0.766548
0.494841 0.766253
0.494941 0.765957
0.495040 0.765662
0.495139 0.765662
0.495238 0.765662
0.495337 0.765662
0.495436 0.765071
0.495535 0.764775
0.495634 0.764775
0.495733 0.764184
0.495832 0.763889
0.495931 0.763889
0.496030 0.763889
0.496130 0.763593
0.496229 0.763593
0.496328 0.763593
0.496427 0.763593
0.496526 0.763593
0.496625 0.763593
0.496724 0.763593
0.496823 0.763593
0.496922 0.763593
0.497021 0.763593
0.497120 0.763298
0.497219 0.763298
0.497319 0.763298
0.497418 0.763002
0.497517 0.763002
0.497616 0.763002
0.497715 0.763002
0.497814 0.762707
0.497913 0.762411
0.498012 0.762116
0.498111 0.761820
0.498210 0.761820
0.498309 0.761820
0.498408 0.761820
0.498507 0.761820
0.498607 0.761820
0.498706 0.761525
0.498805 0.761525
0.498904 0.761525
0.499003 0.761525
0.499102 0.761525
0.499201 0.761525
0.499300 0.761525
0.499399 0.761525
0.499498 0.761525
0.499597 0.761525
0.499696 0.761525
0.499796 0.761525
0.499895 0.761229
0.499994 0.760638
0.500093 0.760638
0.500192 0.760638
0.500291 0.760047
0.500390 0.760047
0.500489 0.759752
0.500588 0.759752
0.500687 0.759752
0.500786 0.759456
0.500885 0.759161
0.500984 0.758865
0.501084 0.758865
0.501183 0.758274
0.501282 0.758274
0.501381 0.758274
0.501480 0.758274
0.501579 0.758274
0.501678 0.758274
0.501777 0.757979
0.501876 0.757979
0.501975 0.757683
0.502074 0.757683
0.502173 0.757683
0.502273 0.757683
0.502372 0.757683
0.502471 0.757683
0.502570 0.757683
0.502669 0.757388
0.502768 0.757388
0.502867 0.757092
0.502966 0.756797
0.503065 0.756797
0.503164 0.756797
0.503263 0.756797
0.503362 0.756797
0.503461 0.756501
0.503561 0.756501
0.503660 0.756501
0.503759 0.756501
0.503858 0.756501
0.503957 0.756501
0.504056 0.756206
0.504155 0.755910
0.504254 0.755910
0.504353 0.755910
0.504452 0.755910
0.504551 0.755910
0.504650 0.755910
0.504750 0.755910
0.504849 0.755615
0.504948 0.755615
0.505047 0.755319
0.505146 0.755319
0.505245 0.754728
0.505344 0.754728
0.505443 0.754728
0.505542 0.754728
0.505641 0.754433
0.505740 0.753842
0.505839 0.753842
0.505938 0.753842
0.506038 0.753842
0.506137 0.753842
0.506236 0.753842
0.506335 0.753251
0.506434 0.752955
0.506533 0.752955
0.506632 0.752955
0.506731 0.752955
0.506830 0.752660
0.506929 0.752364
0.507028 0.752069
0.507127 0.751773
0.507227 0.751773
0.507326 0.751773
0.507425 0.751773
0.507524 0.751773
0.507623 0.751773
0.507722 0.751773
0.507821 0.751773
0.507920 0.751773
0.508019 0.751773
0.508118 0.751773
0.508217 0.751773
0.508316 0.751773
0.508415 0.751478
0.508515 0.751182
0.508614 0.751182
0.508713 0.750887
0.508812 0.750591
0.508911 0.750591
0.509010 0.750296
0.509109 0.750296
0.509208 0.749704
0.509307 0.749704
0.509406 0.749704
0.509505 0.749704
0.509604 0.749704
0.509704 0.749704
0.509803 0.749704
0.509902 0.749704
0.510001 0.749409
0.510100 0.749409
0.510199 0.749113
0.510298 0.749113
0.510397 0.749113
0.510496 0.747931
0.510595 0.747636
0.510694 0.747636
0.510793 0.747636
0.510892 0.747340
0.510992 0.747340
0.511091 0.747340
0.511190 0.747045
0.511289 0.746749
0.511388 0.746749
0.511487 0.746749
0.511586 0.745863
0.511685 0.745567
0.511784 0.745567
0.511883 0.745272
0.511982 0.744976
0.512081 0.744681
0.512181 0.744681
0.512280 0.744681
0.512379 0.744681
0.512478 0.744681
0.512577 0.744681
0.512676 0.744681
0.512775 0.744681
0.512874 0.744681
0.512973 0.744681
0.513072 0.744681
0.513171 0.744681
0.513270 0.744681
0.513369 0.744385
0.513469 0.744385
0.513568 0.744090
0.513667 0.744090
0.513766 0.744090
0.513865 0.743794
0.513964 0.743794
0.514063 0.743794
0.514162 0.743794
0.514261 0.743794
0.514360 0.743794
0.514459 0.743794
0.514558 0.743499
0.514658 0.743203
0.514757 0.743203
0.514856 0.743203
0.514955 0.742908
0.515054 0.742908
0.515153 0.742908
0.515252 0.742908
0.515351 0.742908
0.515450 0.742908
0.515549 0.742908
0.515648 0.742908
0.515747 0.742908
0.515846 0.742612
0.515946 0.742612
0.516045 0.742317
0.516144 0.742317
0.516243 0.742317
0.516342 0.742317
0.516441 0.742317
0.516540 0.742021
0.516639 0.742021
0.516738 0.742021
0.516837 0.742021
0.516936 0.742021
0.517035 0.742021
0.517135 0.741726
0.517234 0.741430
0.517333 0.741430
0.517432 0.741430
0.517531 0.741430
0.517630 0.741135
0.517729 0.741135
0.517828 0.740544
0.517927 0.740248
0.518026 0.740248
0.518125 0.740248
0.518224 0.739953
0.518323 0.739657
0.518423 0.739657
0.518522 0.739657
0.518621 0.739362
0.518720 0.738771
0.518819 0.738771
0.518918 0.738475
0.519017 0.738475
0.519116 0.738475
0.519215 0.738475
0.519314 0.738475
0.519413 0.738475
0.519512 0.738475
0.519612 0.738475
0.519711 0.738475
0.519810 0.738475
0.519909 0.738475
0.520008 0.738475
0.520107 0.738475
0.520206 0.738475
0.520305 0.738475
0.520404 0.738475
0.520503 0.738475
0.520602 0.738475
0.520701 0.738475
0.520800 0.738180
0.520900 0.737884
0.520999 0.737884
0.521098 0.737293
0.521197 0.737293
0.521296 0.737293
0.521395 0.737293
0.521494 0.737293
0.521593 0.737293
0.521692 0.737293
0.521791 0.737293
0.521890 0.737293
0.521989 0.736702
0.522089 0.736702
0.522188 0.736702
0.522287 0.736407
0.522386 0.736407
0.522485 0.736407
0.522584 0.736407
0.522683 0.736407
0.522782 0.736407
0.522881 0.736407
0.522980 0.736407
0.523079 0.736407
0.523178 0.736111
0.523277 0.735816
0.523377 0.735816
0.523476 0.735816
0.523575 0.735816
0.523674 0.735816
0.523773 0.735816
0.523872 0.735816
0.523971 0.735816
0.524070 0.735816
0.524169 0.735816
0.524268 0.735816
0.524367 0.735816
0.524466 0.735816
0.524566 0.735816
0.524665 0.735816
0.524764 0.735816
0.524863 0.735816
0.524962 0.735816
0.525061 0.735520
0.525160 0.735520
0.525259 0.735225
0.525358 0.735225
0.525457 0.735225
0.525556 0.734929
0.525655 0.734929
0.525754 0.734634
0.525854 0.734634
0.525953 0.734634
0.526052 0.734338
0.526151 0.734043
0.526250 0.734043
0.526349 0.733747
0.526448 0.733747
0.526547 0.733747
0.526646 0.733747
0.526745 0.733747
0.526844 0.733747
0.526943 0.733156
0.527043 0.733156
0.527142 0.732565
0.527241 0.732270
0.527340 0.732270
0.527439 0.732270
0.527538 0.731974
0.527637 0.731678
0.527736 0.731678
0.527835 0.731678
0.527934 0.731678
0.528033 0.731678
0.528132 0.731678
0.528232 0.731678
0.528331 0.731383
0.528430 0.731383
0.528529 0.731087
0.528628 0.731087
0.528727 0.731087
0.528826 0.731087
0.528925 0.730792
0.529024 0.730792
0.529123 0.730496
0.529222 0.730201
0.529321 0.730201
0.529420 0.730201
0.529520 0.730201
0.529619 0.730201
0.529718 0.730201
0.529817 0.730201
0.529916 0.730201
0.530015 0.730201
0.530114 0.730201
0.530213 0.730201
0.530312 0.730201
0.530411 0.729905
0.530510 0.729905
0.530609 0.729905
0.530709 0.729905
0.530808 0.729905
0.530907 0.729905
0.531006 0.729314
0.531105 0.729314
0.531204 0.729314
0.531303 0.729314
0.531402 0.729314
0.531501 0.729019
0.531600 0.729019
0.531699 0.729019
0.531798 0.729019
0.531897 0.728428
0.531997 0.728428
0.532096 0.728132
0.532195 0.728132
0.532294 0.727837
0.532393 0.727837
0.532492 0.727837
0.532591 0.727837
0.532690 0.727541
0.532789 0.727541
0.532888 0.727541
0.532987 0.727246
0.533086 0.726950
0.533186 0.726950
0.533285 0.726359
0.533384 0.726359
0.533483 0.726359
0.533582 0.726359
0.533681 0.726359
0.533780 0.725473
0.533879 0.725473
0.533978 0.725473
0.534077 0.725473
0.534176 0.725177
0.534275 0.725177
0.534374 0.724291
0.534474 0.724291
0.534573 0.724291
0.534672 0.724291
0.534771 0.724291
0.534870 0.724291
0.534969 0.723995
0.535068 0.723995
0.535167 0.723995
0.535266 0.723700
0.535365 0.723404
0.535464 0.722813
0.535563 0.722222
0.535663 0.722222
0.535762 0.722222
0.535861 0.722222
0.535960 0.721927
0.536059 0.721336
0.536158 0.721336
0.536257 0.721336
0.536356 0.721040
0.536455 0.721040
0.536554 0.721040
0.536653 0.721040
0.536752 0.720745
0.536851 0.720449
0.536951 0.720449
0.537050 0.720449
0.537149 0.720449
0.537248 0.720449
0.537347 0.720449
0.537446 0.719858
0.537545 0.719858
0.537644 0.719858
0.537743 0.719267
0.537842 0.718972
0.537941 0.718972
0.538040 0.718972
0.538140 0.718972
0.538239 0.718972
0.538338 0.718972
0.538437 0.718972
0.538536 0.718381
0.538635 0.718085
0.538734 0.718085
0.538833 0.717494
0.538932 0.717494
0.539031 0.717494
0.539130 0.717494
0.539229 0.717494
0.539328 0.717199
0.539428 0.717199
0.539527 0.717199
0.539626 0.717199
0.539725 0.716903
0.539824 0.716903
0.539923 0.716903
0.540022 0.716903
0.540121 0.716608
0.540220 0.716608
0.540319 0.716608
0.540418 0.716608
0.540517 0.716608
0.540617 0.716312
0.540716 0.716312
0.540815 0.716312
0.540914 0.716017
0.541013 0.716017
0.541112 0.716017
0.541211 0.715721
0.541310 0.715721
0.541409 0.715721
0.541508 0.715426
0.541607 0.715426
0.541706 0.715426
0.541805 0.715426
0.541905 0.715426
0.542004 0.715426
0.542103 0.715426
0.542202 0.715426
0.542301 0.715426
0.542400 0.715426
0.542499 0.715426
0.542598 0.715426
0.542697 0.715426
0.542796 0.715426
0.542895 0.715130
0.542994 0.714539
0.543094 0.714539
0.543193 0.714539
0.543292 0.714539
0.543391 0.714243
0.543490 0.714243
0.543589 0.713948
0.543688 0.713652
0.543787 0.713652
0.543886 0.713652
0.543985 0.713652
0.544084 0.713652
0.544183 0.712470
0.544282 0.712470
0.544382 0.712175
0.544481 0.712175
0.544580 0.712175
0.544679 0.712175
0.544778 0.712175
0.544877 0.712175
0.544976 0.712175
0.545075 0.711879
0.545174 0.711879
0.545273 0.711879
0.545372 0.711879
0.545471 0.711879
0.545571 0.711879
0.545670 0.711879
0.545769 0.711879
0.545868 0.711879
0.545967 0.711879
0.546066 0.711879
0.546165 0.711879
0.546264 0.711879
0.546363 0.711879
0.546462 0.711288
0.546561 0.710993
0.546660 0.710993
0.546759 0.710993
0.546859 0.710993
0.546958 0.710697
0.547057 0.710402
0.547156 0.710402
0.547255 0.710402
0.547354 0.710106
0.547453 0.710106
0.547552 0.710106
0.547651 0.710106
0.547750 0.709811
0.547849 0.709811
0.547948 0.709811
0.548048 0.709515
0.548147 0.709220
0.548246 0.708924
0.548345 0.708924
0.548444 0.708629
0.548543 0.708629
0.548642 0.708333
0.548741 0.708333
0.548840 0.708333
0.548939 0.708038
0.549038 0.708038
0.549137 0.707742
0.549236 0.707742
0.549336 0.707742
0.549435 0.707742
0.549534 0.707742
0.549633 0.707742
0.549732 0.707742
0.549831 0.707742
0.549930 0.707447
0.550029 0.707447
0.550128 0.707447
0.550227 0.707151
0.550326 0.707151
0.550425 0.706856
0.550525 0.706856
0.550624 0.706856
0.550723 0.706560
0.550822 0.706560
0.550921 0.706560
0.551020 0.706560
0.551119 0.706560
0.551218 0.706560
0.551317 0.706265
0.551416 0.706265
0.551515 0.705969
0.551614 0.705378
0.551713 0.705083
0.551813 0.705083
0.551912 0.705083
0.552011 0.705083
0.552110 0.705083
0.552209 0.705083
0.552308 0.705083
0.552407 0.704196
0.552506 0.704196
0.552605 0.704196
0.552704 0.703901
0.552803 0.703605
0.552902 0.703310
0.553002 0.703310
0.553101 0.703014
0.553200 0.703014
0.553299 0.703014
0.553398 0.703014
0.553497 0.702719
0.553596 0.702719
0.553695 0.702719
0.553794 0.702423
0.553893 0.702423
0.553992 0.702423
0.554091 0.702423
0.554190 0.702423
0.554290 0.702423
0.554389 0.702423
0.554488 0.702128
0.554587 0.702128
0.554686 0.701832
0.554785 0.701832
0.554884 0.701832
0.554983 0.701832
0.555082 0.701832
0.555181 0.701832
0.555280 0.701537
0.555379 0.701537
0.555479 0.701537
0.555578 0.701537
0.555677 0.701537
0.555776 0.701241
0.555875 0.700946
0.555974 0.700946
0.556073 0.700946
0.556172 0.700650
0.556271 0.700650
0.556370 0.700355
0.556469 0.700355
0.556568 0.700355
0.556667 0.700059
0.556767 0.699764
0.556866 0.699468
0.556965 0.699468
0.557064 0.699468
0.557163 0.699173
0.557262 0.699173
0.557361 0.699173
0.557460 0.699173
0.557559 0.698877
0.557658 0.698582
0.557757 0.698286
0.557856 0.698286
0.557956 0.697991
0.558055 0.697991
0.558154 0.697991
0.558253 0.697695
0.558352 0.697695
0.558451 0.697400
0.558550 0.697400
0.558649 0.697104
0.558748 0.696809
0.558847 0.696809
0.558946 0.696809
0.559045 0.696513
0.559145 0.696513
0.559244 0.696513
0.559343 0.696217
0.559442 0.695922
0.559541 0.695922
0.559640 0.695626
0.559739 0.695626
0.559838 0.695626
0.559937 0.695626
0.560036 0.695035
0.560135 0.695035
0.560234 0.695035
0.560333 0.695035
0.560433 0.694740
0.560532 0.694740
0.560631 0.694444
0.560730 0.694444
0.560829 0.694149
0.560928 0.694149
0.561027 0.694149
0.561126 0.694149
0.561225 0.693558
0.561324 0.693558
0.561423 0.693558
0.561522 0.693262
0.561622 0.693262
0.561721 0.693262
0.561820 0.692967
0.561919 0.692967
0.562018 0.692967
0.562117 0.692967
0.562216 0.692671
0.562315 0.692376
0.562414 0.692080
0.562513 0.692080
0.562612 0.692080
0.562711 0.692080
0.562810 0.692080
0.562910 0.691785
0.563009 0.691785
0.563108 0.691785
0.563207 0.691785
0.563306 0.691785
0.563405 0.691489
0.563504 0.691489
0.563603 0.691489
0.563702 0.691489
0.563801 0.691489
0.563900 0.691489
0.563999 0.691194
0.564099 0.691194
0.564198 0.691194
0.564297 0.691194
0.564396 0.691194
0.564495 0.691194
0.564594 0.691194
0.564693 0.691194
0.564792 0.691194
0.564891 0.691194
0.564990 0.691194
0.565089 0.691194
0.565188 0.691194
0.565287 0.691194
0.565387 0.691194
0.565486 0.691194
0.565585 0.690898
0.565684 0.690603
0.565783 0.690603
0.565882 0.690307
0.565981 0.690307
0.566080 0.690307
0.566179 0.690307
0.566278 0.690307
0.566377 0.690307
0.566476 0.690307
0.566576 0.690307
0.566675 0.690307
0.566774 0.690307
0.566873 0.690012
0.566972 0.690012
0.567071 0.690012
0.567170 0.690012
0.567269 0.690012
0.567368 0.689421
0.567467 0.689421
0.567566 0.688830
0.567665 0.688830
0.567764 0.688830
0.567864 0.688830
0.567963 0.688534
0.568062 0.688534
0.568161 0.688239
0.568260 0.688239
0.568359 0.688239
0.568458 0.688239
0.568557 0.688239
0.568656 0.687943
0.568755 0.687943
0.568854 0.687648
0.568953 0.687057
0.569053 0.687057
0.569152 0.687057
0.569251 0.686761
0.569350 0.686761
0.569449 0.686761
0.569548 0.686466
0.569647 0.686466
0.569746 0.686466
0.569845 0.686466
0.569944 0.686466
0.570043 0.686466
0.570142 0.686466
0.570241 0.686466
0.570341 0.686466
0.570440 0.686466
0.570539 0.686466
0.570638 0.685875
0.570737 0.685875
0.570836 0.685875
0.570935 0.685875
0.571034 0.685875
0.571133 0.685875
0.571232 0.685875
0.571331 0.685875
0.571430 0.685579
0.571530 0.685284
0.571629 0.684988
0.571728 0.684988
0.571827 0.684988
0.571926 0.684988
0.572025 0.684988
0.572124 0.684988
0.572223 0.684988
0.572322 0.684693
0.572421 0.684102
0.572520 0.684102
0.572619 0.684102
0.572718 0.683806
0.572818 0.683806
0.572917 0.683806
0.573016 0.683511
0.573115 0.682920
0.573214 0.682920
0.573313 0.682920
0.573412 0.682920
0.573511 0.682920
0.573610 0.682624
0.573709 0.682624
0.573808 0.682329
0.573907 0.682329
0.574007 0.682329
0.574106 0.682329
0.574205 0.682033
0.574304 0.681738
0.574403 0.681738
0.574502 0.681738
0.574601 0.681738
0.574700 0.681738
0.574799 0.681442
0.574898 0.681147
0.574997 0.681147
0.575096 0.681147
0.575195 0.681147
0.575295 0.681147
0.575394 0.681147
0.575493 0.681147
0.575592 0.681147
0.575691 0.681147
0.575790 0.681147
0.575889 0.680851
0.575988 0.680851
0.576087 0.680851
0.576186 0.680851
0.576285 0.680851
0.576384 0.680851
0.576484 0.680260
0.576583 0.680260
0.576682 0.680260
0.576781 0.680260
0.576880 0.679965
0.576979 0.679965
0.577078 0.679965
0.577177 0.679965
0.577276 0.679965
0.577375 0.679965
0.577474 0.679669
0.577573 0.679669
0.577672 0.679669
0.577772 0.679669
0.577871 0.679669
0.577970 0.679669
0.578069 0.679374
0.578168 0.679374
0.578267 0.679374
0.578366 0.679078
0.578465 0.679078
0.578564 0.679078
0.578663 0.679078
0.578762 0.678487
0.578861 0.678487
0.578961 0.678487
0.579060 0.678487
0.579159 0.678487
0.579258 0.678487
0.579357 0.678487
0.579456 0.678487
0.579555 0.678487
0.579654 0.678487
0.579753 0.678191
0.579852 0.677896
0.579951 0.677305
0.580050 0.677009
0.580149 0.677009
0.580249 0.676714
0.580348 0.676123
0.580447 0.675827
0.580546 0.675827
0.580645 0.675827
0.580744 0.675827
0.580843 0.675532
0.580942 0.675532
0.581041 0.675532
0.581140 0.675532
0.581239 0.674645
0.581338 0.674645
0.581438 0.674645
0.581537 0.674645
0.581636 0.674645
0.581735 0.674645
0.581834 0.674645
0.581933 0.674054
0.582032 0.673759
0.582131 0.673759
0.582230 0.673759
0.582329 0.673759
0.582428 0.673463
0.582527 0.673463
0.582626 0.673463
0.582726 0.673463
0.582825 0.673463
0.582924 0.673463
0.583023 0.673463
0.583122 0.673463
0.583221 0.673168
0.583320 0.672872
0.583419 0.672577
0.583518 0.672281
0.583617 0.672281
0.583716 0.672281
0.583815 0.672281
0.583915 0.672281
0.584014 0.672281
0.584113 0.672281
0.584212 0.672281
0.584311 0.672281
0.584410 0.672281
0.584509 0.671986
0.584608 0.671986
0.584707 0.671690
0.584806 0.671690
0.584905 0.671395
0.585004 0.671395
0.585103 0.671099
0.585203 0.671099
0.585302 0.671099
0.585401 0.671099
0.585500 0.671099
0.585599 0.671099
0.585698 0.671099
0.585797 0.671099
0.585896 0.671099
0.585995 0.671099
0.586094 0.671099
0.586193 0.671099
0.586292 0.671099
0.586392 0.671099
0.586491 0.671099
0.586590 0.671099
0.586689 0.671099
0.586788 0.670804
0.586887 0.670508
0.586986 0.670508
0.587085 0.670508
0.587184 0.670508
0.587283 0.670508
0.587382 0.670508
0.587481 0.670508
0.587580 0.669917
0.587680 0.669917
0.587779 0.669622
0.587878 0.669622
0.587977 0.669622
0.588076 0.669622
0.588175 0.669326
0.588274 0.669031
0.588373 0.669031
0.588472 0.669031
0.588571 0.668735
0.588670 0.668735
0.588769 0.668735
0.588869 0.668735
0.588968 0.668735
0.589067 0.668144
0.589166 0.668144
0.589265 0.668144
0.589364 0.667553
0.589463 0.667258
0.589562 0.667258
0.589661 0.667258
0.589760 0.667258
0.589859 0.667258
0.589958 0.667258
0.590058 0.666962
0.590157 0.666962
0.590256 0.666962
0.590355 0.666962
0.590454 0.666667
0.590553 0.666371
0.590652 0.666371
0.590751 0.666076
0.590850 0.665485
0.590949 0.665485
0.591048 0.665189
0.591147 0.664894
0.591246 0.664894
0.591346 0.664598
0.591445 0.664598
0.591544 0.664303
0.591643 0.664303
0.591742 0.664303
0.591841 0.664007
0.591940 0.664007
0.592039 0.664007
0.592138 0.664007
0.592237 0.664007
0.592336 0.664007
0.592435 0.663712
0.592535 0.663712
0.592634 0.663712
0.592733 0.663712
0.592832 0.663416
0.592931 0.663121
0.593030 0.662825
0.593129 0.662825
0.593228 0.662825
0.593327 0.662825
0.593426 0.662234
0.593525 0.662234
0.593624 0.662234
0.593723 0.661939
0.593823 0.661939
0.593922 0.661939
0.594021 0.661643
0.594120 0.661643
0.594219 0.661643
0.594318 0.661643
0.594417 0.661052
0.594516 0.661052
0.594615 0.660757
0.594714 0.660757
0.594813 0.660757
0.594912 0.660757
0.595012 0.660757
0.595111 0.660757
0.595210 0.660757
0.595309 0.660461
0.595408 0.660461
0.595507 0.660165
0.595606 0.659574
0.595705 0.658983
0.595804 0.658392
0.595903 0.658097
0.596002 0.658097
0.596101 0.657801
0.596200 0.657801
0.596300 0.657801
0.596399 0.657801
0.596498 0.657801
0.596597 0.657801
0.596696 0.657506
0.596795 0.657210
0.596894 0.657210
0.596993 0.657210
0.597092 0.656915
0.597191 0.656915
0.597290 0.656619
0.597389 0.656324
0.597489 0.656324
0.597588 0.656324
0.597687 0.655733
0.597786 0.655437
0.597885 0.655142
0.597984 0.655142
0.598083 0.654846
0.598182 0.654551
0.598281 0.654255
0.598380 0.653960
0.598479 0.653960
0.598578 0.653960
0.598677 0.653369
0.598777 0.653369
0.598876 0.653369
0.598975 0.653369
0.599074 0.653073
0.599173 0.653073
0.599272 0.653073
0.599371 0.653073
0.599470 0.653073
0.599569 0.653073
0.599668 0.652778
0.599767 0.652482
0.599866 0.652482
0.599966 0.652482
0.600065 0.651300
0.600164 0.651300
0.600263 0.651005
0.600362 0.651005
0.600461 0.651005
0.600560 0.650709
0.600659 0.650709
0.600758 0.650709
0.600857 0.650709
0.600956 0.650414
0.601055 0.649823
0.601154 0.649527
0.601254 0.649527
0.601353 0.649232
0.601452 0.649232
0.601551 0.649232
0.601650 0.648936
0.601749 0.648936
0.601848 0.648936
0.601947 0.648936
0.602046 0.648936
0.602145 0.648936
0.602244 0.648641
0.602343 0.648345
0.602443 0.648345
0.602542 0.648345
0.602641 0.648050
0.602740 0.647754
0.602839 0.647754
0.602938 0.647754
0.603037 0.647754
0.603136 0.647754
0.603235 0.647754
0.603334 0.647459
0.603433 0.647459
0.603532 0.647459
0.603631 0.647459
0.603731 0.647163
0.603830 0.646868
0.603929 0.646868
0.604028 0.646868
0.604127 0.646868
0.604226 0.646572
0.604325 0.646572
0.604424 0.646572
0.604523 0.646572
0.604622 0.646572
0.604721 0.646572
0.604820 0.646277
0.604920 0.646277
0.605019 0.646277
0.605118 0.645981
0.605217 0.645981
0.605316 0.645981
0.605415 0.645686
0.605514 0.645686
0.605613 0.645686
0.605712 0.645095
0.605811 0.645095
0.605910 0.644799
0.606009 0.644504
0.606108 0.643913
0.606208 0.643913
0.606307 0.643913
0.606406 0.643617
0.606505 0.643617
0.606604 0.643617
0.606703 0.643617
0.606802 0.643617
0.606901 0.643617
0.607000 0.643322
0.607099 0.643322
0.607198 0.643026
0.607297 0.642730
0.607397 0.642435
0.607496 0.642139
0.607595 0.641844
0.607694 0.641844
0.607793 0.641844
0.607892 0.641844
0.607991 0.641844
0.608090 0.641844
0.608189 0.641844
0.608288 0.641844
0.608387 0.641844
0.608486 0.641844
0.608585 0.641844
0.608685 0.641548
0.608784 0.641253
0.608883 0.641253
0.608982 0.640957
0.609081 0.640662
0.609180 0.640662
0.609279 0.640662
0.609378 0.640662
0.609477 0.640662
0.609576 0.640366
0.609675 0.640366
0.609774 0.640366
0.609874 0.640366
0.609973 0.640366
0.610072 0.640366
0.610171 0.639775
0.610270 0.639775
0.610369 0.639775
0.610468 0.639775
0.610567 0.639775
0.610666 0.639775
0.610765 0.639775
0.610864 0.639775
0.610963 0.639775
0.611062 0.639775
0.611162 0.639775
0.611261 0.639775
0.611360 0.639775
0.611459 0.639480
0.611558 0.639480
0.611657 0.639184
0.611756 0.639184
0.611855 0.639184
0.611954 0.639184
0.612053 0.638298
0.612152 0.638002
0.612251 0.638002
0.612351 0.637707
0.612450 0.637707
0.612549 0.637707
0.612648 0.637707
0.612747 0.637707
0.612846 0.637707
0.612945 0.637411
0.613044 0.637116
0.613143 0.637116
0.613242 0.637116
0.613341 0.636820
0.613440 0.636820
0.613539 0.636820
0.613639 0.636820
0.613738 0.635934
0.613837 0.635934
0.613936 0.635934
0.614035 0.635934
0.614134 0.635934
0.614233 0.635934
0.614332 0.635934
0.614431 0.635934
0.614530 0.635934
0.614629 0.635934
0.614728 0.635934
0.614828 0.635934
0.614927 0.635638
0.615026 0.635638
0.615125 0.635638
0.615224 0.635638
0.615323 0.635638
0.615422 0.635343
0.615521 0.635343
0.615620 0.635343
0.615719 0.635047
0.615818 0.634752
0.615917 0.634752
0.616016 0.634752
0.616116 0.634752
0.616215 0.634752
0.616314 0.634752
0.616413 0.634456
0.616512 0.634161
0.616611 0.633865
0.616710 0.633865
0.616809 0.633865
0.616908 0.633570
0.617007 0.633570
0.617106 0.633570
0.617205 0.632683
0.617305 0.632092
0.617404 0.631797
0.617503 0.631797
0.617602 0.631501
0.617701 0.631501
0.617800 0.631206
0.617899 0.631206
0.617998 0.631206
0.618097 0.630910
0.618196 0.630910
0.618295 0.630910
0.618394 0.630910
0.618493 0.630615
0.618593 0.630615
0.618692 0.630615
0.618791 0.630319
0.618890 0.630319
0.618989 0.630024
0.619088 0.629728
0.619187 0.629728
0.619286 0.629728
0.619385 0.629728
0.619484 0.629433
0.619583 0.629433
0.619682 0.629433
0.619782 0.629433
0.619881 0.629137
0.619980 0.629137
0.620079 0.629137
0.620178 0.629137
0.620277 0.629137
0.620376 0.629137
0.620475 0.629137
0.620574 0.629137
0.620673 0.629137
0.620772 0.629137
0.620871 0.628842
0.620971 0.628842
0.621070 0.628842
0.621169 0.628842
0.621268 0.628842
0.621367 0.628842
0.621466 0.628842
0.621565 0.628842
0.621664 0.628842
0.621763 0.628842
0.621862 0.628842
0.621961 0.628546
0.622060 0.627955
0.622159 0.627660
0.622259 0.627660
0.622358 0.627660
0.622457 0.627660
0.622556 0.627660
0.622655 0.627660
0.622754 0.627660
0.622853 0.627364
0.622952 0.627364
0.623051 0.627364
0.623150 0.627364
0.623249 0.627364
0.623348 0.627364
0.623448 0.627364
0.623547 0.627364
0.623646 0.627364
0.623745 0.626773
0.623844 0.626478
0.623943 0.626478
0.624042 0.626478
0.624141 0.626182
0.624240 0.626182
0.624339 0.625887
0.624438 0.625887
0.624537 0.625887
0.624636 0.625296
0.624736 0.625000
0.624835 0.624409
0.624934 0.624409
0.625033 0.624113
0.625132 0.624113
0.625231 0.624113
0.625330 0.624113
0.625429 0.624113
0.625528 0.623818
0.625627 0.623818
0.625726 0.623522
0.625825 0.623227
0.625925 0.623227
0.626024 0.622931
0.626123 0.622931
0.626222 0.622931
0.626321 0.622931
0.626420 0.622931
0.626519 0.622636
0.626618 0.622636
0.626717 0.622045
0.626816 0.621749
0.626915 0.621454
0.627014 0.621454
0.627113 0.620863
0.627213 0.620863
0.627312 0.620863
0.627411 0.620567
0.627510 0.620272
0.627609 0.619976
0.627708 0.619385
0.627807 0.619385
0.627906 0.619385
0.628005 0.619385
0.628104 0.619090
0.628203 0.618499
0.628302 0.618203
0.628402 0.618203
0.628501 0.617908
0.628600 0.617612
0.628699 0.617612
0.628798 0.617612
0.628897 0.617317
0.628996 0.617317
0.629095 0.617021
0.629194 0.616726
0.629293 0.616726
0.629392 0.616726
0.629491 0.616135
0.629590 0.616135
0.629690 0.615839
0.629789 0.615839
0.629888 0.615839
0.629987 0.615544
0.630086 0.615544
0.630185 0.615544
0.630284 0.615544
0.630383 0.615248
0.630482 0.615248
0.630581 0.615248
0.630680 0.615248
0.630779 0.615248
0.630879 0.615248
0.630978 0.615248
0.631077 0.615248
0.631176 0.615248
0.631275 0.615248
0.631374 0.614953
0.631473 0.614657
0.631572 0.614657
0.631671 0.614657
0.631770 0.614657
0.631869 0.614657
0.631968 0.614657
0.632067 0.614362
0.632167 0.614066
0.632266 0.614066
0.632365 0.614066
0.632464 0.614066
0.632563 0.614066
0.632662 0.614066
0.632761 0.613771
0.632860 0.613771
0.632959 0.613475
0.633058 0.613475
0.633157 0.613180
0.633256 0.613180
0.633356 0.613180
0.633455 0.613180
0.633554 0.613180
0.633653 0.612884
0.633752 0.612884
0.633851 0.612884
0.633950 0.612589
0.634049 0.612589
0.634148 0.612589
0.634247 0.612589
0.634346 0.611998
0.634445 0.611998
0.634544 0.611702
0.634644 0.611702
0.634743 0.611702
0.634842 0.611407
0.634941 0.611407
0.635040 0.611407
0.635139 0.611407
0.635238 0.611111
0.635337 0.611111
0.635436 0.611111
0.635535 0.611111
0.635634 0.611111
0.635733 0.610225
0.635833 0.609929
0.635932 0.609929
0.636031 0.609634
0.636130 0.609634
0.636229 0.609634
0.636328 0.609634
0.636427 0.609634
0.636526 0.609634
0.636625 0.609043
0.636724 0.609043
0.636823 0.608156
0.636922 0.608156
0.637021 0.607861
0.637121 0.607565
0.637220 0.607565
0.637319 0.607565
0.637418 0.607565
0.637517 0.606678
0.637616 0.606383
0.637715 0.606383
0.637814 0.606383
0.637913 0.606087
0.638012 0.605792
0.638111 0.605792
0.638210 0.605792
0.638310 0.605496
0.638409 0.605496
0.638508 0.605201
0.638607 0.605201
0.638706 0.605201
0.638805 0.605201
0.638904 0.605201
0.639003 0.604905
0.639102 0.604905
0.639201 0.604905
0.639300 0.604610
0.639399 0.604314
0.639498 0.604314
0.639598 0.604314
0.639697 0.604314
0.639796 0.604314
0.639895 0.604314
0.639994 0.604314
0.640093 0.604019
0.640192 0.604019
0.640291 0.604019
0.640390 0.604019
0.640489 0.603723
0.640588 0.603723
0.640687 0.603428
0.640787 0.603428
0.640886 0.602837
0.640985 0.602837
0.641084 0.602837
0.641183 0.602541
0.641282 0.602541
0.641381 0.602541
0.641480 0.602541
0.641579 0.602246
0.641678 0.602246
0.641777 0.602246
0.641876 0.602246
0.641975 0.602246
0.642075 0.602246
0.642174 0.601655
0.642273 0.601655
0.642372 0.601359
0.642471 0.601359
0.642570 0.601359
0.642669 0.601064
0.642768 0.601064
0.642867 0.601064
0.642966 0.600768
0.643065 0.600768
0.643164 0.600768
0.643264 0.600473
0.643363 0.600473
0.643462 0.600473
0.643561 0.600177
0.643660 0.600177
0.643759 0.600177
0.643858 0.599882
0.643957 0.599291
0.644056 0.599291
0.644155 0.598995
0.644254 0.598995
0.644353 0.598995
0.644452 0.598404
0.644552 0.598404
0.644651 0.598109
0.644750 0.597813
0.644849 0.597813
0.644948 0.597813
0.645047 0.597518
0.645146 0.597518
0.645245 0.597518
0.645344 0.597518
0.645443 0.597518
0.645542 0.596927
0.645641 0.596631
0.645741 0.596336
0.645840 0.596336
0.645939 0.596040
0.646038 0.596040
0.646137 0.595745
0.646236 0.595745
0.646335 0.595745
0.646434 0.595745
0.646533 0.595449
0.646632 0.595449
0.646731 0.595449
0.646830 0.595449
0.646929 0.595449
0.647029 0.595449
0.647128 0.595449
0.647227 0.594563
0.647326 0.594563
0.647425 0.594267
0.647524 0.593972
0.647623 0.593972
0.647722 0.593972
0.647821 0.593676
0.647920 0.593676
0.648019 0.593676
0.648118 0.593676
0.648218 0.593676
0.648317 0.593676
0.648416 0.593676
0.648515 0.593676
0.648614 0.593676
0.648713 0.593676
0.648812 0.593676
0.648911 0.593676
0.649010 0.593676
0.649109 0.593676
0.649208 0.593676
0.649307 0.593381
0.649406 0.593085
0.649506 0.593085
0.649605 0.592494
0.649704 0.592199
0.649803 0.592199
0.649902 0.592199
0.650001 0.591903
0.650100 0.591903
0.650199 0.591903
0.650298 0.591608
0.650397 0.591608
0.650496 0.591608
0.650595 0.591608
0.650695 0.591608
0.650794 0.591608
0.650893 0.591608
0.650992 0.591608
0.651091 0.591312
0.651190 0.590721
0.651289 0.590721
0.651388 0.590426
0.651487 0.590426
0.651586 0.590426
0.651685 0.590426
0.651784 0.590426
0.651884 0.590130
0.651983 0.590130
0.652082 0.590130
0.652181 0.590130
0.652280 0.589539
0.652379 0.589539
0.652478 0.589539
0.652577 0.589243
0.652676 0.588948
0.652775 0.588948
0.652874 0.588948
0.652973 0.588652
0.653072 0.588652
0.653172 0.588652
0.653271 0.588652
0.653370 0.588652
0.653469 0.588357
0.653568 0.588061
0.653667 0.588061
0.653766 0.588061
0.653865 0.588061
0.653964 0.587766
0.654063 0.587470
0.654162 0.587470
0.654261 0.587470
0.654361 0.587175
0.654460 0.587175
0.654559 0.586879
0.654658 0.586584
0.654757 0.586584
0.654856 0.586584
0.654955 0.586288
0.655054 0.586288
0.655153 0.586288
0.655252 0.585697
0.655351 0.585402
0.655450 0.585402
0.655549 0.585106
0.655649 0.584811
0.655748 0.584515
0.655847 0.584515
0.655946 0.584515
0.656045 0.584515
0.656144 0.584515
0.656243 0.584515
0.656342 0.584515
0.656441 0.584515
0.656540 0.584220
0.656639 0.583924
0.656738 0.583629
0.656838 0.583333
0.656937 0.583333
0.657036 0.583333
0.657135 0.583333
0.657234 0.583333
0.657333 0.583333
0.657432 0.583333
0.657531 0.583333
0.657630 0.583333
0.657729 0.583333
0.657828 0.583333
0.657927 0.583333
0.658026 0.583333
0.658126 0.583333
0.658225 0.583333
0.658324 0.583333
0.658423 0.583333
0.658522 0.583333
0.658621 0.583038
0.658720 0.582742
0.658819 0.582742
0.658918 0.582742
0.659017 0.582742
0.659116 0.582742
0.659215 0.582742
0.659315 0.582447
0.659414 0.582151
0.659513 0.581856
0.659612 0.581856
0.659711 0.581560
0.659810 0.581560
0.659909 0.581560
0.660008 0.581265
0.660107 0.581265
0.660206 0.581265
0.660305 0.581265
0.660404 0.580969
0.660503 0.580969
0.660603 0.580969
0.660702 0.580969
0.660801 0.580969
0.660900 0.580674
0.660999 0.580674
0.661098 0.580674
0.661197 0.580674
0.661296 0.580674
0.661395 0.580674
0.661494 0.580674
0.661593 0.580674
0.661692 0.580674
0.661792 0.580674
0.661891 0.580674
0.661990 0.580674
0.662089 0.580674
0.662188 0.580378
0.662287 0.580378
0.662386 0.580378
0.662485 0.580378
0.662584 0.580378
0.662683 0.580083
0.662782 0.580083
0.662881 0.579787
0.662980 0.579787
0.663080 0.579492
0.663179 0.579492
0.663278 0.579492
0.663377 0.579492
0.663476 0.579196
0.663575 0.579196
0.663674 0.579196
0.663773 0.579196
0.663872 0.578901
0.663971 0.578901
0.664070 0.578901
0.664169 0.578310
0.664269 0.578310
0.664368 0.578310
0.664467 0.578014
0.664566 0.578014
0.664665 0.578014
0.664764 0.578014
0.664863 0.578014
0.664962 0.578014
0.665061 0.578014
0.665160 0.577719
0.665259 0.577719
0.665358 0.577719
0.665457 0.577719
0.665557 0.577719
0.665656 0.577719
0.665755 0.577719
0.665854 0.577423
0.665953 0.577423
0.666052 0.577128
0.666151 0.577128
0.666250 0.576832
0.666349 0.576832
0.666448 0.576832
0.666547 0.576832
0.666646 0.576537
0.666746 0.576537
0.666845 0.576537
0.666944 0.576241
0.667043 0.576241
0.667142 0.576241
0.667241 0.575059
0.667340 0.575059
0.667439 0.575059
0.667538 0.575059
0.667637 0.575059
0.667736 0.574764
0.667835 0.574764
0.667934 0.574173
0.668034 0.573877
0.668133 0.573877
0.668232 0.573877
0.668331 0.573877
0.668430 0.573877
0.668529 0.573286
0.668628 0.573286
0.668727 0.573286
0.668826 0.572695
0.668925 0.572695
0.669024 0.572695
0.669123 0.572400
0.669223 0.572400
0.669322 0.572400
0.669421 0.572104
0.669520 0.572104
0.669619 0.572104
0.669718 0.572104
0.669817 0.572104
0.669916 0.572104
0.670015 0.572104
0.670114 0.572104
0.670213 0.571809
0.670312 0.571809
0.670411 0.571809
0.670511 0.571809
0.670610 0.571809
0.670709 0.571809
0.670808 0.571809
0.670907 0.571809
0.671006 0.571513
0.671105 0.571513
0.671204 0.571513
0.671303 0.571513
0.671402 0.571513
0.671501 0.571217
0.671600 0.571217
0.671700 0.570922
0.671799 0.570626
0.671898 0.570331
0.671997 0.570331
0.672096 0.570035
0.672195 0.570035
0.672294 0.569740
0.672393 0.569444
0.672492 0.569444
0.672591 0.569149
0.672690 0.569149
0.672789 0.568558
0.672888 0.568558
0.672988 0.568262
0.673087 0.568262
0.673186 0.567967
0.673285 0.567967
0.673384 0.567967
0.673483 0.567967
0.673582 0.567967
0.673681 0.567671
0.673780 0.567671
0.673879 0.567671
0.673978 0.567376
0.674077 0.567376
0.674177 0.567376
0.674276 0.566489
0.674375 0.566489
0.674474 0.566489
0.674573 0.565898
0.674672 0.565898
0.674771 0.565898
0.674870 0.565898
0.674969 0.565898
0.675068 0.565898
0.675167 0.565603
0.675266 0.565307
0.675365 0.565012
0.675465 0.565012
0.675564 0.564421
0.675663 0.563830
0.675762 0.563830
0.675861 0.563239
0.675960 0.563239
0.676059 0.563239
0.676158 0.563239
0.676257 0.562943
0.676356 0.562648
0.676455 0.562057
0.676554 0.562057
0.676654 0.562057
0.676753 0.562057
0.676852 0.561466
0.676951 0.561466
0.677050 0.561466
0.677149 0.561466
0.677248 0.561466
0.677347 0.561170
0.677446 0.561170
0.677545 0.561170
0.677644 0.561170
0.677743 0.560875
0.677842 0.560875
0.677942 0.560579
0.678041 0.560579
0.678140 0.560284
0.678239 0.560284
0.678338 0.560284
0.678437 0.560284
0.678536 0.560284
0.678635 0.560284
0.678734 0.560284
0.678833 0.560284
0.678932 0.560284
0.679031 0.560284
0.679131 0.559988
0.679230 0.559988
0.679329 0.559693
0.679428 0.559693
0.679527 0.559693
0.679626 0.559693
0.679725 0.559397
0.679824 0.559397
0.679923 0.559397
0.680022 0.559102
0.680121 0.559102
0.680220 0.559102
0.680319 0.559102
0.680419 0.559102
0.680518 0.559102
0.680617 0.559102
0.680716 0.559102
0.680815 0.559102
0.680914 0.559102
0.681013 0.559102
0.681112 0.558511
0.681211 0.558511
0.681310 0.558511
0.681409 0.558215
0.681508 0.558215
0.681608 0.558215
0.681707 0.558215
0.681806 0.558215
0.681905 0.558215
0.682004 0.558215
0.682103 0.557920
0.682202 0.557624
0.682301 0.557033
0.682400 0.556442
0.682499 0.556147
0.682598 0.555851
0.682697 0.555556
0.682797 0.555556
0.682896 0.555556
0.682995 0.555260
0.683094 0.554965
0.683193 0.554965
0.683292 0.554965
0.683391 0.554965
0.683490 0.554965
0.683589 0.554965
0.683688 0.554669
0.683787 0.554374
0.683886 0.554374
0.683985 0.554374
0.684085 0.554374
0.684184 0.554374
0.684283 0.554374
0.684382 0.554374
0.684481 0.554374
0.684580 0.554078
0.684679 0.554078
0.684778 0.554078
0.684877 0.554078
0.684976 0.553783
0.685075 0.553783
0.685174 0.553487
0.685274 0.553487
0.685373 0.553487
0.685472 0.553487
0.685571 0.553487
0.685670 0.553191
0.685769 0.553191
0.685868 0.552896
0.685967 0.552600
0.686066 0.552305
0.686165 0.552305
0.686264 0.552305
0.686363 0.551714
0.686462 0.551714
0.686562 0.551418
0.686661 0.551418
0.686760 0.551418
0.686859 0.551418
0.686958 0.551418
0.687057 0.551418
0.687156 0.551418
0.687255 0.551123
0.687354 0.551123
0.687453 0.551123
0.687552 0.551123
0.687651 0.551123
0.687751 0.550827
0.687850 0.550827
0.687949 0.550827
0.688048 0.550827
0.688147 0.550532
0.688246 0.550532
0.688345 0.550236
0.688444 0.550236
0.688543 0.550236
0.688642 0.550236
0.688741 0.550236
0.688840 0.550236
0.688939 0.550236
0.689039 0.550236
0.689138 0.550236
0.689237 0.550236
0.689336 0.549941
0.689435 0.549645
0.689534 0.549350
0.689633 0.549350
0.689732 0.548759
0.689831 0.548759
0.689930 0.548759
0.690029 0.548759
0.690128 0.548168
0.690228 0.547872
0.690327 0.547577
0.690426 0.547577
0.690525 0.547577
0.690624 0.547577
0.690723 0.547577
0.690822 0.547577
0.690921 0.547281
0.691020 0.547281
0.691119 0.546395
0.691218 0.546395
0.691317 0.546395
0.691416 0.546395
0.691516 0.546395
0.691615 0.546099
0.691714 0.545804
0.691813 0.545804
0.691912 0.545804
0.692011 0.545804
0.692110 0.545804
0.692209 0.545804
0.692308 0.545804
0.692407 0.545804
0.692506 0.545804
0.692605 0.545804
0.692705 0.545804
0.692804 0.545804
0.692903 0.545804
0.693002 0.545804
0.693101 0.544917
0.693200 0.544917
0.693299 0.544917
0.693398 0.544917
0.693497 0.544917
0.693596 0.544917
0.693695 0.544917
0.693794 0.544917
0.693893 0.544917
0.693993 0.544917
0.694092 0.544917
0.694191 0.544622
0.694290 0.544622
0.694389 0.544622
0.694488 0.544326
0.694587 0.544326
0.694686 0.544031
0.694785 0.544031
0.694884 0.544031
0.694983 0.544031
0.695082 0.544031
0.695182 0.543735
0.695281 0.543735
0.695380 0.543735
0.695479 0.543735
0.695578 0.543440
0.695677 0.543440
0.695776 0.543440
0.695875 0.543440
0.695974 0.543440
0.696073 0.543144
0.696172 0.542849
0.696271 0.542849
0.696370 0.542258
0.696470 0.541962
0.696569 0.541667
0.696668 0.541667
0.696767 0.541667
0.696866 0.541667
0.696965 0.541371
0.697064 0.541371
0.697163 0.541371
0.697262 0.540780
0.697361 0.540780
0.697460 0.540780
0.697559 0.540485
0.697659 0.540189
0.697758 0.540189
0.697857 0.540189
0.697956 0.540189
0.698055 0.540189
0.698154 0.540189
0.698253 0.540189
0.698352 0.540189
0.698451 0.539894
0.698550 0.539894
0.698649 0.539894
0.698748 0.539894
0.698847 0.539894
0.698947 0.539894
0.699046 0.539894
0.699145 0.539894
0.699244 0.539894
0.699343 0.539598
0.699442 0.539598
0.699541 0.539303
0.699640 0.539303
0.699739 0.539303
0.699838 0.539303
0.699937 0.538712
0.700036 0.538416
0.700136 0.538416
0.700235 0.538416
0.700334 0.538416
0.700433 0.538121
0.700532 0.538121
0.700631 0.538121
0.700730 0.538121
0.700829 0.537825
0.700928 0.537825
0.701027 0.537825
0.701126 0.537825
0.701225 0.537530
0.701324 0.537530
0.701424 0.537234
0.701523 0.537234
0.701622 0.536939
0.701721 0.536643
0.701820 0.536643
0.701919 0.536052
0.702018 0.535757
0.702117 0.535461
0.702216 0.535461
0.702315 0.535165
0.702414 0.535165
0.702513 0.534870
0.702613 0.534870
0.702712 0.534870
0.702811 0.534870
0.702910 0.534870
0.703009 0.534870
0.703108 0.534870
0.703207 0.534870
0.703306 0.534870
0.703405 0.534870
0.703504 0.534870
0.703603 0.534870
0.703702 0.534870
0.703801 0.534279
0.703901 0.534279
0.704000 0.533983
0.704099 0.533983
0.704198 0.533983
0.704297 0.533983
0.704396 0.533983
0.704495 0.533688
0.704594 0.533688
0.704693 0.533688
0.704792 0.533688
0.704891 0.533097
0.704990 0.533097
0.705090 0.533097
0.705189 0.532210
0.705288 0.531619
0.705387 0.531324
0.705486 0.531324
0.705585 0.531324
0.705684 0.531324
0.705783 0.531028
0.705882 0.531028
0.705981 0.531028
0.706080 0.530733
0.706179 0.530733
0.706278 0.530733
0.706378 0.530437
0.706477 0.530142
0.706576 0.529846
0.706675 0.529551
0.706774 0.529551
0.706873 0.529551
0.706972 0.529255
0.707071 0.529255
0.707170 0.528960
0.707269 0.528960
0.707368 0.528960
0.707467 0.528960
0.707567 0.528960
0.707666 0.528960
0.707765 0.528960
0.707864 0.528960
0.707963 0.528960
0.708062 0.528960
0.708161 0.528664
0.708260 0.528664
0.708359 0.528664
0.708458 0.528664
0.708557 0.528369
0.708656 0.528073
0.708755 0.528073
0.708855 0.528073
0.708954 0.527778
0.709053 0.527778
0.709152 0.527778
0.709251 0.527482
0.709350 0.527482
0.709449 0.527482
0.709548 0.527482
0.709647 0.527187
0.709746 0.526891
0.709845 0.526891
0.709944 0.526891
0.710044 0.526596
0.710143 0.526300
0.710242 0.526300
0.710341 0.526005
0.710440 0.525709
0.710539 0.525709
0.710638 0.525414
0.710737 0.524823
0.710836 0.524823
0.710935 0.524823
0.711034 0.524823
0.711133 0.524823
0.711232 0.524823
0.711332 0.524527
0.711431 0.524527
0.711530 0.524527
0.711629 0.524527
0.711728 0.524527
0.711827 0.524232
0.711926 0.524232
0.712025 0.524232
0.712124 0.523936
0.712223 0.523641
0.712322 0.523345
0.712421 0.523345
0.712521 0.523345
0.712620 0.523050
0.712719 0.523050
0.712818 0.522754
0.712917 0.522754
0.713016 0.522754
0.713115 0.522163
0.713214 0.521868
0.713313 0.521868
0.713412 0.521868
0.713511 0.521868
0.713610 0.521868
0.713710 0.521572
0.713809 0.521572
0.713908 0.521572
0.714007 0.521572
0.714106 0.520981
0.714205 0.520981
0.714304 0.520981
0.714403 0.520686
0.714502 0.520686
0.714601 0.520390
0.714700 0.520390
0.714799 0.520095
0.714898 0.519799
0.714998 0.519799
0.715097 0.519799
0.715196 0.519504
0.715295 0.519208
0.715394 0.519208
0.715493 0.519208
0.715592 0.519208
0.715691 0.519208
0.715790 0.518913
0.715889 0.518322
0.715988 0.518322
0.716087 0.518026
0.716187 0.518026
0.716286 0.518026
0.716385 0.518026
0.716484 0.518026
0.716583 0.517730
0.716682 0.517730
0.716781 0.517730
0.716880 0.517435
0.716979 0.517435
0.717078 0.516844
0.717177 0.516844
0.717276 0.516548
0.717375 0.516548
0.717475 0.516548
0.717574 0.516548
0.717673 0.516548
0.717772 0.516548
0.717871 0.516548
0.717970 0.516548
0.718069 0.516548
0.718168 0.516548
0.718267 0.516253
0.718366 0.516253
0.718465 0.515071
0.718564 0.515071
0.718664 0.515071
0.718763 0.514775
0.718862 0.514775
0.718961 0.514775
0.719060 0.514775
0.719159 0.514775
0.719258 0.514775
0.719357 0.514775
0.719456 0.514775
0.719555 0.514184
0.719654 0.514184
0.719753 0.514184
0.719852 0.514184
0.719952 0.513889
0.720051 0.513889
0.720150 0.513593
0.720249 0.513298
0.720348 0.513298
0.720447 0.513298
0.720546 0.513002
0.720645 0.513002
0.720744 0.512707
0.720843 0.512707
0.720942 0.512411
0.721041 0.512116
0.721141 0.512116
0.721240 0.512116
0.721339 0.511820
0.721438 0.511820
0.721537 0.511229
0.721636 0.510934
0.721735 0.510934
0.721834 0.510343
0.721933 0.510343
0.722032 0.510047
0.722131 0.509752
0.722230 0.509752
0.722329 0.509752
0.722429 0.509752
0.722528 0.509752
0.722627 0.509752
0.722726 0.509752
0.722825 0.509456
0.722924 0.509456
0.723023 0.509456
0.723122 0.509161
0.723221 0.509161
0.723320 0.509161
0.723419 0.508865
0.723518 0.508865
0.723618 0.508274
0.723717 0.507979
0.723816 0.507683
0.723915 0.507388
0.724014 0.507388
0.724113 0.507388
0.724212 0.506797
0.724311 0.506206
0.724410 0.505319
0.724509 0.505319
0.724608 0.505319
0.724707 0.505319
0.724806 0.504728
0.724906 0.504728
0.725005 0.504728
0.725104 0.504728
0.725203 0.504728
0.725302 0.504728
0.725401 0.504728
0.725500 0.504728
0.725599 0.504728
0.725698 0.504433
0.725797 0.504433
0.725896 0.504433
0.725995 0.504433
0.726095 0.504433
0.726194 0.504137
0.726293 0.504137
0.726392 0.503842
0.726491 0.503842
0.726590 0.503842
0.726689 0.503842
0.726788 0.503546
0.726887 0.503546
0.726986 0.503546
0.727085 0.503546
0.727184 0.503251
0.727283 0.503251
0.727383 0.503251
0.727482 0.503251
0.727581 0.503251
0.727680 0.503251
0.727779 0.503251
0.727878 0.502955
0.727977 0.502955
0.728076 0.502955
0.728175 0.502955
0.728274 0.502955
0.728373 0.502660
0.728472 0.502660
0.728572 0.501773
0.728671 0.501773
0.728770 0.501773
0.728869 0.501478
0.728968 0.501478
0.729067 0.501478
0.729166 0.501478
0.729265 0.501478
0.729364 0.501182
0.729463 0.501182
0.729562 0.501182
0.729661 0.501182
0.729760 0.500887
0.729860 0.500591
0.729959 0.500591
0.730058 0.500296
0.730157 0.500296
0.730256 0.500296
0.730355 0.500296
0.730454 0.500296
0.730553 0.499704
0.730652 0.499113
0.730751 0.499113
0.730850 0.499113
0.730949 0.499113
0.731049 0.499113
0.731148 0.498818
0.731247 0.498522
0.731346 0.498227
0.731445 0.498227
0.731544 0.498227
0.731643 0.497931
0.731742 0.497636
0.731841 0.497636
0.731940 0.497636
0.732039 0.497045
0.732138 0.496749
0.732237 0.496454
0.732337 0.496158
0.732436 0.496158
0.732535 0.495863
0.732634 0.495863
0.732733 0.495567
0.732832 0.495567
0.732931 0.495567
0.733030 0.495567
0.733129 0.495567
0.733228 0.495567
0.733327 0.495567
0.733426 0.494976
0.733526 0.494976
0.733625 0.494681
0.733724 0.494090
0.733823 0.493794
0.733922 0.492612
0.734021 0.492317
0.734120 0.492317
0.734219 0.492317
0.734318 0.492317
0.734417 0.492021
0.734516 0.492021
0.734615 0.492021
0.734714 0.492021
0.734814 0.492021
0.734913 0.492021
0.735012 0.491430
0.735111 0.490839
0.735210 0.490839
0.735309 0.490839
0.735408 0.490839
0.735507 0.490248
0.735606 0.490248
0.735705 0.490248
0.735804 0.490248
0.735903 0.490248
0.736003 0.490248
0.736102 0.490248
0.736201 0.490248
0.736300 0.490248
0.736399 0.490248
0.736498 0.490248
0.736597 0.490248
0.736696 0.490248
0.736795 0.490248
0.736894 0.489953
0.736993 0.489657
0.737092 0.489657
0.737191 0.489657
0.737291 0.489657
0.737390 0.489657
0.737489 0.489362
0.737588 0.489362
0.737687 0.489066
0.737786 0.489066
0.737885 0.489066
0.737984 0.489066
0.738083 0.488771
0.738182 0.488475
0.738281 0.488180
0.738380 0.488180
0.738480 0.488180
0.738579 0.488180
0.738678 0.487884
0.738777 0.487589
0.738876 0.487589
0.738975 0.487589
0.739074 0.487589
0.739173 0.487589
0.739272 0.487589
0.739371 0.487293
0.739470 0.486998
0.739569 0.486998
0.739668 0.486702
0.739768 0.486702
0.739867 0.486702
0.739966 0.486407
0.740065 0.486407
0.740164 0.486111
0.740263 0.486111
0.740362 0.485816
0.740461 0.485520
0.740560 0.485225
0.740659 0.484929
0.740758 0.484634
0.740857 0.484338
0.740957 0.484338
0.741056 0.483747
0.741155 0.483747
0.741254 0.483747
0.741353 0.483747
0.741452 0.483452
0.741551 0.483156
0.741650 0.483156
0.741749 0.482861
0.741848 0.482565
0.741947 0.482565
0.742046 0.482565
0.742145 0.482565
0.742245 0.482565
0.742344 0.482565
0.742443 0.482565
0.742542 0.481974
0.742641 0.481678
0.742740 0.481383
0.742839 0.481383
0.742938 0.481383
0.743037 0.481383
0.743136 0.481383
0.743235 0.481383
0.743334 0.481383
0.743434 0.481087
0.743533 0.481087
0.743632 0.481087
0.743731 0.481087
0.743830 0.481087
0.743929 0.481087
0.744028 0.481087
0.744127 0.481087
0.744226 0.481087
0.744325 0.481087
0.744424 0.480792
0.744523 0.480496
0.744623 0.480496
0.744722 0.480496
0.744821 0.480201
0.744920 0.480201
0.745019 0.480201
0.745118 0.480201
0.745217 0.480201
0.745316 0.480201
0.745415 0.480201
0.745514 0.479610
0.745613 0.479314
0.745712 0.479019
0.745811 0.479019
0.745911 0.479019
0.746010 0.479019
0.746109 0.479019
0.746208 0.479019
0.746307 0.479019
0.746406 0.478723
0.746505 0.478723
0.746604 0.478723
0.746703 0.478723
0.746802 0.478428
0.746901 0.478132
0.747000 0.478132
0.747100 0.478132
0.747199 0.478132
0.747298 0.478132
0.747397 0.477837
0.747496 0.477837
0.747595 0.477541
0.747694 0.477541
0.747793 0.477541
0.747892 0.476950
0.747991 0.476655
0.748090 0.476359
0.748189 0.476359
0.748288 0.476064
0.748388 0.476064
0.748487 0.476064
0.748586 0.476064
0.748685 0.476064
0.748784 0.475473
0.748883 0.475473
0.748982 0.475473
0.749081 0.475473
0.749180 0.475473
0.749279 0.474882
0.749378 0.474882
0.749477 0.474882
0.749577 0.474586
0.749676 0.474291
0.749775 0.474291
0.749874 0.474291
0.749973 0.474291
0.750072 0.473995
0.750171 0.473700
0.750270 0.473700
0.750369 0.473700
0.750468 0.473404
0.750567 0.473404
0.750666 0.473109
0.750765 0.472813
0.750865 0.472813
0.750964 0.472518
0.751063 0.472518
0.751162 0.472222
0.751261 0.472222
0.751360 0.472222
0.751459 0.472222
0.751558 0.471927
0.751657 0.471927
0.751756 0.471927
0.751855 0.471927
0.751954 0.471631
0.752054 0.471336
0.752153 0.471336
0.752252 0.471040
0.752351 0.471040
0.752450 0.470745
0.752549 0.470449
0.752648 0.470449
0.752747 0.470449
0.752846 0.470449
0.752945 0.470154
0.753044 0.469858
0.753143 0.469858
0.753242 0.469858
0.753342 0.469563
0.753441 0.469563
0.753540 0.469563
0.753639 0.469267
0.753738 0.468972
0.753837 0.468676
0.753936 0.468381
0.754035 0.468085
0.754134 0.467790
0.754233 0.467790
0.754332 0.467790
0.754431 0.467790
0.754531 0.467790
0.754630 0.467494
0.754729 0.467494
0.754828 0.467494
0.754927 0.467199
0.755026 0.466903
0.755125 0.466903
0.755224 0.466903
0.755323 0.466608
0.755422 0.466608
0.755521 0.466312
0.755620 0.466312
0.755719 0.466017
0.755819 0.466017
0.755918 0.466017
0.756017 0.466017
0.756116 0.466017
0.756215 0.466017
0.756314 0.466017
0.756413 0.464835
0.756512 0.464835
0.756611 0.464539
0.756710 0.464539
0.756809 0.464539
0.756908 0.464539
0.757008 0.463948
0.757107 0.463948
0.757206 0.463357
0.757305 0.463357
0.757404 0.463357
0.757503 0.463357
0.757602 0.463357
0.757701 0.463357
0.757800 0.463061
0.757899 0.463061
0.757998 0.463061
0.758097 0.463061
0.758196 0.463061
0.758296 0.463061
0.758395 0.463061
0.758494 0.463061
0.758593 0.463061
0.758692 0.462766
0.758791 0.462766
0.758890 0.462766
0.758989 0.462766
0.759088 0.462766
0.759187 0.462470
0.759286 0.462470
0.759385 0.461879
0.759485 0.461584
0.759584 0.461288
0.759683 0.461288
0.759782 0.461288
0.759881 0.461288
0.759980 0.460993
0.760079 0.460993
0.760178 0.460697
0.760277 0.460697
0.760376 0.460697
0.760475 0.460402
0.760574 0.460106
0.760673 0.459811
0.760773 0.459515
0.760872 0.458924
0.760971 0.458924
0.761070 0.458924
0.761169 0.458629
0.761268 0.458629
0.761367 0.458629
0.761466 0.458333
0.761565 0.458333
0.761664 0.458038
0.761763 0.458038
0.761862 0.458038
0.761962 0.457447
0.762061 0.457151
0.762160 0.457151
0.762259 0.457151
0.762358 0.457151
0.762457 0.457151
0.762556 0.457151
0.762655 0.456856
0.762754 0.456856
0.762853 0.456856
0.762952 0.456560
0.763051 0.456560
0.763150 0.456560
0.763250 0.456560
0.763349 0.456560
0.763448 0.455969
0.763547 0.455969
0.763646 0.455969
0.763745 0.455969
0.763844 0.455969
0.763943 0.455674
0.764042 0.455378
0.764141 0.455378
0.764240 0.455083
0.764339 0.455083
0.764439 0.455083
0.764538 0.455083
0.764637 0.454787
0.764736 0.454492
0.764835 0.453901
0.764934 0.453901
0.765033 0.453605
0.765132 0.453605
0.765231 0.453605
0.765330 0.453605
0.765429 0.453310
0.765528 0.453014
0.765627 0.453014
0.765727 0.452423
0.765826 0.452128
0.765925 0.451832
0.766024 0.451832
0.766123 0.451537
0.766222 0.451537
0.766321 0.451241
0.766420 0.451241
0.766519 0.451241
0.766618 0.451241
0.766717 0.451241
0.766816 0.450946
0.766916 0.450946
0.767015 0.450946
0.767114 0.450946
0.767213 0.450946
0.767312 0.450355
0.767411 0.450059
0.767510 0.450059
0.767609 0.450059
0.767708 0.450059
0.767807 0.450059
0.767906 0.449764
0.768005 0.449764
0.768104 0.449764
0.768204 0.449173
0.768303 0.449173
0.768402 0.449173
0.768501 0.449173
0.768600 0.448582
0.768699 0.448582
0.768798 0.448582
0.768897 0.448582
0.768996 0.448286
0.769095 0.448286
0.769194 0.448286
0.769293 0.448286
0.769393 0.448286
0.769492 0.447991
0.769591 0.447991
0.769690 0.447695
0.769789 0.447400
0.769888 0.447104
0.769987 0.447104
0.770086 0.447104
0.770185 0.446809
0.770284 0.446513
0.770383 0.446513
0.770482 0.446217
0.770581 0.446217
0.770681 0.446217
0.770780 0.445922
0.770879 0.445922
0.770978 0.445922
0.771077 0.445922
0.771176 0.445922
0.771275 0.445626
0.771374 0.445331
0.771473 0.445331
0.771572 0.445331
0.771671 0.444740
0.771770 0.444740
0.771870 0.444740
0.771969 0.444444
0.772068 0.444444
0.772167 0.444444
0.772266 0.444444
0.772365 0.444444
0.772464 0.444444
0.772563 0.444444
0.772662 0.444444
0.772761 0.444444
0.772860 0.444444
0.772959 0.444444
0.773058 0.444444
0.773158 0.444444
0.773257 0.444444
0.773356 0.444149
0.773455 0.443853
0.773554 0.443558
0.773653 0.443262
0.773752 0.442967
0.773851 0.442967
0.773950 0.442376
0.774049 0.441785
0.774148 0.440898
0.774247 0.440898
0.774347 0.440603
0.774446 0.440603
0.774545 0.440307
0.774644 0.440307
0.774743 0.440012
0.774842 0.440012
0.774941 0.440012
0.775040 0.440012
0.775139 0.439716
0.775238 0.439716
0.775337 0.439716
0.775436 0.439716
0.775536 0.439716
0.775635 0.439421
0.775734 0.439421
0.775833 0.439421
0.775932 0.439421
0.776031 0.439421
0.776130 0.439125
0.776229 0.439125
0.776328 0.439125
0.776427 0.439125
0.776526 0.439125
0.776625 0.439125
0.776724 0.439125
0.776824 0.439125
0.776923 0.439125
0.777022 0.439125
0.777121 0.438830
0.777220 0.438534
0.777319 0.438534
0.777418 0.438534
0.777517 0.438534
0.777616 0.438534
0.777715 0.438534
0.777814 0.438534
0.777913 0.438534
0.778013 0.437943
0.778112 0.437943
0.778211 0.437943
0.778310 0.437648
0.778409 0.437648
0.778508 0.437648
0.778607 0.437648
0.778706 0.437648
0.778805 0.437352
0.778904 0.437352
0.779003 0.436761
0.779102 0.436466
0.779201 0.436170
0.779301 0.435579
0.779400 0.435579
0.779499 0.435579
0.779598 0.435579
0.779697 0.435284
0.779796 0.434988
0.779895 0.434693
0.779994 0.434693
0.780093 0.434102
0.780192 0.434102
0.780291 0.433806
0.780390 0.433511
0.780490 0.433511
0.780589 0.433215
0.780688 0.432920
0.780787 0.432624
0.780886 0.432624
0.780985 0.432624
0.781084 0.432624
0.781183 0.432624
0.781282 0.432624
0.781381 0.432624
0.781480 0.432624
0.781579 0.432624
0.781678 0.432329
0.781778 0.432329
0.781877 0.432329
0.781976 0.432329
0.782075 0.432329
0.782174 0.432329
0.782273 0.432033
0.782372 0.431738
0.782471 0.431738
0.782570 0.431738
0.782669 0.431738
0.782768 0.431738
0.782867 0.431738
0.782967 0.431738
0.783066 0.431442
0.783165 0.431442
0.783264 0.431147
0.783363 0.431147
0.783462 0.431147
0.783561 0.430851
0.783660 0.430556
0.783759 0.430556
0.783858 0.430556
0.783957 0.430556
0.784056 0.430260
0.784155 0.430260
0.784255 0.430260
0.784354 0.430260
0.784453 0.430260
0.784552 0.429965
0.784651 0.429669
0.784750 0.429669
0.784849 0.429669
0.784948 0.429669
0.785047 0.429374
0.785146 0.429374
0.785245 0.429374
0.785344 0.429374
0.785444 0.429374
0.785543 0.429374
0.785642 0.429374
0.785741 0.429374
0.785840 0.429374
0.785939 0.429078
0.786038 0.428783
0.786137 0.428487
0.786236 0.428487
0.786335 0.428487
0.786434 0.428487
0.786533 0.428191
0.786632 0.427896
0.786732 0.427600
0.786831 0.427305
0.786930 0.427305
0.787029 0.427305
0.787128 0.427009
0.787227 0.427009
0.787326 0.427009
0.787425 0.427009
0.787524 0.426714
0.787623 0.426714
0.787722 0.426714
0.787821 0.426418
0.787921 0.426418
0.788020 0.426123
0.788119 0.426123
0.788218 0.426123
0.788317 0.426123
0.788416 0.425532
0.788515 0.425236
0.788614 0.424941
0.788713 0.424941
0.788812 0.424941
0.788911 0.424941
0.789010 0.424941
0.789109 0.424941
0.789209 0.424645
0.789308 0.424350
0.789407 0.424350
0.789506 0.424054
0.789605 0.424054
0.789704 0.424054
0.789803 0.424054
0.789902 0.424054
0.790001 0.424054
0.790100 0.423463
0.790199 0.423463
0.790298 0.423463
0.790398 0.423168
0.790497 0.423168
0.790596 0.423168
0.790695 0.422872
0.790794 0.421986
0.790893 0.421986
0.790992 0.421986
0.791091 0.421690
0.791190 0.421395
0.791289 0.421395
0.791388 0.421395
0.791487 0.421395
0.791586 0.421099
0.791686 0.421099
0.791785 0.421099
0.791884 0.421099
0.791983 0.421099
0.792082 0.421099
0.792181 0.420508
0.792280 0.420508
0.792379 0.419917
0.792478 0.419917
0.792577 0.419917
0.792676 0.419622
0.792775 0.419326
0.792875 0.419031
0.792974 0.418735
0.793073 0.418735
0.793172 0.418440
0.793271 0.418144
0.793370 0.417849
0.793469 0.417553
0.793568 0.416962
0.793667 0.416962
0.793766 0.416667
0.793865 0.416667
0.793964 0.416667
0.794063 0.416076
0.794163 0.416076
0.794262 0.416076
0.794361 0.416076
0.794460 0.416076
0.794559 0.416076
0.794658 0.416076
0.794757 0.416076
0.794856 0.416076
0.794955 0.416076
0.795054 0.416076
0.795153 0.416076
0.795252 0.416076
0.795352 0.416076
0.795451 0.416076
0.795550 0.416076
0.795649 0.415780
0.795748 0.415780
0.795847 0.415780
0.795946 0.415485
0.796045 0.415485
0.796144 0.415485
0.796243 0.414598
0.796342 0.414303
0.796441 0.414303
0.796540 0.414303
0.796640 0.414303
0.796739 0.414303
0.796838 0.414007
0.796937 0.414007
0.797036 0.414007
0.797135 0.414007
0.797234 0.413712
0.797333 0.413416
0.797432 0.413416
0.797531 0.412825
0.797630 0.412234
0.797729 0.412234
0.797829 0.412234
0.797928 0.412234
0.798027 0.412234
0.798126 0.412234
0.798225 0.411939
0.798324 0.411939
0.798423 0.411643
0.798522 0.411643
0.798621 0.411643
0.798720 0.411643
0.798819 0.411643
0.798918 0.411643
0.799017 0.411643
0.799117 0.411643
0.799216 0.411643
0.799315 0.411348
0.799414 0.410757
0.799513 0.410757
0.799612 0.410757
0.799711 0.410757
0.799810 0.410757
0.799909 0.410757
0.800008 0.410461
0.800107 0.410461
0.800206 0.410461
0.800306 0.410165
0.800405 0.410165
0.800504 0.410165
0.800603 0.409870
0.800702 0.408688
0.800801 0.408688
0.800900 0.408688
0.800999 0.408688
0.801098 0.408688
0.801197 0.408688
0.801296 0.408688
0.801395 0.408688
0.801494 0.408688
0.801594 0.408688
0.801693 0.408688
0.801792 0.408688
0.801891 0.408688
0.801990 0.408392
0.802089 0.407801
0.802188 0.407801
0.802287 0.407801
0.802386 0.407506
0.802485 0.407506
0.802584 0.407210
0.802683 0.406619
0.802783 0.406619
0.802882 0.406324
0.802981 0.406324
0.803080 0.406324
0.803179 0.406324
0.803278 0.406324
0.803377 0.406028
0.803476 0.405733
0.803575 0.405733
0.803674 0.405733
0.803773 0.405733
0.803872 0.405733
0.803971 0.405733
0.804071 0.405437
0.804170 0.405142
0.804269 0.405142
0.804368 0.405142
0.804467 0.404551
0.804566 0.404255
0.804665 0.403664
0.804764 0.403664
0.804863 0.403664
0.804962 0.403073
0.805061 0.402187
0.805160 0.401891
0.805260 0.401596
0.805359 0.401596
0.805458 0.401596
0.805557 0.401596
0.805656 0.401596
0.805755 0.401596
0.805854 0.401596
0.805953 0.401596
0.806052 0.401300
0.806151 0.401300
0.806250 0.401300
0.806349 0.401300
0.806449 0.401300
0.806548 0.401300
0.806647 0.401005
0.806746 0.401005
0.806845 0.401005
0.806944 0.401005
0.807043 0.401005
0.807142 0.401005
0.807241 0.401005
0.807340 0.400414
0.807439 0.400118
0.807538 0.399823
0.807637 0.399823
0.807737 0.399823
0.807836 0.399527
0.807935 0.399527
0.808034 0.399527
0.808133 0.399527
0.808232 0.399527
0.808331 0.399527
0.808430 0.398641
0.808529 0.398641
0.808628 0.398641
0.808727 0.398345
0.808826 0.397459
0.808926 0.397459
0.809025 0.397459
0.809124 0.397459
0.809223 0.396868
0.809322 0.396868
0.809421 0.396572
0.809520 0.395981
0.809619 0.395981
0.809718 0.395981
0.809817 0.395981
0.809916 0.395981
0.810015 0.395390
0.810114 0.395390
0.810214 0.395390
0.810313 0.395390
0.810412 0.395095
0.810511 0.395095
0.810610 0.395095
0.810709 0.394799
0.810808 0.394799
0.810907 0.394799
0.811006 0.394504
0.811105 0.394208
0.811204 0.394208
0.811303 0.394208
0.811403 0.393913
0.811502 0.393913
0.811601 0.393322
0.811700 0.393322
0.811799 0.393026
0.811898 0.393026
0.811997 0.393026
0.812096 0.393026
0.812195 0.393026
0.812294 0.392730
0.812393 0.392730
0.812492 0.392730
0.812591 0.392730
0.812691 0.392435
0.812790 0.392435
0.812889 0.391844
0.812988 0.391844
0.813087 0.391844
0.813186 0.391844
0.813285 0.391844
0.813384 0.391253
0.813483 0.390957
0.813582 0.390662
0.813681 0.390662
0.813780 0.390662
0.813880 0.390662
0.813979 0.390366
0.814078 0.390366
0.814177 0.390366
0.814276 0.390366
0.814375 0.390366
0.814474 0.390071
0.814573 0.390071
0.814672 0.390071
0.814771 0.389775
0.814870 0.389775
0.814969 0.389480
0.815068 0.389480
0.815168 0.389480
0.815267 0.389184
0.815366 0.388889
0.815465 0.388889
0.815564 0.388889
0.815663 0.388889
0.815762 0.388889
0.815861 0.388593
0.815960 0.388593
0.816059 0.388593
0.816158 0.388593
0.816257 0.388593
0.816357 0.388593
0.816456 0.388593
0.816555 0.388593
0.816654 0.388593
0.816753 0.388298
0.816852 0.388002
0.816951 0.388002
0.817050 0.387707
0.817149 0.387707
0.817248 0.387707
0.817347 0.387411
0.817446 0.387411
0.817545 0.387411
0.817645 0.387411
0.817744 0.387411
0.817843 0.387116
0.817942 0.387116
0.818041 0.386820
0.818140 0.386820
0.818239 0.386820
0.818338 0.386820
0.818437 0.386820
0.818536 0.386525
0.818635 0.386525
0.818734 0.385934
0.818834 0.385638
0.818933 0.385638
0.819032 0.385638
0.819131 0.385343
0.819230 0.385343
0.819329 0.385047
0.819428 0.385047
0.819527 0.384752
0.819626 0.384456
0.819725 0.384161
0.819824 0.383865
0.819923 0.383865
0.820022 0.383865
0.820122 0.383865
0.820221 0.383274
0.820320 0.382979
0.820419 0.382979
0.820518 0.382979
0.820617 0.382979
0.820716 0.382979
0.820815 0.382979
0.820914 0.382979
0.821013 0.382979
0.821112 0.382683
0.821211 0.382683
0.821311 0.382683
0.821410 0.382683
0.821509 0.382683
0.821608 0.382388
0.821707 0.381501
0.821806 0.381501
0.821905 0.381501
0.822004 0.381501
0.822103 0.381501
0.822202 0.381206
0.822301 0.381206
0.822400 0.380615
0.822499 0.380615
0.822599 0.380615
0.822698 0.380615
0.822797 0.380615
0.822896 0.380615
0.822995 0.380615
0.823094 0.380615
0.823193 0.380615
0.823292 0.380319
0.823391 0.380024
0.823490 0.379433
0.823589 0.378842
0.823688 0.378546
0.823788 0.378251
0.823887 0.378251
0.823986 0.378251
0.824085 0.378251
0.824184 0.378251
0.824283 0.378251
0.824382 0.378251
0.824481 0.378251
0.824580 0.378251
0.824679 0.377955
0.824778 0.377660
0.824877 0.377660
0.824976 0.377660
0.825076 0.377364
0.825175 0.376773
0.825274 0.376182
0.825373 0.375887
0.825472 0.375591
0.825571 0.375591
0.825670 0.375591
0.825769 0.375591
0.825868 0.375000
0.825967 0.374704
0.826066 0.374409
0.826165 0.374113
0.826265 0.374113
0.826364 0.374113
0.826463 0.374113
0.826562 0.373818
0.826661 0.373818
0.826760 0.373818
0.826859 0.373818
0.826958 0.373522
0.827057 0.373227
0.827156 0.373227
0.827255 0.372931
0.827354 0.372931
0.827453 0.372931
0.827553 0.372931
0.827652 0.372931
0.827751 0.372931
0.827850 0.372931
0.827949 0.372931
0.828048 0.372931
0.828147 0.372636
0.828246 0.372340
0.828345 0.372340
0.828444 0.372340
0.828543 0.372340
0.828642 0.372045
0.828742 0.372045
0.828841 0.372045
0.828940 0.371749
0.829039 0.371749
0.829138 0.371749
0.829237 0.371454
0.829336 0.370863
0.829435 0.370567
0.829534 0.369681
0.829633 0.369681
0.829732 0.369090
0.829831 0.369090
0.829930 0.369090
0.830030 0.369090
0.830129 0.369090
0.830228 0.368794
0.830327 0.368794
0.830426 0.368794
0.830525 0.368794
0.830624 0.368794
0.830723 0.367908
0.830822 0.367908
0.830921 0.367908
0.831020 0.367908
0.831119 0.367908
0.831219 0.367908
0.831318 0.367908
0.831417 0.367317
0.831516 0.367317
0.831615 0.367021
0.831714 0.366726
0.831813 0.366430
0.831912 0.366135
0.832011 0.365839
0.832110 0.365839
0.832209 0.365839
0.832308 0.365839
0.832407 0.365839
0.832507 0.365839
0.832606 0.365839
0.832705 0.365839
0.832804 0.365839
0.832903 0.365839
0.833002 0.365839
0.833101 0.365248
0.833200 0.364657
0.833299 0.364657
0.833398 0.364362
0.833497 0.364362
0.833596 0.364362
0.833696 0.364066
0.833795 0.363771
0.833894 0.363771
0.833993 0.363475
0.834092 0.363475
0.834191 0.363475
0.834290 0.362884
0.834389 0.362589
0.834488 0.362589
0.834587 0.361998
0.834686 0.361998
0.834785 0.361998
0.834884 0.361998
0.834984 0.361998
0.835083 0.361998
0.835182 0.361702
0.835281 0.361702
0.835380 0.361702
0.835479 0.361111
0.835578 0.361111
0.835677 0.361111
0.835776 0.360816
0.835875 0.360816
0.835974 0.360816
0.836073 0.360816
0.836173 0.360520
0.836272 0.360520
0.836371 0.360520
0.836470 0.360225
0.836569 0.359929
0.836668 0.359929
0.836767 0.359929
0.836866 0.359929
0.836965 0.359634
0.837064 0.359338
0.837163 0.359338
0.837262 0.359338
0.837362 0.359338
0.837461 0.359338
0.837560 0.359043
0.837659 0.358747
0.837758 0.358747
0.837857 0.358747
0.837956 0.358156
0.838055 0.358156
0.838154 0.358156
0.838253 0.358156
0.838352 0.357861
0.838451 0.357565
0.838550 0.357565
0.838650 0.357270
0.838749 0.357270
0.838848 0.357270
0.838947 0.356974
0.839046 0.356974
0.839145 0.356974
0.839244 0.356974
0.839343 0.356383
0.839442 0.356383
0.839541 0.356087
0.839640 0.356087
0.839739 0.356087
0.839839 0.355496
0.839938 0.354905
0.840037 0.354905
0.840136 0.354610
0.840235 0.354610
0.840334 0.354610
0.840433 0.354610
0.840532 0.354610
0.840631 0.354610
0.840730 0.354610
0.840829 0.354610
0.840928 0.354610
0.841027 0.354610
0.841127 0.354314
0.841226 0.353132
0.841325 0.352837
0.841424 0.352541
0.841523 0.352246
0.841622 0.351950
0.841721 0.351655
0.841820 0.351655
0.841919 0.351655
0.842018 0.350768
0.842117 0.350473
0.842216 0.350473
0.842316 0.350177
0.842415 0.350177
0.842514 0.350177
0.842613 0.349882
0.842712 0.349882
0.842811 0.349586
0.842910 0.349586
0.843009 0.349291
0.843108 0.349291
0.843207 0.348700
0.843306 0.348700
0.843405 0.348700
0.843504 0.348700
0.843604 0.348404
0.843703 0.348404
0.843802 0.348109
0.843901 0.348109
0.844000 0.348109
0.844099 0.347518
0.844198 0.347222
0.844297 0.347222
0.844396 0.346927
0.844495 0.346927
0.844594 0.346631
0.844693 0.346631
0.844793 0.346631
0.844892 0.346631
0.844991 0.346336
0.845090 0.346336
0.845189 0.345745
0.845288 0.345449
0.845387 0.345449
0.845486 0.345154
0.845585 0.345154
0.845684 0.345154
0.845783 0.344858
0.845882 0.344267
0.845981 0.344267
0.846081 0.344267
0.846180 0.344267
0.846279 0.344267
0.846378 0.344267
0.846477 0.344267
0.846576 0.343676
0.846675 0.343381
0.846774 0.342790
0.846873 0.342790
0.846972 0.342790
0.847071 0.342790
0.847170 0.342494
0.847270 0.342494
0.847369 0.342494
0.847468 0.342199
0.847567 0.342199
0.847666 0.341903
0.847765 0.341608
0.847864 0.341608
0.847963 0.341608
0.848062 0.340721
0.848161 0.340130
0.848260 0.340130
0.848359 0.339835
0.848458 0.339835
0.848558 0.339539
0.848657 0.339243
0.848756 0.338948
0.848855 0.338948
0.848954 0.338948
0.849053 0.338357
0.849152 0.338357
0.849251 0.337766
0.849350 0.337766
0.849449 0.337766
0.849548 0.337766
0.849647 0.337766
0.849747 0.337766
0.849846 0.337175
0.849945 0.337175
0.850044 0.337175
0.850143 0.337175
0.850242 0.337175
0.850341 0.336879
0.850440 0.336879
0.850539 0.336584
0.850638 0.336584
0.850737 0.336288
0.850836 0.336288
0.850935 0.336288
0.851035 0.336288
0.851134 0.336288
0.851233 0.336288
0.851332 0.335993
0.851431 0.335993
0.851530 0.335697
0.851629 0.335697
0.851728 0.335697
0.851827 0.335402
0.851926 0.335106
0.852025 0.334220
0.852124 0.334220
0.852224 0.334220
0.852323 0.334220
0.852422 0.334220
0.852521 0.333924
0.852620 0.333924
0.852719 0.333629
0.852818 0.333629
0.852917 0.333629
0.853016 0.333629
0.853115 0.333629
0.853214 0.333629
0.853313 0.333333
0.853412 0.333333
0.853512 0.333333
0.853611 0.333333
0.853710 0.333333
0.853809 0.333038
0.853908 0.332742
0.854007 0.332447
0.854106 0.332447
0.854205 0.332447
0.854304 0.332447
0.854403 0.331856
0.854502 0.331856
0.854601 0.331856
0.854701 0.331856
0.854800 0.331560
0.854899 0.331560
0.854998 0.330969
0.855097 0.330969
0.855196 0.330674
0.855295 0.330674
0.855394 0.330674
0.855493 0.330674
0.855592 0.330674
0.855691 0.330378
0.855790 0.330378
0.855889 0.330378
0.855989 0.330083
0.856088 0.330083
0.856187 0.329787
0.856286 0.329787
0.856385 0.329492
0.856484 0.329492
0.856583 0.329492
0.856682 0.329196
0.856781 0.328901
0.856880 0.328901
0.856979 0.328605
0.857078 0.328605
0.857178 0.328605
0.857277 0.328310
0.857376 0.327719
0.857475 0.327128
0.857574 0.327128
0.857673 0.326537
0.857772 0.326241
0.857871 0.325946
0.857970 0.325946
0.858069 0.325946
0.858168 0.325355
0.858267 0.325355
0.858366 0.325355
0.858466 0.324764
0.858565 0.324764
0.858664 0.324764
0.858763 0.324764
0.858862 0.324764
0.858961 0.324173
0.859060 0.324173
0.859159 0.323877
0.859258 0.323877
0.859357 0.323877
0.859456 0.323877
0.859555 0.323877
0.859655 0.323877
0.859754 0.323877
0.859853 0.323286
0.859952 0.323286
0.860051 0.323286
0.860150 0.322400
0.860249 0.322400
0.860348 0.322104
0.860447 0.322104
0.860546 0.322104
0.860645 0.322104
0.860744 0.322104
0.860843 0.322104
0.860943 0.322104
0.861042 0.321809
0.861141 0.321809
0.861240 0.321217
0.861339 0.320922
0.861438 0.320922
0.861537 0.320626
0.861636 0.320626
0.861735 0.320626
0.861834 0.320331
0.861933 0.320331
0.862032 0.320035
0.862132 0.319740
0.862231 0.319740
0.862330 0.319149
0.862429 0.319149
0.862528 0.319149
0.862627 0.318853
0.862726 0.318853
0.862825 0.318262
0.862924 0.318262
0.863023 0.317671
0.863122 0.317376
0.863221 0.317376
0.863320 0.317376
0.863420 0.317376
0.863519 0.317376
0.863618 0.317080
0.863717 0.316785
0.863816 0.316489
0.863915 0.316194
0.864014 0.316194
0.864113 0.315603
0.864212 0.315603
0.864311 0.315307
0.864410 0.315307
0.864509 0.315012
0.864609 0.315012
0.864708 0.315012
0.864807 0.314716
0.864906 0.314716
0.865005 0.314421
0.865104 0.314421
0.865203 0.314421
0.865302 0.314125
0.865401 0.314125
0.865500 0.313830
0.865599 0.313830
0.865698 0.313830
0.865797 0.313534
0.865897 0.313534
0.865996 0.313239
0.866095 0.312943
0.866194 0.312943
0.866293 0.312057
0.866392 0.312057
0.866491 0.312057
0.866590 0.311466
0.866689 0.311466
0.866788 0.311170
0.866887 0.310875
0.866986 0.310579
0.867086 0.310579
0.867185 0.310284
0.867284 0.310284
0.867383 0.309693
0.867482 0.309693
0.867581 0.309397
0.867680 0.309397
0.867779 0.309102
0.867878 0.309102
0.867977 0.308806
0.868076 0.308806
0.868175 0.308215
0.868274 0.308215
0.868374 0.308215
0.868473 0.307920
0.868572 0.307624
0.868671 0.306738
0.868770 0.306442
0.868869 0.306442
0.868968 0.306442
0.869067 0.306147
0.869166 0.305851
0.869265 0.305851
0.869364 0.305556
0.869463 0.305556
0.869563 0.305556
0.869662 0.305260
0.869761 0.304965
0.869860 0.304374
0.869959 0.304374
0.870058 0.304374
0.870157 0.304078
0.870256 0.303487
0.870355 0.303487
0.870454 0.303191
0.870553 0.303191
0.870652 0.303191
0.870752 0.302600
0.870851 0.302600
0.870950 0.302305
0.871049 0.302009
0.871148 0.302009
0.871247 0.302009
0.871346 0.301714
0.871445 0.301418
0.871544 0.301418
0.871643 0.301123
0.871742 0.300827
0.871841 0.300827
0.871940 0.300827
0.872040 0.300532
0.872139 0.300236
0.872238 0.299941
0.872337 0.299941
0.872436 0.299941
0.872535 0.299645
0.872634 0.299350
0.872733 0.299054
0.872832 0.298463
0.872931 0.298463
0.873030 0.298463
0.873129 0.298168
0.873229 0.297577
0.873328 0.297577
0.873427 0.297281
0.873526 0.297281
0.873625 0.296986
0.873724 0.296395
0.873823 0.296395
0.873922 0.296395
0.874021 0.296099
0.874120 0.295508
0.874219 0.294917
0.874318 0.294917
0.874417 0.294622
0.874517 0.294622
0.874616 0.294622
0.874715 0.294622
0.874814 0.294622
0.874913 0.294622
0.875012 0.294031
0.875111 0.294031
0.875210 0.294031
0.875309 0.293735
0.875408 0.293440
0.875507 0.293440
0.875606 0.293144
0.875706 0.293144
0.875805 0.293144
0.875904 0.292553
0.876003 0.292258
0.876102 0.292258
0.876201 0.292258
0.876300 0.292258
0.876399 0.291962
0.876498 0.291962
0.876597 0.291962
0.876696 0.291667
0.876795 0.291371
0.876894 0.291076
0.876994 0.290189
0.877093 0.289598
0.877192 0.289303
0.877291 0.289007
0.877390 0.288712
0.877489 0.288712
0.877588 0.288712
0.877687 0.288712
0.877786 0.287825
0.877885 0.287530
0.877984 0.287234
0.878083 0.287234
0.878183 0.286939
0.878282 0.286643
0.878381 0.286348
0.878480 0.286348
0.878579 0.286052
0.878678 0.285757
0.878777 0.285757
0.878876 0.285757
0.878975 0.285757
0.879074 0.285757
0.879173 0.285757
0.879272 0.285757
0.879371 0.285757
0.879471 0.285165
0.879570 0.285165
0.879669 0.285165
0.879768 0.285165
0.879867 0.284870
0.879966 0.284870
0.880065 0.284574
0.880164 0.283688
0.880263 0.283688
0.880362 0.283688
0.880461 0.283688
0.880560 0.283392
0.880660 0.283392
0.880759 0.283392
0.880858 0.283097
0.880957 0.283097
0.881056 0.282801
0.881155 0.282801
0.881254 0.282801
0.881353 0.282506
0.881452 0.282210
0.881551 0.282210
0.881650 0.282210
0.881749 0.282210
0.881848 0.281915
0.881948 0.281915
0.882047 0.281619
0.882146 0.281619
0.882245 0.281619
0.882344 0.281619
0.882443 0.281619
0.882542 0.281619
0.882641 0.281619
0.882740 0.281619
0.882839 0.281619
0.882938 0.281619
0.883037 0.281028
0.883137 0.281028
0.883236 0.281028
0.883335 0.281028
0.883434 0.281028
0.883533 0.281028
0.883632 0.281028
0.883731 0.281028
0.883830 0.281028
0.883929 0.281028
0.884028 0.280733
0.884127 0.280437
0.884226 0.280142
0.884325 0.280142
0.884425 0.280142
0.884524 0.279846
0.884623 0.279551
0.884722 0.279551
0.884821 0.279255
0.884920 0.278960
0.885019 0.278664
0.885118 0.278664
0.885217 0.278664
0.885316 0.278664
0.885415 0.278369
0.885514 0.278073
0.885614 0.278073
0.885713 0.277778
0.885812 0.277778
0.885911 0.277187
0.886010 0.277187
0.886109 0.277187
0.886208 0.277187
0.886307 0.277187
0.886406 0.276891
0.886505 0.276596
0.886604 0.276596
0.886703 0.276596
0.886802 0.276596
0.886902 0.276300
0.887001 0.276300
0.887100 0.276005
0.887199 0.276005
0.887298 0.275414
0.887397 0.275414
0.887496 0.275414
0.887595 0.275414
0.887694 0.274823
0.887793 0.274823
0.887892 0.274527
0.887991 0.274527
0.888091 0.274232
0.888190 0.273936
0.888289 0.273936
0.888388 0.273345
0.888487 0.272754
0.888586 0.271868
0.888685 0.271572
0.888784 0.271572
0.888883 0.271572
0.888982 0.271572
0.889081 0.271572
0.889180 0.271572
0.889279 0.270981
0.889379 0.270686
0.889478 0.270095
0.889577 0.270095
0.889676 0.270095
0.889775 0.270095
0.889874 0.270095
0.889973 0.270095
0.890072 0.269504
0.890171 0.269504
0.890270 0.269504
0.890369 0.269504
0.890468 0.269504
0.890568 0.268913
0.890667 0.268913
0.890766 0.268913
0.890865 0.268617
0.890964 0.268322
0.891063 0.268026
0.891162 0.267730
0.891261 0.267730
0.891360 0.267139
0.891459 0.266844
0.891558 0.266548
0.891657 0.266253
0.891756 0.266253
0.891856 0.265957
0.891955 0.265957
0.892054 0.265957
0.892153 0.265957
0.892252 0.265662
0.892351 0.264775
0.892450 0.264775
0.892549 0.264775
0.892648 0.264775
0.892747 0.264775
0.892846 0.264480
0.892945 0.264480
0.893045 0.264184
0.893144 0.263889
0.893243 0.263889
0.893342 0.263889
0.893441 0.263298
0.893540 0.263002
0.893639 0.263002
0.893738 0.263002
0.893837 0.262707
0.893936 0.262411
0.894035 0.262411
0.894134 0.262411
0.894233 0.261525
0.894333 0.261525
0.894432 0.261525
0.894531 0.260934
0.894630 0.260638
0.894729 0.260638
0.894828 0.260638
0.894927 0.260343
0.895026 0.260343
0.895125 0.260343
0.895224 0.259456
0.895323 0.259456
0.895422 0.258865
0.895522 0.258570
0.895621 0.258274
0.895720 0.258274
0.895819 0.258274
0.895918 0.257979
0.896017 0.257683
0.896116 0.257388
0.896215 0.256797
0.896314 0.256797
0.896413 0.256797
0.896512 0.256797
0.896611 0.256797
0.896710 0.256797
0.896810 0.256206
0.896909 0.256206
0.897008 0.256206
0.897107 0.256206
0.897206 0.256206
0.897305 0.256206
0.897404 0.256206
0.897503 0.256206
0.897602 0.256206
0.897701 0.255910
0.897800 0.255615
0.897899 0.255319
0.897999 0.255319
0.898098 0.255319
0.898197 0.255024
0.898296 0.255024
0.898395 0.254728
0.898494 0.254433
0.898593 0.253842
0.898692 0.253546
0.898791 0.253546
0.898890 0.253251
0.898989 0.253251
0.899088 0.253251
0.899187 0.253251
0.899287 0.253251
0.899386 0.252660
0.899485 0.252660
0.899584 0.252660
0.899683 0.252660
0.899782 0.252069
0.899881 0.252069
0.899980 0.251478
0.900079 0.251182
0.900178 0.251182
0.900277 0.251182
0.900376 0.251182
0.900476 0.250887
0.900575 0.250296
0.900674 0.250296
0.900773 0.250296
0.900872 0.250000
0.900971 0.249409
0.901070 0.249409
0.901169 0.249409
0.901268 0.249409
0.901367 0.249113
0.901466 0.248522
0.901565 0.248227
0.901665 0.247931
0.901764 0.247636
0.901863 0.247636
0.901962 0.247340
0.902061 0.247340
0.902160 0.247045
0.902259 0.246749
0.902358 0.246749
0.902457 0.246454
0.902556 0.246158
0.902655 0.245567
0.902754 0.245272
0.902853 0.244681
0.902953 0.244681
0.903052 0.244090
0.903151 0.244090
0.903250 0.244090
0.903349 0.243499
0.903448 0.242908
0.903547 0.242908
0.903646 0.242908
0.903745 0.242908
0.903844 0.242908
0.903943 0.242612
0.904042 0.242612
0.904142 0.242317
0.904241 0.241726
0.904340 0.241726
0.904439 0.241135
0.904538 0.241135
0.904637 0.240544
0.904736 0.240544
0.904835 0.240544
0.904934 0.240544
0.905033 0.240544
0.905132 0.240248
0.905231 0.239953
0.905330 0.239362
0.905430 0.239066
0.905529 0.238771
0.905628 0.238771
0.905727 0.238475
0.905826 0.238475
0.905925 0.238475
0.906024 0.238180
0.906123 0.238180
0.906222 0.237884
0.906321 0.237884
0.906420 0.237589
0.906519 0.237589
0.906619 0.237293
0.906718 0.236702
0.906817 0.236407
0.906916 0.236407
0.907015 0.236407
0.907114 0.236407
0.907213 0.236407
0.907312 0.236407
0.907411 0.234929
0.907510 0.234338
0.907609 0.233747
0.907708 0.233747
0.907807 0.233452
0.907907 0.233452
0.908006 0.233452
0.908105 0.233156
0.908204 0.232861
0.908303 0.232565
0.908402 0.231974
0.908501 0.231383
0.908600 0.231383
0.908699 0.231383
0.908798 0.231087
0.908897 0.231087
0.908996 0.231087
0.909096 0.230792
0.909195 0.230792
0.909294 0.230792
0.909393 0.230201
0.909492 0.230201
0.909591 0.230201
0.909690 0.230201
0.909789 0.229905
0.909888 0.229905
0.909987 0.229610
0.910086 0.229314
0.910185 0.229019
0.910284 0.229019
0.910384 0.229019
0.910483 0.229019
0.910582 0.229019
0.910681 0.229019
0.910780 0.229019
0.910879 0.228723
0.910978 0.228723
0.911077 0.228428
0.911176 0.228428
0.911275 0.228428
0.911374 0.228428
0.911473 0.228428
0.911573 0.227837
0.911672 0.227541
0.911771 0.227541
0.911870 0.226950
0.911969 0.226655
0.912068 0.226359
0.912167 0.226359
0.912266 0.226064
0.912365 0.225768
0.912464 0.225177
0.912563 0.224586
0.912662 0.224586
0.912761 0.224586
0.912861 0.224291
0.912960 0.223995
0.913059 0.223995
0.913158 0.223995
0.913257 0.223700
0.913356 0.223404
0.913455 0.223404
0.913554 0.222813
0.913653 0.222518
0.913752 0.222518
0.913851 0.222518
0.913950 0.222518
0.914050 0.222222
0.914149 0.221927
0.914248 0.221631
0.914347 0.221631
0.914446 0.221040
0.914545 0.220745
0.914644 0.220154
0.914743 0.219563
0.914842 0.219563
0.914941 0.218972
0.915040 0.218972
0.915139 0.218676
0.915238 0.217790
0.915338 0.217494
0.915437 0.217199
0.915536 0.217199
0.915635 0.217199
0.915734 0.217199
0.915833 0.217199
0.915932 0.217199
0.916031 0.217199
0.916130 0.216903
0.916229 0.216608
0.916328 0.216608
0.916427 0.216312
0.916527 0.216312
0.916626 0.216312
0.916725 0.216312
0.916824 0.216312
0.916923 0.216312
0.917022 0.216017
0.917121 0.215426
0.917220 0.215130
0.917319 0.214835
0.917418 0.214835
0.917517 0.214243
0.917616 0.214243
0.917715 0.213948
0.917815 0.213652
0.917914 0.213652
0.918013 0.213652
0.918112 0.213652
0.918211 0.213357
0.918310 0.213061
0.918409 0.213061
0.918508 0.212766
0.918607 0.212175
0.918706 0.212175
0.918805 0.212175
0.918904 0.211879
0.919004 0.211879
0.919103 0.211879
0.919202 0.211288
0.919301 0.210402
0.919400 0.210106
0.919499 0.210106
0.919598 0.210106
0.919697 0.210106
0.919796 0.208924
0.919895 0.208924
0.919994 0.208333
0.920093 0.208038
0.920192 0.208038
0.920292 0.208038
0.920391 0.207742
0.920490 0.207742
0.920589 0.207151
0.920688 0.206856
0.920787 0.206856
0.920886 0.206265
0.920985 0.205378
0.921084 0.204787
0.921183 0.204492
0.921282 0.203901
0.921381 0.203605
0.921481 0.203014
0.921580 0.202719
0.921679 0.202719
0.921778 0.202719
0.921877 0.202423
0.921976 0.202128
0.922075 0.202128
0.922174 0.202128
0.922273 0.202128
0.922372 0.202128
0.922471 0.201832
0.922570 0.201537
0.922669 0.201537
0.922769 0.201537
0.922868 0.201241
0.922967 0.200946
0.923066 0.200946
0.923165 0.200355
0.923264 0.200059
0.923363 0.200059
0.923462 0.199468
0.923561 0.199173
0.923660 0.198582
0.923759 0.198286
0.923858 0.198286
0.923958 0.197991
0.924057 0.197104
0.924156 0.196809
0.924255 0.196217
0.924354 0.196217
0.924453 0.195922
0.924552 0.195626
0.924651 0.195626
0.924750 0.195626
0.924849 0.195626
0.924948 0.195035
0.925047 0.194444
0.925146 0.194444
0.925246 0.194149
0.925345 0.194149
0.925444 0.193853
0.925543 0.193853
0.925642 0.193853
0.925741 0.193853
0.925840 0.193853
0.925939 0.193853
0.926038 0.193558
0.926137 0.193558
0.926236 0.193262
0.926335 0.192967
0.926435 0.192967
0.926534 0.192967
0.926633 0.192671
0.926732 0.192671
0.926831 0.192671
0.926930 0.192671
0.927029 0.192671
0.927128 0.192376
0.927227 0.192080
0.927326 0.191785
0.927425 0.191785
0.927524 0.190898
0.927623 0.190307
0.927723 0.190307
0.927822 0.190012
0.927921 0.189716
0.928020 0.189421
0.928119 0.189125
0.928218 0.188534
0.928317 0.188534
0.928416 0.187943
0.928515 0.187648
0.928614 0.187648
0.928713 0.186170
0.928812 0.186170
0.928912 0.186170
0.929011 0.186170
0.929110 0.186170
0.929209 0.186170
0.929308 0.185579
0.929407 0.184988
0.929506 0.184693
0.929605 0.184693
0.929704 0.184397
0.929803 0.183806
0.929902 0.183806
0.930001 0.183806
0.930100 0.183806
0.930200 0.183806
0.930299 0.183511
0.930398 0.183511
0.930497 0.183511
0.930596 0.183511
0.930695 0.182920
0.930794 0.182329
0.930893 0.182329
0.930992 0.181442
0.931091 0.181442
0.931190 0.181147
0.931289 0.181147
0.931389 0.181147
0.931488 0.180556
0.931587 0.180260
0.931686 0.179965
0.931785 0.179669
0.931884 0.179374
0.931983 0.179374
0.932082 0.179374
0.932181 0.179374
0.932280 0.178783
0.932379 0.178783
0.932478 0.178191
0.932578 0.177896
0.932677 0.177305
0.932776 0.177009
0.932875 0.176714
0.932974 0.176714
0.933073 0.176714
0.933172 0.176418
0.933271 0.175827
0.933370 0.175532
0.933469 0.174941
0.933568 0.174645
0.933667 0.174350
0.933766 0.174054
0.933866 0.173759
0.933965 0.173168
0.934064 0.172872
0.934163 0.172872
0.934262 0.172872
0.934361 0.172872
0.934460 0.172281
0.934559 0.171986
0.934658 0.171395
0.934757 0.170804
0.934856 0.170804
0.934955 0.170508
0.935055 0.169917
0.935154 0.169917
0.935253 0.169622
0.935352 0.169326
0.935451 0.169326
0.935550 0.168735
0.935649 0.168440
0.935748 0.168440
0.935847 0.167849
0.935946 0.167553
0.936045 0.167258
0.936144 0.166962
0.936243 0.166371
0.936343 0.166076
0.936442 0.165780
0.936541 0.165780
0.936640 0.165780
0.936739 0.165189
0.936838 0.164894
0.936937 0.164894
0.937036 0.164894
0.937135 0.164598
0.937234 0.164598
0.937333 0.164598
0.937432 0.164303
0.937532 0.163712
0.937631 0.163416
0.937730 0.163416
0.937829 0.163416
0.937928 0.163121
0.938027 0.162825
0.938126 0.162530
0.938225 0.162234
0.938324 0.162234
0.938423 0.161939
0.938522 0.161643
0.938621 0.161643
0.938720 0.161643
0.938820 0.160461
0.938919 0.160461
0.939018 0.159870
0.939117 0.159574
0.939216 0.159574
0.939315 0.159574
0.939414 0.159574
0.939513 0.159574
0.939612 0.158983
0.939711 0.158688
0.939810 0.158392
0.939909 0.158392
0.940009 0.158097
0.940108 0.158097
0.940207 0.158097
0.940306 0.158097
0.940405 0.157801
0.940504 0.157801
0.940603 0.157801
0.940702 0.157210
0.940801 0.157210
0.940900 0.156915
0.940999 0.156915
0.941098 0.156619
0.941197 0.156028
0.941297 0.155733
0.941396 0.155733
0.941495 0.155733
0.941594 0.155437
0.941693 0.155437
0.941792 0.155142
0.941891 0.155142
0.941990 0.154846
0.942089 0.154551
0.942188 0.154255
0.942287 0.153960
0.942386 0.153960
0.942486 0.153369
0.942585 0.153073
0.942684 0.153073
0.942783 0.153073
0.942882 0.152778
0.942981 0.152482
0.943080 0.151891
0.943179 0.151300
0.943278 0.151300
0.943377 0.150709
0.943476 0.150414
0.943575 0.150118
0.943674 0.150118
0.943774 0.149823
0.943873 0.149823
0.943972 0.149823
0.944071 0.149527
0.944170 0.149232
0.944269 0.148936
0.944368 0.147754
0.944467 0.147459
0.944566 0.146868
0.944665 0.146868
0.944764 0.146868
0.944863 0.146277
0.944963 0.145981
0.945062 0.145686
0.945161 0.145390
0.945260 0.145095
0.945359 0.144504
0.945458 0.144208
0.945557 0.144208
0.945656 0.144208
0.945755 0.144208
0.945854 0.143617
0.945953 0.143322
0.946052 0.143322
0.946151 0.142435
0.946251 0.142435
0.946350 0.142139
0.946449 0.141253
0.946548 0.140662
0.946647 0.140071
0.946746 0.139480
0.946845 0.138593
0.946944 0.138298
0.947043 0.137707
0.947142 0.137411
0.947241 0.137116
0.947340 0.136820
0.947440 0.136820
0.947539 0.136820
0.947638 0.136525
0.947737 0.136229
0.947836 0.135934
0.947935 0.135934
0.948034 0.135638
0.948133 0.135638
0.948232 0.135343
0.948331 0.134752
0.948430 0.134161
0.948529 0.134161
0.948628 0.133865
0.948728 0.133865
0.948827 0.133570
0.948926 0.133570
0.949025 0.133274
0.949124 0.133274
0.949223 0.132683
0.949322 0.132388
0.949421 0.132388
0.949520 0.132388
0.949619 0.132388
0.949718 0.132388
0.949817 0.132388
0.949917 0.131797
0.950016 0.131797
0.950115 0.131797
0.950214 0.131206
0.950313 0.130319
0.950412 0.130319
0.950511 0.130319
0.950610 0.130024
0.950709 0.129433
0.950808 0.129433
0.950907 0.129433
0.951006 0.128546
0.951105 0.128251
0.951205 0.127955
0.951304 0.127955
0.951403 0.127364
0.951502 0.127069
0.951601 0.127069
0.951700 0.127069
0.951799 0.127069
0.951898 0.127069
0.951997 0.126478
0.952096 0.126182
0.952195 0.125887
0.952294 0.125591
0.952394 0.125000
0.952493 0.124704
0.952592 0.124113
0.952691 0.124113
0.952790 0.124113
0.952889 0.123818
0.952988 0.123522
0.953087 0.123522
0.953186 0.123522
0.953285 0.123522
0.953384 0.123227
0.953483 0.123227
0.953582 0.123227
0.953682 0.122636
0.953781 0.122636
0.953880 0.122636
0.953979 0.122340
0.954078 0.122340
0.954177 0.121749
0.954276 0.121454
0.954375 0.120863
0.954474 0.120863
0.954573 0.120863
0.954672 0.120272
0.954771 0.120272
0.954871 0.119681
0.954970 0.119681
0.955069 0.119385
0.955168 0.118794
0.955267 0.118794
0.955366 0.118499
0.955465 0.118499
0.955564 0.117908
0.955663 0.117612
0.955762 0.117612
0.955861 0.117612
0.955960 0.117317
0.956059 0.117317
0.956159 0.117317
0.956258 0.117021
0.956357 0.117021
0.956456 0.116726
0.956555 0.116430
0.956654 0.116430
0.956753 0.116430
0.956852 0.115839
0.956951 0.115839
0.957050 0.115248
0.957149 0.114362
0.957248 0.114362
0.957348 0.114362
0.957447 0.114066
0.957546 0.114066
0.957645 0.113771
0.957744 0.113475
0.957843 0.112589
0.957942 0.112589
0.958041 0.112589
0.958140 0.111998
0.958239 0.111998
0.958338 0.111702
0.958437 0.111702
0.958536 0.111702
0.958636 0.111407
0.958735 0.111111
0.958834 0.110816
0.958933 0.110816
0.959032 0.110520
0.959131 0.110520
0.959230 0.110225
0.959329 0.109929
0.959428 0.109338
0.959527 0.108747
0.959626 0.108452
0.959725 0.108452
0.959825 0.108452
0.959924 0.108452
0.960023 0.107861
0.960122 0.107861
0.960221 0.107270
0.960320 0.107270
0.960419 0.107270
0.960518 0.107270
0.960617 0.106974
0.960716 0.106974
0.960815 0.106974
0.960914 0.106087
0.961013 0.105792
0.961113 0.105792
0.961212 0.105496
0.961311 0.105496
0.961410 0.105201
0.961509 0.105201
0.961608 0.104905
0.961707 0.104610
0.961806 0.103132
0.961905 0.103132
0.962004 0.102837
0.962103 0.102246
0.962202 0.101950
0.962302 0.101655
0.962401 0.100768
0.962500 0.100473
0.962599 0.100177
0.962698 0.099882
0.962797 0.099586
0.962896 0.099586
0.962995 0.099291
0.963094 0.098995
0.963193 0.098995
0.963292 0.098404
0.963391 0.098109
0.963491 0.097518
0.963590 0.096927
0.963689 0.095745
0.963788 0.095154
0.963887 0.094858
0.963986 0.094267
0.964085 0.093972
0.964184 0.093972
0.964283 0.093676
0.964382 0.093676
0.964481 0.092790
0.964580 0.092494
0.964679 0.092199
0.964779 0.092199
0.964878 0.091903
0.964977 0.091903
0.965076 0.091608
0.965175 0.091312
0.965274 0.091017
0.965373 0.091017
0.965472 0.090426
0.965571 0.090426
0.965670 0.090130
0.965769 0.090130
0.965868 0.089835
0.965968 0.089243
0.966067 0.088948
0.966166 0.088948
0.966265 0.088652
0.966364 0.088061
0.966463 0.087470
0.966562 0.087175
0.966661 0.086879
0.966760 0.086879
0.966859 0.086584
0.966958 0.086584
0.967057 0.085697
0.967156 0.084220
0.967256 0.083924
0.967355 0.083333
0.967454 0.083038
0.967553 0.082742
0.967652 0.082151
0.967751 0.081856
0.967850 0.081560
0.967949 0.081560
0.968048 0.081560
0.968147 0.081265
0.968246 0.080969
0.968345 0.080083
0.968445 0.080083
0.968544 0.080083
0.968643 0.078901
0.968742 0.078310
0.968841 0.077719
0.968940 0.077719
0.969039 0.077128
0.969138 0.077128
0.969237 0.076537
0.969336 0.076537
0.969435 0.076537
0.969534 0.076241
0.969633 0.076241
0.969733 0.075946
0.969832 0.075355
0.969931 0.074764
0.970030 0.073877
0.970129 0.073286
0.970228 0.072991
0.970327 0.072695
0.970426 0.072400
0.970525 0.070922
0.970624 0.070626
0.970723 0.070035
0.970822 0.069740
0.970922 0.069444
0.971021 0.068853
0.971120 0.068558
0.971219 0.068262
0.971318 0.067967
0.971417 0.067671
0.971516 0.067080
0.971615 0.065898
0.971714 0.065307
0.971813 0.064421
0.971912 0.064125
0.972011 0.064125
0.972110 0.063830
0.972210 0.063239
0.972309 0.063239
0.972408 0.062943
0.972507 0.062648
0.972606 0.062648
0.972705 0.061761
0.972804 0.060875
0.972903 0.060875
0.973002 0.060579
0.973101 0.060284
0.973200 0.059397
0.973299 0.059397
0.973399 0.059102
0.973498 0.058215
0.973597 0.057329
0.973696 0.056738
0.973795 0.056147
0.973894 0.055851
0.973993 0.055260
0.974092 0.054374
0.974191 0.054374
0.974290 0.054374
0.974389 0.053783
0.974488 0.052896
0.974587 0.052896
0.974687 0.051714
0.974786 0.051418
0.974885 0.051418
0.974984 0.051123
0.975083 0.050532
0.975182 0.050236
0.975281 0.050236
0.975380 0.049054
0.975479 0.048463
0.975578 0.048463
0.975677 0.047872
0.975776 0.047872
0.975876 0.047281
0.975975 0.046986
0.976074 0.046986
0.976173 0.046690
0.976272 0.046395
0.976371 0.045213
0.976470 0.044917
0.976569 0.044917
0.976668 0.044622
0.976767 0.044622
0.976866 0.044031
0.976965 0.043735
0.977064 0.043440
0.977164 0.043144
0.977263 0.042258
0.977362 0.041667
0.977461 0.041371
0.977560 0.041076
0.977659 0.040780
0.977758 0.040189
0.977857 0.039894
0.977956 0.039303
0.978055 0.039007
0.978154 0.038416
0.978253 0.037825
0.978353 0.037530
0.978452 0.037530
0.978551 0.036939
0.978650 0.036348
0.978749 0.035757
0.978848 0.034870
0.978947 0.034574
0.979046 0.034574
0.979145 0.034574
0.979244 0.034279
0.979343 0.033983
0.979442 0.033392
0.979541 0.033097
0.979641 0.032506
0.979740 0.032210
0.979839 0.032210
0.979938 0.031619
0.980037 0.031324
0.980136 0.031028
0.980235 0.030142
0.980334 0.030142
0.980433 0.030142
0.980532 0.030142
0.980631 0.029846
0.980730 0.028664
0.980830 0.028369
0.980929 0.027482
0.981028 0.027482
0.981127 0.026891
0.981226 0.026596
0.981325 0.026300
0.981424 0.026300
0.981523 0.025709
0.981622 0.025709
0.981721 0.025709
0.981820 0.025709
0.981919 0.024823
0.982018 0.024527
0.982118 0.024527
0.982217 0.024527
0.982316 0.024232
0.982415 0.024232
0.982514 0.023936
0.982613 0.023050
0.982712 0.022459
0.982811 0.021868
0.982910 0.021277
0.983009 0.021277
0.983108 0.020981
0.983207 0.020390
0.983307 0.020095
0.983406 0.019208
0.983505 0.018913
0.983604 0.018617
0.983703 0.017730
0.983802 0.017730
0.983901 0.017730
0.984000 0.017730
0.984099 0.017435
0.984198 0.016548
0.984297 0.016548
0.984396 0.016253
0.984495 0.016253
0.984595 0.015957
0.984694 0.015366
0.984793 0.014480
0.984892 0.014480
0.984991 0.014480
0.985090 0.014480
0.985189 0.014480
0.985288 0.013298
0.985387 0.013298
0.985486 0.013002
0.985585 0.013002
0.985684 0.012707
0.985784 0.012411
0.985883 0.012411
0.985982 0.012116
0.986081 0.012116
0.986180 0.011820
0.986279 0.011229
0.986378 0.011229
0.986477 0.010934
0.986576 0.010934
0.986675 0.010343
0.986774 0.009752
0.986873 0.008865
0.986972 0.008274
0.987072 0.007683
0.987171 0.007683
0.987270 0.007683
0.987369 0.007388
0.987468 0.006501
0.987567 0.006501
0.987666 0.005615
0.987765 0.005615
0.987864 0.005615
0.987963 0.005319
0.988062 0.005319
0.988161 0.005024
0.988261 0.005024
0.988360 0.005024
0.988459 0.004728
0.988558 0.004728
0.988657 0.004433
0.988756 0.004433
0.988855 0.004433
0.988954 0.003842
0.989053 0.003842
0.989152 0.003842
0.989251 0.003546
0.989350 0.003251
0.989449 0.003251
0.989549 0.002660
0.989648 0.002364
0.989747 0.002364
0.989846 0.002364
0.989945 0.002364
0.990044 0.002364
0.990143 0.002069
0.990242 0.001773
0.990341 0.001773
0.990440 0.001773
0.990539 0.001182
0.990638 0.001182
0.990738 0.000887
0.990837 0.000887
0.990936 0.000887
0.991035 0.000591
0.991134 0.000591
0.991233 0.000591
0.991332 0.000296
0.991431 0.000296
0.991530 0.000296
0.991629 0.000296
0.991728 0.000296
0.991827 0.000296
0.991926 0.000296
0.992026 0.000296
0.992125 0.000296
0.992224 0.000000
