# Threshold Efficiency
0.000722 1.000000
0.000821 1.000000
0.000920 1.000000
0.001020 1.000000
0.001119 1.000000
0.001218 1.000000
0.001318 1.000000
0.001417 1.000000
0.001516 1.000000
0.001616 1.000000
0.001715 1.000000
0.001814 1.000000
0.001914 1.000000
0.002013 1.000000
0.002112 1.000000
0.002212 1.000000
0.002311 1.000000
0.002410 1.000000
0.002510 0.999704
0.002609 0.999704
0.002708 0.999704
0.002808 0.999704
0.002907 0.999704
0.003006 0.999704
0.003106 0.999704
0.003205 0.999704
0.003304 0.999704
0.003404 0.999704
0.003503 0.999704
0.003602 0.999704
0.003702 0.999704
0.003801 0.999704
0.003900 0.999704
0.004000 0.999704
0.004099 0.999704
0.004198 0.999704
0.004298 0.999704
0.004397 0.999704
0.004496 0.999704
0.004596 0.999704
0.004695 0.999704
0.004794 0.999704
0.004894 0.999704
0.004993 0.999704
0.005092 0.999704
0.005192 0.999704
0.005291 0.999704
0.005390 0.999704
0.005490 0.999704
0.005589 0.999704
0.005688 0.999409
0.005788 0.999409
0.005887 0.999409
0.005986 0.999409
0.006086 0.999409
0.006185 0.999409
0.006284 0.999409
0.006384 0.999409
0.006483 0.999409
0.006582 0.999409
0.006682 0.999409
0.006781 0.999409
0.006880 0.999409
0.006980 0.999409
0.007079 0.999409
0.007178 0.999409
0.007278 0.999409
0.007377 0.999409
0.007476 0.999409
0.007576 0.999409
0.007675 0.999409
0.007774 0.999409
0.007874 0.999409
0.007973 0.999409
0.008072 0.999409
0.008172 0.999409
0.008271 0.999409
0.008370 0.999409
0.008469 0.999409
0.008569 0.999409
0.008668 0.999113
0.008767 0.999113
0.008867 0.999113
0.008966 0.999113
0.009065 0.999113
0.009165 0.999113
0.009264 0.999113
0.009363 0.999113
0.009463 0.999113
0.009562 0.999113
0.009661 0.999113
0.009761 0.999113
0.009860 0.999113
0.009959 0.999113
0.010059 0.999113
0.010158 0.999113
0.010257 0.999113
0.010357 0.999113
0.010456 0.999113
0.010555 0.999113
0.010655 0.999113
0.010754 0.999113
0.010853 0.999113
0.010953 0.999113
0.011052 0.999113
0.011151 0.999113
0.011251 0.999113
0.011350 0.999113
0.011449 0.999113
0.011549 0.999113
0.011648 0.999113
0.011747 0.999113
0.011847 0.999113
0.011946 0.999113
0.012045 0.999113
0.012145 0.999113
0.012244 0.999113
0.012343 0.999113
0.012443 0.999113
0.012542 0.999113
0.012641 0.999113
0.012741 0.999113
0.012840 0.999113
0.012939 0.999113
0.013039 0.999113
0.013138 0.999113
0.013237 0.999113
0.013337 0.999113
0.013436 0.999113
0.013535 0.999113
0.013635 0.999113
0.013734 0.999113
0.013833 0.999113
0.013933 0.999113
0.014032 0.999113
0.014131 0.999113
0.014231 0.999113
0.014330 0.999113
0.014429 0.999113
0.014529 0.999113
0.014628 0.999113
0.014727 0.999113
0.014827 0.999113
0.014926 0.999113
0.015025 0.999113
0.015125 0.999113
0.015224 0.999113
0.015323 0.999113
0.015423 0.999113
0.015522 0.999113
0.015621 0.999113
0.015721 0.999113
0.015820 0.999113
0.015919 0.999113
0.016019 0.999113
0.016118 0.999113
0.016217 0.999113
0.016317 0.999113
0.016416 0.999113
0.016515 0.999113
0.016615 0.999113
0.016714 0.999113
0.016813 0.999113
0.016913 0.999113
0.017012 0.999113
0.017111 0.999113
0.017211 0.999113
0.017310 0.999113
0.017409 0.999113
0.017509 0.999113
0.017608 0.999113
0.017707 0.999113
0.017807 0.999113
0.017906 0.999113
0.018005 0.999113
0.018105 0.999113
0.018204 0.999113
0.018303 0.999113
0.018403 0.999113
0.018502 0.999113
0.018601 0.999113
0.018701 0.999113
0.018800 0.999113
0.018899 0.999113
0.018999 0.999113
0.019098 0.999113
0.019197 0.999113
0.019297 0.999113
0.019396 0.999113
0.019495 0.999113
0.019595 0.999113
0.019694 0.999113
0.019793 0.999113
0.019893 0.999113
0.019992 0.999113
0.020091 0.999113
0.020191 0.999113
0.020290 0.999113
0.020389 0.999113
0.020489 0.999113
0.020588 0.999113
0.020687 0.999113
0.020787 0.999113
0.020886 0.999113
0.020985 0.999113
0.021085 0.999113
0.021184 0.999113
0.021283 0.999113
0.021383 0.999113
0.021482 0.999113
0.021581 0.999113
0.021681 0.999113
0.021780 0.999113
0.021879 0.999113
0.021979 0.999113
0.022078 0.999113
0.022177 0.999113
0.022277 0.999113
0.022376 0.999113
0.022475 0.999113
0.022575 0.999113
0.022674 0.999113
0.022773 0.999113
0.022873 0.999113
0.022972 0.999113
0.023071 0.999113
0.023171 0.999113
0.023270 0.999113
0.023369 0.999113
0.023469 0.999113
0.023568 0.999113
0.023667 0.999113
0.023767 0.999113
0.023866 0.999113
0.023965 0.999113
0.024065 0.999113
0.024164 0.999113
0.024263 0.999113
0.024363 0.999113
0.024462 0.999113
0.024561 0.999113
0.024661 0.999113
0.024760 0.999113
0.024859 0.999113
0.024959 0.999113
0.025058 0.999113
0.025157 0.999113
0.025257 0.999113
0.025356 0.999113
0.025455 0.999113
0.025555 0.999113
0.025654 0.999113
0.025753 0.999113
0.025853 0.999113
0.025952 0.999113
0.026051 0.999113
0.026151 0.999113
0.026250 0.999113
0.026349 0.999113
0.026449 0.999113
0.026548 0.999113
0.026647 0.999113
0.026747 0.999113
0.026846 0.999113
0.026945 0.999113
0.027045 0.999113
0.027144 0.999113
0.027243 0.999113
0.027343 0.999113
0.027442 0.999113
0.027541 0.999113
0.027641 0.998818
0.027740 0.998818
0.027839 0.998818
0.027939 0.998818
0.028038 0.998818
0.028137 0.998818
0.028237 0.998818
0.028336 0.998818
0.028435 0.998818
0.028535 0.998818
0.028634 0.998818
0.028733 0.998818
0.028833 0.998818
0.028932 0.998818
0.029031 0.998818
0.029131 0.998818
0.029230 0.998818
0.029329 0.998818
0.029429 0.998818
0.029528 0.998818
0.029627 0.998818
0.029727 0.998818
0.029826 0.998818
0.029925 0.998818
0.030025 0.998818
0.030124 0.998818
0.030223 0.998818
0.030323 0.998818
0.030422 0.998818
0.030521 0.998818
0.030621 0.998818
0.030720 0.998818
0.030819 0.998818
0.030919 0.998818
0.031018 0.998818
0.031117 0.998818
0.031217 0.998818
0.031316 0.998818
0.031415 0.998818
0.031515 0.998818
0.031614 0.998818
0.031713 0.998522
0.031812 0.998522
0.031912 0.998522
0.032011 0.998522
0.032110 0.998522
0.032210 0.998522
0.032309 0.998522
0.032408 0.998522
0.032508 0.998522
0.032607 0.998522
0.032706 0.998522
0.032806 0.998522
0.032905 0.998522
0.033004 0.998522
0.033104 0.998522
0.033203 0.998522
0.033302 0.998522
0.033402 0.998522
0.033501 0.998522
0.033600 0.998522
0.033700 0.998522
0.033799 0.998522
0.033898 0.998522
0.033998 0.998522
0.034097 0.998522
0.034196 0.998522
0.034296 0.998522
0.034395 0.998522
0.034494 0.998522
0.034594 0.998522
0.034693 0.998522
0.034792 0.998522
0.034892 0.998522
0.034991 0.998522
0.035090 0.998522
0.035190 0.998522
0.035289 0.998522
0.035388 0.998522
0.035488 0.998522
0.035587 0.998227
0.035686 0.998227
0.035786 0.998227
0.035885 0.998227
0.035984 0.998227
0.036084 0.998227
0.036183 0.997931
0.036282 0.997931
0.036382 0.997931
0.036481 0.997931
0.036580 0.997931
0.036680 0.997931
0.036779 0.997931
0.036878 0.997931
0.036978 0.997931
0.037077 0.997931
0.037176 0.997931
0.037276 0.997636
0.037375 0.997636
0.037474 0.997636
0.037574 0.997636
0.037673 0.997636
0.037772 0.997636
0.037872 0.997636
0.037971 0.997636
0.038070 0.997636
0.038170 0.997636
0.038269 0.997636
0.038368 0.997636
0.038468 0.997636
0.038567 0.997636
0.038666 0.997636
0.038766 0.997636
0.038865 0.997636
0.038964 0.997636
0.039064 0.997636
0.039163 0.997636
0.039262 0.997636
0.039362 0.997636
0.039461 0.997636
0.039560 0.997636
0.039660 0.997636
0.039759 0.997636
0.039858 0.997636
0.039958 0.997636
0.040057 0.997636
0.040156 0.997636
0.040256 0.997636
0.040355 0.997636
0.040454 0.997636
0.040554 0.997636
0.040653 0.997636
0.040752 0.997636
0.040852 0.997636
0.040951 0.997636
0.041050 0.997340
0.041150 0.997340
0.041249 0.997340
0.041348 0.997340
0.041448 0.997340
0.041547 0.997340
0.041646 0.997340
0.041746 0.997340
0.041845 0.997340
0.041944 0.997340
0.042044 0.997340
0.042143 0.997340
0.042242 0.997340
0.042342 0.997340
0.042441 0.997340
0.042540 0.997340
0.042640 0.997045
0.042739 0.997045
0.042838 0.997045
0.042938 0.997045
0.043037 0.997045
0.043136 0.997045
0.043236 0.996749
0.043335 0.996749
0.043434 0.996749
0.043534 0.996749
0.043633 0.996749
0.043732 0.996749
0.043832 0.996749
0.043931 0.996749
0.044030 0.996749
0.044130 0.996749
0.044229 0.996749
0.044328 0.996749
0.044428 0.996749
0.044527 0.996749
0.044626 0.996749
0.044726 0.996749
0.044825 0.996749
0.044924 0.996749
0.045024 0.996749
0.045123 0.996749
0.045222 0.996749
0.045322 0.996749
0.045421 0.996749
0.045520 0.996454
0.045620 0.996454
0.045719 0.996454
0.045818 0.996454
0.045918 0.996454
0.046017 0.996454
0.046116 0.996158
0.046216 0.996158
0.046315 0.996158
0.046414 0.996158
0.046514 0.996158
0.046613 0.996158
0.046712 0.996158
0.046812 0.996158
0.046911 0.996158
0.047010 0.996158
0.047110 0.996158
0.047209 0.996158
0.047308 0.996158
0.047408 0.996158
0.047507 0.996158
0.047606 0.996158
0.047706 0.996158
0.047805 0.996158
0.047904 0.996158
0.048004 0.996158
0.048103 0.996158
0.048202 0.996158
0.048302 0.996158
0.048401 0.996158
0.048500 0.996158
0.048600 0.996158
0.048699 0.996158
0.048798 0.996158
0.048898 0.996158
0.048997 0.996158
0.049096 0.996158
0.049196 0.996158
0.049295 0.996158
0.049394 0.996158
0.049494 0.996158
0.049593 0.996158
0.049692 0.996158
0.049792 0.996158
0.049891 0.996158
0.049990 0.996158
0.050090 0.996158
0.050189 0.996158
0.050288 0.996158
0.050388 0.996158
0.050487 0.996158
0.050586 0.996158
0.050686 0.996158
0.050785 0.996158
0.050884 0.996158
0.050984 0.996158
0.051083 0.996158
0.051182 0.996158
0.051282 0.996158
0.051381 0.996158
0.051480 0.996158
0.051580 0.995863
0.051679 0.995863
0.051778 0.995863
0.051878 0.995863
0.051977 0.995863
0.052076 0.995863
0.052176 0.995863
0.052275 0.995863
0.052374 0.995863
0.052474 0.995863
0.052573 0.995863
0.052672 0.995863
0.052772 0.995863
0.052871 0.995863
0.052970 0.995863
0.053070 0.995863
0.053169 0.995863
0.053268 0.995863
0.053368 0.995863
0.053467 0.995863
0.053566 0.995863
0.053666 0.995863
0.053765 0.995863
0.053864 0.995863
0.053964 0.995863
0.054063 0.995863
0.054162 0.995863
0.054262 0.995863
0.054361 0.995863
0.054460 0.995863
0.054560 0.995863
0.054659 0.995863
0.054758 0.995863
0.054858 0.995863
0.054957 0.995863
0.055056 0.995863
0.055155 0.995863
0.055255 0.995863
0.055354 0.995863
0.055453 0.995863
0.055553 0.995863
0.055652 0.995863
0.055751 0.995863
0.055851 0.995863
0.055950 0.995863
0.056049 0.995863
0.056149 0.995863
0.056248 0.995863
0.056347 0.995863
0.056447 0.995863
0.056546 0.995863
0.056645 0.995863
0.056745 0.995863
0.056844 0.995863
0.056943 0.995863
0.057043 0.995863
0.057142 0.995863
0.057241 0.995863
0.057341 0.995863
0.057440 0.995863
0.057539 0.995863
0.057639 0.995863
0.057738 0.995863
0.057837 0.995863
0.057937 0.995863
0.058036 0.995863
0.058135 0.995863
0.058235 0.995863
0.058334 0.995863
0.058433 0.995863
0.058533 0.995863
0.058632 0.995863
0.058731 0.995863
0.058831 0.995863
0.058930 0.995863
0.059029 0.995863
0.059129 0.995863
0.059228 0.995863
0.059327 0.995863
0.059427 0.995863
0.059526 0.995863
0.059625 0.995863
0.059725 0.995863
0.059824 0.995863
0.059923 0.995863
0.060023 0.995863
0.060122 0.995863
0.060221 0.995863
0.060321 0.995863
0.060420 0.995863
0.060519 0.995863
0.060619 0.995863
0.060718 0.995863
0.060817 0.995863
0.060917 0.995863
0.061016 0.995863
0.061115 0.995863
0.061215 0.995863
0.061314 0.995863
0.061413 0.995863
0.061513 0.995863
0.061612 0.995863
0.061711 0.995863
0.061811 0.995567
0.061910 0.995567
0.062009 0.995567
0.062109 0.995567
0.062208 0.995567
0.062307 0.995567
0.062407 0.995567
0.062506 0.995567
0.062605 0.995567
0.062705 0.995567
0.062804 0.995567
0.062903 0.995567
0.063003 0.995567
0.063102 0.995567
0.063201 0.995567
0.063301 0.995567
0.063400 0.995567
0.063499 0.995567
0.063599 0.995567
0.063698 0.995567
0.063797 0.995567
0.063897 0.995567
0.063996 0.995567
0.064095 0.995567
0.064195 0.995567
0.064294 0.995567
0.064393 0.995567
0.064493 0.995567
0.064592 0.995567
0.064691 0.995567
0.064791 0.995567
0.064890 0.995567
0.064989 0.995567
0.065089 0.995567
0.065188 0.995272
0.065287 0.995272
0.065387 0.995272
0.065486 0.995272
0.065585 0.995272
0.065685 0.995272
0.065784 0.995272
0.065883 0.995272
0.065983 0.995272
0.066082 0.995272
0.066181 0.995272
0.066281 0.995272
0.066380 0.995272
0.066479 0.995272
0.066579 0.995272
0.066678 0.994976
0.066777 0.994976
0.066877 0.994976
0.066976 0.994976
0.067075 0.994976
0.067175 0.994976
0.067274 0.994976
0.067373 0.994976
0.067473 0.994976
0.067572 0.994976
0.067671 0.994976
0.067771 0.994976
0.067870 0.994976
0.067969 0.994976
0.068069 0.994976
0.068168 0.994976
0.068267 0.994681
0.068367 0.994681
0.068466 0.994681
0.068565 0.994681
0.068665 0.994681
0.068764 0.994681
0.068863 0.994681
0.068963 0.994681
0.069062 0.994681
0.069161 0.994681
0.069261 0.994681
0.069360 0.994385
0.069459 0.994385
0.069559 0.994090
0.069658 0.994090
0.069757 0.994090
0.069857 0.994090
0.069956 0.994090
0.070055 0.994090
0.070155 0.994090
0.070254 0.994090
0.070353 0.994090
0.070453 0.994090
0.070552 0.994090
0.070651 0.994090
0.070751 0.994090
0.070850 0.994090
0.070949 0.994090
0.071049 0.994090
0.071148 0.994090
0.071247 0.994090
0.071347 0.994090
0.071446 0.994090
0.071545 0.994090
0.071645 0.994090
0.071744 0.994090
0.071843 0.993794
0.071943 0.993499
0.072042 0.993499
0.072141 0.993499
0.072241 0.993499
0.072340 0.993499
0.072439 0.993499
0.072539 0.993499
0.072638 0.993499
0.072737 0.993499
0.072837 0.993499
0.072936 0.993499
0.073035 0.993499
0.073135 0.993499
0.073234 0.993499
0.073333 0.993499
0.073433 0.993499
0.073532 0.993499
0.073631 0.993203
0.073731 0.993203
0.073830 0.993203
0.073929 0.993203
0.074029 0.993203
0.074128 0.993203
0.074227 0.992908
0.074327 0.992908
0.074426 0.992908
0.074525 0.992908
0.074625 0.992612
0.074724 0.992612
0.074823 0.992612
0.074923 0.992612
0.075022 0.992612
0.075121 0.992612
0.075221 0.992612
0.075320 0.992612
0.075419 0.992612
0.075519 0.992612
0.075618 0.992612
0.075717 0.992612
0.075817 0.992612
0.075916 0.992612
0.076015 0.992612
0.076115 0.992612
0.076214 0.992612
0.076313 0.992612
0.076413 0.992612
0.076512 0.992612
0.076611 0.992021
0.076711 0.992021
0.076810 0.992021
0.076909 0.992021
0.077009 0.991726
0.077108 0.991726
0.077207 0.991726
0.077307 0.991726
0.077406 0.991726
0.077505 0.991726
0.077605 0.991726
0.077704 0.991726
0.077803 0.991726
0.077903 0.991726
0.078002 0.991726
0.078101 0.991726
0.078201 0.991726
0.078300 0.991726
0.078399 0.991726
0.078498 0.991726
0.078598 0.991726
0.078697 0.991726
0.078796 0.991726
0.078896 0.991726
0.078995 0.991726
0.079094 0.991726
0.079194 0.991726
0.079293 0.991726
0.079392 0.991726
0.079492 0.991726
0.079591 0.991726
0.079690 0.991726
0.079790 0.991726
0.079889 0.991726
0.079988 0.991726
0.080088 0.991726
0.080187 0.991726
0.080286 0.991726
0.080386 0.991430
0.080485 0.991430
0.080584 0.991430
0.080684 0.991430
0.080783 0.991430
0.080882 0.991430
0.080982 0.991430
0.081081 0.991430
0.081180 0.991430
0.081280 0.991430
0.081379 0.991430
0.081478 0.991430
0.081578 0.991430
0.081677 0.991430
0.081776 0.991430
0.081876 0.991430
0.081975 0.991430
0.082074 0.991430
0.082174 0.991430
0.082273 0.991430
0.082372 0.991430
0.082472 0.991430
0.082571 0.991135
0.082670 0.991135
0.082770 0.991135
0.082869 0.991135
0.082968 0.991135
0.083068 0.991135
0.083167 0.991135
0.083266 0.991135
0.083366 0.991135
0.083465 0.991135
0.083564 0.991135
0.083664 0.991135
0.083763 0.991135
0.083862 0.991135
0.083962 0.991135
0.084061 0.991135
0.084160 0.991135
0.084260 0.991135
0.084359 0.991135
0.084458 0.991135
0.084558 0.991135
0.084657 0.991135
0.084756 0.991135
0.084856 0.991135
0.084955 0.991135
0.085054 0.991135
0.085154 0.991135
0.085253 0.991135
0.085352 0.991135
0.085452 0.991135
0.085551 0.991135
0.085650 0.991135
0.085750 0.991135
0.085849 0.991135
0.085948 0.991135
0.086048 0.991135
0.086147 0.991135
0.086246 0.990839
0.086346 0.990839
0.086445 0.990839
0.086544 0.990839
0.086644 0.990839
0.086743 0.990839
0.086842 0.990839
0.086942 0.990839
0.087041 0.990839
0.087140 0.990839
0.087240 0.990839
0.087339 0.990839
0.087438 0.990839
0.087538 0.990544
0.087637 0.990544
0.087736 0.990544
0.087836 0.990544
0.087935 0.990248
0.088034 0.990248
0.088134 0.990248
0.088233 0.990248
0.088332 0.990248
0.088432 0.990248
0.088531 0.990248
0.088630 0.990248
0.088730 0.990248
0.088829 0.990248
0.088928 0.990248
0.089028 0.990248
0.089127 0.990248
0.089226 0.990248
0.089326 0.990248
0.089425 0.990248
0.089524 0.990248
0.089624 0.989953
0.089723 0.989953
0.089822 0.989953
0.089922 0.989953
0.090021 0.989953
0.090120 0.989953
0.090220 0.989953
0.090319 0.989953
0.090418 0.989953
0.090518 0.989953
0.090617 0.989953
0.090716 0.989953
0.090816 0.989953
0.090915 0.989953
0.091014 0.989953
0.091114 0.989953
0.091213 0.989953
0.091312 0.989953
0.091412 0.989953
0.091511 0.989657
0.091610 0.989657
0.091710 0.989657
0.091809 0.989657
0.091908 0.989657
0.092008 0.989657
0.092107 0.989657
0.092206 0.989657
0.092306 0.989657
0.092405 0.989657
0.092504 0.989657
0.092604 0.989657
0.092703 0.989657
0.092802 0.989657
0.092902 0.989657
0.093001 0.989657
0.093100 0.989657
0.093200 0.989657
0.093299 0.989657
0.093398 0.989657
0.093498 0.989657
0.093597 0.989657
0.093696 0.989657
0.093796 0.989657
0.093895 0.989657
0.093994 0.989657
0.094094 0.989657
0.094193 0.989657
0.094292 0.989657
0.094392 0.989657
0.094491 0.989657
0.094590 0.989657
0.094690 0.989657
0.094789 0.989657
0.094888 0.989657
0.094988 0.989657
0.095087 0.989657
0.095186 0.989657
0.095286 0.989657
0.095385 0.989657
0.095484 0.989657
0.095584 0.989657
0.095683 0.989657
0.095782 0.989657
0.095882 0.989657
0.095981 0.989657
0.096080 0.989657
0.096180 0.989657
0.096279 0.989657
0.096378 0.989657
0.096478 0.989657
0.096577 0.989657
0.096676 0.989362
0.096776 0.989362
0.096875 0.989362
0.096974 0.989362
0.097074 0.989362
0.097173 0.989362
0.097272 0.989362
0.097372 0.989362
0.097471 0.989362
0.097570 0.989066
0.097670 0.989066
0.097769 0.989066
0.097868 0.989066
0.097968 0.989066
0.098067 0.988771
0.098166 0.988771
0.098266 0.988771
0.098365 0.988771
0.098464 0.988475
0.098564 0.988475
0.098663 0.988475
0.098762 0.988475
0.098862 0.988475
0.098961 0.988475
0.099060 0.988475
0.099160 0.988475
0.099259 0.988475
0.099358 0.988475
0.099458 0.988475
0.099557 0.988475
0.099656 0.988475
0.099756 0.988475
0.099855 0.988475
0.099954 0.988475
0.100054 0.988180
0.100153 0.988180
0.100252 0.988180
0.100352 0.988180
0.100451 0.988180
0.100550 0.988180
0.100650 0.988180
0.100749 0.988180
0.100848 0.988180
0.100948 0.987884
0.101047 0.987589
0.101146 0.987589
0.101246 0.987589
0.101345 0.987589
0.101444 0.987293
0.101544 0.987293
0.101643 0.987293
0.101742 0.987293
0.101841 0.987293
0.101941 0.987293
0.102040 0.987293
0.102139 0.987293
0.102239 0.986998
0.102338 0.986998
0.102437 0.986998
0.102537 0.986998
0.102636 0.986998
0.102735 0.986998
0.102835 0.986998
0.102934 0.986998
0.103033 0.986998
0.103133 0.986998
0.103232 0.986998
0.103331 0.986998
0.103431 0.986998
0.103530 0.986998
0.103629 0.986998
0.103729 0.986998
0.103828 0.986998
0.103927 0.986702
0.104027 0.986702
0.104126 0.986702
0.104225 0.986702
0.104325 0.986407
0.104424 0.986407
0.104523 0.986407
0.104623 0.986407
0.104722 0.986407
0.104821 0.986407
0.104921 0.986407
0.105020 0.986407
0.105119 0.986407
0.105219 0.986407
0.105318 0.986407
0.105417 0.986407
0.105517 0.986407
0.105616 0.986407
0.105715 0.986407
0.105815 0.986407
0.105914 0.986407
0.106013 0.986407
0.106113 0.986407
0.106212 0.986407
0.106311 0.986407
0.106411 0.986407
0.106510 0.986407
0.106609 0.986407
0.106709 0.986407
0.106808 0.986407
0.106907 0.986407
0.107007 0.986407
0.107106 0.986111
0.107205 0.986111
0.107305 0.986111
0.107404 0.986111
0.107503 0.986111
0.107603 0.986111
0.107702 0.986111
0.107801 0.986111
0.107901 0.986111
0.108000 0.986111
0.108099 0.986111
0.108199 0.986111
0.108298 0.986111
0.108397 0.986111
0.108497 0.986111
0.108596 0.986111
0.108695 0.986111
0.108795 0.986111
0.108894 0.986111
0.108993 0.986111
0.109093 0.986111
0.109192 0.986111
0.109291 0.986111
0.109391 0.986111
0.109490 0.986111
0.109589 0.986111
0.109689 0.986111
0.109788 0.986111
0.109887 0.986111
0.109987 0.986111
0.110086 0.986111
0.110185 0.986111
0.110285 0.986111
0.110384 0.986111
0.110483 0.986111
0.110583 0.986111
0.110682 0.986111
0.110781 0.985816
0.110881 0.985816
0.110980 0.985520
0.111079 0.985225
0.111179 0.985225
0.111278 0.985225
0.111377 0.985225
0.111477 0.985225
0.111576 0.985225
0.111675 0.985225
0.111775 0.985225
0.111874 0.985225
0.111973 0.985225
0.112073 0.985225
0.112172 0.985225
0.112271 0.985225
0.112371 0.985225
0.112470 0.985225
0.112569 0.984929
0.112669 0.984929
0.112768 0.984634
0.112867 0.984634
0.112967 0.984634
0.113066 0.984634
0.113165 0.984634
0.113265 0.984634
0.113364 0.984634
0.113463 0.984634
0.113563 0.984634
0.113662 0.984634
0.113761 0.984634
0.113861 0.984634
0.113960 0.984634
0.114059 0.984634
0.114159 0.984634
0.114258 0.984634
0.114357 0.984634
0.114457 0.984634
0.114556 0.984634
0.114655 0.984634
0.114755 0.984634
0.114854 0.984338
0.114953 0.984338
0.115053 0.984338
0.115152 0.984338
0.115251 0.984338
0.115351 0.984338
0.115450 0.984338
0.115549 0.984338
0.115649 0.984338
0.115748 0.984338
0.115847 0.984338
0.115947 0.984338
0.116046 0.984338
0.116145 0.984338
0.116245 0.984338
0.116344 0.984338
0.116443 0.984338
0.116543 0.984338
0.116642 0.984338
0.116741 0.984338
0.116841 0.984338
0.116940 0.984338
0.117039 0.984338
0.117139 0.984338
0.117238 0.984338
0.117337 0.984338
0.117437 0.984338
0.117536 0.984338
0.117635 0.984338
0.117735 0.984043
0.117834 0.984043
0.117933 0.984043
0.118033 0.984043
0.118132 0.984043
0.118231 0.984043
0.118331 0.984043
0.118430 0.984043
0.118529 0.984043
0.118629 0.984043
0.118728 0.984043
0.118827 0.984043
0.118927 0.984043
0.119026 0.984043
0.119125 0.983747
0.119225 0.983747
0.119324 0.983747
0.119423 0.983747
0.119523 0.983747
0.119622 0.983747
0.119721 0.983747
0.119821 0.983747
0.119920 0.983747
0.120019 0.983452
0.120119 0.983452
0.120218 0.983452
0.120317 0.983452
0.120417 0.983452
0.120516 0.983452
0.120615 0.983452
0.120715 0.983452
0.120814 0.983452
0.120913 0.983452
0.121013 0.983452
0.121112 0.983156
0.121211 0.983156
0.121311 0.983156
0.121410 0.982861
0.121509 0.982565
0.121609 0.982565
0.121708 0.982565
0.121807 0.982565
0.121907 0.982565
0.122006 0.982565
0.122105 0.982565
0.122205 0.982565
0.122304 0.982565
0.122403 0.981974
0.122503 0.981678
0.122602 0.981678
0.122701 0.981678
0.122801 0.981678
0.122900 0.981678
0.122999 0.981678
0.123099 0.981678
0.123198 0.981678
0.123297 0.981678
0.123397 0.981678
0.123496 0.981678
0.123595 0.981678
0.123695 0.981678
0.123794 0.981678
0.123893 0.981678
0.123993 0.981678
0.124092 0.981087
0.124191 0.981087
0.124291 0.981087
0.124390 0.981087
0.124489 0.981087
0.124589 0.981087
0.124688 0.981087
0.124787 0.980792
0.124887 0.980792
0.124986 0.980792
0.125085 0.980792
0.125184 0.980792
0.125284 0.980792
0.125383 0.980792
0.125482 0.980792
0.125582 0.980792
0.125681 0.980496
0.125780 0.980496
0.125880 0.980496
0.125979 0.980496
0.126078 0.980496
0.126178 0.980496
0.126277 0.980496
0.126376 0.980496
0.126476 0.980496
0.126575 0.980201
0.126674 0.980201
0.126774 0.980201
0.126873 0.980201
0.126972 0.980201
0.127072 0.980201
0.127171 0.980201
0.127270 0.980201
0.127370 0.980201
0.127469 0.980201
0.127568 0.979610
0.127668 0.979610
0.127767 0.979610
0.127866 0.979610
0.127966 0.979610
0.128065 0.979610
0.128164 0.979610
0.128264 0.979610
0.128363 0.979314
0.128462 0.979314
0.128562 0.979314
0.128661 0.979314
0.128760 0.979314
0.128860 0.979314
0.128959 0.979314
0.129058 0.979314
0.129158 0.979314
0.129257 0.979314
0.129356 0.979314
0.129456 0.979314
0.129555 0.979314
0.129654 0.979314
0.129754 0.979314
0.129853 0.979314
0.129952 0.979314
0.130052 0.979314
0.130151 0.979019
0.130250 0.979019
0.130350 0.979019
0.130449 0.979019
0.130548 0.979019
0.130648 0.978723
0.130747 0.978723
0.130846 0.978723
0.130946 0.978723
0.131045 0.978723
0.131144 0.978428
0.131244 0.978428
0.131343 0.978428
0.131442 0.978428
0.131542 0.978428
0.131641 0.978428
0.131740 0.978428
0.131840 0.978428
0.131939 0.978428
0.132038 0.978428
0.132138 0.978428
0.132237 0.978132
0.132336 0.978132
0.132436 0.977837
0.132535 0.977837
0.132634 0.977541
0.132734 0.977541
0.132833 0.977541
0.132932 0.977541
0.133032 0.977541
0.133131 0.977541
0.133230 0.977541
0.133330 0.977541
0.133429 0.977541
0.133528 0.977541
0.133628 0.977541
0.133727 0.977541
0.133826 0.977541
0.133926 0.977541
0.134025 0.977541
0.134124 0.977246
0.134224 0.977246
0.134323 0.977246
0.134422 0.977246
0.134522 0.977246
0.134621 0.977246
0.134720 0.977246
0.134820 0.977246
0.134919 0.977246
0.135018 0.977246
0.135118 0.977246
0.135217 0.977246
0.135316 0.977246
0.135416 0.977246
0.135515 0.977246
0.135614 0.977246
0.135714 0.977246
0.135813 0.977246
0.135912 0.977246
0.136012 0.977246
0.136111 0.977246
0.136210 0.977246
0.136310 0.977246
0.136409 0.977246
0.136508 0.977246
0.136608 0.977246
0.136707 0.977246
0.136806 0.977246
0.136906 0.976950
0.137005 0.976950
0.137104 0.976950
0.137204 0.976950
0.137303 0.976950
0.137402 0.976950
0.137502 0.976950
0.137601 0.976950
0.137700 0.976950
0.137800 0.976950
0.137899 0.976950
0.137998 0.976950
0.138098 0.976950
0.138197 0.976950
0.138296 0.976655
0.138396 0.976655
0.138495 0.976655
0.138594 0.976655
0.138694 0.976655
0.138793 0.976655
0.138892 0.976655
0.138992 0.976655
0.139091 0.976655
0.139190 0.976655
0.139290 0.976655
0.139389 0.976655
0.139488 0.976655
0.139588 0.976655
0.139687 0.976655
0.139786 0.976655
0.139886 0.976655
0.139985 0.976655
0.140084 0.976655
0.140184 0.976655
0.140283 0.976655
0.140382 0.976655
0.140482 0.976655
0.140581 0.976655
0.140680 0.976655
0.140780 0.976655
0.140879 0.976655
0.140978 0.976655
0.141078 0.976655
0.141177 0.976655
0.141276 0.976655
0.141376 0.976359
0.141475 0.976359
0.141574 0.976359
0.141674 0.976359
0.141773 0.976064
0.141872 0.976064
0.141972 0.976064
0.142071 0.976064
0.142170 0.976064
0.142270 0.976064
0.142369 0.976064
0.142468 0.976064
0.142568 0.976064
0.142667 0.976064
0.142766 0.976064
0.142866 0.976064
0.142965 0.976064
0.143064 0.976064
0.143164 0.976064
0.143263 0.976064
0.143362 0.976064
0.143462 0.976064
0.143561 0.976064
0.143660 0.976064
0.143760 0.976064
0.143859 0.975768
0.143958 0.975768
0.144058 0.975473
0.144157 0.975473
0.144256 0.975473
0.144356 0.975473
0.144455 0.975473
0.144554 0.975473
0.144654 0.975473
0.144753 0.975473
0.144852 0.975473
0.144952 0.975177
0.145051 0.974882
0.145150 0.974882
0.145250 0.974882
0.145349 0.974882
0.145448 0.974882
0.145548 0.974882
0.145647 0.974882
0.145746 0.974882
0.145846 0.974586
0.145945 0.974586
0.146044 0.974586
0.146144 0.974291
0.146243 0.974291
0.146342 0.974291
0.146442 0.974291
0.146541 0.974291
0.146640 0.974291
0.146740 0.974291
0.146839 0.973995
0.146938 0.973995
0.147038 0.973995
0.147137 0.973995
0.147236 0.973995
0.147336 0.973995
0.147435 0.973995
0.147534 0.973995
0.147634 0.973995
0.147733 0.973995
0.147832 0.973995
0.147932 0.973995
0.148031 0.973700
0.148130 0.973700
0.148230 0.973700
0.148329 0.973700
0.148428 0.973700
0.148527 0.973700
0.148627 0.973700
0.148726 0.973404
0.148825 0.973404
0.148925 0.973404
0.149024 0.973404
0.149123 0.973404
0.149223 0.973404
0.149322 0.973404
0.149421 0.973404
0.149521 0.973404
0.149620 0.973404
0.149719 0.973404
0.149819 0.973404
0.149918 0.973404
0.150017 0.973404
0.150117 0.973404
0.150216 0.973109
0.150315 0.973109
0.150415 0.973109
0.150514 0.973109
0.150613 0.973109
0.150713 0.973109
0.150812 0.973109
0.150911 0.973109
0.151011 0.973109
0.151110 0.973109
0.151209 0.973109
0.151309 0.973109
0.151408 0.973109
0.151507 0.973109
0.151607 0.973109
0.151706 0.973109
0.151805 0.973109
0.151905 0.972813
0.152004 0.972518
0.152103 0.972518
0.152203 0.972222
0.152302 0.972222
0.152401 0.972222
0.152501 0.971927
0.152600 0.971927
0.152699 0.971927
0.152799 0.971927
0.152898 0.971631
0.152997 0.971631
0.153097 0.971631
0.153196 0.971631
0.153295 0.971631
0.153395 0.971631
0.153494 0.971631
0.153593 0.971631
0.153693 0.971631
0.153792 0.971631
0.153891 0.971631
0.153991 0.971631
0.154090 0.971631
0.154189 0.971631
0.154289 0.971631
0.154388 0.971631
0.154487 0.971631
0.154587 0.971631
0.154686 0.971631
0.154785 0.971631
0.154885 0.971631
0.154984 0.971631
0.155083 0.971631
0.155183 0.971040
0.155282 0.970745
0.155381 0.970745
0.155481 0.970745
0.155580 0.970745
0.155679 0.970745
0.155779 0.970745
0.155878 0.970745
0.155977 0.970745
0.156077 0.970745
0.156176 0.970745
0.156275 0.970745
0.156375 0.970745
0.156474 0.970745
0.156573 0.970745
0.156673 0.970745
0.156772 0.970745
0.156871 0.970745
0.156971 0.970745
0.157070 0.970745
0.157169 0.970449
0.157269 0.970449
0.157368 0.970449
0.157467 0.970449
0.157567 0.970449
0.157666 0.970449
0.157765 0.970449
0.157865 0.970449
0.157964 0.970449
0.158063 0.970449
0.158163 0.970449
0.158262 0.970449
0.158361 0.970449
0.158461 0.970449
0.158560 0.970449
0.158659 0.970449
0.158759 0.970449
0.158858 0.970449
0.158957 0.970449
0.159057 0.970449
0.159156 0.970449
0.159255 0.970154
0.159355 0.970154
0.159454 0.970154
0.159553 0.970154
0.159653 0.969858
0.159752 0.969858
0.159851 0.969858
0.159951 0.969858
0.160050 0.969858
0.160149 0.969858
0.160249 0.969563
0.160348 0.969563
0.160447 0.969563
0.160547 0.969563
0.160646 0.969563
0.160745 0.969563
0.160845 0.969563
0.160944 0.969563
0.161043 0.969563
0.161143 0.969563
0.161242 0.969563
0.161341 0.969563
0.161441 0.969563
0.161540 0.969267
0.161639 0.969267
0.161739 0.969267
0.161838 0.969267
0.161937 0.969267
0.162037 0.969267
0.162136 0.969267
0.162235 0.968972
0.162335 0.968972
0.162434 0.968972
0.162533 0.968972
0.162633 0.968972
0.162732 0.968972
0.162831 0.968972
0.162931 0.968972
0.163030 0.968972
0.163129 0.968676
0.163229 0.968381
0.163328 0.968381
0.163427 0.968381
0.163527 0.968381
0.163626 0.968381
0.163725 0.968381
0.163825 0.968381
0.163924 0.968381
0.164023 0.968381
0.164123 0.968381
0.164222 0.968381
0.164321 0.968381
0.164421 0.968381
0.164520 0.968381
0.164619 0.967790
0.164719 0.967790
0.164818 0.967790
0.164917 0.967790
0.165017 0.967790
0.165116 0.967494
0.165215 0.967494
0.165315 0.967494
0.165414 0.967494
0.165513 0.967494
0.165613 0.967494
0.165712 0.967494
0.165811 0.967199
0.165911 0.967199
0.166010 0.967199
0.166109 0.966903
0.166209 0.966903
0.166308 0.966903
0.166407 0.966903
0.166507 0.966903
0.166606 0.966903
0.166705 0.966903
0.166805 0.966608
0.166904 0.966608
0.167003 0.966608
0.167103 0.966608
0.167202 0.966608
0.167301 0.966608
0.167401 0.966608
0.167500 0.966608
0.167599 0.966608
0.167699 0.966608
0.167798 0.966608
0.167897 0.966608
0.167997 0.966608
0.168096 0.966608
0.168195 0.966608
0.168295 0.966608
0.168394 0.966608
0.168493 0.966312
0.168593 0.966312
0.168692 0.966312
0.168791 0.966312
0.168891 0.966312
0.168990 0.966312
0.169089 0.966312
0.169189 0.966312
0.169288 0.966312
0.169387 0.966312
0.169487 0.966312
0.169586 0.966312
0.169685 0.966017
0.169785 0.966017
0.169884 0.966017
0.169983 0.966017
0.170083 0.965721
0.170182 0.965721
0.170281 0.965721
0.170381 0.965426
0.170480 0.965426
0.170579 0.965426
0.170679 0.965426
0.170778 0.965426
0.170877 0.965426
0.170977 0.965426
0.171076 0.965130
0.171175 0.965130
0.171275 0.965130
0.171374 0.965130
0.171473 0.965130
0.171573 0.965130
0.171672 0.965130
0.171771 0.965130
0.171870 0.965130
0.171970 0.965130
0.172069 0.965130
0.172168 0.965130
0.172268 0.965130
0.172367 0.965130
0.172466 0.965130
0.172566 0.965130
0.172665 0.965130
0.172764 0.965130
0.172864 0.965130
0.172963 0.965130
0.173062 0.965130
0.173162 0.965130
0.173261 0.965130
0.173360 0.964835
0.173460 0.964835
0.173559 0.964539
0.173658 0.964539
0.173758 0.964539
0.173857 0.964539
0.173956 0.964539
0.174056 0.964539
0.174155 0.964539
0.174254 0.964539
0.174354 0.964539
0.174453 0.964539
0.174552 0.964539
0.174652 0.964539
0.174751 0.964539
0.174850 0.964539
0.174950 0.964539
0.175049 0.964539
0.175148 0.964539
0.175248 0.964539
0.175347 0.964539
0.175446 0.964539
0.175546 0.964539
0.175645 0.964243
0.175744 0.964243
0.175844 0.964243
0.175943 0.964243
0.176042 0.964243
0.176142 0.964243
0.176241 0.964243
0.176340 0.964243
0.176440 0.963948
0.176539 0.963948
0.176638 0.963652
0.176738 0.963652
0.176837 0.963652
0.176936 0.963652
0.177036 0.963652
0.177135 0.963652
0.177234 0.963652
0.177334 0.963652
0.177433 0.963652
0.177532 0.963652
0.177632 0.963652
0.177731 0.963652
0.177830 0.963652
0.177930 0.963357
0.178029 0.963357
0.178128 0.963357
0.178228 0.963357
0.178327 0.963357
0.178426 0.963357
0.178526 0.963357
0.178625 0.963357
0.178724 0.963061
0.178824 0.963061
0.178923 0.963061
0.179022 0.963061
0.179122 0.963061
0.179221 0.963061
0.179320 0.963061
0.179420 0.963061
0.179519 0.963061
0.179618 0.963061
0.179718 0.963061
0.179817 0.963061
0.179916 0.963061
0.180016 0.963061
0.180115 0.963061
0.180214 0.963061
0.180314 0.963061
0.180413 0.963061
0.180512 0.963061
0.180612 0.963061
0.180711 0.963061
0.180810 0.963061
0.180910 0.963061
0.181009 0.963061
0.181108 0.963061
0.181208 0.963061
0.181307 0.963061
0.181406 0.963061
0.181506 0.963061
0.181605 0.963061
0.181704 0.963061
0.181804 0.963061
0.181903 0.963061
0.182002 0.963061
0.182102 0.963061
0.182201 0.962766
0.182300 0.962766
0.182400 0.962766
0.182499 0.962766
0.182598 0.962766
0.182698 0.962766
0.182797 0.962766
0.182896 0.962766
0.182996 0.962766
0.183095 0.962766
0.183194 0.962766
0.183294 0.962766
0.183393 0.962766
0.183492 0.962766
0.183592 0.962766
0.183691 0.962766
0.183790 0.962766
0.183890 0.962766
0.183989 0.962766
0.184088 0.962766
0.184188 0.962766
0.184287 0.962766
0.184386 0.962766
0.184486 0.962766
0.184585 0.962766
0.184684 0.962470
0.184784 0.962470
0.184883 0.962470
0.184982 0.962470
0.185082 0.962470
0.185181 0.962470
0.185280 0.962470
0.185380 0.962175
0.185479 0.961879
0.185578 0.961879
0.185678 0.961879
0.185777 0.961879
0.185876 0.961879
0.185976 0.961879
0.186075 0.961879
0.186174 0.961879
0.186274 0.961879
0.186373 0.961879
0.186472 0.961879
0.186572 0.961879
0.186671 0.961879
0.186770 0.961879
0.186870 0.961879
0.186969 0.961879
0.187068 0.961879
0.187168 0.961879
0.187267 0.961879
0.187366 0.961879
0.187466 0.961879
0.187565 0.961879
0.187664 0.961584
0.187764 0.961288
0.187863 0.961288
0.187962 0.961288
0.188062 0.961288
0.188161 0.961288
0.188260 0.961288
0.188360 0.960993
0.188459 0.960993
0.188558 0.960697
0.188658 0.960697
0.188757 0.960697
0.188856 0.960402
0.188956 0.960402
0.189055 0.960402
0.189154 0.960402
0.189254 0.960402
0.189353 0.960106
0.189452 0.960106
0.189552 0.960106
0.189651 0.960106
0.189750 0.960106
0.189850 0.960106
0.189949 0.959811
0.190048 0.959811
0.190148 0.959515
0.190247 0.959515
0.190346 0.959515
0.190446 0.959515
0.190545 0.959515
0.190644 0.959220
0.190744 0.959220
0.190843 0.959220
0.190942 0.959220
0.191042 0.959220
0.191141 0.959220
0.191240 0.959220
0.191340 0.958924
0.191439 0.958924
0.191538 0.958924
0.191638 0.958924
0.191737 0.958924
0.191836 0.958924
0.191936 0.958629
0.192035 0.958629
0.192134 0.958629
0.192234 0.958629
0.192333 0.958629
0.192432 0.958629
0.192532 0.958629
0.192631 0.958629
0.192730 0.958629
0.192830 0.958629
0.192929 0.958629
0.193028 0.958629
0.193128 0.958629
0.193227 0.958629
0.193326 0.958629
0.193426 0.958629
0.193525 0.958629
0.193624 0.958629
0.193724 0.958629
0.193823 0.958629
0.193922 0.958629
0.194022 0.958629
0.194121 0.958629
0.194220 0.958333
0.194320 0.958333
0.194419 0.958333
0.194518 0.958038
0.194618 0.958038
0.194717 0.958038
0.194816 0.958038
0.194916 0.958038
0.195015 0.957742
0.195114 0.957742
0.195213 0.957742
0.195313 0.957742
0.195412 0.957742
0.195511 0.957742
0.195611 0.957742
0.195710 0.957447
0.195809 0.957447
0.195909 0.957447
0.196008 0.957447
0.196107 0.957447
0.196207 0.957447
0.196306 0.957447
0.196405 0.957151
0.196505 0.956856
0.196604 0.956856
0.196703 0.956856
0.196803 0.956856
0.196902 0.956856
0.197001 0.956560
0.197101 0.956560
0.197200 0.956560
0.197299 0.956560
0.197399 0.956560
0.197498 0.956560
0.197597 0.956560
0.197697 0.956560
0.197796 0.956560
0.197895 0.956560
0.197995 0.956560
0.198094 0.956265
0.198193 0.956265
0.198293 0.956265
0.198392 0.955969
0.198491 0.955969
0.198591 0.955969
0.198690 0.955969
0.198789 0.955969
0.198889 0.955969
0.198988 0.955674
0.199087 0.955674
0.199187 0.955674
0.199286 0.955674
0.199385 0.955674
0.199485 0.955674
0.199584 0.955674
0.199683 0.955674
0.199783 0.955674
0.199882 0.955674
0.199981 0.955674
0.200081 0.955674
0.200180 0.955674
0.200279 0.955674
0.200379 0.955674
0.200478 0.955674
0.200577 0.955674
0.200677 0.955674
0.200776 0.955674
0.200875 0.955674
0.200975 0.955674
0.201074 0.955674
0.201173 0.955674
0.201273 0.955674
0.201372 0.955674
0.201471 0.955674
0.201571 0.955674
0.201670 0.955674
0.201769 0.955674
0.201869 0.955674
0.201968 0.955674
0.202067 0.955674
0.202167 0.955674
0.202266 0.955674
0.202365 0.955674
0.202465 0.955674
0.202564 0.955674
0.202663 0.955674
0.202763 0.955674
0.202862 0.955674
0.202961 0.955674
0.203061 0.955674
0.203160 0.955674
0.203259 0.955674
0.203359 0.955674
0.203458 0.955674
0.203557 0.955674
0.203657 0.955674
0.203756 0.955674
0.203855 0.955674
0.203955 0.955674
0.204054 0.955674
0.204153 0.955378
0.204253 0.955378
0.204352 0.955083
0.204451 0.954787
0.204551 0.954787
0.204650 0.954787
0.204749 0.954787
0.204849 0.954787
0.204948 0.954787
0.205047 0.954787
0.205147 0.954787
0.205246 0.954787
0.205345 0.954787
0.205445 0.954787
0.205544 0.954787
0.205643 0.954787
0.205743 0.954492
0.205842 0.954492
0.205941 0.954492
0.206041 0.954492
0.206140 0.954492
0.206239 0.954492
0.206339 0.954492
0.206438 0.954492
0.206537 0.954492
0.206637 0.954492
0.206736 0.954492
0.206835 0.954492
0.206935 0.954492
0.207034 0.954492
0.207133 0.954492
0.207233 0.954492
0.207332 0.954492
0.207431 0.954492
0.207531 0.954492
0.207630 0.954492
0.207729 0.954492
0.207829 0.954492
0.207928 0.954492
0.208027 0.954492
0.208127 0.954492
0.208226 0.954196
0.208325 0.954196
0.208425 0.953901
0.208524 0.953901
0.208623 0.953605
0.208723 0.953605
0.208822 0.953605
0.208921 0.953605
0.209021 0.953605
0.209120 0.953605
0.209219 0.953310
0.209319 0.953310
0.209418 0.953310
0.209517 0.953310
0.209617 0.953310
0.209716 0.953014
0.209815 0.953014
0.209915 0.953014
0.210014 0.953014
0.210113 0.953014
0.210213 0.953014
0.210312 0.953014
0.210411 0.953014
0.210511 0.953014
0.210610 0.953014
0.210709 0.953014
0.210809 0.953014
0.210908 0.953014
0.211007 0.953014
0.211107 0.953014
0.211206 0.953014
0.211305 0.953014
0.211405 0.952719
0.211504 0.952719
0.211603 0.952423
0.211703 0.952423
0.211802 0.952423
0.211901 0.951832
0.212001 0.951832
0.212100 0.951832
0.212199 0.951832
0.212299 0.951832
0.212398 0.951832
0.212497 0.951832
0.212597 0.951832
0.212696 0.951832
0.212795 0.951832
0.212895 0.951832
0.212994 0.951832
0.213093 0.951832
0.213193 0.951832
0.213292 0.951537
0.213391 0.951537
0.213491 0.951537
0.213590 0.951537
0.213689 0.951537
0.213789 0.951537
0.213888 0.951537
0.213987 0.951537
0.214087 0.951537
0.214186 0.951537
0.214285 0.951537
0.214385 0.951537
0.214484 0.951537
0.214583 0.951241
0.214683 0.951241
0.214782 0.950946
0.214881 0.950946
0.214981 0.950946
0.215080 0.950946
0.215179 0.950946
0.215279 0.950650
0.215378 0.950650
0.215477 0.950650
0.215577 0.950650
0.215676 0.950650
0.215775 0.950355
0.215875 0.950355
0.215974 0.950355
0.216073 0.950355
0.216173 0.950355
0.216272 0.950355
0.216371 0.950059
0.216471 0.950059
0.216570 0.950059
0.216669 0.949764
0.216769 0.949468
0.216868 0.949468
0.216967 0.949468
0.217067 0.949468
0.217166 0.949468
0.217265 0.949468
0.217365 0.949468
0.217464 0.949173
0.217563 0.949173
0.217663 0.949173
0.217762 0.949173
0.217861 0.949173
0.217961 0.949173
0.218060 0.949173
0.218159 0.949173
0.218259 0.949173
0.218358 0.949173
0.218457 0.949173
0.218556 0.949173
0.218656 0.949173
0.218755 0.949173
0.218854 0.949173
0.218954 0.949173
0.219053 0.948877
0.219152 0.948877
0.219252 0.948877
0.219351 0.948582
0.219450 0.948582
0.219550 0.948582
0.219649 0.948582
0.219748 0.948582
0.219848 0.948582
0.219947 0.948582
0.220046 0.948582
0.220146 0.948582
0.220245 0.948286
0.220344 0.948286
0.220444 0.948286
0.220543 0.948286
0.220642 0.948286
0.220742 0.948286
0.220841 0.948286
0.220940 0.947991
0.221040 0.947991
0.221139 0.947991
0.221238 0.947991
0.221338 0.947991
0.221437 0.947991
0.221536 0.947991
0.221636 0.947991
0.221735 0.947991
0.221834 0.947991
0.221934 0.947991
0.222033 0.947695
0.222132 0.947400
0.222232 0.947400
0.222331 0.947400
0.222430 0.947400
0.222530 0.947400
0.222629 0.947400
0.222728 0.947104
0.222828 0.947104
0.222927 0.947104
0.223026 0.947104
0.223126 0.947104
0.223225 0.947104
0.223324 0.947104
0.223424 0.947104
0.223523 0.947104
0.223622 0.947104
0.223722 0.947104
0.223821 0.947104
0.223920 0.946809
0.224020 0.946809
0.224119 0.946809
0.224218 0.946809
0.224318 0.946809
0.224417 0.946513
0.224516 0.946513
0.224616 0.946513
0.224715 0.946513
0.224814 0.946513
0.224914 0.946513
0.225013 0.946513
0.225112 0.946513
0.225212 0.946513
0.225311 0.946513
0.225410 0.946513
0.225510 0.946513
0.225609 0.946513
0.225708 0.946513
0.225808 0.946513
0.225907 0.946513
0.226006 0.946513
0.226106 0.946513
0.226205 0.946513
0.226304 0.946513
0.226404 0.946513
0.226503 0.946217
0.226602 0.945922
0.226702 0.945922
0.226801 0.945922
0.226900 0.945626
0.227000 0.945626
0.227099 0.945626
0.227198 0.945626
0.227298 0.945626
0.227397 0.945626
0.227496 0.945331
0.227596 0.945331
0.227695 0.945331
0.227794 0.945331
0.227894 0.945035
0.227993 0.945035
0.228092 0.944740
0.228192 0.944444
0.228291 0.944444
0.228390 0.944444
0.228490 0.944444
0.228589 0.944149
0.228688 0.944149
0.228788 0.944149
0.228887 0.944149
0.228986 0.943853
0.229086 0.943853
0.229185 0.943853
0.229284 0.943853
0.229384 0.943853
0.229483 0.943853
0.229582 0.943853
0.229682 0.943853
0.229781 0.943558
0.229880 0.943262
0.229980 0.943262
0.230079 0.943262
0.230178 0.942967
0.230278 0.942967
0.230377 0.942671
0.230476 0.942671
0.230576 0.942671
0.230675 0.942671
0.230774 0.942376
0.230874 0.942376
0.230973 0.942376
0.231072 0.942376
0.231172 0.942376
0.231271 0.942376
0.231370 0.942376
0.231470 0.942376
0.231569 0.942376
0.231668 0.942376
0.231768 0.942376
0.231867 0.942376
0.231966 0.942080
0.232066 0.942080
0.232165 0.942080
0.232264 0.942080
0.232364 0.941785
0.232463 0.941785
0.232562 0.941785
0.232662 0.941785
0.232761 0.941785
0.232860 0.941785
0.232960 0.941785
0.233059 0.941785
0.233158 0.941785
0.233258 0.941785
0.233357 0.941785
0.233456 0.941785
0.233556 0.941785
0.233655 0.941489
0.233754 0.941489
0.233854 0.941489
0.233953 0.941194
0.234052 0.940898
0.234152 0.940603
0.234251 0.940603
0.234350 0.940603
0.234450 0.940603
0.234549 0.940603
0.234648 0.940603
0.234748 0.940603
0.234847 0.940603
0.234946 0.940603
0.235046 0.940603
0.235145 0.940603
0.235244 0.940603
0.235344 0.940603
0.235443 0.940603
0.235542 0.940307
0.235642 0.940307
0.235741 0.940307
0.235840 0.940307
0.235940 0.940307
0.236039 0.940307
0.236138 0.940307
0.236238 0.940307
0.236337 0.940012
0.236436 0.939716
0.236536 0.939716
0.236635 0.939716
0.236734 0.939716
0.236834 0.939716
0.236933 0.939716
0.237032 0.939716
0.237132 0.939716
0.237231 0.939716
0.237330 0.939716
0.237430 0.939125
0.237529 0.939125
0.237628 0.939125
0.237728 0.939125
0.237827 0.938830
0.237926 0.938830
0.238026 0.938830
0.238125 0.938830
0.238224 0.938830
0.238324 0.938534
0.238423 0.938534
0.238522 0.938534
0.238622 0.938534
0.238721 0.938534
0.238820 0.938534
0.238920 0.938534
0.239019 0.938534
0.239118 0.938534
0.239218 0.938534
0.239317 0.938534
0.239416 0.938534
0.239516 0.938534
0.239615 0.938534
0.239714 0.938239
0.239814 0.937943
0.239913 0.937648
0.240012 0.937648
0.240112 0.937648
0.240211 0.937352
0.240310 0.937352
0.240410 0.937352
0.240509 0.937352
0.240608 0.937352
0.240708 0.937352
0.240807 0.937352
0.240906 0.937352
0.241006 0.937352
0.241105 0.937057
0.241204 0.937057
0.241304 0.937057
0.241403 0.937057
0.241502 0.937057
0.241602 0.937057
0.241701 0.936761
0.241800 0.936761
0.241899 0.936761
0.241999 0.936466
0.242098 0.936466
0.242197 0.936170
0.242297 0.936170
0.242396 0.935875
0.242495 0.935875
0.242595 0.935875
0.242694 0.935875
0.242793 0.935875
0.242893 0.935875
0.242992 0.935875
0.243091 0.935875
0.243191 0.935875
0.243290 0.935875
0.243389 0.935875
0.243489 0.935875
0.243588 0.935875
0.243687 0.935875
0.243787 0.935875
0.243886 0.935875
0.243985 0.935875
0.244085 0.935875
0.244184 0.935579
0.244283 0.935579
0.244383 0.935579
0.244482 0.935579
0.244581 0.935579
0.244681 0.935579
0.244780 0.935579
0.244879 0.935579
0.244979 0.935579
0.245078 0.935579
0.245177 0.935579
0.245277 0.935579
0.245376 0.935579
0.245475 0.935579
0.245575 0.935579
0.245674 0.935579
0.245773 0.935579
0.245873 0.935579
0.245972 0.935579
0.246071 0.935284
0.246171 0.935284
0.246270 0.935284
0.246369 0.935284
0.246469 0.935284
0.246568 0.935284
0.246667 0.935284
0.246767 0.935284
0.246866 0.935284
0.246965 0.934693
0.247065 0.934397
0.247164 0.934102
0.247263 0.934102
0.247363 0.934102
0.247462 0.934102
0.247561 0.934102
0.247661 0.934102
0.247760 0.934102
0.247859 0.934102
0.247959 0.934102
0.248058 0.934102
0.248157 0.934102
0.248257 0.934102
0.248356 0.933806
0.248455 0.933806
0.248555 0.933511
0.248654 0.933511
0.248753 0.933511
0.248853 0.933511
0.248952 0.933511
0.249051 0.933511
0.249151 0.933511
0.249250 0.933215
0.249349 0.933215
0.249449 0.933215
0.249548 0.933215
0.249647 0.933215
0.249747 0.933215
0.249846 0.933215
0.249945 0.933215
0.250045 0.933215
0.250144 0.932920
0.250243 0.932920
0.250343 0.932920
0.250442 0.932920
0.250541 0.932920
0.250641 0.932920
0.250740 0.932920
0.250839 0.932920
0.250939 0.932920
0.251038 0.932920
0.251137 0.932920
0.251237 0.932920
0.251336 0.932920
0.251435 0.932920
0.251535 0.932920
0.251634 0.932920
0.251733 0.932920
0.251833 0.932920
0.251932 0.932920
0.252031 0.932920
0.252131 0.932920
0.252230 0.932920
0.252329 0.932920
0.252429 0.932920
0.252528 0.932920
0.252627 0.932920
0.252727 0.932920
0.252826 0.932920
0.252925 0.932920
0.253025 0.932920
0.253124 0.932920
0.253223 0.932920
0.253323 0.932920
0.253422 0.932920
0.253521 0.932920
0.253621 0.932920
0.253720 0.932920
0.253819 0.932920
0.253919 0.932920
0.254018 0.932624
0.254117 0.932624
0.254217 0.932624
0.254316 0.932624
0.254415 0.932624
0.254515 0.932624
0.254614 0.932624
0.254713 0.932624
0.254813 0.932329
0.254912 0.932329
0.255011 0.932329
0.255111 0.932329
0.255210 0.932329
0.255309 0.932329
0.255409 0.932329
0.255508 0.932329
0.255607 0.932329
0.255707 0.932329
0.255806 0.932329
0.255905 0.932033
0.256005 0.931738
0.256104 0.931738
0.256203 0.931738
0.256303 0.931738
0.256402 0.931442
0.256501 0.931442
0.256601 0.931442
0.256700 0.931442
0.256799 0.931442
0.256899 0.931442
0.256998 0.931442
0.257097 0.931442
0.257197 0.931442
0.257296 0.931442
0.257395 0.931442
0.257495 0.931147
0.257594 0.931147
0.257693 0.930851
0.257793 0.930851
0.257892 0.930851
0.257991 0.930556
0.258091 0.930556
0.258190 0.930556
0.258289 0.930556
0.258389 0.930556
0.258488 0.930556
0.258587 0.930556
0.258687 0.930556
0.258786 0.930260
0.258885 0.930260
0.258985 0.930260
0.259084 0.929965
0.259183 0.929669
0.259283 0.929669
0.259382 0.929669
0.259481 0.929374
0.259581 0.929078
0.259680 0.929078
0.259779 0.929078
0.259879 0.929078
0.259978 0.929078
0.260077 0.929078
0.260177 0.929078
0.260276 0.929078
0.260375 0.929078
0.260475 0.929078
0.260574 0.929078
0.260673 0.929078
0.260773 0.929078
0.260872 0.929078
0.260971 0.929078
0.261071 0.929078
0.261170 0.929078
0.261269 0.929078
0.261369 0.929078
0.261468 0.929078
0.261567 0.929078
0.261667 0.929078
0.261766 0.929078
0.261865 0.929078
0.261965 0.929078
0.262064 0.928783
0.262163 0.928783
0.262263 0.928783
0.262362 0.928783
0.262461 0.928783
0.262561 0.928783
0.262660 0.928783
0.262759 0.928783
0.262859 0.928783
0.262958 0.928783
0.263057 0.928487
0.263157 0.928487
0.263256 0.928487
0.263355 0.928487
0.263455 0.928487
0.263554 0.928487
0.263653 0.928487
0.263753 0.928487
0.263852 0.928487
0.263951 0.928487
0.264051 0.928487
0.264150 0.928487
0.264249 0.928487
0.264349 0.928487
0.264448 0.928487
0.264547 0.928487
0.264647 0.928191
0.264746 0.927896
0.264845 0.927896
0.264945 0.927896
0.265044 0.927896
0.265143 0.927896
0.265242 0.927896
0.265342 0.927896
0.265441 0.927600
0.265540 0.927600
0.265640 0.927600
0.265739 0.927600
0.265838 0.927305
0.265938 0.927305
0.266037 0.927305
0.266136 0.927305
0.266236 0.927305
0.266335 0.927305
0.266434 0.927305
0.266534 0.927305
0.266633 0.927305
0.266732 0.927305
0.266832 0.927009
0.266931 0.926714
0.267030 0.926714
0.267130 0.926714
0.267229 0.926714
0.267328 0.926714
0.267428 0.926714
0.267527 0.926714
0.267626 0.926714
0.267726 0.926714
0.267825 0.926714
0.267924 0.926714
0.268024 0.926714
0.268123 0.926714
0.268222 0.926714
0.268322 0.926714
0.268421 0.926714
0.268520 0.926714
0.268620 0.926714
0.268719 0.926714
0.268818 0.926714
0.268918 0.926714
0.269017 0.926714
0.269116 0.926714
0.269216 0.926418
0.269315 0.926418
0.269414 0.926418
0.269514 0.926418
0.269613 0.926418
0.269712 0.926418
0.269812 0.926418
0.269911 0.926418
0.270010 0.926418
0.270110 0.926418
0.270209 0.926418
0.270308 0.926418
0.270408 0.926418
0.270507 0.926123
0.270606 0.925827
0.270706 0.925827
0.270805 0.925827
0.270904 0.925827
0.271004 0.925827
0.271103 0.925827
0.271202 0.925827
0.271302 0.925827
0.271401 0.925827
0.271500 0.925827
0.271600 0.925827
0.271699 0.925827
0.271798 0.925532
0.271898 0.925532
0.271997 0.925532
0.272096 0.925532
0.272196 0.925532
0.272295 0.925532
0.272394 0.925532
0.272494 0.925532
0.272593 0.925532
0.272692 0.925532
0.272792 0.925532
0.272891 0.925532
0.272990 0.925532
0.273090 0.925532
0.273189 0.925532
0.273288 0.925532
0.273388 0.925532
0.273487 0.925532
0.273586 0.925532
0.273686 0.925532
0.273785 0.925236
0.273884 0.925236
0.273984 0.924941
0.274083 0.924645
0.274182 0.924645
0.274282 0.924645
0.274381 0.924350
0.274480 0.924350
0.274580 0.924054
0.274679 0.924054
0.274778 0.924054
0.274878 0.924054
0.274977 0.924054
0.275076 0.924054
0.275176 0.923759
0.275275 0.923759
0.275374 0.923759
0.275474 0.923759
0.275573 0.923759
0.275672 0.923759
0.275772 0.923759
0.275871 0.923759
0.275970 0.923759
0.276070 0.923759
0.276169 0.923759
0.276268 0.923759
0.276368 0.923759
0.276467 0.923759
0.276566 0.923759
0.276666 0.923759
0.276765 0.923759
0.276864 0.923759
0.276964 0.923759
0.277063 0.923759
0.277162 0.923759
0.277262 0.923759
0.277361 0.923759
0.277460 0.923759
0.277560 0.923463
0.277659 0.923463
0.277758 0.923463
0.277858 0.923463
0.277957 0.923463
0.278056 0.923463
0.278156 0.923463
0.278255 0.923463
0.278354 0.923463
0.278454 0.923463
0.278553 0.923463
0.278652 0.923463
0.278752 0.923463
0.278851 0.923463
0.278950 0.923463
0.279050 0.923463
0.279149 0.923463
0.279248 0.923463
0.279348 0.923463
0.279447 0.923463
0.279546 0.923168
0.279646 0.922872
0.279745 0.922872
0.279844 0.922872
0.279944 0.922872
0.280043 0.922872
0.280142 0.922872
0.280242 0.922872
0.280341 0.922872
0.280440 0.922872
0.280540 0.922872
0.280639 0.922872
0.280738 0.922872
0.280838 0.922872
0.280937 0.922872
0.281036 0.922872
0.281136 0.922577
0.281235 0.922577
0.281334 0.922577
0.281434 0.922577
0.281533 0.922577
0.281632 0.922577
0.281732 0.922577
0.281831 0.922577
0.281930 0.922577
0.282030 0.922577
0.282129 0.922577
0.282228 0.922577
0.282328 0.922577
0.282427 0.922577
0.282526 0.922577
0.282626 0.922577
0.282725 0.922577
0.282824 0.922281
0.282924 0.922281
0.283023 0.922281
0.283122 0.922281
0.283222 0.922281
0.283321 0.922281
0.283420 0.922281
0.283520 0.922281
0.283619 0.921986
0.283718 0.921986
0.283818 0.921986
0.283917 0.921690
0.284016 0.921690
0.284116 0.921690
0.284215 0.921690
0.284314 0.921690
0.284414 0.921395
0.284513 0.921395
0.284612 0.921395
0.284712 0.921395
0.284811 0.921395
0.284910 0.921395
0.285010 0.921395
0.285109 0.921099
0.285208 0.921099
0.285308 0.921099
0.285407 0.921099
0.285506 0.921099
0.285606 0.921099
0.285705 0.921099
0.285804 0.921099
0.285904 0.920804
0.286003 0.920508
0.286102 0.920213
0.286202 0.920213
0.286301 0.920213
0.286400 0.920213
0.286500 0.920213
0.286599 0.920213
0.286698 0.920213
0.286798 0.920213
0.286897 0.919917
0.286996 0.919917
0.287096 0.919917
0.287195 0.919917
0.287294 0.919917
0.287394 0.919917
0.287493 0.919917
0.287592 0.919917
0.287692 0.919917
0.287791 0.919917
0.287890 0.919917
0.287990 0.919917
0.288089 0.919917
0.288188 0.919917
0.288288 0.919917
0.288387 0.919917
0.288486 0.919622
0.288585 0.919622
0.288685 0.919622
0.288784 0.919622
0.288883 0.919622
0.288983 0.919622
0.289082 0.919622
0.289181 0.919622
0.289281 0.919326
0.289380 0.919326
0.289479 0.919326
0.289579 0.919326
0.289678 0.919326
0.289777 0.919326
0.289877 0.919326
0.289976 0.919326
0.290075 0.919031
0.290175 0.919031
0.290274 0.918735
0.290373 0.918735
0.290473 0.918735
0.290572 0.918735
0.290671 0.918735
0.290771 0.918735
0.290870 0.918735
0.290969 0.918735
0.291069 0.918735
0.291168 0.918735
0.291267 0.918735
0.291367 0.918735
0.291466 0.918735
0.291565 0.918735
0.291665 0.918735
0.291764 0.918735
0.291863 0.918735
0.291963 0.918144
0.292062 0.917258
0.292161 0.917258
0.292261 0.917258
0.292360 0.917258
0.292459 0.916962
0.292559 0.916962
0.292658 0.916962
0.292757 0.916962
0.292857 0.916962
0.292956 0.916962
0.293055 0.916962
0.293155 0.916962
0.293254 0.916667
0.293353 0.916667
0.293453 0.916667
0.293552 0.916667
0.293651 0.916667
0.293751 0.916371
0.293850 0.916076
0.293949 0.916076
0.294049 0.916076
0.294148 0.916076
0.294247 0.915780
0.294347 0.915485
0.294446 0.915485
0.294545 0.915485
0.294645 0.915485
0.294744 0.915485
0.294843 0.915189
0.294943 0.915189
0.295042 0.915189
0.295141 0.915189
0.295241 0.914894
0.295340 0.914598
0.295439 0.914598
0.295539 0.914598
0.295638 0.914007
0.295737 0.914007
0.295837 0.914007
0.295936 0.913712
0.296035 0.913712
0.296135 0.913416
0.296234 0.913416
0.296333 0.913416
0.296433 0.913416
0.296532 0.913416
0.296631 0.913121
0.296731 0.913121
0.296830 0.913121
0.296929 0.912825
0.297029 0.912825
0.297128 0.912530
0.297227 0.912530
0.297327 0.912530
0.297426 0.912530
0.297525 0.912530
0.297625 0.912530
0.297724 0.912530
0.297823 0.912530
0.297923 0.912530
0.298022 0.912530
0.298121 0.912530
0.298221 0.912530
0.298320 0.912530
0.298419 0.912530
0.298519 0.912530
0.298618 0.912234
0.298717 0.912234
0.298817 0.912234
0.298916 0.912234
0.299015 0.912234
0.299115 0.912234
0.299214 0.912234
0.299313 0.912234
0.299413 0.912234
0.299512 0.911939
0.299611 0.911939
0.299711 0.911939
0.299810 0.911939
0.299909 0.911939
0.300009 0.911643
0.300108 0.911643
0.300207 0.911643
0.300307 0.911643
0.300406 0.911643
0.300505 0.911643
0.300605 0.911643
0.300704 0.911643
0.300803 0.911643
0.300903 0.911643
0.301002 0.911643
0.301101 0.911643
0.301201 0.911643
0.301300 0.911643
0.301399 0.911348
0.301499 0.911348
0.301598 0.911348
0.301697 0.911348
0.301797 0.911348
0.301896 0.911052
0.301995 0.911052
0.302095 0.911052
0.302194 0.911052
0.302293 0.911052
0.302393 0.911052
0.302492 0.911052
0.302591 0.910461
0.302691 0.910461
0.302790 0.910461
0.302889 0.910461
0.302989 0.910461
0.303088 0.910461
0.303187 0.910461
0.303287 0.910165
0.303386 0.910165
0.303485 0.910165
0.303585 0.910165
0.303684 0.909870
0.303783 0.909870
0.303883 0.909870
0.303982 0.909870
0.304081 0.909870
0.304181 0.909870
0.304280 0.909870
0.304379 0.909870
0.304479 0.909870
0.304578 0.909870
0.304677 0.909870
0.304777 0.909574
0.304876 0.909279
0.304975 0.909279
0.305075 0.908983
0.305174 0.908983
0.305273 0.908688
0.305373 0.908392
0.305472 0.908097
0.305571 0.908097
0.305671 0.908097
0.305770 0.907801
0.305869 0.907801
0.305969 0.907801
0.306068 0.907506
0.306167 0.907210
0.306267 0.907210
0.306366 0.907210
0.306465 0.907210
0.306565 0.907210
0.306664 0.907210
0.306763 0.907210
0.306863 0.907210
0.306962 0.907210
0.307061 0.907210
0.307161 0.907210
0.307260 0.907210
0.307359 0.907210
0.307459 0.907210
0.307558 0.907210
0.307657 0.907210
0.307757 0.907210
0.307856 0.907210
0.307955 0.907210
0.308055 0.907210
0.308154 0.907210
0.308253 0.907210
0.308353 0.907210
0.308452 0.907210
0.308551 0.907210
0.308651 0.907210
0.308750 0.907210
0.308849 0.907210
0.308949 0.907210
0.309048 0.906915
0.309147 0.906915
0.309247 0.906619
0.309346 0.906324
0.309445 0.906324
0.309545 0.906324
0.309644 0.906324
0.309743 0.906028
0.309843 0.906028
0.309942 0.906028
0.310041 0.906028
0.310141 0.906028
0.310240 0.906028
0.310339 0.906028
0.310439 0.906028
0.310538 0.906028
0.310637 0.906028
0.310737 0.906028
0.310836 0.905733
0.310935 0.905733
0.311035 0.905733
0.311134 0.905733
0.311233 0.905733
0.311333 0.905733
0.311432 0.905437
0.311531 0.905142
0.311631 0.905142
0.311730 0.905142
0.311829 0.905142
0.311928 0.905142
0.312028 0.905142
0.312127 0.905142
0.312226 0.905142
0.312326 0.905142
0.312425 0.905142
0.312524 0.905142
0.312624 0.905142
0.312723 0.905142
0.312822 0.905142
0.312922 0.905142
0.313021 0.905142
0.313120 0.905142
0.313220 0.905142
0.313319 0.905142
0.313418 0.905142
0.313518 0.905142
0.313617 0.905142
0.313716 0.905142
0.313816 0.905142
0.313915 0.905142
0.314014 0.905142
0.314114 0.904846
0.314213 0.904846
0.314312 0.904846
0.314412 0.904846
0.314511 0.904846
0.314610 0.904551
0.314710 0.904551
0.314809 0.904551
0.314908 0.904551
0.315008 0.904551
0.315107 0.904255
0.315206 0.903960
0.315306 0.903960
0.315405 0.903960
0.315504 0.903960
0.315604 0.903960
0.315703 0.903960
0.315802 0.903960
0.315902 0.903960
0.316001 0.903960
0.316100 0.903664
0.316200 0.903664
0.316299 0.903664
0.316398 0.903664
0.316498 0.903664
0.316597 0.903664
0.316696 0.903664
0.316796 0.903073
0.316895 0.903073
0.316994 0.903073
0.317094 0.903073
0.317193 0.903073
0.317292 0.903073
0.317392 0.902778
0.317491 0.902778
0.317590 0.902778
0.317690 0.902778
0.317789 0.902778
0.317888 0.902778
0.317988 0.902482
0.318087 0.902187
0.318186 0.902187
0.318286 0.902187
0.318385 0.902187
0.318484 0.902187
0.318584 0.902187
0.318683 0.902187
0.318782 0.902187
0.318882 0.901891
0.318981 0.901891
0.319080 0.901891
0.319180 0.901891
0.319279 0.901891
0.319378 0.901596
0.319478 0.901596
0.319577 0.901300
0.319676 0.901300
0.319776 0.901300
0.319875 0.901300
0.319974 0.901300
0.320074 0.901005
0.320173 0.901005
0.320272 0.901005
0.320372 0.901005
0.320471 0.900709
0.320570 0.900709
0.320670 0.900709
0.320769 0.900709
0.320868 0.900709
0.320968 0.900709
0.321067 0.900709
0.321166 0.900709
0.321266 0.900709
0.321365 0.900709
0.321464 0.900709
0.321564 0.900414
0.321663 0.900414
0.321762 0.900414
0.321862 0.899823
0.321961 0.899823
0.322060 0.899823
0.322160 0.899823
0.322259 0.899823
0.322358 0.899232
0.322458 0.899232
0.322557 0.899232
0.322656 0.898936
0.322756 0.898936
0.322855 0.898936
0.322954 0.898936
0.323054 0.898936
0.323153 0.898936
0.323252 0.898936
0.323352 0.898345
0.323451 0.898345
0.323550 0.898345
0.323650 0.898345
0.323749 0.898345
0.323848 0.898345
0.323948 0.898345
0.324047 0.898345
0.324146 0.898345
0.324246 0.898345
0.324345 0.898050
0.324444 0.898050
0.324544 0.898050
0.324643 0.898050
0.324742 0.897754
0.324842 0.897754
0.324941 0.897754
0.325040 0.897459
0.325140 0.897459
0.325239 0.897459
0.325338 0.897459
0.325438 0.897459
0.325537 0.897459
0.325636 0.897459
0.325736 0.897459
0.325835 0.897459
0.325934 0.897459
0.326034 0.897459
0.326133 0.897163
0.326232 0.897163
0.326332 0.897163
0.326431 0.897163
0.326530 0.897163
0.326630 0.896868
0.326729 0.896868
0.326828 0.896572
0.326928 0.896572
0.327027 0.896572
0.327126 0.896572
0.327226 0.896572
0.327325 0.896572
0.327424 0.896572
0.327524 0.896277
0.327623 0.896277
0.327722 0.895981
0.327822 0.895981
0.327921 0.895981
0.328020 0.895981
0.328120 0.895686
0.328219 0.895686
0.328318 0.895390
0.328418 0.895095
0.328517 0.895095
0.328616 0.895095
0.328716 0.895095
0.328815 0.895095
0.328914 0.895095
0.329014 0.895095
0.329113 0.895095
0.329212 0.894799
0.329312 0.894799
0.329411 0.894799
0.329510 0.894799
0.329610 0.894799
0.329709 0.894799
0.329808 0.894799
0.329908 0.894799
0.330007 0.894799
0.330106 0.894799
0.330206 0.894504
0.330305 0.894504
0.330404 0.894208
0.330504 0.894208
0.330603 0.894208
0.330702 0.894208
0.330802 0.894208
0.330901 0.894208
0.331000 0.893913
0.331100 0.893913
0.331199 0.893913
0.331298 0.893913
0.331398 0.893617
0.331497 0.893617
0.331596 0.893617
0.331696 0.893322
0.331795 0.893322
0.331894 0.893322
0.331994 0.893322
0.332093 0.893322
0.332192 0.893322
0.332292 0.893322
0.332391 0.892730
0.332490 0.892730
0.332590 0.892435
0.332689 0.892139
0.332788 0.892139
0.332888 0.891844
0.332987 0.891844
0.333086 0.891844
0.333186 0.891844
0.333285 0.891548
0.333384 0.891253
0.333484 0.891253
0.333583 0.891253
0.333682 0.891253
0.333782 0.890957
0.333881 0.890957
0.333980 0.890957
0.334080 0.890957
0.334179 0.890957
0.334278 0.890957
0.334378 0.890957
0.334477 0.890957
0.334576 0.890957
0.334676 0.890957
0.334775 0.890957
0.334874 0.890662
0.334974 0.890662
0.335073 0.890662
0.335172 0.890662
0.335271 0.890366
0.335371 0.890366
0.335470 0.890366
0.335569 0.890366
0.335669 0.890366
0.335768 0.890366
0.335867 0.890366
0.335967 0.890071
0.336066 0.890071
0.336165 0.890071
0.336265 0.890071
0.336364 0.890071
0.336463 0.890071
0.336563 0.890071
0.336662 0.890071
0.336761 0.890071
0.336861 0.890071
0.336960 0.889775
0.337059 0.889775
0.337159 0.889480
0.337258 0.889480
0.337357 0.889480
0.337457 0.889480
0.337556 0.889480
0.337655 0.889480
0.337755 0.889480
0.337854 0.889480
0.337953 0.889480
0.338053 0.889480
0.338152 0.889480
0.338251 0.889184
0.338351 0.889184
0.338450 0.889184
0.338549 0.889184
0.338649 0.889184
0.338748 0.889184
0.338847 0.888889
0.338947 0.888889
0.339046 0.888593
0.339145 0.888298
0.339245 0.888298
0.339344 0.888298
0.339443 0.888002
0.339543 0.888002
0.339642 0.887411
0.339741 0.887411
0.339841 0.887411
0.339940 0.887411
0.340039 0.887411
0.340139 0.887411
0.340238 0.887116
0.340337 0.887116
0.340437 0.886820
0.340536 0.886820
0.340635 0.886229
0.340735 0.886229
0.340834 0.886229
0.340933 0.886229
0.341033 0.886229
0.341132 0.886229
0.341231 0.886229
0.341331 0.886229
0.341430 0.886229
0.341529 0.886229
0.341629 0.886229
0.341728 0.886229
0.341827 0.886229
0.341927 0.886229
0.342026 0.886229
0.342125 0.886229
0.342225 0.885934
0.342324 0.885934
0.342423 0.885638
0.342523 0.885638
0.342622 0.885638
0.342721 0.885638
0.342821 0.885343
0.342920 0.885343
0.343019 0.885047
0.343119 0.885047
0.343218 0.884456
0.343317 0.884161
0.343417 0.884161
0.343516 0.883865
0.343615 0.883865
0.343715 0.883865
0.343814 0.883865
0.343913 0.883865
0.344013 0.883865
0.344112 0.883570
0.344211 0.883274
0.344311 0.883274
0.344410 0.883274
0.344509 0.883274
0.344609 0.883274
0.344708 0.883274
0.344807 0.883274
0.344907 0.883274
0.345006 0.882979
0.345105 0.882683
0.345205 0.882683
0.345304 0.882683
0.345403 0.882683
0.345503 0.882092
0.345602 0.882092
0.345701 0.882092
0.345801 0.882092
0.345900 0.882092
0.345999 0.882092
0.346099 0.882092
0.346198 0.882092
0.346297 0.882092
0.346397 0.882092
0.346496 0.881797
0.346595 0.881797
0.346695 0.881797
0.346794 0.881501
0.346893 0.881206
0.346993 0.881206
0.347092 0.881206
0.347191 0.881206
0.347291 0.881206
0.347390 0.880910
0.347489 0.880910
0.347589 0.880910
0.347688 0.880910
0.347787 0.880910
0.347887 0.880910
0.347986 0.880910
0.348085 0.880910
0.348185 0.880910
0.348284 0.880319
0.348383 0.880319
0.348483 0.880319
0.348582 0.880319
0.348681 0.880319
0.348781 0.880319
0.348880 0.880024
0.348979 0.879728
0.349079 0.879728
0.349178 0.879728
0.349277 0.879433
0.349377 0.879433
0.349476 0.879137
0.349575 0.879137
0.349675 0.879137
0.349774 0.879137
0.349873 0.879137
0.349973 0.878842
0.350072 0.878842
0.350171 0.878251
0.350271 0.878251
0.350370 0.877955
0.350469 0.877955
0.350569 0.877955
0.350668 0.877955
0.350767 0.877955
0.350867 0.877955
0.350966 0.877955
0.351065 0.877955
0.351165 0.877955
0.351264 0.877955
0.351363 0.877955
0.351463 0.877955
0.351562 0.877660
0.351661 0.877660
0.351761 0.877660
0.351860 0.877660
0.351959 0.877660
0.352059 0.877660
0.352158 0.877364
0.352257 0.877364
0.352357 0.877364
0.352456 0.877364
0.352555 0.877069
0.352655 0.876773
0.352754 0.876773
0.352853 0.876773
0.352953 0.876478
0.353052 0.876478
0.353151 0.876478
0.353251 0.876478
0.353350 0.876478
0.353449 0.876478
0.353549 0.876182
0.353648 0.876182
0.353747 0.876182
0.353847 0.875887
0.353946 0.875887
0.354045 0.875591
0.354145 0.875591
0.354244 0.875591
0.354343 0.875591
0.354443 0.875591
0.354542 0.875591
0.354641 0.875591
0.354741 0.875591
0.354840 0.875591
0.354939 0.875591
0.355039 0.875591
0.355138 0.875296
0.355237 0.875296
0.355337 0.875296
0.355436 0.875296
0.355535 0.875296
0.355635 0.875296
0.355734 0.875296
0.355833 0.875296
0.355933 0.875000
0.356032 0.875000
0.356131 0.875000
0.356231 0.875000
0.356330 0.875000
0.356429 0.875000
0.356529 0.875000
0.356628 0.875000
0.356727 0.875000
0.356827 0.875000
0.356926 0.875000
0.357025 0.875000
0.357125 0.875000
0.357224 0.875000
0.357323 0.875000
0.357423 0.875000
0.357522 0.875000
0.357621 0.875000
0.357721 0.875000
0.357820 0.875000
0.357919 0.874704
0.358019 0.874704
0.358118 0.874704
0.358217 0.874704
0.358317 0.874704
0.358416 0.874704
0.358515 0.874704
0.358614 0.874704
0.358714 0.874704
0.358813 0.874704
0.358912 0.874704
0.359012 0.874704
0.359111 0.874704
0.359210 0.874409
0.359310 0.874409
0.359409 0.874113
0.359508 0.873818
0.359608 0.873818
0.359707 0.873818
0.359806 0.873818
0.359906 0.873818
0.360005 0.873818
0.360104 0.873818
0.360204 0.873818
0.360303 0.873818
0.360402 0.873818
0.360502 0.873818
0.360601 0.873818
0.360700 0.873818
0.360800 0.873818
0.360899 0.873818
0.360998 0.873818
0.361098 0.873522
0.361197 0.873522
0.361296 0.873522
0.361396 0.873522
0.361495 0.873522
0.361594 0.873522
0.361694 0.873522
0.361793 0.873522
0.361892 0.873522
0.361992 0.873522
0.362091 0.872931
0.362190 0.872931
0.362290 0.872931
0.362389 0.872931
0.362488 0.872636
0.362588 0.872636
0.362687 0.872636
0.362786 0.872636
0.362886 0.872340
0.362985 0.872340
0.363084 0.872340
0.363184 0.872340
0.363283 0.872340
0.363382 0.872340
0.363482 0.872340
0.363581 0.872340
0.363680 0.872045
0.363780 0.872045
0.363879 0.871749
0.363978 0.871749
0.364078 0.871749
0.364177 0.871749
0.364276 0.871749
0.364376 0.871454
0.364475 0.871454
0.364574 0.871454
0.364674 0.871454
0.364773 0.871454
0.364872 0.871454
0.364972 0.871158
0.365071 0.871158
0.365170 0.871158
0.365270 0.871158
0.365369 0.871158
0.365468 0.871158
0.365568 0.871158
0.365667 0.871158
0.365766 0.871158
0.365866 0.870567
0.365965 0.870272
0.366064 0.870272
0.366164 0.870272
0.366263 0.870272
0.366362 0.870272
0.366462 0.869976
0.366561 0.869976
0.366660 0.869976
0.366760 0.869976
0.366859 0.869976
0.366958 0.869681
0.367058 0.869385
0.367157 0.869385
0.367256 0.869090
0.367356 0.869090
0.367455 0.868794
0.367554 0.868794
0.367654 0.868499
0.367753 0.868499
0.367852 0.868499
0.367952 0.868499
0.368051 0.868203
0.368150 0.868203
0.368250 0.867908
0.368349 0.867612
0.368448 0.867317
0.368548 0.867021
0.368647 0.867021
0.368746 0.866726
0.368846 0.866726
0.368945 0.866726
0.369044 0.866726
0.369144 0.866430
0.369243 0.866430
0.369342 0.866430
0.369442 0.866430
0.369541 0.866430
0.369640 0.866430
0.369740 0.866135
0.369839 0.866135
0.369938 0.866135
0.370038 0.866135
0.370137 0.866135
0.370236 0.866135
0.370336 0.866135
0.370435 0.866135
0.370534 0.866135
0.370634 0.865839
0.370733 0.865839
0.370832 0.865839
0.370932 0.865248
0.371031 0.864953
0.371130 0.864953
0.371230 0.864953
0.371329 0.864953
0.371428 0.864657
0.371528 0.864657
0.371627 0.864362
0.371726 0.864362
0.371826 0.864362
0.371925 0.864362
0.372024 0.864362
0.372124 0.864362
0.372223 0.864362
0.372322 0.864362
0.372422 0.864362
0.372521 0.864362
0.372620 0.864362
0.372720 0.864362
0.372819 0.864362
0.372918 0.864362
0.373018 0.864362
0.373117 0.864362
0.373216 0.864066
0.373316 0.863771
0.373415 0.863771
0.373514 0.863771
0.373614 0.863771
0.373713 0.863771
0.373812 0.863771
0.373912 0.863771
0.374011 0.863475
0.374110 0.863475
0.374210 0.863475
0.374309 0.863475
0.374408 0.863475
0.374508 0.863475
0.374607 0.863475
0.374706 0.863475
0.374806 0.863475
0.374905 0.863475
0.375004 0.863475
0.375104 0.863475
0.375203 0.863475
0.375302 0.863475
0.375402 0.863475
0.375501 0.863180
0.375600 0.863180
0.375700 0.863180
0.375799 0.863180
0.375898 0.863180
0.375998 0.863180
0.376097 0.863180
0.376196 0.863180
0.376296 0.863180
0.376395 0.863180
0.376494 0.863180
0.376594 0.863180
0.376693 0.862884
0.376792 0.862884
0.376892 0.862589
0.376991 0.862589
0.377090 0.862589
0.377190 0.862589
0.377289 0.862589
0.377388 0.862589
0.377488 0.862589
0.377587 0.862293
0.377686 0.862293
0.377786 0.862293
0.377885 0.862293
0.377984 0.862293
0.378084 0.862293
0.378183 0.862293
0.378282 0.862293
0.378382 0.862293
0.378481 0.861998
0.378580 0.861998
0.378680 0.861998
0.378779 0.861702
0.378878 0.861111
0.378978 0.861111
0.379077 0.861111
0.379176 0.861111
0.379276 0.860816
0.379375 0.860816
0.379474 0.860816
0.379574 0.860520
0.379673 0.860225
0.379772 0.860225
0.379872 0.860225
0.379971 0.860225
0.380070 0.860225
0.380170 0.860225
0.380269 0.860225
0.380368 0.860225
0.380468 0.860225
0.380567 0.859929
0.380666 0.859929
0.380766 0.859634
0.380865 0.859634
0.380964 0.859634
0.381064 0.859634
0.381163 0.859338
0.381262 0.859338
0.381362 0.859338
0.381461 0.859338
0.381560 0.859338
0.381660 0.859338
0.381759 0.859338
0.381858 0.859043
0.381957 0.859043
0.382057 0.859043
0.382156 0.858452
0.382255 0.858156
0.382355 0.857861
0.382454 0.857565
0.382553 0.857565
0.382653 0.857270
0.382752 0.857270
0.382851 0.856974
0.382951 0.856974
0.383050 0.856974
0.383149 0.856678
0.383249 0.856678
0.383348 0.856678
0.383447 0.856678
0.383547 0.855792
0.383646 0.855792
0.383745 0.855792
0.383845 0.855792
0.383944 0.855792
0.384043 0.855792
0.384143 0.855496
0.384242 0.855496
0.384341 0.855496
0.384441 0.855496
0.384540 0.855201
0.384639 0.855201
0.384739 0.854905
0.384838 0.854905
0.384937 0.854610
0.385037 0.854610
0.385136 0.854610
0.385235 0.854019
0.385335 0.853723
0.385434 0.853723
0.385533 0.853723
0.385633 0.853428
0.385732 0.853428
0.385831 0.853132
0.385931 0.853132
0.386030 0.853132
0.386129 0.853132
0.386229 0.852837
0.386328 0.852837
0.386427 0.852837
0.386527 0.852837
0.386626 0.852541
0.386725 0.852541
0.386825 0.852541
0.386924 0.852541
0.387023 0.852541
0.387123 0.852246
0.387222 0.852246
0.387321 0.852246
0.387421 0.852246
0.387520 0.852246
0.387619 0.852246
0.387719 0.852246
0.387818 0.852246
0.387917 0.852246
0.388017 0.852246
0.388116 0.852246
0.388215 0.852246
0.388315 0.852246
0.388414 0.851950
0.388513 0.851359
0.388613 0.851359
0.388712 0.851359
0.388811 0.851359
0.388911 0.851359
0.389010 0.851359
0.389109 0.851359
0.389209 0.851359
0.389308 0.851359
0.389407 0.851064
0.389507 0.851064
0.389606 0.850768
0.389705 0.850473
0.389805 0.850177
0.389904 0.850177
0.390003 0.850177
0.390103 0.849586
0.390202 0.849291
0.390301 0.849291
0.390401 0.849291
0.390500 0.849291
0.390599 0.848995
0.390699 0.848700
0.390798 0.848700
0.390897 0.848404
0.390997 0.848404
0.391096 0.848404
0.391195 0.848404
0.391295 0.848404
0.391394 0.847813
0.391493 0.847518
0.391593 0.846927
0.391692 0.846927
0.391791 0.846927
0.391891 0.846927
0.391990 0.846927
0.392089 0.846631
0.392189 0.846631
0.392288 0.846631
0.392387 0.846336
0.392487 0.845745
0.392586 0.845745
0.392685 0.845745
0.392785 0.845745
0.392884 0.845745
0.392983 0.845745
0.393083 0.845745
0.393182 0.845745
0.393281 0.845745
0.393381 0.845745
0.393480 0.845745
0.393579 0.845745
0.393679 0.845745
0.393778 0.845745
0.393877 0.845745
0.393977 0.845745
0.394076 0.845449
0.394175 0.845449
0.394275 0.845154
0.394374 0.845154
0.394473 0.845154
0.394573 0.845154
0.394672 0.844858
0.394771 0.844858
0.394871 0.844563
0.394970 0.844563
0.395069 0.843972
0.395169 0.843972
0.395268 0.843972
0.395367 0.843972
0.395467 0.843972
0.395566 0.843972
0.395665 0.843972
0.395765 0.843972
0.395864 0.843972
0.395963 0.843972
0.396063 0.843972
0.396162 0.843676
0.396261 0.843676
0.396361 0.843676
0.396460 0.843676
0.396559 0.843676
0.396659 0.843676
0.396758 0.843381
0.396857 0.843381
0.396957 0.843381
0.397056 0.843085
0.397155 0.843085
0.397255 0.843085
0.397354 0.843085
0.397453 0.843085
0.397553 0.843085
0.397652 0.843085
0.397751 0.843085
0.397851 0.843085
0.397950 0.843085
0.398049 0.843085
0.398149 0.843085
0.398248 0.843085
0.398347 0.843085
0.398447 0.843085
0.398546 0.843085
0.398645 0.842790
0.398745 0.842790
0.398844 0.842790
0.398943 0.842790
0.399043 0.842790
0.399142 0.842494
0.399241 0.842199
0.399341 0.842199
0.399440 0.841903
0.399539 0.841903
0.399639 0.841903
0.399738 0.841903
0.399837 0.841903
0.399937 0.841903
0.400036 0.841608
0.400135 0.841608
0.400235 0.841608
0.400334 0.841312
0.400433 0.841017
0.400533 0.840721
0.400632 0.840721
0.400731 0.840721
0.400831 0.840721
0.400930 0.840721
0.401029 0.840721
0.401129 0.840426
0.401228 0.840426
0.401327 0.840426
0.401427 0.840426
0.401526 0.840426
0.401625 0.840426
0.401725 0.840130
0.401824 0.839835
0.401923 0.839835
0.402023 0.839835
0.402122 0.839243
0.402221 0.839243
0.402321 0.839243
0.402420 0.839243
0.402519 0.838948
0.402619 0.838948
0.402718 0.838948
0.402817 0.838948
0.402917 0.838948
0.403016 0.838948
0.403115 0.838948
0.403215 0.838948
0.403314 0.838948
0.403413 0.838948
0.403513 0.838948
0.403612 0.838948
0.403711 0.838948
0.403811 0.838948
0.403910 0.838948
0.404009 0.838948
0.404109 0.838948
0.404208 0.838948
0.404307 0.838948
0.404407 0.838948
0.404506 0.838948
0.404605 0.838948
0.404705 0.838948
0.404804 0.838948
0.404903 0.838652
0.405003 0.838652
0.405102 0.838652
0.405201 0.838652
0.405300 0.838652
0.405400 0.838652
0.405499 0.838652
0.405598 0.838357
0.405698 0.838061
0.405797 0.837766
0.405896 0.837470
0.405996 0.837175
0.406095 0.837175
0.406194 0.837175
0.406294 0.836879
0.406393 0.836584
0.406492 0.836584
0.406592 0.836288
0.406691 0.836288
0.406790 0.836288
0.406890 0.836288
0.406989 0.836288
0.407088 0.836288
0.407188 0.836288
0.407287 0.836288
0.407386 0.836288
0.407486 0.836288
0.407585 0.835993
0.407684 0.835993
0.407784 0.835697
0.407883 0.835697
0.407982 0.835402
0.408082 0.835402
0.408181 0.835402
0.408280 0.835106
0.408380 0.835106
0.408479 0.835106
0.408578 0.835106
0.408678 0.835106
0.408777 0.835106
0.408876 0.835106
0.408976 0.835106
0.409075 0.834811
0.409174 0.834811
0.409274 0.834811
0.409373 0.834811
0.409472 0.834811
0.409572 0.834811
0.409671 0.834811
0.409770 0.834811
0.409870 0.834811
0.409969 0.834811
0.410068 0.834811
0.410168 0.834811
0.410267 0.834811
0.410366 0.834811
0.410466 0.834811
0.410565 0.834811
0.410664 0.834811
0.410764 0.834811
0.410863 0.834811
0.410962 0.834515
0.411062 0.834220
0.411161 0.834220
0.411260 0.833924
0.411360 0.833924
0.411459 0.833629
0.411558 0.833333
0.411658 0.833333
0.411757 0.833333
0.411856 0.833333
0.411956 0.833333
0.412055 0.833333
0.412154 0.833333
0.412254 0.833333
0.412353 0.833333
0.412452 0.833333
0.412552 0.833333
0.412651 0.833333
0.412750 0.833333
0.412850 0.833333
0.412949 0.833333
0.413048 0.833038
0.413148 0.833038
0.413247 0.833038
0.413346 0.833038
0.413446 0.833038
0.413545 0.833038
0.413644 0.833038
0.413744 0.833038
0.413843 0.833038
0.413942 0.833038
0.414042 0.833038
0.414141 0.833038
0.414240 0.833038
0.414340 0.833038
0.414439 0.833038
0.414538 0.833038
0.414638 0.833038
0.414737 0.833038
0.414836 0.833038
0.414936 0.833038
0.415035 0.833038
0.415134 0.833038
0.415234 0.833038
0.415333 0.832742
0.415432 0.832742
0.415532 0.832742
0.415631 0.832742
0.415730 0.832742
0.415830 0.832742
0.415929 0.832742
0.416028 0.832447
0.416128 0.832447
0.416227 0.832447
0.416326 0.832447
0.416426 0.832447
0.416525 0.832447
0.416624 0.832151
0.416724 0.832151
0.416823 0.832151
0.416922 0.832151
0.417022 0.832151
0.417121 0.832151
0.417220 0.832151
0.417320 0.832151
0.417419 0.832151
0.417518 0.832151
0.417618 0.832151
0.417717 0.832151
0.417816 0.832151
0.417916 0.832151
0.418015 0.832151
0.418114 0.832151
0.418214 0.831560
0.418313 0.831560
0.418412 0.831560
0.418512 0.831560
0.418611 0.831265
0.418710 0.831265
0.418810 0.831265
0.418909 0.831265
0.419008 0.831265
0.419108 0.831265
0.419207 0.831265
0.419306 0.830969
0.419406 0.830969
0.419505 0.830969
0.419604 0.830969
0.419704 0.830969
0.419803 0.830969
0.419902 0.830083
0.420002 0.829787
0.420101 0.829787
0.420200 0.829787
0.420300 0.829787
0.420399 0.829787
0.420498 0.829787
0.420598 0.829787
0.420697 0.829492
0.420796 0.829492
0.420896 0.829492
0.420995 0.829492
0.421094 0.829196
0.421194 0.828901
0.421293 0.828310
0.421392 0.828310
0.421492 0.828310
0.421591 0.828310
0.421690 0.828310
0.421790 0.828014
0.421889 0.827719
0.421988 0.827719
0.422088 0.827719
0.422187 0.827719
0.422286 0.827719
0.422386 0.827719
0.422485 0.827423
0.422584 0.827423
0.422684 0.826832
0.422783 0.826832
0.422882 0.826832
0.422982 0.826832
0.423081 0.826537
0.423180 0.826537
0.423280 0.826537
0.423379 0.826241
0.423478 0.826241
0.423578 0.826241
0.423677 0.825946
0.423776 0.825946
0.423876 0.825946
0.423975 0.825946
0.424074 0.825946
0.424174 0.825946
0.424273 0.825946
0.424372 0.825946
0.424472 0.825946
0.424571 0.825650
0.424670 0.825355
0.424770 0.825355
0.424869 0.825355
0.424968 0.825355
0.425068 0.825355
0.425167 0.825059
0.425266 0.824764
0.425366 0.824764
0.425465 0.824173
0.425564 0.824173
0.425664 0.824173
0.425763 0.824173
0.425862 0.824173
0.425962 0.823877
0.426061 0.823877
0.426160 0.823877
0.426260 0.823877
0.426359 0.823582
0.426458 0.823582
0.426558 0.823582
0.426657 0.823582
0.426756 0.823582
0.426856 0.823582
0.426955 0.823286
0.427054 0.823286
0.427154 0.823286
0.427253 0.822991
0.427352 0.822991
0.427452 0.822695
0.427551 0.822695
0.427650 0.822695
0.427750 0.822695
0.427849 0.822695
0.427948 0.822695
0.428048 0.822695
0.428147 0.822104
0.428246 0.822104
0.428346 0.822104
0.428445 0.822104
0.428544 0.821809
0.428643 0.821809
0.428743 0.821809
0.428842 0.821809
0.428941 0.821809
0.429041 0.821809
0.429140 0.821809
0.429239 0.821809
0.429339 0.821809
0.429438 0.821809
0.429537 0.821809
0.429637 0.821513
0.429736 0.821513
0.429835 0.821513
0.429935 0.821513
0.430034 0.821513
0.430133 0.821513
0.430233 0.821513
0.430332 0.821513
0.430431 0.821217
0.430531 0.821217
0.430630 0.821217
0.430729 0.821217
0.430829 0.821217
0.430928 0.821217
0.431027 0.821217
0.431127 0.821217
0.431226 0.821217
0.431325 0.821217
0.431425 0.821217
0.431524 0.820626
0.431623 0.820626
0.431723 0.820626
0.431822 0.820626
0.431921 0.820626
0.432021 0.820331
0.432120 0.820331
0.432219 0.820331
0.432319 0.820331
0.432418 0.820331
0.432517 0.820331
0.432617 0.820331
0.432716 0.820331
0.432815 0.820331
0.432915 0.820331
0.433014 0.820331
0.433113 0.820331
0.433213 0.820331
0.433312 0.820331
0.433411 0.820331
0.433511 0.820331
0.433610 0.820331
0.433709 0.820331
0.433809 0.820331
0.433908 0.820035
0.434007 0.820035
0.434107 0.819740
0.434206 0.819444
0.434305 0.819149
0.434405 0.819149
0.434504 0.819149
0.434603 0.819149
0.434703 0.819149
0.434802 0.819149
0.434901 0.818853
0.435001 0.818853
0.435100 0.818853
0.435199 0.818853
0.435299 0.818853
0.435398 0.818853
0.435497 0.818853
0.435597 0.818853
0.435696 0.818853
0.435795 0.818853
0.435895 0.818558
0.435994 0.818558
0.436093 0.818558
0.436193 0.818558
0.436292 0.818558
0.436391 0.818262
0.436491 0.818262
0.436590 0.818262
0.436689 0.817967
0.436789 0.817967
0.436888 0.817967
0.436987 0.817967
0.437087 0.817967
0.437186 0.817967
0.437285 0.817967
0.437385 0.817967
0.437484 0.817967
0.437583 0.817967
0.437683 0.817967
0.437782 0.817967
0.437881 0.817967
0.437981 0.817967
0.438080 0.817967
0.438179 0.817967
0.438279 0.817967
0.438378 0.817967
0.438477 0.817671
0.438577 0.817671
0.438676 0.817376
0.438775 0.817376
0.438875 0.817080
0.438974 0.816785
0.439073 0.816785
0.439173 0.816785
0.439272 0.816785
0.439371 0.816785
0.439471 0.816785
0.439570 0.816785
0.439669 0.816785
0.439769 0.816785
0.439868 0.816489
0.439967 0.816489
0.440067 0.816489
0.440166 0.816489
0.440265 0.816489
0.440365 0.816489
0.440464 0.816489
0.440563 0.816489
0.440663 0.816489
0.440762 0.816489
0.440861 0.816489
0.440961 0.816194
0.441060 0.816194
0.441159 0.816194
0.441259 0.816194
0.441358 0.816194
0.441457 0.815898
0.441557 0.815898
0.441656 0.815603
0.441755 0.815603
0.441855 0.815603
0.441954 0.815603
0.442053 0.815603
0.442153 0.815603
0.442252 0.815603
0.442351 0.815307
0.442451 0.815307
0.442550 0.815307
0.442649 0.815307
0.442749 0.815307
0.442848 0.815307
0.442947 0.815307
0.443047 0.815307
0.443146 0.815307
0.443245 0.815307
0.443345 0.815307
0.443444 0.815012
0.443543 0.815012
0.443643 0.815012
0.443742 0.815012
0.443841 0.815012
0.443941 0.815012
0.444040 0.815012
0.444139 0.815012
0.444239 0.815012
0.444338 0.815012
0.444437 0.815012
0.444537 0.815012
0.444636 0.814716
0.444735 0.814716
0.444835 0.814421
0.444934 0.814421
0.445033 0.814421
0.445133 0.814421
0.445232 0.814421
0.445331 0.814421
0.445431 0.814421
0.445530 0.814421
0.445629 0.814421
0.445729 0.814421
0.445828 0.814421
0.445927 0.814421
0.446027 0.814421
0.446126 0.814125
0.446225 0.813830
0.446325 0.813830
0.446424 0.813830
0.446523 0.813830
0.446623 0.813830
0.446722 0.813239
0.446821 0.813239
0.446921 0.813239
0.447020 0.813239
0.447119 0.813239
0.447219 0.813239
0.447318 0.812943
0.447417 0.812943
0.447517 0.812943
0.447616 0.812943
0.447715 0.812943
0.447815 0.812943
0.447914 0.812943
0.448013 0.812943
0.448113 0.812648
0.448212 0.812648
0.448311 0.812648
0.448411 0.812648
0.448510 0.812648
0.448609 0.812648
0.448709 0.812352
0.448808 0.812057
0.448907 0.812057
0.449007 0.812057
0.449106 0.812057
0.449205 0.812057
0.449305 0.812057
0.449404 0.812057
0.449503 0.811761
0.449603 0.811761
0.449702 0.811761
0.449801 0.811761
0.449901 0.811761
0.450000 0.811761
0.450099 0.811170
0.450199 0.811170
0.450298 0.810875
0.450397 0.810875
0.450497 0.810875
0.450596 0.810875
0.450695 0.810875
0.450795 0.810875
0.450894 0.810875
0.450993 0.810875
0.451093 0.810875
0.451192 0.810875
0.451291 0.810875
0.451391 0.810875
0.451490 0.810579
0.451589 0.810579
0.451689 0.810284
0.451788 0.810284
0.451887 0.810284
0.451986 0.810284
0.452086 0.810284
0.452185 0.809693
0.452284 0.809693
0.452384 0.809397
0.452483 0.809102
0.452582 0.809102
0.452682 0.809102
0.452781 0.809102
0.452880 0.808806
0.452980 0.808806
0.453079 0.808806
0.453178 0.808806
0.453278 0.808806
0.453377 0.808511
0.453476 0.808511
0.453576 0.808511
0.453675 0.808215
0.453774 0.807624
0.453874 0.807329
0.453973 0.807329
0.454072 0.807329
0.454172 0.807329
0.454271 0.807033
0.454370 0.807033
0.454470 0.806738
0.454569 0.806442
0.454668 0.806442
0.454768 0.806442
0.454867 0.806147
0.454966 0.806147
0.455066 0.806147
0.455165 0.806147
0.455264 0.806147
0.455364 0.806147
0.455463 0.806147
0.455562 0.806147
0.455662 0.806147
0.455761 0.806147
0.455860 0.805851
0.455960 0.805851
0.456059 0.805851
0.456158 0.805851
0.456258 0.805556
0.456357 0.805556
0.456456 0.805260
0.456556 0.805260
0.456655 0.805260
0.456754 0.805260
0.456854 0.804669
0.456953 0.804669
0.457052 0.804374
0.457152 0.804078
0.457251 0.804078
0.457350 0.804078
0.457450 0.803783
0.457549 0.803487
0.457648 0.803487
0.457748 0.803487
0.457847 0.803487
0.457946 0.803487
0.458046 0.802896
0.458145 0.802600
0.458244 0.802600
0.458344 0.802600
0.458443 0.802600
0.458542 0.802600
0.458642 0.802600
0.458741 0.802305
0.458840 0.802305
0.458940 0.802305
0.459039 0.802305
0.459138 0.802305
0.459238 0.802305
0.459337 0.802305
0.459436 0.802305
0.459536 0.802305
0.459635 0.802305
0.459734 0.802305
0.459834 0.802305
0.459933 0.802305
0.460032 0.802305
0.460132 0.802009
0.460231 0.801714
0.460330 0.801418
0.460430 0.801418
0.460529 0.801418
0.460628 0.801418
0.460728 0.801418
0.460827 0.801418
0.460926 0.801123
0.461026 0.801123
0.461125 0.801123
0.461224 0.801123
0.461324 0.801123
0.461423 0.801123
0.461522 0.800827
0.461622 0.800827
0.461721 0.800827
0.461820 0.800827
0.461920 0.800532
0.462019 0.800532
0.462118 0.800532
0.462218 0.800532
0.462317 0.800236
0.462416 0.799941
0.462516 0.799645
0.462615 0.799645
0.462714 0.799645
0.462814 0.799645
0.462913 0.799645
0.463012 0.799645
0.463112 0.799350
0.463211 0.799350
0.463310 0.799350
0.463410 0.799054
0.463509 0.799054
0.463608 0.799054
0.463708 0.799054
0.463807 0.799054
0.463906 0.798759
0.464006 0.798463
0.464105 0.798463
0.464204 0.798168
0.464304 0.798168
0.464403 0.798168
0.464502 0.798168
0.464602 0.798168
0.464701 0.798168
0.464800 0.797872
0.464900 0.797872
0.464999 0.797577
0.465098 0.797577
0.465198 0.797281
0.465297 0.796986
0.465396 0.796690
0.465496 0.796690
0.465595 0.796690
0.465694 0.796690
0.465794 0.796690
0.465893 0.796690
0.465992 0.796690
0.466092 0.796690
0.466191 0.796395
0.466290 0.796395
0.466390 0.795804
0.466489 0.795508
0.466588 0.795508
0.466688 0.795508
0.466787 0.795508
0.466886 0.795213
0.466986 0.795213
0.467085 0.795213
0.467184 0.795213
0.467284 0.795213
0.467383 0.794917
0.467482 0.794622
0.467582 0.794622
0.467681 0.794326
0.467780 0.794031
0.467880 0.794031
0.467979 0.793735
0.468078 0.793735
0.468178 0.793735
0.468277 0.793440
0.468376 0.793440
0.468476 0.793440
0.468575 0.792849
0.468674 0.792849
0.468774 0.792849
0.468873 0.792849
0.468972 0.792849
0.469072 0.792849
0.469171 0.792849
0.469270 0.792849
0.469370 0.792849
0.469469 0.792849
0.469568 0.792553
0.469668 0.792553
0.469767 0.792553
0.469866 0.792553
0.469966 0.792258
0.470065 0.792258
0.470164 0.792258
0.470264 0.792258
0.470363 0.792258
0.470462 0.791962
0.470562 0.791962
0.470661 0.791667
0.470760 0.791667
0.470860 0.791667
0.470959 0.791667
0.471058 0.791371
0.471158 0.791076
0.471257 0.791076
0.471356 0.790780
0.471456 0.790485
0.471555 0.790485
0.471654 0.790189
0.471754 0.790189
0.471853 0.789894
0.471952 0.789894
0.472052 0.789894
0.472151 0.789894
0.472250 0.789894
0.472350 0.789598
0.472449 0.789598
0.472548 0.789598
0.472648 0.789598
0.472747 0.789598
0.472846 0.789598
0.472946 0.789303
0.473045 0.788416
0.473144 0.788416
0.473244 0.788416
0.473343 0.788121
0.473442 0.788121
0.473542 0.788121
0.473641 0.788121
0.473740 0.788121
0.473840 0.788121
0.473939 0.788121
0.474038 0.788121
0.474138 0.788121
0.474237 0.788121
0.474336 0.788121
0.474436 0.788121
0.474535 0.787825
0.474634 0.787530
0.474734 0.787530
0.474833 0.787234
0.474932 0.787234
0.475032 0.787234
0.475131 0.786939
0.475230 0.786939
0.475329 0.786643
0.475429 0.786643
0.475528 0.786643
0.475627 0.786348
0.475727 0.786348
0.475826 0.786348
0.475925 0.786052
0.476025 0.786052
0.476124 0.785461
0.476223 0.785461
0.476323 0.785461
0.476422 0.785461
0.476521 0.785461
0.476621 0.785461
0.476720 0.785461
0.476819 0.785461
0.476919 0.785165
0.477018 0.784574
0.477117 0.784574
0.477217 0.784574
0.477316 0.784574
0.477415 0.784279
0.477515 0.784279
0.477614 0.784279
0.477713 0.784279
0.477813 0.783983
0.477912 0.783983
0.478011 0.783983
0.478111 0.783983
0.478210 0.783983
0.478309 0.783983
0.478409 0.783983
0.478508 0.783983
0.478607 0.783983
0.478707 0.783983
0.478806 0.783688
0.478905 0.783688
0.479005 0.783688
0.479104 0.783097
0.479203 0.783097
0.479303 0.783097
0.479402 0.783097
0.479501 0.783097
0.479601 0.782801
0.479700 0.782801
0.479799 0.782801
0.479899 0.782801
0.479998 0.782801
0.480097 0.782801
0.480197 0.782506
0.480296 0.782506
0.480395 0.782506
0.480495 0.781915
0.480594 0.781915
0.480693 0.781915
0.480793 0.781915
0.480892 0.781915
0.480991 0.781915
0.481091 0.781619
0.481190 0.781324
0.481289 0.781324
0.481389 0.781324
0.481488 0.781028
0.481587 0.781028
0.481687 0.781028
0.481786 0.781028
0.481885 0.780733
0.481985 0.780437
0.482084 0.780142
0.482183 0.780142
0.482283 0.779846
0.482382 0.779846
0.482481 0.779846
0.482581 0.779846
0.482680 0.779255
0.482779 0.779255
0.482879 0.779255
0.482978 0.779255
0.483077 0.778960
0.483177 0.778960
0.483276 0.778960
0.483375 0.778664
0.483475 0.778664
0.483574 0.778664
0.483673 0.778664
0.483773 0.778369
0.483872 0.778369
0.483971 0.778369
0.484071 0.778369
0.484170 0.778369
0.484269 0.778369
0.484369 0.778369
0.484468 0.778369
0.484567 0.778369
0.484667 0.778369
0.484766 0.778369
0.484865 0.778369
0.484965 0.778369
0.485064 0.778369
0.485163 0.778369
0.485263 0.777482
0.485362 0.777187
0.485461 0.776891
0.485561 0.776891
0.485660 0.776891
0.485759 0.776300
0.485859 0.776300
0.485958 0.776300
0.486057 0.776005
0.486157 0.776005
0.486256 0.776005
0.486355 0.776005
0.486455 0.776005
0.486554 0.775709
0.486653 0.775709
0.486753 0.775709
0.486852 0.775709
0.486951 0.775709
0.487051 0.775414
0.487150 0.775118
0.487249 0.775118
0.487349 0.774823
0.487448 0.774823
0.487547 0.774527
0.487647 0.774527
0.487746 0.774527
0.487845 0.774527
0.487945 0.774527
0.488044 0.774527
0.488143 0.774527
0.488243 0.774232
0.488342 0.774232
0.488441 0.774232
0.488541 0.773936
0.488640 0.773936
0.488739 0.773936
0.488839 0.773936
0.488938 0.773936
0.489037 0.773936
0.489137 0.773641
0.489236 0.773641
0.489335 0.773641
0.489435 0.773345
0.489534 0.773345
0.489633 0.773345
0.489733 0.773345
0.489832 0.773345
0.489931 0.773345
0.490031 0.773345
0.490130 0.773050
0.490229 0.773050
0.490329 0.772754
0.490428 0.772754
0.490527 0.772754
0.490627 0.772754
0.490726 0.772754
0.490825 0.772754
0.490925 0.772754
0.491024 0.772459
0.491123 0.772459
0.491223 0.772459
0.491322 0.772163
0.491421 0.771868
0.491521 0.771572
0.491620 0.771572
0.491719 0.771572
0.491819 0.771572
0.491918 0.771572
0.492017 0.771572
0.492117 0.771572
0.492216 0.771572
0.492315 0.771277
0.492415 0.771277
0.492514 0.771277
0.492613 0.771277
0.492713 0.770981
0.492812 0.770981
0.492911 0.770981
0.493011 0.770981
0.493110 0.770981
0.493209 0.770981
0.493309 0.770981
0.493408 0.770981
0.493507 0.770686
0.493607 0.770686
0.493706 0.770686
0.493805 0.770686
0.493905 0.770390
0.494004 0.770390
0.494103 0.770390
0.494203 0.770390
0.494302 0.770095
0.494401 0.770095
0.494501 0.770095
0.494600 0.769504
0.494699 0.769208
0.494799 0.769208
0.494898 0.769208
0.494997 0.769208
0.495097 0.769208
0.495196 0.769208
0.495295 0.769208
0.495395 0.769208
0.495494 0.769208
0.495593 0.769208
0.495693 0.768913
0.495792 0.768913
0.495891 0.768913
0.495991 0.768913
0.496090 0.768913
0.496189 0.768913
0.496289 0.768913
0.496388 0.768913
0.496487 0.768913
0.496587 0.768617
0.496686 0.768617
0.496785 0.768617
0.496885 0.768617
0.496984 0.768617
0.497083 0.768322
0.497183 0.768026
0.497282 0.767730
0.497381 0.767730
0.497481 0.767730
0.497580 0.767730
0.497679 0.767730
0.497779 0.767730
0.497878 0.767435
0.497977 0.767435
0.498077 0.766844
0.498176 0.766844
0.498275 0.766844
0.498375 0.766844
0.498474 0.766844
0.498573 0.766844
0.498672 0.766548
0.498772 0.766253
0.498871 0.766253
0.498970 0.766253
0.499070 0.765957
0.499169 0.765957
0.499268 0.765957
0.499368 0.765662
0.499467 0.765662
0.499566 0.764775
0.499666 0.764775
0.499765 0.764775
0.499864 0.764775
0.499964 0.764775
0.500063 0.764775
0.500162 0.764775
0.500262 0.764480
0.500361 0.764184
0.500460 0.763889
0.500560 0.763889
0.500659 0.763889
0.500758 0.763889
0.500858 0.763889
0.500957 0.763889
0.501056 0.763593
0.501156 0.763593
0.501255 0.763298
0.501354 0.763298
0.501454 0.762707
0.501553 0.762411
0.501652 0.762411
0.501752 0.762411
0.501851 0.762411
0.501950 0.762116
0.502050 0.761820
0.502149 0.761525
0.502248 0.761525
0.502348 0.761525
0.502447 0.761525
0.502546 0.761525
0.502646 0.761229
0.502745 0.761229
0.502844 0.761229
0.502944 0.761229
0.503043 0.760934
0.503142 0.760934
0.503242 0.760934
0.503341 0.760638
0.503440 0.760343
0.503540 0.760343
0.503639 0.760343
0.503738 0.760343
0.503838 0.759752
0.503937 0.759752
0.504036 0.759752
0.504136 0.759752
0.504235 0.759752
0.504334 0.759752
0.504434 0.759752
0.504533 0.759752
0.504632 0.759456
0.504732 0.759456
0.504831 0.759161
0.504930 0.759161
0.505030 0.759161
0.505129 0.759161
0.505228 0.758865
0.505328 0.758865
0.505427 0.758865
0.505526 0.758570
0.505626 0.758570
0.505725 0.758570
0.505824 0.758570
0.505924 0.758570
0.506023 0.758570
0.506122 0.758570
0.506222 0.758570
0.506321 0.758570
0.506420 0.758570
0.506520 0.758570
0.506619 0.758274
0.506718 0.758274
0.506818 0.758274
0.506917 0.757683
0.507016 0.757683
0.507116 0.757683
0.507215 0.757683
0.507314 0.757683
0.507414 0.757683
0.507513 0.757683
0.507612 0.757683
0.507712 0.757683
0.507811 0.757388
0.507910 0.757388
0.508010 0.757388
0.508109 0.757092
0.508208 0.757092
0.508308 0.757092
0.508407 0.757092
0.508506 0.757092
0.508606 0.756797
0.508705 0.756797
0.508804 0.756797
0.508904 0.756501
0.509003 0.756501
0.509102 0.756501
0.509202 0.756206
0.509301 0.756206
0.509400 0.756206
0.509500 0.756206
0.509599 0.756206
0.509698 0.755910
0.509798 0.755910
0.509897 0.755910
0.509996 0.755319
0.510096 0.755319
0.510195 0.755024
0.510294 0.755024
0.510394 0.755024
0.510493 0.755024
0.510592 0.755024
0.510692 0.755024
0.510791 0.755024
0.510890 0.755024
0.510990 0.755024
0.511089 0.755024
0.511188 0.755024
0.511288 0.755024
0.511387 0.755024
0.511486 0.755024
0.511586 0.755024
0.511685 0.755024
0.511784 0.755024
0.511884 0.755024
0.511983 0.754728
0.512082 0.754728
0.512182 0.754728
0.512281 0.754728
0.512380 0.754433
0.512480 0.754433
0.512579 0.754433
0.512678 0.754137
0.512778 0.754137
0.512877 0.753546
0.512976 0.753251
0.513076 0.753251
0.513175 0.753251
0.513274 0.753251
0.513374 0.753251
0.513473 0.753251
0.513572 0.753251
0.513672 0.753251
0.513771 0.753251
0.513870 0.753251
0.513970 0.753251
0.514069 0.753251
0.514168 0.752955
0.514268 0.752955
0.514367 0.752660
0.514466 0.752660
0.514566 0.752069
0.514665 0.752069
0.514764 0.752069
0.514864 0.752069
0.514963 0.752069
0.515062 0.752069
0.515162 0.752069
0.515261 0.752069
0.515360 0.752069
0.515460 0.752069
0.515559 0.752069
0.515658 0.752069
0.515758 0.752069
0.515857 0.752069
0.515956 0.752069
0.516056 0.752069
0.516155 0.751773
0.516254 0.751773
0.516354 0.751773
0.516453 0.751182
0.516552 0.751182
0.516652 0.751182
0.516751 0.751182
0.516850 0.751182
0.516950 0.751182
0.517049 0.751182
0.517148 0.750887
0.517248 0.750591
0.517347 0.750296
0.517446 0.750296
0.517546 0.750296
0.517645 0.750000
0.517744 0.750000
0.517844 0.750000
0.517943 0.750000
0.518042 0.750000
0.518142 0.750000
0.518241 0.749409
0.518340 0.749409
0.518440 0.749409
0.518539 0.749409
0.518638 0.749409
0.518738 0.749409
0.518837 0.749409
0.518936 0.749409
0.519036 0.749409
0.519135 0.749409
0.519234 0.749409
0.519334 0.749409
0.519433 0.749409
0.519532 0.749409
0.519632 0.749409
0.519731 0.748818
0.519830 0.748818
0.519930 0.748818
0.520029 0.748522
0.520128 0.748522
0.520228 0.748227
0.520327 0.748227
0.520426 0.748227
0.520526 0.748227
0.520625 0.748227
0.520724 0.748227
0.520824 0.747931
0.520923 0.747931
0.521022 0.747931
0.521122 0.747931
0.521221 0.747636
0.521320 0.747636
0.521420 0.747636
0.521519 0.747636
0.521618 0.747636
0.521718 0.747636
0.521817 0.747636
0.521916 0.747636
0.522015 0.747340
0.522115 0.747340
0.522214 0.747045
0.522313 0.746749
0.522413 0.746749
0.522512 0.746749
0.522611 0.746454
0.522711 0.746454
0.522810 0.746454
0.522909 0.746454
0.523009 0.746454
0.523108 0.746454
0.523207 0.746454
0.523307 0.746454
0.523406 0.746454
0.523505 0.746454
0.523605 0.746454
0.523704 0.746454
0.523803 0.746454
0.523903 0.746158
0.524002 0.746158
0.524101 0.745863
0.524201 0.745863
0.524300 0.745863
0.524399 0.745863
0.524499 0.745863
0.524598 0.745863
0.524697 0.745863
0.524797 0.745863
0.524896 0.745863
0.524995 0.745863
0.525095 0.744976
0.525194 0.744976
0.525293 0.744976
0.525393 0.744976
0.525492 0.744385
0.525591 0.744090
0.525691 0.744090
0.525790 0.744090
0.525889 0.744090
0.525989 0.744090
0.526088 0.744090
0.526187 0.744090
0.526287 0.744090
0.526386 0.744090
0.526485 0.744090
0.526585 0.744090
0.526684 0.743794
0.526783 0.743499
0.526883 0.743499
0.526982 0.743203
0.527081 0.743203
0.527181 0.743203
0.527280 0.743203
0.527379 0.743203
0.527479 0.742908
0.527578 0.742612
0.527677 0.742021
0.527777 0.742021
0.527876 0.742021
0.527975 0.742021
0.528075 0.742021
0.528174 0.742021
0.528273 0.742021
0.528373 0.742021
0.528472 0.741726
0.528571 0.741430
0.528671 0.741430
0.528770 0.741430
0.528869 0.741135
0.528969 0.740839
0.529068 0.740839
0.529167 0.740839
0.529267 0.740839
0.529366 0.740544
0.529465 0.740544
0.529565 0.740544
0.529664 0.740544
0.529763 0.740544
0.529863 0.740248
0.529962 0.740248
0.530061 0.740248
0.530161 0.739953
0.530260 0.739953
0.530359 0.739657
0.530459 0.739657
0.530558 0.739657
0.530657 0.739657
0.530757 0.739362
0.530856 0.739362
0.530955 0.739362
0.531055 0.739362
0.531154 0.739362
0.531253 0.739066
0.531353 0.739066
0.531452 0.739066
0.531551 0.739066
0.531651 0.739066
0.531750 0.739066
0.531849 0.739066
0.531949 0.739066
0.532048 0.738475
0.532147 0.738475
0.532247 0.738475
0.532346 0.738475
0.532445 0.738475
0.532545 0.738180
0.532644 0.737884
0.532743 0.737589
0.532843 0.737589
0.532942 0.737589
0.533041 0.737589
0.533141 0.737589
0.533240 0.737293
0.533339 0.737293
0.533439 0.736998
0.533538 0.736407
0.533637 0.736111
0.533737 0.736111
0.533836 0.735816
0.533935 0.735816
0.534035 0.735816
0.534134 0.735520
0.534233 0.735520
0.534333 0.735520
0.534432 0.735520
0.534531 0.735520
0.534631 0.734929
0.534730 0.734634
0.534829 0.734634
0.534929 0.734634
0.535028 0.734634
0.535127 0.734634
0.535227 0.734634
0.535326 0.734634
0.535425 0.734338
0.535525 0.734338
0.535624 0.734338
0.535723 0.734338
0.535823 0.734338
0.535922 0.734338
0.536021 0.734338
0.536121 0.734338
0.536220 0.734338
0.536319 0.734338
0.536419 0.734338
0.536518 0.734338
0.536617 0.734338
0.536717 0.734338
0.536816 0.734338
0.536915 0.734338
0.537015 0.734338
0.537114 0.734338
0.537213 0.734043
0.537313 0.734043
0.537412 0.734043
0.537511 0.733747
0.537611 0.733747
0.537710 0.733747
0.537809 0.733452
0.537909 0.733156
0.538008 0.733156
0.538107 0.733156
0.538207 0.733156
0.538306 0.733156
0.538405 0.733156
0.538505 0.733156
0.538604 0.733156
0.538703 0.733156
0.538803 0.732861
0.538902 0.732861
0.539001 0.732861
0.539101 0.732565
0.539200 0.732565
0.539299 0.732565
0.539399 0.732565
0.539498 0.732565
0.539597 0.732565
0.539697 0.732270
0.539796 0.732270
0.539895 0.731974
0.539995 0.731678
0.540094 0.731383
0.540193 0.731383
0.540293 0.731383
0.540392 0.731383
0.540491 0.731383
0.540591 0.731383
0.540690 0.731087
0.540789 0.731087
0.540889 0.731087
0.540988 0.731087
0.541087 0.730792
0.541187 0.730792
0.541286 0.730496
0.541385 0.730496
0.541485 0.730201
0.541584 0.730201
0.541683 0.729905
0.541783 0.729905
0.541882 0.729905
0.541981 0.729905
0.542081 0.729905
0.542180 0.729905
0.542279 0.729905
0.542379 0.729905
0.542478 0.729905
0.542577 0.729905
0.542677 0.729610
0.542776 0.729314
0.542875 0.729314
0.542975 0.729314
0.543074 0.729019
0.543173 0.728723
0.543273 0.728723
0.543372 0.728723
0.543471 0.728723
0.543571 0.728723
0.543670 0.728428
0.543769 0.728428
0.543869 0.728428
0.543968 0.728428
0.544067 0.728428
0.544167 0.728428
0.544266 0.728428
0.544365 0.728428
0.544465 0.728428
0.544564 0.728132
0.544663 0.728132
0.544763 0.727837
0.544862 0.727541
0.544961 0.727541
0.545061 0.726950
0.545160 0.726064
0.545259 0.726064
0.545358 0.726064
0.545458 0.725768
0.545557 0.725768
0.545656 0.725768
0.545756 0.725768
0.545855 0.725768
0.545954 0.725768
0.546054 0.725768
0.546153 0.725768
0.546252 0.725473
0.546352 0.725473
0.546451 0.725473
0.546550 0.725473
0.546650 0.725177
0.546749 0.725177
0.546848 0.724882
0.546948 0.724882
0.547047 0.724586
0.547146 0.724586
0.547246 0.724586
0.547345 0.724291
0.547444 0.724291
0.547544 0.724291
0.547643 0.724291
0.547742 0.724291
0.547842 0.724291
0.547941 0.724291
0.548040 0.724291
0.548140 0.723700
0.548239 0.723700
0.548338 0.723700
0.548438 0.723700
0.548537 0.723700
0.548636 0.723700
0.548736 0.723700
0.548835 0.723700
0.548934 0.723700
0.549034 0.723700
0.549133 0.723700
0.549232 0.723700
0.549332 0.723700
0.549431 0.723404
0.549530 0.723404
0.549630 0.723404
0.549729 0.723404
0.549828 0.723404
0.549928 0.723404
0.550027 0.723404
0.550126 0.723404
0.550226 0.723404
0.550325 0.723404
0.550424 0.723404
0.550524 0.723109
0.550623 0.723109
0.550722 0.722813
0.550822 0.722813
0.550921 0.722813
0.551020 0.722813
0.551120 0.722813
0.551219 0.722813
0.551318 0.722813
0.551418 0.722813
0.551517 0.722518
0.551616 0.722222
0.551716 0.722222
0.551815 0.722222
0.551914 0.722222
0.552014 0.722222
0.552113 0.722222
0.552212 0.721927
0.552312 0.721927
0.552411 0.721927
0.552510 0.721631
0.552610 0.721336
0.552709 0.721040
0.552808 0.721040
0.552908 0.721040
0.553007 0.721040
0.553106 0.720745
0.553206 0.720745
0.553305 0.720745
0.553404 0.720745
0.553504 0.720449
0.553603 0.720449
0.553702 0.720154
0.553802 0.720154
0.553901 0.720154
0.554000 0.720154
0.554100 0.720154
0.554199 0.719858
0.554298 0.719858
0.554398 0.719858
0.554497 0.719563
0.554596 0.719563
0.554696 0.719267
0.554795 0.719267
0.554894 0.719267
0.554994 0.719267
0.555093 0.718972
0.555192 0.718972
0.555292 0.718676
0.555391 0.718676
0.555490 0.718676
0.555590 0.718381
0.555689 0.718381
0.555788 0.718381
0.555888 0.718085
0.555987 0.718085
0.556086 0.717790
0.556186 0.717790
0.556285 0.717494
0.556384 0.717494
0.556484 0.717199
0.556583 0.716903
0.556682 0.716903
0.556782 0.716903
0.556881 0.716608
0.556980 0.716608
0.557080 0.716608
0.557179 0.716608
0.557278 0.716608
0.557378 0.716608
0.557477 0.716608
0.557576 0.716312
0.557676 0.716017
0.557775 0.716017
0.557874 0.715426
0.557974 0.715426
0.558073 0.715426
0.558172 0.715426
0.558272 0.715426
0.558371 0.715130
0.558470 0.715130
0.558570 0.715130
0.558669 0.715130
0.558768 0.715130
0.558868 0.714835
0.558967 0.714835
0.559066 0.714835
0.559166 0.714539
0.559265 0.714539
0.559364 0.714539
0.559464 0.714539
0.559563 0.714539
0.559662 0.714539
0.559762 0.714539
0.559861 0.714539
0.559960 0.714243
0.560060 0.714243
0.560159 0.713948
0.560258 0.713948
0.560358 0.713948
0.560457 0.713652
0.560556 0.713652
0.560656 0.713652
0.560755 0.713652
0.560854 0.713652
0.560954 0.713652
0.561053 0.713652
0.561152 0.713652
0.561252 0.713652
0.561351 0.713652
0.561450 0.713357
0.561550 0.713357
0.561649 0.713357
0.561748 0.713357
0.561848 0.713357
0.561947 0.713357
0.562046 0.713357
0.562146 0.713357
0.562245 0.713357
0.562344 0.713357
0.562444 0.713357
0.562543 0.713357
0.562642 0.713357
0.562742 0.713357
0.562841 0.713357
0.562940 0.713061
0.563040 0.713061
0.563139 0.713061
0.563238 0.713061
0.563338 0.713061
0.563437 0.712766
0.563536 0.712766
0.563636 0.712766
0.563735 0.712766
0.563834 0.712766
0.563934 0.712766
0.564033 0.712470
0.564132 0.712470
0.564232 0.712470
0.564331 0.712470
0.564430 0.712175
0.564530 0.711584
0.564629 0.711584
0.564728 0.711288
0.564828 0.710993
0.564927 0.710993
0.565026 0.710993
0.565126 0.710697
0.565225 0.710697
0.565324 0.710697
0.565424 0.710697
0.565523 0.710697
0.565622 0.710697
0.565722 0.710697
0.565821 0.710697
0.565920 0.710697
0.566020 0.710697
0.566119 0.710697
0.566218 0.710402
0.566318 0.710106
0.566417 0.709811
0.566516 0.709220
0.566616 0.708924
0.566715 0.708924
0.566814 0.708924
0.566914 0.708924
0.567013 0.708924
0.567112 0.708924
0.567212 0.708924
0.567311 0.708629
0.567410 0.708333
0.567510 0.708333
0.567609 0.708333
0.567708 0.708333
0.567808 0.708333
0.567907 0.708038
0.568006 0.708038
0.568106 0.708038
0.568205 0.707742
0.568304 0.707742
0.568404 0.707447
0.568503 0.707447
0.568602 0.707151
0.568701 0.707151
0.568801 0.706560
0.568900 0.706560
0.568999 0.706560
0.569099 0.706560
0.569198 0.706560
0.569297 0.706265
0.569397 0.706265
0.569496 0.706265
0.569595 0.706265
0.569695 0.705969
0.569794 0.705969
0.569893 0.705969
0.569993 0.705969
0.570092 0.705969
0.570191 0.705969
0.570291 0.705969
0.570390 0.705378
0.570489 0.705083
0.570589 0.704787
0.570688 0.704492
0.570787 0.704492
0.570887 0.704492
0.570986 0.704492
0.571085 0.704196
0.571185 0.704196
0.571284 0.704196
0.571383 0.703901
0.571483 0.703901
0.571582 0.703901
0.571681 0.703605
0.571781 0.703310
0.571880 0.703014
0.571979 0.703014
0.572079 0.703014
0.572178 0.703014
0.572277 0.703014
0.572377 0.703014
0.572476 0.703014
0.572575 0.702719
0.572675 0.702719
0.572774 0.702719
0.572873 0.702719
0.572973 0.702719
0.573072 0.702719
0.573171 0.702719
0.573271 0.702719
0.573370 0.702423
0.573469 0.702423
0.573569 0.702128
0.573668 0.702128
0.573767 0.702128
0.573867 0.702128
0.573966 0.701832
0.574065 0.701832
0.574165 0.701537
0.574264 0.701241
0.574363 0.701241
0.574463 0.700946
0.574562 0.700355
0.574661 0.699764
0.574761 0.699468
0.574860 0.699468
0.574959 0.699468
0.575059 0.698582
0.575158 0.698582
0.575257 0.698582
0.575357 0.698286
0.575456 0.698286
0.575555 0.698286
0.575655 0.698286
0.575754 0.698286
0.575853 0.698286
0.575953 0.698286
0.576052 0.697991
0.576151 0.697991
0.576251 0.697991
0.576350 0.697991
0.576449 0.697991
0.576549 0.697991
0.576648 0.697991
0.576747 0.697991
0.576847 0.697991
0.576946 0.697991
0.577045 0.697991
0.577145 0.697695
0.577244 0.697695
0.577343 0.697695
0.577443 0.697695
0.577542 0.697695
0.577641 0.697400
0.577741 0.697400
0.577840 0.697400
0.577939 0.696513
0.578039 0.696513
0.578138 0.696513
0.578237 0.696513
0.578337 0.696513
0.578436 0.696513
0.578535 0.696513
0.578635 0.696217
0.578734 0.695922
0.578833 0.695922
0.578933 0.695922
0.579032 0.695922
0.579131 0.695922
0.579231 0.695922
0.579330 0.695626
0.579429 0.695626
0.579529 0.695626
0.579628 0.695626
0.579727 0.695626
0.579827 0.695626
0.579926 0.695626
0.580025 0.695331
0.580125 0.695331
0.580224 0.695331
0.580323 0.695331
0.580423 0.695331
0.580522 0.695035
0.580621 0.695035
0.580721 0.695035
0.580820 0.695035
0.580919 0.695035
0.581019 0.695035
0.581118 0.694444
0.581217 0.694444
0.581317 0.694444
0.581416 0.694444
0.581515 0.694444
0.581615 0.694149
0.581714 0.694149
0.581813 0.694149
0.581913 0.693853
0.582012 0.693558
0.582111 0.693262
0.582211 0.693262
0.582310 0.693262
0.582409 0.692967
0.582509 0.692967
0.582608 0.692967
0.582707 0.692967
0.582807 0.692376
0.582906 0.692376
0.583005 0.691785
0.583105 0.691785
0.583204 0.691489
0.583303 0.691489
0.583403 0.691489
0.583502 0.691489
0.583601 0.691489
0.583701 0.691489
0.583800 0.691489
0.583899 0.691489
0.583999 0.691489
0.584098 0.691489
0.584197 0.691489
0.584297 0.691194
0.584396 0.691194
0.584495 0.690898
0.584595 0.690603
0.584694 0.690603
0.584793 0.690603
0.584893 0.690603
0.584992 0.690603
0.585091 0.690603
0.585191 0.690603
0.585290 0.690603
0.585389 0.690012
0.585489 0.690012
0.585588 0.690012
0.585687 0.690012
0.585787 0.690012
0.585886 0.690012
0.585985 0.690012
0.586085 0.690012
0.586184 0.689716
0.586283 0.689716
0.586383 0.689421
0.586482 0.689125
0.586581 0.688830
0.586681 0.688830
0.586780 0.688830
0.586879 0.688830
0.586979 0.688830
0.587078 0.688830
0.587177 0.688830
0.587277 0.688830
0.587376 0.688830
0.587475 0.688830
0.587575 0.688534
0.587674 0.688534
0.587773 0.688239
0.587873 0.688239
0.587972 0.688239
0.588071 0.688239
0.588171 0.688239
0.588270 0.688239
0.588369 0.688239
0.588469 0.688239
0.588568 0.687943
0.588667 0.687943
0.588767 0.687943
0.588866 0.687943
0.588965 0.687943
0.589065 0.687943
0.589164 0.687943
0.589263 0.687943
0.589363 0.687943
0.589462 0.687943
0.589561 0.687943
0.589661 0.687943
0.589760 0.687648
0.589859 0.687648
0.589959 0.687648
0.590058 0.687648
0.590157 0.687352
0.590257 0.687057
0.590356 0.687057
0.590455 0.687057
0.590555 0.687057
0.590654 0.687057
0.590753 0.687057
0.590853 0.687057
0.590952 0.687057
0.591051 0.687057
0.591151 0.687057
0.591250 0.686761
0.591349 0.686761
0.591449 0.686761
0.591548 0.686761
0.591647 0.686761
0.591747 0.686761
0.591846 0.686761
0.591945 0.686466
0.592044 0.686466
0.592144 0.686466
0.592243 0.686170
0.592342 0.686170
0.592442 0.686170
0.592541 0.685875
0.592640 0.685875
0.592740 0.685875
0.592839 0.685875
0.592938 0.685579
0.593038 0.685579
0.593137 0.685579
0.593236 0.685579
0.593336 0.685579
0.593435 0.685579
0.593534 0.685579
0.593634 0.685284
0.593733 0.684988
0.593832 0.684988
0.593932 0.684988
0.594031 0.684693
0.594130 0.684693
0.594230 0.684693
0.594329 0.684693
0.594428 0.684693
0.594528 0.684397
0.594627 0.684397
0.594726 0.684397
0.594826 0.684102
0.594925 0.684102
0.595024 0.684102
0.595124 0.684102
0.595223 0.684102
0.595322 0.683806
0.595422 0.683806
0.595521 0.683806
0.595620 0.683806
0.595720 0.683806
0.595819 0.683511
0.595918 0.683511
0.596018 0.683511
0.596117 0.683511
0.596216 0.683511
0.596316 0.683511
0.596415 0.683215
0.596514 0.683215
0.596614 0.682920
0.596713 0.682920
0.596812 0.682920
0.596912 0.682920
0.597011 0.682920
0.597110 0.682920
0.597210 0.682920
0.597309 0.682920
0.597408 0.682920
0.597508 0.682624
0.597607 0.682329
0.597706 0.682329
0.597806 0.682329
0.597905 0.682329
0.598004 0.682033
0.598104 0.682033
0.598203 0.682033
0.598302 0.682033
0.598402 0.682033
0.598501 0.682033
0.598600 0.682033
0.598700 0.682033
0.598799 0.682033
0.598898 0.681738
0.598998 0.681738
0.599097 0.681738
0.599196 0.681442
0.599296 0.681442
0.599395 0.681147
0.599494 0.681147
0.599594 0.681147
0.599693 0.680851
0.599792 0.680556
0.599892 0.679965
0.599991 0.679965
0.600090 0.679965
0.600190 0.679669
0.600289 0.679669
0.600388 0.679669
0.600488 0.679669
0.600587 0.679669
0.600686 0.679669
0.600786 0.679374
0.600885 0.679374
0.600984 0.679374
0.601084 0.679374
0.601183 0.679374
0.601282 0.679374
0.601382 0.679374
0.601481 0.679078
0.601580 0.679078
0.601680 0.679078
0.601779 0.679078
0.601878 0.678783
0.601978 0.678487
0.602077 0.678191
0.602176 0.678191
0.602276 0.678191
0.602375 0.678191
0.602474 0.678191
0.602574 0.678191
0.602673 0.678191
0.602772 0.677600
0.602872 0.677600
0.602971 0.677305
0.603070 0.677305
0.603170 0.677009
0.603269 0.677009
0.603368 0.677009
0.603468 0.677009
0.603567 0.677009
0.603666 0.677009
0.603766 0.676714
0.603865 0.676714
0.603964 0.676714
0.604064 0.676714
0.604163 0.676418
0.604262 0.676418
0.604362 0.676418
0.604461 0.676418
0.604560 0.676123
0.604660 0.676123
0.604759 0.676123
0.604858 0.675827
0.604958 0.675827
0.605057 0.675532
0.605156 0.674941
0.605256 0.674941
0.605355 0.674645
0.605454 0.674645
0.605554 0.674645
0.605653 0.674350
0.605752 0.674350
0.605852 0.674350
0.605951 0.674350
0.606050 0.674350
0.606150 0.674054
0.606249 0.674054
0.606348 0.673759
0.606448 0.672872
0.606547 0.672872
0.606646 0.672872
0.606746 0.672872
0.606845 0.672872
0.606944 0.672577
0.607044 0.672577
0.607143 0.672577
0.607242 0.672577
0.607342 0.672281
0.607441 0.672281
0.607540 0.672281
0.607640 0.671986
0.607739 0.671986
0.607838 0.671986
0.607938 0.671690
0.608037 0.671690
0.608136 0.671690
0.608236 0.671690
0.608335 0.671690
0.608434 0.671690
0.608534 0.671690
0.608633 0.671690
0.608732 0.671690
0.608832 0.671690
0.608931 0.671690
0.609030 0.671395
0.609130 0.671395
0.609229 0.671099
0.609328 0.671099
0.609428 0.671099
0.609527 0.670508
0.609626 0.670508
0.609726 0.670508
0.609825 0.670508
0.609924 0.669917
0.610024 0.669917
0.610123 0.669917
0.610222 0.669622
0.610322 0.669622
0.610421 0.669622
0.610520 0.669622
0.610620 0.669622
0.610719 0.669622
0.610818 0.669031
0.610918 0.669031
0.611017 0.669031
0.611116 0.669031
0.611216 0.669031
0.611315 0.669031
0.611414 0.669031
0.611514 0.669031
0.611613 0.669031
0.611712 0.669031
0.611812 0.669031
0.611911 0.668735
0.612010 0.668735
0.612110 0.668735
0.612209 0.668735
0.612308 0.668144
0.612408 0.668144
0.612507 0.668144
0.612606 0.668144
0.612706 0.667553
0.612805 0.667258
0.612904 0.667258
0.613004 0.667258
0.613103 0.667258
0.613202 0.667258
0.613302 0.666962
0.613401 0.666667
0.613500 0.666667
0.613600 0.666667
0.613699 0.666371
0.613798 0.666371
0.613898 0.666371
0.613997 0.666371
0.614096 0.666076
0.614196 0.666076
0.614295 0.666076
0.614394 0.666076
0.614494 0.666076
0.614593 0.665780
0.614692 0.665780
0.614792 0.665189
0.614891 0.665189
0.614990 0.665189
0.615090 0.665189
0.615189 0.664894
0.615288 0.664894
0.615387 0.664894
0.615487 0.664894
0.615586 0.664894
0.615685 0.664894
0.615785 0.664598
0.615884 0.664598
0.615983 0.664598
0.616083 0.664598
0.616182 0.664598
0.616281 0.664598
0.616381 0.664598
0.616480 0.664303
0.616579 0.664303
0.616679 0.664303
0.616778 0.664303
0.616877 0.664007
0.616977 0.663712
0.617076 0.663416
0.617175 0.663416
0.617275 0.663416
0.617374 0.663121
0.617473 0.663121
0.617573 0.663121
0.617672 0.663121
0.617771 0.663121
0.617871 0.663121
0.617970 0.663121
0.618069 0.663121
0.618169 0.662825
0.618268 0.662825
0.618367 0.662234
0.618467 0.662234
0.618566 0.661643
0.618665 0.661643
0.618765 0.661643
0.618864 0.661643
0.618963 0.661643
0.619063 0.661643
0.619162 0.661348
0.619261 0.661052
0.619361 0.660757
0.619460 0.660757
0.619559 0.660461
0.619659 0.660461
0.619758 0.660461
0.619857 0.660461
0.619957 0.660461
0.620056 0.660461
0.620155 0.660461
0.620255 0.660461
0.620354 0.660461
0.620453 0.660461
0.620553 0.660461
0.620652 0.660461
0.620751 0.660461
0.620851 0.660461
0.620950 0.660461
0.621049 0.660165
0.621149 0.660165
0.621248 0.660165
0.621347 0.660165
0.621447 0.659870
0.621546 0.659574
0.621645 0.659574
0.621745 0.659574
0.621844 0.659574
0.621943 0.659279
0.622043 0.659279
0.622142 0.659279
0.622241 0.658983
0.622341 0.658983
0.622440 0.658983
0.622539 0.658983
0.622639 0.658983
0.622738 0.658983
0.622837 0.658983
0.622937 0.658688
0.623036 0.658392
0.623135 0.658392
0.623235 0.658392
0.623334 0.658392
0.623433 0.658392
0.623533 0.658392
0.623632 0.658392
0.623731 0.658392
0.623831 0.658392
0.623930 0.658097
0.624029 0.657801
0.624129 0.657506
0.624228 0.657506
0.624327 0.657506
0.624427 0.657506
0.624526 0.657506
0.624625 0.657506
0.624725 0.657210
0.624824 0.657210
0.624923 0.657210
0.625023 0.656915
0.625122 0.656915
0.625221 0.656915
0.625321 0.656619
0.625420 0.656324
0.625519 0.656028
0.625619 0.656028
0.625718 0.656028
0.625817 0.656028
0.625917 0.656028
0.626016 0.656028
0.626115 0.656028
0.626215 0.656028
0.626314 0.656028
0.626413 0.656028
0.626513 0.655733
0.626612 0.655437
0.626711 0.655437
0.626811 0.655437
0.626910 0.655437
0.627009 0.654846
0.627109 0.654551
0.627208 0.654551
0.627307 0.654551
0.627407 0.654551
0.627506 0.654551
0.627605 0.654551
0.627705 0.654551
0.627804 0.654551
0.627903 0.654551
0.628003 0.654551
0.628102 0.654551
0.628201 0.654255
0.628301 0.654255
0.628400 0.653664
0.628499 0.653664
0.628599 0.653664
0.628698 0.653664
0.628797 0.653664
0.628897 0.653369
0.628996 0.652778
0.629095 0.652778
0.629195 0.652778
0.629294 0.652778
0.629393 0.652778
0.629493 0.652482
0.629592 0.652482
0.629691 0.652482
0.629791 0.652187
0.629890 0.651891
0.629989 0.651891
0.630089 0.651891
0.630188 0.651891
0.630287 0.651891
0.630387 0.651891
0.630486 0.651891
0.630585 0.651596
0.630685 0.651596
0.630784 0.651596
0.630883 0.651300
0.630983 0.651300
0.631082 0.651300
0.631181 0.650709
0.631281 0.650709
0.631380 0.650414
0.631479 0.650414
0.631579 0.650414
0.631678 0.650414
0.631777 0.650414
0.631877 0.650414
0.631976 0.650118
0.632075 0.649527
0.632175 0.649527
0.632274 0.649232
0.632373 0.649232
0.632473 0.649232
0.632572 0.649232
0.632671 0.649232
0.632771 0.649232
0.632870 0.648936
0.632969 0.648936
0.633069 0.648936
0.633168 0.648936
0.633267 0.648936
0.633367 0.648936
0.633466 0.648936
0.633565 0.648936
0.633665 0.648936
0.633764 0.648641
0.633863 0.648641
0.633963 0.648641
0.634062 0.648345
0.634161 0.648345
0.634261 0.648050
0.634360 0.647754
0.634459 0.646868
0.634559 0.646868
0.634658 0.646572
0.634757 0.646277
0.634857 0.646277
0.634956 0.646277
0.635055 0.645686
0.635155 0.645390
0.635254 0.645390
0.635353 0.645390
0.635453 0.645390
0.635552 0.645390
0.635651 0.645390
0.635751 0.645390
0.635850 0.645390
0.635949 0.645095
0.636049 0.645095
0.636148 0.645095
0.636247 0.645095
0.636347 0.645095
0.636446 0.644799
0.636545 0.644504
0.636645 0.644208
0.636744 0.644208
0.636843 0.643913
0.636943 0.643617
0.637042 0.643617
0.637141 0.643617
0.637241 0.643322
0.637340 0.643026
0.637439 0.642730
0.637539 0.642435
0.637638 0.642435
0.637737 0.642435
0.637837 0.642435
0.637936 0.642139
0.638035 0.642139
0.638135 0.641844
0.638234 0.641844
0.638333 0.641844
0.638433 0.641844
0.638532 0.641548
0.638631 0.641548
0.638730 0.641548
0.638830 0.641253
0.638929 0.641253
0.639028 0.641253
0.639128 0.641253
0.639227 0.641253
0.639326 0.641253
0.639426 0.641253
0.639525 0.641253
0.639624 0.641253
0.639724 0.641253
0.639823 0.641253
0.639922 0.641253
0.640022 0.640662
0.640121 0.640662
0.640220 0.640662
0.640320 0.640366
0.640419 0.640071
0.640518 0.640071
0.640618 0.640071
0.640717 0.640071
0.640816 0.640071
0.640916 0.639775
0.641015 0.639775
0.641114 0.639775
0.641214 0.639480
0.641313 0.638889
0.641412 0.638298
0.641512 0.638298
0.641611 0.638298
0.641710 0.638002
0.641810 0.638002
0.641909 0.638002
0.642008 0.638002
0.642108 0.637707
0.642207 0.637707
0.642306 0.637707
0.642406 0.637707
0.642505 0.637707
0.642604 0.637411
0.642704 0.637411
0.642803 0.637411
0.642902 0.637411
0.643002 0.637411
0.643101 0.637411
0.643200 0.637411
0.643300 0.636820
0.643399 0.636525
0.643498 0.636525
0.643598 0.636525
0.643697 0.636525
0.643796 0.636525
0.643896 0.636525
0.643995 0.635934
0.644094 0.635638
0.644194 0.635343
0.644293 0.635047
0.644392 0.635047
0.644492 0.634752
0.644591 0.634752
0.644690 0.634752
0.644790 0.634752
0.644889 0.634456
0.644988 0.634456
0.645088 0.634456
0.645187 0.634161
0.645286 0.633865
0.645386 0.633865
0.645485 0.633865
0.645584 0.633865
0.645684 0.633570
0.645783 0.633570
0.645882 0.633274
0.645982 0.633274
0.646081 0.632979
0.646180 0.632683
0.646280 0.632388
0.646379 0.632092
0.646478 0.632092
0.646578 0.632092
0.646677 0.632092
0.646776 0.632092
0.646876 0.631797
0.646975 0.631797
0.647074 0.631797
0.647174 0.631797
0.647273 0.631501
0.647372 0.631501
0.647472 0.631206
0.647571 0.631206
0.647670 0.631206
0.647770 0.631206
0.647869 0.630615
0.647968 0.630615
0.648068 0.630319
0.648167 0.630319
0.648266 0.630319
0.648366 0.630319
0.648465 0.630024
0.648564 0.629433
0.648664 0.629433
0.648763 0.629433
0.648862 0.629433
0.648962 0.629137
0.649061 0.628842
0.649160 0.628842
0.649260 0.628546
0.649359 0.628546
0.649458 0.628251
0.649558 0.627955
0.649657 0.627955
0.649756 0.627069
0.649856 0.627069
0.649955 0.627069
0.650054 0.627069
0.650154 0.626773
0.650253 0.626478
0.650352 0.626182
0.650452 0.626182
0.650551 0.626182
0.650650 0.626182
0.650750 0.625887
0.650849 0.625591
0.650948 0.625591
0.651048 0.625296
0.651147 0.625296
0.651246 0.625296
0.651346 0.625296
0.651445 0.624113
0.651544 0.624113
0.651644 0.624113
0.651743 0.624113
0.651842 0.624113
0.651942 0.624113
0.652041 0.623818
0.652140 0.623818
0.652240 0.623522
0.652339 0.623522
0.652438 0.623522
0.652538 0.623522
0.652637 0.623522
0.652736 0.623522
0.652836 0.623522
0.652935 0.623227
0.653034 0.623227
0.653134 0.623227
0.653233 0.623227
0.653332 0.623227
0.653432 0.623227
0.653531 0.623227
0.653630 0.622931
0.653730 0.622931
0.653829 0.622931
0.653928 0.622931
0.654028 0.622931
0.654127 0.622931
0.654226 0.622931
0.654326 0.622931
0.654425 0.622931
0.654524 0.622931
0.654624 0.622931
0.654723 0.622931
0.654822 0.622931
0.654922 0.622931
0.655021 0.622636
0.655120 0.622636
0.655220 0.622636
0.655319 0.622636
0.655418 0.622636
0.655518 0.622636
0.655617 0.622636
0.655716 0.622340
0.655816 0.622340
0.655915 0.622045
0.656014 0.621454
0.656114 0.621158
0.656213 0.620863
0.656312 0.620863
0.656412 0.620863
0.656511 0.620567
0.656610 0.620567
0.656710 0.620567
0.656809 0.620272
0.656908 0.620272
0.657008 0.620272
0.657107 0.620272
0.657206 0.619681
0.657306 0.619385
0.657405 0.619385
0.657504 0.619385
0.657604 0.618794
0.657703 0.618794
0.657802 0.618794
0.657902 0.618794
0.658001 0.618794
0.658100 0.618499
0.658200 0.618499
0.658299 0.618499
0.658398 0.618499
0.658498 0.618499
0.658597 0.617908
0.658696 0.617908
0.658796 0.617908
0.658895 0.617908
0.658994 0.617612
0.659094 0.617317
0.659193 0.617317
0.659292 0.617317
0.659392 0.617317
0.659491 0.617021
0.659590 0.617021
0.659690 0.616430
0.659789 0.616430
0.659888 0.616135
0.659988 0.616135
0.660087 0.616135
0.660186 0.615839
0.660286 0.615839
0.660385 0.615839
0.660484 0.615544
0.660584 0.615248
0.660683 0.615248
0.660782 0.615248
0.660882 0.614953
0.660981 0.614953
0.661080 0.614362
0.661180 0.614362
0.661279 0.614362
0.661378 0.614362
0.661478 0.613771
0.661577 0.613771
0.661676 0.613771
0.661776 0.613475
0.661875 0.613475
0.661974 0.613475
0.662073 0.613475
0.662173 0.613180
0.662272 0.612884
0.662371 0.612884
0.662471 0.612884
0.662570 0.612589
0.662669 0.612589
0.662769 0.612589
0.662868 0.612589
0.662967 0.612589
0.663067 0.612293
0.663166 0.612293
0.663265 0.611702
0.663365 0.611407
0.663464 0.611407
0.663563 0.611407
0.663663 0.611111
0.663762 0.611111
0.663861 0.610816
0.663961 0.610816
0.664060 0.610816
0.664159 0.610816
0.664259 0.610816
0.664358 0.610520
0.664457 0.610520
0.664557 0.610520
0.664656 0.610520
0.664755 0.610225
0.664855 0.610225
0.664954 0.610225
0.665053 0.610225
0.665153 0.610225
0.665252 0.610225
0.665351 0.609929
0.665451 0.609929
0.665550 0.609929
0.665649 0.609929
0.665749 0.609929
0.665848 0.609929
0.665947 0.609929
0.666047 0.609929
0.666146 0.609634
0.666245 0.609634
0.666345 0.609338
0.666444 0.609338
0.666543 0.609043
0.666643 0.609043
0.666742 0.609043
0.666841 0.609043
0.666941 0.609043
0.667040 0.609043
0.667139 0.608452
0.667239 0.608452
0.667338 0.608452
0.667437 0.607861
0.667537 0.607565
0.667636 0.607565
0.667735 0.607565
0.667835 0.607565
0.667934 0.607565
0.668033 0.607270
0.668133 0.606678
0.668232 0.606087
0.668331 0.606087
0.668431 0.605792
0.668530 0.605792
0.668629 0.605792
0.668729 0.605792
0.668828 0.605792
0.668927 0.605496
0.669027 0.605496
0.669126 0.605496
0.669225 0.605496
0.669325 0.605201
0.669424 0.605201
0.669523 0.604905
0.669623 0.604610
0.669722 0.604610
0.669821 0.604314
0.669921 0.604314
0.670020 0.604019
0.670119 0.604019
0.670219 0.604019
0.670318 0.603428
0.670417 0.603428
0.670517 0.603428
0.670616 0.603428
0.670715 0.603132
0.670815 0.603132
0.670914 0.603132
0.671013 0.602541
0.671113 0.601950
0.671212 0.601950
0.671311 0.601950
0.671411 0.601950
0.671510 0.601950
0.671609 0.601950
0.671709 0.601950
0.671808 0.601950
0.671907 0.601950
0.672007 0.601950
0.672106 0.601950
0.672205 0.601950
0.672305 0.601950
0.672404 0.601655
0.672503 0.601655
0.672603 0.601655
0.672702 0.601655
0.672801 0.601359
0.672901 0.601359
0.673000 0.601359
0.673099 0.601064
0.673199 0.601064
0.673298 0.601064
0.673397 0.600768
0.673497 0.600768
0.673596 0.600768
0.673695 0.600768
0.673795 0.600768
0.673894 0.600768
0.673993 0.600473
0.674093 0.600473
0.674192 0.600473
0.674291 0.600177
0.674391 0.600177
0.674490 0.599882
0.674589 0.599586
0.674689 0.599291
0.674788 0.598700
0.674887 0.598700
0.674987 0.598700
0.675086 0.598700
0.675185 0.598700
0.675285 0.598700
0.675384 0.598700
0.675483 0.598404
0.675583 0.598404
0.675682 0.598109
0.675781 0.598109
0.675881 0.597813
0.675980 0.597222
0.676079 0.597222
0.676179 0.597222
0.676278 0.597222
0.676377 0.597222
0.676477 0.597222
0.676576 0.596927
0.676675 0.596927
0.676775 0.596927
0.676874 0.596631
0.676973 0.596336
0.677073 0.596040
0.677172 0.596040
0.677271 0.596040
0.677371 0.595745
0.677470 0.595745
0.677569 0.595745
0.677669 0.595449
0.677768 0.595154
0.677867 0.594858
0.677967 0.594858
0.678066 0.594858
0.678165 0.594563
0.678265 0.594563
0.678364 0.594563
0.678463 0.594267
0.678563 0.594267
0.678662 0.594267
0.678761 0.594267
0.678861 0.593972
0.678960 0.593972
0.679059 0.593676
0.679159 0.593676
0.679258 0.593676
0.679357 0.593676
0.679457 0.593381
0.679556 0.593381
0.679655 0.593381
0.679755 0.593381
0.679854 0.593085
0.679953 0.593085
0.680053 0.593085
0.680152 0.593085
0.680251 0.592790
0.680351 0.592790
0.680450 0.592790
0.680549 0.592790
0.680649 0.592494
0.680748 0.592494
0.680847 0.592494
0.680947 0.592494
0.681046 0.592494
0.681145 0.592494
0.681245 0.592199
0.681344 0.592199
0.681443 0.591903
0.681543 0.591903
0.681642 0.591903
0.681741 0.591903
0.681841 0.591903
0.681940 0.591608
0.682039 0.591608
0.682139 0.591312
0.682238 0.591017
0.682337 0.591017
0.682437 0.591017
0.682536 0.591017
0.682635 0.591017
0.682735 0.591017
0.682834 0.590721
0.682933 0.590721
0.683033 0.590426
0.683132 0.590130
0.683231 0.590130
0.683331 0.590130
0.683430 0.590130
0.683529 0.590130
0.683629 0.589835
0.683728 0.589835
0.683827 0.589835
0.683927 0.589835
0.684026 0.589539
0.684125 0.589243
0.684225 0.588948
0.684324 0.588948
0.684423 0.588948
0.684523 0.588948
0.684622 0.588948
0.684721 0.588948
0.684821 0.588948
0.684920 0.588948
0.685019 0.588948
0.685119 0.588652
0.685218 0.588652
0.685317 0.588652
0.685416 0.588357
0.685516 0.588357
0.685615 0.588061
0.685714 0.588061
0.685814 0.588061
0.685913 0.588061
0.686012 0.587470
0.686112 0.587470
0.686211 0.586879
0.686310 0.586879
0.686410 0.586879
0.686509 0.586879
0.686608 0.586879
0.686708 0.586879
0.686807 0.586879
0.686906 0.586879
0.687006 0.586288
0.687105 0.586288
0.687204 0.586288
0.687304 0.586288
0.687403 0.586288
0.687502 0.586288
0.687602 0.586288
0.687701 0.585993
0.687800 0.585993
0.687900 0.585993
0.687999 0.585697
0.688098 0.585697
0.688198 0.585697
0.688297 0.585697
0.688396 0.585697
0.688496 0.585402
0.688595 0.585106
0.688694 0.584811
0.688794 0.584811
0.688893 0.584515
0.688992 0.584515
0.689092 0.584515
0.689191 0.584220
0.689290 0.584220
0.689390 0.584220
0.689489 0.583924
0.689588 0.583924
0.689688 0.583924
0.689787 0.583924
0.689886 0.583924
0.689986 0.583629
0.690085 0.583629
0.690184 0.583629
0.690284 0.583629
0.690383 0.583333
0.690482 0.583333
0.690582 0.583333
0.690681 0.583333
0.690780 0.583333
0.690880 0.583038
0.690979 0.583038
0.691078 0.583038
0.691178 0.583038
0.691277 0.583038
0.691376 0.582742
0.691476 0.582742
0.691575 0.582742
0.691674 0.582742
0.691774 0.582742
0.691873 0.582742
0.691972 0.582742
0.692072 0.582742
0.692171 0.582447
0.692270 0.582447
0.692370 0.582447
0.692469 0.582151
0.692568 0.582151
0.692668 0.582151
0.692767 0.582151
0.692866 0.582151
0.692966 0.582151
0.693065 0.582151
0.693164 0.582151
0.693264 0.582151
0.693363 0.582151
0.693462 0.582151
0.693562 0.581856
0.693661 0.581856
0.693760 0.581856
0.693860 0.581560
0.693959 0.581560
0.694058 0.581265
0.694158 0.581265
0.694257 0.581265
0.694356 0.581265
0.694456 0.580969
0.694555 0.580674
0.694654 0.580674
0.694754 0.580674
0.694853 0.580674
0.694952 0.580674
0.695052 0.580378
0.695151 0.580083
0.695250 0.579787
0.695350 0.579787
0.695449 0.579787
0.695548 0.579196
0.695648 0.579196
0.695747 0.579196
0.695846 0.579196
0.695946 0.579196
0.696045 0.579196
0.696144 0.579196
0.696244 0.579196
0.696343 0.579196
0.696442 0.578310
0.696542 0.578310
0.696641 0.578310
0.696740 0.578310
0.696840 0.578014
0.696939 0.578014
0.697038 0.577719
0.697138 0.577719
0.697237 0.576832
0.697336 0.576832
0.697436 0.576832
0.697535 0.576537
0.697634 0.576537
0.697734 0.576537
0.697833 0.576537
0.697932 0.576537
0.698032 0.576241
0.698131 0.576241
0.698230 0.575650
0.698330 0.575059
0.698429 0.575059
0.698528 0.575059
0.698628 0.575059
0.698727 0.575059
0.698826 0.574468
0.698926 0.574468
0.699025 0.573877
0.699124 0.573877
0.699224 0.573582
0.699323 0.573582
0.699422 0.573582
0.699522 0.573582
0.699621 0.572991
0.699720 0.572695
0.699820 0.572400
0.699919 0.572400
0.700018 0.572400
0.700118 0.572400
0.700217 0.572400
0.700316 0.572400
0.700416 0.572400
0.700515 0.572400
0.700614 0.571809
0.700714 0.571809
0.700813 0.571809
0.700912 0.571513
0.701012 0.571513
0.701111 0.571513
0.701210 0.571513
0.701310 0.571513
0.701409 0.571513
0.701508 0.570922
0.701608 0.570331
0.701707 0.570331
0.701806 0.570331
0.701906 0.570331
0.702005 0.570035
0.702104 0.569740
0.702204 0.569740
0.702303 0.569740
0.702402 0.569740
0.702502 0.569740
0.702601 0.569740
0.702700 0.569740
0.702800 0.569740
0.702899 0.569444
0.702998 0.569444
0.703098 0.569444
0.703197 0.569444
0.703296 0.569444
0.703396 0.569149
0.703495 0.569149
0.703594 0.569149
0.703694 0.569149
0.703793 0.568853
0.703892 0.568853
0.703992 0.568853
0.704091 0.568262
0.704190 0.568262
0.704290 0.568262
0.704389 0.568262
0.704488 0.568262
0.704588 0.567671
0.704687 0.567671
0.704786 0.567671
0.704886 0.567376
0.704985 0.567080
0.705084 0.566785
0.705184 0.566489
0.705283 0.566489
0.705382 0.566194
0.705482 0.566194
0.705581 0.565898
0.705680 0.565898
0.705780 0.565898
0.705879 0.565603
0.705978 0.565603
0.706078 0.565307
0.706177 0.565307
0.706276 0.565307
0.706376 0.565307
0.706475 0.565307
0.706574 0.565012
0.706674 0.565012
0.706773 0.564421
0.706872 0.564421
0.706972 0.564421
0.707071 0.564421
0.707170 0.564421
0.707270 0.564421
0.707369 0.564125
0.707468 0.563830
0.707568 0.563830
0.707667 0.563830
0.707766 0.563830
0.707866 0.563239
0.707965 0.563239
0.708064 0.562943
0.708164 0.562648
0.708263 0.562352
0.708362 0.562352
0.708462 0.562057
0.708561 0.561761
0.708660 0.561761
0.708759 0.561170
0.708859 0.561170
0.708958 0.561170
0.709057 0.561170
0.709157 0.561170
0.709256 0.560875
0.709355 0.560875
0.709455 0.560875
0.709554 0.560875
0.709653 0.560579
0.709753 0.560579
0.709852 0.560579
0.709951 0.560284
0.710051 0.560284
0.710150 0.560284
0.710249 0.560284
0.710349 0.559988
0.710448 0.559988
0.710547 0.559988
0.710647 0.559988
0.710746 0.559988
0.710845 0.559693
0.710945 0.559693
0.711044 0.559397
0.711143 0.559102
0.711243 0.559102
0.711342 0.559102
0.711441 0.559102
0.711541 0.559102
0.711640 0.558806
0.711739 0.558806
0.711839 0.558511
0.711938 0.558215
0.712037 0.558215
0.712137 0.557920
0.712236 0.557329
0.712335 0.557329
0.712435 0.557329
0.712534 0.557329
0.712633 0.557033
0.712733 0.557033
0.712832 0.556738
0.712931 0.556442
0.713031 0.556442
0.713130 0.556442
0.713229 0.556442
0.713329 0.556442
0.713428 0.556442
0.713527 0.556442
0.713627 0.556442
0.713726 0.556442
0.713825 0.556147
0.713925 0.556147
0.714024 0.555851
0.714123 0.555851
0.714223 0.555851
0.714322 0.555851
0.714421 0.555851
0.714521 0.555851
0.714620 0.555851
0.714719 0.555851
0.714819 0.555556
0.714918 0.555556
0.715017 0.554965
0.715117 0.554669
0.715216 0.554669
0.715315 0.554669
0.715415 0.554374
0.715514 0.554374
0.715613 0.554374
0.715713 0.554374
0.715812 0.554374
0.715911 0.554078
0.716011 0.554078
0.716110 0.554078
0.716209 0.554078
0.716309 0.554078
0.716408 0.553783
0.716507 0.553783
0.716607 0.553783
0.716706 0.553487
0.716805 0.552896
0.716905 0.552896
0.717004 0.552600
0.717103 0.552600
0.717203 0.552600
0.717302 0.552600
0.717401 0.552600
0.717501 0.552600
0.717600 0.552600
0.717699 0.552600
0.717799 0.552600
0.717898 0.552600
0.717997 0.552600
0.718097 0.552305
0.718196 0.552305
0.718295 0.552305
0.718395 0.552305
0.718494 0.552009
0.718593 0.552009
0.718693 0.552009
0.718792 0.552009
0.718891 0.551123
0.718991 0.550827
0.719090 0.550827
0.719189 0.550532
0.719289 0.550532
0.719388 0.550236
0.719487 0.550236
0.719587 0.550236
0.719686 0.549941
0.719785 0.549350
0.719885 0.549350
0.719984 0.549054
0.720083 0.549054
0.720183 0.549054
0.720282 0.549054
0.720381 0.549054
0.720481 0.548759
0.720580 0.548759
0.720679 0.548759
0.720779 0.548759
0.720878 0.548759
0.720977 0.548759
0.721077 0.548759
0.721176 0.548168
0.721275 0.548168
0.721375 0.547872
0.721474 0.547872
0.721573 0.547281
0.721673 0.546986
0.721772 0.546986
0.721871 0.546986
0.721971 0.546690
0.722070 0.546690
0.722169 0.546395
0.722269 0.546395
0.722368 0.546395
0.722467 0.546395
0.722567 0.546395
0.722666 0.546395
0.722765 0.546099
0.722865 0.545804
0.722964 0.545804
0.723063 0.545804
0.723163 0.545804
0.723262 0.545804
0.723361 0.545804
0.723461 0.545804
0.723560 0.545213
0.723659 0.545213
0.723759 0.545213
0.723858 0.544917
0.723957 0.544622
0.724057 0.544622
0.724156 0.544622
0.724255 0.544622
0.724355 0.544622
0.724454 0.544622
0.724553 0.544622
0.724653 0.544622
0.724752 0.544326
0.724851 0.544326
0.724951 0.544326
0.725050 0.544326
0.725149 0.544326
0.725249 0.544326
0.725348 0.544326
0.725447 0.544031
0.725547 0.544031
0.725646 0.543735
0.725745 0.543440
0.725845 0.543440
0.725944 0.543440
0.726043 0.543440
0.726143 0.543440
0.726242 0.543440
0.726341 0.543440
0.726441 0.543144
0.726540 0.542553
0.726639 0.542553
0.726739 0.542553
0.726838 0.542553
0.726937 0.542258
0.727037 0.542258
0.727136 0.542258
0.727235 0.542258
0.727335 0.542258
0.727434 0.542258
0.727533 0.542258
0.727633 0.542258
0.727732 0.542258
0.727831 0.542258
0.727931 0.541667
0.728030 0.540780
0.728129 0.540780
0.728229 0.540189
0.728328 0.540189
0.728427 0.539894
0.728527 0.539598
0.728626 0.539598
0.728725 0.539598
0.728825 0.539598
0.728924 0.539303
0.729023 0.539303
0.729123 0.539303
0.729222 0.539303
0.729321 0.539303
0.729421 0.539303
0.729520 0.539007
0.729619 0.538712
0.729719 0.538712
0.729818 0.538416
0.729917 0.538121
0.730017 0.537825
0.730116 0.537825
0.730215 0.537530
0.730315 0.536939
0.730414 0.536939
0.730513 0.536939
0.730613 0.536939
0.730712 0.536643
0.730811 0.536643
0.730911 0.536643
0.731010 0.536643
0.731109 0.536643
0.731209 0.536643
0.731308 0.536348
0.731407 0.536348
0.731507 0.536348
0.731606 0.536348
0.731705 0.536348
0.731805 0.536348
0.731904 0.536348
0.732003 0.536348
0.732102 0.536348
0.732202 0.536052
0.732301 0.535165
0.732400 0.535165
0.732500 0.534870
0.732599 0.534870
0.732698 0.534870
0.732798 0.534870
0.732897 0.534574
0.732996 0.534574
0.733096 0.534574
0.733195 0.534574
0.733294 0.534574
0.733394 0.534574
0.733493 0.534574
0.733592 0.534279
0.733692 0.533983
0.733791 0.533983
0.733890 0.533983
0.733990 0.533688
0.734089 0.533688
0.734188 0.533688
0.734288 0.533392
0.734387 0.533392
0.734486 0.533392
0.734586 0.533392
0.734685 0.533097
0.734784 0.533097
0.734884 0.532801
0.734983 0.532801
0.735082 0.532801
0.735182 0.532506
0.735281 0.532210
0.735380 0.531915
0.735480 0.531915
0.735579 0.531915
0.735678 0.531619
0.735778 0.531619
0.735877 0.531324
0.735976 0.531324
0.736076 0.531324
0.736175 0.531324
0.736274 0.531324
0.736374 0.531324
0.736473 0.531324
0.736572 0.531028
0.736672 0.531028
0.736771 0.531028
0.736870 0.531028
0.736970 0.531028
0.737069 0.531028
0.737168 0.531028
0.737268 0.530733
0.737367 0.530733
0.737466 0.530733
0.737566 0.530733
0.737665 0.530437
0.737764 0.530437
0.737864 0.530437
0.737963 0.530437
0.738062 0.530437
0.738162 0.530437
0.738261 0.530142
0.738360 0.529846
0.738460 0.529846
0.738559 0.529551
0.738658 0.529551
0.738758 0.529551
0.738857 0.529551
0.738956 0.529255
0.739056 0.529255
0.739155 0.528664
0.739254 0.527778
0.739354 0.527482
0.739453 0.527187
0.739552 0.527187
0.739652 0.527187
0.739751 0.526596
0.739850 0.526596
0.739950 0.526596
0.740049 0.526005
0.740148 0.526005
0.740248 0.525709
0.740347 0.525709
0.740446 0.525414
0.740546 0.525414
0.740645 0.525414
0.740744 0.525118
0.740844 0.525118
0.740943 0.525118
0.741042 0.525118
0.741142 0.524823
0.741241 0.524527
0.741340 0.524527
0.741440 0.524527
0.741539 0.524232
0.741638 0.524232
0.741738 0.524232
0.741837 0.523641
0.741936 0.523641
0.742036 0.523641
0.742135 0.523641
0.742234 0.523641
0.742334 0.523345
0.742433 0.523345
0.742532 0.523050
0.742632 0.523050
0.742731 0.522459
0.742830 0.522163
0.742930 0.521572
0.743029 0.521572
0.743128 0.521572
0.743228 0.521572
0.743327 0.521277
0.743426 0.521277
0.743526 0.521277
0.743625 0.521277
0.743724 0.520686
0.743824 0.520686
0.743923 0.520390
0.744022 0.520095
0.744122 0.520095
0.744221 0.520095
0.744320 0.519799
0.744420 0.519799
0.744519 0.519504
0.744618 0.518617
0.744718 0.518617
0.744817 0.518617
0.744916 0.518617
0.745016 0.518617
0.745115 0.518617
0.745214 0.518617
0.745314 0.518322
0.745413 0.517730
0.745512 0.517730
0.745612 0.517730
0.745711 0.517730
0.745810 0.517730
0.745910 0.517139
0.746009 0.517139
0.746108 0.517139
0.746208 0.517139
0.746307 0.517139
0.746406 0.517139
0.746506 0.517139
0.746605 0.517139
0.746704 0.517139
0.746804 0.517139
0.746903 0.517139
0.747002 0.517139
0.747102 0.517139
0.747201 0.516844
0.747300 0.516844
0.747400 0.516548
0.747499 0.516253
0.747598 0.516253
0.747698 0.516253
0.747797 0.516253
0.747896 0.516253
0.747996 0.516253
0.748095 0.516253
0.748194 0.516253
0.748294 0.516253
0.748393 0.516253
0.748492 0.515957
0.748592 0.515957
0.748691 0.515957
0.748790 0.515957
0.748890 0.515957
0.748989 0.515957
0.749088 0.515662
0.749188 0.515662
0.749287 0.515366
0.749386 0.515366
0.749486 0.515071
0.749585 0.515071
0.749684 0.515071
0.749784 0.515071
0.749883 0.515071
0.749982 0.515071
0.750082 0.514480
0.750181 0.514184
0.750280 0.513593
0.750380 0.513593
0.750479 0.513593
0.750578 0.513593
0.750678 0.513593
0.750777 0.513593
0.750876 0.513593
0.750976 0.513593
0.751075 0.513298
0.751174 0.513298
0.751274 0.513298
0.751373 0.512411
0.751472 0.512411
0.751572 0.512116
0.751671 0.512116
0.751770 0.512116
0.751870 0.512116
0.751969 0.511820
0.752068 0.511229
0.752168 0.511229
0.752267 0.511229
0.752366 0.511229
0.752466 0.510934
0.752565 0.510934
0.752664 0.510638
0.752764 0.510638
0.752863 0.510343
0.752962 0.510343
0.753062 0.510343
0.753161 0.510343
0.753260 0.509752
0.753360 0.509456
0.753459 0.509456
0.753558 0.509456
0.753658 0.509456
0.753757 0.509456
0.753856 0.509456
0.753956 0.509456
0.754055 0.509161
0.754154 0.508865
0.754254 0.508865
0.754353 0.508570
0.754452 0.508570
0.754552 0.508570
0.754651 0.508570
0.754750 0.507979
0.754850 0.507683
0.754949 0.507683
0.755048 0.507683
0.755148 0.507092
0.755247 0.507092
0.755346 0.506797
0.755445 0.506797
0.755545 0.506206
0.755644 0.506206
0.755743 0.505615
0.755843 0.505319
0.755942 0.505319
0.756041 0.505319
0.756141 0.505319
0.756240 0.505319
0.756339 0.505024
0.756439 0.505024
0.756538 0.505024
0.756637 0.504728
0.756737 0.504728
0.756836 0.504728
0.756935 0.504433
0.757035 0.504137
0.757134 0.504137
0.757233 0.504137
0.757333 0.504137
0.757432 0.504137
0.757531 0.503842
0.757631 0.503251
0.757730 0.503251
0.757829 0.503251
0.757929 0.503251
0.758028 0.503251
0.758127 0.503251
0.758227 0.503251
0.758326 0.503251
0.758425 0.502955
0.758525 0.502660
0.758624 0.502660
0.758723 0.502660
0.758823 0.502660
0.758922 0.502660
0.759021 0.502660
0.759121 0.502660
0.759220 0.502069
0.759319 0.501182
0.759419 0.500887
0.759518 0.500887
0.759617 0.500591
0.759717 0.500591
0.759816 0.500296
0.759915 0.500296
0.760015 0.500296
0.760114 0.500296
0.760213 0.500296
0.760313 0.500296
0.760412 0.500296
0.760511 0.500000
0.760611 0.499704
0.760710 0.499409
0.760809 0.499113
0.760909 0.498818
0.761008 0.498522
0.761107 0.498522
0.761207 0.498227
0.761306 0.498227
0.761405 0.497931
0.761505 0.497931
0.761604 0.497931
0.761703 0.497931
0.761803 0.497931
0.761902 0.497931
0.762001 0.497931
0.762101 0.497931
0.762200 0.497931
0.762299 0.497931
0.762399 0.497636
0.762498 0.497045
0.762597 0.496749
0.762697 0.495863
0.762796 0.495863
0.762895 0.495567
0.762995 0.495567
0.763094 0.495567
0.763193 0.495272
0.763293 0.495272
0.763392 0.495272
0.763491 0.495272
0.763591 0.494681
0.763690 0.494681
0.763789 0.494681
0.763889 0.494681
0.763988 0.494385
0.764087 0.494090
0.764187 0.493794
0.764286 0.493794
0.764385 0.493203
0.764485 0.493203
0.764584 0.492908
0.764683 0.492908
0.764783 0.492317
0.764882 0.492021
0.764981 0.492021
0.765081 0.492021
0.765180 0.492021
0.765279 0.492021
0.765379 0.492021
0.765478 0.491726
0.765577 0.491726
0.765677 0.491726
0.765776 0.491726
0.765875 0.491726
0.765975 0.491430
0.766074 0.491430
0.766173 0.490839
0.766273 0.490839
0.766372 0.490839
0.766471 0.490544
0.766571 0.490544
0.766670 0.490248
0.766769 0.489657
0.766869 0.489657
0.766968 0.488771
0.767067 0.488771
0.767167 0.488771
0.767266 0.488475
0.767365 0.488475
0.767465 0.487884
0.767564 0.487589
0.767663 0.487293
0.767763 0.487293
0.767862 0.486998
0.767961 0.486407
0.768061 0.486407
0.768160 0.486111
0.768259 0.486111
0.768359 0.486111
0.768458 0.485225
0.768557 0.485225
0.768657 0.484634
0.768756 0.484338
0.768855 0.484043
0.768955 0.484043
0.769054 0.483747
0.769153 0.483452
0.769253 0.483452
0.769352 0.483452
0.769451 0.483452
0.769551 0.483452
0.769650 0.483452
0.769749 0.483156
0.769849 0.482861
0.769948 0.482565
0.770047 0.482565
0.770147 0.482565
0.770246 0.481974
0.770345 0.481974
0.770445 0.481974
0.770544 0.481974
0.770643 0.481974
0.770743 0.481974
0.770842 0.481974
0.770941 0.481974
0.771041 0.481678
0.771140 0.481678
0.771239 0.481678
0.771339 0.481678
0.771438 0.481678
0.771537 0.481678
0.771637 0.481383
0.771736 0.481383
0.771835 0.481383
0.771935 0.481383
0.772034 0.481383
0.772133 0.481383
0.772233 0.481087
0.772332 0.481087
0.772431 0.480496
0.772531 0.480201
0.772630 0.480201
0.772729 0.480201
0.772829 0.479905
0.772928 0.479905
0.773027 0.479905
0.773127 0.479905
0.773226 0.479610
0.773325 0.479314
0.773425 0.479314
0.773524 0.479314
0.773623 0.479314
0.773723 0.479314
0.773822 0.478723
0.773921 0.478723
0.774021 0.478428
0.774120 0.478428
0.774219 0.478428
0.774319 0.478132
0.774418 0.478132
0.774517 0.478132
0.774617 0.478132
0.774716 0.478132
0.774815 0.477246
0.774915 0.476655
0.775014 0.476655
0.775113 0.476359
0.775213 0.476359
0.775312 0.476064
0.775411 0.476064
0.775511 0.475473
0.775610 0.475473
0.775709 0.475473
0.775809 0.474291
0.775908 0.474291
0.776007 0.473995
0.776107 0.473995
0.776206 0.473995
0.776305 0.473995
0.776405 0.473404
0.776504 0.473109
0.776603 0.473109
0.776703 0.473109
0.776802 0.473109
0.776901 0.472813
0.777001 0.472813
0.777100 0.472813
0.777199 0.472813
0.777299 0.472813
0.777398 0.472813
0.777497 0.472813
0.777597 0.472813
0.777696 0.472518
0.777795 0.472518
0.777895 0.472518
0.777994 0.472518
0.778093 0.472222
0.778193 0.471927
0.778292 0.471631
0.778391 0.471336
0.778491 0.470745
0.778590 0.470745
0.778689 0.470745
0.778788 0.470745
0.778888 0.470449
0.778987 0.470154
0.779086 0.470154
0.779186 0.468972
0.779285 0.468972
0.779384 0.468972
0.779484 0.468972
0.779583 0.468972
0.779682 0.468972
0.779782 0.468972
0.779881 0.468381
0.779980 0.468381
0.780080 0.468381
0.780179 0.468085
0.780278 0.468085
0.780378 0.468085
0.780477 0.468085
0.780576 0.467790
0.780676 0.467494
0.780775 0.467199
0.780874 0.467199
0.780974 0.466608
0.781073 0.466608
0.781172 0.466608
0.781272 0.466608
0.781371 0.466312
0.781470 0.466017
0.781570 0.465721
0.781669 0.465721
0.781768 0.465426
0.781868 0.465426
0.781967 0.465130
0.782066 0.464835
0.782166 0.463948
0.782265 0.463948
0.782364 0.463652
0.782464 0.463357
0.782563 0.463357
0.782662 0.463061
0.782762 0.463061
0.782861 0.463061
0.782960 0.463061
0.783060 0.462766
0.783159 0.462766
0.783258 0.462470
0.783358 0.462470
0.783457 0.462470
0.783556 0.462470
0.783656 0.462470
0.783755 0.462175
0.783854 0.462175
0.783954 0.461879
0.784053 0.461584
0.784152 0.461584
0.784252 0.461584
0.784351 0.461288
0.784450 0.461288
0.784550 0.461288
0.784649 0.461288
0.784748 0.461288
0.784848 0.460993
0.784947 0.460993
0.785046 0.460697
0.785146 0.460697
0.785245 0.460697
0.785344 0.460697
0.785444 0.460697
0.785543 0.460697
0.785642 0.460697
0.785742 0.460402
0.785841 0.460402
0.785940 0.460402
0.786040 0.460402
0.786139 0.460402
0.786238 0.460106
0.786338 0.459515
0.786437 0.459515
0.786536 0.459515
0.786636 0.459220
0.786735 0.459220
0.786834 0.459220
0.786934 0.459220
0.787033 0.459220
0.787132 0.459220
0.787232 0.459220
0.787331 0.459220
0.787430 0.459220
0.787530 0.458924
0.787629 0.458629
0.787728 0.458629
0.787828 0.457742
0.787927 0.457742
0.788026 0.457447
0.788126 0.457447
0.788225 0.457447
0.788324 0.457151
0.788424 0.456856
0.788523 0.456856
0.788622 0.456856
0.788722 0.456560
0.788821 0.456265
0.788920 0.456265
0.789020 0.456265
0.789119 0.456265
0.789218 0.456265
0.789318 0.456265
0.789417 0.456265
0.789516 0.455969
0.789616 0.455969
0.789715 0.455969
0.789814 0.455674
0.789914 0.455378
0.790013 0.455378
0.790112 0.455378
0.790212 0.455083
0.790311 0.454196
0.790410 0.454196
0.790510 0.454196
0.790609 0.453901
0.790708 0.453901
0.790808 0.453605
0.790907 0.453605
0.791006 0.453605
0.791106 0.453605
0.791205 0.453310
0.791304 0.453310
0.791404 0.452719
0.791503 0.452719
0.791602 0.452719
0.791702 0.452423
0.791801 0.452423
0.791900 0.452128
0.792000 0.452128
0.792099 0.452128
0.792198 0.451537
0.792298 0.451241
0.792397 0.450946
0.792496 0.450650
0.792596 0.450650
0.792695 0.450355
0.792794 0.450059
0.792894 0.450059
0.792993 0.450059
0.793092 0.449764
0.793192 0.449468
0.793291 0.449468
0.793390 0.449468
0.793490 0.449468
0.793589 0.449173
0.793688 0.448877
0.793788 0.448877
0.793887 0.448877
0.793986 0.448582
0.794086 0.448286
0.794185 0.448286
0.794284 0.448286
0.794384 0.448286
0.794483 0.447991
0.794582 0.447991
0.794682 0.447991
0.794781 0.447991
0.794880 0.447991
0.794980 0.447991
0.795079 0.447991
0.795178 0.447991
0.795278 0.447991
0.795377 0.447991
0.795476 0.447991
0.795576 0.447695
0.795675 0.447695
0.795774 0.447400
0.795874 0.447400
0.795973 0.447400
0.796072 0.447400
0.796172 0.446809
0.796271 0.446809
0.796370 0.446809
0.796470 0.446809
0.796569 0.446513
0.796668 0.446513
0.796768 0.446513
0.796867 0.446513
0.796966 0.446217
0.797066 0.445922
0.797165 0.445922
0.797264 0.445626
0.797364 0.445331
0.797463 0.444740
0.797562 0.444740
0.797662 0.444444
0.797761 0.444444
0.797860 0.444149
0.797960 0.443853
0.798059 0.443262
0.798158 0.442967
0.798258 0.442967
0.798357 0.442376
0.798456 0.441489
0.798556 0.441194
0.798655 0.440603
0.798754 0.440603
0.798854 0.440603
0.798953 0.440307
0.799052 0.440307
0.799152 0.440307
0.799251 0.440307
0.799350 0.440307
0.799450 0.440012
0.799549 0.440012
0.799648 0.440012
0.799748 0.439421
0.799847 0.439421
0.799946 0.439421
0.800046 0.439421
0.800145 0.438830
0.800244 0.438830
0.800344 0.438830
0.800443 0.438830
0.800542 0.438830
0.800642 0.438534
0.800741 0.437943
0.800840 0.437648
0.800940 0.437648
0.801039 0.436761
0.801138 0.436761
0.801238 0.436170
0.801337 0.436170
0.801436 0.436170
0.801536 0.435875
0.801635 0.435579
0.801734 0.435579
0.801834 0.435284
0.801933 0.435284
0.802032 0.435284
0.802131 0.435284
0.802231 0.435284
0.802330 0.435284
0.802429 0.434988
0.802529 0.434988
0.802628 0.434693
0.802727 0.434102
0.802827 0.434102
0.802926 0.434102
0.803025 0.433806
0.803125 0.433806
0.803224 0.433806
0.803323 0.433806
0.803423 0.433806
0.803522 0.433511
0.803621 0.433215
0.803721 0.433215
0.803820 0.432920
0.803919 0.432920
0.804019 0.432624
0.804118 0.432329
0.804217 0.432329
0.804317 0.431738
0.804416 0.431738
0.804515 0.431738
0.804615 0.431738
0.804714 0.431442
0.804813 0.430851
0.804913 0.430851
0.805012 0.430556
0.805111 0.430556
0.805211 0.430556
0.805310 0.430556
0.805409 0.430556
0.805509 0.430260
0.805608 0.429965
0.805707 0.429965
0.805807 0.429965
0.805906 0.429669
0.806005 0.429669
0.806105 0.429078
0.806204 0.428191
0.806303 0.427896
0.806403 0.427896
0.806502 0.427896
0.806601 0.427896
0.806701 0.427600
0.806800 0.427009
0.806899 0.426714
0.806999 0.426418
0.807098 0.426418
0.807197 0.426418
0.807297 0.426418
0.807396 0.425532
0.807495 0.425236
0.807595 0.425236
0.807694 0.424941
0.807793 0.424941
0.807893 0.424645
0.807992 0.424645
0.808091 0.424645
0.808191 0.424350
0.808290 0.424350
0.808389 0.424350
0.808489 0.424350
0.808588 0.424054
0.808687 0.423463
0.808787 0.423168
0.808886 0.423168
0.808985 0.423168
0.809085 0.423168
0.809184 0.423168
0.809283 0.423168
0.809383 0.423168
0.809482 0.422872
0.809581 0.422872
0.809681 0.422872
0.809780 0.422281
0.809879 0.421986
0.809979 0.421690
0.810078 0.421690
0.810177 0.421099
0.810277 0.420804
0.810376 0.420804
0.810475 0.420508
0.810575 0.420508
0.810674 0.420508
0.810773 0.420508
0.810873 0.420508
0.810972 0.420508
0.811071 0.420508
0.811171 0.420508
0.811270 0.420213
0.811369 0.419917
0.811469 0.419622
0.811568 0.419326
0.811667 0.419031
0.811767 0.419031
0.811866 0.419031
0.811965 0.418735
0.812065 0.418735
0.812164 0.418735
0.812263 0.418440
0.812363 0.418440
0.812462 0.418440
0.812561 0.418144
0.812661 0.418144
0.812760 0.418144
0.812859 0.418144
0.812959 0.417849
0.813058 0.417553
0.813157 0.416962
0.813257 0.416667
0.813356 0.416371
0.813455 0.416371
0.813555 0.416371
0.813654 0.416371
0.813753 0.416371
0.813853 0.416371
0.813952 0.416371
0.814051 0.416371
0.814151 0.416371
0.814250 0.416371
0.814349 0.416371
0.814449 0.416371
0.814548 0.415780
0.814647 0.415780
0.814747 0.415780
0.814846 0.414894
0.814945 0.414598
0.815045 0.414598
0.815144 0.414598
0.815243 0.414598
0.815343 0.414598
0.815442 0.414007
0.815541 0.414007
0.815641 0.414007
0.815740 0.414007
0.815839 0.414007
0.815939 0.413712
0.816038 0.413121
0.816137 0.413121
0.816237 0.413121
0.816336 0.413121
0.816435 0.412825
0.816535 0.412530
0.816634 0.412530
0.816733 0.412234
0.816833 0.412234
0.816932 0.411348
0.817031 0.411052
0.817131 0.410757
0.817230 0.410757
0.817329 0.410461
0.817429 0.410165
0.817528 0.409870
0.817627 0.409870
0.817727 0.409870
0.817826 0.409574
0.817925 0.409574
0.818025 0.409279
0.818124 0.409279
0.818223 0.409279
0.818323 0.408983
0.818422 0.408688
0.818521 0.408688
0.818621 0.408688
0.818720 0.408688
0.818819 0.408688
0.818919 0.408392
0.819018 0.408097
0.819117 0.408097
0.819217 0.407506
0.819316 0.407210
0.819415 0.407210
0.819515 0.407210
0.819614 0.407210
0.819713 0.407210
0.819813 0.407210
0.819912 0.407210
0.820011 0.407210
0.820111 0.406915
0.820210 0.406324
0.820309 0.406028
0.820409 0.406028
0.820508 0.406028
0.820607 0.405733
0.820707 0.405733
0.820806 0.405437
0.820905 0.405142
0.821005 0.405142
0.821104 0.404846
0.821203 0.404551
0.821303 0.404255
0.821402 0.404255
0.821501 0.404255
0.821601 0.404255
0.821700 0.404255
0.821799 0.404255
0.821899 0.403664
0.821998 0.403664
0.822097 0.403664
0.822197 0.403664
0.822296 0.403369
0.822395 0.403073
0.822495 0.402778
0.822594 0.402778
0.822693 0.402778
0.822793 0.402778
0.822892 0.402778
0.822991 0.402482
0.823091 0.402482
0.823190 0.402482
0.823289 0.402482
0.823389 0.402187
0.823488 0.402187
0.823587 0.402187
0.823687 0.402187
0.823786 0.402187
0.823885 0.402187
0.823985 0.402187
0.824084 0.402187
0.824183 0.402187
0.824283 0.401891
0.824382 0.401005
0.824481 0.401005
0.824581 0.401005
0.824680 0.401005
0.824779 0.400414
0.824879 0.400414
0.824978 0.400414
0.825077 0.400118
0.825177 0.400118
0.825276 0.400118
0.825375 0.400118
0.825474 0.400118
0.825574 0.399823
0.825673 0.399823
0.825772 0.399232
0.825872 0.399232
0.825971 0.399232
0.826070 0.398936
0.826170 0.398936
0.826269 0.398936
0.826368 0.398936
0.826468 0.398641
0.826567 0.398345
0.826666 0.398345
0.826766 0.398345
0.826865 0.398345
0.826964 0.398050
0.827064 0.397754
0.827163 0.397163
0.827262 0.396868
0.827362 0.396277
0.827461 0.396277
0.827560 0.396277
0.827660 0.396277
0.827759 0.396277
0.827858 0.395981
0.827958 0.395981
0.828057 0.395981
0.828156 0.395686
0.828256 0.395686
0.828355 0.395390
0.828454 0.395390
0.828554 0.395095
0.828653 0.395095
0.828752 0.395095
0.828852 0.394799
0.828951 0.394504
0.829050 0.394208
0.829150 0.393913
0.829249 0.393913
0.829348 0.393913
0.829448 0.393913
0.829547 0.393913
0.829646 0.393913
0.829746 0.393026
0.829845 0.393026
0.829944 0.393026
0.830044 0.393026
0.830143 0.392730
0.830242 0.392730
0.830342 0.392730
0.830441 0.392730
0.830540 0.392435
0.830640 0.392435
0.830739 0.392435
0.830838 0.392139
0.830938 0.391844
0.831037 0.391844
0.831136 0.391844
0.831236 0.391844
0.831335 0.391253
0.831434 0.391253
0.831534 0.390957
0.831633 0.390957
0.831732 0.390366
0.831832 0.390366
0.831931 0.390071
0.832030 0.390071
0.832130 0.390071
0.832229 0.390071
0.832328 0.390071
0.832428 0.389480
0.832527 0.389480
0.832626 0.389184
0.832726 0.389184
0.832825 0.389184
0.832924 0.389184
0.833024 0.389184
0.833123 0.389184
0.833222 0.388889
0.833322 0.388593
0.833421 0.388593
0.833520 0.388298
0.833620 0.387707
0.833719 0.387707
0.833818 0.387707
0.833918 0.387707
0.834017 0.387116
0.834116 0.387116
0.834216 0.387116
0.834315 0.387116
0.834414 0.387116
0.834514 0.387116
0.834613 0.386820
0.834712 0.386820
0.834812 0.386820
0.834911 0.386525
0.835010 0.386525
0.835110 0.386229
0.835209 0.385934
0.835308 0.385934
0.835408 0.385047
0.835507 0.384456
0.835606 0.384456
0.835706 0.384456
0.835805 0.384456
0.835904 0.384456
0.836004 0.384456
0.836103 0.384456
0.836202 0.384456
0.836302 0.384456
0.836401 0.384161
0.836500 0.384161
0.836600 0.384161
0.836699 0.383570
0.836798 0.383274
0.836898 0.383274
0.836997 0.383274
0.837096 0.382979
0.837196 0.382979
0.837295 0.382683
0.837394 0.382683
0.837494 0.382388
0.837593 0.382092
0.837692 0.381797
0.837792 0.381206
0.837891 0.381206
0.837990 0.381206
0.838090 0.381206
0.838189 0.381206
0.838288 0.381206
0.838388 0.381206
0.838487 0.380910
0.838586 0.380910
0.838686 0.380910
0.838785 0.380910
0.838884 0.380910
0.838984 0.380910
0.839083 0.380615
0.839182 0.380615
0.839282 0.380024
0.839381 0.379728
0.839480 0.379728
0.839580 0.379728
0.839679 0.379728
0.839778 0.379728
0.839878 0.379433
0.839977 0.379433
0.840076 0.379137
0.840176 0.379137
0.840275 0.379137
0.840374 0.379137
0.840474 0.379137
0.840573 0.378842
0.840672 0.378842
0.840772 0.378842
0.840871 0.378842
0.840970 0.377660
0.841070 0.377069
0.841169 0.376773
0.841268 0.376773
0.841368 0.376773
0.841467 0.376773
0.841566 0.376773
0.841666 0.376478
0.841765 0.376182
0.841864 0.376182
0.841964 0.375887
0.842063 0.375887
0.842162 0.375591
0.842262 0.375591
0.842361 0.375296
0.842460 0.375000
0.842560 0.375000
0.842659 0.374704
0.842758 0.374409
0.842858 0.374409
0.842957 0.373818
0.843056 0.373818
0.843156 0.373818
0.843255 0.372636
0.843354 0.372340
0.843454 0.372340
0.843553 0.372340
0.843652 0.372340
0.843752 0.372340
0.843851 0.372045
0.843950 0.371749
0.844050 0.371749
0.844149 0.371749
0.844248 0.371749
0.844348 0.371158
0.844447 0.371158
0.844546 0.371158
0.844646 0.370272
0.844745 0.370272
0.844844 0.370272
0.844944 0.370272
0.845043 0.369976
0.845142 0.369976
0.845242 0.369976
0.845341 0.369976
0.845440 0.369976
0.845540 0.369976
0.845639 0.369681
0.845738 0.369385
0.845838 0.369385
0.845937 0.369385
0.846036 0.369385
0.846136 0.369385
0.846235 0.369385
0.846334 0.369090
0.846434 0.368794
0.846533 0.368203
0.846632 0.367908
0.846732 0.367317
0.846831 0.367317
0.846930 0.367317
0.847030 0.367021
0.847129 0.366726
0.847228 0.366726
0.847328 0.366726
0.847427 0.366430
0.847526 0.365839
0.847626 0.365544
0.847725 0.365248
0.847824 0.364362
0.847924 0.364066
0.848023 0.363475
0.848122 0.363475
0.848222 0.363475
0.848321 0.363475
0.848420 0.363475
0.848520 0.363475
0.848619 0.362589
0.848718 0.362589
0.848817 0.362589
0.848917 0.362589
0.849016 0.361998
0.849115 0.361998
0.849215 0.361702
0.849314 0.361111
0.849413 0.361111
0.849513 0.360520
0.849612 0.360520
0.849711 0.359929
0.849811 0.359929
0.849910 0.359929
0.850009 0.359338
0.850109 0.358747
0.850208 0.358156
0.850307 0.358156
0.850407 0.358156
0.850506 0.358156
0.850605 0.358156
0.850705 0.358156
0.850804 0.358156
0.850903 0.357861
0.851003 0.357565
0.851102 0.357565
0.851201 0.357270
0.851301 0.357270
0.851400 0.356974
0.851499 0.356087
0.851599 0.356087
0.851698 0.355496
0.851797 0.355496
0.851897 0.355496
0.851996 0.354905
0.852095 0.354019
0.852195 0.354019
0.852294 0.354019
0.852393 0.353723
0.852493 0.353723
0.852592 0.353723
0.852691 0.353132
0.852791 0.353132
0.852890 0.352837
0.852989 0.352837
0.853089 0.352541
0.853188 0.352541
0.853287 0.352246
0.853387 0.351950
0.853486 0.351950
0.853585 0.351950
0.853685 0.351950
0.853784 0.351950
0.853883 0.351359
0.853983 0.351064
0.854082 0.351064
0.854181 0.350768
0.854281 0.350473
0.854380 0.350177
0.854479 0.350177
0.854579 0.350177
0.854678 0.350177
0.854777 0.349586
0.854877 0.349291
0.854976 0.348995
0.855075 0.348700
0.855175 0.348700
0.855274 0.348404
0.855373 0.348109
0.855473 0.347813
0.855572 0.347518
0.855671 0.347222
0.855771 0.347222
0.855870 0.347222
0.855969 0.346927
0.856069 0.346631
0.856168 0.346336
0.856267 0.346336
0.856367 0.346040
0.856466 0.346040
0.856565 0.345745
0.856665 0.345449
0.856764 0.345449
0.856863 0.345154
0.856963 0.345154
0.857062 0.345154
0.857161 0.345154
0.857261 0.345154
0.857360 0.345154
0.857459 0.345154
0.857559 0.344858
0.857658 0.344563
0.857757 0.343972
0.857857 0.343381
0.857956 0.342790
0.858055 0.342494
0.858155 0.342199
0.858254 0.341903
0.858353 0.341903
0.858453 0.341608
0.858552 0.341608
0.858651 0.341608
0.858751 0.341608
0.858850 0.341312
0.858949 0.341312
0.859049 0.341017
0.859148 0.340721
0.859247 0.340721
0.859347 0.340426
0.859446 0.340130
0.859545 0.340130
0.859645 0.340130
0.859744 0.339835
0.859843 0.339835
0.859943 0.339835
0.860042 0.339835
0.860141 0.339243
0.860241 0.338948
0.860340 0.338652
0.860439 0.338357
0.860539 0.338061
0.860638 0.338061
0.860737 0.337766
0.860837 0.337766
0.860936 0.337766
0.861035 0.337470
0.861135 0.337175
0.861234 0.336879
0.861333 0.336879
0.861433 0.336584
0.861532 0.336584
0.861631 0.336584
0.861731 0.335993
0.861830 0.335993
0.861929 0.335697
0.862029 0.335402
0.862128 0.335106
0.862227 0.335106
0.862327 0.335106
0.862426 0.334811
0.862525 0.334515
0.862625 0.334515
0.862724 0.334220
0.862823 0.334220
0.862923 0.334220
0.863022 0.333924
0.863121 0.333924
0.863221 0.333924
0.863320 0.333333
0.863419 0.333038
0.863519 0.333038
0.863618 0.333038
0.863717 0.332742
0.863817 0.332742
0.863916 0.332742
0.864015 0.332742
0.864115 0.332742
0.864214 0.332447
0.864313 0.332447
0.864413 0.332447
0.864512 0.332151
0.864611 0.332151
0.864711 0.332151
0.864810 0.332151
0.864909 0.332151
0.865009 0.332151
0.865108 0.331856
0.865207 0.331560
0.865307 0.331560
0.865406 0.331265
0.865505 0.330969
0.865605 0.330674
0.865704 0.330378
0.865803 0.330378
0.865903 0.330378
0.866002 0.330378
0.866101 0.330378
0.866201 0.330378
0.866300 0.329787
0.866399 0.329492
0.866499 0.328901
0.866598 0.328901
0.866697 0.328605
0.866797 0.328605
0.866896 0.328605
0.866995 0.328310
0.867095 0.328014
0.867194 0.327719
0.867293 0.327128
0.867393 0.327128
0.867492 0.326832
0.867591 0.326832
0.867691 0.326241
0.867790 0.326241
0.867889 0.326241
0.867989 0.326241
0.868088 0.325946
0.868187 0.325650
0.868287 0.325650
0.868386 0.325650
0.868485 0.325650
0.868585 0.325650
0.868684 0.325650
0.868783 0.325650
0.868883 0.325355
0.868982 0.325355
0.869081 0.325059
0.869181 0.325059
0.869280 0.325059
0.869379 0.324764
0.869479 0.324468
0.869578 0.324468
0.869677 0.324468
0.869777 0.324468
0.869876 0.324468
0.869975 0.324173
0.870075 0.324173
0.870174 0.324173
0.870273 0.324173
0.870373 0.324173
0.870472 0.324173
0.870571 0.324173
0.870671 0.324173
0.870770 0.323877
0.870869 0.323877
0.870969 0.323286
0.871068 0.323286
0.871167 0.323286
0.871267 0.323286
0.871366 0.322991
0.871465 0.322400
0.871565 0.322400
0.871664 0.322400
0.871763 0.322400
0.871863 0.322400
0.871962 0.322104
0.872061 0.322104
0.872160 0.322104
0.872260 0.321809
0.872359 0.321513
0.872458 0.321513
0.872558 0.321217
0.872657 0.320922
0.872756 0.320626
0.872856 0.320626
0.872955 0.320626
0.873054 0.320331
0.873154 0.320331
0.873253 0.320331
0.873352 0.320331
0.873452 0.320331
0.873551 0.320331
0.873650 0.320331
0.873750 0.320331
0.873849 0.320331
0.873948 0.320331
0.874048 0.320331
0.874147 0.320331
0.874246 0.320331
0.874346 0.320331
0.874445 0.320035
0.874544 0.319444
0.874644 0.319149
0.874743 0.318558
0.874842 0.318262
0.874942 0.317967
0.875041 0.317967
0.875140 0.317671
0.875240 0.317376
0.875339 0.317376
0.875438 0.317376
0.875538 0.317376
0.875637 0.317080
0.875736 0.316489
0.875836 0.316489
0.875935 0.316194
0.876034 0.316194
0.876134 0.316194
0.876233 0.315898
0.876332 0.315898
0.876432 0.315898
0.876531 0.315898
0.876630 0.315898
0.876730 0.315307
0.876829 0.314716
0.876928 0.314421
0.877028 0.314421
0.877127 0.314421
0.877226 0.314421
0.877326 0.314421
0.877425 0.314125
0.877524 0.313534
0.877624 0.313534
0.877723 0.313239
0.877822 0.312943
0.877922 0.312648
0.878021 0.312648
0.878120 0.312352
0.878220 0.312057
0.878319 0.312057
0.878418 0.311761
0.878518 0.311466
0.878617 0.311466
0.878716 0.311466
0.878816 0.311466
0.878915 0.311170
0.879014 0.311170
0.879114 0.311170
0.879213 0.310875
0.879312 0.310875
0.879412 0.310875
0.879511 0.310875
0.879610 0.309988
0.879710 0.309988
0.879809 0.309693
0.879908 0.309693
0.880008 0.309102
0.880107 0.308806
0.880206 0.308511
0.880306 0.308215
0.880405 0.307920
0.880504 0.307920
0.880604 0.307920
0.880703 0.307624
0.880802 0.307624
0.880902 0.307624
0.881001 0.307329
0.881100 0.307329
0.881200 0.306738
0.881299 0.306738
0.881398 0.306442
0.881498 0.306147
0.881597 0.306147
0.881696 0.306147
0.881796 0.305851
0.881895 0.305260
0.881994 0.304965
0.882094 0.304669
0.882193 0.304374
0.882292 0.303783
0.882392 0.303487
0.882491 0.303487
0.882590 0.303487
0.882690 0.303191
0.882789 0.303191
0.882888 0.302896
0.882988 0.302305
0.883087 0.302305
0.883186 0.302305
0.883286 0.301714
0.883385 0.301418
0.883484 0.301418
0.883584 0.301123
0.883683 0.300827
0.883782 0.300827
0.883882 0.300236
0.883981 0.299941
0.884080 0.299941
0.884180 0.299941
0.884279 0.299645
0.884378 0.299350
0.884478 0.299350
0.884577 0.299350
0.884676 0.298463
0.884776 0.298168
0.884875 0.297872
0.884974 0.297872
0.885074 0.297577
0.885173 0.296986
0.885272 0.296986
0.885372 0.296690
0.885471 0.296395
0.885570 0.296395
0.885670 0.296099
0.885769 0.296099
0.885868 0.295804
0.885968 0.295804
0.886067 0.295804
0.886166 0.295804
0.886266 0.295508
0.886365 0.295508
0.886464 0.295508
0.886564 0.295213
0.886663 0.294622
0.886762 0.294622
0.886862 0.294622
0.886961 0.294622
0.887060 0.294326
0.887160 0.293735
0.887259 0.293735
0.887358 0.293440
0.887458 0.293144
0.887557 0.292849
0.887656 0.292553
0.887756 0.292553
0.887855 0.292553
0.887954 0.292258
0.888054 0.292258
0.888153 0.291962
0.888252 0.291667
0.888352 0.291371
0.888451 0.290485
0.888550 0.289894
0.888650 0.289894
0.888749 0.289303
0.888848 0.289303
0.888948 0.289007
0.889047 0.289007
0.889146 0.288712
0.889246 0.288712
0.889345 0.288712
0.889444 0.288712
0.889544 0.288712
0.889643 0.288712
0.889742 0.288712
0.889842 0.288712
0.889941 0.288712
0.890040 0.288712
0.890140 0.288712
0.890239 0.288416
0.890338 0.288121
0.890438 0.288121
0.890537 0.287825
0.890636 0.287825
0.890736 0.287530
0.890835 0.287530
0.890934 0.286939
0.891034 0.286643
0.891133 0.286052
0.891232 0.286052
0.891332 0.285461
0.891431 0.285165
0.891530 0.284870
0.891630 0.284574
0.891729 0.284574
0.891828 0.284279
0.891928 0.283688
0.892027 0.283097
0.892126 0.283097
0.892226 0.283097
0.892325 0.282506
0.892424 0.282210
0.892524 0.281619
0.892623 0.281619
0.892722 0.281619
0.892822 0.281324
0.892921 0.281028
0.893020 0.280733
0.893120 0.280437
0.893219 0.280437
0.893318 0.280437
0.893418 0.280142
0.893517 0.279551
0.893616 0.279551
0.893716 0.279551
0.893815 0.278664
0.893914 0.278369
0.894014 0.278369
0.894113 0.278369
0.894212 0.278369
0.894312 0.278369
0.894411 0.278369
0.894510 0.278369
0.894610 0.278073
0.894709 0.278073
0.894808 0.277778
0.894908 0.277778
0.895007 0.276891
0.895106 0.276891
0.895206 0.276596
0.895305 0.276300
0.895404 0.276300
0.895503 0.276300
0.895603 0.276005
0.895702 0.276005
0.895801 0.276005
0.895901 0.275709
0.896000 0.275118
0.896099 0.274823
0.896199 0.274823
0.896298 0.274823
0.896397 0.274823
0.896497 0.274232
0.896596 0.274232
0.896695 0.274232
0.896795 0.274232
0.896894 0.274232
0.896993 0.274232
0.897093 0.274232
0.897192 0.273936
0.897291 0.273936
0.897391 0.273345
0.897490 0.273345
0.897589 0.273345
0.897689 0.273345
0.897788 0.273345
0.897887 0.272459
0.897987 0.272163
0.898086 0.272163
0.898185 0.271572
0.898285 0.271277
0.898384 0.271277
0.898483 0.271277
0.898583 0.271277
0.898682 0.270981
0.898781 0.270981
0.898881 0.270686
0.898980 0.270686
0.899079 0.270390
0.899179 0.270095
0.899278 0.269799
0.899377 0.269799
0.899477 0.269799
0.899576 0.269799
0.899675 0.269799
0.899775 0.269799
0.899874 0.269799
0.899973 0.269208
0.900073 0.268913
0.900172 0.268913
0.900271 0.268913
0.900371 0.268322
0.900470 0.267730
0.900569 0.267139
0.900669 0.267139
0.900768 0.266844
0.900867 0.266548
0.900967 0.266548
0.901066 0.266253
0.901165 0.266253
0.901265 0.265662
0.901364 0.265366
0.901463 0.265366
0.901563 0.265366
0.901662 0.265366
0.901761 0.265071
0.901861 0.265071
0.901960 0.265071
0.902059 0.264775
0.902159 0.264775
0.902258 0.264480
0.902357 0.264184
0.902457 0.263889
0.902556 0.263889
0.902655 0.263593
0.902755 0.263002
0.902854 0.263002
0.902953 0.262707
0.903053 0.261820
0.903152 0.261525
0.903251 0.261525
0.903351 0.261525
0.903450 0.260934
0.903549 0.260343
0.903649 0.260047
0.903748 0.260047
0.903847 0.259752
0.903947 0.259752
0.904046 0.259752
0.904145 0.259752
0.904245 0.259752
0.904344 0.259752
0.904443 0.259456
0.904543 0.259161
0.904642 0.258570
0.904741 0.258570
0.904841 0.258570
0.904940 0.258570
0.905039 0.258570
0.905139 0.258274
0.905238 0.258274
0.905337 0.257683
0.905437 0.257388
0.905536 0.257388
0.905635 0.257388
0.905735 0.257388
0.905834 0.257388
0.905933 0.257092
0.906033 0.256797
0.906132 0.256797
0.906231 0.256206
0.906331 0.255910
0.906430 0.255319
0.906529 0.255024
0.906629 0.254728
0.906728 0.254728
0.906827 0.254728
0.906927 0.254728
0.907026 0.254433
0.907125 0.254433
0.907225 0.254433
0.907324 0.254433
0.907423 0.254137
0.907523 0.253842
0.907622 0.253842
0.907721 0.252955
0.907821 0.252660
0.907920 0.252660
0.908019 0.252660
0.908119 0.252660
0.908218 0.252660
0.908317 0.252660
0.908417 0.252364
0.908516 0.252069
0.908615 0.252069
0.908715 0.251478
0.908814 0.250887
0.908913 0.250887
0.909013 0.250591
0.909112 0.250296
0.909211 0.250000
0.909311 0.249704
0.909410 0.249704
0.909509 0.249113
0.909609 0.249113
0.909708 0.248818
0.909807 0.248522
0.909907 0.248522
0.910006 0.248522
0.910105 0.248522
0.910205 0.248522
0.910304 0.248227
0.910403 0.248227
0.910503 0.248227
0.910602 0.248227
0.910701 0.247931
0.910801 0.247636
0.910900 0.247340
0.910999 0.247340
0.911099 0.247340
0.911198 0.247340
0.911297 0.247045
0.911397 0.246749
0.911496 0.246749
0.911595 0.246158
0.911695 0.245863
0.911794 0.245567
0.911893 0.245567
0.911993 0.245272
0.912092 0.245272
0.912191 0.244976
0.912291 0.244090
0.912390 0.244090
0.912489 0.243794
0.912589 0.243499
0.912688 0.243499
0.912787 0.243499
0.912887 0.243203
0.912986 0.242908
0.913085 0.242612
0.913185 0.242317
0.913284 0.241726
0.913383 0.241430
0.913483 0.241135
0.913582 0.240839
0.913681 0.240544
0.913781 0.240248
0.913880 0.240248
0.913979 0.240248
0.914079 0.239953
0.914178 0.239953
0.914277 0.239657
0.914377 0.239066
0.914476 0.239066
0.914575 0.238771
0.914675 0.238771
0.914774 0.238771
0.914873 0.238771
0.914973 0.238771
0.915072 0.238771
0.915171 0.238771
0.915271 0.238475
0.915370 0.238475
0.915469 0.238180
0.915569 0.238180
0.915668 0.238180
0.915767 0.238180
0.915867 0.238180
0.915966 0.237589
0.916065 0.237293
0.916165 0.237293
0.916264 0.236702
0.916363 0.236111
0.916463 0.235816
0.916562 0.235816
0.916661 0.234929
0.916761 0.234634
0.916860 0.234634
0.916959 0.234634
0.917059 0.234634
0.917158 0.234338
0.917257 0.234338
0.917357 0.234338
0.917456 0.234043
0.917555 0.234043
0.917655 0.234043
0.917754 0.234043
0.917853 0.233747
0.917953 0.233747
0.918052 0.233747
0.918151 0.233452
0.918251 0.233156
0.918350 0.232861
0.918449 0.232270
0.918549 0.232270
0.918648 0.231974
0.918747 0.231678
0.918846 0.231383
0.918946 0.231383
0.919045 0.231383
0.919144 0.231087
0.919244 0.231087
0.919343 0.230792
0.919442 0.230496
0.919542 0.230201
0.919641 0.229905
0.919740 0.229905
0.919840 0.228723
0.919939 0.228132
0.920038 0.227837
0.920138 0.227837
0.920237 0.227541
0.920336 0.227541
0.920436 0.227246
0.920535 0.227246
0.920634 0.226950
0.920734 0.226359
0.920833 0.226064
0.920932 0.225177
0.921032 0.224882
0.921131 0.223995
0.921230 0.223700
0.921330 0.223109
0.921429 0.223109
0.921528 0.222518
0.921628 0.222222
0.921727 0.221631
0.921826 0.221631
0.921926 0.221336
0.922025 0.221336
0.922124 0.221336
0.922224 0.221336
0.922323 0.221040
0.922422 0.221040
0.922522 0.221040
0.922621 0.220745
0.922720 0.220745
0.922820 0.220745
0.922919 0.220745
0.923018 0.220449
0.923118 0.219858
0.923217 0.218972
0.923316 0.218676
0.923416 0.218381
0.923515 0.218085
0.923614 0.217790
0.923714 0.216608
0.923813 0.216312
0.923912 0.215721
0.924012 0.215426
0.924111 0.215130
0.924210 0.214835
0.924310 0.214835
0.924409 0.214835
0.924508 0.214835
0.924608 0.214835
0.924707 0.214539
0.924806 0.214243
0.924906 0.214243
0.925005 0.214243
0.925104 0.214243
0.925204 0.213948
0.925303 0.213948
0.925402 0.213061
0.925502 0.212766
0.925601 0.212766
0.925700 0.212175
0.925800 0.212175
0.925899 0.211584
0.925998 0.210993
0.926098 0.210993
0.926197 0.210697
0.926296 0.210402
0.926396 0.209811
0.926495 0.209515
0.926594 0.209515
0.926694 0.209515
0.926793 0.209515
0.926892 0.209220
0.926992 0.209220
0.927091 0.209220
0.927190 0.208629
0.927290 0.208333
0.927389 0.207742
0.927488 0.206560
0.927588 0.206560
0.927687 0.206560
0.927786 0.205969
0.927886 0.205969
0.927985 0.205083
0.928084 0.204787
0.928184 0.204787
0.928283 0.204787
0.928382 0.204787
0.928482 0.204196
0.928581 0.203014
0.928680 0.203014
0.928780 0.203014
0.928879 0.202423
0.928978 0.202423
0.929078 0.202128
0.929177 0.201537
0.929276 0.201537
0.929376 0.201537
0.929475 0.201537
0.929574 0.200946
0.929674 0.200946
0.929773 0.200946
0.929872 0.200355
0.929972 0.200355
0.930071 0.200059
0.930170 0.199764
0.930270 0.199764
0.930369 0.199764
0.930468 0.199764
0.930568 0.199764
0.930667 0.199173
0.930766 0.198877
0.930866 0.197991
0.930965 0.197104
0.931064 0.197104
0.931164 0.196809
0.931263 0.196513
0.931362 0.195922
0.931462 0.195922
0.931561 0.195626
0.931660 0.195035
0.931760 0.195035
0.931859 0.194149
0.931958 0.194149
0.932058 0.193853
0.932157 0.192967
0.932256 0.192671
0.932356 0.192671
0.932455 0.192376
0.932554 0.192080
0.932654 0.192080
0.932753 0.192080
0.932852 0.192080
0.932952 0.191785
0.933051 0.191785
0.933150 0.191785
0.933250 0.191785
0.933349 0.191489
0.933448 0.191489
0.933548 0.191194
0.933647 0.191194
0.933746 0.190603
0.933846 0.190307
0.933945 0.190012
0.934044 0.189421
0.934144 0.189125
0.934243 0.188830
0.934342 0.188534
0.934442 0.188534
0.934541 0.188534
0.934640 0.188239
0.934740 0.187648
0.934839 0.187352
0.934938 0.187057
0.935038 0.187057
0.935137 0.186466
0.935236 0.186466
0.935336 0.186170
0.935435 0.185875
0.935534 0.185875
0.935634 0.185579
0.935733 0.185284
0.935832 0.184397
0.935932 0.183806
0.936031 0.183806
0.936130 0.183215
0.936230 0.182920
0.936329 0.182624
0.936428 0.182329
0.936528 0.182033
0.936627 0.182033
0.936726 0.182033
0.936826 0.182033
0.936925 0.182033
0.937024 0.182033
0.937124 0.182033
0.937223 0.182033
0.937322 0.182033
0.937422 0.182033
0.937521 0.181442
0.937620 0.181442
0.937720 0.181442
0.937819 0.181442
0.937918 0.180556
0.938018 0.180260
0.938117 0.180260
0.938216 0.179669
0.938316 0.178783
0.938415 0.178191
0.938514 0.177896
0.938614 0.177896
0.938713 0.177600
0.938812 0.177600
0.938912 0.177305
0.939011 0.177305
0.939110 0.177305
0.939210 0.176714
0.939309 0.176123
0.939408 0.175532
0.939508 0.174941
0.939607 0.174054
0.939706 0.173463
0.939806 0.173463
0.939905 0.173168
0.940004 0.172281
0.940104 0.172281
0.940203 0.171690
0.940302 0.170508
0.940402 0.170213
0.940501 0.169917
0.940600 0.169917
0.940700 0.169917
0.940799 0.169622
0.940898 0.169031
0.940998 0.169031
0.941097 0.168735
0.941196 0.168144
0.941296 0.168144
0.941395 0.167849
0.941494 0.167849
0.941594 0.167849
0.941693 0.167553
0.941792 0.167258
0.941892 0.166962
0.941991 0.166962
0.942090 0.166962
0.942189 0.166667
0.942289 0.165780
0.942388 0.165780
0.942487 0.165189
0.942587 0.165189
0.942686 0.165189
0.942785 0.164894
0.942885 0.164894
0.942984 0.164598
0.943083 0.164598
0.943183 0.164598
0.943282 0.164598
0.943381 0.164303
0.943481 0.163712
0.943580 0.163416
0.943679 0.163121
0.943779 0.162825
0.943878 0.162234
0.943977 0.161939
0.944077 0.161939
0.944176 0.161643
0.944275 0.161052
0.944375 0.160757
0.944474 0.160461
0.944573 0.159870
0.944673 0.159279
0.944772 0.159279
0.944871 0.158392
0.944971 0.158392
0.945070 0.157801
0.945169 0.157801
0.945269 0.157210
0.945368 0.157210
0.945467 0.156915
0.945567 0.156915
0.945666 0.156619
0.945765 0.156324
0.945865 0.156324
0.945964 0.155437
0.946063 0.155142
0.946163 0.154846
0.946262 0.154551
0.946361 0.153960
0.946461 0.153960
0.946560 0.153960
0.946659 0.153664
0.946759 0.153369
0.946858 0.153073
0.946957 0.152482
0.947057 0.151891
0.947156 0.151596
0.947255 0.151005
0.947355 0.150709
0.947454 0.150414
0.947553 0.149823
0.947653 0.149232
0.947752 0.149232
0.947851 0.148345
0.947951 0.147459
0.948050 0.147163
0.948149 0.145981
0.948249 0.145981
0.948348 0.145390
0.948447 0.145095
0.948547 0.144799
0.948646 0.144504
0.948745 0.143913
0.948845 0.143322
0.948944 0.143322
0.949043 0.143026
0.949143 0.142730
0.949242 0.142730
0.949341 0.142435
0.949441 0.142435
0.949540 0.142139
0.949639 0.141548
0.949739 0.140957
0.949838 0.140662
0.949937 0.140662
0.950037 0.140366
0.950136 0.140071
0.950235 0.139184
0.950335 0.138889
0.950434 0.138889
0.950533 0.138593
0.950633 0.137707
0.950732 0.137411
0.950831 0.137116
0.950931 0.137116
0.951030 0.136820
0.951129 0.136229
0.951229 0.135934
0.951328 0.135343
0.951427 0.135047
0.951527 0.134161
0.951626 0.133570
0.951725 0.133274
0.951825 0.132979
0.951924 0.131797
0.952023 0.131797
0.952123 0.131501
0.952222 0.130910
0.952321 0.130319
0.952421 0.129433
0.952520 0.129137
0.952619 0.128842
0.952719 0.128251
0.952818 0.127955
0.952917 0.127364
0.953017 0.127069
0.953116 0.126478
0.953215 0.125591
0.953315 0.125591
0.953414 0.125591
0.953513 0.125591
0.953613 0.124704
0.953712 0.124409
0.953811 0.124113
0.953911 0.123227
0.954010 0.123227
0.954109 0.122931
0.954209 0.122340
0.954308 0.122340
0.954407 0.121749
0.954507 0.121454
0.954606 0.121454
0.954705 0.120863
0.954805 0.120863
0.954904 0.120863
0.955003 0.120567
0.955103 0.120272
0.955202 0.119385
0.955301 0.119385
0.955401 0.118794
0.955500 0.118794
0.955599 0.118794
0.955699 0.117612
0.955798 0.117612
0.955897 0.117612
0.955997 0.117317
0.956096 0.116430
0.956195 0.116135
0.956295 0.116135
0.956394 0.116135
0.956493 0.116135
0.956593 0.116135
0.956692 0.114953
0.956791 0.114362
0.956891 0.113771
0.956990 0.113475
0.957089 0.113180
0.957189 0.112884
0.957288 0.112589
0.957387 0.111702
0.957487 0.111407
0.957586 0.111111
0.957685 0.110520
0.957785 0.109929
0.957884 0.109634
0.957983 0.109338
0.958083 0.109043
0.958182 0.108452
0.958281 0.108452
0.958381 0.108452
0.958480 0.108156
0.958579 0.107861
0.958679 0.107565
0.958778 0.107565
0.958877 0.107270
0.958977 0.106974
0.959076 0.106383
0.959175 0.106383
0.959275 0.106383
0.959374 0.106087
0.959473 0.106087
0.959573 0.106087
0.959672 0.105496
0.959771 0.105201
0.959871 0.104905
0.959970 0.104905
0.960069 0.104610
0.960169 0.103428
0.960268 0.103132
0.960367 0.102541
0.960467 0.101950
0.960566 0.101655
0.960665 0.101064
0.960765 0.101064
0.960864 0.100473
0.960963 0.100473
0.961063 0.099882
0.961162 0.099882
0.961261 0.099882
0.961361 0.099882
0.961460 0.099586
0.961559 0.099291
0.961659 0.099291
0.961758 0.098404
0.961857 0.097813
0.961957 0.097222
0.962056 0.097222
0.962155 0.097222
0.962255 0.096040
0.962354 0.095745
0.962453 0.095449
0.962553 0.094858
0.962652 0.094858
0.962751 0.094267
0.962851 0.094267
0.962950 0.093676
0.963049 0.093381
0.963149 0.093085
0.963248 0.092790
0.963347 0.092790
0.963447 0.092790
0.963546 0.092494
0.963645 0.092494
0.963745 0.092494
0.963844 0.091608
0.963943 0.091312
0.964043 0.091017
0.964142 0.090130
0.964241 0.089835
0.964341 0.089835
0.964440 0.089835
0.964539 0.089539
0.964639 0.089539
0.964738 0.089539
0.964837 0.089539
0.964937 0.088948
0.965036 0.088061
0.965135 0.088061
0.965235 0.087766
0.965334 0.087766
0.965433 0.087766
0.965532 0.087175
0.965632 0.087175
0.965731 0.087175
0.965830 0.086584
0.965930 0.086584
0.966029 0.086584
0.966128 0.086288
0.966228 0.086288
0.966327 0.085993
0.966426 0.085697
0.966526 0.085697
0.966625 0.085402
0.966724 0.084811
0.966824 0.083924
0.966923 0.083038
0.967022 0.083038
0.967122 0.083038
0.967221 0.082447
0.967320 0.082151
0.967420 0.080674
0.967519 0.079787
0.967618 0.079787
0.967718 0.079787
0.967817 0.079196
0.967916 0.078310
0.968016 0.077719
0.968115 0.076832
0.968214 0.076537
0.968314 0.076241
0.968413 0.075946
0.968512 0.075650
0.968612 0.075355
0.968711 0.075355
0.968810 0.075355
0.968910 0.075059
0.969009 0.074468
0.969108 0.074468
0.969208 0.074468
0.969307 0.074173
0.969406 0.074173
0.969506 0.073582
0.969605 0.073582
0.969704 0.073582
0.969804 0.073582
0.969903 0.072991
0.970002 0.072400
0.970102 0.071809
0.970201 0.071217
0.970300 0.071217
0.970400 0.071217
0.970499 0.070922
0.970598 0.070626
0.970698 0.070626
0.970797 0.070331
0.970896 0.069149
0.970996 0.068558
0.971095 0.068262
0.971194 0.067376
0.971294 0.067376
0.971393 0.066194
0.971492 0.065898
0.971592 0.065307
0.971691 0.065307
0.971790 0.064716
0.971890 0.064421
0.971989 0.063534
0.972088 0.063534
0.972188 0.063534
0.972287 0.063534
0.972386 0.062648
0.972486 0.062352
0.972585 0.062352
0.972684 0.062057
0.972784 0.061466
0.972883 0.061466
0.972982 0.061466
0.973082 0.060875
0.973181 0.060284
0.973280 0.059988
0.973380 0.059397
0.973479 0.058806
0.973578 0.057920
0.973678 0.057033
0.973777 0.056147
0.973876 0.055260
0.973976 0.055260
0.974075 0.055260
0.974174 0.055260
0.974274 0.055260
0.974373 0.054965
0.974472 0.054078
0.974572 0.054078
0.974671 0.054078
0.974770 0.053191
0.974870 0.052600
0.974969 0.052305
0.975068 0.051714
0.975168 0.051714
0.975267 0.051714
0.975366 0.050827
0.975466 0.050532
0.975565 0.049941
0.975664 0.049941
0.975764 0.049941
0.975863 0.049350
0.975962 0.049054
0.976062 0.049054
0.976161 0.048759
0.976260 0.047577
0.976360 0.047281
0.976459 0.047281
0.976558 0.046986
0.976658 0.046395
0.976757 0.046099
0.976856 0.045508
0.976956 0.045213
0.977055 0.044917
0.977154 0.044622
0.977254 0.044031
0.977353 0.044031
0.977452 0.044031
0.977552 0.043735
0.977651 0.043440
0.977750 0.042849
0.977850 0.042258
0.977949 0.041962
0.978048 0.041667
0.978148 0.040485
0.978247 0.040485
0.978346 0.040189
0.978446 0.039894
0.978545 0.039598
0.978644 0.039007
0.978744 0.039007
0.978843 0.039007
0.978942 0.039007
0.979042 0.038712
0.979141 0.038712
0.979240 0.038712
0.979340 0.038121
0.979439 0.037530
0.979538 0.036643
0.979638 0.036052
0.979737 0.035461
0.979836 0.035461
0.979936 0.034870
0.980035 0.034870
0.980134 0.034870
0.980234 0.034574
0.980333 0.033983
0.980432 0.033983
0.980532 0.033392
0.980631 0.033097
0.980730 0.032801
0.980830 0.032210
0.980929 0.031915
0.981028 0.031324
0.981128 0.031028
0.981227 0.030437
0.981326 0.029846
0.981426 0.029551
0.981525 0.029255
0.981624 0.029255
0.981724 0.028664
0.981823 0.027778
0.981922 0.027778
0.982022 0.027482
0.982121 0.026891
0.982220 0.026596
0.982320 0.026596
0.982419 0.026300
0.982518 0.025709
0.982618 0.024527
0.982717 0.024232
0.982816 0.023936
0.982916 0.023641
0.983015 0.023641
0.983114 0.023345
0.983214 0.022754
0.983313 0.022459
0.983412 0.022163
0.983512 0.021572
0.983611 0.021277
0.983710 0.020686
0.983810 0.020390
0.983909 0.020390
0.984008 0.019208
0.984108 0.018617
0.984207 0.018617
0.984306 0.018322
0.984406 0.017730
0.984505 0.017139
0.984604 0.017139
0.984704 0.017139
0.984803 0.016844
0.984902 0.016548
0.985002 0.015957
0.985101 0.015957
0.985200 0.015366
0.985300 0.015366
0.985399 0.015366
0.985498 0.015071
0.985598 0.014480
0.985697 0.014184
0.985796 0.014184
0.985896 0.014184
0.985995 0.014184
0.986094 0.013002
0.986194 0.012707
0.986293 0.012707
0.986392 0.012116
0.986492 0.011820
0.986591 0.011820
0.986690 0.011820
0.986790 0.011525
0.986889 0.011229
0.986988 0.010934
0.987088 0.010638
0.987187 0.010638
0.987286 0.010047
0.987386 0.009161
0.987485 0.009161
0.987584 0.008865
0.987684 0.008865
0.987783 0.008570
0.987882 0.007979
0.987982 0.007979
0.988081 0.007979
0.988180 0.007388
0.988280 0.007388
0.988379 0.007092
0.988478 0.007092
0.988578 0.006797
0.988677 0.006797
0.988776 0.006797
0.988875 0.006501
0.988975 0.006206
0.989074 0.005615
0.989173 0.005615
0.989273 0.005615
0.989372 0.005615
0.989471 0.005319
0.989571 0.005024
0.989670 0.004728
0.989769 0.004728
0.989869 0.004137
0.989968 0.004137
0.990067 0.004137
0.990167 0.003842
0.990266 0.003842
0.990365 0.003842
0.990465 0.003842
0.990564 0.003546
0.990663 0.003251
0.990763 0.002955
0.990862 0.002660
0.990961 0.002660
0.991061 0.002660
0.991160 0.002364
0.991259 0.002069
0.991359 0.002069
0.991458 0.002069
0.991557 0.001773
0.991657 0.001773
0.991756 0.001773
0.991855 0.001773
0.991955 0.001478
0.992054 0.001182
0.992153 0.000887
0.992253 0.000887
0.992352 0.000887
0.992451 0.000591
0.992551 0.000591
0.992650 0.000591
0.992749 0.000591
0.992849 0.000296
0.992948 0.000296
0.993047 0.000296
0.993147 0.000296
0.993246 0.000296
0.993345 0.000296
0.993445 0.000296
0.993544 0.000296
0.993643 0.000296
0.993743 0.000296
0.993842 0.000296
0.993941 0.000000
